airport,object_id,kind,source_layer,label,left,top,right,bottom,width,height,bbox_area,poly_area,perimeter,centroid_x,centroid_y,aspect,num_anchors,subpath_count,closed,filled,fill_kind,fill_r,fill_g,fill_b,stroked,stroke_kind,stroke_r,stroke_g,stroke_b,stroke_width,principal_angle,principal_ratio,longest_segment_angle,longest_segment_length,artboard_left,artboard_top,artboard_right,artboard_bottom,hull_area
aid,0,path,,UNLABELED,211.02,210.11,215.25,204.31,4.23,5.8,24.534,17.8429,13.2021,213.135,207.21,0.7293,7,1,0,1,rgb,207,207,207,0,none,,,,0.0,64.1658,2.3397,0.1352,4.23,0.0,594.0,387.36,0.0,20.4042
aid,1,path,,UNLABELED,218.15,312.08,309.03,246.03,90.88,66.05,6002.6232,445.732,252.0138,263.59,279.055,1.3759,59,1,0,1,rgb,207,207,207,0,none,,,,0.0,151.1388,52.8196,154.9002,74.3289,0.0,594.0,387.36,0.0,1889.5209
aid,2,path,,UNLABELED,39.32,390.99,215.23,300.42,175.91,90.57,15932.1703,2295.413,1477.4176,127.275,345.705,1.9423,1035,1,0,1,rgb,207,207,207,0,none,,,,0.0,156.3882,7.5175,154.9197,83.5362,0.0,594.0,387.36,0.0,10439.3661
aid,3,path,,UNLABELED,314.94,430.9,314.94,361.01,0.0,69.89,0.0,0.0,69.89,314.94,395.955,0.0,2,1,0,0,none,,,,1,rgb,0,0,0,0.39,90.0,1000000.0,90.0,69.89,0.0,594.0,387.36,0.0,0.0
aid,4,path,,UNLABELED,294.83,426.51,314.94,361.01,20.11,65.5,1317.204,0.0,68.5176,304.885,393.76,0.307,2,1,0,0,none,,,,1,rgb,0,0,0,0.39,107.0677,1000000.0,107.0677,68.5176,0.0,594.0,387.36,0.0,0.0
aid,5,path,,UNLABELED,294.83,426.51,297.64,417.36,2.81,9.15,25.7115,8.0799,18.0197,296.235,421.935,0.3071,10,1,0,1,rgb,0,0,0,0,none,,,,0.0,101.4963,27.5404,107.0719,9.5718,0.0,594.0,387.36,0.0,10.0056
aid,6,path,,UNLABELED,312.49,432.56,317.39,421.9,4.9,10.66,52.2343,22.7541,20.4285,314.94,427.23,0.4597,6,1,0,1,rgb,0,0,0,0,none,,,,0.0,90.1158,5.0377,77.4577,4.651,0.0,594.0,387.36,0.0,26.1171
aid,7,path,,UNLABELED,297.19,404.58,301.2,401.64,4.01,2.94,11.7894,2.9816,14.6362,299.195,403.11,1.3639,7,1,0,1,rgb,0,0,0,0,none,,,,0.0,24.982,1.9339,174.7284,4.027,0.0,594.0,387.36,0.0,5.7376
aid,8,compound,,UNLABELED,297.8,400.66,301.85,397.4,4.05,3.26,13.2029,3.564,17.1651,299.825,399.03,1.2423,12,2,0,1,rgb,0,0,0,0,none,,,,0.0,17.1272,1.2307,41.7268,4.0867,0.0,594.0,387.36,0.0,6.3333
aid,9,compound,,UNLABELED,298.89,398.15,302.58,394.98,3.69,3.17,11.6973,3.8132,18.0383,300.735,396.565,1.164,45,2,0,1,rgb,0,0,0,0,none,,,,0.0,19.1688,3.0697,17.1028,3.5364,0.0,594.0,387.36,0.0,7.0582
aid,10,path,,UNLABELED,300.58,392.42,304.44,390.28,3.86,2.14,8.2604,3.036,15.9314,302.51,391.35,1.8037,67,1,0,1,rgb,0,0,0,0,none,,,,0.0,178.2846,2.6029,0.3014,1.9,0.0,594.0,387.36,0.0,6.5798
aid,11,path,,UNLABELED,301.26,389.46,301.78,388.94,0.52,0.52,0.2704,0.2095,1.6333,301.52,389.2,1.0,17,1,0,1,rgb,0,0,0,0,none,,,,0.0,14.3953,1.1113,116.5581,0.1118,0.0,594.0,387.36,0.0,0.2095
aid,12,compound,,UNLABELED,302.05,388.6,305.73,386.16,3.68,2.44,8.9791,3.0345,15.3121,303.89,387.38,1.5082,15,2,0,1,rgb,0,0,0,0,none,,,,0.0,11.3181,2.3608,163.2153,3.8437,0.0,594.0,387.36,0.0,4.9216
aid,13,compound,,UNLABELED,304.46,386.5,306.06,384.9,1.6,1.6,2.56,1.419,7.7097,305.26,385.7,1.0,34,2,0,1,rgb,0,0,0,0,none,,,,0.0,17.7116,1.123,116.5639,0.3354,0.0,594.0,387.36,0.0,1.9838
aid,14,path,,UNLABELED,304.02,382.43,308.55,377.67,4.53,4.76,21.5628,5.3294,25.4557,306.285,380.05,0.9517,11,1,0,1,rgb,0,0,0,0,none,,,,0.0,80.501,1.265,175.068,3.9546,0.0,594.0,387.36,0.0,13.1647
aid,15,compound,,UNLABELED,305.29,342.72,308.44,337.87,3.15,4.85,15.2775,5.7297,22.4383,306.865,340.295,0.6495,98,2,0,1,rgb,0,0,0,0,none,,,,0.0,90.0049,2.634,105.0163,0.4245,0.0,594.0,387.36,0.0,12.1822
aid,16,path,,UNLABELED,309.18,338.55,309.86,337.87,0.68,0.68,0.4624,0.353,2.1208,309.52,338.21,1.0,17,1,0,1,rgb,0,0,0,0,none,,,,0.0,89.4951,1.0976,12.0931,0.1432,0.0,594.0,387.36,0.0,0.353
aid,17,compound,,UNLABELED,310.61,342.72,313.76,337.87,3.15,4.85,15.2775,5.7297,22.4426,312.185,340.295,0.6495,98,2,0,1,rgb,0,0,0,0,none,,,,0.0,89.995,2.633,74.9837,0.4245,0.0,594.0,387.36,0.0,12.1838
aid,18,compound,,UNLABELED,314.25,342.56,316.33,340.49,2.08,2.07,4.3056,2.4164,10.0179,315.29,341.525,1.0048,34,2,0,1,rgb,0,0,0,0,none,,,,0.0,90.1694,1.124,169.4604,0.4374,0.0,594.0,387.36,0.0,3.363
aid,19,path,,UNLABELED,318.28,342.72,324.75,337.78,6.47,4.94,31.9617,9.0345,33.082,321.515,340.25,1.3097,11,1,0,1,rgb,0,0,0,0,none,,,,0.0,153.0439,1.2652,112.0288,5.1456,0.0,594.0,387.36,0.0,22.2296
aid,20,compound,,UNLABELED,276.53,349.09,280.96,344.26,4.43,4.83,21.3969,5.9962,22.3466,278.745,346.675,0.9172,12,2,0,1,rgb,0,0,0,0,none,,,,0.0,90.394,1.2342,114.6848,5.3158,0.0,594.0,387.36,0.0,10.6984
aid,21,path,,UNLABELED,281.35,349.07,285.35,344.07,4.0,5.0,20.0,7.48,27.5182,283.35,346.57,0.8,9,1,0,1,rgb,0,0,0,0,none,,,,0.0,67.6896,1.7624,132.969,4.9882,0.0,594.0,387.36,0.0,19.18
aid,22,path,,UNLABELED,286.16,349.07,290.16,344.07,4.0,5.0,20.0,7.4644,27.5151,288.16,346.57,0.8,9,1,0,1,rgb,0,0,0,0,none,,,,0.0,67.5826,1.7601,132.969,4.9882,0.0,594.0,387.36,0.0,19.18
aid,23,path,,UNLABELED,290.89,348.85,294.29,344.17,3.4,4.68,15.9119,6.0299,22.1157,292.59,346.51,0.7265,51,1,0,1,rgb,0,0,0,0,none,,,,0.0,105.4401,1.3766,90.0,2.9,0.0,594.0,387.36,0.0,14.7242
aid,24,compound,,UNLABELED,294.56,349.09,298.99,344.26,4.43,4.83,21.3969,5.9902,22.3406,296.775,346.675,0.9172,12,2,0,1,rgb,0,0,0,0,none,,,,0.0,89.8879,1.2328,65.3152,5.3158,0.0,594.0,387.36,0.0,10.6984
aid,25,path,,UNLABELED,299.38,348.85,301.38,344.26,2.0,4.59,9.18,3.468,13.18,300.38,346.555,0.4357,7,1,0,1,rgb,0,0,0,0,none,,,,0.0,100.5139,10.2443,90.0,4.59,0.0,594.0,387.36,0.0,6.324
aid,26,compound,,UNLABELED,303.52,348.85,306.42,344.26,2.9,4.59,13.3111,6.3977,23.4523,304.97,346.555,0.6318,45,2,0,1,rgb,0,0,0,0,none,,,,0.0,92.0916,3.0566,90.0,4.59,0.0,594.0,387.36,0.0,11.9055
aid,27,compound,,UNLABELED,306.33,349.09,310.76,344.26,4.43,4.83,21.3969,5.9902,22.3406,308.545,346.675,0.9172,12,2,0,1,rgb,0,0,0,0,none,,,,0.0,89.8879,1.2328,65.3152,5.3158,0.0,594.0,387.36,0.0,10.6984
aid,28,path,,UNLABELED,310.74,348.85,313.53,344.26,2.79,4.59,12.8061,3.8709,14.76,312.135,346.555,0.6078,9,1,0,1,rgb,0,0,0,0,none,,,,0.0,89.2554,3.425,90.0,4.08,0.0,594.0,387.36,0.0,8.3385
aid,29,path,,UNLABELED,313.95,348.85,316.45,344.26,2.5,4.59,11.475,5.5998,21.7,315.2,346.555,0.5447,13,1,0,1,rgb,0,0,0,0,none,,,,0.0,82.4695,2.6576,90.0,4.59,0.0,594.0,387.36,0.0,11.475
aid,30,compound,,UNLABELED,318.57,349.02,323.42,344.17,4.85,4.85,23.5226,7.494,27.0437,320.995,346.595,1.0,114,2,0,1,rgb,0,0,0,0,none,,,,0.0,89.9883,1.072,119.3562,0.3672,0.0,594.0,387.36,0.0,18.5104
aid,31,path,,UNLABELED,323.99,348.85,326.25,344.26,2.26,4.59,10.3734,4.3809,16.92,325.12,346.555,0.4924,11,1,0,1,rgb,0,0,0,0,none,,,,0.0,71.8244,3.903,90.0,4.59,0.0,594.0,387.36,0.0,8.3389
aid,32,path,,UNLABELED,328.41,349.02,332.05,344.17,3.64,4.85,17.6541,5.1091,20.0622,330.23,346.595,0.7505,75,1,0,1,rgb,0,0,0,0,none,,,,0.0,87.318,2.3165,90.0,0.69,0.0,594.0,387.36,0.0,14.8794
aid,33,path,,UNLABELED,332.72,348.85,336.04,344.26,3.32,4.59,15.2388,6.5484,23.98,334.38,346.555,0.7233,13,1,0,1,rgb,0,0,0,0,none,,,,0.0,90.9713,2.0153,90.0,4.59,0.0,594.0,387.36,0.0,15.2388
aid,34,compound,,UNLABELED,336.34,349.09,340.77,344.26,4.43,4.83,21.3969,5.9902,22.3406,338.555,346.675,0.9172,12,2,0,1,rgb,0,0,0,0,none,,,,0.0,89.8879,1.2328,65.3152,5.3158,0.0,594.0,387.36,0.0,10.6984
aid,35,path,,UNLABELED,341.16,349.07,345.16,344.07,4.0,5.0,20.0,7.4644,27.5151,343.16,346.57,0.8,9,1,0,1,rgb,0,0,0,0,none,,,,0.0,67.5826,1.7601,132.969,4.9882,0.0,594.0,387.36,0.0,19.18
aid,36,path,,UNLABELED,345.72,349.02,350.15,344.17,4.43,4.85,21.4855,7.053,26.87,347.935,346.595,0.9134,100,1,0,1,rgb,0,0,0,0,none,,,,0.0,97.4312,1.4413,0.0,1.77,0.0,594.0,387.36,0.0,17.1904
aid,37,path,,UNLABELED,350.76,348.85,353.26,344.26,2.5,4.59,11.475,5.5998,21.7,352.01,346.555,0.5447,13,1,0,1,rgb,0,0,0,0,none,,,,0.0,82.4695,2.6576,90.0,4.59,0.0,594.0,387.36,0.0,11.475
aid,38,path,,UNLABELED,293.7,355.15,295.7,350.47,2.0,4.68,9.36,3.2341,12.3352,294.7,352.81,0.4274,31,1,0,1,rgb,0,0,0,0,none,,,,0.0,77.1078,7.8375,90.0,2.91,0.0,594.0,387.36,0.0,5.8082
aid,39,compound,,UNLABELED,295.96,355.39,300.38,350.56,4.42,4.83,21.3485,5.9873,22.3124,298.17,352.975,0.9151,12,2,0,1,rgb,0,0,0,0,none,,,,0.0,90.2259,1.2406,114.5867,5.3116,0.0,594.0,387.36,0.0,10.6743
aid,40,path,,UNLABELED,300.78,355.37,304.78,350.37,4.0,5.0,20.0,7.4636,27.5151,302.78,352.87,0.8,9,1,0,1,rgb,0,0,0,0,none,,,,0.0,67.6248,1.7603,133.053,4.9951,0.0,594.0,387.36,0.0,19.18
aid,41,path,,UNLABELED,305.5,355.15,308.91,350.47,3.41,4.68,15.9588,6.0844,22.1238,307.205,352.81,0.7286,51,1,0,1,rgb,0,0,0,0,none,,,,0.0,105.6159,1.3755,90.0,2.9,0.0,594.0,387.36,0.0,14.7443
aid,42,compound,,UNLABELED,309.18,355.39,313.61,350.56,4.43,4.83,21.3969,5.9902,22.3406,311.395,352.975,0.9172,12,2,0,1,rgb,0,0,0,0,none,,,,0.0,90.5714,1.2324,114.6848,5.3158,0.0,594.0,387.36,0.0,10.6984
aid,43,compound,,UNLABELED,314.0,355.15,316.9,350.56,2.9,4.59,13.311,6.4488,23.4207,315.45,352.855,0.6318,45,2,0,1,rgb,0,0,0,0,none,,,,0.0,92.1273,3.0638,90.0,4.59,0.0,594.0,387.36,0.0,11.914
aid,44,path,,UNLABELED,316.84,355.15,320.45,350.56,3.61,4.59,16.57,4.3934,16.393,318.645,352.855,0.7865,10,1,0,1,rgb,0,0,0,0,none,,,,0.0,89.5411,3.1509,120.6323,2.9636,0.0,594.0,387.36,0.0,9.662
aid,45,path,,UNLABELED,322.48,355.32,325.42,350.56,2.94,4.76,13.9944,5.2111,20.6884,323.95,352.94,0.6176,47,1,0,1,rgb,0,0,0,0,none,,,,0.0,100.937,1.9493,51.1736,3.2219,0.0,594.0,387.36,0.0,12.9672
aid,46,compound,,UNLABELED,325.9,355.32,329.05,350.47,3.15,4.85,15.2775,5.7333,22.4377,327.475,352.895,0.6495,98,2,0,1,rgb,0,0,0,0,none,,,,0.0,90.0023,2.6279,74.9837,0.4245,0.0,594.0,387.36,0.0,12.1878
aid,47,path,,UNLABELED,329.56,355.32,332.51,350.56,2.95,4.76,14.0419,5.2163,20.7243,331.035,352.94,0.6197,47,1,0,1,rgb,0,0,0,0,none,,,,0.0,100.8709,1.9468,51.0352,3.2282,0.0,594.0,387.36,0.0,13.0023
aid,48,path,,UNLABELED,332.97,355.15,336.05,350.47,3.08,4.68,14.4143,5.1138,20.698,334.51,352.81,0.6581,67,1,0,1,rgb,0,0,0,0,none,,,,0.0,71.2497,2.6018,73.2564,2.4645,0.0,594.0,387.36,0.0,11.1072
aid,49,path,,UNLABELED,18.04,549.11,369.32,44.72,351.28,504.39,177182.1276,177182.1276,1711.34,193.68,296.915,0.6964,5,1,0,0,none,,,,1,rgb,0,0,0,0.39,102.133,2.2278,90.0,504.39,0.0,594.0,387.36,0.0,177182.1276
aid,50,path,,UNLABELED,37.61,369.39,302.61,241.52,265.0,127.87,33885.5487,1530.1869,585.7675,170.11,305.455,2.0724,4,1,0,1,rgb,0,0,0,0,none,,,,0.0,154.9127,3030.0608,154.9058,290.2568,0.0,594.0,387.36,0.0,1530.1869
aid,51,path,,UNLABELED,214.88,387.02,218.93,204.28,4.05,182.74,740.0976,692.4508,369.2906,216.905,295.65,0.0222,4,1,0,1,rgb,0,0,0,0,none,,,,0.0,90.0816,2322.6356,90.1097,182.7404,0.0,594.0,387.36,0.0,692.4508
aid,52,path,,UNLABELED,94.31,386.96,103.39,370.31,9.08,16.65,151.1821,33.8355,36.8276,98.85,378.635,0.5453,4,1,0,1,rgb,0,0,0,0,none,,,,0.0,65.1909,80.8992,65.1974,17.4496,0.0,594.0,387.36,0.0,33.8355
aid,53,path,,UNLABELED,131.41,369.17,141.43,352.48,10.02,16.69,167.2336,56.4505,23.4986,136.42,360.825,0.6004,4,1,0,1,rgb,0,0,0,0,none,,,,0.0,65.4295,24.7753,65.392,16.7624,0.0,594.0,387.36,0.0,56.4505
aid,54,path,,UNLABELED,122.38,373.33,131.09,357.41,8.71,15.92,138.6632,32.5864,20.5381,126.735,365.37,0.5471,4,1,0,1,rgb,0,0,0,0,none,,,,0.0,65.3434,71.6771,65.3477,16.6143,0.0,594.0,387.36,0.0,32.5864
aid,55,path,,UNLABELED,115.66,376.34,124.48,360.41,8.82,15.93,140.5025,32.0703,20.5126,120.07,368.375,0.5537,4,1,0,1,rgb,0,0,0,0,none,,,,0.0,64.901,75.4373,65.0184,16.6695,0.0,594.0,387.36,0.0,32.0703
aid,56,path,,UNLABELED,102.48,382.47,111.32,366.53,8.84,15.94,140.9096,32.748,20.5908,106.9,374.5,0.5546,4,1,0,1,rgb,0,0,0,0,none,,,,0.0,64.9868,72.3161,65.1264,16.666,0.0,594.0,387.36,0.0,32.748
aid,57,path,,UNLABELED,109.11,379.43,117.93,363.37,8.82,16.06,141.6492,33.5694,20.7782,113.52,371.4,0.5492,4,1,0,1,rgb,0,0,0,0,none,,,,0.0,65.3643,70.2801,65.3751,16.7757,0.0,594.0,387.36,0.0,33.5694
aid,58,path,,UNLABELED,169.77,388.04,175.54,382.63,5.77,5.41,31.2157,30.4547,16.8024,172.655,385.335,1.0665,4,1,0,1,rgb,0,0,0,0,none,,,,0.0,170.4562,1.1634,178.8085,5.7713,0.0,594.0,387.36,0.0,30.4547
aid,59,path,,UNLABELED,169.93,381.65,175.49,373.48,5.56,8.17,45.4253,44.5823,19.1008,172.71,377.565,0.6805,4,1,0,1,rgb,0,0,0,0,none,,,,0.0,89.5295,2.1876,89.506,8.1203,0.0,594.0,387.36,0.0,44.5823
aid,60,path,,UNLABELED,169.74,370.82,175.47,360.82,5.73,10.0,57.3,56.514,21.3,172.605,365.82,0.573,4,1,0,1,rgb,0,0,0,0,none,,,,0.0,90.664,3.1124,90.0,9.98,0.0,594.0,387.36,0.0,56.514
aid,61,path,,UNLABELED,144.05,365.44,153.66,358.68,9.61,6.76,64.9636,29.5019,21.4196,148.855,362.06,1.4216,4,1,0,1,rgb,0,0,0,0,none,,,,0.0,155.2199,7.8971,155.0667,9.109,0.0,594.0,387.36,0.0,29.5019
aid,62,path,,UNLABELED,175.05,362.75,176.13,360.79,1.08,1.96,2.1168,2.1168,4.12,175.59,361.77,0.551,4,1,0,1,rgb,0,0,0,0,none,,,,0.0,90.0,3.2936,90.0,1.96,0.0,594.0,387.36,0.0,2.1168
aid,63,path,,UNLABELED,255.18,67.49,258.06,67.49,2.88,0.0,0.0,0.0,2.88,256.62,67.49,0.0,2,1,0,0,none,,,,1,rgb,0,0,0,0.39,0.0,1000000.0,0.0,2.88,0.0,594.0,387.36,0.0,0.0
aid,64,path,,UNLABELED,255.18,100.13,258.06,100.13,2.88,0.0,0.0,0.0,2.88,256.62,100.13,0.0,2,1,0,0,none,,,,1,rgb,0,0,0,0.39,0.0,1000000.0,0.0,2.88,0.0,594.0,387.36,0.0,0.0
aid,65,path,,UNLABELED,255.18,165.41,258.06,165.41,2.88,0.0,0.0,0.0,2.88,256.62,165.41,0.0,2,1,0,0,none,,,,1,rgb,0,0,0,0.39,0.0,1000000.0,0.0,2.88,0.0,594.0,387.36,0.0,0.0
aid,66,path,,UNLABELED,255.18,198.05,258.06,198.05,2.88,0.0,0.0,0.0,2.88,256.62,198.05,0.0,2,1,0,0,none,,,,1,rgb,0,0,0,0.39,0.0,1000000.0,0.0,2.88,0.0,594.0,387.36,0.0,0.0
aid,67,path,,UNLABELED,255.18,230.7,258.06,230.7,2.88,0.0,0.0,0.0,2.88,256.62,230.7,0.0,2,1,0,0,none,,,,1,rgb,0,0,0,0.39,0.0,1000000.0,0.0,2.88,0.0,594.0,387.36,0.0,0.0
aid,68,path,,UNLABELED,255.18,263.34,258.06,263.34,2.88,0.0,0.0,0.0,2.88,256.62,263.34,0.0,2,1,0,0,none,,,,1,rgb,0,0,0,0.39,0.0,1000000.0,0.0,2.88,0.0,594.0,387.36,0.0,0.0
aid,69,path,,UNLABELED,129.87,263.34,132.76,263.34,2.89,0.0,0.0,0.0,2.89,131.315,263.34,0.0,2,1,0,0,none,,,,1,rgb,0,0,0,0.39,0.0,1000000.0,0.0,2.89,0.0,594.0,387.36,0.0,0.0
aid,70,path,,UNLABELED,129.87,230.7,132.76,230.7,2.89,0.0,0.0,0.0,2.89,131.315,230.7,0.0,2,1,0,0,none,,,,1,rgb,0,0,0,0.39,0.0,1000000.0,0.0,2.89,0.0,594.0,387.36,0.0,0.0
aid,71,path,,UNLABELED,129.87,198.05,132.76,198.05,2.89,0.0,0.0,0.0,2.89,131.315,198.05,0.0,2,1,0,0,none,,,,1,rgb,0,0,0,0.39,0.0,1000000.0,0.0,2.89,0.0,594.0,387.36,0.0,0.0
aid,72,path,,UNLABELED,129.87,165.41,132.76,165.41,2.89,0.0,0.0,0.0,2.89,131.315,165.41,0.0,2,1,0,0,none,,,,1,rgb,0,0,0,0.39,0.0,1000000.0,0.0,2.89,0.0,594.0,387.36,0.0,0.0
aid,73,path,,UNLABELED,129.87,100.13,132.76,100.13,2.89,0.0,0.0,0.0,2.89,131.315,100.13,0.0,2,1,0,0,none,,,,1,rgb,0,0,0,0.39,0.0,1000000.0,0.0,2.89,0.0,594.0,387.36,0.0,0.0
aid,74,path,,UNLABELED,129.87,67.49,132.76,67.49,2.89,0.0,0.0,0.0,2.89,131.315,67.49,0.0,2,1,0,0,none,,,,1,rgb,0,0,0,0.39,0.0,1000000.0,0.0,2.89,0.0,594.0,387.36,0.0,0.0
aid,75,path,,UNLABELED,283.14,135.65,283.14,132.77,0.0,2.88,0.0,0.0,2.88,283.14,134.21,0.0,2,1,0,0,none,,,,1,rgb,0,0,0,0.39,90.0,1000000.0,90.0,2.88,0.0,594.0,387.36,0.0,0.0
aid,76,path,,UNLABELED,308.21,135.65,308.21,132.77,0.0,2.88,0.0,0.0,2.88,308.21,134.21,0.0,2,1,0,0,none,,,,1,rgb,0,0,0,0.39,90.0,1000000.0,90.0,2.88,0.0,594.0,387.36,0.0,0.0
aid,77,path,,UNLABELED,232.99,135.65,232.99,132.77,0.0,2.88,0.0,0.0,2.88,232.99,134.21,0.0,2,1,0,0,none,,,,1,rgb,0,0,0,0.39,90.0,1000000.0,90.0,2.88,0.0,594.0,387.36,0.0,0.0
aid,78,path,,UNLABELED,182.84,135.65,182.84,132.77,0.0,2.88,0.0,0.0,2.88,182.84,134.21,0.0,2,1,0,0,none,,,,1,rgb,0,0,0,0.39,90.0,1000000.0,90.0,2.88,0.0,594.0,387.36,0.0,0.0
aid,79,path,,UNLABELED,207.91,135.65,207.91,132.77,0.0,2.88,0.0,0.0,2.88,207.91,134.21,0.0,2,1,0,0,none,,,,1,rgb,0,0,0,0.39,90.0,1000000.0,90.0,2.88,0.0,594.0,387.36,0.0,0.0
aid,80,path,,UNLABELED,157.83,135.65,157.83,132.77,0.0,2.88,0.0,0.0,2.88,157.83,134.21,0.0,2,1,0,0,none,,,,1,rgb,0,0,0,0.39,90.0,1000000.0,90.0,2.88,0.0,594.0,387.36,0.0,0.0
aid,81,path,,UNLABELED,107.68,135.65,107.68,132.77,0.0,2.88,0.0,0.0,2.88,107.68,134.21,0.0,2,1,0,0,none,,,,1,rgb,0,0,0,0.39,90.0,1000000.0,90.0,2.88,0.0,594.0,387.36,0.0,0.0
aid,82,path,,UNLABELED,82.61,135.65,82.61,132.77,0.0,2.88,0.0,0.0,2.88,82.61,134.21,0.0,2,1,0,0,none,,,,1,rgb,0,0,0,0.39,90.0,1000000.0,90.0,2.88,0.0,594.0,387.36,0.0,0.0
aid,83,path,,UNLABELED,57.53,135.65,57.53,132.77,0.0,2.88,0.0,0.0,2.88,57.53,134.21,0.0,2,1,0,0,none,,,,1,rgb,0,0,0,0.39,90.0,1000000.0,90.0,2.88,0.0,594.0,387.36,0.0,0.0
aid,84,path,,UNLABELED,32.46,135.65,32.46,132.77,0.0,2.88,0.0,0.0,2.88,32.46,134.21,0.0,2,1,0,0,none,,,,1,rgb,0,0,0,0.39,90.0,1000000.0,90.0,2.88,0.0,594.0,387.36,0.0,0.0
aid,85,path,,UNLABELED,32.53,298.86,32.53,295.98,0.0,2.88,0.0,0.0,2.88,32.53,297.42,0.0,2,1,0,0,none,,,,1,rgb,0,0,0,0.39,90.0,1000000.0,90.0,2.88,0.0,594.0,387.36,0.0,0.0
aid,86,path,,UNLABELED,57.53,298.86,57.53,295.98,0.0,2.88,0.0,0.0,2.88,57.53,297.42,0.0,2,1,0,0,none,,,,1,rgb,0,0,0,0.39,90.0,1000000.0,90.0,2.88,0.0,594.0,387.36,0.0,0.0
aid,87,path,,UNLABELED,82.61,298.86,82.61,295.98,0.0,2.88,0.0,0.0,2.88,82.61,297.42,0.0,2,1,0,0,none,,,,1,rgb,0,0,0,0.39,90.0,1000000.0,90.0,2.88,0.0,594.0,387.36,0.0,0.0
aid,88,path,,UNLABELED,107.68,298.86,107.68,295.98,0.0,2.88,0.0,0.0,2.88,107.68,297.42,0.0,2,1,0,0,none,,,,1,rgb,0,0,0,0.39,90.0,1000000.0,90.0,2.88,0.0,594.0,387.36,0.0,0.0
aid,89,path,,UNLABELED,157.83,298.86,157.83,295.98,0.0,2.88,0.0,0.0,2.88,157.83,297.42,0.0,2,1,0,0,none,,,,1,rgb,0,0,0,0.39,90.0,1000000.0,90.0,2.88,0.0,594.0,387.36,0.0,0.0
aid,90,path,,UNLABELED,182.84,298.86,182.84,295.98,0.0,2.88,0.0,0.0,2.88,182.84,297.42,0.0,2,1,0,0,none,,,,1,rgb,0,0,0,0.39,90.0,1000000.0,90.0,2.88,0.0,594.0,387.36,0.0,0.0
aid,91,path,,UNLABELED,207.91,298.86,207.91,295.98,0.0,2.88,0.0,0.0,2.88,207.91,297.42,0.0,2,1,0,0,none,,,,1,rgb,0,0,0,0.39,90.0,1000000.0,90.0,2.88,0.0,594.0,387.36,0.0,0.0
aid,92,path,,UNLABELED,232.99,298.86,232.99,295.98,0.0,2.88,0.0,0.0,2.88,232.99,297.42,0.0,2,1,0,0,none,,,,1,rgb,0,0,0,0.39,90.0,1000000.0,90.0,2.88,0.0,594.0,387.36,0.0,0.0
aid,93,path,,UNLABELED,283.14,298.86,283.14,295.98,0.0,2.88,0.0,0.0,2.88,283.14,297.42,0.0,2,1,0,0,none,,,,1,rgb,0,0,0,0.39,90.0,1000000.0,90.0,2.88,0.0,594.0,387.36,0.0,0.0
aid,94,path,,UNLABELED,308.14,298.86,308.14,295.98,0.0,2.88,0.0,0.0,2.88,308.14,297.42,0.0,2,1,0,0,none,,,,1,rgb,0,0,0,0.39,90.0,1000000.0,90.0,2.88,0.0,594.0,387.36,0.0,0.0
aid,95,path,,UNLABELED,360.91,295.98,369.32,295.98,8.41,0.0,0.0,0.0,8.41,365.115,295.98,0.0,2,1,0,0,none,,,,1,rgb,0,0,0,0.39,0.0,1000000.0,0.0,8.41,0.0,594.0,387.36,0.0,0.0
aid,96,path,,UNLABELED,361.0,132.77,369.32,132.77,8.32,0.0,0.0,0.0,8.32,365.16,132.77,0.0,2,1,0,0,none,,,,1,rgb,0,0,0,0.39,0.0,1000000.0,0.0,8.32,0.0,594.0,387.36,0.0,0.0
aid,97,path,,UNLABELED,18.04,132.77,329.3,132.77,311.26,0.0,0.0,0.0,311.26,173.67,132.77,0.0,4,1,0,0,none,,,,1,rgb,0,0,0,0.39,0.0,1000000.0,0.0,125.3,0.0,594.0,387.36,0.0,0.0
aid,98,path,,UNLABELED,18.04,295.98,329.39,295.98,311.35,0.0,0.0,0.0,311.35,173.715,295.98,0.0,4,1,0,0,none,,,,1,rgb,0,0,0,0.39,0.0,1000000.0,0.0,125.3,0.0,594.0,387.36,0.0,0.0
aid,99,path,,UNLABELED,258.06,49.01,258.06,44.72,0.0,4.29,0.0,0.0,4.29,258.06,46.865,0.0,2,1,0,0,none,,,,1,rgb,0,0,0,0.39,90.0,1000000.0,90.0,4.29,0.0,594.0,387.36,0.0,0.0
aid,100,path,,UNLABELED,255.18,328.55,258.06,328.55,2.88,0.0,0.0,0.0,2.88,256.62,328.55,0.0,2,1,0,0,none,,,,1,rgb,0,0,0,0.39,0.0,1000000.0,0.0,2.88,0.0,594.0,387.36,0.0,0.0
aid,101,path,,UNLABELED,255.18,361.19,258.06,361.19,2.88,0.0,0.0,0.0,2.88,256.62,361.19,0.0,2,1,0,0,none,,,,1,rgb,0,0,0,0.39,0.0,1000000.0,0.0,2.88,0.0,594.0,387.36,0.0,0.0
aid,102,path,,UNLABELED,255.18,393.83,258.06,393.83,2.88,0.0,0.0,0.0,2.88,256.62,393.83,0.0,2,1,0,0,none,,,,1,rgb,0,0,0,0.39,0.0,1000000.0,0.0,2.88,0.0,594.0,387.36,0.0,0.0
aid,103,path,,UNLABELED,255.18,426.47,258.06,426.47,2.88,0.0,0.0,0.0,2.88,256.62,426.47,0.0,2,1,0,0,none,,,,1,rgb,0,0,0,0.39,0.0,1000000.0,0.0,2.88,0.0,594.0,387.36,0.0,0.0
aid,104,path,,UNLABELED,255.18,491.75,258.06,491.75,2.88,0.0,0.0,0.0,2.88,256.62,491.75,0.0,2,1,0,0,none,,,,1,rgb,0,0,0,0.39,0.0,1000000.0,0.0,2.88,0.0,594.0,387.36,0.0,0.0
aid,105,path,,UNLABELED,255.18,524.39,258.06,524.39,2.88,0.0,0.0,0.0,2.88,256.62,524.39,0.0,2,1,0,0,none,,,,1,rgb,0,0,0,0.39,0.0,1000000.0,0.0,2.88,0.0,594.0,387.36,0.0,0.0
aid,106,path,,UNLABELED,129.87,524.39,132.76,524.39,2.89,0.0,0.0,0.0,2.89,131.315,524.39,0.0,2,1,0,0,none,,,,1,rgb,0,0,0,0.39,0.0,1000000.0,0.0,2.89,0.0,594.0,387.36,0.0,0.0
aid,107,path,,UNLABELED,129.87,491.75,132.76,491.75,2.89,0.0,0.0,0.0,2.89,131.315,491.75,0.0,2,1,0,0,none,,,,1,rgb,0,0,0,0.39,0.0,1000000.0,0.0,2.89,0.0,594.0,387.36,0.0,0.0
aid,108,path,,UNLABELED,129.87,426.47,132.76,426.47,2.89,0.0,0.0,0.0,2.89,131.315,426.47,0.0,2,1,0,0,none,,,,1,rgb,0,0,0,0.39,0.0,1000000.0,0.0,2.89,0.0,594.0,387.36,0.0,0.0
aid,109,path,,UNLABELED,129.87,393.83,132.76,393.83,2.89,0.0,0.0,0.0,2.89,131.315,393.83,0.0,2,1,0,0,none,,,,1,rgb,0,0,0,0.39,0.0,1000000.0,0.0,2.89,0.0,594.0,387.36,0.0,0.0
aid,110,path,,UNLABELED,129.87,361.19,132.76,361.19,2.89,0.0,0.0,0.0,2.89,131.315,361.19,0.0,2,1,0,0,none,,,,1,rgb,0,0,0,0.39,0.0,1000000.0,0.0,2.89,0.0,594.0,387.36,0.0,0.0
aid,111,path,,UNLABELED,129.87,328.55,132.76,328.55,2.89,0.0,0.0,0.0,2.89,131.315,328.55,0.0,2,1,0,0,none,,,,1,rgb,0,0,0,0.39,0.0,1000000.0,0.0,2.89,0.0,594.0,387.36,0.0,0.0
aid,112,path,,UNLABELED,308.14,461.99,308.14,459.11,0.0,2.88,0.0,0.0,2.88,308.14,460.55,0.0,2,1,0,0,none,,,,1,rgb,0,0,0,0.39,90.0,1000000.0,90.0,2.88,0.0,594.0,387.36,0.0,0.0
aid,113,path,,UNLABELED,283.07,461.99,283.07,459.11,0.0,2.88,0.0,0.0,2.88,283.07,460.55,0.0,2,1,0,0,none,,,,1,rgb,0,0,0,0.39,90.0,1000000.0,90.0,2.88,0.0,594.0,387.36,0.0,0.0
aid,114,path,,UNLABELED,232.99,461.99,232.99,459.11,0.0,2.88,0.0,0.0,2.88,232.99,460.55,0.0,2,1,0,0,none,,,,1,rgb,0,0,0,0.39,90.0,1000000.0,90.0,2.88,0.0,594.0,387.36,0.0,0.0
aid,115,path,,UNLABELED,207.91,461.99,207.91,459.11,0.0,2.88,0.0,0.0,2.88,207.91,460.55,0.0,2,1,0,0,none,,,,1,rgb,0,0,0,0.39,90.0,1000000.0,90.0,2.88,0.0,594.0,387.36,0.0,0.0
aid,116,path,,UNLABELED,182.84,461.99,182.84,459.11,0.0,2.88,0.0,0.0,2.88,182.84,460.55,0.0,2,1,0,0,none,,,,1,rgb,0,0,0,0.39,90.0,1000000.0,90.0,2.88,0.0,594.0,387.36,0.0,0.0
aid,117,path,,UNLABELED,157.83,461.99,157.83,459.11,0.0,2.88,0.0,0.0,2.88,157.83,460.55,0.0,2,1,0,0,none,,,,1,rgb,0,0,0,0.39,90.0,1000000.0,90.0,2.88,0.0,594.0,387.36,0.0,0.0
aid,118,path,,UNLABELED,107.68,461.99,107.68,459.11,0.0,2.88,0.0,0.0,2.88,107.68,460.55,0.0,2,1,0,0,none,,,,1,rgb,0,0,0,0.39,90.0,1000000.0,90.0,2.88,0.0,594.0,387.36,0.0,0.0
aid,119,path,,UNLABELED,82.61,461.99,82.61,459.11,0.0,2.88,0.0,0.0,2.88,82.61,460.55,0.0,2,1,0,0,none,,,,1,rgb,0,0,0,0.39,90.0,1000000.0,90.0,2.88,0.0,594.0,387.36,0.0,0.0
aid,120,path,,UNLABELED,57.6,461.99,57.6,459.11,0.0,2.88,0.0,0.0,2.88,57.6,460.55,0.0,2,1,0,0,none,,,,1,rgb,0,0,0,0.39,90.0,1000000.0,90.0,2.88,0.0,594.0,387.36,0.0,0.0
aid,121,path,,UNLABELED,32.53,461.99,32.53,459.11,0.0,2.88,0.0,0.0,2.88,32.53,460.55,0.0,2,1,0,0,none,,,,1,rgb,0,0,0,0.39,90.0,1000000.0,90.0,2.88,0.0,594.0,387.36,0.0,0.0
aid,122,path,,UNLABELED,18.04,459.11,329.42,459.11,311.38,0.0,0.0,0.0,311.38,173.73,459.11,0.0,4,1,0,0,none,,,,1,rgb,0,0,0,0.39,0.0,1000000.0,0.0,125.3,0.0,594.0,387.36,0.0,0.0
aid,123,path,,UNLABELED,360.94,459.11,369.32,459.11,8.38,0.0,0.0,0.0,8.38,365.13,459.11,0.0,2,1,0,0,none,,,,1,rgb,0,0,0,0.39,0.0,1000000.0,0.0,8.38,0.0,594.0,387.36,0.0,0.0
aid,124,path,,UNLABELED,190.47,327.11,193.28,324.3,2.81,2.81,7.8961,7.8961,8.43,191.875,325.705,1.0,4,1,0,1,rgb,0,0,0,0,none,,,,0.0,0.0,1.0,90.0,2.81,0.0,594.0,387.36,0.0,7.8961
aid,125,path,,UNLABELED,73.31,358.74,76.63,356.79,3.32,1.95,6.474,2.0335,4.7035,74.97,357.765,1.7026,4,1,0,1,rgb,0,0,0,0,none,,,,0.0,155.9578,10.4369,145.2413,3.4203,0.0,594.0,387.36,0.0,2.113
aid,126,path,,UNLABELED,264.98,268.31,268.29,266.29,3.31,2.02,6.6862,2.1616,4.791,266.635,267.3,1.6386,4,1,0,1,rgb,0,0,0,0,none,,,,0.0,154.9115,8.8266,143.6014,3.4041,0.0,594.0,387.36,0.0,2.2608
aid,127,path,,UNLABELED,220.16,388.14,223.62,386.84,3.46,1.3,4.498,2.18,4.8028,221.89,387.49,2.6615,4,1,0,1,rgb,0,0,0,0,none,,,,0.0,8.3596,9.4252,177.683,3.4628,0.0,594.0,387.36,0.0,2.2287
aid,128,path,,UNLABELED,223.25,388.31,229.5,387.41,6.25,0.9,5.625,0.0,6.3145,226.375,387.86,6.9445,2,1,0,0,none,,,,1,rgb,0,0,0,0.39,8.1942,1000000.0,8.1942,6.3145,0.0,594.0,387.36,0.0,0.0
aid,129,path,,UNLABELED,210.14,254.62,211.44,251.23,1.3,3.39,4.407,2.106,4.7859,210.79,252.925,0.3835,4,1,0,1,rgb,0,0,0,0,none,,,,0.0,90.0,9.9194,79.146,3.4518,0.0,594.0,387.36,0.0,2.2035
aid,130,path,,UNLABELED,298.21,257.38,302.7,249.61,4.49,7.77,34.8872,13.2966,10.1273,300.455,253.495,0.5779,5,1,0,0,none,,,,1,rgb,0,0,0,0.42,64.9646,10.0516,21.5075,2.5366,0.0,594.0,387.36,0.0,13.2966
aid,131,path,,UNLABELED,299.07,257.38,303.56,249.61,4.49,7.77,34.8872,13.325,10.1332,301.315,253.495,0.5779,5,1,0,0,none,,,,1,rgb,0,0,0,0.42,64.9922,10.0108,108.3633,2.5393,0.0,594.0,387.36,0.0,13.325
aid,132,path,,UNLABELED,294.58,249.61,299.07,241.84,4.49,7.77,34.8872,13.2965,10.1273,296.825,245.725,0.5779,5,1,0,0,none,,,,1,rgb,0,0,0,0.42,64.9645,10.0518,21.5078,2.5366,0.0,594.0,387.36,0.0,13.2965
aid,133,path,,UNLABELED,290.95,241.84,295.44,234.07,4.49,7.77,34.8872,13.2966,10.1273,293.195,237.955,0.5779,5,1,0,0,none,,,,1,rgb,0,0,0,0.42,64.9646,10.0516,21.5075,2.5366,0.0,594.0,387.36,0.0,13.2966
aid,134,path,,UNLABELED,295.44,249.61,299.93,241.84,4.49,7.77,34.8872,13.3165,10.1314,297.685,245.725,0.5779,5,1,0,0,none,,,,1,rgb,0,0,0,0.42,64.9849,10.0507,50.5995,2.5365,0.0,594.0,387.36,0.0,13.3165
aid,135,path,,UNLABELED,291.81,241.84,296.3,234.07,4.49,7.77,34.8872,13.3163,10.1314,294.055,237.955,0.5779,5,1,0,0,none,,,,1,rgb,0,0,0,0.42,64.9847,10.0509,50.5989,2.5365,0.0,594.0,387.36,0.0,13.3163
aid,136,path,,UNLABELED,220.88,222.59,229.45,220.2,8.57,2.39,20.4824,13.3085,10.1264,225.165,221.395,3.5858,5,1,0,0,none,,,,1,rgb,0,0,0,0.42,0.1286,10.0197,136.5999,2.5325,0.0,594.0,387.36,0.0,13.3085
aid,137,path,,UNLABELED,220.88,220.22,229.45,217.83,8.57,2.39,20.4822,13.3084,10.1264,225.165,219.025,3.5858,5,1,0,0,none,,,,1,rgb,0,0,0,0.42,0.1285,10.02,136.6001,2.5324,0.0,594.0,387.36,0.0,13.3084
aid,138,path,,UNLABELED,212.31,222.57,220.88,220.18,8.57,2.39,20.4822,13.3084,10.1264,216.595,221.375,3.5858,5,1,0,0,none,,,,1,rgb,0,0,0,0.42,0.1285,10.02,136.6001,2.5324,0.0,594.0,387.36,0.0,13.3084
aid,139,path,,UNLABELED,203.73,222.55,212.31,220.17,8.58,2.38,20.4204,13.2953,10.1292,208.02,221.36,3.605,5,1,0,0,none,,,,1,rgb,0,0,0,0.42,0.0648,10.0963,165.6353,2.5394,0.0,594.0,387.36,0.0,13.2953
aid,140,path,,UNLABELED,212.31,220.2,220.88,217.81,8.57,2.39,20.4824,13.3204,10.1289,216.595,219.005,3.5858,5,1,0,0,none,,,,1,rgb,0,0,0,0.42,0.1359,10.0299,165.6353,2.5394,0.0,594.0,387.36,0.0,13.3204
aid,141,path,,UNLABELED,203.73,220.18,212.31,217.79,8.58,2.39,20.5063,13.2834,10.1268,208.02,218.985,3.5899,5,1,0,0,none,,,,1,rgb,0,0,0,0.42,0.0878,10.0862,43.4004,2.5324,0.0,594.0,387.36,0.0,13.2834
aid,142,path,,UNLABELED,258.06,549.11,258.06,129.36,0.0,419.75,0.0,0.0,419.75,258.06,339.235,0.0,5,1,0,0,none,,,,1,rgb,0,0,0,0.39,90.0,1000000.0,90.0,163.21,0.0,594.0,387.36,0.0,0.0
aid,143,path,,UNLABELED,203.49,370.99,212.06,368.61,8.57,2.38,20.3967,13.2866,10.122,207.775,369.8,3.6008,5,1,0,0,none,,,,1,rgb,0,0,0,0.42,0.08,10.0785,165.6353,2.5394,0.0,594.0,387.36,0.0,13.2866
aid,144,path,,UNLABELED,203.49,373.37,212.06,370.98,8.57,2.39,20.4823,13.2747,10.1195,207.775,372.175,3.5858,5,1,0,0,none,,,,1,rgb,0,0,0,0.42,0.0727,10.0685,136.5999,2.5324,0.0,594.0,387.36,0.0,13.2747
aid,145,path,,UNLABELED,212.06,371.01,220.63,368.62,8.57,2.39,20.4823,13.2839,10.1215,216.345,369.815,3.5858,5,1,0,0,none,,,,1,rgb,0,0,0,0.42,0.1286,10.0697,136.5999,2.5324,0.0,594.0,387.36,0.0,13.2839
aid,146,path,,UNLABELED,220.63,371.03,229.21,368.64,8.58,2.39,20.5062,13.329,10.1361,224.92,369.835,3.59,5,1,0,0,none,,,,1,rgb,0,0,0,0.42,0.1206,10.0476,165.6353,2.5394,0.0,594.0,387.36,0.0,13.329
aid,147,path,,UNLABELED,212.06,373.38,220.63,370.99,8.57,2.39,20.4823,13.3084,10.1264,216.345,372.185,3.5858,5,1,0,0,none,,,,1,rgb,0,0,0,0.42,0.1286,10.0199,136.6004,2.5324,0.0,594.0,387.36,0.0,13.3084
aid,148,path,,UNLABELED,220.63,373.4,229.21,371.01,8.58,2.39,20.5062,13.3171,10.1337,224.92,372.205,3.59,5,1,0,0,none,,,,1,rgb,0,0,0,0.42,0.1439,10.0377,43.564,2.5393,0.0,594.0,387.36,0.0,13.3171
aid,149,path,,UNLABELED,125.41,381.87,128.29,378.99,2.88,2.88,8.2944,2.1552,4.8349,126.85,380.43,1.0,4,1,0,1,rgb,0,0,0,0,none,,,,0.0,135.0515,9.7092,124.1012,3.4781,0.0,594.0,387.36,0.0,2.2557
aid,150,path,,UNLABELED,125.41,381.87,128.29,378.99,2.88,2.88,8.2944,2.1552,4.8349,126.85,380.43,1.0,4,1,0,1,rgb,0,0,0,0,none,,,,0.0,135.0515,9.7092,124.1012,3.4781,0.0,594.0,387.36,0.0,2.2557
aid,151,path,,UNLABELED,104.8,393.11,106.82,389.72,2.02,3.39,6.8478,2.1141,4.7949,105.81,391.415,0.5959,4,1,0,1,rgb,0,0,0,0,none,,,,0.0,65.2899,10.1337,54.2891,3.4607,0.0,594.0,387.36,0.0,2.2156
aid,152,path,,UNLABELED,106.2,398.42,108.85,392.75,2.65,5.67,15.0255,0.0,6.2587,107.525,395.585,0.4674,2,1,0,0,none,,,,1,rgb,0,0,0,0.39,64.9499,1000000.0,64.9499,6.2587,0.0,594.0,387.36,0.0,0.0
aid,153,path,,UNLABELED,108.85,398.42,125.96,381.3,17.11,17.12,292.9231,0.0,24.2043,117.405,389.86,0.9994,2,1,0,0,none,,,,1,rgb,0,0,0,0.39,134.9833,1000000.0,134.9833,24.2043,0.0,594.0,387.36,0.0,0.0
aid,154,path,,UNLABELED,155.45,363.71,160.71,358.81,5.26,4.9,25.7739,11.9361,15.7984,158.08,361.26,1.0735,10,1,0,1,rgb,0,0,0,0,none,,,,0.0,176.5384,1.0437,85.5526,1.8054,0.0,594.0,387.36,0.0,17.6545
aid,155,path,,UNLABELED,157.17,362.03,159.11,360.09,1.94,1.94,3.7636,2.6578,5.9355,158.14,361.06,1.0,9,1,0,1,rgb,255,255,255,0,none,,,,0.0,0.1508,1.2237,22.7971,0.7485,0.0,594.0,387.36,0.0,2.6578
aid,156,path,,UNLABELED,81.02,339.14,84.34,337.19,3.32,1.95,6.474,2.0335,4.7035,82.68,338.165,1.7026,4,1,0,1,rgb,0,0,0,0,none,,,,0.0,155.9578,10.4366,145.2413,3.4203,0.0,594.0,387.36,0.0,2.113
aid,157,path,,UNLABELED,35.34,362.99,37.07,359.6,1.73,3.39,5.8647,2.0859,4.7489,36.205,361.295,0.5103,4,1,0,1,rgb,0,0,0,0,none,,,,0.0,70.5329,9.8083,59.6109,3.4199,0.0,594.0,387.36,0.0,2.1801
aid,158,path,,UNLABELED,33.64,359.9,36.08,353.27,2.44,6.63,16.1772,0.0,7.0647,34.86,356.585,0.368,2,1,0,0,none,,,,1,rgb,0,0,0,0.39,69.7952,1000000.0,69.7952,7.0647,0.0,594.0,387.36,0.0,0.0
aid,159,path,,UNLABELED,210.29,339.93,211.51,336.55,1.22,3.38,4.1236,1.9764,4.6919,210.9,338.24,0.3609,4,1,0,1,rgb,0,0,0,0,none,,,,0.0,89.6021,11.2077,79.2781,3.4401,0.0,594.0,387.36,0.0,2.0618
aid,160,path,,UNLABELED,299.21,240.21,300.57,236.82,1.36,3.39,4.6104,2.1633,4.8398,299.89,238.515,0.4012,4,1,0,1,rgb,0,0,0,0,none,,,,0.0,86.6364,8.8113,75.4778,3.4296,0.0,594.0,387.36,0.0,2.2877
aid,161,path,,UNLABELED,299.36,236.99,299.82,228.94,0.46,8.05,3.7029,0.0,8.0631,299.59,232.965,0.0571,2,1,0,0,none,,,,1,rgb,0,0,0,0.39,86.7296,1000000.0,86.7296,8.0631,0.0,594.0,387.36,0.0,0.0
aid,162,path,,UNLABELED,220.52,207.71,223.62,205.26,3.1,2.45,7.5951,2.0466,4.7394,222.07,206.485,1.2653,4,1,0,1,rgb,0,0,0,0,none,,,,0.0,34.9934,9.5988,23.8422,3.3892,0.0,594.0,387.36,0.0,2.1672
aid,163,path,,UNLABELED,223.22,211.66,229.85,207.08,6.63,4.58,30.3653,0.0,8.0581,226.535,209.37,1.4476,2,1,0,0,none,,,,1,rgb,0,0,0,0.39,34.6366,1000000.0,34.6366,8.0581,0.0,594.0,387.36,0.0,0.0
aid,164,path,,UNLABELED,67.09,361.06,73.57,358.13,6.48,2.93,18.9864,0.0,7.1116,70.33,359.595,2.2116,2,1,0,0,none,,,,1,rgb,0,0,0,0.39,155.6695,1000000.0,155.6695,7.1116,0.0,594.0,387.36,0.0,0.0
aid,165,path,,UNLABELED,74.91,341.44,81.38,338.51,6.47,2.93,18.9571,0.0,7.1025,78.145,339.975,2.2082,2,1,0,0,none,,,,1,rgb,0,0,0,0.39,155.6362,1000000.0,155.6362,7.1025,0.0,594.0,387.36,0.0,0.0
aid,166,path,,UNLABELED,267.93,266.92,274.41,263.99,6.48,2.93,18.9864,0.0,7.1116,271.17,265.455,2.2116,2,1,0,0,none,,,,1,rgb,0,0,0,0.39,155.6695,1000000.0,155.6695,7.1116,0.0,594.0,387.36,0.0,0.0
aid,167,path,,UNLABELED,210.64,251.51,210.72,245.96,0.08,5.55,0.444,0.0,5.5506,210.68,248.735,0.0144,2,1,0,0,none,,,,1,rgb,0,0,0,0.39,89.1742,1000000.0,89.1742,5.5506,0.0,594.0,387.36,0.0,0.0
aid,168,path,,UNLABELED,258.06,107.49,258.06,61.58,0.0,45.91,0.0,0.0,45.91,258.06,84.535,0.0,2,1,0,0,none,,,,1,rgb,0,0,0,0.39,90.0,1000000.0,90.0,45.91,0.0,594.0,387.36,0.0,0.0
aid,169,path,,UNLABELED,210.87,346.88,210.97,339.77,0.1,7.11,0.711,0.0,7.1107,210.92,343.325,0.0141,2,1,0,0,none,,,,1,rgb,0,0,0,0.39,89.1942,1000000.0,89.1942,7.1107,0.0,594.0,387.36,0.0,0.0
aid,170,path,,UNLABELED,299.1,245.49,301.3,243.29,2.2,2.2,4.8401,3.41,6.7232,300.2,244.39,1.0,9,1,0,1,rgb,255,255,255,0,none,,,,0.0,0.1327,1.2241,22.9332,0.8469,0.0,594.0,387.36,0.0,3.41
aid,171,path,,UNLABELED,132.76,49.01,132.76,44.72,0.0,4.29,0.0,0.0,4.29,132.76,46.865,0.0,2,1,0,0,none,,,,1,rgb,0,0,0,0.39,90.0,1000000.0,90.0,4.29,0.0,594.0,387.36,0.0,0.0
aid,172,path,,UNLABELED,132.76,107.49,132.76,61.58,0.0,45.91,0.0,0.0,45.91,132.76,84.535,0.0,2,1,0,0,none,,,,1,rgb,0,0,0,0.39,90.0,1000000.0,90.0,45.91,0.0,594.0,387.36,0.0,0.0
aid,173,path,,UNLABELED,132.76,549.11,132.76,129.36,0.0,419.75,0.0,0.0,419.75,132.76,339.235,0.0,5,1,0,0,none,,,,1,rgb,0,0,0,0.39,90.0,1000000.0,90.0,163.21,0.0,594.0,387.36,0.0,0.0
aid,174,path,,UNLABELED,84.48,109.93,287.39,109.93,202.91,0.0,0.0,0.0,202.91,185.935,109.93,0.0,2,1,0,0,none,,,,1,rgb,0,0,0,0.42,0.0,1000000.0,0.0,202.91,0.0,594.0,387.36,0.0,0.0
aid,175,path,,UNLABELED,52.45,124.58,56.38,119.35,3.93,5.23,20.5538,5.9248,21.6126,54.415,121.965,0.7514,75,1,0,1,rgb,0,0,0,0,none,,,,0.0,87.3235,2.3156,90.0,0.73,0.0,594.0,387.36,0.0,17.2844
aid,176,compound,,UNLABELED,56.54,124.65,61.31,119.44,4.77,5.21,24.8517,6.9773,24.073,58.925,122.045,0.9155,12,2,0,1,rgb,0,0,0,0,none,,,,0.0,89.9572,1.2393,65.3575,5.732,0.0,594.0,387.36,0.0,12.4258
aid,177,path,,UNLABELED,61.64,124.39,65.31,119.35,3.67,5.04,18.4968,7.0308,23.8299,63.475,121.87,0.7282,51,1,0,1,rgb,0,0,0,0,none,,,,0.0,105.4843,1.3739,90.0,3.13,0.0,594.0,387.36,0.0,17.1104
aid,178,path,,UNLABELED,65.7,124.39,68.71,119.44,3.01,4.95,14.8995,4.4715,15.92,67.205,121.915,0.6081,9,1,0,1,rgb,0,0,0,0,none,,,,0.0,89.2675,3.4264,90.0,4.4,0.0,594.0,387.36,0.0,9.6855
aid,179,path,,UNLABELED,69.16,124.39,69.8,119.44,0.64,4.95,3.168,3.168,11.18,69.48,121.915,0.1293,5,1,0,1,rgb,0,0,0,0,none,,,,0.0,88.7452,61.5882,90.0,4.95,0.0,594.0,387.36,0.0,3.168
aid,180,compound,,UNLABELED,70.32,124.58,75.55,119.35,5.23,5.23,27.353,8.6941,29.1307,72.935,121.965,1.0,114,2,0,1,rgb,0,0,0,0,none,,,,0.0,90.1433,1.0723,118.4955,0.3983,0.0,594.0,387.36,0.0,21.4779
aid,181,path,,UNLABELED,76.16,124.63,80.47,119.24,4.31,5.39,23.2309,8.6898,29.6593,78.315,121.935,0.7996,9,1,0,1,rgb,0,0,0,0,none,,,,0.0,67.709,1.7646,133.0405,5.3772,0.0,594.0,387.36,0.0,22.2827
aid,182,path,,UNLABELED,81.43,120.08,82.16,119.35,0.73,0.73,0.5329,0.4089,2.2826,81.795,119.715,1.0,17,1,0,1,rgb,0,0,0,0,none,,,,0.0,89.9086,1.0992,101.3105,0.153,0.0,594.0,387.36,0.0,0.4089
aid,183,path,,UNLABELED,81.43,122.74,82.16,122.01,0.73,0.73,0.5329,0.4078,2.2793,81.795,122.375,1.0,17,1,0,1,rgb,0,0,0,0,none,,,,0.0,89.8625,1.0955,56.3175,0.1442,0.0,594.0,387.36,0.0,0.4078
aid,184,compound,,UNLABELED,85.15,124.39,88.0,119.44,2.85,4.95,14.1075,7.6625,25.464,86.575,121.915,0.5758,77,3,0,1,rgb,0,0,0,0,none,,,,0.0,96.1322,4.6718,90.0,4.95,0.0,594.0,387.36,0.0,12.1899
aid,185,path,,UNLABELED,88.69,124.39,91.38,119.44,2.69,4.95,13.3155,6.5175,23.36,90.035,121.915,0.5434,13,1,0,1,rgb,0,0,0,0,none,,,,0.0,82.4849,2.6734,90.0,4.95,0.0,594.0,387.36,0.0,13.3155
aid,186,compound,,UNLABELED,93.48,124.65,98.25,119.44,4.77,5.21,24.8516,6.9773,24.073,95.865,122.045,0.9155,12,2,0,1,rgb,0,0,0,0,none,,,,0.0,89.9572,1.2393,65.3575,5.732,0.0,594.0,387.36,0.0,12.4258
aid,187,path,,UNLABELED,98.67,124.39,100.83,119.44,2.16,4.95,10.692,4.048,14.22,99.75,121.915,0.4364,7,1,0,1,rgb,0,0,0,0,none,,,,0.0,100.5203,10.2166,90.0,4.95,0.0,594.0,387.36,0.0,7.37
aid,188,path,,UNLABELED,101.22,124.39,103.91,119.44,2.69,4.95,13.3155,6.5175,23.36,102.565,121.915,0.5434,13,1,0,1,rgb,0,0,0,0,none,,,,0.0,82.4849,2.6734,90.0,4.95,0.0,594.0,387.36,0.0,13.3155
aid,189,compound,,UNLABELED,104.66,124.39,107.78,119.44,3.12,4.95,15.4441,7.455,25.2524,106.22,121.915,0.6303,45,2,0,1,rgb,0,0,0,0,none,,,,0.0,92.1421,3.0693,90.0,4.95,0.0,594.0,387.36,0.0,13.8239
aid,190,path,,UNLABELED,107.79,124.39,110.8,119.44,3.01,4.95,14.8995,4.5155,15.92,109.295,121.915,0.6081,9,1,0,1,rgb,0,0,0,0,none,,,,0.0,89.3123,3.42,90.0,4.4,0.0,594.0,387.36,0.0,9.7075
aid,191,path,,UNLABELED,112.71,124.39,115.71,119.44,3.0,4.95,14.8499,4.466,15.9,114.21,121.915,0.6061,9,1,0,1,rgb,0,0,0,0,none,,,,0.0,89.3251,3.4473,90.0,4.4,0.0,594.0,387.36,0.0,9.658
aid,192,compound,,UNLABELED,115.8,124.58,121.03,119.35,5.23,5.23,27.353,8.6959,29.1316,118.415,121.965,1.0,114,2,0,1,rgb,0,0,0,0,none,,,,0.0,89.832,1.0722,61.5045,0.3983,0.0,594.0,387.36,0.0,21.4797
aid,193,compound,,UNLABELED,123.54,124.39,126.67,119.44,3.13,4.95,15.4935,7.4544,25.2893,125.105,121.915,0.6323,45,2,0,1,rgb,0,0,0,0,none,,,,0.0,92.1275,3.0546,90.0,4.95,0.0,594.0,387.36,0.0,13.8513
aid,194,path,,UNLABELED,127.03,124.39,130.7,119.35,3.67,5.04,18.4968,7.0512,23.8364,128.865,121.87,0.7282,51,1,0,1,rgb,0,0,0,0,none,,,,0.0,105.4606,1.376,90.0,3.13,0.0,594.0,387.36,0.0,17.1036
aid,195,path,,UNLABELED,131.54,124.63,135.85,119.24,4.31,5.39,23.2309,8.673,29.6562,133.695,121.935,0.7996,9,1,0,1,rgb,0,0,0,0,none,,,,0.0,67.6101,1.7625,133.0405,5.3772,0.0,594.0,387.36,0.0,22.2827
aid,196,path,,UNLABELED,136.18,124.58,143.14,119.26,6.96,5.32,37.0272,10.4283,35.5948,139.66,121.92,1.3083,11,1,0,1,rgb,0,0,0,0,none,,,,0.0,153.3299,1.2652,111.9744,5.5319,0.0,594.0,387.36,0.0,25.7469
aid,197,compound,,UNLABELED,142.96,124.65,147.72,119.44,4.76,5.21,24.7996,6.9412,24.0729,145.34,122.045,0.9136,12,2,0,1,rgb,0,0,0,0,none,,,,0.0,90.0539,1.2405,114.5517,5.7279,0.0,594.0,387.36,0.0,12.3998
aid,198,path,,UNLABELED,147.62,124.39,151.51,119.44,3.89,4.95,19.2555,5.0803,17.6694,149.565,121.915,0.7859,10,1,0,1,rgb,0,0,0,0,none,,,,0.0,89.54,3.1572,120.6565,3.1968,0.0,594.0,387.36,0.0,11.2118
aid,199,path,,UNLABELED,153.56,124.58,157.48,119.35,3.92,5.23,20.5015,5.9197,21.5916,155.52,121.965,0.7495,75,1,0,1,rgb,0,0,0,0,none,,,,0.0,87.3308,2.3165,90.0,0.73,0.0,594.0,387.36,0.0,17.2581
aid,200,compound,,UNLABELED,158.2,124.39,161.33,119.44,3.13,4.95,15.4936,7.4619,25.2908,159.765,121.915,0.6323,45,2,0,1,rgb,0,0,0,0,none,,,,0.0,92.0862,3.0563,90.0,4.95,0.0,594.0,387.36,0.0,13.8513
aid,201,compound,,UNLABELED,161.42,124.58,166.64,119.35,5.22,5.23,27.3007,8.6924,29.1243,164.03,121.965,0.9981,114,2,0,1,rgb,0,0,0,0,none,,,,0.0,90.0,1.0733,62.7833,0.3936,0.0,594.0,387.36,0.0,21.469
aid,202,path,,UNLABELED,167.03,124.58,170.18,119.35,3.15,5.23,16.4746,6.3005,22.0903,168.605,121.965,0.6023,91,1,0,1,rgb,0,0,0,0,none,,,,0.0,91.7715,3.6097,12.3377,0.6551,0.0,594.0,387.36,0.0,13.864
aid,203,path,,UNLABELED,170.57,124.58,173.73,119.35,3.16,5.23,16.5269,6.2861,22.0991,172.15,121.965,0.6042,91,1,0,1,rgb,0,0,0,0,none,,,,0.0,91.7488,3.6108,12.3377,0.6551,0.0,594.0,387.36,0.0,13.8724
aid,204,path,,UNLABELED,174.34,124.39,174.98,119.44,0.64,4.95,3.168,3.168,11.18,174.66,121.915,0.1293,5,1,0,1,rgb,0,0,0,0,none,,,,0.0,88.7452,61.5882,90.0,4.95,0.0,594.0,387.36,0.0,3.168
aid,205,path,,UNLABELED,175.87,124.63,180.18,119.24,4.31,5.39,23.2309,8.673,29.6562,178.025,121.935,0.7996,9,1,0,1,rgb,0,0,0,0,none,,,,0.0,67.6101,1.7625,133.0405,5.3772,0.0,594.0,387.36,0.0,22.2827
aid,206,path,,UNLABELED,180.78,124.58,185.55,119.35,4.77,5.23,24.9471,8.1809,28.9333,183.165,121.965,0.912,100,1,0,1,rgb,0,0,0,0,none,,,,0.0,97.4076,1.442,0.0,1.9,0.0,594.0,387.36,0.0,19.9315
aid,207,path,,UNLABELED,187.84,124.58,191.76,119.35,3.92,5.23,20.5015,5.9223,21.6005,189.8,121.965,0.7495,75,1,0,1,rgb,0,0,0,0,none,,,,0.0,87.3297,2.3197,90.0,0.73,0.0,594.0,387.36,0.0,17.2689
aid,208,path,,UNLABELED,192.47,124.39,194.63,119.44,2.16,4.95,10.692,4.048,14.22,193.55,121.915,0.4364,7,1,0,1,rgb,0,0,0,0,none,,,,0.0,100.5202,10.2167,90.0,4.95,0.0,594.0,387.36,0.0,7.37
aid,209,path,,UNLABELED,195.02,124.39,197.71,119.44,2.69,4.95,13.3155,6.5175,23.36,196.365,121.915,0.5434,13,1,0,1,rgb,0,0,0,0,none,,,,0.0,82.4849,2.6734,90.0,4.95,0.0,594.0,387.36,0.0,13.3155
aid,210,compound,,UNLABELED,197.91,124.65,202.67,119.44,4.76,5.21,24.7996,6.9412,24.0729,200.29,122.045,0.9136,12,2,0,1,rgb,0,0,0,0,none,,,,0.0,90.0539,1.2405,114.5517,5.7279,0.0,594.0,387.36,0.0,12.3998
aid,211,compound,,UNLABELED,203.1,124.39,206.22,119.44,3.12,4.95,15.4441,7.461,25.2565,204.66,121.915,0.6303,45,2,0,1,rgb,0,0,0,0,none,,,,0.0,92.1223,3.065,90.0,4.95,0.0,594.0,387.36,0.0,13.8278
aid,212,compound,,UNLABELED,206.13,124.65,210.9,119.44,4.77,5.21,24.8517,6.9773,24.073,208.515,122.045,0.9155,12,2,0,1,rgb,0,0,0,0,none,,,,0.0,90.5765,1.239,114.6425,5.732,0.0,594.0,387.36,0.0,12.4258
aid,213,path,,UNLABELED,211.32,124.63,215.63,119.24,4.31,5.39,23.2309,8.673,29.6562,213.475,121.935,0.7996,9,1,0,1,rgb,0,0,0,0,none,,,,0.0,67.6101,1.7625,133.0405,5.3772,0.0,594.0,387.36,0.0,22.2827
aid,214,path,,UNLABELED,216.23,124.58,220.15,119.35,3.92,5.23,20.5015,5.9258,21.594,218.19,121.965,0.7495,75,1,0,1,rgb,0,0,0,0,none,,,,0.0,87.323,2.3162,90.0,0.73,0.0,594.0,387.36,0.0,17.2642
aid,215,path,,UNLABELED,220.87,124.39,223.56,119.44,2.69,4.95,13.3155,6.5175,23.36,222.215,121.915,0.5434,13,1,0,1,rgb,0,0,0,0,none,,,,0.0,82.4849,2.6734,90.0,4.95,0.0,594.0,387.36,0.0,13.3155
aid,216,path,,UNLABELED,224.08,124.58,227.24,119.35,3.16,5.23,16.5269,6.2997,22.0915,225.66,121.965,0.6042,91,1,0,1,rgb,0,0,0,0,none,,,,0.0,91.7766,3.6109,12.3377,0.6551,0.0,594.0,387.36,0.0,13.8764
aid,217,path,,UNLABELED,227.94,120.08,228.68,119.35,0.74,0.73,0.5402,0.4103,2.286,228.31,119.715,1.0137,17,1,0,1,rgb,0,0,0,0,none,,,,0.0,90.0,1.0918,101.3077,0.153,0.0,594.0,387.36,0.0,0.4103
aid,218,compound,,UNLABELED,85.66,116.75,88.78,111.8,3.12,4.95,15.4441,7.4615,25.2689,87.22,114.275,0.6303,45,2,0,1,rgb,0,0,0,0,none,,,,0.0,92.0505,3.0642,90.0,4.95,0.0,594.0,387.36,0.0,13.834
aid,219,path,,UNLABELED,89.24,116.75,91.94,111.8,2.7,4.95,13.365,6.567,23.38,90.59,114.275,0.5455,13,1,0,1,rgb,0,0,0,0,none,,,,0.0,82.4216,2.6618,90.0,4.95,0.0,594.0,387.36,0.0,13.365
aid,220,compound,,UNLABELED,92.13,117.01,96.9,111.8,4.77,5.21,24.8518,6.9576,24.073,94.515,114.405,0.9155,12,2,0,1,rgb,0,0,0,0,none,,,,0.0,89.8529,1.2395,65.3576,5.7321,0.0,594.0,387.36,0.0,12.4259
aid,221,compound,,UNLABELED,97.32,116.75,101.17,111.8,3.85,4.95,19.0575,8.1274,26.7021,99.245,114.275,0.7778,72,2,0,1,rgb,0,0,0,0,none,,,,0.0,88.7474,2.7406,90.0,4.95,0.0,594.0,387.36,0.0,16.4439
aid,222,compound,,UNLABELED,101.71,116.75,104.56,111.8,2.85,4.95,14.1075,7.6683,25.4632,103.135,114.275,0.5758,77,3,0,1,rgb,0,0,0,0,none,,,,0.0,96.1061,4.6694,90.0,4.95,0.0,594.0,387.36,0.0,12.1879
aid,223,compound,,UNLABELED,104.7,117.01,109.46,111.8,4.76,5.21,24.7997,6.9215,24.0729,107.08,114.405,0.9136,12,2,0,1,rgb,0,0,0,0,none,,,,0.0,89.9494,1.2406,114.5515,5.7279,0.0,594.0,387.36,0.0,12.3998
aid,224,path,,UNLABELED,109.61,116.94,113.53,111.71,3.92,5.23,20.5015,5.9264,21.6033,111.57,114.325,0.7495,75,1,0,1,rgb,0,0,0,0,none,,,,0.0,87.3242,2.3149,90.0,0.74,0.0,594.0,387.36,0.0,17.2559
aid,225,path,,UNLABELED,114.25,116.75,117.86,111.8,3.61,4.95,17.8695,7.2009,25.1464,116.055,114.275,0.7293,13,1,0,1,rgb,0,0,0,0,none,,,,0.0,90.7758,2.4315,90.0,4.95,0.0,594.0,387.36,0.0,17.7705
aid,226,compound,,UNLABELED,119.75,116.94,124.98,111.71,5.23,5.23,27.353,8.6899,29.1274,122.365,114.325,1.0,114,2,0,1,rgb,0,0,0,0,none,,,,0.0,89.9964,1.0726,61.5045,0.3983,0.0,594.0,387.36,0.0,21.4715
aid,227,path,,UNLABELED,125.58,116.75,128.02,111.8,2.44,4.95,12.078,5.1535,18.24,126.8,114.275,0.4929,11,1,0,1,rgb,0,0,0,0,none,,,,0.0,71.8584,3.9049,90.0,4.95,0.0,594.0,387.36,0.0,9.7264
aid,228,compound,,UNLABELED,130.07,117.01,134.84,111.8,4.77,5.21,24.8518,6.9576,24.073,132.455,114.405,0.9155,12,2,0,1,rgb,0,0,0,0,none,,,,0.0,90.4708,1.2391,114.6424,5.7321,0.0,594.0,387.36,0.0,12.4259
aid,229,path,,UNLABELED,135.26,116.75,137.42,111.8,2.16,4.95,10.692,4.004,14.22,136.34,114.275,0.4364,7,1,0,1,rgb,0,0,0,0,none,,,,0.0,100.5797,10.2163,90.0,4.95,0.0,594.0,387.36,0.0,7.348
aid,230,path,,UNLABELED,137.8,116.75,139.96,111.8,2.16,4.95,10.692,4.048,14.22,138.88,114.275,0.4364,7,1,0,1,rgb,0,0,0,0,none,,,,0.0,100.5202,10.2167,90.0,4.95,0.0,594.0,387.36,0.0,7.37
aid,231,compound,,UNLABELED,142.25,116.75,145.38,111.8,3.13,4.95,15.4936,7.4516,25.2977,143.815,114.275,0.6323,45,2,0,1,rgb,0,0,0,0,none,,,,0.0,92.105,3.0576,90.0,4.95,0.0,594.0,387.36,0.0,13.8537
aid,232,path,,UNLABELED,145.75,116.75,149.41,111.71,3.66,5.04,18.4464,7.0262,23.8182,147.58,114.23,0.7262,51,1,0,1,rgb,0,0,0,0,none,,,,0.0,105.3757,1.3753,90.0,3.13,0.0,594.0,387.36,0.0,17.0704
aid,233,path,,UNLABELED,150.25,116.99,154.56,111.6,4.31,5.39,23.2309,8.6906,29.6594,152.405,114.295,0.7996,9,1,0,1,rgb,0,0,0,0,none,,,,0.0,67.67,1.7644,132.9625,5.3704,0.0,594.0,387.36,0.0,22.2827
aid,234,path,,UNLABELED,154.89,116.94,161.86,111.62,6.97,5.32,37.0805,10.4531,35.6087,158.375,114.28,1.3101,11,1,0,1,rgb,0,0,0,0,none,,,,0.0,153.4262,1.2659,67.9295,5.5356,0.0,594.0,387.36,0.0,25.7736
aid,235,compound,,UNLABELED,161.67,117.01,166.43,111.8,4.76,5.21,24.7997,6.9086,24.0729,164.05,114.405,0.9136,12,2,0,1,rgb,0,0,0,0,none,,,,0.0,90.1599,1.2369,65.4485,5.7279,0.0,594.0,387.36,0.0,12.3998
aid,236,path,,UNLABELED,166.33,116.75,170.22,111.8,3.89,4.95,19.2555,5.0906,17.6742,168.275,114.275,0.7859,10,1,0,1,rgb,0,0,0,0,none,,,,0.0,89.4922,3.1642,120.6565,3.1968,0.0,594.0,387.36,0.0,11.2118
aid,237,path,,UNLABELED,172.55,116.75,176.12,111.8,3.57,4.95,17.6715,7.5955,25.8401,174.335,114.275,0.7212,13,1,0,1,rgb,0,0,0,0,none,,,,0.0,90.9683,2.0282,90.0,4.95,0.0,594.0,387.36,0.0,17.6715
aid,238,compound,,UNLABELED,176.64,116.94,181.86,111.71,5.22,5.23,27.3007,8.6919,29.1243,179.25,114.325,0.9981,114,2,0,1,rgb,0,0,0,0,none,,,,0.0,89.9734,1.073,62.7833,0.3936,0.0,594.0,387.36,0.0,21.4689
aid,239,path,,UNLABELED,182.47,116.75,184.62,111.8,2.15,4.95,10.6425,3.9985,14.2,183.545,114.275,0.4343,7,1,0,1,rgb,0,0,0,0,none,,,,0.0,100.5038,10.3054,90.0,4.95,0.0,594.0,387.36,0.0,7.3205
aid,240,compound,,UNLABELED,185.01,116.75,188.86,111.8,3.85,4.95,19.0576,8.1203,26.6989,186.935,114.275,0.7778,72,2,0,1,rgb,0,0,0,0,none,,,,0.0,88.7514,2.7407,90.0,4.95,0.0,594.0,387.36,0.0,16.4359
aid,241,path,,UNLABELED,189.4,116.75,190.04,111.8,0.64,4.95,3.168,3.168,11.18,189.72,114.275,0.1293,5,1,0,1,rgb,0,0,0,0,none,,,,0.0,88.7452,61.5882,90.0,4.95,0.0,594.0,387.36,0.0,3.168
aid,242,path,,UNLABELED,190.93,116.99,195.24,111.6,4.31,5.39,23.2309,8.6906,29.6594,193.085,114.295,0.7996,9,1,0,1,rgb,0,0,0,0,none,,,,0.0,67.67,1.7644,132.9625,5.3704,0.0,594.0,387.36,0.0,22.2827
aid,243,path,,UNLABELED,195.84,116.94,200.61,111.71,4.77,5.23,24.9471,8.1762,28.9439,198.225,114.325,0.912,100,1,0,1,rgb,0,0,0,0,none,,,,0.0,97.4008,1.4411,0.0,1.9,0.0,594.0,387.36,0.0,19.9286
aid,244,path,,UNLABELED,203.17,116.75,203.81,111.8,0.64,4.95,3.168,3.168,11.18,203.49,114.275,0.1293,5,1,0,1,rgb,0,0,0,0,none,,,,0.0,88.7452,61.5882,90.0,4.95,0.0,594.0,387.36,0.0,3.168
aid,245,path,,UNLABELED,204.7,116.99,209.01,111.6,4.31,5.39,23.2309,8.6906,29.6594,206.855,114.295,0.7996,9,1,0,1,rgb,0,0,0,0,none,,,,0.0,67.67,1.7644,132.9625,5.3704,0.0,594.0,387.36,0.0,22.2827
aid,246,path,,UNLABELED,209.66,116.94,212.82,111.71,3.16,5.23,16.5269,6.2805,22.0896,211.24,114.325,0.6042,91,1,0,1,rgb,0,0,0,0,none,,,,0.0,91.7654,3.6126,12.3377,0.6551,0.0,594.0,387.36,0.0,13.8721
aid,247,path,,UNLABELED,212.98,116.75,215.99,111.8,3.01,4.95,14.8994,4.4715,15.92,214.485,114.275,0.6081,9,1,0,1,rgb,0,0,0,0,none,,,,0.0,89.3792,3.4249,90.0,4.4,0.0,594.0,387.36,0.0,9.6854
aid,248,compound,,UNLABELED,216.44,116.75,219.57,111.8,3.13,4.95,15.4936,7.4606,25.2981,218.005,114.275,0.6323,45,2,0,1,rgb,0,0,0,0,none,,,,0.0,92.0828,3.0603,90.0,4.95,0.0,594.0,387.36,0.0,13.8536
aid,249,path,,UNLABELED,219.93,116.75,223.6,111.71,3.67,5.04,18.4968,7.05,23.8291,221.765,114.23,0.7282,51,1,0,1,rgb,0,0,0,0,none,,,,0.0,105.4895,1.3749,90.0,3.13,0.0,594.0,387.36,0.0,17.0979
aid,250,path,,UNLABELED,224.17,116.94,228.09,111.71,3.92,5.23,20.5015,5.926,21.6099,226.13,114.325,0.7495,75,1,0,1,rgb,0,0,0,0,none,,,,0.0,87.3125,2.317,90.0,0.74,0.0,594.0,387.36,0.0,17.2636
aid,251,path,,UNLABELED,228.36,116.75,231.36,111.8,3.0,4.95,14.8499,4.466,15.9,229.86,114.275,0.6061,9,1,0,1,rgb,0,0,0,0,none,,,,0.0,89.3251,3.4473,90.0,4.4,0.0,594.0,387.36,0.0,9.658
aid,252,path,,UNLABELED,231.82,116.75,232.46,111.8,0.64,4.95,3.168,3.168,11.18,232.14,114.275,0.1293,5,1,0,1,rgb,0,0,0,0,none,,,,0.0,88.7452,61.5882,90.0,4.95,0.0,594.0,387.36,0.0,3.168
aid,253,compound,,UNLABELED,232.98,116.94,238.21,111.71,5.23,5.23,27.3529,8.6949,29.1288,235.595,114.325,1.0,114,2,0,1,rgb,0,0,0,0,none,,,,0.0,89.7678,1.0724,61.5045,0.3983,0.0,594.0,387.36,0.0,21.4759
aid,254,path,,UNLABELED,238.81,116.99,243.12,111.6,4.31,5.39,23.2309,8.6906,29.6594,240.965,114.295,0.7996,9,1,0,1,rgb,0,0,0,0,none,,,,0.0,67.67,1.7644,132.9625,5.3704,0.0,594.0,387.36,0.0,22.2827
aid,255,path,,UNLABELED,243.77,116.94,246.93,111.71,3.16,5.23,16.5269,6.2777,22.0906,245.35,114.325,0.6042,91,1,0,1,rgb,0,0,0,0,none,,,,0.0,91.7614,3.6123,12.3377,0.6551,0.0,594.0,387.36,0.0,13.8721
aid,256,path,,UNLABELED,249.45,116.75,250.09,111.8,0.64,4.95,3.168,3.168,11.18,249.77,114.275,0.1293,5,1,0,1,rgb,0,0,0,0,none,,,,0.0,88.7452,61.5882,90.0,4.95,0.0,594.0,387.36,0.0,3.168
aid,257,path,,UNLABELED,250.75,116.94,253.91,111.71,3.16,5.23,16.5269,6.2919,22.0967,252.33,114.325,0.6042,91,1,0,1,rgb,0,0,0,0,none,,,,0.0,91.7548,3.61,12.1537,0.6649,0.0,594.0,387.36,0.0,13.8765
aid,258,compound,,UNLABELED,256.43,116.75,259.56,111.8,3.13,4.95,15.4936,7.4516,25.2951,257.995,114.275,0.6323,45,2,0,1,rgb,0,0,0,0,none,,,,0.0,92.1108,3.058,90.0,4.95,0.0,594.0,387.36,0.0,13.8536
aid,259,path,,UNLABELED,260.02,116.75,262.71,111.8,2.69,4.95,13.3155,6.5175,23.36,261.365,114.275,0.5434,13,1,0,1,rgb,0,0,0,0,none,,,,0.0,82.4849,2.6734,90.0,4.95,0.0,594.0,387.36,0.0,13.3155
aid,260,compound,,UNLABELED,263.09,116.94,268.32,111.71,5.23,5.23,27.353,9.8527,33.9851,265.705,114.325,1.0,114,2,0,1,rgb,0,0,0,0,none,,,,0.0,130.24,1.079,134.4977,1.6123,0.0,594.0,387.36,0.0,22.9169
aid,261,path,,UNLABELED,268.83,116.75,272.5,111.71,3.67,5.04,18.4969,7.0294,23.8227,270.665,114.23,0.7282,51,1,0,1,rgb,0,0,0,0,none,,,,0.0,105.5136,1.3725,90.0,3.13,0.0,594.0,387.36,0.0,17.1052
aid,262,path,,UNLABELED,273.34,116.75,273.98,111.8,0.64,4.95,3.1681,3.1681,11.1801,273.66,114.275,0.1293,5,1,0,1,rgb,0,0,0,0,none,,,,0.0,88.7451,61.5853,90.0,4.95,0.0,594.0,387.36,0.0,3.1681
aid,263,compound,,UNLABELED,274.87,116.75,278.0,111.8,3.13,4.95,15.4936,7.459,25.2966,276.435,114.275,0.6323,45,2,0,1,rgb,0,0,0,0,none,,,,0.0,92.0747,3.0616,90.0,4.95,0.0,594.0,387.36,0.0,13.8536
aid,264,path,,UNLABELED,278.46,116.75,281.15,111.8,2.69,4.95,13.3155,6.5175,23.36,279.805,114.275,0.5434,13,1,0,1,rgb,0,0,0,0,none,,,,0.0,82.4849,2.6734,90.0,4.95,0.0,594.0,387.36,0.0,13.3155
aid,265,compound,,UNLABELED,281.89,116.75,285.75,111.8,3.86,4.95,19.107,8.1736,26.6869,283.82,114.275,0.7798,72,2,0,1,rgb,0,0,0,0,none,,,,0.0,88.7092,2.7442,90.0,4.95,0.0,594.0,387.36,0.0,16.4534
aid,266,path,,UNLABELED,286.38,112.44,287.11,111.71,0.73,0.73,0.5329,0.4074,2.2779,286.745,112.075,1.0,17,1,0,1,rgb,0,0,0,0,none,,,,0.0,90.526,1.1072,101.3077,0.153,0.0,594.0,387.36,0.0,0.4074
aid,267,path,,UNLABELED,25.41,495.82,33.36,489.02,7.95,6.8,54.06,52.4194,27.6621,29.385,492.42,1.1691,24,1,0,1,rgb,0,0,0,0,none,,,,0.0,22.094,1.6211,0.0,5.76,0.0,594.0,387.36,0.0,52.712
aid,268,compound,,UNLABELED,27.8,494.7,31.38,490.1,3.58,4.6,16.468,7.019,24.7857,29.59,492.4,0.7783,72,2,0,1,rgb,255,255,255,0,none,,,,0.0,88.8101,2.7462,90.0,4.6,0.0,594.0,387.36,0.0,14.1691
aid,269,path,,UNLABELED,81.02,530.3,84.77,526.7,3.75,3.6,13.5,5.867,11.9564,82.895,528.5,1.0417,10,1,0,1,rgb,0,0,0,0,none,,,,0.0,116.1065,1.0419,149.6566,1.4252,0.0,594.0,387.36,0.0,9.4989
aid,270,compound,,UNLABELED,17.36,40.5,26.89,30.09,9.53,10.41,99.2076,27.7678,48.1094,22.125,35.295,0.9155,12,2,0,1,rgb,0,0,0,0,none,,,,0.0,90.2472,1.2372,114.6178,11.4508,0.0,594.0,387.36,0.0,49.6038
aid,271,path,,UNLABELED,27.74,39.99,29.02,30.09,1.28,9.9,12.672,12.672,22.3601,28.38,35.04,0.1293,5,1,0,1,rgb,0,0,0,0,none,,,,0.0,88.7452,61.5881,90.0,9.9,0.0,594.0,387.36,0.0,12.672
aid,272,compound,,UNLABELED,30.8,39.99,37.05,30.09,6.25,9.9,61.8748,29.8265,50.56,33.925,35.04,0.6313,45,2,0,1,rgb,0,0,0,0,none,,,,0.0,92.138,3.0581,90.0,9.9,0.0,594.0,387.36,0.0,55.3464
aid,273,compound,,UNLABELED,37.97,39.99,43.47,30.09,5.5,9.9,54.4498,23.7627,39.9906,40.72,35.04,0.5556,52,2,0,1,rgb,0,0,0,0,none,,,,0.0,79.1273,2.5483,90.0,9.9,0.0,594.0,387.36,0.0,39.6939
aid,274,compound,,UNLABELED,43.77,40.36,54.22,29.91,10.45,10.45,109.2026,34.7594,58.2434,48.995,35.135,1.0,114,2,0,1,rgb,0,0,0,0,none,,,,0.0,90.0068,1.0728,117.8594,0.7918,0.0,594.0,387.36,0.0,85.8714
aid,275,compound,,UNLABELED,55.44,39.99,61.69,30.09,6.25,9.9,61.8748,29.8327,50.5544,58.565,35.04,0.6313,45,2,0,1,rgb,0,0,0,0,none,,,,0.0,92.1329,3.0631,90.0,9.9,0.0,594.0,387.36,0.0,55.3388
aid,276,path,,UNLABELED,61.71,39.99,67.72,30.09,6.01,9.9,59.4988,17.9628,31.8199,64.715,35.04,0.6071,9,1,0,1,rgb,0,0,0,0,none,,,,0.0,89.3187,3.4336,90.0,8.8,0.0,594.0,387.36,0.0,38.7308
aid,277,compound,,UNLABELED,72.44,39.9901,80.14,30.09,7.7,9.9,76.2302,32.4683,53.3768,76.29,35.04,0.7778,72,2,0,1,rgb,0,0,0,0,none,,,,0.0,88.7774,2.7444,90.0,9.9,0.0,594.0,387.36,0.0,65.7004
aid,278,path,,UNLABELED,81.22,39.99,82.5,30.09,1.28,9.9,12.672,12.672,22.36,81.86,35.04,0.1293,5,1,0,1,rgb,0,0,0,0,none,,,,0.0,88.7452,61.5882,90.0,9.9,0.0,594.0,387.36,0.0,12.672
aid,279,compound,,UNLABELED,83.18,40.5,92.72,30.09,9.54,10.41,99.3117,27.8199,48.1236,87.95,35.295,0.9164,12,2,0,1,rgb,0,0,0,0,none,,,,0.0,90.2151,1.2361,114.6178,11.4508,0.0,594.0,387.36,0.0,49.6559
aid,280,path,,UNLABELED,93.01,40.36,102.55,29.91,9.54,10.45,99.6931,32.691,57.8376,97.78,35.135,0.9129,100,1,0,1,rgb,0,0,0,0,none,,,,0.0,97.4552,1.4425,0.0,3.8,0.0,594.0,387.36,0.0,79.6752
aid,281,compound,,UNLABELED,103.86,39.99,110.11,30.09,6.25,9.9,61.8748,29.9153,50.5478,106.985,35.04,0.6313,45,2,0,1,rgb,0,0,0,0,none,,,,0.0,92.1111,3.0625,90.0,9.9,0.0,594.0,387.36,0.0,55.3597
aid,282,compound,,UNLABELED,109.93,40.5,119.46,30.09,9.53,10.41,99.2076,27.7678,48.1094,114.695,35.295,0.9155,12,2,0,1,rgb,0,0,0,0,none,,,,0.0,90.1343,1.2372,65.3822,11.4508,0.0,594.0,387.36,0.0,49.6038
aid,283,path,,UNLABELED,119.57,40.56,130.47,29.91,10.9,10.65,116.0853,38.5025,69.5939,125.02,35.235,1.0235,13,1,0,1,rgb,0,0,0,0,none,,,,0.0,89.8846,1.3878,100.9727,10.665,0.0,594.0,387.36,0.0,93.8502
aid,284,path,,UNLABELED,345.53,33.14,347.82,25.2,2.29,7.94,18.1827,4.682,18.4558,346.675,29.17,0.2884,49,1,0,1,rgb,0,0,0,0,none,,,,0.0,88.3949,11.9327,71.5651,0.6008,0.0,594.0,387.36,0.0,12.9191
aid,285,compound,,UNLABELED,348.14,33.14,354.73,26.42,6.59,6.72,44.2846,11.2518,37.8353,351.435,29.78,0.9807,48,2,0,1,rgb,0,0,0,0,none,,,,0.0,162.6374,1.166,108.7115,5.8914,0.0,594.0,387.36,0.0,24.8855
aid,286,path,,UNLABELED,355.46,32.89,358.4,26.42,2.94,6.47,19.0217,7.4302,22.0238,356.93,29.655,0.4544,41,1,0,1,rgb,0,0,0,0,none,,,,0.0,89.0789,8.6605,90.0,4.5,0.0,594.0,387.36,0.0,18.9608
aid,287,compound,,UNLABELED,359.34,32.89,365.43,26.42,6.09,6.47,39.4021,13.7208,39.6733,362.385,29.655,0.9413,96,2,0,1,rgb,0,0,0,0,none,,,,0.0,94.1621,1.5539,90.0,4.48,0.0,594.0,387.36,0.0,35.6456
aid,288,path,,UNLABELED,366.26,33.14,368.55,25.2,2.29,7.94,18.1827,4.6976,18.445,367.405,29.17,0.2884,49,1,0,1,rgb,0,0,0,0,none,,,,0.0,86.3134,12.34,71.8622,0.6103,0.0,594.0,387.36,0.0,12.884
aid,289,compound,,UNLABELED,331.07,299.08,334.39,294.25,3.32,4.83,16.0357,5.1458,19.9011,332.73,296.665,0.6874,15,2,0,1,rgb,0,0,0,0,none,,,,0.0,84.1635,2.3556,56.0876,5.0007,0.0,594.0,387.36,0.0,8.3264
aid,290,compound,,UNLABELED,334.77,299.02,337.92,294.16,3.15,4.86,15.3089,5.7366,22.4367,336.345,296.59,0.6481,98,2,0,1,rgb,0,0,0,0,none,,,,0.0,89.9865,2.633,105.0174,0.4245,0.0,594.0,387.36,0.0,12.184
aid,291,compound,,UNLABELED,338.41,298.86,340.49,296.78,2.08,2.08,4.3263,2.4131,10.0197,339.45,297.82,1.0,34,2,0,1,rgb,0,0,0,0,none,,,,0.0,90.1726,1.1259,10.5376,0.4374,0.0,594.0,387.36,0.0,3.3618
aid,292,compound,,UNLABELED,340.93,299.02,344.08,294.16,3.15,4.86,15.3089,5.7416,22.4395,342.505,296.59,0.6481,98,2,0,1,rgb,0,0,0,0,none,,,,0.0,90.0,2.6304,105.0174,0.4245,0.0,594.0,387.36,0.0,12.1902
aid,293,compound,,UNLABELED,344.55,299.02,347.53,294.16,2.98,4.86,14.4828,5.2063,20.0527,346.04,296.59,0.6132,70,2,0,1,rgb,0,0,0,0,none,,,,0.0,75.8888,1.5923,53.8617,2.6622,0.0,594.0,387.36,0.0,9.637
aid,294,path,,UNLABELED,348.35,294.84,349.03,294.16,0.68,0.68,0.4624,0.3544,2.1254,348.69,294.5,1.0,17,1,0,1,rgb,0,0,0,0,none,,,,0.0,90.2249,1.1166,36.0368,0.136,0.0,594.0,387.36,0.0,0.3544
aid,295,path,,UNLABELED,349.77,298.85,352.85,294.16,3.08,4.69,14.4453,5.1371,20.6874,351.31,296.505,0.6567,67,1,0,1,rgb,0,0,0,0,none,,,,0.0,71.2514,2.6017,73.3231,2.4741,0.0,594.0,387.36,0.0,11.1138
aid,296,path,,UNLABELED,353.32,299.02,354.52,297.23,1.2,1.79,2.148,0.8258,4.5206,353.92,298.125,0.6704,5,1,0,1,rgb,0,0,0,0,none,,,,0.0,67.3698,14.5575,62.3007,1.8071,0.0,594.0,387.36,0.0,0.8258
aid,297,path,,UNLABELED,355.28,299.07,359.28,294.06,4.0,5.01,20.04,7.4867,27.5523,357.28,296.565,0.7984,9,1,0,1,rgb,0,0,0,0,none,,,,0.0,67.7472,1.7657,133.0531,4.9951,0.0,594.0,387.36,0.0,19.22
aid,298,compound,,UNLABELED,331.07,135.95,334.39,131.11,3.32,4.84,16.0689,5.1575,19.9029,332.73,133.53,0.6859,15,2,0,1,rgb,0,0,0,0,none,,,,0.0,84.1675,2.3543,56.0876,5.0007,0.0,594.0,387.36,0.0,8.3456
aid,299,compound,,UNLABELED,334.77,135.88,337.92,131.03,3.15,4.85,15.2775,5.7282,22.4421,336.345,133.455,0.6495,98,2,0,1,rgb,0,0,0,0,none,,,,0.0,89.9864,2.6345,74.9837,0.4245,0.0,594.0,387.36,0.0,12.1828
aid,300,compound,,UNLABELED,338.41,135.72,340.49,133.65,2.08,2.07,4.3056,2.4134,10.0236,339.45,134.685,1.0048,34,2,0,1,rgb,0,0,0,0,none,,,,0.0,90.1688,1.1255,169.4624,0.4374,0.0,594.0,387.36,0.0,3.363
aid,301,compound,,UNLABELED,340.93,135.88,344.08,131.03,3.15,4.85,15.2775,5.7332,22.446,342.505,133.455,0.6495,98,2,0,1,rgb,0,0,0,0,none,,,,0.0,90.0001,2.6318,74.9837,0.4245,0.0,594.0,387.36,0.0,12.1891
aid,302,compound,,UNLABELED,344.55,135.88,347.53,131.03,2.98,4.85,14.4531,5.2128,20.0421,346.04,133.455,0.6144,70,2,0,1,rgb,0,0,0,0,none,,,,0.0,75.83,1.5908,53.7346,2.6542,0.0,594.0,387.36,0.0,9.6281
aid,303,path,,UNLABELED,348.35,131.71,349.03,131.03,0.68,0.68,0.4624,0.352,2.1179,348.69,131.37,1.0,17,1,0,1,rgb,0,0,0,0,none,,,,0.0,90.2384,1.1039,53.9632,0.136,0.0,594.0,387.36,0.0,0.352
aid,304,compound,,UNLABELED,349.78,135.88,352.93,131.03,3.15,4.85,15.2775,5.7224,22.4434,351.355,133.455,0.6495,98,2,0,1,rgb,0,0,0,0,none,,,,0.0,90.0117,2.6333,105.0163,0.4245,0.0,594.0,387.36,0.0,12.1827
aid,305,path,,UNLABELED,353.32,135.88,354.52,134.09,1.2,1.79,2.148,0.8241,4.526,353.92,134.985,0.6704,5,1,0,1,rgb,0,0,0,0,none,,,,0.0,67.3628,14.7601,62.4475,1.816,0.0,594.0,387.36,0.0,0.8241
aid,306,path,,UNLABELED,355.28,135.93,359.28,130.92,4.0,5.01,20.04,7.4866,27.5524,357.28,133.425,0.7984,9,1,0,1,rgb,0,0,0,0,none,,,,0.0,67.7503,1.7664,132.9748,5.0024,0.0,594.0,387.36,0.0,19.22
aid,307,compound,,UNLABELED,245.07,57.63,247.88,52.78,2.81,4.85,13.6284,6.6053,24.3355,246.475,55.205,0.5794,127,3,0,1,rgb,0,0,0,0,none,,,,0.0,89.3969,2.5483,36.1575,0.322,0.0,594.0,387.36,0.0,11.707
aid,308,path,,UNLABELED,248.43,57.46,251.51,52.78,3.08,4.68,14.4144,5.1356,20.7276,249.97,55.12,0.6581,67,1,0,1,rgb,0,0,0,0,none,,,,0.0,71.1917,2.6034,73.3231,2.4741,0.0,594.0,387.36,0.0,11.1319
aid,309,compound,,UNLABELED,252.09,57.47,254.17,55.39,2.08,2.08,4.3264,2.4102,10.0173,253.13,56.43,1.0,34,2,0,1,rgb,0,0,0,0,none,,,,0.0,90.1508,1.1186,10.5416,0.4374,0.0,594.0,387.36,0.0,3.3589
aid,310,path,,UNLABELED,254.74,57.63,257.58,52.78,2.84,4.85,13.774,5.0419,20.4418,256.16,55.205,0.5856,98,1,0,1,rgb,0,0,0,0,none,,,,0.0,89.4271,3.6773,0.0,0.57,0.0,594.0,387.36,0.0,11.867
aid,311,compound,,UNLABELED,258.23,57.63,261.21,52.78,2.98,4.85,14.453,5.2158,20.0422,259.72,55.205,0.6144,70,2,0,1,rgb,0,0,0,0,none,,,,0.0,75.8196,1.5897,53.7346,2.6542,0.0,594.0,387.36,0.0,9.6394
aid,312,path,,UNLABELED,262.03,53.46,262.71,52.78,0.68,0.68,0.4624,0.3512,2.1153,262.37,53.12,1.0,17,1,0,1,rgb,0,0,0,0,none,,,,0.0,90.0,1.1309,102.0982,0.1431,0.0,594.0,387.36,0.0,0.3512
aid,313,path,,UNLABELED,263.44,57.46,266.52,52.78,3.08,4.68,14.4143,5.1237,20.7062,264.98,55.12,0.6581,67,1,0,1,rgb,0,0,0,0,none,,,,0.0,71.2488,2.6051,73.3231,2.4741,0.0,594.0,387.36,0.0,11.1159
aid,314,path,,UNLABELED,267.0,57.63,268.19,55.84,1.19,1.79,2.1301,0.8168,4.5066,267.595,56.735,0.6648,5,1,0,1,rgb,0,0,0,0,none,,,,0.0,67.4983,14.9028,62.582,1.8024,0.0,594.0,387.36,0.0,0.8168
aid,315,path,,UNLABELED,268.45,57.63,274.92,52.69,6.47,4.94,31.9618,9.0181,33.0759,271.685,55.16,1.3097,11,1,0,1,rgb,0,0,0,0,none,,,,0.0,153.3438,1.264,67.9713,5.1457,0.0,594.0,387.36,0.0,22.2297
aid,316,compound,,UNLABELED,120.05,57.77,122.86,52.92,2.81,4.85,13.6284,6.6191,24.3294,121.455,55.345,0.5794,127,3,0,1,rgb,0,0,0,0,none,,,,0.0,89.3934,2.5506,38.6615,0.3202,0.0,594.0,387.36,0.0,11.7226
aid,317,path,,UNLABELED,123.41,57.6,126.49,52.92,3.08,4.68,14.4144,5.1241,20.6905,124.95,55.26,0.6581,67,1,0,1,rgb,0,0,0,0,none,,,,0.0,71.2522,2.6062,73.2561,2.4645,0.0,594.0,387.36,0.0,11.1089
aid,318,compound,,UNLABELED,127.07,57.61,129.15,55.54,2.08,2.07,4.3056,2.411,10.012,128.11,56.575,1.0048,34,2,0,1,rgb,0,0,0,0,none,,,,0.0,90.0,1.1214,100.7834,0.4276,0.0,594.0,387.36,0.0,3.3576
aid,319,path,,UNLABELED,129.72,57.77,132.57,52.92,2.85,4.85,13.8225,5.0507,20.4564,131.145,55.345,0.5876,98,1,0,1,rgb,0,0,0,0,none,,,,0.0,89.4516,3.6705,0.0,0.57,0.0,594.0,387.36,0.0,11.8828
aid,320,path,,UNLABELED,133.21,57.6,136.53,52.92,3.32,4.68,15.5375,4.149,16.7936,134.87,55.26,0.7094,7,1,0,1,rgb,0,0,0,0,none,,,,0.0,64.4743,3.6205,58.4814,5.4899,0.0,594.0,387.36,0.0,8.7498
aid,321,path,,UNLABELED,137.01,53.6,137.69,52.92,0.68,0.68,0.4624,0.352,2.1179,137.35,53.26,1.0,17,1,0,1,rgb,0,0,0,0,none,,,,0.0,90.2383,1.1039,53.9835,0.1361,0.0,594.0,387.36,0.0,0.352
aid,322,compound,,UNLABELED,138.44,57.77,141.59,52.92,3.15,4.85,15.2775,5.7357,22.4387,140.015,55.345,0.6495,98,2,0,1,rgb,0,0,0,0,none,,,,0.0,90.0036,2.6318,105.0172,0.4245,0.0,594.0,387.36,0.0,12.1878
aid,323,path,,UNLABELED,141.99,57.77,143.18,55.98,1.19,1.79,2.1301,0.8151,4.5128,142.585,56.875,0.6648,5,1,0,1,rgb,0,0,0,0,none,,,,0.0,67.5327,14.9266,62.4471,1.8159,0.0,594.0,387.36,0.0,0.8151
aid,324,path,,UNLABELED,143.43,57.77,149.9,52.83,6.47,4.94,31.9618,9.0333,33.0822,146.665,55.3,1.3097,11,1,0,1,rgb,0,0,0,0,none,,,,0.0,153.1341,1.2617,67.9713,5.1457,0.0,594.0,387.36,0.0,22.2297
aid,325,compound,,UNLABELED,17.36,562.98,26.89,552.57,9.53,10.41,99.2073,27.8072,48.1093,22.125,557.775,0.9155,12,2,0,1,rgb,0,0,0,0,none,,,,0.0,90.3002,1.2372,114.6179,11.4508,0.0,594.0,387.36,0.0,49.6037
aid,326,path,,UNLABELED,27.74,562.47,29.02,552.57,1.28,9.9,12.672,12.672,22.36,28.38,557.52,0.1293,5,1,0,1,rgb,0,0,0,0,none,,,,0.0,88.7452,61.5878,90.0,9.9,0.0,594.0,387.36,0.0,12.672
aid,327,compound,,UNLABELED,30.8,562.47,37.05,552.57,6.25,9.9,61.875,29.8308,50.532,33.925,557.52,0.6313,45,2,0,1,rgb,0,0,0,0,none,,,,0.0,92.1363,3.0585,90.0,9.9,0.0,594.0,387.36,0.0,55.3419
aid,328,compound,,UNLABELED,37.97,562.47,43.47,552.57,5.5,9.9,54.45,23.775,39.9804,40.72,557.52,0.5556,52,2,0,1,rgb,0,0,0,0,none,,,,0.0,79.1594,2.5479,90.0,9.9,0.0,594.0,387.36,0.0,39.6992
aid,329,compound,,UNLABELED,43.77,562.84,54.22,552.39,10.45,10.45,109.2025,34.7349,58.242,48.995,557.615,1.0,114,2,0,1,rgb,0,0,0,0,none,,,,0.0,90.0068,1.0727,117.8598,0.7918,0.0,594.0,387.36,0.0,85.8538
aid,330,compound,,UNLABELED,55.44,562.47,61.69,552.57,6.25,9.9,61.875,29.8371,50.5265,58.565,557.52,0.6313,45,2,0,1,rgb,0,0,0,0,none,,,,0.0,92.1312,3.0635,90.0,9.9,0.0,594.0,387.36,0.0,55.3344
aid,331,path,,UNLABELED,61.71,562.47,67.72,552.57,6.01,9.9,59.499,17.963,31.82,64.715,557.52,0.6071,9,1,0,1,rgb,0,0,0,0,none,,,,0.0,89.3187,3.4336,90.0,8.8,0.0,594.0,387.36,0.0,38.731
aid,332,compound,,UNLABELED,72.44,562.47,80.14,552.57,7.7,9.9,76.23,32.5005,53.3803,76.29,557.52,0.7778,72,2,0,1,rgb,0,0,0,0,none,,,,0.0,88.7978,2.7455,90.0,9.9,0.0,594.0,387.36,0.0,65.7261
aid,333,path,,UNLABELED,81.22,562.47,82.5,552.57,1.28,9.9,12.672,12.672,22.36,81.86,557.52,0.1293,5,1,0,1,rgb,0,0,0,0,none,,,,0.0,88.7452,61.588,90.0,9.9,0.0,594.0,387.36,0.0,12.672
aid,334,compound,,UNLABELED,83.18,562.98,92.72,552.57,9.54,10.41,99.3114,27.8592,48.1235,87.95,557.775,0.9164,12,2,0,1,rgb,0,0,0,0,none,,,,0.0,90.2681,1.236,114.6179,11.4508,0.0,594.0,387.36,0.0,49.6557
aid,335,path,,UNLABELED,93.01,562.84,102.55,552.39,9.54,10.45,99.693,32.6982,57.8431,97.78,557.615,0.9129,100,1,0,1,rgb,0,0,0,0,none,,,,0.0,97.4141,1.4425,0.0,3.8,0.0,594.0,387.36,0.0,79.6813
aid,336,compound,,UNLABELED,103.86,562.47,110.11,552.57,6.25,9.9,61.875,29.9196,50.5197,106.985,557.52,0.6313,45,2,0,1,rgb,0,0,0,0,none,,,,0.0,92.1094,3.0629,90.0,9.9,0.0,594.0,387.36,0.0,55.3552
aid,337,compound,,UNLABELED,109.93,562.98,119.46,552.57,9.53,10.41,99.2073,27.8072,48.1093,114.695,557.775,0.9155,12,2,0,1,rgb,0,0,0,0,none,,,,0.0,90.1872,1.2372,65.3821,11.4508,0.0,594.0,387.36,0.0,49.6037
aid,338,path,,UNLABELED,119.57,563.03,130.47,552.39,10.9,10.64,115.976,38.4688,69.5368,125.02,557.71,1.0244,13,1,0,1,rgb,0,0,0,0,none,,,,0.0,89.8259,1.3854,100.983,10.6552,0.0,594.0,387.36,0.0,93.7612
aid,339,path,,UNLABELED,345.53,566.13,347.82,558.2,2.29,7.93,18.1598,4.6775,18.4436,346.675,562.165,0.2888,49,1,0,1,rgb,0,0,0,0,none,,,,0.0,88.3927,11.9264,71.5648,0.6008,0.0,594.0,387.36,0.0,12.916
aid,340,compound,,UNLABELED,348.14,566.13,354.73,559.41,6.59,6.72,44.2848,11.2667,37.8627,351.435,562.77,0.9807,48,2,0,1,rgb,0,0,0,0,none,,,,0.0,162.8652,1.1663,108.7428,5.8819,0.0,594.0,387.36,0.0,24.9161
aid,341,path,,UNLABELED,355.46,565.88,358.4,559.41,2.94,6.47,19.0218,7.4336,22.02,356.93,562.645,0.4544,41,1,0,1,rgb,0,0,0,0,none,,,,0.0,89.0765,8.6588,90.0,4.5,0.0,594.0,387.36,0.0,18.9609
aid,342,compound,,UNLABELED,359.34,565.88,365.43,559.41,6.09,6.47,39.4023,13.7207,39.6821,362.385,562.645,0.9413,96,2,0,1,rgb,0,0,0,0,none,,,,0.0,94.136,1.5543,90.0,4.48,0.0,594.0,387.36,0.0,35.6469
aid,343,path,,UNLABELED,366.26,566.13,368.55,558.2,2.29,7.93,18.1598,4.7027,18.4317,367.405,562.165,0.2888,49,1,0,1,rgb,0,0,0,0,none,,,,0.0,86.3108,12.3277,71.5649,0.6008,0.0,594.0,387.36,0.0,12.8824
aid,344,compound,,UNLABELED,171.94,556.33,176.7,551.13,4.76,5.2,24.752,6.9263,24.0364,174.32,553.73,0.9154,12,2,0,1,rgb,0,0,0,0,none,,,,0.0,90.0198,1.2353,114.5933,5.7188,0.0,594.0,387.36,0.0,12.376
aid,345,path,,UNLABELED,177.13,556.08,179.28,551.13,2.15,4.95,10.6425,3.9985,14.2,178.205,553.605,0.4343,7,1,0,1,rgb,0,0,0,0,none,,,,0.0,100.5038,10.3054,90.0,4.95,0.0,594.0,387.36,0.0,7.3205
aid,346,path,,UNLABELED,179.58,553.51,181.04,553.05,1.46,0.46,0.6716,0.6716,3.84,180.31,553.28,3.1739,5,1,0,1,rgb,0,0,0,0,none,,,,0.0,176.6748,10.425,0.0,1.46,0.0,594.0,387.36,0.0,0.6716
aid,347,path,,UNLABELED,181.57,556.08,184.88,551.04,3.31,5.04,16.6824,5.9464,22.3147,183.225,553.56,0.6567,67,1,0,1,rgb,0,0,0,0,none,,,,0.0,71.2521,2.5995,73.404,2.6608,0.0,594.0,387.36,0.0,12.8963
aid,348,path,,UNLABELED,186.0,556.08,187.42,551.13,1.42,4.95,7.029,3.1048,12.4919,186.71,553.605,0.2869,7,1,0,1,rgb,0,0,0,0,none,,,,0.0,95.2753,22.7234,90.0,4.95,0.0,594.0,387.36,0.0,5.0188
aid,349,path,,UNLABELED,189.36,556.26,192.42,551.04,3.06,5.22,15.9733,5.8587,22.0156,190.89,553.65,0.5862,98,1,0,1,rgb,0,0,0,0,none,,,,0.0,89.4388,3.6733,0.0,0.61,0.0,594.0,387.36,0.0,13.765
aid,350,path,,UNLABELED,193.18,556.26,196.24,551.04,3.06,5.22,15.9733,5.8522,22.0247,194.71,553.65,0.5862,98,1,0,1,rgb,0,0,0,0,none,,,,0.0,89.4517,3.6704,0.0,0.62,0.0,594.0,387.36,0.0,13.7743
aid,351,path,,UNLABELED,198.94,556.44,200.15,549.87,1.21,6.57,7.9497,3.9845,14.0157,199.545,553.155,0.1842,35,1,0,1,rgb,0,0,0,0,none,,,,0.0,89.7938,30.7312,36.3042,0.608,0.0,594.0,387.36,0.0,6.2999
aid,352,path,,UNLABELED,200.96,556.08,203.39,551.13,2.43,4.95,12.0285,5.104,18.22,202.175,553.605,0.4909,11,1,0,1,rgb,0,0,0,0,none,,,,0.0,71.9478,3.9209,90.0,4.95,0.0,594.0,387.36,0.0,9.6858
aid,353,compound,,UNLABELED,203.54,556.33,208.3,551.13,4.76,5.2,24.752,6.9263,24.0364,205.92,553.73,0.9154,12,2,0,1,rgb,0,0,0,0,none,,,,0.0,90.0198,1.2353,114.5933,5.7188,0.0,594.0,387.36,0.0,12.376
aid,354,compound,,UNLABELED,208.18,556.33,212.94,551.13,4.76,5.2,24.752,6.9199,24.0423,210.56,553.73,0.9154,12,2,0,1,rgb,0,0,0,0,none,,,,0.0,90.0725,1.2333,65.4067,5.7188,0.0,594.0,387.36,0.0,12.376
aid,355,path,,UNLABELED,213.26,556.44,214.47,549.87,1.21,6.57,7.9497,3.9817,14.008,213.865,553.155,0.1842,35,1,0,1,rgb,0,0,0,0,none,,,,0.0,90.7881,27.8453,143.6958,0.608,0.0,594.0,387.36,0.0,6.2757
aid,356,compound,,UNLABELED,331.14,462.07,334.46,457.24,3.32,4.83,16.0355,5.1681,19.8966,332.8,459.655,0.6874,15,2,0,1,rgb,0,0,0,0,none,,,,0.0,84.1072,2.3461,55.9926,5.0062,0.0,594.0,387.36,0.0,8.3271
aid,357,compound,,UNLABELED,334.84,462.01,337.99,457.15,3.15,4.86,15.309,5.7278,22.4438,336.415,459.58,0.6481,98,2,0,1,rgb,0,0,0,0,none,,,,0.0,90.0118,2.6304,105.0163,0.4245,0.0,594.0,387.36,0.0,12.1869
aid,358,compound,,UNLABELED,338.49,461.85,340.56,459.77,2.07,2.08,4.3056,2.4004,10.0161,339.525,460.81,0.9952,34,2,0,1,rgb,0,0,0,0,none,,,,0.0,90.0501,1.1276,10.7842,0.4276,0.0,594.0,387.36,0.0,3.3522
aid,359,compound,,UNLABELED,341.0,462.01,344.15,457.15,3.15,4.86,15.309,5.7351,22.4387,342.575,459.58,0.6481,98,2,0,1,rgb,0,0,0,0,none,,,,0.0,89.9865,2.6338,105.0163,0.4245,0.0,594.0,387.36,0.0,12.184
aid,360,path,,UNLABELED,344.63,461.84,347.95,457.15,3.32,4.69,15.5708,4.1653,16.794,346.29,459.495,0.7079,7,1,0,1,rgb,0,0,0,0,none,,,,0.0,64.5347,3.6412,58.447,5.5037,0.0,594.0,387.36,0.0,8.7468
aid,361,path,,UNLABELED,348.42,457.83,349.1,457.15,0.68,0.68,0.4624,0.3554,2.1287,348.76,457.49,1.0,17,1,0,1,rgb,0,0,0,0,none,,,,0.0,90.4174,1.1102,12.0931,0.1432,0.0,594.0,387.36,0.0,0.3554
aid,362,compound,,UNLABELED,349.85,462.01,353.0,457.15,3.15,4.86,15.309,5.7299,22.4433,351.425,459.58,0.6481,98,2,0,1,rgb,0,0,0,0,none,,,,0.0,89.9887,2.6323,74.9837,0.4245,0.0,594.0,387.36,0.0,12.1838
aid,363,path,,UNLABELED,353.4,462.01,354.59,460.22,1.19,1.79,2.1301,0.8169,4.5074,353.995,461.115,0.6648,5,1,0,1,rgb,0,0,0,0,none,,,,0.0,67.5403,14.7201,62.3005,1.8071,0.0,594.0,387.36,0.0,0.8169
aid,364,path,,UNLABELED,355.35,462.06,359.35,457.05,4.0,5.01,20.04,7.4873,27.5524,357.35,459.555,0.7984,9,1,0,1,rgb,0,0,0,0,none,,,,0.0,67.7054,1.7656,132.969,4.9882,0.0,594.0,387.36,0.0,19.22
aid,365,path,,UNLABELED,302.05,241.84,306.7,238.01,4.65,3.83,17.8094,5.0421,20.4559,304.375,239.925,1.2141,98,1,0,1,rgb,0,0,0,0,none,,,,0.0,151.3306,3.6683,62.1027,0.577,0.0,594.0,387.36,0.0,11.8856
aid,366,compound,,UNLABELED,303.76,244.92,308.34,241.26,4.58,3.66,16.7628,5.7197,22.4366,306.05,243.09,1.2514,98,2,0,1,rgb,0,0,0,0,none,,,,0.0,151.8917,2.6308,166.2924,0.422,0.0,594.0,387.36,0.0,12.1779
aid,367,path,,UNLABELED,34.07,371.1,38.68,368.76,4.61,2.34,10.7874,2.6801,11.5938,36.375,369.93,1.9701,7,1,0,1,rgb,0,0,0,0,none,,,,0.0,161.2216,22.8677,155.8859,4.6016,0.0,594.0,387.36,0.0,4.3154
aid,368,path,,UNLABELED,32.14,369.0,37.22,364.81,5.08,4.19,21.2852,5.2225,20.7154,34.68,366.905,1.2124,47,1,0,1,rgb,0,0,0,0,none,,,,0.0,166.8604,1.9539,117.1213,3.2246,0.0,594.0,387.36,0.0,13.0053
aid,369,path,,UNLABELED,217.76,392.97,219.07,388.37,1.31,4.6,6.026,2.6724,11.5921,218.415,390.67,0.2848,7,1,0,1,rgb,0,0,0,0,none,,,,0.0,95.2382,23.0277,90.0,4.6,0.0,594.0,387.36,0.0,4.3084
aid,370,compound,,UNLABELED,213.11,393.05,215.92,388.2,2.81,4.85,13.6285,6.6054,24.3431,214.515,390.625,0.5794,127,3,0,1,rgb,0,0,0,0,none,,,,0.0,89.3872,2.5524,37.5671,0.328,0.0,594.0,387.36,0.0,11.7152
aid,371,path,,UNLABELED,213.55,203.69,216.39,198.83,2.84,4.86,13.8023,5.044,20.4349,214.97,201.26,0.5844,98,1,0,1,rgb,0,0,0,0,none,,,,0.0,89.4451,3.6782,0.0,0.57,0.0,594.0,387.36,0.0,11.8642
aid,372,compound,,UNLABELED,217.04,203.69,220.02,198.83,2.98,4.86,14.4827,5.2089,20.0613,218.53,201.26,0.6132,70,2,0,1,rgb,0,0,0,0,none,,,,0.0,75.8108,1.5909,53.7346,2.6542,0.0,594.0,387.36,0.0,9.647
aid,373,compound,,UNLABELED,26.53,343.91,29.34,339.05,2.81,4.86,13.6566,6.6025,24.3247,27.935,341.48,0.5782,127,3,0,1,rgb,0,0,0,0,none,,,,0.0,89.4088,2.552,36.1565,0.322,0.0,594.0,387.36,0.0,11.7126
aid,374,compound,,UNLABELED,30.07,343.91,32.88,339.05,2.81,4.86,13.6566,6.6035,24.3217,31.475,341.48,0.5782,127,3,0,1,rgb,0,0,0,0,none,,,,0.0,89.4211,2.5526,36.1561,0.322,0.0,594.0,387.36,0.0,11.711
aid,375,compound,,UNLABELED,33.44,343.91,36.59,339.05,3.15,4.86,15.309,5.7229,22.4408,35.015,341.48,0.6481,98,2,0,1,rgb,0,0,0,0,none,,,,0.0,90.0054,2.6301,74.9817,0.4245,0.0,594.0,387.36,0.0,12.1822
aid,376,path,,UNLABELED,26.61,351.66,29.11,347.07,2.5,4.59,11.475,5.6355,21.68,27.86,349.365,0.5447,13,1,0,1,rgb,0,0,0,0,none,,,,0.0,82.4382,2.661,90.0,4.59,0.0,594.0,387.36,0.0,11.475
aid,377,path,,UNLABELED,29.81,351.66,31.81,347.07,2.0,4.59,9.18,3.4272,13.18,30.81,349.365,0.4357,7,1,0,1,rgb,0,0,0,0,none,,,,0.0,100.578,10.2439,90.0,4.59,0.0,594.0,387.36,0.0,6.3036
aid,378,path,,UNLABELED,32.17,351.66,34.67,347.07,2.5,4.59,11.475,5.5998,21.7,33.42,349.365,0.5447,13,1,0,1,rgb,0,0,0,0,none,,,,0.0,82.4695,2.6576,90.0,4.59,0.0,594.0,387.36,0.0,11.475
aid,379,path,,UNLABELED,34.85,351.66,38.85,346.83,4.0,4.83,19.32,5.0294,19.0096,36.85,349.245,0.8282,7,1,0,1,rgb,0,0,0,0,none,,,,0.0,97.641,1.9274,112.4934,5.2277,0.0,594.0,387.36,0.0,9.66
aid,380,compound,,UNLABELED,231.16,382.89,234.14,378.04,2.98,4.85,14.453,5.2658,20.0069,232.65,380.465,0.6144,70,2,0,1,rgb,0,0,0,0,none,,,,0.0,75.3267,1.5685,53.4774,2.638,0.0,594.0,387.36,0.0,9.6256
aid,381,path,,UNLABELED,235.1,382.72,236.41,378.12,1.31,4.6,6.026,2.6724,11.5921,235.755,380.42,0.2848,7,1,0,1,rgb,0,0,0,0,none,,,,0.0,95.2382,23.0277,90.0,4.6,0.0,594.0,387.36,0.0,4.3084
aid,382,path,,UNLABELED,238.21,382.89,241.06,378.04,2.85,4.85,13.8225,5.0387,20.4555,239.635,380.465,0.5876,98,1,0,1,rgb,0,0,0,0,none,,,,0.0,89.4226,3.6762,0.0,0.57,0.0,594.0,387.36,0.0,11.8668
aid,383,path,,UNLABELED,231.25,390.64,233.75,386.05,2.5,4.59,11.475,5.6355,21.68,232.5,388.345,0.5447,13,1,0,1,rgb,0,0,0,0,none,,,,0.0,82.4294,2.6633,90.0,4.59,0.0,594.0,387.36,0.0,11.475
aid,384,path,,UNLABELED,234.44,390.64,236.44,386.05,2.0,4.59,9.18,3.468,13.18,235.44,388.345,0.4357,7,1,0,1,rgb,0,0,0,0,none,,,,0.0,100.5139,10.2443,90.0,4.59,0.0,594.0,387.36,0.0,6.324
aid,385,path,,UNLABELED,236.8,390.64,239.31,386.05,2.51,4.59,11.5209,5.6457,21.7199,238.055,388.345,0.5468,13,1,0,1,rgb,0,0,0,0,none,,,,0.0,82.3926,2.6474,90.0,4.59,0.0,594.0,387.36,0.0,11.5209
aid,386,path,,UNLABELED,239.49,390.64,243.49,385.82,4.0,4.82,19.28,5.0094,18.9911,241.49,388.23,0.8299,7,1,0,1,rgb,0,0,0,0,none,,,,0.0,97.6774,1.922,112.5354,5.2185,0.0,594.0,387.36,0.0,9.64
aid,387,compound,,UNLABELED,231.81,208.23,234.79,203.37,2.98,4.86,14.4827,5.266,20.0104,233.3,205.8,0.6132,70,2,0,1,rgb,0,0,0,0,none,,,,0.0,75.2611,1.5686,53.6064,2.6461,0.0,594.0,387.36,0.0,9.6223
aid,388,compound,,UNLABELED,235.19,208.23,238.34,203.37,3.15,4.86,15.309,5.7352,22.4382,236.765,205.8,0.6482,98,2,0,1,rgb,0,0,0,0,none,,,,0.0,90.0142,2.6292,105.0194,0.4245,0.0,594.0,387.36,0.0,12.1843
aid,389,compound,,UNLABELED,238.9,208.23,241.71,203.37,2.81,4.86,13.6565,6.6026,24.3225,240.305,205.8,0.5782,127,3,0,1,rgb,0,0,0,0,none,,,,0.0,89.4134,2.5532,36.1575,0.322,0.0,594.0,387.36,0.0,11.7104
aid,390,path,,UNLABELED,231.9,215.98,234.4,211.38,2.5,4.6,11.5,5.6108,21.74,233.15,213.68,0.5435,13,1,0,1,rgb,0,0,0,0,none,,,,0.0,82.4769,2.6634,90.0,4.6,0.0,594.0,387.36,0.0,11.5
aid,391,path,,UNLABELED,235.09,215.98,237.09,211.38,2.0,4.6,9.2,3.474,13.2,236.09,213.68,0.4348,7,1,0,1,rgb,0,0,0,0,none,,,,0.0,100.4862,10.2887,90.0,4.6,0.0,594.0,387.36,0.0,6.337
aid,392,path,,UNLABELED,237.45,215.98,239.95,211.38,2.5,4.6,11.5,5.6416,21.7,238.7,213.68,0.5435,13,1,0,1,rgb,0,0,0,0,none,,,,0.0,82.4744,2.6741,90.0,4.6,0.0,594.0,387.36,0.0,11.5
aid,393,path,,UNLABELED,240.14,215.98,244.14,211.15,4.0,4.83,19.3199,5.0125,19.0034,242.14,213.565,0.8282,7,1,0,1,rgb,0,0,0,0,none,,,,0.0,97.777,1.9221,112.4935,5.2277,0.0,594.0,387.36,0.0,9.66
aid,394,path,,UNLABELED,139.67,329.18,144.0,324.65,4.33,4.53,19.6149,5.1247,20.6929,141.835,326.915,0.9559,67,1,0,1,rgb,0,0,0,0,none,,,,0.0,47.4607,2.6056,49.4239,2.4752,0.0,594.0,387.36,0.0,11.1029
aid,395,compound,,UNLABELED,142.77,327.38,147.0,322.96,4.23,4.42,18.6966,5.1587,19.8888,144.885,325.17,0.957,15,2,0,1,rgb,0,0,0,0,none,,,,0.0,60.4423,2.3413,32.2601,5.0022,0.0,594.0,387.36,0.0,8.3304
aid,396,compound,,UNLABELED,146.51,326.43,150.03,321.78,3.52,4.65,16.368,5.7382,22.4275,148.27,324.105,0.757,98,2,0,1,rgb,0,0,0,0,none,,,,0.0,66.2392,2.6308,87.273,0.4205,0.0,594.0,387.36,0.0,12.1788
aid,397,compound,,UNLABELED,149.75,325.0,153.27,320.35,3.52,4.65,16.368,5.7264,22.4394,151.51,322.675,0.757,98,2,0,1,rgb,0,0,0,0,none,,,,0.0,66.2315,2.6285,80.5384,0.4258,0.0,594.0,387.36,0.0,12.1868
aid,398,path,,UNLABELED,153.83,323.23,158.81,317.69,4.98,5.54,27.5891,5.5666,21.4771,156.32,320.46,0.8989,13,1,0,1,rgb,0,0,0,0,none,,,,0.0,65.3318,2.6915,36.8697,2.95,0.0,594.0,387.36,0.0,15.4656
aid,399,path,,UNLABELED,160.08,320.75,162.4,316.14,2.32,4.61,10.6952,2.6804,11.5878,161.24,318.445,0.5033,7,1,0,1,rgb,0,0,0,0,none,,,,0.0,71.4868,22.9594,66.1642,4.6026,0.0,594.0,387.36,0.0,4.3079
aid,400,compound,,UNLABELED,162.7,319.3,166.22,314.65,3.52,4.65,16.368,5.7348,22.4313,164.46,316.975,0.757,98,2,0,1,rgb,0,0,0,0,none,,,,0.0,66.246,2.6319,81.8699,0.4242,0.0,594.0,387.36,0.0,12.1805
aid,401,compound,,UNLABELED,165.94,317.88,169.46,313.22,3.52,4.66,16.4031,5.7366,22.4458,167.7,315.55,0.7554,98,2,0,1,rgb,0,0,0,0,none,,,,0.0,66.2424,2.6312,80.5384,0.4258,0.0,594.0,387.36,0.0,12.1945
aid,402,path,,UNLABELED,193.73,339.56,196.52,334.96,2.79,4.6,12.834,3.8769,14.78,195.125,337.26,0.6065,9,1,0,1,rgb,0,0,0,0,none,,,,0.0,89.2583,3.441,90.0,4.09,0.0,594.0,387.36,0.0,8.3555
aid,403,path,,UNLABELED,196.43,339.73,202.9,334.79,6.47,4.94,31.9617,9.005,33.0944,199.665,337.26,1.3097,11,1,0,1,rgb,0,0,0,0,none,,,,0.0,153.2181,1.264,67.971,5.1457,0.0,594.0,387.36,0.0,22.2295
aid,404,compound,,UNLABELED,203.23,339.56,206.13,334.96,2.9,4.6,13.34,6.4576,23.471,204.68,337.26,0.6304,45,2,0,1,rgb,0,0,0,0,none,,,,0.0,92.1359,3.0683,90.0,4.6,0.0,594.0,387.36,0.0,11.9306
aid,405,path,,UNLABELED,59.85,192.88,62.79,188.03,2.94,4.85,14.259,5.4282,20.5086,61.32,190.455,0.6062,91,1,0,1,rgb,0,0,0,0,none,,,,0.0,91.7625,3.6077,11.3123,0.6119,0.0,594.0,387.36,0.0,11.9719
aid,406,path,,UNLABELED,63.27,190.32,64.63,189.9,1.36,0.42,0.5712,0.5712,3.56,63.95,190.11,3.238,5,1,0,1,rgb,0,0,0,0,none,,,,0.0,176.7539,10.8472,0.0,1.36,0.0,594.0,387.36,0.0,0.5712
aid,407,path,,UNLABELED,65.27,192.88,68.11,188.03,2.84,4.85,13.774,5.0399,20.432,66.69,190.455,0.5856,98,1,0,1,rgb,0,0,0,0,none,,,,0.0,89.4358,3.6777,0.0,0.57,0.0,594.0,387.36,0.0,11.8662
aid,408,compound,,UNLABELED,68.85,192.88,71.65,188.03,2.8,4.85,13.5799,6.6043,24.3124,70.25,190.455,0.5773,127,3,0,1,rgb,0,0,0,0,none,,,,0.0,89.4057,2.5507,37.2352,0.314,0.0,594.0,387.36,0.0,11.6983
aid,409,path,,UNLABELED,72.56,188.71,73.24,188.03,0.68,0.68,0.4624,0.3512,2.1154,72.9,188.37,1.0,17,1,0,1,rgb,0,0,0,0,none,,,,0.0,90.0,1.1309,102.0931,0.1432,0.0,594.0,387.36,0.0,0.3512
aid,410,path,,UNLABELED,73.97,192.71,77.05,188.03,3.08,4.68,14.4144,5.1244,20.7046,75.51,190.37,0.6581,67,1,0,1,rgb,0,0,0,0,none,,,,0.0,71.2564,2.6039,73.3229,2.4741,0.0,594.0,387.36,0.0,11.1159
aid,411,path,,UNLABELED,77.7,188.79,78.89,187.0,1.19,1.79,2.1301,0.8078,4.5073,78.295,187.895,0.6648,5,1,0,1,rgb,0,0,0,0,none,,,,0.0,67.3465,15.3564,62.4475,1.816,0.0,594.0,387.36,0.0,0.8078
aid,412,compound,,UNLABELED,81.33,192.71,84.91,188.11,3.58,4.6,16.468,7.0211,24.7867,83.12,190.41,0.7783,72,2,0,1,rgb,0,0,0,0,none,,,,0.0,88.8094,2.7468,90.0,4.6,0.0,594.0,387.36,0.0,14.1712
aid,413,path,,UNLABELED,85.32,190.32,86.68,189.9,1.36,0.42,0.5712,0.5712,3.56,86.0,190.11,3.238,5,1,0,1,rgb,0,0,0,0,none,,,,0.0,176.7539,10.8472,0.0,1.36,0.0,594.0,387.36,0.0,0.5712
aid,414,path,,UNLABELED,87.17,192.71,90.25,188.03,3.08,4.68,14.4144,5.1315,20.7228,88.71,190.37,0.6581,67,1,0,1,rgb,0,0,0,0,none,,,,0.0,71.2688,2.6046,73.3229,2.4741,0.0,594.0,387.36,0.0,11.127
aid,415,compound,,UNLABELED,90.81,192.88,93.79,188.03,2.98,4.85,14.453,5.2159,20.0341,92.3,190.455,0.6144,70,2,0,1,rgb,0,0,0,0,none,,,,0.0,75.9076,1.5899,53.7347,2.6542,0.0,594.0,387.36,0.0,9.6331
aid,416,path,,UNLABELED,94.61,188.71,95.29,188.03,0.68,0.68,0.4624,0.3535,2.1238,94.95,188.37,1.0,17,1,0,1,rgb,0,0,0,0,none,,,,0.0,90.23,1.1156,102.0931,0.1432,0.0,594.0,387.36,0.0,0.3535
aid,417,path,,UNLABELED,96.03,192.71,99.11,188.03,3.08,4.68,14.4144,5.134,20.7172,97.57,190.37,0.6581,67,1,0,1,rgb,0,0,0,0,none,,,,0.0,71.1812,2.607,73.3229,2.4741,0.0,594.0,387.36,0.0,11.1266
aid,418,compound,,UNLABELED,60.06,200.63,62.62,196.04,2.56,4.59,11.7505,5.144,18.5505,61.34,198.335,0.5577,52,2,0,1,rgb,0,0,0,0,none,,,,0.0,79.0971,2.552,90.0,4.59,0.0,594.0,387.36,0.0,8.5661
aid,419,path,,UNLABELED,62.84,200.8,66.48,195.95,3.64,4.85,17.6539,5.116,20.0565,64.66,198.375,0.7505,75,1,0,1,rgb,0,0,0,0,none,,,,0.0,87.3214,2.3186,90.0,0.68,0.0,594.0,387.36,0.0,14.8828
aid,420,path,,UNLABELED,67.15,200.85,71.15,195.85,4.0,5.0,20.0,7.4636,27.5151,69.15,198.35,0.8,9,1,0,1,rgb,0,0,0,0,none,,,,0.0,67.6247,1.7603,133.0531,4.9951,0.0,594.0,387.36,0.0,19.18
aid,421,path,,UNLABELED,74.03,200.63,75.35,196.04,1.32,4.59,6.0588,2.6724,11.5921,74.69,198.335,0.2876,7,1,0,1,rgb,0,0,0,0,none,,,,0.0,95.3114,22.5513,90.0,4.59,0.0,594.0,387.36,0.0,4.3248
aid,422,compound,,UNLABELED,76.87,200.87,80.18,196.04,3.31,4.83,15.9873,5.1378,19.8672,78.525,198.455,0.6853,15,2,0,1,rgb,0,0,0,0,none,,,,0.0,84.1766,2.3572,56.0876,5.0007,0.0,594.0,387.36,0.0,8.2997
aid,423,path,,UNLABELED,84.36,200.63,86.62,196.04,2.26,4.59,10.3734,4.4166,16.9,85.49,198.335,0.4924,11,1,0,1,rgb,0,0,0,0,none,,,,0.0,71.8786,3.918,90.0,4.59,0.0,594.0,387.36,0.0,8.342
aid,424,path,,UNLABELED,87.01,201.32,89.99,195.26,2.98,6.06,18.0588,3.0159,13.7567,88.5,198.29,0.4917,5,1,0,1,rgb,0,0,0,0,none,,,,0.0,67.2899,190.6252,66.6258,6.4275,0.0,594.0,387.36,0.0,3.0159
aid,425,path,,UNLABELED,90.39,200.8,94.03,195.95,3.64,4.85,17.6539,5.1175,20.0687,92.21,198.375,0.7505,75,1,0,1,rgb,0,0,0,0,none,,,,0.0,87.3448,2.3147,90.0,0.68,0.0,594.0,387.36,0.0,14.8975
aid,426,path,,UNLABELED,94.44,201.32,97.42,195.26,2.98,6.06,18.0588,3.0159,13.7567,95.93,198.29,0.4917,5,1,0,1,rgb,0,0,0,0,none,,,,0.0,67.2899,190.6252,66.6258,6.4275,0.0,594.0,387.36,0.0,3.0159
aid,427,path,,UNLABELED,97.59,200.63,101.2,196.04,3.61,4.59,16.5699,4.3934,16.393,99.395,198.335,0.7865,10,1,0,1,rgb,0,0,0,0,none,,,,0.0,89.3324,3.1508,59.3677,2.9635,0.0,594.0,387.36,0.0,9.6619
aid,428,path,,UNLABELED,101.33,201.32,104.31,195.26,2.98,6.06,18.0588,3.0159,13.7567,102.82,198.29,0.4917,5,1,0,1,rgb,0,0,0,0,none,,,,0.0,67.2899,190.6252,66.6258,6.4275,0.0,594.0,387.36,0.0,3.0159
aid,429,path,,UNLABELED,104.55,200.63,107.34,196.04,2.79,4.59,12.8061,3.8709,14.76,105.945,198.335,0.6078,9,1,0,1,rgb,0,0,0,0,none,,,,0.0,89.2556,3.425,90.0,4.08,0.0,594.0,387.36,0.0,8.3385
aid,430,compound,,UNLABELED,44.12,208.56,47.02,203.96,2.9,4.6,13.3399,6.4694,23.4714,45.57,206.26,0.6304,45,2,0,1,rgb,0,0,0,0,none,,,,0.0,92.0889,3.0677,90.0,4.6,0.0,594.0,387.36,0.0,11.9528
aid,431,path,,UNLABELED,46.94,208.73,53.41,203.79,6.47,4.94,31.9618,9.0332,33.0821,50.175,206.26,1.3097,11,1,0,1,rgb,0,0,0,0,none,,,,0.0,153.1349,1.2617,67.9711,5.1456,0.0,594.0,387.36,0.0,22.2296
aid,432,path,,UNLABELED,53.26,208.56,56.87,203.96,3.61,4.6,16.606,4.3812,16.4053,55.065,206.26,0.7848,10,1,0,1,rgb,0,0,0,0,none,,,,0.0,89.4459,3.1713,59.466,2.9722,0.0,594.0,387.36,0.0,9.66
aid,433,path,,UNLABELED,59.33,208.56,60.65,203.96,1.32,4.6,6.072,2.7184,11.6121,59.99,206.26,0.287,7,1,0,1,rgb,0,0,0,0,none,,,,0.0,95.2763,22.6603,90.0,4.6,0.0,594.0,387.36,0.0,4.3544
aid,434,compound,,UNLABELED,62.49,208.73,65.3,203.88,2.81,4.85,13.6284,6.6069,24.3141,63.895,206.305,0.5794,127,3,0,1,rgb,0,0,0,0,none,,,,0.0,89.412,2.5512,38.6572,0.3201,0.0,594.0,387.36,0.0,11.7136
aid,435,path,,UNLABELED,66.03,206.18,67.39,205.75,1.36,0.43,0.5848,0.5848,3.58,66.71,205.965,3.1628,5,1,0,1,rgb,0,0,0,0,none,,,,0.0,176.6607,10.3528,0.0,1.36,0.0,594.0,387.36,0.0,0.5848
aid,436,path,,UNLABELED,68.03,208.73,70.87,203.88,2.84,4.85,13.7739,5.0382,20.4292,69.45,206.305,0.5856,98,1,0,1,rgb,0,0,0,0,none,,,,0.0,89.4312,3.6752,0.0,0.57,0.0,594.0,387.36,0.0,11.8632
aid,437,compound,,UNLABELED,71.52,208.73,74.5,203.88,2.98,4.85,14.453,5.2091,20.0486,73.01,206.305,0.6144,70,2,0,1,rgb,0,0,0,0,none,,,,0.0,75.7015,1.5904,53.7347,2.6542,0.0,594.0,387.36,0.0,9.6317
aid,438,path,,UNLABELED,59.85,216.66,62.79,211.8,2.94,4.86,14.2884,5.4316,20.5102,61.32,214.23,0.6049,91,1,0,1,rgb,0,0,0,0,none,,,,0.0,91.7475,3.6073,11.3123,0.6119,0.0,594.0,387.36,0.0,11.9726
aid,439,path,,UNLABELED,63.27,214.1,64.63,213.68,1.36,0.42,0.5712,0.5712,3.56,63.95,213.89,3.238,5,1,0,1,rgb,0,0,0,0,none,,,,0.0,176.7539,10.8472,0.0,1.36,0.0,594.0,387.36,0.0,0.5712
aid,440,path,,UNLABELED,65.69,216.49,67.01,211.89,1.32,4.6,6.072,2.7184,11.6121,66.35,214.19,0.287,7,1,0,1,rgb,0,0,0,0,none,,,,0.0,95.2763,22.6603,90.0,4.6,0.0,594.0,387.36,0.0,4.3544
aid,441,path,,UNLABELED,69.23,216.49,70.55,211.89,1.32,4.6,6.072,2.6775,11.6121,69.89,214.19,0.287,7,1,0,1,rgb,0,0,0,0,none,,,,0.0,95.2992,22.6555,90.0,4.6,0.0,594.0,387.36,0.0,4.334
aid,442,path,,UNLABELED,72.34,216.66,75.28,211.89,2.94,4.77,14.0239,5.2122,20.7032,73.81,214.275,0.6164,47,1,0,1,rgb,0,0,0,0,none,,,,0.0,100.875,1.9512,51.1736,3.2219,0.0,594.0,387.36,0.0,12.9702
aid,443,path,,UNLABELED,75.93,212.57,77.12,210.78,1.19,1.79,2.1301,0.8096,4.502,76.525,211.675,0.6648,5,1,0,1,rgb,0,0,0,0,none,,,,0.0,67.3528,15.1422,62.3007,1.8071,0.0,594.0,387.36,0.0,0.8096
aid,444,compound,,UNLABELED,79.56,216.49,83.13,211.89,3.57,4.6,16.422,6.9818,24.8032,81.345,214.19,0.7761,72,2,0,1,rgb,0,0,0,0,none,,,,0.0,88.8347,2.7453,90.0,4.6,0.0,594.0,387.36,0.0,14.1659
aid,445,path,,UNLABELED,83.55,214.1,84.91,213.68,1.36,0.42,0.5712,0.5712,3.56,84.23,213.89,3.238,5,1,0,1,rgb,0,0,0,0,none,,,,0.0,176.7539,10.8472,0.0,1.36,0.0,594.0,387.36,0.0,0.5712
aid,446,path,,UNLABELED,85.97,216.49,87.29,211.89,1.32,4.6,6.072,2.6775,11.6121,86.63,214.19,0.287,7,1,0,1,rgb,0,0,0,0,none,,,,0.0,95.2992,22.6555,90.0,4.6,0.0,594.0,387.36,0.0,4.334
aid,447,path,,UNLABELED,88.94,216.49,92.02,211.8,3.08,4.69,14.4452,5.1348,20.719,90.48,214.145,0.6567,67,1,0,1,rgb,0,0,0,0,none,,,,0.0,71.2925,2.6069,73.3229,2.4741,0.0,594.0,387.36,0.0,11.128
aid,448,compound,,UNLABELED,92.67,216.66,95.48,211.8,2.81,4.86,13.6565,6.5985,24.339,94.075,214.23,0.5782,127,3,0,1,rgb,0,0,0,0,none,,,,0.0,89.404,2.5528,36.1591,0.322,0.0,594.0,387.36,0.0,11.7002
aid,449,path,,UNLABELED,96.21,212.57,97.41,210.78,1.2,1.79,2.148,0.8185,4.516,96.81,211.675,0.6704,5,1,0,1,rgb,0,0,0,0,none,,,,0.0,67.2244,14.7875,62.0207,1.8118,0.0,594.0,387.36,0.0,0.8185
aid,450,path,,UNLABELED,99.71,216.66,102.65,211.89,2.94,4.77,14.0239,5.2022,20.6946,101.18,214.275,0.6164,47,1,0,1,rgb,0,0,0,0,none,,,,0.0,100.9419,1.9507,51.1736,3.2219,0.0,594.0,387.36,0.0,12.9706
aid,451,compound,,UNLABELED,103.38,216.49,106.96,211.89,3.58,4.6,16.468,7.0336,24.8017,105.17,214.19,0.7783,72,2,0,1,rgb,0,0,0,0,none,,,,0.0,88.7907,2.7463,90.0,4.6,0.0,594.0,387.36,0.0,14.1941
aid,452,path,,UNLABELED,107.38,214.1,108.74,213.68,1.36,0.42,0.5712,0.5712,3.56,108.06,213.89,3.238,5,1,0,1,rgb,0,0,0,0,none,,,,0.0,176.7539,10.8472,0.0,1.36,0.0,594.0,387.36,0.0,0.5712
aid,453,path,,UNLABELED,109.36,216.66,112.3,211.89,2.94,4.77,14.0239,5.2094,20.704,110.83,214.275,0.6164,47,1,0,1,rgb,0,0,0,0,none,,,,0.0,100.8166,1.9518,51.1736,3.2219,0.0,594.0,387.36,0.0,12.9687
aid,454,path,,UNLABELED,112.87,216.49,116.19,211.8,3.32,4.69,15.5708,4.1534,16.7925,114.53,214.145,0.7079,7,1,0,1,rgb,0,0,0,0,none,,,,0.0,64.5778,3.6471,58.447,5.5037,0.0,594.0,387.36,0.0,8.7468
aid,455,compound,,UNLABELED,116.5,216.66,119.48,211.8,2.98,4.86,14.4828,5.258,20.0082,117.99,214.23,0.6132,70,2,0,1,rgb,0,0,0,0,none,,,,0.0,75.463,1.5678,53.6065,2.6461,0.0,594.0,387.36,0.0,9.6182
aid,456,compound,,UNLABELED,60.06,224.41,62.62,219.82,2.56,4.59,11.7505,5.1367,18.5579,61.34,222.115,0.5577,52,2,0,1,rgb,0,0,0,0,none,,,,0.0,79.0757,2.5509,90.0,4.59,0.0,594.0,387.36,0.0,8.5617
aid,457,path,,UNLABELED,62.84,224.58,66.48,219.73,3.64,4.85,17.6539,5.105,20.0591,64.66,222.155,0.7505,75,1,0,1,rgb,0,0,0,0,none,,,,0.0,87.3143,2.3175,90.0,0.69,0.0,594.0,387.36,0.0,14.8736
aid,458,path,,UNLABELED,67.15,224.63,71.15,219.63,4.0,5.0,20.0,7.4636,27.5151,69.15,222.13,0.8,9,1,0,1,rgb,0,0,0,0,none,,,,0.0,67.6247,1.7603,133.0531,4.9951,0.0,594.0,387.36,0.0,19.18
aid,459,compound,,UNLABELED,73.32,224.65,76.64,219.82,3.32,4.83,16.0357,5.1524,19.8828,74.98,222.235,0.6874,15,2,0,1,rgb,0,0,0,0,none,,,,0.0,84.1288,2.3492,56.0876,5.0007,0.0,594.0,387.36,0.0,8.3264
aid,460,compound,,UNLABELED,76.87,224.65,80.18,219.82,3.31,4.83,15.9873,5.1378,19.8672,78.525,222.235,0.6853,15,2,0,1,rgb,0,0,0,0,none,,,,0.0,84.1766,2.3572,56.0876,5.0007,0.0,594.0,387.36,0.0,8.2997
aid,461,path,,UNLABELED,84.36,224.41,86.62,219.82,2.26,4.59,10.3734,4.4166,16.9,85.49,222.115,0.4924,11,1,0,1,rgb,0,0,0,0,none,,,,0.0,71.9125,3.9172,90.0,4.59,0.0,594.0,387.36,0.0,8.3503
aid,462,path,,UNLABELED,87.01,225.09,89.99,219.04,2.98,6.05,18.029,3.001,13.7434,88.5,222.065,0.4926,5,1,0,1,rgb,0,0,0,0,none,,,,0.0,67.2699,191.7069,66.5903,6.4183,0.0,594.0,387.36,0.0,3.001
aid,463,path,,UNLABELED,90.39,224.58,94.03,219.73,3.64,4.85,17.6539,5.1063,20.071,92.21,222.155,0.7505,75,1,0,1,rgb,0,0,0,0,none,,,,0.0,87.3376,2.3136,90.0,0.69,0.0,594.0,387.36,0.0,14.8882
aid,464,path,,UNLABELED,94.44,225.09,97.42,219.04,2.98,6.05,18.029,3.001,13.7434,95.93,222.065,0.4926,5,1,0,1,rgb,0,0,0,0,none,,,,0.0,67.2699,191.7069,66.5903,6.4183,0.0,594.0,387.36,0.0,3.001
aid,465,path,,UNLABELED,97.59,224.41,101.2,219.82,3.61,4.59,16.5699,4.4084,16.3902,99.395,222.115,0.7865,10,1,0,1,rgb,0,0,0,0,none,,,,0.0,89.3277,3.155,59.466,2.9722,0.0,594.0,387.36,0.0,9.6619
aid,466,path,,UNLABELED,101.33,225.09,104.31,219.04,2.98,6.05,18.029,3.001,13.7434,102.82,222.065,0.4926,5,1,0,1,rgb,0,0,0,0,none,,,,0.0,67.2699,191.7069,66.5903,6.4183,0.0,594.0,387.36,0.0,3.001
aid,467,path,,UNLABELED,104.55,224.41,107.34,219.82,2.79,4.59,12.8061,3.8709,14.76,105.945,222.115,0.6078,9,1,0,1,rgb,0,0,0,0,none,,,,0.0,89.2556,3.425,90.0,4.08,0.0,594.0,387.36,0.0,8.3385
aid,468,compound,,UNLABELED,44.12,232.34,47.02,227.74,2.9,4.6,13.3399,6.4661,23.471,45.57,230.04,0.6304,45,2,0,1,rgb,0,0,0,0,none,,,,0.0,92.1174,3.066,90.0,4.6,0.0,594.0,387.36,0.0,11.948
aid,469,path,,UNLABELED,46.94,232.51,53.41,227.57,6.47,4.94,31.9618,9.0332,33.0821,50.175,230.04,1.3097,11,1,0,1,rgb,0,0,0,0,none,,,,0.0,153.1349,1.2617,67.9711,5.1456,0.0,594.0,387.36,0.0,22.2296
aid,470,path,,UNLABELED,53.26,232.34,56.87,227.74,3.61,4.6,16.606,4.3698,16.4225,55.065,230.04,0.7848,10,1,0,1,rgb,0,0,0,0,none,,,,0.0,89.4466,3.1714,59.466,2.9722,0.0,594.0,387.36,0.0,9.66
aid,471,path,,UNLABELED,59.33,232.34,60.65,227.74,1.32,4.6,6.072,2.7184,11.6121,59.99,230.04,0.287,7,1,0,1,rgb,0,0,0,0,none,,,,0.0,95.2763,22.6603,90.0,4.6,0.0,594.0,387.36,0.0,4.3544
aid,472,path,,UNLABELED,62.44,232.51,65.38,227.74,2.94,4.77,14.0239,5.2065,20.7042,63.91,230.125,0.6164,47,1,0,1,rgb,0,0,0,0,none,,,,0.0,100.9086,1.9528,51.1737,3.2219,0.0,594.0,387.36,0.0,12.9794
aid,473,path,,UNLABELED,66.03,229.95,67.39,229.53,1.36,0.42,0.5712,0.5712,3.56,66.71,229.74,3.238,5,1,0,1,rgb,0,0,0,0,none,,,,0.0,176.7539,10.8472,0.0,1.36,0.0,594.0,387.36,0.0,0.5712
aid,474,path,,UNLABELED,68.03,232.51,70.87,227.66,2.84,4.85,13.774,5.0417,20.4353,69.45,230.085,0.5856,98,1,0,1,rgb,0,0,0,0,none,,,,0.0,89.4399,3.6771,0.0,0.57,0.0,594.0,387.36,0.0,11.8671
aid,475,compound,,UNLABELED,71.44,232.51,74.59,227.66,3.15,4.85,15.2775,5.7239,22.4394,73.015,230.085,0.6495,98,2,0,1,rgb,0,0,0,0,none,,,,0.0,90.0142,2.6299,105.0183,0.4245,0.0,594.0,387.36,0.0,12.1811
aid,476,compound,,UNLABELED,306.76,557.4,311.18,552.57,4.42,4.83,21.3485,5.978,22.3263,308.97,554.985,0.9151,12,2,0,1,rgb,0,0,0,0,none,,,,0.0,90.1606,1.2389,114.5867,5.3116,0.0,594.0,387.36,0.0,10.6743
aid,477,path,,UNLABELED,311.58,557.39,315.58,552.38,4.0,5.01,20.04,7.4867,27.5523,313.58,554.885,0.7984,9,1,0,1,rgb,0,0,0,0,none,,,,0.0,67.7471,1.7657,133.0531,4.9951,0.0,594.0,387.36,0.0,19.22
aid,478,compound,,UNLABELED,316.39,557.17,319.97,552.57,3.58,4.6,16.4679,7.0339,24.7739,318.18,554.87,0.7783,72,2,0,1,rgb,0,0,0,0,none,,,,0.0,88.7835,2.7451,90.0,4.6,0.0,594.0,387.36,0.0,14.1743
aid,479,path,,UNLABELED,320.47,557.17,322.97,552.57,2.5,4.6,11.5,5.6248,21.72,321.72,554.87,0.5435,13,1,0,1,rgb,0,0,0,0,none,,,,0.0,82.4931,2.6657,90.0,4.6,0.0,594.0,387.36,0.0,11.5
aid,480,compound,,UNLABELED,323.66,557.17,326.56,552.57,2.9,4.6,13.34,6.4578,23.4587,325.11,554.87,0.6304,45,2,0,1,rgb,0,0,0,0,none,,,,0.0,92.1704,3.066,90.0,4.6,0.0,594.0,387.36,0.0,11.926
aid,481,path,,UNLABELED,326.78,557.34,329.71,552.48,2.93,4.86,14.2398,5.4244,20.5173,328.245,554.91,0.6029,91,1,0,1,rgb,0,0,0,0,none,,,,0.0,91.7482,3.6043,11.3097,0.6119,0.0,594.0,387.36,0.0,11.9552
aid,482,compound,,UNLABELED,329.94,557.34,334.79,552.48,4.85,4.86,23.571,7.4947,27.0533,332.365,554.91,0.9979,114,2,0,1,rgb,0,0,0,0,none,,,,0.0,90.0632,1.0729,29.3572,0.3672,0.0,594.0,387.36,0.0,18.5205
aid,483,path,,UNLABELED,335.36,557.39,339.36,552.38,4.0,5.01,20.04,7.4867,27.5523,337.36,554.885,0.7984,9,1,0,1,rgb,0,0,0,0,none,,,,0.0,67.7471,1.7657,133.0531,4.9951,0.0,594.0,387.36,0.0,19.22
aid,484,path,,UNLABELED,340.08,553.25,341.27,551.46,1.19,1.79,2.1301,0.8095,4.502,340.675,552.355,0.6648,5,1,0,1,rgb,0,0,0,0,none,,,,0.0,67.3525,15.1426,62.3007,1.8071,0.0,594.0,387.36,0.0,0.8095
aid,485,path,,UNLABELED,343.71,557.17,344.31,552.57,0.6,4.6,2.76,2.76,10.4,344.01,554.87,0.1304,5,1,0,1,rgb,0,0,0,0,none,,,,0.0,88.7337,60.514,90.0,4.6,0.0,594.0,387.36,0.0,2.76
aid,486,path,,UNLABELED,345.13,557.39,349.13,552.38,4.0,5.01,20.04,7.4873,27.5524,347.13,554.885,0.7984,9,1,0,1,rgb,0,0,0,0,none,,,,0.0,67.7052,1.7656,132.9691,4.9882,0.0,594.0,387.36,0.0,19.22
aid,487,compound,,UNLABELED,349.94,557.17,353.52,552.57,3.58,4.6,16.4679,7.0415,24.7891,351.73,554.87,0.7783,72,2,0,1,rgb,0,0,0,0,none,,,,0.0,88.7677,2.7434,90.0,4.6,0.0,594.0,387.36,0.0,14.1941
aid,488,path,,UNLABELED,354.02,557.17,354.62,552.57,0.6,4.6,2.76,2.76,10.4,354.32,554.87,0.1304,5,1,0,1,rgb,0,0,0,0,none,,,,0.0,88.7337,60.514,90.0,4.6,0.0,594.0,387.36,0.0,2.76
aid,489,compound,,UNLABELED,354.93,557.4,359.36,552.57,4.43,4.83,21.3969,5.9903,22.3406,357.145,554.985,0.9172,12,2,0,1,rgb,0,0,0,0,none,,,,0.0,90.5714,1.2324,114.6848,5.3158,0.0,594.0,387.36,0.0,10.6984
aid,490,path,,UNLABELED,359.75,557.39,363.75,552.38,4.0,5.01,20.04,7.4873,27.5524,361.75,554.885,0.7984,9,1,0,1,rgb,0,0,0,0,none,,,,0.0,67.7052,1.7656,132.9691,4.9882,0.0,594.0,387.36,0.0,19.22
aid,491,compound,,UNLABELED,364.05,557.4,368.48,552.57,4.43,4.83,21.3969,5.9903,22.3406,366.265,554.985,0.9172,12,2,0,1,rgb,0,0,0,0,none,,,,0.0,89.8879,1.2328,65.3152,5.3158,0.0,594.0,387.36,0.0,10.6984
aid,492,compound,,UNLABELED,306.76,40.33,311.18,35.5,4.42,4.83,21.3486,5.9781,22.3264,308.97,37.915,0.9151,12,2,0,1,rgb,0,0,0,0,none,,,,0.0,90.1606,1.239,114.5866,5.3116,0.0,594.0,387.36,0.0,10.6743
aid,493,path,,UNLABELED,311.58,40.31,315.58,35.31,4.0,5.0,20.0,7.4636,27.5152,313.58,37.81,0.8,9,1,0,1,rgb,0,0,0,0,none,,,,0.0,67.6251,1.7603,133.0529,4.9951,0.0,594.0,387.36,0.0,19.1801
aid,494,compound,,UNLABELED,316.39,40.09,319.97,35.5,3.58,4.59,16.4322,7.0236,24.7617,318.18,37.795,0.7799,72,2,0,1,rgb,0,0,0,0,none,,,,0.0,88.7815,2.7421,90.0,4.59,0.0,594.0,387.36,0.0,14.1609
aid,495,path,,UNLABELED,320.47,40.09,322.97,35.5,2.5,4.59,11.4751,5.5999,21.7001,321.72,37.795,0.5447,13,1,0,1,rgb,0,0,0,0,none,,,,0.0,82.4696,2.6576,90.0,4.59,0.0,594.0,387.36,0.0,11.4751
aid,496,compound,,UNLABELED,323.66,40.09,326.56,35.5,2.9,4.59,13.311,6.45,23.4306,325.11,37.795,0.6318,45,2,0,1,rgb,0,0,0,0,none,,,,0.0,92.1131,3.0631,90.0,4.59,0.0,594.0,387.36,0.0,11.914
aid,497,path,,UNLABELED,326.78,40.26,329.71,35.41,2.93,4.85,14.2104,5.4235,20.5119,328.245,37.835,0.6041,91,1,0,1,rgb,0,0,0,0,none,,,,0.0,91.7627,3.6053,12.2254,0.6139,0.0,594.0,387.36,0.0,11.9567
aid,498,compound,,UNLABELED,329.94,40.26,334.79,35.41,4.85,4.85,23.5224,7.4849,27.0481,332.365,37.835,1.0,114,2,0,1,rgb,0,0,0,0,none,,,,0.0,90.0641,1.0718,51.5785,0.3701,0.0,594.0,387.36,0.0,18.5109
aid,499,path,,UNLABELED,335.36,40.31,339.36,35.31,4.0,5.0,20.0,7.4636,27.5152,337.36,37.81,0.8,9,1,0,1,rgb,0,0,0,0,none,,,,0.0,67.6251,1.7603,133.0529,4.9951,0.0,594.0,387.36,0.0,19.1801
aid,500,path,,UNLABELED,340.08,36.18,341.27,34.39,1.19,1.79,2.1301,0.8095,4.5019,340.675,35.285,0.6648,5,1,0,1,rgb,0,0,0,0,none,,,,0.0,67.3524,15.1429,62.3003,1.8071,0.0,594.0,387.36,0.0,0.8095
aid,501,path,,UNLABELED,343.71,40.09,344.31,35.5,0.6,4.59,2.754,2.754,10.3801,344.01,37.795,0.1307,5,1,0,1,rgb,0,0,0,0,none,,,,0.0,88.7309,60.2522,90.0,4.59,0.0,594.0,387.36,0.0,2.754
aid,502,path,,UNLABELED,345.13,40.31,349.13,35.31,4.0,5.0,20.0,7.4643,27.5152,347.13,37.81,0.8,9,1,0,1,rgb,0,0,0,0,none,,,,0.0,67.5828,1.7602,132.9688,4.9882,0.0,594.0,387.36,0.0,19.1801
aid,503,compound,,UNLABELED,349.94,40.09,353.52,35.5,3.58,4.59,16.4322,7.031,24.7759,351.73,37.795,0.7799,72,2,0,1,rgb,0,0,0,0,none,,,,0.0,88.7658,2.7405,90.0,4.59,0.0,594.0,387.36,0.0,14.1805
aid,504,path,,UNLABELED,354.02,40.09,354.62,35.5,0.6,4.59,2.754,2.754,10.3801,354.32,37.795,0.1307,5,1,0,1,rgb,0,0,0,0,none,,,,0.0,88.7309,60.2522,90.0,4.59,0.0,594.0,387.36,0.0,2.754
aid,505,compound,,UNLABELED,354.93,40.33,359.36,35.5,4.43,4.83,21.3969,5.9903,22.3406,357.145,37.915,0.9172,12,2,0,1,rgb,0,0,0,0,none,,,,0.0,90.5714,1.2324,114.6847,5.3158,0.0,594.0,387.36,0.0,10.6985
aid,506,path,,UNLABELED,359.75,40.31,363.75,35.31,4.0,5.0,20.0,7.4643,27.5152,361.75,37.81,0.8,9,1,0,1,rgb,0,0,0,0,none,,,,0.0,67.5828,1.7602,132.9688,4.9882,0.0,594.0,387.36,0.0,19.1801
aid,507,compound,,UNLABELED,364.05,40.33,368.48,35.5,4.43,4.83,21.3969,5.9903,22.3406,366.265,37.915,0.9172,12,2,0,1,rgb,0,0,0,0,none,,,,0.0,89.8879,1.2328,65.3153,5.3158,0.0,594.0,387.36,0.0,10.6985
aid,508,compound,,UNLABELED,73.09,375.08,77.23,369.77,4.14,5.31,21.9834,5.9958,22.3523,75.16,372.425,0.7797,12,2,0,1,rgb,0,0,0,0,none,,,,0.0,63.7447,1.237,38.8114,5.3131,0.0,594.0,387.36,0.0,10.7118
aid,509,compound,,UNLABELED,144.07,342.51,148.21,337.2,4.14,5.31,21.9833,5.978,22.3258,146.14,339.855,0.7797,12,2,0,1,rgb,0,0,0,0,none,,,,0.0,63.8067,1.2387,87.9509,5.3134,0.0,594.0,387.36,0.0,10.6923
aid,510,compound,,UNLABELED,195.66,318.01,199.8,312.7,4.14,5.31,21.9834,6.0007,22.3289,197.73,315.355,0.7797,12,2,0,1,rgb,0,0,0,0,none,,,,0.0,63.6206,1.2353,38.8115,5.3131,0.0,594.0,387.36,0.0,10.7019
aid,511,compound,,UNLABELED,267.5,284.36,271.64,279.05,4.14,5.31,21.9833,6.0007,22.3288,269.57,281.705,0.7797,12,2,0,1,rgb,0,0,0,0,none,,,,0.0,63.6213,1.2353,38.8116,5.313,0.0,594.0,387.36,0.0,10.7019
aid,512,path,,UNLABELED,186.46,348.53,191.26,343.84,4.8,4.69,22.512,7.0447,26.8715,188.86,346.185,1.0235,100,1,0,1,rgb,0,0,0,0,none,,,,0.0,163.19,1.4417,65.9055,1.7637,0.0,594.0,387.36,0.0,17.1708
aid,513,path,,UNLABELED,98.6,404.26,101.92,399.67,3.32,4.59,15.2388,6.5484,23.98,100.26,401.965,0.7233,13,1,0,1,rgb,0,0,0,0,none,,,,0.0,90.9713,2.0153,90.0,4.59,0.0,594.0,387.36,0.0,15.2388
aid,514,compound,,UNLABELED,102.22,404.5,106.65,399.67,4.43,4.83,21.3969,5.9903,22.3406,104.435,402.085,0.9172,12,2,0,1,rgb,0,0,0,0,none,,,,0.0,89.8881,1.2328,65.3152,5.3158,0.0,594.0,387.36,0.0,10.6985
aid,515,path,,UNLABELED,107.04,404.48,111.04,399.48,4.0,5.0,20.0,7.4643,27.5151,109.04,401.98,0.8,9,1,0,1,rgb,0,0,0,0,none,,,,0.0,67.5825,1.7601,132.969,4.9882,0.0,594.0,387.36,0.0,19.18
aid,516,path,,UNLABELED,111.6,404.43,116.03,399.58,4.43,4.85,21.4855,7.0403,26.8693,113.815,402.005,0.9134,100,1,0,1,rgb,0,0,0,0,none,,,,0.0,97.4329,1.4416,0.0,1.77,0.0,594.0,387.36,0.0,17.1841
aid,517,compound,,UNLABELED,116.12,404.5,120.55,399.67,4.43,4.83,21.3969,5.9962,22.3465,118.335,402.085,0.9172,12,2,0,1,rgb,0,0,0,0,none,,,,0.0,90.0623,1.2349,65.3152,5.3158,0.0,594.0,387.36,0.0,10.6985
aid,518,compound,,UNLABELED,120.94,404.26,123.85,399.67,2.91,4.59,13.3569,6.4404,23.471,122.395,401.965,0.634,45,2,0,1,rgb,0,0,0,0,none,,,,0.0,92.0693,3.0513,90.0,4.59,0.0,594.0,387.36,0.0,11.9513
aid,519,path,,UNLABELED,124.06,404.43,127.0,399.58,2.94,4.85,14.259,5.4296,20.4951,125.53,402.005,0.6062,91,1,0,1,rgb,0,0,0,0,none,,,,0.0,91.7882,3.6126,12.2242,0.6139,0.0,594.0,387.36,0.0,11.969
aid,520,compound,,UNLABELED,194.63,333.1,197.61,328.25,2.98,4.85,14.453,5.2535,20.0108,196.12,330.675,0.6144,70,2,0,1,rgb,0,0,0,0,none,,,,0.0,75.2252,1.5705,53.4774,2.638,0.0,594.0,387.36,0.0,9.6188
aid,521,path,,UNLABELED,197.99,332.93,201.07,328.25,3.08,4.68,14.4145,5.1295,20.7271,199.53,330.59,0.6581,67,1,0,1,rgb,0,0,0,0,none,,,,0.0,71.256,2.6045,73.3231,2.4741,0.0,594.0,387.36,0.0,11.1283
aid,522,path,,UNLABELED,201.63,332.93,204.95,328.25,3.32,4.68,15.5376,4.1394,16.7964,203.29,330.59,0.7094,7,1,0,1,rgb,0,0,0,0,none,,,,0.0,64.5131,3.6269,58.4816,5.4899,0.0,594.0,387.36,0.0,8.7521
aid,523,path,,UNLABELED,293.14,227.14,295.74,221.83,2.6,5.31,13.806,5.8823,19.52,294.44,224.485,0.4896,11,1,0,1,rgb,0,0,0,0,none,,,,0.0,72.0537,3.9365,90.0,5.31,0.0,594.0,387.36,0.0,11.1337
aid,524,path,,UNLABELED,296.49,227.14,297.18,221.83,0.69,5.31,3.6639,3.6639,12.0,296.835,224.485,0.1299,5,1,0,1,rgb,0,0,0,0,none,,,,0.0,88.7386,60.9728,90.0,5.31,0.0,594.0,387.36,0.0,3.6639
aid,525,path,,UNLABELED,298.13,227.14,301.02,221.83,2.89,5.31,15.346,7.5225,25.08,299.575,224.485,0.5443,13,1,0,1,rgb,0,0,0,0,none,,,,0.0,82.4561,2.663,90.0,5.31,0.0,594.0,387.36,0.0,15.346
aid,526,path,,UNLABELED,301.82,227.14,304.13,221.83,2.31,5.31,12.2661,4.6197,15.24,302.975,224.485,0.435,7,1,0,1,rgb,0,0,0,0,none,,,,0.0,100.5104,10.2752,90.0,5.31,0.0,594.0,387.36,0.0,8.4429
aid,527,compound,,UNLABELED,304.54,227.14,308.67,221.83,4.13,5.31,21.9303,9.3603,28.611,306.605,224.485,0.7778,72,2,0,1,rgb,0,0,0,0,none,,,,0.0,88.7781,2.7428,90.0,5.31,0.0,594.0,387.36,0.0,18.8871
aid,528,path,,UNLABELED,294.08,219.71,296.96,214.41,2.88,5.3,15.264,7.4405,25.04,295.52,217.06,0.5434,13,1,0,1,rgb,0,0,0,0,none,,,,0.0,82.4873,2.6688,90.0,5.3,0.0,594.0,387.36,0.0,15.264
aid,529,path,,UNLABELED,297.76,219.71,300.07,214.41,2.31,5.3,12.243,4.6128,15.22,298.915,217.06,0.4358,7,1,0,1,rgb,0,0,0,0,none,,,,0.0,100.5345,10.2368,90.0,5.3,0.0,594.0,387.36,0.0,8.4279
aid,530,path,,UNLABELED,300.48,219.71,303.37,214.41,2.89,5.3,15.317,7.4936,25.06,301.925,217.06,0.5453,13,1,0,1,rgb,0,0,0,0,none,,,,0.0,82.4282,2.6579,90.0,5.3,0.0,594.0,387.36,0.0,15.317
aid,531,path,,UNLABELED,303.58,219.71,308.2,214.14,4.62,5.57,25.7336,6.7048,21.9358,305.89,216.925,0.8294,7,1,0,1,rgb,0,0,0,0,none,,,,0.0,97.6536,1.9244,67.4749,6.03,0.0,594.0,387.36,0.0,12.8668
aid,532,compound,,UNLABELED,295.13,212.42,298.57,206.82,3.44,5.6,19.264,6.9865,23.0919,296.85,209.62,0.6143,70,2,0,1,rgb,0,0,0,0,none,,,,0.0,75.2794,1.5666,53.5441,3.0461,0.0,594.0,387.36,0.0,12.8036
aid,533,path,,UNLABELED,299.67,212.22,301.18,206.92,1.51,5.3,8.003,3.5606,13.3564,300.425,209.57,0.2849,7,1,0,1,rgb,0,0,0,0,none,,,,0.0,95.2323,23.0061,90.0,5.3,0.0,594.0,387.36,0.0,5.7272
aid,534,compound,,UNLABELED,303.31,212.42,306.75,206.82,3.44,5.6,19.264,6.9876,23.0838,305.03,209.62,0.6143,70,2,0,1,rgb,0,0,0,0,none,,,,0.0,75.3625,1.5694,53.5441,3.0461,0.0,594.0,387.36,0.0,12.7966
aid,535,compound,,UNLABELED,53.42,352.21,56.98,347.57,3.56,4.64,16.5184,5.7264,22.444,55.2,349.89,0.7672,98,2,0,1,rgb,0,0,0,0,none,,,,0.0,65.0286,2.6323,50.7111,0.4264,0.0,594.0,387.36,0.0,12.1836
aid,536,path,,UNLABELED,56.38,347.22,57.06,346.54,0.68,0.68,0.4624,0.3544,2.1242,56.72,346.88,1.0,17,1,0,1,rgb,0,0,0,0,none,,,,0.0,67.8852,1.1059,120.2573,0.1389,0.0,594.0,387.36,0.0,0.3544
aid,537,path,,UNLABELED,57.77,350.32,62.63,345.89,4.86,4.43,21.5298,4.155,16.7952,60.2,348.105,1.0971,7,1,0,1,rgb,0,0,0,0,none,,,,0.0,39.4563,3.6359,33.4004,5.4861,0.0,594.0,387.36,0.0,8.7632
aid,538,compound,,UNLABELED,62.22,348.7,64.34,346.64,2.12,2.06,4.3672,1.8815,10.9545,63.28,347.67,1.0291,66,2,0,1,rgb,0,0,0,0,none,,,,0.0,152.4375,1.0254,149.9311,0.2195,0.0,594.0,387.36,0.0,3.4099
aid,539,path,,UNLABELED,61.36,347.63,65.96,344.31,4.6,3.32,15.272,1.7491,11.3818,63.66,345.97,1.3855,5,1,0,1,rgb,0,0,0,0,none,,,,0.0,35.2988,277.3762,34.7559,5.3677,0.0,594.0,387.36,0.0,1.7491
aid,540,compound,,UNLABELED,62.82,345.39,65.03,343.24,2.21,2.15,4.7515,1.9953,11.5097,63.925,344.315,1.0279,66,2,0,1,rgb,0,0,0,0,none,,,,0.0,154.7695,1.0226,59.0388,0.2332,0.0,594.0,387.36,0.0,3.7151
aid,541,path,,UNLABELED,67.03,346.2,71.53,341.06,4.5,5.14,23.13,6.0488,22.131,69.28,343.63,0.8755,51,1,0,1,rgb,0,0,0,0,none,,,,0.0,80.3556,1.3767,64.9354,2.9034,0.0,594.0,387.36,0.0,14.7314
aid,542,compound,,UNLABELED,70.3,344.43,74.15,340.01,3.85,4.42,17.017,5.1134,18.5752,72.225,342.22,0.871,52,2,0,1,rgb,0,0,0,0,none,,,,0.0,54.1872,2.5427,65.0508,4.5992,0.0,594.0,387.36,0.0,8.5621
aid,543,path,,UNLABELED,25.47,503.99,26.79,499.39,1.32,4.6,6.072,2.6775,11.6121,26.13,501.69,0.287,7,1,0,1,rgb,0,0,0,0,none,,,,0.0,95.2992,22.6554,90.0,4.6,0.0,594.0,387.36,0.0,4.3339
aid,544,path,,UNLABELED,28.58,504.16,31.52,499.39,2.94,4.77,14.0238,5.2041,20.7138,30.05,501.775,0.6164,47,1,0,1,rgb,0,0,0,0,none,,,,0.0,100.8563,1.9536,51.1736,3.2219,0.0,594.0,387.36,0.0,12.979
aid,545,path,,UNLABELED,32.56,503.99,33.87,499.39,1.31,4.6,6.026,2.6724,11.5921,33.215,501.69,0.2848,7,1,0,1,rgb,0,0,0,0,none,,,,0.0,95.2382,23.0276,90.0,4.6,0.0,594.0,387.36,0.0,4.3084
aid,546,path,,UNLABELED,35.88,499.99,36.57,499.31,0.69,0.68,0.4692,0.3578,2.1351,36.225,499.65,1.0147,17,1,0,1,rgb,0,0,0,0,none,,,,0.0,89.0233,1.0899,102.0937,0.1432,0.0,594.0,387.36,0.0,0.3578
aid,547,compound,,UNLABELED,37.4,504.16,40.38,499.31,2.98,4.85,14.453,5.228,20.0423,38.89,501.735,0.6144,70,2,0,1,rgb,0,0,0,0,none,,,,0.0,75.8988,1.5891,53.909,2.6482,0.0,594.0,387.36,0.0,9.6488
aid,548,path,,UNLABELED,24.91,512.08,29.34,507.23,4.43,4.85,21.4855,7.0529,26.8684,27.125,509.655,0.9134,100,1,0,1,rgb,0,0,0,0,none,,,,0.0,97.4353,1.4426,0.0,1.76,0.0,594.0,387.36,0.0,17.1718
aid,549,path,,UNLABELED,29.95,512.13,33.95,507.13,4.0,5.0,20.0,7.4643,27.5151,31.95,509.63,0.8,9,1,0,1,rgb,0,0,0,0,none,,,,0.0,67.5826,1.7601,132.9691,4.9882,0.0,594.0,387.36,0.0,19.18
aid,550,compound,,UNLABELED,34.76,511.91,38.34,507.32,3.58,4.59,16.4322,7.0307,24.7782,36.55,509.615,0.78,72,2,0,1,rgb,0,0,0,0,none,,,,0.0,88.7659,2.7419,90.0,4.59,0.0,594.0,387.36,0.0,14.1823
aid,551,path,,UNLABELED,40.36,512.08,44.0,507.23,3.64,4.85,17.654,5.1156,20.0693,42.18,509.655,0.7505,75,1,0,1,rgb,0,0,0,0,none,,,,0.0,87.312,2.3167,90.0,0.68,0.0,594.0,387.36,0.0,14.8971
aid,552,compound,,UNLABELED,44.32,512.08,49.18,507.23,4.86,4.85,23.571,7.5015,27.0453,46.75,509.655,1.0021,114,2,0,1,rgb,0,0,0,0,none,,,,0.0,90.0179,1.0729,40.6008,0.3688,0.0,594.0,387.36,0.0,18.5153
aid,553,path,,UNLABELED,49.74,512.13,53.74,507.13,4.0,5.0,20.0,7.48,27.5182,51.74,509.63,0.8,9,1,0,1,rgb,0,0,0,0,none,,,,0.0,67.6895,1.7624,132.9691,4.9882,0.0,594.0,387.36,0.0,19.18
aid,554,path,,UNLABELED,25.47,519.84,26.79,515.24,1.32,4.6,6.072,2.6775,11.6121,26.13,517.54,0.287,7,1,0,1,rgb,0,0,0,0,none,,,,0.0,95.2992,22.6554,90.0,4.6,0.0,594.0,387.36,0.0,4.3339
aid,555,path,,UNLABELED,28.58,520.01,31.52,515.24,2.94,4.77,14.0238,5.2051,20.6982,30.05,517.625,0.6164,47,1,0,1,rgb,0,0,0,0,none,,,,0.0,100.8875,1.9554,51.1736,3.2219,0.0,594.0,387.36,0.0,12.9864
aid,556,compound,,UNLABELED,32.09,520.01,35.07,515.16,2.98,4.85,14.453,5.2387,20.0386,33.58,517.585,0.6144,70,2,0,1,rgb,0,0,0,0,none,,,,0.0,75.8995,1.5913,53.7346,2.6541,0.0,594.0,387.36,0.0,9.6429
aid,557,path,,UNLABELED,35.88,515.84,36.57,515.16,0.69,0.68,0.4692,0.3561,2.1299,36.225,515.5,1.0147,17,1,0,1,rgb,0,0,0,0,none,,,,0.0,88.9225,1.0785,12.0943,0.1432,0.0,594.0,387.36,0.0,0.3561
aid,558,compound,,UNLABELED,37.31,520.01,40.47,515.16,3.16,4.85,15.326,5.7296,22.4428,38.89,517.585,0.6515,98,2,0,1,rgb,0,0,0,0,none,,,,0.0,89.9971,2.6311,112.3062,0.4215,0.0,594.0,387.36,0.0,12.1857
aid,559,compound,,UNLABELED,24.66,528.0,29.09,523.17,4.43,4.83,21.3969,5.9903,22.3405,26.875,525.585,0.9172,12,2,0,1,rgb,0,0,0,0,none,,,,0.0,90.571,1.2324,114.6848,5.3158,0.0,594.0,387.36,0.0,10.6985
aid,560,path,,UNLABELED,29.48,527.99,33.48,522.98,4.0,5.01,20.04,7.503,27.5555,31.48,525.485,0.7984,9,1,0,1,rgb,0,0,0,0,none,,,,0.0,67.8113,1.7678,132.9691,4.9882,0.0,594.0,387.36,0.0,19.22
aid,561,compound,,UNLABELED,34.29,527.77,37.87,523.17,3.58,4.6,16.468,7.0263,24.7905,36.08,525.47,0.7783,72,2,0,1,rgb,0,0,0,0,none,,,,0.0,88.8056,2.7499,90.0,4.6,0.0,594.0,387.36,0.0,14.1786
aid,562,path,,UNLABELED,38.37,527.77,40.87,523.17,2.5,4.6,11.5,5.6057,21.72,39.62,525.47,0.5435,13,1,0,1,rgb,0,0,0,0,none,,,,0.0,82.5057,2.6707,90.0,4.6,0.0,594.0,387.36,0.0,11.5
aid,563,compound,,UNLABELED,41.56,527.77,44.46,523.17,2.9,4.6,13.34,6.4567,23.4817,43.01,525.47,0.6304,45,2,0,1,rgb,0,0,0,0,none,,,,0.0,92.1217,3.0651,90.0,4.6,0.0,594.0,387.36,0.0,11.9423
aid,564,path,,UNLABELED,44.68,527.94,47.61,523.09,2.93,4.85,14.2105,5.42,20.5148,46.145,525.515,0.6041,91,1,0,1,rgb,0,0,0,0,none,,,,0.0,91.741,3.6058,11.3102,0.6119,0.0,594.0,387.36,0.0,11.954
aid,565,compound,,UNLABELED,47.84,527.94,52.69,523.09,4.85,4.85,23.5225,7.4885,27.0439,50.265,525.515,1.0,114,2,0,1,rgb,0,0,0,0,none,,,,0.0,89.9613,1.0727,62.7445,0.3712,0.0,594.0,387.36,0.0,18.5075
aid,566,path,,UNLABELED,53.26,527.99,57.26,522.98,4.0,5.01,20.04,7.4866,27.5523,55.26,525.485,0.7984,9,1,0,1,rgb,0,0,0,0,none,,,,0.0,67.7471,1.7657,133.053,4.9951,0.0,594.0,387.36,0.0,19.22
aid,567,path,,UNLABELED,59.42,527.77,62.21,523.17,2.79,4.6,12.834,3.8769,14.78,60.815,525.47,0.6065,9,1,0,1,rgb,0,0,0,0,none,,,,0.0,89.3783,3.4394,90.0,4.09,0.0,594.0,387.36,0.0,8.3554
aid,568,compound,,UNLABELED,62.29,527.94,67.15,523.09,4.86,4.85,23.571,7.5004,27.0469,64.72,525.515,1.0021,114,2,0,1,rgb,0,0,0,0,none,,,,0.0,89.8857,1.0723,117.2555,0.3712,0.0,594.0,387.36,0.0,18.5153
aid,569,path,,UNLABELED,67.2,527.94,73.67,523.0,6.47,4.94,31.9617,9.0214,33.1007,70.435,525.47,1.3097,11,1,0,1,rgb,0,0,0,0,none,,,,0.0,152.901,1.2653,112.0289,5.1457,0.0,594.0,387.36,0.0,22.2296
aid,570,path,,UNLABELED,74.01,527.77,76.51,523.17,2.5,4.6,11.5,5.6057,21.72,75.26,525.47,0.5435,13,1,0,1,rgb,0,0,0,0,none,,,,0.0,82.5057,2.6707,90.0,4.6,0.0,594.0,387.36,0.0,11.5
aid,571,compound,,UNLABELED,77.2,527.77,80.1,523.17,2.9,4.6,13.34,6.4505,23.4648,78.65,525.47,0.6304,45,2,0,1,rgb,0,0,0,0,none,,,,0.0,92.1709,3.0741,90.0,4.6,0.0,594.0,387.36,0.0,11.9191
aid,572,path,,UNLABELED,25.47,535.69,26.79,531.1,1.32,4.59,6.0588,2.6724,11.5921,26.13,533.395,0.2876,7,1,0,1,rgb,0,0,0,0,none,,,,0.0,95.3114,22.5514,90.0,4.59,0.0,594.0,387.36,0.0,4.3248
aid,573,path,,UNLABELED,28.58,535.86,31.52,531.1,2.94,4.76,13.9944,5.2021,20.6912,30.05,533.48,0.6176,47,1,0,1,rgb,0,0,0,0,none,,,,0.0,100.9633,1.9507,51.0618,3.2141,0.0,594.0,387.36,0.0,12.9656
aid,574,compound,,UNLABELED,32.17,535.86,34.98,531.01,2.81,4.85,13.6285,6.6122,24.3458,33.575,533.435,0.5794,127,3,0,1,rgb,0,0,0,0,none,,,,0.0,89.3945,2.5506,37.5685,0.328,0.0,594.0,387.36,0.0,11.7139
aid,575,path,,UNLABELED,35.88,531.69,36.57,531.01,0.69,0.68,0.4692,0.3561,2.1299,36.225,531.35,1.0147,17,1,0,1,rgb,0,0,0,0,none,,,,0.0,88.9225,1.0785,12.0943,0.1432,0.0,594.0,387.36,0.0,0.3561
aid,576,path,,UNLABELED,37.3,535.69,40.38,531.01,3.08,4.68,14.4144,5.1194,20.7023,38.84,533.35,0.6581,67,1,0,1,rgb,0,0,0,0,none,,,,0.0,71.2218,2.6028,73.2562,2.4645,0.0,594.0,387.36,0.0,11.1135
aid,577,path,,UNLABELED,40.84,535.69,43.92,531.01,3.08,4.68,14.4144,5.1131,20.6864,42.38,533.35,0.6581,67,1,0,1,rgb,0,0,0,0,none,,,,0.0,71.2376,2.6051,73.0339,2.4674,0.0,594.0,387.36,0.0,11.0916
aid,578,compound,,UNLABELED,24.66,543.86,29.09,539.02,4.43,4.84,21.4412,6.0125,22.3587,26.875,541.44,0.9153,12,2,0,1,rgb,0,0,0,0,none,,,,0.0,90.5824,1.2358,114.6399,5.3248,0.0,594.0,387.36,0.0,10.7206
aid,579,path,,UNLABELED,28.97,543.79,35.44,538.85,6.47,4.94,31.9618,9.0333,33.0822,32.205,541.32,1.3097,11,1,0,1,rgb,0,0,0,0,none,,,,0.0,153.1347,1.2617,67.9711,5.1457,0.0,594.0,387.36,0.0,22.2296
aid,580,compound,,UNLABELED,35.43,543.79,40.29,538.94,4.86,4.85,23.571,7.4949,27.0476,37.86,541.365,1.0021,114,2,0,1,rgb,0,0,0,0,none,,,,0.0,89.9382,1.0724,117.2557,0.3712,0.0,594.0,387.36,0.0,18.5136
aid,581,path,,UNLABELED,40.64,543.79,43.57,538.94,2.93,4.85,14.2105,5.4197,20.5255,42.105,541.365,0.6041,91,1,0,1,rgb,0,0,0,0,none,,,,0.0,91.7471,3.6094,12.2253,0.6139,0.0,594.0,387.36,0.0,11.9589
aid,582,path,,UNLABELED,44.06,541.24,45.42,540.81,1.36,0.43,0.5848,0.5848,3.58,44.74,541.025,3.1628,5,1,0,1,rgb,0,0,0,0,none,,,,0.0,176.6606,10.3524,0.0,1.36,0.0,594.0,387.36,0.0,0.5848
aid,583,path,,UNLABELED,46.05,543.79,48.9,538.94,2.85,4.85,13.8225,5.0437,20.4329,47.475,541.365,0.5876,98,1,0,1,rgb,0,0,0,0,none,,,,0.0,89.4141,3.6776,0.0,0.57,0.0,594.0,387.36,0.0,11.88
aid,584,path,,UNLABELED,221.59,342.58,226.44,339.74,4.85,2.84,13.774,5.0447,20.4339,224.015,341.16,1.7078,98,1,0,1,rgb,0,0,0,0,none,,,,0.0,179.4498,3.6733,90.0,0.57,0.0,594.0,387.36,0.0,11.8694
aid,585,path,,UNLABELED,221.59,339.04,226.44,336.19,4.85,2.85,13.8225,5.0446,20.4567,224.015,337.615,1.7018,98,1,0,1,rgb,0,0,0,0,none,,,,0.0,179.4469,3.6689,90.0,0.57,0.0,594.0,387.36,0.0,11.8798
aid,586,compound,,UNLABELED,221.59,335.46,226.44,332.48,4.85,2.98,14.4531,5.2332,20.0148,224.015,333.97,1.6275,70,2,0,1,rgb,0,0,0,0,none,,,,0.0,165.114,1.5704,143.6064,2.6461,0.0,594.0,387.36,0.0,9.6066
aid,587,compound,,UNLABELED,221.59,331.92,226.44,328.94,4.85,2.98,14.4531,5.2461,20.0119,224.015,330.43,1.6275,70,2,0,1,rgb,0,0,0,0,none,,,,0.0,165.2,1.5719,143.6064,2.6461,0.0,594.0,387.36,0.0,9.6111
aid,588,path,,UNLABELED,221.67,326.94,226.27,323.45,4.6,3.49,16.054,5.552,21.497,223.97,325.195,1.3181,13,1,0,1,rgb,0,0,0,0,none,,,,0.0,179.249,2.6976,150.7376,2.9459,0.0,594.0,387.36,0.0,15.479
aid,589,path,,UNLABELED,221.59,321.4,226.27,318.08,4.68,3.32,15.5376,4.1394,16.7964,223.93,319.74,1.4096,7,1,0,1,rgb,0,0,0,0,none,,,,0.0,154.5129,3.6269,148.4814,5.4899,0.0,594.0,387.36,0.0,8.7521
aid,590,path,,UNLABELED,221.59,317.96,226.27,314.88,4.68,3.08,14.4143,5.1136,20.6862,223.93,316.42,1.5195,67,1,0,1,rgb,0,0,0,0,none,,,,0.0,161.2434,2.6036,163.2564,2.4645,0.0,594.0,387.36,0.0,11.1053
aid,591,path,,UNLABELED,17.83,570.52,20.77,565.75,2.94,4.77,14.0238,5.2172,20.7057,19.3,568.135,0.6164,47,1,0,1,rgb,0,0,0,0,none,,,,0.0,100.7776,1.9575,51.1736,3.2219,0.0,594.0,387.36,0.0,12.9907
aid,592,path,,UNLABELED,21.24,570.35,24.32,565.67,3.08,4.68,14.4144,5.1088,20.6759,22.78,568.01,0.6581,67,1,0,1,rgb,0,0,0,0,none,,,,0.0,71.2292,2.6041,73.2562,2.4645,0.0,594.0,387.36,0.0,11.0948
aid,593,path,,UNLABELED,25.35,570.35,26.67,565.75,1.32,4.6,6.072,2.6775,11.6121,26.01,568.05,0.287,7,1,0,1,rgb,0,0,0,0,none,,,,0.0,95.2992,22.6555,90.0,4.6,0.0,594.0,387.36,0.0,4.334
aid,594,compound,,UNLABELED,28.34,570.52,31.49,565.67,3.15,4.85,15.2775,5.7244,22.4403,29.915,568.095,0.6495,98,2,0,1,rgb,0,0,0,0,none,,,,0.0,89.9882,2.6327,74.9816,0.4245,0.0,594.0,387.36,0.0,12.1827
aid,595,path,,UNLABELED,31.97,570.35,35.29,565.67,3.32,4.68,15.5376,4.1368,16.7782,33.63,568.01,0.7094,7,1,0,1,rgb,0,0,0,0,none,,,,0.0,64.5256,3.6426,58.3925,5.4952,0.0,594.0,387.36,0.0,8.7302
aid,596,path,,UNLABELED,17.83,27.08,20.77,22.31,2.94,4.77,14.0239,5.213,20.7077,19.3,24.695,0.6163,47,1,0,1,rgb,0,0,0,0,none,,,,0.0,100.8345,1.9534,51.1737,3.2219,0.0,594.0,387.36,0.0,12.9728
aid,597,path,,UNLABELED,21.24,26.91,24.32,22.23,3.08,4.68,14.4144,5.1238,20.7038,22.78,24.57,0.6581,67,1,0,1,rgb,0,0,0,0,none,,,,0.0,71.2557,2.6055,73.3229,2.4741,0.0,594.0,387.36,0.0,11.1101
aid,598,path,,UNLABELED,25.35,26.91,26.67,22.31,1.32,4.6,6.072,2.6775,11.6122,26.01,24.61,0.287,7,1,0,1,rgb,0,0,0,0,none,,,,0.0,95.2991,22.6558,90.0,4.6,0.0,594.0,387.36,0.0,4.334
aid,599,compound,,UNLABELED,28.34,27.08,31.49,22.23,3.15,4.85,15.2774,5.7232,22.4343,29.915,24.655,0.6495,98,2,0,1,rgb,0,0,0,0,none,,,,0.0,89.9883,2.6306,105.0194,0.4245,0.0,594.0,387.36,0.0,12.1783
aid,600,path,,UNLABELED,31.97,26.91,35.29,22.23,3.32,4.68,15.5376,4.1368,16.7781,33.63,24.57,0.7094,7,1,0,1,rgb,0,0,0,0,none,,,,0.0,64.5255,3.6426,58.3925,5.4952,0.0,594.0,387.36,0.0,8.7302
aid,601,path,,UNLABELED,50.13,371.4,52.53,366.81,2.4,4.59,11.016,2.6544,11.5911,51.33,369.105,0.5229,7,1,0,1,rgb,0,0,0,0,none,,,,0.0,70.2671,22.9542,65.0508,4.5992,0.0,594.0,387.36,0.0,4.299
aid,602,path,,UNLABELED,52.21,369.88,56.45,364.81,4.24,5.07,21.4968,5.2199,20.7074,54.33,367.345,0.8363,47,1,0,1,rgb,0,0,0,0,none,,,,0.0,75.849,1.9499,26.0889,3.229,0.0,594.0,387.36,0.0,13.001
aid,603,compound,,UNLABELED,55.95,368.38,59.51,363.74,3.56,4.64,16.5184,5.7249,22.4431,57.73,366.06,0.7672,98,2,0,1,rgb,0,0,0,0,none,,,,0.0,65.0137,2.6313,50.7111,0.4264,0.0,594.0,387.36,0.0,12.1826
aid,604,path,,UNLABELED,58.91,363.39,59.59,362.71,0.68,0.68,0.4624,0.3543,2.124,59.25,363.05,1.0,17,1,0,1,rgb,0,0,0,0,none,,,,0.0,66.4367,1.1108,120.2573,0.1389,0.0,594.0,387.36,0.0,0.3543
aid,605,compound,,UNLABELED,60.28,365.62,64.57,361.24,4.29,4.38,18.7902,5.1535,19.9057,62.425,363.43,0.9795,15,2,0,1,rgb,0,0,0,0,none,,,,0.0,59.0293,2.3532,31.0227,5.006,0.0,594.0,387.36,0.0,8.318
aid,606,compound,,UNLABELED,64.83,364.66,66.93,362.56,2.1,2.1,4.41,2.4164,10.0274,65.88,363.61,1.0,34,2,0,1,rgb,0,0,0,0,none,,,,0.0,64.9088,1.121,165.3235,0.4342,0.0,594.0,387.36,0.0,3.3666
aid,607,path,,UNLABELED,276.24,265.55,279.97,260.87,3.73,4.68,17.4565,5.0436,20.4386,278.105,263.21,0.797,98,1,0,1,rgb,0,0,0,0,none,,,,0.0,64.4249,3.6709,153.8852,0.568,0.0,594.0,387.36,0.0,11.8788
aid,608,compound,,UNLABELED,279.57,264.03,283.13,259.39,3.56,4.64,16.5183,5.7282,22.4357,281.35,261.71,0.7672,98,2,0,1,rgb,0,0,0,0,none,,,,0.0,65.0173,2.63,43.0919,0.4245,0.0,594.0,387.36,0.0,12.1809
aid,609,compound,,UNLABELED,282.78,262.53,286.34,257.89,3.56,4.64,16.5183,5.7279,22.4378,284.56,260.21,0.7672,98,2,0,1,rgb,0,0,0,0,none,,,,0.0,65.0235,2.6313,50.7074,0.4264,0.0,594.0,387.36,0.0,12.1816
aid,610,path,,UNLABELED,285.74,257.54,286.42,256.86,0.68,0.68,0.4624,0.3545,2.1245,286.08,257.2,1.0,17,1,0,1,rgb,0,0,0,0,none,,,,0.0,62.8811,1.1242,167.9069,0.1432,0.0,594.0,387.36,0.0,0.3545
aid,611,compound,,UNLABELED,287.11,259.77,291.4,255.39,4.29,4.38,18.7901,5.1655,19.9013,289.255,257.58,0.9795,15,2,0,1,rgb,0,0,0,0,none,,,,0.0,59.0528,2.3542,31.0225,5.006,0.0,594.0,387.36,0.0,8.3379
aid,612,compound,,UNLABELED,291.67,258.81,293.76,256.71,2.09,2.1,4.389,2.4144,10.0198,292.715,257.76,0.9952,34,2,0,1,rgb,0,0,0,0,none,,,,0.0,65.1377,1.1246,165.3259,0.4342,0.0,594.0,387.36,0.0,3.3626
aid,613,path,,UNLABELED,208.29,348.47,212.89,347.15,4.6,1.32,6.072,2.6749,11.6121,210.59,347.81,3.4849,7,1,0,1,rgb,0,0,0,0,none,,,,0.0,5.1623,22.6542,179.8755,4.6,0.0,594.0,387.36,0.0,4.3314
aid,614,compound,,UNLABELED,208.13,353.11,212.98,350.3,4.85,2.81,13.6285,6.6038,24.3185,210.555,351.705,1.726,127,3,0,1,rgb,0,0,0,0,none,,,,0.0,179.3076,2.5518,128.6594,0.3202,0.0,594.0,387.36,0.0,11.7096
aid,615,path,,UNLABELED,208.3,356.74,212.98,353.66,4.68,3.08,14.4144,5.1279,20.7039,210.64,355.2,1.5195,67,1,0,1,rgb,0,0,0,0,none,,,,0.0,161.1092,2.6017,163.1014,2.477,0.0,594.0,387.36,0.0,11.1054
aid,616,path,,UNLABELED,212.31,358.24,212.99,357.56,0.68,0.68,0.4624,0.3525,2.1193,212.65,357.9,1.0,17,1,0,1,rgb,0,0,0,0,none,,,,0.0,177.7387,1.101,77.9057,0.1432,0.0,594.0,387.36,0.0,0.3525
aid,617,path,,UNLABELED,208.14,361.97,213.0,359.12,4.86,2.85,13.851,5.0528,20.4502,210.57,360.545,1.7053,98,1,0,1,rgb,0,0,0,0,none,,,,0.0,179.3159,3.6769,88.9955,0.5701,0.0,594.0,387.36,0.0,11.8849
aid,618,compound,,UNLABELED,208.31,364.71,210.39,362.64,2.08,2.07,4.3056,2.4087,10.021,209.35,363.675,1.0048,34,2,0,1,rgb,0,0,0,0,none,,,,0.0,0.5372,1.122,79.4604,0.4374,0.0,594.0,387.36,0.0,3.3589
aid,619,compound,,UNLABELED,207.45,230.28,212.3,227.13,4.85,3.15,15.2775,5.7413,22.4415,209.875,228.705,1.5397,98,2,0,1,rgb,0,0,0,0,none,,,,0.0,179.9953,2.635,164.9837,0.4245,0.0,594.0,387.36,0.0,12.1903
aid,620,compound,,UNLABELED,207.45,233.82,212.3,230.67,4.85,3.15,15.2775,5.7411,22.4466,209.875,232.245,1.5397,98,2,0,1,rgb,0,0,0,0,none,,,,0.0,0.0008,2.6293,164.9837,0.4245,0.0,594.0,387.36,0.0,12.2003
aid,621,path,,UNLABELED,207.62,237.28,212.3,234.2,4.68,3.08,14.4143,5.1218,20.6955,209.96,235.74,1.5195,67,1,0,1,rgb,0,0,0,0,none,,,,0.0,161.2014,2.6037,163.2564,2.4645,0.0,594.0,387.36,0.0,11.113
aid,622,path,,UNLABELED,211.62,238.78,212.3,238.1,0.68,0.68,0.4624,0.353,2.1208,211.96,238.44,1.0,17,1,0,1,rgb,0,0,0,0,none,,,,0.0,179.4952,1.0976,102.0931,0.1432,0.0,594.0,387.36,0.0,0.353
aid,623,path,,UNLABELED,207.45,242.51,212.3,239.66,4.85,2.85,13.8224,5.0562,20.4641,209.875,241.085,1.7018,98,1,0,1,rgb,0,0,0,0,none,,,,0.0,179.4315,3.67,90.0,0.57,0.0,594.0,387.36,0.0,11.8875
aid,624,compound,,UNLABELED,207.61,245.25,209.68,243.17,2.07,2.08,4.3057,2.411,10.012,208.645,244.21,0.9952,34,2,0,1,rgb,0,0,0,0,none,,,,0.0,0.0,1.1214,10.7862,0.4276,0.0,594.0,387.36,0.0,3.3576
aid,625,compound,,UNLABELED,153.63,370.78,156.61,365.93,2.98,4.85,14.453,5.2563,20.0024,155.12,368.355,0.6144,70,2,0,1,rgb,0,0,0,0,none,,,,0.0,75.3052,1.5683,53.6064,2.6461,0.0,594.0,387.36,0.0,9.6161
aid,626,compound,,UNLABELED,157.18,370.78,160.16,365.93,2.98,4.85,14.453,5.2543,19.9885,158.67,368.355,0.6144,70,2,0,1,rgb,0,0,0,0,none,,,,0.0,75.3854,1.566,53.6064,2.6461,0.0,594.0,387.36,0.0,9.6079
aid,627,path,,UNLABELED,160.67,370.78,163.61,366.02,2.94,4.76,13.9944,5.2087,20.6916,162.14,368.4,0.6176,47,1,0,1,rgb,0,0,0,0,none,,,,0.0,100.9336,1.9513,51.0619,3.2141,0.0,594.0,387.36,0.0,12.9627
aid,628,compound,,UNLABELED,42.09,375.84,47.4,371.75,5.31,4.09,21.7179,5.9622,22.3325,44.745,373.795,1.2983,12,2,0,1,rgb,0,0,0,0,none,,,,0.0,158.0375,1.2367,2.2648,5.3142,0.0,594.0,387.36,0.0,10.6825
aid,629,path,,UNLABELED,43.53,379.45,48.16,377.23,4.63,2.22,10.2786,2.6759,11.5885,45.845,378.34,2.0856,7,1,0,1,rgb,0,0,0,0,none,,,,0.0,162.9304,22.863,157.6199,4.5962,0.0,594.0,387.36,0.0,4.3147
aid,630,compound,,UNLABELED,111.54,344.25,116.85,340.16,5.31,4.09,21.7179,5.9884,22.3292,114.195,342.205,1.2983,12,2,0,1,rgb,0,0,0,0,none,,,,0.0,157.8483,1.2383,2.2648,5.3141,0.0,594.0,387.36,0.0,10.7001
aid,631,path,,UNLABELED,112.99,348.61,118.07,344.49,5.08,4.12,20.9297,5.2111,20.698,115.53,346.55,1.233,47,1,0,1,rgb,0,0,0,0,none,,,,0.0,168.6323,1.951,118.7097,3.2267,0.0,594.0,387.36,0.0,13.0027
aid,632,compound,,UNLABELED,176.67,314.79,181.55,310.37,4.88,4.42,21.5695,5.981,22.3329,179.11,312.58,1.1041,12,2,0,1,rgb,0,0,0,0,none,,,,0.0,178.6077,1.2392,154.0133,5.3176,0.0,594.0,387.36,0.0,10.6891
aid,633,path,,UNLABELED,176.83,317.94,181.68,315.09,4.85,2.85,13.8225,5.0473,20.454,179.255,316.515,1.7018,98,1,0,1,rgb,0,0,0,0,none,,,,0.0,178.0411,3.6699,88.9939,0.5701,0.0,594.0,387.36,0.0,11.8905
aid,634,compound,,UNLABELED,302.79,257.68,308.1,253.54,5.31,4.14,21.9833,5.9937,22.3372,305.445,255.61,1.2826,12,2,0,1,rgb,0,0,0,0,none,,,,0.0,153.2667,1.2384,128.8954,5.3193,0.0,594.0,387.36,0.0,10.7082
aid,635,compound,,UNLABELED,305.01,262.14,309.34,257.79,4.33,4.35,18.8356,5.1512,19.9076,307.175,259.965,0.9954,15,2,0,1,rgb,0,0,0,0,none,,,,0.0,147.7304,2.3583,119.6882,5.0073,0.0,594.0,387.36,0.0,8.3316
aid,636,compound,,UNLABELED,273.27,566.32,279.4,559.63,6.13,6.69,41.0097,11.4885,30.9296,276.335,562.975,0.9163,12,2,0,1,rgb,0,0,0,0,none,,,,0.0,90.4502,1.2383,114.6501,7.3608,0.0,594.0,387.36,0.0,20.5049
aid,637,path,,UNLABELED,279.94,566.3,285.48,559.37,5.54,6.93,38.3923,14.3239,38.1325,282.71,562.835,0.7994,9,1,0,1,rgb,0,0,0,0,none,,,,0.0,67.6624,1.7617,132.9485,6.9129,0.0,594.0,387.36,0.0,36.8134
aid,638,compound,,UNLABELED,286.6,565.99,291.55,559.63,4.95,6.36,31.4821,13.4615,34.3146,289.075,562.81,0.7783,72,2,0,1,rgb,0,0,0,0,none,,,,0.0,88.7891,2.7434,90.0,6.36,0.0,594.0,387.36,0.0,27.1792
aid,639,path,,UNLABELED,292.25,565.99,295.71,559.63,3.46,6.36,22.0055,10.7623,30.06,293.98,562.81,0.544,13,1,0,1,rgb,0,0,0,0,none,,,,0.0,82.4553,2.6624,90.0,6.36,0.0,594.0,387.36,0.0,22.0055
aid,640,compound,,UNLABELED,296.67,565.99,300.69,559.63,4.02,6.36,25.5671,12.3654,32.4774,298.68,562.81,0.6321,45,2,0,1,rgb,0,0,0,0,none,,,,0.0,92.136,3.0645,90.0,6.36,0.0,594.0,387.36,0.0,22.8886
aid,641,path,,UNLABELED,300.99,566.23,305.05,559.51,4.06,6.72,27.2832,10.3978,28.3829,303.02,562.87,0.6042,91,1,0,1,rgb,0,0,0,0,none,,,,0.0,91.7608,3.6069,11.7125,0.8374,0.0,594.0,387.36,0.0,22.9236
aid,642,compound,,UNLABELED,305.36,566.23,312.08,559.51,6.72,6.72,45.1582,14.3661,37.4495,308.72,562.87,1.0,114,2,0,1,rgb,0,0,0,0,none,,,,0.0,89.8847,1.0721,117.5519,0.5188,0.0,594.0,387.36,0.0,35.4964
aid,643,path,,UNLABELED,312.86,566.3,318.4,559.37,5.54,6.93,38.3923,14.3239,38.1325,315.63,562.835,0.7994,9,1,0,1,rgb,0,0,0,0,none,,,,0.0,67.6624,1.7617,132.9485,6.9129,0.0,594.0,387.36,0.0,36.8134
aid,644,compound,,UNLABELED,321.98,565.99,326.0,559.63,4.02,6.36,25.5671,12.3654,32.4774,323.99,562.81,0.6321,45,2,0,1,rgb,0,0,0,0,none,,,,0.0,92.136,3.0645,90.0,6.36,0.0,594.0,387.36,0.0,22.8886
aid,645,path,,UNLABELED,326.23,566.23,332.36,559.51,6.13,6.72,41.1936,13.518,37.1876,329.295,562.87,0.9122,100,1,0,1,rgb,0,0,0,0,none,,,,0.0,97.4276,1.4424,0.0,2.44,0.0,594.0,387.36,0.0,32.9342
aid,646,path,,UNLABELED,333.21,566.3,338.75,559.37,5.54,6.93,38.3923,14.3229,38.1325,335.98,562.835,0.7994,9,1,0,1,rgb,0,0,0,0,none,,,,0.0,67.693,1.7618,133.0089,6.9197,0.0,594.0,387.36,0.0,36.8134
aid,647,path,,UNLABELED,339.87,565.99,342.64,559.63,2.77,6.36,17.6171,6.6561,18.26,341.255,562.81,0.4355,7,1,0,1,rgb,0,0,0,0,none,,,,0.0,100.5142,10.2472,90.0,6.36,0.0,594.0,387.36,0.0,12.1366
aid,648,compound,,UNLABELED,273.41,33.33,279.54,26.63,6.13,6.7,41.0711,11.4979,30.9678,276.475,29.98,0.9149,12,2,0,1,rgb,0,0,0,0,none,,,,0.0,89.9726,1.2382,65.3823,7.3699,0.0,594.0,387.36,0.0,20.5356
aid,649,path,,UNLABELED,280.08,33.3,285.62,26.37,5.54,6.93,38.3922,14.332,38.1525,282.85,29.835,0.7994,9,1,0,1,rgb,0,0,0,0,none,,,,0.0,67.6806,1.7657,132.9485,6.9129,0.0,594.0,387.36,0.0,36.841
aid,650,compound,,UNLABELED,286.75,33.0,291.7,26.63,4.95,6.37,31.5316,13.4154,34.3216,289.225,29.815,0.7771,72,2,0,1,rgb,0,0,0,0,none,,,,0.0,88.7781,2.7471,90.0,6.37,0.0,594.0,387.36,0.0,27.1538
aid,651,path,,UNLABELED,292.39,33.0,295.86,26.63,3.47,6.37,22.1039,10.828,30.0801,294.125,29.815,0.5447,13,1,0,1,rgb,0,0,0,0,none,,,,0.0,82.4448,2.6632,90.0,6.37,0.0,594.0,387.36,0.0,22.1039
aid,652,compound,,UNLABELED,296.81,33.0,300.83,26.63,4.02,6.37,25.6073,12.3781,32.5146,298.82,29.815,0.6311,45,2,0,1,rgb,0,0,0,0,none,,,,0.0,92.0934,3.0628,90.0,6.37,0.0,594.0,387.36,0.0,22.9114
aid,653,path,,UNLABELED,301.13,33.23,305.19,26.52,4.06,6.71,27.2427,10.3928,28.4003,303.16,29.875,0.6051,91,1,0,1,rgb,0,0,0,0,none,,,,0.0,91.7579,3.61,12.2354,0.8493,0.0,594.0,387.36,0.0,22.9241
aid,654,compound,,UNLABELED,305.51,33.23,312.23,26.52,6.72,6.71,45.0912,14.3643,37.4464,308.87,29.875,1.0015,114,2,0,1,rgb,0,0,0,0,none,,,,0.0,90.183,1.0733,61.9259,0.51,0.0,594.0,387.36,0.0,35.4905
aid,655,path,,UNLABELED,313.01,33.3,318.55,26.37,5.54,6.93,38.3922,14.3312,38.1525,315.78,29.835,0.7994,9,1,0,1,rgb,0,0,0,0,none,,,,0.0,67.711,1.7658,133.0089,6.9197,0.0,594.0,387.36,0.0,36.841
aid,656,compound,,UNLABELED,322.12,33.0,326.14,26.63,4.02,6.37,25.6073,12.3781,32.5146,324.13,29.815,0.6311,45,2,0,1,rgb,0,0,0,0,none,,,,0.0,92.0934,3.0628,90.0,6.37,0.0,594.0,387.36,0.0,22.9114
aid,657,path,,UNLABELED,326.38,33.23,332.51,26.52,6.13,6.71,41.1321,13.4963,37.1875,329.445,29.875,0.9136,100,1,0,1,rgb,0,0,0,0,none,,,,0.0,97.3693,1.4419,0.0,2.44,0.0,594.0,387.36,0.0,32.918
aid,658,path,,UNLABELED,333.35,33.3,338.89,26.37,5.54,6.93,38.3922,14.332,38.1525,336.12,29.835,0.7994,9,1,0,1,rgb,0,0,0,0,none,,,,0.0,67.6806,1.7657,132.9485,6.9129,0.0,594.0,387.36,0.0,36.841
aid,659,path,,UNLABELED,340.02,33.0,342.79,26.63,2.77,6.37,17.645,6.608,18.28,341.405,29.815,0.4349,7,1,0,1,rgb,0,0,0,0,none,,,,0.0,100.5404,10.2787,90.0,6.37,0.0,594.0,387.36,0.0,12.1265
aid,660,path,,UNLABELED,290.05,228.97,311.67,205.33,21.62,23.64,511.0963,511.0963,90.52,300.86,217.15,0.9146,5,1,0,0,none,,,,1,rgb,0,0,0,0.39,120.8901,1.4643,90.0,23.64,0.0,594.0,387.36,0.0,511.0963
aid,661,path,,UNLABELED,5.0,358.0649,12.7,358.0649,7.7,0.0,0.0,0.0,15.4,8.85,358.0649,0.0,5,1,0,1,rgb,255,255,255,0,none,,,,0.0,0.0,1000000.0,0.0,7.7,0.0,594.0,387.36,0.0,0.0
aid,662,path,,UNLABELED,5.0,358.0649,12.7,239.0,7.7,119.0649,916.8,916.8,253.5299,8.85,298.5325,0.0647,5,1,0,1,rgb,255,255,255,0,none,,,,0.0,90.6201,245.9927,90.0,119.0649,0.0,594.0,387.36,0.0,916.8
aid,663,path,,UNLABELED,374.36,239.0,382.06,239.0,7.7,0.0,0.0,0.0,15.4,378.21,239.0,0.0,5,1,0,1,rgb,255,255,255,0,none,,,,0.0,0.0,1000000.0,0.0,7.7,0.0,594.0,387.36,0.0,0.0
aid,664,path,,UNLABELED,375.06,358.0649,382.06,239.0,7.0,119.0649,833.4546,833.4546,252.1299,378.56,298.5325,0.0588,5,1,0,1,rgb,255,255,255,0,none,,,,0.0,90.5633,297.639,90.0,119.0649,0.0,594.0,387.36,0.0,833.4546
