airport,object_id,kind,source_layer,label,left,top,right,bottom,width,height,bbox_area,poly_area,perimeter,centroid_x,centroid_y,aspect,num_anchors,subpath_count,closed,filled,fill_kind,fill_r,fill_g,fill_b,stroked,stroke_kind,stroke_r,stroke_g,stroke_b,stroke_width,principal_angle,principal_ratio,longest_segment_angle,longest_segment_length,artboard_left,artboard_top,artboard_right,artboard_bottom,hull_area
mcc,0,compound,,UNLABELED,41.1,526.92,304.75,61.08,263.65,465.84,122818.7193,17912.8779,4936.481,172.925,294.0,0.566,817,16,0,1,rgb,207,207,207,0,none,,,,0.0,66.6617,3.5247,89.8706,150.5504,0.0,594.0,387.36,0.0,92126.5552
mcc,1,path,,UNLABELED,150.63,486.28,172.24,462.64,21.61,23.64,510.8604,510.8604,90.5,161.435,474.46,0.9141,5,1,0,0,none,,,,1,rgb,0,0,0,0.39,120.8282,1.4649,90.0,23.64,0.0,594.0,387.36,0.0,510.8604
mcc,2,path,,UNLABELED,18.04,549.11,369.32,44.72,351.28,504.39,177182.1276,177182.1276,1711.34,193.68,296.915,0.6964,5,1,0,0,none,,,,1,rgb,0,0,0,0.39,102.133,2.2278,90.0,504.39,0.0,594.0,387.36,0.0,177182.1276
mcc,3,path,,UNLABELED,268.94,426.04,280.04,414.87,11.1,11.17,123.987,121.6159,33.0921,274.49,420.455,0.9937,4,1,0,1,rgb,0,0,0,0,none,,,,0.0,43.3734,1.0137,0.7791,11.031,0.0,594.0,387.36,0.0,121.6159
mcc,4,path,,UNLABELED,51.19,181.84,60.48,172.98,9.29,8.86,82.3096,81.0488,26.8008,55.835,177.41,1.0485,4,1,0,1,rgb,0,0,0,0,none,,,,0.0,0.2232,1.1002,0.435,9.2203,0.0,594.0,387.36,0.0,81.0488
mcc,5,path,,UNLABELED,128.36,102.94,133.19,91.56,4.83,11.38,54.9654,52.9975,27.3024,130.775,97.25,0.4244,4,1,0,1,rgb,0,0,0,0,none,,,,0.0,90.7093,5.8275,90.7598,11.311,0.0,594.0,387.36,0.0,52.9975
mcc,6,path,,UNLABELED,98.1,119.73,104.22,111.15,6.12,8.58,52.5095,52.5095,23.28,101.16,115.44,0.7133,4,1,0,1,rgb,0,0,0,0,none,,,,0.0,90.0,1.9655,90.0,8.58,0.0,594.0,387.36,0.0,52.5095
mcc,7,path,,UNLABELED,155.02,114.83,163.67,84.06,8.65,30.77,266.1607,262.4731,69.9707,159.345,99.445,0.2811,4,1,0,1,rgb,0,0,0,0,none,,,,0.0,89.7582,12.953,89.8696,30.7701,0.0,594.0,387.36,0.0,262.4731
mcc,8,path,,UNLABELED,154.88,79.45,163.6,48.68,8.72,30.77,268.3146,264.6275,70.1907,159.24,64.065,0.2834,4,1,0,1,rgb,0,0,0,0,none,,,,0.0,89.9192,12.7408,89.7393,30.7703,0.0,594.0,387.36,0.0,264.6275
mcc,9,path,,UNLABELED,89.09,104.53,94.86,89.18,5.77,15.35,88.5695,88.5695,36.47,91.975,96.855,0.3759,4,1,0,1,rgb,0,0,0,0,none,,,,0.0,90.0,7.0773,90.0,15.35,0.0,594.0,387.36,0.0,88.5695
mcc,10,path,,UNLABELED,270.82,193.66,275.36,187.03,4.54,6.63,30.1003,30.1003,17.8,273.09,190.345,0.6848,4,1,0,1,rgb,0,0,0,0,none,,,,0.0,90.0,2.1326,90.0,6.63,0.0,594.0,387.36,0.0,30.1003
mcc,11,path,,UNLABELED,270.53,184.29,275.07,177.66,4.54,6.63,30.1003,30.1003,17.8,272.8,180.975,0.6848,4,1,0,1,rgb,0,0,0,0,none,,,,0.0,90.0,2.1326,90.0,6.63,0.0,594.0,387.36,0.0,30.1003
mcc,12,path,,UNLABELED,263.39,143.44,269.45,137.53,6.06,5.91,35.8146,17.0919,13.6714,266.42,140.485,1.0254,4,1,0,1,rgb,0,0,0,0,none,,,,0.0,42.3136,2.4112,42.1689,5.154,0.0,594.0,387.36,0.0,17.0919
mcc,13,path,,UNLABELED,271.75,136.01,282.42,130.75,10.67,5.26,56.1244,56.1244,26.6,277.085,133.38,2.0285,4,1,0,1,rgb,0,0,0,0,none,,,,0.0,0.0,4.1149,0.0,10.67,0.0,594.0,387.36,0.0,56.1244
mcc,14,path,,UNLABELED,284.58,164.91,292.86,157.99,8.28,6.92,57.2977,57.2977,23.48,288.72,161.45,1.1965,4,1,0,1,rgb,0,0,0,0,none,,,,0.0,0.0,1.4317,0.0,8.28,0.0,594.0,387.36,0.0,57.2977
mcc,15,path,,UNLABELED,284.87,156.77,292.86,141.71,7.99,15.06,120.3292,120.3292,38.11,288.865,149.24,0.5305,4,1,0,1,rgb,0,0,0,0,none,,,,0.0,90.0,3.5527,90.0,15.06,0.0,594.0,387.36,0.0,120.3292
mcc,16,path,,UNLABELED,298.99,166.42,304.61,150.5,5.62,15.92,89.4704,89.4704,37.46,301.8,158.46,0.353,4,1,0,1,rgb,0,0,0,0,none,,,,0.0,90.0,8.0244,90.0,15.92,0.0,594.0,387.36,0.0,89.4704
mcc,17,path,,UNLABELED,284.58,205.55,308.21,173.19,23.63,32.36,764.6666,764.6666,88.35,296.395,189.37,0.7302,4,1,0,1,rgb,0,0,0,0,none,,,,0.0,90.0,1.8754,90.0,32.36,0.0,594.0,387.36,0.0,764.6666
mcc,18,path,,UNLABELED,305.19,207.57,311.53,199.71,6.34,7.86,49.8323,49.8323,20.54,308.36,203.64,0.8066,4,1,0,1,rgb,0,0,0,0,none,,,,0.0,90.0,1.537,90.0,7.86,0.0,594.0,387.36,0.0,49.8323
mcc,19,path,,UNLABELED,285.15,256.71,302.3,215.42,17.15,41.29,708.1234,700.9558,99.4506,293.725,236.065,0.4154,4,1,0,1,rgb,0,0,0,0,none,,,,0.0,89.8055,5.8757,89.7915,41.2203,0.0,594.0,387.36,0.0,700.9558
mcc,20,path,,UNLABELED,279.61,255.7,285.88,254.83,6.27,0.87,5.4549,5.4549,13.41,282.745,255.265,7.2069,4,1,0,1,rgb,0,0,0,0,none,,,,0.0,0.0,51.9398,0.0,6.27,0.0,594.0,387.36,0.0,5.4549
mcc,21,path,,UNLABELED,280.04,248.78,286.67,247.77,6.63,1.01,6.6964,6.6964,14.27,283.355,248.275,6.5643,4,1,0,1,rgb,0,0,0,0,none,,,,0.0,0.0,43.09,0.0,6.63,0.0,594.0,387.36,0.0,6.6964
mcc,22,path,,UNLABELED,279.17,233.58,287.03,232.35,7.86,1.23,9.6679,7.3397,16.5242,283.1,232.965,6.3902,4,1,0,1,rgb,0,0,0,0,none,,,,0.0,2.0973,68.3769,2.132,7.7954,0.0,594.0,387.36,0.0,7.3397
mcc,23,path,,UNLABELED,273.41,255.84,281.7,245.61,8.29,10.23,84.8069,84.8069,28.75,277.555,250.725,0.8104,4,1,0,1,rgb,0,0,0,0,none,,,,0.0,90.0,1.5228,90.0,10.23,0.0,594.0,387.36,0.0,84.8069
mcc,24,path,,UNLABELED,276.87,243.67,281.84,230.12,4.97,13.55,67.3435,67.3435,32.07,279.355,236.895,0.3668,4,1,0,1,rgb,0,0,0,0,none,,,,0.0,90.0,7.433,90.0,13.55,0.0,594.0,387.36,0.0,67.3435
mcc,25,path,,UNLABELED,274.2,243.67,276.87,234.15,2.67,9.52,25.4185,25.0853,14.7903,275.535,238.91,0.2805,4,1,0,1,rgb,0,0,0,0,none,,,,0.0,90.2281,13.051,90.4213,9.5202,0.0,594.0,387.36,0.0,25.0853
mcc,26,path,,UNLABELED,284.36,276.81,301.44,265.79,17.08,11.02,188.2213,188.2213,45.18,292.9,271.3,1.5499,4,1,0,1,rgb,0,0,0,0,none,,,,0.0,0.0,2.4022,0.0,17.08,0.0,594.0,387.36,0.0,188.2213
mcc,27,path,,UNLABELED,267.21,296.7,272.83,289.56,5.62,7.14,40.1268,40.1268,18.38,270.02,293.13,0.7871,4,1,0,1,rgb,0,0,0,0,none,,,,0.0,90.0,1.6141,90.0,7.14,0.0,594.0,387.36,0.0,40.1268
mcc,28,path,,UNLABELED,267.21,284.95,272.62,279.33,5.41,5.62,30.4042,30.4042,16.44,269.915,282.14,0.9626,4,1,0,1,rgb,0,0,0,0,none,,,,0.0,90.0,1.0791,90.0,5.62,0.0,594.0,387.36,0.0,30.4042
mcc,29,path,,UNLABELED,275.07,325.09,279.61,318.96,4.54,6.13,27.8303,27.8303,15.21,277.34,322.025,0.7406,4,1,0,1,rgb,0,0,0,0,none,,,,0.0,90.0,1.8231,90.0,6.13,0.0,594.0,387.36,0.0,27.8303
mcc,30,path,,UNLABELED,275.07,334.1,279.61,327.97,4.54,6.13,27.8303,27.8303,15.21,277.34,331.035,0.7406,4,1,0,1,rgb,0,0,0,0,none,,,,0.0,90.0,1.8231,90.0,6.13,0.0,594.0,387.36,0.0,27.8303
mcc,31,path,,UNLABELED,274.99,352.83,279.53,346.71,4.54,6.12,27.7848,27.7848,15.2,277.26,349.77,0.7418,4,1,0,1,rgb,0,0,0,0,none,,,,0.0,90.0,1.8171,90.0,6.12,0.0,594.0,387.36,0.0,27.7848
mcc,32,path,,UNLABELED,275.07,364.86,279.61,358.74,4.54,6.12,27.7848,27.7848,15.2,277.34,361.8,0.7418,4,1,0,1,rgb,0,0,0,0,none,,,,0.0,90.0,1.8171,90.0,6.12,0.0,594.0,387.36,0.0,27.7848
mcc,33,path,,UNLABELED,274.99,375.1,279.53,368.97,4.54,6.13,27.8303,27.8303,15.21,277.26,372.035,0.7406,4,1,0,1,rgb,0,0,0,0,none,,,,0.0,90.0,1.8231,90.0,6.13,0.0,594.0,387.36,0.0,27.8303
mcc,34,path,,UNLABELED,276.72,342.6,279.39,336.69,2.67,5.91,15.7798,15.7798,14.49,278.055,339.645,0.4518,4,1,0,1,rgb,0,0,0,0,none,,,,0.0,90.0,4.8995,90.0,5.91,0.0,594.0,387.36,0.0,15.7798
mcc,35,path,,UNLABELED,276.87,387.56,279.75,381.58,2.88,5.98,17.2224,17.2224,14.84,278.31,384.57,0.4816,4,1,0,1,rgb,0,0,0,0,none,,,,0.0,90.0,4.3114,90.0,5.98,0.0,594.0,387.36,0.0,17.2224
mcc,36,path,,UNLABELED,276.72,396.35,280.47,390.44,3.75,5.91,22.1625,22.1625,15.57,278.595,393.395,0.6345,4,1,0,1,rgb,0,0,0,0,none,,,,0.0,90.0,2.4838,90.0,5.91,0.0,594.0,387.36,0.0,22.1625
mcc,37,path,,UNLABELED,129.59,160.01,135.71,154.96,6.12,5.05,30.9059,12.2823,14.0703,132.65,157.485,1.2119,4,1,0,1,rgb,0,0,0,0,none,,,,0.0,34.0046,8.5688,34.2975,6.0161,0.0,594.0,387.36,0.0,12.2823
mcc,38,path,,UNLABELED,120.07,156.19,129.8,148.84,9.73,7.35,71.5155,21.0662,22.6266,124.935,152.515,1.3238,4,1,0,1,rgb,0,0,0,0,none,,,,0.0,33.3681,25.0793,33.582,10.2869,0.0,594.0,387.36,0.0,21.0662
mcc,39,path,,UNLABELED,114.17,150.28,120.29,145.24,6.12,5.04,30.8449,12.2709,14.0591,117.23,147.76,1.2143,4,1,0,1,rgb,0,0,0,0,none,,,,0.0,33.9148,8.5528,34.2189,6.0104,0.0,594.0,387.36,0.0,12.2709
mcc,40,path,,UNLABELED,106.38,146.53,114.31,140.05,7.93,6.48,51.3865,16.9822,18.6776,110.345,143.29,1.2238,4,1,0,1,rgb,0,0,0,0,none,,,,0.0,35.3204,16.4301,35.5057,8.3164,0.0,594.0,387.36,0.0,16.9822
mcc,41,path,,UNLABELED,146.59,149.63,148.9,145.45,2.31,4.18,9.6558,9.6558,10.67,147.745,147.54,0.5526,4,1,0,1,rgb,0,0,0,0,none,,,,0.0,90.0,3.2744,90.0,4.18,0.0,594.0,387.36,0.0,9.6558
mcc,42,path,,UNLABELED,146.59,143.65,148.75,139.18,2.16,4.47,9.6552,9.6552,8.79,147.67,141.415,0.4832,4,1,0,1,rgb,0,0,0,0,none,,,,0.0,90.0,4.2826,90.0,4.47,0.0,594.0,387.36,0.0,9.6552
mcc,43,path,,UNLABELED,86.93,148.7,89.02,135.44,2.09,13.26,27.7134,27.7134,28.61,87.975,142.07,0.1576,4,1,0,1,rgb,0,0,0,0,none,,,,0.0,90.0,40.2529,90.0,13.26,0.0,594.0,387.36,0.0,27.7134
mcc,44,path,,UNLABELED,86.71,170.31,89.24,156.77,2.53,13.54,34.2562,34.2562,29.61,87.975,163.54,0.1869,4,1,0,1,rgb,0,0,0,0,none,,,,0.0,90.0,28.6416,90.0,13.54,0.0,594.0,387.36,0.0,34.2562
mcc,45,path,,UNLABELED,86.57,208.79,89.6,185.73,3.03,23.06,69.8718,69.8718,49.15,88.085,197.26,0.1314,4,1,0,1,rgb,0,0,0,0,none,,,,0.0,90.0,57.9207,90.0,23.06,0.0,594.0,387.36,0.0,69.8718
mcc,46,path,,UNLABELED,85.78,271.05,89.31,267.3,3.53,3.75,13.2375,13.2375,10.81,87.545,269.175,0.9413,4,1,0,1,rgb,0,0,0,0,none,,,,0.0,90.0,1.1285,90.0,3.75,0.0,594.0,387.36,0.0,13.2375
mcc,47,path,,UNLABELED,85.99,263.34,89.52,259.59,3.53,3.75,13.2375,13.2375,10.81,87.755,261.465,0.9413,4,1,0,1,rgb,0,0,0,0,none,,,,0.0,90.0,1.1285,90.0,3.75,0.0,594.0,387.36,0.0,13.2375
mcc,48,path,,UNLABELED,86.57,255.19,90.1,251.45,3.53,3.74,13.2022,13.2022,10.8,88.335,253.32,0.9439,4,1,0,1,rgb,0,0,0,0,none,,,,0.0,90.0,1.1225,90.0,3.74,0.0,594.0,387.36,0.0,13.2022
mcc,49,path,,UNLABELED,86.42,247.92,89.96,244.17,3.54,3.75,13.275,13.275,10.83,88.19,246.045,0.944,4,1,0,1,rgb,0,0,0,0,none,,,,0.0,90.0,1.1222,90.0,3.75,0.0,594.0,387.36,0.0,13.275
mcc,50,path,,UNLABELED,86.21,241.14,89.74,235.45,3.53,5.69,20.0857,20.0857,12.75,87.975,238.295,0.6204,4,1,0,1,rgb,0,0,0,0,none,,,,0.0,90.0,2.5982,90.0,5.69,0.0,594.0,387.36,0.0,20.0857
mcc,51,path,,UNLABELED,86.5,219.09,89.52,215.78,3.02,3.31,9.9962,9.9962,9.35,88.01,217.435,0.9124,4,1,0,1,rgb,0,0,0,0,none,,,,0.0,90.0,1.2013,90.0,3.31,0.0,594.0,387.36,0.0,9.9962
mcc,52,path,,UNLABELED,86.42,214.19,89.52,210.95,3.1,3.24,10.044,10.044,9.44,87.97,212.57,0.9568,4,1,0,1,rgb,0,0,0,0,none,,,,0.0,90.0,1.0924,90.0,3.24,0.0,594.0,387.36,0.0,10.044
mcc,53,path,,UNLABELED,86.5,223.06,90.03,221.69,3.53,1.37,4.8361,4.8361,8.43,88.265,222.375,2.5767,4,1,0,1,rgb,0,0,0,0,none,,,,0.0,0.0,6.6391,0.0,3.53,0.0,594.0,387.36,0.0,4.8361
mcc,54,path,,UNLABELED,86.71,228.61,89.52,225.36,2.81,3.25,9.1325,9.1325,8.87,88.115,226.985,0.8646,4,1,0,1,rgb,0,0,0,0,none,,,,0.0,90.0,1.3377,90.0,3.25,0.0,594.0,387.36,0.0,9.1325
mcc,55,path,,UNLABELED,238.61,373.44,242.57,368.32,3.96,5.12,20.2753,19.6494,12.8317,240.59,370.88,0.7734,4,1,0,1,rgb,0,0,0,0,none,,,,0.0,90.4486,1.6852,90.7942,5.0505,0.0,594.0,387.36,0.0,19.6494
mcc,56,path,,UNLABELED,244.66,374.3,260.58,363.64,15.92,10.66,169.7074,169.7074,37.24,252.62,368.97,1.4934,4,1,0,1,rgb,0,0,0,0,none,,,,0.0,0.0,2.2303,0.0,15.92,0.0,594.0,387.36,0.0,169.7074
mcc,57,path,,UNLABELED,62.86,103.01,77.27,99.12,14.41,3.89,56.0551,45.3246,31.7399,70.065,101.065,3.7044,4,1,0,1,rgb,0,0,0,0,none,,,,0.0,2.9035,20.2595,2.8884,14.2882,0.0,594.0,387.36,0.0,45.3246
mcc,58,path,,UNLABELED,62.36,93.36,65.67,80.89,3.31,12.47,41.2756,41.2756,19.09,64.015,87.125,0.2654,4,1,0,1,rgb,0,0,0,0,none,,,,0.0,90.0,14.193,90.0,12.47,0.0,594.0,387.36,0.0,41.2756
mcc,59,path,,UNLABELED,66.75,78.95,69.2,76.14,2.45,2.81,6.8845,6.8845,7.71,67.975,77.545,0.8719,4,1,0,1,rgb,0,0,0,0,none,,,,0.0,90.0,1.3155,90.0,2.81,0.0,594.0,387.36,0.0,6.8845
mcc,60,path,,UNLABELED,69.56,78.73,71.65,75.42,2.09,3.31,6.9179,6.9179,8.71,70.605,77.075,0.6314,4,1,0,1,rgb,0,0,0,0,none,,,,0.0,90.0,2.5082,90.0,3.31,0.0,594.0,387.36,0.0,6.9179
mcc,61,path,,UNLABELED,74.1,78.37,76.19,76.5,2.09,1.87,3.9083,3.9083,6.05,75.145,77.435,1.1176,4,1,0,1,rgb,0,0,0,0,none,,,,0.0,0.0,1.2491,0.0,2.09,0.0,594.0,387.36,0.0,3.9083
mcc,62,path,,UNLABELED,76.77,79.31,78.86,76.5,2.09,2.81,5.8729,5.8729,6.99,77.815,77.905,0.7438,4,1,0,1,rgb,0,0,0,0,none,,,,0.0,90.0,1.8077,90.0,2.81,0.0,594.0,387.36,0.0,5.8729
mcc,63,path,,UNLABELED,81.81,79.31,83.98,75.92,2.17,3.39,7.3563,7.3563,8.95,82.895,77.615,0.6401,4,1,0,1,rgb,0,0,0,0,none,,,,0.0,90.0,2.4405,90.0,3.39,0.0,594.0,387.36,0.0,7.3563
mcc,64,path,,UNLABELED,79.94,86.15,82.39,82.48,2.45,3.67,8.9915,8.9915,8.57,81.165,84.315,0.6676,4,1,0,1,rgb,0,0,0,0,none,,,,0.0,90.0,2.2439,90.0,3.67,0.0,594.0,387.36,0.0,8.9915
mcc,65,path,,UNLABELED,80.08,91.41,82.75,87.74,2.67,3.67,9.7989,9.7989,9.01,81.415,89.575,0.7275,4,1,0,1,rgb,0,0,0,0,none,,,,0.0,90.0,1.8894,90.0,3.67,0.0,594.0,387.36,0.0,9.7989
mcc,66,path,,UNLABELED,296.54,146.17,304.83,138.97,8.29,7.2,59.6882,59.6882,23.78,300.685,142.57,1.1514,4,1,0,1,rgb,0,0,0,0,none,,,,0.0,0.0,1.3257,0.0,8.29,0.0,594.0,387.36,0.0,59.6882
mcc,67,path,,UNLABELED,264.98,136.01,269.01,131.91,4.03,4.1,16.523,8.1319,9.0161,266.995,133.96,0.9829,4,1,0,1,rgb,0,0,0,0,none,,,,0.0,48.1227,1.7081,47.6918,3.3129,0.0,594.0,387.36,0.0,8.1319
mcc,68,path,,UNLABELED,286.52,302.46,301.8,280.2,15.28,22.26,340.1329,340.1329,59.8,294.16,291.33,0.6864,4,1,0,1,rgb,0,0,0,0,none,,,,0.0,90.0,2.1223,90.0,22.26,0.0,594.0,387.36,0.0,340.1329
mcc,69,path,,UNLABELED,287.75,263.91,301.8,253.75,14.05,10.16,142.7479,142.7479,34.37,294.775,258.83,1.3829,4,1,0,1,rgb,0,0,0,0,none,,,,0.0,0.0,1.9123,0.0,14.05,0.0,594.0,387.36,0.0,142.7479
mcc,70,path,,UNLABELED,271.9,262.83,273.77,258.0,1.87,4.83,9.0321,9.0321,8.57,272.835,260.415,0.3872,4,1,0,1,rgb,0,0,0,0,none,,,,0.0,90.0,6.6713,90.0,4.83,0.0,594.0,387.36,0.0,9.0321
mcc,71,path,,UNLABELED,274.78,262.76,277.16,257.93,2.38,4.83,11.4954,11.4954,9.59,275.97,260.345,0.4928,4,1,0,1,rgb,0,0,0,0,none,,,,0.0,90.0,4.1185,90.0,4.83,0.0,594.0,387.36,0.0,11.4954
mcc,72,path,,UNLABELED,270.67,260.24,277.73,258.51,7.06,1.73,12.2139,12.2139,10.52,274.2,259.375,4.0809,4,1,0,1,rgb,0,0,0,0,none,,,,0.0,0.0,16.6537,0.0,7.06,0.0,594.0,387.36,0.0,12.2139
mcc,73,path,,UNLABELED,270.67,258.51,276.08,257.93,5.41,0.58,3.1377,3.1377,11.4,273.375,258.22,9.3278,4,1,0,1,rgb,0,0,0,0,none,,,,0.0,0.0,87.008,0.0,5.41,0.0,594.0,387.36,0.0,3.1377
mcc,74,path,,UNLABELED,273.05,261.39,275.72,260.02,2.67,1.37,3.6579,3.6579,6.71,274.385,260.705,1.9489,4,1,0,1,rgb,0,0,0,0,none,,,,0.0,0.0,3.7983,0.0,2.67,0.0,594.0,387.36,0.0,3.6579
mcc,75,path,,UNLABELED,279.03,288.7,281.48,279.19,2.45,9.51,23.2996,23.2996,14.41,280.255,283.945,0.2576,4,1,0,1,rgb,0,0,0,0,none,,,,0.0,90.0,15.067,90.0,9.51,0.0,594.0,387.36,0.0,23.2996
mcc,76,path,,UNLABELED,46.22,312.98,61.78,295.4,15.56,17.58,273.5446,273.5446,48.7,54.0,304.19,0.8851,4,1,0,1,rgb,0,0,0,0,none,,,,0.0,90.0,1.2765,90.0,17.58,0.0,594.0,387.36,0.0,273.5446
mcc,77,path,,UNLABELED,52.56,352.33,72.37,333.59,19.81,18.74,371.2392,178.4718,43.6942,62.465,342.96,1.0571,4,1,0,1,rgb,0,0,0,0,none,,,,0.0,138.7709,2.2347,136.223,16.5642,0.0,594.0,387.36,0.0,178.4718
mcc,78,path,,UNLABELED,193.36,486.13,199.62,106.54,6.26,379.59,2376.2313,2226.2945,765.3707,196.49,296.335,0.0165,4,1,0,1,rgb,0,0,0,0,none,,,,0.0,89.9404,4176.0259,89.8913,379.5907,0.0,594.0,387.36,0.0,2226.2945
mcc,79,path,,UNLABELED,117.63,504.87,117.63,501.26,0.0,3.61,0.0,0.0,3.61,117.63,503.065,0.0,2,1,0,0,none,,,,1,rgb,0,0,0,0.39,90.0,1000000.0,90.0,3.61,0.0,594.0,387.36,0.0,0.0
mcc,80,path,,UNLABELED,117.63,501.26,117.63,497.66,0.0,3.6,0.0,0.0,3.6,117.63,499.46,0.0,2,1,0,0,none,,,,1,rgb,0,0,0,0.39,90.0,1000000.0,90.0,3.6,0.0,594.0,387.36,0.0,0.0
mcc,81,path,,UNLABELED,288.11,504.87,288.11,501.26,0.0,3.61,0.0,0.0,3.61,288.11,503.065,0.0,2,1,0,0,none,,,,1,rgb,0,0,0,0.39,90.0,1000000.0,90.0,3.61,0.0,594.0,387.36,0.0,0.0
mcc,82,path,,UNLABELED,288.11,501.26,288.11,497.66,0.0,3.6,0.0,0.0,3.6,288.11,499.46,0.0,2,1,0,0,none,,,,1,rgb,0,0,0,0.39,90.0,1000000.0,90.0,3.6,0.0,594.0,387.36,0.0,0.0
mcc,83,path,,UNLABELED,49.46,504.22,49.46,501.34,0.0,2.88,0.0,0.0,2.88,49.46,502.78,0.0,2,1,0,0,none,,,,1,rgb,0,0,0,0.39,90.0,1000000.0,90.0,2.88,0.0,594.0,387.36,0.0,0.0
mcc,84,path,,UNLABELED,66.47,504.22,66.47,501.34,0.0,2.88,0.0,0.0,2.88,66.47,502.78,0.0,2,1,0,0,none,,,,1,rgb,0,0,0,0.39,90.0,1000000.0,90.0,2.88,0.0,594.0,387.36,0.0,0.0
mcc,85,path,,UNLABELED,83.54,504.22,83.54,501.34,0.0,2.88,0.0,0.0,2.88,83.54,502.78,0.0,2,1,0,0,none,,,,1,rgb,0,0,0,0.39,90.0,1000000.0,90.0,2.88,0.0,594.0,387.36,0.0,0.0
mcc,86,path,,UNLABELED,100.55,504.22,100.55,501.34,0.0,2.88,0.0,0.0,2.88,100.55,502.78,0.0,2,1,0,0,none,,,,1,rgb,0,0,0,0.39,90.0,1000000.0,90.0,2.88,0.0,594.0,387.36,0.0,0.0
mcc,87,path,,UNLABELED,134.7,504.15,134.7,501.26,0.0,2.89,0.0,0.0,2.89,134.7,502.705,0.0,2,1,0,0,none,,,,1,rgb,0,0,0,0.39,90.0,1000000.0,90.0,2.89,0.0,594.0,387.36,0.0,0.0
mcc,88,path,,UNLABELED,151.71,504.15,151.71,501.26,0.0,2.89,0.0,0.0,2.89,151.71,502.705,0.0,2,1,0,0,none,,,,1,rgb,0,0,0,0.39,90.0,1000000.0,90.0,2.89,0.0,594.0,387.36,0.0,0.0
mcc,89,path,,UNLABELED,168.78,504.15,168.78,501.26,0.0,2.89,0.0,0.0,2.89,168.78,502.705,0.0,2,1,0,0,none,,,,1,rgb,0,0,0,0.39,90.0,1000000.0,90.0,2.89,0.0,594.0,387.36,0.0,0.0
mcc,90,path,,UNLABELED,185.79,504.15,185.79,501.26,0.0,2.89,0.0,0.0,2.89,185.79,502.705,0.0,2,1,0,0,none,,,,1,rgb,0,0,0,0.39,90.0,1000000.0,90.0,2.89,0.0,594.0,387.36,0.0,0.0
mcc,91,path,,UNLABELED,219.94,504.15,219.94,501.26,0.0,2.89,0.0,0.0,2.89,219.94,502.705,0.0,2,1,0,0,none,,,,1,rgb,0,0,0,0.39,90.0,1000000.0,90.0,2.89,0.0,594.0,387.36,0.0,0.0
mcc,92,path,,UNLABELED,236.95,504.15,236.95,501.26,0.0,2.89,0.0,0.0,2.89,236.95,502.705,0.0,2,1,0,0,none,,,,1,rgb,0,0,0,0.39,90.0,1000000.0,90.0,2.89,0.0,594.0,387.36,0.0,0.0
mcc,93,path,,UNLABELED,254.03,504.15,254.03,501.26,0.0,2.89,0.0,0.0,2.89,254.03,502.705,0.0,2,1,0,0,none,,,,1,rgb,0,0,0,0.39,90.0,1000000.0,90.0,2.89,0.0,594.0,387.36,0.0,0.0
mcc,94,path,,UNLABELED,271.03,504.15,271.03,501.26,0.0,2.89,0.0,0.0,2.89,271.03,502.705,0.0,2,1,0,0,none,,,,1,rgb,0,0,0,0.39,90.0,1000000.0,90.0,2.89,0.0,594.0,387.36,0.0,0.0
mcc,95,path,,UNLABELED,305.19,504.22,305.19,501.34,0.0,2.88,0.0,0.0,2.88,305.19,502.78,0.0,2,1,0,0,none,,,,1,rgb,0,0,0,0.39,90.0,1000000.0,90.0,2.88,0.0,594.0,387.36,0.0,0.0
mcc,96,path,,UNLABELED,322.19,504.22,322.19,501.34,0.0,2.88,0.0,0.0,2.88,322.19,502.78,0.0,2,1,0,0,none,,,,1,rgb,0,0,0,0.39,90.0,1000000.0,90.0,2.88,0.0,594.0,387.36,0.0,0.0
mcc,97,path,,UNLABELED,356.27,504.22,356.27,501.34,0.0,2.88,0.0,0.0,2.88,356.27,502.78,0.0,2,1,0,0,none,,,,1,rgb,0,0,0,0.39,90.0,1000000.0,90.0,2.88,0.0,594.0,387.36,0.0,0.0
mcc,98,path,,UNLABELED,49.39,286.68,49.39,283.8,0.0,2.88,0.0,0.0,2.88,49.39,285.24,0.0,2,1,0,0,none,,,,1,rgb,0,0,0,0.39,90.0,1000000.0,90.0,2.88,0.0,594.0,387.36,0.0,0.0
mcc,99,path,,UNLABELED,66.39,286.68,66.39,283.8,0.0,2.88,0.0,0.0,2.88,66.39,285.24,0.0,2,1,0,0,none,,,,1,rgb,0,0,0,0.39,90.0,1000000.0,90.0,2.88,0.0,594.0,387.36,0.0,0.0
mcc,100,path,,UNLABELED,83.47,286.68,83.47,283.8,0.0,2.88,0.0,0.0,2.88,83.47,285.24,0.0,2,1,0,0,none,,,,1,rgb,0,0,0,0.39,90.0,1000000.0,90.0,2.88,0.0,594.0,387.36,0.0,0.0
mcc,101,path,,UNLABELED,100.48,286.68,100.48,283.8,0.0,2.88,0.0,0.0,2.88,100.48,285.24,0.0,2,1,0,0,none,,,,1,rgb,0,0,0,0.39,90.0,1000000.0,90.0,2.88,0.0,594.0,387.36,0.0,0.0
mcc,102,path,,UNLABELED,134.63,286.61,134.63,283.73,0.0,2.88,0.0,0.0,2.88,134.63,285.17,0.0,2,1,0,0,none,,,,1,rgb,0,0,0,0.39,90.0,1000000.0,90.0,2.88,0.0,594.0,387.36,0.0,0.0
mcc,103,path,,UNLABELED,151.64,286.61,151.64,283.73,0.0,2.88,0.0,0.0,2.88,151.64,285.17,0.0,2,1,0,0,none,,,,1,rgb,0,0,0,0.39,90.0,1000000.0,90.0,2.88,0.0,594.0,387.36,0.0,0.0
mcc,104,path,,UNLABELED,168.71,286.61,168.71,283.73,0.0,2.88,0.0,0.0,2.88,168.71,285.17,0.0,2,1,0,0,none,,,,1,rgb,0,0,0,0.39,90.0,1000000.0,90.0,2.88,0.0,594.0,387.36,0.0,0.0
mcc,105,path,,UNLABELED,185.72,286.61,185.72,283.73,0.0,2.88,0.0,0.0,2.88,185.72,285.17,0.0,2,1,0,0,none,,,,1,rgb,0,0,0,0.39,90.0,1000000.0,90.0,2.88,0.0,594.0,387.36,0.0,0.0
mcc,106,path,,UNLABELED,219.87,286.61,219.87,283.73,0.0,2.88,0.0,0.0,2.88,219.87,285.17,0.0,2,1,0,0,none,,,,1,rgb,0,0,0,0.39,90.0,1000000.0,90.0,2.88,0.0,594.0,387.36,0.0,0.0
mcc,107,path,,UNLABELED,236.88,286.61,236.88,283.73,0.0,2.88,0.0,0.0,2.88,236.88,285.17,0.0,2,1,0,0,none,,,,1,rgb,0,0,0,0.39,90.0,1000000.0,90.0,2.88,0.0,594.0,387.36,0.0,0.0
mcc,108,path,,UNLABELED,253.95,286.61,253.95,283.73,0.0,2.88,0.0,0.0,2.88,253.95,285.17,0.0,2,1,0,0,none,,,,1,rgb,0,0,0,0.39,90.0,1000000.0,90.0,2.88,0.0,594.0,387.36,0.0,0.0
mcc,109,path,,UNLABELED,271.03,286.61,271.03,283.73,0.0,2.88,0.0,0.0,2.88,271.03,285.17,0.0,2,1,0,0,none,,,,1,rgb,0,0,0,0.39,90.0,1000000.0,90.0,2.88,0.0,594.0,387.36,0.0,0.0
mcc,110,path,,UNLABELED,305.11,286.68,305.11,283.8,0.0,2.88,0.0,0.0,2.88,305.11,285.24,0.0,2,1,0,0,none,,,,1,rgb,0,0,0,0.39,90.0,1000000.0,90.0,2.88,0.0,594.0,387.36,0.0,0.0
mcc,111,path,,UNLABELED,322.19,286.68,322.19,283.8,0.0,2.88,0.0,0.0,2.88,322.19,285.24,0.0,2,1,0,0,none,,,,1,rgb,0,0,0,0.39,90.0,1000000.0,90.0,2.88,0.0,594.0,387.36,0.0,0.0
mcc,112,path,,UNLABELED,356.27,286.68,356.27,283.8,0.0,2.88,0.0,0.0,2.88,356.27,285.24,0.0,2,1,0,0,none,,,,1,rgb,0,0,0,0.39,90.0,1000000.0,90.0,2.88,0.0,594.0,387.36,0.0,0.0
mcc,113,path,,UNLABELED,356.35,69.22,356.35,66.34,0.0,2.88,0.0,0.0,2.88,356.35,67.78,0.0,2,1,0,0,none,,,,1,rgb,0,0,0,0.39,90.0,1000000.0,90.0,2.88,0.0,594.0,387.36,0.0,0.0
mcc,114,path,,UNLABELED,322.26,69.22,322.26,66.34,0.0,2.88,0.0,0.0,2.88,322.26,67.78,0.0,2,1,0,0,none,,,,1,rgb,0,0,0,0.39,90.0,1000000.0,90.0,2.88,0.0,594.0,387.36,0.0,0.0
mcc,115,path,,UNLABELED,305.19,69.22,305.19,66.34,0.0,2.88,0.0,0.0,2.88,305.19,67.78,0.0,2,1,0,0,none,,,,1,rgb,0,0,0,0.39,90.0,1000000.0,90.0,2.88,0.0,594.0,387.36,0.0,0.0
mcc,116,path,,UNLABELED,271.1,69.15,271.1,66.26,0.0,2.89,0.0,0.0,2.89,271.1,67.705,0.0,2,1,0,0,none,,,,1,rgb,0,0,0,0.39,90.0,1000000.0,90.0,2.89,0.0,594.0,387.36,0.0,0.0
mcc,117,path,,UNLABELED,254.03,69.15,254.03,66.26,0.0,2.89,0.0,0.0,2.89,254.03,67.705,0.0,2,1,0,0,none,,,,1,rgb,0,0,0,0.39,90.0,1000000.0,90.0,2.89,0.0,594.0,387.36,0.0,0.0
mcc,118,path,,UNLABELED,236.95,69.15,236.95,66.26,0.0,2.89,0.0,0.0,2.89,236.95,67.705,0.0,2,1,0,0,none,,,,1,rgb,0,0,0,0.39,90.0,1000000.0,90.0,2.89,0.0,594.0,387.36,0.0,0.0
mcc,119,path,,UNLABELED,219.94,69.15,219.94,66.26,0.0,2.89,0.0,0.0,2.89,219.94,67.705,0.0,2,1,0,0,none,,,,1,rgb,0,0,0,0.39,90.0,1000000.0,90.0,2.89,0.0,594.0,387.36,0.0,0.0
mcc,120,path,,UNLABELED,185.79,69.15,185.79,66.26,0.0,2.89,0.0,0.0,2.89,185.79,67.705,0.0,2,1,0,0,none,,,,1,rgb,0,0,0,0.39,90.0,1000000.0,90.0,2.89,0.0,594.0,387.36,0.0,0.0
mcc,121,path,,UNLABELED,168.78,69.15,168.78,66.26,0.0,2.89,0.0,0.0,2.89,168.78,67.705,0.0,2,1,0,0,none,,,,1,rgb,0,0,0,0.39,90.0,1000000.0,90.0,2.89,0.0,594.0,387.36,0.0,0.0
mcc,122,path,,UNLABELED,151.71,69.15,151.71,66.26,0.0,2.89,0.0,0.0,2.89,151.71,67.705,0.0,2,1,0,0,none,,,,1,rgb,0,0,0,0.39,90.0,1000000.0,90.0,2.89,0.0,594.0,387.36,0.0,0.0
mcc,123,path,,UNLABELED,134.63,69.15,134.63,66.26,0.0,2.89,0.0,0.0,2.89,134.63,67.705,0.0,2,1,0,0,none,,,,1,rgb,0,0,0,0.39,90.0,1000000.0,90.0,2.89,0.0,594.0,387.36,0.0,0.0
mcc,124,path,,UNLABELED,100.55,69.22,100.55,66.34,0.0,2.88,0.0,0.0,2.88,100.55,67.78,0.0,2,1,0,0,none,,,,1,rgb,0,0,0,0.39,90.0,1000000.0,90.0,2.88,0.0,594.0,387.36,0.0,0.0
mcc,125,path,,UNLABELED,83.47,69.22,83.47,66.34,0.0,2.88,0.0,0.0,2.88,83.47,67.78,0.0,2,1,0,0,none,,,,1,rgb,0,0,0,0.39,90.0,1000000.0,90.0,2.88,0.0,594.0,387.36,0.0,0.0
mcc,126,path,,UNLABELED,66.39,69.22,66.39,66.34,0.0,2.88,0.0,0.0,2.88,66.39,67.78,0.0,2,1,0,0,none,,,,1,rgb,0,0,0,0.39,90.0,1000000.0,90.0,2.88,0.0,594.0,387.36,0.0,0.0
mcc,127,path,,UNLABELED,49.39,69.22,49.39,66.34,0.0,2.88,0.0,0.0,2.88,49.39,67.78,0.0,2,1,0,0,none,,,,1,rgb,0,0,0,0.39,90.0,1000000.0,90.0,2.88,0.0,594.0,387.36,0.0,0.0
mcc,128,path,,UNLABELED,117.63,69.9399,117.63,66.34,0.0,3.6,0.0,0.0,3.6,117.63,68.14,0.0,2,1,0,0,none,,,,1,rgb,0,0,0,0.39,90.0,1000000.0,90.0,3.6,0.0,594.0,387.36,0.0,0.0
mcc,129,path,,UNLABELED,117.63,66.34,117.63,62.73,0.0,3.61,0.0,0.0,3.61,117.63,64.535,0.0,2,1,0,0,none,,,,1,rgb,0,0,0,0.39,90.0,1000000.0,90.0,3.61,0.0,594.0,387.36,0.0,0.0
mcc,130,path,,UNLABELED,288.11,69.9399,288.11,66.34,0.0,3.6,0.0,0.0,3.6,288.11,68.14,0.0,2,1,0,0,none,,,,1,rgb,0,0,0,0.39,90.0,1000000.0,90.0,3.6,0.0,594.0,387.36,0.0,0.0
mcc,131,path,,UNLABELED,288.11,66.34,288.11,62.73,0.0,3.61,0.0,0.0,3.61,288.11,64.535,0.0,2,1,0,0,none,,,,1,rgb,0,0,0,0.39,90.0,1000000.0,90.0,3.61,0.0,594.0,387.36,0.0,0.0
mcc,132,path,,UNLABELED,288.11,287.4,288.11,283.8,0.0,3.6,0.0,0.0,3.6,288.11,285.6,0.0,2,1,0,0,none,,,,1,rgb,0,0,0,0.39,90.0,1000000.0,90.0,3.6,0.0,594.0,387.36,0.0,0.0
mcc,133,path,,UNLABELED,288.11,283.8,288.11,280.2,0.0,3.6,0.0,0.0,3.6,288.11,282.0,0.0,2,1,0,0,none,,,,1,rgb,0,0,0,0.39,90.0,1000000.0,90.0,3.6,0.0,594.0,387.36,0.0,0.0
mcc,134,path,,UNLABELED,117.63,287.4,117.63,283.8,0.0,3.6,0.0,0.0,3.6,117.63,285.6,0.0,2,1,0,0,none,,,,1,rgb,0,0,0,0.39,90.0,1000000.0,90.0,3.6,0.0,594.0,387.36,0.0,0.0
mcc,135,path,,UNLABELED,117.63,283.8,117.63,280.2,0.0,3.6,0.0,0.0,3.6,117.63,282.0,0.0,2,1,0,0,none,,,,1,rgb,0,0,0,0.39,90.0,1000000.0,90.0,3.6,0.0,594.0,387.36,0.0,0.0
mcc,136,path,,UNLABELED,29.5,479.58,32.38,479.58,2.88,0.0,0.0,0.0,2.88,30.94,479.58,0.0,2,1,0,0,none,,,,1,rgb,0,0,0,0.39,0.0,1000000.0,0.0,2.88,0.0,594.0,387.36,0.0,0.0
mcc,137,path,,UNLABELED,29.5,457.82,32.38,457.82,2.88,0.0,0.0,0.0,2.88,30.94,457.82,0.0,2,1,0,0,none,,,,1,rgb,0,0,0,0.39,0.0,1000000.0,0.0,2.88,0.0,594.0,387.36,0.0,0.0
mcc,138,path,,UNLABELED,29.5,436.05,32.38,436.05,2.88,0.0,0.0,0.0,2.88,30.94,436.05,0.0,2,1,0,0,none,,,,1,rgb,0,0,0,0.39,0.0,1000000.0,0.0,2.88,0.0,594.0,387.36,0.0,0.0
mcc,139,path,,UNLABELED,29.5,414.29,32.38,414.29,2.88,0.0,0.0,0.0,2.88,30.94,414.29,0.0,2,1,0,0,none,,,,1,rgb,0,0,0,0.39,0.0,1000000.0,0.0,2.88,0.0,594.0,387.36,0.0,0.0
mcc,140,path,,UNLABELED,29.43,392.6,32.31,392.6,2.88,0.0,0.0,0.0,2.88,30.87,392.6,0.0,2,1,0,0,none,,,,1,rgb,0,0,0,0.39,0.0,1000000.0,0.0,2.88,0.0,594.0,387.36,0.0,0.0
mcc,141,path,,UNLABELED,29.43,370.84,32.31,370.84,2.88,0.0,0.0,0.0,2.88,30.87,370.84,0.0,2,1,0,0,none,,,,1,rgb,0,0,0,0.39,0.0,1000000.0,0.0,2.88,0.0,594.0,387.36,0.0,0.0
mcc,142,path,,UNLABELED,29.43,349.08,32.31,349.08,2.88,0.0,0.0,0.0,2.88,30.87,349.08,0.0,2,1,0,0,none,,,,1,rgb,0,0,0,0.39,0.0,1000000.0,0.0,2.88,0.0,594.0,387.36,0.0,0.0
mcc,143,path,,UNLABELED,29.43,327.32,32.31,327.32,2.88,0.0,0.0,0.0,2.88,30.87,327.32,0.0,2,1,0,0,none,,,,1,rgb,0,0,0,0.39,0.0,1000000.0,0.0,2.88,0.0,594.0,387.36,0.0,0.0
mcc,144,path,,UNLABELED,29.43,305.56,32.31,305.56,2.88,0.0,0.0,0.0,2.88,30.87,305.56,0.0,2,1,0,0,none,,,,1,rgb,0,0,0,0.39,0.0,1000000.0,0.0,2.88,0.0,594.0,387.36,0.0,0.0
mcc,145,path,,UNLABELED,29.43,262.04,32.31,262.04,2.88,0.0,0.0,0.0,2.88,30.87,262.04,0.0,2,1,0,0,none,,,,1,rgb,0,0,0,0.39,0.0,1000000.0,0.0,2.88,0.0,594.0,387.36,0.0,0.0
mcc,146,path,,UNLABELED,29.43,240.28,32.31,240.28,2.88,0.0,0.0,0.0,2.88,30.87,240.28,0.0,2,1,0,0,none,,,,1,rgb,0,0,0,0.39,0.0,1000000.0,0.0,2.88,0.0,594.0,387.36,0.0,0.0
mcc,147,path,,UNLABELED,29.43,218.59,32.31,218.59,2.88,0.0,0.0,0.0,2.88,30.87,218.59,0.0,2,1,0,0,none,,,,1,rgb,0,0,0,0.39,0.0,1000000.0,0.0,2.88,0.0,594.0,387.36,0.0,0.0
mcc,148,path,,UNLABELED,29.43,196.83,32.31,196.83,2.88,0.0,0.0,0.0,2.88,30.87,196.83,0.0,2,1,0,0,none,,,,1,rgb,0,0,0,0.39,0.0,1000000.0,0.0,2.88,0.0,594.0,387.36,0.0,0.0
mcc,149,path,,UNLABELED,29.43,175.07,32.31,175.07,2.88,0.0,0.0,0.0,2.88,30.87,175.07,0.0,2,1,0,0,none,,,,1,rgb,0,0,0,0.39,0.0,1000000.0,0.0,2.88,0.0,594.0,387.36,0.0,0.0
mcc,150,path,,UNLABELED,29.43,153.31,32.31,153.31,2.88,0.0,0.0,0.0,2.88,30.87,153.31,0.0,2,1,0,0,none,,,,1,rgb,0,0,0,0.39,0.0,1000000.0,0.0,2.88,0.0,594.0,387.36,0.0,0.0
mcc,151,path,,UNLABELED,29.43,131.55,32.31,131.55,2.88,0.0,0.0,0.0,2.88,30.87,131.55,0.0,2,1,0,0,none,,,,1,rgb,0,0,0,0.39,0.0,1000000.0,0.0,2.88,0.0,594.0,387.36,0.0,0.0
mcc,152,path,,UNLABELED,29.43,109.86,32.31,109.86,2.88,0.0,0.0,0.0,2.88,30.87,109.86,0.0,2,1,0,0,none,,,,1,rgb,0,0,0,0.39,0.0,1000000.0,0.0,2.88,0.0,594.0,387.36,0.0,0.0
mcc,153,path,,UNLABELED,29.43,88.1,32.31,88.1,2.88,0.0,0.0,0.0,2.88,30.87,88.1,0.0,2,1,0,0,none,,,,1,rgb,0,0,0,0.39,0.0,1000000.0,0.0,2.88,0.0,594.0,387.36,0.0,0.0
mcc,154,path,,UNLABELED,199.98,88.02,202.87,88.02,2.89,0.0,0.0,0.0,2.89,201.425,88.02,0.0,2,1,0,0,none,,,,1,rgb,0,0,0,0.39,0.0,1000000.0,0.0,2.89,0.0,594.0,387.36,0.0,0.0
mcc,155,path,,UNLABELED,199.98,109.79,202.87,109.79,2.89,0.0,0.0,0.0,2.89,201.425,109.79,0.0,2,1,0,0,none,,,,1,rgb,0,0,0,0.39,0.0,1000000.0,0.0,2.89,0.0,594.0,387.36,0.0,0.0
mcc,156,path,,UNLABELED,199.98,131.55,202.87,131.55,2.89,0.0,0.0,0.0,2.89,201.425,131.55,0.0,2,1,0,0,none,,,,1,rgb,0,0,0,0.39,0.0,1000000.0,0.0,2.89,0.0,594.0,387.36,0.0,0.0
mcc,157,path,,UNLABELED,199.98,153.31,202.87,153.31,2.89,0.0,0.0,0.0,2.89,201.425,153.31,0.0,2,1,0,0,none,,,,1,rgb,0,0,0,0.39,0.0,1000000.0,0.0,2.89,0.0,594.0,387.36,0.0,0.0
mcc,158,path,,UNLABELED,199.98,175.0,202.87,175.0,2.89,0.0,0.0,0.0,2.89,201.425,175.0,0.0,2,1,0,0,none,,,,1,rgb,0,0,0,0.39,0.0,1000000.0,0.0,2.89,0.0,594.0,387.36,0.0,0.0
mcc,159,path,,UNLABELED,199.98,196.76,202.87,196.76,2.89,0.0,0.0,0.0,2.89,201.425,196.76,0.0,2,1,0,0,none,,,,1,rgb,0,0,0,0.39,0.0,1000000.0,0.0,2.89,0.0,594.0,387.36,0.0,0.0
mcc,160,path,,UNLABELED,199.98,218.52,202.87,218.52,2.89,0.0,0.0,0.0,2.89,201.425,218.52,0.0,2,1,0,0,none,,,,1,rgb,0,0,0,0.39,0.0,1000000.0,0.0,2.89,0.0,594.0,387.36,0.0,0.0
mcc,161,path,,UNLABELED,199.98,240.28,202.87,240.28,2.89,0.0,0.0,0.0,2.89,201.425,240.28,0.0,2,1,0,0,none,,,,1,rgb,0,0,0,0.39,0.0,1000000.0,0.0,2.89,0.0,594.0,387.36,0.0,0.0
mcc,162,path,,UNLABELED,199.98,262.04,202.87,262.04,2.89,0.0,0.0,0.0,2.89,201.425,262.04,0.0,2,1,0,0,none,,,,1,rgb,0,0,0,0.39,0.0,1000000.0,0.0,2.89,0.0,594.0,387.36,0.0,0.0
mcc,163,path,,UNLABELED,199.98,305.56,202.87,305.56,2.89,0.0,0.0,0.0,2.89,201.425,305.56,0.0,2,1,0,0,none,,,,1,rgb,0,0,0,0.39,0.0,1000000.0,0.0,2.89,0.0,594.0,387.36,0.0,0.0
mcc,164,path,,UNLABELED,199.98,327.32,202.87,327.32,2.89,0.0,0.0,0.0,2.89,201.425,327.32,0.0,2,1,0,0,none,,,,1,rgb,0,0,0,0.39,0.0,1000000.0,0.0,2.89,0.0,594.0,387.36,0.0,0.0
mcc,165,path,,UNLABELED,199.98,349.01,202.87,349.01,2.89,0.0,0.0,0.0,2.89,201.425,349.01,0.0,2,1,0,0,none,,,,1,rgb,0,0,0,0.39,0.0,1000000.0,0.0,2.89,0.0,594.0,387.36,0.0,0.0
mcc,166,path,,UNLABELED,199.98,370.77,202.87,370.77,2.89,0.0,0.0,0.0,2.89,201.425,370.77,0.0,2,1,0,0,none,,,,1,rgb,0,0,0,0.39,0.0,1000000.0,0.0,2.89,0.0,594.0,387.36,0.0,0.0
mcc,167,path,,UNLABELED,199.98,414.29,202.87,414.29,2.89,0.0,0.0,0.0,2.89,201.425,414.29,0.0,2,1,0,0,none,,,,1,rgb,0,0,0,0.39,0.0,1000000.0,0.0,2.89,0.0,594.0,387.36,0.0,0.0
mcc,168,path,,UNLABELED,199.98,436.05,202.87,436.05,2.89,0.0,0.0,0.0,2.89,201.425,436.05,0.0,2,1,0,0,none,,,,1,rgb,0,0,0,0.39,0.0,1000000.0,0.0,2.89,0.0,594.0,387.36,0.0,0.0
mcc,169,path,,UNLABELED,199.98,457.74,202.87,457.74,2.89,0.0,0.0,0.0,2.89,201.425,457.74,0.0,2,1,0,0,none,,,,1,rgb,0,0,0,0.39,0.0,1000000.0,0.0,2.89,0.0,594.0,387.36,0.0,0.0
mcc,170,path,,UNLABELED,199.98,479.5,202.87,479.5,2.89,0.0,0.0,0.0,2.89,201.425,479.5,0.0,2,1,0,0,none,,,,1,rgb,0,0,0,0.39,0.0,1000000.0,0.0,2.89,0.0,594.0,387.36,0.0,0.0
mcc,171,path,,UNLABELED,199.26,392.53,202.87,392.53,3.61,0.0,0.0,0.0,3.61,201.065,392.53,0.0,2,1,0,0,none,,,,1,rgb,0,0,0,0.39,0.0,1000000.0,0.0,3.61,0.0,594.0,387.36,0.0,0.0
mcc,172,path,,UNLABELED,202.87,392.53,206.47,392.53,3.6,0.0,0.0,0.0,3.6,204.67,392.53,0.0,2,1,0,0,none,,,,1,rgb,0,0,0,0.39,0.0,1000000.0,0.0,3.6,0.0,594.0,387.36,0.0,0.0
mcc,173,path,,UNLABELED,199.26,175.0,202.87,175.0,3.61,0.0,0.0,0.0,3.61,201.065,175.0,0.0,2,1,0,0,none,,,,1,rgb,0,0,0,0.39,0.0,1000000.0,0.0,3.61,0.0,594.0,387.36,0.0,0.0
mcc,174,path,,UNLABELED,202.87,175.0,206.47,175.0,3.6,0.0,0.0,0.0,3.6,204.67,175.0,0.0,2,1,0,0,none,,,,1,rgb,0,0,0,0.39,0.0,1000000.0,0.0,3.6,0.0,594.0,387.36,0.0,0.0
mcc,175,path,,UNLABELED,28.71,175.07,32.31,175.07,3.6,0.0,0.0,0.0,3.6,30.51,175.07,0.0,2,1,0,0,none,,,,1,rgb,0,0,0,0.39,0.0,1000000.0,0.0,3.6,0.0,594.0,387.36,0.0,0.0
mcc,176,path,,UNLABELED,32.31,175.07,35.91,175.07,3.6,0.0,0.0,0.0,3.6,34.11,175.07,0.0,2,1,0,0,none,,,,1,rgb,0,0,0,0.39,0.0,1000000.0,0.0,3.6,0.0,594.0,387.36,0.0,0.0
mcc,177,path,,UNLABELED,28.71,392.6,32.31,392.6,3.6,0.0,0.0,0.0,3.6,30.51,392.6,0.0,2,1,0,0,none,,,,1,rgb,0,0,0,0.39,0.0,1000000.0,0.0,3.6,0.0,594.0,387.36,0.0,0.0
mcc,178,path,,UNLABELED,32.31,392.6,35.91,392.6,3.6,0.0,0.0,0.0,3.6,34.11,392.6,0.0,2,1,0,0,none,,,,1,rgb,0,0,0,0.39,0.0,1000000.0,0.0,3.6,0.0,594.0,387.36,0.0,0.0
mcc,179,path,,UNLABELED,199.98,544.79,202.87,544.79,2.89,0.0,0.0,0.0,2.89,201.425,544.79,0.0,2,1,0,0,none,,,,1,rgb,0,0,0,0.39,0.0,1000000.0,0.0,2.89,0.0,594.0,387.36,0.0,0.0
mcc,180,path,,UNLABELED,199.98,523.03,202.87,523.03,2.89,0.0,0.0,0.0,2.89,201.425,523.03,0.0,2,1,0,0,none,,,,1,rgb,0,0,0,0.39,0.0,1000000.0,0.0,2.89,0.0,594.0,387.36,0.0,0.0
mcc,181,path,,UNLABELED,32.31,49.91,32.31,44.72,0.0,5.19,0.0,0.0,5.19,32.31,47.315,0.0,2,1,0,0,none,,,,1,rgb,0,0,0,0.39,90.0,1000000.0,90.0,5.19,0.0,594.0,387.36,0.0,0.0
mcc,182,path,,UNLABELED,202.87,49.33,202.87,44.72,0.0,4.61,0.0,0.0,4.61,202.87,47.025,0.0,2,1,0,0,none,,,,1,rgb,0,0,0,0.39,90.0,1000000.0,90.0,4.61,0.0,594.0,387.36,0.0,0.0
mcc,183,path,,UNLABELED,202.87,549.11,202.87,58.05,0.0,491.06,0.0,0.0,491.06,202.87,303.58,0.0,4,1,0,0,none,,,,1,rgb,0,0,0,0.39,90.0,1000000.0,90.0,225.75,0.0,594.0,387.36,0.0,0.0
mcc,184,path,,UNLABELED,353.54,66.34,369.32,66.34,15.78,0.0,0.0,0.0,15.78,361.43,66.34,0.0,2,1,0,0,none,,,,1,rgb,0,0,0,0.39,0.0,1000000.0,0.0,15.78,0.0,594.0,387.36,0.0,0.0
mcc,185,path,,UNLABELED,18.04,66.34,328.32,66.2599,310.28,0.08,24.8277,12.4139,310.28,173.18,66.3,3877.6716,3,1,0,0,none,,,,1,rgb,0,0,0,0.39,179.9981,1000000.0,179.9752,184.68,0.0,594.0,387.36,0.0,12.4139
mcc,186,path,,UNLABELED,353.46,283.8,369.32,283.8,15.86,0.0,0.0,0.0,15.86,361.39,283.8,0.0,2,1,0,0,none,,,,1,rgb,0,0,0,0.39,0.0,1000000.0,0.0,15.86,0.0,594.0,387.36,0.0,0.0
mcc,187,path,,UNLABELED,18.04,283.8,329.25,283.73,311.21,0.07,21.787,10.8935,311.21,173.645,283.765,4445.3919,3,1,0,0,none,,,,1,rgb,0,0,0,0.39,179.9984,1000000.0,179.9783,184.76,0.0,594.0,387.36,0.0,10.8935
mcc,188,path,,UNLABELED,353.25,501.34,369.32,501.34,16.07,0.0,0.0,0.0,16.07,361.285,501.34,0.0,2,1,0,0,none,,,,1,rgb,0,0,0,0.39,0.0,1000000.0,0.0,16.07,0.0,594.0,387.36,0.0,0.0
mcc,189,path,,UNLABELED,18.04,501.34,329.04,501.26,311.0,0.08,24.8806,12.4403,311.0,173.54,501.3,3887.411,3,1,0,0,none,,,,1,rgb,0,0,0,0.39,179.9982,1000000.0,179.9752,184.83,0.0,594.0,387.36,0.0,12.4403
mcc,190,path,,UNLABELED,32.31,502.49,32.38,58.34,0.07,444.15,31.0904,7.8508,444.15,32.345,280.415,0.0002,4,1,0,0,none,,,,1,rgb,0,0,0,0.39,89.9902,1000000.0,90.0,225.46,0.0,594.0,387.36,0.0,7.9313
mcc,191,path,,UNLABELED,172.24,477.05,189.1,462.64,16.86,14.41,242.9527,0.0,22.179,180.67,469.845,1.17,2,1,0,0,none,,,,1,rgb,0,0,0,0.39,40.52,1000000.0,40.52,22.179,0.0,594.0,387.36,0.0,0.0
mcc,192,path,,UNLABELED,195.88,484.72,198.08,482.53,2.2,2.19,4.818,3.4022,6.7155,196.98,483.625,1.0046,9,1,0,1,rgb,255,255,255,0,none,,,,0.0,0.1906,1.2276,112.9322,0.8469,0.0,594.0,387.36,0.0,3.4022
mcc,193,path,,UNLABELED,187.09,479.14,191.63,475.11,4.54,4.03,18.2962,4.6337,7.1684,189.36,477.125,1.1265,4,1,0,1,rgb,0,0,0,0,none,,,,0.0,40.1208,10.8108,29.7041,5.2268,0.0,594.0,387.36,0.0,4.8487
mcc,194,path,,UNLABELED,206.61,107.48,221.96,107.48,15.35,0.0,0.0,0.0,15.35,214.285,107.48,0.0,2,1,0,0,none,,,,1,rgb,0,0,0,0.39,0.0,1000000.0,0.0,15.35,0.0,594.0,387.36,0.0,0.0
mcc,195,path,,UNLABELED,204.24,108.42,209.42,106.54,5.18,1.88,9.7384,4.6718,7.1909,206.83,107.48,2.7553,4,1,0,1,rgb,0,0,0,0,none,,,,0.0,0.0,11.0985,169.7146,5.2646,0.0,594.0,387.36,0.0,4.8692
mcc,196,path,,UNLABELED,242.14,399.45,257.34,376.39,15.2,23.06,350.5119,0.0,27.6189,249.74,387.92,0.6591,2,1,0,0,none,,,,1,rgb,0,0,0,0.39,56.6091,1000000.0,56.6091,27.6189,0.0,594.0,387.36,0.0,0.0
mcc,197,path,,UNLABELED,240.48,377.04,242.86,373.87,2.38,3.17,7.5446,2.1024,4.7356,241.67,375.455,0.7508,4,1,0,1,rgb,0,0,0,0,none,,,,0.0,57.1475,9.7993,45.8302,3.4157,0.0,594.0,387.36,0.0,2.1798
mcc,198,path,,UNLABELED,207.55,450.18,208.85,446.79,1.3,3.39,4.407,2.106,4.7859,208.2,448.485,0.3835,4,1,0,1,rgb,0,0,0,0,none,,,,0.0,90.0,9.9194,79.1459,3.4518,0.0,594.0,387.36,0.0,2.2035
mcc,199,path,,UNLABELED,207.12,146.17,207.19,139.26,0.07,6.91,0.4838,0.0,6.9104,207.155,142.715,0.0101,2,1,0,0,none,,,,1,rgb,0,0,0,0.39,89.4195,1000000.0,89.4195,6.9104,0.0,594.0,387.36,0.0,0.0
mcc,200,path,,UNLABELED,206.54,149.27,207.84,145.89,1.3,3.38,4.394,2.106,4.7717,207.19,147.58,0.3846,4,1,0,1,rgb,0,0,0,0,none,,,,0.0,90.0,9.8776,79.1146,3.4419,0.0,594.0,387.36,0.0,2.197
mcc,201,path,,UNLABELED,298.63,216.28,308.65,208.0,10.02,8.28,82.9655,0.0,12.9984,303.64,212.14,1.2101,2,1,0,0,none,,,,1,rgb,0,0,0,0.39,39.5686,1000000.0,39.5686,12.9984,0.0,594.0,387.36,0.0,0.0
mcc,202,path,,UNLABELED,296.4,208.86,299.42,206.12,3.02,2.74,8.2747,2.2595,4.8486,297.91,207.49,1.1022,4,1,0,1,rgb,0,0,0,0,none,,,,0.0,40.3533,8.8781,28.7964,3.4461,0.0,594.0,387.36,0.0,2.3446
mcc,203,path,,UNLABELED,208.2,454.5,208.2,450.25,0.0,4.25,0.0,0.0,4.25,208.2,452.375,0.0,2,1,0,0,none,,,,1,rgb,0,0,0,0.39,90.0,1000000.0,90.0,4.25,0.0,594.0,387.36,0.0,0.0
mcc,204,path,,UNLABELED,201.5,79.31,215.77,79.31,14.27,0.0,0.0,0.0,14.27,208.635,79.31,0.0,2,1,0,0,none,,,,1,rgb,0,0,0,0.39,0.0,1000000.0,0.0,14.27,0.0,594.0,387.36,0.0,0.0
mcc,205,path,,UNLABELED,178.3,521.01,191.27,514.96,12.97,6.05,78.4685,0.0,14.3117,184.785,517.985,2.1438,2,1,0,0,none,,,,1,rgb,0,0,0,0.39,154.9928,1000000.0,154.9928,14.3117,0.0,594.0,387.36,0.0,0.0
mcc,206,path,,UNLABELED,190.91,515.6,194.22,513.59,3.31,2.01,6.6531,2.0388,4.7343,192.565,514.595,1.6468,4,1,0,1,rgb,0,0,0,0,none,,,,0.0,154.7758,10.6464,144.4237,3.4549,0.0,594.0,387.36,0.0,2.1183
mcc,207,path,,UNLABELED,198.26,79.95,201.64,78.66,3.38,1.29,4.3603,2.0899,4.762,199.95,79.305,2.6201,4,1,0,1,rgb,0,0,0,0,none,,,,0.0,179.9328,10.0304,169.1141,3.4419,0.0,594.0,387.36,0.0,2.1802
mcc,208,path,,UNLABELED,152.29,236.64,158.92,230.01,6.63,6.63,43.957,31.0947,20.3016,155.605,233.325,1.0,9,1,0,0,none,,,,1,rgb,0,0,0,0.42,0.0649,1.2223,157.5709,2.5423,0.0,594.0,387.36,0.0,31.0947
mcc,209,path,,UNLABELED,162.48,170.42,169.11,163.79,6.63,6.63,43.957,31.0947,20.3016,165.795,167.105,1.0,9,1,0,0,none,,,,1,rgb,0,0,0,0.42,179.9352,1.222,112.4291,2.5423,0.0,594.0,387.36,0.0,31.0947
mcc,210,path,,UNLABELED,172.62,107.81,179.25,101.18,6.63,6.63,43.957,31.0947,20.3016,175.935,104.495,1.0,9,1,0,0,none,,,,1,rgb,0,0,0,0.42,179.9352,1.222,112.4291,2.5423,0.0,594.0,387.36,0.0,31.0947
mcc,211,path,,UNLABELED,227.79,236.35,234.42,229.71,6.63,6.64,44.0233,31.085,20.2985,231.105,233.03,0.9985,9,1,0,0,none,,,,1,rgb,0,0,0,0.42,0.0,1.2227,22.6374,2.5462,0.0,594.0,387.36,0.0,31.085
mcc,212,path,,UNLABELED,239.69,310.17,244.95,305.27,5.26,4.9,25.774,11.9199,15.7891,242.32,307.72,1.0735,10,1,0,1,rgb,0,0,0,0,none,,,,0.0,179.0648,1.0445,85.5526,1.8054,0.0,594.0,387.36,0.0,17.6333
mcc,213,path,,UNLABELED,241.39,308.5,243.33,306.56,1.94,1.94,3.7636,2.6578,5.9355,242.36,307.53,1.0,9,1,0,1,rgb,255,255,255,0,none,,,,0.0,0.1508,1.2237,22.7971,0.7485,0.0,594.0,387.36,0.0,2.6578
mcc,214,path,,UNLABELED,95.27,487.59,95.27,417.7,0.0,69.89,0.0,0.0,69.89,95.27,452.645,0.0,2,1,0,0,none,,,,1,rgb,0,0,0,0.39,90.0,1000000.0,90.0,69.89,0.0,594.0,387.36,0.0,0.0
mcc,215,path,,UNLABELED,95.27,483.2,115.37,417.7,20.1,65.5,1316.5499,0.0,68.5147,105.32,450.45,0.3069,2,1,0,0,none,,,,1,rgb,0,0,0,0.39,72.9403,1000000.0,72.9403,68.5147,0.0,594.0,387.36,0.0,0.0
mcc,216,path,,UNLABELED,112.56,483.2,115.37,474.05,2.81,9.15,25.7115,8.082,18.0191,113.965,478.625,0.3071,10,1,0,1,rgb,0,0,0,0,none,,,,0.0,78.5186,27.6427,72.9281,9.5718,0.0,594.0,387.36,0.0,10.0055
mcc,217,path,,UNLABELED,92.82,489.25,97.72,478.59,4.9,10.66,52.234,22.794,20.4265,95.27,483.92,0.4597,6,1,0,1,rgb,0,0,0,0,none,,,,0.0,89.8986,5.0309,102.5422,4.651,0.0,594.0,387.36,0.0,26.117
mcc,218,path,,UNLABELED,217.25,237.22,226.37,234.1,9.12,3.12,28.4543,0.0,9.6389,221.81,235.66,2.9231,2,1,0,0,none,,,,1,rgb,0,0,0,0.39,161.1139,1000000.0,161.1139,9.6389,0.0,594.0,387.36,0.0,0.0
mcc,219,path,,UNLABELED,222.95,235.81,226.37,234.1,3.42,1.71,5.8482,2.1085,4.7857,224.66,234.955,2.0,4,1,0,1,rgb,0,0,0,0,none,,,,0.0,161.1518,9.9383,150.317,3.4531,0.0,594.0,387.36,0.0,2.2041
mcc,220,path,,UNLABELED,222.95,235.81,226.37,234.1,3.42,1.71,5.8482,2.1085,4.7857,224.66,234.955,2.0,4,1,0,1,rgb,0,0,0,0,none,,,,0.0,161.1518,9.9383,150.317,3.4531,0.0,594.0,387.36,0.0,2.2041
mcc,221,path,,UNLABELED,159.68,245.31,167.7,237.21,8.02,8.1,64.9621,0.0,11.3987,163.69,241.26,0.9901,2,1,0,0,none,,,,1,rgb,0,0,0,0.39,45.2844,1000000.0,45.2844,11.3987,0.0,594.0,387.36,0.0,0.0
mcc,222,path,,UNLABELED,159.68,240.07,162.52,237.21,2.84,2.86,8.1223,2.0954,4.7711,161.1,238.64,0.993,4,1,0,1,rgb,0,0,0,0,none,,,,0.0,45.2821,9.9815,34.4745,3.445,0.0,594.0,387.36,0.0,2.1892
mcc,223,path,,UNLABELED,159.68,240.07,162.52,237.21,2.84,2.86,8.1223,2.0954,4.7711,161.1,238.64,0.993,4,1,0,1,rgb,0,0,0,0,none,,,,0.0,45.2821,9.9815,34.4745,3.445,0.0,594.0,387.36,0.0,2.1892
mcc,224,path,,UNLABELED,169.02,163.79,174.5,158.97,5.48,4.82,26.4136,0.0,7.2981,171.76,161.38,1.1369,2,1,0,0,none,,,,1,rgb,0,0,0,0.39,138.6663,1000000.0,138.6663,7.2981,0.0,594.0,387.36,0.0,0.0
mcc,225,path,,UNLABELED,169.02,163.79,171.99,161.07,2.97,2.72,8.0784,2.0881,4.7723,170.505,162.43,1.0919,4,1,0,1,rgb,0,0,0,0,none,,,,0.0,138.6786,10.0615,127.9332,3.4486,0.0,594.0,387.36,0.0,2.1842
mcc,226,path,,UNLABELED,169.02,163.79,171.99,161.07,2.97,2.72,8.0784,2.0881,4.7723,170.505,162.43,1.0919,4,1,0,1,rgb,0,0,0,0,none,,,,0.0,138.6786,10.0615,127.9332,3.4486,0.0,594.0,387.36,0.0,2.1842
mcc,227,path,,UNLABELED,179.13,100.8,182.7,96.36,3.57,4.44,15.8508,0.0,5.6972,180.915,98.58,0.8041,2,1,0,0,none,,,,1,rgb,0,0,0,0.39,128.8012,1000000.0,128.8012,5.6972,0.0,594.0,387.36,0.0,0.0
mcc,228,path,,UNLABELED,179.13,100.8,181.76,97.76,2.63,3.04,7.9952,2.0948,4.7733,180.445,99.28,0.8651,4,1,0,1,rgb,0,0,0,0,none,,,,0.0,128.892,9.973,118.0528,3.4447,0.0,594.0,387.36,0.0,2.1913
mcc,229,path,,UNLABELED,179.13,100.8,181.76,97.76,2.63,3.04,7.9952,2.0948,4.7733,180.445,99.28,0.8651,4,1,0,1,rgb,0,0,0,0,none,,,,0.0,128.892,9.973,118.0528,3.4447,0.0,594.0,387.36,0.0,2.1913
mcc,230,path,,UNLABELED,154.78,234.75,156.82,231.92,2.04,2.83,5.7732,2.4851,14.7599,155.8,233.335,0.7208,13,1,0,1,rgb,0,0,0,0,none,,,,0.0,90.9627,2.0287,90.0,2.83,0.0,594.0,387.36,0.0,5.7732
mcc,231,path,,UNLABELED,164.94,168.46,166.98,165.63,2.04,2.83,5.7732,2.4851,14.7599,165.96,167.045,0.7208,13,1,0,1,rgb,0,0,0,0,none,,,,0.0,90.9627,2.0287,90.0,2.83,0.0,594.0,387.36,0.0,5.7732
mcc,232,path,,UNLABELED,175.1,105.99,177.14,103.16,2.04,2.83,5.7732,2.472,14.7801,176.12,104.575,0.7208,13,1,0,1,rgb,0,0,0,0,none,,,,0.0,90.9293,2.0272,90.0,2.83,0.0,594.0,387.36,0.0,5.7732
mcc,233,path,,UNLABELED,230.22,234.46,232.27,231.63,2.05,2.83,5.8014,2.5134,14.7799,231.245,233.045,0.7244,13,1,0,1,rgb,0,0,0,0,none,,,,0.0,90.9751,2.0179,90.0,2.83,0.0,594.0,387.36,0.0,5.8014
mcc,234,path,,UNLABELED,193.37,104.18,196.22,99.32,2.85,4.86,13.851,5.0568,20.461,194.795,101.75,0.5864,98,1,0,1,rgb,0,0,0,0,none,,,,0.0,89.4284,3.6697,0.0,0.57,0.0,594.0,387.36,0.0,11.8853
mcc,235,compound,,UNLABELED,196.63,104.24,199.95,99.41,3.32,4.83,16.0356,5.1457,19.9011,198.29,101.825,0.6874,15,2,0,1,rgb,0,0,0,0,none,,,,0.0,84.1638,2.3556,56.0877,5.0007,0.0,594.0,387.36,0.0,8.3264
mcc,236,path,,UNLABELED,102.21,436.79,106.22,433.84,4.01,2.95,11.8295,3.0101,14.6514,104.215,435.315,1.3593,7,1,0,1,rgb,0,0,0,0,none,,,,0.0,170.7843,1.9297,5.5549,4.0289,0.0,594.0,387.36,0.0,5.7497
mcc,237,compound,,UNLABELED,103.42,438.95,107.48,435.69,4.06,3.26,13.2356,3.5597,17.2047,105.45,437.32,1.2454,12,2,0,1,rgb,0,0,0,0,none,,,,0.0,163.4151,1.2378,7.5763,4.0958,0.0,594.0,387.36,0.0,6.3496
mcc,238,compound,,UNLABELED,104.19,441.9,108.22,439.23,4.03,2.67,10.7601,3.8207,18.0626,106.205,440.565,1.5094,45,2,0,1,rgb,0,0,0,0,none,,,,0.0,164.9855,3.0642,162.8974,3.5364,0.0,594.0,387.36,0.0,7.0789
mcc,239,path,,UNLABELED,105.88,446.51,109.48,445.1,3.6,1.41,5.076,1.5855,8.9168,107.68,445.805,2.5532,7,1,0,1,rgb,0,0,0,0,none,,,,0.0,168.2756,22.8689,163.0523,3.5335,0.0,594.0,387.36,0.0,2.5563
mcc,240,path,,UNLABELED,106.65,449.67,110.33,447.03,3.68,2.64,9.7152,2.988,15.7208,108.49,448.35,1.3939,98,1,0,1,rgb,0,0,0,0,none,,,,0.0,162.3671,3.6803,72.8014,0.4397,0.0,594.0,387.36,0.0,7.0323
mcc,241,path,,UNLABELED,110.36,450.13,110.89,449.61,0.53,0.52,0.2756,0.2105,1.6391,110.625,449.87,1.0192,17,1,0,1,rgb,0,0,0,0,none,,,,0.0,160.5767,1.1452,79.6969,0.1118,0.0,594.0,387.36,0.0,0.2105
mcc,242,compound,,UNLABELED,107.86,453.59,111.52,451.01,3.66,2.58,9.4428,3.3924,17.2622,109.69,452.3,1.4186,98,2,0,1,rgb,0,0,0,0,none,,,,0.0,162.927,2.6317,148.7364,0.3276,0.0,594.0,387.36,0.0,7.2118
mcc,243,compound,,UNLABELED,108.69,455.66,110.29,454.06,1.6,1.6,2.56,1.4137,7.7057,109.49,454.86,1.0,34,2,0,1,rgb,0,0,0,0,none,,,,0.0,162.4212,1.1232,63.4349,0.3354,0.0,594.0,387.36,0.0,1.9793
mcc,244,path,,UNLABELED,109.93,460.81,113.87,457.93,3.94,2.88,11.3472,3.3592,16.702,111.9,459.37,1.3681,13,1,0,1,rgb,0,0,0,0,none,,,,0.0,155.2652,2.6621,162.8974,3.5364,0.0,594.0,387.36,0.0,6.8166
mcc,245,path,,UNLABELED,132.73,317.53,137.15,317.31,4.42,0.22,0.9724,0.0,4.4255,134.94,317.42,20.0908,2,1,0,0,none,,,,1,rgb,0,0,0,0.39,2.8495,1000000.0,2.8495,4.4255,0.0,594.0,387.36,0.0,0.0
mcc,246,compound,,UNLABELED,17.86,40.94,27.39,30.52,9.53,10.42,99.3024,27.7975,48.1458,22.625,35.73,0.9146,12,2,0,1,rgb,0,0,0,0,none,,,,0.0,90.1502,1.2398,65.4029,11.4599,0.0,594.0,387.36,0.0,49.6512
mcc,247,path,,UNLABELED,28.24,40.42,29.53,30.52,1.29,9.9,12.771,12.771,22.38,28.885,35.47,0.1303,5,1,0,1,rgb,0,0,0,0,none,,,,0.0,88.735,60.638,90.0,9.9,0.0,594.0,387.36,0.0,12.771
mcc,248,compound,,UNLABELED,31.3,40.42,37.56,30.52,6.26,9.9,61.9738,29.9029,50.5923,34.43,35.47,0.6323,45,2,0,1,rgb,0,0,0,0,none,,,,0.0,92.1041,3.0652,90.0,9.9,0.0,594.0,387.36,0.0,55.4181
mcc,249,compound,,UNLABELED,38.47,40.42,43.97,30.52,5.5,9.9,54.4498,23.8395,39.9964,41.22,35.47,0.5556,52,2,0,1,rgb,0,0,0,0,none,,,,0.0,79.1334,2.5542,90.0,9.9,0.0,594.0,387.36,0.0,39.7444
mcc,250,compound,,UNLABELED,44.27,40.79,54.73,30.34,10.46,10.45,109.3071,34.776,58.2528,49.5,35.565,1.001,114,2,0,1,rgb,0,0,0,0,none,,,,0.0,89.9262,1.0726,117.8594,0.7918,0.0,594.0,387.36,0.0,85.9022
mcc,251,compound,,UNLABELED,55.94,40.42,62.19,30.52,6.25,9.9,61.8748,29.8321,50.5796,59.065,35.47,0.6313,45,2,0,1,rgb,0,0,0,0,none,,,,0.0,92.1189,3.0602,90.0,9.9,0.0,594.0,387.36,0.0,55.3739
mcc,252,path,,UNLABELED,62.21,40.42,68.22,30.52,6.01,9.9,59.4992,17.8278,31.8201,65.215,35.47,0.6071,9,1,0,1,rgb,0,0,0,0,none,,,,0.0,89.3515,3.4406,90.0,8.81,0.0,594.0,387.36,0.0,38.6635
mcc,253,compound,,UNLABELED,72.94,40.42,80.64,30.52,7.7,9.9,76.2302,32.5627,53.3884,76.79,35.47,0.7778,72,2,0,1,rgb,0,0,0,0,none,,,,0.0,88.777,2.7447,90.0,9.9,0.0,594.0,387.36,0.0,65.7606
mcc,254,path,,UNLABELED,81.72,40.42,83.01,30.52,1.29,9.9,12.771,12.771,22.3801,82.365,35.47,0.1303,5,1,0,1,rgb,0,0,0,0,none,,,,0.0,88.735,60.6378,90.0,9.9,0.0,594.0,387.36,0.0,12.771
mcc,255,compound,,UNLABELED,83.69,40.94,93.22,30.52,9.53,10.42,99.3025,27.7975,48.1458,88.455,35.73,0.9146,12,2,0,1,rgb,0,0,0,0,none,,,,0.0,90.262,1.2398,114.5971,11.4599,0.0,594.0,387.36,0.0,49.6513
mcc,256,path,,UNLABELED,93.52,40.79,103.05,30.34,9.53,10.45,99.5887,32.6851,57.8461,98.285,35.565,0.912,100,1,0,1,rgb,0,0,0,0,none,,,,0.0,97.4153,1.4421,0.0,3.8,0.0,594.0,387.36,0.0,79.6866
mcc,257,compound,,UNLABELED,104.37,40.42,110.62,30.52,6.25,9.9,61.8748,29.8284,50.5669,107.495,35.47,0.6313,45,2,0,1,rgb,0,0,0,0,none,,,,0.0,92.1317,3.0674,90.0,9.9,0.0,594.0,387.36,0.0,55.3581
mcc,258,compound,,UNLABELED,110.44,40.94,119.97,30.52,9.53,10.42,99.3025,27.7975,48.1458,115.205,35.73,0.9146,12,2,0,1,rgb,0,0,0,0,none,,,,0.0,90.262,1.2398,114.5971,11.4599,0.0,594.0,387.36,0.0,49.6513
mcc,259,path,,UNLABELED,120.07,40.9901,130.98,30.34,10.91,10.65,116.1917,38.5689,69.5922,125.525,35.665,1.0244,13,1,0,1,rgb,0,0,0,0,none,,,,0.0,89.8729,1.3861,101.0254,10.6669,0.0,594.0,387.36,0.0,93.9034
mcc,260,compound,,UNLABELED,17.86,563.63,27.39,553.22,9.53,10.41,99.2073,27.8072,48.1093,22.625,558.425,0.9155,12,2,0,1,rgb,0,0,0,0,none,,,,0.0,90.1872,1.2372,65.3821,11.4508,0.0,594.0,387.36,0.0,49.6037
mcc,261,path,,UNLABELED,28.24,563.12,29.53,553.22,1.29,9.9,12.771,12.771,22.38,28.885,558.17,0.1303,5,1,0,1,rgb,0,0,0,0,none,,,,0.0,88.735,60.6377,90.0,9.9,0.0,594.0,387.36,0.0,12.771
mcc,262,compound,,UNLABELED,31.3,563.12,37.56,553.22,6.26,9.9,61.974,29.9051,50.563,34.43,558.17,0.6323,45,2,0,1,rgb,0,0,0,0,none,,,,0.0,92.1024,3.0619,90.0,9.9,0.0,594.0,387.36,0.0,55.3912
mcc,263,compound,,UNLABELED,38.47,563.12,43.97,553.22,5.5,9.9,54.45,23.8452,39.991,41.22,558.17,0.5556,52,2,0,1,rgb,0,0,0,0,none,,,,0.0,79.1587,2.5535,90.0,9.9,0.0,594.0,387.36,0.0,39.7408
mcc,264,compound,,UNLABELED,44.27,563.48,54.73,553.03,10.46,10.45,109.307,34.7753,58.2608,49.5,558.255,1.001,114,2,0,1,rgb,0,0,0,0,none,,,,0.0,89.9267,1.0731,117.8598,0.7918,0.0,594.0,387.36,0.0,85.9196
mcc,265,compound,,UNLABELED,55.94,563.12,62.19,553.22,6.25,9.9,61.875,29.8342,50.5502,59.065,558.17,0.6313,45,2,0,1,rgb,0,0,0,0,none,,,,0.0,92.1171,3.057,90.0,9.9,0.0,594.0,387.36,0.0,55.347
mcc,266,path,,UNLABELED,62.21,563.12,68.22,553.22,6.01,9.9,59.499,17.875,31.82,65.215,558.17,0.6071,9,1,0,1,rgb,0,0,0,0,none,,,,0.0,89.3521,3.4361,90.0,8.8,0.0,594.0,387.36,0.0,38.687
mcc,267,compound,,UNLABELED,72.94,563.12,80.64,553.22,7.7,9.9,76.23,32.5687,53.3777,76.79,558.17,0.7778,72,2,0,1,rgb,0,0,0,0,none,,,,0.0,88.7964,2.7435,90.0,9.9,0.0,594.0,387.36,0.0,65.7572
mcc,268,path,,UNLABELED,81.72,563.12,83.01,553.22,1.29,9.9,12.771,12.771,22.38,82.365,558.17,0.1303,5,1,0,1,rgb,0,0,0,0,none,,,,0.0,88.735,60.6375,90.0,9.9,0.0,594.0,387.36,0.0,12.771
mcc,269,compound,,UNLABELED,83.69,563.63,93.22,553.22,9.53,10.41,99.2074,27.8072,48.1093,88.455,558.425,0.9155,12,2,0,1,rgb,0,0,0,0,none,,,,0.0,90.3002,1.2372,114.6179,11.4508,0.0,594.0,387.36,0.0,49.6037
mcc,270,path,,UNLABELED,93.52,563.48,103.05,553.03,9.53,10.45,99.5886,32.6909,57.8643,98.285,558.255,0.912,100,1,0,1,rgb,0,0,0,0,none,,,,0.0,97.395,1.4419,0.0,3.8,0.0,594.0,387.36,0.0,79.6836
mcc,271,compound,,UNLABELED,104.37,563.12,110.62,553.22,6.25,9.9,61.875,29.8305,50.5374,107.495,558.17,0.6313,45,2,0,1,rgb,0,0,0,0,none,,,,0.0,92.13,3.0642,90.0,9.9,0.0,594.0,387.36,0.0,55.3312
mcc,272,compound,,UNLABELED,110.44,563.63,119.97,553.22,9.53,10.41,99.2074,27.8072,48.1093,115.205,558.425,0.9155,12,2,0,1,rgb,0,0,0,0,none,,,,0.0,90.3002,1.2372,114.6179,11.4508,0.0,594.0,387.36,0.0,49.6037
mcc,273,path,,UNLABELED,120.07,563.68,130.98,553.03,10.91,10.65,116.1915,38.5518,69.5528,125.525,558.355,1.0244,13,1,0,1,rgb,0,0,0,0,none,,,,0.0,89.8723,1.3841,101.0358,10.6571,0.0,594.0,387.36,0.0,93.869
mcc,274,path,,UNLABELED,291.64,40.7,294.57,35.84,2.93,4.86,14.2397,5.4266,20.516,293.105,38.27,0.6029,91,1,0,1,rgb,0,0,0,0,none,,,,0.0,91.7487,3.6036,11.3094,0.6119,0.0,594.0,387.36,0.0,11.9563
mcc,275,compound,,UNLABELED,294.63,40.76,299.06,35.93,4.43,4.83,21.3969,5.9903,22.3406,296.845,38.345,0.9172,12,2,0,1,rgb,0,0,0,0,none,,,,0.0,90.5714,1.2324,114.6847,5.3158,0.0,594.0,387.36,0.0,10.6985
mcc,276,path,,UNLABELED,299.19,40.7,302.84,35.84,3.65,4.86,17.7389,5.1171,20.0775,301.015,38.27,0.751,75,1,0,1,rgb,0,0,0,0,none,,,,0.0,87.3192,2.3146,90.0,0.68,0.0,594.0,387.36,0.0,14.905
mcc,277,compound,,UNLABELED,303.5,40.53,306.4,35.93,2.9,4.6,13.3401,6.4581,23.4542,304.95,38.23,0.6304,45,2,0,1,rgb,0,0,0,0,none,,,,0.0,92.1319,3.0631,90.0,4.6,0.0,594.0,387.36,0.0,11.9416
mcc,278,compound,,UNLABELED,306.32,40.76,310.75,35.93,4.43,4.83,21.3969,5.9962,22.3466,308.535,38.345,0.9172,12,2,0,1,rgb,0,0,0,0,none,,,,0.0,90.3939,1.2342,114.6847,5.3158,0.0,594.0,387.36,0.0,10.6985
mcc,279,path,,UNLABELED,310.79,40.79,315.86,35.84,5.07,4.95,25.0966,8.3489,32.3129,313.325,38.315,1.0242,13,1,0,1,rgb,0,0,0,0,none,,,,0.0,89.6554,1.3877,101.0605,4.952,0.0,594.0,387.36,0.0,20.2513
mcc,280,path,,UNLABELED,316.36,40.53,318.86,35.93,2.5,4.6,11.4999,5.6247,21.72,317.61,38.23,0.5435,13,1,0,1,rgb,0,0,0,0,none,,,,0.0,82.493,2.6657,90.0,4.6,0.0,594.0,387.36,0.0,11.4999
mcc,281,path,,UNLABELED,319.55,40.75,323.55,35.74,4.0,5.01,20.04,7.4866,27.5523,321.55,38.245,0.7984,9,1,0,1,rgb,0,0,0,0,none,,,,0.0,67.7473,1.7657,133.0529,4.9951,0.0,594.0,387.36,0.0,19.22
mcc,282,path,,UNLABELED,323.94,40.53,326.74,35.93,2.8,4.6,12.8802,3.9041,14.8001,325.34,38.23,0.6087,9,1,0,1,rgb,0,0,0,0,none,,,,0.0,89.3175,3.4074,90.0,4.08,0.0,594.0,387.36,0.0,8.3921
mcc,283,compound,,UNLABELED,326.81,40.7,331.67,35.84,4.86,4.86,23.6195,7.5099,27.0519,329.24,38.27,1.0,114,2,0,1,rgb,0,0,0,0,none,,,,0.0,90.024,1.073,139.3925,0.3688,0.0,594.0,387.36,0.0,18.5255
mcc,284,path,,UNLABELED,332.15,36.61,333.34,34.82,1.19,1.79,2.1301,0.8095,4.5028,332.745,35.715,0.6648,5,1,0,1,rgb,0,0,0,0,none,,,,0.0,67.3936,14.9506,62.02,1.8117,0.0,594.0,387.36,0.0,0.8095
mcc,285,path,,UNLABELED,335.52,40.7,339.16,35.84,3.64,4.86,17.6904,5.1091,20.0641,337.34,38.27,0.749,75,1,0,1,rgb,0,0,0,0,none,,,,0.0,87.3138,2.3142,90.0,0.68,0.0,594.0,387.36,0.0,14.8873
mcc,286,compound,,UNLABELED,339.31,40.76,343.74,35.93,4.43,4.83,21.3969,5.9903,22.3406,341.525,38.345,0.9172,12,2,0,1,rgb,0,0,0,0,none,,,,0.0,89.8879,1.2328,65.3153,5.3158,0.0,594.0,387.36,0.0,10.6985
mcc,287,path,,UNLABELED,344.13,40.53,346.13,35.9301,2.0,4.6,9.2,3.4739,13.2,345.13,38.23,0.4348,7,1,0,1,rgb,0,0,0,0,none,,,,0.0,100.4862,10.2887,90.0,4.6,0.0,594.0,387.36,0.0,6.3369
mcc,288,path,,UNLABELED,346.49,40.53,347.09,35.9301,0.6,4.6,2.76,2.76,10.4,346.79,38.23,0.1304,5,1,0,1,rgb,0,0,0,0,none,,,,0.0,88.7337,60.5134,90.0,4.6,0.0,594.0,387.36,0.0,2.76
mcc,289,path,,UNLABELED,347.92,40.53,350.17,35.93,2.25,4.6,10.3501,4.3984,16.9201,349.045,38.23,0.4891,11,1,0,1,rgb,0,0,0,0,none,,,,0.0,71.9819,3.9199,90.0,4.6,0.0,594.0,387.36,0.0,8.3391
mcc,290,compound,,UNLABELED,350.48,40.7,355.33,35.84,4.85,4.86,23.571,7.4986,27.0488,352.905,38.27,0.9979,114,2,0,1,rgb,0,0,0,0,none,,,,0.0,89.9622,1.0734,29.3562,0.3672,0.0,594.0,387.36,0.0,18.518
mcc,291,compound,,UNLABELED,355.9,40.53,358.8,35.93,2.9,4.6,13.3402,6.3981,23.4767,357.35,38.23,0.6304,45,2,0,1,rgb,0,0,0,0,none,,,,0.0,92.1278,3.0603,90.0,4.6,0.0,594.0,387.36,0.0,11.9185
mcc,292,path,,UNLABELED,359.23,40.75,363.23,35.74,4.0,5.01,20.04,7.4866,27.5523,361.23,38.245,0.7984,9,1,0,1,rgb,0,0,0,0,none,,,,0.0,67.7473,1.7657,133.0529,4.9951,0.0,594.0,387.36,0.0,19.22
mcc,293,path,,UNLABELED,364.04,40.53,364.63,35.9301,0.59,4.6,2.714,2.714,10.3799,364.335,38.23,0.1283,5,1,0,1,rgb,0,0,0,0,none,,,,0.0,88.7555,62.5821,90.0,4.6,0.0,594.0,387.36,0.0,2.714
mcc,294,compound,,UNLABELED,364.95,40.76,369.38,35.93,4.43,4.83,21.3969,5.9962,22.3466,367.165,38.345,0.9172,12,2,0,1,rgb,0,0,0,0,none,,,,0.0,90.3939,1.2342,114.6847,5.3158,0.0,594.0,387.36,0.0,10.6985
mcc,295,path,,UNLABELED,291.64,557.98,294.57,553.13,2.93,4.85,14.2105,5.4231,20.5076,293.105,555.555,0.6041,91,1,0,1,rgb,0,0,0,0,none,,,,0.0,91.7584,3.6028,12.2251,0.6139,0.0,594.0,387.36,0.0,11.9538
mcc,296,compound,,UNLABELED,294.63,558.05,299.06,553.22,4.43,4.83,21.3969,5.9903,22.3406,296.845,555.635,0.9172,12,2,0,1,rgb,0,0,0,0,none,,,,0.0,90.5714,1.2324,114.6848,5.3158,0.0,594.0,387.36,0.0,10.6984
mcc,297,path,,UNLABELED,299.19,557.98,302.84,553.13,3.65,4.85,17.7025,5.1189,20.0804,301.015,555.555,0.7526,75,1,0,1,rgb,0,0,0,0,none,,,,0.0,87.3386,2.3156,90.0,0.68,0.0,594.0,387.36,0.0,14.9098
mcc,298,compound,,UNLABELED,303.5,557.81,306.4,553.22,2.9,4.59,13.311,6.4602,23.4254,304.95,555.515,0.6318,45,2,0,1,rgb,0,0,0,0,none,,,,0.0,92.0898,3.0607,90.0,4.59,0.0,594.0,387.36,0.0,11.9327
mcc,299,compound,,UNLABELED,306.32,558.05,310.75,553.22,4.43,4.83,21.3969,5.9962,22.3465,308.535,555.635,0.9172,12,2,0,1,rgb,0,0,0,0,none,,,,0.0,90.394,1.2342,114.6848,5.3158,0.0,594.0,387.36,0.0,10.6984
mcc,300,path,,UNLABELED,310.79,558.08,315.86,553.13,5.07,4.95,25.0965,8.3428,32.3123,313.325,555.605,1.0242,13,1,0,1,rgb,0,0,0,0,none,,,,0.0,89.7791,1.3864,101.0605,4.952,0.0,594.0,387.36,0.0,20.2513
mcc,301,path,,UNLABELED,316.36,557.81,318.86,553.22,2.5,4.59,11.475,5.5998,21.7,317.61,555.515,0.5447,13,1,0,1,rgb,0,0,0,0,none,,,,0.0,82.4612,2.6598,90.0,4.59,0.0,594.0,387.36,0.0,11.475
mcc,302,path,,UNLABELED,319.55,558.03,323.55,553.03,4.0,5.0,20.0,7.4637,27.5151,321.55,555.53,0.8,9,1,0,1,rgb,0,0,0,0,none,,,,0.0,67.6248,1.7603,133.0531,4.9951,0.0,594.0,387.36,0.0,19.18
mcc,303,path,,UNLABELED,323.94,557.81,326.74,553.22,2.8,4.59,12.8521,3.876,14.78,325.34,555.515,0.61,9,1,0,1,rgb,0,0,0,0,none,,,,0.0,89.3138,3.4011,90.0,4.08,0.0,594.0,387.36,0.0,8.3641
mcc,304,compound,,UNLABELED,326.81,557.98,331.67,553.13,4.86,4.85,23.5709,7.504,27.054,329.24,555.555,1.0021,114,2,0,1,rgb,0,0,0,0,none,,,,0.0,90.0247,1.0729,127.1848,0.364,0.0,594.0,387.36,0.0,18.5245
mcc,305,path,,UNLABELED,332.15,553.9,333.34,552.11,1.19,1.79,2.1301,0.8095,4.5028,332.745,553.005,0.6648,5,1,0,1,rgb,0,0,0,0,none,,,,0.0,67.3937,14.9503,62.0204,1.8118,0.0,594.0,387.36,0.0,0.8095
mcc,306,path,,UNLABELED,335.52,557.98,339.16,553.13,3.64,4.85,17.6541,5.1108,20.0669,337.34,555.555,0.7505,75,1,0,1,rgb,0,0,0,0,none,,,,0.0,87.3332,2.3152,90.0,0.68,0.0,594.0,387.36,0.0,14.8921
mcc,307,compound,,UNLABELED,339.31,558.05,343.74,553.22,4.43,4.83,21.3969,5.9903,22.3406,341.525,555.635,0.9172,12,2,0,1,rgb,0,0,0,0,none,,,,0.0,89.8879,1.2328,65.3152,5.3158,0.0,594.0,387.36,0.0,10.6984
mcc,308,path,,UNLABELED,344.13,557.81,346.13,553.22,2.0,4.59,9.18,3.468,13.18,345.13,555.515,0.4357,7,1,0,1,rgb,0,0,0,0,none,,,,0.0,100.5139,10.2444,90.0,4.59,0.0,594.0,387.36,0.0,6.324
mcc,309,path,,UNLABELED,346.49,557.81,347.09,553.22,0.6,4.59,2.754,2.754,10.38,346.79,555.515,0.1307,5,1,0,1,rgb,0,0,0,0,none,,,,0.0,88.7308,60.2515,90.0,4.59,0.0,594.0,387.36,0.0,2.754
mcc,310,path,,UNLABELED,347.92,557.81,350.17,553.22,2.25,4.59,10.3275,4.3758,16.9,349.045,555.515,0.4902,11,1,0,1,rgb,0,0,0,0,none,,,,0.0,71.9246,3.9158,90.0,4.59,0.0,594.0,387.36,0.0,8.3165
mcc,311,compound,,UNLABELED,350.48,557.98,355.33,553.13,4.85,4.85,23.5225,7.4925,27.0507,352.905,555.555,1.0,114,2,0,1,rgb,0,0,0,0,none,,,,0.0,89.9619,1.0734,51.5807,0.3701,0.0,594.0,387.36,0.0,18.5169
mcc,312,compound,,UNLABELED,355.9,557.81,358.8,553.22,2.9,4.59,13.3111,6.4002,23.4479,357.35,555.515,0.6318,45,2,0,1,rgb,0,0,0,0,none,,,,0.0,92.0858,3.0578,90.0,4.59,0.0,594.0,387.36,0.0,11.9096
mcc,313,path,,UNLABELED,359.23,558.03,363.23,553.03,4.0,5.0,20.0,7.4637,27.5151,361.23,555.53,0.8,9,1,0,1,rgb,0,0,0,0,none,,,,0.0,67.6248,1.7603,133.0531,4.9951,0.0,594.0,387.36,0.0,19.18
mcc,314,path,,UNLABELED,364.04,557.81,364.63,553.22,0.59,4.59,2.7081,2.7081,10.36,364.335,555.515,0.1285,5,1,0,1,rgb,0,0,0,0,none,,,,0.0,88.7527,62.3112,90.0,4.59,0.0,594.0,387.36,0.0,2.7081
mcc,315,compound,,UNLABELED,364.95,558.05,369.38,553.22,4.43,4.83,21.3969,5.9962,22.3465,367.165,555.635,0.9172,12,2,0,1,rgb,0,0,0,0,none,,,,0.0,90.394,1.2342,114.6848,5.3158,0.0,594.0,387.36,0.0,10.6984
mcc,316,compound,,UNLABELED,175.69,556.83,180.12,551.99,4.43,4.84,21.4412,6.0184,22.3647,177.905,554.41,0.9153,12,2,0,1,rgb,0,0,0,0,none,,,,0.0,90.408,1.2376,114.6399,5.3248,0.0,594.0,387.36,0.0,10.7206
mcc,317,path,,UNLABELED,180.51,556.59,182.51,551.99,2.0,4.6,9.2,3.4331,13.2,181.51,554.29,0.4348,7,1,0,1,rgb,0,0,0,0,none,,,,0.0,100.5501,10.2882,90.0,4.6,0.0,594.0,387.36,0.0,6.3165
mcc,318,path,,UNLABELED,182.78,554.21,184.15,553.78,1.37,0.43,0.5891,0.5891,3.6,183.465,553.995,3.186,5,1,0,1,rgb,0,0,0,0,none,,,,0.0,176.69,10.5041,0.0,1.37,0.0,594.0,387.36,0.0,0.5891
mcc,319,path,,UNLABELED,184.78,556.76,187.63,551.91,2.85,4.85,13.8225,5.0508,20.464,186.205,554.335,0.5876,98,1,0,1,rgb,0,0,0,0,none,,,,0.0,89.4435,3.6715,0.0,0.57,0.0,594.0,387.36,0.0,11.886
mcc,320,path,,UNLABELED,188.18,556.59,191.26,551.91,3.08,4.68,14.4144,5.1225,20.6973,189.72,554.25,0.6581,67,1,0,1,rgb,0,0,0,0,none,,,,0.0,71.2504,2.605,73.3228,2.4741,0.0,594.0,387.36,0.0,11.1093
mcc,321,path,,UNLABELED,191.82,556.59,195.14,551.91,3.32,4.68,15.5376,4.1368,16.7782,193.48,554.25,0.7094,7,1,0,1,rgb,0,0,0,0,none,,,,0.0,64.5255,3.6426,58.3924,5.4952,0.0,594.0,387.36,0.0,8.7302
mcc,322,path,,UNLABELED,197.22,556.93,198.34,550.82,1.12,6.11,6.8432,3.442,13.0193,197.78,553.875,0.1833,35,1,0,1,rgb,0,0,0,0,none,,,,0.0,89.7902,30.5894,37.0733,0.564,0.0,594.0,387.36,0.0,5.4215
mcc,323,path,,UNLABELED,199.09,556.59,201.35,551.99,2.26,4.6,10.396,4.4226,16.92,200.22,554.29,0.4913,11,1,0,1,rgb,0,0,0,0,none,,,,0.0,71.9613,3.9325,90.0,4.6,0.0,594.0,387.36,0.0,8.3643
mcc,324,compound,,UNLABELED,201.49,556.83,205.91,551.99,4.42,4.84,21.3928,6.0095,22.3305,203.7,554.41,0.9132,12,2,0,1,rgb,0,0,0,0,none,,,,0.0,90.2411,1.244,65.4579,5.3207,0.0,594.0,387.36,0.0,10.6964
mcc,325,compound,,UNLABELED,205.8,556.83,210.22,551.99,4.42,4.84,21.3928,6.0095,22.3305,208.01,554.41,0.9132,12,2,0,1,rgb,0,0,0,0,none,,,,0.0,90.2411,1.244,65.4579,5.3207,0.0,594.0,387.36,0.0,10.6964
mcc,326,path,,UNLABELED,210.51,556.93,211.64,550.82,1.13,6.11,6.9043,3.4423,13.0351,211.075,553.875,0.1849,35,1,0,1,rgb,0,0,0,0,none,,,,0.0,90.7953,27.7389,143.5312,0.572,0.0,594.0,387.36,0.0,5.4488
mcc,327,path,,UNLABELED,198.45,492.55,199.76,487.95,1.31,4.6,6.026,2.6724,11.5921,199.105,490.25,0.2848,7,1,0,1,rgb,0,0,0,0,none,,,,0.0,95.2382,23.0277,90.0,4.6,0.0,594.0,387.36,0.0,4.3084
mcc,328,compound,,UNLABELED,193.71,492.63,196.69,487.78,2.98,4.85,14.453,5.229,20.0443,195.2,490.205,0.6144,70,2,0,1,rgb,0,0,0,0,none,,,,0.0,75.8321,1.5916,53.7344,2.6542,0.0,594.0,387.36,0.0,9.6351
mcc,329,path,,UNLABELED,192.43,55.01,193.74,50.41,1.31,4.6,6.026,2.6724,11.5921,193.085,52.71,0.2848,7,1,0,1,rgb,0,0,0,0,none,,,,0.0,95.2381,23.0281,90.0,4.6,0.0,594.0,387.36,0.0,4.3084
mcc,330,path,,UNLABELED,195.53,55.18,198.48,50.41,2.95,4.77,14.0715,5.2141,20.7366,197.005,52.795,0.6184,47,1,0,1,rgb,0,0,0,0,none,,,,0.0,100.8285,1.9533,51.1738,3.2219,0.0,594.0,387.36,0.0,13.0088
mcc,331,path,,UNLABELED,199.51,55.01,200.83,50.41,1.32,4.6,6.072,2.6775,11.6121,200.17,52.71,0.287,7,1,0,1,rgb,0,0,0,0,none,,,,0.0,95.2991,22.656,90.0,4.6,0.0,594.0,387.36,0.0,4.334
mcc,332,compound,,UNLABELED,202.6,55.02,204.68,52.94,2.08,2.08,4.3264,2.4102,10.0173,203.64,53.98,1.0,34,2,0,1,rgb,0,0,0,0,none,,,,0.0,90.1508,1.1186,10.5416,0.4374,0.0,594.0,387.36,0.0,3.3589
mcc,333,path,,UNLABELED,205.23,55.18,208.18,50.41,2.95,4.77,14.0715,5.2082,20.7424,206.705,52.795,0.6184,47,1,0,1,rgb,0,0,0,0,none,,,,0.0,100.8077,1.9492,51.0354,3.2282,0.0,594.0,387.36,0.0,13.014
mcc,334,compound,,UNLABELED,208.5,55.24,211.82,50.41,3.32,4.83,16.0356,5.1458,19.9011,210.16,52.825,0.6874,15,2,0,1,rgb,0,0,0,0,none,,,,0.0,84.1637,2.3556,56.0877,5.0007,0.0,594.0,387.36,0.0,8.3264
mcc,335,path,,UNLABELED,212.2,55.18,213.39,53.39,1.19,1.79,2.1301,0.8168,4.5074,212.795,54.285,0.6648,5,1,0,1,rgb,0,0,0,0,none,,,,0.0,67.5403,14.7205,62.3003,1.8071,0.0,594.0,387.36,0.0,0.8168
mcc,336,path,,UNLABELED,213.64,55.18,220.11,50.24,6.47,4.94,31.9618,9.0344,33.0822,216.875,52.71,1.3097,11,1,0,1,rgb,0,0,0,0,none,,,,0.0,153.0429,1.2652,112.0289,5.1457,0.0,594.0,387.36,0.0,22.2296
mcc,337,path,,UNLABELED,21.22,55.3,22.54,50.7,1.32,4.6,6.072,2.6775,11.6122,21.88,53.0,0.287,7,1,0,1,rgb,0,0,0,0,none,,,,0.0,95.2991,22.6558,90.0,4.6,0.0,594.0,387.36,0.0,4.334
mcc,338,path,,UNLABELED,24.33,55.47,27.27,50.7,2.94,4.77,14.0239,5.2037,20.6993,25.8,53.085,0.6163,47,1,0,1,rgb,0,0,0,0,none,,,,0.0,100.9218,1.9515,51.1737,3.2219,0.0,594.0,387.36,0.0,12.9743
mcc,339,path,,UNLABELED,28.31,55.3,29.62,50.7,1.31,4.6,6.026,2.6724,11.5922,28.965,53.0,0.2848,7,1,0,1,rgb,0,0,0,0,none,,,,0.0,95.2382,23.0279,90.0,4.6,0.0,594.0,387.36,0.0,4.3084
mcc,340,compound,,UNLABELED,31.4,55.31,33.47,53.23,2.07,2.08,4.3056,2.3959,10.0158,32.435,54.27,0.9952,34,2,0,1,rgb,0,0,0,0,none,,,,0.0,90.0651,1.1252,10.7866,0.4276,0.0,594.0,387.36,0.0,3.3493
mcc,341,path,,UNLABELED,34.03,55.47,36.97,50.7,2.94,4.77,14.0239,5.204,20.7073,35.5,53.085,0.6163,47,1,0,1,rgb,0,0,0,0,none,,,,0.0,100.9185,1.9531,51.1737,3.2219,0.0,594.0,387.36,0.0,12.9743
mcc,342,path,,UNLABELED,37.44,55.3,40.52,50.62,3.08,4.68,14.4144,5.1243,20.6993,38.98,52.96,0.6581,67,1,0,1,rgb,0,0,0,0,none,,,,0.0,71.2768,2.6065,73.3229,2.4741,0.0,594.0,387.36,0.0,11.1101
mcc,343,path,,UNLABELED,40.99,55.47,42.19,53.68,1.2,1.79,2.148,0.8258,4.5206,41.59,54.575,0.6704,5,1,0,1,rgb,0,0,0,0,none,,,,0.0,67.3698,14.5582,62.3002,1.8071,0.0,594.0,387.36,0.0,0.8258
mcc,344,path,,UNLABELED,42.44,55.47,48.91,50.53,6.47,4.94,31.9618,9.0042,33.0947,45.675,53.0,1.3097,11,1,0,1,rgb,0,0,0,0,none,,,,0.0,153.116,1.2644,67.9713,5.1457,0.0,594.0,387.36,0.0,22.2296
mcc,345,path,,UNLABELED,329.77,286.19,332.62,281.34,2.85,4.85,13.8223,5.0456,20.4536,331.195,283.765,0.5876,98,1,0,1,rgb,0,0,0,0,none,,,,0.0,89.4356,3.6724,0.0,0.57,0.0,594.0,387.36,0.0,11.8822
mcc,346,compound,,UNLABELED,333.35,286.19,336.16,281.34,2.81,4.85,13.6284,6.6119,24.3302,334.755,283.765,0.5794,127,3,0,1,rgb,0,0,0,0,none,,,,0.0,89.3911,2.5495,36.1575,0.322,0.0,594.0,387.36,0.0,11.7084
mcc,347,compound,,UNLABELED,336.83,286.03,338.9,283.95,2.07,2.08,4.3056,2.4135,10.0294,337.865,284.99,0.9952,34,2,0,1,rgb,0,0,0,0,none,,,,0.0,90.0781,1.1223,10.7822,0.4276,0.0,594.0,387.36,0.0,3.3651
mcc,348,compound,,UNLABELED,339.19,286.26,342.51,281.42,3.32,4.84,16.0688,5.1598,19.9194,340.85,283.84,0.686,15,2,0,1,rgb,0,0,0,0,none,,,,0.0,84.1744,2.3624,56.1512,5.009,0.0,594.0,387.36,0.0,8.343
mcc,349,compound,,UNLABELED,342.88,286.19,346.03,281.34,3.15,4.85,15.2775,5.7312,22.4368,344.455,283.765,0.6495,98,2,0,1,rgb,0,0,0,0,none,,,,0.0,90.0049,2.634,74.9837,0.4245,0.0,594.0,387.36,0.0,12.1831
mcc,350,path,,UNLABELED,346.43,286.19,347.62,284.4,1.19,1.79,2.1301,0.8169,4.5074,347.025,285.295,0.6648,5,1,0,1,rgb,0,0,0,0,none,,,,0.0,67.5405,14.7201,62.3007,1.8071,0.0,594.0,387.36,0.0,0.8169
mcc,351,path,,UNLABELED,348.38,286.24,352.38,281.23,4.0,5.01,20.04,7.486,27.5729,350.38,283.735,0.7984,9,1,0,1,rgb,0,0,0,0,none,,,,0.0,67.8667,1.7676,132.8908,4.9956,0.0,594.0,387.36,0.0,19.22
mcc,352,path,,UNLABELED,329.56,503.58,332.4,498.73,2.84,4.85,13.774,5.0431,20.4291,330.98,501.155,0.5856,98,1,0,1,rgb,0,0,0,0,none,,,,0.0,89.4248,3.6768,0.0,0.57,0.0,594.0,387.36,0.0,11.8644
mcc,353,compound,,UNLABELED,333.14,503.58,335.95,498.73,2.81,4.85,13.6285,6.6163,24.3251,334.545,501.155,0.5794,127,3,0,1,rgb,0,0,0,0,none,,,,0.0,89.4087,2.5518,37.5682,0.328,0.0,594.0,387.36,0.0,11.7184
mcc,354,compound,,UNLABELED,336.61,503.42,338.69,501.35,2.08,2.07,4.3056,2.4148,10.021,337.65,502.385,1.0048,34,2,0,1,rgb,0,0,0,0,none,,,,0.0,90.1612,1.1232,169.4604,0.4374,0.0,594.0,387.36,0.0,3.363
mcc,355,compound,,UNLABELED,338.97,503.65,342.29,498.81,3.32,4.84,16.0688,5.1575,19.9028,340.63,501.23,0.686,15,2,0,1,rgb,0,0,0,0,none,,,,0.0,84.1675,2.3543,56.0874,5.0007,0.0,594.0,387.36,0.0,8.3455
mcc,356,path,,UNLABELED,343.23,503.41,344.54,498.81,1.31,4.6,6.026,2.675,11.5968,343.885,501.11,0.2848,7,1,0,1,rgb,0,0,0,0,none,,,,0.0,95.2736,22.9108,90.0,4.6,0.0,594.0,387.36,0.0,4.311
mcc,357,path,,UNLABELED,346.21,503.58,347.4,501.79,1.19,1.79,2.1301,0.8152,4.5128,346.805,502.685,0.6648,5,1,0,1,rgb,0,0,0,0,none,,,,0.0,67.5328,14.926,62.4473,1.816,0.0,594.0,387.36,0.0,0.8152
mcc,358,path,,UNLABELED,348.16,503.63,352.16,498.63,4.0,5.0,20.0,7.4704,27.5351,350.16,501.13,0.8,9,1,0,1,rgb,0,0,0,0,none,,,,0.0,67.6126,1.7669,132.969,4.9882,0.0,594.0,387.36,0.0,19.2
mcc,359,path,,UNLABELED,329.7,68.8,332.55,63.95,2.85,4.85,13.8223,5.0545,20.4806,331.125,66.375,0.5876,98,1,0,1,rgb,0,0,0,0,none,,,,0.0,89.441,3.6675,0.0,0.57,0.0,594.0,387.36,0.0,11.8821
mcc,360,compound,,UNLABELED,333.28,68.8,336.09,63.95,2.81,4.85,13.6284,6.5967,24.3422,334.685,66.375,0.5794,127,3,0,1,rgb,0,0,0,0,none,,,,0.0,89.4058,2.551,36.1575,0.322,0.0,594.0,387.36,0.0,11.6974
mcc,361,compound,,UNLABELED,336.76,68.64,338.83,66.56,2.07,2.08,4.3057,2.3959,10.0158,337.795,67.6,0.9952,34,2,0,1,rgb,0,0,0,0,none,,,,0.0,90.0651,1.1252,10.7862,0.4276,0.0,594.0,387.36,0.0,3.3493
mcc,362,path,,UNLABELED,339.4,68.8,342.25,63.95,2.85,4.85,13.8223,5.0535,20.4802,340.825,66.375,0.5876,98,1,0,1,rgb,0,0,0,0,none,,,,0.0,89.4474,3.67,0.0,0.57,0.0,594.0,387.36,0.0,11.8798
mcc,363,compound,,UNLABELED,342.98,68.8,345.96,63.95,2.98,4.85,14.453,5.2492,20.0087,344.47,66.375,0.6144,70,2,0,1,rgb,0,0,0,0,none,,,,0.0,75.3304,1.5668,53.4774,2.638,0.0,594.0,387.36,0.0,9.6167
mcc,364,path,,UNLABELED,346.35,68.8,347.55,67.01,1.2,1.79,2.148,0.8258,4.5206,346.95,67.905,0.6704,5,1,0,1,rgb,0,0,0,0,none,,,,0.0,67.3697,14.558,62.3003,1.8071,0.0,594.0,387.36,0.0,0.8258
mcc,365,path,,UNLABELED,348.31,68.85,352.31,63.84,4.0,5.01,20.04,7.4866,27.5523,350.31,66.345,0.7984,9,1,0,1,rgb,0,0,0,0,none,,,,0.0,67.7473,1.7657,133.0529,4.9951,0.0,594.0,387.36,0.0,19.22
mcc,366,path,,UNLABELED,153.86,484.45,156.46,479.14,2.6,5.31,13.806,5.8224,19.54,155.16,481.795,0.4896,11,1,0,1,rgb,0,0,0,0,none,,,,0.0,71.9566,3.9237,90.0,5.31,0.0,594.0,387.36,0.0,11.1108
mcc,367,path,,UNLABELED,157.21,484.45,157.9,479.14,0.69,5.31,3.6639,3.6639,12.0,157.555,481.795,0.1299,5,1,0,1,rgb,0,0,0,0,none,,,,0.0,88.7386,60.9728,90.0,5.31,0.0,594.0,387.36,0.0,3.6639
mcc,368,path,,UNLABELED,158.85,484.45,161.74,479.14,2.89,5.31,15.3459,7.4953,25.06,160.295,481.795,0.5443,13,1,0,1,rgb,0,0,0,0,none,,,,0.0,82.4748,2.6698,90.0,5.31,0.0,594.0,387.36,0.0,15.3459
mcc,369,path,,UNLABELED,162.53,484.45,164.84,479.14,2.31,5.31,12.2661,4.6197,15.24,163.685,481.795,0.435,7,1,0,1,rgb,0,0,0,0,none,,,,0.0,100.5104,10.2752,90.0,5.31,0.0,594.0,387.36,0.0,8.4429
mcc,370,compound,,UNLABELED,165.26,484.45,169.38,479.14,4.12,5.31,21.8772,9.3138,28.6058,167.32,481.795,0.7759,72,2,0,1,rgb,0,0,0,0,none,,,,0.0,88.7799,2.7459,90.0,5.31,0.0,594.0,387.36,0.0,18.8549
mcc,371,path,,UNLABELED,154.79,477.03,157.68,471.72,2.89,5.31,15.3459,7.5225,25.08,156.235,474.375,0.5443,13,1,0,1,rgb,0,0,0,0,none,,,,0.0,82.4561,2.663,90.0,5.31,0.0,594.0,387.36,0.0,15.3459
mcc,372,path,,UNLABELED,158.48,477.03,160.78,471.72,2.3,5.31,12.213,4.6138,15.22,159.63,474.375,0.4331,7,1,0,1,rgb,0,0,0,0,none,,,,0.0,100.4399,10.3588,90.0,5.31,0.0,594.0,387.36,0.0,8.4134
mcc,373,path,,UNLABELED,161.2,477.03,164.09,471.72,2.89,5.31,15.3459,7.5166,25.06,162.645,474.375,0.5443,13,1,0,1,rgb,0,0,0,0,none,,,,0.0,82.4811,2.6694,90.0,5.31,0.0,594.0,387.36,0.0,15.3459
mcc,374,path,,UNLABELED,164.3,477.03,168.91,471.45,4.61,5.58,25.7238,6.6646,21.9528,166.605,474.24,0.8262,7,1,0,1,rgb,0,0,0,0,none,,,,0.0,97.7456,1.9333,112.4885,6.0392,0.0,594.0,387.36,0.0,12.8619
mcc,375,path,,UNLABELED,226.4,104.94,229.72,100.26,3.32,4.68,15.5377,4.1465,16.7755,228.06,102.6,0.7094,7,1,0,1,rgb,0,0,0,0,none,,,,0.0,64.4871,3.6362,58.3926,5.4952,0.0,594.0,387.36,0.0,8.7281
mcc,376,compound,,UNLABELED,229.85,105.11,233.0,100.26,3.15,4.85,15.2776,5.7366,22.4406,231.425,102.685,0.6495,98,2,0,1,rgb,0,0,0,0,none,,,,0.0,89.9887,2.6315,105.0183,0.4245,0.0,594.0,387.36,0.0,12.1863
mcc,377,path,,UNLABELED,224.52,112.15,227.02,107.55,2.5,4.6,11.5,5.6416,21.7,225.77,109.85,0.5435,13,1,0,1,rgb,0,0,0,0,none,,,,0.0,82.4744,2.6741,90.0,4.6,0.0,594.0,387.36,0.0,11.5
mcc,378,path,,UNLABELED,227.71,112.15,229.71,107.55,2.0,4.6,9.2,3.474,13.2,228.71,109.85,0.4348,7,1,0,1,rgb,0,0,0,0,none,,,,0.0,100.4862,10.2887,90.0,4.6,0.0,594.0,387.36,0.0,6.337
mcc,379,path,,UNLABELED,230.07,112.15,232.57,107.55,2.5,4.6,11.5,5.6416,21.7,231.32,109.85,0.5435,13,1,0,1,rgb,0,0,0,0,none,,,,0.0,82.4744,2.6741,90.0,4.6,0.0,594.0,387.36,0.0,11.5
mcc,380,path,,UNLABELED,232.76,112.15,236.76,107.32,4.0,4.83,19.3199,5.0125,19.0034,234.76,109.735,0.8282,7,1,0,1,rgb,0,0,0,0,none,,,,0.0,97.777,1.9221,112.4935,5.2277,0.0,594.0,387.36,0.0,9.66
mcc,381,path,,UNLABELED,186.87,374.22,191.47,372.91,4.6,1.31,6.026,2.6724,11.5921,189.17,373.565,3.5114,7,1,0,1,rgb,0,0,0,0,none,,,,0.0,5.2382,23.0277,0.0,4.6,0.0,594.0,387.36,0.0,4.3084
mcc,382,compound,,UNLABELED,186.79,371.24,191.64,368.09,4.85,3.15,15.2776,5.717,22.4385,189.215,369.665,1.5397,98,2,0,1,rgb,0,0,0,0,none,,,,0.0,179.9983,2.6299,164.9817,0.4245,0.0,594.0,387.36,0.0,12.1783
mcc,383,path,,UNLABELED,186.79,367.71,191.47,364.63,4.68,3.08,14.4144,5.1331,20.7291,189.13,366.17,1.5195,67,1,0,1,rgb,0,0,0,0,none,,,,0.0,161.2118,2.6024,163.3231,2.4741,0.0,594.0,387.36,0.0,11.132
mcc,384,compound,,UNLABELED,186.79,363.98,191.64,361.0,4.85,2.98,14.453,5.2353,20.0124,189.215,362.49,1.6275,70,2,0,1,rgb,0,0,0,0,none,,,,0.0,165.2525,1.5657,143.4774,2.638,0.0,594.0,387.36,0.0,9.6094
mcc,385,compound,,UNLABELED,186.79,360.44,191.64,357.46,4.85,2.98,14.453,5.2572,20.0114,189.215,358.95,1.6275,70,2,0,1,rgb,0,0,0,0,none,,,,0.0,165.2708,1.5674,143.4774,2.638,0.0,594.0,387.36,0.0,9.6184
mcc,386,path,,UNLABELED,186.87,355.47,191.47,351.97,4.6,3.5,16.1,5.5548,21.5068,189.17,353.72,1.3143,13,1,0,1,rgb,0,0,0,0,none,,,,0.0,179.1459,2.6883,150.5683,2.9508,0.0,594.0,387.36,0.0,15.502
mcc,387,path,,UNLABELED,186.87,349.45,191.47,348.13,4.6,1.32,6.072,2.6775,11.6121,189.17,348.79,3.4849,7,1,0,1,rgb,0,0,0,0,none,,,,0.0,5.2992,22.6556,0.0,4.6,0.0,594.0,387.36,0.0,4.3339
mcc,388,path,,UNLABELED,186.79,346.48,191.47,343.4,4.68,3.08,14.4144,5.133,20.7294,189.13,344.94,1.5195,67,1,0,1,rgb,0,0,0,0,none,,,,0.0,161.2646,2.6036,163.3231,2.4741,0.0,594.0,387.36,0.0,11.1269
mcc,389,compound,,UNLABELED,186.79,342.92,191.64,339.77,4.85,3.15,15.2776,5.7259,22.4392,189.215,341.345,1.5397,98,2,0,1,rgb,0,0,0,0,none,,,,0.0,179.9985,2.627,13.7076,0.422,0.0,594.0,387.36,0.0,12.1866
mcc,390,path,,UNLABELED,253.44,405.78,255.7,401.18,2.26,4.6,10.396,4.4276,16.94,254.57,403.48,0.4913,11,1,0,1,rgb,0,0,0,0,none,,,,0.0,71.9453,3.9123,90.0,4.6,0.0,594.0,387.36,0.0,8.3847
mcc,391,path,,UNLABELED,256.35,405.78,256.95,401.18,0.6,4.6,2.76,2.76,10.4,256.65,403.48,0.1304,5,1,0,1,rgb,0,0,0,0,none,,,,0.0,88.7337,60.5142,90.0,4.6,0.0,594.0,387.36,0.0,2.76
mcc,392,compound,,UNLABELED,257.77,405.78,260.67,401.18,2.9,4.6,13.34,6.457,23.4702,259.22,403.48,0.6304,45,2,0,1,rgb,0,0,0,0,none,,,,0.0,92.1797,3.07,90.0,4.6,0.0,594.0,387.36,0.0,11.9285
mcc,393,path,,UNLABELED,261.1,405.78,263.6,401.18,2.5,4.6,11.5,5.6415,21.7,262.35,403.48,0.5435,13,1,0,1,rgb,0,0,0,0,none,,,,0.0,82.4744,2.6741,90.0,4.6,0.0,594.0,387.36,0.0,11.5
mcc,394,path,,UNLABELED,265.86,405.95,268.79,401.09,2.93,4.86,14.2397,5.4227,20.5,267.325,403.52,0.6029,91,1,0,1,rgb,0,0,0,0,none,,,,0.0,91.7479,3.6147,11.4962,0.6021,0.0,594.0,387.36,0.0,11.9667
mcc,395,path,,UNLABELED,268.94,405.78,271.73,401.18,2.79,4.6,12.834,3.836,14.78,270.335,403.48,0.6065,9,1,0,1,rgb,0,0,0,0,none,,,,0.0,89.3302,3.4463,90.0,4.09,0.0,594.0,387.36,0.0,8.335
mcc,396,compound,,UNLABELED,271.64,406.01,276.07,401.18,4.43,4.83,21.3969,5.9962,22.3466,273.855,403.595,0.9172,12,2,0,1,rgb,0,0,0,0,none,,,,0.0,90.394,1.2342,114.6848,5.3158,0.0,594.0,387.36,0.0,10.6984
mcc,397,path,,UNLABELED,276.04,405.78,278.83,401.18,2.79,4.6,12.834,3.8769,14.78,277.435,403.48,0.6065,9,1,0,1,rgb,0,0,0,0,none,,,,0.0,89.3783,3.4394,90.0,4.09,0.0,594.0,387.36,0.0,8.3555
mcc,398,path,,UNLABELED,279.25,405.78,279.85,401.18,0.6,4.6,2.76,2.76,10.4,279.55,403.48,0.1304,5,1,0,1,rgb,0,0,0,0,none,,,,0.0,88.7337,60.5142,90.0,4.6,0.0,594.0,387.36,0.0,2.76
mcc,399,compound,,UNLABELED,280.33,405.95,285.19,401.09,4.86,4.86,23.6195,7.5024,27.0488,282.76,403.52,1.0,114,2,0,1,rgb,0,0,0,0,none,,,,0.0,89.9532,1.0726,127.1855,0.364,0.0,594.0,387.36,0.0,18.5178
mcc,400,path,,UNLABELED,285.75,406.0,289.75,400.99,4.0,5.01,20.04,7.4873,27.5524,287.75,403.495,0.7984,9,1,0,1,rgb,0,0,0,0,none,,,,0.0,67.7054,1.7656,132.969,4.9882,0.0,594.0,387.36,0.0,19.22
mcc,401,path,,UNLABELED,344.71,33.43,346.88,25.91,2.17,7.52,16.3185,4.1956,17.4816,345.795,29.67,0.2886,49,1,0,1,rgb,0,0,0,0,none,,,,0.0,88.4047,11.9335,71.5651,0.5692,0.0,594.0,387.36,0.0,11.5854
mcc,402,path,,UNLABELED,347.35,33.19,354.32,26.95,6.97,6.24,43.4927,16.5536,59.4039,350.835,30.07,1.117,71,1,0,1,rgb,0,0,0,0,none,,,,0.0,72.9415,1.0848,73.6315,6.1388,0.0,594.0,387.36,0.0,43.0553
mcc,403,path,,UNLABELED,354.97,33.43,360.17,26.95,5.2,6.48,33.6958,8.5775,33.5714,357.57,30.19,0.8025,101,1,0,1,rgb,0,0,0,0,none,,,,0.0,85.3533,2.0089,90.9273,2.4703,0.0,594.0,387.36,0.0,28.6009
mcc,404,path,,UNLABELED,361.09,33.43,366.3,26.95,5.21,6.48,33.7606,8.5836,33.5934,363.695,30.19,0.804,101,1,0,1,rgb,0,0,0,0,none,,,,0.0,85.3341,2.0088,90.9273,2.4703,0.0,594.0,387.36,0.0,28.6099
mcc,405,path,,UNLABELED,367.18,33.43,369.34,25.91,2.16,7.52,16.2433,4.2098,17.465,368.26,29.67,0.2872,49,1,0,1,rgb,0,0,0,0,none,,,,0.0,86.3198,12.3506,71.5651,0.5692,0.0,594.0,387.36,0.0,11.5381
mcc,406,path,,UNLABELED,344.71,566.64,346.88,559.13,2.17,7.51,16.2968,4.1965,17.4617,345.795,562.885,0.2889,49,1,0,1,rgb,0,0,0,0,none,,,,0.0,88.403,11.9311,71.5657,0.5692,0.0,594.0,387.36,0.0,11.5839
mcc,407,path,,UNLABELED,347.35,566.41,354.32,560.16,6.97,6.25,43.5625,16.6235,59.4275,350.835,563.285,1.1152,71,1,0,1,rgb,0,0,0,0,none,,,,0.0,73.1306,1.0855,73.6314,6.1388,0.0,594.0,387.36,0.0,43.125
mcc,408,path,,UNLABELED,354.97,566.64,360.17,560.16,5.2,6.48,33.6959,8.5889,33.5505,357.57,563.4,0.8025,101,1,0,1,rgb,0,0,0,0,none,,,,0.0,85.3692,2.01,90.931,2.4603,0.0,594.0,387.36,0.0,28.6051
mcc,409,path,,UNLABELED,361.09,566.64,366.3,560.16,5.21,6.48,33.7607,8.5949,33.5721,363.695,563.4,0.804,101,1,0,1,rgb,0,0,0,0,none,,,,0.0,85.35,2.0099,90.931,2.4603,0.0,594.0,387.36,0.0,28.6141
mcc,410,path,,UNLABELED,367.18,566.64,369.34,559.13,2.16,7.51,16.2216,4.2054,17.4482,368.26,562.885,0.2876,49,1,0,1,rgb,0,0,0,0,none,,,,0.0,86.3195,12.3606,71.5658,0.5692,0.0,594.0,387.36,0.0,11.5399
mcc,411,path,,UNLABELED,309.36,218.79,311.62,214.19,2.26,4.6,10.3961,4.3868,16.9401,310.49,216.49,0.4913,11,1,0,1,rgb,0,0,0,0,none,,,,0.0,71.8737,3.9181,90.0,4.6,0.0,594.0,387.36,0.0,8.3529
mcc,412,compound,,UNLABELED,312.26,218.79,314.9,214.19,2.64,4.6,12.1441,6.6059,23.6393,313.58,216.49,0.5739,77,3,0,1,rgb,0,0,0,0,none,,,,0.0,96.1124,4.6699,90.0,4.6,0.0,594.0,387.36,0.0,10.5102
mcc,413,compound,,UNLABELED,315.2,218.96,320.06,214.11,4.86,4.85,23.571,7.4936,27.044,317.63,216.535,1.0021,114,2,0,1,rgb,0,0,0,0,none,,,,0.0,89.9955,1.0725,118.6082,0.3759,0.0,594.0,387.36,0.0,18.51
mcc,414,path,,UNLABELED,156.42,469.81,160.5,464.05,4.08,5.76,23.5007,6.2684,20.6408,158.46,466.93,0.7083,7,1,0,1,rgb,0,0,0,0,none,,,,0.0,64.6029,3.6393,58.4981,6.7556,0.0,594.0,387.36,0.0,13.2271
mcc,415,path,,UNLABELED,160.78,469.81,164.86,464.05,4.08,5.76,23.5007,6.2684,20.6408,162.82,466.93,0.7083,7,1,0,1,rgb,0,0,0,0,none,,,,0.0,64.6029,3.6393,58.4981,6.7556,0.0,594.0,387.36,0.0,13.2271
mcc,416,path,,UNLABELED,260.19,566.57,267.2,559.73,7.01,6.84,47.9485,15.8666,44.6933,263.695,563.15,1.0249,13,1,0,1,rgb,0,0,0,0,none,,,,0.0,89.7489,1.3841,101.0309,6.8465,0.0,594.0,387.36,0.0,38.7247
mcc,417,path,,UNLABELED,267.54,566.45,272.58,559.73,5.04,6.72,33.8689,9.7855,27.7832,270.06,563.09,0.75,75,1,0,1,rgb,0,0,0,0,none,,,,0.0,87.2945,2.3152,90.0,0.95,0.0,594.0,387.36,0.0,28.5363
mcc,418,path,,UNLABELED,275.6,566.45,280.64,559.73,5.04,6.72,33.8689,9.7897,27.7671,278.12,563.09,0.75,75,1,0,1,rgb,0,0,0,0,none,,,,0.0,87.2986,2.3188,90.0,0.95,0.0,594.0,387.36,0.0,28.5156
mcc,419,path,,UNLABELED,281.56,566.21,284.33,559.85,2.77,6.36,17.6171,6.6367,18.26,282.945,563.03,0.4355,7,1,0,1,rgb,0,0,0,0,none,,,,0.0,100.5105,10.2645,90.0,6.36,0.0,594.0,387.36,0.0,12.1269
mcc,420,path,,UNLABELED,284.83,566.21,288.3,559.85,3.47,6.36,22.0692,10.8188,30.0601,286.565,563.03,0.5456,13,1,0,1,rgb,0,0,0,0,none,,,,0.0,82.4393,2.6578,90.0,6.36,0.0,594.0,387.36,0.0,22.0692
mcc,421,path,,UNLABELED,289.25,566.21,292.02,559.85,2.77,6.36,17.6171,6.6367,18.26,290.635,563.03,0.4355,7,1,0,1,rgb,0,0,0,0,none,,,,0.0,100.5105,10.2645,90.0,6.36,0.0,594.0,387.36,0.0,12.1269
mcc,422,path,,UNLABELED,292.52,566.21,295.29,559.85,2.77,6.36,17.6171,6.6367,18.26,293.905,563.03,0.4355,7,1,0,1,rgb,0,0,0,0,none,,,,0.0,100.5105,10.2645,90.0,6.36,0.0,594.0,387.36,0.0,12.1269
mcc,423,compound,,UNLABELED,295.08,566.54,301.21,559.85,6.13,6.69,41.0097,11.4803,30.9355,298.145,563.195,0.9163,12,2,0,1,rgb,0,0,0,0,none,,,,0.0,89.9519,1.2344,65.3499,7.3608,0.0,594.0,387.36,0.0,20.5049
mcc,424,path,,UNLABELED,301.76,566.52,307.3,559.58,5.54,6.94,38.4477,14.3701,38.1325,304.53,563.05,0.7983,9,1,0,1,rgb,0,0,0,0,none,,,,0.0,67.7223,1.7615,133.0089,6.9197,0.0,594.0,387.36,0.0,36.8411
mcc,425,compound,,UNLABELED,310.16,566.54,316.29,559.85,6.13,6.69,41.0097,11.4885,30.9296,313.225,563.195,0.9163,12,2,0,1,rgb,0,0,0,0,none,,,,0.0,89.9724,1.2355,65.3499,7.3608,0.0,594.0,387.36,0.0,20.5049
mcc,426,path,,UNLABELED,316.84,566.21,317.66,559.85,0.82,6.36,5.2152,5.2152,14.36,317.25,563.03,0.1289,5,1,0,1,rgb,0,0,0,0,none,,,,0.0,88.7488,61.9328,90.0,6.36,0.0,594.0,387.36,0.0,5.2152
mcc,427,compound,,UNLABELED,318.81,566.21,322.83,559.85,4.02,6.36,25.5671,12.3039,32.4937,320.82,563.03,0.6321,45,2,0,1,rgb,0,0,0,0,none,,,,0.0,92.1419,3.0578,90.0,6.36,0.0,594.0,387.36,0.0,22.8479
mcc,428,path,,UNLABELED,323.42,566.21,326.54,559.85,3.12,6.36,19.8432,8.4244,23.4,324.98,563.03,0.4906,11,1,0,1,rgb,0,0,0,0,none,,,,0.0,71.9361,3.9259,90.0,6.36,0.0,594.0,387.36,0.0,15.9602
mcc,429,path,,UNLABELED,327.44,566.21,328.26,559.85,0.82,6.36,5.2152,5.2152,14.36,327.85,563.03,0.1289,5,1,0,1,rgb,0,0,0,0,none,,,,0.0,88.7488,61.9328,90.0,6.36,0.0,594.0,387.36,0.0,5.2152
mcc,430,path,,UNLABELED,329.41,566.21,332.87,559.85,3.46,6.36,22.0055,10.7623,30.06,331.14,563.03,0.544,13,1,0,1,rgb,0,0,0,0,none,,,,0.0,82.4676,2.6616,90.0,6.36,0.0,594.0,387.36,0.0,22.0055
mcc,431,path,,UNLABELED,333.83,566.21,336.6,559.85,2.77,6.36,17.6171,6.6367,18.26,335.215,563.03,0.4355,7,1,0,1,rgb,0,0,0,0,none,,,,0.0,100.5105,10.2645,90.0,6.36,0.0,594.0,387.36,0.0,12.1269
mcc,432,compound,,UNLABELED,337.1,566.21,342.05,559.85,4.95,6.36,31.4821,13.4015,34.3084,339.575,563.03,0.7783,72,2,0,1,rgb,0,0,0,0,none,,,,0.0,88.7636,2.745,90.0,6.36,0.0,594.0,387.36,0.0,27.1375
mcc,433,path,,UNLABELED,259.9,33.87,266.91,27.02,7.01,6.85,48.0184,15.9016,44.7312,263.405,30.445,1.0234,13,1,0,1,rgb,0,0,0,0,none,,,,0.0,89.8902,1.3868,101.0149,6.8563,0.0,594.0,387.36,0.0,38.7816
mcc,434,path,,UNLABELED,267.25,33.74,272.29,27.02,5.04,6.72,33.8687,9.7677,27.7695,269.77,30.38,0.75,75,1,0,1,rgb,0,0,0,0,none,,,,0.0,87.318,2.3184,90.0,0.94,0.0,594.0,387.36,0.0,28.5141
mcc,435,path,,UNLABELED,275.31,33.74,280.36,27.02,5.05,6.72,33.9358,9.7996,27.7911,277.835,30.38,0.7515,75,1,0,1,rgb,0,0,0,0,none,,,,0.0,87.3148,2.3153,90.0,0.94,0.0,594.0,387.36,0.0,28.5644
mcc,436,path,,UNLABELED,281.28,33.5,284.05,27.14,2.77,6.36,17.6173,6.5803,18.26,282.665,30.32,0.4355,7,1,0,1,rgb,0,0,0,0,none,,,,0.0,100.5568,10.2639,90.0,6.36,0.0,594.0,387.36,0.0,12.0988
mcc,437,path,,UNLABELED,284.54,33.5,288.01,27.14,3.47,6.36,22.0692,10.7925,30.0601,286.275,30.32,0.5456,13,1,0,1,rgb,0,0,0,0,none,,,,0.0,82.4485,2.6614,90.0,6.36,0.0,594.0,387.36,0.0,22.0692
mcc,438,path,,UNLABELED,288.97,33.5,291.74,27.14,2.77,6.36,17.6173,6.5803,18.26,290.355,30.32,0.4355,7,1,0,1,rgb,0,0,0,0,none,,,,0.0,100.5568,10.2639,90.0,6.36,0.0,594.0,387.36,0.0,12.0988
mcc,439,path,,UNLABELED,292.23,33.5,295.0,27.14,2.77,6.36,17.6171,6.6367,18.2599,293.615,30.32,0.4355,7,1,0,1,rgb,0,0,0,0,none,,,,0.0,100.5105,10.2644,90.0,6.36,0.0,594.0,387.36,0.0,12.1269
mcc,440,compound,,UNLABELED,294.79,33.83,300.92,27.14,6.13,6.69,41.0097,11.4885,30.9296,297.855,30.485,0.9163,12,2,0,1,rgb,0,0,0,0,none,,,,0.0,89.9721,1.2355,65.3499,7.3608,0.0,594.0,387.36,0.0,20.5049
mcc,441,path,,UNLABELED,301.47,33.81,307.01,26.87,5.54,6.94,38.4477,14.3701,38.1324,304.24,30.34,0.7983,9,1,0,1,rgb,0,0,0,0,none,,,,0.0,67.7223,1.7615,133.0089,6.9197,0.0,594.0,387.36,0.0,36.841
mcc,442,compound,,UNLABELED,309.88,33.83,316.01,27.14,6.13,6.69,41.0097,11.4885,30.9296,312.945,30.485,0.9163,12,2,0,1,rgb,0,0,0,0,none,,,,0.0,90.4708,1.2361,114.6501,7.3608,0.0,594.0,387.36,0.0,20.5049
mcc,443,path,,UNLABELED,316.55,33.5,317.38,27.14,0.83,6.36,5.2787,5.2787,14.3799,316.965,30.32,0.1305,5,1,0,1,rgb,0,0,0,0,none,,,,0.0,88.733,60.4536,90.0,6.36,0.0,594.0,387.36,0.0,5.2787
mcc,444,compound,,UNLABELED,318.52,33.5,322.54,27.14,4.02,6.36,25.5671,12.31,32.4976,320.53,30.32,0.6321,45,2,0,1,rgb,0,0,0,0,none,,,,0.0,92.1544,3.0559,90.0,6.36,0.0,594.0,387.36,0.0,22.8767
mcc,445,path,,UNLABELED,323.13,33.5,326.25,27.14,3.12,6.36,19.8431,8.4085,23.4199,324.69,30.32,0.4906,11,1,0,1,rgb,0,0,0,0,none,,,,0.0,71.9431,3.9189,90.0,6.36,0.0,594.0,387.36,0.0,15.988
mcc,446,path,,UNLABELED,327.15,33.5,327.98,27.14,0.83,6.36,5.2787,5.2787,14.3799,327.565,30.32,0.1305,5,1,0,1,rgb,0,0,0,0,none,,,,0.0,88.733,60.4536,90.0,6.36,0.0,594.0,387.36,0.0,5.2787
mcc,447,path,,UNLABELED,329.12,33.5,332.58,27.14,3.46,6.36,22.0055,10.7784,30.02,330.85,30.32,0.544,13,1,0,1,rgb,0,0,0,0,none,,,,0.0,82.4749,2.673,90.0,6.36,0.0,594.0,387.36,0.0,22.0055
mcc,448,path,,UNLABELED,333.54,33.5,336.31,27.14,2.77,6.36,17.6171,6.6367,18.2599,334.925,30.32,0.4355,7,1,0,1,rgb,0,0,0,0,none,,,,0.0,100.5105,10.2644,90.0,6.36,0.0,594.0,387.36,0.0,12.1269
mcc,449,compound,,UNLABELED,336.81,33.5,341.76,27.14,4.95,6.36,31.482,13.388,34.325,339.285,30.32,0.7783,72,2,0,1,rgb,0,0,0,0,none,,,,0.0,88.7878,2.7418,90.0,6.36,0.0,594.0,387.36,0.0,27.1411
mcc,450,path,,UNLABELED,22.88,510.11,24.19,505.52,1.31,4.59,6.0129,2.6673,11.5721,23.535,507.815,0.2854,7,1,0,1,rgb,0,0,0,0,none,,,,0.0,95.2503,22.9218,90.0,4.59,0.0,594.0,387.36,0.0,4.2993
mcc,451,path,,UNLABELED,26.42,510.11,27.74,505.52,1.32,4.59,6.0588,2.6724,11.5921,27.08,507.815,0.2876,7,1,0,1,rgb,0,0,0,0,none,,,,0.0,95.3114,22.5514,90.0,4.59,0.0,594.0,387.36,0.0,4.3248
mcc,452,compound,,UNLABELED,29.58,510.28,32.56,505.43,2.98,4.85,14.453,5.236,20.0032,31.07,507.855,0.6144,70,2,0,1,rgb,0,0,0,0,none,,,,0.0,75.3331,1.566,53.6064,2.6461,0.0,594.0,387.36,0.0,9.6023
mcc,453,path,,UNLABELED,33.29,506.11,33.97,505.43,0.68,0.68,0.4624,0.3496,2.1104,33.63,505.77,1.0,17,1,0,1,rgb,0,0,0,0,none,,,,0.0,90.0,1.1191,102.9936,0.1334,0.0,594.0,387.36,0.0,0.3496
mcc,454,compound,,UNLABELED,34.89,510.28,37.7,505.43,2.81,4.85,13.6285,6.6068,24.3421,36.295,507.855,0.5794,127,3,0,1,rgb,0,0,0,0,none,,,,0.0,89.394,2.5496,37.569,0.328,0.0,594.0,387.36,0.0,11.7084
mcc,455,path,,UNLABELED,38.38,510.28,41.33,505.52,2.95,4.76,14.042,5.2125,20.6894,39.855,507.9,0.6197,47,1,0,1,rgb,0,0,0,0,none,,,,0.0,100.9373,1.952,50.9234,3.2204,0.0,594.0,387.36,0.0,12.9799
mcc,456,path,,UNLABELED,41.79,510.11,44.87,505.43,3.08,4.68,14.4144,5.1198,20.7038,43.33,507.77,0.6581,67,1,0,1,rgb,0,0,0,0,none,,,,0.0,71.2573,2.6038,73.2562,2.4645,0.0,594.0,387.36,0.0,11.11
mcc,457,path,,UNLABELED,22.32,517.49,25.96,512.64,3.64,4.85,17.654,5.1067,20.0374,24.14,515.065,0.7505,75,1,0,1,rgb,0,0,0,0,none,,,,0.0,87.3137,2.316,90.0,0.68,0.0,594.0,387.36,0.0,14.8701
mcc,458,path,,UNLABELED,26.63,517.32,28.63,512.72,2.0,4.6,9.2,3.4331,13.2,27.63,515.02,0.4348,7,1,0,1,rgb,0,0,0,0,none,,,,0.0,100.5501,10.2882,90.0,4.6,0.0,594.0,387.36,0.0,6.3165
mcc,459,path,,UNLABELED,28.99,517.54,32.99,512.53,4.0,5.01,20.04,7.4696,27.5696,30.99,515.035,0.7984,9,1,0,1,rgb,0,0,0,0,none,,,,0.0,67.8025,1.7655,132.9748,5.0024,0.0,594.0,387.36,0.0,19.22
mcc,460,path,,UNLABELED,33.54,517.49,37.19,512.64,3.65,4.85,17.7025,5.1024,20.0535,35.365,515.065,0.7526,75,1,0,1,rgb,0,0,0,0,none,,,,0.0,87.3041,2.3163,90.0,0.68,0.0,594.0,387.36,0.0,14.885
mcc,461,compound,,UNLABELED,39.62,517.32,43.2,512.72,3.58,4.6,16.468,7.0327,24.7991,41.41,515.02,0.7783,72,2,0,1,rgb,0,0,0,0,none,,,,0.0,88.7805,2.7438,90.0,4.6,0.0,594.0,387.36,0.0,14.1902
mcc,462,path,,UNLABELED,43.7,517.32,46.2,512.72,2.5,4.6,11.5,5.6415,21.7,44.95,515.02,0.5435,13,1,0,1,rgb,0,0,0,0,none,,,,0.0,82.4743,2.6741,90.0,4.6,0.0,594.0,387.36,0.0,11.5
mcc,463,path,,UNLABELED,46.89,517.32,48.89,512.72,2.0,4.6,9.2,3.474,13.2,47.89,515.02,0.4348,7,1,0,1,rgb,0,0,0,0,none,,,,0.0,100.4862,10.2887,90.0,4.6,0.0,594.0,387.36,0.0,6.337
mcc,464,path,,UNLABELED,22.88,524.52,24.19,519.93,1.31,4.59,6.0129,2.6673,11.5721,23.535,522.225,0.2854,7,1,0,1,rgb,0,0,0,0,none,,,,0.0,95.2503,22.9218,90.0,4.59,0.0,594.0,387.36,0.0,4.2993
mcc,465,path,,UNLABELED,25.98,524.69,28.93,519.93,2.95,4.76,14.042,5.2121,20.6951,27.455,522.31,0.6197,47,1,0,1,rgb,0,0,0,0,none,,,,0.0,100.921,1.9523,51.0353,3.2282,0.0,594.0,387.36,0.0,12.9814
mcc,466,path,,UNLABELED,29.53,524.69,32.47,519.93,2.94,4.76,13.9944,5.2014,20.6891,31.0,522.31,0.6176,47,1,0,1,rgb,0,0,0,0,none,,,,0.0,100.9326,1.949,51.1736,3.2219,0.0,594.0,387.36,0.0,12.9673
mcc,467,path,,UNLABELED,33.29,520.52,33.97,519.84,0.68,0.68,0.4624,0.352,2.1179,33.63,520.18,1.0,17,1,0,1,rgb,0,0,0,0,none,,,,0.0,90.0,1.132,36.0278,0.136,0.0,594.0,387.36,0.0,0.352
mcc,468,compound,,UNLABELED,34.89,524.69,37.87,519.84,2.98,4.85,14.453,5.2622,20.0043,36.38,522.265,0.6144,70,2,0,1,rgb,0,0,0,0,none,,,,0.0,75.3309,1.567,53.6064,2.6461,0.0,594.0,387.36,0.0,9.6163
mcc,469,path,,UNLABELED,38.35,524.52,41.67,519.84,3.32,4.68,15.5376,4.1465,16.7755,40.01,522.18,0.7094,7,1,0,1,rgb,0,0,0,0,none,,,,0.0,64.4871,3.6362,58.3925,5.4952,0.0,594.0,387.36,0.0,8.728
mcc,470,path,,UNLABELED,41.79,524.52,44.87,519.84,3.08,4.68,14.4144,5.1228,20.6989,43.33,522.18,0.6581,67,1,0,1,rgb,0,0,0,0,none,,,,0.0,71.2429,2.6013,73.2562,2.4645,0.0,594.0,387.36,0.0,11.1058
mcc,471,path,,UNLABELED,22.32,531.9,25.96,527.05,3.64,4.85,17.654,5.1036,20.0399,24.14,529.475,0.7505,75,1,0,1,rgb,0,0,0,0,none,,,,0.0,87.321,2.3165,90.0,0.68,0.0,594.0,387.36,0.0,14.871
mcc,472,path,,UNLABELED,26.21,531.73,29.0,527.13,2.79,4.6,12.834,3.836,14.78,27.605,529.43,0.6065,9,1,0,1,rgb,0,0,0,0,none,,,,0.0,89.3302,3.4463,90.0,4.09,0.0,594.0,387.36,0.0,8.335
mcc,473,compound,,UNLABELED,28.91,531.97,33.34,527.13,4.43,4.84,21.4412,6.0125,22.3587,31.125,529.55,0.9153,12,2,0,1,rgb,0,0,0,0,none,,,,0.0,89.9084,1.2362,65.3601,5.3249,0.0,594.0,387.36,0.0,10.7206
mcc,474,path,,UNLABELED,33.73,531.73,35.99,527.13,2.26,4.6,10.396,4.4226,16.92,34.86,529.43,0.4913,11,1,0,1,rgb,0,0,0,0,none,,,,0.0,71.9613,3.9325,90.0,4.6,0.0,594.0,387.36,0.0,8.3643
mcc,475,path,,UNLABELED,36.38,532.41,39.36,526.36,2.98,6.05,18.029,3.0295,13.7486,37.87,529.385,0.4926,5,1,0,1,rgb,0,0,0,0,none,,,,0.0,67.3105,188.3697,66.6724,6.4143,0.0,594.0,387.36,0.0,3.0295
mcc,476,path,,UNLABELED,39.93,531.73,43.34,527.05,3.41,4.68,15.9588,6.0891,22.1449,41.635,529.39,0.7286,51,1,0,1,rgb,0,0,0,0,none,,,,0.0,105.3194,1.3737,90.0,2.91,0.0,594.0,387.36,0.0,14.7623
mcc,477,path,,UNLABELED,44.12,531.95,48.12,526.94,4.0,5.01,20.04,7.4696,27.5696,46.12,529.445,0.7984,9,1,0,1,rgb,0,0,0,0,none,,,,0.0,67.8025,1.7655,132.9748,5.0024,0.0,594.0,387.36,0.0,19.22
mcc,478,path,,UNLABELED,48.93,531.73,49.52,527.13,0.59,4.6,2.714,2.714,10.38,49.225,529.43,0.1283,5,1,0,1,rgb,0,0,0,0,none,,,,0.0,88.7555,62.5819,90.0,4.6,0.0,594.0,387.36,0.0,2.714
mcc,479,path,,UNLABELED,50.09,531.9,53.74,527.05,3.65,4.85,17.7025,5.1004,20.0609,51.915,529.475,0.7526,75,1,0,1,rgb,0,0,0,0,none,,,,0.0,87.3128,2.3159,90.0,0.68,0.0,594.0,387.36,0.0,14.8913
mcc,480,compound,,UNLABELED,54.06,531.9,58.91,527.05,4.85,4.85,23.5225,7.4936,27.0469,56.485,529.475,1.0,114,2,0,1,rgb,0,0,0,0,none,,,,0.0,89.9625,1.0726,62.7445,0.3712,0.0,594.0,387.36,0.0,18.5141
mcc,481,path,,UNLABELED,59.13,531.99,64.19,527.05,5.06,4.94,24.9964,8.3011,32.3017,61.66,529.52,1.0243,13,1,0,1,rgb,0,0,0,0,none,,,,0.0,89.701,1.3892,78.9397,4.952,0.0,594.0,387.36,0.0,20.2013
mcc,482,path,,UNLABELED,22.88,538.94,24.19,534.34,1.31,4.6,6.026,2.6788,11.5906,23.535,536.64,0.2848,7,1,0,1,rgb,0,0,0,0,none,,,,0.0,95.2355,22.9599,90.0,4.6,0.0,594.0,387.36,0.0,4.3108
mcc,483,path,,UNLABELED,25.98,539.11,28.93,534.34,2.95,4.77,14.0715,5.2125,20.7005,27.455,536.725,0.6184,47,1,0,1,rgb,0,0,0,0,none,,,,0.0,100.8946,1.9528,51.0353,3.2282,0.0,594.0,387.36,0.0,12.9843
mcc,484,path,,UNLABELED,29.39,538.94,32.47,534.25,3.08,4.69,14.4452,5.1463,20.7141,30.93,536.595,0.6567,67,1,0,1,rgb,0,0,0,0,none,,,,0.0,71.2658,2.6016,73.3229,2.4741,0.0,594.0,387.36,0.0,11.129
mcc,485,path,,UNLABELED,33.29,534.93,33.97,534.25,0.68,0.68,0.4624,0.352,2.1179,33.63,534.59,1.0,17,1,0,1,rgb,0,0,0,0,none,,,,0.0,90.0,1.132,36.0265,0.136,0.0,594.0,387.36,0.0,0.352
mcc,486,compound,,UNLABELED,34.89,539.11,37.87,534.25,2.98,4.86,14.4828,5.2658,20.0208,36.38,536.68,0.6132,70,2,0,1,rgb,0,0,0,0,none,,,,0.0,75.3689,1.5684,53.6065,2.6461,0.0,594.0,387.36,0.0,9.6251
mcc,487,path,,UNLABELED,38.35,538.94,41.67,534.25,3.32,4.69,15.5708,4.1653,16.794,40.01,536.595,0.7079,7,1,0,1,rgb,0,0,0,0,none,,,,0.0,64.5347,3.6412,58.4471,5.5037,0.0,594.0,387.36,0.0,8.7468
mcc,488,path,,UNLABELED,41.79,538.94,44.87,534.25,3.08,4.69,14.4452,5.1463,20.7141,43.33,536.595,0.6567,67,1,0,1,rgb,0,0,0,0,none,,,,0.0,71.2658,2.6016,73.323,2.4741,0.0,594.0,387.36,0.0,11.129
mcc,489,compound,,UNLABELED,22.07,546.38,26.49,541.54,4.42,4.84,21.3928,5.9736,22.3628,24.28,543.96,0.9132,12,2,0,1,rgb,0,0,0,0,none,,,,0.0,90.181,1.2451,65.458,5.3207,0.0,594.0,387.36,0.0,10.6964
mcc,490,path,,UNLABELED,26.38,546.31,32.85,541.37,6.47,4.94,31.9618,9.0181,33.0758,29.615,543.84,1.3097,11,1,0,1,rgb,0,0,0,0,none,,,,0.0,153.3443,1.264,67.9712,5.1457,0.0,594.0,387.36,0.0,22.2296
mcc,491,compound,,UNLABELED,32.84,546.31,37.69,541.46,4.85,4.85,23.5225,7.4874,27.0452,35.265,543.885,1.0,114,2,0,1,rgb,0,0,0,0,none,,,,0.0,90.1159,1.0723,62.7443,0.3712,0.0,594.0,387.36,0.0,18.5089
mcc,492,path,,UNLABELED,38.05,546.31,40.98,541.46,2.93,4.85,14.2105,5.4205,20.5153,39.515,543.885,0.6041,91,1,0,1,rgb,0,0,0,0,none,,,,0.0,91.7729,3.6088,12.426,0.6042,0.0,594.0,387.36,0.0,11.9538
mcc,493,path,,UNLABELED,41.46,543.76,42.82,543.33,1.36,0.43,0.5848,0.5848,3.58,42.14,543.545,3.1628,5,1,0,1,rgb,0,0,0,0,none,,,,0.0,176.6606,10.3524,0.0,1.36,0.0,594.0,387.36,0.0,0.5848
mcc,494,path,,UNLABELED,43.46,546.31,46.31,541.46,2.85,4.85,13.8225,5.0473,20.457,44.885,543.885,0.5876,98,1,0,1,rgb,0,0,0,0,none,,,,0.0,89.4386,3.6682,0.0,0.57,0.0,594.0,387.36,0.0,11.8818
mcc,495,path,,UNLABELED,271.41,475.84,274.35,471.07,2.94,4.77,14.0238,5.2158,20.697,272.88,473.455,0.6164,47,1,0,1,rgb,0,0,0,0,none,,,,0.0,100.7959,1.9567,51.1737,3.2219,0.0,594.0,387.36,0.0,12.985
mcc,496,compound,,UNLABELED,275.09,475.67,278.66,471.07,3.57,4.6,16.422,6.9809,24.7996,276.875,473.37,0.7761,72,2,0,1,rgb,0,0,0,0,none,,,,0.0,88.7613,2.7435,90.0,4.6,0.0,594.0,387.36,0.0,14.1614
mcc,497,path,,UNLABELED,279.08,473.29,280.44,472.86,1.36,0.43,0.5848,0.5848,3.58,279.76,473.075,3.1628,5,1,0,1,rgb,0,0,0,0,none,,,,0.0,176.6605,10.3522,0.0,1.36,0.0,594.0,387.36,0.0,0.5848
mcc,498,path,,UNLABELED,280.93,475.67,284.01,470.99,3.08,4.68,14.4143,5.1275,20.7236,282.47,473.33,0.6581,67,1,0,1,rgb,0,0,0,0,none,,,,0.0,71.201,2.6011,73.3231,2.4741,0.0,594.0,387.36,0.0,11.1233
mcc,499,compound,,UNLABELED,284.49,475.84,287.64,470.99,3.15,4.85,15.2775,5.7253,22.4426,286.065,473.415,0.6495,98,2,0,1,rgb,0,0,0,0,none,,,,0.0,89.995,2.633,67.6933,0.4215,0.0,594.0,387.36,0.0,12.1816
mcc,500,compound,,UNLABELED,288.03,475.84,291.18,470.99,3.15,4.85,15.2775,5.7243,22.4447,289.605,473.415,0.6495,98,2,0,1,rgb,0,0,0,0,none,,,,0.0,89.9985,2.6289,112.3067,0.4215,0.0,594.0,387.36,0.0,12.189
mcc,501,path,,UNLABELED,291.74,471.75,292.94,469.97,1.2,1.78,2.136,0.8125,4.5033,292.34,470.86,0.6742,5,1,0,1,rgb,0,0,0,0,none,,,,0.0,67.0835,14.8458,62.0203,1.8118,0.0,594.0,387.36,0.0,0.8125
mcc,502,path,,UNLABELED,295.24,475.84,298.18,471.07,2.94,4.77,14.0238,5.205,20.6879,296.71,473.455,0.6164,47,1,0,1,rgb,0,0,0,0,none,,,,0.0,100.9376,1.9557,51.1737,3.2219,0.0,594.0,387.36,0.0,12.9849
mcc,503,compound,,UNLABELED,298.91,475.67,302.49,471.07,3.58,4.6,16.4679,7.0344,24.7984,300.7,473.37,0.7783,72,2,0,1,rgb,0,0,0,0,none,,,,0.0,88.7487,2.7441,90.0,4.6,0.0,594.0,387.36,0.0,14.1901
mcc,504,path,,UNLABELED,302.73,476.35,305.71,470.3,2.98,6.05,18.0291,3.0295,13.7486,304.22,473.325,0.4926,5,1,0,1,rgb,0,0,0,0,none,,,,0.0,67.3104,188.3676,66.6723,6.4143,0.0,594.0,387.36,0.0,3.0295
mcc,505,compound,,UNLABELED,306.37,475.67,309.94,471.07,3.57,4.6,16.422,6.9816,24.7941,308.155,473.37,0.7761,72,2,0,1,rgb,0,0,0,0,none,,,,0.0,88.7756,2.7413,90.0,4.6,0.0,594.0,387.36,0.0,14.1568
mcc,506,path,,UNLABELED,310.75,475.67,312.06,471.07,1.31,4.6,6.026,2.6724,11.5921,311.405,473.37,0.2848,7,1,0,1,rgb,0,0,0,0,none,,,,0.0,95.2382,23.0274,90.0,4.6,0.0,594.0,387.36,0.0,4.3084
mcc,507,path,,UNLABELED,313.9,473.29,315.26,472.86,1.36,0.43,0.5848,0.5848,3.58,314.58,473.075,3.1628,5,1,0,1,rgb,0,0,0,0,none,,,,0.0,176.6605,10.3522,0.0,1.36,0.0,594.0,387.36,0.0,0.5848
mcc,508,compound,,UNLABELED,315.85,475.84,318.83,470.99,2.98,4.85,14.453,5.209,20.0483,317.34,473.415,0.6144,70,2,0,1,rgb,0,0,0,0,none,,,,0.0,75.7249,1.59,53.7344,2.6542,0.0,594.0,387.36,0.0,9.6317
mcc,509,path,,UNLABELED,319.43,475.84,322.37,471.07,2.94,4.77,14.0238,5.2113,20.6967,320.9,473.455,0.6164,47,1,0,1,rgb,0,0,0,0,none,,,,0.0,100.8,1.957,51.1737,3.2219,0.0,594.0,387.36,0.0,12.9822
mcc,510,compound,,UNLABELED,322.85,475.84,326.0,470.99,3.15,4.85,15.2775,5.7168,22.445,324.425,473.415,0.6495,98,2,0,1,rgb,0,0,0,0,none,,,,0.0,90.0053,2.6312,112.3067,0.4215,0.0,594.0,387.36,0.0,12.1823
mcc,511,path,,UNLABELED,326.57,471.75,327.76,469.97,1.19,1.78,2.1182,0.8036,4.4901,327.165,470.86,0.6685,5,1,0,1,rgb,0,0,0,0,none,,,,0.0,67.2537,15.0095,62.0203,1.8118,0.0,594.0,387.36,0.0,0.8036
mcc,512,path,,UNLABELED,329.94,475.84,333.58,470.99,3.64,4.85,17.6541,5.0951,20.0686,331.76,473.415,0.7505,75,1,0,1,rgb,0,0,0,0,none,,,,0.0,87.3046,2.3139,90.0,0.69,0.0,594.0,387.36,0.0,14.8793
mcc,513,path,,UNLABELED,333.97,475.67,337.05,470.99,3.08,4.68,14.4143,5.126,20.7172,335.51,473.33,0.6581,67,1,0,1,rgb,0,0,0,0,none,,,,0.0,71.2285,2.6031,73.1013,2.477,0.0,594.0,387.36,0.0,11.1075
mcc,514,path,,UNLABELED,337.7,473.29,339.06,472.86,1.36,0.43,0.5848,0.5848,3.58,338.38,473.075,3.1628,5,1,0,1,rgb,0,0,0,0,none,,,,0.0,176.6605,10.3522,0.0,1.36,0.0,594.0,387.36,0.0,0.5848
mcc,515,compound,,UNLABELED,339.74,475.84,342.55,470.99,2.81,4.85,13.6285,6.6034,24.3225,341.145,473.415,0.5794,127,3,0,1,rgb,0,0,0,0,none,,,,0.0,89.4033,2.5491,37.5682,0.328,0.0,594.0,387.36,0.0,11.7134
mcc,516,compound,,UNLABELED,342.96,475.91,346.28,471.07,3.32,4.84,16.0688,5.1597,19.9194,344.62,473.49,0.686,15,2,0,1,rgb,0,0,0,0,none,,,,0.0,84.1745,2.3624,56.1512,5.009,0.0,594.0,387.36,0.0,8.343
mcc,517,compound,,UNLABELED,346.65,475.84,349.8,470.99,3.15,4.85,15.2775,5.7213,22.441,348.225,473.415,0.6495,98,2,0,1,rgb,0,0,0,0,none,,,,0.0,90.0036,2.6322,112.3067,0.4215,0.0,594.0,387.36,0.0,12.1817
mcc,518,path,,UNLABELED,271.34,482.33,274.27,477.47,2.93,4.86,14.2398,5.4189,20.5041,272.805,479.9,0.6029,91,1,0,1,rgb,0,0,0,0,none,,,,0.0,91.7649,3.61,11.4969,0.6021,0.0,594.0,387.36,0.0,11.9496
mcc,519,path,,UNLABELED,274.75,479.77,276.11,479.35,1.36,0.42,0.5712,0.5712,3.56,275.43,479.56,3.2381,5,1,0,1,rgb,0,0,0,0,none,,,,0.0,176.754,10.8478,0.0,1.36,0.0,594.0,387.36,0.0,0.5712
mcc,520,path,,UNLABELED,277.18,482.16,278.49,477.56,1.31,4.6,6.026,2.6814,11.5954,277.835,479.86,0.2848,7,1,0,1,rgb,0,0,0,0,none,,,,0.0,95.2711,22.8437,90.0,4.6,0.0,594.0,387.36,0.0,4.3134
mcc,521,path,,UNLABELED,280.14,482.16,283.22,477.47,3.08,4.69,14.4451,5.1349,20.6924,281.68,479.815,0.6567,67,1,0,1,rgb,0,0,0,0,none,,,,0.0,71.2625,2.6025,73.3231,2.4741,0.0,594.0,387.36,0.0,11.118
mcc,522,path,,UNLABELED,283.69,482.16,286.77,477.47,3.08,4.69,14.4453,5.1371,20.6874,285.23,479.815,0.6567,67,1,0,1,rgb,0,0,0,0,none,,,,0.0,71.2514,2.6017,73.3231,2.4741,0.0,594.0,387.36,0.0,11.1139
mcc,523,path,,UNLABELED,287.42,478.24,288.61,476.45,1.19,1.79,2.1301,0.8095,4.5028,288.015,477.345,0.6648,5,1,0,1,rgb,0,0,0,0,none,,,,0.0,67.3937,14.9502,62.0203,1.8118,0.0,594.0,387.36,0.0,0.8095
mcc,524,compound,,UNLABELED,291.04,482.16,294.62,477.56,3.58,4.6,16.4679,7.0339,24.7835,292.83,479.86,0.7783,72,2,0,1,rgb,0,0,0,0,none,,,,0.0,88.7868,2.7459,90.0,4.6,0.0,594.0,387.36,0.0,14.1828
mcc,525,path,,UNLABELED,295.03,479.77,296.4,479.35,1.37,0.42,0.5754,0.5754,3.58,295.715,479.56,3.2619,5,1,0,1,rgb,0,0,0,0,none,,,,0.0,176.7824,11.007,0.0,1.37,0.0,594.0,387.36,0.0,0.5754
mcc,526,path,,UNLABELED,297.03,482.33,299.88,477.47,2.85,4.86,13.8509,5.0563,20.4691,298.455,479.9,0.5864,98,1,0,1,rgb,0,0,0,0,none,,,,0.0,89.4346,3.6714,0.0,0.57,0.0,594.0,387.36,0.0,11.8843
mcc,527,compound,,UNLABELED,300.44,482.33,303.59,477.47,3.15,4.86,15.309,5.7266,22.4407,302.015,479.9,0.6481,98,2,0,1,rgb,0,0,0,0,none,,,,0.0,89.9991,2.6307,74.9837,0.4245,0.0,594.0,387.36,0.0,12.1843
mcc,528,compound,,UNLABELED,303.98,482.33,307.13,477.47,3.15,4.86,15.309,5.7314,22.4414,305.555,479.9,0.6481,98,2,0,1,rgb,0,0,0,0,none,,,,0.0,89.9887,2.6315,74.9837,0.4245,0.0,594.0,387.36,0.0,12.1838
mcc,529,path,,UNLABELED,307.7,478.24,308.89,476.45,1.19,1.79,2.1301,0.8169,4.5074,308.295,477.345,0.6648,5,1,0,1,rgb,0,0,0,0,none,,,,0.0,67.5404,14.7202,62.3006,1.8071,0.0,594.0,387.36,0.0,0.8169
mcc,530,path,,UNLABELED,311.19,482.33,314.13,477.56,2.94,4.77,14.0238,5.2111,20.7023,312.66,479.945,0.6164,47,1,0,1,rgb,0,0,0,0,none,,,,0.0,100.8189,1.9514,51.1737,3.2219,0.0,594.0,387.36,0.0,12.9687
mcc,531,path,,UNLABELED,314.66,482.33,317.59,477.47,2.93,4.86,14.2398,5.4253,20.5056,316.125,479.9,0.6029,91,1,0,1,rgb,0,0,0,0,none,,,,0.0,91.7605,3.6045,11.4969,0.6021,0.0,594.0,387.36,0.0,11.9525
mcc,532,path,,UNLABELED,318.07,479.77,319.44,479.35,1.37,0.42,0.5754,0.5754,3.58,318.755,479.56,3.2619,5,1,0,1,rgb,0,0,0,0,none,,,,0.0,176.7824,11.007,0.0,1.37,0.0,594.0,387.36,0.0,0.5754
mcc,533,path,,UNLABELED,320.5,482.16,321.81,477.56,1.31,4.6,6.026,2.6788,11.5906,321.155,479.86,0.2848,7,1,0,1,rgb,0,0,0,0,none,,,,0.0,95.2356,22.9597,90.0,4.6,0.0,594.0,387.36,0.0,4.3108
mcc,534,path,,UNLABELED,323.57,482.16,326.89,477.47,3.32,4.69,15.5708,4.1653,16.794,325.23,479.815,0.7079,7,1,0,1,rgb,0,0,0,0,none,,,,0.0,64.5346,3.6412,58.447,5.5037,0.0,594.0,387.36,0.0,8.7468
mcc,535,path,,UNLABELED,327.01,482.16,330.09,477.47,3.08,4.69,14.4451,5.1478,20.7125,328.55,479.815,0.6567,67,1,0,1,rgb,0,0,0,0,none,,,,0.0,71.2102,2.6013,73.3231,2.4741,0.0,594.0,387.36,0.0,11.1338
mcc,536,path,,UNLABELED,330.74,478.24,331.93,476.45,1.19,1.79,2.1301,0.8169,4.5074,331.335,477.345,0.6648,5,1,0,1,rgb,0,0,0,0,none,,,,0.0,67.5404,14.7202,62.3006,1.8071,0.0,594.0,387.36,0.0,0.8169
mcc,537,compound,,UNLABELED,255.6,488.64,258.51,484.04,2.91,4.6,13.3861,6.4541,23.5091,257.055,486.34,0.6326,45,2,0,1,rgb,0,0,0,0,none,,,,0.0,92.0888,3.0596,90.0,4.6,0.0,594.0,387.36,0.0,11.9747
mcc,538,path,,UNLABELED,258.42,488.81,264.89,483.87,6.47,4.94,31.9618,9.0181,33.0757,261.655,486.34,1.3097,11,1,0,1,rgb,0,0,0,0,none,,,,0.0,153.2209,1.2653,112.0288,5.1457,0.0,594.0,387.36,0.0,22.2296
mcc,539,path,,UNLABELED,264.74,488.64,268.35,484.04,3.61,4.6,16.6061,4.4144,16.4102,266.545,486.34,0.7848,10,1,0,1,rgb,0,0,0,0,none,,,,0.0,89.5406,3.1665,120.5341,2.9722,0.0,594.0,387.36,0.0,9.683
mcc,540,path,,UNLABELED,270.82,488.64,272.13,484.04,1.31,4.6,6.026,2.675,11.5968,271.475,486.34,0.2848,7,1,0,1,rgb,0,0,0,0,none,,,,0.0,95.2736,22.9108,90.0,4.6,0.0,594.0,387.36,0.0,4.311
mcc,541,compound,,UNLABELED,273.88,488.81,276.86,483.96,2.98,4.85,14.453,5.2245,20.0234,275.37,486.385,0.6144,70,2,0,1,rgb,0,0,0,0,none,,,,0.0,75.8908,1.5921,53.7344,2.6542,0.0,594.0,387.36,0.0,9.6273
mcc,542,path,,UNLABELED,277.51,486.26,278.87,485.83,1.36,0.43,0.5848,0.5848,3.58,278.19,486.045,3.1628,5,1,0,1,rgb,0,0,0,0,none,,,,0.0,176.6605,10.3522,0.0,1.36,0.0,594.0,387.36,0.0,0.5848
mcc,543,path,,UNLABELED,279.51,488.81,282.36,483.96,2.85,4.85,13.8224,5.0449,20.4597,280.935,486.385,0.5876,98,1,0,1,rgb,0,0,0,0,none,,,,0.0,89.4406,3.6678,0.0,0.57,0.0,594.0,387.36,0.0,11.8817
mcc,544,compound,,UNLABELED,282.77,488.88,286.09,484.04,3.32,4.84,16.0688,5.1716,19.9011,284.43,486.46,0.686,15,2,0,1,rgb,0,0,0,0,none,,,,0.0,84.1507,2.3604,56.1512,5.009,0.0,594.0,387.36,0.0,8.3456
mcc,545,path,,UNLABELED,217.78,78.86,221.27,74.26,3.49,4.6,16.0541,5.5521,21.4974,219.525,76.56,0.7587,13,1,0,1,rgb,0,0,0,0,none,,,,0.0,89.0463,2.6983,60.5683,2.9508,0.0,594.0,387.36,0.0,15.4791
mcc,546,path,,UNLABELED,223.36,79.03,226.31,74.26,2.95,4.77,14.0715,5.2097,20.7428,224.835,76.645,0.6184,47,1,0,1,rgb,0,0,0,0,none,,,,0.0,100.8123,1.9495,51.0354,3.2282,0.0,594.0,387.36,0.0,13.0157
mcc,547,compound,,UNLABELED,226.78,79.03,229.94,74.18,3.16,4.85,15.3259,5.7355,22.441,228.36,76.605,0.6516,98,2,0,1,rgb,0,0,0,0,none,,,,0.0,89.9971,2.6312,105.0194,0.4245,0.0,594.0,387.36,0.0,12.1888
mcc,548,compound,,UNLABELED,230.33,79.03,233.48,74.18,3.15,4.85,15.2775,5.7303,22.4365,231.905,76.605,0.6495,98,2,0,1,rgb,0,0,0,0,none,,,,0.0,89.9959,2.6344,105.0194,0.4245,0.0,594.0,387.36,0.0,12.1822
mcc,549,path,,UNLABELED,218.51,85.34,219.83,80.75,1.32,4.59,6.0589,2.7132,11.5921,219.17,83.045,0.2876,7,1,0,1,rgb,0,0,0,0,none,,,,0.0,95.2885,22.5561,90.0,4.59,0.0,594.0,387.36,0.0,4.3453
mcc,550,compound,,UNLABELED,221.5,85.51,224.65,80.66,3.15,4.85,15.2776,5.7402,22.4348,223.075,83.085,0.6495,98,2,0,1,rgb,0,0,0,0,none,,,,0.0,90.0084,2.6277,105.0194,0.4245,0.0,594.0,387.36,0.0,12.1858
mcc,551,compound,,UNLABELED,225.04,85.51,228.19,80.66,3.15,4.85,15.2776,5.7271,22.4316,226.615,83.085,0.6495,98,2,0,1,rgb,0,0,0,0,none,,,,0.0,89.9953,2.6301,105.0194,0.4245,0.0,594.0,387.36,0.0,12.177
mcc,552,compound,,UNLABELED,228.58,85.51,231.73,80.66,3.15,4.85,15.2776,5.7251,22.4356,230.155,83.085,0.6495,98,2,0,1,rgb,0,0,0,0,none,,,,0.0,89.9903,2.6281,74.9806,0.4245,0.0,594.0,387.36,0.0,12.1794
mcc,553,path,,UNLABELED,161.36,522.94,164.85,518.34,3.49,4.6,16.0539,5.552,21.4973,163.105,520.64,0.7587,13,1,0,1,rgb,0,0,0,0,none,,,,0.0,89.0463,2.6983,60.5683,2.9508,0.0,594.0,387.36,0.0,15.479
mcc,554,path,,UNLABELED,166.94,523.11,169.89,518.34,2.95,4.77,14.0715,5.2102,20.7431,168.415,520.725,0.6184,47,1,0,1,rgb,0,0,0,0,none,,,,0.0,100.7937,1.9491,51.0353,3.2282,0.0,594.0,387.36,0.0,13.0162
mcc,555,compound,,UNLABELED,170.37,523.11,173.52,518.26,3.15,4.85,15.2775,5.7314,22.4436,171.945,520.685,0.6495,98,2,0,1,rgb,0,0,0,0,none,,,,0.0,90.0084,2.6298,105.0186,0.4245,0.0,594.0,387.36,0.0,12.1911
mcc,556,compound,,UNLABELED,173.91,523.11,177.06,518.26,3.15,4.85,15.2775,5.726,22.439,175.485,520.685,0.6495,98,2,0,1,rgb,0,0,0,0,none,,,,0.0,89.9883,2.6327,105.0186,0.4245,0.0,594.0,387.36,0.0,12.1836
mcc,557,path,,UNLABELED,162.09,529.42,163.41,524.83,1.32,4.59,6.0588,2.6724,11.5921,162.75,527.125,0.2876,7,1,0,1,rgb,0,0,0,0,none,,,,0.0,95.3114,22.5516,90.0,4.59,0.0,594.0,387.36,0.0,4.3248
mcc,558,compound,,UNLABELED,165.08,529.59,168.23,524.74,3.15,4.85,15.2775,5.7358,22.4341,166.655,527.165,0.6495,98,2,0,1,rgb,0,0,0,0,none,,,,0.0,90.0143,2.6292,105.0183,0.4245,0.0,594.0,387.36,0.0,12.1815
mcc,559,compound,,UNLABELED,168.62,529.59,171.77,524.74,3.15,4.85,15.2775,5.7257,22.4363,170.195,527.165,0.6495,98,2,0,1,rgb,0,0,0,0,none,,,,0.0,89.9996,2.6278,105.0183,0.4245,0.0,594.0,387.36,0.0,12.1806
mcc,560,compound,,UNLABELED,172.16,529.59,175.31,524.74,3.15,4.85,15.2775,5.7257,22.4363,173.735,527.165,0.6495,98,2,0,1,rgb,0,0,0,0,none,,,,0.0,90.0004,2.6278,74.9817,0.4245,0.0,594.0,387.36,0.0,12.1806
mcc,561,path,,UNLABELED,18.33,571.17,21.28,566.4,2.95,4.77,14.0715,5.2146,20.6962,19.805,568.785,0.6184,47,1,0,1,rgb,0,0,0,0,none,,,,0.0,100.8578,1.9566,51.0353,3.2282,0.0,594.0,387.36,0.0,12.9997
mcc,562,path,,UNLABELED,21.74,571.0,24.82,566.32,3.08,4.68,14.4144,5.1289,20.7263,23.28,568.66,0.6581,67,1,0,1,rgb,0,0,0,0,none,,,,0.0,71.2344,2.6035,73.3229,2.4741,0.0,594.0,387.36,0.0,11.1211
mcc,563,path,,UNLABELED,25.43,571.17,28.28,566.32,2.85,4.85,13.8225,5.042,20.4582,26.855,568.745,0.5876,98,1,0,1,rgb,0,0,0,0,none,,,,0.0,89.4156,3.6707,0.0,0.57,0.0,594.0,387.36,0.0,11.881
mcc,564,path,,UNLABELED,28.98,571.17,31.82,566.32,2.84,4.85,13.774,5.0358,20.4286,30.4,568.745,0.5856,98,1,0,1,rgb,0,0,0,0,none,,,,0.0,89.4376,3.6763,0.0,0.57,0.0,594.0,387.36,0.0,11.8627
mcc,565,path,,UNLABELED,32.94,571.0,34.26,566.4,1.32,4.6,6.072,2.6775,11.6121,33.6,568.7,0.287,7,1,0,1,rgb,0,0,0,0,none,,,,0.0,95.2992,22.6555,90.0,4.6,0.0,594.0,387.36,0.0,4.3339
mcc,566,path,,UNLABELED,18.33,27.51,21.28,22.74,2.95,4.77,14.0716,5.2163,20.7127,19.805,25.125,0.6184,47,1,0,1,rgb,0,0,0,0,none,,,,0.0,100.8347,1.9551,51.0354,3.2282,0.0,594.0,387.36,0.0,12.9952
mcc,567,path,,UNLABELED,21.74,27.34,24.82,22.66,3.08,4.68,14.4144,5.131,20.7286,23.28,25.0,0.6581,67,1,0,1,rgb,0,0,0,0,none,,,,0.0,71.2434,2.6039,73.3229,2.4741,0.0,594.0,387.36,0.0,11.1244
mcc,568,path,,UNLABELED,25.43,27.51,28.28,22.66,2.85,4.85,13.8224,5.0499,20.4579,26.855,25.085,0.5876,98,1,0,1,rgb,0,0,0,0,none,,,,0.0,89.4222,3.6725,0.0,0.57,0.0,594.0,387.36,0.0,11.8857
mcc,569,path,,UNLABELED,28.98,27.51,31.82,22.66,2.84,4.85,13.7739,5.0436,20.4279,30.4,25.085,0.5856,98,1,0,1,rgb,0,0,0,0,none,,,,0.0,89.4442,3.6781,0.0,0.57,0.0,594.0,387.36,0.0,11.8674
mcc,570,path,,UNLABELED,32.94,27.34,34.26,22.74,1.32,4.6,6.072,2.6775,11.6122,33.6,25.04,0.287,7,1,0,1,rgb,0,0,0,0,none,,,,0.0,95.2991,22.6558,90.0,4.6,0.0,594.0,387.36,0.0,4.334
mcc,571,path,,UNLABELED,212.99,177.7,217.79,173.01,4.8,4.69,22.5119,7.0575,26.8637,215.39,175.355,1.0235,100,1,0,1,rgb,0,0,0,0,none,,,,0.0,52.9336,1.444,135.4585,1.7678,0.0,594.0,387.36,0.0,17.1779
mcc,572,path,,UNLABELED,212.64,211.28,217.35,206.08,4.71,5.2,24.492,5.6547,21.7012,214.995,208.68,0.9058,13,1,0,1,rgb,0,0,0,0,none,,,,0.0,118.0197,2.6654,125.6245,4.6011,0.0,594.0,387.36,0.0,11.5215
mcc,573,path,,UNLABELED,214.75,196.28,217.6,191.65,2.85,4.63,13.1955,4.4054,16.9231,216.175,193.965,0.6156,11,1,0,1,rgb,0,0,0,0,none,,,,0.0,64.2623,3.9129,82.3641,4.5907,0.0,594.0,387.36,0.0,8.3533
mcc,574,compound,,UNLABELED,223.74,147.42,228.63,142.99,4.89,4.43,21.6627,5.998,22.3563,226.185,145.205,1.1038,12,2,0,1,rgb,0,0,0,0,none,,,,0.0,179.0247,1.238,23.2411,5.3219,0.0,594.0,387.36,0.0,10.7158
mcc,575,compound,,UNLABELED,224.1,250.31,228.99,245.89,4.89,4.42,21.6137,5.9773,22.3343,226.545,248.1,1.1063,12,2,0,1,rgb,0,0,0,0,none,,,,0.0,178.8962,1.2407,23.142,5.3179,0.0,594.0,387.36,0.0,10.6919
mcc,576,compound,,UNLABELED,224.39,354.43,229.27,350.01,4.88,4.42,21.5696,5.9716,22.3339,226.83,352.22,1.1041,12,2,0,1,rgb,0,0,0,0,none,,,,0.0,178.4285,1.2389,154.0132,5.3176,0.0,594.0,387.36,0.0,10.6892
mcc,577,compound,,UNLABELED,224.6,462.88,229.49,458.45,4.89,4.43,21.6627,6.0193,22.3442,227.045,460.665,1.1038,12,2,0,1,rgb,0,0,0,0,none,,,,0.0,178.6978,1.2353,23.2409,5.3218,0.0,594.0,387.36,0.0,10.726
mcc,578,path,,UNLABELED,215.15,120.95,220.27,115.32,5.12,5.63,28.8256,6.587,24.0067,217.71,118.135,0.9094,13,1,0,1,rgb,0,0,0,0,none,,,,0.0,119.7995,2.0254,118.7397,4.5962,0.0,594.0,387.36,0.0,15.272
mcc,579,path,,UNLABELED,204.36,322.92,208.1,318.07,3.74,4.85,18.139,5.103,20.0647,206.23,320.495,0.7711,75,1,0,1,rgb,0,0,0,0,none,,,,0.0,90.1111,2.3141,92.4894,0.6907,0.0,594.0,387.36,0.0,14.8918
mcc,580,compound,,UNLABELED,205.5,294.59,209.19,289.95,3.69,4.64,17.1217,7.0111,24.7823,207.345,292.27,0.7953,72,2,0,1,rgb,0,0,0,0,none,,,,0.0,91.7939,2.7425,92.9932,4.5963,0.0,594.0,387.36,0.0,14.1677
mcc,581,compound,,UNLABELED,211.35,381.68,214.15,377.06,2.8,4.62,12.936,6.5764,23.6556,212.75,379.37,0.6061,77,3,0,1,rgb,0,0,0,0,none,,,,0.0,98.9266,4.6778,92.8686,4.5958,0.0,594.0,387.36,0.0,10.4826
mcc,582,path,,UNLABELED,235.15,155.42,240.25,150.38,5.1,5.04,25.7041,5.2533,18.8564,237.7,152.9,1.0119,13,1,0,1,rgb,0,0,0,0,none,,,,0.0,44.3564,1.472,7.2944,2.5204,0.0,594.0,387.36,0.0,12.8638
mcc,583,path,,UNLABELED,241.63,149.08,246.74,144.04,5.11,5.04,25.7544,5.2467,18.8628,244.185,146.56,1.0139,13,1,0,1,rgb,0,0,0,0,none,,,,0.0,44.1951,1.463,7.2656,2.5303,0.0,594.0,387.36,0.0,12.8802
mcc,584,path,,UNLABELED,228.66,161.76,233.77,156.72,5.11,5.04,25.7544,5.2548,18.8712,231.215,159.24,1.0139,13,1,0,1,rgb,0,0,0,0,none,,,,0.0,44.2505,1.4655,7.2656,2.5303,0.0,594.0,387.36,0.0,12.8829
mcc,585,path,,UNLABELED,146.28,169.02,151.68,163.35,5.4,5.67,30.618,6.2089,23.3572,148.98,166.185,0.9524,13,1,0,1,rgb,0,0,0,0,none,,,,0.0,126.255,2.437,125.5232,4.5953,0.0,594.0,387.36,0.0,15.3269
mcc,586,path,,UNLABELED,144.45,130.9,146.43,126.21,1.98,4.69,9.2862,3.2044,12.3249,145.44,128.555,0.4222,31,1,0,1,rgb,0,0,0,0,none,,,,0.0,77.5359,7.8413,90.3925,2.9201,0.0,594.0,387.36,0.0,5.7779
mcc,587,path,,UNLABELED,205.82,474.45,210.42,473.14,4.6,1.31,6.026,2.6724,11.5921,208.12,473.795,3.5114,7,1,0,1,rgb,0,0,0,0,none,,,,0.0,5.2382,23.0273,0.0,4.6,0.0,594.0,387.36,0.0,4.3084
mcc,588,compound,,UNLABELED,205.74,471.38,210.59,468.4,4.85,2.98,14.453,5.2415,20.0373,208.165,469.89,1.6275,70,2,0,1,rgb,0,0,0,0,none,,,,0.0,165.8911,1.59,143.7346,2.6541,0.0,594.0,387.36,0.0,9.6474
mcc,589,path,,UNLABELED,205.74,467.84,210.42,464.52,4.68,3.32,15.5376,4.1586,16.7811,208.08,466.18,1.4096,7,1,0,1,rgb,0,0,0,0,none,,,,0.0,154.5945,3.6339,148.4813,5.4899,0.0,594.0,387.36,0.0,8.752
mcc,590,path,,UNLABELED,205.74,464.04,206.42,463.36,0.68,0.68,0.4624,0.3512,2.1154,206.08,463.7,1.0,17,1,0,1,rgb,0,0,0,0,none,,,,0.0,0.0,1.1309,12.0943,0.1432,0.0,594.0,387.36,0.0,0.3512
mcc,591,path,,UNLABELED,205.82,462.05,210.42,460.74,4.6,1.31,6.026,2.6724,11.5921,208.12,461.395,3.5114,7,1,0,1,rgb,0,0,0,0,none,,,,0.0,5.2382,23.0277,0.0,4.6,0.0,594.0,387.36,0.0,4.3084
mcc,592,compound,,UNLABELED,208.35,458.96,210.43,456.89,2.08,2.07,4.3056,2.4014,10.0067,209.39,457.925,1.0048,34,2,0,1,rgb,0,0,0,0,none,,,,0.0,0.0553,1.1242,100.7846,0.4275,0.0,594.0,387.36,0.0,3.3493
mcc,593,path,,UNLABELED,204.73,137.44,209.58,134.59,4.85,2.85,13.8224,5.0503,20.458,207.155,136.015,1.7018,98,1,0,1,rgb,0,0,0,0,none,,,,0.0,179.4448,3.6697,90.0,0.57,0.0,594.0,387.36,0.0,11.8841
mcc,594,compound,,UNLABELED,204.81,134.18,209.65,130.86,4.84,3.32,16.0688,5.1597,19.9194,207.23,132.52,1.4578,15,2,0,1,rgb,0,0,0,0,none,,,,0.0,174.1745,2.3624,146.1512,5.009,0.0,594.0,387.36,0.0,8.343
mcc,595,path,,UNLABELED,204.73,130.4,209.41,127.08,4.68,3.32,15.5376,4.1368,16.7782,207.07,128.74,1.4096,7,1,0,1,rgb,0,0,0,0,none,,,,0.0,154.5255,3.6426,148.3924,5.4952,0.0,594.0,387.36,0.0,8.7302
mcc,596,path,,UNLABELED,204.73,126.6,205.41,125.92,0.68,0.68,0.4624,0.3564,2.1321,205.07,126.26,1.0,17,1,0,1,rgb,0,0,0,0,none,,,,0.0,179.5294,1.1185,102.0931,0.1432,0.0,594.0,387.36,0.0,0.3564
mcc,597,path,,UNLABELED,204.81,124.61,209.41,123.3,4.6,1.31,6.026,2.675,11.5968,207.11,123.955,3.5114,7,1,0,1,rgb,0,0,0,0,none,,,,0.0,5.2736,22.9108,0.0,4.6,0.0,594.0,387.36,0.0,4.311
mcc,598,compound,,UNLABELED,207.34,121.53,209.42,119.45,2.08,2.08,4.3264,2.4225,10.0188,208.38,120.49,1.0,34,2,0,1,rgb,0,0,0,0,none,,,,0.0,0.1535,1.1247,100.5396,0.4374,0.0,594.0,387.36,0.0,3.3672
mcc,599,path,,UNLABELED,132.87,323.08,137.11,318.26,4.24,4.82,20.4369,7.4916,27.5454,134.99,320.67,0.8797,9,1,0,1,rgb,0,0,0,0,none,,,,0.0,70.6218,1.7719,135.8939,4.9857,0.0,594.0,387.36,0.0,19.2
mcc,600,path,,UNLABELED,93.53,180.93,97.1,177.05,3.57,3.88,13.8516,5.2899,18.8454,95.315,178.99,0.9201,13,1,0,1,rgb,0,0,0,0,none,,,,0.0,178.7364,1.4678,141.588,2.5269,0.0,594.0,387.36,0.0,12.8866
mcc,601,path,,UNLABELED,93.53,190.01,97.1,186.13,3.57,3.88,13.8516,5.2899,18.8454,95.315,188.07,0.9201,13,1,0,1,rgb,0,0,0,0,none,,,,0.0,178.7364,1.4678,141.588,2.5269,0.0,594.0,387.36,0.0,12.8866
mcc,602,path,,UNLABELED,93.53,199.09,97.1,195.21,3.57,3.88,13.8516,5.2721,18.8578,95.315,197.15,0.9201,13,1,0,1,rgb,0,0,0,0,none,,,,0.0,178.7465,1.4686,141.588,2.5269,0.0,594.0,387.36,0.0,12.8866
mcc,603,path,,UNLABELED,93.53,208.17,97.1,204.29,3.57,3.88,13.8516,5.2721,18.8578,95.315,206.23,0.9201,13,1,0,1,rgb,0,0,0,0,none,,,,0.0,178.7465,1.4686,141.588,2.5269,0.0,594.0,387.36,0.0,12.8866
mcc,604,path,,UNLABELED,93.6,217.25,97.17,213.37,3.57,3.88,13.8516,5.2713,18.8663,95.385,215.31,0.9201,13,1,0,1,rgb,0,0,0,0,none,,,,0.0,178.9191,1.4638,141.588,2.5269,0.0,594.0,387.36,0.0,12.8957
mcc,605,path,,UNLABELED,93.6,226.32,97.17,222.45,3.57,3.87,13.8159,5.2614,18.8503,95.385,224.385,0.9225,13,1,0,1,rgb,0,0,0,0,none,,,,0.0,178.795,1.4671,141.588,2.5269,0.0,594.0,387.36,0.0,12.8779
mcc,606,path,,UNLABELED,93.6,235.4,97.17,231.53,3.57,3.87,13.8159,5.2461,18.83,95.385,233.465,0.9225,13,1,0,1,rgb,0,0,0,0,none,,,,0.0,178.7609,1.4682,141.588,2.5269,0.0,594.0,387.36,0.0,12.86
mcc,607,path,,UNLABELED,93.67,244.48,97.24,240.61,3.57,3.87,13.8159,5.2348,18.8454,95.455,242.545,0.9225,13,1,0,1,rgb,0,0,0,0,none,,,,0.0,178.7395,1.4671,141.4466,2.5191,0.0,594.0,387.36,0.0,12.86
mcc,608,path,,UNLABELED,93.67,253.56,97.24,249.69,3.57,3.87,13.8159,5.2423,18.8493,95.455,251.625,0.9225,13,1,0,1,rgb,0,0,0,0,none,,,,0.0,178.6147,1.4692,141.4466,2.5191,0.0,594.0,387.36,0.0,12.8601
mcc,609,path,,UNLABELED,93.67,262.64,97.24,258.76,3.57,3.88,13.8515,5.252,18.8655,95.455,260.7,0.9201,13,1,0,1,rgb,0,0,0,0,none,,,,0.0,178.7591,1.466,141.2696,2.5253,0.0,594.0,387.36,0.0,12.8778
mcc,610,path,,UNLABELED,93.74,271.72,97.31,267.84,3.57,3.88,13.8516,5.2677,18.861,95.525,269.78,0.9201,13,1,0,1,rgb,0,0,0,0,none,,,,0.0,178.5108,1.4673,141.588,2.5269,0.0,594.0,387.36,0.0,12.8878
mcc,611,path,,UNLABELED,93.74,280.8,97.31,276.92,3.57,3.88,13.8516,5.2677,18.861,95.525,278.86,0.9201,13,1,0,1,rgb,0,0,0,0,none,,,,0.0,178.5108,1.4673,141.588,2.5269,0.0,594.0,387.36,0.0,12.8878
mcc,612,path,,UNLABELED,93.53,145.84,97.1,141.96,3.57,3.88,13.8516,5.2899,18.8454,95.315,143.9,0.9201,13,1,0,1,rgb,0,0,0,0,none,,,,0.0,178.7364,1.4678,141.588,2.5269,0.0,594.0,387.36,0.0,12.8866
mcc,613,path,,UNLABELED,93.53,154.92,97.1,151.04,3.57,3.88,13.8516,5.2721,18.8578,95.315,152.98,0.9201,13,1,0,1,rgb,0,0,0,0,none,,,,0.0,178.7465,1.4686,141.588,2.5269,0.0,594.0,387.36,0.0,12.8866
mcc,614,path,,UNLABELED,93.53,164.0,97.1,160.12,3.57,3.88,13.8516,5.28,18.8741,95.315,162.06,0.9201,13,1,0,1,rgb,0,0,0,0,none,,,,0.0,178.8599,1.4658,141.588,2.5269,0.0,594.0,387.36,0.0,12.9044
mcc,615,path,,UNLABELED,93.53,173.08,97.1,169.2,3.57,3.88,13.8516,5.28,18.8741,95.315,171.14,0.9201,13,1,0,1,rgb,0,0,0,0,none,,,,0.0,178.8599,1.4658,141.588,2.5269,0.0,594.0,387.36,0.0,12.9044
mcc,616,path,,UNLABELED,68.34,318.42,73.44,313.37,5.1,5.05,25.7551,5.2713,18.8483,70.89,315.895,1.0099,13,1,0,1,rgb,0,0,0,0,none,,,,0.0,44.7856,1.4685,7.5193,2.5217,0.0,594.0,387.36,0.0,12.8865
mcc,617,path,,UNLABELED,74.82,312.08,79.93,307.03,5.11,5.05,25.8056,5.2756,18.8819,77.375,309.555,1.0119,13,1,0,1,rgb,0,0,0,0,none,,,,0.0,44.7747,1.4701,7.4896,2.5316,0.0,594.0,387.36,0.0,12.9052
mcc,618,path,,UNLABELED,81.31,305.74,86.41,300.69,5.1,5.05,25.7549,5.2667,18.8459,83.86,303.215,1.0099,13,1,0,1,rgb,0,0,0,0,none,,,,0.0,44.7092,1.4628,7.2944,2.5204,0.0,594.0,387.36,0.0,12.8832
mcc,619,path,,UNLABELED,87.86,299.39,92.97,294.35,5.11,5.04,25.7544,5.2638,18.8603,90.415,296.87,1.0139,13,1,0,1,rgb,0,0,0,0,none,,,,0.0,44.4848,1.4657,7.2656,2.5303,0.0,594.0,387.36,0.0,12.8916
mcc,620,path,,UNLABELED,94.35,293.05,99.45,288.01,5.1,5.04,25.704,5.2476,18.8338,96.9,290.53,1.0119,13,1,0,1,rgb,0,0,0,0,none,,,,0.0,44.5626,1.4664,7.2944,2.5204,0.0,594.0,387.36,0.0,12.8578
mcc,621,path,,UNLABELED,100.83,286.71,105.94,281.67,5.11,5.04,25.7544,5.2638,18.8603,103.385,284.19,1.0139,13,1,0,1,rgb,0,0,0,0,none,,,,0.0,44.4848,1.4657,7.2656,2.5303,0.0,594.0,387.36,0.0,12.8916
mcc,622,path,,UNLABELED,107.32,280.37,112.42,275.33,5.1,5.04,25.704,5.2476,18.8338,109.87,277.85,1.0119,13,1,0,1,rgb,0,0,0,0,none,,,,0.0,44.5626,1.4664,7.2944,2.5204,0.0,594.0,387.36,0.0,12.8578
mcc,623,path,,UNLABELED,113.8,274.03,118.91,268.99,5.11,5.04,25.7544,5.2719,18.8489,116.355,271.51,1.0139,13,1,0,1,rgb,0,0,0,0,none,,,,0.0,44.5035,1.4659,7.2656,2.5303,0.0,594.0,387.36,0.0,12.8916
mcc,624,path,,UNLABELED,48.74,337.44,53.84,332.4,5.1,5.04,25.704,5.2669,18.8452,51.29,334.92,1.0119,13,1,0,1,rgb,0,0,0,0,none,,,,0.0,44.466,1.4654,7.2944,2.5204,0.0,594.0,387.36,0.0,12.8744
mcc,625,path,,UNLABELED,55.22,331.1,60.33,326.06,5.11,5.04,25.7544,5.2602,18.8709,57.775,328.58,1.0139,13,1,0,1,rgb,0,0,0,0,none,,,,0.0,44.4208,1.4712,7.4897,2.5316,0.0,594.0,387.36,0.0,12.8822
mcc,626,path,,UNLABELED,61.71,324.76,66.81,319.72,5.1,5.04,25.704,5.2573,18.8394,64.26,322.24,1.0119,13,1,0,1,rgb,0,0,0,0,none,,,,0.0,44.4683,1.4691,7.5193,2.5217,0.0,594.0,387.36,0.0,12.8638
mcc,627,path,,UNLABELED,41.6,344.14,46.71,339.1,5.11,5.04,25.7543,5.2659,18.8631,44.155,341.62,1.0139,13,1,0,1,rgb,0,0,0,0,none,,,,0.0,44.3573,1.466,7.2656,2.5303,0.0,594.0,387.36,0.0,12.894
mcc,628,path,,UNLABELED,120.29,267.69,125.39,262.65,5.1,5.04,25.704,5.2596,18.8391,122.84,265.17,1.0119,13,1,0,1,rgb,0,0,0,0,none,,,,0.0,44.467,1.4686,7.2944,2.5204,0.0,594.0,387.36,0.0,12.8716
mcc,629,path,,UNLABELED,126.77,261.35,131.88,256.31,5.11,5.04,25.7545,5.2684,18.8625,129.325,258.83,1.0139,13,1,0,1,rgb,0,0,0,0,none,,,,0.0,44.2659,1.472,7.4896,2.5316,0.0,594.0,387.36,0.0,12.8876
mcc,630,path,,UNLABELED,133.33,255.01,138.44,249.97,5.11,5.04,25.7544,5.252,18.8677,135.885,252.49,1.0139,13,1,0,1,rgb,0,0,0,0,none,,,,0.0,44.2888,1.4752,7.4897,2.5316,0.0,594.0,387.36,0.0,12.8837
mcc,631,path,,UNLABELED,139.82,248.67,144.92,243.62,5.1,5.05,25.7551,5.2578,18.857,142.37,246.145,1.0099,13,1,0,1,rgb,0,0,0,0,none,,,,0.0,44.8132,1.4689,7.5193,2.5217,0.0,594.0,387.36,0.0,12.8865
mcc,632,path,,UNLABELED,146.3,242.33,151.41,237.28,5.11,5.05,25.8056,5.277,18.8846,148.855,239.805,1.0119,13,1,0,1,rgb,0,0,0,0,none,,,,0.0,44.6312,1.4703,7.4897,2.5316,0.0,594.0,387.36,0.0,12.9088
mcc,633,path,,UNLABELED,159.27,229.64,164.38,224.6,5.11,5.04,25.7544,5.2496,18.8683,161.825,227.12,1.0139,13,1,0,1,rgb,0,0,0,0,none,,,,0.0,44.3799,1.4692,7.2656,2.5303,0.0,594.0,387.36,0.0,12.8874
mcc,634,path,,UNLABELED,165.76,223.3,170.86,218.26,5.1,5.04,25.7041,5.2494,18.8377,168.31,220.78,1.0119,13,1,0,1,rgb,0,0,0,0,none,,,,0.0,44.5732,1.4638,7.2944,2.5204,0.0,594.0,387.36,0.0,12.8646
mcc,635,path,,UNLABELED,172.31,216.96,177.42,211.92,5.11,5.04,25.7544,5.2639,18.8603,174.865,214.44,1.0139,13,1,0,1,rgb,0,0,0,0,none,,,,0.0,44.4848,1.4657,7.2656,2.5303,0.0,594.0,387.36,0.0,12.8916
mcc,636,path,,UNLABELED,178.8,210.62,183.9,205.58,5.1,5.04,25.7041,5.2476,18.8338,181.35,208.1,1.0119,13,1,0,1,rgb,0,0,0,0,none,,,,0.0,44.5624,1.4664,7.2944,2.5204,0.0,594.0,387.36,0.0,12.8578
mcc,637,path,,UNLABELED,185.28,204.28,190.39,199.24,5.11,5.04,25.7544,5.272,18.8489,187.835,201.76,1.0139,13,1,0,1,rgb,0,0,0,0,none,,,,0.0,44.5035,1.4659,7.2656,2.5303,0.0,594.0,387.36,0.0,12.8916
mcc,638,path,,UNLABELED,140.88,277.99,145.31,273.54,4.43,4.45,19.7135,5.2625,18.87,143.095,275.765,0.9955,13,1,0,1,rgb,0,0,0,0,none,,,,0.0,105.2507,1.4654,67.9037,2.5255,0.0,594.0,387.36,0.0,12.8926
mcc,639,path,,UNLABELED,149.6,280.51,154.03,276.06,4.43,4.45,19.7134,5.2728,18.8609,151.815,278.285,0.9955,13,1,0,1,rgb,0,0,0,0,none,,,,0.0,105.1005,1.467,68.1141,2.5217,0.0,594.0,387.36,0.0,12.8921
mcc,640,path,,UNLABELED,158.32,283.1,162.75,278.65,4.43,4.45,19.7135,5.2524,18.8491,160.535,280.875,0.9955,13,1,0,1,rgb,0,0,0,0,none,,,,0.0,105.184,1.4631,68.1986,2.531,0.0,594.0,387.36,0.0,12.8823
mcc,641,path,,UNLABELED,167.04,285.63,171.47,281.18,4.43,4.45,19.7134,5.2468,18.8538,169.255,283.405,0.9955,13,1,0,1,rgb,0,0,0,0,none,,,,0.0,105.1697,1.4673,68.1141,2.5217,0.0,594.0,387.36,0.0,12.8706
mcc,642,path,,UNLABELED,175.76,288.22,180.19,283.77,4.43,4.45,19.7134,5.2645,18.8474,177.975,285.995,0.9955,13,1,0,1,rgb,0,0,0,0,none,,,,0.0,105.1862,1.4702,68.1141,2.5217,0.0,594.0,387.36,0.0,12.8774
mcc,643,path,,UNLABELED,184.48,290.74,188.9,286.29,4.42,4.45,19.669,5.2648,18.8465,186.69,288.515,0.9933,13,1,0,1,rgb,0,0,0,0,none,,,,0.0,104.9615,1.4696,67.9888,2.5348,0.0,594.0,387.36,0.0,12.8765
mcc,644,path,,UNLABELED,133.03,275.61,137.46,271.16,4.43,4.45,19.7134,5.26,18.8504,135.245,273.385,0.9955,13,1,0,1,rgb,0,0,0,0,none,,,,0.0,105.2657,1.4728,68.1141,2.5217,0.0,594.0,387.36,0.0,12.8817
mcc,645,path,,UNLABELED,215.31,303.86,218.93,299.98,3.62,3.88,14.0457,5.2853,18.858,217.12,301.92,0.933,13,1,0,1,rgb,0,0,0,0,none,,,,0.0,177.7795,1.4656,140.6305,2.5224,0.0,594.0,387.36,0.0,12.8852
mcc,646,path,,UNLABELED,215.52,312.94,219.15,309.06,3.63,3.88,14.0844,5.2521,18.8544,217.335,311.0,0.9356,13,1,0,1,rgb,0,0,0,0,none,,,,0.0,177.7797,1.4667,140.6305,2.5224,0.0,594.0,387.36,0.0,12.8943
mcc,647,path,,UNLABELED,215.74,296.0,219.36,292.13,3.62,3.87,14.0094,5.2566,18.8542,217.55,294.065,0.9354,13,1,0,1,rgb,0,0,0,0,none,,,,0.0,177.7212,1.4698,140.6305,2.5224,0.0,594.0,387.36,0.0,12.8675
mcc,648,path,,UNLABELED,173.68,96.84,177.29,92.96,3.61,3.88,14.0068,5.2867,18.8531,175.485,94.9,0.9304,13,1,0,1,rgb,0,0,0,0,none,,,,0.0,179.6549,1.4692,142.4036,2.5242,0.0,594.0,387.36,0.0,12.8896
mcc,649,path,,UNLABELED,173.46,115.0,177.07,111.12,3.61,3.88,14.0068,5.2544,18.8655,175.265,113.06,0.9304,13,1,0,1,rgb,0,0,0,0,none,,,,0.0,179.4873,1.4655,142.4036,2.5242,0.0,594.0,387.36,0.0,12.8743
mcc,650,path,,UNLABELED,176.06,90.43,181.16,85.39,5.1,5.04,25.7039,5.2604,18.8671,178.61,87.91,1.0119,13,1,0,1,rgb,0,0,0,0,none,,,,0.0,46.2095,1.4713,8.902,2.5204,0.0,594.0,387.36,0.0,12.8851
mcc,651,path,,UNLABELED,181.61,85.38,186.71,80.35,5.1,5.03,25.6532,5.2666,18.8191,184.16,82.865,1.0139,13,1,0,1,rgb,0,0,0,0,none,,,,0.0,45.9987,1.4691,8.902,2.5204,0.0,594.0,387.36,0.0,12.8525
mcc,652,path,,UNLABELED,187.87,80.77,192.98,75.73,5.11,5.04,25.7546,5.2836,18.8609,190.425,78.25,1.0139,13,1,0,1,rgb,0,0,0,0,none,,,,0.0,45.8543,1.4644,8.867,2.5302,0.0,594.0,387.36,0.0,12.9001
mcc,653,compound,,UNLABELED,85.62,399.41,88.77,394.56,3.15,4.85,15.2775,5.7191,22.448,87.195,396.985,0.6495,98,2,0,1,rgb,0,0,0,0,none,,,,0.0,90.0053,2.6319,105.0183,0.4245,0.0,594.0,387.36,0.0,12.1844
mcc,654,path,,UNLABELED,89.51,395.24,90.19,394.56,0.68,0.68,0.4624,0.353,2.1208,89.85,394.9,1.0,17,1,0,1,rgb,0,0,0,0,none,,,,0.0,89.4956,1.0976,12.0943,0.1432,0.0,594.0,387.36,0.0,0.353
mcc,655,path,,UNLABELED,91.5,399.24,92.81,394.64,1.31,4.6,6.026,2.675,11.5968,92.155,396.94,0.2848,7,1,0,1,rgb,0,0,0,0,none,,,,0.0,95.2736,22.9106,90.0,4.6,0.0,594.0,387.36,0.0,4.311
mcc,656,compound,,UNLABELED,94.58,399.25,96.66,397.18,2.08,2.07,4.3056,2.4119,10.0265,95.62,398.215,1.0048,34,2,0,1,rgb,0,0,0,0,none,,,,0.0,90.1613,1.1247,169.4606,0.4374,0.0,594.0,387.36,0.0,3.363
mcc,657,path,,UNLABELED,98.61,399.41,105.08,394.47,6.47,4.94,31.9618,9.0345,33.0821,101.845,396.94,1.3097,11,1,0,1,rgb,0,0,0,0,none,,,,0.0,153.0434,1.2652,112.0288,5.1457,0.0,594.0,387.36,0.0,22.2296
mcc,658,compound,,UNLABELED,56.86,405.78,61.28,400.95,4.42,4.83,21.3486,5.9721,22.3324,59.07,403.365,0.9151,12,2,0,1,rgb,0,0,0,0,none,,,,0.0,90.2181,1.2367,114.5868,5.3116,0.0,594.0,387.36,0.0,10.6743
mcc,659,path,,UNLABELED,61.68,405.76,65.68,400.76,4.0,5.0,20.0,7.4636,27.5151,63.68,403.26,0.8,9,1,0,1,rgb,0,0,0,0,none,,,,0.0,67.6248,1.7603,133.0529,4.9951,0.0,594.0,387.36,0.0,19.18
mcc,660,path,,UNLABELED,66.49,405.76,70.49,400.76,4.0,5.0,20.0,7.4643,27.5151,68.49,403.26,0.8,9,1,0,1,rgb,0,0,0,0,none,,,,0.0,67.5825,1.7601,132.969,4.9882,0.0,594.0,387.36,0.0,19.18
mcc,661,path,,UNLABELED,71.22,405.54,74.62,400.86,3.4,4.68,15.912,6.03,22.1204,72.92,403.2,0.7265,51,1,0,1,rgb,0,0,0,0,none,,,,0.0,105.4754,1.3746,90.0,2.9,0.0,594.0,387.36,0.0,14.7281
mcc,662,compound,,UNLABELED,74.89,405.78,79.32,400.95,4.43,4.83,21.3969,5.9903,22.3406,77.105,403.365,0.9172,12,2,0,1,rgb,0,0,0,0,none,,,,0.0,89.8881,1.2328,65.3152,5.3158,0.0,594.0,387.36,0.0,10.6985
mcc,663,path,,UNLABELED,79.71,405.54,81.71,400.95,2.0,4.59,9.18,3.468,13.18,80.71,403.245,0.4357,7,1,0,1,rgb,0,0,0,0,none,,,,0.0,100.514,10.2443,90.0,4.59,0.0,594.0,387.36,0.0,6.324
mcc,664,compound,,UNLABELED,83.84,405.54,86.75,400.95,2.91,4.59,13.3569,6.4412,23.472,85.295,403.245,0.634,45,2,0,1,rgb,0,0,0,0,none,,,,0.0,92.0884,3.0508,90.0,4.59,0.0,594.0,387.36,0.0,11.9494
mcc,665,compound,,UNLABELED,86.66,405.78,91.09,400.95,4.43,4.83,21.3969,5.9903,22.3406,88.875,403.365,0.9172,12,2,0,1,rgb,0,0,0,0,none,,,,0.0,89.8881,1.2328,65.3152,5.3158,0.0,594.0,387.36,0.0,10.6985
mcc,666,path,,UNLABELED,91.07,405.54,93.86,400.95,2.79,4.59,12.8061,3.8709,14.76,92.465,403.245,0.6078,9,1,0,1,rgb,0,0,0,0,none,,,,0.0,89.2556,3.425,90.0,4.08,0.0,594.0,387.36,0.0,8.3385
mcc,667,path,,UNLABELED,94.28,405.54,96.78,400.95,2.5,4.59,11.475,5.5998,21.7,95.53,403.245,0.5447,13,1,0,1,rgb,0,0,0,0,none,,,,0.0,82.4695,2.6576,90.0,4.59,0.0,594.0,387.36,0.0,11.475
mcc,668,compound,,UNLABELED,98.9,405.71,103.75,400.86,4.85,4.85,23.5225,7.4904,27.0434,101.325,403.285,1.0,114,2,0,1,rgb,0,0,0,0,none,,,,0.0,89.9521,1.0718,51.5809,0.3701,0.0,594.0,387.36,0.0,18.5089
mcc,669,path,,UNLABELED,104.32,405.54,106.57,400.95,2.25,4.59,10.3275,4.3758,16.9,105.445,403.245,0.4902,11,1,0,1,rgb,0,0,0,0,none,,,,0.0,71.9586,3.9151,90.0,4.59,0.0,594.0,387.36,0.0,8.3248
mcc,670,path,,UNLABELED,108.74,405.71,112.38,400.86,3.64,4.85,17.654,5.1031,20.0673,110.56,403.285,0.7505,75,1,0,1,rgb,0,0,0,0,none,,,,0.0,87.3324,2.3138,90.0,0.69,0.0,594.0,387.36,0.0,14.8828
mcc,671,path,,UNLABELED,113.05,405.54,116.37,400.95,3.32,4.59,15.2388,6.5484,23.98,114.71,403.245,0.7233,13,1,0,1,rgb,0,0,0,0,none,,,,0.0,90.9713,2.0153,90.0,4.59,0.0,594.0,387.36,0.0,15.2388
mcc,672,compound,,UNLABELED,116.67,405.78,121.1,400.95,4.43,4.83,21.3969,5.9903,22.3406,118.885,403.365,0.9172,12,2,0,1,rgb,0,0,0,0,none,,,,0.0,89.8881,1.2328,65.3152,5.3158,0.0,594.0,387.36,0.0,10.6985
mcc,673,path,,UNLABELED,121.49,405.76,125.49,400.76,4.0,5.0,20.0,7.4643,27.5151,123.49,403.26,0.8,9,1,0,1,rgb,0,0,0,0,none,,,,0.0,67.5825,1.7601,132.969,4.9882,0.0,594.0,387.36,0.0,19.18
mcc,674,path,,UNLABELED,126.05,405.71,130.48,400.86,4.43,4.85,21.4856,7.0514,26.8658,128.265,403.285,0.9134,100,1,0,1,rgb,0,0,0,0,none,,,,0.0,97.3852,1.4413,0.0,1.77,0.0,594.0,387.36,0.0,17.186
mcc,675,path,,UNLABELED,131.09,405.54,133.59,400.95,2.5,4.59,11.475,5.5998,21.7,132.34,403.245,0.5447,13,1,0,1,rgb,0,0,0,0,none,,,,0.0,82.4695,2.6576,90.0,4.59,0.0,594.0,387.36,0.0,11.475
mcc,676,path,,UNLABELED,74.03,411.84,76.03,407.16,2.0,4.68,9.36,3.2329,12.3341,75.03,409.5,0.4274,31,1,0,1,rgb,0,0,0,0,none,,,,0.0,77.1033,7.8388,90.0,2.92,0.0,594.0,387.36,0.0,5.8071
mcc,677,compound,,UNLABELED,76.29,412.08,80.71,407.25,4.42,4.83,21.3486,5.9874,22.3124,78.5,409.665,0.9151,12,2,0,1,rgb,0,0,0,0,none,,,,0.0,90.2258,1.2406,114.5868,5.3116,0.0,594.0,387.36,0.0,10.6743
mcc,678,path,,UNLABELED,81.11,412.06,85.11,407.06,4.0,5.0,20.0,7.4636,27.5151,83.11,409.56,0.8,9,1,0,1,rgb,0,0,0,0,none,,,,0.0,67.6247,1.7603,133.053,4.9951,0.0,594.0,387.36,0.0,19.18
mcc,679,path,,UNLABELED,85.83,411.84,89.24,407.16,3.41,4.68,15.9588,6.0915,22.1338,87.535,409.5,0.7286,51,1,0,1,rgb,0,0,0,0,none,,,,0.0,105.6077,1.3754,90.0,2.9,0.0,594.0,387.36,0.0,14.755
mcc,680,compound,,UNLABELED,89.51,412.08,93.94,407.25,4.43,4.83,21.3969,5.9962,22.3465,91.725,409.665,0.9172,12,2,0,1,rgb,0,0,0,0,none,,,,0.0,90.3937,1.2342,114.6848,5.3158,0.0,594.0,387.36,0.0,10.6985
mcc,681,compound,,UNLABELED,94.33,411.84,97.23,407.25,2.9,4.59,13.311,6.4445,23.4137,95.78,409.545,0.6318,45,2,0,1,rgb,0,0,0,0,none,,,,0.0,92.1209,3.0687,90.0,4.59,0.0,594.0,387.36,0.0,11.9063
mcc,682,path,,UNLABELED,97.17,411.84,100.78,407.25,3.61,4.59,16.5699,4.3602,16.3881,98.975,409.545,0.7865,10,1,0,1,rgb,0,0,0,0,none,,,,0.0,89.4471,3.1555,59.3678,2.9635,0.0,594.0,387.36,0.0,9.639
mcc,683,path,,UNLABELED,102.81,412.01,105.75,407.25,2.94,4.76,13.9944,5.2145,20.6851,104.28,409.63,0.6176,47,1,0,1,rgb,0,0,0,0,none,,,,0.0,100.9689,1.9495,51.1734,3.2219,0.0,594.0,387.36,0.0,12.9676
mcc,684,compound,,UNLABELED,106.23,412.01,109.38,407.16,3.15,4.85,15.2775,5.7316,22.4397,107.805,409.585,0.6495,98,2,0,1,rgb,0,0,0,0,none,,,,0.0,89.9931,2.6308,74.9817,0.4245,0.0,594.0,387.36,0.0,12.187
mcc,685,path,,UNLABELED,109.89,412.01,112.84,407.25,2.95,4.76,14.042,5.2229,20.7175,111.365,409.63,0.6197,47,1,0,1,rgb,0,0,0,0,none,,,,0.0,100.8998,1.95,51.1734,3.2219,0.0,594.0,387.36,0.0,12.9971
mcc,686,path,,UNLABELED,113.3,411.84,116.38,407.16,3.08,4.68,14.4144,5.1198,20.7038,114.84,409.5,0.6581,67,1,0,1,rgb,0,0,0,0,none,,,,0.0,71.2044,2.6026,73.2562,2.4645,0.0,594.0,387.36,0.0,11.1148
mcc,687,path,,UNLABELED,210.62,240.39,213.95,235.79,3.33,4.6,15.318,6.6063,24.04,212.285,238.09,0.7239,13,1,0,1,rgb,0,0,0,0,none,,,,0.0,90.9697,2.0183,90.0,4.6,0.0,594.0,387.36,0.0,15.318
mcc,688,path,,UNLABELED,215.07,240.39,216.38,235.79,1.31,4.6,6.026,2.6749,11.5968,215.725,238.09,0.2848,7,1,0,1,rgb,0,0,0,0,none,,,,0.0,95.2736,22.9109,90.0,4.6,0.0,594.0,387.36,0.0,4.3109
mcc,689,path,,UNLABELED,168.41,250.15,171.73,245.56,3.32,4.59,15.2388,6.5484,23.9799,170.07,247.855,0.7233,13,1,0,1,rgb,0,0,0,0,none,,,,0.0,90.9713,2.0153,90.0,4.59,0.0,594.0,387.36,0.0,15.2388
mcc,690,path,,UNLABELED,172.41,250.32,175.35,245.56,2.94,4.76,13.9944,5.2007,20.6925,173.88,247.94,0.6176,47,1,0,1,rgb,0,0,0,0,none,,,,0.0,100.975,1.95,51.0619,3.2141,0.0,594.0,387.36,0.0,12.9656
mcc,691,path,,UNLABELED,175.64,158.48,178.96,153.88,3.32,4.6,15.2721,6.5603,24.02,177.3,156.18,0.7217,13,1,0,1,rgb,0,0,0,0,none,,,,0.0,90.9455,2.0243,90.0,4.6,0.0,594.0,387.36,0.0,15.2721
mcc,692,path,,UNLABELED,179.66,158.65,182.5,153.79,2.84,4.86,13.8023,5.0509,20.4534,181.08,156.22,0.5844,98,1,0,1,rgb,0,0,0,0,none,,,,0.0,89.459,3.6774,0.0,0.57,0.0,594.0,387.36,0.0,11.8738
mcc,693,path,,UNLABELED,182.97,95.82,186.29,91.22,3.32,4.6,15.272,6.5603,24.02,184.63,93.52,0.7217,13,1,0,1,rgb,0,0,0,0,none,,,,0.0,90.9715,2.0244,90.0,4.6,0.0,594.0,387.36,0.0,15.272
mcc,694,compound,,UNLABELED,186.7,96.05,190.01,91.22,3.31,4.83,15.9873,5.1311,19.8855,188.355,93.635,0.6853,15,2,0,1,rgb,0,0,0,0,none,,,,0.0,84.2114,2.3636,56.0877,5.0007,0.0,594.0,387.36,0.0,8.2997
mcc,695,path,,UNLABELED,5.0,359.6167,12.7,359.6167,7.7,0.0,0.0,0.0,15.4,8.85,359.6167,0.0,5,1,0,1,rgb,255,255,255,0,none,,,,0.0,0.0,1000000.0,0.0,7.7,0.0,594.0,387.36,0.0,0.0
mcc,696,path,,UNLABELED,5.0,359.6167,12.7,239.0,7.7,120.6167,928.7486,928.7486,256.6334,8.85,299.3083,0.0638,5,1,0,1,rgb,255,255,255,0,none,,,,0.0,90.612,252.4449,90.0,120.6167,0.0,594.0,387.36,0.0,928.7486
mcc,697,path,,UNLABELED,374.36,239.0,382.06,239.0,7.7,0.0,0.0,0.0,15.4,378.21,239.0,0.0,5,1,0,1,rgb,255,255,255,0,none,,,,0.0,0.0,1000000.0,0.0,7.7,0.0,594.0,387.36,0.0,0.0
mcc,698,path,,UNLABELED,375.06,359.6167,382.06,239.0,7.0,120.6167,844.3169,844.3169,255.2334,378.56,299.3083,0.058,5,1,0,1,rgb,255,255,255,0,none,,,,0.0,90.556,305.4462,90.0,120.6167,0.0,594.0,387.36,0.0,844.3169
