airport,object_id,subpath_index,edge_index,mid_x,mid_y,angle,length
egi,0,0,0,258.6955,140.865,0.0,16.833
egi,0,0,1,267.112,143.4585,90.0,5.187
egi,0,0,2,271.699,146.052,0.0,9.174
egi,0,0,3,276.2925,140.137,90.063,11.83
egi,0,0,4,271.7375,134.221,0.0125,9.123
egi,0,0,5,267.1865,136.369,89.7197,4.2981
egi,0,0,6,258.738,138.518,0.0,16.918
egi,1,0,0,318.3105,286.1425,90.0755,46.303
egi,1,0,1,323.639,309.273,179.7755,10.7181
egi,1,0,2,329.0405,276.6475,90.0747,65.2091
egi,1,0,3,326.5645,244.043,0.0,5.037
egi,1,0,4,324.0245,219.413,89.95,49.26
egi,1,0,5,321.1735,194.783,0.0,5.659
egi,2,0,0,175.1055,59.5445,179.9957,202.389
egi,2,0,1,73.928,176.575,89.9917,234.046
egi,3,0,0,196.236,296.6845,88.8987,307.7939
egi,3,0,1,197.58,142.7335,178.9013,8.6056
egi,3,0,2,204.8405,296.5195,88.8985,307.7939
egi,4,0,0,193.275,141.653,89.8523,2.326
egi,4,0,1,189.951,140.5045,179.7499,6.6421
egi,4,0,2,184.572,141.0455,165.6496,4.2486
egi,4,0,3,180.0815,142.4495,160.1639,5.1719
egi,4,0,4,175.404,145.7835,132.4241,6.6557
egi,4,0,5,172.972,149.2925,100.0746,2.1379
egi,4,0,6,173.159,165.7855,88.6125,30.8901
egi,4,0,7,166.0495,181.577,177.3146,14.9835
egi,4,0,8,158.379,185.6125,92.9054,7.3785
egi,4,0,9,157.2565,189.297,0.0,1.871
egi,4,0,10,156.508,190.8765,83.248,3.1811
egi,4,0,11,157.6305,192.456,0.0,1.871
egi,4,0,12,158.566,197.7195,90.0,10.527
egi,4,0,13,157.4435,203.1585,171.1135,2.2723
egi,4,0,14,156.321,204.5625,90.0,2.457
egi,4,0,15,157.2565,205.791,0.0,1.871
egi,4,0,16,158.379,220.5295,89.2731,29.4794
egi,4,0,17,154.8245,235.7945,171.9899,7.5567
egi,4,0,18,150.8955,239.83,93.0586,7.028
egi,4,0,19,150.147,243.5145,162.6295,1.1756
egi,4,0,20,149.586,244.9185,90.0,2.457
egi,4,0,21,153.4545,246.1755,0.4222,7.7372
egi,4,0,22,157.323,251.413,90.0,10.418
egi,4,0,23,155.3075,256.5945,0.7816,4.0314
egi,4,0,24,153.684,257.498,67.166,2.0203
egi,4,0,25,154.6375,258.78,32.0098,1.3244
egi,4,0,26,159.1275,258.9555,177.442,7.8648
egi,4,0,27,163.056,269.483,90.0,21.406
egi,4,0,28,161.7465,280.186,0.0,2.619
egi,4,0,29,160.437,282.2915,90.0,4.211
egi,4,0,30,160.624,285.976,83.2459,3.1801
egi,4,0,31,161.1855,288.7835,73.0465,2.5686
egi,4,0,32,162.308,291.24,58.6534,2.8757
egi,4,0,33,163.9915,294.5735,66.0439,4.608
egi,4,0,34,166.237,297.381,28.1858,2.9725
egi,4,0,35,167.3595,302.9955,92.1858,9.8321
egi,4,0,36,166.237,309.1365,127.274,3.0877
egi,4,0,37,162.8695,311.7685,150.0159,5.6167
egi,4,0,38,160.437,316.6815,90.0,7.019
egi,4,0,39,158.005,320.3665,175.8724,4.8766
egi,4,0,40,155.573,324.051,90.0,7.018
egi,4,0,41,158.1925,327.56,0.0,5.239
egi,4,0,42,161.186,326.332,106.9385,2.5674
egi,4,0,43,162.1215,324.402,128.655,1.7979
egi,4,0,44,163.8055,323.8755,8.8857,2.2723
egi,4,0,45,165.115,329.841,88.1501,11.5861
egi,4,0,46,164.5535,336.333,136.8365,2.0524
egi,4,0,47,163.244,337.035,0.0,1.122
egi,4,0,48,161.9345,336.5085,35.1224,1.8302
egi,4,0,49,160.999,335.456,70.4287,1.1165
egi,4,0,50,157.8185,334.93,0.0,5.987
egi,4,0,51,154.825,336.158,90.0,2.456
egi,4,0,52,155.573,338.614,58.6534,2.8757
egi,4,0,53,157.631,340.544,28.1858,2.9725
egi,4,0,54,159.689,341.948,43.183,2.0516
egi,4,0,55,160.437,351.774,90.0,18.248
egi,4,0,56,167.1725,360.898,0.0,13.471
egi,4,0,57,175.4045,362.477,46.5367,4.351
egi,4,0,58,178.585,404.763,87.6311,81.4836
egi,4,0,59,169.2305,445.6455,179.0891,22.0798
egi,4,0,60,158.192,443.0135,90.0,5.615
egi,4,0,61,152.7665,440.206,0.0,10.851
egi,4,0,62,147.341,448.979,90.0,17.546
egi,4,0,63,152.3925,457.752,0.0,10.103
egi,4,0,64,157.631,454.0675,92.9054,7.3785
egi,4,0,65,178.506,450.468,0.2354,41.3764
egi,4,0,66,199.115,445.726,89.0623,9.6553
egi,4,0,67,196.3875,442.307,152.0041,5.999
egi,4,0,68,191.681,443.8905,175.1256,4.1309
egi,4,0,69,187.004,441.083,48.7177,7.9391
egi,4,0,70,182.701,383.883,88.2209,108.4863
egi,4,0,71,183.075,327.9115,139.5515,5.4087
egi,4,0,72,187.004,325.9815,174.6411,3.7584
egi,4,0,73,192.884,328.3315,32.2093,9.4764
egi,4,0,74,196.7925,325.6335,88.8977,10.449
egi,4,0,75,193.3445,321.8795,156.2991,7.3117
egi,4,0,76,188.3135,323.7,168.2234,3.4394
egi,4,0,77,184.0105,322.2965,33.8134,6.3056
egi,4,0,78,180.4555,261.587,89.0909,117.9248
egi,4,0,79,182.7005,202.106,170.6092,6.4474
egi,4,0,80,186.6295,201.9305,25.0918,1.653
egi,4,0,81,190.9275,203.7225,22.1027,7.6621
egi,4,0,82,194.3345,197.7575,88.8978,14.8157
egi,4,0,83,192.0945,191.4035,153.353,4.6935
egi,4,0,84,187.004,192.456,0.0,5.986
egi,4,0,85,181.953,190.526,43.1618,5.6428
egi,4,0,86,178.398,168.769,85.6822,39.7669
egi,4,0,87,179.7075,146.1345,134.9897,7.9394
egi,4,0,88,184.0105,143.327,0.0,2.993
egi,4,0,89,186.4425,143.8535,29.371,2.147
egi,4,0,90,190.383,145.682,23.4261,6.5499
egi,5,0,0,157.2575,335.9595,0.0,10.817
egi,5,0,1,162.666,331.9017,90.0,8.1155
egi,5,0,2,157.2575,327.844,0.0,10.817
egi,5,0,3,151.849,331.9017,90.0,8.1155
egi,6,0,0,153.7432,195.2689,0.0,4.6904
egi,6,0,1,156.0884,190.8699,90.0,8.7979
egi,6,0,2,153.7432,186.471,0.0,4.6904
egi,6,0,3,151.398,190.8699,90.0,8.7979
egi,7,0,0,154.1138,208.9289,0.0,4.4436
egi,7,0,1,156.3356,204.993,90.0,7.8719
egi,7,0,2,154.1138,201.057,0.0,4.4436
egi,7,0,3,151.892,204.993,90.0,7.8719
egi,8,0,0,146.9547,235.3218,0.0,8.8873
egi,8,0,1,151.3983,231.1544,90.0,8.3348
egi,8,0,2,146.9547,226.987,0.0,8.8873
egi,8,0,3,142.511,231.1544,90.0,8.3348
egi,9,0,0,154.8547,256.623,0.0,4.9374
egi,9,0,1,157.3234,251.4135,90.0,10.419
egi,9,0,2,154.8547,246.204,0.0,4.9374
egi,9,0,3,152.386,251.4135,90.0,10.419
egi,10,0,0,161.8898,298.065,0.0,2.7156
egi,10,0,1,163.2476,296.097,90.0,3.936
egi,10,0,2,161.8898,294.129,0.0,2.7156
egi,10,0,3,160.532,296.097,90.0,3.936
egi,11,0,0,162.014,305.0113,0.0,3.4561
egi,11,0,1,163.7421,303.6221,90.0,2.7783
egi,11,0,2,162.014,302.233,0.0,3.4561
egi,11,0,3,160.286,303.6221,90.0,2.7783
egi,12,0,0,156.4194,307.8547,0.0,2.4688
egi,12,0,1,157.6538,306.8129,90.0,2.0837
egi,12,0,2,156.4194,305.771,0.0,2.4688
egi,12,0,3,155.185,306.8129,90.0,2.0837
egi,13,0,0,243.3455,285.366,133.5512,110.1636
egi,13,0,1,299.819,254.218,25.3447,40.9893
egi,13,0,2,321.3345,258.078,121.354,11.5063
egi,13,0,3,306.3675,245.2695,23.7304,39.2387
egi,13,0,4,298.5095,227.022,134.3012,28.9292
egi,13,0,5,305.2445,214.2135,36.1098,8.3365
egi,13,0,6,290.6515,223.337,134.1095,32.2558
egi,13,0,7,241.223,218.354,23.4393,83.2779
egi,13,0,8,203.118,206.907,88.9026,10.2339
egi,13,0,9,238.328,227.506,23.7956,76.7483
egi,13,0,10,239.3225,279.228,133.2729,99.5443
egi,14,0,0,175.1225,293.5915,179.9957,202.355
egi,14,0,1,276.3,176.561,90.0,234.046
egi,15,0,0,244.871,207.152,89.5337,132.9424
egi,15,0,1,248.3865,273.597,179.538,5.9492
egi,15,0,2,250.82,207.104,89.5337,132.9424
egi,16,0,0,192.8625,131.04,87.9793,23.5667
egi,16,0,1,196.918,119.0285,176.9848,8.9544
egi,16,0,2,201.6715,129.594,88.5018,21.6094
egi,16,0,3,220.6715,139.58,177.5068,37.4705
egi,16,0,4,240.6985,139.116,15.0049,2.7114
egi,16,0,5,243.1695,140.075,27.6304,2.622
egi,16,0,6,244.3515,143.2295,89.5386,5.0932
egi,16,0,7,241.5065,143.8495,33.9132,6.9058
egi,16,0,8,224.048,142.4495,177.9337,29.205
egi,16,0,9,205.6915,143.9955,164.8428,7.7983
egi,16,0,10,201.9055,143.833,88.9095,2.3644
egi,17,0,0,207.8885,459.81,89.4558,18.8449
egi,17,0,1,203.742,469.42,177.4588,8.4803
egi,17,0,2,199.35,460.0805,89.062,19.0576
egi,18,0,0,73.962,410.6225,89.9917,234.047
egi,19,0,0,276.317,410.6075,89.9917,234.047
egi,20,0,0,45.7985,293.601,179.9959,56.295
egi,21,0,0,45.781,59.554,179.9959,56.26
egi,22,0,0,323.2645,59.5335,179.9957,93.929
egi,23,0,0,323.2645,293.5806,179.9957,93.929
egi,24,0,0,323.2815,527.6275,179.9957,93.895
egi,25,0,0,175.1565,527.6385,179.9958,202.355
egi,26,0,0,276.298,51.4436,89.9929,16.189
egi,27,0,0,73.909,51.451,89.9929,16.204
egi,28,0,0,73.9805,539.1396,89.9925,22.987
egi,29,0,0,276.3355,539.1321,89.9926,23.002
egi,30,0,0,193.94,550.632,0.0,352.578
egi,30,0,1,370.229,296.99,90.0,507.284
egi,30,0,2,193.94,43.348,0.0,352.578
egi,30,0,3,17.651,296.99,90.0,507.284
egi,31,0,0,33.4499,62.4332,0.0,0.3598
egi,31,0,1,33.6298,60.9941,90.0,2.8782
egi,31,0,2,33.4499,59.555,0.0,0.3598
egi,31,0,3,33.27,60.9941,90.0,2.8782
egi,32,0,0,53.6859,62.4312,0.0,0.3598
egi,32,0,1,53.8658,60.9921,90.0,2.8782
egi,32,0,2,53.6859,59.553,0.0,0.3598
egi,32,0,3,53.506,60.9921,90.0,2.8782
egi,33,0,0,94.1589,62.4292,0.0,0.3598
egi,33,0,1,94.3388,60.9901,90.0,2.8782
egi,33,0,2,94.1589,59.551,0.0,0.3598
egi,33,0,3,93.979,60.9901,90.0,2.8782
egi,34,0,0,114.3959,62.4272,0.0,0.3598
egi,34,0,1,114.5758,60.9881,90.0,2.8782
egi,34,0,2,114.3959,59.549,0.0,0.3598
egi,34,0,3,114.216,60.9881,90.0,2.8782
egi,35,0,0,134.6329,62.4262,0.0,0.3598
egi,35,0,1,134.8128,60.9871,90.0,2.8782
egi,35,0,2,134.6329,59.548,0.0,0.3598
egi,35,0,3,134.453,60.9871,90.0,2.8782
egi,36,0,0,154.8689,62.4242,0.0,0.3598
egi,36,0,1,155.0488,60.9851,90.0,2.8782
egi,36,0,2,154.8689,59.546,0.0,0.3598
egi,36,0,3,154.689,60.9851,90.0,2.8782
egi,37,0,0,175.1059,62.4232,0.0,0.3598
egi,37,0,1,175.2858,60.9841,90.0,2.8782
egi,37,0,2,175.1059,59.545,0.0,0.3598
egi,37,0,3,174.926,60.9841,90.0,2.8782
egi,38,0,0,195.3419,62.4212,0.0,0.3598
egi,38,0,1,195.5218,60.9821,90.0,2.8782
egi,38,0,2,195.3419,59.543,0.0,0.3598
egi,38,0,3,195.162,60.9821,90.0,2.8782
egi,39,0,0,215.5789,62.4202,0.0,0.3598
egi,39,0,1,215.7588,60.9811,90.0,2.8782
egi,39,0,2,215.5789,59.542,0.0,0.3598
egi,39,0,3,215.399,60.9811,90.0,2.8782
egi,40,0,0,235.8159,62.4182,0.0,0.3598
egi,40,0,1,235.9958,60.9791,90.0,2.8782
egi,40,0,2,235.8159,59.54,0.0,0.3598
egi,40,0,3,235.636,60.9791,90.0,2.8782
egi,41,0,0,256.0519,62.4172,0.0,0.3598
egi,41,0,1,256.2318,60.9781,90.0,2.8782
egi,41,0,2,256.0519,59.539,0.0,0.3598
egi,41,0,3,255.872,60.9781,90.0,2.8782
egi,42,0,0,296.5249,62.4142,0.0,0.3598
egi,42,0,1,296.7048,60.9751,90.0,2.8782
egi,42,0,2,296.5249,59.536,0.0,0.3598
egi,42,0,3,296.345,60.9751,90.0,2.8782
egi,43,0,0,316.7619,62.4122,0.0,0.3597
egi,43,0,1,316.9417,60.9731,90.0,2.8782
egi,43,0,2,316.7619,59.534,0.0,0.3597
egi,43,0,3,316.582,60.9731,90.0,2.8782
egi,44,0,0,336.9989,62.4112,0.0,0.3597
egi,44,0,1,337.1787,60.9721,90.0,2.8782
egi,44,0,2,336.9989,59.533,0.0,0.3597
egi,44,0,3,336.819,60.9721,90.0,2.8782
egi,45,0,0,357.2349,62.4092,0.0,0.3598
egi,45,0,1,357.4148,60.9701,90.0,2.8782
egi,45,0,2,357.2349,59.531,0.0,0.3598
egi,45,0,3,357.055,60.9701,90.0,2.8782
egi,46,0,0,33.4749,296.4802,0.0,0.3598
egi,46,0,1,33.6548,295.0411,90.0,2.8782
egi,46,0,2,33.4749,293.602,0.0,0.3598
egi,46,0,3,33.295,295.0411,90.0,2.8782
egi,47,0,0,53.7099,296.4782,0.0,0.3598
egi,47,0,1,53.8898,295.0391,90.0,2.8782
egi,47,0,2,53.7099,293.6,0.0,0.3598
egi,47,0,3,53.53,295.0391,90.0,2.8782
egi,48,0,0,94.1809,296.4752,0.0,0.3598
egi,48,0,1,94.3608,295.0361,90.0,2.8782
egi,48,0,2,94.1809,293.597,0.0,0.3598
egi,48,0,3,94.001,295.0361,90.0,2.8782
egi,49,0,0,114.4159,296.4742,0.0,0.3598
egi,49,0,1,114.5958,295.0351,90.0,2.8782
egi,49,0,2,114.4159,293.596,0.0,0.3598
egi,49,0,3,114.236,295.0351,90.0,2.8782
egi,50,0,0,134.6519,296.4722,0.0,0.3598
egi,50,0,1,134.8318,295.0331,90.0,2.8782
egi,50,0,2,134.6519,293.594,0.0,0.3598
egi,50,0,3,134.472,295.0331,90.0,2.8782
egi,51,0,0,154.8869,296.4712,0.0,0.3598
egi,51,0,1,155.0668,295.0321,90.0,2.8782
egi,51,0,2,154.8869,293.593,0.0,0.3598
egi,51,0,3,154.707,295.0321,90.0,2.8782
egi,52,0,0,175.1229,296.4692,0.0,0.3598
egi,52,0,1,175.3027,295.0301,90.0,2.8782
egi,52,0,2,175.1229,293.591,0.0,0.3598
egi,52,0,3,174.943,295.0301,90.0,2.8782
egi,53,0,0,195.3579,296.4682,0.0,0.3598
egi,53,0,1,195.5378,295.0291,90.0,2.8782
egi,53,0,2,195.3579,293.59,0.0,0.3598
egi,53,0,3,195.178,295.0291,90.0,2.8782
egi,54,0,0,215.5939,296.4662,0.0,0.3598
egi,54,0,1,215.7738,295.0271,90.0,2.8782
egi,54,0,2,215.5939,293.588,0.0,0.3598
egi,54,0,3,215.414,295.0271,90.0,2.8782
egi,55,0,0,235.8289,296.4652,0.0,0.3598
egi,55,0,1,236.0088,295.0261,90.0,2.8782
egi,55,0,2,235.8289,293.587,0.0,0.3598
egi,55,0,3,235.649,295.0261,90.0,2.8782
egi,56,0,0,256.0649,296.4632,0.0,0.3598
egi,56,0,1,256.2448,295.0241,90.0,2.8782
egi,56,0,2,256.0649,293.585,0.0,0.3598
egi,56,0,3,255.885,295.0241,90.0,2.8782
egi,57,0,0,296.5359,296.4602,0.0,0.3598
egi,57,0,1,296.7158,295.0211,90.0,2.8782
egi,57,0,2,296.5359,293.582,0.0,0.3598
egi,57,0,3,296.356,295.0211,90.0,2.8782
egi,58,0,0,316.7709,296.4592,0.0,0.3598
egi,58,0,1,316.9508,295.0201,90.0,2.8782
egi,58,0,2,316.7709,293.581,0.0,0.3598
egi,58,0,3,316.591,295.0201,90.0,2.8782
egi,59,0,0,337.0069,296.4582,0.0,0.3598
egi,59,0,1,337.1868,295.0191,90.0,2.8782
egi,59,0,2,337.0069,293.58,0.0,0.3598
egi,59,0,3,336.827,295.0191,90.0,2.8782
egi,60,0,0,357.2419,296.4562,0.0,0.3598
egi,60,0,1,357.4218,295.0171,90.0,2.8782
egi,60,0,2,357.2419,293.578,0.0,0.3598
egi,60,0,3,357.062,295.0171,90.0,2.8782
egi,61,0,0,94.2149,530.5222,0.0,0.3598
egi,61,0,1,94.3948,529.0831,90.0,2.8782
egi,61,0,2,94.2149,527.644,0.0,0.3598
egi,61,0,3,94.035,529.0831,90.0,2.8782
egi,62,0,0,114.4509,530.5202,0.0,0.3598
egi,62,0,1,114.6308,529.0811,90.0,2.8782
egi,62,0,2,114.4509,527.642,0.0,0.3598
egi,62,0,3,114.271,529.0811,90.0,2.8782
egi,63,0,0,134.6859,530.5192,0.0,0.3598
egi,63,0,1,134.8658,529.0801,90.0,2.8782
egi,63,0,2,134.6859,527.641,0.0,0.3598
egi,63,0,3,134.506,529.0801,90.0,2.8782
egi,64,0,0,154.9219,530.5172,0.0,0.3598
egi,64,0,1,155.1018,529.0781,90.0,2.8782
egi,64,0,2,154.9219,527.639,0.0,0.3598
egi,64,0,3,154.742,529.0781,90.0,2.8782
egi,65,0,0,175.1569,530.5162,0.0,0.3598
egi,65,0,1,175.3368,529.0771,90.0,2.8782
egi,65,0,2,175.1569,527.638,0.0,0.3598
egi,65,0,3,174.977,529.0771,90.0,2.8782
egi,66,0,0,195.3919,530.5152,0.0,0.3598
egi,66,0,1,195.5718,529.0761,90.0,2.8782
egi,66,0,2,195.3919,527.637,0.0,0.3598
egi,66,0,3,195.212,529.0761,90.0,2.8782
egi,67,0,0,215.6279,530.5132,0.0,0.3598
egi,67,0,1,215.8078,529.0741,90.0,2.8782
egi,67,0,2,215.6279,527.635,0.0,0.3598
egi,67,0,3,215.448,529.0741,90.0,2.8782
egi,68,0,0,235.8629,530.5112,0.0,0.3598
egi,68,0,1,236.0428,529.0721,90.0,2.8782
egi,68,0,2,235.8629,527.633,0.0,0.3598
egi,68,0,3,235.683,529.0721,90.0,2.8782
egi,69,0,0,256.0989,530.5102,0.0,0.3598
egi,69,0,1,256.2788,529.0711,90.0,2.8782
egi,69,0,2,256.0989,527.632,0.0,0.3598
egi,69,0,3,255.919,529.0711,90.0,2.8782
egi,70,0,0,296.5699,530.5072,0.0,0.3597
egi,70,0,1,296.7498,529.0681,90.0,2.8782
egi,70,0,2,296.5699,527.629,0.0,0.3597
egi,70,0,3,296.39,529.0681,90.0,2.8782
egi,71,0,0,316.8049,530.5062,0.0,0.3597
egi,71,0,1,316.9847,529.0671,90.0,2.8782
egi,71,0,2,316.8049,527.628,0.0,0.3597
egi,71,0,3,316.625,529.0671,90.0,2.8782
egi,72,0,0,337.0409,530.5042,0.0,0.3598
egi,72,0,1,337.2208,529.0651,90.0,2.8782
egi,72,0,2,337.0409,527.626,0.0,0.3598
egi,72,0,3,336.861,529.0651,90.0,2.8782
egi,73,0,0,357.2759,530.5032,0.0,0.3598
egi,73,0,1,357.4558,529.0641,90.0,2.8782
egi,73,0,2,357.2759,527.625,0.0,0.3598
egi,73,0,3,357.096,529.0641,90.0,2.8782
egi,74,0,0,72.5371,504.4208,0.0,2.8782
egi,74,0,1,73.9762,504.2409,90.0,0.3598
egi,74,0,2,72.5371,504.061,0.0,2.8782
egi,74,0,3,71.098,504.2409,90.0,0.3598
egi,75,0,0,72.5331,481.0159,0.0,2.8782
egi,75,0,1,73.9722,480.8359,90.0,0.3599
egi,75,0,2,72.5331,480.656,0.0,2.8782
egi,75,0,3,71.094,480.8359,90.0,0.3599
egi,76,0,0,72.5301,457.6108,0.0,2.8782
egi,76,0,1,73.9692,457.4309,90.0,0.3598
egi,76,0,2,72.5301,457.251,0.0,2.8782
egi,76,0,3,71.091,457.4309,90.0,0.3598
egi,77,0,0,72.5271,434.2067,0.0,2.8782
egi,77,0,1,73.9662,434.0269,90.0,0.3597
egi,77,0,2,72.5271,433.847,0.0,2.8782
egi,77,0,3,71.088,434.0269,90.0,0.3597
egi,78,0,0,72.5231,410.8017,0.0,2.8782
egi,78,0,1,73.9622,410.6219,90.0,0.3597
egi,78,0,2,72.5231,410.442,0.0,2.8782
egi,78,0,3,71.084,410.6219,90.0,0.3597
egi,79,0,0,72.5201,387.3968,0.0,2.8782
egi,79,0,1,73.9592,387.2169,90.0,0.3598
egi,79,0,2,72.5201,387.037,0.0,2.8782
egi,79,0,3,71.081,387.2169,90.0,0.3598
egi,80,0,0,72.5161,363.9928,0.0,2.8782
egi,80,0,1,73.9552,363.8129,90.0,0.3598
egi,80,0,2,72.5161,363.633,0.0,2.8782
egi,80,0,3,71.077,363.8129,90.0,0.3598
egi,81,0,0,72.5131,340.5878,0.0,2.8782
egi,81,0,1,73.9522,340.4079,90.0,0.3598
egi,81,0,2,72.5131,340.228,0.0,2.8782
egi,81,0,3,71.074,340.4079,90.0,0.3598
egi,82,0,0,72.5101,317.1828,0.0,2.8782
egi,82,0,1,73.9492,317.0029,90.0,0.3598
egi,82,0,2,72.5101,316.823,0.0,2.8782
egi,82,0,3,71.071,317.0029,90.0,0.3598
egi,83,0,0,72.5031,270.3737,0.0,2.8782
egi,83,0,1,73.9422,270.1939,90.0,0.3597
egi,83,0,2,72.5031,270.014,0.0,2.8782
egi,83,0,3,71.064,270.1939,90.0,0.3597
egi,84,0,0,72.4991,246.9688,0.0,2.8782
egi,84,0,1,73.9382,246.7889,90.0,0.3597
egi,84,0,2,72.4991,246.609,0.0,2.8782
egi,84,0,3,71.06,246.7889,90.0,0.3597
egi,85,0,0,72.4961,223.5648,0.0,2.8782
egi,85,0,1,73.9352,223.3849,90.0,0.3597
egi,85,0,2,72.4961,223.205,0.0,2.8782
egi,85,0,3,71.057,223.3849,90.0,0.3597
egi,86,0,0,72.4931,200.1598,0.0,2.8782
egi,86,0,1,73.9322,199.9799,90.0,0.3598
egi,86,0,2,72.4931,199.8,0.0,2.8782
egi,86,0,3,71.054,199.9799,90.0,0.3598
egi,87,0,0,72.4891,176.7548,0.0,2.8782
egi,87,0,1,73.9282,176.5749,90.0,0.3597
egi,87,0,2,72.4891,176.395,0.0,2.8782
egi,87,0,3,71.05,176.5749,90.0,0.3597
egi,88,0,0,72.4861,153.3508,0.0,2.8782
egi,88,0,1,73.9252,153.1709,90.0,0.3598
egi,88,0,2,72.4861,152.991,0.0,2.8782
egi,88,0,3,71.047,153.1709,90.0,0.3598
egi,89,0,0,72.4821,129.9457,0.0,2.8782
egi,89,0,1,73.9212,129.7659,90.0,0.3597
egi,89,0,2,72.4821,129.586,0.0,2.8782
egi,89,0,3,71.043,129.7659,90.0,0.3597
egi,90,0,0,72.4791,106.5417,0.0,2.8782
egi,90,0,1,73.9182,106.3619,90.0,0.3597
egi,90,0,2,72.4791,106.182,0.0,2.8782
egi,90,0,3,71.04,106.3619,90.0,0.3597
egi,91,0,0,72.4761,83.1367,0.0,2.8782
egi,91,0,1,73.9152,82.9569,90.0,0.3597
egi,91,0,2,72.4761,82.777,0.0,2.8782
egi,91,0,3,71.037,82.9569,90.0,0.3597
egi,92,0,0,274.8551,83.1218,0.0,2.8782
egi,92,0,1,276.2942,82.9419,90.0,0.3598
egi,92,0,2,274.8551,82.762,0.0,2.8782
egi,92,0,3,273.416,82.9419,90.0,0.3598
egi,93,0,0,274.8571,106.5268,0.0,2.8782
egi,93,0,1,276.2962,106.3469,90.0,0.3598
egi,93,0,2,274.8571,106.167,0.0,2.8782
egi,93,0,3,273.418,106.3469,90.0,0.3598
egi,94,0,0,274.8601,134.2218,0.0,2.8782
egi,94,0,1,276.2992,134.0419,90.0,0.3598
egi,94,0,2,274.8601,133.862,0.0,2.8782
egi,94,0,3,273.421,134.0419,90.0,0.3598
egi,95,0,0,274.8631,153.3358,0.0,2.8782
egi,95,0,1,276.3022,153.1559,90.0,0.3597
egi,95,0,2,274.8631,152.976,0.0,2.8782
egi,95,0,3,273.424,153.1559,90.0,0.3597
egi,96,0,0,274.8651,176.7408,0.0,2.8782
egi,96,0,1,276.3042,176.5609,90.0,0.3598
egi,96,0,2,274.8651,176.381,0.0,2.8782
egi,96,0,3,273.426,176.5609,90.0,0.3598
egi,97,0,0,274.8681,200.1447,0.0,2.8782
egi,97,0,1,276.3072,199.9649,90.0,0.3597
egi,97,0,2,274.8681,199.785,0.0,2.8782
egi,97,0,3,273.429,199.9649,90.0,0.3597
egi,98,0,0,274.8701,223.5497,0.0,2.8782
egi,98,0,1,276.3092,223.3699,90.0,0.3597
egi,98,0,2,274.8701,223.19,0.0,2.8782
egi,98,0,3,273.431,223.3699,90.0,0.3597
egi,99,0,0,274.8731,246.9548,0.0,2.8782
egi,99,0,1,276.3122,246.7749,90.0,0.3598
egi,99,0,2,274.8731,246.595,0.0,2.8782
egi,99,0,3,273.434,246.7749,90.0,0.3598
egi,100,0,0,274.8751,270.3587,0.0,2.8782
egi,100,0,1,276.3142,270.1789,90.0,0.3597
egi,100,0,2,274.8751,269.999,0.0,2.8782
egi,100,0,3,273.436,270.1789,90.0,0.3597
egi,101,0,0,274.8801,317.1688,0.0,2.8782
egi,101,0,1,276.3192,316.9889,90.0,0.3598
egi,101,0,2,274.8801,316.809,0.0,2.8782
egi,101,0,3,273.441,316.9889,90.0,0.3598
egi,102,0,0,274.8831,340.5728,0.0,2.8782
egi,102,0,1,276.3222,340.3929,90.0,0.3598
egi,102,0,2,274.8831,340.213,0.0,2.8782
egi,102,0,3,273.444,340.3929,90.0,0.3598
egi,103,0,0,274.8851,363.9778,0.0,2.8782
egi,103,0,1,276.3242,363.7979,90.0,0.3598
egi,103,0,2,274.8851,363.618,0.0,2.8782
egi,103,0,3,273.446,363.7979,90.0,0.3598
egi,104,0,0,274.8911,410.7867,0.0,2.8782
egi,104,0,1,276.3302,410.6069,90.0,0.3597
egi,104,0,2,274.8911,410.427,0.0,2.8782
egi,104,0,3,273.452,410.6069,90.0,0.3597
egi,105,0,0,274.8931,434.1917,0.0,2.8782
egi,105,0,1,276.3322,434.0119,90.0,0.3597
egi,105,0,2,274.8931,433.832,0.0,2.8782
egi,105,0,3,273.454,434.0119,90.0,0.3597
egi,106,0,0,274.8961,457.5968,0.0,2.8782
egi,106,0,1,276.3352,457.4169,90.0,0.3598
egi,106,0,2,274.8961,457.237,0.0,2.8782
egi,106,0,3,273.457,457.4169,90.0,0.3598
egi,107,0,0,274.8981,481.0007,0.0,2.8782
egi,107,0,1,276.3372,480.8209,90.0,0.3597
egi,107,0,2,274.8981,480.641,0.0,2.8782
egi,107,0,3,273.459,480.8209,90.0,0.3597
egi,108,0,0,274.9011,504.4058,0.0,2.8782
egi,108,0,1,276.3402,504.2259,90.0,0.3598
egi,108,0,2,274.9011,504.046,0.0,2.8782
egi,108,0,3,273.462,504.2259,90.0,0.3598
egi,109,0,0,73.9628,410.8017,0.0,7.1956
egi,109,0,1,77.5606,410.6219,90.0,0.3597
egi,109,0,2,73.9628,410.442,0.0,7.1956
egi,109,0,3,70.365,410.6219,90.0,0.3597
egi,110,0,0,73.9288,176.7548,0.0,7.1956
egi,110,0,1,77.5266,176.5749,90.0,0.3597
egi,110,0,2,73.9288,176.395,0.0,7.1956
egi,110,0,3,70.331,176.5749,90.0,0.3597
egi,111,0,0,276.3038,176.7408,0.0,7.1956
egi,111,0,1,279.9016,176.5609,90.0,0.3598
egi,111,0,2,276.3038,176.381,0.0,7.1956
egi,111,0,3,272.706,176.5609,90.0,0.3598
egi,112,0,0,276.3298,410.7867,0.0,7.1956
egi,112,0,1,279.9276,410.6069,90.0,0.3597
egi,112,0,2,276.3298,410.427,0.0,7.1956
egi,112,0,3,272.732,410.6069,90.0,0.3597
egi,113,0,0,175.1569,531.2354,0.0,0.3598
egi,113,0,1,175.3368,527.6377,90.0,7.1954
egi,113,0,2,175.1569,524.04,0.0,0.3598
egi,113,0,3,174.977,527.6377,90.0,7.1954
egi,114,0,0,175.1229,297.1896,0.0,0.3598
egi,114,0,1,175.3027,293.5918,90.0,7.1956
egi,114,0,2,175.1229,289.994,0.0,0.3598
egi,114,0,3,174.943,293.5918,90.0,7.1956
egi,115,0,0,175.1059,63.1426,0.0,0.3598
egi,115,0,1,175.2858,59.5448,90.0,7.1956
egi,115,0,2,175.1059,55.947,0.0,0.3598
egi,115,0,3,174.926,59.5448,90.0,7.1956
egi,116,0,0,43.3785,530.458,9.4695,1.3129
egi,116,0,1,44.3135,531.1055,61.9467,1.2226
egi,116,0,2,44.8525,531.1055,114.9938,1.1905
egi,116,0,3,45.7875,530.458,171.0209,1.384
egi,116,0,4,46.0395,529.8825,47.2931,1.2724
egi,116,0,5,45.7155,528.732,98.9446,1.3828
egi,116,0,6,45.212,528.4085,149.5282,1.4178
egi,116,0,7,44.0255,528.4085,31.9921,1.3571
egi,116,0,8,43.558,528.732,81.0145,1.383
egi,117,0,0,72.5325,527.645,0.0,2.893
egi,118,0,0,348.288,522.777,135.0,1.2247
egi,118,0,1,347.422,522.777,45.0,1.2247
egi,118,0,2,347.422,521.911,135.0,1.2247
egi,118,0,3,348.288,521.911,45.0,1.2247
egi,119,0,0,348.288,288.757,135.0,1.2247
egi,119,0,1,347.422,288.757,45.0,1.2247
egi,119,0,2,347.422,287.891,135.0,1.2247
egi,119,0,3,348.288,287.891,45.0,1.2247
egi,120,0,0,348.288,54.737,134.999,1.2247
egi,120,0,1,347.422,54.737,45.001,1.2247
egi,120,0,2,347.422,53.8709,134.999,1.2247
egi,120,0,3,348.288,53.8709,45.001,1.2247
egi,121,0,0,121.647,95.1749,135.0,1.2247
egi,121,0,1,120.781,95.1749,44.9997,1.2247
egi,121,0,2,120.781,94.3089,135.0003,1.2247
egi,121,0,3,121.647,94.3089,45.0,1.2247
egi,122,0,0,138.12,95.1749,135.0,1.2247
egi,122,0,1,137.254,95.1749,45.0,1.2247
egi,122,0,2,137.254,94.3089,135.0,1.2247
egi,122,0,3,138.12,94.3089,45.0,1.2247
egi,123,0,0,88.6625,282.057,58.2342,1.776
egi,123,0,1,87.332,281.158,9.4729,1.7499
egi,123,0,2,87.0805,280.3665,133.3625,1.7812
egi,123,0,3,87.62,278.8205,85.4186,1.8028
egi,123,0,4,88.339,278.2815,24.442,1.7377
egi,123,0,5,89.921,278.317,157.7253,1.7096
egi,123,0,6,90.64,278.856,94.769,1.732
egi,123,0,7,91.1435,280.3665,48.369,1.7326
egi,123,0,8,90.856,281.158,170.5271,1.7499
egi,124,0,0,89.613,280.635,135.0005,1.369
egi,124,0,1,88.6455,280.635,45.0294,1.3682
egi,124,0,2,88.6455,279.667,134.9706,1.3682
egi,124,0,3,89.613,279.667,44.9995,1.369
egi,125,0,0,145.366,312.6245,153.4268,6.2927
egi,126,0,0,150.6305,301.049,11.4169,4.7286
egi,127,0,0,151.544,287.5425,36.8828,7.0362
egi,128,0,0,155.922,291.434,26.0388,5.162
egi,128,0,1,153.9805,289.9775,139.405,0.9943
egi,128,0,2,154.563,289.201,114.3478,0.9945
egi,129,0,0,155.126,302.453,0.5772,5.1623
egi,129,0,1,152.747,301.9725,113.9629,0.9947
egi,129,0,2,152.939,301.0205,88.8482,0.9952
egi,130,0,0,150.473,310.613,142.5886,5.1618
egi,130,0,1,148.302,311.699,75.9083,0.9939
egi,130,0,2,147.8675,310.831,50.9175,0.9945
egi,131,0,0,152.8545,177.194,66.7093,5.6374
egi,131,0,1,155.084,177.194,113.2999,5.6378
egi,132,0,0,154.2505,175.2455,135.0,0.5926
egi,132,0,1,153.8315,175.2455,45.001,0.5926
egi,132,0,2,153.8315,174.8265,134.999,0.5926
egi,132,0,3,154.2505,174.8265,45.0,0.5926
egi,133,0,0,187.381,171.374,135.0,1.2247
egi,133,0,1,186.515,171.374,45.0,1.2247
egi,133,0,2,186.515,170.508,135.0,1.2247
egi,133,0,3,187.381,170.508,45.0,1.2247
egi,134,0,0,189.0585,179.4575,88.8964,12.3053
egi,135,0,0,188.736,187.9365,78.0611,5.1627
egi,135,0,1,188.6895,185.5095,11.4225,0.9947
egi,135,0,2,189.66,185.491,166.3827,0.9939
egi,136,0,0,256.986,159.516,135.0,1.2247
egi,136,0,1,256.12,159.516,45.0,1.2247
egi,136,0,2,256.12,158.65,135.0,1.2247
egi,136,0,3,256.986,158.65,45.0,1.2247
egi,137,0,0,254.716,260.383,135.0,1.2247
egi,137,0,1,253.85,260.383,45.0,1.2247
egi,137,0,2,253.85,259.517,135.0,1.2247
egi,137,0,3,254.716,259.517,45.0,1.2247
egi,138,0,0,256.9435,167.4465,89.5352,10.4773
egi,139,0,0,255.8975,234.7825,89.5351,10.4773
egi,140,0,0,256.322,227.221,78.6944,5.1622
egi,140,0,1,256.3415,229.648,12.067,0.995
egi,140,0,2,255.3705,229.656,166.9838,0.9945
egi,141,0,0,256.52,175.008,78.6945,5.1622
egi,141,0,1,256.5,172.581,12.0793,0.994
egi,141,0,2,257.471,172.573,166.9968,0.9955
egi,142,0,0,251.232,290.557,78.2633,5.1619
egi,142,0,1,251.27,292.984,11.6027,0.9943
egi,142,0,2,250.2995,292.9995,166.5656,0.9942
egi,143,0,0,200.6965,273.9045,135.0,1.5486
egi,143,0,1,199.601,273.9045,44.9741,1.5493
egi,143,0,2,199.601,272.8095,135.0259,1.5493
egi,143,0,3,200.6965,272.8095,45.0,1.5486
egi,144,0,0,212.964,265.4335,145.9404,7.269
egi,145,0,0,207.7595,268.366,135.1019,5.1626
egi,145,0,1,209.7705,267.0065,68.4662,0.9944
egi,145,0,2,210.314,267.811,43.4514,0.9945
egi,146,0,0,190.66,430.667,135.0,1.2247
egi,146,0,1,189.794,430.667,45.0,1.2247
egi,146,0,2,189.794,429.801,135.0,1.2247
egi,146,0,3,190.66,429.801,45.0,1.2247
egi,147,0,0,191.3475,405.554,88.8989,8.5856
egi,148,0,0,191.706,398.9335,78.0611,5.1627
egi,148,0,1,191.7525,401.3605,11.4225,0.9947
egi,148,0,2,190.782,401.379,166.3836,0.9939
egi,149,0,0,330.759,454.6225,90.0,69.761
egi,150,0,0,320.7265,452.429,107.0626,68.3839
egi,151,0,0,312.0965,480.549,107.0714,9.555
egi,151,0,1,313.211,476.126,153.4343,0.644
egi,151,0,2,312.6715,476.342,164.0237,0.5232
egi,151,0,3,312.1685,476.414,0.0,0.503
egi,151,0,4,311.809,476.378,18.4362,0.2277
egi,151,0,5,311.485,476.234,26.5659,0.483
egi,151,0,6,311.305,477.241,88.151,2.2312
egi,151,0,7,311.305,479.4705,91.8499,2.2302
egi,151,0,8,311.1615,481.376,97.7403,1.5965
egi,152,0,0,329.5365,481.8435,132.5777,3.6137
egi,152,0,1,329.033,484.9,67.3846,3.7395
egi,152,0,2,330.2555,488.8915,77.47,4.6415
egi,152,0,3,331.2265,488.8915,101.6597,4.6265
egi,152,0,4,332.449,484.9,113.6261,3.7678
egi,153,0,0,324.677,395.885,135.0,1.2247
egi,153,0,1,323.811,395.885,45.0,1.2247
egi,153,0,2,323.811,395.019,135.0,1.2247
egi,153,0,3,324.677,395.019,45.0,1.2247
egi,154,0,0,241.8595,138.684,178.1223,4.9436
egi,154,0,1,244.33,139.6425,90.0,2.079
egi,154,0,2,243.169,140.0745,27.6211,2.6207
egi,155,0,0,244.33,137.0035,90.0,7.359
egi,155,0,1,247.3045,133.324,0.0,5.949
egi,155,0,2,250.279,136.9795,90.0,7.311
egi,156,0,0,250.909,300.9345,89.1034,16.105
egi,157,0,0,251.361,280.0635,90.0,6.243
egi,157,0,1,248.371,283.185,0.0,5.98
egi,158,0,0,321.908,442.904,45.0,1.2247
egi,158,0,1,321.908,443.77,135.0,1.2247
egi,158,0,2,321.042,443.77,45.0,1.2247
egi,158,0,3,321.042,442.904,135.0,1.2247
egi,159,0,0,204.4905,179.801,88.8961,3.1666
egi,159,0,1,198.285,178.3365,178.9006,12.3523
egi,159,0,2,192.0795,176.8685,88.8986,3.1736
egi,160,0,0,204.1,183.7655,78.6666,5.2616
egi,160,0,1,204.0525,181.285,11.9071,0.9596
egi,160,0,2,204.987,181.267,165.8764,0.959
egi,161,0,0,192.471,172.8995,78.6666,5.2616
egi,161,0,1,192.5185,175.38,11.9071,0.9596
egi,161,0,2,191.584,175.398,165.8764,0.959
egi,162,0,0,209.2305,422.462,88.8961,3.1666
egi,162,0,1,203.025,420.9975,178.9006,12.3523
egi,162,0,2,196.8195,419.5295,88.8986,3.1736
egi,163,0,0,208.84,426.4275,78.6666,5.2616
egi,163,0,1,208.7925,423.947,11.9071,0.9596
egi,163,0,2,209.727,423.929,165.8764,0.959
egi,164,0,0,197.211,415.5615,78.6666,5.2616
egi,164,0,1,197.2585,418.042,11.9071,0.9596
egi,164,0,2,196.324,418.06,165.8764,0.959
egi,165,0,0,79.16,506.053,135.0,1.2247
egi,165,0,1,78.294,506.053,44.9997,1.2247
egi,165,0,2,78.294,505.187,135.0003,1.2247
egi,165,0,3,79.16,505.187,45.0,1.2247
egi,166,0,0,281.068,506.053,135.0,1.2247
egi,166,0,1,280.202,506.053,45.0,1.2247
egi,166,0,2,280.202,505.187,135.0,1.2247
egi,166,0,3,281.068,505.187,45.0,1.2247
egi,167,0,0,266.3695,249.763,45.0392,1.0401
egi,167,0,1,265.316,250.081,135.0006,1.9403
egi,167,0,2,262.1755,248.3125,45.0,6.9424
egi,167,0,3,262.165,243.425,135.1292,6.8971
egi,167,0,4,266.956,243.3395,45.0061,6.639
egi,167,0,5,268.392,246.598,135.0005,2.5767
egi,167,0,6,267.924,247.954,45.129,1.2558
egi,168,0,0,296.453,237.979,125.0024,5.4741
egi,168,0,1,308.1825,235.737,0.0,20.319
egi,168,0,2,318.3425,234.231,90.0192,3.012
egi,168,0,3,307.422,232.725,0.0,21.842
egi,168,0,4,294.188,235.812,126.8432,7.7148
egi,169,0,0,303.6125,239.3455,124.8591,8.7952
egi,169,0,1,307.0905,235.737,0.0,1.929
egi,169,0,2,305.361,239.69,124.2747,9.5674
egi,170,0,0,268.307,250.509,45.4395,5.162
egi,170,0,1,269.6545,252.528,158.7772,0.9944
egi,170,0,2,268.847,253.067,133.7777,0.9944
egi,171,0,0,275.6745,262.422,56.282,23.3595
egi,172,0,0,266.344,129.304,44.7174,5.1619
egi,172,0,1,264.971,127.3025,158.0806,0.9938
egi,172,0,2,265.7715,126.753,133.0062,0.9955
egi,173,0,0,335.262,262.031,165.514,8.4672
egi,174,0,0,328.795,263.199,154.6758,5.162
egi,174,0,1,331.145,262.592,88.0394,0.9946
egi,174,0,2,331.388,263.532,62.9711,0.9946
egi,175,0,0,318.7995,238.815,174.7674,18.0482
egi,176,0,0,317.4055,227.883,158.8718,23.3593
egi,177,0,0,304.1725,232.4765,148.0311,5.1619
egi,177,0,1,306.4365,231.6015,81.3817,0.9942
egi,177,0,2,306.7865,232.507,56.3567,0.9946
egi,178,0,0,307.4585,239.3665,163.9313,5.1627
egi,178,0,1,309.8755,239.145,97.3386,0.9941
egi,178,0,2,309.964,240.1115,72.2033,0.9946
egi,179,0,0,262.667,123.0855,55.5557,9.7772
egi,180,0,0,141.3028,452.7834,0.0,6.9737
egi,180,0,1,144.7897,448.8132,90.0,7.9404
egi,180,0,2,141.3028,444.843,0.0,6.9737
egi,180,0,3,137.816,448.8132,90.0,7.9404
egi,181,0,0,226.763,263.398,0.0,21.576
egi,181,0,1,237.551,251.6035,90.0,23.589
egi,181,0,2,226.763,239.809,0.0,21.576
egi,181,0,3,215.975,251.6035,90.0,23.589
egi,182,0,0,35.5505,544.925,9.4695,1.3129
egi,182,0,1,36.4855,545.5725,61.9467,1.2226
egi,182,0,2,37.0245,545.5725,114.9938,1.1905
egi,182,0,3,37.9595,544.925,171.0209,1.384
egi,182,0,4,38.2115,544.3495,47.2931,1.2724
egi,182,0,5,37.8875,543.1985,98.9382,1.3838
egi,182,0,6,37.384,542.875,149.4935,1.4183
egi,182,0,7,36.1975,542.875,32.0279,1.3576
egi,182,0,8,35.73,543.1985,81.0209,1.384
egi,183,0,0,274.8881,387.3828,0.0,2.8782
egi,183,0,1,276.3272,387.2029,90.0,0.3598
egi,183,0,2,274.8881,387.023,0.0,2.8782
egi,183,0,3,273.449,387.2029,90.0,0.3598
egi,184,0,0,24.9605,554.354,113.9435,2.7573
egi,184,0,1,26.1765,553.094,0.0,1.313
egi,184,0,2,24.4925,558.207,114.5962,11.2465
egi,184,0,3,19.811,558.207,65.3992,11.2469
egi,184,0,4,18.126,553.094,0.0,1.312
egi,184,0,5,19.3415,554.354,66.0565,2.7573
egi,184,0,6,22.151,555.614,0.0,4.5
egi,184,1,0,22.151,556.694,0.0,3.486
egi,184,1,1,21.28,558.671,66.199,4.3215
egi,184,1,2,23.023,558.671,113.7767,4.3207
egi,185,0,0,28.5567,562.8161,0.0,1.2613
egi,185,0,1,29.1873,557.9546,90.0,9.7231
egi,185,0,2,28.5567,553.093,0.0,1.2613
egi,185,0,3,27.926,557.9546,90.0,9.7231
egi,186,0,0,34.534,557.416,12.5523,0.5245
egi,186,0,1,33.755,560.145,111.1739,5.7309
egi,186,0,2,31.957,562.817,0.0,1.526
egi,186,0,3,31.194,557.955,90.0,9.724
egi,186,0,4,31.8245,553.093,0.0,1.261
egi,186,0,5,32.455,555.1635,90.0,4.141
egi,186,0,6,32.7145,557.234,0.0,0.519
egi,186,0,7,34.435,555.1635,125.2078,5.0681
egi,186,0,8,36.6155,553.093,0.0,1.439
egi,186,0,9,35.8065,555.226,125.6252,5.2482
egi,186,1,0,32.622,561.737,0.0,0.332
egi,186,1,1,32.821,560.026,91.105,3.4226
egi,186,1,2,32.6545,558.315,0.0,0.399
egi,186,1,3,32.455,560.026,90.0,3.422
egi,187,0,0,40.116,557.234,0.0,0.718
egi,187,0,1,40.209,560.025,95.4442,5.6073
egi,187,0,2,39.2195,562.816,0.0,1.447
egi,187,0,3,38.496,557.9545,90.0,9.723
egi,187,0,4,39.1265,553.093,0.0,1.261
egi,187,0,5,39.757,555.1635,90.0,4.141
egi,187,1,0,39.9235,561.736,0.0,0.333
egi,187,1,1,40.123,560.0255,91.1052,3.4216
egi,187,1,2,39.9565,558.315,0.0,0.399
egi,187,1,3,39.757,560.0255,90.0,3.421
egi,188,0,0,49.3285,563.1635,3.0012,0.5157
egi,188,0,1,48.8195,563.112,8.592,0.5087
egi,188,0,2,48.817,558.0065,92.8131,10.1472
egi,188,0,3,49.326,552.927,177.3572,0.5206
egi,188,0,4,49.8455,552.927,2.6479,0.5196
egi,188,0,5,50.3545,558.0065,87.1813,10.1473
egi,188,0,6,50.3525,563.112,171.408,0.5087
egi,188,0,7,49.8435,563.1635,176.9988,0.5157
egi,188,1,0,49.3915,554.003,177.0573,0.3895
egi,188,1,1,49.007,554.043,171.0272,0.3847
egi,188,1,2,48.9915,558.0735,87.5023,8.0086
egi,188,1,3,49.376,562.0855,3.1346,0.4206
egi,188,1,4,49.7955,562.0855,176.8579,0.4196
egi,188,1,5,50.1795,558.0735,92.4977,8.0086
egi,188,1,6,50.164,554.043,8.9728,0.3847
egi,188,1,7,49.78,554.003,2.9503,0.3885
egi,189,0,0,59.512,557.416,12.5523,0.5245
egi,189,0,1,58.733,560.145,111.1739,5.7309
egi,189,0,2,56.935,562.817,0.0,1.526
egi,189,0,3,56.172,557.955,90.0,9.724
egi,189,0,4,56.8025,553.093,0.0,1.261
egi,189,0,5,57.433,555.1635,90.0,4.141
egi,189,0,6,57.6925,557.234,0.0,0.519
egi,189,0,7,59.413,555.1635,125.2078,5.0681
egi,189,0,8,61.5935,553.093,0.0,1.439
egi,189,0,9,60.7845,555.226,125.6252,5.2482
egi,189,1,0,57.5995,561.737,0.0,0.333
egi,189,1,1,57.799,560.026,91.105,3.4226
egi,189,1,2,57.6325,558.315,0.0,0.399
egi,189,1,3,57.433,560.026,90.0,3.422
egi,190,0,0,67.335,561.736,0.0,2.322
egi,190,0,1,68.496,562.276,90.0,1.08
egi,190,0,2,65.5445,562.816,0.0,5.903
egi,190,0,3,62.593,562.276,90.0,1.08
egi,190,0,4,63.754,561.736,0.0,2.322
egi,190,0,5,64.915,557.4145,90.0,8.643
egi,190,0,6,65.5445,553.093,0.0,1.259
egi,191,0,0,74.6645,553.093,0.0,2.021
egi,191,0,1,75.694,557.9545,89.7761,9.7231
egi,191,0,2,74.6835,562.816,0.0,2.059
egi,191,0,3,73.654,557.9545,90.0,9.723
egi,191,1,0,75.127,561.736,0.0,0.426
egi,191,1,1,75.34,557.9535,90.0,7.565
egi,191,1,2,75.127,554.171,0.0,0.426
egi,191,1,3,74.914,557.9535,90.0,7.565
egi,192,0,0,83.1677,562.8161,0.0,1.2613
egi,192,0,1,83.7983,557.9546,90.0,9.7231
egi,192,0,2,83.1677,553.093,0.0,1.2613
egi,192,0,3,82.537,557.9546,90.0,9.7231
egi,193,0,0,92.2155,554.354,113.9436,2.7573
egi,193,0,1,93.4315,553.094,0.0,1.313
egi,193,0,2,91.7475,558.207,114.5962,11.2465
egi,193,0,3,87.066,558.207,65.3992,11.2469
egi,193,0,4,85.381,553.094,0.0,1.312
egi,193,0,5,86.5965,554.354,66.0564,2.7573
egi,193,0,6,89.406,555.614,0.0,4.5
egi,193,1,0,89.406,556.694,0.0,3.486
egi,193,1,1,88.535,558.671,66.199,4.3215
egi,193,1,2,90.278,558.671,113.7767,4.3207
egi,194,0,0,100.273,557.4145,90.0,1.081
egi,194,0,1,101.5085,556.874,0.0,2.471
egi,194,0,2,102.699,556.585,81.1492,0.585
egi,194,0,3,102.5475,556.0265,68.4374,0.5796
egi,194,0,4,99.171,556.8435,161.6203,6.8916
egi,194,0,5,95.9105,558.143,87.4456,0.4264
egi,194,0,6,95.9485,558.5625,82.1421,0.4169
egi,194,0,7,99.0505,559.9385,20.8324,6.577
egi,194,0,8,102.2825,560.9455,134.2861,0.454
egi,194,0,9,102.5795,560.602,127.4231,0.4558
egi,194,0,10,103.1185,560.8505,47.001,1.1745
egi,194,0,11,103.337,561.497,129.9874,0.5664
egi,194,0,12,102.949,561.9045,137.2384,0.5612
egi,194,0,13,98.8025,559.269,35.6469,9.6982
egi,194,0,14,94.9455,556.2165,110.2366,0.4828
egi,194,0,15,95.133,555.7735,115.6583,0.4804
egi,194,0,16,99.61,556.323,9.9354,8.8792
egi,194,0,17,103.993,557.3335,87.6574,0.4894
egi,194,0,18,104.003,557.7665,90.0,0.377
egi,195,0,0,108.895,557.416,12.5523,0.5245
egi,195,0,1,108.116,560.145,111.1739,5.7309
egi,195,0,2,106.318,562.817,0.0,1.526
egi,195,0,3,105.555,557.955,90.0,9.724
egi,195,0,4,106.186,553.093,0.0,1.262
egi,195,0,5,106.817,555.1635,90.0,4.141
egi,195,0,6,107.076,557.234,0.0,0.518
egi,195,0,7,108.796,555.1635,125.2079,5.0681
egi,195,0,8,110.9765,553.093,0.0,1.439
egi,195,0,9,110.1675,555.226,125.6252,5.2482
egi,195,1,0,106.983,561.737,0.0,0.332
egi,195,1,1,107.1825,560.026,91.1217,3.4227
egi,195,1,2,107.016,558.315,0.0,0.4
egi,195,1,3,106.816,560.026,90.0,3.422
egi,196,0,0,119.2675,554.354,113.9436,2.7573
egi,196,0,1,120.4835,553.094,0.0,1.313
egi,196,0,2,118.7995,558.207,114.5962,11.2465
egi,196,0,3,114.118,558.207,65.3992,11.2469
egi,196,0,4,112.433,553.094,0.0,1.312
egi,196,0,5,113.6485,554.354,66.0564,2.7573
egi,196,0,6,116.458,555.614,0.0,4.5
egi,196,1,0,116.458,556.694,0.0,3.486
egi,196,1,1,115.587,558.671,66.199,4.3215
egi,196,1,2,117.33,558.671,113.7767,4.3207
egi,197,0,0,128.321,556.289,66.5356,7.3585
egi,197,0,1,129.799,559.664,0.0,0.026
egi,197,0,2,130.3825,556.3785,99.8508,6.6693
egi,197,0,3,131.582,553.093,0.0,1.258
egi,197,0,4,131.212,558.232,101.0009,10.4704
egi,197,0,5,128.5345,559.52,66.4495,8.4018
egi,197,0,6,125.177,559.52,113.5568,8.4022
egi,197,0,7,122.4995,558.232,79.0045,10.4702
egi,197,0,8,122.13,553.093,0.0,1.258
egi,197,0,9,123.329,556.365,80.1179,6.6426
egi,197,0,10,123.9125,559.637,0.0,0.027
egi,198,0,0,24.9605,32.241,113.9433,2.7573
egi,198,0,1,26.1765,30.981,0.0,1.313
egi,198,0,2,24.4925,36.094,114.5961,11.2465
egi,198,0,3,19.811,36.094,65.3992,11.2469
egi,198,0,4,18.126,30.981,0.0,1.312
egi,198,0,5,19.3415,32.241,66.0567,2.7573
egi,198,0,6,22.151,33.501,0.0,4.5
egi,198,1,0,22.151,34.581,0.0,3.486
egi,198,1,1,21.28,36.558,66.1989,4.3215
egi,198,1,2,23.023,36.558,113.7768,4.3207
egi,199,0,0,28.5567,40.7031,0.0,1.2613
egi,199,0,1,29.1873,35.8416,90.0,9.7231
egi,199,0,2,28.5567,30.98,0.0,1.2613
egi,199,0,3,27.926,35.8416,90.0,9.7231
egi,200,0,0,34.534,35.303,12.5539,0.5245
egi,200,0,1,33.755,38.032,111.1739,5.7309
egi,200,0,2,31.957,40.704,0.0,1.526
egi,200,0,3,31.194,35.842,90.0,9.724
egi,200,0,4,31.8245,30.98,0.0,1.261
egi,200,0,5,32.455,33.0505,90.0,4.141
egi,200,0,6,32.7145,35.121,0.0,0.519
egi,200,0,7,34.435,33.0505,125.2079,5.0681
egi,200,0,8,36.6155,30.98,0.0,1.439
egi,200,0,9,35.8065,33.113,125.6253,5.2482
egi,200,1,0,32.622,39.624,0.0,0.332
egi,200,1,1,32.821,37.913,91.105,3.4226
egi,200,1,2,32.6545,36.202,0.0,0.399
egi,200,1,3,32.455,37.913,90.0,3.422
egi,201,0,0,40.116,35.121,0.0,0.718
egi,201,0,1,40.209,37.912,95.4442,5.6073
egi,201,0,2,39.2195,40.7029,0.0,1.447
egi,201,0,3,38.496,35.8415,90.0,9.723
egi,201,0,4,39.1265,30.98,0.0,1.261
egi,201,0,5,39.757,33.0505,90.0,4.141
egi,201,1,0,39.9235,39.623,0.0,0.333
egi,201,1,1,40.123,37.9125,91.1052,3.4217
egi,201,1,2,39.9565,36.202,0.0,0.399
egi,201,1,3,39.757,37.9125,90.0,3.421
egi,202,0,0,49.3285,41.0505,2.9986,0.5157
egi,202,0,1,48.8195,40.999,8.5975,0.5087
egi,202,0,2,48.817,35.8935,92.8131,10.1472
egi,202,0,3,49.326,30.814,177.3522,0.5206
egi,202,0,4,49.8455,30.814,2.6529,0.5196
egi,202,0,5,50.3545,35.8935,87.1813,10.1472
egi,202,0,6,50.3525,40.999,171.4025,0.5087
egi,202,0,7,49.8435,41.0505,177.0014,0.5157
egi,202,1,0,49.3915,31.89,177.0539,0.3895
egi,202,1,1,49.007,31.93,171.0278,0.3847
egi,202,1,2,48.9915,35.9605,87.5023,8.0086
egi,202,1,3,49.376,39.9725,3.1359,0.4206
egi,202,1,4,49.7955,39.9725,176.8566,0.4196
egi,202,1,5,50.1795,35.9605,92.4977,8.0086
egi,202,1,6,50.164,31.93,8.9722,0.3847
egi,202,1,7,49.78,31.89,2.9537,0.3885
egi,203,0,0,59.512,35.303,12.5539,0.5245
egi,203,0,1,58.733,38.032,111.1739,5.7309
egi,203,0,2,56.935,40.704,0.0,1.526
egi,203,0,3,56.172,35.842,90.0,9.724
egi,203,0,4,56.8025,30.98,0.0,1.261
egi,203,0,5,57.433,33.0505,90.0,4.141
egi,203,0,6,57.6925,35.121,0.0,0.519
egi,203,0,7,59.413,33.0505,125.2079,5.0681
egi,203,0,8,61.5935,30.98,0.0,1.439
egi,203,0,9,60.7845,33.113,125.6253,5.2482
egi,203,1,0,57.5995,39.624,0.0,0.333
egi,203,1,1,57.799,37.913,91.105,3.4226
egi,203,1,2,57.6325,36.202,0.0,0.399
egi,203,1,3,57.433,37.913,90.0,3.422
egi,204,0,0,67.335,39.624,0.0,2.322
egi,204,0,1,68.496,40.164,90.0,1.08
egi,204,0,2,65.5445,40.704,0.0,5.903
egi,204,0,3,62.593,40.164,90.0,1.08
egi,204,0,4,63.754,39.624,0.0,2.322
egi,204,0,5,64.915,35.3025,90.0,8.643
egi,204,0,6,65.5445,30.981,0.0,1.259
egi,205,0,0,74.6645,30.98,0.0,2.021
egi,205,0,1,75.694,35.8415,89.7761,9.7231
egi,205,0,2,74.6835,40.703,0.0,2.059
egi,205,0,3,73.654,35.8415,90.0,9.723
egi,205,1,0,75.127,39.623,0.0,0.426
egi,205,1,1,75.34,35.841,90.0,7.564
egi,205,1,2,75.127,32.059,0.0,0.426
egi,205,1,3,74.914,35.841,90.0,7.564
egi,206,0,0,83.1677,40.7031,0.0,1.2613
egi,206,0,1,83.7983,35.8416,90.0,9.7231
egi,206,0,2,83.1677,30.98,0.0,1.2613
egi,206,0,3,82.537,35.8416,90.0,9.7231
egi,207,0,0,92.2155,32.241,113.9434,2.7573
egi,207,0,1,93.4315,30.981,0.0,1.313
egi,207,0,2,91.7475,36.094,114.5961,11.2465
egi,207,0,3,87.066,36.094,65.3992,11.2469
egi,207,0,4,85.381,30.981,0.0,1.312
egi,207,0,5,86.5965,32.241,66.0566,2.7573
egi,207,0,6,89.406,33.501,0.0,4.5
egi,207,1,0,89.406,34.581,0.0,3.486
egi,207,1,1,88.535,36.558,66.1989,4.3215
egi,207,1,2,90.278,36.558,113.7768,4.3207
egi,208,0,0,100.273,35.3015,90.0,1.081
egi,208,0,1,101.5085,34.761,0.0,2.471
egi,208,0,2,102.699,34.472,81.1492,0.585
egi,208,0,3,102.5475,33.913,68.473,0.5805
egi,208,0,4,99.171,34.7295,161.6205,6.8915
egi,208,0,5,95.9105,36.029,87.4458,0.4264
egi,208,0,6,95.9485,36.449,82.1609,0.4179
egi,208,0,7,99.0505,37.8255,20.8323,6.577
egi,208,0,8,102.2825,38.832,134.1992,0.4547
egi,208,0,9,102.5795,38.4885,127.4978,0.455
egi,208,0,10,103.1185,38.737,46.9667,1.1738
egi,208,0,11,103.337,39.3835,129.9226,0.5672
egi,208,0,12,102.949,39.791,137.313,0.5605
egi,208,0,13,98.8025,37.1555,35.6421,9.6976
egi,208,0,14,94.9455,34.1035,110.2364,0.4828
egi,208,0,15,95.133,33.6605,115.6591,0.4804
egi,208,0,16,99.61,34.21,9.9353,8.8792
egi,208,0,17,103.993,35.22,87.6528,0.4884
egi,208,0,18,104.003,35.653,90.0,0.378
egi,209,0,0,108.895,35.303,12.5539,0.5245
egi,209,0,1,108.116,38.032,111.1739,5.7309
egi,209,0,2,106.318,40.704,0.0,1.526
egi,209,0,3,105.555,35.842,90.0,9.724
egi,209,0,4,106.186,30.98,0.0,1.262
egi,209,0,5,106.817,33.0505,90.0,4.141
egi,209,0,6,107.076,35.121,0.0,0.518
egi,209,0,7,108.796,33.0505,125.2079,5.0681
egi,209,0,8,110.9765,30.98,0.0,1.439
egi,209,0,9,110.1675,33.113,125.6253,5.2482
egi,209,1,0,106.983,39.624,0.0,0.332
egi,209,1,1,107.1825,37.913,91.1217,3.4227
egi,209,1,2,107.016,36.202,0.0,0.4
egi,209,1,3,106.816,37.913,90.0,3.422
egi,210,0,0,119.2675,32.241,113.9434,2.7573
egi,210,0,1,120.4835,30.981,0.0,1.313
egi,210,0,2,118.7995,36.094,114.5961,11.2465
egi,210,0,3,114.118,36.094,65.3992,11.2469
egi,210,0,4,112.433,30.981,0.0,1.312
egi,210,0,5,113.6485,32.241,66.0566,2.7573
egi,210,0,6,116.458,33.501,0.0,4.5
egi,210,1,0,116.458,34.581,0.0,3.486
egi,210,1,1,115.587,36.558,66.1989,4.3215
egi,210,1,2,117.33,36.558,113.7768,4.3207
egi,211,0,0,128.321,34.1765,66.5387,7.3594
egi,211,0,1,129.799,37.552,0.0,0.026
egi,211,0,2,130.3825,34.266,99.8494,6.6703
egi,211,0,3,131.582,30.98,0.0,1.258
egi,211,0,4,131.212,36.119,101.0009,10.4704
egi,211,0,5,128.5345,37.407,66.4494,8.4018
egi,211,0,6,125.177,37.407,113.5569,8.4022
egi,211,0,7,122.4995,36.119,79.0045,10.4702
egi,211,0,8,122.13,30.98,0.0,1.258
egi,211,0,9,123.329,34.252,80.118,6.6426
egi,211,0,10,123.9125,37.524,0.0,0.027
egi,212,0,0,19.645,567.5985,51.6049,2.2316
egi,212,0,1,19.1815,569.064,152.9319,2.5975
egi,212,0,2,18.0,569.517,79.7318,0.2805
egi,212,0,3,18.2405,569.379,0.0,0.531
egi,212,0,4,18.5185,569.459,81.1195,0.1619
egi,212,0,5,19.1565,569.052,142.0965,1.5855
egi,212,0,6,18.85,567.4095,51.1111,2.969
egi,212,0,7,19.2745,566.254,0.0,2.713
egi,212,0,8,20.631,566.489,90.0,0.47
egi,213,0,0,23.764,569.0295,90.0,3.355
egi,213,0,1,22.478,568.7945,56.0824,4.6093
egi,213,0,2,22.243,566.882,0.0,2.102
egi,213,0,3,23.294,566.568,90.0,0.628
egi,213,0,4,23.529,566.254,0.0,0.47
egi,213,0,5,23.764,566.568,90.0,0.628
egi,213,0,6,24.007,566.882,0.0,0.486
egi,213,0,7,24.25,567.117,90.0,0.47
egi,213,0,8,24.007,567.352,0.0,0.486
egi,213,1,0,22.6895,567.352,0.0,1.209
egi,213,1,1,22.6835,568.23,55.7192,2.1252
egi,213,1,2,23.288,569.108,0.0,0.012
egi,213,1,3,23.294,568.23,90.0,1.756
egi,214,0,0,26.329,568.2925,179.6986,0.19
egi,214,0,1,25.9755,567.731,51.3588,1.4365
egi,214,0,2,25.5105,567.244,102.5695,0.1516
egi,214,0,3,25.237,567.318,0.0,0.514
egi,214,0,4,24.999,567.1935,98.6771,0.2519
egi,214,0,5,26.0955,567.749,32.2556,2.5483
egi,214,0,6,27.1045,568.473,147.2854,0.1628
egi,214,0,7,27.1415,568.6095,41.2434,0.2806
egi,214,0,8,26.1915,569.258,152.2213,2.386
egi,214,0,9,25.1095,569.69,77.9369,0.2536
egi,214,0,10,25.3455,569.566,0.0,0.525
egi,214,0,11,25.623,569.6315,77.1016,0.1344
egi,214,0,12,26.0115,569.2345,128.9232,1.189
egi,214,0,13,26.3015,568.768,2.7424,0.1672
egi,215,0,0,29.612,569.66,53.7487,2.4453
egi,215,0,1,28.807,568.546,57.3552,0.304
egi,215,0,2,29.282,567.297,116.4218,2.5035
egi,215,0,3,29.979,566.19,5.7106,0.2814
egi,215,0,4,30.2485,566.244,17.1649,0.2711
egi,215,0,5,30.1955,567.602,97.8835,2.6611
egi,215,0,6,29.9035,568.9065,7.0285,0.2207
egi,215,0,7,29.6955,568.8565,20.3325,0.2101
egi,215,0,8,29.591,568.8255,137.4883,0.0163
egi,215,0,9,30.1515,569.6235,54.4418,1.9483
egi,215,0,10,30.5265,570.531,149.0143,0.4468
egi,215,1,0,29.744,566.655,174.2258,0.1789
egi,215,1,1,29.571,566.6905,162.4908,0.1762
egi,215,1,2,29.574,567.5735,84.2,1.7218
egi,215,1,3,29.747,568.44,6.6327,0.1732
egi,215,1,4,29.917,568.441,173.884,0.169
egi,215,1,5,30.0875,567.5735,95.7536,1.7257
egi,215,1,6,30.0905,566.6895,16.9823,0.1746
egi,215,1,7,29.92,566.655,5.906,0.1749
egi,216,0,0,33.162,568.1365,90.0,3.765
egi,216,0,1,33.397,566.254,0.0,0.47
egi,216,0,2,33.632,568.3715,90.0,4.235
egi,216,0,3,33.174,570.489,0.0,0.916
egi,216,0,4,32.569,570.254,57.9724,0.5544
egi,217,0,0,308.2435,40.807,0.0,0.579
egi,217,0,1,308.877,38.5825,112.535,4.8168
egi,217,0,2,310.72,38.5825,67.5311,4.8145
egi,217,0,3,311.35,40.807,0.0,0.58
egi,217,0,4,310.43,39.2485,67.9896,3.362
egi,218,0,0,315.0915,37.121,113.9184,1.2012
egi,218,0,1,315.621,36.572,0.0,0.572
egi,218,0,2,314.8875,38.799,114.5977,4.8986
egi,218,0,3,312.8485,38.799,65.4023,4.8986
egi,218,0,4,312.115,36.572,0.0,0.572
egi,218,0,5,312.6445,37.121,66.0816,1.2012
egi,218,0,6,313.868,37.67,0.0,1.96
egi,218,1,0,313.868,38.14,0.0,1.518
egi,218,1,1,313.4885,39.0015,66.2262,1.8828
egi,218,1,2,314.2475,39.0015,113.7738,1.8828
egi,219,0,0,316.8055,40.807,0.0,0.549
egi,219,0,1,316.531,38.6895,90.0,4.235
egi,219,0,2,317.452,36.572,0.0,1.842
egi,219,0,3,318.373,36.807,90.0,0.47
egi,219,0,4,317.7265,37.042,0.0,1.293
egi,220,0,0,319.6715,38.376,0.0,0.313
egi,220,0,1,319.712,39.5915,95.4513,2.4421
egi,220,0,2,319.281,40.807,0.0,0.63
egi,220,0,3,318.966,38.6895,90.0,4.235
egi,220,0,4,319.2405,36.572,0.0,0.549
egi,220,0,5,319.515,37.474,90.0,1.804
egi,220,1,0,319.5875,40.337,0.0,0.145
egi,220,1,1,319.6745,39.592,91.1159,1.4903
egi,220,1,2,319.602,38.847,0.0,0.174
egi,220,1,3,319.515,39.592,90.0,1.49
egi,221,0,0,324.8135,37.121,113.9184,1.2012
egi,221,0,1,325.343,36.572,0.0,0.572
egi,221,0,2,324.6095,38.799,114.5977,4.8986
egi,221,0,3,322.5705,38.799,65.4023,4.8986
egi,221,0,4,321.837,36.572,0.0,0.572
egi,221,0,5,322.3665,37.121,66.0816,1.2012
egi,221,0,6,323.59,37.67,0.0,1.96
egi,221,1,0,323.59,38.14,0.0,1.518
egi,221,1,1,323.2105,39.0015,66.2262,1.8828
egi,221,1,2,323.9695,39.0015,113.7738,1.8828
egi,222,0,0,327.7065,38.455,12.635,0.2285
egi,222,0,1,327.3675,39.6435,111.1659,2.4954
egi,222,0,2,326.5845,40.807,0.0,0.665
egi,222,0,3,326.252,38.6895,90.0,4.235
egi,222,0,4,326.5265,36.572,0.0,0.549
egi,222,0,5,326.801,37.474,90.0,1.804
egi,222,0,6,326.914,38.376,0.0,0.226
egi,222,0,7,327.6635,37.474,125.2091,2.2079
egi,222,0,8,328.6135,36.572,0.0,0.627
egi,222,0,9,328.261,37.501,125.6372,2.2861
egi,222,1,0,326.8735,40.337,0.0,0.145
egi,222,1,1,326.9605,39.5915,91.114,1.4912
egi,222,1,2,326.888,38.846,0.0,0.174
egi,222,1,3,326.801,39.5915,90.0,1.491
egi,223,0,0,332.3715,37.121,113.9184,1.2012
egi,223,0,1,332.901,36.572,0.0,0.572
egi,223,0,2,332.1675,38.799,114.5977,4.8986
egi,223,0,3,330.1285,38.799,65.4023,4.8986
egi,223,0,4,329.395,36.572,0.0,0.572
egi,223,0,5,329.9245,37.121,66.0816,1.2012
egi,223,0,6,331.148,37.67,0.0,1.96
egi,223,1,0,331.148,38.14,0.0,1.518
egi,223,1,1,330.7685,39.0015,66.2262,1.8828
egi,223,1,2,331.5275,39.0015,113.7738,1.8828
egi,224,0,0,334.0858,40.807,0.0,0.5495
egi,224,0,1,334.3605,38.6895,90.0,4.235
egi,224,0,2,334.0858,36.572,0.0,0.5495
egi,224,0,3,333.811,38.6895,90.0,4.235
egi,225,0,0,337.7025,40.414,124.3274,0.172
egi,225,0,1,337.5985,40.5475,131.611,0.1672
egi,225,0,2,336.7565,39.7785,46.5936,2.2891
egi,225,0,3,336.056,38.9,151.344,0.196
egi,225,0,4,336.232,38.811,154.99,0.1986
egi,225,0,5,336.061,38.1145,68.2592,1.4093
egi,225,0,6,335.776,37.539,106.898,0.1652
egi,225,0,7,335.745,37.7045,94.6298,0.1735
egi,225,0,8,335.4635,37.7335,11.8296,0.5609
egi,225,0,9,335.2165,37.55,102.3163,0.258
egi,225,0,10,335.291,37.31,112.4071,0.2466
egi,225,0,11,336.5245,37.841,28.5289,2.7009
egi,225,0,12,337.646,38.5695,127.9011,0.2116
egi,225,0,13,337.5025,38.7255,137.2684,0.2137
egi,225,0,14,337.333,38.8605,145.5192,0.2208
egi,225,0,15,336.613,39.285,150.0788,1.4515
egi,225,0,16,335.964,39.7005,110.5023,0.1142
egi,225,0,17,335.9365,39.814,97.1178,0.1209
egi,225,0,18,336.3915,40.171,32.7071,1.0993
egi,225,0,19,336.9445,40.429,156.6861,0.1971
egi,225,0,20,337.1105,40.326,139.7149,0.1979
egi,225,0,21,337.25,40.1725,125.5635,0.2201
egi,226,0,0,340.484,40.958,3.0726,0.2243
egi,226,0,1,340.262,40.9355,8.5203,0.2225
egi,226,0,2,340.261,38.7115,92.8266,4.4204
egi,226,0,3,340.483,36.499,177.4796,0.2262
egi,226,0,4,340.709,36.499,2.5204,0.2262
egi,226,0,5,340.931,38.7115,87.1734,4.4204
egi,226,0,6,340.93,40.9355,171.4797,0.2225
egi,226,0,7,340.708,40.958,176.9274,0.2243
egi,226,1,0,340.511,36.968,177.3074,0.1702
egi,226,1,1,340.3435,36.9855,170.7131,0.1672
egi,226,1,2,340.337,38.7415,87.503,3.4884
egi,226,1,3,340.5045,40.489,3.1306,0.1833
egi,226,1,4,340.687,40.489,176.8521,0.1823
egi,226,1,5,340.8545,38.7415,92.5135,3.4884
egi,226,1,6,340.848,36.9855,9.2316,0.1682
egi,226,1,7,340.6805,36.968,2.7086,0.1692
egi,227,0,0,343.8545,36.44,67.0705,1.6504
egi,227,0,1,343.694,35.6165,158.4819,0.3461
egi,227,0,2,344.2435,36.291,62.2356,1.668
egi,228,0,0,349.476,40.572,90.0,0.47
egi,228,0,1,348.436,40.8069,0.0,2.08
egi,228,0,2,347.396,38.6895,90.0,4.235
egi,228,0,3,347.671,36.572,0.0,0.55
egi,228,0,4,347.946,37.631,90.0,2.118
egi,228,0,5,348.6855,38.69,0.0,1.479
egi,228,0,6,349.425,38.925,90.0,0.47
egi,228,0,7,348.6855,39.16,0.0,1.479
egi,228,0,8,347.946,39.7485,90.0,1.177
egi,229,0,0,350.6095,40.807,0.0,0.549
egi,229,0,1,350.335,38.6895,90.0,4.235
egi,229,0,2,351.256,36.572,0.0,1.842
egi,229,0,3,352.177,36.807,90.0,0.47
egi,229,0,4,351.5305,37.042,0.0,1.293
egi,230,0,0,354.579,40.958,3.0726,0.2243
egi,230,0,1,354.357,40.9355,8.5203,0.2225
egi,230,0,2,354.3555,38.7115,92.814,4.4204
egi,230,0,3,354.5775,36.499,177.4904,0.2272
egi,230,0,4,354.804,36.499,2.5204,0.2262
egi,230,0,5,355.0255,38.7115,87.1864,4.4204
egi,230,0,6,355.0245,40.9355,171.4411,0.2215
egi,230,0,7,354.803,40.958,176.9274,0.2243
egi,230,1,0,354.606,36.968,177.3074,0.1702
egi,230,1,1,354.4385,36.9855,170.7131,0.1672
egi,230,1,2,354.432,38.7415,87.503,3.4884
egi,230,1,3,354.5995,40.489,3.1306,0.1833
egi,230,1,4,354.782,40.489,176.8521,0.1823
egi,230,1,5,354.9495,38.7415,92.5135,3.4884
egi,230,1,6,354.943,36.9855,9.2316,0.1682
egi,230,1,7,354.7755,36.968,2.7086,0.1692
egi,231,0,0,359.1615,38.455,12.635,0.2285
egi,231,0,1,358.8225,39.6435,111.1659,2.4954
egi,231,0,2,358.0395,40.807,0.0,0.665
egi,231,0,3,357.707,38.6895,90.0,4.235
egi,231,0,4,357.9815,36.572,0.0,0.549
egi,231,0,5,358.256,37.474,90.0,1.804
egi,231,0,6,358.369,38.376,0.0,0.226
egi,231,0,7,359.1185,37.474,125.2091,2.2079
egi,231,0,8,360.0685,36.572,0.0,0.627
egi,231,0,9,359.716,37.501,125.6372,2.2861
egi,231,1,0,358.3285,40.337,0.0,0.145
egi,231,1,1,358.4155,39.5915,91.114,1.4912
egi,231,1,2,358.343,38.846,0.0,0.174
egi,231,1,3,358.256,39.5915,90.0,1.491
egi,232,0,0,361.3087,40.807,0.0,0.5493
egi,232,0,1,361.5833,38.6895,90.0,4.235
egi,232,0,2,361.3087,36.572,0.0,0.5493
egi,232,0,3,361.034,38.6895,90.0,4.235
egi,233,0,0,363.045,36.572,0.0,0.88
egi,233,0,1,363.4935,38.6895,89.77,4.235
egi,233,0,2,363.0535,40.807,0.0,0.897
egi,233,0,3,362.605,38.6895,90.0,4.235
egi,233,1,0,363.2465,40.337,0.0,0.185
egi,233,1,1,363.339,38.6895,90.0,3.295
egi,233,1,2,363.2465,37.042,0.0,0.185
egi,233,1,3,363.154,38.6895,90.0,3.295
egi,234,0,0,369.4135,37.121,113.9184,1.2012
egi,234,0,1,369.943,36.572,0.0,0.572
egi,234,0,2,369.2095,38.799,114.5977,4.8986
egi,234,0,3,367.1705,38.799,65.4023,4.8986
egi,234,0,4,366.437,36.572,0.0,0.572
egi,234,0,5,366.9665,37.121,66.0816,1.2012
egi,234,0,6,368.19,37.67,0.0,1.96
egi,234,1,0,368.19,38.14,0.0,1.518
egi,234,1,1,367.8105,39.0015,66.2262,1.8828
egi,234,1,2,368.5695,39.0015,113.7738,1.8828
egi,235,0,0,308.2435,557.328,0.0,0.579
egi,235,0,1,308.877,555.1035,112.5349,4.8168
egi,235,0,2,310.72,555.1035,67.5312,4.8145
egi,235,0,3,311.35,557.328,0.0,0.58
egi,235,0,4,310.43,555.7695,67.9896,3.362
egi,236,0,0,315.0915,553.642,113.9189,1.2012
egi,236,0,1,315.621,553.093,0.0,0.572
egi,236,0,2,314.8875,555.32,114.5979,4.8985
egi,236,0,3,312.8485,555.32,65.4021,4.8985
egi,236,0,4,312.115,553.093,0.0,0.572
egi,236,0,5,312.6445,553.642,66.0811,1.2012
egi,236,0,6,313.868,554.191,0.0,1.96
egi,236,1,0,313.868,554.661,0.0,1.518
egi,236,1,1,313.4885,555.5225,66.2259,1.8828
egi,236,1,2,314.2475,555.5225,113.7741,1.8828
egi,237,0,0,316.8055,557.328,0.0,0.549
egi,237,0,1,316.531,555.2105,90.0,4.235
egi,237,0,2,317.452,553.093,0.0,1.842
egi,237,0,3,318.373,553.328,90.0,0.47
egi,237,0,4,317.7265,553.563,0.0,1.293
egi,238,0,0,319.6715,554.897,0.0,0.313
egi,238,0,1,319.712,556.1125,95.4513,2.442
egi,238,0,2,319.281,557.328,0.0,0.63
egi,238,0,3,318.966,555.2105,90.0,4.235
egi,238,0,4,319.2405,553.093,0.0,0.549
egi,238,0,5,319.515,553.995,90.0,1.804
egi,238,1,0,319.5875,556.858,0.0,0.145
egi,238,1,1,319.6745,556.113,91.1159,1.4903
egi,238,1,2,319.602,555.368,0.0,0.174
egi,238,1,3,319.515,556.113,90.0,1.49
egi,239,0,0,324.8135,553.642,113.9189,1.2012
egi,239,0,1,325.343,553.093,0.0,0.572
egi,239,0,2,324.6095,555.32,114.5979,4.8985
egi,239,0,3,322.5705,555.32,65.4021,4.8985
egi,239,0,4,321.837,553.093,0.0,0.572
egi,239,0,5,322.3665,553.642,66.0811,1.2012
egi,239,0,6,323.59,554.191,0.0,1.96
egi,239,1,0,323.59,554.661,0.0,1.518
egi,239,1,1,323.2105,555.5225,66.2259,1.8828
egi,239,1,2,323.9695,555.5225,113.7741,1.8828
egi,240,0,0,327.7065,554.976,12.6378,0.2285
egi,240,0,1,327.3675,556.1645,111.1661,2.4953
egi,240,0,2,326.5845,557.328,0.0,0.665
egi,240,0,3,326.252,555.2105,90.0,4.235
egi,240,0,4,326.5265,553.093,0.0,0.549
egi,240,0,5,326.801,553.9945,90.0,1.803
egi,240,0,6,326.914,554.896,0.0,0.226
egi,240,0,7,327.6635,553.9945,125.2234,2.2071
egi,240,0,8,328.6135,553.093,0.0,0.627
egi,240,0,9,328.261,554.022,125.6367,2.2861
egi,240,1,0,326.8735,556.858,0.0,0.145
egi,240,1,1,326.9605,556.113,91.1147,1.4903
egi,240,1,2,326.888,555.368,0.0,0.174
egi,240,1,3,326.801,556.113,90.0,1.49
egi,241,0,0,332.3715,553.642,113.9189,1.2012
egi,241,0,1,332.901,553.093,0.0,0.572
egi,241,0,2,332.1675,555.32,114.5979,4.8985
egi,241,0,3,330.1285,555.32,65.4021,4.8985
egi,241,0,4,329.395,553.093,0.0,0.572
egi,241,0,5,329.9245,553.642,66.0811,1.2012
egi,241,0,6,331.148,554.191,0.0,1.96
egi,241,1,0,331.148,554.661,0.0,1.518
egi,241,1,1,330.7685,555.5225,66.2259,1.8828
egi,241,1,2,331.5275,555.5225,113.7741,1.8828
egi,242,0,0,334.0858,557.328,0.0,0.5495
egi,242,0,1,334.3605,555.2105,90.0,4.235
egi,242,0,2,334.0858,553.093,0.0,0.5495
egi,242,0,3,333.811,555.2105,90.0,4.235
egi,243,0,0,337.7025,556.935,124.3331,0.172
egi,243,0,1,337.5985,557.0685,131.611,0.1672
egi,243,0,2,336.7565,556.299,46.6103,2.2898
egi,243,0,3,336.056,555.4205,151.599,0.1955
egi,243,0,4,336.232,555.332,154.986,0.1987
egi,243,0,5,336.061,554.6355,68.2588,1.4092
egi,243,0,6,335.776,554.06,106.8999,0.1651
egi,243,0,7,335.745,554.226,94.6026,0.1746
egi,243,0,8,335.4635,554.255,11.9306,0.5611
egi,243,0,9,335.2165,554.071,102.317,0.2579
egi,243,0,10,335.291,553.831,112.4041,0.2466
egi,243,0,11,336.5245,554.362,28.5294,2.701
egi,243,0,12,337.646,555.0905,127.8998,0.2116
egi,243,0,13,337.5025,555.2465,137.2722,0.2137
egi,243,0,14,337.333,555.3815,145.5192,0.2208
egi,243,0,15,336.613,555.806,150.0788,1.4515
egi,243,0,16,335.964,556.2215,110.5016,0.1142
egi,243,0,17,335.9365,556.335,97.1176,0.1209
egi,243,0,18,336.3915,556.6915,32.6636,1.0988
egi,243,0,19,336.9445,556.9495,156.9545,0.1967
egi,243,0,20,337.1105,556.8465,139.4924,0.1986
egi,243,0,21,337.25,556.693,125.7184,0.2192
egi,244,0,0,340.484,557.479,3.0668,0.2243
egi,244,0,1,340.262,557.4565,8.53,0.2225
egi,244,0,2,340.261,555.233,92.8273,4.4194
egi,244,0,3,340.483,553.0205,177.2132,0.2263
egi,244,0,4,340.709,553.0205,2.7868,0.2263
egi,244,0,5,340.931,555.233,87.1727,4.4194
egi,244,0,6,340.93,557.4565,171.47,0.2225
egi,244,0,7,340.708,557.479,176.9332,0.2243
egi,244,1,0,340.511,553.489,177.3061,0.1702
egi,244,1,1,340.3435,553.5065,170.7053,0.1672
egi,244,1,2,340.337,555.2625,87.503,3.4883
egi,244,1,3,340.5045,557.01,3.127,0.1833
egi,244,1,4,340.687,557.01,176.8557,0.1823
egi,244,1,5,340.8545,555.2625,92.5136,3.4884
egi,244,1,6,340.848,553.5065,9.2393,0.1682
egi,244,1,7,340.6805,553.489,2.7099,0.1692
egi,245,0,0,343.8545,552.961,67.0702,1.6504
egi,245,0,1,343.694,552.1375,158.4749,0.3461
egi,245,0,2,344.2435,552.812,62.2364,1.668
egi,246,0,0,349.476,557.093,90.0,0.47
egi,246,0,1,348.436,557.328,0.0,2.08
egi,246,0,2,347.396,555.2105,90.0,4.235
egi,246,0,3,347.671,553.093,0.0,0.55
egi,246,0,4,347.946,554.152,90.0,2.118
egi,246,0,5,348.6855,555.211,0.0,1.479
egi,246,0,6,349.425,555.446,90.0,0.47
egi,246,0,7,348.6855,555.681,0.0,1.479
egi,246,0,8,347.946,556.2695,90.0,1.177
egi,247,0,0,350.6095,557.328,0.0,0.549
egi,247,0,1,350.335,555.2105,90.0,4.235
egi,247,0,2,351.256,553.093,0.0,1.842
egi,247,0,3,352.177,553.328,90.0,0.47
egi,247,0,4,351.5305,553.563,0.0,1.293
egi,248,0,0,354.579,557.479,3.0668,0.2243
egi,248,0,1,354.357,557.4565,8.53,0.2225
egi,248,0,2,354.3555,555.233,92.8146,4.4193
egi,248,0,3,354.5775,553.0205,177.2252,0.2273
egi,248,0,4,354.804,553.0205,2.7868,0.2263
egi,248,0,5,355.0255,555.233,87.1858,4.4193
egi,248,0,6,355.0245,557.4565,171.4314,0.2215
egi,248,0,7,354.803,557.479,176.9332,0.2243
egi,248,1,0,354.606,553.489,177.3061,0.1702
egi,248,1,1,354.4385,553.5065,170.7053,0.1672
egi,248,1,2,354.432,555.2625,87.503,3.4883
egi,248,1,3,354.5995,557.01,3.127,0.1833
egi,248,1,4,354.782,557.01,176.8557,0.1823
egi,248,1,5,354.9495,555.2625,92.5136,3.4884
egi,248,1,6,354.943,553.5065,9.2393,0.1682
egi,248,1,7,354.7755,553.489,2.7099,0.1692
egi,249,0,0,359.1615,554.976,12.6378,0.2285
egi,249,0,1,358.8225,556.1645,111.1661,2.4953
egi,249,0,2,358.0395,557.328,0.0,0.665
egi,249,0,3,357.707,555.2105,90.0,4.235
egi,249,0,4,357.9815,553.093,0.0,0.549
egi,249,0,5,358.256,553.9945,90.0,1.803
egi,249,0,6,358.369,554.896,0.0,0.226
egi,249,0,7,359.1185,553.9945,125.2234,2.2071
egi,249,0,8,360.0685,553.093,0.0,0.627
egi,249,0,9,359.716,554.022,125.6367,2.2861
egi,249,1,0,358.3285,556.858,0.0,0.145
egi,249,1,1,358.4155,556.113,91.1147,1.4903
egi,249,1,2,358.343,555.368,0.0,0.174
egi,249,1,3,358.256,556.113,90.0,1.49
egi,250,0,0,361.3087,557.328,0.0,0.5493
egi,250,0,1,361.5833,555.2105,90.0,4.235
egi,250,0,2,361.3087,553.093,0.0,0.5493
egi,250,0,3,361.034,555.2105,90.0,4.235
egi,251,0,0,363.045,553.093,0.0,0.88
egi,251,0,1,363.4935,555.2105,89.77,4.235
egi,251,0,2,363.0535,557.328,0.0,0.897
egi,251,0,3,362.605,555.2105,90.0,4.235
egi,251,1,0,363.2465,556.858,0.0,0.185
egi,251,1,1,363.339,555.2105,90.0,3.295
egi,251,1,2,363.2465,553.563,0.0,0.185
egi,251,1,3,363.154,555.2105,90.0,3.295
egi,252,0,0,369.4135,553.642,113.9189,1.2012
egi,252,0,1,369.943,553.093,0.0,0.572
egi,252,0,2,369.2095,555.32,114.5979,4.8985
egi,252,0,3,367.1705,555.32,65.4021,4.8985
egi,252,0,4,366.437,553.093,0.0,0.572
egi,252,0,5,366.9665,553.642,66.0811,1.2012
egi,252,0,6,368.19,554.191,0.0,1.96
egi,252,1,0,368.19,554.661,0.0,1.518
egi,252,1,1,367.8105,555.5225,66.2259,1.8828
egi,252,1,2,368.5695,555.5225,113.7741,1.8828
egi,253,0,0,349.7465,562.005,0.0,0.491
egi,253,0,1,349.7555,562.4085,120.3751,0.9354
egi,253,0,2,349.4665,565.145,91.2893,4.6672
egi,253,0,3,349.703,567.9785,59.9968,1.1559
egi,253,0,4,349.7465,568.479,0.0,0.491
egi,253,0,5,349.23,568.055,57.4156,1.0064
egi,253,0,6,348.8125,565.5585,85.9566,4.1553
egi,253,0,7,348.8555,563.0885,115.4884,0.8807
egi,254,0,0,351.4765,563.378,0.0,0.687
egi,254,0,1,351.82,564.2605,90.0,1.765
egi,254,0,2,352.1995,565.512,44.1962,1.0586
egi,254,0,3,353.545,564.6295,127.6633,3.1619
egi,254,0,4,354.9315,563.378,0.0,0.841
egi,254,0,5,354.205,564.8625,127.6916,3.752
egi,254,0,6,354.156,567.413,44.1526,3.0607
egi,254,0,7,354.7815,568.479,0.0,0.945
egi,254,0,8,353.0645,567.269,44.1949,3.4715
egi,254,0,9,351.82,567.269,90.0,2.42
egi,254,0,10,351.4765,568.479,0.0,0.687
egi,255,0,0,357.968,563.378,0.0,3.728
egi,255,0,1,359.832,563.672,90.0,0.588
egi,255,0,2,358.3115,563.966,0.0,3.041
egi,255,0,3,356.791,564.849,90.0,1.766
egi,255,0,4,358.1645,565.732,0.0,2.747
egi,255,0,5,359.538,566.0265,90.0,0.589
egi,255,0,6,358.1645,566.321,0.0,2.747
egi,255,0,7,356.791,567.1055,90.0,1.569
egi,255,0,8,358.2625,567.89,0.0,2.943
egi,255,0,9,359.734,568.1845,90.0,0.589
egi,255,0,10,357.919,568.479,0.0,3.63
egi,256,0,0,364.116,565.437,0.0,1.374
egi,256,0,1,364.803,564.9325,90.0,1.009
egi,256,0,2,364.674,564.3295,37.3644,0.3246
egi,256,0,3,363.055,565.0805,150.3112,3.4303
egi,256,0,4,361.588,566.198,85.0927,0.538
egi,256,0,5,361.6815,566.715,74.1924,0.5176
egi,256,0,6,361.9075,567.2185,58.5746,0.5965
egi,256,0,7,362.178,567.577,42.1232,0.3101
egi,256,0,8,362.4405,567.763,29.0727,0.3375
egi,256,0,9,362.765,567.898,16.6692,0.3695
egi,256,0,10,363.1505,567.9695,5.0707,0.4186
egi,256,0,11,363.536,567.971,174.5138,0.3556
egi,256,0,12,363.8745,567.905,163.1219,0.3375
egi,256,0,13,364.17,567.7795,150.2787,0.3086
egi,256,0,14,364.4045,567.6055,135.8662,0.28
egi,256,0,15,364.58,567.3785,120.0815,0.2993
egi,256,0,16,364.717,567.0785,109.9821,0.3628
egi,256,0,17,365.0945,566.9905,14.6545,0.6522
egi,256,0,18,365.33,567.3045,109.0608,0.4899
egi,256,0,19,365.141,567.719,120.7812,0.426
egi,256,0,20,363.107,567.601,8.887,3.8968
egi,256,0,21,361.068,566.9625,71.3364,0.7125
egi,256,0,22,360.916,566.264,83.9919,0.726
egi,256,0,23,362.6815,564.693,146.1416,4.3436
egi,256,0,24,364.7395,563.6105,26.61,0.5693
egi,256,0,25,365.2415,563.9155,35.6473,0.6091
egi,256,0,26,365.489,565.0595,90.0,1.933
egi,256,0,27,364.459,566.026,0.0,2.06
egi,257,0,0,367.1724,568.4788,0.0,0.6868
egi,257,0,1,367.5158,565.9284,90.0,5.1008
egi,257,0,2,367.1724,563.378,0.0,0.6868
egi,257,0,3,366.829,565.9284,90.0,5.1008
egi,258,0,0,369.279,562.3485,56.5409,0.8235
egi,258,0,1,369.5495,565.1615,88.9911,4.9398
egi,258,0,2,369.3225,568.055,122.536,1.0059
egi,258,0,3,368.807,568.479,0.0,0.49
egi,258,0,4,368.8525,567.974,119.9093,1.1652
egi,258,0,5,369.0885,565.1405,88.6591,4.6583
egi,258,0,6,368.7975,562.4085,59.6249,0.9354
egi,259,0,0,349.7465,24.944,0.0,0.491
egi,259,0,1,349.7555,25.3475,120.3748,0.9354
egi,259,0,2,349.4665,28.084,91.2893,4.6672
egi,259,0,3,349.703,30.917,59.972,1.155
egi,259,0,4,349.7465,31.417,0.0,0.491
egi,259,0,5,349.23,30.9935,57.3864,1.0056
egi,259,0,6,348.8125,28.4975,85.9566,4.1553
egi,259,0,7,348.8555,26.0275,115.4872,0.8808
egi,260,0,0,351.4765,26.317,0.0,0.687
egi,260,0,1,351.82,27.1995,90.0,1.765
egi,260,0,2,352.1995,28.451,44.1953,1.0586
egi,260,0,3,353.545,27.5685,127.6634,3.1619
egi,260,0,4,354.9315,26.317,0.0,0.841
egi,260,0,5,354.205,27.8015,127.6916,3.752
egi,260,0,6,354.156,30.352,44.1529,3.0607
egi,260,0,7,354.7815,31.418,0.0,0.945
egi,260,0,8,353.0645,30.208,44.1947,3.4715
egi,260,0,9,351.82,30.208,90.0,2.42
egi,260,0,10,351.4765,31.418,0.0,0.687
egi,261,0,0,357.968,26.317,0.0,3.728
egi,261,0,1,359.832,26.611,90.0,0.588
egi,261,0,2,358.3115,26.905,0.0,3.041
egi,261,0,3,356.791,27.788,90.0,1.766
egi,261,0,4,358.1645,28.671,0.0,2.747
egi,261,0,5,359.538,28.9655,90.0,0.589
egi,261,0,6,358.1645,29.26,0.0,2.747
egi,261,0,7,356.791,30.0445,90.0,1.569
egi,261,0,8,358.2625,30.829,0.0,2.943
egi,261,0,9,359.734,31.1235,90.0,0.589
egi,261,0,10,357.919,31.418,0.0,3.63
egi,262,0,0,364.116,28.376,0.0,1.374
egi,262,0,1,364.803,27.8715,90.0,1.009
egi,262,0,2,364.674,27.2685,37.3676,0.3246
egi,262,0,3,363.055,28.019,150.3257,3.4298
egi,262,0,4,361.588,29.1365,85.1016,0.539
egi,262,0,5,361.6815,29.654,74.192,0.5176
egi,262,0,6,361.9075,30.1575,58.5763,0.5965
egi,262,0,7,362.178,30.516,42.1243,0.3101
egi,262,0,8,362.4405,30.702,29.0727,0.3375
egi,262,0,9,362.765,30.837,16.663,0.3695
egi,262,0,10,363.1505,30.9085,5.0772,0.4186
egi,262,0,11,363.536,30.91,174.5145,0.3556
egi,262,0,12,363.8745,30.844,163.1182,0.3375
egi,262,0,13,364.17,30.7185,150.2762,0.3086
egi,262,0,14,364.4045,30.5445,135.8654,0.28
egi,262,0,15,364.58,30.3175,120.084,0.2993
egi,262,0,16,364.717,30.017,109.926,0.3638
egi,262,0,17,365.0945,29.9285,14.6579,0.6522
egi,262,0,18,365.33,30.2425,109.0603,0.4899
egi,262,0,19,365.141,30.6575,120.7123,0.4269
egi,262,0,20,363.107,30.5395,8.9019,3.8969
egi,262,0,21,361.068,29.901,71.3109,0.7115
egi,262,0,22,360.916,29.203,83.9918,0.726
egi,262,0,23,362.6815,27.6315,146.1304,4.3442
egi,262,0,24,364.7395,26.5485,26.6104,0.5693
egi,262,0,25,365.2415,26.854,35.725,0.6097
egi,262,0,26,365.489,27.998,90.0,1.932
egi,262,0,27,364.459,28.964,0.0,2.06
egi,263,0,0,367.1724,31.418,0.0,0.6868
egi,263,0,1,367.5158,28.8675,90.0,5.101
egi,263,0,2,367.1724,26.317,0.0,0.6868
egi,263,0,3,366.829,28.8675,90.0,5.101
egi,264,0,0,369.279,25.2875,56.5414,0.8235
egi,264,0,1,369.5495,28.1005,88.9911,4.9397
egi,264,0,2,369.3225,30.994,122.5353,1.0059
egi,264,0,3,368.807,31.418,0.0,0.49
egi,264,0,4,368.8525,30.913,119.909,1.1652
egi,264,0,5,369.0885,28.0795,88.6591,4.6583
egi,264,0,6,368.7975,25.3475,59.6252,0.9354
egi,265,0,0,186.1145,557.171,0.0,0.553
egi,265,0,1,186.391,557.4065,90.0,0.471
egi,265,0,2,185.84,557.642,0.0,1.102
egi,265,0,3,185.289,554.8185,90.0,5.647
egi,265,0,4,185.84,551.995,0.0,1.102
egi,265,0,5,186.391,552.2305,90.0,0.471
egi,265,0,6,186.1145,552.466,0.0,0.553
egi,266,0,0,187.306,555.9895,90.0,2.677
egi,266,0,1,188.875,554.651,0.0,3.138
egi,266,0,2,190.444,555.9895,90.0,2.677
egi,266,0,3,190.1695,557.328,0.0,0.549
egi,266,0,4,189.895,556.0805,90.0,2.495
egi,266,0,5,188.875,554.833,0.0,2.04
egi,266,0,6,187.855,556.0805,90.0,2.495
egi,267,0,0,193.7445,556.935,124.3373,0.172
egi,267,0,1,193.6405,557.0685,131.6031,0.1672
egi,267,0,2,192.7985,556.299,46.61,2.2898
egi,267,0,3,192.098,555.4205,151.6011,0.1955
egi,267,0,4,192.274,555.332,154.9823,0.1986
egi,267,0,5,192.103,554.6355,68.2588,1.4092
egi,267,0,6,191.818,554.06,106.8949,0.1651
egi,267,0,7,191.787,554.226,94.6026,0.1746
egi,267,0,8,191.5055,554.255,11.9309,0.5611
egi,267,0,9,191.2585,554.071,102.3104,0.2579
egi,267,0,10,191.333,553.831,112.4074,0.2466
egi,267,0,11,192.5665,554.362,28.5292,2.701
egi,267,0,12,193.6885,555.0905,127.6873,0.211
egi,267,0,13,193.545,555.2465,137.4547,0.2144
egi,267,0,14,193.375,555.3815,145.5192,0.2208
egi,267,0,15,192.655,555.806,150.0788,1.4515
egi,267,0,16,192.006,556.2215,110.5016,0.1142
egi,267,0,17,191.979,556.335,96.6509,0.1208
egi,267,0,18,192.434,556.6915,32.6915,1.0979
egi,267,0,19,192.9865,556.9495,156.9545,0.1967
egi,267,0,20,193.153,556.8465,139.6804,0.1994
egi,267,0,21,193.2925,556.693,125.5074,0.2187
egi,268,0,0,197.5085,553.642,113.9189,1.2012
egi,268,0,1,198.038,553.093,0.0,0.572
egi,268,0,2,197.3045,555.32,114.5979,4.8985
egi,268,0,3,195.2655,555.32,65.4021,4.8985
egi,268,0,4,194.532,553.093,0.0,0.572
egi,268,0,5,195.0615,553.642,66.0811,1.2012
egi,268,0,6,196.285,554.191,0.0,1.96
egi,268,1,0,196.285,554.661,0.0,1.518
egi,268,1,1,195.9055,555.5225,66.2259,1.8828
egi,268,1,2,196.6645,555.5225,113.7741,1.8828
egi,269,0,0,201.027,557.093,90.0,0.47
egi,269,0,1,199.987,557.328,0.0,2.08
egi,269,0,2,198.947,555.2105,90.0,4.235
egi,269,0,3,199.222,553.093,0.0,0.55
egi,269,0,4,199.497,554.152,90.0,2.118
egi,269,0,5,200.2365,555.211,0.0,1.479
egi,269,0,6,200.976,555.446,90.0,0.47
egi,269,0,7,200.2365,555.681,0.0,1.479
egi,269,0,8,199.497,556.2695,90.0,1.177
egi,270,0,0,202.079,552.466,0.0,0.554
egi,270,0,1,201.802,552.2305,90.0,0.471
egi,270,0,2,202.3535,551.995,0.0,1.103
egi,270,0,3,202.905,554.8185,90.0,5.647
egi,270,0,4,202.3535,557.642,0.0,1.103
egi,270,0,5,201.802,557.4065,90.0,0.471
egi,270,0,6,202.079,557.171,0.0,0.554
egi,271,0,0,23.2485,531.2,0.0,1.011
egi,271,0,1,23.754,531.435,90.0,0.47
egi,271,0,2,22.4685,531.67,0.0,2.571
egi,271,0,3,21.183,531.435,90.0,0.47
egi,271,0,4,21.689,531.2,0.0,1.012
egi,271,0,5,22.195,529.3175,90.0,3.765
egi,271,0,6,22.469,527.435,0.0,0.548
egi,272,0,0,26.212,531.821,3.0667,0.2243
egi,272,0,1,25.99,531.7985,8.5301,0.2225
egi,272,0,2,25.9885,529.5745,92.8139,4.4203
egi,272,0,3,26.2105,527.362,177.477,0.2272
egi,272,0,4,26.437,527.362,2.5341,0.2262
egi,272,0,5,26.6585,529.5745,87.1861,4.4203
egi,272,0,6,26.6575,531.7985,171.4316,0.2215
egi,272,0,7,26.436,531.821,176.9333,0.2243
egi,272,1,0,26.239,527.831,177.3046,0.1702
egi,272,1,1,26.0715,527.8485,170.7065,0.1672
egi,272,1,2,26.0655,529.6045,87.4862,3.4884
egi,272,1,3,26.233,531.352,3.1444,0.1823
egi,272,1,4,26.4155,531.352,176.8727,0.1833
egi,272,1,5,26.583,529.6045,92.4974,3.4883
egi,272,1,6,26.576,527.8485,9.2385,0.1682
egi,272,1,7,26.4085,527.831,2.7113,0.1692
egi,273,0,0,29.1585,531.67,0.0,0.577
egi,273,0,1,29.7565,529.4735,111.9788,4.7373
egi,273,0,2,31.2465,528.839,68.8752,3.3491
egi,273,0,3,32.4535,528.839,111.1247,3.3491
egi,273,0,4,33.9435,529.4735,68.0211,4.7373
egi,273,0,5,34.541,531.67,0.0,0.578
egi,273,0,6,33.6545,530.1625,68.379,3.2432
egi,273,0,7,32.4535,530.241,110.8326,3.3939
egi,273,0,8,31.2485,530.2745,68.8217,3.3299
egi,274,0,0,36.554,527.435,0.0,2.306
egi,274,0,1,37.707,527.67,90.0,0.47
egi,274,0,2,36.8285,527.905,0.0,1.757
egi,274,0,3,35.95,528.7285,90.0,1.647
egi,274,0,4,36.8025,529.552,0.0,1.705
egi,274,0,5,37.655,529.7875,90.0,0.471
egi,274,0,6,36.8025,530.023,0.0,1.705
egi,274,0,7,35.95,530.6115,90.0,1.177
egi,274,0,8,36.8285,531.2,0.0,1.757
egi,274,0,9,37.707,531.435,90.0,0.47
egi,274,0,10,36.554,531.67,0.0,2.306
egi,275,0,0,40.0585,529.318,12.6374,0.2285
egi,275,0,1,39.7195,530.5065,111.1661,2.4953
egi,275,0,2,38.9365,531.67,0.0,0.665
egi,275,0,3,38.604,529.5525,90.0,4.235
egi,275,0,4,38.8785,527.435,0.0,0.549
egi,275,0,5,39.153,528.337,90.0,1.804
egi,275,0,6,39.266,529.239,0.0,0.226
egi,275,0,7,40.0155,528.337,125.2089,2.2079
egi,275,0,8,40.9655,527.435,0.0,0.627
egi,275,0,9,40.613,528.364,125.6367,2.2861
egi,275,1,0,39.2255,531.2,0.0,0.145
egi,275,1,1,39.3125,530.455,91.115,1.4903
egi,275,1,2,39.24,529.71,0.0,0.174
egi,275,1,3,39.153,530.455,90.0,1.49
egi,276,0,0,22.587,522.8445,90.0,3.765
egi,276,0,1,22.822,520.962,0.0,0.47
egi,276,0,2,23.057,523.0795,90.0,4.235
egi,276,0,3,22.599,525.197,0.0,0.916
egi,276,0,4,21.994,524.962,57.9727,0.5544
egi,277,0,0,26.328,523.0005,179.6986,0.19
egi,277,0,1,25.9745,522.439,51.3589,1.4365
egi,277,0,2,25.5095,521.952,102.5692,0.1516
egi,277,0,3,25.236,522.026,0.0,0.514
egi,277,0,4,24.998,521.902,98.7114,0.2509
egi,277,0,5,26.0945,522.4575,32.2367,2.5477
egi,277,0,6,27.1035,523.181,147.2865,0.1628
egi,277,0,7,27.1405,523.3175,41.2431,0.2806
egi,277,0,8,26.1905,523.966,152.2212,2.386
egi,277,0,9,25.1085,524.398,77.937,0.2536
egi,277,0,10,25.3445,524.274,0.0,0.525
egi,277,0,11,25.622,524.3395,77.1014,0.1344
egi,277,0,12,26.0105,523.943,128.9536,1.1882
egi,277,0,13,26.3005,523.4765,3.0857,0.1672
egi,278,0,0,29.853,523.0005,179.6986,0.19
egi,278,0,1,29.4995,522.439,51.3589,1.4365
egi,278,0,2,29.0345,521.952,102.5692,0.1516
egi,278,0,3,28.761,522.026,0.0,0.514
egi,278,0,4,28.523,521.902,98.7114,0.2509
egi,278,0,5,29.6195,522.4575,32.2367,2.5477
egi,278,0,6,30.6285,523.181,147.2865,0.1628
egi,278,0,7,30.6655,523.3175,41.2431,0.2806
egi,278,0,8,29.7155,523.966,152.2212,2.386
egi,278,0,9,28.6335,524.398,77.9365,0.2536
egi,278,0,10,28.8695,524.274,0.0,0.525
egi,278,0,11,29.147,524.3395,77.1014,0.1344
egi,278,0,12,29.5355,523.943,128.9536,1.1882
egi,278,0,13,29.8255,523.4765,3.0857,0.1672
egi,279,0,0,32.473,521.498,12.0309,0.1247
egi,279,0,1,32.5835,521.451,168.7864,0.3497
egi,279,0,2,32.7055,521.451,145.5155,0.1201
egi,280,0,0,35.636,522.3065,51.6048,2.2316
egi,280,0,1,35.1725,523.772,152.9319,2.5975
egi,280,0,2,33.991,524.225,79.7311,0.2805
egi,280,0,3,34.2315,524.087,0.0,0.531
egi,280,0,4,34.5095,524.167,81.1203,0.1619
egi,280,0,5,35.1475,523.7605,142.1251,1.5848
egi,280,0,6,34.841,522.118,51.1233,2.9698
egi,280,0,7,35.2655,520.962,0.0,2.713
egi,280,0,8,36.622,521.197,90.0,0.47
egi,281,0,0,42.947,522.3065,51.6048,2.2316
egi,281,0,1,42.4835,523.772,152.9319,2.5975
egi,281,0,2,41.302,524.225,79.7311,0.2805
egi,281,0,3,41.5425,524.087,0.0,0.531
egi,281,0,4,41.8205,524.167,81.1203,0.1619
egi,281,0,5,42.4585,523.7605,142.1251,1.5848
egi,281,0,6,42.152,522.118,51.1233,2.9698
egi,281,0,7,42.5765,520.962,0.0,2.713
egi,281,0,8,43.933,521.197,90.0,0.47
egi,282,0,0,46.385,521.864,53.5818,2.4357
egi,282,0,1,47.19,522.9755,58.0532,0.3099
egi,282,0,2,46.715,524.2305,116.371,2.508
egi,282,0,3,46.0175,525.34,5.6904,0.2824
egi,282,0,4,45.748,525.2855,17.4302,0.2704
egi,282,0,5,45.804,523.927,97.99,2.6618
egi,282,0,6,46.096,522.617,4.2755,0.2146
egi,282,0,7,46.3015,522.658,18.5228,0.2078
egi,282,0,8,46.406,522.6855,137.4879,0.0163
egi,282,0,9,45.8455,521.9315,52.8798,1.8774
egi,282,0,10,45.4705,521.0335,142.0212,0.4859
egi,282,1,0,46.0815,523.088,173.7748,0.166
egi,282,1,1,45.918,523.1225,162.5247,0.1698
egi,282,1,2,45.9245,524.0065,84.1804,1.7259
egi,282,1,3,46.105,524.874,5.5268,0.1869
egi,282,1,4,46.283,524.873,173.2914,0.1712
egi,282,1,5,46.4505,524.0085,95.5146,1.717
egi,282,1,6,46.4455,523.1265,17.4474,0.1834
egi,282,1,7,46.261,523.089,5.885,0.195
egi,283,0,0,49.708,520.8915,4.3762,0.1966
egi,283,0,1,49.8955,520.921,13.8096,0.1843
egi,283,0,2,49.8955,523.1405,92.3323,4.3986
egi,283,0,3,49.708,525.346,175.3335,0.1967
egi,283,0,4,49.5115,525.346,4.643,0.1976
egi,283,0,5,49.3235,523.1405,87.6677,4.3986
egi,283,0,6,49.324,520.921,166.2641,0.1853
egi,283,0,7,49.512,520.8915,175.6238,0.1966
egi,283,1,0,49.6785,524.877,174.1653,0.1377
egi,283,1,1,49.8095,524.851,163.0899,0.1306
egi,283,1,2,49.8095,523.0995,87.9339,3.4673
egi,283,1,3,49.6785,521.3605,5.4208,0.1376
egi,283,1,4,49.541,521.3605,174.6183,0.1386
egi,283,1,5,49.41,523.0995,92.0495,3.4672
egi,283,1,6,49.41,524.851,17.0385,0.1297
egi,283,1,7,49.541,524.877,5.7928,0.1387
egi,284,0,0,52.251,521.498,12.0309,0.1247
egi,284,0,1,52.3615,521.451,168.7864,0.3497
egi,284,0,2,52.4835,521.451,145.5155,0.1201
egi,285,0,0,56.008,523.7375,90.0,3.355
egi,285,0,1,54.722,523.5025,56.0824,4.6093
egi,285,0,2,54.487,521.59,0.0,2.102
egi,285,0,3,55.538,521.276,90.0,0.628
egi,285,0,4,55.773,520.962,0.0,0.47
egi,285,0,5,56.008,521.276,90.0,0.628
egi,285,0,6,56.251,521.59,0.0,0.486
egi,285,0,7,56.494,521.825,90.0,0.47
egi,285,0,8,56.251,522.06,0.0,0.486
egi,285,1,0,54.9335,522.06,0.0,1.209
egi,285,1,1,54.9275,522.938,55.7191,2.1252
egi,285,1,2,55.532,523.816,0.0,0.012
egi,285,1,3,55.538,522.938,90.0,1.756
egi,286,0,0,58.939,522.3065,51.6048,2.2316
egi,286,0,1,58.4755,523.772,152.9319,2.5975
egi,286,0,2,57.294,524.225,79.7311,0.2805
egi,286,0,3,57.5345,524.087,0.0,0.531
egi,286,0,4,57.8125,524.167,81.1203,0.1619
egi,286,0,5,58.4505,523.7605,142.1251,1.5848
egi,286,0,6,58.144,522.118,51.1233,2.9698
egi,286,0,7,58.5685,520.962,0.0,2.713
egi,286,0,8,59.925,521.197,90.0,0.47
egi,287,0,0,63.393,524.962,90.0,0.47
egi,287,0,1,62.557,525.197,0.0,1.672
egi,287,0,2,61.393,524.1075,73.2453,2.2756
egi,287,0,3,61.116,523.018,0.0,0.102
egi,287,0,4,61.2475,523.097,44.4601,0.2256
egi,287,0,5,62.154,522.7835,154.5839,1.829
egi,287,0,6,62.9695,522.287,84.2349,0.2091
egi,287,0,7,62.9295,522.0865,73.0012,0.2018
egi,287,0,8,62.029,521.861,8.4247,1.761
egi,287,0,9,61.1145,521.7915,126.1689,0.1474
egi,287,0,10,61.04,521.916,115.4981,0.144
egi,287,0,11,60.811,521.7965,42.9783,0.5413
egi,287,0,12,60.666,521.53,122.8758,0.1953
egi,287,0,13,61.4205,522.656,59.8558,2.7938
egi,287,0,14,61.9725,523.8555,3.2538,0.2995
egi,287,0,15,61.9555,524.287,73.241,0.919
egi,288,0,0,23.785,516.3715,90.0,0.471
egi,288,0,1,24.323,516.136,0.0,1.076
egi,288,0,2,24.8415,516.01,81.2026,0.255
egi,288,0,3,24.7755,515.7665,68.409,0.2527
egi,288,0,4,23.305,516.1225,161.6073,3.0013
egi,288,0,5,21.885,516.6885,87.5241,0.1852
egi,288,0,6,21.9015,516.871,82.0926,0.1817
egi,288,0,7,23.2525,517.4705,20.8394,2.8644
egi,288,0,8,24.66,517.909,134.182,0.198
egi,288,0,9,24.7895,517.7595,127.6206,0.1982
egi,288,0,10,25.0245,517.868,46.9805,0.5115
egi,288,0,11,25.1195,518.1495,130.0725,0.247
egi,288,0,12,24.9505,518.327,137.1577,0.2441
egi,288,0,13,23.1445,517.179,35.6464,4.2246
egi,288,0,14,21.4645,515.8495,110.332,0.2101
egi,288,0,15,21.546,515.6565,115.4639,0.2093
egi,288,0,16,23.496,515.8955,9.9299,3.8679
egi,288,0,17,25.4055,516.3355,87.5803,0.2132
egi,288,0,18,25.41,516.524,90.0,0.164
egi,289,0,0,26.5075,514.49,0.0,0.549
egi,289,0,1,26.782,516.086,90.0,3.192
egi,289,0,2,28.3505,515.9985,132.9747,4.6019
egi,289,0,3,29.919,516.52,90.0,4.41
egi,289,0,4,29.6445,518.725,0.0,0.549
egi,289,0,5,29.37,517.1795,90.0,3.091
egi,289,0,6,27.8015,517.2815,133.5928,4.5495
egi,290,0,0,31.367,514.49,0.0,0.88
egi,290,0,1,31.8155,516.6075,89.77,4.235
egi,290,0,2,31.3755,518.725,0.0,0.897
egi,290,0,3,30.927,516.6075,90.0,4.235
egi,290,1,0,31.5685,518.255,0.0,0.185
egi,290,1,1,31.661,516.6075,90.0,3.295
egi,290,1,2,31.5685,514.96,0.0,0.185
egi,290,1,3,31.476,516.6075,90.0,3.295
egi,291,0,0,39.8315,518.664,153.7094,0.28
egi,291,0,1,39.701,516.6515,89.8619,4.149
egi,291,0,2,39.8265,514.639,25.4122,0.289
egi,291,0,3,39.957,515.0155,90.0,0.629
egi,291,0,4,39.831,515.234,37.3032,0.3168
egi,291,0,5,39.707,516.653,89.9244,3.03
egi,291,0,6,39.833,518.0765,143.5766,0.3082
egi,292,0,0,42.639,518.876,3.0668,0.2243
egi,292,0,1,42.417,518.8535,8.53,0.2225
egi,292,0,2,42.4155,516.6295,92.8138,4.4203
egi,292,0,3,42.6375,514.417,177.4771,0.2272
egi,292,0,4,42.864,514.417,2.5341,0.2262
egi,292,0,5,43.0855,516.6295,87.1862,4.4203
egi,292,0,6,43.0845,518.8535,171.4317,0.2215
egi,292,0,7,42.863,518.876,176.9332,0.2243
egi,292,1,0,42.666,514.886,177.3046,0.1702
egi,292,1,1,42.4985,514.9035,170.7066,0.1672
egi,292,1,2,42.4925,516.6595,87.4862,3.4883
egi,292,1,3,42.66,518.407,3.1456,0.1823
egi,292,1,4,42.8425,518.407,176.8715,0.1833
egi,292,1,5,43.01,516.6595,92.4974,3.4883
egi,292,1,6,43.003,514.9035,9.2384,0.1682
egi,292,1,7,42.8355,514.886,2.7113,0.1692
egi,293,0,0,46.0415,514.49,0.0,0.549
egi,293,0,1,46.316,516.086,90.0,3.192
egi,293,0,2,47.8845,515.9985,132.9747,4.6019
egi,293,0,3,49.453,516.52,90.0,4.41
egi,293,0,4,49.1785,518.725,0.0,0.549
egi,293,0,5,48.904,517.1795,90.0,3.091
egi,293,0,6,47.3355,517.2815,133.5928,4.5495
egi,294,0,0,340.705,52.8925,179.7055,0.19
egi,294,0,1,340.3515,52.331,51.359,1.4365
egi,294,0,2,339.8865,51.844,102.5651,0.1516
egi,294,0,3,339.613,51.918,0.0,0.514
egi,294,0,4,339.375,51.794,98.7085,0.2509
egi,294,0,5,340.4715,52.349,32.2182,2.5472
egi,294,0,6,341.48,53.072,147.4715,0.1637
egi,294,0,7,341.517,53.2085,41.1082,0.2814
egi,294,0,8,340.567,53.857,152.2325,2.3869
egi,294,0,9,339.4845,54.2895,77.8878,0.2526
egi,294,0,10,339.7205,54.166,0.0,0.525
egi,294,0,11,339.998,54.2315,77.0873,0.1344
egi,294,0,12,340.3865,53.8345,128.9228,1.1889
egi,294,0,13,340.6765,53.3675,3.0963,0.1672
egi,295,0,0,344.307,50.7835,4.3803,0.1966
egi,295,0,1,344.4945,50.813,13.8131,0.1843
egi,295,0,2,344.495,53.0325,92.3194,4.3986
egi,295,0,3,344.3075,55.238,175.3591,0.1976
egi,295,0,4,344.1105,55.238,4.6409,0.1976
egi,295,0,5,343.923,53.0325,87.6806,4.3986
egi,295,0,6,343.9235,50.813,166.1869,0.1843
egi,295,0,7,344.111,50.7835,175.6197,0.1966
egi,295,1,0,344.2775,54.769,174.1744,0.1377
egi,295,1,1,344.4085,54.743,163.0803,0.1307
egi,295,1,2,344.4085,52.9915,87.934,3.4673
egi,295,1,3,344.2775,51.2525,5.4211,0.1376
egi,295,1,4,344.14,51.2525,174.6183,0.1386
egi,295,1,5,344.009,52.9915,92.0494,3.4672
egi,295,1,6,344.009,54.743,17.0492,0.1297
egi,295,1,7,344.14,54.769,5.7833,0.1387
egi,296,0,0,351.54,52.8925,179.7055,0.19
egi,296,0,1,351.1865,52.331,51.359,1.4365
egi,296,0,2,350.7215,51.844,102.5651,0.1516
egi,296,0,3,350.448,51.918,0.0,0.514
egi,296,0,4,350.21,51.794,98.7085,0.2509
egi,296,0,5,351.3065,52.349,32.2182,2.5472
egi,296,0,6,352.315,53.072,147.4715,0.1637
egi,296,0,7,352.352,53.2085,41.1082,0.2814
egi,296,0,8,351.4025,53.857,152.2213,2.386
egi,296,0,9,350.32,54.2895,77.6647,0.2528
egi,296,0,10,350.5555,54.166,0.0,0.525
egi,296,0,11,350.8335,54.2315,76.6821,0.1346
egi,296,0,12,351.222,53.8345,128.8862,1.1883
egi,296,0,13,351.5115,53.3675,3.0963,0.1672
egi,297,0,0,353.763,51.892,95.3817,0.2772
egi,297,0,1,354.814,52.3635,30.4209,2.4074
egi,297,0,2,355.778,53.0085,154.3736,0.1641
egi,297,0,3,355.823,53.134,37.102,0.2984
egi,297,0,4,355.04,53.224,0.0,1.804
egi,297,0,5,354.2505,53.134,141.3421,0.2881
egi,297,0,6,354.2925,53.0085,26.7186,0.1579
egi,297,0,7,353.991,52.584,59.2987,0.9048
egi,297,0,8,353.755,52.1125,86.5279,0.1653
egi,297,1,0,355.117,54.7675,174.1282,0.1468
egi,297,1,1,355.259,54.738,162.3133,0.1448
egi,297,1,2,355.2545,54.009,84.0647,1.4216
egi,297,1,3,355.1125,53.2935,7.0606,0.138
egi,297,1,4,354.975,53.2935,172.9904,0.139
egi,297,1,5,354.833,54.009,95.8949,1.4215
egi,297,1,6,354.829,54.738,17.6867,0.1448
egi,297,1,7,354.971,54.7675,5.8718,0.1468
egi,297,2,0,355.1235,52.806,174.2567,0.1598
egi,297,2,1,355.278,52.776,163.649,0.1563
egi,297,2,2,355.276,52.008,84.1073,1.4999
egi,297,2,3,355.1215,51.254,5.8904,0.1558
egi,297,2,4,354.9665,51.254,174.1096,0.1558
egi,297,2,5,354.8115,52.008,95.931,1.5
egi,297,2,6,354.8095,52.776,16.2478,0.1573
egi,297,2,7,354.9645,52.806,5.7433,0.1598
egi,298,0,0,357.4375,54.486,67.1984,1.6489
egi,298,0,1,357.2805,53.6625,158.6639,0.3489
egi,298,0,2,357.8295,54.337,62.3573,1.6661
egi,299,0,0,359.4535,50.854,0.0,0.549
egi,299,0,1,359.728,52.45,90.0,3.192
egi,299,0,2,361.2965,52.3625,132.9746,4.6019
egi,299,0,3,362.865,52.884,90.0,4.41
egi,299,0,4,362.5905,55.089,0.0,0.549
egi,299,0,5,362.316,53.5435,90.0,3.091
egi,299,0,6,360.7475,53.645,133.6014,4.5488
egi,300,0,0,340.705,286.9135,179.6963,0.19
egi,300,0,1,340.3515,286.352,51.3583,1.4365
egi,300,0,2,339.8865,285.865,102.5676,0.1516
egi,300,0,3,339.613,285.939,0.0,0.514
egi,300,0,4,339.375,285.8145,98.676,0.2519
egi,300,0,5,340.4715,286.3695,32.2368,2.5477
egi,300,0,6,341.48,287.093,147.4805,0.1637
egi,300,0,7,341.517,287.2295,41.1082,0.2814
egi,300,0,8,340.567,287.878,152.2325,2.3869
egi,300,0,9,339.4845,288.3105,77.8864,0.2526
egi,300,0,10,339.7205,288.187,0.0,0.525
egi,300,0,11,339.998,288.2525,77.0873,0.1344
egi,300,0,12,340.3865,287.8555,128.9228,1.1889
egi,300,0,13,340.6765,287.389,2.7412,0.1672
egi,301,0,0,344.307,284.8045,4.3803,0.1966
egi,301,0,1,344.4945,284.834,13.8038,0.1843
egi,301,0,2,344.495,287.0535,92.3194,4.3986
egi,301,0,3,344.3075,289.259,175.3591,0.1976
egi,301,0,4,344.1105,289.259,4.6409,0.1976
egi,301,0,5,343.923,287.0535,87.6806,4.3986
egi,301,0,6,343.9235,284.834,166.1962,0.1843
egi,301,0,7,344.111,284.8045,175.6197,0.1966
egi,301,1,0,344.2775,288.79,174.1618,0.1377
egi,301,1,1,344.4085,288.7635,162.6715,0.1309
egi,301,1,2,344.4085,287.012,87.9333,3.4662
egi,301,1,3,344.2775,285.2735,5.4211,0.1376
egi,301,1,4,344.14,285.2735,174.6183,0.1386
egi,301,1,5,344.009,287.012,92.05,3.4662
egi,301,1,6,344.009,288.7635,17.4608,0.13
egi,301,1,7,344.14,288.79,5.7959,0.1387
egi,302,0,0,351.54,286.9135,179.6963,0.19
egi,302,0,1,351.1865,286.352,51.3583,1.4365
egi,302,0,2,350.7215,285.865,102.5676,0.1516
egi,302,0,3,350.448,285.939,0.0,0.514
egi,302,0,4,350.21,285.8145,98.676,0.2519
egi,302,0,5,351.3065,286.3695,32.2368,2.5477
egi,302,0,6,352.315,287.093,147.4805,0.1637
egi,302,0,7,352.352,287.2295,41.1082,0.2814
egi,302,0,8,351.4025,287.878,152.2213,2.386
egi,302,0,9,350.32,288.3105,77.6632,0.2528
egi,302,0,10,350.5555,288.187,0.0,0.525
egi,302,0,11,350.8335,288.2525,76.6821,0.1346
egi,302,0,12,351.222,287.8555,128.8862,1.1883
egi,302,0,13,351.5115,287.389,2.7412,0.1672
egi,303,0,0,355.344,285.777,53.5814,2.4357
egi,303,0,1,356.149,286.8885,58.058,0.3099
egi,303,0,2,355.674,288.1435,116.3705,2.508
egi,303,0,3,354.9765,289.253,5.6933,0.2824
egi,303,0,4,354.707,289.1985,17.4289,0.2704
egi,303,0,5,354.763,287.84,97.99,2.6618
egi,303,0,6,355.055,286.53,4.2737,0.2146
egi,303,0,7,355.2605,286.571,18.5228,0.2078
egi,303,0,8,355.365,286.5985,137.4302,0.0163
egi,303,0,9,354.8045,285.8445,52.8796,1.8774
egi,303,0,10,354.4295,284.9465,142.0202,0.4859
egi,303,1,0,355.0405,287.0015,174.1184,0.1659
egi,303,1,1,354.877,287.0355,162.5287,0.1699
egi,303,1,2,354.8835,287.9195,84.1797,1.7259
egi,303,1,3,355.064,288.7875,5.8362,0.187
egi,303,1,4,355.242,288.7865,172.9586,0.1713
egi,303,1,5,355.4095,287.922,95.5182,1.716
egi,303,1,6,355.4045,287.04,17.7458,0.1837
egi,303,1,7,355.22,287.0025,5.5883,0.1949
egi,304,0,0,357.4375,288.507,67.198,1.6488
egi,304,0,1,357.2805,287.6835,158.6545,0.3489
egi,304,0,2,357.8295,288.358,62.3583,1.6662
egi,305,0,0,359.4535,284.875,0.0,0.549
egi,305,0,1,359.728,286.471,90.0,3.192
egi,305,0,2,361.2965,286.3835,132.9749,4.6019
egi,305,0,3,362.865,286.905,90.0,4.41
egi,305,0,4,362.5905,289.11,0.0,0.549
egi,305,0,5,362.316,287.5645,90.0,3.091
egi,305,0,6,360.7475,287.666,133.6017,4.5487
egi,306,0,0,340.705,520.9335,179.6986,0.19
egi,306,0,1,340.3515,520.372,51.3588,1.4365
egi,306,0,2,339.8865,519.885,102.5657,0.1516
egi,306,0,3,339.613,519.959,0.0,0.514
egi,306,0,4,339.375,519.8345,98.6757,0.2519
egi,306,0,5,340.4715,520.3895,32.2367,2.5477
egi,306,0,6,341.48,521.113,147.476,0.1637
egi,306,0,7,341.517,521.2495,41.1082,0.2814
egi,306,0,8,340.567,521.898,152.2325,2.3869
egi,306,0,9,339.4845,522.33,77.9345,0.2536
egi,306,0,10,339.7205,522.206,0.0,0.525
egi,306,0,11,339.998,522.272,77.1833,0.1354
egi,306,0,12,340.3865,521.8755,128.9223,1.189
egi,306,0,13,340.6765,521.4085,3.0833,0.1672
egi,307,0,0,344.307,518.8245,4.3759,0.1966
egi,307,0,1,344.4945,518.854,13.8108,0.1843
egi,307,0,2,344.495,521.0735,92.3194,4.3986
egi,307,0,3,344.3075,523.279,175.3569,0.1976
egi,307,0,4,344.1105,523.279,4.6431,0.1976
egi,307,0,5,343.923,521.0735,87.6806,4.3986
egi,307,0,6,343.9235,518.854,166.1892,0.1843
egi,307,0,7,344.111,518.8245,175.6241,0.1966
egi,307,1,0,344.2775,522.8095,174.5789,0.1376
egi,307,1,1,344.4085,522.7835,162.6715,0.1309
egi,307,1,2,344.4085,521.032,87.9334,3.4663
egi,307,1,3,344.2775,519.2935,5.4211,0.1376
egi,307,1,4,344.14,519.2935,174.6183,0.1386
egi,307,1,5,344.009,521.032,92.05,3.4662
egi,307,1,6,344.009,522.7835,17.4608,0.13
egi,307,1,7,344.14,522.8095,5.3817,0.1386
egi,308,0,0,352.499,521.6705,90.0,3.355
egi,308,0,1,351.213,521.4355,56.0825,4.6093
egi,308,0,2,350.978,519.523,0.0,2.102
egi,308,0,3,352.029,519.209,90.0,0.628
egi,308,0,4,352.264,518.895,0.0,0.47
egi,308,0,5,352.499,519.209,90.0,0.628
egi,308,0,6,352.742,519.523,0.0,0.486
egi,308,0,7,352.985,519.758,90.0,0.47
egi,308,0,8,352.742,519.993,0.0,0.486
egi,308,1,0,351.4245,519.993,0.0,1.209
egi,308,1,1,351.4185,520.871,55.7193,2.1252
egi,308,1,2,352.023,521.749,0.0,0.012
egi,308,1,3,352.029,520.871,90.0,1.756
egi,309,0,0,355.142,518.8245,4.3759,0.1966
egi,309,0,1,355.3295,518.854,13.8108,0.1843
egi,309,0,2,355.3295,521.0735,92.3321,4.3986
egi,309,0,3,355.142,523.279,175.3338,0.1967
egi,309,0,4,354.9455,523.279,4.6431,0.1976
egi,309,0,5,354.7575,521.0735,87.6675,4.3986
egi,309,0,6,354.758,518.854,166.2636,0.1853
egi,309,0,7,354.946,518.8245,175.6241,0.1966
egi,309,1,0,355.1125,522.8095,174.5789,0.1376
egi,309,1,1,355.2435,522.7835,162.6715,0.1309
egi,309,1,2,355.2435,521.032,87.9334,3.4663
egi,309,1,3,355.1125,519.2935,5.4211,0.1376
egi,309,1,4,354.975,519.2935,174.6183,0.1386
egi,309,1,5,354.844,521.032,92.05,3.4662
egi,309,1,6,354.844,522.7835,17.4608,0.13
egi,309,1,7,354.975,522.8095,5.3817,0.1386
egi,310,0,0,357.4375,522.527,67.1981,1.6489
egi,310,0,1,357.2805,521.7035,158.6557,0.3489
egi,310,0,2,357.8295,522.378,62.3582,1.6662
egi,311,0,0,359.4535,518.895,0.0,0.549
egi,311,0,1,359.728,520.491,90.0,3.192
egi,311,0,2,361.2965,520.4035,132.9746,4.6019
egi,311,0,3,362.865,520.925,90.0,4.41
egi,311,0,4,362.5905,523.13,0.0,0.549
egi,311,0,5,362.316,521.5845,90.0,3.091
egi,311,0,6,360.7475,521.686,133.6014,4.5488
egi,312,0,0,121.2755,298.678,0.0,0.987
egi,312,0,1,122.1535,299.7825,70.8061,2.339
egi,312,0,2,122.4495,300.912,164.2289,0.1839
egi,312,0,3,122.361,300.942,90.0,0.01
egi,312,0,4,122.46,301.015,34.4815,0.2402
egi,312,0,5,121.939,301.998,124.1215,2.2105
egi,312,0,6,121.0505,302.913,0.0,0.537
egi,312,0,7,120.782,300.7955,90.0,4.235
egi,312,1,0,121.4025,302.443,0.0,0.143
egi,312,1,1,121.468,301.737,89.513,1.4121
egi,312,1,2,121.3965,301.031,0.0,0.131
egi,312,1,3,121.331,301.737,90.0,1.412
egi,312,2,0,121.49,300.639,0.0,0.318
egi,312,2,1,121.682,299.8935,92.5347,1.4925
egi,312,2,2,121.523,299.148,0.0,0.384
egi,312,2,3,121.331,299.8935,90.0,1.491
egi,313,0,0,126.8565,299.227,113.919,1.2011
egi,313,0,1,127.386,298.678,0.0,0.572
egi,313,0,2,126.6525,300.905,114.598,4.8985
egi,313,0,3,124.6135,300.905,65.4021,4.8985
egi,313,0,4,123.88,298.678,0.0,0.572
egi,313,0,5,124.4095,299.227,66.081,1.2011
egi,313,0,6,125.633,299.776,0.0,1.96
egi,313,1,0,125.633,300.246,0.0,1.518
egi,313,1,1,125.2535,301.1075,66.226,1.8828
egi,313,1,2,126.0125,301.1075,113.7742,1.8828
egi,314,0,0,130.6165,302.52,124.3373,0.172
egi,314,0,1,130.5125,302.6535,131.6031,0.1672
egi,314,0,2,129.6705,301.8845,46.5928,2.2891
egi,314,0,3,128.97,301.006,151.3461,0.196
egi,314,0,4,129.146,300.917,154.9783,0.1986
egi,314,0,5,128.975,300.2205,68.2587,1.4092
egi,314,0,6,128.69,299.645,106.896,0.1651
egi,314,0,7,128.659,299.811,94.6023,0.1746
egi,314,0,8,128.3775,299.84,11.9305,0.5611
egi,314,0,9,128.1305,299.656,102.3097,0.2579
egi,314,0,10,128.205,299.416,112.4077,0.2466
egi,314,0,11,129.4385,299.947,28.5293,2.701
egi,314,0,12,130.5605,300.6755,127.6886,0.211
egi,314,0,13,130.417,300.8315,137.457,0.2144
egi,314,0,14,130.247,300.9665,145.5192,0.2208
egi,314,0,15,129.5275,301.391,150.0593,1.4506
egi,314,0,16,128.8785,301.8065,110.9614,0.1146
egi,314,0,17,128.851,301.92,96.6511,0.1208
egi,314,0,18,129.306,302.277,32.7351,1.0985
egi,314,0,19,129.8585,302.535,156.6861,0.1971
egi,314,0,20,130.025,302.432,139.9026,0.1987
egi,314,0,21,130.1645,302.2785,125.3529,0.2195
egi,315,0,0,132.741,298.678,0.0,2.306
egi,315,0,1,133.894,298.913,90.0,0.47
egi,315,0,2,133.0155,299.148,0.0,1.757
egi,315,0,3,132.137,299.9715,90.0,1.647
egi,315,0,4,132.9895,300.795,0.0,1.705
egi,315,0,5,133.842,301.0305,90.0,0.471
egi,315,0,6,132.9895,301.266,0.0,1.705
egi,315,0,7,132.137,301.8545,90.0,1.177
egi,315,0,8,133.0155,302.443,0.0,1.757
egi,315,0,9,133.894,302.678,90.0,0.47
egi,315,0,10,132.741,302.913,0.0,2.306
egi,316,0,0,138.493,303.064,3.0648,0.2243
egi,316,0,1,138.271,303.0415,8.5358,0.2225
egi,316,0,2,138.2695,300.818,92.8144,4.4193
egi,316,0,3,138.4915,298.6055,177.2292,0.2273
egi,316,0,4,138.718,298.6055,2.7831,0.2263
egi,316,0,5,138.9395,300.818,87.1856,4.4193
egi,316,0,6,138.9385,303.0415,171.4255,0.2215
egi,316,0,7,138.717,303.064,176.9352,0.2243
egi,316,1,0,138.52,299.074,177.3072,0.1702
egi,316,1,1,138.3525,299.0915,170.7044,0.1672
egi,316,1,2,138.346,300.8475,87.5025,3.4883
egi,316,1,3,138.5135,302.595,3.1309,0.1833
egi,316,1,4,138.6965,302.595,176.8691,0.1833
egi,316,1,5,138.864,300.8475,92.4975,3.4883
egi,316,1,6,138.857,299.0915,9.241,0.1682
egi,316,1,7,138.6895,299.074,2.7086,0.1692
egi,317,0,0,142.3265,300.482,0.0,0.313
egi,317,0,1,142.367,301.6975,95.4517,2.442
egi,317,0,2,141.936,302.913,0.0,0.63
egi,317,0,3,141.621,300.7955,90.0,4.235
egi,317,0,4,141.8955,298.678,0.0,0.549
egi,317,0,5,142.17,299.58,90.0,1.804
egi,317,1,0,142.2425,302.443,0.0,0.145
egi,317,1,1,142.3295,301.698,91.1147,1.4903
egi,317,1,2,142.257,300.953,0.0,0.174
egi,317,1,3,142.17,301.698,90.0,1.49
egi,318,0,0,146.9985,302.52,124.3373,0.172
egi,318,0,1,146.8945,302.6535,131.6031,0.1672
egi,318,0,2,146.0525,301.8845,46.5928,2.2891
egi,318,0,3,145.352,301.006,151.3461,0.196
egi,318,0,4,145.528,300.917,154.9783,0.1986
egi,318,0,5,145.357,300.2205,68.2587,1.4092
egi,318,0,6,145.072,299.645,106.896,0.1651
egi,318,0,7,145.0405,299.811,94.9316,0.1747
egi,318,0,8,144.759,299.84,11.9518,0.5601
egi,318,0,9,144.5125,299.656,102.3097,0.2579
egi,318,0,10,144.587,299.416,112.4077,0.2466
egi,318,0,11,145.8205,299.947,28.5293,2.701
egi,318,0,12,146.942,300.6755,127.9011,0.2116
egi,318,0,13,146.7985,300.8315,137.2772,0.2137
egi,318,0,14,146.629,300.9665,145.5192,0.2208
egi,318,0,15,145.909,301.391,150.0788,1.4515
egi,318,0,16,145.26,301.8065,110.4969,0.1143
egi,318,0,17,145.233,301.92,96.6511,0.1208
egi,318,0,18,145.688,302.277,32.7351,1.0985
egi,318,0,19,146.2405,302.535,156.6861,0.1971
egi,318,0,20,146.4065,302.432,139.7149,0.1979
egi,318,0,21,146.546,302.2785,125.5668,0.2201
egi,319,0,0,165.069,350.309,0.0,2.306
egi,319,0,1,166.222,350.544,90.0,0.47
egi,319,0,2,165.3435,350.779,0.0,1.757
egi,319,0,3,164.465,351.603,90.0,1.648
egi,319,0,4,165.3175,352.427,0.0,1.705
egi,319,0,5,166.17,352.662,90.0,0.47
egi,319,0,6,165.3175,352.897,0.0,1.705
egi,319,0,7,164.465,353.4855,90.0,1.177
egi,319,0,8,165.3435,354.074,0.0,1.757
egi,319,0,9,166.222,354.309,90.0,0.47
egi,319,0,10,165.069,354.544,0.0,2.306
egi,320,0,0,167.3935,354.544,0.0,0.549
egi,320,0,1,167.119,352.4265,90.0,4.235
egi,320,0,2,168.04,350.309,0.0,1.842
egi,320,0,3,168.961,350.544,90.0,0.47
egi,320,0,4,168.3145,350.779,0.0,1.293
egi,321,0,0,170.707,350.309,0.0,2.306
egi,321,0,1,171.86,350.544,90.0,0.47
egi,321,0,2,170.9815,350.779,0.0,1.757
egi,321,0,3,170.103,351.603,90.0,1.648
egi,321,0,4,170.9555,352.427,0.0,1.705
egi,321,0,5,171.808,352.662,90.0,0.47
egi,321,0,6,170.9555,352.897,0.0,1.705
egi,321,0,7,170.103,353.4855,90.0,1.177
egi,321,0,8,170.9815,354.074,0.0,1.757
egi,321,0,9,171.86,354.309,90.0,0.47
egi,321,0,10,170.707,354.544,0.0,2.306
egi,322,0,0,172.5765,354.544,0.0,0.579
egi,322,0,1,173.21,352.3195,112.5347,4.8168
egi,322,0,2,175.053,352.3195,67.5312,4.8145
egi,322,0,3,175.683,354.544,0.0,0.58
egi,322,0,4,174.763,352.9855,67.9898,3.362
egi,323,0,0,165.353,345.1365,90.0,3.765
egi,323,0,1,165.588,343.254,0.0,0.47
egi,323,0,2,165.823,345.3715,90.0,4.235
egi,323,0,3,165.365,347.489,0.0,0.916
egi,323,0,4,164.76,347.254,57.9722,0.5544
egi,324,0,0,169.374,344.156,53.5819,2.4357
egi,324,0,1,170.179,345.2675,58.0532,0.3099
egi,324,0,2,169.704,346.5225,116.371,2.508
egi,324,0,3,169.0065,347.632,5.6903,0.2824
egi,324,0,4,168.737,347.5775,17.4319,0.2704
egi,324,0,5,168.793,346.219,97.99,2.6618
egi,324,0,6,169.085,344.9095,4.5414,0.2147
egi,324,0,7,169.2905,344.9505,18.2604,0.2075
egi,324,0,8,169.395,344.9775,137.4698,0.0163
egi,324,0,9,168.8345,344.2235,52.8801,1.8774
egi,324,0,10,168.4595,343.3255,142.0217,0.4859
egi,324,1,0,169.0705,345.3805,174.1179,0.1659
egi,324,1,1,168.907,345.4145,162.5222,0.1698
egi,324,1,2,168.9135,346.2985,84.1803,1.7259
egi,324,1,3,169.094,347.1665,5.832,0.187
egi,324,1,4,169.272,347.1655,172.9592,0.1713
egi,324,1,5,169.4395,346.3005,95.515,1.7169
egi,324,1,6,169.4345,345.4185,17.4493,0.1834
egi,324,1,7,169.25,345.381,5.8828,0.195
egi,325,0,0,172.3255,345.2425,58.2693,4.1774
egi,325,0,1,171.4325,343.321,144.7933,0.503
egi,325,0,2,172.962,345.333,58.4578,5.0619
egi,325,0,3,172.7565,347.49,0.0,3.059
egi,325,0,4,171.227,347.2545,90.0,0.471
egi,326,0,0,188.9755,327.083,153.7115,0.28
egi,326,0,1,188.845,325.0705,89.862,4.149
egi,326,0,2,188.9705,323.0575,25.2302,0.2885
egi,326,0,3,189.101,323.4335,90.0,0.629
egi,326,0,4,188.975,323.6525,37.1569,0.3162
egi,326,0,5,188.851,325.072,89.9244,3.03
egi,326,0,6,188.977,326.4955,143.5743,0.3082
egi,327,0,0,184.742,194.99,0.0,0.88
egi,327,0,1,185.1905,197.1075,89.77,4.235
egi,327,0,2,184.7505,199.225,0.0,0.897
egi,327,0,3,184.302,197.1075,90.0,4.235
egi,327,1,0,184.9435,198.755,0.0,0.185
egi,327,1,1,185.036,197.1075,90.0,3.295
egi,327,1,2,184.9435,195.46,0.0,0.185
egi,327,1,3,184.851,197.107,90.0,3.294
egi,328,0,0,182.314,140.644,0.0,2.306
egi,328,0,1,183.467,140.879,90.0,0.47
egi,328,0,2,182.5885,141.114,0.0,1.757
egi,328,0,3,181.71,141.938,90.0,1.648
egi,328,0,4,182.5625,142.762,0.0,1.705
egi,328,0,5,183.415,142.997,90.0,0.47
egi,328,0,6,182.5625,143.232,0.0,1.705
egi,328,0,7,181.71,143.8205,90.0,1.177
egi,328,0,8,182.5885,144.409,0.0,1.757
egi,328,0,9,183.467,144.644,90.0,0.47
egi,328,0,10,182.314,144.879,0.0,2.306
egi,329,0,0,150.895,168.3605,51.6047,2.2316
egi,329,0,1,150.4315,169.826,152.9317,2.5975
egi,329,0,2,149.25,170.279,79.7311,0.2805
egi,329,0,3,149.4905,170.141,0.0,0.531
egi,329,0,4,149.7685,170.221,81.1217,0.1619
egi,329,0,5,150.4065,169.8145,142.1254,1.5848
egi,329,0,6,150.1,168.1725,51.1112,2.969
egi,329,0,7,150.5245,167.017,0.0,2.713
egi,329,0,8,151.881,167.2515,90.0,0.469
egi,330,0,0,153.838,168.8985,90.0,3.765
egi,330,0,1,154.073,167.016,0.0,0.47
egi,330,0,2,154.308,169.1335,90.0,4.235
egi,330,0,3,153.85,171.251,0.0,0.916
egi,330,0,4,153.245,171.016,57.9722,0.5544
egi,331,0,0,158.874,171.016,90.0,0.47
egi,331,0,1,158.038,171.251,0.0,1.672
egi,331,0,2,156.874,170.1615,73.2453,2.2756
egi,331,0,3,156.597,169.072,0.0,0.102
egi,331,0,4,156.7285,169.151,44.4656,0.2256
egi,331,0,5,157.6345,168.8375,154.5703,1.8281
egi,331,0,6,158.45,168.341,84.5067,0.209
egi,331,0,7,158.4105,168.1405,73.0037,0.2018
egi,331,0,8,157.5095,167.915,8.4197,1.762
egi,331,0,9,156.595,167.8455,125.8623,0.1468
egi,331,0,10,156.521,167.9705,115.3241,0.1449
egi,331,0,11,156.292,167.851,43.0559,0.5419
egi,331,0,12,156.147,167.584,122.8767,0.1953
egi,331,0,13,156.9015,168.71,59.8556,2.7938
egi,331,0,14,157.4535,169.9095,3.2537,0.2995
egi,331,0,15,157.4365,170.341,73.2403,0.919
egi,332,0,0,177.3185,168.2505,22.5722,1.201
egi,332,0,1,177.88,168.7665,88.5948,0.5712
egi,332,0,2,175.636,168.087,23.205,4.8983
egi,332,0,3,175.5865,166.049,154.0157,4.8981
egi,332,0,4,177.795,165.2615,88.5963,0.5712
egi,332,0,5,177.259,165.804,154.6729,1.2015
egi,332,0,6,176.74,167.0405,88.5963,1.9596
egi,332,1,0,176.27,167.052,88.6416,1.5184
egi,332,1,1,175.4,166.6935,154.8234,1.8829
egi,332,1,2,175.418,167.4525,22.3944,1.8819
egi,333,0,0,182.4065,397.2475,21.5441,1.2009
egi,333,0,1,182.977,397.754,87.5972,0.5725
egi,333,0,2,180.7215,397.1135,22.2249,4.899
egi,333,0,3,180.637,395.076,153.027,4.8989
egi,333,0,4,182.832,394.2505,87.593,0.5715
egi,333,0,5,182.3055,394.8025,153.6692,1.2017
egi,333,0,6,181.8075,396.048,87.6313,1.9597
egi,333,1,0,181.3375,396.067,87.6233,1.5193
egi,333,1,1,180.461,395.7235,153.8159,1.8832
egi,333,1,2,180.4925,396.4825,21.4002,1.8828
egi,334,0,0,195.679,138.8255,178.4911,0.1901
egi,334,0,1,195.315,138.2705,50.2808,1.4366
egi,334,0,2,194.8405,137.7925,101.7561,0.1522
egi,334,0,3,194.5685,137.872,178.8822,0.5131
egi,334,0,4,194.3285,137.7525,97.5498,0.2512
egi,334,0,5,195.435,138.2865,31.1378,2.5469
egi,334,0,6,196.4575,138.99,146.3099,0.1622
egi,334,0,7,196.4975,139.1255,40.0931,0.281
egi,334,0,8,195.5605,139.7925,151.1042,2.3861
egi,334,0,9,194.4865,140.2455,76.5633,0.2539
egi,334,0,10,194.7195,140.117,178.9077,0.5251
egi,334,0,11,194.9985,140.1775,75.8602,0.1351
egi,334,0,12,195.3795,139.7735,127.8245,1.1888
egi,334,0,13,195.6605,139.3015,1.7165,0.1671
egi,335,0,0,198.988,140.13,52.6429,2.4457
egi,335,0,1,198.1615,139.0315,56.2557,0.3042
egi,335,0,2,198.6125,137.7735,115.3266,2.5036
egi,335,0,3,199.2885,136.6535,4.6751,0.2819
egi,335,0,4,199.559,136.7025,16.0936,0.2706
egi,335,0,5,199.532,138.0615,96.7751,2.6616
egi,335,0,6,199.265,139.3715,5.9709,0.2212
egi,335,0,7,199.056,139.3255,19.2129,0.2097
egi,335,0,8,198.951,139.2965,137.4665,0.0163
egi,335,0,9,199.5265,140.0835,53.3473,1.9482
egi,335,0,10,199.919,140.9835,147.9134,0.4462
egi,335,1,0,199.0625,137.123,172.9139,0.1784
egi,335,1,1,198.8905,137.162,161.463,0.1761
egi,335,1,2,198.9105,138.045,83.0977,1.7225
egi,335,1,3,199.1,138.908,5.3117,0.1727
egi,335,1,4,199.2695,138.9055,172.8344,0.1683
egi,335,1,5,199.423,138.035,94.6533,1.7257
egi,335,1,6,199.409,137.151,15.9468,0.1747
egi,335,1,7,199.238,137.1195,4.922,0.1746
egi,336,0,0,230.8875,216.011,23.8562,0.8802
egi,336,0,1,230.4425,218.129,113.5983,4.2341
egi,336,0,2,229.1845,219.888,23.7939,0.8973
egi,336,0,3,229.6295,217.77,113.8293,4.235
egi,336,1,0,229.551,219.5355,23.801,0.1858
egi,336,1,1,230.3015,218.066,113.8266,3.2948
egi,336,1,2,230.8825,216.522,23.6497,0.1845
egi,336,1,3,230.132,217.992,113.8426,3.2952
egi,337,0,0,190.066,154.49,93.5014,0.1964
egi,337,0,1,190.04,154.678,102.5319,0.1844
egi,337,0,2,187.821,154.721,1.2243,4.399
egi,337,0,3,185.6125,154.576,84.4643,0.1969
egi,337,0,4,185.609,154.3795,93.484,0.1974
egi,337,0,5,187.8105,154.1495,176.5723,4.3989
egi,337,0,6,190.0295,154.1075,75.2877,0.1851
egi,337,0,7,190.0625,154.2945,84.4359,0.1959
egi,337,1,0,186.081,154.5375,83.342,0.1379
egi,337,1,1,186.1095,154.668,71.7069,0.1306
egi,337,1,2,187.861,154.634,176.8254,3.4673
egi,337,1,3,189.597,154.4695,94.1727,0.1374
egi,337,1,4,189.594,154.3325,83.342,0.1379
egi,337,1,5,187.853,154.235,0.9589,3.4665
egi,337,1,6,186.102,154.2685,106.0709,0.1301
egi,337,1,7,186.0785,154.4,94.5518,0.1384
egi,338,0,0,190.134,158.014,93.5014,0.1964
egi,338,0,1,190.108,158.202,102.5319,0.1844
egi,338,0,2,187.889,158.245,1.2243,4.399
egi,338,0,3,185.6805,158.1,84.4643,0.1969
egi,338,0,4,185.677,157.9035,93.484,0.1974
egi,338,0,5,187.8785,157.6735,176.5723,4.3989
egi,338,0,6,190.0975,157.631,75.2081,0.1841
egi,338,0,7,190.1305,157.818,84.4643,0.1969
egi,338,1,0,186.149,158.0615,83.342,0.1379
egi,338,1,1,186.1775,158.192,71.7069,0.1306
egi,338,1,2,187.929,158.158,176.8254,3.4673
egi,338,1,3,189.665,157.9935,94.1727,0.1374
egi,338,1,4,189.662,157.8565,83.342,0.1379
egi,338,1,5,187.921,157.759,0.9589,3.4665
egi,338,1,6,186.17,157.7925,106.0709,0.1301
egi,338,1,7,186.1465,157.924,94.5518,0.1384
egi,339,0,0,187.374,162.4755,178.8897,3.3546
egi,339,0,1,187.5845,161.1855,144.9827,4.6094
egi,339,0,2,189.492,160.9135,88.9095,2.1014
egi,339,0,3,189.826,161.958,178.9059,0.6281
egi,339,0,4,190.1445,162.187,88.9027,0.4701
egi,339,0,5,189.835,162.428,178.9059,0.6281
egi,339,0,6,189.526,162.677,88.8219,0.4861
egi,339,0,7,189.2955,162.9245,178.905,0.4711
egi,339,0,8,189.0555,162.686,88.9388,0.4861
egi,339,1,0,189.0305,161.369,88.9095,1.2082
egi,339,1,1,188.1525,161.38,144.6345,2.1251
egi,339,1,2,187.286,162.001,90.0,0.012
egi,339,1,3,188.164,161.99,178.8909,1.7563
egi,340,0,0,189.6445,164.0915,100.5905,0.1251
egi,340,0,1,189.6935,164.2015,77.6635,0.3511
egi,340,0,2,189.696,164.3235,54.7339,0.1213
egi,341,0,0,186.26,168.2505,178.9027,0.4701
egi,341,0,1,186.009,167.419,88.9036,1.6723
egi,341,0,2,187.076,166.2345,162.1625,2.2754
egi,341,0,3,188.16,165.9365,88.866,0.101
egi,341,0,4,188.0835,166.069,133.3835,0.2257
egi,341,0,5,188.4145,166.9695,63.4768,1.8295
egi,341,0,6,188.9265,167.7755,173.1153,0.2085
egi,341,0,7,189.126,167.732,162.1008,0.2018
egi,341,0,8,189.3345,166.827,97.3345,1.7624
egi,341,0,9,189.3865,165.911,34.7732,0.1473
egi,341,0,10,189.26,165.8395,24.0816,0.1446
egi,341,0,11,189.375,165.6085,131.9332,0.5417
egi,341,0,12,189.639,165.458,31.5663,0.1948
egi,341,0,13,188.5275,166.2335,148.7619,2.7941
egi,341,0,14,187.3385,166.8085,92.1071,0.2992
egi,341,0,15,186.907,166.8,162.1166,0.9184
egi,342,0,0,240.4135,183.352,89.0936,0.19
egi,342,0,1,240.972,182.994,140.8788,1.4359
egi,342,0,2,241.455,182.525,12.1931,0.1514
egi,342,0,3,241.379,182.2525,89.5535,0.513
egi,342,0,4,241.5015,182.0135,7.9949,0.2515
egi,342,0,5,240.9555,183.114,121.7621,2.5475
egi,342,0,6,240.2405,184.1285,56.9882,0.1634
egi,342,0,7,240.104,184.167,130.6893,0.2822
egi,342,0,8,239.4475,183.223,61.759,2.386
egi,342,0,9,239.0065,182.144,167.2263,0.2533
egi,342,0,10,239.132,182.3785,89.5637,0.525
egi,342,0,11,239.069,182.657,166.1792,0.1339
egi,342,0,12,239.469,183.0425,38.4718,1.1879
egi,342,0,13,239.9375,183.3285,92.4016,0.1671
egi,343,0,0,238.492,188.187,179.5127,0.47
egi,343,0,1,238.25,187.3525,89.5208,1.6731
egi,343,0,2,239.33,186.1795,162.799,2.2758
egi,343,0,3,240.4175,185.894,89.443,0.102
egi,343,0,4,240.3395,186.026,134.1038,0.2256
egi,343,0,5,240.6605,186.9295,64.0935,1.8288
egi,343,0,6,241.1635,187.741,173.9409,0.2082
egi,343,0,7,241.3635,187.7,162.7236,0.2021
egi,343,0,8,241.582,186.7975,97.9601,1.762
egi,343,0,9,241.644,185.8825,35.3062,0.1471
egi,343,0,10,241.5185,185.8095,24.9712,0.1445
egi,343,0,11,241.6365,185.5795,132.6091,0.5421
egi,343,0,12,241.902,185.432,32.3814,0.1942
egi,343,0,13,240.7815,186.1955,149.3883,2.7944
egi,343,0,14,239.5865,186.757,92.8624,0.3004
egi,343,0,15,239.155,186.743,162.7872,0.9192
egi,344,0,0,242.58,190.462,94.0875,0.1965
egi,344,0,1,242.552,190.6495,103.2035,0.1838
egi,344,0,2,240.3325,190.668,1.8497,4.3993
egi,344,0,3,238.1255,190.4985,85.0682,0.1977
egi,344,0,4,238.124,190.3015,94.0667,0.1975
egi,344,0,5,240.328,190.096,177.2119,4.3992
egi,344,0,6,242.5475,190.079,75.9638,0.1855
egi,344,0,7,242.5785,190.2665,85.0183,0.1957
egi,344,1,0,238.595,190.465,84.1265,0.1367
egi,344,1,1,238.622,190.5955,72.2581,0.1312
egi,344,1,2,240.3735,190.5815,177.47,3.4664
egi,344,1,3,242.111,190.4365,95.0033,0.1375
egi,344,1,4,242.11,190.299,84.2104,0.1387
egi,344,1,5,240.3705,190.182,1.5871,3.4663
egi,344,1,6,238.619,190.1965,106.9069,0.1306
egi,344,1,7,238.594,190.328,94.967,0.1385
egi,345,0,0,242.609,193.987,94.0875,0.1965
egi,345,0,1,242.581,194.1745,103.2035,0.1838
egi,345,0,2,240.3615,194.193,1.8497,4.3993
egi,345,0,3,238.1545,194.0235,85.0682,0.1977
egi,345,0,4,238.153,193.8265,94.0667,0.1975
egi,345,0,5,240.357,193.621,177.2119,4.3992
egi,345,0,6,242.5765,193.6035,75.8879,0.1846
egi,345,0,7,242.6075,193.791,85.0437,0.1968
egi,345,1,0,238.624,193.99,84.1265,0.1367
egi,345,1,1,238.651,194.1205,72.2581,0.1312
egi,345,1,2,240.4025,194.1065,177.47,3.4664
egi,345,1,3,242.14,193.9615,95.0033,0.1375
egi,345,1,4,242.139,193.824,84.2104,0.1387
egi,345,1,5,240.3995,193.707,1.5871,3.4663
egi,345,1,6,238.648,193.7215,106.9069,0.1306
egi,345,1,7,238.623,193.853,94.967,0.1385
egi,346,0,0,241.831,198.2125,141.203,1.8913
egi,346,0,1,242.5705,197.926,89.5315,0.612
egi,346,0,2,242.0165,198.655,142.7611,1.398
egi,346,0,3,242.0235,199.5055,37.1852,1.4146
egi,346,0,4,242.589,200.2275,89.6111,0.589
egi,346,0,5,241.845,199.964,36.7962,1.8632
egi,346,0,6,240.5115,199.8935,140.3153,1.5268
egi,346,0,7,239.9215,200.0755,89.5307,0.611
egi,346,0,8,240.328,199.4265,139.9757,1.0682
egi,346,0,9,240.3225,198.775,36.6156,1.0328
egi,346,0,10,239.9055,198.1695,89.5195,0.595
egi,347,0,0,239.214,204.028,143.2801,2.4452
egi,347,0,1,240.3215,203.214,146.9379,0.3043
egi,347,0,2,241.5745,203.679,25.9607,2.5036
egi,347,0,3,242.687,204.367,95.3053,0.2812
egi,347,0,4,242.635,204.637,106.6992,0.2715
egi,347,0,5,241.2765,204.595,7.4267,2.6613
egi,347,0,6,239.97,204.3135,96.767,0.2205
egi,347,0,7,240.0185,204.105,109.731,0.2103
egi,347,0,8,240.0485,204.0,47.5423,0.0163
egi,347,0,9,239.255,204.567,143.9764,1.9486
egi,347,0,10,238.3505,204.9495,58.5528,0.4466
egi,347,1,0,242.2205,204.1355,83.874,0.178
egi,347,1,1,242.183,203.9635,71.4615,0.1761
egi,347,1,2,241.2995,203.9735,173.7623,1.7212
egi,347,1,3,240.435,204.153,95.9762,0.1729
egi,347,1,4,240.4355,204.323,83.5485,0.1691
egi,347,1,5,241.304,204.4865,5.2875,1.7253
egi,347,1,6,242.188,204.4825,106.6695,0.1743
egi,347,1,7,242.2215,204.312,95.5792,0.1748
egi,348,0,0,242.722,207.844,94.0875,0.1965
egi,348,0,1,242.694,208.0315,103.2035,0.1838
egi,348,0,2,240.475,208.05,1.8501,4.3983
egi,348,0,3,238.268,207.881,84.7517,0.1968
egi,348,0,4,238.2665,207.6845,94.3542,0.1976
egi,348,0,5,240.4705,207.4785,177.1981,4.3983
egi,348,0,6,242.6895,207.461,75.9638,0.1855
egi,348,0,7,242.7205,207.6485,85.0183,0.1957
egi,348,1,0,238.737,207.847,84.1265,0.1367
egi,348,1,1,238.764,207.9775,72.2581,0.1312
egi,348,1,2,240.5155,207.9635,177.47,3.4664
egi,348,1,3,242.253,207.8185,95.0033,0.1375
egi,348,1,4,242.252,207.6815,84.1681,0.1377
egi,348,1,5,240.512,207.5645,1.6033,3.4674
egi,348,1,6,238.7605,207.5785,106.4898,0.1304
egi,348,1,7,238.7355,207.71,95.3817,0.1386
egi,349,0,0,205.74,113.09,179.0254,0.4701
egi,349,0,1,205.49,112.258,88.9721,1.6723
egi,349,0,2,206.559,111.0755,162.2737,2.2761
egi,349,0,3,207.644,110.7795,88.866,0.101
egi,349,0,4,207.5675,110.912,133.3835,0.2257
egi,349,0,5,207.897,111.813,63.5752,1.8291
egi,349,0,6,208.4075,112.62,173.3902,0.2084
egi,349,0,7,208.607,112.5765,161.8373,0.2021
egi,349,0,8,208.817,111.672,97.4397,1.7608
egi,349,0,9,208.8705,110.757,34.7766,0.1473
egi,349,0,10,208.744,110.685,24.4425,0.145
egi,349,0,11,208.8595,110.454,132.0803,0.5416
egi,349,0,12,209.124,110.304,31.574,0.1948
egi,349,0,13,208.011,111.0775,148.8643,2.7946
egi,349,0,14,206.821,111.65,92.2924,0.3002
egi,349,0,15,206.3895,111.6405,162.1956,0.919
egi,350,0,0,205.801,116.615,179.0254,0.4701
egi,350,0,1,205.551,115.783,88.9721,1.6723
egi,350,0,2,206.62,114.6005,162.2737,2.2761
egi,350,0,3,207.705,114.3045,88.866,0.101
egi,350,0,4,207.6285,114.437,133.3835,0.2257
egi,350,0,5,207.958,115.338,63.5752,1.8291
egi,350,0,6,208.4685,116.145,173.3902,0.2084
egi,350,0,7,208.668,116.1015,161.8373,0.2021
egi,350,0,8,208.878,115.1965,97.4355,1.7618
egi,350,0,9,208.9315,114.281,34.7766,0.1473
egi,350,0,10,208.8055,114.209,24.6056,0.1441
egi,350,0,11,208.921,113.978,132.0023,0.541
egi,350,0,12,209.185,113.8285,31.8256,0.1954
egi,350,0,13,208.0725,114.602,148.8708,2.7932
egi,350,0,14,206.8825,115.1745,92.1071,0.2992
egi,350,0,15,206.4505,115.165,162.2554,0.9187
egi,351,0,0,205.863,120.139,179.0254,0.4701
egi,351,0,1,205.613,119.307,88.9721,1.6723
egi,351,0,2,206.682,118.1245,162.2737,2.2761
egi,351,0,3,207.767,117.8285,88.866,0.101
egi,351,0,4,207.69,117.961,133.5659,0.2263
egi,351,0,5,208.0195,118.862,63.5474,1.8295
egi,351,0,6,208.5305,119.669,173.3902,0.2084
egi,351,0,7,208.73,119.626,162.1008,0.2018
egi,351,0,8,208.94,118.7215,97.4356,1.7618
egi,351,0,9,208.9935,117.806,34.7766,0.1473
egi,351,0,10,208.8675,117.734,24.6056,0.1441
egi,351,0,11,208.983,117.503,132.0023,0.541
egi,351,0,12,209.247,117.353,31.574,0.1948
egi,351,0,13,208.1345,118.1265,148.8537,2.7937
egi,351,0,14,206.9445,118.6995,92.1074,0.2992
egi,351,0,15,206.5125,118.69,162.2554,0.9187
egi,352,0,0,209.1735,123.085,140.6871,1.8909
egi,352,0,1,209.91,122.7915,89.0614,0.6111
egi,352,0,2,209.363,123.525,142.2109,1.397
egi,352,0,3,209.378,124.3755,36.6916,1.4142
egi,352,0,4,209.95,125.0925,89.0278,0.5891
egi,352,0,5,209.2035,124.836,36.2485,1.8637
egi,352,0,6,207.869,124.778,139.7815,1.527
egi,352,0,7,207.281,124.965,89.0644,0.6121
egi,352,0,8,207.682,124.3125,139.5211,1.0675
egi,352,0,9,207.6705,123.6615,36.1055,1.0335
egi,352,0,10,207.248,123.0595,89.0362,0.5951
egi,353,0,0,208.134,128.922,178.9953,3.7646
egi,353,0,1,210.02,129.1245,89.0256,0.4711
egi,353,0,2,207.907,129.397,178.9986,4.2347
egi,353,0,3,205.782,128.9755,89.0009,0.9171
egi,353,0,4,206.0065,128.366,146.9974,0.5545
egi,354,0,0,206.105,133.995,179.0254,0.4701
egi,354,0,1,205.855,133.163,88.9721,1.6723
egi,354,0,2,206.924,131.9805,162.2737,2.2761
egi,354,0,3,208.009,131.6845,88.866,0.101
egi,354,0,4,207.932,131.817,133.5659,0.2263
egi,354,0,5,208.2615,132.718,63.5474,1.8295
egi,354,0,6,208.7725,133.525,173.3902,0.2084
egi,354,0,7,208.972,133.4815,161.8373,0.2021
egi,354,0,8,209.182,132.577,97.4397,1.7608
egi,354,0,9,209.2355,131.6615,35.0971,0.1479
egi,354,0,10,209.1095,131.5895,24.2405,0.1437
egi,354,0,11,209.225,131.359,132.0023,0.541
egi,354,0,12,209.489,131.209,31.574,0.1948
egi,354,0,13,208.3765,131.9825,148.8537,2.7937
egi,354,0,14,207.1865,132.555,92.1003,0.3002
egi,354,0,15,206.7545,132.5455,162.1956,0.919
egi,355,0,0,210.215,136.231,93.5014,0.1964
egi,355,0,1,210.189,136.419,102.5319,0.1844
egi,355,0,2,207.97,136.458,1.3289,4.3992
egi,355,0,3,205.7615,136.309,84.4635,0.1969
egi,355,0,4,205.758,136.1125,93.484,0.1974
egi,355,0,5,207.9595,135.8865,176.6763,4.3984
egi,355,0,6,210.1785,135.8485,75.2877,0.1851
egi,355,0,7,210.2115,136.0355,84.4359,0.1959
egi,355,1,0,206.23,136.2715,83.342,0.1379
egi,355,1,1,206.2585,136.402,71.7027,0.1306
egi,355,1,2,208.01,136.371,176.9246,3.467
egi,355,1,3,209.746,136.2095,94.1727,0.1374
egi,355,1,4,209.7435,136.0725,83.7516,0.1378
egi,355,1,5,208.003,135.9715,1.0744,3.4666
egi,355,1,6,206.252,136.002,105.9426,0.131
egi,355,1,7,206.228,136.1335,95.0033,0.1375
egi,356,0,0,191.276,229.4245,4.3503,0.2768
egi,356,0,1,190.825,230.484,119.3136,2.4061
egi,356,0,2,190.199,231.46,63.1196,0.1637
egi,356,0,3,190.0745,231.5075,125.9857,0.2978
egi,356,0,4,189.9695,230.726,88.8884,1.8043
egi,356,0,5,190.044,229.935,50.3443,0.2883
egi,356,0,6,190.17,229.975,115.5865,0.1574
egi,356,0,7,190.5885,229.6655,148.1902,0.9049
egi,356,0,8,191.0555,229.4205,175.4947,0.1655
egi,356,1,0,188.4275,230.8335,82.5369,0.1463
egi,356,1,1,188.4595,230.9745,71.8162,0.1442
egi,356,1,2,189.1875,230.956,172.9696,1.4217
egi,356,1,3,189.9005,230.8005,96.2484,0.1378
egi,356,1,4,189.898,230.6635,81.6922,0.1384
egi,356,1,5,189.1795,230.5355,4.7999,1.422
egi,356,1,6,188.451,230.5455,106.0542,0.1446
egi,356,1,7,188.4245,230.688,95.0886,0.1466
egi,356,2,0,190.388,230.802,83.4995,0.159
egi,356,2,1,190.421,230.956,72.2532,0.1575
egi,356,2,2,191.1895,230.9395,172.9929,1.5002
egi,356,2,3,191.9405,230.7705,94.7944,0.1555
egi,356,2,4,191.9375,230.6155,83.0069,0.1562
egi,356,2,5,191.1805,230.475,4.8178,1.5003
egi,356,2,6,190.412,230.488,105.4428,0.1577
egi,356,2,7,190.385,230.6435,94.3192,0.1594
egi,357,0,0,192.478,234.306,93.5014,0.1964
egi,357,0,1,192.452,234.494,102.5319,0.1844
egi,357,0,2,190.233,234.537,1.2243,4.399
egi,357,0,3,188.0245,234.392,84.4643,0.1969
egi,357,0,4,188.021,234.1955,93.484,0.1974
egi,357,0,5,190.2225,233.9655,176.5723,4.3989
egi,357,0,6,192.4415,233.9235,75.2877,0.1851
egi,357,0,7,192.4745,234.1105,84.4359,0.1959
egi,357,1,0,188.493,234.3535,83.342,0.1379
egi,357,1,1,188.5215,234.484,71.7069,0.1306
egi,357,1,2,190.273,234.45,176.8254,3.4673
egi,357,1,3,192.009,234.2855,94.1727,0.1374
egi,357,1,4,192.006,234.1485,83.342,0.1379
egi,357,1,5,190.265,234.051,0.9589,3.4665
egi,357,1,6,188.514,234.0845,106.0709,0.1301
egi,357,1,7,188.4905,234.216,94.5518,0.1384
egi,358,0,0,191.138,238.146,140.49,2.232
egi,358,0,1,189.6635,237.711,61.8172,2.598
egi,358,0,2,189.188,236.5385,168.7315,0.2814
egi,358,0,3,189.331,236.776,88.918,0.5301
egi,358,0,4,189.2565,237.055,170.0187,0.1615
egi,358,0,5,189.6755,237.685,51.018,1.5849
egi,358,0,6,191.3115,237.347,140.0141,2.9692
egi,358,0,7,192.475,237.7495,88.9019,2.7135
egi,358,0,8,192.2665,239.1105,178.904,0.4691
egi,359,0,0,188.568,242.6495,178.9027,0.4701
egi,359,0,1,188.317,241.818,88.9036,1.6723
egi,359,0,2,189.384,240.6335,162.1625,2.2754
egi,359,0,3,190.468,240.3355,88.866,0.101
egi,359,0,4,190.3915,240.468,133.3835,0.2257
egi,359,0,5,190.7225,241.3685,63.4768,1.8295
egi,359,0,6,191.2345,242.1745,173.1153,0.2085
egi,359,0,7,191.434,242.131,162.1008,0.2018
egi,359,0,8,191.6425,241.2265,97.3386,1.7614
egi,359,0,9,191.694,240.311,34.5544,0.1481
egi,359,0,10,191.5675,240.239,24.6082,0.1441
egi,359,0,11,191.683,240.0075,131.9332,0.5417
egi,359,0,12,191.947,239.8575,31.818,0.1954
egi,359,0,13,190.8355,240.633,148.7796,2.7936
egi,359,0,14,189.6465,241.2075,92.1071,0.2992
egi,359,0,15,189.215,241.199,162.1166,0.9184
egi,360,0,0,191.8835,245.5885,140.5787,1.8913
egi,360,0,1,192.6195,245.294,88.9701,0.6121
egi,360,0,2,192.0735,246.0285,142.1539,1.3968
egi,360,0,3,192.09,246.8785,36.5778,1.4146
egi,360,0,4,192.6635,247.5945,88.93,0.5891
egi,360,0,5,191.917,247.3395,36.156,1.8628
egi,360,0,6,190.5825,247.284,139.7003,1.5275
egi,360,0,7,189.9945,247.4725,88.9684,0.6111
egi,360,0,8,190.3945,246.819,139.3646,1.0687
egi,360,0,9,190.382,246.1675,35.9837,1.0331
egi,360,0,10,189.958,245.5665,88.8438,0.5951
egi,361,0,0,190.855,251.429,178.9043,3.7647
egi,361,0,1,192.7415,251.628,88.9027,0.4701
egi,361,0,2,190.629,251.9035,178.9041,4.2348
egi,361,0,3,188.503,251.486,88.8739,0.9162
egi,361,0,4,188.7265,250.8765,146.9129,0.555
egi,362,0,0,188.835,256.5045,178.9027,0.4701
egi,362,0,1,188.584,255.673,88.9036,1.6723
egi,362,0,2,189.651,254.4885,162.1625,2.2754
egi,362,0,3,190.735,254.1905,88.866,0.101
egi,362,0,4,190.6585,254.323,133.3835,0.2257
egi,362,0,5,190.9895,255.2235,63.4768,1.8295
egi,362,0,6,191.5015,256.0295,173.1153,0.2085
egi,362,0,7,191.701,255.986,162.1008,0.2018
egi,362,0,8,191.9095,255.081,97.3345,1.7624
egi,362,0,9,191.9615,254.165,34.7732,0.1473
egi,362,0,10,191.835,254.0935,24.0816,0.1446
egi,362,0,11,191.95,253.8625,131.9332,0.5417
egi,362,0,12,192.214,253.712,31.5663,0.1948
egi,362,0,13,191.1025,254.4875,148.7619,2.7941
egi,362,0,14,189.9135,255.0625,92.1071,0.2992
egi,362,0,15,189.482,255.054,162.1166,0.9184
egi,363,0,0,192.948,258.734,93.5014,0.1964
egi,363,0,1,192.922,258.922,102.5319,0.1844
egi,363,0,2,190.703,258.965,1.2243,4.399
egi,363,0,3,188.4945,258.82,84.4643,0.1969
egi,363,0,4,188.491,258.6235,93.484,0.1974
egi,363,0,5,190.6925,258.3935,176.5723,4.3989
egi,363,0,6,192.9115,258.351,75.2081,0.1841
egi,363,0,7,192.9445,258.538,84.4643,0.1969
egi,363,1,0,188.963,258.7815,83.342,0.1379
egi,363,1,1,188.9915,258.912,71.7069,0.1306
egi,363,1,2,190.743,258.878,176.8254,3.4673
egi,363,1,3,192.479,258.7135,94.1727,0.1374
egi,363,1,4,192.476,258.5765,83.342,0.1379
egi,363,1,5,190.735,258.479,0.9589,3.4665
egi,363,1,6,188.984,258.5125,106.0709,0.1301
egi,363,1,7,188.9605,258.644,94.5518,0.1384
egi,364,0,0,257.0105,268.481,43.5358,0.4704
egi,364,0,1,256.4645,269.397,133.5392,2.0803
egi,364,0,2,254.2135,268.692,43.5552,4.2348
egi,364,0,3,252.868,267.034,133.5222,0.5489
egi,364,0,4,253.8245,267.564,43.5264,2.1171
egi,364,0,5,255.1015,267.757,133.5482,1.479
egi,364,0,6,255.7815,267.383,43.5358,0.4704
egi,364,0,7,255.4425,268.0815,133.5213,1.4798
egi,364,0,8,255.3595,269.023,43.5189,1.1763
egi,365,0,0,259.846,142.967,94.0875,0.1965
egi,365,0,1,259.818,143.1545,103.2035,0.1838
egi,365,0,2,257.5985,143.173,1.8497,4.3993
egi,365,0,3,255.3915,143.004,85.0437,0.1968
egi,365,0,4,255.39,142.807,94.0467,0.1985
egi,365,0,5,257.594,142.601,177.2119,4.3992
egi,365,0,6,259.8135,142.5835,75.8833,0.1846
egi,365,0,7,259.8445,142.771,85.0437,0.1968
egi,365,1,0,255.861,142.97,84.1265,0.1367
egi,365,1,1,255.888,143.1005,72.2581,0.1312
egi,365,1,2,257.6395,143.0865,177.47,3.4664
egi,365,1,3,259.377,142.9415,95.0033,0.1375
egi,365,1,4,259.376,142.8045,84.1618,0.1377
egi,365,1,5,257.6365,142.6875,1.6038,3.4664
egi,365,1,6,255.885,142.7015,106.9069,0.1306
egi,365,1,7,255.86,142.833,94.967,0.1385
egi,366,0,0,259.875,146.491,94.0875,0.1965
egi,366,0,1,259.847,146.6785,103.2035,0.1838
egi,366,0,2,257.6275,146.697,1.8497,4.3993
egi,366,0,3,255.4205,146.528,85.0437,0.1968
egi,366,0,4,255.419,146.331,94.0467,0.1985
egi,366,0,5,257.6225,146.125,177.2112,4.3982
egi,366,0,6,259.842,146.1075,75.5897,0.1848
egi,366,0,7,259.8735,146.295,85.0437,0.1968
egi,366,1,0,255.89,146.494,84.1265,0.1367
egi,366,1,1,255.917,146.6245,72.2581,0.1312
egi,366,1,2,257.6685,146.6105,177.47,3.4664
egi,366,1,3,259.406,146.4655,95.0033,0.1375
egi,366,1,4,259.405,146.3285,84.1618,0.1377
egi,366,1,5,257.6655,146.2115,1.6038,3.4664
egi,366,1,6,255.914,146.2255,106.9069,0.1306
egi,366,1,7,255.889,146.357,94.967,0.1385
egi,367,0,0,257.7945,149.956,89.0982,0.19
egi,367,0,1,258.353,149.598,140.8792,1.4359
egi,367,0,2,258.836,149.129,12.1931,0.1514
egi,367,0,3,258.76,148.856,89.5544,0.514
egi,367,0,4,258.8825,148.617,8.2225,0.2516
egi,367,0,5,258.3365,149.718,121.7621,2.5475
egi,367,0,6,257.6215,150.7325,56.9927,0.1634
egi,367,0,7,257.4855,150.7705,130.6675,0.2808
egi,367,0,8,256.829,149.826,61.738,2.3865
egi,367,0,9,256.3875,148.7475,167.4472,0.253
egi,367,0,10,256.5135,148.9825,89.4538,0.525
egi,367,0,11,256.4505,149.2605,166.6821,0.1346
egi,367,0,12,256.85,149.6455,38.4711,1.1878
egi,367,0,13,257.319,149.9315,92.7412,0.1672
egi,368,0,0,259.3185,152.564,101.577,0.1245
egi,368,0,1,259.3665,152.6745,78.3034,0.3503
egi,368,0,2,259.3675,152.7965,55.1243,0.1207
egi,369,0,0,258.828,154.064,4.967,0.277
egi,369,0,1,258.365,155.119,119.9514,2.4075
egi,369,0,2,257.728,156.0885,63.9032,0.1637
egi,369,0,3,257.603,156.1345,126.681,0.298
egi,369,0,4,257.5065,155.352,89.5231,1.804
egi,369,0,5,257.59,154.562,50.905,0.2886
egi,369,0,6,257.716,154.603,116.244,0.1583
egi,369,0,7,258.1375,154.298,148.8073,0.9037
egi,369,0,8,258.607,154.058,175.8672,0.1664
egi,369,1,0,255.9635,155.4415,83.3146,0.146
egi,369,1,1,255.9945,155.5825,71.8162,0.1442
egi,369,1,2,256.723,155.5725,173.6549,1.4207
egi,369,1,3,257.437,155.4255,96.658,0.1379
egi,369,1,4,257.436,155.288,82.5664,0.1392
egi,369,1,5,256.7195,155.1515,5.449,1.4214
egi,369,1,6,255.991,155.1535,106.8123,0.1452
egi,369,1,7,255.9625,155.296,95.8659,0.1468
egi,369,2,0,257.9245,155.432,83.8603,0.1589
egi,369,2,1,257.956,155.586,72.9538,0.1569
egi,369,2,2,258.7245,155.578,173.6466,1.5002
egi,369,2,3,259.4775,155.4175,95.5329,0.1557
egi,369,2,4,259.4765,155.262,83.7816,0.1569
egi,369,2,5,258.721,155.113,5.4293,1.5008
egi,369,2,6,257.9525,155.118,105.7949,0.158
egi,369,2,7,257.9235,155.273,95.4179,0.1587
egi,370,0,0,255.631,243.7005,179.528,3.7641
egi,370,0,1,257.515,243.9205,89.5137,0.471
egi,370,0,2,255.3995,244.173,179.5401,4.2351
egi,370,0,3,253.2785,243.732,89.5619,0.916
egi,370,0,4,253.509,243.125,147.5127,0.5548
egi,371,0,0,256.495,246.134,4.967,0.277
egi,371,0,1,256.032,247.1885,119.9631,2.4067
egi,371,0,2,255.395,248.1575,63.9031,0.1637
egi,371,0,3,255.27,248.204,126.5633,0.2988
egi,371,0,4,255.1735,247.4215,89.5239,1.8051
egi,371,0,5,255.257,246.631,50.9073,0.2886
egi,371,0,6,255.383,246.6725,116.4061,0.1574
egi,371,0,7,255.8045,246.3675,148.7527,0.9042
egi,371,0,8,256.274,246.1275,176.2132,0.1663
egi,371,1,0,253.6305,247.5115,83.3146,0.146
egi,371,1,1,253.661,247.6525,72.1914,0.1439
egi,371,1,2,254.3895,247.6425,173.6593,1.4217
egi,371,1,3,255.104,247.4955,96.6643,0.1379
egi,371,1,4,255.103,247.358,82.5664,0.1392
egi,371,1,5,254.3865,247.2215,5.4491,1.4214
egi,371,1,6,253.658,247.2235,106.8181,0.1452
egi,371,1,7,253.6295,247.366,95.8659,0.1468
egi,371,2,0,255.5915,247.502,83.8603,0.1589
egi,371,2,1,255.623,247.656,72.9485,0.1569
egi,371,2,2,256.3915,247.648,173.6466,1.5002
egi,371,2,3,257.1445,247.4875,95.5329,0.1557
egi,371,2,4,257.1435,247.332,83.7816,0.1569
egi,371,2,5,256.3885,247.183,5.433,1.4997
egi,371,2,6,255.62,247.188,106.1457,0.1582
egi,371,2,7,255.591,247.3435,95.0293,0.1596
egi,372,0,0,255.5345,250.968,89.0936,0.19
egi,372,0,1,256.093,250.61,140.8784,1.4359
egi,372,0,2,256.576,250.141,12.1956,0.1514
egi,372,0,3,256.5,249.868,89.5544,0.514
egi,372,0,4,256.622,249.629,8.2554,0.2506
egi,372,0,5,256.0755,250.73,121.7621,2.5475
egi,372,0,6,255.3605,251.7445,56.9927,0.1634
egi,372,0,7,255.2245,251.7825,130.6698,0.2808
egi,372,0,8,254.5685,250.838,61.759,2.386
egi,372,0,9,254.1275,249.759,167.2263,0.2533
egi,372,0,10,254.2535,249.9935,89.4538,0.525
egi,372,0,11,254.1905,250.272,166.2688,0.1349
egi,372,0,12,254.59,250.6575,38.4706,1.1879
egi,372,0,13,255.0585,250.9435,92.4016,0.1671
egi,373,0,0,257.0585,253.576,101.577,0.1245
egi,373,0,1,257.1065,253.6865,78.3034,0.3503
egi,373,0,2,257.1075,253.8085,55.1243,0.1207
egi,374,0,0,256.568,255.076,4.967,0.277
egi,374,0,1,256.105,256.131,119.9514,2.4075
egi,374,0,2,255.468,257.1005,63.8984,0.1637
egi,374,0,3,255.343,257.1465,126.6786,0.298
egi,374,0,4,255.247,256.364,89.5551,1.804
egi,374,0,5,255.3305,255.574,51.0605,0.288
egi,374,0,6,255.456,255.615,116.244,0.1583
egi,374,0,7,255.878,255.31,148.8393,0.9045
egi,374,0,8,256.3475,255.07,175.8428,0.1654
egi,374,1,0,253.7035,256.4535,83.3146,0.146
egi,374,1,1,253.734,256.5945,72.1914,0.1439
egi,374,1,2,254.4625,256.5845,173.6593,1.4217
egi,374,1,3,255.177,256.4375,96.6643,0.1379
egi,374,1,4,255.176,256.3,82.5664,0.1392
egi,374,1,5,254.4595,256.1635,5.4491,1.4214
egi,374,1,6,253.7305,256.1655,107.192,0.1455
egi,374,1,7,253.702,256.308,95.4805,0.1467
egi,374,2,0,255.6645,256.444,83.8603,0.1589
egi,374,2,1,255.696,256.598,72.9485,0.1569
egi,374,2,2,256.4645,256.59,173.6466,1.5002
egi,374,2,3,257.2175,256.4295,95.5329,0.1557
egi,374,2,4,257.2165,256.274,83.7816,0.1569
egi,374,2,5,256.461,256.125,5.4293,1.5008
egi,374,2,6,255.6925,256.1295,105.8949,0.157
egi,374,2,7,255.6635,256.2845,95.3892,0.1597
egi,375,0,0,205.873,458.426,88.9041,3.7647
egi,375,0,1,205.674,460.3125,178.9045,0.4701
egi,375,0,2,205.3985,458.2,88.9039,4.2348
egi,375,0,3,205.816,456.074,178.8739,0.9162
egi,375,0,4,206.4255,456.2975,56.9102,0.555
egi,376,0,0,203.4495,459.316,94.3503,0.2768
egi,376,0,1,202.39,458.8645,29.3343,2.4066
egi,376,0,2,201.414,458.2385,153.4349,0.1632
egi,376,0,3,201.3665,458.1145,35.9857,0.2978
egi,376,0,4,202.148,458.0095,178.8884,1.8043
egi,376,0,5,202.939,458.084,140.3462,0.2883
egi,376,0,6,202.899,458.21,25.5865,0.1574
egi,376,0,7,203.2085,458.6285,58.1894,0.9049
egi,376,0,8,203.4535,459.0955,85.4947,0.1655
egi,376,1,0,202.0405,456.4675,172.5361,0.1462
egi,376,1,1,201.8995,456.4995,161.8162,0.1442
egi,376,1,2,201.918,457.2275,82.9702,1.4217
egi,376,1,3,202.0735,457.9405,6.2477,0.1378
egi,376,1,4,202.2105,457.938,171.6922,0.1384
egi,376,1,5,202.3385,457.22,94.804,1.421
egi,376,1,6,202.3285,456.4915,16.4335,0.1449
egi,376,1,7,202.186,456.4645,5.0886,0.1466
egi,376,2,0,202.072,458.428,173.4983,0.159
egi,376,2,1,201.918,458.461,162.2549,0.1575
egi,376,2,2,201.9345,459.2295,82.9935,1.5002
egi,376,2,3,202.1035,459.9805,4.7944,0.1555
egi,376,2,4,202.2585,459.9775,173.0076,0.1562
egi,376,2,5,202.399,459.2205,94.8173,1.5003
egi,376,2,6,202.386,458.452,15.4443,0.1577
egi,376,2,7,202.2305,458.425,4.3188,0.1595
egi,377,0,0,191.415,413.078,178.904,3.7647
egi,377,0,1,193.3015,413.277,88.9027,0.4701
egi,377,0,2,191.189,413.5525,178.9039,4.2348
egi,377,0,3,189.063,413.135,88.8739,0.9162
egi,377,0,4,189.2865,412.5255,146.9102,0.555
egi,378,0,0,192.305,415.5005,4.3503,0.2768
egi,378,0,1,191.854,416.56,119.3134,2.4061
egi,378,0,2,191.228,417.536,63.1196,0.1637
egi,378,0,3,191.1035,417.5835,125.9857,0.2978
egi,378,0,4,190.9985,416.802,88.8884,1.8043
egi,378,0,5,191.073,416.011,50.3462,0.2883
egi,378,0,6,191.1995,416.051,115.9162,0.1579
egi,378,0,7,191.618,415.7415,148.1558,0.9041
egi,378,0,8,192.0845,415.4965,175.4947,0.1655
egi,378,1,0,189.4565,416.9095,82.5361,0.1462
egi,378,1,1,189.4885,417.0505,71.8162,0.1442
egi,378,1,2,190.2165,417.032,172.9702,1.4217
egi,378,1,3,190.9295,416.8765,96.2477,0.1378
egi,378,1,4,190.927,416.7395,81.6922,0.1384
egi,378,1,5,190.2085,416.6115,4.8006,1.422
egi,378,1,6,189.48,416.621,106.1619,0.1437
egi,378,1,7,189.4535,416.7635,95.0539,0.1476
egi,378,2,0,191.417,416.878,83.4983,0.159
egi,378,2,1,191.45,417.032,72.2549,0.1575
egi,378,2,2,192.2185,417.0155,172.9935,1.5002
egi,378,2,3,192.9695,416.8465,94.7944,0.1555
egi,378,2,4,192.9665,416.6915,83.0076,0.1562
egi,378,2,5,192.2095,416.5515,4.7795,1.5002
egi,378,2,6,191.441,416.565,105.4428,0.1577
egi,378,2,7,191.414,416.72,94.3462,0.1585
egi,379,0,0,190.68,421.3195,178.8897,3.3546
egi,379,0,1,190.8905,420.0295,144.9825,4.6094
egi,379,0,2,192.798,419.7575,88.9095,2.1014
egi,379,0,3,193.132,420.802,178.9059,0.6281
egi,379,0,4,193.4505,421.031,88.9027,0.4701
egi,379,0,5,193.141,421.272,178.9059,0.6281
egi,379,0,6,192.832,421.521,88.8219,0.4861
egi,379,0,7,192.6015,421.7685,178.9068,0.4711
egi,379,0,8,192.3615,421.53,88.9388,0.4861
egi,379,1,0,192.3365,420.213,88.9095,1.2082
egi,379,1,1,191.4585,420.224,144.6348,2.1251
egi,379,1,2,190.592,420.845,90.0,0.012
egi,379,1,3,191.47,420.834,178.8909,1.7563
egi,380,0,0,192.9505,422.9365,100.5892,0.1251
egi,380,0,1,193.0,423.0465,77.506,0.3513
egi,380,0,2,193.0025,423.1685,54.353,0.1218
egi,381,0,0,189.566,427.0945,178.9027,0.4701
egi,381,0,1,189.315,426.263,88.9036,1.6723
egi,381,0,2,190.382,425.0785,162.1621,2.2754
egi,381,0,3,191.466,424.7805,88.8662,0.101
egi,381,0,4,191.3895,424.913,133.3835,0.2257
egi,381,0,5,191.7205,425.8135,63.477,1.8296
egi,381,0,6,192.2325,426.6195,173.1111,0.2085
egi,381,0,7,192.432,426.576,162.1049,0.2018
egi,381,0,8,192.6405,425.6715,97.3385,1.7614
egi,381,0,9,192.6925,424.7555,35.084,0.1479
egi,381,0,10,192.566,424.6835,24.0871,0.1446
egi,381,0,11,192.681,424.4525,131.9322,0.5417
egi,381,0,12,192.945,424.302,31.5702,0.1948
egi,381,0,13,191.8335,425.0775,148.7619,2.7941
egi,381,0,14,190.6445,425.6525,92.1071,0.2992
egi,381,0,15,190.213,425.644,162.1166,0.9184
egi,382,0,0,190.5715,445.463,0.0,0.987
egi,382,0,1,191.4495,446.5675,70.806,2.339
egi,382,0,2,191.7455,447.697,164.225,0.1839
egi,382,0,3,191.657,447.727,90.0,0.01
egi,382,0,4,191.756,447.8,34.4845,0.2402
egi,382,0,5,191.235,448.783,124.1212,2.2105
egi,382,0,6,190.3465,449.698,0.0,0.537
egi,382,0,7,190.078,447.5805,90.0,4.235
egi,382,1,0,190.6985,449.228,0.0,0.143
egi,382,1,1,190.7645,448.522,89.5536,1.412
egi,382,1,2,190.693,447.816,0.0,0.132
egi,382,1,3,190.627,448.522,90.0,1.412
egi,382,2,0,190.786,447.424,0.0,0.318
egi,382,2,1,190.978,446.6785,92.5344,1.4925
egi,382,2,2,190.819,445.933,0.0,0.384
egi,382,2,3,190.627,446.6785,90.0,1.491
egi,383,0,0,193.204,455.058,139.8917,1.8906
egi,383,0,1,193.9365,454.755,88.222,0.6123
egi,383,0,2,193.3995,455.496,141.4808,1.397
egi,383,0,3,193.426,456.346,35.9135,1.415
egi,383,0,4,194.008,457.0555,88.2505,0.5893
egi,383,0,5,193.258,456.809,35.4807,1.8641
egi,383,0,6,191.923,456.7685,139.0119,1.5262
egi,383,0,7,191.3375,456.9635,88.2192,0.6113
egi,383,0,8,191.7295,456.3055,138.7179,1.0686
egi,383,0,9,191.7095,455.6545,35.306,1.033
egi,383,0,10,191.2785,455.0585,88.1698,0.5953
egi,384,0,0,192.2435,460.909,178.2344,3.7648
egi,384,0,1,194.132,461.086,88.2948,0.4702
egi,384,0,2,192.0225,461.3865,178.2275,4.235
egi,384,0,3,189.892,460.994,88.2492,0.9164
egi,384,0,4,190.1085,460.3815,146.1662,0.555
egi,385,0,0,190.282,466.008,178.2938,0.4702
egi,385,0,1,190.021,465.1795,88.2175,1.6718
egi,385,0,2,191.074,463.983,161.5014,2.2756
egi,385,0,3,192.1545,463.6725,88.2952,0.101
egi,385,0,4,192.0795,463.806,132.6691,0.2258
egi,385,0,5,192.421,464.7025,62.8042,1.8292
egi,385,0,6,192.9425,465.5025,172.5685,0.2088
egi,385,0,7,193.142,465.4565,161.295,0.2027
egi,385,0,8,193.34,464.5495,96.6531,1.7609
egi,385,0,9,193.381,463.6335,34.2241,0.1476
egi,385,0,10,193.254,463.563,23.7217,0.1442
egi,385,0,11,193.3665,463.3305,131.2554,0.5414
egi,385,0,12,193.6285,463.177,30.9098,0.1947
egi,385,0,13,192.5265,463.9655,148.0793,2.7934
egi,385,0,14,191.3445,464.5545,91.3389,0.2991
egi,385,0,15,190.9125,464.5505,161.5253,0.9183
egi,386,0,0,194.4215,468.189,92.6299,0.1962
egi,386,0,1,194.398,468.3775,101.8551,0.1849
egi,386,0,2,192.1795,468.446,0.5731,4.3992
egi,386,0,3,189.969,468.3265,83.5621,0.1962
egi,386,0,4,189.963,468.13,92.8897,0.1983
egi,386,0,5,192.1615,467.8745,175.919,4.3982
egi,386,0,6,194.3795,467.807,74.6101,0.1846
egi,386,0,7,194.415,467.9935,83.5621,0.1962
egi,386,1,0,190.437,468.282,82.4584,0.1372
egi,386,1,1,190.467,468.412,71.2916,0.1309
egi,386,1,2,192.2175,468.3585,176.1793,3.4667
egi,386,1,3,193.9515,468.174,93.7325,0.1383
egi,386,1,4,193.9475,468.0365,82.9272,0.1381
egi,386,1,5,192.2055,467.959,0.2974,3.467
egi,386,1,6,190.455,468.013,105.1062,0.1305
egi,386,1,7,190.433,468.145,94.1423,0.1384
egi,387,0,0,183.473,461.3985,178.9027,0.4701
egi,387,0,1,183.222,460.567,88.9036,1.6723
egi,387,0,2,184.289,459.3825,162.1621,2.2754
egi,387,0,3,185.373,459.085,88.8774,0.102
egi,387,0,4,185.2965,459.2175,133.5597,0.2249
egi,387,0,5,185.6275,460.1175,63.477,1.8296
egi,387,0,6,186.1395,460.9235,173.1111,0.2085
egi,387,0,7,186.339,460.88,162.1049,0.2018
egi,387,0,8,186.5475,459.975,97.3344,1.7624
egi,387,0,9,186.5995,459.059,34.7684,0.1473
egi,387,0,10,186.473,458.9875,24.0871,0.1446
egi,387,0,11,186.588,458.7565,131.9322,0.5417
egi,387,0,12,186.852,458.606,31.5702,0.1948
egi,387,0,13,185.7405,459.3815,148.7619,2.7941
egi,387,0,14,184.5515,459.9565,92.1071,0.2992
egi,387,0,15,184.12,459.948,162.1166,0.9184
egi,388,0,0,183.541,464.9225,178.9027,0.4701
egi,388,0,1,183.29,464.091,88.9036,1.6723
egi,388,0,2,184.357,462.9065,162.1621,2.2754
egi,388,0,3,185.441,462.609,88.8774,0.102
egi,388,0,4,185.3645,462.7415,133.5597,0.2249
egi,388,0,5,185.6955,463.6415,63.477,1.8296
egi,388,0,6,186.2075,464.4475,173.1111,0.2085
egi,388,0,7,186.407,464.404,162.1049,0.2018
egi,388,0,8,186.6155,463.499,97.3344,1.7624
egi,388,0,9,186.6675,462.583,34.7684,0.1473
egi,388,0,10,186.541,462.5115,24.0871,0.1446
egi,388,0,11,186.656,462.2805,131.9322,0.5417
egi,388,0,12,186.92,462.13,31.5702,0.1948
egi,388,0,13,185.8085,462.9055,148.7619,2.7941
egi,388,0,14,184.62,463.4805,92.2998,0.2993
egi,388,0,15,184.1885,463.472,162.1358,0.9193
egi,389,0,0,186.245,467.468,140.4903,2.232
egi,389,0,1,184.7705,467.033,61.8172,2.598
egi,389,0,2,184.295,465.8605,168.73,0.2814
egi,389,0,3,184.438,466.098,88.918,0.5301
egi,389,0,4,184.3635,466.3775,169.6644,0.1616
egi,389,0,5,184.7825,467.008,51.018,1.5849
egi,389,0,6,186.4185,466.67,140.014,2.9692
egi,389,0,7,187.5825,467.072,88.8802,2.7125
egi,389,0,8,187.374,468.4325,178.9027,0.4701
egi,390,0,0,289.3725,399.348,113.9187,1.2012
egi,390,0,1,289.902,398.799,0.0,0.572
egi,390,0,2,289.1685,401.026,114.5978,4.8985
egi,390,0,3,287.1295,401.026,65.4022,4.8985
egi,390,0,4,286.396,398.799,0.0,0.572
egi,390,0,5,286.9255,399.348,66.0813,1.2012
egi,390,0,6,288.149,399.897,0.0,1.96
egi,390,1,0,288.149,400.367,0.0,1.518
egi,390,1,1,287.7695,401.2285,66.2258,1.8828
egi,390,1,2,288.5285,401.2285,113.7742,1.8828
egi,391,0,0,291.0855,398.799,0.0,0.549
egi,391,0,1,291.36,400.3945,90.0,3.191
egi,391,0,2,292.9285,400.307,132.9832,4.6012
egi,391,0,3,294.497,400.829,90.0,4.41
egi,391,0,4,294.2225,403.034,0.0,0.549
egi,391,0,5,293.948,401.4885,90.0,3.091
egi,391,0,6,292.3795,401.59,133.6014,4.5488
egi,392,0,0,295.7805,398.799,0.0,0.549
egi,392,0,1,296.055,400.3945,90.0,3.191
egi,392,0,2,297.6235,400.307,132.9832,4.6012
egi,392,0,3,299.192,400.829,90.0,4.41
egi,392,0,4,298.9175,403.034,0.0,0.549
egi,392,0,5,298.643,401.4885,90.0,3.091
egi,392,0,6,297.0745,401.59,133.6014,4.5488
egi,393,0,0,300.122,401.6965,90.0,2.677
egi,393,0,1,301.691,400.358,0.0,3.138
egi,393,0,2,303.26,401.6965,90.0,2.677
egi,393,0,3,302.9855,403.035,0.0,0.549
egi,393,0,4,302.711,401.7875,90.0,2.495
egi,393,0,5,301.691,400.54,0.0,2.04
egi,393,0,6,300.671,401.7875,90.0,2.495
egi,394,0,0,307.0315,399.348,113.9187,1.2012
egi,394,0,1,307.561,398.799,0.0,0.572
egi,394,0,2,306.8275,401.026,114.5978,4.8985
egi,394,0,3,304.7885,401.026,65.4022,4.8985
egi,394,0,4,304.055,398.799,0.0,0.572
egi,394,0,5,304.5845,399.348,66.0813,1.2012
egi,394,0,6,305.808,399.897,0.0,1.96
egi,394,1,0,305.808,400.367,0.0,1.518
egi,394,1,1,305.4285,401.2285,66.2258,1.8828
egi,394,1,2,306.1875,401.2285,113.7742,1.8828
egi,395,0,0,308.7445,403.035,0.0,0.549
egi,395,0,1,308.47,400.9175,90.0,4.235
egi,395,0,2,309.391,398.8,0.0,1.842
egi,395,0,3,310.312,399.035,90.0,0.47
egi,395,0,4,309.6655,399.27,0.0,1.293
egi,396,0,0,314.2525,400.682,12.6388,0.2285
egi,396,0,1,313.9135,401.8705,111.1662,2.4953
egi,396,0,2,313.1305,403.034,0.0,0.665
egi,396,0,3,312.798,400.9165,90.0,4.235
egi,396,0,4,313.0725,398.799,0.0,0.549
egi,396,0,5,313.347,399.701,90.0,1.804
egi,396,0,6,313.46,400.603,0.0,0.226
egi,396,0,7,314.2095,399.701,125.2084,2.2079
egi,396,0,8,315.1595,398.799,0.0,0.627
egi,396,0,9,314.807,399.728,125.6367,2.2861
egi,396,1,0,313.4195,402.564,0.0,0.145
egi,396,1,1,313.5065,401.819,91.1147,1.4903
egi,396,1,2,313.434,401.074,0.0,0.174
egi,396,1,3,313.347,401.819,90.0,1.49
egi,397,0,0,318.9175,399.348,113.9187,1.2012
egi,397,0,1,319.447,398.799,0.0,0.572
egi,397,0,2,318.7135,401.026,114.5978,4.8985
egi,397,0,3,316.6745,401.026,65.4022,4.8985
egi,397,0,4,315.941,398.799,0.0,0.572
egi,397,0,5,316.4705,399.348,66.0813,1.2012
egi,397,0,6,317.694,399.897,0.0,1.96
egi,397,1,0,317.694,400.367,0.0,1.518
egi,397,1,1,317.3145,401.2285,66.2258,1.8828
egi,397,1,2,318.0735,401.2285,113.7742,1.8828
egi,398,0,0,322.0375,402.564,0.0,1.011
egi,398,0,1,322.543,402.799,90.0,0.47
egi,398,0,2,321.2575,403.034,0.0,2.571
egi,398,0,3,319.972,402.799,90.0,0.47
egi,398,0,4,320.478,402.564,0.0,1.012
egi,398,0,5,320.984,400.6815,90.0,3.765
egi,398,0,6,321.258,398.799,0.0,0.548
egi,399,0,0,324.345,398.799,0.0,2.306
egi,399,0,1,325.498,399.034,90.0,0.47
egi,399,0,2,324.6195,399.269,0.0,1.757
egi,399,0,3,323.741,400.0925,90.0,1.647
egi,399,0,4,324.5935,400.916,0.0,1.705
egi,399,0,5,325.446,401.1515,90.0,0.471
egi,399,0,6,324.5935,401.387,0.0,1.705
egi,399,0,7,323.741,401.9755,90.0,1.177
egi,399,0,8,324.6195,402.564,0.0,1.757
egi,399,0,9,325.498,402.799,90.0,0.47
egi,399,0,10,324.345,403.034,0.0,2.306
egi,400,0,0,330.097,403.185,3.0648,0.2243
egi,400,0,1,329.875,403.1625,8.5319,0.2225
egi,400,0,2,329.874,400.9385,92.8266,4.4204
egi,400,0,3,330.096,398.726,177.468,0.2262
egi,400,0,4,330.322,398.726,2.532,0.2262
egi,400,0,5,330.5435,400.9385,87.1864,4.4203
egi,400,0,6,330.5425,403.1625,171.4294,0.2215
egi,400,0,7,330.321,403.185,176.9352,0.2243
egi,400,1,0,330.124,399.195,177.3074,0.1702
egi,400,1,1,329.9565,399.2125,170.7028,0.1672
egi,400,1,2,329.95,400.9685,87.503,3.4883
egi,400,1,3,330.1175,402.7155,2.8162,0.1832
egi,400,1,4,330.3,402.7155,177.1683,0.1822
egi,400,1,5,330.4675,400.9685,92.5136,3.4884
egi,400,1,6,330.461,399.2125,9.2418,0.1682
egi,400,1,7,330.2935,399.195,2.7086,0.1692
egi,401,0,0,335.304,402.799,90.0,0.47
egi,401,0,1,334.264,403.034,0.0,2.08
egi,401,0,2,333.224,400.9165,90.0,4.235
egi,401,0,3,333.499,398.799,0.0,0.55
egi,401,0,4,333.774,399.858,90.0,2.118
egi,401,0,5,334.5135,400.917,0.0,1.479
egi,401,0,6,335.253,401.152,90.0,0.47
egi,401,0,7,334.5135,401.387,0.0,1.479
egi,401,0,8,333.774,401.9755,90.0,1.177
egi,402,0,0,341.0505,402.974,153.7115,0.28
egi,402,0,1,340.92,400.961,89.8622,4.15
egi,402,0,2,341.0455,398.948,25.4148,0.2889
egi,402,0,3,341.176,399.3245,90.0,0.629
egi,402,0,4,341.05,399.543,37.3026,0.3168
egi,402,0,5,340.926,400.9625,89.9239,3.031
egi,402,0,6,341.052,402.3865,143.5749,0.3082
egi,403,0,0,342.598,402.172,90.0,1.726
egi,403,0,1,342.3235,403.035,0.0,0.549
egi,403,0,2,342.049,400.9175,90.0,4.235
egi,403,0,3,342.3235,398.8,0.0,0.549
egi,403,0,4,342.598,399.8195,90.0,2.039
egi,403,0,5,343.5785,400.839,0.0,1.961
egi,403,0,6,344.559,399.8195,90.0,2.039
egi,403,0,7,344.8335,398.8,0.0,0.549
egi,403,0,8,345.108,400.9175,90.0,4.235
egi,403,0,9,344.8335,403.035,0.0,0.549
egi,403,0,10,344.559,402.172,90.0,1.726
egi,404,0,0,348.9135,399.348,113.9187,1.2012
egi,404,0,1,349.443,398.799,0.0,0.572
egi,404,0,2,348.7095,401.026,114.5978,4.8985
egi,404,0,3,346.6705,401.026,65.4022,4.8985
egi,404,0,4,345.937,398.799,0.0,0.572
egi,404,0,5,346.4665,399.348,66.0813,1.2012
egi,404,0,6,347.69,399.897,0.0,1.96
egi,404,1,0,347.69,400.367,0.0,1.518
egi,404,1,1,347.3105,401.2285,66.2258,1.8828
egi,404,1,2,348.0695,401.2285,113.7742,1.8828
egi,405,0,0,350.6265,398.799,0.0,0.549
egi,405,0,1,350.901,400.3945,90.0,3.191
egi,405,0,2,352.4695,400.307,132.9832,4.6012
egi,405,0,3,354.038,400.829,90.0,4.41
egi,405,0,4,353.7635,403.034,0.0,0.549
egi,405,0,5,353.489,401.4885,90.0,3.091
egi,405,0,6,351.9205,401.59,133.6014,4.5488
egi,406,0,0,357.265,400.6815,90.0,0.471
egi,406,0,1,357.803,400.446,0.0,1.076
egi,406,0,2,358.3215,400.32,81.2028,0.255
egi,406,0,3,358.256,400.0765,68.6232,0.2523
egi,406,0,4,356.7855,400.4325,161.6135,3.0023
egi,406,0,5,355.365,400.9985,87.5252,0.1852
egi,406,0,6,355.3815,401.181,82.0951,0.1817
egi,406,0,7,356.733,401.7805,20.8321,2.8653
egi,406,0,8,358.141,402.2195,134.3827,0.1973
egi,406,0,9,358.27,402.07,127.2172,0.1984
egi,406,0,10,358.5045,402.178,46.9799,0.5115
egi,406,0,11,358.5995,402.4595,130.073,0.247
egi,406,0,12,358.4305,402.637,137.1605,0.2441
egi,406,0,13,356.6245,401.4895,35.6356,4.224
egi,406,0,14,354.9445,400.16,110.238,0.211
egi,406,0,15,355.0265,399.967,115.8294,0.2089
egi,406,0,16,356.9765,400.2065,9.9326,3.867
egi,406,0,17,358.8855,400.6465,87.5797,0.2132
egi,406,0,18,358.89,400.835,90.0,0.164
egi,407,0,0,360.866,398.799,0.0,2.306
egi,407,0,1,362.019,399.034,90.0,0.47
egi,407,0,2,361.1405,399.269,0.0,1.757
egi,407,0,3,360.262,400.0925,90.0,1.647
egi,407,0,4,361.1145,400.916,0.0,1.705
egi,407,0,5,361.967,401.1515,90.0,0.471
egi,407,0,6,361.1145,401.387,0.0,1.705
egi,407,0,7,360.262,401.9755,90.0,1.177
egi,407,0,8,361.1405,402.564,0.0,1.757
egi,407,0,9,362.019,402.799,90.0,0.47
egi,407,0,10,360.866,403.034,0.0,2.306
egi,408,0,0,316.332,391.8695,4.3759,0.1966
egi,408,0,1,316.5195,391.899,13.8131,0.1843
egi,408,0,2,316.5195,394.1185,92.3321,4.3986
egi,408,0,3,316.332,396.324,175.3316,0.1967
egi,408,0,4,316.1355,396.324,4.6454,0.1976
egi,408,0,5,315.948,394.1185,87.6806,4.3986
egi,408,0,6,315.9485,391.899,166.1869,0.1843
egi,408,0,7,316.136,391.8695,175.6241,0.1966
egi,408,1,0,316.3025,395.855,174.1618,0.1377
egi,408,1,1,316.4335,395.8285,162.6778,0.1309
egi,408,1,2,316.4335,394.077,87.9334,3.4663
egi,408,1,3,316.3025,392.3385,5.4211,0.1376
egi,408,1,4,316.165,392.3385,174.6183,0.1386
egi,408,1,5,316.034,394.077,92.05,3.4662
egi,408,1,6,316.034,395.8285,17.4543,0.13
egi,408,1,7,316.165,395.855,5.7959,0.1387
egi,409,0,0,318.875,392.476,12.0301,0.1247
egi,409,0,1,318.9855,392.429,168.7881,0.3497
egi,409,0,2,319.1075,392.429,145.5185,0.1201
egi,410,0,0,321.456,393.8215,90.0,3.765
egi,410,0,1,321.691,391.939,0.0,0.47
egi,410,0,2,321.926,394.0565,90.0,4.235
egi,410,0,3,321.468,396.174,0.0,0.916
egi,410,0,4,320.863,395.939,57.9749,0.5544
egi,411,0,0,327.5655,396.175,0.0,0.577
egi,411,0,1,328.1635,393.9785,111.9789,4.7373
egi,411,0,2,329.6535,393.344,68.8753,3.3491
egi,411,0,3,330.8605,393.344,111.1242,3.3491
egi,411,0,4,332.3505,393.9785,68.0211,4.7373
egi,411,0,5,332.948,396.175,0.0,0.578
egi,411,0,6,332.0615,394.668,68.3724,3.2423
egi,411,0,7,330.8605,394.7465,110.8382,3.3929
egi,411,0,8,329.6555,394.7795,68.8216,3.3299
egi,412,0,0,234.557,563.378,0.0,1.1
egi,412,0,1,235.1175,566.025,89.7728,5.294
egi,412,0,2,234.5675,568.672,0.0,1.121
egi,412,0,3,234.007,566.025,90.0,5.294
egi,412,1,0,234.809,568.084,0.0,0.232
egi,412,1,1,234.925,566.0245,90.0,4.119
egi,412,1,2,234.809,563.965,0.0,0.232
egi,412,1,3,234.693,566.0245,90.0,4.119
egi,413,0,0,238.864,566.999,90.0,3.346
egi,413,0,1,240.825,565.326,0.0,3.922
egi,413,0,2,242.786,566.999,90.0,3.346
egi,413,0,3,242.4425,568.672,0.0,0.687
egi,413,0,4,242.099,567.1125,90.0,3.119
egi,413,0,5,240.8245,565.553,0.0,2.549
egi,413,0,6,239.55,567.1125,90.0,3.119
egi,414,0,0,244.633,567.5465,90.0,2.251
egi,414,0,1,244.2895,568.672,0.0,0.687
egi,414,0,2,243.946,566.025,90.0,5.294
egi,414,0,3,244.2895,563.378,0.0,0.687
egi,414,0,4,244.633,564.5065,90.0,2.257
egi,414,0,5,244.767,565.7615,43.3501,0.3686
egi,414,0,6,245.9035,564.633,128.6179,3.2125
egi,414,0,7,247.354,563.378,0.0,0.896
egi,414,0,8,246.5845,564.8575,129.4516,3.8321
egi,414,0,9,246.5635,567.5045,44.2971,3.3435
egi,414,0,10,247.3255,568.672,0.0,0.869
egi,415,0,0,249.883,563.378,0.0,2.882
egi,415,0,1,251.324,563.672,90.0,0.588
egi,415,0,2,250.2265,563.966,0.0,2.195
egi,415,0,3,249.129,564.9955,90.0,2.059
egi,415,0,4,250.1945,566.025,0.0,2.131
egi,415,0,5,251.26,566.319,90.0,0.588
egi,415,0,6,250.1945,566.613,0.0,2.131
egi,415,0,7,249.129,567.3485,90.0,1.471
egi,415,0,8,250.2265,568.084,0.0,2.195
egi,415,0,9,251.324,568.378,90.0,0.588
egi,415,0,10,249.883,568.672,0.0,2.882
egi,416,0,0,257.281,568.377,90.0,0.588
egi,416,0,1,255.9815,568.671,0.0,2.599
egi,416,0,2,254.682,566.024,90.0,5.294
egi,416,0,3,255.025,563.377,0.0,0.686
egi,416,0,4,255.368,564.7005,90.0,2.647
egi,416,0,5,256.2925,566.024,0.0,1.849
egi,416,0,6,257.217,566.318,90.0,0.588
egi,416,0,7,256.2925,566.612,0.0,1.849
egi,416,0,8,255.368,567.3475,90.0,1.471
egi,417,0,0,258.6315,568.672,0.0,0.687
egi,417,0,1,258.288,566.025,90.0,5.294
egi,417,0,2,259.4395,563.378,0.0,2.303
egi,417,0,3,260.591,563.672,90.0,0.588
egi,417,0,4,259.783,563.966,0.0,1.616
egi,418,0,0,261.817,563.378,0.0,1.1
egi,418,0,1,262.3775,566.025,89.7728,5.294
egi,418,0,2,261.8275,568.672,0.0,1.121
egi,418,0,3,261.267,566.025,90.0,5.294
egi,418,1,0,262.069,568.084,0.0,0.232
egi,418,1,1,262.185,566.0245,90.0,4.119
egi,418,1,2,262.069,563.965,0.0,0.232
egi,418,1,3,261.953,566.0245,90.0,4.119
egi,419,0,0,269.101,568.8685,63.6144,0.4275
egi,419,0,1,269.006,565.5535,90.0,6.247
egi,419,0,2,269.101,562.2305,115.4637,0.4419
egi,419,0,3,269.4575,562.225,36.5702,0.6512
egi,419,0,4,269.642,562.599,113.1632,0.3916
egi,419,0,5,269.565,565.552,90.0,5.546
egi,419,0,6,269.642,568.498,66.0038,0.3787
egi,420,0,0,272.286,563.378,0.0,2.882
egi,420,0,1,273.727,563.672,90.0,0.588
egi,420,0,2,272.6295,563.966,0.0,2.195
egi,420,0,3,271.532,564.9955,90.0,2.059
egi,420,0,4,272.5975,566.025,0.0,2.131
egi,420,0,5,273.663,566.319,90.0,0.588
egi,420,0,6,272.5975,566.613,0.0,2.131
egi,420,0,7,271.532,567.3485,90.0,1.471
egi,420,0,8,272.6295,568.084,0.0,2.195
egi,420,0,9,273.727,568.378,90.0,0.588
egi,420,0,10,272.286,568.672,0.0,2.882
egi,421,0,0,277.556,565.7305,90.0,0.589
egi,421,0,1,278.2285,565.436,0.0,1.345
egi,421,0,2,278.877,565.279,81.3079,0.3176
egi,421,0,3,278.795,564.975,68.4684,0.3161
egi,421,0,4,276.9565,565.4195,161.623,3.7524
egi,421,0,5,275.181,566.127,87.5295,0.2322
egi,421,0,6,275.2015,566.3555,82.1539,0.2271
egi,421,0,7,276.8905,567.1045,20.8239,3.5809
egi,421,0,8,278.6505,567.6525,134.3459,0.2475
egi,421,0,9,278.8125,567.4655,127.4702,0.2482
egi,421,0,10,279.1055,567.601,47.0931,0.6389
egi,421,0,11,279.224,567.953,129.9958,0.3081
egi,421,0,12,279.013,568.175,137.1209,0.3057
egi,421,0,13,276.7555,566.7405,35.6435,5.2802
egi,421,0,14,274.6555,565.0785,110.2256,0.2632
egi,421,0,15,274.7575,564.837,115.587,0.2617
egi,421,0,16,277.195,565.136,9.9338,4.8345
egi,421,0,17,279.5815,565.686,87.6284,0.2662
egi,421,0,18,279.587,565.922,90.0,0.206
egi,422,0,0,280.8935,568.672,0.0,0.687
egi,422,0,1,280.55,566.025,90.0,5.294
egi,422,0,2,281.702,563.378,0.0,2.304
egi,422,0,3,282.854,563.672,90.0,0.588
egi,422,0,4,282.0455,563.966,0.0,1.617
egi,423,0,0,283.8724,568.6718,0.0,0.6867
egi,423,0,1,284.2157,566.0249,90.0,5.2938
egi,423,0,2,283.8724,563.378,0.0,0.6867
egi,423,0,3,283.529,566.0249,90.0,5.2938
egi,424,0,0,285.7715,563.378,0.0,0.687
egi,424,0,1,286.115,565.3725,90.0,3.989
egi,424,0,2,288.0755,565.263,132.9779,5.7516
egi,424,0,3,290.036,565.9155,90.0,5.513
egi,424,0,4,289.693,568.672,0.0,0.686
egi,424,0,5,289.35,566.74,90.0,3.864
egi,424,0,6,287.389,566.867,133.6035,5.6868
egi,425,0,0,297.0205,564.064,113.9357,1.5011
egi,425,0,1,297.6825,563.378,0.0,0.715
egi,425,0,2,296.7655,566.1615,114.602,6.1228
egi,425,0,3,294.217,566.1615,65.4065,6.1224
egi,425,0,4,293.3,563.378,0.0,0.714
egi,425,0,5,293.9615,564.064,66.0654,1.5011
egi,425,0,6,295.491,564.75,0.0,2.45
egi,425,1,0,295.491,565.338,0.0,1.898
egi,425,1,1,295.0165,566.4145,66.2129,2.3529
egi,425,1,2,295.9655,566.4145,113.7871,2.3529
egi,426,0,0,301.354,568.377,90.0,0.588
egi,426,0,1,300.0545,568.671,0.0,2.599
egi,426,0,2,298.755,566.024,90.0,5.294
egi,426,0,3,299.098,563.377,0.0,0.686
egi,426,0,4,299.441,564.7005,90.0,2.647
egi,426,0,5,300.3655,566.024,0.0,1.849
egi,426,0,6,301.29,566.318,90.0,0.588
egi,426,0,7,300.3655,566.612,0.0,1.849
egi,426,0,8,299.441,567.3475,90.0,1.471
egi,427,0,0,308.1515,564.064,113.9357,1.5011
egi,427,0,1,308.8135,563.378,0.0,0.715
egi,427,0,2,307.8965,566.1615,114.602,6.1228
egi,427,0,3,305.348,566.1615,65.4065,6.1224
egi,427,0,4,304.431,563.378,0.0,0.714
egi,427,0,5,305.0925,564.064,66.0654,1.5011
egi,427,0,6,306.622,564.75,0.0,2.45
egi,427,1,0,306.622,565.338,0.0,1.898
egi,427,1,1,306.1475,566.4145,66.2129,2.3529
egi,427,1,2,307.0965,566.4145,113.7871,2.3529
egi,428,0,0,309.787,566.999,90.0,3.346
egi,428,0,1,311.748,565.326,0.0,3.922
egi,428,0,2,313.709,566.999,90.0,3.346
egi,428,0,3,313.366,568.672,0.0,0.686
egi,428,0,4,313.023,567.1125,90.0,3.119
egi,428,0,5,311.748,565.553,0.0,2.55
egi,428,0,6,310.473,567.1125,90.0,3.119
egi,429,0,0,315.21,564.857,60.67,3.3929
egi,429,0,1,314.747,563.378,0.0,0.736
egi,429,0,2,315.764,564.5395,60.8052,2.661
egi,429,0,3,317.0375,564.5395,118.2653,2.6375
egi,429,0,4,318.0305,563.378,0.0,0.737
egi,429,0,5,317.5955,564.857,118.5139,3.3663
egi,429,0,6,317.5535,567.5035,56.886,2.7878
egi,429,0,7,317.9395,568.671,0.0,0.751
egi,429,0,8,316.9885,567.789,56.8758,2.1063
egi,429,0,9,315.873,567.789,121.4772,2.0684
egi,429,0,10,314.9575,568.671,0.0,0.751
egi,430,0,0,321.8255,563.378,0.0,0.687
egi,430,0,1,322.169,565.3725,90.0,3.989
egi,430,0,2,324.1295,565.263,132.9779,5.7516
egi,430,0,3,326.09,565.9155,90.0,5.513
egi,430,0,4,325.747,568.672,0.0,0.686
egi,430,0,5,325.404,566.74,90.0,3.864
egi,430,0,6,323.443,566.867,133.6035,5.6868
egi,431,0,0,329.1035,565.731,12.5292,0.2858
egi,431,0,1,328.6795,567.217,111.1704,3.1206
egi,431,0,2,327.7005,568.672,0.0,0.831
egi,431,0,3,327.285,566.025,90.0,5.294
egi,431,0,4,327.6285,563.378,0.0,0.687
egi,431,0,5,327.972,564.505,90.0,2.254
egi,431,0,6,328.113,565.632,0.0,0.282
egi,431,0,7,329.0495,564.505,125.2167,2.759
egi,431,0,8,330.237,563.378,0.0,0.784
egi,431,0,9,329.7965,564.539,125.6427,2.8573
egi,431,1,0,328.0625,568.084,0.0,0.181
egi,431,1,1,328.171,567.1525,91.1074,1.8633
egi,431,1,2,328.0805,566.221,0.0,0.217
egi,431,1,3,327.972,567.152,90.0,1.862
egi,432,0,0,335.2245,565.9255,179.7584,0.237
egi,432,0,1,334.7825,565.2235,51.375,1.7958
egi,432,0,2,334.2015,564.6145,102.4916,0.1895
egi,432,0,3,333.86,564.707,0.0,0.642
egi,432,0,4,333.5625,564.552,98.6206,0.3135
egi,432,0,5,334.933,565.246,32.2228,3.1845
egi,432,0,6,336.194,566.15,147.3995,0.2042
egi,432,0,7,336.2405,566.3205,41.0804,0.3515
egi,432,0,8,335.0535,567.1315,152.2066,2.9832
egi,432,0,9,333.7,567.672,77.6291,0.3174
egi,432,0,10,333.9945,567.517,0.0,0.657
egi,432,0,11,334.342,567.599,76.9562,0.1683
egi,432,0,12,334.8275,567.103,128.9063,1.4855
egi,432,0,13,335.1895,566.52,2.7391,0.2092
egi,433,0,0,337.9805,568.499,113.8569,0.3783
egi,433,0,1,338.057,565.553,90.0,5.546
egi,433,0,2,337.9805,562.6,66.9724,0.3912
egi,433,0,3,338.165,562.2255,143.3063,0.651
egi,433,0,4,338.521,562.2305,64.5363,0.4419
egi,433,0,5,338.616,565.554,90.0,6.248
egi,433,0,6,338.521,568.8695,116.3856,0.4275
egi,434,0,0,234.557,26.317,0.0,1.1
egi,434,0,1,235.1175,28.964,89.7728,5.294
egi,434,0,2,234.5675,31.611,0.0,1.121
egi,434,0,3,234.007,28.964,90.0,5.294
egi,434,1,0,234.809,31.023,0.0,0.232
egi,434,1,1,234.925,28.9635,90.0,4.119
egi,434,1,2,234.809,26.904,0.0,0.232
egi,434,1,3,234.693,28.9635,90.0,4.119
egi,435,0,0,238.864,29.938,90.0,3.346
egi,435,0,1,240.825,28.265,0.0,3.922
egi,435,0,2,242.786,29.938,90.0,3.346
egi,435,0,3,242.4425,31.611,0.0,0.687
egi,435,0,4,242.099,30.0515,90.0,3.119
egi,435,0,5,240.8245,28.492,0.0,2.549
egi,435,0,6,239.55,30.0515,90.0,3.119
egi,436,0,0,244.633,30.485,90.0,2.25
egi,436,0,1,244.2895,31.61,0.0,0.687
egi,436,0,2,243.946,28.9635,90.0,5.293
egi,436,0,3,244.2895,26.317,0.0,0.687
egi,436,0,4,244.633,27.4455,90.0,2.257
egi,436,0,5,244.767,28.7005,43.3492,0.3686
egi,436,0,6,245.9035,27.572,128.6178,3.2125
egi,436,0,7,247.354,26.317,0.0,0.896
egi,436,0,8,246.5845,27.7965,129.4511,3.8321
egi,436,0,9,246.5635,30.4435,44.2966,3.3434
egi,436,0,10,247.3255,31.611,0.0,0.869
egi,437,0,0,249.883,26.317,0.0,2.882
egi,437,0,1,251.324,26.611,90.0,0.588
egi,437,0,2,250.2265,26.905,0.0,2.195
egi,437,0,3,249.129,27.9345,90.0,2.059
egi,437,0,4,250.1945,28.964,0.0,2.131
egi,437,0,5,251.26,29.258,90.0,0.588
egi,437,0,6,250.1945,29.552,0.0,2.131
egi,437,0,7,249.129,30.2875,90.0,1.471
egi,437,0,8,250.2265,31.023,0.0,2.195
egi,437,0,9,251.324,31.317,90.0,0.588
egi,437,0,10,249.883,31.611,0.0,2.882
egi,438,0,0,257.281,31.317,90.0,0.588
egi,438,0,1,255.9815,31.611,0.0,2.599
egi,438,0,2,254.682,28.964,90.0,5.294
egi,438,0,3,255.025,26.317,0.0,0.686
egi,438,0,4,255.368,27.6405,90.0,2.647
egi,438,0,5,256.2925,28.964,0.0,1.849
egi,438,0,6,257.217,29.258,90.0,0.588
egi,438,0,7,256.2925,29.552,0.0,1.849
egi,438,0,8,255.368,30.2875,90.0,1.471
egi,439,0,0,258.6315,31.611,0.0,0.687
egi,439,0,1,258.288,28.964,90.0,5.294
egi,439,0,2,259.4395,26.317,0.0,2.303
egi,439,0,3,260.591,26.6105,90.0,0.587
egi,439,0,4,259.783,26.9041,0.0,1.616
egi,440,0,0,261.817,26.317,0.0,1.1
egi,440,0,1,262.3775,28.964,89.7728,5.294
egi,440,0,2,261.8275,31.611,0.0,1.121
egi,440,0,3,261.267,28.964,90.0,5.294
egi,440,1,0,262.069,31.023,0.0,0.232
egi,440,1,1,262.185,28.9635,90.0,4.119
egi,440,1,2,262.069,26.904,0.0,0.232
egi,440,1,3,261.953,28.9635,90.0,4.119
egi,441,0,0,269.101,31.8075,63.6142,0.4275
egi,441,0,1,269.006,28.4925,90.0,6.247
egi,441,0,2,269.101,25.1695,115.4644,0.4419
egi,441,0,3,269.4575,25.164,36.5702,0.6512
egi,441,0,4,269.642,25.538,113.164,0.3916
egi,441,0,5,269.565,28.491,90.0,5.546
egi,441,0,6,269.642,31.4375,66.0642,0.3796
egi,442,0,0,272.286,26.317,0.0,2.882
egi,442,0,1,273.727,26.611,90.0,0.588
egi,442,0,2,272.6295,26.905,0.0,2.195
egi,442,0,3,271.532,27.9345,90.0,2.059
egi,442,0,4,272.5975,28.964,0.0,2.131
egi,442,0,5,273.663,29.258,90.0,0.588
egi,442,0,6,272.5975,29.552,0.0,2.131
egi,442,0,7,271.532,30.2875,90.0,1.471
egi,442,0,8,272.6295,31.023,0.0,2.195
egi,442,0,9,273.727,31.317,90.0,0.588
egi,442,0,10,272.286,31.611,0.0,2.882
egi,443,0,0,277.556,28.6695,90.0,0.589
egi,443,0,1,278.2285,28.375,0.0,1.345
egi,443,0,2,278.877,28.218,81.3087,0.3177
egi,443,0,3,278.795,27.914,68.4688,0.3161
egi,443,0,4,276.9565,28.3585,161.6224,3.7524
egi,443,0,5,275.181,29.066,87.5294,0.2322
egi,443,0,6,275.2015,29.2945,82.153,0.2271
egi,443,0,7,276.8905,30.0435,20.8241,3.5809
egi,443,0,8,278.6505,30.5915,134.3456,0.2475
egi,443,0,9,278.8125,30.4045,127.4672,0.2482
egi,443,0,10,279.1055,30.54,47.0942,0.639
egi,443,0,11,279.224,30.892,129.9931,0.3081
egi,443,0,12,279.013,31.1135,137.2627,0.305
egi,443,0,13,276.7555,29.679,35.6346,5.2796
egi,443,0,14,274.6555,28.0175,110.2249,0.2632
egi,443,0,15,274.7575,27.776,115.5849,0.2617
egi,443,0,16,277.195,28.075,9.9344,4.8345
egi,443,0,17,279.5815,28.625,87.6283,0.2662
egi,443,0,18,279.587,28.861,90.0,0.206
egi,444,0,0,280.8935,31.611,0.0,0.687
egi,444,0,1,280.55,28.964,90.0,5.294
egi,444,0,2,281.702,26.317,0.0,2.304
egi,444,0,3,282.854,26.6105,90.0,0.587
egi,444,0,4,282.0455,26.9041,0.0,1.617
egi,445,0,0,283.8724,31.6108,0.0,0.6867
egi,445,0,1,284.2157,28.9639,90.0,5.2938
egi,445,0,2,283.8724,26.317,0.0,0.6867
egi,445,0,3,283.529,28.9639,90.0,5.2938
egi,446,0,0,285.7715,26.317,0.0,0.687
egi,446,0,1,286.115,28.3115,90.0,3.989
egi,446,0,2,288.0755,28.202,132.9778,5.7517
egi,446,0,3,290.036,28.8545,90.0,5.513
egi,446,0,4,289.693,31.611,0.0,0.686
egi,446,0,5,289.35,29.679,90.0,3.864
egi,446,0,6,287.389,29.806,133.6036,5.6868
egi,447,0,0,297.0205,27.003,113.9355,1.5011
egi,447,0,1,297.6825,26.317,0.0,0.715
egi,447,0,2,296.7655,29.101,114.5982,6.1237
egi,447,0,3,294.217,29.101,65.4104,6.1233
egi,447,0,4,293.3,26.317,0.0,0.714
egi,447,0,5,293.9615,27.003,66.0655,1.5011
egi,447,0,6,295.491,27.689,0.0,2.45
egi,447,1,0,295.491,28.277,0.0,1.898
egi,447,1,1,295.0165,29.3535,66.2131,2.3529
egi,447,1,2,295.9655,29.3535,113.7869,2.3529
egi,448,0,0,301.354,31.317,90.0,0.588
egi,448,0,1,300.0545,31.611,0.0,2.599
egi,448,0,2,298.755,28.964,90.0,5.294
egi,448,0,3,299.098,26.317,0.0,0.686
egi,448,0,4,299.441,27.6405,90.0,2.647
egi,448,0,5,300.3655,28.964,0.0,1.849
egi,448,0,6,301.29,29.258,90.0,0.588
egi,448,0,7,300.3655,29.552,0.0,1.849
egi,448,0,8,299.441,30.2875,90.0,1.471
egi,449,0,0,308.1515,27.003,113.9355,1.5011
egi,449,0,1,308.8135,26.317,0.0,0.715
egi,449,0,2,307.8965,29.101,114.5982,6.1237
egi,449,0,3,305.348,29.101,65.4104,6.1233
egi,449,0,4,304.431,26.317,0.0,0.714
egi,449,0,5,305.0925,27.003,66.0655,1.5011
egi,449,0,6,306.622,27.689,0.0,2.45
egi,449,1,0,306.622,28.277,0.0,1.898
egi,449,1,1,306.1475,29.3535,66.2131,2.3529
egi,449,1,2,307.0965,29.3535,113.7869,2.3529
egi,450,0,0,309.787,29.938,90.0,3.346
egi,450,0,1,311.748,28.265,0.0,3.922
egi,450,0,2,313.709,29.938,90.0,3.346
egi,450,0,3,313.366,31.611,0.0,0.686
egi,450,0,4,313.023,30.0515,90.0,3.119
egi,450,0,5,311.748,28.492,0.0,2.55
egi,450,0,6,310.473,30.0515,90.0,3.119
egi,451,0,0,315.21,27.796,60.6701,3.3929
egi,451,0,1,314.747,26.317,0.0,0.736
egi,451,0,2,315.764,27.4785,60.8052,2.661
egi,451,0,3,317.0375,27.4785,118.2653,2.6375
egi,451,0,4,318.0305,26.317,0.0,0.737
egi,451,0,5,317.5955,27.796,118.5139,3.3663
egi,451,0,6,317.5535,30.4425,56.8863,2.7878
egi,451,0,7,317.9395,31.61,0.0,0.751
egi,451,0,8,316.9885,30.728,56.8763,2.1063
egi,451,0,9,315.873,30.728,121.4767,2.0684
egi,451,0,10,314.9575,31.61,0.0,0.751
egi,452,0,0,321.8255,26.317,0.0,0.687
egi,452,0,1,322.169,28.3115,90.0,3.989
egi,452,0,2,324.1295,28.202,132.9778,5.7517
egi,452,0,3,326.09,28.8545,90.0,5.513
egi,452,0,4,325.747,31.611,0.0,0.686
egi,452,0,5,325.404,29.679,90.0,3.864
egi,452,0,6,323.443,29.806,133.6036,5.6868
egi,453,0,0,329.1035,28.67,12.5315,0.2858
egi,453,0,1,328.6795,30.1555,111.177,3.1197
egi,453,0,2,327.7005,31.61,0.0,0.831
egi,453,0,3,327.285,28.9635,90.0,5.293
egi,453,0,4,327.6285,26.317,0.0,0.687
egi,453,0,5,327.972,27.444,90.0,2.254
egi,453,0,6,328.113,28.571,0.0,0.282
egi,453,0,7,329.0495,27.444,125.2163,2.759
egi,453,0,8,330.237,26.317,0.0,0.784
egi,453,0,9,329.7965,27.478,125.6425,2.8573
egi,453,1,0,328.0625,31.0229,0.0,0.181
egi,453,1,1,328.171,30.0915,91.1074,1.8633
egi,453,1,2,328.0805,29.16,0.0,0.217
egi,453,1,3,327.972,30.0915,90.0,1.863
egi,454,0,0,335.2245,28.8655,179.7639,0.237
egi,454,0,1,334.7825,28.1635,51.3753,1.7959
egi,454,0,2,334.2015,27.5545,102.4918,0.1895
egi,454,0,3,333.86,27.647,0.0,0.642
egi,454,0,4,333.5625,27.4915,98.5923,0.3146
egi,454,0,5,334.933,28.1855,32.2386,3.185
egi,454,0,6,336.194,29.09,147.4027,0.2042
egi,454,0,7,336.2405,29.261,41.2023,0.3522
egi,454,0,8,335.0535,30.072,152.2234,2.9827
egi,454,0,9,333.7,30.612,77.629,0.3174
egi,454,0,10,333.9945,30.457,0.0,0.657
egi,454,0,11,334.342,30.539,76.9563,0.1683
egi,454,0,12,334.8275,30.043,128.9061,1.4855
egi,454,0,13,335.1895,29.46,2.7422,0.2092
egi,455,0,0,337.9805,31.438,113.8564,0.3783
egi,455,0,1,338.057,28.492,90.0,5.546
egi,455,0,2,337.9805,25.539,66.9716,0.3912
egi,455,0,3,338.165,25.1645,143.3079,0.651
egi,455,0,4,338.521,25.1695,64.5356,0.4419
egi,455,0,5,338.616,28.493,90.0,6.248
egi,455,0,6,338.521,31.808,116.4441,0.4267
egi,456,0,0,285.8695,233.2975,5.9786,1.8913
egi,456,0,1,285.143,232.9805,134.4037,0.6117
egi,456,0,2,286.0495,232.8535,7.5274,1.397
egi,456,0,3,286.643,232.2445,81.9559,1.4149
egi,456,0,4,286.75,231.333,134.3123,0.5898
egi,456,0,5,287.093,232.044,81.5477,1.8642
egi,456,0,6,287.9905,233.0335,5.0714,1.527
egi,456,0,7,288.5375,233.32,134.2703,0.6117
egi,456,0,8,287.7915,233.494,4.8302,1.0688
egi,456,0,9,287.3365,233.96,81.3761,1.0337
egi,456,0,10,287.206,234.684,134.321,0.5954
egi,457,0,0,301.1985,217.5895,5.9786,1.8913
egi,457,0,1,300.472,217.2725,134.4037,0.6117
egi,457,0,2,301.3785,217.1455,7.5274,1.397
egi,457,0,3,301.9725,216.5365,81.995,1.4148
egi,457,0,4,302.0795,215.625,134.2444,0.5891
egi,457,0,5,302.422,216.336,81.5477,1.8642
egi,457,0,6,303.3195,217.3255,5.0714,1.527
egi,457,0,7,303.8665,217.612,134.2703,0.6117
egi,457,0,8,303.1205,217.7865,4.778,1.0687
egi,457,0,9,302.6655,218.2525,81.368,1.0327
egi,457,0,10,302.535,218.976,134.321,0.5954
egi,458,0,0,109.3795,85.545,0.0,0.313
egi,458,0,1,109.42,86.7605,95.4515,2.442
egi,458,0,2,108.989,87.976,0.0,0.63
egi,458,0,3,108.674,85.8585,90.0,4.235
egi,458,0,4,108.9485,83.741,0.0,0.549
egi,458,0,5,109.223,84.643,90.0,1.804
egi,458,1,0,109.2955,87.506,0.0,0.145
egi,458,1,1,109.3825,86.761,91.1153,1.4903
egi,458,1,2,109.31,86.016,0.0,0.174
egi,458,1,3,109.223,86.761,90.0,1.49
egi,459,0,0,114.7245,87.916,153.7108,0.28
egi,459,0,1,114.594,85.903,89.8619,4.15
egi,459,0,2,114.7195,83.89,25.4108,0.289
egi,459,0,3,114.85,84.2665,90.0,0.629
egi,459,0,4,114.724,84.485,37.3021,0.3168
egi,459,0,5,114.6,85.9045,89.9244,3.031
egi,459,0,6,114.726,87.3285,143.5743,0.3082
egi,460,0,0,115.9975,83.742,0.0,0.549
egi,460,0,1,116.272,85.338,90.0,3.192
egi,460,0,2,117.8405,85.2505,132.9749,4.6019
egi,460,0,3,119.409,85.772,90.0,4.41
egi,460,0,4,119.1345,87.977,0.0,0.549
egi,460,0,5,118.86,86.4315,90.0,3.091
egi,460,0,6,117.2915,86.533,133.6017,4.5487
egi,461,0,0,124.841,87.741,90.0,0.47
egi,461,0,1,124.005,87.976,0.0,1.672
egi,461,0,2,122.841,86.8865,73.2453,2.2756
egi,461,0,3,122.564,85.797,0.0,0.102
egi,461,0,4,122.6955,85.876,44.4656,0.2256
egi,461,0,5,123.6015,85.5625,154.5703,1.8281
egi,461,0,6,124.417,85.066,84.5088,0.209
egi,461,0,7,124.3775,84.8655,73.0016,0.2018
egi,461,0,8,123.477,84.64,8.4244,1.761
egi,461,0,9,122.5625,84.5705,126.1724,0.1474
egi,461,0,10,122.488,84.695,115.4982,0.144
egi,461,0,11,122.259,84.5755,42.978,0.5413
egi,461,0,12,122.114,84.309,122.8748,0.1953
egi,461,0,13,122.8685,85.435,59.8556,2.7938
egi,461,0,14,123.4205,86.6345,3.2538,0.2995
egi,461,0,15,123.4035,87.066,73.2412,0.919
egi,462,0,0,126.83,87.148,53.7485,2.4453
egi,462,0,1,126.025,86.034,57.3563,0.304
egi,462,0,2,126.5,84.785,116.4217,2.5035
egi,462,0,3,127.197,83.678,5.7137,0.2814
egi,462,0,4,127.4665,83.732,17.162,0.2711
egi,462,0,5,127.4135,85.09,97.8835,2.6611
egi,462,0,6,127.1215,86.3945,7.0226,0.2207
egi,462,0,7,126.9135,86.344,20.5894,0.2104
egi,462,0,8,126.809,86.313,135.0182,0.017
egi,462,0,9,127.3695,87.111,54.4249,1.9475
egi,462,0,10,127.7445,88.0185,148.906,0.4473
egi,462,1,0,126.962,84.143,174.224,0.1789
egi,462,1,1,126.789,84.1785,162.4879,0.1762
egi,462,1,2,126.792,85.0615,84.2001,1.7218
egi,462,1,3,126.965,85.928,6.6287,0.1732
egi,462,1,4,127.135,85.929,173.8929,0.169
egi,462,1,5,127.3055,85.0615,95.7534,1.7257
egi,462,1,6,127.309,84.1775,17.0768,0.1737
egi,462,1,7,127.1385,84.143,5.8745,0.1759
egi,463,0,0,132.7075,85.624,12.6342,0.2285
egi,463,0,1,132.3685,86.8125,111.1659,2.4954
egi,463,0,2,131.5855,87.976,0.0,0.665
egi,463,0,3,131.253,85.8585,90.0,4.235
egi,463,0,4,131.5275,83.741,0.0,0.549
egi,463,0,5,131.802,84.643,90.0,1.804
egi,463,0,6,131.915,85.545,0.0,0.226
egi,463,0,7,132.6645,84.643,125.2085,2.2079
egi,463,0,8,133.6145,83.741,0.0,0.627
egi,463,0,9,133.262,84.67,125.6367,2.2861
egi,463,1,0,131.8745,87.506,0.0,0.145
egi,463,1,1,131.9615,86.761,91.1153,1.4903
egi,463,1,2,131.889,86.016,0.0,0.174
egi,463,1,3,131.802,86.761,90.0,1.49
egi,464,0,0,135.515,85.905,66.5636,5.8834
egi,464,0,1,134.5445,83.116,155.7195,0.4377
egi,464,0,2,135.917,85.742,66.6413,5.917
egi,465,0,0,138.4465,83.742,0.0,0.987
egi,465,0,1,139.3245,84.8465,70.8061,2.339
egi,465,0,2,139.6205,85.976,164.2296,0.1839
egi,465,0,3,139.532,86.0065,90.0,0.011
egi,465,0,4,139.631,86.08,34.4875,0.2402
egi,465,0,5,139.11,87.063,124.1214,2.2105
egi,465,0,6,138.2215,87.978,0.0,0.537
egi,465,0,7,137.953,85.86,90.0,4.236
egi,465,1,0,138.5735,87.507,0.0,0.143
egi,465,1,1,138.6395,86.801,89.5536,1.4121
egi,465,1,2,138.568,86.095,0.0,0.132
egi,465,1,3,138.502,86.801,90.0,1.412
egi,465,2,0,138.661,85.702,0.0,0.318
egi,465,2,1,138.853,84.957,92.5361,1.4915
egi,465,2,2,138.694,84.212,0.0,0.384
egi,465,2,3,138.502,84.957,90.0,1.49
egi,466,0,0,142.17,85.905,66.5636,5.8834
egi,466,0,1,141.1995,83.116,155.7195,0.4377
egi,466,0,2,142.572,85.742,66.6413,5.917
egi,467,0,0,144.4265,87.977,0.0,0.577
egi,467,0,1,145.0245,85.7805,111.9788,4.7373
egi,467,0,2,146.5145,85.146,68.8752,3.3491
egi,467,0,3,147.7215,85.146,111.1248,3.3491
egi,467,0,4,149.2115,85.7805,68.0212,4.7373
egi,467,0,5,149.809,87.977,0.0,0.578
egi,467,0,6,148.9225,86.4695,68.3792,3.2432
egi,467,0,7,147.7215,86.548,110.8325,3.3939
egi,467,0,8,146.5165,86.5815,68.8217,3.3299
egi,468,0,0,151.603,85.905,66.5636,5.8834
egi,468,0,1,150.6325,83.116,155.7195,0.4377
egi,468,0,2,152.005,85.742,66.6413,5.917
egi,469,0,0,155.7225,87.506,0.0,1.011
egi,469,0,1,156.228,87.741,90.0,0.47
egi,469,0,2,154.9425,87.976,0.0,2.571
egi,469,0,3,153.657,87.741,90.0,0.47
egi,469,0,4,154.163,87.506,0.0,1.012
egi,469,0,5,154.669,85.6235,90.0,3.765
egi,469,0,6,154.943,83.741,0.0,0.548
egi,470,0,0,98.7725,93.068,12.6346,0.2285
egi,470,0,1,98.4335,94.2565,111.1659,2.4954
egi,470,0,2,97.6505,95.42,0.0,0.665
egi,470,0,3,97.318,93.3025,90.0,4.235
egi,470,0,4,97.5925,91.185,0.0,0.549
egi,470,0,5,97.867,92.087,90.0,1.804
egi,470,0,6,97.98,92.989,0.0,0.226
egi,470,0,7,98.7295,92.087,125.2087,2.2079
egi,470,0,8,99.6795,91.185,0.0,0.627
egi,470,0,9,99.327,92.114,125.6367,2.2861
egi,470,1,0,97.9395,94.95,0.0,0.145
egi,470,1,1,98.0265,94.205,91.115,1.4903
egi,470,1,2,97.954,93.46,0.0,0.174
egi,470,1,3,97.867,94.205,90.0,1.49
egi,471,0,0,100.4625,93.852,0.0,0.575
egi,471,0,1,100.8465,92.48,116.0786,3.055
egi,471,0,2,101.907,92.013,66.7403,1.9701
egi,471,0,3,102.682,92.013,113.0993,1.9678
egi,471,0,4,103.739,92.48,63.9381,3.0546
egi,471,0,5,104.1225,93.852,0.0,0.575
egi,471,0,6,103.4515,93.0255,65.1087,1.8223
egi,471,0,7,102.682,93.099,113.2138,1.9586
egi,471,0,8,101.907,93.099,66.6251,1.961
egi,472,0,0,105.183,90.696,62.4142,2.2588
egi,472,0,1,104.95,89.695,0.0,0.58
egi,472,0,2,106.3165,91.773,62.6138,4.6806
egi,472,0,3,107.106,93.851,0.0,0.574
egi,472,0,4,106.4015,93.0305,63.0313,1.8412
egi,472,0,5,105.5355,93.0305,118.662,1.8702
egi,472,0,6,104.789,93.851,0.0,0.596
egi,473,0,0,110.867,93.0675,90.0,3.765
egi,473,0,1,111.102,91.185,0.0,0.47
egi,473,0,2,111.337,93.3025,90.0,4.235
egi,473,0,3,110.879,95.42,0.0,0.916
egi,473,0,4,110.274,95.185,57.9729,0.5544
egi,474,0,0,113.307,92.223,95.3817,0.2772
egi,474,0,1,114.3575,92.6945,30.4329,2.4066
egi,474,0,2,115.3215,93.3395,154.2145,0.1633
egi,474,0,3,115.367,93.465,37.0993,0.2984
egi,474,0,4,114.5835,93.555,0.0,1.805
egi,474,0,5,113.794,93.465,141.465,0.2889
egi,474,0,6,113.8365,93.3395,26.7322,0.1579
egi,474,0,7,113.535,92.915,59.2965,0.9048
egi,474,0,8,113.299,92.4435,86.5312,0.1653
egi,474,1,0,114.661,95.0985,174.1403,0.1468
egi,474,1,1,114.803,95.069,162.3133,0.1448
egi,474,1,2,114.7985,94.3405,84.0605,1.4206
egi,474,1,3,114.6565,93.625,7.4872,0.1382
egi,474,1,4,114.5195,93.625,172.5128,0.1382
egi,474,1,5,114.3775,94.3405,95.9392,1.4206
egi,474,1,6,114.373,95.069,17.6867,0.1448
egi,474,1,7,114.515,95.0985,5.86,0.1468
egi,474,2,0,114.6675,93.137,174.257,0.1598
egi,474,2,1,114.822,93.107,163.649,0.1563
egi,474,2,2,114.82,92.3385,84.111,1.5009
egi,474,2,3,114.6655,91.5845,5.5218,0.1557
egi,474,2,4,114.51,91.5845,174.5134,0.1567
egi,474,2,5,114.355,92.3385,95.889,1.5009
egi,474,2,6,114.3535,93.107,16.2478,0.1573
egi,474,2,7,114.5085,93.137,5.7433,0.1598
egi,475,0,0,118.211,91.1145,4.3806,0.1966
egi,475,0,1,118.3985,91.144,13.8027,0.1843
egi,475,0,2,118.3985,93.3635,92.3323,4.3987
egi,475,0,3,118.211,95.569,175.3357,0.1967
egi,475,0,4,118.0145,95.569,4.6408,0.1976
egi,475,0,5,117.8265,93.3635,87.6677,4.3987
egi,475,0,6,117.827,91.144,166.271,0.1853
egi,475,0,7,118.015,91.1145,175.6194,0.1966
egi,475,1,0,118.1815,95.1,174.1621,0.1377
egi,475,1,1,118.3125,95.074,163.0931,0.1306
egi,475,1,2,118.3125,93.3225,87.9339,3.4673
egi,475,1,3,118.1815,91.5835,5.4208,0.1376
egi,475,1,4,118.044,91.5835,174.6183,0.1386
egi,475,1,5,117.913,93.3225,92.0495,3.4672
egi,475,1,6,117.913,95.074,17.0353,0.1297
egi,475,1,7,118.044,95.1,5.7959,0.1387
egi,476,0,0,124.7563,93.2244,0.0,1.2547
egi,476,0,1,125.3837,93.0282,90.0,0.3924
egi,476,0,2,124.7563,92.832,0.0,1.2547
egi,476,0,3,124.129,93.0282,90.0,0.3924
egi,477,0,0,127.579,93.2235,179.6963,0.19
egi,477,0,1,127.2255,92.662,51.3583,1.4365
egi,477,0,2,126.7605,92.175,102.5704,0.1516
egi,477,0,3,126.487,92.249,0.0,0.514
egi,477,0,4,126.249,92.125,98.7107,0.2509
egi,477,0,5,127.3455,92.6805,32.2361,2.5477
egi,477,0,6,128.3545,93.404,147.2838,0.1628
egi,477,0,7,128.392,93.5405,41.1082,0.2814
egi,477,0,8,127.442,94.189,152.2325,2.3869
egi,477,0,9,126.3595,94.621,77.9358,0.2536
egi,477,0,10,126.5955,94.497,0.0,0.525
egi,477,0,11,126.873,94.5625,77.1,0.1344
egi,477,0,12,127.261,94.1655,128.8862,1.1883
egi,477,0,13,127.5505,93.699,2.7411,0.1672
egi,478,0,0,130.863,94.591,53.7485,2.4453
egi,478,0,1,130.058,93.477,57.3563,0.304
egi,478,0,2,130.533,92.228,116.4217,2.5035
egi,478,0,3,131.23,91.121,5.7137,0.2814
egi,478,0,4,131.4995,91.175,17.162,0.2711
egi,478,0,5,131.4465,92.533,97.8836,2.6611
egi,478,0,6,131.1545,93.8375,7.0228,0.2206
egi,478,0,7,130.9465,93.787,20.5886,0.2104
egi,478,0,8,130.842,93.756,135.0,0.017
egi,478,0,9,131.4025,94.554,54.4251,1.9475
egi,478,0,10,131.7775,95.4615,148.9055,0.4473
egi,478,1,0,130.995,91.586,174.2238,0.1789
egi,478,1,1,130.822,91.6215,162.4894,0.1762
egi,478,1,2,130.825,92.5045,84.1996,1.7218
egi,478,1,3,130.998,93.371,6.629,0.1732
egi,478,1,4,131.168,93.372,173.8929,0.169
egi,478,1,5,131.3385,92.5045,95.7536,1.7257
egi,478,1,6,131.342,91.6205,17.0768,0.1737
egi,478,1,7,131.1715,91.586,5.8743,0.1759
egi,479,0,0,134.707,91.1145,4.3806,0.1966
egi,479,0,1,134.8945,91.144,13.8027,0.1843
egi,479,0,2,134.8945,93.3635,92.3323,4.3987
egi,479,0,3,134.707,95.569,175.3357,0.1967
egi,479,0,4,134.5105,95.569,4.6406,0.1977
egi,479,0,5,134.3225,93.3635,87.6677,4.3987
egi,479,0,6,134.323,91.144,166.2716,0.1853
egi,479,0,7,134.511,91.1145,175.6194,0.1966
egi,479,1,0,134.6775,95.1,174.1618,0.1377
egi,479,1,1,134.8085,95.074,163.0931,0.1306
egi,479,1,2,134.8085,93.3225,87.9339,3.4673
egi,479,1,3,134.6775,91.5835,5.4211,0.1376
egi,479,1,4,134.54,91.5835,174.6183,0.1386
egi,479,1,5,134.409,93.3225,92.0494,3.4672
egi,479,1,6,134.409,95.074,17.0363,0.1297
egi,479,1,7,134.54,95.1,5.7959,0.1387
egi,480,0,0,109.3795,100.432,0.0,0.313
egi,480,0,1,109.42,101.6475,95.4515,2.442
egi,480,0,2,108.989,102.863,0.0,0.63
egi,480,0,3,108.674,100.7455,90.0,4.235
egi,480,0,4,108.9485,98.628,0.0,0.549
egi,480,0,5,109.223,99.53,90.0,1.804
egi,480,1,0,109.2955,102.393,0.0,0.145
egi,480,1,1,109.3825,101.648,91.1153,1.4903
egi,480,1,2,109.31,100.903,0.0,0.174
egi,480,1,3,109.223,101.648,90.0,1.49
egi,481,0,0,114.7245,102.803,153.7108,0.28
egi,481,0,1,114.594,100.7905,89.8619,4.149
egi,481,0,2,114.7195,98.7775,25.2302,0.2885
egi,481,0,3,114.85,99.1535,90.0,0.629
egi,481,0,4,114.724,99.3725,37.1569,0.3162
egi,481,0,5,114.6,100.792,89.9244,3.03
egi,481,0,6,114.726,102.2155,143.5743,0.3082
egi,482,0,0,115.9975,98.629,0.0,0.549
egi,482,0,1,116.272,100.225,90.0,3.192
egi,482,0,2,117.8405,100.1375,132.9749,4.6019
egi,482,0,3,119.409,100.659,90.0,4.41
egi,482,0,4,119.1345,102.864,0.0,0.549
egi,482,0,5,118.86,101.3185,90.0,3.091
egi,482,0,6,117.2915,101.42,133.6017,4.5487
egi,483,0,0,124.506,101.4035,90.0,3.355
egi,483,0,1,123.22,101.1685,56.0825,4.6093
egi,483,0,2,122.985,99.256,0.0,2.102
egi,483,0,3,124.036,98.942,90.0,0.628
egi,483,0,4,124.271,98.628,0.0,0.47
egi,483,0,5,124.506,98.942,90.0,0.628
egi,483,0,6,124.749,99.256,0.0,0.486
egi,483,0,7,124.992,99.491,90.0,0.47
egi,483,0,8,124.749,99.726,0.0,0.486
egi,483,1,0,123.4315,99.726,0.0,1.209
egi,483,1,1,123.4255,100.604,55.7194,2.1252
egi,483,1,2,124.03,101.482,0.0,0.012
egi,483,1,3,124.036,100.604,90.0,1.756
egi,484,0,0,126.7765,100.6165,58.2695,4.1774
egi,484,0,1,125.8835,98.695,144.7951,0.503
egi,484,0,2,127.413,100.7065,58.4517,5.061
egi,484,0,3,127.2075,102.863,0.0,3.059
egi,484,0,4,125.678,102.628,90.0,0.47
egi,485,0,0,133.332,102.628,90.0,0.47
egi,485,0,1,132.292,102.863,0.0,2.08
egi,485,0,2,131.252,100.7455,90.0,4.235
egi,485,0,3,131.527,98.628,0.0,0.55
egi,485,0,4,131.802,99.687,90.0,2.118
egi,485,0,5,132.5415,100.746,0.0,1.479
egi,485,0,6,133.281,100.981,90.0,0.47
egi,485,0,7,132.5415,101.216,0.0,1.479
egi,485,0,8,131.802,101.8045,90.0,1.177
egi,486,0,0,135.125,100.793,66.5636,5.8834
egi,486,0,1,134.1545,98.004,155.7195,0.4377
egi,486,0,2,135.527,100.63,66.6413,5.917
egi,487,0,0,138.0565,98.629,0.0,0.987
egi,487,0,1,138.9345,99.7335,70.8061,2.339
egi,487,0,2,139.2305,100.863,164.2296,0.1839
egi,487,0,3,139.142,100.8935,90.0,0.011
egi,487,0,4,139.241,100.967,34.4875,0.2402
egi,487,0,5,138.72,101.95,124.1214,2.2105
egi,487,0,6,137.8315,102.865,0.0,0.537
egi,487,0,7,137.563,100.747,90.0,4.236
egi,487,1,0,138.1835,102.394,0.0,0.143
egi,487,1,1,138.2495,101.688,89.5536,1.4121
egi,487,1,2,138.178,100.982,0.0,0.132
egi,487,1,3,138.112,101.688,90.0,1.412
egi,487,2,0,138.271,100.59,0.0,0.318
egi,487,2,1,138.463,99.8445,92.5344,1.4925
egi,487,2,2,138.3045,99.099,0.0,0.383
egi,487,2,3,138.113,99.844,90.0,1.49
egi,488,0,0,141.78,100.793,66.5636,5.8834
egi,488,0,1,140.8095,98.004,155.7195,0.4377
egi,488,0,2,142.182,100.63,66.6413,5.917
egi,489,0,0,144.0365,102.864,0.0,0.577
egi,489,0,1,144.6345,100.6675,111.9788,4.7373
egi,489,0,2,146.124,100.033,68.8913,3.3487
egi,489,0,3,147.331,100.033,111.1408,3.3494
egi,489,0,4,148.8215,100.6675,68.0212,4.7373
egi,489,0,5,149.419,102.864,0.0,0.578
egi,489,0,6,148.5325,101.3565,68.3792,3.2432
egi,489,0,7,147.3315,101.435,110.8325,3.3939
egi,489,0,8,146.1265,101.4685,68.8217,3.3299
egi,490,0,0,151.214,100.793,66.5636,5.8834
egi,490,0,1,150.2435,98.004,155.7195,0.4377
egi,490,0,2,151.616,100.63,66.6413,5.917
egi,491,0,0,155.3335,102.393,0.0,1.011
egi,491,0,1,155.839,102.628,90.0,0.47
egi,491,0,2,154.5535,102.863,0.0,2.571
egi,491,0,3,153.268,102.628,90.0,0.47
egi,491,0,4,153.774,102.393,0.0,1.012
egi,491,0,5,154.28,100.5105,90.0,3.765
egi,491,0,6,154.554,98.628,0.0,0.548
egi,492,0,0,98.7725,107.955,12.6346,0.2285
egi,492,0,1,98.4335,109.1435,111.1659,2.4954
egi,492,0,2,97.6505,110.307,0.0,0.665
egi,492,0,3,97.318,108.1895,90.0,4.235
egi,492,0,4,97.5925,106.072,0.0,0.549
egi,492,0,5,97.867,106.974,90.0,1.804
egi,492,0,6,97.98,107.876,0.0,0.226
egi,492,0,7,98.7295,106.974,125.2087,2.2079
egi,492,0,8,99.6795,106.072,0.0,0.627
egi,492,0,9,99.327,107.001,125.6367,2.2861
egi,492,1,0,97.9395,109.837,0.0,0.145
egi,492,1,1,98.0265,109.092,91.115,1.4903
egi,492,1,2,97.954,108.347,0.0,0.174
egi,492,1,3,97.867,109.092,90.0,1.49
egi,493,0,0,100.4625,108.739,0.0,0.575
egi,493,0,1,100.8465,107.367,116.0786,3.055
egi,493,0,2,101.907,106.9,66.7403,1.9701
egi,493,0,3,102.682,106.9,113.0993,1.9678
egi,493,0,4,103.739,107.367,63.9381,3.0546
egi,493,0,5,104.1225,108.739,0.0,0.575
egi,493,0,6,103.4515,107.9125,65.1087,1.8223
egi,493,0,7,102.682,107.986,113.2138,1.9586
egi,493,0,8,101.907,107.986,66.6251,1.961
egi,494,0,0,105.183,105.583,62.4142,2.2588
egi,494,0,1,104.95,104.582,0.0,0.58
egi,494,0,2,106.3165,106.66,62.6138,4.6806
egi,494,0,3,107.106,108.738,0.0,0.574
egi,494,0,4,106.4015,107.9175,63.0313,1.8412
egi,494,0,5,105.5355,107.9175,118.662,1.8702
egi,494,0,6,104.789,108.738,0.0,0.596
egi,495,0,0,110.867,107.9545,90.0,3.765
egi,495,0,1,111.102,106.072,0.0,0.47
egi,495,0,2,111.337,108.1895,90.0,4.235
egi,495,0,3,110.879,110.307,0.0,0.916
egi,495,0,4,110.274,110.072,57.9729,0.5544
egi,496,0,0,113.307,107.111,95.3817,0.2772
egi,496,0,1,114.3575,107.5825,30.4329,2.4066
egi,496,0,2,115.3215,108.2275,154.2145,0.1633
egi,496,0,3,115.367,108.353,37.0993,0.2984
egi,496,0,4,114.5835,108.443,0.0,1.805
egi,496,0,5,113.794,108.353,141.465,0.2889
egi,496,0,6,113.8365,108.2275,26.7322,0.1579
egi,496,0,7,113.535,107.803,59.2965,0.9048
egi,496,0,8,113.299,107.3315,86.5312,0.1653
egi,496,1,0,114.661,109.9865,174.1403,0.1468
egi,496,1,1,114.803,109.957,162.3133,0.1448
egi,496,1,2,114.7985,109.228,84.0647,1.4216
egi,496,1,3,114.6565,108.5125,7.0728,0.1381
egi,496,1,4,114.5195,108.5125,172.9272,0.1381
egi,496,1,5,114.3775,109.228,95.935,1.4216
egi,496,1,6,114.373,109.957,17.6867,0.1448
egi,496,1,7,114.515,109.9865,5.86,0.1468
egi,496,2,0,114.6675,108.025,174.257,0.1598
egi,496,2,1,114.822,107.995,163.649,0.1563
egi,496,2,2,114.82,107.2265,84.111,1.5009
egi,496,2,3,114.6655,106.4725,5.5218,0.1557
egi,496,2,4,114.51,106.4725,174.5134,0.1567
egi,496,2,5,114.355,107.2265,95.889,1.5009
egi,496,2,6,114.3535,107.995,16.2478,0.1573
egi,496,2,7,114.5085,108.025,5.7433,0.1598
egi,497,0,0,117.4464,108.1114,0.0,1.2547
egi,497,0,1,118.0737,107.9152,90.0,0.3924
egi,497,0,2,117.4464,107.719,0.0,1.2547
egi,497,0,3,116.819,107.9152,90.0,0.3924
egi,498,0,0,120.269,108.1105,179.6963,0.19
egi,498,0,1,119.9155,107.549,51.3583,1.4365
egi,498,0,2,119.4505,107.062,102.5704,0.1516
egi,498,0,3,119.1775,107.136,0.0,0.513
egi,498,0,4,118.94,107.012,98.7124,0.2509
egi,498,0,5,120.0365,107.5675,32.2362,2.5477
egi,498,0,6,121.045,108.291,147.4715,0.1637
egi,498,0,7,121.082,108.4275,41.1092,0.2814
egi,498,0,8,120.1325,109.076,152.2213,2.386
egi,498,0,9,119.05,109.508,77.7152,0.2538
egi,498,0,10,119.2855,109.384,0.0,0.525
egi,498,0,11,119.5635,109.4495,76.6853,0.1346
egi,498,0,12,119.952,109.0525,128.8862,1.1883
egi,498,0,13,120.2415,108.586,2.7411,0.1672
egi,499,0,0,123.552,109.478,53.7485,2.4453
egi,499,0,1,122.747,108.364,57.3563,0.304
egi,499,0,2,123.222,107.115,116.4217,2.5035
egi,499,0,3,123.919,106.008,5.7137,0.2814
egi,499,0,4,124.1885,106.062,17.162,0.2711
egi,499,0,5,124.1355,107.42,97.8835,2.6611
egi,499,0,6,123.8435,108.7245,7.0226,0.2207
egi,499,0,7,123.635,108.6745,20.238,0.211
egi,499,0,8,123.5305,108.6435,135.0398,0.0155
egi,499,0,9,124.0915,109.4415,54.4416,1.9483
egi,499,0,10,124.4665,110.349,149.0133,0.4468
egi,499,1,0,123.684,106.473,174.224,0.1789
egi,499,1,1,123.511,106.509,162.1855,0.1765
egi,499,1,2,123.514,107.392,84.1968,1.7208
egi,499,1,3,123.687,108.258,6.6287,0.1732
egi,499,1,4,123.857,108.259,173.8929,0.169
egi,499,1,5,124.0275,107.3915,95.7534,1.7257
egi,499,1,6,124.031,106.5075,17.0768,0.1737
egi,499,1,7,123.8605,106.473,5.8745,0.1759
egi,500,0,0,81.138,497.326,5.3817,0.2772
egi,500,0,1,80.6665,498.377,120.421,2.4074
egi,500,0,2,80.0215,499.341,64.3711,0.1641
egi,500,0,3,79.8965,499.386,126.9471,0.2978
egi,500,0,4,79.8065,498.603,89.9683,1.804
egi,500,0,5,79.896,497.8135,51.34,0.2881
egi,500,0,6,80.0215,497.8555,116.7273,0.1579
egi,500,0,7,80.4455,497.554,149.2646,0.904
egi,500,0,8,80.917,497.318,176.5519,0.1663
egi,500,1,0,78.263,498.6805,83.7038,0.1459
egi,500,1,1,78.2925,498.822,72.6907,0.1445
egi,500,1,2,79.021,498.8175,174.0647,1.4216
egi,500,1,3,79.7365,498.6755,97.0759,0.1381
egi,500,1,4,79.7365,498.5385,82.9241,0.1381
egi,500,1,5,79.021,498.397,5.895,1.4215
egi,500,1,6,78.2925,498.393,107.3093,0.1445
egi,500,1,7,78.263,498.535,96.2537,0.1469
egi,500,2,0,80.224,498.6865,84.2543,0.1598
egi,500,2,1,80.254,498.841,73.6516,0.1563
egi,500,2,2,81.022,498.839,174.107,1.4999
egi,500,2,3,81.776,498.6845,95.8932,0.1558
egi,500,2,4,81.776,498.5295,84.1068,0.1558
egi,500,2,5,81.022,498.3745,5.931,1.5
egi,500,2,6,80.2535,498.373,106.4908,0.1585
egi,500,2,7,80.223,498.528,95.7848,0.1588
egi,501,0,0,78.771,501.912,143.7487,2.4453
egi,501,0,1,79.885,501.1065,147.1965,0.3046
egi,501,0,2,81.134,501.581,26.4217,2.5035
egi,501,0,3,82.241,502.278,95.7106,0.2814
egi,501,0,4,82.187,502.5475,107.1651,0.2711
egi,501,0,5,80.829,502.495,7.8621,2.661
egi,501,0,6,79.5245,502.2035,97.0285,0.2207
egi,501,0,7,79.5745,501.995,110.238,0.211
egi,501,0,8,79.6055,501.89,47.5077,0.0163
egi,501,0,9,78.8075,502.451,144.4178,1.9489
egi,501,0,10,77.9,502.8265,59.0141,0.4468
egi,501,1,0,81.776,502.043,84.2264,0.1789
egi,501,1,1,81.74,501.8705,72.0809,0.1755
egi,501,1,2,80.857,501.874,174.1968,1.7208
egi,501,1,3,79.991,502.047,96.6337,0.1732
egi,501,1,4,79.99,502.217,83.8852,0.169
egi,501,1,5,80.8575,502.3875,5.7534,1.7257
egi,501,1,6,81.7415,502.3905,106.9829,0.1746
egi,501,1,7,81.776,502.22,95.9055,0.1749
egi,502,0,0,80.1385,509.463,89.6986,0.19
egi,502,0,1,80.7,509.1095,141.3588,1.4365
egi,502,0,2,81.187,508.6445,12.5685,0.1516
egi,502,0,3,81.113,508.371,90.0,0.514
egi,502,0,4,81.237,508.133,8.7101,0.2509
egi,502,0,5,80.6815,509.2295,122.2366,2.5477
egi,502,0,6,79.958,510.238,57.476,0.1637
egi,502,0,7,79.822,510.275,130.9555,0.2807
egi,502,0,8,79.174,509.3255,62.2213,2.386
egi,502,0,9,78.7415,508.243,167.6674,0.2528
egi,502,0,10,78.865,508.4785,90.0,0.525
egi,502,0,11,78.7995,508.7565,166.6868,0.1346
egi,502,0,12,79.1965,509.145,38.8857,1.1883
egi,502,0,13,79.6635,509.4345,93.0831,0.1672
egi,503,0,0,80.8335,513.3545,141.5847,2.2322
egi,503,0,1,79.368,512.8915,62.9319,2.5975
egi,503,0,2,78.915,511.71,169.7326,0.2805
egi,503,0,3,79.053,511.95,90.0,0.53
egi,503,0,4,78.973,512.228,170.77,0.1621
egi,503,0,5,79.38,512.866,52.0743,1.5847
egi,503,0,6,81.0225,512.559,141.1112,2.969
egi,503,0,7,82.178,512.9835,90.0,2.713
egi,503,0,8,81.943,514.34,0.0,0.47
egi,504,0,0,78.546,515.361,157.1663,1.6492
egi,504,0,1,79.3695,515.204,68.7144,0.3499
egi,504,0,2,78.695,515.7535,152.3584,1.6662
egi,505,0,0,77.944,516.9215,90.0,0.577
egi,505,0,1,80.1405,517.519,21.9677,4.7369
egi,505,0,2,80.7755,519.0085,158.8691,3.3481
egi,505,0,3,80.7755,520.2155,21.1309,3.3481
egi,505,0,4,80.141,521.706,158.0054,4.7367
egi,505,0,5,77.945,522.304,90.0,0.578
egi,505,0,6,79.452,521.417,158.3561,3.2426
egi,505,0,7,79.373,520.216,20.8169,3.3935
egi,505,0,8,79.3395,519.011,158.8056,3.3303
egi,506,0,0,283.082,497.326,5.3817,0.2772
egi,506,0,1,282.6105,498.377,120.4208,2.4074
egi,506,0,2,281.9655,499.341,64.3663,0.1642
egi,506,0,3,281.84,499.386,127.0993,0.2984
egi,506,0,4,281.75,498.603,90.0,1.804
egi,506,0,5,281.84,497.8135,51.3411,0.2881
egi,506,0,6,281.9655,497.8555,116.7322,0.1579
egi,506,0,7,282.3895,497.554,149.2649,0.904
egi,506,0,8,282.861,497.318,176.5516,0.1663
egi,506,1,0,280.207,498.6805,83.7068,0.1459
egi,506,1,1,280.2365,498.822,72.6936,0.1445
egi,506,1,2,280.965,498.8175,174.0647,1.4216
egi,506,1,3,281.6805,498.6755,97.0728,0.1381
egi,506,1,4,281.6805,498.5385,82.9272,0.1381
egi,506,1,5,280.965,498.397,5.8949,1.4215
egi,506,1,6,280.236,498.393,107.6867,0.1448
egi,506,1,7,280.2065,498.535,95.86,0.1468
egi,506,2,0,282.168,498.6865,84.257,0.1598
egi,506,2,1,282.198,498.841,73.649,0.1563
egi,506,2,2,282.9665,498.839,174.111,1.5009
egi,506,2,3,283.7205,498.6845,95.5218,0.1557
egi,506,2,4,283.72,498.5295,84.1096,0.1558
egi,506,2,5,282.966,498.3745,5.931,1.5
egi,506,2,6,282.1975,498.373,106.4961,0.1585
egi,506,2,7,282.1675,498.528,95.4176,0.1587
egi,507,0,0,280.715,501.912,143.7485,2.4453
egi,507,0,1,281.829,501.1065,147.198,0.3046
egi,507,0,2,283.078,501.581,26.4217,2.5035
egi,507,0,3,284.185,502.278,95.7137,0.2814
egi,507,0,4,284.131,502.5475,107.162,0.2711
egi,507,0,5,282.773,502.495,7.8621,2.661
egi,507,0,6,281.4685,502.2035,97.0226,0.2207
egi,507,0,7,281.5185,501.995,110.238,0.211
egi,507,0,8,281.5495,501.89,47.5275,0.0163
egi,507,0,9,280.7515,502.451,144.4177,1.9489
egi,507,0,10,279.844,502.8265,59.0133,0.4468
egi,507,1,0,283.72,502.043,84.224,0.1789
egi,507,1,1,283.684,501.8705,72.0857,0.1755
egi,507,1,2,282.8005,501.874,174.2002,1.7218
egi,507,1,3,281.9345,502.047,96.2975,0.173
egi,507,1,4,281.934,502.217,83.8929,0.169
egi,507,1,5,282.801,502.3875,5.7567,1.7247
egi,507,1,6,283.685,502.3905,107.296,0.1749
egi,507,1,7,283.72,502.22,95.908,0.1749
egi,508,0,0,282.0835,509.463,89.6963,0.19
egi,508,0,1,282.645,509.1095,141.3583,1.4365
egi,508,0,2,283.132,508.6445,12.5704,0.1516
egi,508,0,3,283.058,508.371,90.0,0.514
egi,508,0,4,283.182,508.133,8.7107,0.2509
egi,508,0,5,282.6265,509.2295,122.2361,2.5477
egi,508,0,6,281.903,510.238,57.4715,0.1637
egi,508,0,7,281.767,510.275,130.9543,0.2807
egi,508,0,8,281.1185,509.3255,62.1999,2.3864
egi,508,0,9,280.686,508.243,167.7152,0.2538
egi,508,0,10,280.81,508.4785,90.0,0.525
egi,508,0,11,280.7445,508.7565,166.6853,0.1346
egi,508,0,12,281.1415,509.145,38.8862,1.1883
egi,508,0,13,281.608,509.4345,92.7411,0.1672
egi,509,0,0,282.2405,512.7715,179.9848,3.765
egi,509,0,1,284.123,513.0065,90.0,0.471
egi,509,0,2,282.0055,513.242,0.0,4.235
egi,509,0,3,279.8875,512.784,89.937,0.916
egi,509,0,4,280.1225,512.179,148.028,0.5552
egi,510,0,0,280.491,515.361,157.1662,1.6492
egi,510,0,1,281.3145,515.204,68.7132,0.3499
egi,510,0,2,280.64,515.7535,152.3585,1.6662
egi,511,0,0,279.888,516.9215,90.0,0.577
egi,511,0,1,282.0845,517.519,21.9676,4.7369
egi,511,0,2,282.7195,519.0085,158.8692,3.3481
egi,511,0,3,282.7195,520.2155,21.1308,3.3481
egi,511,0,4,282.085,521.706,158.0054,4.7367
egi,511,0,5,279.889,522.304,90.0,0.578
egi,511,0,6,281.396,521.417,158.3561,3.2426
egi,511,0,7,281.317,520.216,20.8167,3.3936
egi,511,0,8,281.2835,519.011,158.8056,3.3303
egi,512,0,0,217.684,451.4895,90.0,3.765
egi,512,0,1,217.919,449.607,0.0,0.47
egi,512,0,2,218.154,451.7245,90.0,4.235
egi,512,0,3,217.696,453.842,0.0,0.916
egi,512,0,4,217.091,453.607,57.9722,0.5544
egi,513,0,0,220.124,450.645,95.3817,0.2772
egi,513,0,1,221.175,451.1165,30.4207,2.4074
egi,513,0,2,222.139,451.7615,154.3686,0.1642
egi,513,0,3,222.184,451.887,37.0984,0.2984
egi,513,0,4,221.401,451.977,0.0,1.804
egi,513,0,5,220.6115,451.887,141.3421,0.2881
egi,513,0,6,220.6535,451.7615,26.731,0.1579
egi,513,0,7,220.352,451.337,59.2966,0.9048
egi,513,0,8,220.116,450.8655,86.5335,0.1653
egi,513,1,0,221.478,453.521,173.7433,0.1469
egi,513,1,1,221.62,453.4915,162.6936,0.1445
egi,513,1,2,221.6155,452.763,84.0647,1.4216
egi,513,1,3,221.4735,452.047,7.4813,0.1382
egi,513,1,4,221.3365,452.047,172.5195,0.1382
egi,513,1,5,221.1945,452.763,95.9353,1.4216
egi,513,1,6,221.19,453.4915,17.3064,0.1445
egi,513,1,7,221.332,453.521,6.2561,0.1469
egi,513,2,0,221.4845,451.5595,174.6108,0.1597
egi,513,2,1,221.639,451.5295,163.3008,0.1566
egi,513,2,2,221.637,450.7605,84.1112,1.5009
egi,513,2,3,221.4825,450.0065,5.5274,0.1557
egi,513,2,4,221.327,450.0065,174.5081,0.1567
egi,513,2,5,221.172,450.7605,95.8894,1.5009
egi,513,2,6,221.1705,451.5295,16.594,0.1576
egi,513,2,7,221.325,451.5595,5.4228,0.1587
egi,514,0,0,225.229,450.509,53.5819,2.4357
egi,514,0,1,226.034,451.6205,58.0532,0.3099
egi,514,0,2,225.559,452.8755,116.371,2.508
egi,514,0,3,224.8615,453.985,5.6903,0.2824
egi,514,0,4,224.592,453.9305,17.4319,0.2704
egi,514,0,5,224.648,452.572,97.99,2.6618
egi,514,0,6,224.94,451.2625,4.5414,0.2147
egi,514,0,7,225.1455,451.304,18.5201,0.2078
egi,514,0,8,225.25,451.331,135.0,0.017
egi,514,0,9,224.6895,450.577,52.8616,1.8766
egi,514,0,10,224.3145,449.679,141.9282,0.4865
egi,514,1,0,224.9255,451.7335,174.1179,0.1659
egi,514,1,1,224.7625,451.7675,162.4212,0.1689
egi,514,1,2,224.769,452.6515,84.213,1.7258
egi,514,1,3,224.949,453.5195,5.832,0.187
egi,514,1,4,225.127,453.5185,172.9592,0.1713
egi,514,1,5,225.295,452.654,95.5511,1.7161
egi,514,1,6,225.29,451.772,17.6505,0.1847
egi,514,1,7,225.105,451.7345,5.5928,0.1949
egi,515,0,0,216.647,457.051,0.0,2.306
egi,515,0,1,217.8,457.286,90.0,0.47
egi,515,0,2,216.9215,457.521,0.0,1.757
egi,515,0,3,216.043,458.3445,90.0,1.647
egi,515,0,4,216.8955,459.168,0.0,1.705
egi,515,0,5,217.748,459.4035,90.0,0.471
egi,515,0,6,216.8955,459.639,0.0,1.705
egi,515,0,7,216.043,460.2275,90.0,1.177
egi,515,0,8,216.9215,460.816,0.0,1.757
egi,515,0,9,217.8,461.051,90.0,0.47
egi,515,0,10,216.647,461.286,0.0,2.306
egi,516,0,0,218.9725,461.286,0.0,0.549
egi,516,0,1,218.698,459.1685,90.0,4.235
egi,516,0,2,219.619,457.051,0.0,1.842
egi,516,0,3,220.54,457.286,90.0,0.47
egi,516,0,4,219.8935,457.521,0.0,1.293
egi,517,0,0,222.285,457.051,0.0,2.306
egi,517,0,1,223.438,457.286,90.0,0.47
egi,517,0,2,222.5595,457.521,0.0,1.757
egi,517,0,3,221.681,458.3445,90.0,1.647
egi,517,0,4,222.5335,459.168,0.0,1.705
egi,517,0,5,223.386,459.4035,90.0,0.471
egi,517,0,6,222.5335,459.639,0.0,1.705
egi,517,0,7,221.681,460.2275,90.0,1.177
egi,517,0,8,222.5595,460.816,0.0,1.757
egi,517,0,9,223.438,461.051,90.0,0.47
egi,517,0,10,222.285,461.286,0.0,2.306
egi,518,0,0,224.1555,461.286,0.0,0.579
egi,518,0,1,224.789,459.0615,112.5347,4.8168
egi,518,0,2,226.632,459.0615,67.5312,4.8145
egi,518,0,3,227.262,461.286,0.0,0.58
egi,518,0,4,226.342,459.7275,67.9898,3.362
egi,519,0,0,178.198,126.3465,90.0,3.765
egi,519,0,1,178.433,124.464,0.0,0.47
egi,519,0,2,178.668,126.5815,90.0,4.235
egi,519,0,3,178.21,128.699,0.0,0.916
egi,519,0,4,177.605,128.464,57.9722,0.5544
egi,520,0,0,182.219,125.367,53.5817,2.4357
egi,520,0,1,183.024,126.4785,58.0532,0.3099
egi,520,0,2,182.549,127.7335,116.3708,2.508
egi,520,0,3,181.8515,128.843,5.6933,0.2824
egi,520,0,4,181.582,128.7885,17.4289,0.2704
egi,520,0,5,181.638,127.43,97.99,2.6618
egi,520,0,6,181.93,126.1205,4.5414,0.2147
egi,520,0,7,182.136,126.162,18.4376,0.2087
egi,520,0,8,182.2405,126.189,132.4577,0.0163
egi,520,0,9,181.6795,125.435,52.8616,1.8766
egi,520,0,10,181.3045,124.537,141.9296,0.4865
egi,520,1,0,181.9155,126.591,173.7721,0.166
egi,520,1,1,181.752,126.6255,162.5271,0.1698
egi,520,1,2,181.7585,127.509,84.1769,1.7249
egi,520,1,3,181.939,128.3765,5.8274,0.187
egi,520,1,4,182.117,128.376,173.2937,0.1712
egi,520,1,5,182.2845,127.5115,95.5149,1.717
egi,520,1,6,182.2795,126.6295,17.4447,0.1834
egi,520,1,7,182.095,126.592,5.8828,0.195
egi,521,0,0,185.542,124.3945,4.3806,0.1966
egi,521,0,1,185.7295,124.424,13.8027,0.1843
egi,521,0,2,185.7295,126.6435,92.3323,4.3987
egi,521,0,3,185.542,128.849,175.3357,0.1967
egi,521,0,4,185.3455,128.849,4.6406,0.1977
egi,521,0,5,185.1575,126.6435,87.6677,4.3987
egi,521,0,6,185.158,124.424,166.2716,0.1853
egi,521,0,7,185.346,124.3945,175.6194,0.1966
egi,521,1,0,185.5125,128.38,174.1618,0.1377
egi,521,1,1,185.6435,128.3535,162.6715,0.1309
egi,521,1,2,185.6435,126.602,87.9333,3.4662
egi,521,1,3,185.5125,124.8635,5.4211,0.1376
egi,521,1,4,185.375,124.8635,174.6183,0.1386
egi,521,1,5,185.244,126.602,92.05,3.4662
egi,521,1,6,185.244,128.3535,17.4608,0.13
egi,521,1,7,185.375,128.38,5.7959,0.1387
egi,522,0,0,177.161,131.908,0.0,2.306
egi,522,0,1,178.314,132.143,90.0,0.47
egi,522,0,2,177.4355,132.378,0.0,1.757
egi,522,0,3,176.557,133.202,90.0,1.648
egi,522,0,4,177.4095,134.026,0.0,1.705
egi,522,0,5,178.262,134.261,90.0,0.47
egi,522,0,6,177.4095,134.496,0.0,1.705
egi,522,0,7,176.557,135.0845,90.0,1.177
egi,522,0,8,177.4355,135.673,0.0,1.757
egi,522,0,9,178.314,135.908,90.0,0.47
egi,522,0,10,177.161,136.143,0.0,2.306
egi,523,0,0,179.4865,136.143,0.0,0.549
egi,523,0,1,179.212,134.0255,90.0,4.235
egi,523,0,2,180.133,131.908,0.0,1.842
egi,523,0,3,181.054,132.143,90.0,0.47
egi,523,0,4,180.4075,132.378,0.0,1.293
egi,524,0,0,182.799,131.908,0.0,2.306
egi,524,0,1,183.952,132.143,90.0,0.47
egi,524,0,2,183.0735,132.378,0.0,1.757
egi,524,0,3,182.195,133.202,90.0,1.648
egi,524,0,4,183.0475,134.026,0.0,1.705
egi,524,0,5,183.9,134.261,90.0,0.47
egi,524,0,6,183.0475,134.496,0.0,1.705
egi,524,0,7,182.195,135.0845,90.0,1.177
egi,524,0,8,183.0735,135.673,0.0,1.757
egi,524,0,9,183.952,135.908,90.0,0.47
egi,524,0,10,182.799,136.143,0.0,2.306
egi,525,0,0,184.6685,136.143,0.0,0.579
egi,525,0,1,185.302,133.9185,112.5347,4.8168
egi,525,0,2,187.145,133.9185,67.5312,4.8145
egi,525,0,3,187.775,136.143,0.0,0.58
egi,525,0,4,186.855,134.5845,67.9898,3.362
egi,526,0,0,283.0205,263.863,0.0,0.549
egi,526,0,1,283.295,265.459,90.0,3.192
egi,526,0,2,284.8635,265.3715,132.9749,4.6019
egi,526,0,3,286.432,265.893,90.0,4.41
egi,526,0,4,286.1575,268.098,0.0,0.549
egi,526,0,5,285.883,266.5525,90.0,3.091
egi,526,0,6,284.3145,266.654,133.6017,4.5487
egi,527,0,0,289.25,268.249,3.0648,0.2243
egi,527,0,1,289.028,268.2265,8.5358,0.2225
egi,527,0,2,289.0265,266.003,92.8146,4.4193
egi,527,0,3,289.2485,263.7905,177.229,0.2273
egi,527,0,4,289.475,263.7905,2.7829,0.2263
egi,527,0,5,289.6965,266.003,87.1858,4.4193
egi,527,0,6,289.6955,268.2265,171.4255,0.2215
egi,527,0,7,289.474,268.249,176.9352,0.2243
egi,527,1,0,289.277,264.259,177.3074,0.1702
egi,527,1,1,289.1095,264.276,171.0437,0.167
egi,527,1,2,289.103,266.0315,87.503,3.4883
egi,527,1,3,289.2705,267.779,3.1211,0.1833
egi,527,1,4,289.453,267.779,176.8617,0.1823
egi,527,1,5,289.6205,266.0315,92.5135,3.4884
egi,527,1,6,289.614,264.276,8.9028,0.168
egi,527,1,7,289.4465,264.259,2.7086,0.1692
egi,528,0,0,293.8325,265.746,12.635,0.2285
egi,528,0,1,293.4935,266.9345,111.1659,2.4954
egi,528,0,2,292.7105,268.098,0.0,0.665
egi,528,0,3,292.378,265.9805,90.0,4.235
egi,528,0,4,292.653,263.863,0.0,0.55
egi,528,0,5,292.928,264.765,90.0,1.804
egi,528,0,6,293.041,265.667,0.0,0.226
egi,528,0,7,293.79,264.765,125.1868,2.2073
egi,528,0,8,294.7395,263.863,0.0,0.627
egi,528,0,9,294.387,264.792,125.6367,2.2861
egi,528,1,0,292.9995,267.628,0.0,0.145
egi,528,1,1,293.0865,266.883,91.1147,1.4903
egi,528,1,2,293.0145,266.138,0.0,0.173
egi,528,1,3,292.928,266.883,90.0,1.49
egi,529,0,0,297.3875,267.628,0.0,1.011
egi,529,0,1,297.893,267.863,90.0,0.47
egi,529,0,2,296.6075,268.098,0.0,2.571
egi,529,0,3,295.322,267.863,90.0,0.47
egi,529,0,4,295.828,267.628,0.0,1.012
egi,529,0,5,296.334,265.7455,90.0,3.765
egi,529,0,6,296.608,263.863,0.0,0.548
egi,530,0,0,299.091,267.235,90.0,1.726
egi,530,0,1,298.8165,268.098,0.0,0.549
egi,530,0,2,298.542,265.9805,90.0,4.235
egi,530,0,3,298.8165,263.863,0.0,0.549
egi,530,0,4,299.091,264.8825,90.0,2.039
egi,530,0,5,300.0715,265.902,0.0,1.961
egi,530,0,6,301.052,264.8825,90.0,2.039
egi,530,0,7,301.3265,263.863,0.0,0.549
egi,530,0,8,301.601,265.9805,90.0,4.235
egi,530,0,9,301.3265,268.098,0.0,0.549
egi,530,0,10,301.052,267.235,90.0,1.726
egi,531,0,0,285.1215,275.542,0.0,0.549
egi,531,0,1,284.847,273.4245,90.0,4.235
egi,531,0,2,285.768,271.307,0.0,1.842
egi,531,0,3,286.689,271.542,90.0,0.47
egi,531,0,4,286.0425,271.777,0.0,1.293
egi,532,0,0,290.0735,271.856,113.919,1.2011
egi,532,0,1,290.603,271.307,0.0,0.572
egi,532,0,2,289.8695,273.534,114.598,4.8985
egi,532,0,3,287.8305,273.534,65.402,4.8985
egi,532,0,4,287.097,271.307,0.0,0.572
egi,532,0,5,287.6265,271.856,66.081,1.2011
egi,532,0,6,288.85,272.405,0.0,1.96
egi,532,1,0,288.85,272.875,0.0,1.518
egi,532,1,1,288.4705,273.7365,66.2258,1.8828
egi,532,1,2,289.2295,273.7365,113.7742,1.8828
egi,533,0,0,291.7865,271.307,0.0,0.549
egi,533,0,1,292.061,272.903,90.0,3.192
egi,533,0,2,293.6295,272.8155,132.9749,4.6019
egi,533,0,3,295.198,273.337,90.0,4.41
egi,533,0,4,294.9235,275.542,0.0,0.549
egi,533,0,5,294.649,273.9965,90.0,3.091
egi,533,0,6,293.0805,274.098,133.6017,4.5487
egi,534,0,0,296.646,271.307,0.0,0.88
egi,534,0,1,297.0945,273.4245,89.77,4.235
egi,534,0,2,296.6545,275.542,0.0,0.897
egi,534,0,3,296.206,273.4245,90.0,4.235
egi,534,1,0,296.8475,275.072,0.0,0.185
egi,534,1,1,296.94,273.424,90.0,3.296
egi,534,1,2,296.8475,271.776,0.0,0.185
egi,534,1,3,296.755,273.4235,90.0,3.295
egi,535,0,0,279.5535,282.985,0.0,0.579
egi,535,0,1,280.187,280.7605,112.5348,4.8168
egi,535,0,2,282.03,280.7605,67.5312,4.8145
egi,535,0,3,282.66,282.985,0.0,0.58
egi,535,0,4,281.74,281.4265,67.9896,3.362
egi,536,0,0,284.762,278.75,0.0,2.306
egi,536,0,1,285.915,278.985,90.0,0.47
egi,536,0,2,285.0365,279.22,0.0,1.757
egi,536,0,3,284.158,280.044,90.0,1.648
egi,536,0,4,285.0105,280.868,0.0,1.705
egi,536,0,5,285.863,281.103,90.0,0.47
egi,536,0,6,285.0105,281.338,0.0,1.705
egi,536,0,7,284.158,281.9265,90.0,1.177
egi,536,0,8,285.0365,282.515,0.0,1.757
egi,536,0,9,285.915,282.75,90.0,0.47
egi,536,0,10,284.762,282.985,0.0,2.306
egi,537,0,0,288.2665,280.633,12.635,0.2285
egi,537,0,1,287.9275,281.8215,111.1659,2.4954
egi,537,0,2,287.1445,282.985,0.0,0.665
egi,537,0,3,286.812,280.8675,90.0,4.235
egi,537,0,4,287.0865,278.75,0.0,0.549
egi,537,0,5,287.361,279.652,90.0,1.804
egi,537,0,6,287.474,280.554,0.0,0.226
egi,537,0,7,288.2235,279.652,125.2082,2.2079
egi,537,0,8,289.1735,278.75,0.0,0.627
egi,537,0,9,288.821,279.679,125.6367,2.2861
egi,537,1,0,287.4335,282.515,0.0,0.145
egi,537,1,1,287.5205,281.77,91.1147,1.4903
egi,537,1,2,287.448,281.025,0.0,0.174
egi,537,1,3,287.361,281.77,90.0,1.49
egi,538,0,0,291.8215,282.515,0.0,1.011
egi,538,0,1,292.327,282.75,90.0,0.47
egi,538,0,2,291.0415,282.985,0.0,2.571
egi,538,0,3,289.756,282.75,90.0,0.47
egi,538,0,4,290.262,282.515,0.0,1.012
egi,538,0,5,290.768,280.6325,90.0,3.765
egi,538,0,6,291.042,278.75,0.0,0.548
egi,539,0,0,293.2507,282.985,0.0,0.5493
egi,539,0,1,293.5254,280.8675,90.0,4.235
egi,539,0,2,293.2507,278.75,0.0,0.5493
egi,539,0,3,292.976,280.8675,90.0,4.235
egi,540,0,0,297.5415,282.925,153.7115,0.28
egi,540,0,1,297.411,280.9125,89.8622,4.149
egi,540,0,2,297.5365,278.8995,25.2314,0.2885
egi,540,0,3,297.667,279.2755,90.0,0.629
egi,540,0,4,297.541,279.4945,37.1552,0.3162
egi,540,0,5,297.417,280.914,89.9238,3.03
egi,540,0,6,297.543,282.338,143.7235,0.3076
egi,541,0,0,301.3315,279.299,113.919,1.2011
egi,541,0,1,301.861,278.75,0.0,0.572
egi,541,0,2,301.1275,280.977,114.598,4.8985
egi,541,0,3,299.0885,280.977,65.402,4.8985
egi,541,0,4,298.355,278.75,0.0,0.572
egi,541,0,5,298.8845,279.299,66.081,1.2011
egi,541,0,6,300.108,279.848,0.0,1.96
egi,541,1,0,300.108,280.318,0.0,1.518
egi,541,1,1,299.7285,281.1795,66.2258,1.8828
egi,541,1,2,300.4875,281.1795,113.7742,1.8828
egi,542,0,0,303.0455,282.985,0.0,0.549
egi,542,0,1,302.771,280.8675,90.0,4.235
egi,542,0,2,303.692,278.75,0.0,1.842
egi,542,0,3,304.613,278.985,90.0,0.47
egi,542,0,4,303.9665,279.22,0.0,1.293
egi,543,0,0,247.0845,101.464,124.3373,0.172
egi,543,0,1,246.9805,101.5975,131.6031,0.1672
egi,543,0,2,246.1385,100.8285,46.5928,2.2891
egi,543,0,3,245.438,99.95,151.3461,0.196
egi,543,0,4,245.614,99.861,154.9783,0.1986
egi,543,0,5,245.443,99.1645,68.2587,1.4092
egi,543,0,6,245.1585,98.589,106.5661,0.1648
egi,543,0,7,245.1275,98.755,94.9266,0.1747
egi,543,0,8,244.8455,98.784,11.9305,0.5611
egi,543,0,9,244.5985,98.6,102.3097,0.2579
egi,543,0,10,244.673,98.36,112.4077,0.2466
egi,543,0,11,245.9065,98.891,28.5293,2.701
egi,543,0,12,247.0285,99.6195,127.6886,0.211
egi,543,0,13,246.885,99.7755,137.457,0.2144
egi,543,0,14,246.715,99.9105,145.5192,0.2208
egi,543,0,15,245.9955,100.335,150.0593,1.4506
egi,543,0,16,245.3465,100.7505,110.9614,0.1146
egi,543,0,17,245.319,100.864,96.6511,0.1208
egi,543,0,18,245.774,101.221,32.7351,1.0985
egi,543,0,19,246.3265,101.479,156.6861,0.1971
egi,543,0,20,246.493,101.376,139.9026,0.1987
egi,543,0,21,246.6325,101.2225,125.3529,0.2195
egi,544,0,0,249.866,102.008,3.0648,0.2243
egi,544,0,1,249.644,101.9855,8.5358,0.2225
egi,544,0,2,249.643,99.7615,92.8268,4.4204
egi,544,0,3,249.865,97.549,177.4639,0.2262
egi,544,0,4,250.091,97.549,2.5361,0.2262
egi,544,0,5,250.3125,99.7615,87.1862,4.4203
egi,544,0,6,250.3115,101.9855,171.4255,0.2215
egi,544,0,7,250.09,102.008,176.9352,0.2243
egi,544,1,0,249.893,98.018,177.3072,0.1702
egi,544,1,1,249.7255,98.035,171.0453,0.167
egi,544,1,2,249.719,99.7905,87.5025,3.4883
egi,544,1,3,249.8865,101.538,3.1214,0.1833
egi,544,1,4,250.069,101.538,176.8617,0.1823
egi,544,1,5,250.2365,99.7905,92.5138,3.4884
egi,544,1,6,250.23,98.035,8.902,0.168
egi,544,1,7,250.0625,98.018,2.7086,0.1692
egi,545,0,0,252.915,100.5185,90.0,2.677
egi,545,0,1,254.484,99.18,0.0,3.138
egi,545,0,2,256.053,100.5185,90.0,2.677
egi,545,0,3,255.778,101.857,0.0,0.55
egi,545,0,4,255.503,100.6095,90.0,2.495
egi,545,0,5,254.4835,99.362,0.0,2.039
egi,545,0,6,253.464,100.6095,90.0,2.495
egi,546,0,0,258.7145,101.386,0.0,1.011
egi,546,0,1,259.22,101.621,90.0,0.47
egi,546,0,2,257.9345,101.856,0.0,2.571
egi,546,0,3,256.649,101.621,90.0,0.47
egi,546,0,4,257.155,101.386,0.0,1.012
egi,546,0,5,257.661,99.5035,90.0,3.765
egi,546,0,6,257.935,97.621,0.0,0.548
egi,547,0,0,260.418,100.994,90.0,1.726
egi,547,0,1,260.1435,101.857,0.0,0.549
egi,547,0,2,259.869,99.7395,90.0,4.235
egi,547,0,3,260.1435,97.622,0.0,0.549
egi,547,0,4,260.418,98.6415,90.0,2.039
egi,547,0,5,261.3985,99.661,0.0,1.961
egi,547,0,6,262.379,98.6415,90.0,2.039
egi,547,0,7,262.6535,97.622,0.0,0.549
egi,547,0,8,262.928,99.7395,90.0,4.235
egi,547,0,9,262.6535,101.857,0.0,0.549
egi,547,0,10,262.379,100.994,90.0,1.726
egi,548,0,0,246.7935,109.3,0.0,0.549
egi,548,0,1,246.519,107.1825,90.0,4.235
egi,548,0,2,247.44,105.065,0.0,1.842
egi,548,0,3,248.361,105.3,90.0,0.47
egi,548,0,4,247.7145,105.535,0.0,1.293
egi,549,0,0,251.7455,105.614,113.919,1.2011
egi,549,0,1,252.275,105.065,0.0,0.572
egi,549,0,2,251.5415,107.292,114.598,4.8985
egi,549,0,3,249.5025,107.292,65.402,4.8985
egi,549,0,4,248.769,105.065,0.0,0.572
egi,549,0,5,249.2985,105.614,66.081,1.2011
egi,549,0,6,250.522,106.163,0.0,1.96
egi,549,1,0,250.522,106.633,0.0,1.518
egi,549,1,1,250.1425,107.4945,66.2258,1.8828
egi,549,1,2,250.9015,107.4945,113.7742,1.8828
egi,550,0,0,253.4595,105.065,0.0,0.549
egi,550,0,1,253.734,106.661,90.0,3.192
egi,550,0,2,255.3025,106.5735,132.975,4.6019
egi,550,0,3,256.871,107.095,90.0,4.41
egi,550,0,4,256.5965,109.3,0.0,0.549
egi,550,0,5,256.322,107.7545,90.0,3.091
egi,550,0,6,254.7535,107.856,133.6017,4.5487
egi,551,0,0,258.319,105.065,0.0,0.88
egi,551,0,1,258.7675,107.1825,89.77,4.235
egi,551,0,2,258.3275,109.3,0.0,0.897
egi,551,0,3,257.879,107.1825,90.0,4.235
egi,551,1,0,258.5205,108.83,0.0,0.185
egi,551,1,1,258.613,107.1825,90.0,3.295
egi,551,1,2,258.5205,105.535,0.0,0.185
egi,551,1,3,258.428,107.1825,90.0,3.295
egi,552,0,0,241.2255,116.744,0.0,0.579
egi,552,0,1,241.859,114.5195,112.5347,4.8168
egi,552,0,2,243.702,114.5195,67.5312,4.8145
egi,552,0,3,244.332,116.744,0.0,0.58
egi,552,0,4,243.412,115.1855,67.9898,3.362
egi,553,0,0,246.434,112.509,0.0,2.306
egi,553,0,1,247.587,112.744,90.0,0.47
egi,553,0,2,246.7085,112.979,0.0,1.757
egi,553,0,3,245.83,113.803,90.0,1.648
egi,553,0,4,246.6825,114.627,0.0,1.705
egi,553,0,5,247.535,114.862,90.0,0.47
egi,553,0,6,246.6825,115.097,0.0,1.705
egi,553,0,7,245.83,115.6855,90.0,1.177
egi,553,0,8,246.7085,116.274,0.0,1.757
egi,553,0,9,247.587,116.509,90.0,0.47
egi,553,0,10,246.434,116.744,0.0,2.306
egi,554,0,0,249.9395,114.392,12.6342,0.2285
egi,554,0,1,249.6005,115.5805,111.1659,2.4954
egi,554,0,2,248.8175,116.744,0.0,0.665
egi,554,0,3,248.485,114.6265,90.0,4.235
egi,554,0,4,248.7595,112.509,0.0,0.549
egi,554,0,5,249.034,113.411,90.0,1.804
egi,554,0,6,249.147,114.313,0.0,0.226
egi,554,0,7,249.8965,113.411,125.2085,2.2079
egi,554,0,8,250.8465,112.509,0.0,0.627
egi,554,0,9,250.494,113.438,125.6367,2.2861
egi,554,1,0,249.1065,116.274,0.0,0.145
egi,554,1,1,249.1935,115.529,91.1153,1.4903
egi,554,1,2,249.121,114.784,0.0,0.174
egi,554,1,3,249.034,115.529,90.0,1.49
egi,555,0,0,253.4935,116.274,0.0,1.011
egi,555,0,1,253.999,116.509,90.0,0.47
egi,555,0,2,252.7135,116.744,0.0,2.571
egi,555,0,3,251.428,116.509,90.0,0.47
egi,555,0,4,251.934,116.274,0.0,1.012
egi,555,0,5,252.44,114.3915,90.0,3.765
egi,555,0,6,252.714,112.509,0.0,0.548
egi,556,0,0,254.9227,116.744,0.0,0.5494
egi,556,0,1,255.1974,114.6265,90.0,4.235
egi,556,0,2,254.9227,112.509,0.0,0.5494
egi,556,0,3,254.648,114.6265,90.0,4.235
egi,557,0,0,259.2135,116.684,153.7115,0.28
egi,557,0,1,259.083,114.671,89.8622,4.15
egi,557,0,2,259.2085,112.658,25.4121,0.2889
egi,557,0,3,259.339,113.0345,90.0,0.629
egi,557,0,4,259.213,113.253,37.3004,0.3168
egi,557,0,5,259.089,114.6725,89.9239,3.031
egi,557,0,6,259.215,116.0965,143.5726,0.3082
egi,558,0,0,263.0045,113.058,113.919,1.2011
egi,558,0,1,263.534,112.509,0.0,0.572
egi,558,0,2,262.8005,114.736,114.598,4.8985
egi,558,0,3,260.7615,114.736,65.402,4.8985
egi,558,0,4,260.028,112.509,0.0,0.572
egi,558,0,5,260.5575,113.058,66.081,1.2011
egi,558,0,6,261.781,113.607,0.0,1.96
egi,558,1,0,261.781,114.077,0.0,1.518
egi,558,1,1,261.4015,114.9385,66.2258,1.8828
egi,558,1,2,262.1605,114.9385,113.7742,1.8828
egi,559,0,0,264.7185,116.744,0.0,0.549
egi,559,0,1,264.444,114.6265,90.0,4.235
egi,559,0,2,265.365,112.509,0.0,1.842
egi,559,0,3,266.286,112.744,90.0,0.47
egi,559,0,4,265.6395,112.979,0.0,1.293
egi,560,0,0,344.371,251.945,0.0,0.88
egi,560,0,1,344.8195,254.0625,89.77,4.235
egi,560,0,2,344.3795,256.18,0.0,0.897
egi,560,0,3,343.931,254.0625,90.0,4.235
egi,560,1,0,344.5725,255.71,0.0,0.185
egi,560,1,1,344.665,254.0625,90.0,3.295
egi,560,1,2,344.5725,252.415,0.0,0.185
egi,560,1,3,344.48,254.062,90.0,3.294
egi,561,0,0,349.1,251.945,0.0,2.306
egi,561,0,1,350.253,252.18,90.0,0.47
egi,561,0,2,349.3745,252.415,0.0,1.757
egi,561,0,3,348.496,253.239,90.0,1.648
egi,561,0,4,349.3485,254.063,0.0,1.705
egi,561,0,5,350.201,254.298,90.0,0.47
egi,561,0,6,349.3485,254.533,0.0,1.705
egi,561,0,7,348.496,255.1215,90.0,1.177
egi,561,0,8,349.3745,255.71,0.0,1.757
egi,561,0,9,350.253,255.945,90.0,0.47
egi,561,0,10,349.1,256.18,0.0,2.306
egi,562,0,0,354.1455,256.12,153.7115,0.28
egi,562,0,1,354.015,254.107,89.8622,4.15
egi,562,0,2,354.1405,252.094,25.4121,0.2889
egi,562,0,3,354.271,252.4705,90.0,0.629
egi,562,0,4,354.1445,252.689,37.1936,0.3176
egi,562,0,5,354.0205,254.1085,89.9054,3.031
egi,562,0,6,354.147,255.5325,143.5726,0.3082
egi,563,0,0,355.693,255.279,90.0,1.8
egi,563,0,1,355.4185,256.179,0.0,0.549
egi,563,0,2,355.144,254.0615,90.0,4.235
egi,563,0,3,355.4185,251.944,0.0,0.549
egi,563,0,4,355.693,252.8475,90.0,1.807
egi,563,0,5,355.8,253.8515,43.2056,0.2936
egi,563,0,6,356.709,252.948,128.6182,2.57
egi,563,0,7,357.8695,251.944,0.0,0.717
egi,563,0,8,357.254,253.128,129.4418,3.0663
egi,563,0,9,357.2375,255.2455,44.2723,2.6745
egi,563,0,10,357.8475,256.179,0.0,0.695
egi,564,0,0,342.247,262.761,90.0,1.726
egi,564,0,1,341.9725,263.624,0.0,0.549
egi,564,0,2,341.698,261.5065,90.0,4.235
egi,564,0,3,341.9725,259.389,0.0,0.549
egi,564,0,4,342.247,260.4085,90.0,2.039
egi,564,0,5,343.2275,261.428,0.0,1.961
egi,564,0,6,344.208,260.4085,90.0,2.039
egi,564,0,7,344.4825,259.389,0.0,0.549
egi,564,0,8,344.757,261.5065,90.0,4.235
egi,564,0,9,344.4825,263.624,0.0,0.549
egi,564,0,10,344.208,262.761,90.0,1.726
egi,565,0,0,347.581,263.774,3.0648,0.2243
egi,565,0,1,347.359,263.7515,8.5358,0.2225
egi,565,0,2,347.3575,261.528,92.8146,4.4193
egi,565,0,3,347.5795,259.3155,177.229,0.2273
egi,565,0,4,347.806,259.3155,2.7829,0.2263
egi,565,0,5,348.0275,261.528,87.1858,4.4193
egi,565,0,6,348.0265,263.7515,171.4255,0.2215
egi,565,0,7,347.805,263.774,176.9352,0.2243
egi,565,1,0,347.608,259.784,177.3074,0.1702
egi,565,1,1,347.4405,259.801,171.0437,0.167
egi,565,1,2,347.434,261.557,87.5037,3.4893
egi,565,1,3,347.6015,263.305,3.1306,0.1833
egi,565,1,4,347.784,263.305,176.8521,0.1823
egi,565,1,5,347.951,261.557,92.4968,3.4893
egi,565,1,6,347.9445,259.801,8.9547,0.167
egi,565,1,7,347.7775,259.784,2.7086,0.1692
egi,566,0,0,350.5275,263.623,0.0,0.579
egi,566,0,1,351.161,261.3985,112.5348,4.8168
egi,566,0,2,353.004,261.3985,67.5312,4.8145
egi,566,0,3,353.634,263.623,0.0,0.58
egi,566,0,4,352.714,262.0645,67.9896,3.362
egi,567,0,0,355.736,259.388,0.0,2.306
egi,567,0,1,356.889,259.623,90.0,0.47
egi,567,0,2,356.0105,259.858,0.0,1.757
egi,567,0,3,355.132,260.682,90.0,1.648
egi,567,0,4,355.9845,261.506,0.0,1.705
egi,567,0,5,356.837,261.741,90.0,0.47
egi,567,0,6,355.9845,261.976,0.0,1.705
egi,567,0,7,355.132,262.5645,90.0,1.177
egi,567,0,8,356.0105,263.153,0.0,1.757
egi,567,0,9,356.889,263.388,90.0,0.47
egi,567,0,10,355.736,263.623,0.0,2.306
egi,568,0,0,359.2415,261.271,12.635,0.2285
egi,568,0,1,358.9025,262.4595,111.1659,2.4954
egi,568,0,2,358.1195,263.623,0.0,0.665
egi,568,0,3,357.787,261.5055,90.0,4.235
egi,568,0,4,358.0615,259.388,0.0,0.549
egi,568,0,5,358.336,260.29,90.0,1.804
egi,568,0,6,358.449,261.192,0.0,0.226
egi,568,0,7,359.1985,260.29,125.2082,2.2079
egi,568,0,8,360.1485,259.388,0.0,0.627
egi,568,0,9,359.796,260.317,125.6367,2.2861
egi,568,1,0,358.4085,263.153,0.0,0.145
egi,568,1,1,358.4955,262.408,91.1147,1.4903
egi,568,1,2,358.423,261.663,0.0,0.174
egi,568,1,3,358.336,262.408,90.0,1.49
egi,569,0,0,342.4115,271.067,0.0,0.549
egi,569,0,1,342.137,268.9495,90.0,4.235
egi,569,0,2,343.058,266.832,0.0,1.842
egi,569,0,3,343.979,267.067,90.0,0.47
egi,569,0,4,343.3325,267.302,0.0,1.293
egi,570,0,0,347.3635,267.381,113.919,1.2011
egi,570,0,1,347.893,266.832,0.0,0.572
egi,570,0,2,347.1595,269.059,114.598,4.8985
egi,570,0,3,345.1205,269.059,65.402,4.8985
egi,570,0,4,344.387,266.832,0.0,0.572
egi,570,0,5,344.9165,267.381,66.081,1.2011
egi,570,0,6,346.14,267.93,0.0,1.96
egi,570,1,0,346.14,268.4,0.0,1.518
egi,570,1,1,345.7605,269.2615,66.2258,1.8828
egi,570,1,2,346.5195,269.2615,113.7742,1.8828
egi,571,0,0,349.0765,266.832,0.0,0.549
egi,571,0,1,349.351,268.428,90.0,3.192
egi,571,0,2,350.9195,268.3405,132.9749,4.6019
egi,571,0,3,352.488,268.862,90.0,4.41
egi,571,0,4,352.2135,271.067,0.0,0.549
egi,571,0,5,351.939,269.5215,90.0,3.091
egi,571,0,6,350.3705,269.623,133.6017,4.5487
egi,572,0,0,353.937,266.832,0.0,0.88
egi,572,0,1,354.3855,268.9495,89.77,4.235
egi,572,0,2,353.9455,271.067,0.0,0.897
egi,572,0,3,353.497,268.9495,90.0,4.235
egi,572,1,0,354.1385,270.597,0.0,0.185
egi,572,1,1,354.231,268.949,90.0,3.296
egi,572,1,2,354.1385,267.301,0.0,0.185
egi,572,1,3,354.046,268.9485,90.0,3.295
egi,573,0,0,358.448,268.996,66.5636,5.8834
egi,573,0,1,357.4775,266.207,155.7187,0.4377
egi,573,0,2,358.85,268.833,66.6412,5.917
egi,574,0,0,332.264,225.661,90.0,0.47
egi,574,0,1,331.224,225.896,0.0,2.08
egi,574,0,2,330.184,223.7785,90.0,4.235
egi,574,0,3,330.459,221.661,0.0,0.55
egi,574,0,4,330.734,222.72,90.0,2.118
egi,574,0,5,331.4735,223.779,0.0,1.479
egi,574,0,6,332.213,224.014,90.0,0.47
egi,574,0,7,331.4735,224.249,0.0,1.479
egi,574,0,8,330.734,224.8375,90.0,1.177
egi,575,0,0,333.044,224.5575,90.0,2.677
egi,575,0,1,334.613,223.219,0.0,3.138
egi,575,0,2,336.182,224.5575,90.0,2.677
egi,575,0,3,335.907,225.896,0.0,0.55
egi,575,0,4,335.632,224.6485,90.0,2.495
egi,575,0,5,334.6125,223.401,0.0,2.039
egi,575,0,6,333.593,224.6485,90.0,2.495
egi,576,0,0,338.314,221.661,0.0,2.306
egi,576,0,1,339.467,221.896,90.0,0.47
egi,576,0,2,338.5885,222.131,0.0,1.757
egi,576,0,3,337.71,222.955,90.0,1.648
egi,576,0,4,338.5625,223.779,0.0,1.705
egi,576,0,5,339.415,224.014,90.0,0.47
egi,576,0,6,338.5625,224.249,0.0,1.705
egi,576,0,7,337.71,224.8375,90.0,1.177
egi,576,0,8,338.5885,225.426,0.0,1.757
egi,576,0,9,339.467,225.661,90.0,0.47
egi,576,0,10,338.314,225.896,0.0,2.306
egi,577,0,0,340.6395,225.896,0.0,0.549
egi,577,0,1,340.365,223.7785,90.0,4.235
egi,577,0,2,341.286,221.661,0.0,1.842
egi,577,0,3,342.207,221.896,90.0,0.47
egi,577,0,4,341.5605,222.131,0.0,1.293
egi,578,0,0,345.712,223.5435,90.0,3.765
egi,578,0,1,345.947,221.661,0.0,0.47
egi,578,0,2,346.182,223.7785,90.0,4.235
egi,578,0,3,345.724,225.896,0.0,0.916
egi,578,0,4,345.119,225.661,57.9749,0.5544
egi,579,0,0,332.264,239.551,90.0,0.47
egi,579,0,1,331.224,239.786,0.0,2.08
egi,579,0,2,330.184,237.6685,90.0,4.235
egi,579,0,3,330.459,235.551,0.0,0.55
egi,579,0,4,330.734,236.61,90.0,2.118
egi,579,0,5,331.4735,237.669,0.0,1.479
egi,579,0,6,332.213,237.904,90.0,0.47
egi,579,0,7,331.4735,238.139,0.0,1.479
egi,579,0,8,330.734,238.7275,90.0,1.177
egi,580,0,0,333.044,238.4475,90.0,2.677
egi,580,0,1,334.613,237.109,0.0,3.138
egi,580,0,2,336.182,238.4475,90.0,2.677
egi,580,0,3,335.907,239.786,0.0,0.55
egi,580,0,4,335.632,238.5385,90.0,2.495
egi,580,0,5,334.6125,237.291,0.0,2.039
egi,580,0,6,333.593,238.5385,90.0,2.495
egi,581,0,0,338.314,235.551,0.0,2.306
egi,581,0,1,339.467,235.786,90.0,0.47
egi,581,0,2,338.5885,236.021,0.0,1.757
egi,581,0,3,337.71,236.845,90.0,1.648
egi,581,0,4,338.5625,237.669,0.0,1.705
egi,581,0,5,339.415,237.904,90.0,0.47
egi,581,0,6,338.5625,238.139,0.0,1.705
egi,581,0,7,337.71,238.7275,90.0,1.177
egi,581,0,8,338.5885,239.316,0.0,1.757
egi,581,0,9,339.467,239.551,90.0,0.47
egi,581,0,10,338.314,239.786,0.0,2.306
egi,582,0,0,340.6395,239.786,0.0,0.549
egi,582,0,1,340.365,237.6685,90.0,4.235
egi,582,0,2,341.286,235.551,0.0,1.842
egi,582,0,3,342.207,235.786,90.0,0.47
egi,582,0,4,341.5605,236.021,0.0,1.293
egi,583,0,0,346.294,236.8955,51.605,2.2316
egi,583,0,1,345.8305,238.361,152.9316,2.5975
egi,583,0,2,344.649,238.814,79.7342,0.2805
egi,583,0,3,344.8895,238.676,0.0,0.531
egi,583,0,4,345.1675,238.756,81.111,0.1619
egi,583,0,5,345.8055,238.3495,142.1247,1.5848
egi,583,0,6,345.4995,236.707,51.1388,2.9692
egi,583,0,7,345.924,235.551,0.0,2.712
egi,583,0,8,347.28,235.786,90.0,0.47
egi,584,0,0,232.4755,127.4465,51.6572,1.8908
egi,584,0,1,232.195,126.705,0.0,0.612
egi,584,0,2,232.919,127.2645,53.2365,1.3968
egi,584,0,3,233.7695,127.2645,127.7049,1.4143
egi,584,0,4,234.4965,126.705,0.0,0.589
egi,584,0,5,234.227,127.4465,127.2575,1.8632
egi,584,0,6,234.1455,128.7795,50.7955,1.5267
egi,584,0,7,234.3225,129.371,0.0,0.611
egi,584,0,8,233.677,128.959,50.4689,1.0684
egi,584,0,9,233.0255,128.959,127.0916,1.033
egi,584,0,10,232.4165,129.371,0.0,0.595
egi,585,0,0,238.27,130.111,53.7485,2.4453
egi,585,0,1,237.465,128.997,57.3563,0.304
egi,585,0,2,237.94,127.748,116.4217,2.5035
egi,585,0,3,238.637,126.641,5.7137,0.2814
egi,585,0,4,238.9065,126.695,17.162,0.2711
egi,585,0,5,238.8535,128.053,97.8836,2.6611
egi,585,0,6,238.5615,129.3575,7.0228,0.2206
egi,585,0,7,238.353,129.307,20.4941,0.2114
egi,585,0,8,238.2485,129.276,132.5302,0.0163
egi,585,0,9,238.8095,130.074,54.4251,1.9475
egi,585,0,10,239.1845,130.9815,148.9055,0.4473
egi,585,1,0,238.402,127.106,174.2238,0.1789
egi,585,1,1,238.229,127.1415,162.4894,0.1762
egi,585,1,2,238.232,128.0245,84.1996,1.7218
egi,585,1,3,238.405,128.891,6.629,0.1732
egi,585,1,4,238.575,128.892,173.8929,0.169
egi,585,1,5,238.7455,128.0245,95.7536,1.7257
egi,585,1,6,238.7485,127.1405,16.9798,0.1746
egi,585,1,7,238.578,127.106,5.908,0.1749
egi,586,0,0,242.114,126.6345,4.3806,0.1966
egi,586,0,1,242.3015,126.664,13.8027,0.1843
egi,586,0,2,242.3015,128.8835,92.3323,4.3987
egi,586,0,3,242.114,131.089,175.3357,0.1967
egi,586,0,4,241.9175,131.089,4.6406,0.1977
egi,586,0,5,241.7295,128.8835,87.6677,4.3987
egi,586,0,6,241.73,126.664,166.2716,0.1853
egi,586,0,7,241.918,126.6345,175.6194,0.1966
egi,586,1,0,242.0845,130.62,174.1618,0.1377
egi,586,1,1,242.2155,130.5935,162.6715,0.1309
egi,586,1,2,242.2155,128.842,87.9333,3.4662
egi,586,1,3,242.0845,127.1035,5.4211,0.1376
egi,586,1,4,241.947,127.1035,174.6183,0.1386
egi,586,1,5,241.816,128.842,92.05,3.4662
egi,586,1,6,241.816,130.5935,17.4608,0.13
egi,586,1,7,241.947,130.62,5.7959,0.1387
egi,587,0,0,233.597,134.3615,179.6963,0.19
egi,587,0,1,233.2435,133.8,51.3583,1.4365
egi,587,0,2,232.7785,133.313,102.5732,0.1516
egi,587,0,3,232.505,133.387,0.0,0.514
egi,587,0,4,232.267,133.263,98.7107,0.2509
egi,587,0,5,233.3635,133.8185,32.2362,2.5477
egi,587,0,6,234.3725,134.542,147.2809,0.1628
egi,587,0,7,234.41,134.6785,41.1082,0.2814
egi,587,0,8,233.46,135.327,152.2327,2.3869
egi,587,0,9,232.377,135.759,77.7185,0.2538
egi,587,0,10,232.613,135.635,0.0,0.526
egi,587,0,11,232.891,135.7005,77.0936,0.1344
egi,587,0,12,233.2795,135.3035,128.9234,1.189
egi,587,0,13,233.5695,134.837,2.741,0.1672
egi,588,0,0,237.199,132.2525,4.3806,0.1966
egi,588,0,1,237.3865,132.282,13.8027,0.1843
egi,588,0,2,237.387,134.5015,92.3192,4.3986
egi,588,0,3,237.1995,136.707,175.3594,0.1977
egi,588,0,4,237.0025,136.707,4.6406,0.1977
egi,588,0,5,236.8145,134.5015,87.6677,4.3987
egi,588,0,6,236.815,132.282,166.2716,0.1853
egi,588,0,7,237.003,132.2525,175.6194,0.1966
egi,588,1,0,237.1695,136.238,174.1618,0.1377
egi,588,1,1,237.3005,136.2115,162.6715,0.1309
egi,588,1,2,237.3005,134.46,87.9333,3.4662
egi,588,1,3,237.1695,132.7215,5.4211,0.1376
egi,588,1,4,237.032,132.7215,174.6183,0.1386
egi,588,1,5,236.901,134.46,92.05,3.4662
egi,588,1,6,236.901,136.2115,17.4608,0.13
egi,588,1,7,237.032,136.238,5.7959,0.1387
egi,589,0,0,240.724,132.2525,4.3806,0.1966
egi,589,0,1,240.9115,132.282,13.8027,0.1843
egi,589,0,2,240.9115,134.5015,92.3323,4.3987
egi,589,0,3,240.724,136.707,175.3357,0.1967
egi,589,0,4,240.5275,136.707,4.6406,0.1977
egi,589,0,5,240.3395,134.5015,87.6677,4.3987
egi,589,0,6,240.34,132.282,166.2716,0.1853
egi,589,0,7,240.528,132.2525,175.6194,0.1966
egi,589,1,0,240.6945,136.238,174.1618,0.1377
egi,589,1,1,240.8255,136.2115,162.6715,0.1309
egi,589,1,2,240.8255,134.46,87.9333,3.4662
egi,589,1,3,240.6945,132.7215,5.4211,0.1376
egi,589,1,4,240.557,132.7215,174.6183,0.1386
egi,589,1,5,240.426,134.46,92.05,3.4662
egi,589,1,6,240.426,136.2115,17.4608,0.13
egi,589,1,7,240.557,136.238,5.7959,0.1387
egi,590,0,0,252.9715,278.4485,51.6572,1.8908
egi,590,0,1,252.691,277.707,0.0,0.612
egi,590,0,2,253.4155,278.2665,53.2034,1.3974
egi,590,0,3,254.266,278.2665,127.6726,1.4137
egi,590,0,4,254.9925,277.707,0.0,0.589
egi,590,0,5,254.723,278.4485,127.2575,1.8632
egi,590,0,6,254.6415,279.7815,50.7955,1.5267
egi,590,0,7,254.8185,280.373,0.0,0.611
egi,590,0,8,254.173,279.961,50.4689,1.0684
egi,590,0,9,253.5215,279.961,127.0916,1.033
egi,590,0,10,252.9125,280.373,0.0,0.595
egi,591,0,0,258.766,281.113,53.7482,2.4453
egi,591,0,1,257.961,279.999,57.3612,0.304
egi,591,0,2,258.436,278.75,116.4214,2.5035
egi,591,0,3,259.133,277.643,5.7137,0.2814
egi,591,0,4,259.4025,277.697,17.162,0.2711
egi,591,0,5,259.3495,279.055,97.8833,2.6611
egi,591,0,6,259.0575,280.3595,7.0228,0.2206
egi,591,0,7,258.849,280.3095,20.2351,0.2111
egi,591,0,8,258.7445,280.2785,135.0,0.0155
egi,591,0,9,259.3055,281.0765,54.4418,1.9483
egi,591,0,10,259.6805,281.984,149.0128,0.4468
egi,591,1,0,258.898,278.108,174.2233,0.1789
egi,591,1,1,258.725,278.1435,162.4879,0.1762
egi,591,1,2,258.728,279.027,84.204,1.7228
egi,591,1,3,258.901,279.8935,6.2978,0.173
egi,591,1,4,259.071,279.894,173.8929,0.169
egi,591,1,5,259.2415,279.0265,95.7536,1.7257
egi,591,1,6,259.2445,278.1425,16.9812,0.1746
egi,591,1,7,259.074,278.108,5.9075,0.1749
egi,592,0,0,262.61,277.6365,4.3803,0.1966
egi,592,0,1,262.7975,277.666,13.8038,0.1843
egi,592,0,2,262.798,279.8855,92.3194,4.3986
egi,592,0,3,262.6105,282.091,175.3591,0.1976
egi,592,0,4,262.4135,282.091,4.6409,0.1976
egi,592,0,5,262.226,279.8855,87.6806,4.3986
egi,592,0,6,262.2265,277.666,166.1962,0.1843
egi,592,0,7,262.414,277.6365,175.6197,0.1966
egi,592,1,0,262.5805,281.622,174.1618,0.1377
egi,592,1,1,262.7115,281.5955,162.6715,0.1309
egi,592,1,2,262.7115,279.844,87.9333,3.4662
egi,592,1,3,262.5805,278.1055,5.4211,0.1376
egi,592,1,4,262.443,278.1055,174.6183,0.1386
egi,592,1,5,262.312,279.844,92.05,3.4662
egi,592,1,6,262.312,281.5955,17.4608,0.13
egi,592,1,7,262.443,281.622,5.7959,0.1387
egi,593,0,0,254.092,285.3635,179.6963,0.19
egi,593,0,1,253.7385,284.802,51.3583,1.4365
egi,593,0,2,253.2735,284.315,102.5732,0.1516
egi,593,0,3,253.0,284.389,0.0,0.514
egi,593,0,4,252.762,284.2645,98.676,0.2519
egi,593,0,5,253.8585,284.8195,32.2368,2.5477
egi,593,0,6,254.8675,285.543,147.2899,0.1628
egi,593,0,7,254.905,285.6795,41.1082,0.2814
egi,593,0,8,253.9555,286.328,152.2214,2.386
egi,593,0,9,252.873,286.7605,77.6666,0.2528
egi,593,0,10,253.1085,286.637,0.0,0.525
egi,593,0,11,253.3865,286.7025,76.6821,0.1346
egi,593,0,12,253.775,286.3055,128.8862,1.1883
egi,593,0,13,254.0645,285.839,2.741,0.1672
egi,594,0,0,257.695,283.2545,4.3803,0.1966
egi,594,0,1,257.8825,283.284,13.8038,0.1843
egi,594,0,2,257.8825,285.5035,92.3321,4.3987
egi,594,0,3,257.695,287.709,175.336,0.1967
egi,594,0,4,257.4985,287.709,4.6409,0.1976
egi,594,0,5,257.311,285.5035,87.6806,4.3986
egi,594,0,6,257.3115,283.284,166.1962,0.1843
egi,594,0,7,257.499,283.2545,175.6197,0.1966
egi,594,1,0,257.6655,287.24,174.1618,0.1377
egi,594,1,1,257.7965,287.214,163.0931,0.1306
egi,594,1,2,257.7965,285.4625,87.9339,3.4673
egi,594,1,3,257.6655,283.7235,5.4211,0.1376
egi,594,1,4,257.528,283.7235,174.6183,0.1386
egi,594,1,5,257.397,285.4625,92.0494,3.4672
egi,594,1,6,257.397,287.214,17.0363,0.1297
egi,594,1,7,257.528,287.24,5.7959,0.1387
egi,595,0,0,261.219,283.2545,4.3803,0.1966
egi,595,0,1,261.4065,283.284,13.8038,0.1843
egi,595,0,2,261.4065,285.5035,92.3321,4.3987
egi,595,0,3,261.219,287.709,175.336,0.1967
egi,595,0,4,261.0225,287.709,4.6409,0.1976
egi,595,0,5,260.8345,285.5035,87.6675,4.3987
egi,595,0,6,260.835,283.284,166.2705,0.1853
egi,595,0,7,261.023,283.2545,175.6197,0.1966
egi,595,1,0,261.1895,287.24,174.1618,0.1377
egi,595,1,1,261.3205,287.214,163.0931,0.1306
egi,595,1,2,261.3205,285.4625,87.9339,3.4673
egi,595,1,3,261.1895,283.7235,5.4211,0.1376
egi,595,1,4,261.052,283.7235,174.6183,0.1386
egi,595,1,5,260.921,285.4625,92.0494,3.4672
egi,595,1,6,260.921,287.214,17.0363,0.1297
egi,595,1,7,261.052,287.24,5.7959,0.1387
egi,596,0,0,214.8875,418.779,0.0,0.987
egi,596,0,1,215.765,419.8835,70.8289,2.3387
egi,596,0,2,216.0605,421.013,164.225,0.1839
egi,596,0,3,215.972,421.043,90.0,0.01
egi,596,0,4,216.0715,421.116,34.351,0.241
egi,596,0,5,215.551,422.099,124.1212,2.2105
egi,596,0,6,214.6625,423.014,0.0,0.537
egi,596,0,7,214.394,420.8965,90.0,4.235
egi,596,1,0,215.0145,422.544,0.0,0.143
egi,596,1,1,215.0805,421.838,89.5536,1.412
egi,596,1,2,215.009,421.132,0.0,0.132
egi,596,1,3,214.943,421.838,90.0,1.412
egi,596,2,0,215.102,420.74,0.0,0.318
egi,596,2,1,215.294,419.9945,92.5344,1.4925
egi,596,2,2,215.135,419.249,0.0,0.384
egi,596,2,3,214.943,419.9945,90.0,1.491
egi,597,0,0,220.4685,419.328,113.9187,1.2012
egi,597,0,1,220.998,418.779,0.0,0.572
egi,597,0,2,220.2645,421.006,114.5978,4.8985
egi,597,0,3,218.2255,421.006,65.4022,4.8985
egi,597,0,4,217.492,418.779,0.0,0.572
egi,597,0,5,218.0215,419.328,66.0813,1.2012
egi,597,0,6,219.245,419.877,0.0,1.96
egi,597,1,0,219.245,420.347,0.0,1.518
egi,597,1,1,218.8655,421.2085,66.2258,1.8828
egi,597,1,2,219.6245,421.2085,113.7742,1.8828
egi,598,0,0,222.456,422.114,90.0,1.8
egi,598,0,1,222.1815,423.014,0.0,0.549
egi,598,0,2,221.907,420.8965,90.0,4.235
egi,598,0,3,222.1815,418.779,0.0,0.549
egi,598,0,4,222.456,419.6825,90.0,1.807
egi,598,0,5,222.563,420.6865,43.2057,0.2936
egi,598,0,6,223.472,419.783,128.6179,2.57
egi,598,0,7,224.6325,418.779,0.0,0.717
egi,598,0,8,224.017,419.963,129.4419,3.0663
egi,598,0,9,224.0,422.081,44.3031,2.6745
egi,598,0,10,224.61,423.015,0.0,0.694
egi,599,0,0,228.469,420.6615,90.0,3.765
egi,599,0,1,228.704,418.779,0.0,0.47
egi,599,0,2,228.939,420.8965,90.0,4.235
egi,599,0,3,228.481,423.014,0.0,0.916
egi,599,0,4,227.876,422.779,57.9722,0.5544
egi,600,0,0,232.576,420.1235,51.6047,2.2316
egi,600,0,1,232.1125,421.589,152.9317,2.5975
egi,600,0,2,230.931,422.042,79.7311,0.2805
egi,600,0,3,231.1715,421.904,0.0,0.531
egi,600,0,4,231.4495,421.984,81.1217,0.1619
egi,600,0,5,232.0875,421.577,142.0967,1.5855
egi,600,0,6,231.7815,419.9345,51.1261,2.9684
egi,600,0,7,232.206,418.779,0.0,2.712
egi,600,0,8,233.562,419.014,90.0,0.47
egi,601,0,0,216.0755,428.162,0.0,1.011
egi,601,0,1,216.581,428.397,90.0,0.47
egi,601,0,2,215.2955,428.632,0.0,2.571
egi,601,0,3,214.01,428.397,90.0,0.47
egi,601,0,4,214.516,428.162,0.0,1.012
egi,601,0,5,215.022,426.2795,90.0,3.765
egi,601,0,6,215.296,424.397,0.0,0.548
egi,602,0,0,218.171,425.3365,90.0,1.879
egi,602,0,1,218.4455,424.397,0.0,0.549
egi,602,0,2,218.72,425.3365,90.0,1.879
egi,602,0,3,219.4145,427.454,59.4781,2.735
egi,602,0,4,219.8045,428.632,0.0,0.609
egi,602,0,5,218.9725,427.746,59.2318,2.0623
egi,602,0,6,217.918,427.746,120.7445,2.0618
egi,602,0,7,217.087,428.632,0.0,0.608
egi,603,0,0,221.4325,426.201,0.0,0.313
egi,603,0,1,221.473,427.4165,95.4517,2.442
egi,603,0,2,221.042,428.632,0.0,0.63
egi,603,0,3,220.727,426.5145,90.0,4.235
egi,603,0,4,221.0015,424.397,0.0,0.549
egi,603,0,5,221.276,425.299,90.0,1.804
egi,603,1,0,221.3485,428.162,0.0,0.145
egi,603,1,1,221.4355,427.417,91.1147,1.4903
egi,603,1,2,221.363,426.672,0.0,0.174
egi,603,1,3,221.276,427.4175,90.0,1.491
egi,604,0,0,224.936,424.398,0.0,2.306
egi,604,0,1,226.089,424.633,90.0,0.47
egi,604,0,2,225.2105,424.868,0.0,1.757
egi,604,0,3,224.332,425.692,90.0,1.648
egi,604,0,4,225.1845,426.516,0.0,1.705
egi,604,0,5,226.037,426.751,90.0,0.47
egi,604,0,6,225.1845,426.986,0.0,1.705
egi,604,0,7,224.332,427.5745,90.0,1.177
egi,604,0,8,225.2105,428.163,0.0,1.757
egi,604,0,9,226.089,428.398,90.0,0.47
egi,604,0,10,224.936,428.633,0.0,2.306
egi,605,0,0,229.428,427.77,90.0,1.726
egi,605,0,1,229.1535,428.633,0.0,0.549
egi,605,0,2,228.879,426.5155,90.0,4.235
egi,605,0,3,229.1535,424.398,0.0,0.549
egi,605,0,4,229.428,425.4175,90.0,2.039
egi,605,0,5,230.4085,426.437,0.0,1.961
egi,605,0,6,231.389,425.4175,90.0,2.039
egi,605,0,7,231.6635,424.398,0.0,0.549
egi,605,0,8,231.938,426.5155,90.0,4.235
egi,605,0,9,231.6635,428.633,0.0,0.549
egi,605,0,10,231.389,427.77,90.0,1.726
egi,606,0,0,208.6755,179.318,0.0,0.987
egi,606,0,1,209.5535,180.4225,70.8061,2.339
egi,606,0,2,209.8495,181.552,164.2296,0.1839
egi,606,0,3,209.761,181.5825,90.0,0.011
egi,606,0,4,209.86,181.6555,34.2891,0.2396
egi,606,0,5,209.339,182.638,124.1214,2.2105
egi,606,0,6,208.4505,183.553,0.0,0.537
egi,606,0,7,208.182,181.4355,90.0,4.235
egi,606,1,0,208.8025,183.083,0.0,0.143
egi,606,1,1,208.8685,182.377,89.5536,1.4121
egi,606,1,2,208.797,181.671,0.0,0.132
egi,606,1,3,208.731,182.377,90.0,1.412
egi,606,2,0,208.89,181.279,0.0,0.318
egi,606,2,1,209.082,180.5335,92.5344,1.4925
egi,606,2,2,208.923,179.788,0.0,0.384
egi,606,2,3,208.731,180.533,90.0,1.49
egi,607,0,0,214.2555,179.866,113.919,1.2011
egi,607,0,1,214.785,179.317,0.0,0.572
egi,607,0,2,214.0515,181.544,114.598,4.8985
egi,607,0,3,212.0125,181.544,65.402,4.8985
egi,607,0,4,211.279,179.317,0.0,0.572
egi,607,0,5,211.8085,179.866,66.081,1.2011
egi,607,0,6,213.032,180.415,0.0,1.96
egi,607,1,0,213.032,180.885,0.0,1.518
egi,607,1,1,212.6525,181.7465,66.2258,1.8828
egi,607,1,2,213.4115,181.7465,113.7742,1.8828
egi,608,0,0,216.244,182.652,90.0,1.8
egi,608,0,1,215.9695,183.552,0.0,0.549
egi,608,0,2,215.695,181.4345,90.0,4.235
egi,608,0,3,215.9695,179.317,0.0,0.549
egi,608,0,4,216.244,180.2205,90.0,1.807
egi,608,0,5,216.351,181.2245,43.2036,0.2936
egi,608,0,6,217.26,180.321,128.6179,2.57
egi,608,0,7,218.4205,179.317,0.0,0.717
egi,608,0,8,217.805,180.501,129.4418,3.0663
egi,608,0,9,217.7885,182.619,44.288,2.6752
egi,608,0,10,218.3985,183.553,0.0,0.695
egi,609,0,0,222.256,181.1995,90.0,3.765
egi,609,0,1,222.491,179.317,0.0,0.47
egi,609,0,2,222.726,181.4345,90.0,4.235
egi,609,0,3,222.268,183.552,0.0,0.916
egi,609,0,4,221.663,183.317,57.9722,0.5544
egi,610,0,0,226.364,180.6615,51.6047,2.2316
egi,610,0,1,225.9005,182.1275,152.912,2.598
egi,610,0,2,224.719,182.581,79.7311,0.2805
egi,610,0,3,224.9595,182.443,0.0,0.531
egi,610,0,4,225.2375,182.5225,81.0663,0.1609
egi,610,0,5,225.8755,182.1155,142.1254,1.5848
egi,610,0,6,225.569,180.473,51.1234,2.9698
egi,610,0,7,225.9935,179.317,0.0,2.713
egi,610,0,8,227.35,179.552,90.0,0.47
egi,611,0,0,209.8635,188.701,0.0,1.011
egi,611,0,1,210.369,188.936,90.0,0.47
egi,611,0,2,209.0835,189.171,0.0,2.571
egi,611,0,3,207.798,188.936,90.0,0.47
egi,611,0,4,208.304,188.701,0.0,1.012
egi,611,0,5,208.81,186.8185,90.0,3.765
egi,611,0,6,209.084,184.936,0.0,0.548
egi,612,0,0,211.959,185.8755,90.0,1.879
egi,612,0,1,212.2335,184.936,0.0,0.549
egi,612,0,2,212.508,185.8755,90.0,1.879
egi,612,0,3,213.2025,187.993,59.4779,2.735
egi,612,0,4,213.5925,189.171,0.0,0.609
egi,612,0,5,212.7605,188.285,59.2314,2.0623
egi,612,0,6,211.706,188.285,120.7449,2.0617
egi,612,0,7,210.8745,189.171,0.0,0.609
egi,613,0,0,215.2205,186.74,0.0,0.313
egi,613,0,1,215.261,187.9555,95.4517,2.442
egi,613,0,2,214.83,189.171,0.0,0.63
egi,613,0,3,214.515,187.0535,90.0,4.235
egi,613,0,4,214.7895,184.936,0.0,0.549
egi,613,0,5,215.064,185.838,90.0,1.804
egi,613,1,0,215.1365,188.701,0.0,0.145
egi,613,1,1,215.2235,187.956,91.1147,1.4903
egi,613,1,2,215.151,187.211,0.0,0.174
egi,613,1,3,215.064,187.956,90.0,1.49
egi,614,0,0,218.723,184.936,0.0,2.306
egi,614,0,1,219.876,185.171,90.0,0.47
egi,614,0,2,218.9975,185.406,0.0,1.757
egi,614,0,3,218.119,186.23,90.0,1.648
egi,614,0,4,218.9715,187.054,0.0,1.705
egi,614,0,5,219.824,187.289,90.0,0.47
egi,614,0,6,218.9715,187.524,0.0,1.705
egi,614,0,7,218.119,188.1125,90.0,1.177
egi,614,0,8,218.9975,188.701,0.0,1.757
egi,614,0,9,219.876,188.936,90.0,0.47
egi,614,0,10,218.723,189.171,0.0,2.306
egi,615,0,0,223.215,188.309,90.0,1.726
egi,615,0,1,222.9405,189.172,0.0,0.549
egi,615,0,2,222.666,187.0545,90.0,4.235
egi,615,0,3,222.9405,184.937,0.0,0.549
egi,615,0,4,223.215,185.9565,90.0,2.039
egi,615,0,5,224.1955,186.976,0.0,1.961
egi,615,0,6,225.176,185.9565,90.0,2.039
egi,615,0,7,225.4505,184.937,0.0,0.549
egi,615,0,8,225.725,187.0545,90.0,4.235
egi,615,0,9,225.4505,189.172,0.0,0.549
egi,615,0,10,225.176,188.309,90.0,1.726
egi,616,0,0,316.3095,462.6875,107.0057,0.4821
egi,616,0,1,314.6925,461.639,39.5916,4.0137
egi,616,0,2,315.143,460.171,174.5935,4.0119
egi,616,0,3,317.069,460.213,107.0849,0.4833
egi,616,0,4,315.6025,460.565,175.0444,2.8015
egi,617,0,0,314.9835,456.539,40.9866,1.0002
egi,617,0,1,314.676,455.983,107.0693,0.477
egi,617,0,2,316.2705,457.1115,41.6628,4.0813
egi,617,0,3,315.772,458.7355,172.4674,4.0812
egi,617,0,4,313.8185,458.7755,106.9884,0.4758
egi,617,0,5,314.385,458.488,173.1165,1.0012
egi,617,0,6,315.1215,457.6475,107.059,1.6328
egi,617,1,0,315.496,457.763,107.0897,1.2659
egi,617,1,1,316.089,458.276,173.2643,1.5688
egi,617,1,2,316.275,457.671,40.8635,1.5682
egi,618,0,0,316.689,454.7675,119.6695,0.1899
egi,618,0,1,317.553,455.3285,38.225,2.08
egi,618,0,2,318.289,456.2365,107.0251,0.5533
egi,618,0,3,316.521,455.9835,17.0537,3.5292
egi,618,0,4,314.901,455.247,107.011,0.458
egi,618,0,5,315.6865,455.2485,17.0609,1.5032
egi,618,0,6,316.4325,455.379,106.988,0.1882
egi,618,0,7,315.897,454.5615,52.2642,1.8398
egi,618,0,8,315.411,453.5845,107.1537,0.5222
egi,618,0,9,316.065,454.0925,52.7031,1.9044
egi,618,1,0,317.9845,455.891,106.778,0.1212
egi,618,1,1,317.412,455.6395,18.1582,1.2418
egi,618,1,2,316.801,455.515,106.9245,0.1442
egi,618,1,3,317.3735,455.7665,17.0926,1.2419
egi,619,0,0,318.3075,449.9365,106.5993,0.1576
egi,619,0,1,317.7735,450.081,158.4297,1.1968
egi,619,0,2,317.272,450.332,29.4091,0.1263
egi,619,0,3,317.2645,450.568,106.9552,0.4286
egi,619,0,4,317.1075,450.7275,25.7113,0.2098
egi,619,0,5,317.8175,449.9895,139.279,2.123
egi,619,0,6,318.6405,449.3625,74.2328,0.1361
egi,619,0,7,318.7585,449.3665,148.2806,0.2339
egi,619,0,8,319.043,450.2815,79.2725,1.9877
egi,619,0,9,319.1225,451.2495,4.6059,0.2117
egi,619,0,10,319.0815,451.0315,107.1118,0.4384
egi,619,0,11,319.202,450.826,4.0834,0.1123
egi,619,0,12,318.981,450.4195,55.9897,0.9904
egi,619,0,13,318.68,450.0745,110.1234,0.1395
egi,620,0,0,317.688,447.6895,118.7798,0.1038
egi,620,0,1,317.6775,447.59,95.7088,0.2915
egi,620,0,2,317.707,447.493,72.648,0.1006
egi,621,0,0,320.5355,446.563,160.8094,2.0383
egi,621,0,1,319.451,446.932,164.4267,0.2533
egi,621,0,2,318.5725,446.248,43.5044,2.086
egi,621,0,3,317.8615,445.422,112.846,0.2344
egi,621,0,4,317.9705,445.2205,124.1856,0.2261
egi,621,0,5,319.0395,445.5945,24.9358,2.2177
egi,621,0,6,320.007,446.146,114.338,0.1844
egi,621,0,7,319.916,446.3,127.1357,0.1756
egi,621,0,8,319.866,446.376,63.4058,0.0134
egi,621,0,9,320.6385,446.124,161.4644,1.6232
egi,621,0,10,321.453,446.047,76.0388,0.373
egi,621,1,0,318.174,445.723,101.6113,0.149
egi,621,1,1,318.16,445.8695,89.2269,0.147
egi,621,1,2,318.8645,446.083,11.255,1.4346
egi,621,1,3,319.597,446.157,113.7162,0.1442
egi,621,1,4,319.6395,446.022,101.0734,0.1406
egi,621,1,5,318.99,445.674,22.8222,1.4386
egi,621,1,6,318.286,445.455,124.3474,0.1453
egi,621,1,7,318.217,445.5825,112.5301,0.1461
egi,622,0,0,322.9035,441.202,107.0402,0.4811
egi,622,0,1,321.3,440.189,39.0361,3.9472
egi,622,0,2,321.1585,438.847,175.9305,2.79
egi,622,0,3,321.4535,437.885,38.2046,2.7908
egi,622,0,4,322.3235,436.853,175.0882,3.9475
egi,622,0,5,324.2195,436.914,107.0442,0.4811
egi,622,0,6,322.802,437.2515,175.4371,2.7026
egi,622,0,7,322.5705,438.2275,37.9032,2.8275
egi,622,0,8,322.3025,439.1955,175.8863,2.7741
egi,623,0,0,223.088,244.9275,90.0,3.765
egi,623,0,1,223.323,243.045,0.0,0.47
egi,623,0,2,223.558,245.1625,90.0,4.235
egi,623,0,3,223.1,247.28,0.0,0.916
egi,623,0,4,222.495,247.045,57.9722,0.5544
egi,624,0,0,227.108,243.947,53.5817,2.4357
egi,624,0,1,227.913,245.0585,58.0532,0.3099
egi,624,0,2,227.438,246.3135,116.3708,2.508
egi,624,0,3,226.7405,247.423,5.6933,0.2824
egi,624,0,4,226.471,247.3685,17.4289,0.2704
egi,624,0,5,226.527,246.01,97.99,2.6618
egi,624,0,6,226.819,244.7005,4.5414,0.2147
egi,624,0,7,227.0245,244.7415,18.2604,0.2075
egi,624,0,8,227.129,244.7685,137.4302,0.0163
egi,624,0,9,226.5685,244.0145,52.8796,1.8774
egi,624,0,10,226.1935,243.1165,142.0202,0.4859
egi,624,1,0,226.8045,245.171,173.7721,0.166
egi,624,1,1,226.6415,245.2055,162.4261,0.1689
egi,624,1,2,226.648,246.0895,84.213,1.7258
egi,624,1,3,226.828,246.957,5.5295,0.1869
egi,624,1,4,227.006,246.956,173.2937,0.1712
egi,624,1,5,227.174,246.0915,95.5479,1.7171
egi,624,1,6,227.169,245.2095,17.3523,0.1844
egi,624,1,7,226.984,245.172,5.8828,0.195
egi,625,0,0,231.649,247.045,90.0,0.47
egi,625,0,1,230.813,247.28,0.0,1.672
egi,625,0,2,229.649,246.1905,73.2453,2.2756
egi,625,0,3,229.372,245.101,0.0,0.102
egi,625,0,4,229.5035,245.18,44.4656,0.2256
egi,625,0,5,230.41,244.8665,154.5838,1.829
egi,625,0,6,231.2255,244.37,84.232,0.2091
egi,625,0,7,231.1855,244.1695,73.0037,0.2018
egi,625,0,8,230.285,243.944,8.4244,1.761
egi,625,0,9,229.3705,243.8745,126.1748,0.1474
egi,625,0,10,229.296,243.9995,115.3241,0.1449
egi,625,0,11,229.0675,243.88,43.1276,0.5412
egi,625,0,12,228.9225,243.613,122.6316,0.1947
egi,625,0,13,229.676,244.739,59.8735,2.7933
egi,625,0,14,230.2275,245.9385,3.2538,0.2995
egi,625,0,15,230.2105,246.37,73.2412,0.919
egi,626,0,0,222.122,249.446,0.0,2.306
egi,626,0,1,223.275,249.681,90.0,0.47
egi,626,0,2,222.3965,249.916,0.0,1.757
egi,626,0,3,221.518,250.74,90.0,1.648
egi,626,0,4,222.3705,251.564,0.0,1.705
egi,626,0,5,223.223,251.799,90.0,0.47
egi,626,0,6,222.3705,252.034,0.0,1.705
egi,626,0,7,221.518,252.6225,90.0,1.177
egi,626,0,8,222.3965,253.211,0.0,1.757
egi,626,0,9,223.275,253.446,90.0,0.47
egi,626,0,10,222.122,253.681,0.0,2.306
egi,627,0,0,224.4475,253.681,0.0,0.549
egi,627,0,1,224.173,251.5635,90.0,4.235
egi,627,0,2,225.094,249.446,0.0,1.842
egi,627,0,3,226.015,249.681,90.0,0.47
egi,627,0,4,225.3685,249.916,0.0,1.293
egi,628,0,0,227.76,249.446,0.0,2.306
egi,628,0,1,228.913,249.681,90.0,0.47
egi,628,0,2,228.0345,249.916,0.0,1.757
egi,628,0,3,227.156,250.74,90.0,1.648
egi,628,0,4,228.0085,251.564,0.0,1.705
egi,628,0,5,228.861,251.799,90.0,0.47
egi,628,0,6,228.0085,252.034,0.0,1.705
egi,628,0,7,227.156,252.6225,90.0,1.177
egi,628,0,8,228.0345,253.211,0.0,1.757
egi,628,0,9,228.913,253.446,90.0,0.47
egi,628,0,10,227.76,253.681,0.0,2.306
egi,629,0,0,229.6295,253.681,0.0,0.579
egi,629,0,1,230.263,251.4565,112.5347,4.8168
egi,629,0,2,232.106,251.4565,67.5312,4.8145
egi,629,0,3,232.736,253.681,0.0,0.58
egi,629,0,4,231.816,252.1225,67.9898,3.362
egi,630,0,0,222.122,259.846,90.0,0.47
egi,630,0,1,221.082,260.081,0.0,2.08
egi,630,0,2,220.042,257.9635,90.0,4.235
egi,630,0,3,220.317,255.846,0.0,0.55
egi,630,0,4,220.592,256.905,90.0,2.118
egi,630,0,5,221.3315,257.964,0.0,1.479
egi,630,0,6,222.071,258.199,90.0,0.47
egi,630,0,7,221.3315,258.434,0.0,1.479
egi,630,0,8,220.592,259.0225,90.0,1.177
egi,631,0,0,223.2547,260.082,0.0,0.5494
egi,631,0,1,223.5294,257.9645,90.0,4.235
egi,631,0,2,223.2547,255.847,0.0,0.5494
egi,631,0,3,222.98,257.9645,90.0,4.235
egi,632,0,0,225.704,255.847,0.0,2.306
egi,632,0,1,226.857,256.082,90.0,0.47
egi,632,0,2,225.9785,256.317,0.0,1.757
egi,632,0,3,225.1,257.141,90.0,1.648
egi,632,0,4,225.9525,257.965,0.0,1.705
egi,632,0,5,226.805,258.2,90.0,0.47
egi,632,0,6,225.9525,258.435,0.0,1.705
egi,632,0,7,225.1,259.0235,90.0,1.177
egi,632,0,8,225.9785,259.612,0.0,1.757
egi,632,0,9,226.857,259.847,90.0,0.47
egi,632,0,10,225.704,260.082,0.0,2.306
egi,633,0,0,228.0285,260.082,0.0,0.549
egi,633,0,1,227.754,257.9645,90.0,4.235
egi,633,0,2,228.675,255.847,0.0,1.842
egi,633,0,3,229.596,256.082,90.0,0.47
egi,633,0,4,228.9495,256.317,0.0,1.293
egi,634,0,0,230.629,255.847,0.0,0.88
egi,634,0,1,231.0775,257.9645,89.77,4.235
egi,634,0,2,230.6375,260.082,0.0,0.897
egi,634,0,3,230.189,257.9645,90.0,4.235
egi,634,1,0,230.8305,259.612,0.0,0.185
egi,634,1,1,230.923,257.9645,90.0,3.295
egi,634,1,2,230.8305,256.317,0.0,0.185
egi,634,1,3,230.738,257.9645,90.0,3.295
egi,635,0,0,129.1895,279.724,124.3373,0.172
egi,635,0,1,129.0855,279.8575,131.6031,0.1672
egi,635,0,2,128.2435,279.0885,46.5929,2.2891
egi,635,0,3,127.543,278.21,151.344,0.196
egi,635,0,4,127.719,278.121,154.9793,0.1986
egi,635,0,5,127.5475,277.4245,68.221,1.4096
egi,635,0,6,127.2625,276.849,106.5661,0.1648
egi,635,0,7,127.2315,277.0145,94.9551,0.1737
egi,635,0,8,126.9495,277.0435,11.8297,0.5609
egi,635,0,9,126.703,276.86,102.5281,0.2582
egi,635,0,10,126.7775,276.62,112.1911,0.2462
egi,635,0,11,128.011,277.151,28.5191,2.7019
egi,635,0,12,129.133,277.8795,127.9011,0.2116
egi,635,0,13,128.9895,278.0355,137.2772,0.2137
egi,635,0,14,128.82,278.1705,145.5192,0.2208
egi,635,0,15,128.1,278.595,150.0788,1.4515
egi,635,0,16,127.451,279.0105,110.4934,0.1143
egi,635,0,17,127.4235,279.124,97.125,0.1209
egi,635,0,18,127.8785,279.4805,32.6627,1.0987
egi,635,0,19,128.4315,279.7385,156.9555,0.1967
egi,635,0,20,128.5975,279.636,139.7149,0.1979
egi,635,0,21,128.737,279.4825,125.5668,0.2201
egi,636,0,0,131.8425,279.647,0.0,1.011
egi,636,0,1,132.348,279.882,90.0,0.47
egi,636,0,2,131.0625,280.117,0.0,2.571
egi,636,0,3,129.777,279.882,90.0,0.47
egi,636,0,4,130.283,279.647,0.0,1.012
egi,636,0,5,130.789,277.7645,90.0,3.765
egi,636,0,6,131.063,275.882,0.0,0.548
egi,637,0,0,135.7885,276.431,113.919,1.2011
egi,637,0,1,136.318,275.882,0.0,0.572
egi,637,0,2,135.5845,278.109,114.598,4.8985
egi,637,0,3,133.5455,278.109,65.402,4.8985
egi,637,0,4,132.812,275.882,0.0,0.572
egi,637,0,5,133.3415,276.431,66.081,1.2011
egi,637,0,6,134.565,276.98,0.0,1.96
egi,637,1,0,134.565,277.45,0.0,1.518
egi,637,1,1,134.1855,278.3115,66.2258,1.8828
egi,637,1,2,134.9445,278.3115,113.7742,1.8828
egi,638,0,0,138.9095,279.647,0.0,1.011
egi,638,0,1,139.415,279.882,90.0,0.47
egi,638,0,2,138.1295,280.117,0.0,2.571
egi,638,0,3,136.844,279.882,90.0,0.47
egi,638,0,4,137.35,279.647,0.0,1.012
egi,638,0,5,137.856,277.7645,90.0,3.765
egi,638,0,6,138.13,275.882,0.0,0.548
egi,639,0,0,140.3387,280.117,0.0,0.5493
egi,639,0,1,140.6133,277.9995,90.0,4.235
egi,639,0,2,140.3387,275.882,0.0,0.5493
egi,639,0,3,140.064,277.9995,90.0,4.235
egi,640,0,0,143.444,280.268,3.0648,0.2243
egi,640,0,1,143.222,280.2455,8.5358,0.2225
egi,640,0,2,143.2205,278.022,92.8144,4.4193
egi,640,0,3,143.4425,275.8095,177.2292,0.2273
egi,640,0,4,143.669,275.8095,2.7831,0.2263
egi,640,0,5,143.8905,278.022,87.1856,4.4193
egi,640,0,6,143.8895,280.2455,171.4255,0.2215
egi,640,0,7,143.668,280.268,176.9352,0.2243
egi,640,1,0,143.471,276.278,177.3072,0.1702
egi,640,1,1,143.3035,276.2955,170.7044,0.1672
egi,640,1,2,143.297,278.0515,87.5025,3.4883
egi,640,1,3,143.4645,279.799,3.1309,0.1833
egi,640,1,4,143.647,279.799,176.8521,0.1823
egi,640,1,5,143.8145,278.0515,92.5138,3.4883
egi,640,1,6,143.808,276.2955,9.241,0.1682
egi,640,1,7,143.6405,276.278,2.7086,0.1692
egi,641,0,0,146.8465,275.882,0.0,0.549
egi,641,0,1,147.121,277.4775,90.0,3.191
egi,641,0,2,148.6895,277.39,132.9833,4.6012
egi,641,0,3,150.258,277.912,90.0,4.41
egi,641,0,4,149.9835,280.117,0.0,0.549
egi,641,0,5,149.709,278.5715,90.0,3.091
egi,641,0,6,148.1405,278.673,133.6017,4.5487
egi,642,0,0,135.572,286.354,90.0,0.47
egi,642,0,1,134.532,286.589,0.0,2.08
egi,642,0,2,133.492,284.4715,90.0,4.235
egi,642,0,3,133.767,282.354,0.0,0.55
egi,642,0,4,134.042,283.413,90.0,2.118
egi,642,0,5,134.7815,284.472,0.0,1.479
egi,642,0,6,135.521,284.707,90.0,0.47
egi,642,0,7,134.7815,284.942,0.0,1.479
egi,642,0,8,134.042,285.5305,90.0,1.177
egi,643,0,0,136.7047,286.59,0.0,0.5494
egi,643,0,1,136.9794,284.4725,90.0,4.235
egi,643,0,2,136.7047,282.355,0.0,0.5494
egi,643,0,3,136.43,284.4725,90.0,4.235
egi,644,0,0,139.4555,284.238,12.6342,0.2285
egi,644,0,1,139.1165,285.4265,111.1659,2.4954
egi,644,0,2,138.3335,286.59,0.0,0.665
egi,644,0,3,138.001,284.4725,90.0,4.235
egi,644,0,4,138.2755,282.355,0.0,0.549
egi,644,0,5,138.55,283.257,90.0,1.804
egi,644,0,6,138.663,284.159,0.0,0.226
egi,644,0,7,139.4125,283.257,125.2085,2.2079
egi,644,0,8,140.3625,282.355,0.0,0.627
egi,644,0,9,140.01,283.284,125.6367,2.2861
egi,644,1,0,138.6225,286.12,0.0,0.145
egi,644,1,1,138.7095,285.375,91.1153,1.4903
egi,644,1,2,138.637,284.63,0.0,0.174
egi,644,1,3,138.55,285.375,90.0,1.49
egi,645,0,0,142.481,282.355,0.0,2.306
egi,645,0,1,143.634,282.59,90.0,0.47
egi,645,0,2,142.7555,282.825,0.0,1.757
egi,645,0,3,141.877,283.649,90.0,1.648
egi,645,0,4,142.7295,284.473,0.0,1.705
egi,645,0,5,143.582,284.708,90.0,0.47
egi,645,0,6,142.7295,284.943,0.0,1.705
egi,645,0,7,141.877,285.5315,90.0,1.177
egi,645,0,8,142.7555,286.12,0.0,1.757
egi,645,0,9,143.634,286.355,90.0,0.47
egi,645,0,10,142.481,286.59,0.0,2.306
egi,646,0,0,123.0805,318.396,0.0,1.011
egi,646,0,1,123.586,318.631,90.0,0.47
egi,646,0,2,122.3005,318.866,0.0,2.571
egi,646,0,3,121.015,318.631,90.0,0.47
egi,646,0,4,121.521,318.396,0.0,1.012
egi,646,0,5,122.027,316.5135,90.0,3.765
egi,646,0,6,122.301,314.631,0.0,0.548
egi,647,0,0,126.045,319.018,3.0648,0.2243
egi,647,0,1,125.823,318.9955,8.5358,0.2225
egi,647,0,2,125.822,316.772,92.8275,4.4194
egi,647,0,3,126.044,314.5595,177.2169,0.2263
egi,647,0,4,126.27,314.5595,2.7831,0.2263
egi,647,0,5,126.492,316.772,87.1725,4.4194
egi,647,0,6,126.4915,318.9955,171.4258,0.2215
egi,647,0,7,126.2695,319.018,176.9488,0.2253
egi,647,1,0,126.072,315.028,177.3072,0.1702
egi,647,1,1,125.9045,315.0455,170.704,0.1672
egi,647,1,2,125.898,316.8015,87.5026,3.4883
egi,647,1,3,126.0655,318.549,3.1309,0.1833
egi,647,1,4,126.2485,318.549,176.8691,0.1833
egi,647,1,5,126.416,316.8015,92.4974,3.4883
egi,647,1,6,126.409,315.0455,9.241,0.1682
egi,647,1,7,126.2415,315.028,2.7087,0.1692
egi,648,0,0,128.9915,318.867,0.0,0.577
egi,648,0,1,129.5895,316.671,111.9833,4.7364
egi,648,0,2,131.0795,316.0365,68.869,3.3481
egi,648,0,3,132.2865,316.0365,111.131,3.3481
egi,648,0,4,133.7765,316.671,68.0167,4.7364
egi,648,0,5,134.374,318.867,0.0,0.578
egi,648,0,6,133.4875,317.3595,68.3792,3.2432
egi,648,0,7,132.2865,317.438,110.8325,3.3939
egi,648,0,8,131.0815,317.4715,68.8217,3.3299
egi,649,0,0,136.386,314.632,0.0,2.306
egi,649,0,1,137.539,314.867,90.0,0.47
egi,649,0,2,136.6605,315.102,0.0,1.757
egi,649,0,3,135.782,315.926,90.0,1.648
egi,649,0,4,136.6345,316.75,0.0,1.705
egi,649,0,5,137.487,316.985,90.0,0.47
egi,649,0,6,136.6345,317.22,0.0,1.705
egi,649,0,7,135.782,317.8085,90.0,1.177
egi,649,0,8,136.6605,318.397,0.0,1.757
egi,649,0,9,137.539,318.632,90.0,0.47
egi,649,0,10,136.386,318.867,0.0,2.306
egi,650,0,0,139.8905,316.514,12.6342,0.2285
egi,650,0,1,139.5515,317.7025,111.1659,2.4954
egi,650,0,2,138.7685,318.866,0.0,0.665
egi,650,0,3,138.436,316.7485,90.0,4.235
egi,650,0,4,138.7105,314.631,0.0,0.549
egi,650,0,5,138.985,315.533,90.0,1.804
egi,650,0,6,139.098,316.435,0.0,0.226
egi,650,0,7,139.8475,315.533,125.2085,2.2079
egi,650,0,8,140.7975,314.631,0.0,0.627
egi,650,0,9,140.445,315.56,125.6367,2.2861
egi,650,1,0,139.0575,318.396,0.0,0.145
egi,650,1,1,139.1445,317.651,91.1153,1.4903
egi,650,1,2,139.072,316.906,0.0,0.174
egi,650,1,3,138.985,317.651,90.0,1.49
egi,651,0,0,120.9655,325.279,153.7108,0.28
egi,651,0,1,120.835,323.266,89.8619,4.15
egi,651,0,2,120.9605,321.253,25.4108,0.289
egi,651,0,3,121.091,321.6295,90.0,0.629
egi,651,0,4,120.965,321.848,37.3021,0.3168
egi,651,0,5,120.841,323.2675,89.9244,3.031
egi,651,0,6,120.967,324.6915,143.5743,0.3082
egi,652,0,0,123.774,325.49,3.0648,0.2243
egi,652,0,1,123.552,325.4675,8.5358,0.2225
egi,652,0,2,123.5505,323.244,92.8145,4.4193
egi,652,0,3,123.7725,321.0315,177.2291,0.2273
egi,652,0,4,123.999,321.0315,2.7831,0.2263
egi,652,0,5,124.2205,323.244,87.1855,4.4193
egi,652,0,6,124.2195,325.4675,171.4258,0.2215
egi,652,0,7,123.998,325.49,176.9352,0.2243
egi,652,1,0,123.801,321.5,177.3072,0.1702
egi,652,1,1,123.6335,321.5175,170.704,0.1672
egi,652,1,2,123.6275,323.2735,87.4862,3.4883
egi,652,1,3,123.795,325.0205,2.8319,0.1822
egi,652,1,4,123.9775,325.0205,177.1836,0.1832
egi,652,1,5,124.145,323.2735,92.4974,3.4883
egi,652,1,6,124.138,321.5175,9.241,0.1682
egi,652,1,7,123.9705,321.5,2.7087,0.1692
egi,653,0,0,127.1765,321.104,0.0,0.549
egi,653,0,1,127.451,322.7,90.0,3.192
egi,653,0,2,129.0195,322.6125,132.9749,4.6019
egi,653,0,3,130.588,323.134,90.0,4.41
egi,653,0,4,130.3135,325.339,0.0,0.549
egi,653,0,5,130.039,323.7935,90.0,3.091
egi,653,0,6,128.4705,323.895,133.6017,4.5487
egi,654,0,0,133.2775,324.869,0.0,1.011
egi,654,0,1,133.783,325.104,90.0,0.47
egi,654,0,2,132.4975,325.339,0.0,2.571
egi,654,0,3,131.212,325.104,90.0,0.47
egi,654,0,4,131.718,324.869,0.0,1.012
egi,654,0,5,132.224,322.9865,90.0,3.765
egi,654,0,6,132.498,321.104,0.0,0.548
egi,655,0,0,135.8865,322.987,12.6342,0.2285
egi,655,0,1,135.5475,324.1755,111.1659,2.4954
egi,655,0,2,134.7645,325.339,0.0,0.665
egi,655,0,3,134.432,323.2215,90.0,4.235
egi,655,0,4,134.7065,321.104,0.0,0.549
egi,655,0,5,134.981,322.006,90.0,1.804
egi,655,0,6,135.094,322.908,0.0,0.226
egi,655,0,7,135.8435,322.006,125.2085,2.2079
egi,655,0,8,136.7935,321.104,0.0,0.627
egi,655,0,9,136.441,322.033,125.6367,2.2861
egi,655,1,0,135.0535,324.869,0.0,0.145
egi,655,1,1,135.1405,324.124,91.1153,1.4903
egi,655,1,2,135.068,323.379,0.0,0.174
egi,655,1,3,134.981,324.124,90.0,1.49
egi,656,0,0,139.569,325.49,3.0648,0.2243
egi,656,0,1,139.347,325.4675,8.5358,0.2225
egi,656,0,2,139.3455,323.244,92.8144,4.4193
egi,656,0,3,139.5675,321.0315,177.2292,0.2273
egi,656,0,4,139.794,321.0315,2.7831,0.2263
egi,656,0,5,140.016,323.244,87.1725,4.4194
egi,656,0,6,140.015,325.4675,171.4642,0.2225
egi,656,0,7,139.793,325.49,176.9352,0.2243
egi,656,1,0,139.596,321.5,177.3072,0.1702
egi,656,1,1,139.4285,321.5175,170.7044,0.1672
egi,656,1,2,139.422,323.2735,87.5025,3.4883
egi,656,1,3,139.5895,325.0205,2.8164,0.1832
egi,656,1,4,139.772,325.0205,177.1683,0.1822
egi,656,1,5,139.9395,323.2735,92.5138,3.4883
egi,656,1,6,139.933,321.5175,9.241,0.1682
egi,656,1,7,139.7655,321.5,2.7086,0.1692
egi,657,0,0,142.9715,325.339,0.0,0.549
egi,657,0,1,142.697,323.2215,90.0,4.235
egi,657,0,2,143.618,321.104,0.0,1.842
egi,657,0,3,144.539,321.339,90.0,0.47
egi,657,0,4,143.8925,321.574,0.0,1.293
egi,658,0,0,246.9255,314.84,124.3373,0.172
egi,658,0,1,246.8215,314.9735,131.6031,0.1672
egi,658,0,2,245.9795,314.204,46.6101,2.2898
egi,658,0,3,245.279,313.3255,151.6051,0.1955
egi,658,0,4,245.455,313.237,154.9783,0.1986
egi,658,0,5,245.284,312.5405,68.2587,1.4092
egi,658,0,6,244.9995,311.965,106.5661,0.1648
egi,658,0,7,244.9685,312.1305,94.9551,0.1737
egi,658,0,8,244.6865,312.1595,11.8299,0.5609
egi,658,0,9,244.4395,311.976,102.3097,0.2579
egi,658,0,10,244.514,311.736,112.4077,0.2466
egi,658,0,11,245.7475,312.267,28.5293,2.701
egi,658,0,12,246.8695,312.9955,127.6886,0.211
egi,658,0,13,246.726,313.151,137.6498,0.2138
egi,658,0,14,246.556,313.286,145.3108,0.2214
egi,658,0,15,245.8365,313.711,150.0593,1.4506
egi,658,0,16,245.1875,314.126,111.143,0.1137
egi,658,0,17,245.16,314.2395,96.5962,0.1218
egi,658,0,18,245.615,314.5965,32.6909,1.0979
egi,658,0,19,246.1675,314.8545,156.9555,0.1967
egi,658,0,20,246.3335,314.7515,139.4932,0.1986
egi,658,0,21,246.473,314.598,125.7198,0.2193
egi,659,0,0,249.5795,314.762,0.0,1.011
egi,659,0,1,250.085,314.997,90.0,0.47
egi,659,0,2,248.7995,315.232,0.0,2.571
egi,659,0,3,247.514,314.997,90.0,0.47
egi,659,0,4,248.02,314.762,0.0,1.012
egi,659,0,5,248.526,312.8795,90.0,3.765
egi,659,0,6,248.8,310.997,0.0,0.548
egi,660,0,0,252.1885,312.88,12.6342,0.2285
egi,660,0,1,251.8495,314.0685,111.1659,2.4954
egi,660,0,2,251.0665,315.232,0.0,0.665
egi,660,0,3,250.734,313.1145,90.0,4.235
egi,660,0,4,251.0085,310.997,0.0,0.549
egi,660,0,5,251.283,311.899,90.0,1.804
egi,660,0,6,251.396,312.801,0.0,0.226
egi,660,0,7,252.1455,311.899,125.2085,2.2079
egi,660,0,8,253.0955,310.997,0.0,0.627
egi,660,0,9,252.743,311.926,125.6367,2.2861
egi,660,1,0,251.3555,314.762,0.0,0.145
egi,660,1,1,251.4425,314.017,91.1153,1.4903
egi,660,1,2,251.37,313.272,0.0,0.174
egi,660,1,3,251.283,314.017,90.0,1.49
egi,661,0,0,254.3357,315.232,0.0,0.5494
egi,661,0,1,254.6104,313.1145,90.0,4.235
egi,661,0,2,254.3357,310.997,0.0,0.5494
egi,661,0,3,254.061,313.1145,90.0,4.235
egi,662,0,0,256.3375,312.801,0.0,0.313
egi,662,0,1,256.378,314.0165,95.4513,2.442
egi,662,0,2,255.947,315.232,0.0,0.63
egi,662,0,3,255.632,313.1145,90.0,4.235
egi,662,0,4,255.9065,310.997,0.0,0.549
egi,662,0,5,256.181,311.899,90.0,1.804
egi,662,1,0,256.2535,314.762,0.0,0.145
egi,662,1,1,256.3405,314.017,91.1159,1.4903
egi,662,1,2,256.268,313.272,0.0,0.174
egi,662,1,3,256.181,314.017,90.0,1.49
egi,663,0,0,242.4235,318.019,113.919,1.2011
egi,663,0,1,242.953,317.47,0.0,0.572
egi,663,0,2,242.2195,319.697,114.598,4.8985
egi,663,0,3,240.1805,319.697,65.402,4.8985
egi,663,0,4,239.447,317.47,0.0,0.572
egi,663,0,5,239.9765,318.019,66.081,1.2011
egi,663,0,6,241.2,318.568,0.0,1.96
egi,663,1,0,241.2,319.038,0.0,1.518
egi,663,1,1,240.8205,319.8995,66.2258,1.8828
egi,663,1,2,241.5795,319.8995,113.7742,1.8828
egi,664,0,0,246.1835,321.312,124.3373,0.172
egi,664,0,1,246.0795,321.4455,131.6031,0.1672
egi,664,0,2,245.2375,320.6765,46.5928,2.2891
egi,664,0,3,244.537,319.798,151.3461,0.196
egi,664,0,4,244.713,319.709,154.9783,0.1986
egi,664,0,5,244.542,319.0125,68.2587,1.4092
egi,664,0,6,244.257,318.437,106.896,0.1651
egi,664,0,7,244.226,318.6025,94.629,0.1736
egi,664,0,8,243.9445,318.6315,11.8299,0.5609
egi,664,0,9,243.6975,318.448,102.3097,0.2579
egi,664,0,10,243.772,318.208,112.4077,0.2466
egi,664,0,11,245.0055,318.739,28.5293,2.701
egi,664,0,12,246.1275,319.4675,127.6886,0.211
egi,664,0,13,245.984,319.6235,137.457,0.2144
egi,664,0,14,245.814,319.7585,145.5192,0.2208
egi,664,0,15,245.094,320.183,150.0788,1.4515
egi,664,0,16,244.445,320.5985,110.4969,0.1143
egi,664,0,17,244.418,320.712,96.6511,0.1208
egi,664,0,18,244.873,321.0685,32.6909,1.0979
egi,664,0,19,245.4255,321.3265,156.9555,0.1967
egi,664,0,20,245.5915,321.2235,139.4932,0.1986
egi,664,0,21,245.731,321.07,125.7198,0.2193
egi,665,0,0,249.4765,321.312,124.3373,0.172
egi,665,0,1,249.373,321.4455,131.3479,0.1665
egi,665,0,2,248.531,320.6765,46.5747,2.2898
egi,665,0,3,247.83,319.798,151.3461,0.196
egi,665,0,4,248.006,319.709,154.9783,0.1986
egi,665,0,5,247.835,319.0125,68.2587,1.4092
egi,665,0,6,247.55,318.437,106.896,0.1651
egi,665,0,7,247.5185,318.6025,94.9601,0.1737
egi,665,0,8,247.237,318.6315,11.851,0.5599
egi,665,0,9,246.9905,318.448,102.3097,0.2579
egi,665,0,10,247.065,318.208,112.4077,0.2466
egi,665,0,11,248.2985,318.739,28.5293,2.701
egi,665,0,12,249.42,319.4675,127.9011,0.2116
egi,665,0,13,249.2765,319.6235,137.2772,0.2137
egi,665,0,14,249.107,319.7585,145.5192,0.2208
egi,665,0,15,248.387,320.183,150.0788,1.4515
egi,665,0,16,247.738,320.5985,110.4969,0.1143
egi,665,0,17,247.711,320.712,96.6511,0.1208
egi,665,0,18,248.166,321.0685,32.6909,1.0979
egi,665,0,19,248.7185,321.3265,156.9555,0.1967
egi,665,0,20,248.8845,321.2235,139.4932,0.1986
egi,665,0,21,249.024,321.07,125.7198,0.2193
egi,666,0,0,253.2405,318.019,113.919,1.2011
egi,666,0,1,253.77,317.47,0.0,0.572
egi,666,0,2,253.0365,319.697,114.598,4.8985
egi,666,0,3,250.9975,319.697,65.402,4.8985
egi,666,0,4,250.264,317.47,0.0,0.572
egi,666,0,5,250.7935,318.019,66.081,1.2011
egi,666,0,6,252.017,318.568,0.0,1.96
egi,666,1,0,252.017,319.038,0.0,1.518
egi,666,1,1,251.6375,319.8995,66.2258,1.8828
egi,666,1,2,252.3965,319.8995,113.7742,1.8828
egi,667,0,0,254.601,320.3665,90.0,2.677
egi,667,0,1,256.17,319.028,0.0,3.138
egi,667,0,2,257.739,320.3665,90.0,2.677
egi,667,0,3,257.4645,321.705,0.0,0.549
egi,667,0,4,257.19,320.4575,90.0,2.495
egi,667,0,5,256.17,319.21,0.0,2.04
egi,667,0,6,255.15,320.4575,90.0,2.495
egi,668,0,0,258.9935,321.705,0.0,0.549
egi,668,0,1,258.719,319.5875,90.0,4.235
egi,668,0,2,259.64,317.47,0.0,1.842
egi,668,0,3,260.561,317.705,90.0,0.47
egi,668,0,4,259.9145,317.94,0.0,1.293
egi,669,0,0,262.8355,321.235,0.0,1.011
egi,669,0,1,263.341,321.47,90.0,0.47
egi,669,0,2,262.0555,321.705,0.0,2.571
egi,669,0,3,260.77,321.47,90.0,0.47
egi,669,0,4,261.276,321.235,0.0,1.012
egi,669,0,5,261.782,319.3525,90.0,3.765
egi,669,0,6,262.056,317.47,0.0,0.548
egi,670,0,0,84.4105,268.397,0.0,1.011
egi,670,0,1,84.916,268.632,90.0,0.47
egi,670,0,2,83.6305,268.867,0.0,2.571
egi,670,0,3,82.345,268.632,90.0,0.47
egi,670,0,4,82.851,268.397,0.0,1.012
egi,670,0,5,83.357,266.5145,90.0,3.765
egi,670,0,6,83.631,264.632,0.0,0.548
egi,671,0,0,87.374,269.018,3.0648,0.2243
egi,671,0,1,87.152,268.9955,8.5358,0.2225
egi,671,0,2,87.1505,266.7715,92.8139,4.4203
egi,671,0,3,87.3725,264.559,177.4751,0.2272
egi,671,0,4,87.599,264.559,2.5361,0.2262
egi,671,0,5,87.8205,266.7715,87.1861,4.4203
egi,671,0,6,87.8195,268.9955,171.4258,0.2215
egi,671,0,7,87.598,269.018,176.9352,0.2243
egi,671,1,0,87.401,265.028,177.3072,0.1702
egi,671,1,1,87.2335,265.045,171.0449,0.167
egi,671,1,2,87.227,266.801,87.5033,3.4893
egi,671,1,3,87.3945,268.5485,2.8164,0.1832
egi,671,1,4,87.577,268.5485,177.1681,0.1822
egi,671,1,5,87.744,266.801,92.4967,3.4893
egi,671,1,6,87.7375,265.045,8.9551,0.167
egi,671,1,7,87.5705,265.028,2.7087,0.1692
egi,672,0,0,90.3205,268.867,0.0,0.577
egi,672,0,1,90.9185,266.6705,111.9788,4.7373
egi,672,0,2,92.408,266.036,68.8912,3.3487
egi,672,0,3,93.615,266.036,111.1407,3.3494
egi,672,0,4,95.1055,266.6705,68.0212,4.7373
egi,672,0,5,95.703,268.867,0.0,0.578
egi,672,0,6,94.8165,267.3595,68.3791,3.2432
egi,672,0,7,93.6155,267.438,110.8325,3.3939
egi,672,0,8,92.4105,267.4715,68.8217,3.3299
egi,673,0,0,97.715,264.632,0.0,2.306
egi,673,0,1,98.868,264.867,90.0,0.47
egi,673,0,2,97.9895,265.102,0.0,1.757
egi,673,0,3,97.111,265.926,90.0,1.648
egi,673,0,4,97.9635,266.75,0.0,1.705
egi,673,0,5,98.816,266.985,90.0,0.47
egi,673,0,6,97.9635,267.22,0.0,1.705
egi,673,0,7,97.111,267.8085,90.0,1.177
egi,673,0,8,97.9895,268.397,0.0,1.757
egi,673,0,9,98.868,268.632,90.0,0.47
egi,673,0,10,97.715,268.867,0.0,2.306
egi,674,0,0,101.2205,266.515,12.6346,0.2285
egi,674,0,1,100.8815,267.7035,111.1659,2.4954
egi,674,0,2,100.0985,268.867,0.0,0.665
egi,674,0,3,99.766,266.7495,90.0,4.235
egi,674,0,4,100.0405,264.632,0.0,0.549
egi,674,0,5,100.315,265.534,90.0,1.804
egi,674,0,6,100.428,266.436,0.0,0.226
egi,674,0,7,101.1775,265.534,125.2087,2.2079
egi,674,0,8,102.1275,264.632,0.0,0.627
egi,674,0,9,101.775,265.561,125.6367,2.2861
egi,674,1,0,100.3875,268.397,0.0,0.145
egi,674,1,1,100.4745,267.652,91.115,1.4903
egi,674,1,2,100.402,266.907,0.0,0.174
egi,674,1,3,100.315,267.652,90.0,1.49
egi,675,0,0,82.5475,275.34,0.0,0.577
egi,675,0,1,83.1455,273.144,111.9834,4.7364
egi,675,0,2,84.6355,272.5095,68.869,3.3481
egi,675,0,3,85.8425,272.5095,111.131,3.3481
egi,675,0,4,87.3325,273.144,68.0166,4.7364
egi,675,0,5,87.93,275.34,0.0,0.578
egi,675,0,6,87.0435,273.8325,68.3791,3.2432
egi,675,0,7,85.8425,273.911,110.8325,3.3939
egi,675,0,8,84.6375,273.9445,68.8217,3.3299
egi,676,0,0,91.5805,271.653,113.919,1.2011
egi,676,0,1,92.11,271.104,0.0,0.572
egi,676,0,2,91.3765,273.331,114.598,4.8985
egi,676,0,3,89.3375,273.331,65.4021,4.8985
egi,676,0,4,88.604,271.104,0.0,0.572
egi,676,0,5,89.1335,271.653,66.081,1.2011
egi,676,0,6,90.357,272.202,0.0,1.96
egi,676,1,0,90.357,272.672,0.0,1.518
egi,676,1,1,89.9775,273.5335,66.226,1.8828
egi,676,1,2,90.7365,273.5335,113.7742,1.8828
egi,677,0,0,94.7015,274.869,0.0,1.011
egi,677,0,1,95.207,275.104,90.0,0.47
egi,677,0,2,93.9215,275.339,0.0,2.571
egi,677,0,3,92.636,275.104,90.0,0.47
egi,677,0,4,93.142,274.869,0.0,1.012
egi,677,0,5,93.648,272.9865,90.0,3.765
egi,677,0,6,93.922,271.104,0.0,0.548
egi,678,0,0,97.009,271.105,0.0,2.306
egi,678,0,1,98.162,271.34,90.0,0.47
egi,678,0,2,97.2835,271.575,0.0,1.757
egi,678,0,3,96.405,272.399,90.0,1.648
egi,678,0,4,97.2575,273.223,0.0,1.705
egi,678,0,5,98.11,273.458,90.0,0.47
egi,678,0,6,97.2575,273.693,0.0,1.705
egi,678,0,7,96.405,274.2815,90.0,1.177
egi,678,0,8,97.2835,274.87,0.0,1.757
egi,678,0,9,98.162,275.105,90.0,0.47
egi,678,0,10,97.009,275.34,0.0,2.306
egi,679,0,0,100.5135,272.987,12.6346,0.2285
egi,679,0,1,100.1745,274.1755,111.1659,2.4954
egi,679,0,2,99.3915,275.339,0.0,0.665
egi,679,0,3,99.059,273.2215,90.0,4.235
egi,679,0,4,99.3335,271.104,0.0,0.549
egi,679,0,5,99.608,272.006,90.0,1.804
egi,679,0,6,99.721,272.908,0.0,0.226
egi,679,0,7,100.4705,272.006,125.2087,2.2079
egi,679,0,8,101.4205,271.104,0.0,0.627
egi,679,0,9,101.068,272.033,125.6367,2.2861
egi,679,1,0,99.6805,274.869,0.0,0.145
egi,679,1,1,99.7675,274.124,91.115,1.4903
egi,679,1,2,99.695,273.379,0.0,0.174
egi,679,1,3,99.608,274.124,90.0,1.49
egi,680,0,0,22.587,509.8985,90.0,3.765
egi,680,0,1,22.822,508.016,0.0,0.47
egi,680,0,2,23.057,510.1335,90.0,4.235
egi,680,0,3,22.599,512.251,0.0,0.916
egi,680,0,4,21.994,512.016,57.9727,0.5544
egi,681,0,0,26.694,509.3615,51.6049,2.2316
egi,681,0,1,26.2305,510.827,152.9319,2.5975
egi,681,0,2,25.049,511.28,79.7319,0.2805
egi,681,0,3,25.2895,511.142,0.0,0.531
egi,681,0,4,25.5675,511.222,81.1197,0.1619
egi,681,0,5,26.2055,510.8155,142.125,1.5848
egi,681,0,6,25.899,509.173,51.1233,2.9698
egi,681,0,7,26.3235,508.017,0.0,2.713
egi,681,0,8,27.68,508.252,90.0,0.47
egi,682,0,0,29.853,510.0555,179.6986,0.19
egi,682,0,1,29.4995,509.494,51.3589,1.4365
egi,682,0,2,29.0345,509.007,102.5692,0.1516
egi,682,0,3,28.761,509.081,0.0,0.514
egi,682,0,4,28.523,508.9565,98.677,0.2519
egi,682,0,5,29.6195,509.5115,32.2367,2.5477
egi,682,0,6,30.6285,510.235,147.2865,0.1628
egi,682,0,7,30.6655,510.3715,41.2431,0.2806
egi,682,0,8,29.7155,511.02,152.2213,2.386
egi,682,0,9,28.6335,511.4525,77.8888,0.2526
egi,682,0,10,28.8695,511.329,0.0,0.525
egi,682,0,11,29.147,511.3945,77.1014,0.1344
egi,682,0,12,29.5355,510.997,128.8929,1.1897
egi,682,0,13,29.8255,510.53,2.7411,0.1672
egi,683,0,0,32.473,508.553,12.0309,0.1247
egi,683,0,1,32.5835,508.506,168.7864,0.3497
egi,683,0,2,32.7055,508.506,145.5155,0.1201
egi,684,0,0,35.636,509.3615,51.6048,2.2316
egi,684,0,1,35.1725,510.827,152.9319,2.5975
egi,684,0,2,33.991,511.28,79.7311,0.2805
egi,684,0,3,34.2315,511.142,0.0,0.531
egi,684,0,4,34.5095,511.222,81.1203,0.1619
egi,684,0,5,35.1475,510.8155,142.1251,1.5848
egi,684,0,6,34.841,509.173,51.1233,2.9698
egi,684,0,7,35.2655,508.017,0.0,2.713
egi,684,0,8,36.622,508.252,90.0,0.47
egi,685,0,0,40.09,512.016,90.0,0.47
egi,685,0,1,39.254,512.251,0.0,1.672
egi,685,0,2,38.09,511.1615,73.2453,2.2756
egi,685,0,3,37.813,510.072,0.0,0.102
egi,685,0,4,37.9445,510.151,44.4601,0.2256
egi,685,0,5,38.851,509.8375,154.5839,1.829
egi,685,0,6,39.6665,509.3415,84.2072,0.2081
egi,685,0,7,39.6265,509.141,73.0837,0.2028
egi,685,0,8,38.726,508.915,8.4247,1.761
egi,685,0,9,37.8115,508.846,125.9409,0.1482
egi,685,0,10,37.737,508.971,115.4981,0.144
egi,685,0,11,37.508,508.851,43.0556,0.542
egi,685,0,12,37.363,508.584,122.8758,0.1953
egi,685,0,13,38.1175,509.71,59.8558,2.7938
egi,685,0,14,38.669,510.9095,3.243,0.3005
egi,685,0,15,38.6515,511.341,73.241,0.919
egi,686,0,0,46.472,509.3615,51.6048,2.2316
egi,686,0,1,46.0085,510.827,152.9319,2.5975
egi,686,0,2,44.827,511.28,79.7311,0.2805
egi,686,0,3,45.0675,511.142,0.0,0.531
egi,686,0,4,45.3455,511.222,81.1203,0.1619
egi,686,0,5,45.9835,510.8155,142.1251,1.5848
egi,686,0,6,45.677,509.173,51.1233,2.9698
egi,686,0,7,46.1015,508.017,0.0,2.713
egi,686,0,8,47.458,508.252,90.0,0.47
egi,687,0,0,50.925,512.016,90.0,0.47
egi,687,0,1,50.089,512.251,0.0,1.672
egi,687,0,2,48.925,511.1615,73.2453,2.2756
egi,687,0,3,48.648,510.072,0.0,0.102
egi,687,0,4,48.7795,510.151,44.4601,0.2256
egi,687,0,5,49.686,509.8375,154.5839,1.829
egi,687,0,6,50.5015,509.3415,84.2072,0.2081
egi,687,0,7,50.4615,509.141,73.0837,0.2028
egi,687,0,8,49.561,508.915,8.4247,1.761
egi,687,0,9,48.6465,508.846,125.9409,0.1482
egi,687,0,10,48.572,508.971,115.4981,0.144
egi,687,0,11,48.343,508.851,43.0556,0.542
egi,687,0,12,48.198,508.584,122.8758,0.1953
egi,687,0,13,48.9525,509.71,59.8558,2.7938
egi,687,0,14,49.5045,510.9095,3.2538,0.2995
egi,687,0,15,49.4875,511.341,73.241,0.919
egi,688,0,0,52.939,509.8985,90.0,3.765
egi,688,0,1,53.174,508.016,0.0,0.47
egi,688,0,2,53.409,510.1335,90.0,4.235
egi,688,0,3,52.951,512.251,0.0,0.916
egi,688,0,4,52.346,512.016,57.9726,0.5544
egi,689,0,0,55.776,508.553,12.0309,0.1247
egi,689,0,1,55.8865,508.506,168.7864,0.3497
egi,689,0,2,56.0085,508.506,145.5155,0.1201
egi,690,0,0,58.357,509.8985,90.0,3.765
egi,690,0,1,58.592,508.016,0.0,0.47
egi,690,0,2,58.827,510.1335,90.0,4.235
egi,690,0,3,58.369,512.251,0.0,0.916
egi,690,0,4,57.764,512.016,57.9726,0.5544
egi,691,0,0,62.464,509.3615,51.6048,2.2316
egi,691,0,1,62.0005,510.827,152.9319,2.5975
egi,691,0,2,60.819,511.28,79.7311,0.2805
egi,691,0,3,61.0595,511.142,0.0,0.531
egi,691,0,4,61.3375,511.222,81.1203,0.1619
egi,691,0,5,61.9755,510.8155,142.1251,1.5848
egi,691,0,6,61.669,509.173,51.1233,2.9698
egi,691,0,7,62.0935,508.017,0.0,2.713
egi,691,0,8,63.45,508.252,90.0,0.47
egi,692,0,0,66.918,512.016,90.0,0.47
egi,692,0,1,66.082,512.251,0.0,1.672
egi,692,0,2,64.918,511.1615,73.2452,2.2756
egi,692,0,3,64.641,510.072,0.0,0.102
egi,692,0,4,64.7725,510.151,44.4615,0.2256
egi,692,0,5,65.679,509.8375,154.5839,1.829
egi,692,0,6,66.4945,509.3415,84.2083,0.2081
egi,692,0,7,66.4545,509.141,73.0848,0.2028
egi,692,0,8,65.554,508.915,8.4247,1.761
egi,692,0,9,64.6395,508.846,125.9409,0.1482
egi,692,0,10,64.565,508.971,115.4995,0.144
egi,692,0,11,64.336,508.851,43.0559,0.5419
egi,692,0,12,64.191,508.584,122.8748,0.1953
egi,692,0,13,64.9455,509.71,59.8558,2.7938
egi,692,0,14,65.4975,510.9095,3.2538,0.2995
egi,692,0,15,65.4805,511.341,73.241,0.919
egi,693,0,0,315.648,233.672,51.3119,1.891
egi,693,0,1,315.363,232.932,179.6257,0.612
egi,693,0,2,316.0905,233.487,52.8838,1.397
egi,693,0,3,316.9405,233.4815,127.2992,1.4142
egi,693,0,4,317.664,232.9175,179.7096,0.59
egi,693,0,5,317.3995,233.661,126.9067,1.8634
egi,693,0,6,317.3265,234.9945,50.4205,1.5271
egi,693,0,7,317.5075,235.585,179.6251,0.611
egi,693,0,8,316.8595,235.177,50.1261,1.0685
egi,693,0,9,316.208,235.181,126.7372,1.0332
egi,693,0,10,315.6015,235.597,179.615,0.595
egi,694,0,0,302.318,241.0835,76.6036,1.8904
egi,694,0,1,302.3765,240.2925,24.8464,0.6116
egi,694,0,2,302.797,241.105,78.1912,1.3976
egi,694,0,3,303.568,241.4635,152.6014,1.4147
egi,694,0,4,304.463,241.2625,24.9988,0.5892
egi,694,0,5,303.906,241.8215,152.1971,1.8631
egi,694,0,6,303.2705,242.996,75.7097,1.5273
egi,694,0,7,303.1815,243.607,24.932,0.612
egi,694,0,8,302.77,242.961,75.4691,1.0682
egi,694,0,9,302.1795,242.6865,152.0226,1.0338
egi,694,0,10,301.453,242.8035,24.93,0.5955
egi,695,0,0,294.114,237.0505,84.2928,1.8904
egi,695,0,1,294.2775,236.2745,32.5735,0.6111
egi,695,0,2,294.5855,237.136,85.8555,1.3977
egi,695,0,3,295.302,237.5945,160.2964,1.4148
egi,695,0,4,296.216,237.515,32.6669,0.5892
egi,695,0,5,295.589,237.9945,159.8832,1.8637
egi,695,0,6,294.802,239.0735,83.3824,1.5272
egi,695,0,7,294.6325,239.667,32.6514,0.6117
egi,695,0,8,294.311,238.972,83.1151,1.0677
egi,695,0,9,293.7625,238.621,159.7229,1.033
egi,695,0,10,293.027,238.6395,32.5945,0.5959
egi,696,0,0,299.204,233.672,51.3119,1.891
egi,696,0,1,298.919,232.932,179.6257,0.612
egi,696,0,2,299.6465,233.487,52.8838,1.397
egi,696,0,3,300.4965,233.4815,127.2992,1.4142
egi,696,0,4,301.22,232.9175,179.7096,0.59
egi,696,0,5,300.9555,233.661,126.9067,1.8634
egi,696,0,6,300.8825,234.9945,50.4205,1.5271
egi,696,0,7,301.0635,235.585,179.6251,0.611
egi,696,0,8,300.4155,235.177,50.1261,1.0685
egi,696,0,9,299.764,235.181,126.7372,1.0332
egi,696,0,10,299.1575,235.597,179.615,0.595
egi,697,0,0,24.3585,542.155,113.9189,1.2012
egi,697,0,1,24.888,541.606,0.0,0.572
egi,697,0,2,24.1545,543.833,114.5979,4.8985
egi,697,0,3,22.1155,543.833,65.4021,4.8985
egi,697,0,4,21.382,541.606,0.0,0.572
egi,697,0,5,21.9115,542.155,66.0811,1.2012
egi,697,0,6,23.135,542.704,0.0,1.96
egi,697,1,0,23.135,543.174,0.0,1.518
egi,697,1,1,22.7555,544.0355,66.226,1.8828
egi,697,1,2,23.5145,544.0355,113.774,1.8828
egi,698,0,0,27.4795,545.371,0.0,1.011
egi,698,0,1,27.985,545.606,90.0,0.47
egi,698,0,2,26.6995,545.841,0.0,2.571
egi,698,0,3,25.414,545.606,90.0,0.47
egi,698,0,4,25.92,545.371,0.0,1.012
egi,698,0,5,26.426,543.4885,90.0,3.765
egi,698,0,6,26.7,541.606,0.0,0.548
egi,699,0,0,28.9087,545.841,0.0,0.5494
egi,699,0,1,29.1834,543.7235,90.0,4.235
egi,699,0,2,28.9087,541.606,0.0,0.5494
egi,699,0,3,28.634,543.7235,90.0,4.235
egi,700,0,0,32.5255,545.448,124.3373,0.172
egi,700,0,1,32.4215,545.5815,131.6051,0.1672
egi,700,0,2,31.5795,544.812,46.6103,2.2898
egi,700,0,3,30.879,543.9335,151.5995,0.1955
egi,700,0,4,31.055,543.845,154.983,0.1986
egi,700,0,5,30.884,543.148,68.274,1.4102
egi,700,0,6,30.599,542.5725,106.7984,0.1661
egi,700,0,7,30.5675,542.7385,94.9553,0.1736
egi,700,0,8,30.286,542.767,11.9516,0.5601
egi,700,0,9,30.0395,542.5835,102.3596,0.257
egi,700,0,10,30.114,542.3435,112.3171,0.2475
egi,700,0,11,31.3475,542.8745,28.5478,2.7014
egi,700,0,12,32.469,543.6035,127.8982,0.2116
egi,700,0,13,32.3255,543.759,137.4739,0.213
egi,700,0,14,32.156,543.894,145.304,0.2214
egi,700,0,15,31.436,544.319,150.0789,1.4515
egi,700,0,16,30.787,544.7345,110.4971,0.1142
egi,700,0,17,30.76,544.848,96.6545,0.1208
egi,700,0,18,31.215,545.205,32.7353,1.0985
egi,700,0,19,31.7675,545.463,156.6871,0.1971
egi,700,0,20,31.9335,545.3595,139.4924,0.1986
egi,700,0,21,32.073,545.206,125.72,0.2192
egi,701,0,0,23.169,535.7995,51.6049,2.2316
egi,701,0,1,22.7055,537.265,152.9319,2.5975
egi,701,0,2,21.524,537.718,79.7319,0.2805
egi,701,0,3,21.7645,537.58,0.0,0.531
egi,701,0,4,22.0425,537.66,81.1195,0.1619
egi,701,0,5,22.6805,537.253,142.0965,1.5855
egi,701,0,6,22.374,535.6105,51.1111,2.969
egi,701,0,7,22.7985,534.455,0.0,2.713
egi,701,0,8,24.155,534.69,90.0,0.47
egi,702,0,0,27.288,537.2305,90.0,3.355
egi,702,0,1,26.002,536.9955,56.0824,4.6093
egi,702,0,2,25.767,535.083,0.0,2.102
egi,702,0,3,26.818,534.769,90.0,0.628
egi,702,0,4,27.053,534.455,0.0,0.47
egi,702,0,5,27.288,534.769,90.0,0.628
egi,702,0,6,27.531,535.083,0.0,0.486
egi,702,0,7,27.774,535.318,90.0,0.47
egi,702,0,8,27.531,535.553,0.0,0.486
egi,702,1,0,26.2135,535.553,0.0,1.209
egi,702,1,1,26.2075,536.431,55.7192,2.1252
egi,702,1,2,26.812,537.309,0.0,0.012
egi,702,1,3,26.818,536.431,90.0,1.756
egi,703,0,0,30.813,537.2305,90.0,3.355
egi,703,0,1,29.527,536.9955,56.0824,4.6093
egi,703,0,2,29.292,535.083,0.0,2.102
egi,703,0,3,30.343,534.769,90.0,0.628
egi,703,0,4,30.578,534.455,0.0,0.47
egi,703,0,5,30.813,534.769,90.0,0.628
egi,703,0,6,31.056,535.083,0.0,0.486
egi,703,0,7,31.299,535.318,90.0,0.47
egi,703,0,8,31.056,535.553,0.0,0.486
egi,703,1,0,29.7385,535.553,0.0,1.209
egi,703,1,1,29.7325,536.431,55.7192,2.1252
egi,703,1,2,30.337,537.309,0.0,0.012
egi,703,1,3,30.343,536.431,90.0,1.756
egi,704,0,0,32.473,534.992,12.0309,0.1247
egi,704,0,1,32.5835,534.945,168.7864,0.3497
egi,704,0,2,32.7055,534.945,145.5155,0.1201
egi,705,0,0,36.565,538.455,90.0,0.47
egi,705,0,1,35.729,538.69,0.0,1.672
egi,705,0,2,34.565,537.6005,73.2453,2.2756
egi,705,0,3,34.288,536.511,0.0,0.102
egi,705,0,4,34.4195,536.59,44.4608,0.2256
egi,705,0,5,35.326,536.2765,154.5838,1.829
egi,705,0,6,36.1415,535.78,84.2349,0.2091
egi,705,0,7,36.1015,535.5795,73.0012,0.2018
egi,705,0,8,35.201,535.354,8.4246,1.761
egi,705,0,9,34.2865,535.285,125.9417,0.1482
egi,705,0,10,34.212,535.41,115.4975,0.144
egi,705,0,11,33.983,535.29,43.0562,0.542
egi,705,0,12,33.838,535.023,122.8764,0.1953
egi,705,0,13,34.5925,536.149,59.8558,2.7938
egi,705,0,14,35.1445,537.3485,3.2545,0.2995
egi,705,0,15,35.1275,537.78,73.2411,0.919
egi,706,0,0,38.5005,536.4435,58.2694,4.1774
egi,706,0,1,37.6075,534.522,144.7936,0.503
egi,706,0,2,39.137,536.5335,58.4518,5.061
egi,706,0,3,38.9315,538.69,0.0,3.059
egi,706,0,4,37.402,538.455,90.0,0.47
egi,707,0,0,43.615,538.455,90.0,0.47
egi,707,0,1,42.779,538.69,0.0,1.672
egi,707,0,2,41.615,537.6005,73.2453,2.2756
egi,707,0,3,41.338,536.511,0.0,0.102
egi,707,0,4,41.4695,536.59,44.4608,0.2256
egi,707,0,5,42.376,536.2765,154.5838,1.829
egi,707,0,6,43.1915,535.78,84.2349,0.2091
egi,707,0,7,43.1515,535.5795,73.0012,0.2018
egi,707,0,8,42.251,535.354,8.4246,1.761
egi,707,0,9,41.3365,535.285,125.9417,0.1482
egi,707,0,10,41.262,535.41,115.4975,0.144
egi,707,0,11,41.033,535.29,43.0562,0.542
egi,707,0,12,40.888,535.023,122.8764,0.1953
egi,707,0,13,41.6425,536.149,59.8558,2.7938
egi,707,0,14,42.1945,537.3485,3.2545,0.2995
egi,707,0,15,42.1775,537.78,73.2411,0.919
egi,708,0,0,308.236,407.778,66.5385,3.205
egi,708,0,1,308.8795,409.248,0.0,0.011
egi,708,0,2,309.134,407.817,99.8712,2.905
egi,708,0,3,309.6565,406.386,0.0,0.547
egi,708,0,4,309.495,408.6245,100.997,4.5607
egi,708,0,5,308.329,409.1855,66.4539,3.6597
egi,708,0,6,306.8665,409.1855,113.5606,3.6601
egi,708,0,7,305.7005,408.6245,79.0154,4.5605
egi,708,0,8,305.5395,406.386,0.0,0.547
egi,708,0,9,306.0615,407.811,80.1077,2.893
egi,708,0,10,306.316,409.236,0.0,0.012
egi,709,0,0,313.4425,406.935,113.9187,1.2012
egi,709,0,1,313.972,406.386,0.0,0.572
egi,709,0,2,313.2385,408.613,114.5978,4.8985
egi,709,0,3,311.1995,408.613,65.4022,4.8985
egi,709,0,4,310.466,406.386,0.0,0.572
egi,709,0,5,310.9955,406.935,66.0813,1.2012
egi,709,0,6,312.219,407.484,0.0,1.96
egi,709,1,0,312.219,407.954,0.0,1.518
egi,709,1,1,311.8395,408.8155,66.2258,1.8828
egi,709,1,2,312.5985,408.8155,113.7742,1.8828
egi,710,0,0,316.3365,408.269,12.6388,0.2285
egi,710,0,1,315.9975,409.4575,111.1662,2.4953
egi,710,0,2,315.2145,410.621,0.0,0.665
egi,710,0,3,314.882,408.5035,90.0,4.235
egi,710,0,4,315.1565,406.386,0.0,0.549
egi,710,0,5,315.431,407.288,90.0,1.804
egi,710,0,6,315.544,408.19,0.0,0.226
egi,710,0,7,316.2935,407.288,125.2084,2.2079
egi,710,0,8,317.2435,406.386,0.0,0.627
egi,710,0,9,316.891,407.315,125.6367,2.2861
egi,710,1,0,315.5035,410.151,0.0,0.145
egi,710,1,1,315.5905,409.406,91.1147,1.4903
egi,710,1,2,315.518,408.661,0.0,0.174
egi,710,1,3,315.431,409.406,90.0,1.49
egi,711,0,0,321.2035,410.561,153.7115,0.28
egi,711,0,1,321.073,408.5485,89.8622,4.149
egi,711,0,2,321.1985,406.5355,25.2342,0.2885
egi,711,0,3,321.329,406.9115,90.0,0.629
egi,711,0,4,321.2025,407.13,37.1958,0.3176
egi,711,0,5,321.0785,408.5495,89.9054,3.031
egi,711,0,6,321.205,409.9735,143.5749,0.3082
egi,712,0,0,322.752,409.758,90.0,1.726
egi,712,0,1,322.4775,410.621,0.0,0.549
egi,712,0,2,322.203,408.5035,90.0,4.235
egi,712,0,3,322.4775,406.386,0.0,0.549
egi,712,0,4,322.752,407.4055,90.0,2.039
egi,712,0,5,323.7325,408.425,0.0,1.961
egi,712,0,6,324.713,407.4055,90.0,2.039
egi,712,0,7,324.9875,406.386,0.0,0.549
egi,712,0,8,325.262,408.5035,90.0,4.235
egi,712,0,9,324.9875,410.621,0.0,0.549
egi,712,0,10,324.713,409.758,90.0,1.726
egi,713,0,0,329.77,407.7305,51.605,2.2316
egi,713,0,1,329.3065,409.196,152.9316,2.5975
egi,713,0,2,328.125,409.649,79.7342,0.2805
egi,713,0,3,328.3655,409.511,0.0,0.531
egi,713,0,4,328.6435,409.591,81.111,0.1619
egi,713,0,5,329.2815,409.1845,142.1243,1.5848
egi,713,0,6,328.975,407.542,51.1235,2.9698
egi,713,0,7,329.3995,406.386,0.0,2.713
egi,713,0,8,330.756,406.621,90.0,0.47
egi,714,0,0,333.007,406.3155,4.3759,0.1966
egi,714,0,1,333.1945,406.345,13.8131,0.1843
egi,714,0,2,333.195,408.5645,92.3194,4.3986
egi,714,0,3,333.0075,410.77,175.3546,0.1976
egi,714,0,4,332.8105,410.77,4.6454,0.1976
egi,714,0,5,332.6225,408.5645,87.6675,4.3986
egi,714,0,6,332.623,406.345,166.2613,0.1853
egi,714,0,7,332.811,406.3155,175.6241,0.1966
egi,714,1,0,332.9775,410.301,174.1618,0.1377
egi,714,1,1,333.1085,410.275,163.0931,0.1306
egi,714,1,2,333.1085,408.5235,87.9339,3.4673
egi,714,1,3,332.9775,406.7845,5.4211,0.1376
egi,714,1,4,332.84,406.7845,174.6183,0.1386
egi,714,1,5,332.709,408.5235,92.0494,3.4672
egi,714,1,6,332.709,410.275,17.0363,0.1297
egi,714,1,7,332.84,410.301,5.7959,0.1387
egi,715,0,0,336.82,407.7305,51.605,2.2316
egi,715,0,1,336.3565,409.196,152.9316,2.5975
egi,715,0,2,335.175,409.649,79.7342,0.2805
egi,715,0,3,335.4155,409.511,0.0,0.531
egi,715,0,4,335.6935,409.591,81.111,0.1619
egi,715,0,5,336.3315,409.1845,142.1243,1.5848
egi,715,0,6,336.025,407.542,51.1235,2.9698
egi,715,0,7,336.4495,406.386,0.0,2.713
egi,715,0,8,337.806,406.621,90.0,0.47
egi,716,0,0,340.345,407.7305,51.605,2.2316
egi,716,0,1,339.8815,409.196,152.9316,2.5975
egi,716,0,2,338.7,409.649,79.7342,0.2805
egi,716,0,3,338.9405,409.511,0.0,0.531
egi,716,0,4,339.2185,409.591,81.111,0.1619
egi,716,0,5,339.8565,409.1845,142.1243,1.5848
egi,716,0,6,339.55,407.542,51.1235,2.9698
egi,716,0,7,339.9745,406.386,0.0,2.713
egi,716,0,8,341.331,406.621,90.0,0.47
egi,717,0,0,8.85,357.1787,0.0,7.7
egi,717,0,1,8.85,357.1787,0.0,7.7
egi,718,0,0,5.0,297.8394,90.0,118.6787
egi,718,0,1,8.85,238.5,0.0,7.7
egi,718,0,2,12.7,297.8394,90.0,118.6787
egi,718,0,3,8.85,357.1787,0.0,7.7
egi,719,0,0,377.85,238.5,0.0,7.7
egi,719,0,1,377.85,238.5,0.0,7.7
egi,720,0,0,381.7,297.8394,90.0,118.6787
egi,720,0,1,378.2,357.1787,0.0,7.0
egi,720,0,2,374.7,297.8394,90.0,118.6787
egi,720,0,3,378.2,238.5,0.0,7.0
