airport,object_id,kind,source_layer,label,left,top,right,bottom,width,height,bbox_area,poly_area,perimeter,centroid_x,centroid_y,aspect,num_anchors,subpath_count,closed,filled,fill_kind,fill_r,fill_g,fill_b,stroked,stroke_kind,stroke_r,stroke_g,stroke_b,stroke_width,principal_angle,principal_ratio,longest_segment_angle,longest_segment_length,artboard_left,artboard_top,artboard_right,artboard_bottom,hull_area
hnd,0,path,,UNLABELED,178.24,114.62,186.72,86.2,8.48,28.42,241.002,230.4075,67.1161,182.48,100.41,0.2984,6,1,0,1,rgb,207,207,207,0,none,,,,0.0,89.1712,12.929,89.2929,28.3622,0.0,594.0,387.36,0.0,230.4368
hnd,1,path,,UNLABELED,182.18,516.79,190.7,487.71,8.52,29.08,247.7617,239.6162,73.273,186.44,502.25,0.293,6,1,0,1,rgb,207,207,207,0,none,,,,0.0,89.4271,13.2482,89.4085,29.0615,0.0,594.0,387.36,0.0,239.645
hnd,2,path,,UNLABELED,223.59,495.91,229.2,487.34,5.61,8.57,48.0777,47.5172,19.6803,226.395,491.625,0.6546,6,1,0,1,rgb,207,207,207,0,none,,,,0.0,89.1374,2.4014,89.8661,8.56,0.0,594.0,387.36,0.0,47.5665
hnd,3,path,,UNLABELED,189.11,487.72,224.12,480.64,35.01,7.08,247.8709,87.9029,86.7728,206.615,484.18,4.9449,17,1,0,1,rgb,207,207,207,0,none,,,,0.0,179.6811,57.8677,179.4097,34.9419,0.0,594.0,387.36,0.0,238.4834
hnd,4,path,,UNLABELED,188.43,421.46,223.44,409.06,35.01,12.4,434.1239,96.6221,101.528,205.935,415.26,2.8234,27,1,0,1,rgb,207,207,207,0,none,,,,0.0,1.1626,20.6471,179.622,21.2205,0.0,594.0,387.36,0.0,406.321
hnd,5,path,,UNLABELED,187.84,358.06,222.79,345.96,34.95,12.1,422.8954,97.4021,101.5453,205.315,352.01,2.8884,28,1,0,1,rgb,207,207,207,0,none,,,,0.0,0.0658,21.356,179.7123,21.9103,0.0,594.0,387.36,0.0,403.7378
hnd,6,path,,UNLABELED,187.15,284.52,222.03,272.38,34.88,12.14,423.4438,95.8413,100.8439,204.59,278.45,2.8731,26,1,0,1,rgb,207,207,207,0,none,,,,0.0,179.9637,21.0836,179.6697,24.2804,0.0,594.0,387.36,0.0,402.6983
hnd,7,path,,UNLABELED,220.56,200.29,226.14,191.58,5.58,8.71,48.6018,48.1371,27.8808,223.35,195.935,0.6406,6,1,0,1,rgb,207,207,207,0,none,,,,0.0,89.3372,2.4726,89.6711,8.7101,0.0,594.0,387.36,0.0,48.1371
hnd,8,path,,UNLABELED,186.42,206.81,221.24,196.95,34.82,9.86,343.3246,88.0562,75.9824,203.83,201.88,3.5314,19,1,0,1,rgb,207,207,207,0,none,,,,0.0,4.6153,32.1285,179.4621,24.5011,0.0,594.0,387.36,0.0,280.8556
hnd,9,path,,UNLABELED,167.15,122.82,179.89,114.61,12.74,8.21,104.5953,58.1825,37.7336,173.52,118.715,1.5518,13,1,0,1,rgb,207,207,207,0,none,,,,0.0,2.559,4.0334,179.4117,12.6607,0.0,594.0,387.36,0.0,102.2413
hnd,10,path,,UNLABELED,167.1,134.16,180.0,124.16,12.9,10.0,128.9999,59.2617,50.2109,173.55,129.16,1.29,17,1,0,1,rgb,207,207,207,0,none,,,,0.0,4.6154,2.5957,179.3084,10.7708,0.0,594.0,387.36,0.0,122.2594
hnd,11,path,,UNLABELED,164.23,487.93,183.41,114.74,19.18,373.19,7157.7817,1107.8557,782.5657,173.82,301.335,0.0514,46,1,0,1,rgb,207,207,207,0,none,,,,0.0,88.6366,1001.4524,89.4987,60.5723,0.0,594.0,387.36,0.0,3604.6372
hnd,12,path,,UNLABELED,170.18,478.63,183.32,468.47,13.14,10.16,133.5024,61.7728,49.8391,176.75,473.55,1.2933,16,1,0,1,rgb,207,207,207,0,none,,,,0.0,176.0032,2.2973,89.436,10.1605,0.0,594.0,387.36,0.0,126.5678
hnd,13,path,,UNLABELED,169.58,425.71,182.8,406.82,13.22,18.89,249.7258,87.4261,74.8223,176.19,416.265,0.6998,23,1,0,1,rgb,207,207,207,0,none,,,,0.0,66.1828,1.2402,89.4844,18.8908,0.0,594.0,387.36,0.0,228.0923
hnd,14,path,,UNLABELED,169.02,359.56,182.17,343.9,13.15,15.66,205.9288,83.5446,66.0283,175.595,351.73,0.8397,24,1,0,1,rgb,207,207,207,0,none,,,,0.0,46.0282,1.0797,89.4716,15.1806,0.0,594.0,387.36,0.0,193.535
hnd,15,path,,UNLABELED,168.38,286.79,181.47,271.27,13.09,15.52,203.1572,84.7356,65.6615,174.925,279.03,0.8434,24,1,0,1,rgb,207,207,207,0,none,,,,0.0,145.0148,1.1337,89.4832,15.5207,0.0,594.0,387.36,0.0,191.1255
hnd,16,path,,UNLABELED,167.7,210.7,180.72,194.26,13.02,16.44,214.0489,83.4918,66.261,174.21,202.48,0.792,24,1,0,1,rgb,207,207,207,0,none,,,,0.0,136.9783,1.1843,89.4772,16.4407,0.0,594.0,387.36,0.0,196.3454
hnd,17,path,,UNLABELED,127.48,212.66,164.82,112.47,37.34,100.19,3741.0932,2813.9785,318.6891,146.15,162.565,0.3727,30,1,0,1,rgb,207,207,207,0,none,,,,0.0,93.6578,7.2232,89.6002,80.262,0.0,594.0,387.36,0.0,3219.8221
hnd,18,path,,UNLABELED,91.14,309.56,165.0,193.59,73.86,115.97,8565.5435,1602.3663,657.6225,128.07,251.575,0.6369,88,1,0,1,rgb,207,207,207,0,none,,,,0.0,121.4525,11.371,89.5072,60.4622,0.0,594.0,387.36,0.0,4587.2269
hnd,19,path,,UNLABELED,109.97,288.16,165.7,272.35,55.73,15.81,881.0911,563.0938,144.0426,137.835,280.255,3.525,34,1,0,1,rgb,207,207,207,0,none,,,,0.0,2.5154,14.1927,179.4697,23.771,0.0,594.0,387.36,0.0,702.4105
hnd,20,path,,UNLABELED,110.95,297.99,159.75,284.16,48.8,13.83,674.9034,265.3779,124.7708,135.35,291.075,3.5286,14,1,0,1,rgb,207,207,207,0,none,,,,0.0,1.023,15.569,179.5028,24.2009,0.0,594.0,387.36,0.0,523.1003
hnd,21,path,,UNLABELED,110.97,338.33,154.24,293.81,43.27,44.52,1926.3808,614.8969,173.6272,132.605,316.07,0.9719,14,1,0,1,rgb,207,207,207,0,none,,,,0.0,137.236,1.0685,179.5091,24.5109,0.0,594.0,387.36,0.0,1251.9999
hnd,22,path,,UNLABELED,110.99,338.35,129.35,309.41,18.36,28.94,531.3385,192.6181,84.9605,120.17,323.88,0.6344,8,1,0,1,rgb,207,207,207,0,none,,,,0.0,89.1202,3.4437,89.7559,23.4702,0.0,594.0,387.36,0.0,329.4683
hnd,23,path,,UNLABELED,91.14,368.98,122.53,308.59,31.39,60.39,1895.642,714.0933,198.0088,106.835,338.785,0.5198,32,1,0,1,rgb,207,207,207,0,none,,,,0.0,81.9092,5.6131,89.7314,23.4602,0.0,594.0,387.36,0.0,1376.5751
hnd,24,path,,UNLABELED,90.62,340.44,104.28,314.0,13.66,26.44,361.1703,176.5499,75.4289,97.45,327.22,0.5166,14,1,0,1,rgb,207,207,207,0,none,,,,0.0,88.306,3.7682,90.0,15.52,0.0,594.0,387.36,0.0,261.9358
hnd,25,path,,UNLABELED,21.66,490.78,167.65,296.68,145.99,194.1,28336.6569,10242.0348,1123.9432,94.655,393.73,0.7521,179,1,0,1,rgb,207,207,207,0,none,,,,0.0,99.5883,2.3612,179.6657,58.281,0.0,594.0,387.36,0.0,17371.7678
hnd,26,path,,UNLABELED,140.71,482.07,146.45,467.02,5.74,15.05,86.3869,79.6017,41.5201,143.58,474.545,0.3814,10,1,0,1,rgb,0,0,0,0,none,,,,0.0,84.739,9.2,90.0,13.78,0.0,594.0,387.36,0.0,82.7693
hnd,27,path,,UNLABELED,112.59,370.86,116.73,357.78,4.14,13.08,54.1512,52.5231,30.2215,114.66,364.32,0.3165,4,1,0,1,rgb,0,0,0,0,none,,,,0.0,89.4407,10.5605,89.1678,13.0814,0.0,594.0,387.36,0.0,52.5231
hnd,28,path,,UNLABELED,106.16,368.94,110.15,357.85,3.99,11.09,44.2491,43.87,25.9806,108.155,363.395,0.3598,4,1,0,1,rgb,0,0,0,0,none,,,,0.0,90.0544,7.5942,90.0,11.09,0.0,594.0,387.36,0.0,43.87
hnd,29,path,,UNLABELED,100.48,335.02,103.55,314.0,3.07,21.02,64.5314,55.5064,45.65,102.015,324.51,0.1461,8,1,0,1,rgb,0,0,0,0,none,,,,0.0,92.1783,49.5692,90.0,21.02,0.0,594.0,387.36,0.0,60.0189
hnd,30,path,,UNLABELED,91.14,309.56,95.49,293.72,4.35,15.84,68.904,68.904,36.03,93.315,301.64,0.2746,4,1,0,1,rgb,0,0,0,0,none,,,,0.0,90.0,13.2596,90.0,15.84,0.0,594.0,387.36,0.0,68.904
hnd,31,path,,UNLABELED,100.98,308.59,103.59,291.84,2.61,16.75,43.7175,43.7175,21.97,102.285,300.215,0.1558,4,1,0,1,rgb,0,0,0,0,none,,,,0.0,90.0,41.1859,90.0,16.75,0.0,594.0,387.36,0.0,43.7175
hnd,32,path,,UNLABELED,77.46,473.23,84.27,467.43,6.81,5.8,39.498,39.4384,24.89,80.865,470.33,1.1741,6,1,0,1,rgb,0,0,0,0,none,,,,0.0,174.1782,1.6335,0.0,6.8,0.0,594.0,387.36,0.0,39.4399
hnd,33,path,,UNLABELED,91.82,481.81,98.05,465.21,6.23,16.6,103.4181,99.8373,38.4107,94.935,473.51,0.3753,7,1,0,1,rgb,0,0,0,0,none,,,,0.0,88.0217,6.783,90.0,14.86,0.0,594.0,387.36,0.0,100.8708
hnd,34,path,,UNLABELED,101.29,474.81,108.41,467.81,7.12,7.0,49.84,49.84,21.12,104.85,471.31,1.0171,4,1,0,1,rgb,0,0,0,0,none,,,,0.0,0.0,1.0346,0.0,7.12,0.0,594.0,387.36,0.0,49.84
hnd,35,path,,UNLABELED,115.28,481.62,122.14,464.37,6.86,17.25,118.3349,104.9388,47.97,118.71,472.995,0.3977,8,1,0,1,rgb,0,0,0,0,none,,,,0.0,83.1871,7.4559,90.0,17.25,0.0,594.0,387.36,0.0,111.6369
hnd,36,path,,UNLABELED,125.64,481.6,131.41,464.72,5.77,16.88,97.3977,94.5493,42.35,128.525,473.16,0.3418,7,1,0,1,rgb,0,0,0,0,none,,,,0.0,91.4871,7.9688,90.0,15.43,0.0,594.0,387.36,0.0,95.4297
hnd,37,path,,UNLABELED,94.36,394.7,119.79,386.12,25.43,8.58,218.1891,149.3675,65.3647,107.075,390.41,2.9639,17,1,0,1,rgb,0,0,0,0,none,,,,0.0,7.0098,10.0533,0.0,13.87,0.0,594.0,387.36,0.0,185.807
hnd,38,path,,UNLABELED,94.06,382.9,116.53,373.59,22.47,9.31,209.1957,104.163,59.0917,105.295,378.245,2.4135,10,1,0,1,rgb,0,0,0,0,none,,,,0.0,171.4541,8.464,0.0,20.79,0.0,594.0,387.36,0.0,149.0632
hnd,39,path,,UNLABELED,93.54,369.69,98.58,356.0,5.04,13.69,68.9976,60.3921,36.6802,96.06,362.845,0.3682,7,1,0,1,rgb,0,0,0,0,none,,,,0.0,81.2901,7.4771,89.691,12.9802,0.0,594.0,387.36,0.0,64.4677
hnd,40,path,,UNLABELED,95.04,351.75,104.78,340.44,9.74,11.31,110.1594,106.2994,30.79,99.91,346.095,0.8612,8,1,0,1,rgb,0,0,0,0,none,,,,0.0,123.4778,1.4984,0.0,9.24,0.0,594.0,387.36,0.0,108.2294
hnd,41,path,,UNLABELED,91.41,334.71,96.16,314.88,4.75,19.83,94.1924,89.3978,44.41,93.785,324.795,0.2395,6,1,0,1,rgb,0,0,0,0,none,,,,0.0,90.0064,14.9295,90.0,19.83,0.0,594.0,387.36,0.0,91.7951
hnd,42,compound,,UNLABELED,294.42,257.01,297.57,252.16,3.15,4.85,15.2775,5.7267,22.4395,295.995,254.585,0.6495,98,2,0,1,rgb,0,0,0,0,none,,,,0.0,90.0036,2.6321,74.9837,0.4245,0.0,594.0,387.36,0.0,12.1842
hnd,43,path,,UNLABELED,298.38,252.84,299.06,252.16,0.68,0.68,0.4624,0.3544,2.1254,298.72,252.5,1.0,17,1,0,1,rgb,0,0,0,0,none,,,,0.0,89.803,1.1183,53.9632,0.136,0.0,594.0,387.36,0.0,0.3544
hnd,44,path,,UNLABELED,300.44,256.84,301.75,252.24,1.31,4.6,6.026,2.6725,11.5921,301.095,254.54,0.2848,7,1,0,1,rgb,0,0,0,0,none,,,,0.0,95.2382,23.0274,90.0,4.6,0.0,594.0,387.36,0.0,4.3084
hnd,45,compound,,UNLABELED,303.6,256.85,305.67,254.77,2.07,2.08,4.3056,2.4143,10.0307,304.635,255.81,0.9952,34,2,0,1,rgb,0,0,0,0,none,,,,0.0,90.1109,1.1215,10.5376,0.4374,0.0,594.0,387.36,0.0,3.3659
hnd,46,path,,UNLABELED,307.77,257.01,314.24,252.07,6.47,4.94,31.9618,9.0345,33.0821,311.005,254.54,1.3097,11,1,0,1,rgb,0,0,0,0,none,,,,0.0,153.0439,1.2652,112.0288,5.1456,0.0,594.0,387.36,0.0,22.2297
hnd,47,compound,,UNLABELED,265.12,263.38,269.54,258.54,4.42,4.84,21.393,5.9677,22.369,267.33,260.96,0.9132,12,2,0,1,rgb,0,0,0,0,none,,,,0.0,90.1376,1.2424,114.5421,5.3207,0.0,594.0,387.36,0.0,10.6965
hnd,48,path,,UNLABELED,270.01,263.36,274.01,258.35,4.0,5.01,20.04,7.4874,27.5525,272.01,260.855,0.7984,9,1,0,1,rgb,0,0,0,0,none,,,,0.0,67.7082,1.7662,132.8908,4.9956,0.0,594.0,387.36,0.0,19.22
hnd,49,path,,UNLABELED,274.89,263.36,278.9,258.35,4.01,5.01,20.0902,7.517,27.5693,276.895,260.855,0.8004,9,1,0,1,rgb,0,0,0,0,none,,,,0.0,67.6072,1.7615,132.9748,5.0024,0.0,594.0,387.36,0.0,19.2681
hnd,50,path,,UNLABELED,279.69,263.14,283.1,258.46,3.41,4.68,15.9588,6.0998,22.1392,281.395,260.8,0.7286,51,1,0,1,rgb,0,0,0,0,none,,,,0.0,105.5605,1.3766,90.0,2.9,0.0,594.0,387.36,0.0,14.7643
hnd,51,compound,,UNLABELED,283.44,263.38,287.87,258.54,4.43,4.84,21.4413,5.9858,22.3771,285.655,260.96,0.9153,12,2,0,1,rgb,0,0,0,0,none,,,,0.0,90.4824,1.2381,114.6398,5.3249,0.0,594.0,387.36,0.0,10.7206
hnd,52,path,,UNLABELED,288.33,263.14,290.33,258.54,2.0,4.6,9.2,3.474,13.2,289.33,260.84,0.4348,7,1,0,1,rgb,0,0,0,0,none,,,,0.0,100.4862,10.2887,90.0,4.6,0.0,594.0,387.36,0.0,6.337
hnd,53,compound,,UNLABELED,292.61,263.14,295.51,258.54,2.9,4.6,13.3399,6.4199,23.4824,294.06,260.84,0.6304,45,2,0,1,rgb,0,0,0,0,none,,,,0.0,92.0792,3.0646,90.0,4.6,0.0,594.0,387.36,0.0,11.9294
hnd,54,compound,,UNLABELED,295.5,263.38,299.93,258.54,4.43,4.84,21.4413,5.9918,22.3831,297.715,260.96,0.9153,12,2,0,1,rgb,0,0,0,0,none,,,,0.0,90.3089,1.2399,114.6398,5.3249,0.0,594.0,387.36,0.0,10.7206
hnd,55,path,,UNLABELED,299.97,263.14,302.76,258.54,2.79,4.6,12.8341,3.877,14.78,301.365,260.84,0.6065,9,1,0,1,rgb,0,0,0,0,none,,,,0.0,89.3783,3.4394,90.0,4.09,0.0,594.0,387.36,0.0,8.3555
hnd,56,path,,UNLABELED,303.26,263.14,305.76,258.54,2.5,4.6,11.5,5.6057,21.72,304.51,260.84,0.5435,13,1,0,1,rgb,0,0,0,0,none,,,,0.0,82.5057,2.6707,90.0,4.6,0.0,594.0,387.36,0.0,11.5
hnd,57,compound,,UNLABELED,308.03,263.31,312.88,258.46,4.85,4.85,23.5226,7.503,27.0472,310.455,260.885,1.0,114,2,0,1,rgb,0,0,0,0,none,,,,0.0,90.0213,1.0731,61.3918,0.3759,0.0,594.0,387.36,0.0,18.5199
hnd,58,path,,UNLABELED,313.51,263.14,315.77,258.54,2.26,4.6,10.3961,4.4278,16.9401,314.64,260.84,0.4913,11,1,0,1,rgb,0,0,0,0,none,,,,0.0,71.9453,3.9123,90.0,4.6,0.0,594.0,387.36,0.0,8.3848
hnd,59,path,,UNLABELED,318.08,263.31,321.72,258.46,3.64,4.85,17.654,5.0995,20.0629,319.9,260.885,0.7505,75,1,0,1,rgb,0,0,0,0,none,,,,0.0,87.2905,2.3139,90.0,0.69,0.0,594.0,387.36,0.0,14.8749
hnd,60,path,,UNLABELED,322.46,263.14,325.78,258.54,3.32,4.6,15.2721,6.6013,24.02,324.12,260.84,0.7217,13,1,0,1,rgb,0,0,0,0,none,,,,0.0,90.958,2.0338,90.0,4.6,0.0,594.0,387.36,0.0,15.2721
hnd,61,compound,,UNLABELED,326.16,263.38,330.58,258.54,4.42,4.84,21.3928,5.983,22.3489,328.37,260.96,0.9132,12,2,0,1,rgb,0,0,0,0,none,,,,0.0,90.1474,1.2463,114.5418,5.3207,0.0,594.0,387.36,0.0,10.6964
hnd,62,path,,UNLABELED,331.05,263.36,335.05,258.35,4.0,5.01,20.04,7.503,27.5556,333.05,260.855,0.7984,9,1,0,1,rgb,0,0,0,0,none,,,,0.0,67.8144,1.7685,132.8908,4.9956,0.0,594.0,387.36,0.0,19.22
hnd,63,path,,UNLABELED,335.68,263.31,340.11,258.46,4.43,4.85,21.4855,7.0457,26.8669,337.895,260.885,0.9134,100,1,0,1,rgb,0,0,0,0,none,,,,0.0,97.4241,1.4415,0.0,1.77,0.0,594.0,387.36,0.0,17.1824
hnd,64,path,,UNLABELED,340.79,263.14,343.29,258.54,2.5,4.6,11.5,5.6057,21.72,342.04,260.84,0.5435,13,1,0,1,rgb,0,0,0,0,none,,,,0.0,82.5057,2.6707,90.0,4.6,0.0,594.0,387.36,0.0,11.5
hnd,65,path,,UNLABELED,282.62,269.44,284.61,264.76,1.99,4.68,9.3133,3.232,12.3285,283.615,267.1,0.4252,31,1,0,1,rgb,0,0,0,0,none,,,,0.0,77.1473,7.82,90.0,2.92,0.0,594.0,387.36,0.0,5.7911
hnd,66,compound,,UNLABELED,284.94,269.68,289.37,264.84,4.43,4.84,21.4413,5.9858,22.3771,287.155,267.26,0.9153,12,2,0,1,rgb,0,0,0,0,none,,,,0.0,89.8146,1.2385,65.3602,5.3249,0.0,594.0,387.36,0.0,10.7206
hnd,67,path,,UNLABELED,289.83,269.66,293.84,264.66,4.01,5.0,20.05,7.4999,27.552,291.835,267.16,0.802,9,1,0,1,rgb,0,0,0,0,none,,,,0.0,67.5112,1.7622,133.0531,4.9951,0.0,594.0,387.36,0.0,19.2481
hnd,68,path,,UNLABELED,294.63,269.44,298.04,264.76,3.41,4.68,15.9588,6.0911,22.1349,296.335,267.1,0.7286,51,1,0,1,rgb,0,0,0,0,none,,,,0.0,105.5766,1.3766,90.0,2.9,0.0,594.0,387.36,0.0,14.7556
hnd,69,compound,,UNLABELED,298.38,269.68,302.81,264.84,4.43,4.84,21.4413,5.9858,22.3771,300.595,267.26,0.9153,12,2,0,1,rgb,0,0,0,0,none,,,,0.0,90.4824,1.2381,114.6398,5.3249,0.0,594.0,387.36,0.0,10.7206
hnd,70,compound,,UNLABELED,303.27,269.44,306.18,264.84,2.91,4.6,13.3859,6.4672,23.4958,304.725,267.14,0.6326,45,2,0,1,rgb,0,0,0,0,none,,,,0.0,92.0934,3.0603,90.0,4.6,0.0,594.0,387.36,0.0,11.9744
hnd,71,path,,UNLABELED,306.19,269.44,309.8,264.84,3.61,4.6,16.6061,4.3812,16.4053,307.995,267.14,0.7848,10,1,0,1,rgb,0,0,0,0,none,,,,0.0,89.4459,3.1713,59.4659,2.9722,0.0,594.0,387.36,0.0,9.66
hnd,72,path,,UNLABELED,311.97,269.61,314.91,264.84,2.94,4.77,14.0239,5.2093,20.6983,313.44,267.225,0.6164,47,1,0,1,rgb,0,0,0,0,none,,,,0.0,100.8866,1.955,51.1738,3.2219,0.0,594.0,387.36,0.0,12.9936
hnd,73,compound,,UNLABELED,315.46,269.61,318.61,264.76,3.15,4.85,15.2775,5.7242,22.4448,317.035,267.185,0.6495,98,2,0,1,rgb,0,0,0,0,none,,,,0.0,89.9903,2.6321,74.9837,0.4245,0.0,594.0,387.36,0.0,12.1868
hnd,74,path,,UNLABELED,319.2,269.61,322.14,264.84,2.94,4.77,14.0239,5.2093,20.6983,320.67,267.225,0.6164,47,1,0,1,rgb,0,0,0,0,none,,,,0.0,100.8866,1.955,51.1738,3.2219,0.0,594.0,387.36,0.0,12.9936
hnd,75,path,,UNLABELED,322.68,269.44,325.76,264.76,3.08,4.68,14.4146,5.1088,20.6759,324.22,267.1,0.6581,67,1,0,1,rgb,0,0,0,0,none,,,,0.0,71.2291,2.6041,73.2565,2.4645,0.0,594.0,387.36,0.0,11.0949
hnd,76,path,,UNLABELED,304.25,345.19,304.25,275.3,0.0,69.89,0.0,0.0,69.89,304.25,310.245,0.0,2,1,0,0,none,,,,1,rgb,0,0,0,0.39,90.0,1000000.0,90.0,69.89,0.0,594.0,387.36,0.0,0.0
hnd,77,path,,UNLABELED,304.25,340.8,324.35,275.3,20.1,65.5,1316.5504,0.0,68.5147,314.3,308.05,0.3069,2,1,0,0,none,,,,1,rgb,0,0,0,0.39,72.9403,1000000.0,72.9403,68.5147,0.0,594.0,387.36,0.0,0.0
hnd,78,path,,UNLABELED,321.54,340.8,324.35,331.64,2.81,9.16,25.7396,8.0738,18.0325,322.945,336.22,0.3068,10,1,0,1,rgb,0,0,0,0,none,,,,0.0,78.5317,27.6431,72.9457,9.5813,0.0,594.0,387.36,0.0,10.0027
hnd,79,path,,UNLABELED,301.8,346.85,306.7,336.18,4.9,10.67,52.2833,22.8186,20.4339,304.25,341.515,0.4592,6,1,0,1,rgb,0,0,0,0,none,,,,0.0,89.8987,5.0376,102.5423,4.651,0.0,594.0,387.36,0.0,26.1416
hnd,80,path,,UNLABELED,311.19,294.38,315.2,291.44,4.01,2.94,11.7893,2.9756,14.6199,313.195,292.91,1.3639,7,1,0,1,rgb,0,0,0,0,none,,,,0.0,170.8512,1.9258,5.5547,4.0289,0.0,594.0,387.36,0.0,5.7285
hnd,81,compound,,UNLABELED,312.4,296.54,316.46,293.29,4.06,3.25,13.1951,3.5324,17.21,314.43,294.915,1.2492,12,2,0,1,rgb,0,0,0,0,none,,,,0.0,163.2894,1.2399,7.4374,4.0945,0.0,594.0,387.36,0.0,6.3325
hnd,82,compound,,UNLABELED,313.17,299.5,317.2,296.83,4.03,2.67,10.7602,3.8112,18.0611,315.185,298.165,1.5094,45,2,0,1,rgb,0,0,0,0,none,,,,0.0,165.0325,3.0573,162.8972,3.5364,0.0,594.0,387.36,0.0,7.0735
hnd,83,path,,UNLABELED,314.86,304.11,318.46,302.7,3.6,1.41,5.076,1.5855,8.9168,316.66,303.405,2.5532,7,1,0,1,rgb,0,0,0,0,none,,,,0.0,168.2753,22.8699,163.0523,3.5335,0.0,594.0,387.36,0.0,2.5562
hnd,84,path,,UNLABELED,315.66,306.72,319.26,305.31,3.6,1.41,5.076,1.5692,8.9101,317.46,306.015,2.5532,7,1,0,1,rgb,0,0,0,0,none,,,,0.0,168.189,23.0157,162.8976,3.5364,0.0,594.0,387.36,0.0,2.5399
hnd,85,path,,UNLABELED,319.35,307.73,319.87,307.21,0.52,0.52,0.2704,0.2098,1.6353,319.61,307.47,1.0,17,1,0,1,rgb,0,0,0,0,none,,,,0.0,162.8156,1.1307,59.0388,0.1166,0.0,594.0,387.36,0.0,0.2098
hnd,86,path,,UNLABELED,316.86,310.63,320.46,309.21,3.6,1.42,5.1119,1.5875,8.9418,318.66,309.92,2.5352,7,1,0,1,rgb,0,0,0,0,none,,,,0.0,168.1703,22.4207,162.8976,3.5364,0.0,594.0,387.36,0.0,2.5742
hnd,87,compound,,UNLABELED,317.67,313.26,319.27,311.66,1.6,1.6,2.56,1.4174,7.7048,318.47,312.46,1.0,34,2,0,1,rgb,0,0,0,0,none,,,,0.0,161.2547,1.1238,63.4349,0.3354,0.0,594.0,387.36,0.0,1.9814
hnd,88,path,,UNLABELED,318.91,318.41,322.85,315.53,3.94,2.88,11.3472,3.3412,16.7078,320.88,316.97,1.3681,13,1,0,1,rgb,0,0,0,0,none,,,,0.0,155.4,2.6641,162.8972,3.5364,0.0,594.0,387.36,0.0,6.812
hnd,89,path,,UNLABELED,18.04,549.11,369.32,44.72,351.28,504.39,177182.1276,177182.1276,1711.34,193.68,296.915,0.6964,5,1,0,0,none,,,,1,rgb,0,0,0,0.39,102.133,2.2278,90.0,504.39,0.0,594.0,387.36,0.0,177182.1276
hnd,90,path,,UNLABELED,113.96,347.3,118.76,343.59,4.8,3.71,17.808,17.4236,13.1808,116.36,345.445,1.2938,4,1,0,1,rgb,0,0,0,0,none,,,,0.0,179.4333,1.6914,179.3981,4.7603,0.0,594.0,387.36,0.0,17.4236
hnd,91,path,,UNLABELED,112.35,338.34,118.07,314.85,5.72,23.49,134.3628,131.7586,52.5505,115.21,326.595,0.2435,4,1,0,1,rgb,0,0,0,0,none,,,,0.0,89.7435,17.4639,89.7559,23.4702,0.0,594.0,387.36,0.0,131.7586
hnd,92,path,,UNLABELED,122.42,338.35,126.61,314.9,4.19,23.45,98.2556,95.5966,50.9406,124.515,326.625,0.1787,4,1,0,1,rgb,0,0,0,0,none,,,,0.0,89.7314,32.9779,89.731,23.4303,0.0,594.0,387.36,0.0,95.5966
hnd,93,path,,UNLABELED,129.73,318.74,154.27,315.56,24.54,3.18,78.037,72.6923,51.992,142.0,317.15,7.717,4,1,0,1,rgb,0,0,0,0,none,,,,0.0,179.4972,68.3624,179.4859,24.521,0.0,594.0,387.36,0.0,72.6923
hnd,94,path,,UNLABELED,129.94,296.89,154.16,293.6,24.22,3.29,79.684,74.5259,51.4719,142.05,295.245,7.3617,4,1,0,1,rgb,0,0,0,0,none,,,,0.0,179.5022,61.7097,179.5028,24.2009,0.0,594.0,387.36,0.0,74.5259
hnd,95,path,,UNLABELED,130.15,289.47,153.96,285.75,23.81,3.72,88.5732,83.2202,51.0523,142.055,287.61,6.4005,4,1,0,1,rgb,0,0,0,0,none,,,,0.0,179.4708,46.1423,179.4699,23.781,0.0,594.0,387.36,0.0,83.2202
hnd,96,path,,UNLABELED,110.99,290.42,129.12,284.16,18.13,6.26,113.494,107.074,41.9867,120.055,287.29,2.8962,4,1,0,1,rgb,0,0,0,0,none,,,,0.0,178.9879,9.2029,178.9826,18.0228,0.0,594.0,387.36,0.0,107.074
hnd,97,path,,UNLABELED,110.95,301.77,129.37,295.19,18.42,6.58,121.2033,112.4249,42.7019,120.16,298.48,2.7994,4,1,0,1,rgb,0,0,0,0,none,,,,0.0,178.658,8.8249,178.6518,18.2751,0.0,594.0,387.36,0.0,112.4249
hnd,98,path,,UNLABELED,110.97,309.51,129.35,306.54,18.38,2.97,54.5886,52.6033,39.5907,120.16,308.025,6.1886,4,1,0,1,rgb,0,0,0,0,none,,,,0.0,179.6741,41.0669,179.6567,18.3603,0.0,594.0,387.36,0.0,52.6033
hnd,99,path,,UNLABELED,109.6,275.13,117.71,255.77,8.11,19.36,157.0095,148.7409,46.1686,113.655,265.45,0.4189,4,1,0,1,rgb,0,0,0,0,none,,,,0.0,88.8979,6.1599,88.8966,19.2136,0.0,594.0,387.36,0.0,148.7409
hnd,100,path,,UNLABELED,121.26,274.97,129.21,255.61,7.95,19.36,153.9121,148.0612,46.1943,125.235,265.29,0.4106,4,1,0,1,rgb,0,0,0,0,none,,,,0.0,89.2349,6.2661,89.2262,19.2518,0.0,594.0,387.36,0.0,148.0612
hnd,101,path,,UNLABELED,132.87,274.91,137.32,255.45,4.45,19.46,86.5969,81.2244,42.994,135.095,265.18,0.2287,4,1,0,1,rgb,0,0,0,0,none,,,,0.0,89.2162,21.5002,89.203,19.4119,0.0,594.0,387.36,0.0,81.2244
hnd,102,path,,UNLABELED,140.81,274.84,145.8,254.9,4.99,19.94,99.5007,96.1234,44.6314,143.305,264.87,0.2503,4,1,0,1,rgb,0,0,0,0,none,,,,0.0,89.5402,16.975,89.5393,19.9006,0.0,594.0,387.36,0.0,96.1234
hnd,103,path,,UNLABELED,149.35,274.73,154.17,254.8,4.82,19.93,96.0627,92.7388,44.4614,151.76,264.765,0.2418,4,1,0,1,rgb,0,0,0,0,none,,,,0.0,89.534,18.2366,89.5393,19.9006,0.0,594.0,387.36,0.0,92.7388
hnd,104,path,,UNLABELED,132.86,244.45,134.98,240.26,2.12,4.19,8.8828,8.8828,8.43,133.92,242.355,0.506,4,1,0,1,rgb,0,0,0,0,none,,,,0.0,90.0,3.9062,90.0,4.19,0.0,594.0,387.36,0.0,8.8828
hnd,105,path,,UNLABELED,118.95,417.86,126.32,405.87,7.37,11.99,88.3664,56.902,34.52,122.635,411.865,0.6147,16,1,0,1,rgb,0,0,0,0,none,,,,0.0,96.4236,2.8952,90.0,6.79,0.0,594.0,387.36,0.0,72.0027
hnd,106,path,,UNLABELED,132.35,226.22,140.17,212.67,7.82,13.55,105.961,87.9181,41.4237,136.26,219.445,0.5771,12,1,0,1,rgb,0,0,0,0,none,,,,0.0,91.3772,2.8192,89.222,8.1008,0.0,594.0,387.36,0.0,95.3948
hnd,107,path,,UNLABELED,221.17,487.36,228.52,200.29,7.35,287.07,2109.9663,1273.1548,578.6396,224.845,343.825,0.0256,4,1,0,1,rgb,0,0,0,0,none,,,,0.0,89.4181,4190.3606,89.4112,287.0852,0.0,594.0,387.36,0.0,1273.1548
hnd,108,path,,UNLABELED,179.81,487.72,189.18,114.61,9.37,373.11,3496.0387,2165.9036,752.094,184.495,301.165,0.0251,4,1,0,1,rgb,0,0,0,0,none,,,,0.0,89.4524,4131.738,89.4472,373.1274,0.0,594.0,387.36,0.0,2165.9036
hnd,109,path,,UNLABELED,227.65,206.27,235.29,202.16,7.64,4.11,31.4003,0.0,8.6753,231.47,204.215,1.8589,2,1,0,0,none,,,,1,rgb,0,0,0,0.39,28.2783,1000000.0,28.2783,8.6753,0.0,594.0,387.36,0.0,0.0
hnd,110,path,,UNLABELED,227.29,204.11,230.54,201.95,3.25,2.16,7.02,2.0677,4.7388,228.915,203.03,1.5046,4,1,0,1,rgb,0,0,0,0,none,,,,0.0,28.3169,9.7428,17.1027,3.4004,0.0,594.0,387.36,0.0,2.175
hnd,111,path,,UNLABELED,231.33,239.63,231.33,230.34,0.0,9.29,0.0,0.0,9.29,231.33,234.985,0.0,2,1,0,0,none,,,,1,rgb,0,0,0,0.39,90.0,1000000.0,90.0,9.29,0.0,594.0,387.36,0.0,0.0
hnd,112,path,,UNLABELED,190.76,149.56,190.76,140.27,0.0,9.29,0.0,0.0,9.29,190.76,144.915,0.0,2,1,0,0,none,,,,1,rgb,0,0,0,0.39,90.0,1000000.0,90.0,9.29,0.0,594.0,387.36,0.0,0.0
hnd,113,path,,UNLABELED,230.68,240.06,231.98,236.68,1.3,3.38,4.394,2.106,4.7717,231.33,238.37,0.3846,4,1,0,1,rgb,0,0,0,0,none,,,,0.0,90.0,9.8776,79.1146,3.4419,0.0,594.0,387.36,0.0,2.197
hnd,114,path,,UNLABELED,190.11,149.99,191.41,146.61,1.3,3.38,4.394,2.106,4.7717,190.76,148.3,0.3846,4,1,0,1,rgb,0,0,0,0,none,,,,0.0,90.0,9.8776,79.1146,3.4419,0.0,594.0,387.36,0.0,2.197
hnd,115,path,,UNLABELED,120.0,247.12,133.48,246.33,13.48,0.79,10.6493,0.0,13.5031,126.74,246.725,17.0631,2,1,0,0,none,,,,1,rgb,0,0,0,0.39,176.646,1000000.0,176.646,13.5031,0.0,594.0,387.36,0.0,0.0
hnd,116,path,,UNLABELED,130.02,247.2,133.48,245.9,3.46,1.3,4.498,2.1279,4.7689,131.75,246.55,2.6616,4,1,0,1,rgb,0,0,0,0,none,,,,0.0,176.5099,9.8857,165.316,3.4321,0.0,594.0,387.36,0.0,2.2189
hnd,117,path,,UNLABELED,134.27,247.84,139.53,242.94,5.26,4.9,25.7739,11.9091,15.7998,136.9,245.39,1.0735,10,1,0,1,rgb,0,0,0,0,none,,,,0.0,179.5235,1.0478,85.5771,1.8154,0.0,594.0,387.36,0.0,17.6333
hnd,118,path,,UNLABELED,135.97,246.15,137.91,244.22,1.94,1.93,3.7442,2.651,5.9278,136.94,245.185,1.0052,9,1,0,1,rgb,255,255,255,0,none,,,,0.0,0.2178,1.23,67.204,0.7485,0.0,594.0,387.36,0.0,2.651
hnd,119,path,,UNLABELED,229.82,489.02,239.4,485.92,9.58,3.1,29.698,0.0,10.0691,234.61,487.47,3.0903,2,1,0,0,none,,,,1,rgb,0,0,0,0.39,17.9311,1000000.0,17.9311,10.0691,0.0,594.0,387.36,0.0,0.0
hnd,120,path,,UNLABELED,229.38,487.43,232.84,485.77,3.46,1.66,5.7436,2.1082,4.8158,231.11,486.6,2.0843,4,1,0,1,rgb,0,0,0,0,none,,,,0.0,17.8044,10.1493,7.2473,3.4879,0.0,594.0,387.36,0.0,2.2052
hnd,121,path,,UNLABELED,174.12,492.33,181.97,486.13,7.85,6.2,48.67,0.0,10.0031,178.045,489.23,1.2661,2,1,0,0,none,,,,1,rgb,0,0,0,0.39,141.698,1000000.0,141.698,10.0031,0.0,594.0,387.36,0.0,0.0
hnd,122,path,,UNLABELED,179.23,488.44,182.33,485.84,3.1,2.6,8.06,2.116,4.7869,180.78,487.14,1.1923,4,1,0,1,rgb,0,0,0,0,none,,,,0.0,142.2071,10.2956,131.4965,3.4713,0.0,594.0,387.36,0.0,2.2015
hnd,123,path,,UNLABELED,231.11,463.51,231.11,456.59,0.0,6.92,0.0,0.0,6.92,231.11,460.05,0.0,2,1,0,0,none,,,,1,rgb,0,0,0,0.39,90.0,1000000.0,90.0,6.92,0.0,594.0,387.36,0.0,0.0
hnd,124,path,,UNLABELED,230.46,457.17,231.76,453.78,1.3,3.39,4.407,2.106,4.7859,231.11,455.475,0.3835,4,1,0,1,rgb,0,0,0,0,none,,,,0.0,90.0,9.9194,79.1459,3.4518,0.0,594.0,387.36,0.0,2.2035
hnd,125,path,,UNLABELED,193.28,463.29,193.28,456.73,0.0,6.56,0.0,0.0,6.56,193.28,460.01,0.0,2,1,0,0,none,,,,1,rgb,0,0,0,0.39,90.0,1000000.0,90.0,6.56,0.0,594.0,387.36,0.0,0.0
hnd,126,path,,UNLABELED,192.64,456.95,193.93,453.56,1.29,3.39,4.3731,2.0962,4.7718,193.285,455.255,0.3805,4,1,0,1,rgb,0,0,0,0,none,,,,0.0,89.9332,10.0912,79.1459,3.4518,0.0,594.0,387.36,0.0,2.1865
hnd,127,path,,UNLABELED,177.79,433.1,179.09,429.71,1.3,3.39,4.407,2.1125,4.7816,178.44,431.405,0.3835,4,1,0,1,rgb,0,0,0,0,none,,,,0.0,90.0,9.9368,79.1459,3.4518,0.0,594.0,387.36,0.0,2.2035
hnd,128,path,,UNLABELED,178.44,439.44,178.44,432.88,0.0,6.56,0.0,0.0,6.56,178.44,436.16,0.0,2,1,0,0,none,,,,1,rgb,0,0,0,0.39,90.0,1000000.0,90.0,6.56,0.0,594.0,387.36,0.0,0.0
hnd,129,path,,UNLABELED,214.68,431.8,215.98,428.42,1.3,3.38,4.394,2.106,4.7717,215.33,430.11,0.3846,4,1,0,1,rgb,0,0,0,0,none,,,,0.0,90.0,9.8776,79.1146,3.4419,0.0,594.0,387.36,0.0,2.197
hnd,130,path,,UNLABELED,215.33,438.14,215.33,431.59,0.0,6.55,0.0,0.0,6.55,215.33,434.865,0.0,2,1,0,0,none,,,,1,rgb,0,0,0,0.39,90.0,1000000.0,90.0,6.55,0.0,594.0,387.36,0.0,0.0
hnd,131,path,,UNLABELED,110.31,418.18,119.05,414.65,8.74,3.53,30.8522,0.0,9.4259,114.68,416.415,2.4759,2,1,0,0,none,,,,1,rgb,0,0,0,0.39,158.0067,1000000.0,158.0067,9.4259,0.0,594.0,387.36,0.0,0.0
hnd,132,path,,UNLABELED,181.6,118.59,183.79,116.4,2.19,2.19,4.7961,3.3945,6.7077,182.695,117.495,1.0,9,1,0,1,rgb,255,255,255,0,none,,,,0.0,179.804,1.2215,112.3067,0.8431,0.0,594.0,387.36,0.0,3.3945
hnd,133,path,,UNLABELED,187.35,115.22,203.24,108.1,15.89,7.12,113.1367,0.0,17.4122,195.295,111.66,2.2317,2,1,0,0,none,,,,1,rgb,0,0,0,0.39,155.8638,1000000.0,155.8638,17.4122,0.0,594.0,387.36,0.0,0.0
hnd,134,path,,UNLABELED,186.94,115.41,190.33,113.39,3.39,2.02,6.8478,2.2029,4.8418,188.635,114.4,1.6782,4,1,0,1,rgb,0,0,0,0,none,,,,0.0,155.5378,9.2814,144.2892,3.4607,0.0,594.0,387.36,0.0,2.2999
hnd,135,path,,UNLABELED,186.94,115.41,190.33,113.39,3.39,2.02,6.8478,2.2029,4.8418,188.635,114.4,1.6782,4,1,0,1,rgb,0,0,0,0,none,,,,0.0,155.5378,9.2814,144.2892,3.4607,0.0,594.0,387.36,0.0,2.2999
hnd,136,path,,UNLABELED,78.43,549.11,78.43,520.79,0.0,28.32,0.0,0.0,28.32,78.43,534.95,0.0,3,1,0,0,none,,,,1,rgb,0,0,0,0.39,90.0,1000000.0,90.0,17.94,0.0,594.0,387.36,0.0,0.0
hnd,137,path,,UNLABELED,78.37,520.79,78.43,59.43,0.06,461.36,27.6805,9.9107,461.36,78.4,290.11,0.0001,4,1,0,0,none,,,,1,rgb,0,0,0,0.39,89.9937,1000000.0,90.0,174.16,0.0,594.0,387.36,0.0,9.9107
hnd,138,path,,UNLABELED,78.37,49.19,78.37,44.72,0.0,4.47,0.0,0.0,4.47,78.37,46.955,0.0,2,1,0,0,none,,,,1,rgb,0,0,0,0.39,90.0,1000000.0,90.0,4.47,0.0,594.0,387.36,0.0,0.0
hnd,139,path,,UNLABELED,220.02,49.8199,220.02,44.72,0.0,5.1,0.0,0.0,5.1,220.02,47.27,0.0,2,1,0,0,none,,,,1,rgb,0,0,0,0.39,90.0,1000000.0,90.0,5.1,0.0,594.0,387.36,0.0,0.0
hnd,140,path,,UNLABELED,361.61,49.55,361.61,44.72,0.0,4.83,0.0,0.0,4.83,361.61,47.135,0.0,2,1,0,0,none,,,,1,rgb,0,0,0,0.39,90.0,1000000.0,90.0,4.83,0.0,594.0,387.36,0.0,0.0
hnd,141,path,,UNLABELED,357.86,190.42,369.32,190.42,11.46,0.0,0.0,0.0,11.46,363.59,190.42,0.0,3,1,0,0,none,,,,1,rgb,0,0,0,0.39,0.0,1000000.0,0.0,7.71,0.0,594.0,387.36,0.0,0.0
hnd,142,path,,UNLABELED,18.04,190.42,325.42,190.42,307.38,0.0,0.0,0.0,307.38,171.73,190.42,0.0,4,1,0,0,none,,,,1,rgb,0,0,0,0.39,0.0,1000000.0,0.0,141.59,0.0,594.0,387.36,0.0,0.0
hnd,143,path,,UNLABELED,18.04,364.58,325.27,364.58,307.23,0.0,0.0,0.0,307.23,171.655,364.58,0.0,4,1,0,0,none,,,,1,rgb,0,0,0,0.39,0.0,1000000.0,0.0,141.59,0.0,594.0,387.36,0.0,0.0
hnd,144,path,,UNLABELED,357.5,364.58,369.32,364.58,11.82,0.0,0.0,0.0,11.82,363.41,364.58,0.0,3,1,0,0,none,,,,1,rgb,0,0,0,0.39,0.0,1000000.0,0.0,7.79,0.0,594.0,387.36,0.0,0.0
hnd,145,path,,UNLABELED,304.97,193.3,304.97,190.42,0.0,2.88,0.0,0.0,2.88,304.97,191.86,0.0,2,1,0,0,none,,,,1,rgb,0,0,0,0.39,90.0,1000000.0,90.0,2.88,0.0,594.0,387.36,0.0,0.0
hnd,146,path,,UNLABELED,276.65,193.3,276.65,190.42,0.0,2.88,0.0,0.0,2.88,276.65,191.86,0.0,2,1,0,0,none,,,,1,rgb,0,0,0,0.39,90.0,1000000.0,90.0,2.88,0.0,594.0,387.36,0.0,0.0
hnd,147,path,,UNLABELED,248.33,193.3,248.33,190.42,0.0,2.88,0.0,0.0,2.88,248.33,191.86,0.0,2,1,0,0,none,,,,1,rgb,0,0,0,0.39,90.0,1000000.0,90.0,2.88,0.0,594.0,387.36,0.0,0.0
hnd,148,path,,UNLABELED,191.7,193.3,191.7,190.42,0.0,2.88,0.0,0.0,2.88,191.7,191.86,0.0,2,1,0,0,none,,,,1,rgb,0,0,0,0.39,90.0,1000000.0,90.0,2.88,0.0,594.0,387.36,0.0,0.0
hnd,149,path,,UNLABELED,163.38,193.3,163.38,190.42,0.0,2.88,0.0,0.0,2.88,163.38,191.86,0.0,2,1,0,0,none,,,,1,rgb,0,0,0,0.39,90.0,1000000.0,90.0,2.88,0.0,594.0,387.36,0.0,0.0
hnd,150,path,,UNLABELED,135.06,193.3,135.06,190.42,0.0,2.88,0.0,0.0,2.88,135.06,191.86,0.0,2,1,0,0,none,,,,1,rgb,0,0,0,0.39,90.0,1000000.0,90.0,2.88,0.0,594.0,387.36,0.0,0.0
hnd,151,path,,UNLABELED,106.74,193.3,106.74,190.42,0.0,2.88,0.0,0.0,2.88,106.74,191.86,0.0,2,1,0,0,none,,,,1,rgb,0,0,0,0.39,90.0,1000000.0,90.0,2.88,0.0,594.0,387.36,0.0,0.0
hnd,152,path,,UNLABELED,50.11,193.3,50.11,190.42,0.0,2.88,0.0,0.0,2.88,50.11,191.86,0.0,2,1,0,0,none,,,,1,rgb,0,0,0,0.39,90.0,1000000.0,90.0,2.88,0.0,594.0,387.36,0.0,0.0
hnd,153,path,,UNLABELED,21.79,193.3,21.79,190.42,0.0,2.88,0.0,0.0,2.88,21.79,191.86,0.0,2,1,0,0,none,,,,1,rgb,0,0,0,0.39,90.0,1000000.0,90.0,2.88,0.0,594.0,387.36,0.0,0.0
hnd,154,path,,UNLABELED,21.79,367.46,21.79,364.58,0.0,2.88,0.0,0.0,2.88,21.79,366.02,0.0,2,1,0,0,none,,,,1,rgb,0,0,0,0.39,90.0,1000000.0,90.0,2.88,0.0,594.0,387.36,0.0,0.0
hnd,155,path,,UNLABELED,50.11,367.46,50.11,364.58,0.0,2.88,0.0,0.0,2.88,50.11,366.02,0.0,2,1,0,0,none,,,,1,rgb,0,0,0,0.39,90.0,1000000.0,90.0,2.88,0.0,594.0,387.36,0.0,0.0
hnd,156,path,,UNLABELED,106.74,367.46,106.74,364.58,0.0,2.88,0.0,0.0,2.88,106.74,366.02,0.0,2,1,0,0,none,,,,1,rgb,0,0,0,0.39,90.0,1000000.0,90.0,2.88,0.0,594.0,387.36,0.0,0.0
hnd,157,path,,UNLABELED,135.06,367.46,135.06,364.58,0.0,2.88,0.0,0.0,2.88,135.06,366.02,0.0,2,1,0,0,none,,,,1,rgb,0,0,0,0.39,90.0,1000000.0,90.0,2.88,0.0,594.0,387.36,0.0,0.0
hnd,158,path,,UNLABELED,163.38,367.46,163.38,364.58,0.0,2.88,0.0,0.0,2.88,163.38,366.02,0.0,2,1,0,0,none,,,,1,rgb,0,0,0,0.39,90.0,1000000.0,90.0,2.88,0.0,594.0,387.36,0.0,0.0
hnd,159,path,,UNLABELED,191.7,367.46,191.7,364.58,0.0,2.88,0.0,0.0,2.88,191.7,366.02,0.0,2,1,0,0,none,,,,1,rgb,0,0,0,0.39,90.0,1000000.0,90.0,2.88,0.0,594.0,387.36,0.0,0.0
hnd,160,path,,UNLABELED,248.33,367.46,248.33,364.58,0.0,2.88,0.0,0.0,2.88,248.33,366.02,0.0,2,1,0,0,none,,,,1,rgb,0,0,0,0.39,90.0,1000000.0,90.0,2.88,0.0,594.0,387.36,0.0,0.0
hnd,161,path,,UNLABELED,276.65,367.46,276.65,364.58,0.0,2.88,0.0,0.0,2.88,276.65,366.02,0.0,2,1,0,0,none,,,,1,rgb,0,0,0,0.39,90.0,1000000.0,90.0,2.88,0.0,594.0,387.36,0.0,0.0
hnd,162,path,,UNLABELED,304.9,367.46,304.9,364.58,0.0,2.88,0.0,0.0,2.88,304.9,366.02,0.0,2,1,0,0,none,,,,1,rgb,0,0,0,0.39,90.0,1000000.0,90.0,2.88,0.0,594.0,387.36,0.0,0.0
hnd,163,path,,UNLABELED,304.9,541.62,304.9,538.73,0.0,2.89,0.0,0.0,2.89,304.9,540.175,0.0,2,1,0,0,none,,,,1,rgb,0,0,0,0.39,90.0,1000000.0,90.0,2.89,0.0,594.0,387.36,0.0,0.0
hnd,164,path,,UNLABELED,248.26,541.62,248.26,538.73,0.0,2.89,0.0,0.0,2.89,248.26,540.175,0.0,2,1,0,0,none,,,,1,rgb,0,0,0,0.39,90.0,1000000.0,90.0,2.89,0.0,594.0,387.36,0.0,0.0
hnd,165,path,,UNLABELED,191.7,541.62,191.7,538.73,0.0,2.89,0.0,0.0,2.89,191.7,540.175,0.0,2,1,0,0,none,,,,1,rgb,0,0,0,0.39,90.0,1000000.0,90.0,2.89,0.0,594.0,387.36,0.0,0.0
hnd,166,path,,UNLABELED,163.38,541.62,163.38,538.73,0.0,2.89,0.0,0.0,2.89,163.38,540.175,0.0,2,1,0,0,none,,,,1,rgb,0,0,0,0.39,90.0,1000000.0,90.0,2.89,0.0,594.0,387.36,0.0,0.0
hnd,167,path,,UNLABELED,135.06,541.62,135.06,538.73,0.0,2.89,0.0,0.0,2.89,135.06,540.175,0.0,2,1,0,0,none,,,,1,rgb,0,0,0,0.39,90.0,1000000.0,90.0,2.89,0.0,594.0,387.36,0.0,0.0
hnd,168,path,,UNLABELED,106.74,541.62,106.74,538.73,0.0,2.89,0.0,0.0,2.89,106.74,540.175,0.0,2,1,0,0,none,,,,1,rgb,0,0,0,0.39,90.0,1000000.0,90.0,2.89,0.0,594.0,387.36,0.0,0.0
hnd,169,path,,UNLABELED,50.11,541.62,50.11,538.73,0.0,2.89,0.0,0.0,2.89,50.11,540.175,0.0,2,1,0,0,none,,,,1,rgb,0,0,0,0.39,90.0,1000000.0,90.0,2.89,0.0,594.0,387.36,0.0,0.0
hnd,170,path,,UNLABELED,75.54,85.86,78.43,85.86,2.89,0.0,0.0,0.0,2.89,76.985,85.86,0.0,2,1,0,0,none,,,,1,rgb,0,0,0,0.39,0.0,1000000.0,0.0,2.89,0.0,594.0,387.36,0.0,0.0
hnd,171,path,,UNLABELED,75.54,120.74,78.43,120.74,2.89,0.0,0.0,0.0,2.89,76.985,120.74,0.0,2,1,0,0,none,,,,1,rgb,0,0,0,0.39,0.0,1000000.0,0.0,2.89,0.0,594.0,387.36,0.0,0.0
hnd,172,path,,UNLABELED,75.54,155.54,78.43,155.54,2.89,0.0,0.0,0.0,2.89,76.985,155.54,0.0,2,1,0,0,none,,,,1,rgb,0,0,0,0.39,0.0,1000000.0,0.0,2.89,0.0,594.0,387.36,0.0,0.0
hnd,173,path,,UNLABELED,75.54,225.22,78.43,225.22,2.89,0.0,0.0,0.0,2.89,76.985,225.22,0.0,2,1,0,0,none,,,,1,rgb,0,0,0,0.39,0.0,1000000.0,0.0,2.89,0.0,594.0,387.36,0.0,0.0
hnd,174,path,,UNLABELED,75.54,260.02,78.43,260.02,2.89,0.0,0.0,0.0,2.89,76.985,260.02,0.0,2,1,0,0,none,,,,1,rgb,0,0,0,0.39,0.0,1000000.0,0.0,2.89,0.0,594.0,387.36,0.0,0.0
hnd,175,path,,UNLABELED,75.54,294.9,78.43,294.9,2.89,0.0,0.0,0.0,2.89,76.985,294.9,0.0,2,1,0,0,none,,,,1,rgb,0,0,0,0.39,0.0,1000000.0,0.0,2.89,0.0,594.0,387.36,0.0,0.0
hnd,176,path,,UNLABELED,75.54,329.7,78.43,329.7,2.89,0.0,0.0,0.0,2.89,76.985,329.7,0.0,2,1,0,0,none,,,,1,rgb,0,0,0,0.39,0.0,1000000.0,0.0,2.89,0.0,594.0,387.36,0.0,0.0
hnd,177,path,,UNLABELED,75.54,399.38,78.43,399.38,2.89,0.0,0.0,0.0,2.89,76.985,399.38,0.0,2,1,0,0,none,,,,1,rgb,0,0,0,0.39,0.0,1000000.0,0.0,2.89,0.0,594.0,387.36,0.0,0.0
hnd,178,path,,UNLABELED,75.54,434.25,78.43,434.25,2.89,0.0,0.0,0.0,2.89,76.985,434.25,0.0,2,1,0,0,none,,,,1,rgb,0,0,0,0.39,0.0,1000000.0,0.0,2.89,0.0,594.0,387.36,0.0,0.0
hnd,179,path,,UNLABELED,75.54,469.06,78.43,469.06,2.89,0.0,0.0,0.0,2.89,76.985,469.06,0.0,2,1,0,0,none,,,,1,rgb,0,0,0,0.39,0.0,1000000.0,0.0,2.89,0.0,594.0,387.36,0.0,0.0
hnd,180,path,,UNLABELED,75.54,503.86,78.43,503.86,2.89,0.0,0.0,0.0,2.89,76.985,503.86,0.0,2,1,0,0,none,,,,1,rgb,0,0,0,0.39,0.0,1000000.0,0.0,2.89,0.0,594.0,387.36,0.0,0.0
hnd,181,path,,UNLABELED,217.13,503.86,220.02,503.86,2.89,0.0,0.0,0.0,2.89,218.575,503.86,0.0,2,1,0,0,none,,,,1,rgb,0,0,0,0.39,0.0,1000000.0,0.0,2.89,0.0,594.0,387.36,0.0,0.0
hnd,182,path,,UNLABELED,217.13,469.06,220.02,469.06,2.89,0.0,0.0,0.0,2.89,218.575,469.06,0.0,2,1,0,0,none,,,,1,rgb,0,0,0,0.39,0.0,1000000.0,0.0,2.89,0.0,594.0,387.36,0.0,0.0
hnd,183,path,,UNLABELED,217.13,434.25,220.02,434.25,2.89,0.0,0.0,0.0,2.89,218.575,434.25,0.0,2,1,0,0,none,,,,1,rgb,0,0,0,0.39,0.0,1000000.0,0.0,2.89,0.0,594.0,387.36,0.0,0.0
hnd,184,path,,UNLABELED,217.13,399.38,220.02,399.38,2.89,0.0,0.0,0.0,2.89,218.575,399.38,0.0,2,1,0,0,none,,,,1,rgb,0,0,0,0.39,0.0,1000000.0,0.0,2.89,0.0,594.0,387.36,0.0,0.0
hnd,185,path,,UNLABELED,217.13,329.7,220.02,329.7,2.89,0.0,0.0,0.0,2.89,218.575,329.7,0.0,2,1,0,0,none,,,,1,rgb,0,0,0,0.39,0.0,1000000.0,0.0,2.89,0.0,594.0,387.36,0.0,0.0
hnd,186,path,,UNLABELED,217.13,294.9,220.02,294.9,2.89,0.0,0.0,0.0,2.89,218.575,294.9,0.0,2,1,0,0,none,,,,1,rgb,0,0,0,0.39,0.0,1000000.0,0.0,2.89,0.0,594.0,387.36,0.0,0.0
hnd,187,path,,UNLABELED,217.13,260.02,220.02,260.02,2.89,0.0,0.0,0.0,2.89,218.575,260.02,0.0,2,1,0,0,none,,,,1,rgb,0,0,0,0.39,0.0,1000000.0,0.0,2.89,0.0,594.0,387.36,0.0,0.0
hnd,188,path,,UNLABELED,217.13,225.22,220.02,225.22,2.89,0.0,0.0,0.0,2.89,218.575,225.22,0.0,2,1,0,0,none,,,,1,rgb,0,0,0,0.39,0.0,1000000.0,0.0,2.89,0.0,594.0,387.36,0.0,0.0
hnd,189,path,,UNLABELED,217.13,155.54,220.02,155.54,2.89,0.0,0.0,0.0,2.89,218.575,155.54,0.0,2,1,0,0,none,,,,1,rgb,0,0,0,0.39,0.0,1000000.0,0.0,2.89,0.0,594.0,387.36,0.0,0.0
hnd,190,path,,UNLABELED,217.13,120.74,220.02,120.74,2.89,0.0,0.0,0.0,2.89,218.575,120.74,0.0,2,1,0,0,none,,,,1,rgb,0,0,0,0.39,0.0,1000000.0,0.0,2.89,0.0,594.0,387.36,0.0,0.0
hnd,191,path,,UNLABELED,217.13,85.86,220.02,85.86,2.89,0.0,0.0,0.0,2.89,218.575,85.86,0.0,2,1,0,0,none,,,,1,rgb,0,0,0,0.39,0.0,1000000.0,0.0,2.89,0.0,594.0,387.36,0.0,0.0
hnd,192,path,,UNLABELED,358.72,85.86,361.61,85.86,2.89,0.0,0.0,0.0,2.89,360.165,85.86,0.0,2,1,0,0,none,,,,1,rgb,0,0,0,0.39,0.0,1000000.0,0.0,2.89,0.0,594.0,387.36,0.0,0.0
hnd,193,path,,UNLABELED,358.72,120.74,361.61,120.74,2.89,0.0,0.0,0.0,2.89,360.165,120.74,0.0,2,1,0,0,none,,,,1,rgb,0,0,0,0.39,0.0,1000000.0,0.0,2.89,0.0,594.0,387.36,0.0,0.0
hnd,194,path,,UNLABELED,358.72,155.54,361.61,155.54,2.89,0.0,0.0,0.0,2.89,360.165,155.54,0.0,2,1,0,0,none,,,,1,rgb,0,0,0,0.39,0.0,1000000.0,0.0,2.89,0.0,594.0,387.36,0.0,0.0
hnd,195,path,,UNLABELED,358.72,225.22,361.61,225.22,2.89,0.0,0.0,0.0,2.89,360.165,225.22,0.0,2,1,0,0,none,,,,1,rgb,0,0,0,0.39,0.0,1000000.0,0.0,2.89,0.0,594.0,387.36,0.0,0.0
hnd,196,path,,UNLABELED,358.72,260.09,361.61,260.09,2.89,0.0,0.0,0.0,2.89,360.165,260.09,0.0,2,1,0,0,none,,,,1,rgb,0,0,0,0.39,0.0,1000000.0,0.0,2.89,0.0,594.0,387.36,0.0,0.0
hnd,197,path,,UNLABELED,358.65,294.9,361.53,294.9,2.88,0.0,0.0,0.0,2.88,360.09,294.9,0.0,2,1,0,0,none,,,,1,rgb,0,0,0,0.39,0.0,1000000.0,0.0,2.88,0.0,594.0,387.36,0.0,0.0
hnd,198,path,,UNLABELED,358.65,329.7,361.53,329.7,2.88,0.0,0.0,0.0,2.88,360.09,329.7,0.0,2,1,0,0,none,,,,1,rgb,0,0,0,0.39,0.0,1000000.0,0.0,2.88,0.0,594.0,387.36,0.0,0.0
hnd,199,path,,UNLABELED,358.65,399.38,361.53,399.38,2.88,0.0,0.0,0.0,2.88,360.09,399.38,0.0,2,1,0,0,none,,,,1,rgb,0,0,0,0.39,0.0,1000000.0,0.0,2.88,0.0,594.0,387.36,0.0,0.0
hnd,200,path,,UNLABELED,358.65,434.25,361.53,434.25,2.88,0.0,0.0,0.0,2.88,360.09,434.25,0.0,2,1,0,0,none,,,,1,rgb,0,0,0,0.39,0.0,1000000.0,0.0,2.88,0.0,594.0,387.36,0.0,0.0
hnd,201,path,,UNLABELED,358.65,469.06,361.53,469.06,2.88,0.0,0.0,0.0,2.88,360.09,469.06,0.0,2,1,0,0,none,,,,1,rgb,0,0,0,0.39,0.0,1000000.0,0.0,2.88,0.0,594.0,387.36,0.0,0.0
hnd,202,path,,UNLABELED,220.02,192.94,220.02,115.9,0.0,77.04,0.0,0.0,77.04,220.02,154.42,0.0,3,1,0,0,none,,,,1,rgb,0,0,0,0.39,90.0,1000000.0,90.0,74.52,0.0,594.0,387.36,0.0,0.0
hnd,203,path,,UNLABELED,220.02,549.11,220.02,200.54,0.0,348.57,0.0,0.0,348.57,220.02,374.825,0.0,4,1,0,0,none,,,,1,rgb,0,0,0,0.39,90.0,1000000.0,90.0,174.15,0.0,594.0,387.36,0.0,0.0
hnd,204,path,,UNLABELED,220.02,63.45,220.02,59.27,0.0,4.18,0.0,0.0,4.18,220.02,61.36,0.0,2,1,0,0,none,,,,1,rgb,0,0,0,0.39,90.0,1000000.0,90.0,4.18,0.0,594.0,387.36,0.0,0.0
hnd,205,path,,UNLABELED,220.02,88.53,220.02,83.32,0.0,5.21,0.0,0.0,5.21,220.02,85.925,0.0,2,1,0,0,none,,,,1,rgb,0,0,0,0.39,90.0,1000000.0,90.0,5.21,0.0,594.0,387.36,0.0,0.0
hnd,206,path,,UNLABELED,116.04,416.38,119.43,414.51,3.39,1.87,6.3393,2.1106,4.81,117.735,415.445,1.8128,4,1,0,1,rgb,0,0,0,0,none,,,,0.0,158.0215,9.5453,147.0948,3.4422,0.0,594.0,387.36,0.0,2.2304
hnd,207,path,,UNLABELED,18.04,538.73,186.51,538.73,168.47,0.0,0.0,0.0,168.47,102.275,538.73,0.0,3,1,0,0,none,,,,1,rgb,0,0,0,0.39,0.0,1000000.0,0.0,108.08,0.0,594.0,387.36,0.0,0.0
hnd,208,path,,UNLABELED,186.51,538.73,262.24,538.73,75.73,0.0,0.0,0.0,75.73,224.375,538.73,0.0,3,1,0,0,none,,,,1,rgb,0,0,0,0.39,0.0,1000000.0,0.0,42.22,0.0,594.0,387.36,0.0,0.0
hnd,209,path,,UNLABELED,290.97,538.73,335.62,538.73,44.65,0.0,0.0,0.0,44.65,313.295,538.73,0.0,2,1,0,0,none,,,,1,rgb,0,0,0,0.39,0.0,1000000.0,0.0,44.65,0.0,594.0,387.36,0.0,0.0
hnd,210,path,,UNLABELED,21.79,541.62,21.79,538.73,0.0,2.89,0.0,0.0,2.89,21.79,540.175,0.0,2,1,0,0,none,,,,1,rgb,0,0,0,0.39,90.0,1000000.0,90.0,2.89,0.0,594.0,387.36,0.0,0.0
hnd,211,path,,UNLABELED,361.53,470.72,361.61,60.51,0.08,410.21,32.8113,0.9506,410.21,361.57,265.615,0.0002,4,1,0,0,none,,,,1,rgb,0,0,0,0.39,90.0135,1000000.0,90.0263,174.16,0.0,594.0,387.36,0.0,9.4404
hnd,212,path,,UNLABELED,120.44,66.55,323.34,66.55,202.9,0.0,0.0,0.0,202.9,221.89,66.55,0.0,2,1,0,0,none,,,,1,rgb,0,0,0,0.42,0.0,1000000.0,0.0,202.9,0.0,594.0,387.36,0.0,0.0
hnd,213,path,,UNLABELED,88.34,81.2,92.26,75.97,3.92,5.23,20.5018,5.929,21.6108,90.3,78.585,0.7495,75,1,0,1,rgb,0,0,0,0,none,,,,0.0,87.3319,2.3159,90.0,0.74,0.0,594.0,387.36,0.0,17.2657
hnd,214,compound,,UNLABELED,92.43,81.27,97.19,76.06,4.76,5.21,24.7994,6.9214,24.0727,94.81,78.665,0.9136,12,2,0,1,rgb,0,0,0,0,none,,,,0.0,89.9495,1.2406,114.5517,5.7278,0.0,594.0,387.36,0.0,12.3997
hnd,215,path,,UNLABELED,97.53,81.01,101.19,75.97,3.66,5.04,18.4463,7.014,23.8151,99.36,78.49,0.7262,51,1,0,1,rgb,0,0,0,0,none,,,,0.0,105.3482,1.3756,90.0,3.13,0.0,594.0,387.36,0.0,17.0603
hnd,216,path,,UNLABELED,101.59,81.01,104.59,76.06,3.0,4.95,14.85,4.466,15.9,103.09,78.535,0.6061,9,1,0,1,rgb,0,0,0,0,none,,,,0.0,89.3251,3.4473,90.0,4.4,0.0,594.0,387.36,0.0,9.658
hnd,217,path,,UNLABELED,105.04,81.01,105.69,76.06,0.65,4.95,3.2175,3.2175,11.2,105.365,78.535,0.1313,5,1,0,1,rgb,0,0,0,0,none,,,,0.0,88.7249,59.7092,90.0,4.95,0.0,594.0,387.36,0.0,3.2175
hnd,218,compound,,UNLABELED,106.21,81.2,111.43,75.97,5.22,5.23,27.3005,8.7008,29.1261,108.82,78.585,0.9981,114,2,0,1,rgb,0,0,0,0,none,,,,0.0,89.9401,1.074,117.2137,0.3936,0.0,594.0,387.36,0.0,21.4759
hnd,219,path,,UNLABELED,112.04,81.25,116.35,75.86,4.31,5.39,23.2309,8.6731,29.6561,114.195,78.555,0.7996,9,1,0,1,rgb,0,0,0,0,none,,,,0.0,67.6098,1.7625,133.0407,5.3771,0.0,594.0,387.36,0.0,22.2827
hnd,220,path,,UNLABELED,117.32,76.71,118.05,75.97,0.73,0.74,0.5402,0.4092,2.2842,117.685,76.34,0.9865,17,1,0,1,rgb,0,0,0,0,none,,,,0.0,90.0973,1.106,15.9371,0.1456,0.0,594.0,387.36,0.0,0.4092
hnd,221,path,,UNLABELED,117.32,79.36,118.05,78.63,0.73,0.73,0.5329,0.4088,2.2826,117.685,78.995,1.0,17,1,0,1,rgb,0,0,0,0,none,,,,0.0,90.0914,1.0992,78.6895,0.153,0.0,594.0,387.36,0.0,0.4088
hnd,222,compound,,UNLABELED,121.04,81.01,123.88,76.06,2.84,4.95,14.058,7.6221,25.4922,122.46,78.535,0.5737,77,3,0,1,rgb,0,0,0,0,none,,,,0.0,96.1202,4.6702,90.0,4.95,0.0,594.0,387.36,0.0,12.1512
hnd,223,path,,UNLABELED,124.57,81.01,127.27,76.06,2.7,4.95,13.365,6.534,23.42,125.92,78.535,0.5455,13,1,0,1,rgb,0,0,0,0,none,,,,0.0,82.424,2.6519,90.0,4.95,0.0,594.0,387.36,0.0,13.365
hnd,224,compound,,UNLABELED,129.37,81.27,134.13,76.06,4.76,5.21,24.7994,6.9214,24.0727,131.75,78.665,0.9136,12,2,0,1,rgb,0,0,0,0,none,,,,0.0,90.3418,1.2403,65.4482,5.7278,0.0,594.0,387.36,0.0,12.3997
hnd,225,path,,UNLABELED,134.56,81.01,136.71,76.06,2.15,4.95,10.6425,3.9985,14.2,135.635,78.535,0.4343,7,1,0,1,rgb,0,0,0,0,none,,,,0.0,100.5038,10.3055,90.0,4.95,0.0,594.0,387.36,0.0,7.3205
hnd,226,path,,UNLABELED,137.1,81.01,139.79,76.06,2.69,4.95,13.3155,6.5231,23.38,138.445,78.535,0.5434,13,1,0,1,rgb,0,0,0,0,none,,,,0.0,82.458,2.6666,90.0,4.95,0.0,594.0,387.36,0.0,13.3155
hnd,227,compound,,UNLABELED,140.54,81.01,143.67,76.06,3.13,4.95,15.4936,7.4632,25.3034,142.105,78.535,0.6323,45,2,0,1,rgb,0,0,0,0,none,,,,0.0,92.0758,3.059,90.0,4.95,0.0,594.0,387.36,0.0,13.8536
hnd,228,path,,UNLABELED,143.68,81.01,146.68,76.06,3.0,4.95,14.85,4.466,15.9,145.18,78.535,0.6061,9,1,0,1,rgb,0,0,0,0,none,,,,0.0,89.3251,3.4473,90.0,4.4,0.0,594.0,387.36,0.0,9.658
hnd,229,path,,UNLABELED,148.59,81.01,151.6,76.06,3.01,4.95,14.8995,4.4715,15.92,150.095,78.535,0.6081,9,1,0,1,rgb,0,0,0,0,none,,,,0.0,89.3792,3.4249,90.0,4.4,0.0,594.0,387.36,0.0,9.6855
hnd,230,compound,,UNLABELED,151.68,81.2,156.91,75.97,5.23,5.23,27.3528,8.7039,29.1344,154.295,78.585,1.0,114,2,0,1,rgb,0,0,0,0,none,,,,0.0,90.137,1.0728,118.4934,0.3983,0.0,594.0,387.36,0.0,21.487
hnd,231,compound,,UNLABELED,159.42,81.01,162.55,76.06,3.13,4.95,15.4936,7.4966,25.2976,160.985,78.535,0.6323,45,2,0,1,rgb,0,0,0,0,none,,,,0.0,92.0905,3.0632,90.0,4.95,0.0,594.0,387.36,0.0,13.8757
hnd,232,path,,UNLABELED,162.92,81.01,166.59,75.97,3.67,5.04,18.4967,7.0463,23.8253,164.755,78.49,0.7282,51,1,0,1,rgb,0,0,0,0,none,,,,0.0,105.4435,1.3746,90.0,3.13,0.0,594.0,387.36,0.0,17.0925
hnd,233,path,,UNLABELED,167.43,81.25,171.74,75.86,4.31,5.39,23.2309,8.69,29.6592,169.585,78.555,0.7996,9,1,0,1,rgb,0,0,0,0,none,,,,0.0,67.7087,1.7646,133.0407,5.3771,0.0,594.0,387.36,0.0,22.2827
hnd,234,path,,UNLABELED,172.06,81.2,179.03,75.88,6.97,5.32,37.0805,10.453,35.6089,175.545,78.54,1.3101,11,1,0,1,rgb,0,0,0,0,none,,,,0.0,153.4259,1.2659,67.9295,5.5356,0.0,594.0,387.36,0.0,25.7736
hnd,235,compound,,UNLABELED,178.84,81.27,183.61,76.06,4.77,5.21,24.8515,6.9475,24.0869,181.225,78.665,0.9156,12,2,0,1,rgb,0,0,0,0,none,,,,0.0,90.5041,1.238,114.6427,5.732,0.0,594.0,387.36,0.0,12.4258
hnd,236,path,,UNLABELED,183.51,81.01,187.4,76.06,3.89,4.95,19.2555,5.0906,17.6742,185.455,78.535,0.7859,10,1,0,1,rgb,0,0,0,0,none,,,,0.0,89.3956,3.1641,59.3435,3.1968,0.0,594.0,387.36,0.0,11.2118
hnd,237,path,,UNLABELED,189.44,81.2,193.37,75.97,3.93,5.23,20.554,5.9383,21.6227,191.405,78.585,0.7514,75,1,0,1,rgb,0,0,0,0,none,,,,0.0,87.3121,2.3146,90.0,0.74,0.0,594.0,387.36,0.0,17.284
hnd,238,compound,,UNLABELED,194.08,81.01,197.21,76.06,3.13,4.95,15.4936,7.4967,25.2867,195.645,78.535,0.6323,45,2,0,1,rgb,0,0,0,0,none,,,,0.0,92.1204,3.067,90.0,4.95,0.0,594.0,387.36,0.0,13.8562
hnd,239,compound,,UNLABELED,197.3,81.2,202.53,75.97,5.23,5.23,27.3528,8.705,29.1332,199.915,78.585,1.0,114,2,0,1,rgb,0,0,0,0,none,,,,0.0,89.9603,1.0729,61.5066,0.3983,0.0,594.0,387.36,0.0,21.4862
hnd,240,path,,UNLABELED,202.91,81.2,206.07,75.97,3.16,5.23,16.5268,6.2844,22.0901,204.49,78.585,0.6042,91,1,0,1,rgb,0,0,0,0,none,,,,0.0,91.7739,3.6091,12.3404,0.6551,0.0,594.0,387.36,0.0,13.8791
hnd,241,path,,UNLABELED,206.45,81.2,209.61,75.97,3.16,5.23,16.5268,6.2943,22.0955,208.03,78.585,0.6042,91,1,0,1,rgb,0,0,0,0,none,,,,0.0,91.7492,3.6122,12.1563,0.6649,0.0,594.0,387.36,0.0,13.8782
hnd,242,path,,UNLABELED,210.22,81.01,210.87,76.06,0.65,4.95,3.2175,3.2175,11.2,210.545,78.535,0.1313,5,1,0,1,rgb,0,0,0,0,none,,,,0.0,88.7249,59.7106,90.0,4.95,0.0,594.0,387.36,0.0,3.2175
hnd,243,path,,UNLABELED,211.76,81.25,216.06,75.86,4.3,5.39,23.1771,8.6581,29.6424,213.91,78.555,0.7978,9,1,0,1,rgb,0,0,0,0,none,,,,0.0,67.802,1.7689,132.9628,5.3703,0.0,594.0,387.36,0.0,22.2311
hnd,244,path,,UNLABELED,216.66,81.2,221.43,75.97,4.77,5.23,24.9469,8.1708,28.9388,219.045,78.585,0.912,100,1,0,1,rgb,0,0,0,0,none,,,,0.0,97.468,1.4417,0.0,1.9,0.0,594.0,387.36,0.0,19.919
hnd,245,path,,UNLABELED,223.72,81.2,227.64,75.97,3.92,5.23,20.5018,5.9337,21.6064,225.68,78.585,0.7495,75,1,0,1,rgb,0,0,0,0,none,,,,0.0,87.3251,2.3149,90.0,0.74,0.0,594.0,387.36,0.0,17.2638
hnd,246,path,,UNLABELED,228.36,81.01,230.51,76.06,2.15,4.95,10.6425,3.9985,14.2,229.435,78.535,0.4343,7,1,0,1,rgb,0,0,0,0,none,,,,0.0,100.5038,10.3055,90.0,4.95,0.0,594.0,387.36,0.0,7.3205
hnd,247,path,,UNLABELED,230.9,81.01,233.59,76.06,2.69,4.95,13.3155,6.5231,23.38,232.245,78.535,0.5434,13,1,0,1,rgb,0,0,0,0,none,,,,0.0,82.458,2.6666,90.0,4.95,0.0,594.0,387.36,0.0,13.3155
hnd,248,compound,,UNLABELED,233.79,81.27,238.56,76.06,4.77,5.21,24.8515,6.9576,24.0729,236.175,78.665,0.9156,12,2,0,1,rgb,0,0,0,0,none,,,,0.0,90.471,1.2391,114.6427,5.732,0.0,594.0,387.36,0.0,12.4258
hnd,249,compound,,UNLABELED,238.98,81.01,242.11,76.06,3.13,4.95,15.4936,7.4631,25.3034,240.545,78.535,0.6323,45,2,0,1,rgb,0,0,0,0,none,,,,0.0,92.0809,3.0609,90.0,4.95,0.0,594.0,387.36,0.0,13.8536
hnd,250,compound,,UNLABELED,242.02,81.27,246.78,76.06,4.76,5.21,24.7995,6.9215,24.0727,244.4,78.665,0.9136,12,2,0,1,rgb,0,0,0,0,none,,,,0.0,89.9497,1.2406,114.5518,5.7278,0.0,594.0,387.36,0.0,12.3997
hnd,251,path,,UNLABELED,247.21,81.25,251.51,75.86,4.3,5.39,23.1771,8.6581,29.6424,249.36,78.555,0.7978,9,1,0,1,rgb,0,0,0,0,none,,,,0.0,67.802,1.7689,132.9628,5.3703,0.0,594.0,387.36,0.0,22.2311
hnd,252,path,,UNLABELED,252.11,81.2,256.04,75.97,3.93,5.23,20.554,5.933,21.6253,254.075,78.585,0.7514,75,1,0,1,rgb,0,0,0,0,none,,,,0.0,87.3255,2.3143,90.0,0.74,0.0,594.0,387.36,0.0,17.284
hnd,253,path,,UNLABELED,256.75,81.01,259.45,76.06,2.7,4.95,13.3651,6.5341,23.42,258.1,78.535,0.5455,13,1,0,1,rgb,0,0,0,0,none,,,,0.0,82.4239,2.6518,90.0,4.95,0.0,594.0,387.36,0.0,13.3651
hnd,254,path,,UNLABELED,259.97,81.2,263.13,75.97,3.16,5.23,16.5268,6.2937,22.0927,261.55,78.585,0.6042,91,1,0,1,rgb,0,0,0,0,none,,,,0.0,91.7595,3.6065,12.3406,0.6551,0.0,594.0,387.36,0.0,13.8838
hnd,255,path,,UNLABELED,263.83,76.71,264.56,75.97,0.73,0.74,0.5402,0.4059,2.2743,264.195,76.34,0.9865,17,1,0,1,rgb,0,0,0,0,none,,,,0.0,90.6746,1.125,165.0758,0.1552,0.0,594.0,387.36,0.0,0.4059
hnd,256,compound,,UNLABELED,121.54,73.38,124.67,68.43,3.13,4.95,15.4935,7.4529,25.2848,123.105,70.905,0.6323,45,2,0,1,rgb,0,0,0,0,none,,,,0.0,92.1421,3.0553,90.0,4.95,0.0,594.0,387.36,0.0,13.8433
hnd,257,path,,UNLABELED,125.13,73.38,127.82,68.43,2.69,4.95,13.3155,6.5176,23.36,126.475,70.905,0.5434,13,1,0,1,rgb,0,0,0,0,none,,,,0.0,82.4929,2.6714,90.0,4.95,0.0,594.0,387.36,0.0,13.3155
hnd,258,compound,,UNLABELED,128.02,73.63,132.78,68.43,4.76,5.2,24.7521,6.9263,24.0365,130.4,71.03,0.9154,12,2,0,1,rgb,0,0,0,0,none,,,,0.0,90.0196,1.2353,114.5932,5.7188,0.0,594.0,387.36,0.0,12.3761
hnd,259,compound,,UNLABELED,133.21,73.38,137.06,68.43,3.85,4.95,19.0576,8.1191,26.692,135.135,70.905,0.7778,72,2,0,1,rgb,0,0,0,0,none,,,,0.0,88.8119,2.7503,90.0,4.95,0.0,594.0,387.36,0.0,16.4194
hnd,260,compound,,UNLABELED,137.6,73.38,140.44,68.43,2.84,4.95,14.058,7.6122,25.4584,139.02,70.905,0.5737,77,3,0,1,rgb,0,0,0,0,none,,,,0.0,96.1621,4.6895,90.0,4.95,0.0,594.0,387.36,0.0,12.1424
hnd,261,compound,,UNLABELED,140.58,73.63,145.35,68.43,4.77,5.2,24.8041,6.9522,24.0506,142.965,71.03,0.9173,12,2,0,1,rgb,0,0,0,0,none,,,,0.0,90.5862,1.2327,114.6842,5.723,0.0,594.0,387.36,0.0,12.402
hnd,262,path,,UNLABELED,145.49,73.56,149.42,68.33,3.93,5.23,20.554,5.9215,21.6225,147.455,70.945,0.7514,75,1,0,1,rgb,0,0,0,0,none,,,,0.0,87.3351,2.3155,90.0,0.74,0.0,594.0,387.36,0.0,17.2748
hnd,263,path,,UNLABELED,150.13,73.38,153.74,68.43,3.61,4.95,17.8695,7.2125,25.1518,151.935,70.905,0.7293,13,1,0,1,rgb,0,0,0,0,none,,,,0.0,90.6865,2.4375,90.0,4.95,0.0,594.0,387.36,0.0,17.7705
hnd,264,compound,,UNLABELED,155.63,73.56,160.86,68.33,5.23,5.23,27.3528,8.6981,29.1413,158.245,70.945,1.0,114,2,0,1,rgb,0,0,0,0,none,,,,0.0,90.0813,1.074,118.4934,0.3983,0.0,594.0,387.36,0.0,21.4912
hnd,265,path,,UNLABELED,161.47,73.38,163.9,68.43,2.43,4.95,12.0285,5.104,18.22,162.685,70.905,0.4909,11,1,0,1,rgb,0,0,0,0,none,,,,0.0,71.9478,3.9209,90.0,4.95,0.0,594.0,387.36,0.0,9.6858
hnd,266,compound,,UNLABELED,165.96,73.63,170.72,68.43,4.76,5.2,24.7521,6.9263,24.0365,168.34,71.03,0.9154,12,2,0,1,rgb,0,0,0,0,none,,,,0.0,90.0196,1.2353,114.5932,5.7188,0.0,594.0,387.36,0.0,12.3761
hnd,267,path,,UNLABELED,171.15,73.38,173.3,68.43,2.15,4.95,10.6425,3.9835,14.2,172.225,70.905,0.4343,7,1,0,1,rgb,0,0,0,0,none,,,,0.0,100.499,10.3277,90.0,4.95,0.0,594.0,387.36,0.0,7.313
hnd,268,path,,UNLABELED,173.69,73.38,175.84,68.43,2.15,4.95,10.6425,3.9835,14.2,174.765,70.905,0.4343,7,1,0,1,rgb,0,0,0,0,none,,,,0.0,100.499,10.3277,90.0,4.95,0.0,594.0,387.36,0.0,7.313
hnd,269,compound,,UNLABELED,178.14,73.38,181.26,68.43,3.12,4.95,15.4441,7.4595,25.2563,179.7,70.905,0.6303,45,2,0,1,rgb,0,0,0,0,none,,,,0.0,92.1388,3.0623,90.0,4.95,0.0,594.0,387.36,0.0,13.8197
hnd,270,path,,UNLABELED,181.63,73.38,185.3,68.33,3.67,5.05,18.5334,7.0231,23.8425,183.465,70.855,0.7267,51,1,0,1,rgb,0,0,0,0,none,,,,0.0,105.3535,1.3767,90.0,3.13,0.0,594.0,387.36,0.0,17.118
hnd,271,path,,UNLABELED,186.14,73.61,190.45,68.22,4.31,5.39,23.2309,8.6547,29.6734,188.295,70.915,0.7996,9,1,0,1,rgb,0,0,0,0,none,,,,0.0,67.6576,1.7611,132.968,5.3845,0.0,594.0,387.36,0.0,22.2827
hnd,272,path,,UNLABELED,190.77,73.56,197.74,68.24,6.97,5.32,37.0804,10.4857,35.652,194.255,70.9,1.3101,11,1,0,1,rgb,0,0,0,0,none,,,,0.0,153.0005,1.2632,111.9357,5.5412,0.0,594.0,387.36,0.0,25.8133
hnd,273,compound,,UNLABELED,197.55,73.63,202.32,68.43,4.77,5.2,24.8041,6.9623,24.0366,199.935,71.03,0.9173,12,2,0,1,rgb,0,0,0,0,none,,,,0.0,90.5523,1.2338,114.6842,5.723,0.0,594.0,387.36,0.0,12.402
hnd,274,path,,UNLABELED,202.22,73.38,206.11,68.43,3.89,4.95,19.2555,5.0946,17.6887,204.165,70.905,0.7859,10,1,0,1,rgb,0,0,0,0,none,,,,0.0,89.392,3.1682,59.4348,3.2054,0.0,594.0,387.36,0.0,11.2118
hnd,275,path,,UNLABELED,208.43,73.38,212.01,68.43,3.58,4.95,17.7211,7.645,25.8601,210.22,70.905,0.7232,13,1,0,1,rgb,0,0,0,0,none,,,,0.0,90.9598,2.0213,90.0,4.95,0.0,594.0,387.36,0.0,17.7211
hnd,276,compound,,UNLABELED,212.52,73.56,217.75,68.33,5.23,5.23,27.3528,8.6988,29.1415,215.135,70.945,1.0,114,2,0,1,rgb,0,0,0,0,none,,,,0.0,89.8407,1.074,61.5066,0.3983,0.0,594.0,387.36,0.0,21.4921
hnd,277,path,,UNLABELED,218.35,73.38,220.51,68.43,2.16,4.95,10.692,4.0329,14.22,219.43,70.905,0.4364,7,1,0,1,rgb,0,0,0,0,none,,,,0.0,100.5155,10.2388,90.0,4.95,0.0,594.0,387.36,0.0,7.3625
hnd,278,compound,,UNLABELED,220.9,73.38,224.75,68.43,3.85,4.95,19.0576,8.1219,26.6836,222.825,70.905,0.7778,72,2,0,1,rgb,0,0,0,0,none,,,,0.0,88.7841,2.7495,90.0,4.95,0.0,594.0,387.36,0.0,16.4116
hnd,279,path,,UNLABELED,225.29,73.38,225.93,68.43,0.64,4.95,3.168,3.168,11.18,225.61,70.905,0.1293,5,1,0,1,rgb,0,0,0,0,none,,,,0.0,88.7452,61.5882,90.0,4.95,0.0,594.0,387.36,0.0,3.168
hnd,280,path,,UNLABELED,226.82,73.61,231.13,68.22,4.31,5.39,23.2309,8.6717,29.6765,228.975,70.915,0.7996,9,1,0,1,rgb,0,0,0,0,none,,,,0.0,67.7564,1.7632,132.968,5.3845,0.0,594.0,387.36,0.0,22.2827
hnd,281,path,,UNLABELED,231.72,73.56,236.49,68.33,4.77,5.23,24.9469,8.1648,28.9221,234.105,70.945,0.912,100,1,0,1,rgb,0,0,0,0,none,,,,0.0,97.5173,1.4435,0.0,1.9,0.0,594.0,387.36,0.0,19.9145
hnd,282,path,,UNLABELED,239.06,73.38,239.7,68.43,0.64,4.95,3.168,3.168,11.18,239.38,70.905,0.1293,5,1,0,1,rgb,0,0,0,0,none,,,,0.0,88.7452,61.5882,90.0,4.95,0.0,594.0,387.36,0.0,3.168
hnd,283,path,,UNLABELED,240.59,73.61,244.9,68.22,4.31,5.39,23.2309,8.6717,29.6765,242.745,70.915,0.7996,9,1,0,1,rgb,0,0,0,0,none,,,,0.0,67.7564,1.7632,132.968,5.3845,0.0,594.0,387.36,0.0,22.2827
hnd,284,path,,UNLABELED,245.55,73.56,248.7,68.33,3.15,5.23,16.4745,6.3014,22.0947,247.125,70.945,0.6023,91,1,0,1,rgb,0,0,0,0,none,,,,0.0,91.7712,3.6127,11.4824,0.6531,0.0,594.0,387.36,0.0,13.8707
hnd,285,path,,UNLABELED,248.87,73.38,251.87,68.43,3.0,4.95,14.85,4.466,15.9,250.37,70.905,0.6061,9,1,0,1,rgb,0,0,0,0,none,,,,0.0,89.3251,3.4473,90.0,4.4,0.0,594.0,387.36,0.0,9.658
hnd,286,compound,,UNLABELED,252.32,73.38,255.45,68.43,3.13,4.95,15.4936,7.492,25.2789,253.885,70.905,0.6323,45,2,0,1,rgb,0,0,0,0,none,,,,0.0,92.1109,3.0634,90.0,4.95,0.0,594.0,387.36,0.0,13.8655
hnd,287,path,,UNLABELED,255.82,73.38,259.49,68.33,3.67,5.05,18.5335,7.0547,23.8501,257.655,70.855,0.7267,51,1,0,1,rgb,0,0,0,0,none,,,,0.0,105.3149,1.378,90.0,3.13,0.0,594.0,387.36,0.0,17.1173
hnd,288,path,,UNLABELED,260.05,73.56,263.97,68.33,3.92,5.23,20.5018,5.9125,21.6053,262.01,70.945,0.7495,75,1,0,1,rgb,0,0,0,0,none,,,,0.0,87.3387,2.3156,90.0,0.74,0.0,594.0,387.36,0.0,17.2499
hnd,289,path,,UNLABELED,264.24,73.38,267.25,68.43,3.01,4.95,14.8996,4.4715,15.92,265.745,70.905,0.6081,9,1,0,1,rgb,0,0,0,0,none,,,,0.0,89.2674,3.4264,90.0,4.4,0.0,594.0,387.36,0.0,9.6856
hnd,290,path,,UNLABELED,267.7,73.38,268.34,68.43,0.64,4.95,3.1681,3.1681,11.1801,268.02,70.905,0.1293,5,1,0,1,rgb,0,0,0,0,none,,,,0.0,88.7451,61.5853,90.0,4.95,0.0,594.0,387.36,0.0,3.1681
hnd,291,compound,,UNLABELED,268.86,73.56,274.09,68.33,5.23,5.23,27.3527,8.6948,29.1419,271.475,70.945,1.0,114,2,0,1,rgb,0,0,0,0,none,,,,0.0,90.1406,1.074,118.4934,0.3983,0.0,594.0,387.36,0.0,21.4902
hnd,292,path,,UNLABELED,274.7,73.61,279.01,68.22,4.31,5.39,23.2309,8.6717,29.6765,276.855,70.915,0.7996,9,1,0,1,rgb,0,0,0,0,none,,,,0.0,67.7565,1.7632,132.9679,5.3845,0.0,594.0,387.36,0.0,22.2827
hnd,293,path,,UNLABELED,279.65,73.56,282.81,68.33,3.16,5.23,16.5268,6.3019,22.1056,281.23,70.945,0.6042,91,1,0,1,rgb,0,0,0,0,none,,,,0.0,91.7602,3.6118,11.3104,0.6629,0.0,594.0,387.36,0.0,13.8834
hnd,294,path,,UNLABELED,285.33,73.38,285.97,68.43,0.64,4.95,3.1681,3.1681,11.1801,285.65,70.905,0.1293,5,1,0,1,rgb,0,0,0,0,none,,,,0.0,88.7451,61.5853,90.0,4.95,0.0,594.0,387.36,0.0,3.1681
hnd,295,path,,UNLABELED,286.64,73.56,289.8,68.33,3.16,5.23,16.5268,6.2905,22.1026,288.22,70.945,0.6042,91,1,0,1,rgb,0,0,0,0,none,,,,0.0,91.7788,3.6081,11.4827,0.6531,0.0,594.0,387.36,0.0,13.8847
hnd,296,compound,,UNLABELED,292.32,73.38,295.44,68.43,3.12,4.95,15.444,7.4536,25.2483,293.88,70.905,0.6303,45,2,0,1,rgb,0,0,0,0,none,,,,0.0,92.1564,3.0701,90.0,4.95,0.0,594.0,387.36,0.0,13.8159
hnd,297,path,,UNLABELED,295.9,73.38,298.6,68.43,2.7,4.95,13.3651,6.5341,23.42,297.25,70.905,0.5455,13,1,0,1,rgb,0,0,0,0,none,,,,0.0,82.4318,2.6498,90.0,4.95,0.0,594.0,387.36,0.0,13.3651
hnd,298,compound,,UNLABELED,298.97,73.56,304.2,68.33,5.23,5.23,27.3529,9.8545,33.9904,301.585,70.945,1.0,114,2,0,1,rgb,0,0,0,0,none,,,,0.0,129.4259,1.0785,134.4985,1.6122,0.0,594.0,387.36,0.0,22.9206
hnd,299,path,,UNLABELED,304.71,73.38,308.38,68.33,3.67,5.05,18.5335,7.0555,23.849,306.545,70.855,0.7267,51,1,0,1,rgb,0,0,0,0,none,,,,0.0,105.3824,1.3785,90.0,3.13,0.0,594.0,387.36,0.0,17.117
hnd,300,path,,UNLABELED,309.22,73.38,309.87,68.43,0.65,4.95,3.2175,3.2175,11.2,309.545,70.905,0.1313,5,1,0,1,rgb,0,0,0,0,none,,,,0.0,88.7249,59.7106,90.0,4.95,0.0,594.0,387.36,0.0,3.2175
hnd,301,compound,,UNLABELED,310.75,73.38,313.88,68.43,3.13,4.95,15.4936,7.4908,25.2734,312.315,70.905,0.6323,45,2,0,1,rgb,0,0,0,0,none,,,,0.0,92.1064,3.0675,90.0,4.95,0.0,594.0,387.36,0.0,13.8459
hnd,302,path,,UNLABELED,314.34,73.38,317.03,68.43,2.69,4.95,13.3155,6.5176,23.36,315.685,70.905,0.5434,13,1,0,1,rgb,0,0,0,0,none,,,,0.0,82.4929,2.6714,90.0,4.95,0.0,594.0,387.36,0.0,13.3155
hnd,303,compound,,UNLABELED,317.78,73.38,321.63,68.43,3.85,4.95,19.0576,8.1094,26.6997,319.705,70.905,0.7778,72,2,0,1,rgb,0,0,0,0,none,,,,0.0,88.8187,2.7489,90.0,4.95,0.0,594.0,387.36,0.0,16.4211
hnd,304,path,,UNLABELED,322.26,69.07,322.99,68.33,0.73,0.74,0.5402,0.4123,2.2918,322.625,68.7,0.9865,17,1,0,1,rgb,0,0,0,0,none,,,,0.0,89.5668,1.1345,11.3211,0.153,0.0,594.0,387.36,0.0,0.4123
hnd,305,compound,,UNLABELED,123.42,505.42,143.8,493.45,20.38,11.97,243.9487,110.7902,113.82,133.61,499.435,1.7026,10,2,0,1,rgb,149,81,1,0,none,,,,0.0,7.3963,3.4656,0.0,20.38,0.0,594.0,387.36,0.0,243.9487
hnd,306,compound,,UNLABELED,118.24,359.73,138.62,347.76,20.38,11.97,243.9486,110.7094,113.84,128.43,353.745,1.7026,10,2,0,1,rgb,149,81,1,0,none,,,,0.0,7.3932,3.4672,0.0,20.38,0.0,594.0,387.36,0.0,243.9486
hnd,307,path,,UNLABELED,137.89,353.5,147.66,353.5,9.77,0.0,0.0,0.0,9.77,142.775,353.5,0.0,2,1,0,0,none,,,,1,rgb,149,81,1,0.78,0.0,1000000.0,0.0,9.77,0.0,594.0,387.36,0.0,0.0
hnd,308,path,,UNLABELED,203.3,114.25,224.92,90.62,21.62,23.63,510.8806,510.8806,90.5,214.11,102.435,0.9149,5,1,0,0,none,,,,1,rgb,0,0,0,0.39,120.9468,1.4637,90.0,23.63,0.0,594.0,387.36,0.0,510.8806
hnd,309,path,,UNLABELED,147.24,360.52,175.16,343.2,27.92,17.32,483.5741,366.2233,71.272,161.2,351.86,1.612,17,1,0,0,none,,,,1,rgb,149,81,1,0.78,2.4667,2.9374,9.4272,5.3725,0.0,594.0,387.36,0.0,366.2233
hnd,310,path,,UNLABELED,149.95,487.64,175.45,466.13,25.5,21.51,548.5047,417.3857,73.2943,162.7,476.885,1.1855,17,1,0,0,none,,,,1,rgb,149,81,1,0.78,1.3185,1.5744,171.8534,4.9398,0.0,594.0,387.36,0.0,417.3857
hnd,311,path,,UNLABELED,143.52,493.61,154.75,485.2,11.23,8.41,94.4443,0.0,14.03,149.135,489.405,1.3353,2,1,0,0,none,,,,1,rgb,149,81,1,0.78,143.1709,1000000.0,143.1709,14.03,0.0,594.0,387.36,0.0,0.0
hnd,312,path,,UNLABELED,128.14,501.54,131.46,496.94,3.32,4.6,15.272,6.5815,24.0,129.8,499.24,0.7217,13,1,0,1,rgb,149,81,1,0,none,,,,0.0,90.9754,2.0247,90.0,4.6,0.0,594.0,387.36,0.0,15.272
hnd,313,path,,UNLABELED,132.28,501.71,135.22,496.86,2.94,4.85,14.259,5.4271,20.5215,133.75,499.285,0.6062,91,1,0,1,rgb,149,81,1,0,none,,,,0.0,91.7694,3.6096,12.2248,0.6139,0.0,594.0,387.36,0.0,11.9695
hnd,314,path,,UNLABELED,138.29,501.54,139.6,496.94,1.31,4.6,6.026,2.6724,11.5921,138.945,499.24,0.2848,7,1,0,1,rgb,149,81,1,0,none,,,,0.0,95.2382,23.0277,90.0,4.6,0.0,594.0,387.36,0.0,4.3084
hnd,315,path,,UNLABELED,122.45,355.84,125.77,351.24,3.32,4.6,15.272,6.5603,24.02,124.11,353.54,0.7217,13,1,0,1,rgb,149,81,1,0,none,,,,0.0,90.9715,2.0244,90.0,4.6,0.0,594.0,387.36,0.0,15.272
hnd,316,path,,UNLABELED,126.59,356.01,129.52,351.16,2.93,4.85,14.2104,5.4171,20.5085,128.055,353.585,0.6041,91,1,0,1,rgb,149,81,1,0,none,,,,0.0,91.7574,3.6073,12.2242,0.6139,0.0,594.0,387.36,0.0,11.9561
hnd,317,path,,UNLABELED,132.16,356.01,135.1,351.24,2.94,4.77,14.0238,5.2132,20.7028,133.63,353.625,0.6164,47,1,0,1,rgb,149,81,1,0,none,,,,0.0,100.7551,1.9581,51.1736,3.2219,0.0,594.0,387.36,0.0,12.9868
hnd,318,path,,UNLABELED,362.01,529.78,365.75,526.17,3.74,3.61,13.5014,5.8937,11.9316,363.88,527.975,1.036,10,1,0,1,rgb,0,0,0,0,none,,,,0.0,112.0358,1.0487,149.4524,1.4166,0.0,594.0,387.36,0.0,9.488
hnd,319,path,,UNLABELED,62.81,56.6,64.03,52.36,1.22,4.24,5.1728,2.2748,10.7076,63.42,54.48,0.2877,7,1,0,1,rgb,0,0,0,0,none,,,,0.0,95.3019,22.5866,90.0,4.24,0.0,594.0,387.36,0.0,3.6885
hnd,320,path,,UNLABELED,66.16,56.6,67.37,52.36,1.21,4.24,5.1304,2.2724,10.6923,66.765,54.48,0.2854,7,1,0,1,rgb,0,0,0,0,none,,,,0.0,95.2742,22.8634,90.0,4.24,0.0,594.0,387.36,0.0,3.6673
hnd,321,path,,UNLABELED,68.97,56.6,71.81,52.28,2.84,4.3199,12.2687,4.3731,19.1175,70.39,54.44,0.6574,67,1,0,1,rgb,0,0,0,0,none,,,,0.0,71.1915,2.6028,73.1562,2.2777,0.0,594.0,387.36,0.0,9.469
hnd,322,compound,,UNLABELED,72.42,56.61,74.34,54.69,1.92,1.92,3.6864,2.0658,9.2625,73.38,55.65,1.0,34,2,0,1,rgb,0,0,0,0,none,,,,0.0,90.1852,1.1229,9.9272,0.4061,0.0,594.0,387.36,0.0,2.8749
hnd,323,compound,,UNLABELED,74.81,56.76,77.72,52.28,2.91,4.48,13.0367,4.8916,20.713,76.265,54.52,0.6496,98,2,0,1,rgb,0,0,0,0,none,,,,0.0,90.017,2.6329,104.7432,0.3929,0.0,594.0,387.36,0.0,10.3877
hnd,324,compound,,UNLABELED,78.31,56.7599,80.91,52.28,2.6,4.48,11.6479,5.631,22.4796,79.61,54.52,0.5804,127,3,0,1,rgb,0,0,0,0,none,,,,0.0,89.4,2.5455,36.869,0.3,0.0,594.0,387.36,0.0,9.9899
hnd,325,path,,UNLABELED,81.81,52.91,82.44,52.28,0.63,0.63,0.3969,0.3034,1.9666,82.125,52.595,1.0,17,1,0,1,rgb,0,0,0,0,none,,,,0.0,89.3229,1.1026,13.0071,0.1334,0.0,594.0,387.36,0.0,0.3034
hnd,326,path,,UNLABELED,83.19,56.6,86.03,52.28,2.84,4.3199,12.2687,4.372,19.1175,84.61,54.44,0.6574,67,1,0,1,rgb,0,0,0,0,none,,,,0.0,71.2006,2.6038,73.1562,2.2777,0.0,594.0,387.36,0.0,9.4683
hnd,327,path,,UNLABELED,86.55,56.76,87.65,55.11,1.1,1.65,1.815,0.6899,4.1636,87.1,55.935,0.6667,5,1,0,1,rgb,0,0,0,0,none,,,,0.0,67.4098,15.1229,62.2103,1.673,0.0,594.0,387.36,0.0,0.6899
hnd,328,path,,UNLABELED,87.95,56.7599,93.92,52.2,5.97,4.56,27.2232,7.6856,30.5309,90.935,54.4799,1.3092,11,1,0,1,rgb,0,0,0,0,none,,,,0.0,153.1014,1.2663,112.0254,4.7464,0.0,594.0,387.36,0.0,18.9356
hnd,329,path,,UNLABELED,335.47,56.67,336.69,52.43,1.22,4.24,5.1728,2.2748,10.7076,336.08,54.55,0.2877,7,1,0,1,rgb,0,0,0,0,none,,,,0.0,95.302,22.5863,90.0,4.24,0.0,594.0,387.36,0.0,3.6885
hnd,330,path,,UNLABELED,338.82,56.67,340.03,52.43,1.21,4.24,5.1304,2.2724,10.6922,339.425,54.55,0.2854,7,1,0,1,rgb,0,0,0,0,none,,,,0.0,95.2742,22.8634,90.0,4.24,0.0,594.0,387.36,0.0,3.6673
hnd,331,path,,UNLABELED,341.63,56.67,344.47,52.35,2.84,4.3199,12.2686,4.3606,19.0983,343.05,54.51,0.6574,67,1,0,1,rgb,0,0,0,0,none,,,,0.0,71.281,2.6037,73.1568,2.2777,0.0,594.0,387.36,0.0,9.4486
hnd,332,compound,,UNLABELED,345.08,56.68,347.0,54.77,1.92,1.91,3.6672,2.0592,9.2509,346.04,55.725,1.0053,34,2,0,1,rgb,0,0,0,0,none,,,,0.0,90.1772,1.1195,170.0726,0.4061,0.0,594.0,387.36,0.0,2.8668
hnd,333,compound,,UNLABELED,347.47,56.83,350.38,52.35,2.91,4.48,13.0368,4.8852,20.71,348.925,54.59,0.6496,98,2,0,1,rgb,0,0,0,0,none,,,,0.0,90.0113,2.6296,104.7442,0.3929,0.0,594.0,387.36,0.0,10.3812
hnd,334,path,,UNLABELED,350.89,56.67,353.96,52.35,3.07,4.3199,13.2623,3.5413,15.5003,352.425,54.51,0.7107,7,1,0,1,rgb,0,0,0,0,none,,,,0.0,64.4742,3.63,58.3773,5.0732,0.0,594.0,387.36,0.0,7.4573
hnd,335,path,,UNLABELED,354.47,52.98,355.1,52.35,0.63,0.63,0.3969,0.3012,1.9596,354.785,52.665,1.0,17,1,0,1,rgb,0,0,0,0,none,,,,0.0,89.2372,1.0873,13.0064,0.1334,0.0,594.0,387.36,0.0,0.3012
hnd,336,path,,UNLABELED,355.85,56.67,358.69,52.35,2.84,4.3199,12.2686,4.3697,19.1232,357.27,54.51,0.6574,67,1,0,1,rgb,0,0,0,0,none,,,,0.0,71.204,2.6029,73.156,2.2777,0.0,594.0,387.36,0.0,9.466
hnd,337,path,,UNLABELED,359.21,56.83,360.31,55.18,1.1,1.65,1.815,0.6915,4.1581,359.76,56.005,0.6667,5,1,0,1,rgb,0,0,0,0,none,,,,0.0,67.3671,14.9495,62.2103,1.673,0.0,594.0,387.36,0.0,0.6915
hnd,338,path,,UNLABELED,360.61,56.83,366.58,52.27,5.97,4.56,27.2232,7.6856,30.5309,363.595,54.55,1.3092,11,1,0,1,rgb,0,0,0,0,none,,,,0.0,153.1012,1.2663,112.0254,4.7464,0.0,594.0,387.36,0.0,18.9356
hnd,339,path,,UNLABELED,218.75,199.41,221.6,194.56,2.85,4.85,13.8225,5.0486,20.447,220.175,196.985,0.5876,98,1,0,1,rgb,0,0,0,0,none,,,,0.0,88.5724,3.6742,178.997,0.5701,0.0,594.0,387.36,0.0,11.8805
hnd,340,path,,UNLABELED,222.21,199.19,225.3,194.5,3.09,4.69,14.4922,5.1185,20.7109,223.755,196.845,0.6589,67,1,0,1,rgb,0,0,0,0,none,,,,0.0,70.3637,2.605,72.5907,2.4733,0.0,594.0,387.36,0.0,11.1223
hnd,341,compound,,UNLABELED,226.09,199.15,228.99,194.51,2.9,4.64,13.456,6.4069,23.4889,227.54,196.83,0.625,45,2,0,1,rgb,0,0,0,0,none,,,,0.0,91.2609,3.0589,89.1283,4.6005,0.0,594.0,387.36,0.0,11.9247
hnd,342,path,,UNLABELED,178.31,113.69,181.16,108.84,2.85,4.85,13.8225,5.0508,20.4658,179.735,111.265,0.5876,98,1,0,1,rgb,0,0,0,0,none,,,,0.0,89.4426,3.6706,0.0,0.57,0.0,594.0,387.36,0.0,11.8853
hnd,343,path,,UNLABELED,181.78,113.52,184.86,108.84,3.08,4.68,14.4145,5.1308,20.7204,183.32,111.18,0.6581,67,1,0,1,rgb,0,0,0,0,none,,,,0.0,71.1938,2.6071,73.3231,2.4741,0.0,594.0,387.36,0.0,11.1266
hnd,344,path,,UNLABELED,185.66,113.52,187.66,108.92,2.0,4.6,9.2,3.474,13.2,186.66,111.22,0.4348,7,1,0,1,rgb,0,0,0,0,none,,,,0.0,100.4862,10.2887,90.0,4.6,0.0,594.0,387.36,0.0,6.337
hnd,345,path,,UNLABELED,229.15,345.11,233.84,342.03,4.69,3.08,14.4452,5.1291,20.7308,231.495,343.57,1.5227,67,1,0,1,rgb,0,0,0,0,none,,,,0.0,161.3145,2.6072,163.3231,2.4741,0.0,594.0,387.36,0.0,11.129
hnd,346,compound,,UNLABELED,229.15,341.48,234.01,338.33,4.86,3.15,15.309,5.7208,22.4409,231.58,339.905,1.5429,98,2,0,1,rgb,0,0,0,0,none,,,,0.0,0.0041,2.6287,164.9817,0.4245,0.0,594.0,387.36,0.0,12.1819
hnd,347,compound,,UNLABELED,229.15,337.86,234.01,334.71,4.86,3.15,15.309,5.7287,22.4381,231.58,336.285,1.5429,98,2,0,1,rgb,0,0,0,0,none,,,,0.0,0.0143,2.631,15.0163,0.4245,0.0,594.0,387.36,0.0,12.1809
hnd,348,path,,UNLABELED,229.24,333.69,233.84,332.38,4.6,1.31,6.026,2.6724,11.5921,231.54,333.035,3.5114,7,1,0,1,rgb,0,0,0,0,none,,,,0.0,5.2383,23.0273,0.0,4.6,0.0,594.0,387.36,0.0,4.3084
hnd,349,path,,UNLABELED,229.24,328.96,233.84,325.47,4.6,3.49,16.054,5.5501,21.5188,231.54,327.215,1.3181,13,1,0,1,rgb,0,0,0,0,none,,,,0.0,179.1041,2.6998,150.7376,2.9459,0.0,594.0,387.36,0.0,15.479
hnd,350,path,,UNLABELED,229.15,323.27,233.84,319.95,4.69,3.32,15.5708,4.1534,16.7925,231.495,321.61,1.4126,7,1,0,1,rgb,0,0,0,0,none,,,,0.0,154.5777,3.6471,148.4469,5.5037,0.0,594.0,387.36,0.0,8.7468
hnd,351,path,,UNLABELED,229.15,319.76,233.84,316.68,4.69,3.08,14.4451,5.138,20.7213,231.495,318.22,1.5227,67,1,0,1,rgb,0,0,0,0,none,,,,0.0,161.294,2.6083,163.3231,2.4741,0.0,594.0,387.36,0.0,11.128
hnd,352,compound,,UNLABELED,190.81,330.23,195.66,327.25,4.85,2.98,14.4529,5.2304,20.0555,193.235,328.74,1.6275,70,2,0,1,rgb,0,0,0,0,none,,,,0.0,165.5603,1.5892,143.4329,2.652,0.0,594.0,387.36,0.0,9.6592
hnd,353,path,,UNLABELED,190.8,326.72,195.48,323.64,4.68,3.08,14.4145,5.1387,20.6907,193.14,325.18,1.5195,67,1,0,1,rgb,0,0,0,0,none,,,,0.0,160.8801,2.6056,163.0338,2.4674,0.0,594.0,387.36,0.0,11.1163
hnd,354,compound,,UNLABELED,190.78,323.08,195.63,319.93,4.85,3.15,15.2775,5.7305,22.438,193.205,321.505,1.5397,98,2,0,1,rgb,0,0,0,0,none,,,,0.0,179.7051,2.6315,164.9797,0.4245,0.0,594.0,387.36,0.0,12.1852
hnd,355,path,,UNLABELED,190.84,318.9,195.44,317.58,4.6,1.32,6.0719,2.6902,11.6022,193.14,318.24,3.4849,7,1,0,1,rgb,0,0,0,0,none,,,,0.0,4.9329,22.7574,179.6264,4.6001,0.0,594.0,387.36,0.0,4.3262
hnd,356,path,,UNLABELED,190.81,314.19,195.42,310.7,4.61,3.49,16.0889,5.5565,21.4897,193.115,312.445,1.3209,13,1,0,1,rgb,0,0,0,0,none,,,,0.0,178.8166,2.6955,150.3996,2.9558,0.0,594.0,387.36,0.0,15.4795
hnd,357,path,,UNLABELED,190.79,308.01,195.39,306.69,4.6,1.32,6.072,2.6675,11.6022,193.09,307.35,3.4848,7,1,0,1,rgb,0,0,0,0,none,,,,0.0,5.0434,22.6514,179.7501,4.59,0.0,594.0,387.36,0.0,4.3239
hnd,358,compound,,UNLABELED,190.69,304.96,195.54,301.81,4.85,3.15,15.2775,5.7321,22.4381,193.115,303.385,1.5397,98,2,0,1,rgb,0,0,0,0,none,,,,0.0,179.7261,2.6329,164.9797,0.4245,0.0,594.0,387.36,0.0,12.1874
hnd,359,compound,,UNLABELED,190.67,301.34,195.52,298.19,4.85,3.15,15.2775,5.732,22.437,193.095,299.765,1.5397,98,2,0,1,rgb,0,0,0,0,none,,,,0.0,179.7139,2.6317,164.9797,0.4245,0.0,594.0,387.36,0.0,12.1789
hnd,360,path,,UNLABELED,203.9,56.53,205.11,52.29,1.21,4.24,5.1304,2.2724,10.6923,204.505,54.41,0.2854,7,1,0,1,rgb,0,0,0,0,none,,,,0.0,95.2742,22.8632,90.0,4.24,0.0,594.0,387.36,0.0,3.6674
hnd,361,path,,UNLABELED,207.24,56.53,208.46,52.29,1.22,4.24,5.1728,2.3125,10.7076,207.85,54.41,0.2877,7,1,0,1,rgb,0,0,0,0,none,,,,0.0,95.2771,22.5917,90.0,4.24,0.0,594.0,387.36,0.0,3.7074
hnd,362,path,,UNLABELED,210.06,56.53,212.9,52.21,2.84,4.3199,12.2686,4.3564,19.1071,211.48,54.37,0.6574,67,1,0,1,rgb,0,0,0,0,none,,,,0.0,71.2771,2.6021,73.2283,2.2872,0.0,594.0,387.36,0.0,9.4592
hnd,363,compound,,UNLABELED,213.51,56.54,215.42,54.62,1.91,1.92,3.6672,2.051,9.2664,214.465,55.58,0.9948,34,2,0,1,rgb,0,0,0,0,none,,,,0.0,90.0884,1.1295,10.1766,0.3962,0.0,594.0,387.36,0.0,2.8665
hnd,364,compound,,UNLABELED,215.9,56.69,218.81,52.21,2.91,4.48,13.0368,4.8765,20.7143,217.355,54.45,0.6496,98,2,0,1,rgb,0,0,0,0,none,,,,0.0,90.013,2.6265,75.2558,0.3929,0.0,594.0,387.36,0.0,10.3826
hnd,365,compound,,UNLABELED,219.4,56.69,221.99,52.21,2.59,4.48,11.6031,5.6211,22.4465,220.695,54.45,0.5781,127,3,0,1,rgb,0,0,0,0,none,,,,0.0,89.4001,2.5549,38.0464,0.2921,0.0,594.0,387.36,0.0,9.967
hnd,366,path,,UNLABELED,222.9,52.84,223.53,52.21,0.63,0.63,0.3969,0.3008,1.9579,223.215,52.525,1.0,17,1,0,1,rgb,0,0,0,0,none,,,,0.0,90.1161,1.1221,14.05,0.1237,0.0,594.0,387.36,0.0,0.3008
hnd,367,compound,,UNLABELED,224.29,56.69,227.2,52.21,2.91,4.48,13.0368,4.8865,20.7072,225.745,54.45,0.6496,98,2,0,1,rgb,0,0,0,0,none,,,,0.0,89.9894,2.6288,104.7442,0.3929,0.0,594.0,387.36,0.0,10.3823
hnd,368,path,,UNLABELED,227.63,56.69,228.73,55.04,1.1,1.65,1.815,0.6983,4.1631,228.18,55.865,0.6667,5,1,0,1,rgb,0,0,0,0,none,,,,0.0,67.5755,14.6462,62.3544,1.6595,0.0,594.0,387.36,0.0,0.6983
hnd,369,path,,UNLABELED,229.04,56.69,235.01,52.13,5.97,4.56,27.2232,7.6724,30.5496,232.025,54.41,1.3092,11,1,0,1,rgb,0,0,0,0,none,,,,0.0,153.1588,1.2612,67.9746,4.7464,0.0,594.0,387.36,0.0,18.9356
hnd,370,path,,UNLABELED,328.16,192.29,330.79,187.82,2.63,4.47,11.7561,4.2961,18.8864,329.475,190.055,0.5884,98,1,0,1,rgb,0,0,0,0,none,,,,0.0,89.4542,3.6726,0.0,0.52,0.0,594.0,387.36,0.0,10.1097
hnd,371,path,,UNLABELED,331.37,192.14,334.21,187.82,2.84,4.32,12.2688,4.3704,19.1224,332.79,189.98,0.6574,67,1,0,1,rgb,0,0,0,0,none,,,,0.0,71.2517,2.6068,73.2294,2.2873,0.0,594.0,387.36,0.0,9.4576
hnd,372,compound,,UNLABELED,334.82,192.15,336.74,190.23,1.92,1.92,3.6865,2.0623,9.2534,335.78,191.19,1.0,34,2,0,1,rgb,0,0,0,0,none,,,,0.0,90.1733,1.1225,9.9274,0.4061,0.0,594.0,387.36,0.0,2.8699
hnd,373,path,,UNLABELED,337.2,192.14,340.04,187.82,2.84,4.32,12.2688,4.3641,19.1148,338.62,189.98,0.6574,67,1,0,1,rgb,0,0,0,0,none,,,,0.0,71.2309,2.6055,73.2294,2.2873,0.0,594.0,387.36,0.0,9.4553
hnd,374,compound,,UNLABELED,340.71,192.29,343.3,187.82,2.59,4.47,11.5773,5.6284,22.4695,342.005,190.055,0.5794,127,3,0,1,rgb,0,0,0,0,none,,,,0.0,89.3939,2.549,36.8711,0.3,0.0,594.0,387.36,0.0,9.9803
hnd,375,path,,UNLABELED,344.21,188.44,344.84,187.82,0.63,0.62,0.3906,0.3022,1.9627,344.525,188.13,1.0161,17,1,0,1,rgb,0,0,0,0,none,,,,0.0,89.2561,1.0879,8.7411,0.1315,0.0,594.0,387.36,0.0,0.3022
hnd,376,compound,,UNLABELED,345.6,192.29,348.51,187.82,2.91,4.47,13.0077,4.8749,20.706,347.055,190.055,0.651,98,2,0,1,rgb,0,0,0,0,none,,,,0.0,89.9976,2.6282,75.2558,0.3929,0.0,594.0,387.36,0.0,10.3739
hnd,377,path,,UNLABELED,348.95,192.29,350.05,190.64,1.1,1.65,1.815,0.6915,4.158,349.5,191.465,0.6667,5,1,0,1,rgb,0,0,0,0,none,,,,0.0,67.3667,14.9483,62.2093,1.6729,0.0,594.0,387.36,0.0,0.6915
hnd,378,path,,UNLABELED,350.82,192.34,354.52,187.72,3.7,4.62,17.0942,6.3853,25.4451,352.67,190.03,0.8009,9,1,0,1,rgb,0,0,0,0,none,,,,0.0,67.5369,1.7633,133.0674,4.613,0.0,594.0,387.36,0.0,16.4096
hnd,379,compound,,UNLABELED,170.72,119.3,175.14,114.47,4.42,4.83,21.3487,5.9874,22.3124,172.93,116.885,0.9151,12,2,0,1,rgb,0,0,0,0,none,,,,0.0,90.2257,1.2406,65.4132,5.3116,0.0,594.0,387.36,0.0,10.6743
hnd,380,compound,,UNLABELED,171.44,129.87,174.08,125.28,2.64,4.59,12.1176,6.5873,23.6476,172.76,127.575,0.5752,77,3,0,1,rgb,0,0,0,0,none,,,,0.0,96.1197,4.6661,90.0,4.59,0.0,594.0,387.36,0.0,10.5009
hnd,381,path,,UNLABELED,203.06,204.39,206.75,199.54,3.69,4.85,17.8965,5.1068,20.0702,204.905,201.965,0.7608,75,1,0,1,rgb,0,0,0,0,none,,,,0.0,88.5028,2.3191,91.6594,0.6903,0.0,594.0,387.36,0.0,14.8966
hnd,382,path,,UNLABELED,172.28,204.39,175.97,199.54,3.69,4.85,17.8965,5.0976,20.0685,174.125,201.965,0.7608,75,1,0,1,rgb,0,0,0,0,none,,,,0.0,88.4968,2.3139,91.6837,0.6803,0.0,594.0,387.36,0.0,14.8976
hnd,383,compound,,UNLABELED,201.67,281.27,205.26,276.67,3.59,4.6,16.514,6.9931,24.7936,203.465,278.97,0.7804,72,2,0,1,rgb,0,0,0,0,none,,,,0.0,89.214,2.7421,90.4981,4.6002,0.0,594.0,387.36,0.0,14.1581
hnd,384,compound,,UNLABELED,173.21,281.06,176.8,276.45,3.59,4.61,16.5498,7.0078,24.7796,175.005,278.755,0.7787,72,2,0,1,rgb,0,0,0,0,none,,,,0.0,89.2225,2.7472,90.4981,4.6002,0.0,594.0,387.36,0.0,14.1651
hnd,385,path,,UNLABELED,237.74,207.5,240.69,202.74,2.95,4.76,14.0421,5.2093,20.6979,239.215,205.12,0.6197,47,1,0,1,rgb,0,0,0,0,none,,,,0.0,100.9131,1.9526,51.0354,3.2282,0.0,594.0,387.36,0.0,12.9815
hnd,386,compound,,UNLABELED,241.09,207.57,244.4,202.74,3.31,4.83,15.9873,5.1311,19.8855,242.745,205.155,0.6853,15,2,0,1,rgb,0,0,0,0,none,,,,0.0,84.2114,2.3636,56.0877,5.0007,0.0,594.0,387.36,0.0,8.2997
hnd,387,path,,UNLABELED,244.94,207.33,248.26,202.65,3.32,4.68,15.5377,4.1465,16.7755,246.6,204.99,0.7094,7,1,0,1,rgb,0,0,0,0,none,,,,0.0,64.4871,3.6362,58.3926,5.4952,0.0,594.0,387.36,0.0,8.7281
hnd,388,path,,UNLABELED,248.45,207.33,251.53,202.65,3.08,4.68,14.4145,5.124,20.6892,249.99,204.99,0.6581,67,1,0,1,rgb,0,0,0,0,none,,,,0.0,71.2266,2.6004,73.0339,2.4674,0.0,594.0,387.36,0.0,11.0949
hnd,389,path,,UNLABELED,238.53,213.82,241.03,209.22,2.5,4.6,11.5,5.6057,21.72,239.78,211.52,0.5435,13,1,0,1,rgb,0,0,0,0,none,,,,0.0,82.5057,2.6707,90.0,4.6,0.0,594.0,387.36,0.0,11.5
hnd,390,path,,UNLABELED,241.79,213.82,243.79,209.22,2.0,4.6,9.2,3.474,13.2,242.79,211.52,0.4348,7,1,0,1,rgb,0,0,0,0,none,,,,0.0,100.4862,10.2887,90.0,4.6,0.0,594.0,387.36,0.0,6.337
hnd,391,path,,UNLABELED,244.23,213.82,246.73,209.22,2.5,4.6,11.5,5.6057,21.72,245.48,211.52,0.5435,13,1,0,1,rgb,0,0,0,0,none,,,,0.0,82.5057,2.6707,90.0,4.6,0.0,594.0,387.36,0.0,11.5
hnd,392,path,,UNLABELED,246.98,213.82,250.98,208.99,4.0,4.83,19.3199,5.0294,19.0096,248.98,211.405,0.8282,7,1,0,1,rgb,0,0,0,0,none,,,,0.0,97.6409,1.9274,112.4935,5.2277,0.0,594.0,387.36,0.0,9.66
hnd,393,path,,UNLABELED,228.72,229.17,233.57,226.32,4.85,2.85,13.8224,5.0472,20.4609,231.145,227.745,1.7018,98,1,0,1,rgb,0,0,0,0,none,,,,0.0,179.425,3.6707,90.0,0.57,0.0,594.0,387.36,0.0,11.8819
hnd,394,compound,,UNLABELED,228.81,225.84,233.64,222.52,4.83,3.32,16.0356,5.1524,19.8828,231.225,224.18,1.4548,15,2,0,1,rgb,0,0,0,0,none,,,,0.0,174.1287,2.3492,146.0874,5.0007,0.0,594.0,387.36,0.0,8.3264
hnd,395,compound,,UNLABELED,228.72,221.9,233.57,218.92,4.85,2.98,14.4531,5.2456,20.0053,231.145,220.41,1.6275,70,2,0,1,rgb,0,0,0,0,none,,,,0.0,165.1889,1.5674,143.6064,2.6461,0.0,594.0,387.36,0.0,9.6103
hnd,396,path,,UNLABELED,228.72,218.11,229.4,217.43,0.68,0.68,0.4624,0.353,2.1208,229.06,217.77,1.0,17,1,0,1,rgb,0,0,0,0,none,,,,0.0,179.4952,1.0976,102.0931,0.1432,0.0,594.0,387.36,0.0,0.353
hnd,397,path,,UNLABELED,228.72,216.63,233.4,213.55,4.68,3.08,14.4143,5.1152,20.6821,231.06,215.09,1.5195,67,1,0,1,rgb,0,0,0,0,none,,,,0.0,161.2209,2.6031,163.0338,2.4674,0.0,594.0,387.36,0.0,11.0875
hnd,398,compound,,UNLABELED,231.34,212.89,233.41,210.82,2.07,2.07,4.2849,2.4026,10.0219,232.375,211.855,1.0,34,2,0,1,rgb,0,0,0,0,none,,,,0.0,0.0578,1.1265,169.2138,0.4276,0.0,594.0,387.36,0.0,3.3554
hnd,399,path,,UNLABELED,188.37,138.38,193.22,135.53,4.85,2.85,13.8224,5.0458,20.4593,190.795,136.955,1.7018,98,1,0,1,rgb,0,0,0,0,none,,,,0.0,179.4146,3.6709,90.0,0.57,0.0,594.0,387.36,0.0,11.8819
hnd,400,compound,,UNLABELED,188.46,135.05,193.29,131.73,4.83,3.32,16.0356,5.1524,19.8828,190.875,133.39,1.4548,15,2,0,1,rgb,0,0,0,0,none,,,,0.0,174.1287,2.3492,146.0874,5.0007,0.0,594.0,387.36,0.0,8.3264
hnd,401,compound,,UNLABELED,188.37,131.11,193.22,128.13,4.85,2.98,14.4531,5.2492,20.0089,190.795,129.62,1.6275,70,2,0,1,rgb,0,0,0,0,none,,,,0.0,165.2685,1.5661,143.7813,2.6402,0.0,594.0,387.36,0.0,9.6177
hnd,402,path,,UNLABELED,188.37,127.32,189.05,126.64,0.68,0.68,0.4624,0.353,2.1208,188.71,126.98,1.0,17,1,0,1,rgb,0,0,0,0,none,,,,0.0,179.4952,1.0976,102.0931,0.1432,0.0,594.0,387.36,0.0,0.353
hnd,403,path,,UNLABELED,188.37,125.84,193.05,122.76,4.68,3.08,14.4143,5.118,20.6861,190.71,124.3,1.5195,67,1,0,1,rgb,0,0,0,0,none,,,,0.0,161.2316,2.6035,163.0338,2.4674,0.0,594.0,387.36,0.0,11.0942
hnd,404,compound,,UNLABELED,190.99,122.1,193.06,120.03,2.07,2.07,4.2849,2.41,10.0295,192.025,121.065,1.0,34,2,0,1,rgb,0,0,0,0,none,,,,0.0,0.0738,1.1226,99.463,0.4258,0.0,594.0,387.36,0.0,3.3629
hnd,405,compound,,UNLABELED,17.86,40.94,27.39,30.52,9.53,10.42,99.3024,27.7975,48.1458,22.625,35.73,0.9146,12,2,0,1,rgb,0,0,0,0,none,,,,0.0,90.1502,1.2398,65.4029,11.4599,0.0,594.0,387.36,0.0,49.6512
hnd,406,path,,UNLABELED,28.31,40.42,29.6,30.52,1.29,9.9,12.771,12.771,22.38,28.955,35.47,0.1303,5,1,0,1,rgb,0,0,0,0,none,,,,0.0,88.735,60.638,90.0,9.9,0.0,594.0,387.36,0.0,12.771
hnd,407,compound,,UNLABELED,31.45,40.42,37.7,30.52,6.25,9.9,61.8748,29.8252,50.5696,34.575,35.47,0.6313,45,2,0,1,rgb,0,0,0,0,none,,,,0.0,92.14,3.0634,90.0,9.9,0.0,594.0,387.36,0.0,55.3657
hnd,408,compound,,UNLABELED,38.69,40.42,44.19,30.52,5.5,9.9,54.4498,23.7706,39.9999,41.44,35.47,0.5556,52,2,0,1,rgb,0,0,0,0,none,,,,0.0,79.1342,2.5487,90.0,9.9,0.0,594.0,387.36,0.0,39.7089
hnd,409,compound,,UNLABELED,44.56,40.79,55.01,30.34,10.45,10.45,109.2026,34.7729,58.2495,49.785,35.565,1.0,114,2,0,1,rgb,0,0,0,0,none,,,,0.0,90.1421,1.0728,117.8594,0.7918,0.0,594.0,387.36,0.0,85.8928
hnd,410,compound,,UNLABELED,56.3,40.42,62.55,30.52,6.25,9.9,61.8748,29.9093,50.5596,59.425,35.47,0.6313,45,2,0,1,rgb,0,0,0,0,none,,,,0.0,92.1298,3.0662,90.0,9.9,0.0,594.0,387.36,0.0,55.3739
hnd,411,path,,UNLABELED,62.65,40.42,68.66,30.52,6.01,9.9,59.4992,17.8278,31.8201,65.655,35.47,0.6071,9,1,0,1,rgb,0,0,0,0,none,,,,0.0,89.2959,3.4413,90.0,8.81,0.0,594.0,387.36,0.0,38.6635
hnd,412,compound,,UNLABELED,73.52,40.42,81.22,30.52,7.7,9.9,76.2302,32.4833,53.3914,77.37,35.47,0.7778,72,2,0,1,rgb,0,0,0,0,none,,,,0.0,88.7865,2.7449,90.0,9.9,0.0,594.0,387.36,0.0,65.7219
hnd,413,path,,UNLABELED,82.37,40.42,83.66,30.52,1.29,9.9,12.771,12.771,22.3801,83.015,35.47,0.1303,5,1,0,1,rgb,0,0,0,0,none,,,,0.0,88.735,60.6378,90.0,9.9,0.0,594.0,387.36,0.0,12.771
hnd,414,compound,,UNLABELED,84.41,40.94,93.94,30.52,9.53,10.42,99.3025,27.7975,48.1458,89.175,35.73,0.9146,12,2,0,1,rgb,0,0,0,0,none,,,,0.0,90.262,1.2398,114.5971,11.4599,0.0,594.0,387.36,0.0,49.6513
hnd,415,path,,UNLABELED,94.31,40.79,103.84,30.34,9.53,10.45,99.5886,32.6741,57.8186,99.075,35.565,0.912,100,1,0,1,rgb,0,0,0,0,none,,,,0.0,97.4419,1.4425,0.0,3.79,0.0,594.0,387.36,0.0,79.6686
hnd,416,compound,,UNLABELED,105.23,40.42,111.48,30.52,6.25,9.9,61.8748,29.8318,50.5796,108.355,35.47,0.6313,45,2,0,1,rgb,0,0,0,0,none,,,,0.0,92.1281,3.0597,90.0,9.9,0.0,594.0,387.36,0.0,55.3736
hnd,417,compound,,UNLABELED,111.37,40.94,120.91,30.52,9.54,10.42,99.4066,27.8496,48.16,116.14,35.73,0.9155,12,2,0,1,rgb,0,0,0,0,none,,,,0.0,90.2302,1.2386,114.5971,11.4599,0.0,594.0,387.36,0.0,49.7033
hnd,418,path,,UNLABELED,121.08,40.9901,131.98,30.34,10.9,10.65,116.0852,38.5501,69.5886,126.53,35.665,1.0235,13,1,0,1,rgb,0,0,0,0,none,,,,0.0,89.7994,1.3879,100.9727,10.665,0.0,594.0,387.36,0.0,93.8501
hnd,419,path,,UNLABELED,18.33,27.51,21.28,22.74,2.95,4.77,14.0716,5.2163,20.7127,19.805,25.125,0.6184,47,1,0,1,rgb,0,0,0,0,none,,,,0.0,100.8347,1.9551,51.0354,3.2282,0.0,594.0,387.36,0.0,12.9952
hnd,420,path,,UNLABELED,21.81,27.34,24.89,22.66,3.08,4.68,14.4144,5.1315,20.7193,23.35,25.0,0.6581,67,1,0,1,rgb,0,0,0,0,none,,,,0.0,71.2333,2.6023,73.1013,2.4769,0.0,594.0,387.36,0.0,11.1135
hnd,421,path,,UNLABELED,26.0,27.34,27.32,22.74,1.32,4.6,6.072,2.6775,11.6122,26.66,25.04,0.287,7,1,0,1,rgb,0,0,0,0,none,,,,0.0,95.2991,22.6558,90.0,4.6,0.0,594.0,387.36,0.0,4.334
hnd,422,compound,,UNLABELED,29.06,27.5099,32.21,22.66,3.15,4.85,15.2774,5.7192,22.4421,30.635,25.085,0.6495,98,2,0,1,rgb,0,0,0,0,none,,,,0.0,90.004,2.6318,105.0189,0.4245,0.0,594.0,387.36,0.0,12.1819
hnd,423,path,,UNLABELED,32.76,27.34,36.08,22.66,3.32,4.68,15.5376,4.1368,16.7781,34.42,25.0,0.7094,7,1,0,1,rgb,0,0,0,0,none,,,,0.0,64.5255,3.6426,58.3925,5.4952,0.0,594.0,387.36,0.0,8.7302
hnd,424,path,,UNLABELED,309.59,42.26,311.59,37.66,2.0,4.6,9.2,3.433,13.2,310.59,39.96,0.4348,7,1,0,1,rgb,0,0,0,0,none,,,,0.0,100.5501,10.2883,90.0,4.6,0.0,594.0,387.36,0.0,6.3165
hnd,425,compound,,UNLABELED,311.51,42.5,315.93,37.66,4.42,4.84,21.3928,6.0095,22.3306,313.72,40.08,0.9132,12,2,0,1,rgb,0,0,0,0,none,,,,0.0,90.2412,1.244,114.5418,5.3207,0.0,594.0,387.36,0.0,10.6964
hnd,426,path,,UNLABELED,316.19,42.43,319.12,37.58,2.93,4.85,14.2104,5.4215,20.532,317.655,40.005,0.6041,91,1,0,1,rgb,0,0,0,0,none,,,,0.0,91.7653,3.6041,12.2254,0.6139,0.0,594.0,387.36,0.0,11.956
hnd,427,path,,UNLABELED,321.1,42.26,325.1,37.43,4.0,4.83,19.3201,5.0125,19.0034,323.1,39.845,0.8282,7,1,0,1,rgb,0,0,0,0,none,,,,0.0,97.7769,1.9221,112.4933,5.2277,0.0,594.0,387.36,0.0,9.66
hnd,428,path,,UNLABELED,325.6,42.2599,328.1,37.66,2.5,4.6,11.4999,5.6414,21.7,326.85,39.96,0.5435,13,1,0,1,rgb,0,0,0,0,none,,,,0.0,82.4743,2.6741,90.0,4.6,0.0,594.0,387.36,0.0,11.4999
hnd,429,path,,UNLABELED,328.61,42.43,333.04,37.58,4.43,4.85,21.4854,7.0535,26.8696,330.825,40.005,0.9134,100,1,0,1,rgb,0,0,0,0,none,,,,0.0,97.443,1.4413,0.0,1.77,0.0,594.0,387.36,0.0,17.1864
hnd,430,compound,,UNLABELED,333.21,42.5,337.64,37.66,4.43,4.84,21.4413,6.0125,22.3588,335.425,40.08,0.9153,12,2,0,1,rgb,0,0,0,0,none,,,,0.0,90.5827,1.2359,114.6398,5.3249,0.0,594.0,387.36,0.0,10.7206
hnd,431,path,,UNLABELED,337.89,42.43,340.83,37.58,2.94,4.85,14.2589,5.4273,20.5271,339.36,40.005,0.6062,91,1,0,1,rgb,0,0,0,0,none,,,,0.0,91.7647,3.6063,12.2254,0.6139,0.0,594.0,387.36,0.0,11.9709
hnd,432,path,,UNLABELED,341.38,38.34,342.57,36.55,1.19,1.79,2.1301,0.8078,4.5073,341.975,37.445,0.6648,5,1,0,1,rgb,0,0,0,0,none,,,,0.0,67.3461,15.3571,62.4471,1.8159,0.0,594.0,387.36,0.0,0.8078
hnd,433,path,,UNLABELED,345.15,42.48,349.15,37.47,4.0,5.01,20.04,7.4703,27.5696,347.15,39.975,0.7984,9,1,0,1,rgb,0,0,0,0,none,,,,0.0,67.7605,1.7653,132.8911,4.9955,0.0,594.0,387.36,0.0,19.22
hnd,434,path,,UNLABELED,350.04,42.2599,352.54,37.66,2.5,4.6,11.4999,5.6056,21.72,351.29,39.96,0.5435,13,1,0,1,rgb,0,0,0,0,none,,,,0.0,82.5057,2.6707,90.0,4.6,0.0,594.0,387.36,0.0,11.4999
hnd,435,path,,UNLABELED,352.79,42.26,356.79,37.43,4.0,4.83,19.3201,5.0294,19.0096,354.79,39.845,0.8282,7,1,0,1,rgb,0,0,0,0,none,,,,0.0,97.6409,1.9274,112.4933,5.2277,0.0,594.0,387.36,0.0,9.66
hnd,436,compound,,UNLABELED,356.79,42.5,361.21,37.66,4.42,4.84,21.3928,6.0001,22.3446,359.0,40.08,0.9132,12,2,0,1,rgb,0,0,0,0,none,,,,0.0,90.275,1.2428,114.5418,5.3207,0.0,594.0,387.36,0.0,10.6964
hnd,437,compound,,UNLABELED,361.68,42.2599,365.25,37.66,3.57,4.6,16.4219,6.9724,24.8008,363.465,39.96,0.7761,72,2,0,1,rgb,0,0,0,0,none,,,,0.0,88.8092,2.7403,90.0,4.6,0.0,594.0,387.36,0.0,14.1577
hnd,438,compound,,UNLABELED,365.32,42.5,369.74,37.66,4.42,4.84,21.3928,6.0001,22.3446,367.53,40.08,0.9132,12,2,0,1,rgb,0,0,0,0,none,,,,0.0,90.275,1.2428,114.5418,5.3207,0.0,594.0,387.36,0.0,10.6964
hnd,439,path,,UNLABELED,344.63,34.48,346.79,26.96,2.16,7.52,16.2433,4.1813,17.4591,345.71,30.72,0.2872,49,1,0,1,rgb,0,0,0,0,none,,,,0.0,88.4043,11.9626,71.5651,0.5692,0.0,594.0,387.36,0.0,11.5349
hnd,440,path,,UNLABELED,347.38,34.24,353.68,28.11,6.3,6.13,38.619,14.5749,45.9196,350.53,31.175,1.0277,85,1,0,1,rgb,0,0,0,0,none,,,,0.0,90.0818,1.6853,90.0,4.28,0.0,594.0,387.36,0.0,38.619
hnd,441,path,,UNLABELED,354.59,34.24,360.93,28.0,6.34,6.24,39.5617,11.9127,43.775,357.76,31.12,1.016,54,1,0,1,rgb,0,0,0,0,none,,,,0.0,57.2362,2.2616,126.6155,6.3041,0.0,594.0,387.36,0.0,36.4223
hnd,442,compound,,UNLABELED,361.69,34.24,367.47,28.11,5.78,6.13,35.4314,12.3634,37.6057,364.58,31.175,0.9429,96,2,0,1,rgb,0,0,0,0,none,,,,0.0,94.1213,1.5533,90.0,4.25,0.0,594.0,387.36,0.0,32.0267
hnd,443,path,,UNLABELED,368.32,34.48,370.49,26.96,2.17,7.52,16.3185,4.2328,17.4795,369.405,30.72,0.2886,49,1,0,1,rgb,0,0,0,0,none,,,,0.0,86.3346,12.3474,71.8785,0.5787,0.0,594.0,387.36,0.0,11.5904
hnd,444,compound,,UNLABELED,163.54,148.81,168.38,144.39,4.84,4.42,21.3927,5.9701,22.3356,165.96,146.6,1.095,12,2,0,1,rgb,0,0,0,0,none,,,,0.0,179.7403,1.2408,24.4438,5.3165,0.0,594.0,387.36,0.0,10.6854
hnd,445,compound,,UNLABELED,165.39,320.2,170.23,315.78,4.84,4.42,21.3928,5.979,22.3507,167.81,317.99,1.095,12,2,0,1,rgb,0,0,0,0,none,,,,0.0,0.3442,1.2399,24.4441,5.3165,0.0,594.0,387.36,0.0,10.6885
hnd,446,compound,,UNLABELED,160.74,281.49,164.34,276.89,3.6,4.6,16.56,7.0161,24.7923,162.54,279.19,0.7826,72,2,0,1,rgb,0,0,0,0,none,,,,0.0,89.2374,2.7415,90.4992,4.5902,0.0,594.0,387.36,0.0,14.1814
hnd,447,path,,UNLABELED,159.89,204.39,163.58,199.54,3.69,4.85,17.8965,5.0957,20.065,161.735,201.965,0.7608,75,1,0,1,rgb,0,0,0,0,none,,,,0.0,88.5009,2.3141,91.6837,0.6803,0.0,594.0,387.36,0.0,14.8932
hnd,448,path,,UNLABELED,327.88,366.6,330.5,362.12,2.62,4.48,11.7376,4.2927,18.8455,329.19,364.36,0.5848,98,1,0,1,rgb,0,0,0,0,none,,,,0.0,89.426,3.677,0.0,0.52,0.0,594.0,387.36,0.0,10.1058
hnd,449,path,,UNLABELED,331.08,366.44,333.92,362.12,2.84,4.32,12.2688,4.3706,19.1196,332.5,364.28,0.6574,67,1,0,1,rgb,0,0,0,0,none,,,,0.0,71.2058,2.6028,73.1562,2.2777,0.0,594.0,387.36,0.0,9.4685
hnd,450,compound,,UNLABELED,334.53,366.45,336.45,364.53,1.92,1.92,3.6864,2.0678,9.2581,335.49,365.49,1.0,34,2,0,1,rgb,0,0,0,0,none,,,,0.0,90.0062,1.1242,10.1762,0.3962,0.0,594.0,387.36,0.0,2.8749
hnd,451,path,,UNLABELED,336.91,366.44,339.75,362.12,2.84,4.32,12.2688,4.3717,19.1162,338.33,364.28,0.6574,67,1,0,1,rgb,0,0,0,0,none,,,,0.0,71.1601,2.6049,73.1562,2.2777,0.0,594.0,387.36,0.0,9.4675
hnd,452,compound,,UNLABELED,340.42,366.6,343.02,362.12,2.6,4.48,11.648,5.6294,22.4842,341.72,364.36,0.5804,127,3,0,1,rgb,0,0,0,0,none,,,,0.0,89.397,2.5444,36.8687,0.3,0.0,594.0,387.36,0.0,9.9906
hnd,453,path,,UNLABELED,343.92,362.75,344.55,362.12,0.63,0.63,0.3969,0.3008,1.9579,344.235,362.435,1.0,17,1,0,1,rgb,0,0,0,0,none,,,,0.0,89.884,1.1221,75.9655,0.1237,0.0,594.0,387.36,0.0,0.3008
hnd,454,path,,UNLABELED,345.3,366.44,348.14,362.12,2.84,4.32,12.2688,4.3578,19.1062,346.72,364.28,0.6574,67,1,0,1,rgb,0,0,0,0,none,,,,0.0,71.2114,2.6067,73.3975,2.2748,0.0,594.0,387.36,0.0,9.4673
hnd,455,path,,UNLABELED,348.66,366.6,349.76,364.95,1.1,1.65,1.815,0.6915,4.158,349.21,365.775,0.6667,5,1,0,1,rgb,0,0,0,0,none,,,,0.0,67.3667,14.9489,62.2095,1.673,0.0,594.0,387.36,0.0,0.6915
hnd,456,path,,UNLABELED,350.53,366.64,354.23,362.02,3.7,4.62,17.094,6.3798,25.4251,352.38,364.33,0.8009,9,1,0,1,rgb,0,0,0,0,none,,,,0.0,67.5035,1.756,133.0677,4.613,0.0,594.0,387.36,0.0,16.3911
hnd,457,path,,UNLABELED,228.78,492.65,230.11,488.04,1.33,4.61,6.1313,2.6822,11.6004,229.445,490.345,0.2885,7,1,0,1,rgb,0,0,0,0,none,,,,0.0,94.4505,22.573,89.1281,4.6005,0.0,594.0,387.36,0.0,4.3352
hnd,458,path,,UNLABELED,223.64,492.77,227.02,488.08,3.38,4.69,15.8522,4.1398,16.7907,225.33,490.425,0.7207,7,1,0,1,rgb,0,0,0,0,none,,,,0.0,63.7283,3.6196,57.6408,5.493,0.0,594.0,387.36,0.0,8.7535
hnd,459,path,,UNLABELED,221.24,492.76,223.24,488.14,2.0,4.62,9.24,3.4294,13.1714,222.24,490.45,0.4329,7,1,0,1,rgb,0,0,0,0,none,,,,0.0,99.6821,10.2872,89.1262,4.5905,0.0,594.0,387.36,0.0,6.286
hnd,460,path,,UNLABELED,263.35,540.97,265.98,536.49,2.63,4.48,11.7824,4.312,18.8795,264.665,538.73,0.5871,98,1,0,1,rgb,0,0,0,0,none,,,,0.0,89.4413,3.6696,0.0,0.53,0.0,594.0,387.36,0.0,10.1312
hnd,461,path,,UNLABELED,266.55,540.82,269.4,536.49,2.85,4.33,12.3405,4.3836,19.1173,267.975,538.655,0.6582,67,1,0,1,rgb,0,0,0,0,none,,,,0.0,71.2501,2.6082,73.4691,2.2844,0.0,594.0,387.36,0.0,9.497
hnd,462,compound,,UNLABELED,270.01,540.82,271.92,538.91,1.91,1.91,3.6481,2.0349,9.242,270.965,539.865,1.0,34,2,0,1,rgb,0,0,0,0,none,,,,0.0,90.0579,1.1177,10.1751,0.3962,0.0,594.0,387.36,0.0,2.8484
hnd,463,path,,UNLABELED,272.38,540.82,275.23,536.49,2.85,4.33,12.3405,4.3783,19.1284,273.805,538.655,0.6582,67,1,0,1,rgb,0,0,0,0,none,,,,0.0,71.2206,2.6084,73.4691,2.2844,0.0,594.0,387.36,0.0,9.4951
hnd,464,compound,,UNLABELED,275.9,540.97,278.65,536.49,2.75,4.48,12.32,4.4831,18.4773,277.275,538.73,0.6138,70,2,0,1,rgb,0,0,0,0,none,,,,0.0,75.3476,1.5669,53.6452,2.4461,0.0,594.0,387.36,0.0,8.2041
hnd,465,path,,UNLABELED,279.4,537.12,280.02,536.49,0.62,0.63,0.3906,0.2996,1.9539,279.71,536.805,0.9841,17,1,0,1,rgb,0,0,0,0,none,,,,0.0,90.0,1.1245,165.962,0.1237,0.0,594.0,387.36,0.0,0.2996
hnd,466,compound,,UNLABELED,280.79,540.97,283.7,536.49,2.91,4.48,13.0368,4.875,20.7205,282.245,538.73,0.6496,98,2,0,1,rgb,0,0,0,0,none,,,,0.0,90.0192,2.63,75.2556,0.3929,0.0,594.0,387.36,0.0,10.3842
hnd,467,path,,UNLABELED,284.13,540.97,285.23,539.32,1.1,1.65,1.815,0.6983,4.1627,284.68,540.145,0.6667,5,1,0,1,rgb,0,0,0,0,none,,,,0.0,67.5254,14.6952,62.5138,1.6683,0.0,594.0,387.36,0.0,0.6983
hnd,468,path,,UNLABELED,286.01,541.02,289.7,536.4,3.69,4.62,17.0478,6.3724,25.4313,287.855,538.71,0.7987,9,1,0,1,rgb,0,0,0,0,none,,,,0.0,67.7607,1.7708,132.9767,4.6061,0.0,594.0,387.36,0.0,16.3652
hnd,469,path,,UNLABELED,202.47,353.96,205.07,349.31,2.6,4.65,12.09,5.6379,21.7151,203.77,351.635,0.5591,13,1,0,1,rgb,0,0,0,0,none,,,,0.0,83.6211,2.6639,91.2482,4.5911,0.0,594.0,387.36,0.0,11.5157
hnd,470,path,,UNLABELED,176.75,354.1,179.35,349.45,2.6,4.65,12.09,5.6254,21.7152,178.05,351.775,0.5591,13,1,0,1,rgb,0,0,0,0,none,,,,0.0,83.6913,2.662,91.2454,4.6011,0.0,594.0,387.36,0.0,11.4956
hnd,471,path,,UNLABELED,203.63,417.15,205.89,412.5,2.26,4.65,10.509,4.4182,16.9439,204.76,414.825,0.486,11,1,0,1,rgb,0,0,0,0,none,,,,0.0,73.1742,3.9252,91.1208,4.6009,0.0,594.0,387.36,0.0,8.3669
hnd,472,path,,UNLABELED,174.83,417.63,177.1,413.0,2.27,4.63,10.5101,4.4086,16.9522,175.965,415.315,0.4903,11,1,0,1,rgb,0,0,0,0,none,,,,0.0,72.7737,3.9036,90.8719,4.6005,0.0,594.0,387.36,0.0,8.368
hnd,473,path,,UNLABELED,176.52,477.35,180.95,472.5,4.43,4.85,21.4855,7.0538,26.8711,178.735,474.925,0.9134,100,1,0,1,rgb,0,0,0,0,none,,,,0.0,97.4078,1.4417,0.0,1.77,0.0,594.0,387.36,0.0,17.1924
hnd,474,path,,UNLABELED,205.0,488.48,208.34,483.87,3.34,4.61,15.3974,6.5669,24.0003,206.67,486.175,0.7245,13,1,0,1,rgb,0,0,0,0,none,,,,0.0,91.1995,2.0252,90.2492,4.6,0.0,594.0,387.36,0.0,15.2724
hnd,475,path,,UNLABELED,175.96,486.78,179.3,482.17,3.34,4.61,15.3974,6.5574,24.0103,177.63,484.475,0.7245,13,1,0,1,rgb,0,0,0,0,none,,,,0.0,91.1915,2.023,90.2492,4.6,0.0,594.0,387.36,0.0,15.2724
hnd,476,path,,UNLABELED,189.73,492.98,191.04,488.38,1.31,4.6,6.026,2.6724,11.5921,190.385,490.68,0.2848,7,1,0,1,rgb,0,0,0,0,none,,,,0.0,95.2382,23.0277,90.0,4.6,0.0,594.0,387.36,0.0,4.3084
hnd,477,path,,UNLABELED,184.58,493.06,187.9,488.38,3.32,4.68,15.5376,4.1587,16.7811,186.24,490.72,0.7094,7,1,0,1,rgb,0,0,0,0,none,,,,0.0,64.5946,3.6339,58.4814,5.4899,0.0,594.0,387.36,0.0,8.7521
hnd,478,compound,,UNLABELED,181.21,492.98,184.12,488.38,2.91,4.6,13.386,6.4505,23.5083,182.665,490.68,0.6326,45,2,0,1,rgb,0,0,0,0,none,,,,0.0,92.1052,3.0578,90.0,4.6,0.0,594.0,387.36,0.0,11.97
hnd,479,path,,UNLABELED,162.01,498.83,164.96,494.06,2.95,4.77,14.0716,5.2174,20.7068,163.485,496.445,0.6185,47,1,0,1,rgb,0,0,0,0,none,,,,0.0,100.9118,1.9531,51.0353,3.2282,0.0,594.0,387.36,0.0,12.9909
hnd,480,compound,,UNLABELED,165.36,498.89,168.67,494.06,3.31,4.83,15.9873,5.1215,19.9011,167.015,496.475,0.6853,15,2,0,1,rgb,0,0,0,0,none,,,,0.0,84.1917,2.3574,56.0876,5.0007,0.0,594.0,387.36,0.0,8.2996
hnd,481,compound,,UNLABELED,169.12,498.83,172.27,493.97,3.15,4.86,15.309,5.7322,22.4358,170.695,496.4,0.6481,98,2,0,1,rgb,0,0,0,0,none,,,,0.0,90.0136,2.6326,74.9817,0.4245,0.0,594.0,387.36,0.0,12.1807
hnd,482,path,,UNLABELED,172.86,498.83,175.8,494.06,2.94,4.77,14.0238,5.2162,20.7064,174.33,496.445,0.6164,47,1,0,1,rgb,0,0,0,0,none,,,,0.0,100.878,1.9525,51.1737,3.2219,0.0,594.0,387.36,0.0,12.9743
hnd,483,path,,UNLABELED,162.87,505.14,165.37,500.54,2.5,4.6,11.5,5.6415,21.7,164.12,502.84,0.5435,13,1,0,1,rgb,0,0,0,0,none,,,,0.0,82.4744,2.6741,90.0,4.6,0.0,594.0,387.36,0.0,11.5
hnd,484,path,,UNLABELED,166.13,505.14,168.13,500.54,2.0,4.6,9.2,3.474,13.2,167.13,502.84,0.4348,7,1,0,1,rgb,0,0,0,0,none,,,,0.0,100.4862,10.2887,90.0,4.6,0.0,594.0,387.36,0.0,6.337
hnd,485,path,,UNLABELED,168.57,505.14,171.07,500.54,2.5,4.6,11.5,5.6057,21.72,169.82,502.84,0.5435,13,1,0,1,rgb,0,0,0,0,none,,,,0.0,82.5057,2.6707,90.0,4.6,0.0,594.0,387.36,0.0,11.5
hnd,486,path,,UNLABELED,171.32,505.14,175.32,500.31,4.0,4.83,19.32,5.0294,19.0096,173.32,502.725,0.8282,7,1,0,1,rgb,0,0,0,0,none,,,,0.0,97.9114,1.9298,112.5947,5.2315,0.0,594.0,387.36,0.0,9.66
hnd,487,path,,UNLABELED,241.06,488.59,244.0,483.83,2.94,4.76,13.9944,5.2134,20.6968,242.53,486.21,0.6176,47,1,0,1,rgb,0,0,0,0,none,,,,0.0,100.9037,1.9503,51.1737,3.2219,0.0,594.0,387.36,0.0,12.9673
hnd,488,compound,,UNLABELED,244.4,488.66,247.72,483.83,3.32,4.83,16.0356,5.1523,19.8829,246.06,486.245,0.6874,15,2,0,1,rgb,0,0,0,0,none,,,,0.0,84.1289,2.3492,56.0876,5.0007,0.0,594.0,387.36,0.0,8.3263
hnd,489,compound,,UNLABELED,248.17,488.59,251.32,483.74,3.15,4.85,15.2775,5.7277,22.4317,249.745,486.165,0.6495,98,2,0,1,rgb,0,0,0,0,none,,,,0.0,89.9953,2.6303,105.0183,0.4245,0.0,594.0,387.36,0.0,12.1776
hnd,490,compound,,UNLABELED,251.87,488.59,254.85,483.74,2.98,4.85,14.453,5.2293,20.0452,253.36,486.165,0.6144,70,2,0,1,rgb,0,0,0,0,none,,,,0.0,75.8455,1.5906,53.7344,2.6542,0.0,594.0,387.36,0.0,9.6353
hnd,491,path,,UNLABELED,241.84,494.91,244.34,490.31,2.5,4.6,11.5,5.6415,21.7,243.09,492.61,0.5435,13,1,0,1,rgb,0,0,0,0,none,,,,0.0,82.4744,2.6741,90.0,4.6,0.0,594.0,387.36,0.0,11.5
hnd,492,path,,UNLABELED,245.11,494.91,247.11,490.31,2.0,4.6,9.2,3.4331,13.2,246.11,492.61,0.4348,7,1,0,1,rgb,0,0,0,0,none,,,,0.0,100.5501,10.2882,90.0,4.6,0.0,594.0,387.36,0.0,6.3165
hnd,493,path,,UNLABELED,247.54,494.91,250.04,490.31,2.5,4.6,11.5,5.6415,21.7,248.79,492.61,0.5435,13,1,0,1,rgb,0,0,0,0,none,,,,0.0,82.4744,2.6741,90.0,4.6,0.0,594.0,387.36,0.0,11.5
hnd,494,path,,UNLABELED,250.3,494.91,254.3,490.08,4.0,4.83,19.32,5.0125,19.0034,252.3,492.495,0.8282,7,1,0,1,rgb,0,0,0,0,none,,,,0.0,97.777,1.9221,112.4934,5.2277,0.0,594.0,387.36,0.0,9.66
hnd,495,path,,UNLABELED,228.95,481.51,233.55,480.2,4.6,1.31,6.026,2.6724,11.5921,231.25,480.855,3.5114,7,1,0,1,rgb,0,0,0,0,none,,,,0.0,5.2382,23.0273,0.0,4.6,0.0,594.0,387.36,0.0,4.3084
hnd,496,compound,,UNLABELED,228.87,478.37,233.72,475.39,4.85,2.98,14.453,5.2391,20.0383,231.295,476.88,1.6275,70,2,0,1,rgb,0,0,0,0,none,,,,0.0,165.8684,1.5898,143.7346,2.6541,0.0,594.0,387.36,0.0,9.6474
hnd,497,compound,,UNLABELED,228.87,474.67,233.72,471.69,4.85,2.98,14.453,5.2382,20.0136,231.295,473.18,1.6275,70,2,0,1,rgb,0,0,0,0,none,,,,0.0,165.2864,1.566,143.4776,2.638,0.0,594.0,387.36,0.0,9.6108
hnd,498,path,,UNLABELED,228.87,470.89,229.55,470.21,0.68,0.68,0.4624,0.3546,2.1275,229.21,470.55,1.0,17,1,0,1,rgb,0,0,0,0,none,,,,0.0,0.484,1.1092,12.0943,0.1432,0.0,594.0,387.36,0.0,0.3546
hnd,499,path,,UNLABELED,228.87,469.4,233.55,466.32,4.68,3.08,14.4144,5.135,20.7248,231.21,467.86,1.5195,67,1,0,1,rgb,0,0,0,0,none,,,,0.0,161.2541,2.6041,163.3229,2.4741,0.0,594.0,387.36,0.0,11.1269
hnd,500,compound,,UNLABELED,231.48,465.66,233.56,463.59,2.08,2.07,4.3056,2.4077,10.011,232.52,464.625,1.0048,34,2,0,1,rgb,0,0,0,0,none,,,,0.0,0.0217,1.1217,100.7846,0.4275,0.0,594.0,387.36,0.0,3.3548
hnd,501,path,,UNLABELED,191.96,480.96,196.57,479.64,4.61,1.32,6.0852,2.6616,11.5985,194.265,480.3,3.4924,7,1,0,1,rgb,0,0,0,0,none,,,,0.0,4.4692,22.7995,179.2526,4.6004,0.0,594.0,387.36,0.0,4.3143
hnd,502,compound,,UNLABELED,191.83,477.85,196.68,474.87,4.85,2.98,14.453,5.2263,20.0333,194.255,476.36,1.6275,70,2,0,1,rgb,0,0,0,0,none,,,,0.0,165.1138,1.5892,142.9575,2.656,0.0,594.0,387.36,0.0,9.6417
hnd,503,compound,,UNLABELED,191.79,474.13,196.64,471.15,4.85,2.98,14.453,5.2665,20.0265,194.215,472.64,1.6275,70,2,0,1,rgb,0,0,0,0,none,,,,0.0,164.4898,1.5721,143.0001,2.642,0.0,594.0,387.36,0.0,9.6394
hnd,504,path,,UNLABELED,191.75,470.38,192.43,469.7,0.68,0.68,0.4624,0.3542,2.1254,192.09,470.04,1.0,17,1,0,1,rgb,0,0,0,0,none,,,,0.0,0.3886,1.1156,77.9057,0.1432,0.0,594.0,387.36,0.0,0.3542
hnd,505,path,,UNLABELED,191.72,468.89,196.41,465.8,4.69,3.09,14.492,5.1339,20.7098,194.065,467.345,1.5178,67,1,0,1,rgb,0,0,0,0,none,,,,0.0,160.5283,2.6013,162.5906,2.4733,0.0,594.0,387.36,0.0,11.1259
hnd,506,compound,,UNLABELED,194.3,465.12,196.37,463.04,2.07,2.08,4.3056,2.4179,10.0336,195.335,464.08,0.9952,34,2,0,1,rgb,0,0,0,0,none,,,,0.0,179.6353,1.1144,99.2472,0.4357,0.0,594.0,387.36,0.0,3.3696
hnd,507,compound,,UNLABELED,17.86,563.63,27.39,553.22,9.53,10.41,99.2073,27.8072,48.1093,22.625,558.425,0.9155,12,2,0,1,rgb,0,0,0,0,none,,,,0.0,90.1872,1.2372,65.3821,11.4508,0.0,594.0,387.36,0.0,49.6037
hnd,508,path,,UNLABELED,28.31,563.12,29.6,553.22,1.29,9.9,12.771,12.771,22.38,28.955,558.17,0.1303,5,1,0,1,rgb,0,0,0,0,none,,,,0.0,88.735,60.6377,90.0,9.9,0.0,594.0,387.36,0.0,12.771
hnd,509,compound,,UNLABELED,31.45,563.12,37.7,553.22,6.25,9.9,61.875,29.8274,50.54,34.575,558.17,0.6313,45,2,0,1,rgb,0,0,0,0,none,,,,0.0,92.1382,3.0602,90.0,9.9,0.0,594.0,387.36,0.0,55.3387
hnd,510,compound,,UNLABELED,38.69,563.12,44.19,553.22,5.5,9.9,54.45,23.7762,39.9947,41.44,558.17,0.5556,52,2,0,1,rgb,0,0,0,0,none,,,,0.0,79.1596,2.5481,90.0,9.9,0.0,594.0,387.36,0.0,39.7052
hnd,511,compound,,UNLABELED,44.56,563.48,55.01,553.03,10.45,10.45,109.2025,34.7721,58.2576,49.785,558.255,1.0,114,2,0,1,rgb,0,0,0,0,none,,,,0.0,90.1412,1.0733,117.8598,0.7918,0.0,594.0,387.36,0.0,85.9101
hnd,512,compound,,UNLABELED,56.3,563.12,62.55,553.22,6.25,9.9,61.875,29.9113,50.5302,59.425,558.17,0.6313,45,2,0,1,rgb,0,0,0,0,none,,,,0.0,92.1281,3.0629,90.0,9.9,0.0,594.0,387.36,0.0,55.347
hnd,513,path,,UNLABELED,62.65,563.12,68.66,553.22,6.01,9.9,59.499,17.875,31.82,65.655,558.17,0.6071,9,1,0,1,rgb,0,0,0,0,none,,,,0.0,89.2963,3.4368,90.0,8.8,0.0,594.0,387.36,0.0,38.687
hnd,514,compound,,UNLABELED,73.52,563.12,81.22,553.22,7.7,9.9,76.23,32.4892,53.3802,77.37,558.17,0.7778,72,2,0,1,rgb,0,0,0,0,none,,,,0.0,88.8059,2.7436,90.0,9.9,0.0,594.0,387.36,0.0,65.7185
hnd,515,path,,UNLABELED,82.37,563.12,83.66,553.22,1.29,9.9,12.771,12.771,22.38,83.015,558.17,0.1303,5,1,0,1,rgb,0,0,0,0,none,,,,0.0,88.735,60.6375,90.0,9.9,0.0,594.0,387.36,0.0,12.771
hnd,516,compound,,UNLABELED,84.41,563.63,93.94,553.22,9.53,10.41,99.2074,27.8072,48.1093,89.175,558.425,0.9155,12,2,0,1,rgb,0,0,0,0,none,,,,0.0,90.3002,1.2372,114.6179,11.4508,0.0,594.0,387.36,0.0,49.6037
hnd,517,path,,UNLABELED,94.31,563.48,103.84,553.03,9.53,10.45,99.5885,32.68,57.8372,99.075,558.255,0.912,100,1,0,1,rgb,0,0,0,0,none,,,,0.0,97.4216,1.4423,0.0,3.79,0.0,594.0,387.36,0.0,79.6659
hnd,518,compound,,UNLABELED,105.23,563.12,111.48,553.22,6.25,9.9,61.875,29.8339,50.5502,108.355,558.17,0.6313,45,2,0,1,rgb,0,0,0,0,none,,,,0.0,92.1263,3.0565,90.0,9.9,0.0,594.0,387.36,0.0,55.3467
hnd,519,compound,,UNLABELED,111.37,563.63,120.91,553.22,9.54,10.41,99.3114,27.8592,48.1235,116.14,558.425,0.9164,12,2,0,1,rgb,0,0,0,0,none,,,,0.0,90.2681,1.236,114.6179,11.4508,0.0,594.0,387.36,0.0,49.6557
hnd,520,path,,UNLABELED,121.08,563.68,131.98,553.03,10.9,10.65,116.0849,38.533,69.5491,126.53,558.355,1.0235,13,1,0,1,rgb,0,0,0,0,none,,,,0.0,89.7986,1.3859,100.983,10.6552,0.0,594.0,387.36,0.0,93.8156
hnd,521,path,,UNLABELED,18.33,571.17,21.28,566.4,2.95,4.77,14.0715,5.2146,20.6962,19.805,568.785,0.6184,47,1,0,1,rgb,0,0,0,0,none,,,,0.0,100.8578,1.9566,51.0353,3.2282,0.0,594.0,387.36,0.0,12.9997
hnd,522,path,,UNLABELED,21.81,571.0,24.89,566.32,3.08,4.68,14.4144,5.1294,20.7178,23.35,568.66,0.6581,67,1,0,1,rgb,0,0,0,0,none,,,,0.0,71.2242,2.602,73.1013,2.477,0.0,594.0,387.36,0.0,11.1102
hnd,523,path,,UNLABELED,26.0,571.0,27.32,566.4,1.32,4.6,6.072,2.6775,11.6121,26.66,568.7,0.287,7,1,0,1,rgb,0,0,0,0,none,,,,0.0,95.2992,22.6555,90.0,4.6,0.0,594.0,387.36,0.0,4.334
hnd,524,compound,,UNLABELED,29.06,571.17,32.21,566.32,3.15,4.85,15.2775,5.7162,22.439,30.635,568.745,0.6495,98,2,0,1,rgb,0,0,0,0,none,,,,0.0,90.004,2.6309,67.6938,0.4215,0.0,594.0,387.36,0.0,12.1787
hnd,525,path,,UNLABELED,32.76,571.0,36.08,566.32,3.32,4.68,15.5376,4.1368,16.7782,34.42,568.66,0.7094,7,1,0,1,rgb,0,0,0,0,none,,,,0.0,64.5256,3.6426,58.3925,5.4952,0.0,594.0,387.36,0.0,8.7302
hnd,526,path,,UNLABELED,309.36,557.32,311.36,552.72,2.0,4.6,9.2,3.4331,13.2,310.36,555.02,0.4348,7,1,0,1,rgb,0,0,0,0,none,,,,0.0,100.5501,10.2882,90.0,4.6,0.0,594.0,387.36,0.0,6.3165
hnd,527,compound,,UNLABELED,311.28,557.55,315.71,552.72,4.43,4.83,21.3969,5.9903,22.3406,313.495,555.135,0.9172,12,2,0,1,rgb,0,0,0,0,none,,,,0.0,90.5714,1.2324,114.6848,5.3158,0.0,594.0,387.36,0.0,10.6984
hnd,528,path,,UNLABELED,315.96,557.49,318.9,552.64,2.94,4.85,14.259,5.4317,20.5096,317.43,555.065,0.6062,91,1,0,1,rgb,0,0,0,0,none,,,,0.0,91.7526,3.6071,11.3097,0.6119,0.0,594.0,387.36,0.0,11.9715
hnd,529,path,,UNLABELED,320.87,557.32,324.87,552.49,4.0,4.83,19.32,5.0157,19.0281,322.87,554.905,0.8282,7,1,0,1,rgb,0,0,0,0,none,,,,0.0,97.6225,1.9307,112.4934,5.2277,0.0,594.0,387.36,0.0,9.66
hnd,530,path,,UNLABELED,325.37,557.32,327.88,552.72,2.51,4.6,11.546,5.6517,21.74,326.625,555.02,0.5457,13,1,0,1,rgb,0,0,0,0,none,,,,0.0,82.4377,2.6581,90.0,4.6,0.0,594.0,387.36,0.0,11.546
hnd,531,path,,UNLABELED,328.38,557.49,332.81,552.64,4.43,4.85,21.4856,7.0546,26.8695,330.595,555.065,0.9134,100,1,0,1,rgb,0,0,0,0,none,,,,0.0,97.4466,1.4425,0.0,1.76,0.0,594.0,387.36,0.0,17.181
hnd,532,compound,,UNLABELED,332.98,557.55,337.41,552.72,4.43,4.83,21.3969,5.9903,22.3406,335.195,555.135,0.9172,12,2,0,1,rgb,0,0,0,0,none,,,,0.0,89.8879,1.2328,65.3152,5.3158,0.0,594.0,387.36,0.0,10.6984
hnd,533,path,,UNLABELED,337.67,557.49,340.6,552.64,2.93,4.85,14.2105,5.4251,20.4982,339.135,555.065,0.6041,91,1,0,1,rgb,0,0,0,0,none,,,,0.0,91.7531,3.6135,11.4965,0.6021,0.0,594.0,387.36,0.0,11.9631
hnd,534,path,,UNLABELED,341.15,553.4,342.34,551.61,1.19,1.79,2.1301,0.8078,4.5073,341.745,552.505,0.6648,5,1,0,1,rgb,0,0,0,0,none,,,,0.0,67.3462,15.3566,62.4473,1.816,0.0,594.0,387.36,0.0,0.8078
hnd,535,path,,UNLABELED,344.92,557.54,348.93,552.53,4.01,5.01,20.0901,7.517,27.5692,346.925,555.035,0.8004,9,1,0,1,rgb,0,0,0,0,none,,,,0.0,67.6041,1.7609,133.0531,4.9951,0.0,594.0,387.36,0.0,19.2681
hnd,536,path,,UNLABELED,349.81,557.32,352.31,552.72,2.5,4.6,11.5,5.6108,21.74,351.06,555.02,0.5435,13,1,0,1,rgb,0,0,0,0,none,,,,0.0,82.4769,2.6634,90.0,4.6,0.0,594.0,387.36,0.0,11.5
hnd,537,path,,UNLABELED,352.56,557.32,356.56,552.49,4.0,4.83,19.32,4.9988,19.0219,354.56,554.905,0.8282,7,1,0,1,rgb,0,0,0,0,none,,,,0.0,97.8594,1.9279,112.5947,5.2315,0.0,594.0,387.36,0.0,9.66
hnd,538,compound,,UNLABELED,356.56,557.55,360.99,552.72,4.43,4.83,21.3969,5.9962,22.3465,358.775,555.135,0.9172,12,2,0,1,rgb,0,0,0,0,none,,,,0.0,90.394,1.2342,114.6848,5.3158,0.0,594.0,387.36,0.0,10.6984
hnd,539,compound,,UNLABELED,361.45,557.32,365.03,552.72,3.58,4.6,16.4679,7.0271,24.7865,363.24,555.02,0.7783,72,2,0,1,rgb,0,0,0,0,none,,,,0.0,88.8202,2.7501,90.0,4.6,0.0,594.0,387.36,0.0,14.1746
hnd,540,compound,,UNLABELED,365.09,557.55,369.52,552.72,4.43,4.83,21.3969,5.9962,22.3465,367.305,555.135,0.9172,12,2,0,1,rgb,0,0,0,0,none,,,,0.0,90.394,1.2342,114.6848,5.3158,0.0,594.0,387.36,0.0,10.6984
hnd,541,path,,UNLABELED,343.51,566.61,345.68,559.09,2.17,7.52,16.3185,4.1999,17.4832,344.595,562.85,0.2886,49,1,0,1,rgb,0,0,0,0,none,,,,0.0,88.4074,11.9355,63.8861,0.568,0.0,594.0,387.36,0.0,11.5995
hnd,542,path,,UNLABELED,346.26,566.37,352.56,560.24,6.3,6.13,38.6189,14.5769,45.9192,349.41,563.305,1.0277,85,1,0,1,rgb,0,0,0,0,none,,,,0.0,90.0819,1.6866,90.0,4.28,0.0,594.0,387.36,0.0,38.6189
hnd,543,path,,UNLABELED,353.47,566.37,359.81,560.13,6.34,6.24,39.5618,11.9421,43.7748,356.64,563.25,1.016,54,1,0,1,rgb,0,0,0,0,none,,,,0.0,57.2321,2.2628,126.6155,6.3041,0.0,594.0,387.36,0.0,36.4224
hnd,544,compound,,UNLABELED,360.57,566.37,366.35,560.24,5.78,6.13,35.4314,12.3204,37.6145,363.46,563.305,0.9429,96,2,0,1,rgb,0,0,0,0,none,,,,0.0,94.1349,1.5533,90.0,4.25,0.0,594.0,387.36,0.0,32.0406
hnd,545,path,,UNLABELED,367.2,566.61,369.37,559.09,2.17,7.52,16.3185,4.2341,17.483,368.285,562.85,0.2886,49,1,0,1,rgb,0,0,0,0,none,,,,0.0,86.3174,12.3304,71.8788,0.5787,0.0,594.0,387.36,0.0,11.5989
hnd,546,compound,,UNLABELED,173.47,556.79,177.9,551.96,4.43,4.83,21.3969,5.9903,22.3405,175.685,554.375,0.9172,12,2,0,1,rgb,0,0,0,0,none,,,,0.0,90.5715,1.2324,114.6848,5.3158,0.0,594.0,387.36,0.0,10.6984
hnd,547,path,,UNLABELED,178.36,556.55,180.36,551.96,2.0,4.59,9.18,3.468,13.18,179.36,554.255,0.4357,7,1,0,1,rgb,0,0,0,0,none,,,,0.0,100.5139,10.2444,90.0,4.59,0.0,594.0,387.36,0.0,6.324
hnd,548,path,,UNLABELED,180.71,554.17,182.07,553.74,1.36,0.43,0.5848,0.5848,3.58,181.39,553.955,3.1628,5,1,0,1,rgb,0,0,0,0,none,,,,0.0,176.6606,10.3524,0.0,1.36,0.0,594.0,387.36,0.0,0.5848
hnd,549,compound,,UNLABELED,182.73,556.72,185.71,551.87,2.98,4.85,14.453,5.2106,20.0488,184.22,554.295,0.6144,70,2,0,1,rgb,0,0,0,0,none,,,,0.0,75.5726,1.59,53.7344,2.6542,0.0,594.0,387.36,0.0,9.6313
hnd,550,path,,UNLABELED,186.25,556.55,189.33,551.87,3.08,4.68,14.4144,5.1107,20.6773,187.79,554.21,0.6581,67,1,0,1,rgb,0,0,0,0,none,,,,0.0,71.2429,2.6038,73.256,2.4645,0.0,594.0,387.36,0.0,11.0948
hnd,551,path,,UNLABELED,190.44,556.55,191.75,551.96,1.31,4.59,6.0129,2.6698,11.5768,191.095,554.255,0.2854,7,1,0,1,rgb,0,0,0,0,none,,,,0.0,95.2858,22.8056,90.0,4.59,0.0,594.0,387.36,0.0,4.3018
hnd,552,compound,,UNLABELED,193.34,556.79,196.66,551.96,3.32,4.83,16.0356,5.1523,19.8828,195.0,554.375,0.6874,15,2,0,1,rgb,0,0,0,0,none,,,,0.0,84.1289,2.3492,56.0875,5.0007,0.0,594.0,387.36,0.0,8.3263
hnd,553,path,,UNLABELED,199.12,556.89,200.24,550.79,1.12,6.1,6.832,3.4377,13.0005,199.68,553.84,0.1836,35,1,0,1,rgb,0,0,0,0,none,,,,0.0,89.7983,30.7031,142.9267,0.564,0.0,594.0,387.36,0.0,5.4041
hnd,554,path,,UNLABELED,201.07,556.55,203.32,551.96,2.25,4.59,10.3275,4.3919,16.9,202.195,554.255,0.4902,11,1,0,1,rgb,0,0,0,0,none,,,,0.0,71.9495,3.9162,90.0,4.59,0.0,594.0,387.36,0.0,8.3248
hnd,555,compound,,UNLABELED,203.53,556.79,207.96,551.96,4.43,4.83,21.3969,5.9903,22.3405,205.745,554.375,0.9172,12,2,0,1,rgb,0,0,0,0,none,,,,0.0,89.888,1.2328,65.3152,5.3158,0.0,594.0,387.36,0.0,10.6984
hnd,556,compound,,UNLABELED,207.91,556.79,212.34,551.96,4.43,4.83,21.3969,5.9962,22.3465,210.125,554.375,0.9172,12,2,0,1,rgb,0,0,0,0,none,,,,0.0,90.0623,1.2349,65.3152,5.3158,0.0,594.0,387.36,0.0,10.6984
hnd,557,path,,UNLABELED,212.71,556.89,213.83,550.79,1.12,6.1,6.832,3.4372,12.9958,213.27,553.84,0.1836,35,1,0,1,rgb,0,0,0,0,none,,,,0.0,90.7768,27.93,37.0733,0.564,0.0,594.0,387.36,0.0,5.3896
hnd,558,compound,,UNLABELED,165.68,439.31,170.52,434.88,4.84,4.43,21.4411,6.0055,22.3405,168.1,437.095,1.0926,12,2,0,1,rgb,0,0,0,0,none,,,,0.0,0.6831,1.2335,24.5419,5.3207,0.0,594.0,387.36,0.0,10.7126
hnd,559,path,,UNLABELED,162.89,456.17,166.32,451.48,3.43,4.69,16.0867,6.0759,22.146,164.605,453.825,0.7313,51,1,0,1,rgb,0,0,0,0,none,,,,0.0,105.9344,1.3777,90.5906,2.9102,0.0,594.0,387.36,0.0,14.7574
hnd,560,path,,UNLABELED,161.26,353.16,163.86,348.52,2.6,4.64,12.064,5.6035,21.7049,162.56,350.84,0.5603,13,1,0,1,rgb,0,0,0,0,none,,,,0.0,83.7636,2.6573,91.2482,4.5911,0.0,594.0,387.36,0.0,11.4826
hnd,561,path,,UNLABELED,85.94,424.59,88.73,419.99,2.79,4.6,12.834,3.8769,14.78,87.335,422.29,0.6065,9,1,0,1,rgb,0,0,0,0,none,,,,0.0,89.2584,3.441,90.0,4.09,0.0,594.0,387.36,0.0,8.3554
hnd,562,path,,UNLABELED,89.22,424.59,91.72,419.99,2.5,4.6,11.5,5.6057,21.72,90.47,422.29,0.5435,13,1,0,1,rgb,0,0,0,0,none,,,,0.0,82.5058,2.6707,90.0,4.6,0.0,594.0,387.36,0.0,11.5
hnd,563,compound,,UNLABELED,92.48,424.59,95.39,419.99,2.91,4.6,13.386,6.4494,23.4979,93.935,422.29,0.6326,45,2,0,1,rgb,0,0,0,0,none,,,,0.0,92.1439,3.0607,90.0,4.6,0.0,594.0,387.36,0.0,11.9619
hnd,564,path,,UNLABELED,95.54,424.85,100.6,419.91,5.06,4.94,24.9964,8.3018,32.2788,98.07,422.38,1.0243,13,1,0,1,rgb,0,0,0,0,none,,,,0.0,89.7478,1.3823,100.9468,4.9501,0.0,594.0,387.36,0.0,20.2256
hnd,565,path,,UNLABELED,101.17,424.59,101.77,419.99,0.6,4.6,2.76,2.76,10.4,101.47,422.29,0.1304,5,1,0,1,rgb,0,0,0,0,none,,,,0.0,88.7337,60.5157,90.0,4.6,0.0,594.0,387.36,0.0,2.76
hnd,566,path,,UNLABELED,102.67,424.81,106.67,419.8,4.0,5.01,20.04,7.4867,27.5523,104.67,422.305,0.7984,9,1,0,1,rgb,0,0,0,0,none,,,,0.0,67.7472,1.7657,133.053,4.9951,0.0,594.0,387.36,0.0,19.22
hnd,567,compound,,UNLABELED,107.04,424.83,111.47,419.99,4.43,4.84,21.4412,6.0124,22.3587,109.255,422.41,0.9153,12,2,0,1,rgb,0,0,0,0,none,,,,0.0,90.5824,1.2358,114.6399,5.3248,0.0,594.0,387.36,0.0,10.7206
hnd,568,path,,UNLABELED,111.93,424.59,113.93,419.99,2.0,4.6,9.2,3.474,13.2,112.93,422.29,0.4348,7,1,0,1,rgb,0,0,0,0,none,,,,0.0,100.4862,10.2887,90.0,4.6,0.0,594.0,387.36,0.0,6.337
hnd,569,path,,UNLABELED,176.83,463.59,181.44,462.27,4.61,1.32,6.0852,2.6846,11.593,179.135,462.93,3.4924,7,1,0,1,rgb,0,0,0,0,none,,,,0.0,4.5493,22.7888,179.2527,4.6004,0.0,594.0,387.36,0.0,4.3168
hnd,570,path,,UNLABELED,176.71,460.24,177.39,459.56,0.68,0.68,0.4624,0.3537,2.1232,177.05,459.9,1.0,17,1,0,1,rgb,0,0,0,0,none,,,,0.0,178.2215,1.1115,8.1257,0.1414,0.0,594.0,387.36,0.0,0.3537
hnd,571,compound,,UNLABELED,176.75,458.89,181.58,455.56,4.83,3.33,16.0839,5.1603,19.884,179.165,457.225,1.4505,15,2,0,1,rgb,0,0,0,0,none,,,,0.0,173.5241,2.3471,145.3557,4.9958,0.0,594.0,387.36,0.0,8.3346
hnd,572,compound,,UNLABELED,179.45,455.17,181.49,453.04,2.04,2.13,4.3452,1.8836,10.9652,180.47,454.105,0.9577,66,2,0,1,rgb,0,0,0,0,none,,,,0.0,86.9611,1.0271,95.1916,0.2209,0.0,594.0,387.36,0.0,3.4156
hnd,573,path,,UNLABELED,176.7,454.58,181.46,451.54,4.76,3.04,14.4704,1.7074,11.3708,179.08,453.06,1.5658,5,1,0,1,rgb,0,0,0,0,none,,,,0.0,149.558,292.6526,148.9997,5.3782,0.0,594.0,387.36,0.0,1.7074
hnd,574,compound,,UNLABELED,176.62,453.24,178.74,451.03,2.12,2.21,4.6852,1.9933,11.513,177.68,452.135,0.9593,66,2,0,1,rgb,0,0,0,0,none,,,,0.0,93.638,1.0211,85.0329,0.2309,0.0,594.0,387.36,0.0,3.7151
hnd,575,path,,UNLABELED,176.55,448.68,181.25,445.24,4.7,3.44,16.168,6.0639,22.1383,178.9,446.96,1.3663,51,1,0,1,rgb,0,0,0,0,none,,,,0.0,14.6678,1.3754,179.2096,2.9003,0.0,594.0,387.36,0.0,14.7509
hnd,576,compound,,UNLABELED,176.6,444.45,181.2,441.85,4.6,2.6,11.9599,5.136,18.5751,178.9,443.15,1.7692,52,2,0,1,rgb,0,0,0,0,none,,,,0.0,168.3411,2.5527,179.2527,4.6004,0.0,594.0,387.36,0.0,8.5624
hnd,577,path,,UNLABELED,212.81,462.56,217.41,461.25,4.6,1.31,6.026,2.6724,11.5921,215.11,461.905,3.5114,7,1,0,1,rgb,0,0,0,0,none,,,,0.0,5.2382,23.0277,0.0,4.6,0.0,594.0,387.36,0.0,4.3084
hnd,578,path,,UNLABELED,212.73,459.17,213.41,458.49,0.68,0.68,0.4624,0.3546,2.1275,213.07,458.83,1.0,17,1,0,1,rgb,0,0,0,0,none,,,,0.0,0.4841,1.1092,12.0943,0.1432,0.0,594.0,387.36,0.0,0.3546
hnd,579,compound,,UNLABELED,212.81,457.82,217.64,454.5,4.83,3.32,16.0356,5.1682,19.8967,215.225,456.16,1.4548,15,2,0,1,rgb,0,0,0,0,none,,,,0.0,174.1071,2.3461,145.9924,5.0062,0.0,594.0,387.36,0.0,8.3272
hnd,580,compound,,UNLABELED,215.53,454.13,217.58,452.01,2.05,2.12,4.346,1.8786,10.9645,216.555,453.07,0.967,66,2,0,1,rgb,0,0,0,0,none,,,,0.0,89.9438,1.0208,95.1955,0.2209,0.0,594.0,387.36,0.0,3.4128
hnd,581,path,,UNLABELED,212.78,453.5,217.57,450.52,4.79,2.98,14.2742,1.7163,11.3685,215.175,452.01,1.6074,5,1,0,1,rgb,0,0,0,0,none,,,,0.0,150.335,290.5527,149.7128,5.3734,0.0,594.0,387.36,0.0,1.7163
hnd,582,compound,,UNLABELED,212.73,452.18,214.85,449.96,2.12,2.22,4.7064,1.994,11.5138,213.79,451.07,0.955,66,2,0,1,rgb,0,0,0,0,none,,,,0.0,88.8209,1.0232,7.4312,0.2319,0.0,594.0,387.36,0.0,3.7161
hnd,583,path,,UNLABELED,212.73,447.62,217.41,444.22,4.68,3.4,15.9119,6.0333,22.129,215.07,445.92,1.3765,51,1,0,1,rgb,0,0,0,0,none,,,,0.0,15.3516,1.377,0.0,2.91,0.0,594.0,387.36,0.0,14.7359
hnd,584,compound,,UNLABELED,212.81,443.36,217.41,440.81,4.6,2.55,11.73,5.107,18.572,215.11,442.085,1.8039,52,2,0,1,rgb,0,0,0,0,none,,,,0.0,169.2105,2.5501,0.0,4.6,0.0,594.0,387.36,0.0,8.5417
hnd,585,path,,UNLABELED,162.01,498.83,164.96,494.06,2.95,4.77,14.0716,5.2174,20.7068,163.485,496.445,0.6185,47,1,0,1,rgb,0,0,0,0,none,,,,0.0,100.9118,1.9531,51.0353,3.2282,0.0,594.0,387.36,0.0,12.9909
hnd,586,compound,,UNLABELED,165.36,498.89,168.67,494.06,3.31,4.83,15.9873,5.1215,19.9011,167.015,496.475,0.6853,15,2,0,1,rgb,0,0,0,0,none,,,,0.0,84.1917,2.3574,56.0876,5.0007,0.0,594.0,387.36,0.0,8.2996
hnd,587,compound,,UNLABELED,169.12,498.83,172.27,493.97,3.15,4.86,15.309,5.7322,22.4358,170.695,496.4,0.6481,98,2,0,1,rgb,0,0,0,0,none,,,,0.0,90.0136,2.6326,74.9817,0.4245,0.0,594.0,387.36,0.0,12.1807
hnd,588,path,,UNLABELED,172.86,498.83,175.8,494.06,2.94,4.77,14.0238,5.2162,20.7064,174.33,496.445,0.6164,47,1,0,1,rgb,0,0,0,0,none,,,,0.0,100.878,1.9525,51.1737,3.2219,0.0,594.0,387.36,0.0,12.9743
hnd,589,path,,UNLABELED,162.87,505.14,165.37,500.54,2.5,4.6,11.5,5.6415,21.7,164.12,502.84,0.5435,13,1,0,1,rgb,0,0,0,0,none,,,,0.0,82.4744,2.6741,90.0,4.6,0.0,594.0,387.36,0.0,11.5
hnd,590,path,,UNLABELED,166.13,505.14,168.13,500.54,2.0,4.6,9.2,3.474,13.2,167.13,502.84,0.4348,7,1,0,1,rgb,0,0,0,0,none,,,,0.0,100.4862,10.2887,90.0,4.6,0.0,594.0,387.36,0.0,6.337
hnd,591,path,,UNLABELED,168.57,505.14,171.07,500.54,2.5,4.6,11.5,5.6057,21.72,169.82,502.84,0.5435,13,1,0,1,rgb,0,0,0,0,none,,,,0.0,82.5057,2.6707,90.0,4.6,0.0,594.0,387.36,0.0,11.5
hnd,592,path,,UNLABELED,171.32,505.14,175.32,500.31,4.0,4.83,19.32,5.0294,19.0096,173.32,502.725,0.8282,7,1,0,1,rgb,0,0,0,0,none,,,,0.0,97.9114,1.9298,112.5947,5.2315,0.0,594.0,387.36,0.0,9.66
hnd,593,path,,UNLABELED,241.06,488.59,244.0,483.83,2.94,4.76,13.9944,5.2134,20.6968,242.53,486.21,0.6176,47,1,0,1,rgb,0,0,0,0,none,,,,0.0,100.9037,1.9503,51.1737,3.2219,0.0,594.0,387.36,0.0,12.9673
hnd,594,compound,,UNLABELED,244.4,488.66,247.72,483.83,3.32,4.83,16.0356,5.1523,19.8829,246.06,486.245,0.6874,15,2,0,1,rgb,0,0,0,0,none,,,,0.0,84.1289,2.3492,56.0876,5.0007,0.0,594.0,387.36,0.0,8.3263
hnd,595,compound,,UNLABELED,248.17,488.59,251.32,483.74,3.15,4.85,15.2775,5.7277,22.4317,249.745,486.165,0.6495,98,2,0,1,rgb,0,0,0,0,none,,,,0.0,89.9953,2.6303,105.0183,0.4245,0.0,594.0,387.36,0.0,12.1776
hnd,596,compound,,UNLABELED,251.87,488.59,254.85,483.74,2.98,4.85,14.453,5.2293,20.0452,253.36,486.165,0.6144,70,2,0,1,rgb,0,0,0,0,none,,,,0.0,75.8455,1.5906,53.7344,2.6542,0.0,594.0,387.36,0.0,9.6353
hnd,597,path,,UNLABELED,241.84,494.91,244.34,490.31,2.5,4.6,11.5,5.6415,21.7,243.09,492.61,0.5435,13,1,0,1,rgb,0,0,0,0,none,,,,0.0,82.4744,2.6741,90.0,4.6,0.0,594.0,387.36,0.0,11.5
hnd,598,path,,UNLABELED,245.11,494.91,247.11,490.31,2.0,4.6,9.2,3.4331,13.2,246.11,492.61,0.4348,7,1,0,1,rgb,0,0,0,0,none,,,,0.0,100.5501,10.2882,90.0,4.6,0.0,594.0,387.36,0.0,6.3165
hnd,599,path,,UNLABELED,247.54,494.91,250.04,490.31,2.5,4.6,11.5,5.6415,21.7,248.79,492.61,0.5435,13,1,0,1,rgb,0,0,0,0,none,,,,0.0,82.4744,2.6741,90.0,4.6,0.0,594.0,387.36,0.0,11.5
hnd,600,path,,UNLABELED,250.3,494.91,254.3,490.08,4.0,4.83,19.32,5.0125,19.0034,252.3,492.495,0.8282,7,1,0,1,rgb,0,0,0,0,none,,,,0.0,97.777,1.9221,112.4934,5.2277,0.0,594.0,387.36,0.0,9.66
hnd,601,path,,UNLABELED,106.97,249.7,109.76,245.11,2.79,4.59,12.8061,3.8301,14.76,108.365,247.405,0.6078,9,1,0,1,rgb,0,0,0,0,none,,,,0.0,89.3277,3.4302,90.0,4.08,0.0,594.0,387.36,0.0,8.3181
hnd,602,path,,UNLABELED,109.74,249.87,116.21,244.94,6.47,4.93,31.8973,8.989,33.0636,112.975,247.405,1.3124,11,1,0,1,rgb,0,0,0,0,none,,,,0.0,153.3409,1.2674,112.0707,5.1364,0.0,594.0,387.36,0.0,22.1842
hnd,603,compound,,UNLABELED,116.62,249.7,119.52,245.11,2.9,4.59,13.311,6.4506,23.4186,118.07,247.405,0.6318,45,2,0,1,rgb,0,0,0,0,none,,,,0.0,92.1289,3.0629,90.0,4.59,0.0,594.0,387.36,0.0,11.914
hnd,604,path,,UNLABELED,293.84,126.54,296.77,121.69,2.93,4.85,14.2105,5.4304,20.5274,295.305,124.115,0.6041,91,1,0,1,rgb,0,0,0,0,none,,,,0.0,91.7718,3.6076,12.2254,0.6139,0.0,594.0,387.36,0.0,11.9647
hnd,605,path,,UNLABELED,297.33,123.99,298.69,123.56,1.36,0.43,0.5848,0.5848,3.58,298.01,123.775,3.1628,5,1,0,1,rgb,0,0,0,0,none,,,,0.0,176.6606,10.3526,0.0,1.36,0.0,594.0,387.36,0.0,0.5848
hnd,606,path,,UNLABELED,299.4,126.54,302.24,121.69,2.84,4.85,13.7739,5.0442,20.4337,300.82,124.115,0.5856,98,1,0,1,rgb,0,0,0,0,none,,,,0.0,89.4371,3.6748,0.0,0.57,0.0,594.0,387.36,0.0,11.8694
hnd,607,compound,,UNLABELED,302.88,126.54,306.03,121.69,3.15,4.85,15.2775,5.7148,22.4388,304.455,124.115,0.6495,98,2,0,1,rgb,0,0,0,0,none,,,,0.0,90.004,2.6306,105.0163,0.4245,0.0,594.0,387.36,0.0,12.1773
hnd,608,path,,UNLABELED,306.66,122.45,307.86,120.67,1.2,1.78,2.136,0.8108,4.5089,307.26,121.56,0.6742,5,1,0,1,rgb,0,0,0,0,none,,,,0.0,67.1235,15.0058,62.0204,1.8118,0.0,594.0,387.36,0.0,0.8108
hnd,609,compound,,UNLABELED,310.44,126.37,314.01,121.77,3.57,4.6,16.4221,6.9847,24.7877,312.225,124.07,0.7761,72,2,0,1,rgb,0,0,0,0,none,,,,0.0,88.7625,2.7483,90.0,4.6,0.0,594.0,387.36,0.0,14.1518
hnd,610,path,,UNLABELED,314.5,123.99,315.86,123.56,1.36,0.43,0.5848,0.5848,3.58,315.18,123.775,3.1628,5,1,0,1,rgb,0,0,0,0,none,,,,0.0,176.6606,10.3526,0.0,1.36,0.0,594.0,387.36,0.0,0.5848
hnd,611,path,,UNLABELED,316.57,126.54,319.41,121.69,2.84,4.85,13.7739,5.0442,20.4549,317.99,124.115,0.5856,98,1,0,1,rgb,0,0,0,0,none,,,,0.0,89.448,3.6706,0.0,0.57,0.0,594.0,387.36,0.0,11.8768
hnd,612,compound,,UNLABELED,320.05,126.54,323.2,121.69,3.15,4.85,15.2775,5.7275,22.441,321.625,124.115,0.6495,98,2,0,1,rgb,0,0,0,0,none,,,,0.0,90.0008,2.6269,76.2924,0.422,0.0,594.0,387.36,0.0,12.1895
hnd,613,compound,,UNLABELED,278.09,133.86,280.99,129.27,2.9,4.59,13.3111,6.3967,23.4453,279.54,131.565,0.6318,45,2,0,1,rgb,0,0,0,0,none,,,,0.0,92.1143,3.0578,90.0,4.59,0.0,594.0,387.36,0.0,11.9055
hnd,614,path,,UNLABELED,280.98,134.03,287.45,129.1,6.47,4.93,31.8973,8.9727,33.0573,284.215,131.565,1.3124,11,1,0,1,rgb,0,0,0,0,none,,,,0.0,153.6409,1.2662,67.9294,5.1364,0.0,594.0,387.36,0.0,22.1843
hnd,615,path,,UNLABELED,287.37,133.86,290.98,129.27,3.61,4.59,16.5698,4.3933,16.3929,289.175,131.565,0.7865,10,1,0,1,rgb,0,0,0,0,none,,,,0.0,89.3324,3.1508,59.368,2.9635,0.0,594.0,387.36,0.0,9.6619
hnd,616,path,,UNLABELED,293.58,133.86,294.9,129.27,1.32,4.59,6.0588,2.6724,11.5921,294.24,131.565,0.2876,7,1,0,1,rgb,0,0,0,0,none,,,,0.0,95.3114,22.5511,90.0,4.59,0.0,594.0,387.36,0.0,4.3248
hnd,617,path,,UNLABELED,296.72,133.86,300.05,129.18,3.33,4.68,15.5846,4.1725,16.8089,298.385,131.52,0.7115,7,1,0,1,rgb,0,0,0,0,none,,,,0.0,64.4056,3.613,58.3926,5.4952,0.0,594.0,387.36,0.0,8.7733
hnd,618,path,,UNLABELED,300.51,133.86,302.51,129.27,2.0,4.59,9.18,3.468,13.18,301.51,131.565,0.4357,7,1,0,1,rgb,0,0,0,0,none,,,,0.0,100.5139,10.2443,90.0,4.59,0.0,594.0,387.36,0.0,6.324
hnd,619,path,,UNLABELED,302.86,131.48,304.22,131.05,1.36,0.43,0.5848,0.5848,3.58,303.54,131.265,3.1628,5,1,0,1,rgb,0,0,0,0,none,,,,0.0,176.6606,10.3526,0.0,1.36,0.0,594.0,387.36,0.0,0.5848
hnd,620,path,,UNLABELED,304.93,134.03,307.77,129.18,2.84,4.85,13.7739,5.0497,20.4373,306.35,131.605,0.5856,98,1,0,1,rgb,0,0,0,0,none,,,,0.0,89.4406,3.677,0.0,0.57,0.0,594.0,387.36,0.0,11.8716
hnd,621,path,,UNLABELED,308.39,133.86,311.47,129.18,3.08,4.68,14.4144,5.1189,20.6876,309.93,131.52,0.6581,67,1,0,1,rgb,0,0,0,0,none,,,,0.0,71.2319,2.6017,73.0339,2.4674,0.0,594.0,387.36,0.0,11.0931
hnd,622,compound,,UNLABELED,312.28,133.86,315.18,129.27,2.9,4.59,13.311,6.4427,23.4158,313.73,131.565,0.6318,45,2,0,1,rgb,0,0,0,0,none,,,,0.0,92.1191,3.0696,90.0,4.59,0.0,594.0,387.36,0.0,11.9063
hnd,623,path,,UNLABELED,294.31,110.83,297.24,105.98,2.93,4.85,14.2105,5.4154,20.5017,295.775,108.405,0.6041,91,1,0,1,rgb,0,0,0,0,none,,,,0.0,91.775,3.6057,12.4265,0.6041,0.0,594.0,387.36,0.0,11.9516
hnd,624,path,,UNLABELED,297.8,108.28,299.16,107.85,1.36,0.43,0.5848,0.5848,3.58,298.48,108.065,3.1628,5,1,0,1,rgb,0,0,0,0,none,,,,0.0,176.6606,10.3526,0.0,1.36,0.0,594.0,387.36,0.0,0.5848
hnd,625,path,,UNLABELED,299.87,110.83,302.71,105.98,2.84,4.85,13.7739,5.0443,20.4236,301.29,108.405,0.5856,98,1,0,1,rgb,0,0,0,0,none,,,,0.0,89.4069,3.6768,0.0,0.57,0.0,594.0,387.36,0.0,11.8642
hnd,626,compound,,UNLABELED,303.35,110.83,306.5,105.98,3.15,4.85,15.2775,5.723,22.4436,304.925,108.405,0.6495,98,2,0,1,rgb,0,0,0,0,none,,,,0.0,90.0099,2.6331,74.9837,0.4245,0.0,594.0,387.36,0.0,12.1806
hnd,627,path,,UNLABELED,307.13,106.75,308.32,104.96,1.19,1.79,2.1301,0.8096,4.502,307.725,105.855,0.6648,5,1,0,1,rgb,0,0,0,0,none,,,,0.0,67.3525,15.1423,62.3007,1.8071,0.0,594.0,387.36,0.0,0.8096
hnd,628,compound,,UNLABELED,310.9,110.66,314.48,106.07,3.58,4.59,16.4321,7.0225,24.7847,312.69,108.365,0.78,72,2,0,1,rgb,0,0,0,0,none,,,,0.0,88.768,2.7404,90.0,4.59,0.0,594.0,387.36,0.0,14.176
hnd,629,path,,UNLABELED,314.97,108.28,316.33,107.85,1.36,0.43,0.5848,0.5848,3.58,315.65,108.065,3.1628,5,1,0,1,rgb,0,0,0,0,none,,,,0.0,176.6606,10.3526,0.0,1.36,0.0,594.0,387.36,0.0,0.5848
hnd,630,compound,,UNLABELED,316.99,110.83,319.97,105.98,2.98,4.85,14.4531,5.2285,20.0407,318.48,108.405,0.6144,70,2,0,1,rgb,0,0,0,0,none,,,,0.0,75.7686,1.5914,53.7346,2.6542,0.0,594.0,387.36,0.0,9.6332
hnd,631,compound,,UNLABELED,320.52,110.83,323.67,105.98,3.15,4.85,15.2775,5.7231,22.439,322.095,108.405,0.6495,98,2,0,1,rgb,0,0,0,0,none,,,,0.0,89.9959,2.6331,74.9837,0.4245,0.0,594.0,387.36,0.0,12.1814
hnd,632,compound,,UNLABELED,278.53,118.23,281.43,113.63,2.9,4.6,13.3399,6.4575,23.4651,279.98,115.93,0.6304,45,2,0,1,rgb,0,0,0,0,none,,,,0.0,92.1695,3.0681,90.0,4.6,0.0,594.0,387.36,0.0,11.9284
hnd,633,path,,UNLABELED,281.42,118.4,287.89,113.46,6.47,4.94,31.9618,9.0345,33.0821,284.655,115.93,1.3097,11,1,0,1,rgb,0,0,0,0,none,,,,0.0,153.0439,1.2652,112.0288,5.1456,0.0,594.0,387.36,0.0,22.2297
hnd,634,path,,UNLABELED,287.81,118.23,291.42,113.63,3.61,4.6,16.6061,4.403,16.4274,289.615,115.93,0.7848,10,1,0,1,rgb,0,0,0,0,none,,,,0.0,89.5415,3.1666,120.5341,2.9722,0.0,594.0,387.36,0.0,9.6831
hnd,635,path,,UNLABELED,294.03,118.23,295.34,113.63,1.31,4.6,6.026,2.6725,11.5921,294.685,115.93,0.2848,7,1,0,1,rgb,0,0,0,0,none,,,,0.0,95.2382,23.0274,90.0,4.6,0.0,594.0,387.36,0.0,4.3084
hnd,636,path,,UNLABELED,297.17,118.23,300.49,113.55,3.32,4.68,15.5377,4.1587,16.7812,298.83,115.89,0.7094,7,1,0,1,rgb,0,0,0,0,none,,,,0.0,64.5946,3.6339,58.4816,5.4899,0.0,594.0,387.36,0.0,8.7521
hnd,637,compound,,UNLABELED,300.96,118.23,303.86,113.63,2.9,4.6,13.34,6.4036,23.4879,302.41,115.93,0.6304,45,2,0,1,rgb,0,0,0,0,none,,,,0.0,92.1624,3.0624,90.0,4.6,0.0,594.0,387.36,0.0,11.9182
hnd,638,path,,UNLABELED,304.27,115.84,305.63,115.42,1.36,0.42,0.5712,0.5712,3.56,304.95,115.63,3.238,5,1,0,1,rgb,0,0,0,0,none,,,,0.0,176.7538,10.847,0.0,1.36,0.0,594.0,387.36,0.0,0.5712
hnd,639,path,,UNLABELED,306.34,118.4,309.19,113.55,2.85,4.85,13.8224,5.0527,20.4681,307.765,115.975,0.5876,98,1,0,1,rgb,0,0,0,0,none,,,,0.0,89.4401,3.67,0.0,0.57,0.0,594.0,387.36,0.0,11.8875
hnd,640,path,,UNLABELED,309.81,118.23,312.89,113.55,3.08,4.68,14.4146,5.1239,20.7032,311.35,115.89,0.6581,67,1,0,1,rgb,0,0,0,0,none,,,,0.0,71.2503,2.6036,73.3231,2.4741,0.0,594.0,387.36,0.0,11.1118
hnd,641,path,,UNLABELED,313.69,118.23,315.69,113.63,2.0,4.6,9.2,3.474,13.2,314.69,115.93,0.4348,7,1,0,1,rgb,0,0,0,0,none,,,,0.0,100.4862,10.2887,90.0,4.6,0.0,594.0,387.36,0.0,6.337
hnd,642,path,,UNLABELED,206.46,112.42,209.06,107.12,2.6,5.3,13.78,5.8342,19.52,207.76,109.77,0.4906,11,1,0,1,rgb,0,0,0,0,none,,,,0.0,71.9062,3.9114,90.0,5.3,0.0,594.0,387.36,0.0,11.0947
hnd,643,path,,UNLABELED,209.81,112.42,210.5,107.12,0.69,5.3,3.657,3.657,11.98,210.155,109.77,0.1302,5,1,0,1,rgb,0,0,0,0,none,,,,0.0,88.7362,60.7433,90.0,5.3,0.0,594.0,387.36,0.0,3.657
hnd,644,path,,UNLABELED,211.45,112.42,214.34,107.12,2.89,5.3,15.317,7.5097,25.04,212.895,109.77,0.5453,13,1,0,1,rgb,0,0,0,0,none,,,,0.0,82.4422,2.6599,90.0,5.3,0.0,594.0,387.36,0.0,15.317
hnd,645,path,,UNLABELED,215.13,112.42,217.44,107.12,2.31,5.3,12.243,4.6128,15.22,216.285,109.77,0.4358,7,1,0,1,rgb,0,0,0,0,none,,,,0.0,100.5345,10.2368,90.0,5.3,0.0,594.0,387.36,0.0,8.4279
hnd,646,compound,,UNLABELED,217.86,112.42,221.98,107.12,4.12,5.3,21.8359,9.3325,28.5693,219.92,109.77,0.7774,72,2,0,1,rgb,0,0,0,0,none,,,,0.0,88.7708,2.7464,90.0,5.3,0.0,594.0,387.36,0.0,18.8399
hnd,647,path,,UNLABELED,207.39,105.0,210.28,99.7,2.89,5.3,15.317,7.5156,25.06,208.835,102.35,0.5453,13,1,0,1,rgb,0,0,0,0,none,,,,0.0,82.417,2.6536,90.0,5.3,0.0,594.0,387.36,0.0,15.317
hnd,648,path,,UNLABELED,211.08,105.0,213.39,99.7,2.31,5.3,12.243,4.6128,15.22,212.235,102.35,0.4358,7,1,0,1,rgb,0,0,0,0,none,,,,0.0,100.5345,10.2368,90.0,5.3,0.0,594.0,387.36,0.0,8.4279
hnd,649,path,,UNLABELED,213.8,105.0,216.69,99.7,2.89,5.3,15.317,7.5097,25.04,215.245,102.35,0.5453,13,1,0,1,rgb,0,0,0,0,none,,,,0.0,82.4422,2.6599,90.0,5.3,0.0,594.0,387.36,0.0,15.317
hnd,650,path,,UNLABELED,216.9,105.0,221.51,99.43,4.61,5.57,25.6777,6.6574,21.9158,219.205,102.215,0.8276,7,1,0,1,rgb,0,0,0,0,none,,,,0.0,97.7938,1.9258,112.5248,6.03,0.0,594.0,387.36,0.0,12.8389
hnd,651,path,,UNLABELED,206.83,97.48,209.78,92.71,2.95,4.77,14.0715,5.2029,20.725,208.305,95.095,0.6184,47,1,0,1,rgb,0,0,0,0,none,,,,0.0,100.8802,1.9504,51.0354,3.2282,0.0,594.0,387.36,0.0,13.0026
hnd,652,compound,,UNLABELED,210.17,97.54,213.49,92.71,3.32,4.83,16.0357,5.1423,19.9167,211.83,95.125,0.6874,15,2,0,1,rgb,0,0,0,0,none,,,,0.0,84.1428,2.3471,55.9926,5.0063,0.0,594.0,387.36,0.0,8.3238
hnd,653,compound,,UNLABELED,214.11,97.48,217.09,92.62,2.98,4.86,14.4827,5.262,20.0189,215.6,95.05,0.6132,70,2,0,1,rgb,0,0,0,0,none,,,,0.0,75.3154,1.5694,53.6064,2.6461,0.0,594.0,387.36,0.0,9.6235
hnd,654,path,,UNLABELED,218.12,97.31,219.43,92.71,1.31,4.6,6.026,2.6814,11.5953,218.775,95.01,0.2848,7,1,0,1,rgb,0,0,0,0,none,,,,0.0,95.2711,22.8436,90.0,4.6,0.0,594.0,387.36,0.0,4.3134
hnd,655,path,,UNLABELED,163.23,417.78,165.49,413.15,2.26,4.63,10.4638,4.4109,16.9122,164.36,415.465,0.4881,11,1,0,1,rgb,0,0,0,0,none,,,,0.0,72.8182,3.9128,90.8736,4.5905,0.0,594.0,387.36,0.0,8.3535
hnd,656,compound,,UNLABELED,159.23,167.38,162.23,162.77,3.0,4.61,13.83,6.445,23.4678,160.73,165.075,0.6508,45,2,0,1,rgb,0,0,0,0,none,,,,0.0,93.3054,3.0581,91.1233,4.5909,0.0,594.0,387.36,0.0,11.9556
hnd,657,path,,UNLABELED,279.88,483.32,281.2,478.72,1.32,4.6,6.072,2.6775,11.6121,280.54,481.02,0.287,7,1,0,1,rgb,0,0,0,0,none,,,,0.0,95.2992,22.6552,90.0,4.6,0.0,594.0,387.36,0.0,4.334
hnd,658,path,,UNLABELED,283.06,483.49,286.0,478.72,2.94,4.77,14.0238,5.2118,20.7144,284.53,481.105,0.6164,47,1,0,1,rgb,0,0,0,0,none,,,,0.0,100.7903,1.9544,51.1737,3.2219,0.0,594.0,387.36,0.0,12.9774
hnd,659,path,,UNLABELED,286.54,483.32,289.62,478.64,3.08,4.68,14.4143,5.1335,20.722,288.08,480.98,0.6581,67,1,0,1,rgb,0,0,0,0,none,,,,0.0,71.1782,2.603,73.3231,2.4741,0.0,594.0,387.36,0.0,11.1275
hnd,660,path,,UNLABELED,290.51,479.32,291.19,478.64,0.68,0.68,0.4624,0.353,2.1208,290.85,478.98,1.0,17,1,0,1,rgb,0,0,0,0,none,,,,0.0,90.0,1.1405,102.0937,0.1432,0.0,594.0,387.36,0.0,0.353
hnd,661,compound,,UNLABELED,291.86,483.55,295.18,478.72,3.32,4.83,16.0356,5.1458,19.9011,293.52,481.135,0.6874,15,2,0,1,rgb,0,0,0,0,none,,,,0.0,84.1635,2.3556,56.0874,5.0007,0.0,594.0,387.36,0.0,8.3264
hnd,662,path,,UNLABELED,295.71,483.32,299.03,478.64,3.32,4.68,15.5376,4.1394,16.7964,297.37,480.98,0.7094,7,1,0,1,rgb,0,0,0,0,none,,,,0.0,64.5129,3.6269,58.4814,5.4899,0.0,594.0,387.36,0.0,8.7521
hnd,663,path,,UNLABELED,299.23,483.32,302.31,478.64,3.08,4.68,14.4145,5.1239,20.6998,300.77,480.98,0.6581,67,1,0,1,rgb,0,0,0,0,none,,,,0.0,71.2187,2.6042,73.3231,2.4741,0.0,594.0,387.36,0.0,11.1093
hnd,664,path,,UNLABELED,304.87,483.66,305.99,477.55,1.12,6.11,6.8434,3.4364,13.0155,305.43,480.605,0.1833,35,1,0,1,rgb,0,0,0,0,none,,,,0.0,89.7932,30.7443,37.0726,0.564,0.0,594.0,387.36,0.0,5.4057
hnd,665,path,,UNLABELED,306.31,483.49,312.78,478.55,6.47,4.94,31.9618,9.0173,33.0759,309.545,481.02,1.3097,11,1,0,1,rgb,0,0,0,0,none,,,,0.0,153.2436,1.2644,67.9712,5.1457,0.0,594.0,387.36,0.0,22.2296
hnd,666,path,,UNLABELED,313.1,484.0,315.57,478.72,2.47,5.28,13.0416,4.8453,20.2848,314.335,481.36,0.4678,42,1,0,1,rgb,0,0,0,0,none,,,,0.0,103.4315,2.6067,90.0,5.28,0.0,594.0,387.36,0.0,10.1896
hnd,667,compound,,UNLABELED,316.21,481.79,318.91,478.64,2.7,3.15,8.505,4.4781,18.0293,317.56,480.215,0.8571,74,2,0,1,rgb,0,0,0,0,none,,,,0.0,92.1856,1.7082,0.0,2.19,0.0,594.0,387.36,0.0,6.9459
hnd,668,path,,UNLABELED,319.44,481.79,321.91,478.72,2.47,3.07,7.5829,3.6353,15.5254,320.675,480.255,0.8046,42,1,0,1,rgb,0,0,0,0,none,,,,0.0,84.3472,1.3152,90.0,2.9,0.0,594.0,387.36,0.0,7.245
hnd,669,path,,UNLABELED,324.23,483.32,327.02,478.72,2.79,4.6,12.834,3.836,14.78,325.625,481.02,0.6065,9,1,0,1,rgb,0,0,0,0,none,,,,0.0,89.3302,3.4463,90.0,4.09,0.0,594.0,387.36,0.0,8.335
hnd,670,compound,,UNLABELED,327.17,481.79,330.24,478.64,3.07,3.15,9.6705,4.2796,16.3827,328.705,480.215,0.9746,74,2,0,1,rgb,0,0,0,0,none,,,,0.0,179.9334,1.1572,5.1944,0.3313,0.0,594.0,387.36,0.0,7.6749
hnd,671,path,,UNLABELED,330.38,481.78,334.98,478.64,4.6,3.14,14.4441,4.8302,20.3852,332.68,480.21,1.465,11,1,0,1,rgb,0,0,0,0,none,,,,0.0,166.482,1.4564,116.1016,3.3184,0.0,594.0,387.36,0.0,9.7253
hnd,672,compound,,UNLABELED,335.11,481.79,337.81,478.64,2.7,3.15,8.505,4.482,18.0272,336.46,480.215,0.8571,74,2,0,1,rgb,0,0,0,0,none,,,,0.0,92.1964,1.7098,0.0,2.19,0.0,594.0,387.36,0.0,6.9424
hnd,673,path,,UNLABELED,338.43,481.79,340.2,478.72,1.77,3.07,5.434,2.0654,9.6344,339.315,480.255,0.5766,24,1,0,1,rgb,0,0,0,0,none,,,,0.0,71.3544,5.0642,90.0,2.9,0.0,594.0,387.36,0.0,3.4521
hnd,674,path,,UNLABELED,342.24,483.49,345.88,478.64,3.64,4.85,17.6541,5.1035,20.0356,344.06,481.065,0.7505,75,1,0,1,rgb,0,0,0,0,none,,,,0.0,87.3228,2.3162,90.0,0.68,0.0,594.0,387.36,0.0,14.8666
hnd,675,path,,UNLABELED,346.62,484.0,347.13,478.72,0.51,5.28,2.6929,2.6929,11.58,346.875,481.36,0.0966,5,1,0,1,rgb,0,0,0,0,none,,,,0.0,89.0692,110.2992,90.0,5.28,0.0,594.0,387.36,0.0,2.6929
hnd,676,compound,,UNLABELED,347.71,481.79,350.78,478.64,3.07,3.15,9.6705,4.2796,16.3827,349.245,480.215,0.9746,74,2,0,1,rgb,0,0,0,0,none,,,,0.0,0.0666,1.1572,5.1944,0.3313,0.0,594.0,387.36,0.0,7.6749
hnd,677,path,,UNLABELED,351.22,481.79,353.14,478.64,1.92,3.15,6.048,2.922,12.3174,352.18,480.215,0.6095,66,1,0,1,rgb,0,0,0,0,none,,,,0.0,96.8526,3.276,150.4888,0.609,0.0,594.0,387.36,0.0,4.913
hnd,678,compound,,UNLABELED,353.61,481.79,356.31,478.64,2.7,3.15,8.505,4.4821,18.0253,354.96,480.215,0.8571,74,2,0,1,rgb,0,0,0,0,none,,,,0.0,92.2176,1.7096,0.0,2.19,0.0,594.0,387.36,0.0,6.9459
hnd,679,compound,,UNLABELED,356.67,484.0,359.56,478.64,2.89,5.36,15.4905,5.7374,23.067,358.115,481.32,0.5392,71,2,0,1,rgb,0,0,0,0,none,,,,0.0,85.5317,2.3275,90.0,5.28,0.0,594.0,387.36,0.0,11.2084
hnd,680,path,,UNLABELED,360.3,483.66,361.43,477.55,1.13,6.11,6.9043,3.4493,13.034,360.865,480.605,0.1849,35,1,0,1,rgb,0,0,0,0,none,,,,0.0,90.7945,27.7201,143.5306,0.572,0.0,594.0,387.36,0.0,5.4488
hnd,681,path,,UNLABELED,339.0,490.88,340.32,486.29,1.32,4.59,6.0588,2.6724,11.5921,339.66,488.585,0.2876,7,1,0,1,rgb,0,0,0,0,none,,,,0.0,95.3114,22.5512,90.0,4.59,0.0,594.0,387.36,0.0,4.3248
hnd,682,path,,UNLABELED,342.62,490.88,343.93,486.29,1.31,4.59,6.0129,2.6673,11.5721,343.275,488.585,0.2854,7,1,0,1,rgb,0,0,0,0,none,,,,0.0,95.2503,22.9216,90.0,4.59,0.0,594.0,387.36,0.0,4.2993
hnd,683,compound,,UNLABELED,345.84,491.05,348.65,486.2,2.81,4.85,13.6285,6.6089,24.3235,347.245,488.625,0.5794,127,3,0,1,rgb,0,0,0,0,none,,,,0.0,89.4011,2.5531,38.6604,0.3202,0.0,594.0,387.36,0.0,11.7161
hnd,684,path,,UNLABELED,349.63,486.88,350.31,486.2,0.68,0.68,0.4624,0.352,2.1179,349.97,486.54,1.0,17,1,0,1,rgb,0,0,0,0,none,,,,0.0,90.0,1.132,36.0316,0.136,0.0,594.0,387.36,0.0,0.352
hnd,685,compound,,UNLABELED,350.98,491.12,354.3,486.29,3.32,4.83,16.0356,5.1458,19.9011,352.64,488.705,0.6874,15,2,0,1,rgb,0,0,0,0,none,,,,0.0,84.1635,2.3556,56.0874,5.0007,0.0,594.0,387.36,0.0,8.3264
hnd,686,path,,UNLABELED,354.87,491.05,357.81,486.29,2.94,4.76,13.9944,5.1988,20.7,356.34,488.67,0.6176,47,1,0,1,rgb,0,0,0,0,none,,,,0.0,100.9214,1.9509,51.1737,3.2219,0.0,594.0,387.36,0.0,12.9673
hnd,687,path,,UNLABELED,358.35,490.88,361.43,486.2,3.08,4.68,14.4143,5.1188,20.6915,359.89,488.54,0.6581,67,1,0,1,rgb,0,0,0,0,none,,,,0.0,71.1598,2.6017,73.2564,2.4645,0.0,594.0,387.36,0.0,11.1059
hnd,688,path,,UNLABELED,334.35,498.62,337.99,493.77,3.64,4.85,17.6541,5.1013,20.0568,336.17,496.195,0.7505,75,1,0,1,rgb,0,0,0,0,none,,,,0.0,87.3077,2.3172,90.0,0.69,0.0,594.0,387.36,0.0,14.8697
hnd,689,path,,UNLABELED,338.73,498.45,340.73,493.85,2.0,4.6,9.2,3.474,13.2,339.73,496.15,0.4348,7,1,0,1,rgb,0,0,0,0,none,,,,0.0,100.4862,10.2887,90.0,4.6,0.0,594.0,387.36,0.0,6.337
hnd,690,path,,UNLABELED,341.16,498.67,345.16,493.66,4.0,5.01,20.04,7.4874,27.5525,343.16,496.165,0.7984,9,1,0,1,rgb,0,0,0,0,none,,,,0.0,67.7081,1.7662,132.8908,4.9956,0.0,594.0,387.36,0.0,19.22
hnd,691,path,,UNLABELED,345.79,498.62,349.43,493.77,3.64,4.85,17.6541,5.1021,20.0572,347.61,496.195,0.7505,75,1,0,1,rgb,0,0,0,0,none,,,,0.0,87.318,2.3164,90.0,0.69,0.0,594.0,387.36,0.0,14.8705
hnd,692,compound,,UNLABELED,352.01,498.45,355.59,493.85,3.58,4.6,16.4679,7.0332,24.7987,353.8,496.15,0.7783,72,2,0,1,rgb,0,0,0,0,none,,,,0.0,88.7488,2.7447,90.0,4.6,0.0,594.0,387.36,0.0,14.1901
hnd,693,path,,UNLABELED,356.16,498.45,358.66,493.85,2.5,4.6,11.5,5.6415,21.7,357.41,496.15,0.5435,13,1,0,1,rgb,0,0,0,0,none,,,,0.0,82.4743,2.6741,90.0,4.6,0.0,594.0,387.36,0.0,11.5
hnd,694,path,,UNLABELED,359.43,498.45,361.43,493.85,2.0,4.6,9.2,3.4331,13.2,360.43,496.15,0.4348,7,1,0,1,rgb,0,0,0,0,none,,,,0.0,100.5501,10.2882,90.0,4.6,0.0,594.0,387.36,0.0,6.3165
hnd,695,path,,UNLABELED,346.32,506.02,347.63,501.42,1.31,4.6,6.026,2.6724,11.5921,346.975,503.72,0.2848,7,1,0,1,rgb,0,0,0,0,none,,,,0.0,95.2382,23.0274,90.0,4.6,0.0,594.0,387.36,0.0,4.3084
hnd,696,path,,UNLABELED,349.5,506.19,352.44,501.42,2.94,4.77,14.0238,5.1983,20.6859,350.97,503.805,0.6164,47,1,0,1,rgb,0,0,0,0,none,,,,0.0,100.9332,1.9559,51.1737,3.2219,0.0,594.0,387.36,0.0,12.9674
hnd,697,path,,UNLABELED,353.07,506.02,356.4,501.33,3.33,4.69,15.6178,4.1794,16.8259,354.735,503.675,0.71,7,1,0,1,rgb,0,0,0,0,none,,,,0.0,64.4968,3.6238,58.447,5.5037,0.0,594.0,387.36,0.0,8.7922
hnd,698,path,,UNLABELED,356.95,502.01,357.63,501.33,0.68,0.68,0.4624,0.3554,2.1288,357.29,501.67,1.0,17,1,0,1,rgb,0,0,0,0,none,,,,0.0,89.5828,1.1103,167.9069,0.1432,0.0,594.0,387.36,0.0,0.3554
hnd,699,compound,,UNLABELED,358.62,506.19,361.43,501.33,2.81,4.86,13.6566,6.6009,24.3233,360.025,503.76,0.5782,127,3,0,1,rgb,0,0,0,0,none,,,,0.0,89.4135,2.5517,36.1575,0.322,0.0,594.0,387.36,0.0,11.7103
hnd,700,path,,UNLABELED,330.53,513.75,334.96,508.9,4.43,4.85,21.4855,7.0497,26.8673,332.745,511.325,0.9134,100,1,0,1,rgb,0,0,0,0,none,,,,0.0,97.4436,1.4415,0.0,1.77,0.0,594.0,387.36,0.0,17.1836
hnd,701,path,,UNLABELED,335.64,513.8,339.64,508.79,4.0,5.01,20.04,7.4874,27.5525,337.64,511.295,0.7984,9,1,0,1,rgb,0,0,0,0,none,,,,0.0,67.7081,1.7662,132.8908,4.9956,0.0,594.0,387.36,0.0,19.22
hnd,702,compound,,UNLABELED,340.52,513.58,344.1,508.98,3.58,4.6,16.4679,7.0322,24.7968,342.31,511.28,0.7783,72,2,0,1,rgb,0,0,0,0,none,,,,0.0,88.7364,2.7435,90.0,4.6,0.0,594.0,387.36,0.0,14.1886
hnd,703,path,,UNLABELED,346.26,513.75,349.9,508.9,3.64,4.85,17.6541,5.1027,20.0576,348.08,511.325,0.7505,75,1,0,1,rgb,0,0,0,0,none,,,,0.0,87.314,2.317,90.0,0.69,0.0,594.0,387.36,0.0,14.8713
hnd,704,compound,,UNLABELED,350.3,513.75,355.15,508.9,4.85,4.85,23.5225,7.4865,27.0466,352.725,511.325,1.0,114,2,0,1,rgb,0,0,0,0,none,,,,0.0,90.0567,1.0714,117.257,0.3712,0.0,594.0,387.36,0.0,18.5105
hnd,705,path,,UNLABELED,355.79,513.8,359.79,508.79,4.0,5.01,20.04,7.4866,27.5524,357.79,511.295,0.7984,9,1,0,1,rgb,0,0,0,0,none,,,,0.0,67.7502,1.7664,132.9748,5.0024,0.0,594.0,387.36,0.0,19.22
hnd,706,path,,UNLABELED,347.43,521.15,348.74,516.55,1.31,4.6,6.026,2.675,11.5968,348.085,518.85,0.2848,7,1,0,1,rgb,0,0,0,0,none,,,,0.0,95.2736,22.9108,90.0,4.6,0.0,594.0,387.36,0.0,4.311
hnd,707,path,,UNLABELED,350.6,521.32,353.55,516.55,2.95,4.77,14.0714,5.2139,20.7305,352.075,518.935,0.6184,47,1,0,1,rgb,0,0,0,0,none,,,,0.0,100.8792,1.9526,51.1737,3.2219,0.0,594.0,387.36,0.0,13.004
hnd,708,path,,UNLABELED,354.08,521.15,357.16,516.47,3.08,4.68,14.4143,5.1333,20.7294,355.62,518.81,0.6581,67,1,0,1,rgb,0,0,0,0,none,,,,0.0,71.265,2.6033,73.3231,2.4741,0.0,594.0,387.36,0.0,11.1271
hnd,709,path,,UNLABELED,358.05,517.15,358.73,516.47,0.68,0.68,0.4624,0.3554,2.1288,358.39,516.81,1.0,17,1,0,1,rgb,0,0,0,0,none,,,,0.0,90.1982,1.1268,102.0937,0.1432,0.0,594.0,387.36,0.0,0.3554
hnd,710,path,,UNLABELED,360.11,521.15,361.43,516.55,1.32,4.6,6.072,2.6775,11.6121,360.77,518.85,0.287,7,1,0,1,rgb,0,0,0,0,none,,,,0.0,95.2992,22.6552,90.0,4.6,0.0,594.0,387.36,0.0,4.334
hnd,711,path,,UNLABELED,302.46,528.71,305.79,524.12,3.33,4.59,15.2848,6.5944,24.0,304.125,526.415,0.7255,13,1,0,1,rgb,0,0,0,0,none,,,,0.0,90.9696,2.0093,90.0,4.59,0.0,594.0,387.36,0.0,15.2848
hnd,712,path,,UNLABELED,306.67,528.71,309.18,524.12,2.51,4.59,11.5209,5.6457,21.72,307.925,526.415,0.5468,13,1,0,1,rgb,0,0,0,0,none,,,,0.0,82.401,2.6451,90.0,4.59,0.0,594.0,387.36,0.0,11.5209
hnd,713,path,,UNLABELED,309.94,528.93,313.94,523.93,4.0,5.0,20.0,7.48,27.5182,311.94,526.43,0.8,9,1,0,1,rgb,0,0,0,0,none,,,,0.0,67.6896,1.7624,132.969,4.9882,0.0,594.0,387.36,0.0,19.18
hnd,714,compound,,UNLABELED,314.82,528.71,318.4,524.12,3.58,4.59,16.4321,7.0301,24.7754,316.61,526.415,0.78,72,2,0,1,rgb,0,0,0,0,none,,,,0.0,88.776,2.7404,90.0,4.59,0.0,594.0,387.36,0.0,14.1796
hnd,715,path,,UNLABELED,318.97,528.71,321.47,524.12,2.5,4.59,11.475,5.6355,21.68,320.22,526.415,0.5447,13,1,0,1,rgb,0,0,0,0,none,,,,0.0,82.4381,2.661,90.0,4.59,0.0,594.0,387.36,0.0,11.475
hnd,716,compound,,UNLABELED,322.24,528.71,325.14,524.12,2.9,4.59,13.311,6.4063,23.4436,323.69,526.415,0.6318,45,2,0,1,rgb,0,0,0,0,none,,,,0.0,92.084,3.0544,90.0,4.59,0.0,594.0,387.36,0.0,11.9063
hnd,717,path,,UNLABELED,325.43,528.88,328.36,524.03,2.93,4.85,14.2105,5.425,20.5131,326.895,526.455,0.6041,91,1,0,1,rgb,0,0,0,0,none,,,,0.0,91.7589,3.6052,12.2254,0.6139,0.0,594.0,387.36,0.0,11.9567
hnd,718,compound,,UNLABELED,328.66,528.88,333.51,524.03,4.85,4.85,23.5225,7.4871,27.0458,331.085,526.455,1.0,114,2,0,1,rgb,0,0,0,0,none,,,,0.0,89.8531,1.0724,51.5807,0.3701,0.0,594.0,387.36,0.0,18.509
hnd,719,path,,UNLABELED,334.15,528.93,338.15,523.93,4.0,5.0,20.0,7.48,27.5182,336.15,526.43,0.8,9,1,0,1,rgb,0,0,0,0,none,,,,0.0,67.6896,1.7624,132.969,4.9882,0.0,594.0,387.36,0.0,19.18
hnd,720,path,,UNLABELED,340.46,528.71,343.25,524.12,2.79,4.59,12.8062,3.8301,14.76,341.855,526.415,0.6078,9,1,0,1,rgb,0,0,0,0,none,,,,0.0,89.3276,3.4302,90.0,4.08,0.0,594.0,387.36,0.0,8.3181
hnd,721,compound,,UNLABELED,343.4,528.88,348.26,524.03,4.86,4.85,23.5709,7.487,27.0471,345.83,526.455,1.0021,114,2,0,1,rgb,0,0,0,0,none,,,,0.0,90.0401,1.0724,119.3568,0.3671,0.0,594.0,387.36,0.0,18.5082
hnd,722,path,,UNLABELED,348.38,528.88,354.85,523.95,6.47,4.93,31.8971,9.0021,33.0449,351.615,526.415,1.3124,11,1,0,1,rgb,0,0,0,0,none,,,,0.0,153.3417,1.2676,112.0706,5.1364,0.0,594.0,387.36,0.0,22.1842
hnd,723,path,,UNLABELED,355.26,528.71,357.76,524.12,2.5,4.59,11.475,5.6049,21.72,356.51,526.415,0.5447,13,1,0,1,rgb,0,0,0,0,none,,,,0.0,82.4405,2.6503,90.0,4.59,0.0,594.0,387.36,0.0,11.475
hnd,724,compound,,UNLABELED,358.52,528.71,361.43,524.12,2.91,4.59,13.3569,6.4404,23.471,359.975,526.415,0.634,45,2,0,1,rgb,0,0,0,0,none,,,,0.0,92.0694,3.0514,90.0,4.59,0.0,594.0,387.36,0.0,11.9514
hnd,725,path,,UNLABELED,339.0,536.28,340.32,531.68,1.32,4.6,6.072,2.6775,11.6121,339.66,533.98,0.287,7,1,0,1,rgb,0,0,0,0,none,,,,0.0,95.2992,22.6553,90.0,4.6,0.0,594.0,387.36,0.0,4.334
hnd,726,path,,UNLABELED,342.18,536.45,345.12,531.68,2.94,4.77,14.0238,5.2151,20.7151,343.65,534.065,0.6164,47,1,0,1,rgb,0,0,0,0,none,,,,0.0,100.7587,1.9537,51.1737,3.2219,0.0,594.0,387.36,0.0,12.9797
hnd,727,compound,,UNLABELED,345.67,536.45,348.82,531.6,3.15,4.85,15.2775,5.7294,22.4435,347.245,534.025,0.6495,98,2,0,1,rgb,0,0,0,0,none,,,,0.0,89.9836,2.6329,74.9835,0.4245,0.0,594.0,387.36,0.0,12.1863
hnd,728,path,,UNLABELED,349.63,532.28,350.31,531.6,0.68,0.68,0.4624,0.353,2.1208,349.97,531.94,1.0,17,1,0,1,rgb,0,0,0,0,none,,,,0.0,90.0,1.1405,102.0943,0.1432,0.0,594.0,387.36,0.0,0.353
hnd,729,path,,UNLABELED,351.22,536.28,354.54,531.6,3.32,4.68,15.5376,4.1368,16.7782,352.88,533.94,0.7094,7,1,0,1,rgb,0,0,0,0,none,,,,0.0,64.5255,3.6426,58.3924,5.4952,0.0,594.0,387.36,0.0,8.7302
hnd,730,path,,UNLABELED,354.83,536.28,358.15,531.6,3.32,4.68,15.5376,4.1394,16.7964,356.49,533.94,0.7094,7,1,0,1,rgb,0,0,0,0,none,,,,0.0,64.5129,3.6269,58.4814,5.4899,0.0,594.0,387.36,0.0,8.7521
hnd,731,path,,UNLABELED,358.35,536.28,361.43,531.6,3.08,4.68,14.4143,5.129,20.7198,359.89,533.94,0.6581,67,1,0,1,rgb,0,0,0,0,none,,,,0.0,71.15,2.6045,73.3231,2.4741,0.0,594.0,387.36,0.0,11.1246
hnd,732,compound,,UNLABELED,349.45,544.08,353.88,539.25,4.43,4.83,21.3969,5.9903,22.3406,351.665,541.665,0.9172,12,2,0,1,rgb,0,0,0,0,none,,,,0.0,90.5714,1.2324,114.6848,5.3158,0.0,594.0,387.36,0.0,10.6984
hnd,733,path,,UNLABELED,353.93,543.84,356.72,539.25,2.79,4.59,12.8061,3.8709,14.76,355.325,541.545,0.6078,9,1,0,1,rgb,0,0,0,0,none,,,,0.0,89.2555,3.425,90.0,4.08,0.0,594.0,387.36,0.0,8.3385
hnd,734,path,,UNLABELED,357.21,543.84,357.81,539.25,0.6,4.59,2.754,2.754,10.38,357.51,541.545,0.1307,5,1,0,1,rgb,0,0,0,0,none,,,,0.0,88.7308,60.2515,90.0,4.59,0.0,594.0,387.36,0.0,2.754
hnd,735,path,,UNLABELED,358.49,544.01,361.43,539.16,2.94,4.85,14.259,5.4364,20.5206,359.96,541.585,0.6062,91,1,0,1,rgb,0,0,0,0,none,,,,0.0,91.7696,3.6073,11.3097,0.6119,0.0,594.0,387.36,0.0,11.9843
hnd,736,path,,UNLABELED,270.24,34.29,274.84,27.93,4.6,6.36,29.2561,12.5884,33.2201,272.54,31.11,0.7233,13,1,0,1,rgb,0,0,0,0,none,,,,0.0,90.9646,2.017,90.0,6.36,0.0,594.0,387.36,0.0,29.2561
hnd,737,path,,UNLABELED,276.05,34.29,279.51,27.93,3.46,6.36,22.0055,10.7289,30.0399,277.78,31.11,0.544,13,1,0,1,rgb,0,0,0,0,none,,,,0.0,82.4976,2.6705,90.0,6.36,0.0,594.0,387.36,0.0,22.0055
hnd,738,path,,UNLABELED,280.54,34.6,286.08,27.66,5.54,6.94,38.4477,14.3926,38.1356,283.31,31.13,0.7983,9,1,0,1,rgb,0,0,0,0,none,,,,0.0,67.7688,1.763,132.9485,6.9129,0.0,594.0,387.36,0.0,36.841
hnd,739,compound,,UNLABELED,287.27,34.29,292.23,27.93,4.96,6.36,31.5455,13.4512,34.3302,289.75,31.11,0.7799,72,2,0,1,rgb,0,0,0,0,none,,,,0.0,88.791,2.7407,90.0,6.36,0.0,594.0,387.36,0.0,27.1832
hnd,740,path,,UNLABELED,292.99,34.29,296.46,27.93,3.47,6.36,22.0692,10.7925,30.0601,294.725,31.11,0.5456,13,1,0,1,rgb,0,0,0,0,none,,,,0.0,82.4485,2.6614,90.0,6.36,0.0,594.0,387.36,0.0,22.0692
hnd,741,compound,,UNLABELED,297.49,34.29,301.5,27.93,4.01,6.36,25.5036,12.2955,32.4867,299.495,31.11,0.6305,45,2,0,1,rgb,0,0,0,0,none,,,,0.0,92.1296,3.0638,90.0,6.36,0.0,594.0,387.36,0.0,22.8244
hnd,742,path,,UNLABELED,301.88,34.53,305.94,27.81,4.06,6.72,27.2833,10.4149,28.4113,303.91,31.17,0.6042,91,1,0,1,rgb,0,0,0,0,none,,,,0.0,91.7808,3.6088,11.7112,0.8374,0.0,594.0,387.36,0.0,22.9436
hnd,743,compound,,UNLABELED,306.32,34.53,313.04,27.8101,6.72,6.72,45.158,14.359,37.4515,309.68,31.17,1.0,114,2,0,1,rgb,0,0,0,0,none,,,,0.0,89.8071,1.073,118.0709,0.51,0.0,594.0,387.36,0.0,35.4963
hnd,744,path,,UNLABELED,313.9,34.6,319.44,27.66,5.54,6.94,38.4477,14.3701,38.1324,316.67,31.13,0.7983,9,1,0,1,rgb,0,0,0,0,none,,,,0.0,67.7223,1.7615,133.0089,6.9197,0.0,594.0,387.36,0.0,36.841
hnd,745,path,,UNLABELED,323.16,34.29,326.62,27.93,3.46,6.36,22.0055,10.7289,30.0399,324.89,31.11,0.544,13,1,0,1,rgb,0,0,0,0,none,,,,0.0,82.4976,2.6705,90.0,6.36,0.0,594.0,387.36,0.0,22.0055
hnd,746,path,,UNLABELED,327.06,34.29,331.89,27.93,4.83,6.36,30.7186,10.6342,29.7449,329.475,31.11,0.7594,13,1,0,1,rgb,0,0,0,0,none,,,,0.0,89.1332,2.6905,60.6039,4.0746,0.0,594.0,387.36,0.0,29.6376
hnd,747,path,,UNLABELED,332.59,34.29,336.06,27.93,3.47,6.36,22.0692,10.7925,30.0601,334.325,31.11,0.5456,13,1,0,1,rgb,0,0,0,0,none,,,,0.0,82.4485,2.6614,90.0,6.36,0.0,594.0,387.36,0.0,22.0692
hnd,748,path,,UNLABELED,336.73,34.53,341.78,27.81,5.05,6.72,33.9358,9.7937,27.796,339.255,31.17,0.7515,75,1,0,1,rgb,0,0,0,0,none,,,,0.0,87.3243,2.3145,90.0,0.95,0.0,594.0,387.36,0.0,28.561
hnd,749,path,,UNLABELED,269.18,566.37,273.78,560.01,4.6,6.36,29.2558,12.6448,33.22,271.48,563.19,0.7233,13,1,0,1,rgb,0,0,0,0,none,,,,0.0,90.9617,2.0233,90.0,6.36,0.0,594.0,387.36,0.0,29.2558
hnd,750,path,,UNLABELED,274.98,566.37,278.45,560.01,3.47,6.36,22.0692,10.7932,30.0601,276.715,563.19,0.5456,13,1,0,1,rgb,0,0,0,0,none,,,,0.0,82.4402,2.6566,90.0,6.36,0.0,594.0,387.36,0.0,22.0692
hnd,751,path,,UNLABELED,279.47,566.68,285.01,559.74,5.54,6.94,38.4477,14.3474,38.1498,282.24,563.21,0.7983,9,1,0,1,rgb,0,0,0,0,none,,,,0.0,67.7298,1.7608,132.9484,6.9129,0.0,594.0,387.36,0.0,36.8411
hnd,752,compound,,UNLABELED,286.21,566.37,291.16,560.01,4.95,6.36,31.4821,13.4115,34.3173,288.685,563.19,0.7783,72,2,0,1,rgb,0,0,0,0,none,,,,0.0,88.7818,2.7404,90.0,6.36,0.0,594.0,387.36,0.0,27.1538
hnd,753,path,,UNLABELED,291.93,566.37,295.39,560.01,3.46,6.36,22.0055,10.7296,30.0399,293.66,563.19,0.544,13,1,0,1,rgb,0,0,0,0,none,,,,0.0,82.4894,2.6656,90.0,6.36,0.0,594.0,387.36,0.0,22.0055
hnd,754,compound,,UNLABELED,296.42,566.37,300.44,560.01,4.02,6.36,25.5671,12.3413,32.4891,298.43,563.19,0.6321,45,2,0,1,rgb,0,0,0,0,none,,,,0.0,92.1512,3.061,90.0,6.36,0.0,594.0,387.36,0.0,22.8725
hnd,755,path,,UNLABELED,300.81,566.61,304.87,559.89,4.06,6.72,27.2832,10.4028,28.3953,302.84,563.25,0.6042,91,1,0,1,rgb,0,0,0,0,none,,,,0.0,91.7773,3.6105,12.2359,0.8493,0.0,594.0,387.36,0.0,22.9308
hnd,756,compound,,UNLABELED,305.26,566.61,311.98,559.89,6.72,6.72,45.1582,14.3707,37.4431,308.62,563.25,1.0,114,2,0,1,rgb,0,0,0,0,none,,,,0.0,90.1243,1.0729,61.9285,0.51,0.0,594.0,387.36,0.0,35.4897
hnd,757,path,,UNLABELED,312.83,566.68,318.37,559.74,5.54,6.94,38.4477,14.3474,38.1498,315.6,563.21,0.7983,9,1,0,1,rgb,0,0,0,0,none,,,,0.0,67.7298,1.7608,132.9484,6.9129,0.0,594.0,387.36,0.0,36.8411
hnd,758,path,,UNLABELED,322.09,566.37,325.56,560.01,3.47,6.36,22.0692,10.7932,30.0601,323.825,563.19,0.5456,13,1,0,1,rgb,0,0,0,0,none,,,,0.0,82.4402,2.6566,90.0,6.36,0.0,594.0,387.36,0.0,22.0692
hnd,759,path,,UNLABELED,326.0,566.37,330.83,560.01,4.83,6.36,30.7187,10.666,29.7347,328.415,563.19,0.7594,13,1,0,1,rgb,0,0,0,0,none,,,,0.0,89.1366,2.6894,60.7267,4.0697,0.0,594.0,387.36,0.0,29.6375
hnd,760,path,,UNLABELED,331.53,566.37,334.99,560.01,3.46,6.36,22.0055,10.7366,30.06,333.26,563.19,0.544,13,1,0,1,rgb,0,0,0,0,none,,,,0.0,82.4685,2.6604,90.0,6.36,0.0,594.0,387.36,0.0,22.0055
hnd,761,path,,UNLABELED,335.67,566.61,340.71,559.89,5.04,6.72,33.8689,9.7745,27.774,338.19,563.25,0.75,75,1,0,1,rgb,0,0,0,0,none,,,,0.0,87.3186,2.318,90.0,0.95,0.0,594.0,387.36,0.0,28.517
hnd,762,path,,UNLABELED,5.0,359.6167,12.7,359.6167,7.7,0.0,0.0,0.0,15.4,8.85,359.6167,0.0,5,1,0,1,rgb,255,255,255,0,none,,,,0.0,0.0,1000000.0,0.0,7.7,0.0,594.0,387.36,0.0,0.0
hnd,763,path,,UNLABELED,5.0,359.6167,12.7,239.0,7.7,120.6167,928.7486,928.7486,256.6334,8.85,299.3083,0.0638,5,1,0,1,rgb,255,255,255,0,none,,,,0.0,90.612,252.4449,90.0,120.6167,0.0,594.0,387.36,0.0,928.7486
hnd,764,path,,UNLABELED,374.36,239.0,382.06,239.0,7.7,0.0,0.0,0.0,15.4,378.21,239.0,0.0,5,1,0,1,rgb,255,255,255,0,none,,,,0.0,0.0,1000000.0,0.0,7.7,0.0,594.0,387.36,0.0,0.0
hnd,765,path,,UNLABELED,375.06,359.6167,382.06,239.0,7.0,120.6167,844.3169,844.3169,255.2334,378.56,299.3083,0.058,5,1,0,1,rgb,255,255,255,0,none,,,,0.0,90.556,305.4462,90.0,120.6167,0.0,594.0,387.36,0.0,844.3169
