airport,object_id,subpath_index,edge_index,mid_x,mid_y,angle,length
lxt,0,0,0,133.505,503.3,176.6441,22.2081
lxt,0,0,1,122.285,501.705,86.5587,4.4981
lxt,0,0,2,123.425,499.93,20.2353,2.7177
lxt,0,0,3,127.69,500.605,3.9222,5.994
lxt,0,0,4,133.07,500.665,176.5281,4.7888
lxt,0,0,5,138.42,500.045,170.8833,5.9957
lxt,0,0,6,143.225,498.63,153.0019,4.1413
lxt,0,0,7,145.85,495.565,110.1561,4.5273
lxt,0,0,8,145.64,491.58,61.9756,4.2141
lxt,0,0,9,142.68,488.925,21.9767,4.2487
lxt,0,0,10,137.03,488.075,0.8562,7.3608
lxt,0,0,11,131.38,488.215,174.347,3.9592
lxt,0,0,12,126.91,488.83,170.4634,5.0701
lxt,0,0,13,123.685,489.535,158.54,1.558
lxt,0,0,14,122.3,490.29,144.5444,1.6205
lxt,0,0,15,121.42,487.075,86.5834,7.3831
lxt,0,0,16,122.53,484.37,36.3843,3.3041
lxt,0,0,17,126.395,485.49,3.161,5.0777
lxt,0,0,18,133.94,485.315,176.4023,10.0398
lxt,0,0,19,140.965,484.55,167.411,4.1293
lxt,0,0,20,143.94,483.38,143.1302,2.4
lxt,0,0,21,145.335,481.535,111.1397,2.4123
lxt,0,0,22,145.99,477.83,94.8739,5.1787
lxt,0,0,23,144.945,454.205,86.5601,42.166
lxt,0,0,24,142.35,412.075,86.3907,42.2538
lxt,0,0,25,140.615,388.53,80.651,4.9862
lxt,0,0,26,140.015,385.13,78.2804,1.92
lxt,0,0,27,139.305,383.53,52.0352,1.6743
lxt,0,0,28,138.025,382.47,27.6041,1.7265
lxt,0,0,29,135.25,381.88,5.3998,4.0379
lxt,0,0,30,128.135,381.965,176.9166,10.2248
lxt,0,0,31,120.645,382.575,172.0043,4.8168
lxt,0,0,32,117.575,383.215,155.9992,1.4997
lxt,0,0,33,116.485,383.77,148.3138,0.9519
lxt,0,0,34,115.71,384.25,148.1336,0.8713
lxt,0,0,35,115.145,381.205,86.5925,6.5616
lxt,0,0,36,115.57,378.31,31.5046,1.4544
lxt,0,0,37,116.8,378.92,20.6585,1.3038
lxt,0,0,38,118.185,379.21,4.4268,1.5546
lxt,0,0,39,124.42,379.185,179.1081,10.9213
lxt,0,0,40,131.475,378.99,176.0551,3.1976
lxt,0,0,41,135.035,378.335,164.4983,4.0784
lxt,0,0,42,137.885,377.06,140.4819,2.2944
lxt,0,0,43,139.155,375.25,109.6204,2.2931
lxt,0,0,44,139.535,372.87,89.7798,2.6
lxt,0,0,45,137.99,344.05,86.7971,55.1261
lxt,0,0,46,136.03,315.065,74.0031,3.0481
lxt,0,0,47,135.34,312.78,71.7745,1.7266
lxt,0,0,48,134.435,311.4,41.4089,1.6933
lxt,0,0,49,133.13,310.615,18.5623,1.4135
lxt,0,0,50,131.52,310.485,174.2299,1.8896
lxt,0,0,51,128.765,311.07,164.8918,3.76
lxt,0,0,52,123.015,313.32,155.9026,8.6213
lxt,0,0,53,117.53,315.955,150.5546,3.5598
lxt,0,0,54,115.315,317.19,151.5709,1.5124
lxt,0,0,55,113.885,318.07,145.7943,1.85
lxt,0,0,56,112.675,318.89,146.0135,1.0734
lxt,0,0,57,111.865,319.48,141.5326,0.9324
lxt,0,0,58,111.265,315.795,86.6166,7.9639
lxt,0,0,59,111.255,312.105,51.7104,0.7262
lxt,0,0,60,111.805,312.55,26.2097,0.7245
lxt,0,0,61,113.1,312.785,4.4211,1.9458
lxt,0,0,62,114.795,312.85,179.2102,1.4501
lxt,0,0,63,116.01,312.7,164.0547,1.0192
lxt,0,0,64,118.925,311.825,163.1383,5.0679
lxt,0,0,65,126.315,308.91,156.2949,10.845
lxt,0,0,66,132.62,305.69,142.1844,3.3924
lxt,0,0,67,134.365,304.095,126.1189,1.3741
lxt,0,0,68,134.92,303.0,105.5244,1.1209
lxt,0,0,69,135.105,300.34,90.9459,4.2406
lxt,0,0,70,135.09,297.245,87.0642,1.9526
lxt,0,0,71,134.78,295.63,67.8904,1.3816
lxt,0,0,72,134.145,294.58,47.5532,1.1113
lxt,0,0,73,133.365,293.81,41.6325,1.0837
lxt,0,0,74,132.37,293.18,24.5918,1.2977
lxt,0,0,75,131.07,292.785,9.985,1.4418
lxt,0,0,76,129.865,292.64,2.3124,0.9908
lxt,0,0,77,134.7,290.31,156.5683,11.6181
lxt,0,0,78,139.575,288.335,143.6379,1.13
lxt,0,0,79,138.85,289.005,128.8669,0.8605
lxt,0,0,80,138.325,289.775,120.3797,1.0085
lxt,0,0,81,137.955,290.615,105.8517,0.842
lxt,0,0,82,137.835,292.855,90.156,3.67
lxt,0,0,83,138.235,296.295,75.8378,3.3106
lxt,0,0,84,138.85,298.615,73.6321,1.4904
lxt,0,0,85,139.505,299.85,49.4444,1.3688
lxt,0,0,86,140.635,300.73,27.7242,1.5477
lxt,0,0,87,141.965,301.13,3.5481,1.2925
lxt,0,0,88,143.785,300.88,166.1362,2.4205
lxt,0,0,89,146.555,300.04,160.9743,3.3743
lxt,0,0,90,188.41,282.125,156.6684,87.6906
lxt,0,0,91,229.35,264.235,142.3293,1.7182
lxt,0,0,92,230.41,263.225,128.0786,1.2323
lxt,0,0,93,230.84,262.07,94.2682,1.3437
lxt,0,0,94,230.82,260.75,83.8535,1.3075
lxt,0,0,95,230.515,259.4,71.4419,1.4768
lxt,0,0,96,229.225,256.31,66.1824,5.225
lxt,0,0,97,227.795,253.425,52.853,1.242
lxt,0,0,98,226.855,252.515,36.2982,1.4021
lxt,0,0,99,225.66,251.945,13.822,1.2976
lxt,0,0,100,224.185,251.87,174.5905,1.6976
lxt,0,0,101,227.925,249.965,156.5904,9.9925
lxt,0,0,102,231.95,248.485,137.9559,1.5081
lxt,0,0,103,231.075,249.465,123.5505,1.1399
lxt,0,0,104,230.67,250.57,98.1304,1.2728
lxt,0,0,105,230.64,252.01,85.7632,1.6244
lxt,0,0,106,230.78,253.435,82.5889,1.2403
lxt,0,0,107,231.98,256.33,63.8382,5.0805
lxt,0,0,108,233.61,259.375,56.3107,1.8388
lxt,0,0,109,234.89,260.505,25.3615,1.7043
lxt,0,0,110,236.44,260.875,0.3676,1.56
lxt,0,0,111,237.975,260.715,167.6716,1.5456
lxt,0,0,112,239.865,260.205,163.0926,2.3726
lxt,0,0,113,296.91,235.62,156.5607,121.8771
lxt,0,0,114,353.575,210.725,139.057,1.9991
lxt,0,0,115,354.68,209.305,114.5843,1.6825
lxt,0,0,116,355.015,207.565,89.1186,1.9502
lxt,0,0,117,354.67,205.645,70.7505,2.0019
lxt,0,0,118,353.34,202.49,65.6537,4.8514
lxt,0,0,119,352.215,200.115,52.8547,0.414
lxt,0,0,120,351.795,199.505,56.4584,1.0678
lxt,0,0,121,351.025,198.8,28.6941,1.083
lxt,0,0,122,350.195,198.365,26.242,0.7916
lxt,0,0,123,349.32,198.155,3.851,1.0424
lxt,0,0,124,348.035,198.215,172.921,1.5418
lxt,0,0,125,349.68,197.265,156.558,5.2536
lxt,0,0,126,352.655,195.975,156.5563,1.2317
lxt,0,0,127,357.275,205.075,66.5429,20.3737
lxt,0,0,128,357.86,215.92,156.6223,7.5607
lxt,0,0,129,354.04,217.465,172.674,0.7058
lxt,0,0,130,353.125,217.42,9.0503,1.1443
lxt,0,0,131,351.045,216.745,21.1132,3.248
lxt,0,0,132,349.145,216.115,6.6665,0.7752
lxt,0,0,133,348.205,216.115,175.3648,1.1137
lxt,0,0,134,246.415,259.9,156.6326,220.5603
lxt,0,0,135,143.745,304.53,148.1928,3.3772
lxt,0,0,136,141.435,306.08,142.9731,2.192
lxt,0,0,137,139.99,307.635,122.4918,2.1222
lxt,0,0,138,139.23,309.805,98.476,2.5781
lxt,0,0,139,139.06,312.935,89.3821,3.7102
lxt,0,0,140,140.0,329.28,86.3671,29.0384
lxt,0,0,141,141.325,345.91,79.2834,4.356
lxt,0,0,142,142.255,348.65,48.8143,1.5945
lxt,0,0,143,143.35,349.585,30.4435,1.3223
lxt,0,0,144,144.59,350.095,14.638,1.3849
lxt,0,0,145,145.975,350.16,171.2538,1.4468
lxt,0,0,146,147.37,349.585,145.635,1.6476
lxt,0,0,147,149.97,347.02,132.4362,5.6908
lxt,0,0,148,163.93,344.205,176.6014,24.1224
lxt,0,0,149,177.17,362.885,86.4595,38.8642
lxt,0,0,150,179.82,382.27,179.6048,2.9001
lxt,0,0,151,181.275,382.67,89.3006,0.8201
lxt,0,0,152,179.835,383.09,179.6034,2.8901
lxt,0,0,153,178.485,385.67,87.883,5.1435
lxt,0,0,154,163.7,388.955,177.249,29.7943
lxt,0,0,155,148.775,388.765,87.1535,1.8122
lxt,0,0,156,148.63,387.265,80.4598,1.2067
lxt,0,0,157,148.105,384.74,77.5811,3.9525
lxt,0,0,158,147.22,382.37,43.7272,1.2731
lxt,0,0,159,146.13,381.84,8.1298,1.2728
lxt,0,0,160,144.935,382.035,153.2329,1.2656
lxt,0,0,161,144.07,382.88,118.1786,1.2706
lxt,0,0,162,143.59,385.13,96.0794,3.3991
lxt,0,0,163,145.005,412.52,86.4487,51.4989
lxt,0,0,164,147.98,462.645,86.7662,48.9279
lxt,0,0,165,149.645,491.855,86.5915,9.587
lxt,0,0,166,149.91,497.16,92.2022,1.0408
lxt,0,0,167,149.77,498.215,102.6424,1.0966
lxt,0,0,168,149.075,499.75,119.8988,2.3071
lxt,0,0,169,147.575,501.435,143.4786,2.302
lxt,0,0,170,146.13,502.305,160.4161,1.1038
lxt,0,0,171,145.1,502.57,171.0849,1.0325
lxt,0,1,0,144.305,376.655,30.1347,2.3704
lxt,0,1,1,146.255,376.515,141.5294,2.3629
lxt,0,1,2,147.345,373.975,95.2231,3.6251
lxt,0,1,3,147.13,365.735,86.6205,12.8924
lxt,0,1,4,146.37,357.655,76.9925,3.3766
lxt,0,1,5,145.605,355.435,56.1953,1.384
lxt,0,1,6,144.555,354.66,16.7391,1.3889
lxt,0,1,7,143.25,354.715,158.2754,1.3779
lxt,0,1,8,142.275,355.575,118.9742,1.3831
lxt,0,1,9,141.815,358.295,93.3823,4.2374
lxt,0,1,10,142.06,366.425,86.4801,12.0527
lxt,0,1,11,142.855,374.25,76.7859,3.7185
lxt,1,0,0,81.745,325.42,31.4964,2.0289
lxt,1,0,1,84.015,326.03,3.259,2.8145
lxt,1,0,2,88.655,325.01,161.2203,6.8338
lxt,1,0,3,91.96,323.965,38.1614,0.1781
lxt,1,0,4,93.915,323.225,157.1324,4.0916
lxt,1,0,5,95.805,322.345,93.3669,0.1703
lxt,1,0,6,98.625,320.785,152.3466,6.356
lxt,1,0,7,102.6,318.325,139.6641,3.0436
lxt,1,0,8,103.78,317.68,86.6334,0.6812
lxt,1,0,9,103.995,321.32,86.6183,6.6115
lxt,1,0,10,104.195,324.69,85.9131,0.1403
lxt,1,0,11,104.22,325.08,86.4237,0.6413
lxt,1,0,12,103.98,325.145,44.4445,0.7284
lxt,1,0,13,103.455,324.755,26.9946,0.5948
lxt,1,0,14,101.48,324.49,4.3476,3.4299
lxt,1,0,15,97.565,325.065,162.2694,4.6299
lxt,1,0,16,93.465,326.79,151.7082,4.3042
lxt,1,0,17,90.04,329.055,140.864,3.9451
lxt,1,0,18,88.075,332.305,102.2409,4.1033
lxt,1,0,19,87.52,337.475,92.1714,6.3345
lxt,1,0,20,88.23,354.67,86.6144,28.1091
lxt,1,0,21,89.59,372.035,80.9701,6.7537
lxt,1,0,22,91.07,377.225,62.8817,4.1682
lxt,1,0,23,93.955,379.805,20.5398,4.1327
lxt,1,0,24,98.18,380.62,2.2507,4.5835
lxt,1,0,25,102.71,380.355,170.9944,4.5359
lxt,1,0,26,106.175,379.39,153.5285,2.7369
lxt,1,0,27,107.58,381.825,86.617,6.1006
lxt,1,0,28,106.49,384.415,19.7108,2.6981
lxt,1,0,29,102.65,383.855,2.3397,5.1443
lxt,1,0,30,99.21,383.805,176.3827,1.7435
lxt,1,0,31,98.335,383.77,86.8218,0.1803
lxt,1,0,32,96.685,383.78,176.5213,3.2961
lxt,1,0,33,95.005,383.955,115.0153,0.1655
lxt,1,0,34,94.145,384.12,173.7739,1.6598
lxt,1,0,35,90.895,384.585,171.2095,4.9076
lxt,1,0,36,86.66,385.88,153.0564,4.0608
lxt,1,0,37,84.135,388.82,109.492,4.2856
lxt,1,0,38,83.3,394.255,92.0125,6.8342
lxt,1,0,39,85.475,436.695,86.6344,78.1849
lxt,1,0,40,88.19,482.78,86.5955,14.145
lxt,1,0,41,88.735,489.83,175.4251,0.2508
lxt,1,0,42,88.925,490.905,86.5717,2.1739
lxt,1,0,43,89.37,494.54,81.5241,5.1563
lxt,1,0,44,90.725,498.95,62.3368,4.2001
lxt,1,0,45,93.59,501.52,20.5892,4.0379
lxt,1,0,46,98.905,502.355,2.0902,6.8546
lxt,1,0,47,104.635,502.345,176.6482,4.6179
lxt,1,0,48,109.47,501.735,169.3665,5.1484
lxt,1,0,49,113.295,500.66,155.1408,2.8545
lxt,1,0,50,114.72,502.23,86.5716,4.3478
lxt,1,0,51,103.805,505.05,176.632,22.1282
lxt,1,0,52,90.92,505.185,15.6365,3.8214
lxt,1,0,53,87.955,503.125,53.9395,3.8224
lxt,1,0,54,86.355,500.025,73.0139,3.2519
lxt,1,0,55,84.9,496.64,61.8301,4.1518
lxt,1,0,56,81.965,494.085,20.3469,4.1702
lxt,1,0,57,77.17,493.28,1.6136,5.6823
lxt,1,0,58,72.675,493.82,159.4628,3.5346
lxt,1,0,59,70.55,496.48,102.9741,4.1869
lxt,1,0,60,70.125,501.475,89.1275,5.9107
lxt,1,0,61,70.725,513.845,86.6264,18.8627
lxt,1,0,62,66.9,523.52,176.6028,8.7754
lxt,1,0,63,62.65,525.995,86.6411,4.4376
lxt,1,0,64,60.565,528.34,176.6412,4.4376
lxt,1,0,65,58.22,526.255,86.6411,4.4376
lxt,1,0,66,53.78,524.295,176.614,8.6351
lxt,1,0,67,48.505,508.13,86.6366,32.8967
lxt,1,0,68,49.235,491.46,171.6098,3.4267
lxt,1,0,69,52.775,490.25,152.5107,4.1596
lxt,1,0,70,55.34,487.39,110.7542,4.0637
lxt,1,0,71,56.19,482.77,92.7363,5.4462
lxt,1,0,72,56.085,476.135,86.5649,7.8441
lxt,1,0,73,55.8,472.115,64.5377,0.2326
lxt,1,0,74,55.635,471.97,19.1792,0.2435
lxt,1,0,75,54.35,471.995,176.8201,2.3436
lxt,1,0,76,53.015,469.315,86.5602,5.4999
lxt,1,0,77,54.005,466.5,176.5318,2.3142
lxt,1,0,78,55.28,466.37,153.436,0.2683
lxt,1,0,79,55.445,466.185,109.7989,0.2657
lxt,1,0,80,55.4,464.54,86.6114,3.0453
lxt,1,0,81,55.265,462.925,64.6541,0.2102
lxt,1,0,82,55.17,462.8,30.9621,0.1166
lxt,1,0,83,55.07,462.765,5.7162,0.1005
lxt,1,0,84,53.945,462.82,176.8051,2.1533
lxt,1,0,85,52.755,462.94,152.4477,0.2594
lxt,1,0,86,52.595,463.125,109.7997,0.2657
lxt,1,0,87,52.58,463.74,86.4964,0.9818
lxt,1,0,88,49.07,464.44,176.6051,7.0924
lxt,1,0,89,45.46,463.48,86.576,2.3442
lxt,1,0,90,50.18,462.025,176.595,9.5969
lxt,1,0,91,55.06,461.695,153.432,0.2013
lxt,1,0,92,55.18,461.605,123.6917,0.1082
lxt,1,0,93,55.215,461.51,95.7102,0.1005
lxt,1,0,94,55.125,459.88,86.5592,3.1657
lxt,1,0,95,54.875,458.16,42.0889,0.4177
lxt,1,0,96,53.66,458.085,176.4913,2.124
lxt,1,0,97,52.445,455.555,86.5817,5.1992
lxt,1,0,98,53.35,452.9,176.76,2.1234
lxt,1,0,99,54.515,452.79,154.5386,0.2326
lxt,1,0,100,54.655,452.625,106.9267,0.2404
lxt,1,0,101,54.605,451.03,86.713,2.9649
lxt,1,0,102,54.47,449.45,63.4367,0.2236
lxt,1,0,103,54.365,449.32,28.6093,0.1253
lxt,1,0,104,54.255,449.28,10.2993,0.1118
lxt,1,0,105,53.215,449.33,176.5144,1.9737
lxt,1,0,106,52.12,449.44,155.5548,0.2417
lxt,1,0,107,51.97,449.605,109.1789,0.2435
lxt,1,0,108,51.96,450.195,86.386,0.9519
lxt,1,0,109,50.43,450.765,176.5151,3.1258
lxt,1,0,110,48.8,449.66,86.6614,2.4041
lxt,1,0,111,51.435,448.3,176.6148,5.4195
lxt,1,0,112,54.24,448.09,153.4332,0.2236
lxt,1,0,113,54.38,447.935,110.8557,0.2247
lxt,1,0,114,54.4,447.495,86.5834,0.6712
lxt,1,0,115,54.33,447.065,62.2402,0.2147
lxt,1,0,116,54.18,446.935,19.288,0.2119
lxt,1,0,117,52.65,446.985,176.5987,2.865
lxt,1,0,118,51.11,445.22,86.5973,3.7065
lxt,1,0,119,52.42,443.285,176.5741,2.8451
lxt,1,0,120,53.98,443.045,132.0893,0.4177
lxt,1,0,121,54.015,441.035,86.7603,3.7159
lxt,1,0,122,50.045,439.405,176.6684,7.7431
lxt,1,0,123,45.91,439.765,153.4333,0.6037
lxt,1,0,124,45.56,440.04,119.745,0.3225
lxt,1,0,125,45.46,440.325,97.8529,0.2927
lxt,1,0,126,45.505,441.515,86.4408,2.094
lxt,1,0,127,45.625,442.68,65.3768,0.264
lxt,1,0,128,45.805,442.84,17.7419,0.2625
lxt,1,0,129,46.105,442.87,176.7313,0.3506
lxt,1,0,130,46.415,445.13,86.5966,4.548
lxt,1,0,131,45.305,447.47,176.7823,2.4939
lxt,1,0,132,43.83,443.655,86.6119,7.7836
lxt,1,0,133,42.69,439.825,176.5417,1.8233
lxt,1,0,134,41.31,431.945,86.6102,15.8978
lxt,1,0,135,42.05,423.94,176.6894,2.424
lxt,1,0,136,43.42,426.575,86.6149,5.4194
lxt,1,0,137,43.245,429.3,176.584,0.6712
lxt,1,0,138,43.15,433.34,86.5834,8.0543
lxt,1,0,139,43.72,437.655,41.7946,0.8853
lxt,1,0,140,48.925,437.665,176.6542,9.7666
lxt,1,0,141,53.675,435.29,86.5773,4.1875
lxt,1,0,142,51.615,433.315,176.5987,3.8768
lxt,1,0,143,49.56,431.365,86.6742,4.137
lxt,1,0,144,51.375,429.185,176.5987,3.8768
lxt,1,0,145,53.265,428.33,86.5201,1.4827
lxt,1,0,146,51.285,427.705,176.5989,3.8768
lxt,1,0,147,49.235,425.845,86.6675,3.9567
lxt,1,0,148,51.055,423.755,176.5987,3.8768
lxt,1,0,149,52.87,421.645,86.5578,3.9972
lxt,1,0,150,51.035,419.75,176.6632,3.4358
lxt,1,0,151,49.255,418.77,86.5556,2.1639
lxt,1,0,152,50.91,417.59,176.6726,3.4458
lxt,1,0,153,52.485,415.075,86.564,4.8387
lxt,1,0,154,50.55,412.765,176.6426,3.5862
lxt,1,0,155,48.625,410.605,86.5891,4.5381
lxt,1,0,156,45.425,408.52,176.639,6.1406
lxt,1,0,157,42.54,411.73,86.6003,6.0707
lxt,1,0,158,41.515,414.835,176.4386,2.4147
lxt,1,0,159,40.09,411.22,86.588,7.3931
lxt,1,0,160,40.93,407.47,176.76,2.1234
lxt,1,0,161,45.01,407.23,176.5892,6.0507
lxt,1,0,162,47.89,404.625,86.6958,4.8581
lxt,1,0,163,49.73,402.08,176.5319,3.9673
lxt,1,0,164,51.35,395.83,86.639,12.2811
lxt,1,0,165,50.79,389.715,175.711,0.4011
lxt,1,0,166,50.59,389.7,90.0,0.06
lxt,1,0,167,50.41,388.965,75.6773,1.4552
lxt,1,0,168,49.76,387.625,53.4925,1.58
lxt,1,0,169,48.605,386.6,29.6547,1.5765
lxt,1,0,170,47.2,386.115,7.5165,1.4525
lxt,1,0,171,46.405,386.025,176.188,0.1503
lxt,1,0,172,46.4,387.195,86.5615,2.3342
lxt,1,0,173,44.905,388.45,176.7088,3.1352
lxt,1,0,174,43.185,385.935,86.5949,5.2192
lxt,1,0,175,43.62,383.295,176.6047,1.1821
lxt,1,0,176,43.355,368.79,86.6184,28.9905
lxt,1,0,177,50.415,353.855,176.6378,15.8573
lxt,1,0,178,58.355,353.78,86.3323,0.7816
lxt,1,0,179,56.495,354.28,176.6602,3.7764
lxt,1,0,180,54.79,357.415,86.5947,6.0607
lxt,1,0,181,57.28,360.3,176.5318,4.6285
lxt,1,0,182,59.705,362.06,86.5363,3.807
lxt,1,0,183,69.265,363.4,176.6068,18.9232
lxt,1,0,184,78.65,361.84,86.5663,2.0036
lxt,1,0,185,78.455,358.57,86.5966,4.548
lxt,1,0,186,77.965,350.275,86.628,12.0709
lxt,1,0,187,75.73,344.36,176.6514,3.7664
lxt,1,0,188,73.515,338.78,86.6306,11.3997
lxt,1,0,189,74.91,332.99,176.6916,3.4658
lxt,1,0,190,76.135,324.38,86.6039,17.0499
lxt,1,0,191,78.38,314.685,156.6881,5.9889
lxt,1,0,192,81.095,313.585,112.3785,0.1839
lxt,1,0,193,80.845,313.75,159.5897,0.4588
lxt,1,0,194,80.225,314.16,140.8261,1.0448
lxt,1,0,195,79.5,316.035,101.7016,3.1556
lxt,1,0,196,79.335,320.035,86.3874,4.9198
lxt,1,0,197,79.55,322.535,36.8681,0.15
lxt,1,0,198,79.615,322.66,86.4257,0.1603
lxt,1,0,199,80.25,323.815,59.6276,2.492
lxt,1,1,0,75.425,382.495,131.4157,6.3339
lxt,1,1,1,73.035,385.005,155.4094,0.6488
lxt,1,1,2,72.385,385.45,138.8714,0.9426
lxt,1,1,3,71.915,386.22,104.0362,0.9483
lxt,1,1,4,74.855,436.925,86.5206,100.6756
lxt,1,1,5,78.11,487.8,72.3873,1.322
lxt,1,1,6,78.78,488.89,44.3843,1.3153
lxt,1,1,7,79.28,489.365,26.5651,0.0671
lxt,1,1,8,79.55,489.385,1.1928,0.4801
lxt,1,1,9,81.635,488.47,153.4971,4.1233
lxt,1,1,10,84.23,485.58,110.8424,4.2159
lxt,1,1,11,85.065,481.125,91.959,4.9729
lxt,1,1,12,85.105,477.755,87.0893,1.7723
lxt,1,1,13,85.115,476.8,128.1575,0.178
lxt,1,1,14,82.55,432.225,86.6309,89.1641
lxt,1,1,15,80.04,386.82,96.968,1.8134
lxt,1,1,16,80.575,385.12,117.9796,1.8118
lxt,1,1,17,82.745,382.11,128.2944,5.6317
lxt,1,1,18,84.795,379.27,115.833,1.3999
lxt,1,1,19,85.085,377.855,88.9054,1.5703
lxt,1,1,20,84.69,376.385,60.9808,1.5667
lxt,1,1,21,83.73,375.305,34.2559,1.4035
lxt,1,1,22,82.58,374.82,8.973,1.1541
lxt,1,1,23,81.41,374.875,166.4136,1.2345
lxt,1,1,24,80.31,375.39,143.4989,1.244
lxt,1,1,25,79.52,376.255,120.3642,1.1474
lxt,1,1,26,79.01,377.365,109.6832,1.3063
lxt,1,1,27,78.155,379.05,120.6874,2.4885
lxt,1,2,0,55.275,521.66,176.6086,4.0571
lxt,1,2,1,56.585,509.435,86.6197,24.2522
lxt,1,2,2,56.39,497.305,177.2473,1.0412
lxt,1,2,3,56.55,496.3,69.8294,2.0881
lxt,1,2,4,55.925,495.245,15.8019,0.5508
lxt,1,2,5,55.38,495.175,178.9775,0.5601
lxt,1,2,6,55.04,495.105,51.3384,0.1921
lxt,1,2,7,53.695,495.115,176.2156,2.5756
lxt,1,2,8,52.36,495.27,125.5374,0.172
lxt,1,2,9,52.04,495.35,177.8785,0.5404
lxt,1,2,10,51.45,495.47,161.0295,0.6768
lxt,1,2,11,50.85,496.6,105.3501,2.1155
lxt,1,2,12,51.195,497.585,176.7951,1.252
lxt,1,2,13,52.535,509.665,86.6224,24.2722
lxt,1,3,0,65.155,521.08,176.6088,4.0571
lxt,1,3,1,66.465,508.86,86.6183,24.2422
lxt,1,3,2,66.305,496.74,177.9365,1.1107
lxt,1,3,3,66.6,495.995,70.2709,1.5404
lxt,1,3,4,66.335,495.205,85.6005,0.1304
lxt,1,3,5,66.215,494.94,60.1012,0.4614
lxt,1,3,6,65.8,494.65,16.7,0.6264
lxt,1,3,7,65.285,494.575,176.0093,0.431
lxt,1,3,8,65.015,494.51,55.4919,0.1942
lxt,1,3,9,63.62,494.51,176.5833,2.6848
lxt,1,3,10,62.2,494.665,136.8465,0.2193
lxt,1,3,11,61.895,494.775,171.1591,0.4554
lxt,1,3,12,61.38,494.93,157.5202,0.6277
lxt,1,3,13,61.01,495.37,104.0362,0.6597
lxt,1,3,14,60.755,496.385,104.1331,1.4334
lxt,1,3,15,61.14,497.045,176.4233,1.1222
lxt,1,3,16,62.415,509.105,86.6169,24.2322
lxt,1,4,0,58.315,435.46,33.5374,4.163
lxt,1,4,1,61.525,436.84,8.8627,2.9857
lxt,1,4,2,63.245,436.65,120.2564,0.9725
lxt,1,4,3,62.32,416.385,86.6259,39.7589
lxt,1,4,4,60.52,396.575,176.8198,1.2619
lxt,1,4,5,59.835,395.655,86.7039,1.9132
lxt,1,4,6,60.405,394.66,176.3387,1.2526
lxt,1,4,7,60.92,392.75,86.6335,3.7465
lxt,1,4,8,60.18,390.915,176.8198,1.2619
lxt,1,4,9,59.495,389.99,86.721,1.9231
lxt,1,4,10,60.07,388.995,176.8205,1.2619
lxt,1,4,11,60.65,388.13,86.5527,1.663
lxt,1,4,12,60.51,386.945,75.7741,0.7325
lxt,1,4,13,60.185,386.27,53.7073,0.794
lxt,1,4,14,59.605,385.75,30.1008,0.7976
lxt,1,4,15,58.895,385.505,7.0282,0.7355
lxt,1,4,16,57.695,385.51,176.5735,1.673
lxt,1,4,17,55.63,386.155,154.185,2.7327
lxt,1,4,18,53.955,388.035,109.1013,2.7197
lxt,1,4,19,53.57,390.335,86.6169,2.0335
lxt,1,4,20,53.87,391.505,32.8555,0.5714
lxt,1,4,21,54.69,391.625,176.5471,1.1621
lxt,1,4,22,55.32,392.48,86.7846,1.7828
lxt,1,4,23,54.84,393.4,176.7604,1.0617
lxt,1,4,24,54.045,393.66,139.0449,0.7018
lxt,1,4,25,53.865,395.35,86.6681,2.9249
lxt,1,4,26,54.23,396.965,28.9688,0.6401
lxt,1,4,27,55.05,397.09,176.8195,1.0817
lxt,1,4,28,55.64,397.94,86.7481,1.7628
lxt,1,4,29,55.115,398.855,176.5164,1.1521
lxt,1,4,30,54.32,399.075,139.9395,0.5749
lxt,1,4,31,54.195,400.91,86.7048,3.3055
lxt,1,4,32,55.1,402.515,176.8203,1.6225
lxt,1,4,33,55.965,403.44,86.7547,1.9431
lxt,1,4,34,55.215,404.455,176.8001,1.6125
lxt,1,4,35,54.535,406.66,86.688,4.3272
lxt,1,4,36,55.47,408.775,176.8203,1.6225
lxt,1,4,37,56.33,409.64,86.8551,1.8228
lxt,1,4,38,55.575,410.6,176.4456,1.6131
lxt,1,4,39,54.96,413.865,86.6179,6.4412
lxt,1,4,40,56.135,417.025,176.804,1.9731
lxt,1,4,41,57.15,417.465,86.5317,0.9918
lxt,1,4,42,56.195,418.02,176.5143,1.9736
lxt,1,4,43,55.25,418.765,86.6581,1.3723
lxt,1,4,44,56.275,419.39,176.5143,1.9736
lxt,1,4,45,57.305,420.08,86.5662,1.5027
lxt,1,4,46,56.365,420.89,176.5144,1.9737
lxt,1,4,47,55.425,421.76,86.8202,1.6225
lxt,1,4,48,56.455,422.515,176.8045,1.9731
lxt,1,4,49,57.485,423.16,86.3216,1.4029
lxt,1,4,50,56.54,423.915,176.8202,1.9831
lxt,1,4,51,55.605,424.9,86.6155,1.8633
lxt,1,4,52,56.65,425.77,176.5319,1.9836
lxt,1,4,53,57.68,426.38,86.5835,1.3424
lxt,1,4,54,56.73,427.11,176.5319,1.9836
lxt,1,4,55,55.795,428.07,86.5029,1.8034
lxt,1,4,56,56.835,428.91,176.5139,1.9737
lxt,1,4,57,57.86,429.52,86.5835,1.3424
lxt,1,4,58,56.915,430.245,176.804,1.9731
lxt,1,4,59,55.985,431.235,86.6335,1.8732
lxt,1,4,60,57.025,432.115,176.804,1.9731
lxt,1,4,61,58.05,432.75,86.6822,1.3823
lxt,1,4,62,57.105,433.5,176.5144,1.9737
lxt,1,4,63,56.35,433.935,58.4777,0.8798
lxt,1,5,0,63.66,440.555,73.6517,0.7816
lxt,1,5,1,63.255,439.86,47.3286,0.8705
lxt,1,5,2,62.55,439.395,19.4762,0.8698
lxt,1,5,3,61.755,439.305,171.8699,0.7778
lxt,1,5,4,60.165,439.8,159.9404,2.5656
lxt,1,5,5,58.585,440.53,142.2847,0.9481
lxt,1,5,6,57.715,441.475,127.0794,1.642
lxt,1,5,7,57.865,442.095,176.8943,1.2919
lxt,1,5,8,58.515,442.09,80.5377,0.0608
lxt,1,5,9,58.545,442.53,86.5104,0.8215
lxt,1,5,10,57.74,442.99,176.5529,1.663
lxt,1,5,11,56.82,443.49,101.3098,0.9178
lxt,1,5,12,56.75,444.295,86.7754,0.7111
lxt,1,5,13,57.715,444.595,176.6686,1.8932
lxt,1,5,14,58.7,445.19,86.4785,1.3025
lxt,1,5,15,57.795,445.895,176.6691,1.8932
lxt,1,5,16,56.905,446.905,86.7039,1.9132
lxt,1,5,17,57.905,447.805,176.6691,1.8932
lxt,1,5,18,58.89,448.46,86.7756,1.4222
lxt,1,5,19,57.99,449.225,176.6514,1.8832
lxt,1,5,20,57.1,450.16,86.748,1.7628
lxt,1,5,21,58.095,450.985,176.6695,1.8932
lxt,1,5,22,59.08,451.61,86.6336,1.3623
lxt,1,5,23,58.175,452.345,176.6686,1.8932
lxt,1,5,24,57.45,456.115,86.6109,7.443
lxt,1,5,25,58.255,459.8,177.0644,1.1715
lxt,1,5,26,59.61,472.765,86.609,26.0356
lxt,1,5,27,59.325,485.825,176.4743,2.114
lxt,1,5,28,58.345,487.175,86.6597,2.5744
lxt,1,5,29,58.51,488.805,75.3788,0.7131
lxt,1,5,30,58.83,489.46,53.4275,0.772
lxt,1,5,31,59.395,489.965,30.2033,0.7752
lxt,1,5,32,60.085,490.205,7.224,0.7157
lxt,1,5,33,62.6,490.12,176.5559,4.3278
lxt,1,5,34,65.105,489.905,166.1583,0.7106
lxt,1,5,35,65.76,489.59,143.4276,0.772
lxt,1,5,36,66.26,489.03,119.9312,0.7616
lxt,1,5,37,66.495,488.345,97.2241,0.7157
lxt,1,5,38,66.415,485.875,86.6177,4.2374
lxt,1,5,39,65.4,483.815,176.4637,1.7834
lxt,1,5,40,64.47,483.185,86.658,1.3723
lxt,1,5,41,65.32,482.45,176.7843,1.7828
lxt,1,5,42,66.155,481.435,86.7379,1.9331
lxt,1,5,43,65.21,480.525,176.4637,1.7834
lxt,1,5,44,64.28,479.895,86.658,1.3723
lxt,1,5,45,65.13,479.16,176.7843,1.7828
lxt,1,5,46,65.965,478.175,86.6335,1.8732
lxt,1,5,47,65.02,477.295,176.4637,1.7834
lxt,1,5,48,64.09,476.665,86.658,1.3723
lxt,1,5,49,64.94,475.93,176.7848,1.7828
lxt,1,5,50,65.745,474.455,86.5864,2.8551
lxt,1,5,51,64.77,473.085,176.4637,1.7834
lxt,1,5,52,63.84,472.455,86.658,1.3723
lxt,1,5,53,64.69,471.72,176.7843,1.7828
lxt,1,5,54,65.525,470.73,86.6516,1.8832
lxt,1,5,55,64.58,469.84,176.7843,1.7828
lxt,1,5,56,63.65,469.21,86.6336,1.3624
lxt,1,5,57,64.5,468.475,176.4637,1.7834
lxt,1,5,58,65.33,467.465,86.4049,1.9138
lxt,1,5,59,64.385,466.56,176.7662,1.7728
lxt,1,5,60,63.46,465.93,86.6335,1.3624
lxt,1,5,61,64.305,465.195,176.4438,1.7734
lxt,1,5,62,65.135,464.205,86.6335,1.8732
lxt,1,5,63,64.195,463.325,176.4438,1.7734
lxt,1,5,64,63.27,462.695,86.658,1.3723
lxt,1,5,65,64.115,461.96,176.7667,1.7728
lxt,1,5,66,64.945,460.96,86.6866,1.9032
lxt,1,5,67,64.0,460.06,176.7843,1.7828
lxt,1,5,68,63.07,459.43,86.6336,1.3624
lxt,1,5,69,63.92,458.695,176.4637,1.7834
lxt,1,5,70,64.29,449.785,86.6392,17.7405
lxt,1,6,0,73.455,439.885,75.7356,0.6088
lxt,1,6,1,73.18,439.325,52.9574,0.664
lxt,1,6,2,72.695,438.895,30.0687,0.6586
lxt,1,6,3,72.105,438.69,7.4703,0.6152
lxt,1,6,4,69.42,438.795,176.5137,4.7688
lxt,1,6,5,66.395,439.255,153.9707,1.4356
lxt,1,6,6,65.515,440.245,109.1954,1.4295
lxt,1,6,7,65.32,441.53,86.2482,1.2226
lxt,1,6,8,66.71,442.06,176.6086,2.7047
lxt,1,6,9,68.1,442.61,86.367,1.2625
lxt,1,6,10,66.785,443.32,176.6211,2.7147
lxt,1,6,11,65.49,444.375,86.4787,1.9537
lxt,1,6,12,66.9,445.27,176.6089,2.7047
lxt,1,6,13,68.29,445.82,86.3673,1.2625
lxt,1,6,14,66.975,446.53,176.6211,2.7147
lxt,1,6,15,65.68,447.585,86.4785,1.9537
lxt,1,6,16,67.09,448.48,176.6089,2.7047
lxt,1,6,17,68.475,449.03,86.8201,1.2619
lxt,1,6,18,67.16,449.74,176.6086,2.7047
lxt,1,6,19,65.865,450.775,86.7039,1.9132
lxt,1,6,20,67.275,451.65,176.6211,2.7147
lxt,1,6,21,68.665,452.2,86.8202,1.262
lxt,1,6,22,67.35,452.91,176.6086,2.7047
lxt,1,6,23,66.055,453.935,86.6691,1.8932
lxt,1,6,24,67.46,454.8,176.6086,2.7047
lxt,1,6,25,68.85,455.35,86.367,1.2625
lxt,1,6,26,67.535,456.06,176.6211,2.7147
lxt,1,6,27,66.24,457.105,86.4423,1.9337
lxt,1,6,28,67.65,457.99,176.6089,2.7047
lxt,1,6,29,69.04,458.54,86.3673,1.2625
lxt,1,6,30,67.725,459.25,176.6211,2.7147
lxt,1,6,31,66.43,460.305,86.4785,1.9537
lxt,1,6,32,67.84,461.2,176.6086,2.7047
lxt,1,6,33,69.23,461.75,86.367,1.2625
lxt,1,6,34,67.915,462.46,176.6214,2.7147
lxt,1,6,35,66.66,464.275,86.7014,3.4758
lxt,1,6,36,68.115,465.93,176.6214,2.7147
lxt,1,6,37,69.505,466.48,86.8205,1.2619
lxt,1,6,38,68.19,467.19,176.6086,2.7047
lxt,1,6,39,66.895,468.225,86.7038,1.9132
lxt,1,6,40,68.305,469.1,176.6214,2.7147
lxt,1,6,41,69.695,469.65,86.8202,1.2619
lxt,1,6,42,68.38,470.36,176.6086,2.7047
lxt,1,6,43,67.085,471.405,86.7379,1.9331
lxt,1,6,44,68.495,472.29,176.6214,2.7147
lxt,1,6,45,69.885,472.84,86.8202,1.2619
lxt,1,6,46,68.565,473.55,176.6211,2.7147
lxt,1,6,47,67.27,474.585,86.4051,1.9138
lxt,1,6,48,68.68,475.46,176.6089,2.7047
lxt,1,6,49,70.07,476.01,86.367,1.2625
lxt,1,6,50,68.755,476.72,176.6211,2.7147
lxt,1,6,51,67.455,477.765,86.7379,1.9331
lxt,1,6,52,68.865,478.65,176.6211,2.7147
lxt,1,6,53,70.255,479.2,86.8206,1.262
lxt,1,6,54,68.94,479.91,176.6086,2.7047
lxt,1,6,55,67.645,480.955,86.7379,1.9331
lxt,1,6,56,69.055,481.84,176.6211,2.7147
lxt,1,6,57,70.445,482.39,86.8202,1.262
lxt,1,6,58,69.13,483.1,176.6089,2.7047
lxt,1,6,59,67.835,484.16,86.7878,1.9631
lxt,1,6,60,69.245,485.06,176.6211,2.7147
lxt,1,6,61,70.635,485.61,86.8202,1.262
lxt,1,6,62,69.32,486.32,176.6089,2.7047
lxt,1,6,63,68.0,486.895,86.5319,0.9918
lxt,1,6,64,68.175,487.97,75.9638,1.1957
lxt,1,6,65,68.705,489.07,53.4843,1.294
lxt,1,6,66,69.655,489.91,29.5259,1.2987
lxt,1,6,67,70.81,490.31,7.722,1.1908
lxt,1,6,68,72.545,490.32,176.5016,2.2943
lxt,1,6,69,74.215,490.12,166.0925,1.0817
lxt,1,6,70,75.205,489.64,143.0312,1.164
lxt,1,6,71,75.96,488.785,119.8671,1.1647
lxt,1,6,72,76.32,487.745,97.4543,1.0791
lxt,1,6,73,76.32,486.05,86.5467,2.3242
lxt,1,6,74,75.42,484.94,176.5524,1.663
lxt,1,6,75,74.555,484.39,86.6616,1.2021
lxt,1,6,76,75.35,483.735,176.2088,1.6636
lxt,1,6,77,76.12,482.75,86.3085,1.8639
lxt,1,6,78,75.235,481.87,176.5316,1.653
lxt,1,6,79,74.375,481.335,86.5761,1.1721
lxt,1,6,80,75.165,480.7,176.5316,1.653
lxt,1,6,81,75.935,479.725,86.5972,1.8533
lxt,1,6,82,75.055,478.85,176.5321,1.653
lxt,1,6,83,74.195,478.305,86.6335,1.192
lxt,1,6,84,74.985,477.66,176.5316,1.653
lxt,1,6,85,75.75,476.685,86.2886,1.8539
lxt,1,6,86,74.87,475.81,176.5105,1.643
lxt,1,6,87,74.015,475.275,86.5761,1.1721
lxt,1,6,88,74.8,474.64,176.5105,1.643
lxt,1,6,89,75.565,473.67,86.5788,1.8433
lxt,1,6,90,74.69,472.8,176.5105,1.643
lxt,1,6,91,73.835,472.26,86.6051,1.1821
lxt,1,6,92,74.62,471.62,176.5105,1.643
lxt,1,6,93,75.385,470.635,86.6335,1.8732
lxt,1,6,94,74.51,469.75,176.5105,1.643
lxt,1,6,95,73.655,469.22,86.5467,1.1621
lxt,1,6,96,74.44,468.59,176.5105,1.643
lxt,1,6,97,75.2,467.625,86.2484,1.8339
lxt,1,6,98,74.33,466.76,176.468,1.6231
lxt,1,6,99,73.48,466.21,86.1858,1.2027
lxt,1,6,100,74.255,465.56,176.4891,1.6331
lxt,1,6,101,74.935,463.28,86.5356,4.4682
lxt,1,6,102,73.925,461.105,176.4033,1.7535
lxt,1,6,103,73.015,460.55,86.7162,1.222
lxt,1,6,104,73.855,459.885,176.4033,1.7535
lxt,1,6,105,74.67,458.915,86.2484,1.8339
lxt,1,6,106,73.74,458.055,176.3827,1.7435
lxt,1,6,107,72.835,457.5,86.7162,1.222
lxt,1,6,108,73.67,456.835,176.3826,1.7435
lxt,1,6,109,74.485,455.865,86.5604,1.8333
lxt,1,6,110,73.56,455.005,176.3827,1.7435
lxt,1,6,111,72.655,454.46,86.6615,1.202
lxt,1,6,112,73.49,453.805,176.3827,1.7435
lxt,1,6,113,74.3,452.83,86.2685,1.8439
lxt,1,6,114,73.375,451.965,176.3613,1.7335
lxt,1,6,115,72.475,451.42,86.6616,1.2021
lxt,1,6,116,73.305,450.77,176.6921,1.7329
lxt,1,6,117,74.115,449.82,86.5029,1.8034
lxt,1,6,118,73.2,448.975,176.3407,1.7235
lxt,1,6,119,72.305,448.43,86.6615,1.202
lxt,1,6,120,73.13,447.78,176.6724,1.7229
lxt,1,6,121,73.935,446.805,86.5972,1.8533
lxt,1,6,122,73.02,445.935,176.3402,1.7235
lxt,1,6,123,72.125,445.38,86.7162,1.222
lxt,1,6,124,72.945,444.715,176.3188,1.7135
lxt,1,6,125,73.745,443.73,86.6154,1.8632
lxt,1,6,126,72.835,442.855,176.3199,1.7135
lxt,1,6,127,71.945,442.33,86.5467,1.1621
lxt,1,6,128,72.765,441.7,176.6535,1.7129
lxt,1,6,129,73.575,440.915,86.4966,1.4728
lxt,1,7,0,65.06,436.0,75.1743,0.7034
lxt,1,7,1,65.375,436.65,54.0278,0.7661
lxt,1,7,2,65.935,437.15,29.5598,0.7703
lxt,1,7,3,66.62,437.385,7.3273,0.7058
lxt,1,7,4,69.775,437.26,176.5316,5.6203
lxt,1,7,5,72.84,436.96,153.4356,0.5814
lxt,1,7,6,73.195,436.555,109.0571,0.5819
lxt,1,7,7,73.2,434.775,86.5779,3.0154
lxt,1,7,8,71.745,433.35,176.6458,2.7347
lxt,1,7,9,70.34,432.8,86.367,1.2625
lxt,1,7,10,71.67,432.09,176.658,2.7447
lxt,1,7,11,72.93,430.205,86.5127,3.6167
lxt,1,7,12,71.455,428.48,176.6461,2.7347
lxt,1,7,13,70.055,427.955,86.6891,1.212
lxt,1,7,14,71.38,427.27,176.6338,2.7247
lxt,1,7,15,72.63,425.355,86.5695,3.6766
lxt,1,7,16,71.16,423.6,176.6335,2.7247
lxt,1,7,17,69.765,423.085,86.6336,1.1921
lxt,1,7,18,71.09,422.41,176.6335,2.7247
lxt,1,7,19,72.155,417.475,86.5229,9.7279
lxt,1,7,20,70.515,412.7,176.5963,2.6948
lxt,1,7,21,69.125,412.03,86.5662,1.5027
lxt,1,7,22,70.425,411.195,176.3839,2.6954
lxt,1,7,23,71.64,409.0,86.4744,4.228
lxt,1,7,24,70.17,406.97,176.5833,2.6848
lxt,1,7,25,68.785,406.295,86.5892,1.5127
lxt,1,7,26,70.08,405.46,176.5833,2.6848
lxt,1,7,27,71.295,403.315,86.536,4.1375
lxt,1,7,28,69.835,401.33,176.5709,2.6748
lxt,1,7,29,68.455,400.655,86.5889,1.5127
lxt,1,7,30,69.74,399.82,176.5577,2.6648
lxt,1,7,31,70.945,397.61,86.6414,4.2673
lxt,1,7,32,69.49,395.56,176.5577,2.6648
lxt,1,7,33,68.115,394.885,86.5892,1.5127
lxt,1,7,34,69.395,394.05,176.5451,2.6548
lxt,1,7,35,70.595,391.91,86.5276,4.1276
lxt,1,7,36,69.145,389.93,176.5447,2.6548
lxt,1,7,37,67.78,389.26,86.947,1.5021
lxt,1,7,38,69.06,388.43,176.5317,2.6448
lxt,1,7,39,70.345,387.77,86.5467,1.1621
lxt,1,7,40,70.075,386.585,68.7724,1.2981
lxt,1,7,41,69.295,385.63,32.7086,1.2954
lxt,1,7,42,68.21,385.135,15.0301,1.1183
lxt,1,7,43,67.535,384.965,10.4919,0.2746
lxt,1,7,44,67.27,384.94,0.0,0.26
lxt,1,7,45,65.585,385.03,176.6877,3.1152
lxt,1,7,46,63.66,385.215,165.5998,0.764
lxt,1,7,47,62.96,385.555,143.4086,0.822
lxt,1,7,48,62.425,386.16,119.6591,0.8286
lxt,1,7,49,62.17,386.895,97.5948,0.7566
lxt,1,7,50,62.23,389.105,86.5695,3.6766
lxt,1,7,51,63.56,390.865,176.4819,2.4446
lxt,1,7,52,64.825,391.555,86.6337,1.5326
lxt,1,7,53,63.65,392.395,176.4819,2.4446
lxt,1,7,54,62.55,394.545,86.6902,4.1569
lxt,1,7,55,63.895,396.55,176.7292,2.454
lxt,1,7,56,65.165,397.245,86.6334,1.5326
lxt,1,7,57,63.985,398.08,176.7292,2.454
lxt,1,7,58,62.885,400.23,86.5609,4.1675
lxt,1,7,59,64.23,402.24,176.7162,2.444
lxt,1,7,60,65.495,402.93,86.6116,1.5227
lxt,1,7,61,64.32,403.765,176.4823,2.4446
lxt,1,7,62,63.22,405.925,86.7061,4.1769
lxt,1,7,63,64.565,407.94,176.7299,2.454
lxt,1,7,64,65.835,408.635,86.6334,1.5326
lxt,1,7,65,64.655,409.47,176.7299,2.454
lxt,1,7,66,63.555,411.595,86.5192,4.1176
lxt,1,7,67,64.9,413.58,176.7158,2.444
lxt,1,7,68,66.165,414.275,86.6334,1.5326
lxt,1,7,69,64.99,415.11,176.7158,2.444
lxt,1,7,70,63.98,418.77,86.6523,7.1923
lxt,1,7,71,65.435,422.285,176.5528,2.4945
lxt,1,7,72,66.725,422.975,86.6337,1.5326
lxt,1,7,73,65.525,423.81,176.7823,2.4939
lxt,1,7,74,64.38,425.59,86.6532,3.4259
lxt,1,7,75,65.725,427.225,176.5528,2.4945
lxt,1,7,76,67.015,427.915,86.6337,1.5326
lxt,1,7,77,65.815,428.755,176.5528,2.4945
lxt,1,7,78,64.67,430.5,86.5733,3.346
lxt,1,7,79,66.01,432.095,176.5389,2.4845
lxt,1,7,80,67.295,432.785,86.6337,1.5326
lxt,1,7,81,66.1,433.62,176.769,2.4839
lxt,1,7,82,64.915,434.675,86.804,1.9731
lxt,2,0,0,74.995,304.02,87.1165,8.1503
lxt,2,0,1,74.465,294.395,86.6517,11.129
lxt,2,0,2,70.905,289.03,176.6387,6.4812
lxt,2,0,3,67.765,290.815,86.5914,3.1957
lxt,2,0,4,59.155,292.925,176.6143,17.4404
lxt,2,0,5,49.975,285.38,86.6273,16.148
lxt,2,0,6,49.14,269.595,87.3318,15.4668
lxt,2,0,7,51.035,261.74,176.7004,4.5175
lxt,2,0,8,53.23,260.6,86.6003,2.0236
lxt,2,0,9,59.525,259.215,176.623,12.7321
lxt,2,0,10,65.975,260.43,86.5807,3.1857
lxt,2,0,11,69.3,261.825,176.5453,6.4718
lxt,2,0,12,67.61,178.165,86.6265,167.2198
lxt,2,0,13,62.815,93.72,97.2688,1.9759
lxt,2,0,14,63.475,91.81,119.9107,2.1458
lxt,2,0,15,64.865,90.245,143.3988,2.13
lxt,2,0,16,66.68,89.365,165.6835,1.9815
lxt,2,0,17,78.895,88.46,176.644,22.5487
lxt,2,0,18,90.28,89.95,86.5398,4.3078
lxt,2,0,19,89.14,91.635,20.1096,2.7049
lxt,2,0,20,85.215,91.035,2.9107,5.3169
lxt,2,0,21,79.56,91.08,176.5662,6.0108
lxt,2,0,22,73.86,91.69,170.9513,5.4681
lxt,2,0,23,69.31,93.115,151.7271,4.2012
lxt,2,0,24,66.725,96.125,110.04,4.2898
lxt,2,0,25,65.915,100.575,91.7642,4.8723
lxt,2,0,26,67.97,139.205,86.6321,72.5152
lxt,2,0,27,70.5,177.915,80.9631,5.0932
lxt,2,0,28,71.845,182.275,62.8787,4.1459
lxt,2,0,29,74.725,184.85,20.6694,4.1362
lxt,2,0,30,79.295,185.655,1.6303,5.2721
lxt,2,0,31,82.555,185.7,177.252,1.2514
lxt,2,0,32,83.235,185.745,53.7524,0.186
lxt,2,0,33,84.915,185.725,176.6542,3.2555
lxt,2,0,34,86.57,185.55,110.5572,0.1709
lxt,2,0,35,87.41,185.42,176.4675,1.6231
lxt,2,0,36,90.805,184.965,171.0957,5.2331
lxt,2,0,37,94.605,183.945,153.1525,2.7236
lxt,2,0,38,96.0,186.43,86.677,6.2105
lxt,2,0,39,94.865,189.05,20.0529,2.7997
lxt,2,0,40,90.97,188.46,2.4414,5.1647
lxt,2,0,41,87.61,188.39,177.0648,1.5621
lxt,2,0,42,86.755,188.385,30.9625,0.1749
lxt,2,0,43,85.065,188.435,176.6335,3.2356
lxt,2,0,44,83.405,188.61,119.3562,0.1836
lxt,2,0,45,82.735,188.735,175.882,1.2532
lxt,2,0,46,79.505,189.16,171.7008,5.2651
lxt,2,0,47,75.06,190.495,152.5693,4.1462
lxt,2,0,48,72.5,193.395,110.3136,4.148
lxt,2,0,49,71.68,197.885,92.2502,5.0939
lxt,2,0,50,74.415,248.535,86.6273,96.3769
lxt,2,0,51,77.54,298.26,79.851,3.2915
lxt,2,0,52,78.065,301.275,80.4377,2.8293
lxt,2,0,53,79.155,304.045,58.1259,3.2383
lxt,2,0,54,80.635,305.775,29.5973,1.4376
lxt,2,0,55,81.94,306.185,4.6235,1.3644
lxt,2,0,56,83.3,306.15,172.4609,1.3719
lxt,2,0,57,79.09,308.18,156.5615,10.6595
lxt,2,0,58,74.2,310.295,90.0,0.01
lxt,2,0,59,74.63,309.82,132.4551,1.2741
lxt,2,0,60,75.13,308.72,96.3401,1.2678
lxt,3,0,0,46.77,357.565,70.0106,15.504
lxt,4,0,0,49.545,366.15,59.1218,3.4488
lxt,4,0,1,48.99,364.625,172.2351,0.6661
lxt,4,0,2,49.6,364.4,147.2648,0.6657
lxt,5,0,0,54.83,258.53,79.1056,9.7355
lxt,6,0,0,55.75,264.895,68.2601,3.4558
lxt,6,0,1,55.445,263.3,1.7089,0.6703
lxt,6,0,2,56.08,263.18,156.5706,0.6539
lxt,7,0,0,177.045,370.385,18.435,16.2225
lxt,8,0,0,167.715,366.93,7.6828,3.4409
lxt,8,0,1,169.25,367.445,120.8158,0.6637
lxt,8,0,2,169.045,368.06,96.0548,0.6637
lxt,9,0,0,276.435,242.665,45.7975,18.2875
lxt,10,0,0,269.195,234.735,34.8187,3.5203
lxt,10,0,1,270.35,235.92,148.1744,0.6826
lxt,10,0,2,269.845,236.355,130.1345,0.6671
lxt,11,0,0,67.415,305.535,42.3919,6.8377
lxt,12,0,0,70.845,309.1,32.4077,3.4705
lxt,12,0,1,69.64,308.0,146.8192,0.6213
lxt,12,0,2,70.06,307.545,119.3116,0.6537
lxt,13,0,0,113.67,506.195,120.5334,3.4249
lxt,13,0,1,112.6,507.415,51.892,0.6481
lxt,13,0,2,112.095,507.01,26.1883,0.6798
lxt,14,0,0,109.82,510.085,131.5393,8.0828
lxt,15,0,0,104.29,133.89,86.4004,9.2382
lxt,16,0,0,104.365,140.015,75.2734,3.4224
lxt,16,0,1,104.255,138.395,6.1472,0.6538
lxt,16,0,2,104.905,138.32,161.301,0.6862
lxt,17,0,0,138.625,276.19,158.5385,6.8876
lxt,18,0,0,143.235,274.715,147.6295,3.4928
lxt,18,0,1,141.72,275.325,82.9833,0.6549
lxt,18,0,2,141.5,274.71,58.1719,0.6826
lxt,19,0,0,308.24,203.555,145.8986,3.4781
lxt,19,0,1,309.75,202.905,77.8468,0.6649
lxt,19,0,2,310.0,203.52,58.1708,0.6826
lxt,20,0,0,312.31,202.15,156.3822,5.7409
lxt,21,0,0,48.23,258.3,90.0,2.88
lxt,22,0,0,120.13,258.295,90.0,2.89
lxt,23,0,0,156.08,258.295,90.0,2.89
lxt,24,0,0,192.02,258.3,90.0,2.88
lxt,25,0,0,227.97,258.3,90.0,2.88
lxt,26,0,0,335.82,258.305,90.0,2.89
lxt,27,0,0,335.8,488.52,90.0,2.88
lxt,28,0,0,299.85,488.51,90.0,2.88
lxt,29,0,0,227.96,488.51,90.0,2.88
lxt,30,0,0,192.02,488.51,90.0,2.88
lxt,31,0,0,156.07,488.51,90.0,2.88
lxt,32,0,0,120.13,488.51,90.0,2.88
lxt,33,0,0,48.24,488.51,90.0,2.88
lxt,34,0,0,82.75,533.11,0.0,2.88
lxt,35,0,0,262.465,533.11,0.0,2.89
lxt,36,0,0,262.49,72.69,0.0,2.88
lxt,37,0,0,262.49,118.73,0.0,2.88
lxt,38,0,0,262.485,164.77,0.0,2.89
lxt,39,0,0,262.48,210.81,0.0,2.88
lxt,40,0,0,262.48,302.9,0.0,2.88
lxt,41,0,0,262.475,348.94,0.0,2.89
lxt,42,0,0,262.47,394.98,0.0,2.88
lxt,43,0,0,262.47,441.03,0.0,2.88
lxt,44,0,0,82.74,441.02,0.0,2.88
lxt,45,0,0,82.74,394.98,0.0,2.88
lxt,46,0,0,82.74,348.94,0.0,2.88
lxt,47,0,0,82.74,302.9,0.0,2.88
lxt,48,0,0,82.735,210.81,0.0,2.89
lxt,49,0,0,82.735,164.77,0.0,2.89
lxt,50,0,0,82.73,118.73,0.0,2.88
lxt,51,0,0,82.73,72.68,0.0,2.88
lxt,52,0,0,108.245,457.0,86.4624,9.2376
lxt,53,0,0,108.17,450.875,75.4355,3.4199
lxt,53,0,1,108.28,452.495,6.2412,0.6438
lxt,53,0,2,107.635,452.57,161.301,0.6862
lxt,54,0,0,36.365,284.515,99.8305,4.8614
lxt,55,0,0,37.345,280.635,89.1697,3.4504
lxt,55,0,1,37.065,282.235,22.2856,0.6592
lxt,55,0,2,36.43,282.125,177.3975,0.6607
lxt,56,0,0,67.685,261.925,176.6335,3.2356
lxt,56,0,1,70.1,275.43,86.6335,27.247
lxt,56,0,2,69.285,289.125,176.6335,3.2356
lxt,56,0,3,67.765,290.815,86.5914,3.1956
lxt,56,0,4,59.155,292.925,176.6142,17.4404
lxt,56,0,5,49.975,285.38,86.6273,16.148
lxt,56,0,6,49.14,269.595,87.3318,15.4667
lxt,56,0,7,51.035,261.74,176.7004,4.5175
lxt,56,0,8,53.23,260.6,86.6002,2.0236
lxt,56,0,9,59.525,259.215,176.623,12.7321
lxt,56,0,10,65.975,260.43,86.5807,3.1857
lxt,57,0,0,50.545,291.675,45.0,4.9922
lxt,58,0,0,53.095,289.13,44.9668,12.1976
lxt,59,0,0,55.64,286.58,45.0,19.403
lxt,60,0,0,58.19,284.035,44.9848,26.6084
lxt,61,0,0,59.84,280.59,45.0,31.2824
lxt,62,0,0,59.84,275.5,45.0,31.2824
lxt,63,0,0,59.84,270.4,45.0,31.2824
lxt,64,0,0,62.135,267.605,45.0,24.7912
lxt,65,0,0,64.685,265.055,45.0,17.5787
lxt,66,0,0,67.23,262.51,45.0,10.3803
lxt,67,0,0,69.78,259.96,44.9999,3.1678
lxt,68,0,0,65.585,385.03,176.6877,3.1152
lxt,68,0,1,63.35,385.44,154.7984,1.5031
lxt,68,0,2,62.395,386.465,111.3094,1.5135
lxt,68,0,3,61.36,387.215,176.611,1.5227
lxt,68,0,4,60.265,386.6,63.0889,1.4803
lxt,68,0,5,59.23,385.7,18.9245,1.48
lxt,68,0,6,57.695,385.51,176.5735,1.673
lxt,68,0,7,55.95,385.87,161.1878,1.9227
lxt,68,0,8,54.43,386.92,129.4997,1.918
lxt,68,0,9,51.925,387.77,176.6778,3.7964
lxt,68,0,10,49.27,387.165,43.2528,2.0869
lxt,68,0,11,47.495,386.235,11.9595,2.075
lxt,68,0,12,46.405,386.025,176.188,0.1503
lxt,68,0,13,46.4,387.195,86.5615,2.3342
lxt,68,0,14,44.905,388.45,176.7085,3.1352
lxt,68,0,15,43.185,385.935,86.5949,5.2192
lxt,68,0,16,43.62,383.295,176.6055,1.1821
lxt,68,0,17,43.355,368.79,86.6185,28.9905
lxt,68,0,18,50.415,353.855,176.6378,15.8573
lxt,68,0,19,58.355,353.78,86.3323,0.7816
lxt,68,0,20,56.495,354.28,176.6602,3.7764
lxt,68,0,21,54.79,357.415,86.5947,6.0607
lxt,68,0,22,57.28,360.3,176.5318,4.6285
lxt,68,0,23,59.705,362.06,86.5363,3.807
lxt,68,0,24,69.265,363.4,176.6068,18.9232
lxt,68,0,25,78.65,361.84,86.5663,2.0036
lxt,68,0,26,78.455,358.57,86.5966,4.548
lxt,68,0,27,77.965,350.275,86.628,12.0709
lxt,68,0,28,80.36,344.09,176.6703,5.5093
lxt,68,0,29,83.98,358.63,86.613,29.4514
lxt,68,0,30,84.0,374.12,137.0952,2.3209
lxt,68,0,31,81.98,374.965,177.3086,2.3426
lxt,68,0,32,80.02,375.885,132.4054,2.3429
lxt,68,0,33,79.01,377.365,109.6832,1.3063
lxt,68,0,34,78.155,379.05,120.6874,2.4885
lxt,68,0,35,75.425,382.495,131.4157,6.3339
lxt,68,0,36,73.035,385.005,155.4097,0.6489
lxt,68,0,37,72.27,385.87,122.7746,1.7364
lxt,68,0,38,71.01,386.645,176.74,1.5826
lxt,68,0,39,69.485,385.985,43.8066,2.0369
lxt,68,0,40,68.21,385.135,15.0301,1.1183
lxt,68,0,41,67.405,384.965,5.3897,0.5324
lxt,69,0,0,43.82,387.22,45.0,3.7335
lxt,70,0,0,46.37,384.675,44.963,10.9389
lxt,71,0,0,48.915,382.125,45.0,18.1444
lxt,72,0,0,51.465,379.58,44.984,25.3498
lxt,73,0,0,54.01,377.03,45.0,32.5552
lxt,74,0,0,56.56,374.485,44.9898,39.7606
lxt,75,0,0,59.105,371.935,45.0,46.966
lxt,76,0,0,61.655,369.39,44.9925,54.1715
lxt,77,0,0,63.675,366.315,45.0,59.8919
lxt,78,0,0,65.615,363.165,45.0,54.4048
lxt,79,0,0,68.165,360.615,45.0,47.1923
lxt,80,0,0,70.71,358.07,45.0,39.994
lxt,81,0,0,73.26,355.52,45.0,32.7815
lxt,82,0,0,75.805,352.975,45.0,25.5831
lxt,83,0,0,78.355,350.425,45.0,18.3706
lxt,84,0,0,80.9,347.88,45.0,11.1723
lxt,85,0,0,83.45,345.33,45.0,3.9598
lxt,86,0,0,68.965,333.35,33.4033,15.5124
lxt,87,0,0,76.315,338.58,22.4795,3.4523
lxt,87,0,1,74.96,337.69,136.2196,0.6648
lxt,87,0,2,75.32,337.15,111.1612,0.6648
lxt,88,0,0,320.22,418.5,90.0,69.9
lxt,89,0,0,330.27,416.3,72.9403,68.5147
lxt,90,0,0,338.915,444.475,72.9281,9.5718
lxt,90,0,1,337.8,440.045,26.5651,0.6484
lxt,90,0,2,338.34,440.26,15.6422,0.5192
lxt,90,0,3,338.845,440.33,0.0,0.51
lxt,90,0,4,339.205,440.295,161.5663,0.2213
lxt,90,0,5,339.53,440.15,153.4349,0.4919
lxt,90,0,6,339.71,441.16,92.0451,2.2414
lxt,90,0,7,339.71,443.395,87.9458,2.2314
lxt,90,0,8,339.855,445.305,82.4754,1.6038
lxt,91,0,0,321.445,445.77,47.3532,3.6164
lxt,91,0,1,321.95,448.83,112.5964,3.7477
lxt,91,0,2,320.725,452.83,102.5423,4.651
lxt,91,0,3,319.75,452.83,78.3023,4.6363
lxt,91,0,4,318.525,448.83,66.4226,3.7751
lxt,92,0,0,327.635,401.23,71.9405,0.4838
lxt,92,0,1,329.565,401.19,5.4135,4.0279
lxt,92,0,2,330.02,402.66,140.4497,4.0204
lxt,92,0,3,328.4,403.71,73.0705,0.4808
lxt,92,0,4,329.415,402.595,140.7971,2.8003
lxt,92,0,5,329.105,401.585,5.1203,2.8012
lxt,93,0,0,332.19,405.58,6.8425,1.0072
lxt,93,0,1,332.76,405.87,73.0711,0.4808
lxt,93,0,2,330.8,405.835,7.4374,4.0945
lxt,93,0,3,330.3,404.21,138.3667,4.0942
lxt,93,0,4,331.9,403.075,72.7202,0.4713
lxt,93,0,5,331.59,403.63,139.0285,1.0066
lxt,93,0,6,331.45,404.74,72.8969,1.6322
lxt,93,1,0,331.075,404.855,72.9974,1.2653
lxt,93,1,1,330.295,404.765,139.1224,1.5738
lxt,93,1,2,330.48,405.37,6.5822,1.5703
lxt,94,0,0,331.77,408.015,83.9943,0.1911
lxt,94,0,1,331.77,408.2,96.337,0.1811
lxt,94,0,2,331.735,408.37,107.3497,0.1676
lxt,94,0,3,331.665,408.53,119.3645,0.1836
lxt,94,0,4,331.565,408.675,130.2315,0.1703
lxt,94,0,5,331.445,408.8,137.2928,0.1769
lxt,94,0,6,331.305,408.905,149.0362,0.1749
lxt,94,0,7,331.145,408.985,157.6193,0.1839
lxt,94,0,8,330.94,409.04,170.5389,0.2433
lxt,94,0,9,330.7,409.05,4.7648,0.2408
lxt,94,0,10,330.46,409.005,16.2571,0.25
lxt,94,0,11,330.24,408.9,34.9944,0.2441
lxt,94,0,12,330.06,408.735,49.8988,0.2484
lxt,94,0,13,329.925,408.53,63.4318,0.246
lxt,94,0,14,329.825,408.305,68.6298,0.247
lxt,94,0,15,329.74,408.075,70.8248,0.2435
lxt,94,0,16,329.62,407.695,73.2012,0.5536
lxt,94,0,17,331.23,406.91,162.8974,3.5364
lxt,94,0,18,332.985,406.61,73.5395,0.4588
lxt,94,0,19,332.33,407.05,163.0091,1.5057
lxt,94,0,20,331.64,407.36,71.5651,0.1897
lxt,94,0,21,332.545,407.74,18.3367,1.8436
lxt,94,0,22,333.495,408.28,73.3014,0.522
lxt,94,0,23,332.665,408.225,18.6247,1.91
lxt,94,1,0,330.065,407.81,75.9638,0.1237
lxt,94,1,1,330.11,407.95,69.4452,0.1709
lxt,94,1,2,330.17,408.11,69.4452,0.1709
lxt,94,1,3,330.24,408.265,61.9305,0.17
lxt,94,1,4,330.33,408.405,52.4308,0.164
lxt,94,1,5,330.435,408.52,42.267,0.1487
lxt,94,1,6,330.56,408.605,26.57,0.1565
lxt,94,1,7,330.705,408.65,7.5966,0.1513
lxt,94,1,8,330.87,408.645,170.5393,0.1825
lxt,94,1,9,331.045,408.595,157.6157,0.1838
lxt,94,1,10,331.19,408.51,140.1916,0.1562
lxt,94,1,11,331.29,408.395,121.615,0.1526
lxt,94,1,12,331.35,408.26,105.9371,0.1456
lxt,94,1,13,331.375,408.11,93.5797,0.1603
lxt,94,1,14,331.37,407.945,83.2937,0.1712
lxt,94,1,15,331.345,407.775,79.9923,0.1726
lxt,94,1,16,331.305,407.61,72.6404,0.1676
lxt,94,1,17,331.26,407.46,74.0629,0.1456
lxt,94,1,18,330.645,407.57,163.1683,1.2433
lxt,95,0,0,333.215,412.72,163.0044,3.1475
lxt,95,0,1,334.775,412.445,73.4448,0.386
lxt,95,0,2,333.14,413.15,162.8972,3.5364
lxt,95,0,3,331.34,413.305,73.2289,0.7624
lxt,95,0,4,331.38,412.765,130.6038,0.461
lxt,95,0,5,331.62,412.885,73.0344,0.6168
lxt,96,0,0,334.925,414.445,84.8006,0.1105
lxt,96,0,1,334.935,414.345,108.4349,0.0949
lxt,96,0,2,334.98,414.26,126.8681,0.1
lxt,96,0,3,335.055,414.195,150.9512,0.103
lxt,96,0,4,335.15,414.165,174.2911,0.1005
lxt,96,0,5,335.25,414.175,16.6976,0.1044
lxt,96,0,6,335.34,414.22,36.8629,0.1
lxt,96,0,7,335.405,414.295,60.9503,0.1029
lxt,96,0,8,335.435,414.395,84.8006,0.1105
lxt,96,0,9,335.425,414.495,108.4349,0.0949
lxt,96,0,10,335.38,414.58,126.8681,0.1
lxt,96,0,11,335.3,414.645,153.4349,0.1118
lxt,96,0,12,335.2,414.675,174.2929,0.1005
lxt,96,0,13,335.105,414.665,18.4349,0.0949
lxt,96,0,14,335.02,414.62,36.8629,0.1
lxt,96,0,15,334.955,414.545,60.9503,0.1029
lxt,97,0,0,336.045,416.38,79.381,0.1628
lxt,97,0,1,336.065,416.54,86.4203,0.1603
lxt,97,0,2,336.065,416.69,94.0896,0.1404
lxt,97,0,3,336.04,416.835,104.935,0.1552
lxt,97,0,4,335.99,416.975,114.7734,0.1432
lxt,97,0,5,335.92,417.105,121.6053,0.1526
lxt,97,0,6,335.835,417.23,126.8664,0.15
lxt,97,0,7,335.735,417.345,135.004,0.1556
lxt,97,0,8,335.56,417.5,140.1937,0.3124
lxt,97,0,9,335.3,417.685,148.7364,0.3276
lxt,97,0,10,335.09,417.805,153.4399,0.1565
lxt,97,0,11,334.95,417.875,153.43,0.1565
lxt,97,0,12,334.81,417.935,160.347,0.1487
lxt,97,0,13,334.675,417.985,158.962,0.1393
lxt,97,0,14,334.54,418.025,167.9044,0.1432
lxt,97,0,15,334.4,418.06,164.0587,0.1456
lxt,97,0,16,334.25,418.09,172.8723,0.1612
lxt,97,0,17,334.095,418.11,172.405,0.1514
lxt,97,0,18,333.855,418.13,176.5335,0.3306
lxt,97,0,19,333.53,418.125,5.3555,0.3214
lxt,97,0,20,333.295,418.095,11.3099,0.153
lxt,97,0,21,333.145,418.055,18.4367,0.1581
lxt,97,0,22,333.005,418.0,24.7734,0.1432
lxt,97,0,23,332.875,417.93,31.6071,0.1526
lxt,97,0,24,332.755,417.845,39.292,0.1421
lxt,97,0,25,332.65,417.74,50.1916,0.1562
lxt,97,0,26,332.56,417.615,58.388,0.1527
lxt,97,0,27,332.49,417.475,68.1986,0.1615
lxt,97,0,28,332.44,417.32,75.9715,0.1649
lxt,97,0,29,332.42,417.16,90.0,0.16
lxt,97,0,30,332.425,417.005,93.8063,0.1503
lxt,97,0,31,332.45,416.86,105.9487,0.1456
lxt,97,0,32,332.5,416.725,114.7734,0.1432
lxt,97,0,33,332.57,416.595,121.6022,0.1526
lxt,97,0,34,332.66,416.47,129.8084,0.1562
lxt,97,0,35,332.765,416.355,135.004,0.1556
lxt,97,0,36,332.94,416.195,138.812,0.3189
lxt,97,0,37,333.2,416.005,148.7364,0.3276
lxt,97,0,38,333.41,415.885,153.4399,0.1565
lxt,97,0,39,333.55,415.82,156.7999,0.1523
lxt,97,0,40,333.69,415.76,156.7991,0.1523
lxt,97,0,41,333.83,415.71,164.0554,0.1456
lxt,97,0,42,333.965,415.67,162.9006,0.136
lxt,97,0,43,334.105,415.635,168.6901,0.153
lxt,97,0,44,334.255,415.605,168.6845,0.153
lxt,97,0,45,334.41,415.58,172.879,0.1612
lxt,97,0,46,334.65,415.565,178.2084,0.3202
lxt,97,0,47,334.97,415.575,5.3555,0.3214
lxt,97,0,48,335.205,415.605,11.3155,0.153
lxt,97,0,49,335.35,415.645,19.6475,0.1487
lxt,97,0,50,335.49,415.7,23.2001,0.1523
lxt,97,0,51,335.62,415.77,33.6917,0.1442
lxt,97,0,52,335.735,415.855,39.289,0.1421
lxt,97,0,53,335.84,415.96,50.2002,0.1562
lxt,97,0,54,335.93,416.085,58.388,0.1527
lxt,97,0,55,336.0,416.225,68.1986,0.1615
lxt,97,1,0,332.86,417.335,70.0131,0.1171
lxt,97,1,1,332.91,417.435,56.3099,0.1082
lxt,97,1,2,332.98,417.515,41.1937,0.1063
lxt,97,1,3,333.065,417.58,33.6901,0.1082
lxt,97,1,4,333.215,417.655,23.1956,0.2285
lxt,97,1,5,333.44,417.72,9.4647,0.2433
lxt,97,1,6,333.685,417.74,0.0,0.25
lxt,97,1,7,333.935,417.73,175.4251,0.2508
lxt,97,1,8,334.175,417.7,170.1363,0.2335
lxt,97,1,9,334.39,417.655,165.9617,0.2061
lxt,97,1,10,334.585,417.595,159.7734,0.2025
lxt,97,1,11,334.79,417.515,157.7519,0.2377
lxt,97,1,12,335.005,417.405,148.2385,0.247
lxt,97,1,13,335.215,417.27,146.3128,0.2524
lxt,97,1,14,335.405,417.115,134.9974,0.2404
lxt,97,1,15,335.555,416.935,124.381,0.2302
lxt,97,1,16,335.64,416.79,111.8074,0.1077
lxt,97,1,17,335.67,416.69,101.3032,0.102
lxt,97,1,18,335.68,416.585,90.0,0.11
lxt,97,1,19,335.665,416.475,74.7456,0.114
lxt,97,1,20,335.63,416.365,70.0131,0.1171
lxt,97,1,21,335.58,416.265,56.3099,0.1082
lxt,97,1,22,335.51,416.185,41.1875,0.1063
lxt,97,1,23,335.425,416.115,37.879,0.114
lxt,97,1,24,335.28,416.04,21.8007,0.2154
lxt,97,1,25,335.06,415.98,9.4611,0.2433
lxt,97,1,26,334.815,415.955,2.2928,0.2502
lxt,97,1,27,334.565,415.96,175.4251,0.2508
lxt,97,1,28,334.325,415.99,170.1326,0.2335
lxt,97,1,29,334.11,416.04,163.3,0.2088
lxt,97,1,30,333.915,416.1,162.4753,0.1993
lxt,97,1,31,333.71,416.18,155.5581,0.2417
lxt,97,1,32,333.49,416.29,151.3876,0.2506
lxt,97,1,33,333.28,416.425,143.1329,0.25
lxt,97,1,34,333.09,416.585,136.6357,0.2476
lxt,97,1,35,332.935,416.76,125.8375,0.222
lxt,97,1,36,332.85,416.9,111.8074,0.1077
lxt,97,1,37,332.82,417.005,100.2993,0.1118
lxt,97,1,38,332.81,417.115,90.0,0.11
lxt,97,1,39,332.825,417.225,74.7456,0.114
lxt,98,0,0,333.26,419.48,82.8736,0.3225
lxt,98,0,1,333.285,419.175,107.2412,0.3036
lxt,98,0,2,333.425,418.915,129.5606,0.2983
lxt,98,0,3,333.665,418.725,152.6494,0.3265
lxt,98,0,4,333.975,418.63,173.0896,0.3324
lxt,98,0,5,334.285,418.65,15.4221,0.3008
lxt,98,0,6,334.545,418.79,41.0073,0.3048
lxt,98,0,7,334.73,419.03,63.4374,0.313
lxt,98,0,8,334.825,419.335,81.3813,0.3338
lxt,98,0,9,334.805,419.645,107.2412,0.3036
lxt,98,0,10,334.665,419.905,129.5587,0.2983
lxt,98,0,11,334.425,420.095,152.6518,0.3265
lxt,98,0,12,334.12,420.19,172.8736,0.3225
lxt,98,0,13,333.815,420.17,15.4236,0.3008
lxt,98,0,14,333.55,420.035,38.3654,0.3061
lxt,98,0,15,333.355,419.79,63.4361,0.3354
lxt,98,1,0,334.41,419.21,60.2497,0.1613
lxt,98,1,1,334.31,419.085,42.5118,0.1628
lxt,98,1,2,334.17,419.01,14.0337,0.1649
lxt,98,1,3,334.005,418.995,176.635,0.1703
lxt,98,1,4,333.845,419.04,151.9308,0.17
lxt,98,1,5,333.72,419.145,127.5608,0.164
lxt,98,1,6,333.645,419.29,107.3612,0.1676
lxt,98,1,7,333.625,419.45,86.4203,0.1603
lxt,98,1,8,333.67,419.605,61.9305,0.17
lxt,98,1,9,333.775,419.735,40.2355,0.1703
lxt,98,1,10,333.92,419.815,17.3546,0.1676
lxt,98,1,11,334.085,419.83,173.2893,0.1712
lxt,98,1,12,334.245,419.78,151.9305,0.17
lxt,98,1,13,334.37,419.675,127.5692,0.164
lxt,98,1,14,334.445,419.53,107.3497,0.1676
lxt,98,1,15,334.46,419.365,83.2937,0.1712
lxt,99,0,0,338.14,423.4,73.0725,1.9233
lxt,99,0,1,338.235,424.38,162.0292,0.389
lxt,99,0,2,337.835,423.74,72.9264,1.4646
lxt,99,0,3,336.96,423.24,163.1413,1.3793
lxt,99,0,4,336.51,424.12,72.8387,1.4234
lxt,99,0,5,336.53,424.86,162.474,0.3985
lxt,99,0,6,336.135,424.24,73.2234,1.4205
lxt,99,0,7,335.46,423.705,162.8549,0.9837
lxt,99,0,8,335.205,424.55,72.9264,1.4646
lxt,99,0,9,335.23,425.305,163.8558,0.3956
lxt,99,0,10,334.76,424.44,73.0727,1.9233
lxt,99,0,11,336.17,423.0,162.8974,3.5364
lxt,100,0,0,18.04,296.915,90.0,504.39
lxt,100,0,1,193.68,44.72,0.0,351.28
lxt,100,0,2,369.32,296.915,90.0,504.39
lxt,100,0,3,193.68,549.11,0.0,351.28
lxt,101,0,0,213.995,255.99,156.5959,303.413
lxt,101,0,1,352.09,193.12,66.5897,5.6882
lxt,101,0,2,211.735,250.77,156.5959,303.413
lxt,102,0,0,102.5,296.1,86.6069,417.3316
lxt,102,0,1,93.94,87.575,176.6027,7.5933
lxt,102,0,2,110.075,295.65,86.6083,417.331
lxt,103,0,0,45.19,399.59,58.2666,1.7872
lxt,103,0,1,43.855,398.685,9.5158,1.7541
lxt,103,0,2,43.605,397.895,133.636,1.7824
lxt,103,0,3,44.15,396.35,85.5525,1.8054
lxt,103,0,4,44.87,395.81,24.4986,1.7363
lxt,103,0,5,46.455,395.845,157.7647,1.7177
lxt,103,0,6,47.175,396.385,94.9555,1.7365
lxt,103,0,7,47.675,397.895,48.284,1.7282
lxt,103,0,8,47.39,398.685,170.4299,1.7443
lxt,104,0,0,46.47,398.005,112.087,0.7446
lxt,104,0,1,45.985,398.49,157.913,0.7446
lxt,104,0,2,45.3,398.49,22.38,0.7354
lxt,104,0,3,44.815,398.005,67.2038,0.7485
lxt,104,0,4,44.815,397.315,112.7962,0.7485
lxt,104,0,5,45.3,396.83,157.62,0.7354
lxt,104,0,6,45.985,396.83,22.087,0.7446
lxt,104,0,7,46.47,397.315,67.913,0.7446
lxt,105,0,0,265.455,231.71,157.4322,0.8338
lxt,105,0,1,264.68,231.71,22.3067,0.8431
lxt,105,0,2,264.13,231.16,67.6933,0.8431
lxt,105,0,3,264.13,230.385,112.5678,0.8338
lxt,105,0,4,264.68,229.835,157.0668,0.8469
lxt,105,0,5,265.455,229.835,23.2,0.8377
lxt,105,0,6,266.0,230.385,67.4322,0.8338
lxt,105,0,7,266.0,231.16,112.3067,0.8431
lxt,106,0,0,270.58,140.345,66.3946,6.8425
lxt,106,0,1,273.32,140.345,113.6056,6.8425
lxt,107,0,0,272.36,138.3,135.0,1.0182
lxt,107,0,1,271.64,138.3,45.0,1.0182
lxt,107,0,2,271.64,137.58,135.0,1.0182
lxt,107,0,3,272.36,137.58,45.0,1.0182
lxt,108,0,0,49.14,269.595,87.3318,15.4668
lxt,108,0,1,41.055,262.23,177.3318,15.4668
lxt,108,0,2,33.685,270.315,87.3688,15.4663
lxt,109,0,0,181.27,382.045,90.0,0.43
lxt,109,0,1,182.405,381.83,0.0,2.27
lxt,109,0,2,183.54,382.62,90.0,1.58
lxt,109,0,3,182.405,383.41,0.0,2.27
lxt,110,0,0,73.995,353.385,86.5891,4.538
lxt,110,0,1,75.995,355.54,176.6245,3.7365
lxt,110,0,2,77.725,353.165,86.5891,4.538
lxt,111,0,0,73.955,358.835,86.6041,4.558
lxt,111,0,1,76.34,360.975,176.5663,4.5081
lxt,111,0,2,78.455,358.57,86.5966,4.548
lxt,112,0,0,57.28,360.3,176.5318,4.6285
lxt,112,0,1,54.79,357.415,86.5947,6.0607
lxt,112,0,2,56.925,354.255,176.6627,4.6379
lxt,113,0,0,41.235,391.955,86.5925,6.5616
lxt,113,0,1,44.74,395.035,176.6285,6.6315
lxt,113,0,2,47.855,391.565,86.5925,6.5616
lxt,114,0,0,41.81,404.315,86.6715,6.2005
lxt,114,0,1,45.01,407.23,176.589,6.0507
lxt,114,0,2,47.85,403.96,86.6661,6.1905
lxt,115,0,0,42.54,411.73,86.6003,6.0707
lxt,115,0,1,45.785,414.58,176.639,6.1406
lxt,115,0,2,48.67,411.37,86.6003,6.0707
lxt,116,0,0,42.78,419.26,86.6445,6.1505
lxt,116,0,1,46.2,422.135,176.5558,6.4917
lxt,116,0,2,49.26,418.875,86.639,6.1406
lxt,117,0,0,43.575,429.26,86.6553,10.7984
lxt,117,0,1,46.815,434.475,176.5761,5.8605
lxt,117,0,2,49.42,428.91,86.6024,10.799
lxt,118,0,0,46.43,445.415,86.6401,5.1188
lxt,118,0,1,48.915,447.83,176.5688,4.6784
lxt,118,0,2,51.1,445.14,86.6335,5.1088
lxt,119,0,0,48.535,450.875,176.5964,7.2428
lxt,119,0,1,52.455,455.78,86.5909,10.2581
lxt,119,0,2,49.145,461.11,176.6754,7.2422
lxt,120,0,0,45.815,469.43,86.5879,9.577
lxt,120,0,1,49.69,474.0,176.6523,7.1923
lxt,120,0,2,53.0,469.005,86.6511,9.5864
lxt,121,0,0,52.53,509.59,86.6198,24.4225
lxt,121,0,1,55.275,521.66,176.6087,4.0571
lxt,121,0,2,56.58,509.355,86.6184,24.4125
lxt,122,0,0,62.41,509.01,86.6198,24.4225
lxt,122,0,1,65.155,521.08,176.6087,4.0571
lxt,122,0,2,66.46,508.77,86.6198,24.4225
lxt,123,0,0,55.385,393.605,86.628,12.0709
lxt,123,0,1,57.895,399.505,176.6803,4.3172
lxt,123,0,2,59.695,393.355,86.628,12.0709
lxt,124,0,0,56.135,406.33,86.6368,10.3979
lxt,124,0,1,58.475,411.4,176.6252,4.0771
lxt,124,0,2,60.2,406.09,86.5818,10.3985
lxt,125,0,0,57.63,425.535,86.6202,17.6407
lxt,125,0,1,60.42,434.205,176.5965,4.548
lxt,125,0,2,62.17,425.265,86.6202,17.6407
lxt,126,0,0,58.85,447.73,86.6335,11.2394
lxt,126,0,1,61.45,453.21,176.7224,4.5474
lxt,126,0,2,63.39,447.465,86.6365,11.2494
lxt,127,0,0,59.57,472.02,86.6262,27.5277
lxt,127,0,1,62.495,485.635,176.6177,4.2374
lxt,127,0,2,63.8,471.77,86.6262,27.5277
lxt,128,0,0,65.43,401.805,86.6324,29.6212
lxt,128,0,1,67.84,416.5,176.6552,3.0853
lxt,128,0,2,68.51,401.625,86.6324,29.6211
lxt,129,0,0,68.66,452.135,86.6262,22.7695
lxt,129,0,1,71.255,463.385,176.5813,3.8569
lxt,129,0,2,72.51,451.905,86.6261,22.7695
lxt,130,0,0,70.08,476.255,86.6233,23.0901
lxt,130,0,1,72.75,487.665,176.6926,3.9866
lxt,130,0,2,74.06,476.02,86.6248,23.1001
lxt,131,0,0,69.97,426.605,86.6314,15.9976
lxt,131,0,1,67.985,418.71,176.6001,3.0353
lxt,131,0,2,66.945,426.785,86.5957,15.9982
lxt,132,0,0,368.345,256.87,0.0,1.95
lxt,133,0,0,368.045,487.08,0.0,2.55
lxt,134,0,0,84.17,47.155,90.0,4.87
lxt,135,0,0,263.915,304.22,90.0035,489.78
lxt,136,0,0,263.93,47.01,90.0,4.58
lxt,137,0,0,202.02,487.07,0.0,123.78
lxt,137,0,1,299.855,487.075,0.008,71.89
lxt,138,0,0,74.055,487.07,0.0,112.03
lxt,139,0,0,249.03,256.86,0.0,29.78
lxt,139,0,1,272.2,256.86,0.0,16.56
lxt,140,0,0,69.44,256.855,179.9805,29.48
lxt,140,0,1,156.075,256.855,0.004,143.79
lxt,141,0,0,36.155,256.86,0.0,36.23
lxt,142,0,0,84.185,492.005,89.995,114.21
lxt,143,0,0,84.18,223.285,90.0,67.13
lxt,143,0,1,84.18,304.37,90.0,95.04
lxt,144,0,0,84.175,121.375,89.9954,125.07
lxt,145,0,0,84.18,392.985,90.0,73.75
lxt,146,0,0,321.215,256.86,0.0,29.21
lxt,147,0,0,312.255,360.42,5.4417,0.2109
lxt,147,0,1,312.46,360.455,14.0362,0.2062
lxt,147,0,2,312.645,360.515,22.3799,0.1838
lxt,147,0,3,312.81,360.605,34.5081,0.1942
lxt,147,0,4,312.965,360.72,38.6541,0.1921
lxt,147,0,5,313.105,360.855,49.0929,0.1985
lxt,147,0,6,313.225,361.01,55.4857,0.1942
lxt,147,0,7,313.33,361.175,59.5349,0.1972
lxt,147,0,8,313.46,361.455,67.6933,0.4215
lxt,147,0,9,313.59,361.85,75.9668,0.4123
lxt,147,0,10,313.66,362.15,78.6875,0.204
lxt,147,0,11,313.69,362.35,84.2924,0.201
lxt,147,0,12,313.71,362.545,83.9852,0.1911
lxt,147,0,13,313.72,362.735,90.0,0.19
lxt,147,0,14,313.72,362.92,90.0,0.18
lxt,147,0,15,313.715,363.105,93.0159,0.1903
lxt,147,0,16,313.695,363.305,98.1295,0.2121
lxt,147,0,17,313.66,363.51,101.3125,0.204
lxt,147,0,18,313.59,363.815,103.7036,0.422
lxt,147,0,19,313.46,364.21,112.8339,0.4123
lxt,147,0,20,313.33,364.49,119.0571,0.2059
lxt,147,0,21,313.225,364.66,124.5118,0.1942
lxt,147,0,22,313.105,364.815,130.9099,0.1985
lxt,147,0,23,312.97,364.955,137.123,0.1911
lxt,147,0,24,312.82,365.07,147.9936,0.1887
lxt,147,0,25,312.65,365.16,156.0402,0.197
lxt,147,0,26,312.46,365.225,165.9638,0.2062
lxt,147,0,27,312.255,365.255,177.2709,0.2102
lxt,147,0,28,312.045,365.255,2.7291,0.2102
lxt,147,0,29,311.84,365.225,14.0362,0.2062
lxt,147,0,30,311.65,365.16,23.9598,0.197
lxt,147,0,31,311.48,365.07,32.0064,0.1887
lxt,147,0,32,311.33,364.955,42.877,0.1911
lxt,147,0,33,311.195,364.815,49.0901,0.1985
lxt,147,0,34,311.07,364.66,53.1249,0.2
lxt,147,0,35,310.965,364.49,63.4349,0.2012
lxt,147,0,36,310.84,364.21,67.1661,0.4123
lxt,147,0,37,310.705,363.815,74.9837,0.4245
lxt,147,0,38,310.635,363.51,81.4694,0.2022
lxt,147,0,39,310.605,363.305,81.8705,0.2121
lxt,147,0,40,310.585,363.105,86.9841,0.1903
lxt,147,0,41,310.575,362.92,86.8269,0.1803
lxt,147,0,42,310.575,362.735,93.0065,0.1903
lxt,147,0,43,310.585,362.545,93.0157,0.1903
lxt,147,0,44,310.605,362.35,98.5306,0.2022
lxt,147,0,45,310.635,362.15,98.5306,0.2022
lxt,147,0,46,310.705,361.85,105.3745,0.4148
lxt,147,0,47,310.84,361.455,112.3067,0.4215
lxt,147,0,48,310.97,361.175,120.4651,0.1972
lxt,147,0,49,311.075,361.01,124.5143,0.1942
lxt,147,0,50,311.195,360.855,130.9071,0.1985
lxt,147,0,51,311.33,360.72,139.4028,0.1844
lxt,147,0,52,311.48,360.605,145.4919,0.1942
lxt,147,0,53,311.65,360.515,158.7509,0.1931
lxt,147,0,54,311.84,360.455,165.9638,0.2062
lxt,147,0,55,312.045,360.42,174.5583,0.2109
lxt,147,1,0,312.225,364.745,176.1879,0.1503
lxt,147,1,1,312.365,364.72,162.8944,0.136
lxt,147,1,2,312.495,364.665,151.7029,0.1476
lxt,147,1,3,312.615,364.585,140.708,0.1421
lxt,147,1,4,312.76,364.425,128.0493,0.2921
lxt,147,1,5,312.92,364.17,116.5626,0.313
lxt,147,1,6,313.045,363.875,109.5394,0.3289
lxt,147,1,7,313.13,363.56,100.6195,0.3256
lxt,147,1,8,313.18,363.25,97.5904,0.3027
lxt,147,1,9,313.205,362.965,92.1231,0.2702
lxt,147,1,10,313.205,362.7,87.7952,0.2602
lxt,147,1,11,313.18,362.415,82.6516,0.3126
lxt,147,1,12,313.13,362.105,79.0468,0.3158
lxt,147,1,13,313.045,361.795,70.4606,0.3289
lxt,147,1,14,312.92,361.5,63.4374,0.313
lxt,147,1,15,312.76,361.245,51.9489,0.2921
lxt,147,1,16,312.615,361.085,39.292,0.1421
lxt,147,1,17,312.495,361.01,24.7734,0.1432
lxt,147,1,18,312.365,360.96,17.1056,0.136
lxt,147,1,19,312.225,360.93,7.5966,0.1513
lxt,147,1,20,312.075,360.93,172.4034,0.1513
lxt,147,1,21,311.93,360.96,164.053,0.1456
lxt,147,1,22,311.8,361.01,153.4349,0.1342
lxt,147,1,23,311.685,361.085,140.708,0.1421
lxt,147,1,24,311.54,361.245,128.0511,0.2921
lxt,147,1,25,311.375,361.5,118.1777,0.3176
lxt,147,1,26,311.25,361.795,107.8799,0.3257
lxt,147,1,27,311.165,362.105,102.7198,0.3178
lxt,147,1,28,311.115,362.415,95.5274,0.3114
lxt,147,1,29,311.09,362.7,94.4031,0.2608
lxt,147,1,30,311.09,362.965,85.7596,0.2707
lxt,147,1,31,311.115,363.25,84.2897,0.3015
lxt,147,1,32,311.165,363.56,77.6646,0.3276
lxt,147,1,33,311.25,363.875,72.1201,0.3257
lxt,147,1,34,311.375,364.17,61.8223,0.3176
lxt,147,1,35,311.54,364.425,51.9507,0.2921
lxt,147,1,36,311.685,364.585,39.292,0.1421
lxt,147,1,37,311.8,364.665,30.2546,0.1389
lxt,147,1,38,311.93,364.72,15.947,0.1456
lxt,147,1,39,312.075,364.745,3.8121,0.1503
lxt,148,0,0,314.735,361.075,12.9936,0.1334
lxt,148,0,1,314.615,361.025,32.4774,0.1304
lxt,148,0,2,314.52,360.935,53.967,0.136
lxt,148,0,3,314.47,360.815,81.2579,0.1315
lxt,148,0,4,314.47,360.685,98.7411,0.1315
lxt,148,0,5,314.52,360.565,126.033,0.136
lxt,148,0,6,314.615,360.475,147.5283,0.1304
lxt,148,0,7,314.735,360.425,167.0064,0.1334
lxt,148,0,8,314.865,360.425,12.9936,0.1334
lxt,148,0,9,314.985,360.475,32.4717,0.1304
lxt,148,0,10,315.075,360.565,57.5262,0.1304
lxt,148,0,11,315.125,360.685,77.0064,0.1334
lxt,148,0,12,315.125,360.815,102.9951,0.1334
lxt,148,0,13,315.075,360.935,122.4738,0.1304
lxt,148,0,14,314.985,361.025,147.5226,0.1304
lxt,148,0,15,314.865,361.075,167.0064,0.1334
lxt,149,0,0,317.25,362.54,90.0,4.08
lxt,149,0,1,317.505,360.5,0.0,0.51
lxt,149,0,2,317.76,362.795,90.0,4.59
lxt,149,0,3,317.265,365.09,0.0,0.99
lxt,149,0,4,316.61,364.835,57.8953,0.6021
lxt,149,0,5,316.85,364.58,0.0,0.8
lxt,150,0,0,320.36,365.065,9.463,0.4258
lxt,150,0,1,319.985,364.92,33.6895,0.3966
lxt,150,0,2,319.715,364.645,57.53,0.3911
lxt,150,0,3,319.575,364.27,80.5367,0.4258
lxt,150,0,4,319.575,363.85,99.463,0.4258
lxt,150,0,5,319.715,363.48,123.2745,0.3827
lxt,150,0,6,319.985,363.21,146.3087,0.3966
lxt,150,0,7,320.36,363.065,170.537,0.4258
lxt,150,0,8,320.78,363.065,9.463,0.4258
lxt,150,0,9,321.155,363.21,33.6913,0.3966
lxt,150,0,10,321.425,363.48,56.7255,0.3827
lxt,150,0,11,321.57,363.85,79.2138,0.4276
lxt,150,0,12,321.57,364.27,100.7866,0.4276
lxt,150,0,13,321.425,364.645,122.47,0.3911
lxt,150,0,14,321.155,364.92,146.3105,0.3966
lxt,150,0,15,320.78,365.065,170.537,0.4258
lxt,150,1,0,320.465,363.53,169.217,0.2138
lxt,150,1,1,320.27,363.61,146.3111,0.2164
lxt,150,1,2,320.12,363.755,125.2168,0.2081
lxt,150,1,3,320.035,363.95,102.8012,0.2256
lxt,150,1,4,320.035,364.17,77.198,0.2256
lxt,150,1,5,320.12,364.37,56.3122,0.2163
lxt,150,1,6,320.27,364.52,33.6856,0.2163
lxt,150,1,7,320.465,364.605,13.3938,0.2159
lxt,150,1,8,320.675,364.605,166.6062,0.2159
lxt,150,1,9,320.87,364.52,146.3144,0.2163
lxt,150,1,10,321.025,364.37,125.8311,0.222
lxt,150,1,11,321.11,364.17,100.3076,0.2236
lxt,150,1,12,321.11,363.95,79.6931,0.2236
lxt,150,1,13,321.025,363.755,52.5998,0.214
lxt,150,1,14,320.87,363.61,33.6889,0.2164
lxt,150,1,15,320.675,363.53,10.783,0.2138
lxt,151,0,0,323.875,365.09,0.0,0.63
lxt,151,0,1,324.525,362.71,112.0706,5.1364
lxt,151,0,2,326.145,362.025,68.872,3.6343
lxt,151,0,3,327.455,362.025,111.1285,3.6343
lxt,151,0,4,329.07,362.71,68.0329,5.1326
lxt,151,0,5,329.715,365.09,0.0,0.63
lxt,151,0,6,328.755,363.455,68.4714,3.5152
lxt,151,0,7,327.455,363.54,110.8479,3.681
lxt,151,0,8,326.145,363.575,68.7577,3.6157
lxt,151,0,9,324.84,363.49,112.1093,3.454
lxt,152,0,0,285.355,367.395,114.0071,1.3027
lxt,152,0,1,285.93,366.8,0.0,0.62
lxt,152,0,2,285.13,369.215,114.6848,5.3158
lxt,152,0,3,282.915,369.215,65.4133,5.3116
lxt,152,0,4,282.12,366.8,0.0,0.62
lxt,152,0,5,282.695,367.395,65.9929,1.3027
lxt,152,0,6,284.025,367.99,0.0,2.13
lxt,152,1,0,284.025,368.5,0.0,1.65
lxt,152,1,1,283.61,369.435,66.3223,2.0419
lxt,152,1,2,284.435,369.435,113.9344,2.0459
lxt,153,0,0,286.93,366.8,0.0,0.6
lxt,153,0,1,287.23,368.53,90.0,3.46
lxt,153,0,2,288.93,368.435,132.969,4.9882
lxt,153,0,3,290.63,369.005,90.0,4.79
lxt,153,0,4,290.335,371.4,0.0,0.59
lxt,153,0,5,290.04,369.72,90.0,3.36
lxt,153,0,6,288.335,369.83,133.6068,4.9441
lxt,153,0,7,286.63,369.21,90.0,4.82
lxt,154,0,0,291.74,366.8,0.0,0.6
lxt,154,0,1,292.04,368.53,90.0,3.46
lxt,154,0,2,293.74,368.435,132.969,4.9882
lxt,154,0,3,295.44,369.005,90.0,4.79
lxt,154,0,4,295.145,371.4,0.0,0.59
lxt,154,0,5,294.85,369.72,90.0,3.36
lxt,154,0,6,293.145,369.83,133.6068,4.9441
lxt,154,0,7,291.44,369.21,90.0,4.82
lxt,155,0,0,296.17,369.945,90.0,2.91
lxt,155,0,1,296.175,368.395,93.0157,0.1903
lxt,155,0,2,296.19,368.21,96.337,0.1811
lxt,155,0,3,296.22,368.03,102.5309,0.1844
lxt,155,0,4,296.265,367.86,107.3512,0.1676
lxt,155,0,5,296.36,367.63,115.019,0.3311
lxt,155,0,6,296.53,367.35,127.5666,0.328
lxt,155,0,7,296.75,367.11,137.4919,0.3256
lxt,155,0,8,297.015,366.925,152.6469,0.3265
lxt,155,0,9,297.24,366.82,159.4452,0.1709
lxt,155,0,10,297.41,366.77,167.4727,0.1844
lxt,155,0,11,297.59,366.735,170.5393,0.1825
lxt,155,0,12,297.775,366.715,176.9843,0.1903
lxt,155,0,13,297.965,366.715,3.0157,0.1903
lxt,155,0,14,298.155,366.735,8.9736,0.1923
lxt,155,0,15,298.335,366.77,13.2374,0.1747
lxt,155,0,16,298.5,366.82,20.5548,0.1709
lxt,155,0,17,298.725,366.925,27.3506,0.3265
lxt,155,0,18,298.995,367.11,41.3479,0.333
lxt,155,0,19,299.215,367.35,53.8409,0.322
lxt,155,0,20,299.385,367.63,63.4361,0.3354
lxt,155,0,21,299.485,367.86,72.6488,0.1676
lxt,155,0,22,299.53,368.03,77.4691,0.1844
lxt,155,0,23,299.56,368.21,83.663,0.1811
lxt,155,0,24,299.575,368.395,86.9843,0.1903
lxt,155,0,25,299.58,369.945,90.0,2.91
lxt,155,0,26,299.28,371.4,0.0,0.6
lxt,155,0,27,298.98,370.045,90.0,2.71
lxt,155,0,28,298.975,368.55,87.9526,0.2802
lxt,155,0,29,298.95,368.275,81.5773,0.2729
lxt,155,0,30,298.895,368.015,74.3562,0.2596
lxt,155,0,31,298.81,367.78,65.5548,0.2417
lxt,155,0,32,298.685,367.58,50.1968,0.2343
lxt,155,0,33,298.515,367.42,36.3839,0.236
lxt,155,0,34,298.36,367.32,26.5651,0.1342
lxt,155,0,35,298.235,367.275,12.9936,0.1334
lxt,155,0,36,298.1,367.245,12.0931,0.1432
lxt,155,0,37,297.95,367.225,3.575,0.1603
lxt,155,0,38,297.79,367.225,176.4257,0.1603
lxt,155,0,39,297.64,367.245,167.9069,0.1432
lxt,155,0,40,297.505,367.275,167.0064,0.1334
lxt,155,0,41,297.385,367.32,151.3873,0.1253
lxt,155,0,42,297.23,367.42,145.0097,0.2441
lxt,155,0,43,297.06,367.58,127.8706,0.228
lxt,155,0,44,296.935,367.78,116.5682,0.246
lxt,155,0,45,296.845,368.015,105.6373,0.2596
lxt,155,0,46,296.795,368.275,96.3466,0.2717
lxt,155,0,47,296.775,368.55,92.0412,0.2802
lxt,155,0,48,296.77,370.045,90.0,2.71
lxt,155,0,49,296.47,371.4,0.0,0.6
lxt,156,0,0,303.385,367.395,114.0071,1.3027
lxt,156,0,1,303.96,366.8,0.0,0.62
lxt,156,0,2,303.165,369.215,114.5867,5.3116
lxt,156,0,3,300.955,369.215,65.4133,5.3116
lxt,156,0,4,300.16,366.8,0.0,0.62
lxt,156,0,5,300.73,367.395,66.3964,1.2987
lxt,156,0,6,302.055,367.99,0.0,2.13
lxt,156,1,0,302.055,368.5,0.0,1.65
lxt,156,1,1,301.645,369.435,66.0656,2.0459
lxt,156,1,2,302.47,369.435,113.6777,2.0419
lxt,157,0,0,304.96,371.4,0.0,0.6
lxt,157,0,1,304.66,369.1,90.0,4.6
lxt,157,0,2,305.66,366.8,0.0,2.0
lxt,157,0,3,306.66,367.055,90.0,0.51
lxt,157,0,4,305.96,367.31,0.0,1.4
lxt,157,0,5,305.26,369.355,90.0,4.09
lxt,158,0,0,310.375,368.84,13.4952,0.2571
lxt,158,0,1,310.605,368.915,23.1986,0.2285
lxt,158,0,2,310.805,369.025,34.381,0.2302
lxt,158,0,3,310.98,369.17,45.0,0.2263
lxt,158,0,4,311.12,369.345,57.7257,0.2247
lxt,158,0,5,311.225,369.545,66.8014,0.2285
lxt,158,0,6,311.3,369.76,74.7456,0.228
lxt,158,0,7,311.34,369.99,85.2318,0.2408
lxt,158,0,8,311.33,370.265,97.354,0.3126
lxt,158,0,9,311.255,370.57,110.1336,0.3195
lxt,158,0,10,311.11,370.85,124.6992,0.3162
lxt,158,0,11,310.895,371.08,141.3406,0.3202
lxt,158,0,12,310.62,371.24,158.1961,0.3231
lxt,158,0,13,310.315,371.335,167.2769,0.3178
lxt,158,0,14,310.0,371.38,176.423,0.3206
lxt,158,0,15,309.68,371.395,178.2111,0.3202
lxt,158,0,16,309.16,371.4,0.0,0.72
lxt,158,0,17,308.8,369.1,90.0,4.6
lxt,158,0,18,309.095,366.8,0.0,0.59
lxt,158,0,19,309.39,367.78,90.0,1.96
lxt,158,0,20,309.515,368.76,0.0,0.25
lxt,158,0,21,310.33,367.78,125.1483,2.3971
lxt,158,0,22,311.36,366.8,0.0,0.68
lxt,158,0,23,310.975,367.805,125.8067,2.4784
lxt,158,1,0,309.47,370.88,0.0,0.16
lxt,158,1,1,309.66,370.88,0.0,0.22
lxt,158,1,2,309.885,370.87,175.0294,0.2309
lxt,158,1,3,310.105,370.84,169.213,0.2138
lxt,158,1,4,310.31,370.785,160.7131,0.2119
lxt,158,1,5,310.5,370.695,148.5693,0.2109
lxt,158,1,6,310.655,370.57,132.8801,0.1911
lxt,158,1,7,310.765,370.41,116.5631,0.2013
lxt,158,1,8,310.825,370.2,97.125,0.2419
lxt,158,1,9,310.825,369.965,82.5692,0.232
lxt,158,1,10,310.77,369.755,67.1684,0.2061
lxt,158,1,11,310.665,369.585,49.0863,0.1985
lxt,158,1,12,310.52,369.46,32.0024,0.1887
lxt,158,1,13,310.34,369.375,19.2908,0.2119
lxt,158,1,14,310.135,369.315,13.3938,0.2159
lxt,158,1,15,309.92,369.28,5.1916,0.2209
lxt,158,1,16,309.695,369.27,0.0,0.23
lxt,158,1,17,309.485,369.27,0.0,0.19
lxt,158,1,18,309.39,370.075,90.0,1.61
lxt,159,0,0,315.155,367.395,114.0071,1.3027
lxt,159,0,1,315.73,366.8,0.0,0.62
lxt,159,0,2,314.935,369.215,114.5867,5.3116
lxt,159,0,3,312.72,369.215,65.3152,5.3158
lxt,159,0,4,311.92,366.8,0.0,0.62
lxt,159,0,5,312.495,367.395,65.9929,1.3027
lxt,159,0,6,313.825,367.99,0.0,2.13
lxt,159,1,0,313.825,368.5,0.0,1.65
lxt,159,1,1,313.415,369.435,66.0656,2.0459
lxt,159,1,2,314.24,369.435,113.6777,2.0419
lxt,160,0,0,318.26,370.88,0.0,1.1
lxt,160,0,1,318.81,371.14,90.0,0.52
lxt,160,0,2,317.415,371.4,0.0,2.79
lxt,160,0,3,316.02,371.14,90.0,0.52
lxt,160,0,4,316.57,370.88,0.0,1.1
lxt,160,0,5,317.12,368.84,90.0,4.08
lxt,160,0,6,317.415,366.8,0.0,0.59
lxt,160,0,7,317.71,368.84,90.0,4.08
lxt,161,0,0,320.48,366.8,0.0,2.5
lxt,161,0,1,321.73,367.055,90.0,0.51
lxt,161,0,2,320.775,367.31,0.0,1.91
lxt,161,0,3,319.82,368.205,90.0,1.79
lxt,161,0,4,320.75,369.1,0.0,1.86
lxt,161,0,5,321.68,369.355,90.0,0.51
lxt,161,0,6,320.75,369.61,0.0,1.86
lxt,161,0,7,319.82,370.245,90.0,1.27
lxt,161,0,8,320.775,370.88,0.0,1.91
lxt,161,0,9,321.73,371.14,90.0,0.52
lxt,161,0,10,320.48,371.4,0.0,2.5
lxt,161,0,11,319.23,369.1,90.0,4.6
lxt,162,0,0,326.16,371.56,4.7648,0.2408
lxt,162,0,1,325.92,371.535,7.1241,0.2419
lxt,162,0,2,325.685,371.49,14.6215,0.2377
lxt,162,0,3,325.46,371.42,19.9834,0.2341
lxt,162,0,4,325.24,371.33,24.4419,0.2417
lxt,162,0,5,325.03,371.22,30.9644,0.2333
lxt,162,0,6,324.84,371.09,37.876,0.228
lxt,162,0,7,324.66,370.94,41.6353,0.2408
lxt,162,0,8,324.495,370.775,48.5772,0.2267
lxt,162,0,9,324.345,370.595,51.7057,0.2421
lxt,162,0,10,324.21,370.4,59.0369,0.2332
lxt,162,0,11,324.1,370.195,64.5344,0.2326
lxt,162,0,12,324.005,369.98,67.7519,0.2377
lxt,162,0,13,323.93,369.75,75.9646,0.2474
lxt,162,0,14,323.885,369.51,82.875,0.2419
lxt,162,0,15,323.86,369.265,85.4286,0.2508
lxt,162,0,16,323.86,369.01,94.3961,0.2608
lxt,162,0,17,323.885,368.755,96.8425,0.2518
lxt,162,0,18,323.93,368.51,104.0362,0.2474
lxt,162,0,19,324.005,368.28,112.2481,0.2377
lxt,162,0,20,324.1,368.06,114.4452,0.2417
lxt,162,0,21,324.21,367.85,120.9612,0.2332
lxt,162,0,22,324.34,367.66,127.879,0.228
lxt,162,0,23,324.49,367.485,133.2653,0.2335
lxt,162,0,24,324.655,367.32,136.7322,0.2334
lxt,162,0,25,324.835,367.175,145.619,0.2302
lxt,162,0,26,325.03,367.05,149.0388,0.2332
lxt,162,0,27,325.235,366.94,154.5378,0.2326
lxt,162,0,28,325.45,366.855,162.3482,0.2309
lxt,162,0,29,325.675,366.79,165.3804,0.2377
lxt,162,0,30,325.91,366.745,172.875,0.2419
lxt,162,0,31,326.155,366.72,175.4251,0.2508
lxt,162,0,32,326.4,366.72,4.7648,0.2408
lxt,162,0,33,326.64,366.745,7.1241,0.2419
lxt,162,0,34,326.88,366.79,14.0362,0.2474
lxt,162,0,35,327.11,366.855,17.6518,0.2309
lxt,162,0,36,327.325,366.94,25.4622,0.2326
lxt,162,0,37,327.53,367.05,30.9612,0.2332
lxt,162,0,38,327.725,367.175,34.381,0.2302
lxt,162,0,39,327.905,367.32,43.2678,0.2334
lxt,162,0,40,328.07,367.485,46.7347,0.2335
lxt,162,0,41,328.22,367.66,52.121,0.228
lxt,162,0,42,328.35,367.85,59.0388,0.2332
lxt,162,0,43,328.46,368.06,65.5548,0.2417
lxt,162,0,44,328.555,368.28,67.7519,0.2377
lxt,162,0,45,328.63,368.51,75.9638,0.2474
lxt,162,0,46,328.675,368.755,83.1575,0.2518
lxt,162,0,47,328.7,369.01,85.6039,0.2608
lxt,162,0,48,328.7,369.265,94.5714,0.2508
lxt,162,0,49,328.67,369.51,99.4647,0.2433
lxt,162,0,50,328.62,369.75,104.0354,0.2474
lxt,162,0,51,328.55,369.98,109.9799,0.2341
lxt,162,0,52,328.46,370.195,115.4656,0.2326
lxt,162,0,53,328.345,370.4,123.0253,0.2385
lxt,162,0,54,328.21,370.595,126.3869,0.236
lxt,162,0,55,328.06,370.775,133.2598,0.2334
lxt,162,0,56,327.895,370.94,136.7373,0.2335
lxt,162,0,57,327.715,371.09,143.6161,0.236
lxt,162,0,58,327.52,371.22,149.0317,0.2332
lxt,162,0,59,327.315,371.33,154.541,0.2326
lxt,162,0,60,327.1,371.42,160.0166,0.2341
lxt,162,0,61,326.875,371.49,165.3785,0.2377
lxt,162,0,62,326.64,371.535,172.8759,0.2419
lxt,162,0,63,326.4,371.56,175.2352,0.2408
lxt,162,1,0,326.19,367.225,176.8169,0.1803
lxt,162,1,1,326.01,367.245,170.5377,0.1825
lxt,162,1,2,325.83,367.285,164.4769,0.1868
lxt,162,1,3,325.655,367.34,160.5589,0.1803
lxt,162,1,4,325.415,367.455,151.2603,0.3536
lxt,162,1,5,325.125,367.66,138.3679,0.3613
lxt,162,1,6,324.88,367.92,128.1575,0.3561
lxt,162,1,7,324.68,368.22,119.3574,0.3671
lxt,162,1,8,324.56,368.47,108.4335,0.1897
lxt,162,1,9,324.51,368.655,101.8919,0.1942
lxt,162,1,10,324.475,368.845,98.9722,0.1924
lxt,162,1,11,324.455,369.04,92.8563,0.2003
lxt,162,1,12,324.455,369.235,86.9933,0.1902
lxt,162,1,13,324.47,369.425,83.9852,0.1911
lxt,162,1,14,324.505,369.61,74.4801,0.1868
lxt,162,1,15,324.555,369.79,74.4789,0.1868
lxt,162,1,16,324.66,370.04,63.4349,0.3578
lxt,162,1,17,324.85,370.345,52.8145,0.364
lxt,162,1,18,325.095,370.605,40.4235,0.3547
lxt,162,1,19,325.385,370.81,30.1427,0.3585
lxt,162,1,20,325.625,370.935,22.3799,0.1838
lxt,162,1,21,325.8,370.99,12.5319,0.1844
lxt,162,1,22,325.985,371.025,8.9722,0.1924
lxt,162,1,23,326.18,371.045,2.8607,0.2003
lxt,162,1,24,326.38,371.045,177.1393,0.2003
lxt,162,1,25,326.575,371.025,171.0278,0.1924
lxt,162,1,26,326.76,370.99,167.4681,0.1844
lxt,162,1,27,326.935,370.935,157.6201,0.1838
lxt,162,1,28,327.175,370.81,149.8573,0.3585
lxt,162,1,29,327.465,370.605,139.5765,0.3547
lxt,162,1,30,327.705,370.345,125.9092,0.358
lxt,162,1,31,327.89,370.04,116.5651,0.3578
lxt,162,1,32,328.0,369.79,108.4349,0.1897
lxt,162,1,33,328.055,369.61,105.5199,0.1868
lxt,162,1,34,328.09,369.425,96.0148,0.1911
lxt,162,1,35,328.105,369.235,93.0067,0.1902
lxt,162,1,36,328.105,369.04,87.1437,0.2003
lxt,162,1,37,328.085,368.845,81.0278,0.1924
lxt,162,1,38,328.05,368.655,78.1081,0.1942
lxt,162,1,39,327.995,368.47,68.7483,0.1931
lxt,162,1,40,327.875,368.22,62.0223,0.3623
lxt,162,1,41,327.68,367.92,51.8425,0.3561
lxt,162,1,42,327.43,367.66,40.6021,0.3688
lxt,162,1,43,327.135,367.455,28.7397,0.3536
lxt,162,1,44,326.9,367.34,20.5548,0.1709
lxt,162,1,45,326.73,367.285,15.5231,0.1868
lxt,162,1,46,326.55,367.245,9.4623,0.1825
lxt,162,1,47,326.37,367.225,3.1831,0.1803
lxt,163,0,0,331.53,371.14,90.0,0.52
lxt,163,0,1,330.4,371.4,0.0,2.26
lxt,163,0,2,329.27,369.1,90.0,4.6
lxt,163,0,3,329.57,366.8,0.0,0.6
lxt,163,0,4,329.87,367.95,90.0,2.3
lxt,163,0,5,330.67,369.1,0.0,1.6
lxt,163,0,6,331.47,369.355,90.0,0.51
lxt,163,0,7,330.67,369.61,0.0,1.6
lxt,163,0,8,329.87,370.245,90.0,1.27
lxt,163,0,9,330.7,370.88,0.0,1.66
lxt,164,0,0,337.195,371.33,152.5916,0.3041
lxt,164,0,1,336.915,371.445,162.7597,0.3037
lxt,164,0,2,336.62,371.52,168.6901,0.3059
lxt,164,0,3,336.32,371.56,176.1853,0.3007
lxt,164,0,4,336.045,371.56,4.5749,0.2508
lxt,164,0,5,335.795,371.535,6.8425,0.2518
lxt,164,0,6,335.55,371.49,14.0362,0.2474
lxt,164,0,7,335.32,371.42,19.9834,0.2341
lxt,164,0,8,335.1,371.33,24.4419,0.2417
lxt,164,0,9,334.89,371.22,30.9644,0.2333
lxt,164,0,10,334.695,371.09,36.3839,0.236
lxt,164,0,11,334.51,370.94,41.6326,0.2408
lxt,164,0,12,334.34,370.775,46.7373,0.2335
lxt,164,0,13,334.19,370.595,53.6169,0.236
lxt,164,0,14,334.055,370.4,56.9767,0.2386
lxt,164,0,15,333.94,370.19,65.5534,0.2417
lxt,164,0,16,333.845,369.97,67.7519,0.2377
lxt,164,0,17,333.77,369.74,75.9646,0.2474
lxt,164,0,18,333.72,369.495,80.9078,0.2532
lxt,164,0,19,333.695,369.24,87.7952,0.2602
lxt,164,0,20,333.695,368.985,92.2928,0.2502
lxt,164,0,21,333.72,368.74,99.4641,0.2433
lxt,164,0,22,333.77,368.505,104.6206,0.2377
lxt,164,0,23,333.84,368.275,109.1752,0.2435
lxt,164,0,24,333.935,368.055,117.6503,0.2371
lxt,164,0,25,334.05,367.855,122.2743,0.2247
lxt,164,0,26,334.18,367.665,126.3869,0.236
lxt,164,0,27,334.33,367.485,133.2598,0.2334
lxt,164,0,28,334.495,367.325,138.5797,0.2267
lxt,164,0,29,334.675,367.18,143.6161,0.236
lxt,164,0,30,334.87,367.055,151.1905,0.2283
lxt,164,0,31,335.075,366.95,154.5344,0.2326
lxt,164,0,32,335.295,366.86,160.8191,0.2435
lxt,164,0,33,335.525,366.79,165.3804,0.2377
lxt,164,0,34,335.76,366.745,172.875,0.2419
lxt,164,0,35,336.0,366.72,175.2358,0.2409
lxt,164,0,36,336.275,366.72,3.6922,0.3106
lxt,164,0,37,336.585,366.76,10.9537,0.3158
lxt,164,0,38,336.895,366.84,17.8799,0.3257
lxt,164,0,39,337.19,366.96,26.5651,0.313
lxt,164,0,40,337.33,367.37,90.0,0.68
lxt,164,0,41,337.195,367.605,37.875,0.342
lxt,164,0,42,336.91,367.425,26.5651,0.3354
lxt,164,0,43,336.6,367.305,15.7077,0.3324
lxt,164,0,44,336.27,367.24,6.7088,0.3423
lxt,164,0,45,336.005,367.225,176.9889,0.1903
lxt,164,0,46,335.82,367.245,170.5377,0.1825
lxt,164,0,47,335.64,367.285,164.4744,0.1868
lxt,164,0,48,335.465,367.345,157.6237,0.1839
lxt,164,0,49,335.225,367.47,149.8573,0.3585
lxt,164,0,50,334.94,367.675,138.5018,0.3471
lxt,164,0,51,334.7,367.935,127.184,0.364
lxt,164,0,52,334.51,368.24,116.5661,0.3578
lxt,164,0,53,334.4,368.485,109.4395,0.1803
lxt,164,0,54,334.345,368.66,105.5289,0.1868
lxt,164,0,55,334.31,368.845,96.0061,0.191
lxt,164,0,56,334.295,369.035,93.0157,0.1903
lxt,164,0,57,334.295,369.23,87.135,0.2003
lxt,164,0,58,334.31,369.42,83.663,0.1811
lxt,164,0,59,334.345,369.605,75.2515,0.1965
lxt,164,0,60,334.4,369.785,70.5605,0.1803
lxt,164,0,61,334.51,370.035,64.1333,0.3667
lxt,164,0,62,334.7,370.34,51.8425,0.3561
lxt,164,0,63,334.945,370.6,41.6353,0.3612
lxt,164,0,64,335.235,370.81,30.1406,0.3585
lxt,164,0,65,335.475,370.935,22.3807,0.1839
lxt,164,0,66,335.65,370.99,12.5273,0.1844
lxt,164,0,67,335.83,371.025,9.4623,0.1825
lxt,164,0,68,336.015,371.045,3.0111,0.1903
lxt,164,0,69,336.275,371.035,174.8056,0.3313
lxt,164,0,70,336.6,370.98,165.9638,0.3299
lxt,164,0,71,336.91,370.865,153.4373,0.3354
lxt,164,0,72,337.195,370.69,143.4704,0.336
lxt,164,0,73,337.33,370.925,90.0,0.67
lxt,165,0,0,338.59,370.46,90.0,1.88
lxt,165,0,1,338.295,371.4,0.0,0.59
lxt,165,0,2,338.0,369.1,90.0,4.6
lxt,165,0,3,338.295,366.8,0.0,0.59
lxt,165,0,4,338.59,367.905,90.0,2.21
lxt,165,0,5,339.655,369.01,0.0,2.13
lxt,165,0,6,340.72,367.905,90.0,2.21
lxt,165,0,7,341.02,366.8,0.0,0.6
lxt,165,0,8,341.32,369.1,90.0,4.6
lxt,165,0,9,341.02,371.4,0.0,0.6
lxt,165,0,10,340.72,370.46,90.0,1.88
lxt,165,0,11,339.655,369.52,0.0,2.13
lxt,166,0,0,345.165,367.395,114.0071,1.3027
lxt,166,0,1,345.74,366.8,0.0,0.62
lxt,166,0,2,344.945,369.215,114.5867,5.3116
lxt,166,0,3,342.735,369.215,65.4133,5.3116
lxt,166,0,4,341.94,366.8,0.0,0.62
lxt,166,0,5,342.51,367.395,66.3964,1.2987
lxt,166,0,6,343.835,367.99,0.0,2.13
lxt,166,1,0,343.835,368.5,0.0,1.65
lxt,166,1,1,343.425,369.435,66.0656,2.0459
lxt,166,1,2,344.25,369.435,113.6777,2.0419
lxt,167,0,0,346.74,366.8,0.0,0.6
lxt,167,0,1,347.04,368.53,90.0,3.46
lxt,167,0,2,348.745,368.435,133.053,4.9951
lxt,167,0,3,350.45,369.005,90.0,4.79
lxt,167,0,4,350.15,371.4,0.0,0.6
lxt,167,0,5,349.85,369.72,90.0,3.36
lxt,167,0,6,348.145,369.83,133.6068,4.9441
lxt,167,0,7,346.44,369.21,90.0,4.82
lxt,168,0,0,353.66,368.845,90.0,0.51
lxt,168,0,1,354.245,368.59,0.0,1.17
lxt,168,0,2,354.81,368.45,81.8681,0.2828
lxt,168,0,3,354.74,368.185,68.1974,0.2693
lxt,168,0,4,354.615,367.945,56.891,0.2746
lxt,168,0,5,354.445,367.725,47.8609,0.2832
lxt,168,0,6,354.235,367.54,34.8238,0.2802
lxt,168,0,7,354.0,367.395,28.4448,0.2729
lxt,168,0,8,353.75,367.29,17.1025,0.272
lxt,168,0,9,353.485,367.235,6.3402,0.2717
lxt,168,0,10,353.26,367.225,176.8169,0.1803
lxt,168,0,11,353.085,367.245,169.9932,0.1726
lxt,168,0,12,352.915,367.285,163.608,0.1772
lxt,168,0,13,352.75,367.345,156.3735,0.1746
lxt,168,0,14,352.52,367.47,149.0367,0.3499
lxt,168,0,15,352.24,367.68,137.2895,0.3538
lxt,168,0,16,352.005,367.94,126.8729,0.35
lxt,168,0,17,351.815,368.235,118.7376,0.3535
lxt,168,0,18,351.68,368.56,106.39,0.3544
lxt,168,0,19,351.615,368.905,94.899,0.3513
lxt,168,0,20,351.605,369.185,87.2711,0.2102
lxt,168,0,21,351.62,369.385,83.9943,0.1911
lxt,168,0,22,351.655,369.575,75.2601,0.1965
lxt,168,0,23,351.71,369.76,71.5651,0.1897
lxt,168,0,24,351.82,370.02,64.7981,0.3758
lxt,168,0,25,352.01,370.335,52.816,0.364
lxt,168,0,26,352.255,370.6,41.6303,0.3613
lxt,168,0,27,352.54,370.81,30.9659,0.3499
lxt,168,0,28,352.775,370.935,22.3763,0.1839
lxt,168,0,29,352.945,370.99,13.2445,0.1746
lxt,168,0,30,353.12,371.025,9.4623,0.1825
lxt,168,0,31,353.305,371.045,3.0111,0.1903
lxt,168,0,32,353.505,371.045,177.2755,0.2103
lxt,168,0,33,353.71,371.02,168.6867,0.2039
lxt,168,0,34,353.91,370.965,160.7131,0.2119
lxt,168,0,35,354.105,370.885,154.655,0.2102
lxt,168,0,36,354.285,370.78,144.7774,0.2081
lxt,168,0,37,354.455,370.655,142.599,0.214
lxt,168,0,38,354.615,370.51,133.1506,0.2193
lxt,168,0,39,354.755,370.345,127.4067,0.214
lxt,168,0,40,355.01,370.465,47.1746,0.559
lxt,168,0,41,355.115,370.77,130.3672,0.2625
lxt,168,0,42,354.93,370.96,138.0113,0.2691
lxt,168,0,43,354.725,371.13,142.6983,0.264
lxt,168,0,44,354.505,371.275,150.5211,0.2642
lxt,168,0,45,354.27,371.39,157.3838,0.26
lxt,168,0,46,354.025,371.475,164.3562,0.2596
lxt,168,0,47,353.77,371.53,171.2546,0.263
lxt,168,0,48,353.51,371.56,175.6005,0.2608
lxt,168,0,49,353.26,371.56,4.7648,0.2408
lxt,168,0,50,353.02,371.535,7.1241,0.2419
lxt,168,0,51,352.785,371.485,16.9271,0.2404
lxt,168,0,52,352.565,371.41,20.8529,0.2247
lxt,168,0,53,352.355,371.32,25.4656,0.2326
lxt,168,0,54,352.15,371.205,33.0272,0.2385
lxt,168,0,55,351.96,371.07,37.8713,0.2281
lxt,168,0,56,351.785,370.92,43.2651,0.2334
lxt,168,0,57,351.625,370.75,50.1968,0.2343
lxt,168,0,58,351.48,370.565,53.6131,0.236
lxt,168,0,59,351.35,370.365,60.2551,0.2419
lxt,168,0,60,351.24,370.155,64.536,0.2326
lxt,168,0,61,351.15,369.935,70.8236,0.2435
lxt,168,0,62,351.08,369.695,76.5048,0.2571
lxt,168,0,63,351.03,369.445,80.9078,0.2532
lxt,168,0,64,351.005,369.195,87.7072,0.2502
lxt,168,0,65,351.005,368.95,92.3882,0.2402
lxt,168,0,66,351.03,368.715,99.8681,0.2334
lxt,168,0,67,351.08,368.49,105.2544,0.228
lxt,168,0,68,351.15,368.275,110.852,0.2247
lxt,168,0,69,351.235,368.065,113.1971,0.2285
lxt,168,0,70,351.34,367.865,122.2743,0.2247
lxt,168,0,71,351.465,367.68,125.8398,0.222
lxt,168,0,72,351.61,367.505,133.2653,0.2335
lxt,168,0,73,351.77,367.34,135.0,0.2263
lxt,168,0,74,351.94,367.195,144.1602,0.222
lxt,168,0,75,352.125,367.065,145.619,0.2302
lxt,168,0,76,352.32,366.95,153.4384,0.2236
lxt,168,0,77,352.525,366.86,159.1443,0.2247
lxt,168,0,78,352.74,366.79,164.7456,0.228
lxt,168,0,79,352.965,366.745,172.5692,0.232
lxt,168,0,80,353.2,366.72,175.2352,0.2408
lxt,168,0,81,353.435,366.715,2.4881,0.2302
lxt,168,0,82,353.66,366.74,10.3083,0.2236
lxt,168,0,83,353.875,366.785,13.3919,0.2159
lxt,168,0,84,354.08,366.845,19.2897,0.2119
lxt,168,0,85,354.275,366.925,25.345,0.2102
lxt,168,0,86,354.455,367.025,32.9033,0.2025
lxt,168,0,87,354.62,367.145,39.0943,0.2062
lxt,168,0,88,354.775,367.28,43.0261,0.2052
lxt,168,0,89,354.915,367.425,49.0834,0.1985
lxt,168,0,90,355.035,367.585,57.1003,0.2025
lxt,168,0,91,355.14,367.76,60.9429,0.2059
lxt,168,0,92,355.235,367.95,65.7728,0.2193
lxt,168,0,93,355.31,368.15,73.3012,0.2088
lxt,168,0,94,355.365,368.355,76.6032,0.2159
lxt,168,0,95,355.405,368.575,82.5688,0.2319
lxt,168,0,96,355.425,368.805,87.5157,0.2302
lxt,168,0,97,355.43,369.01,90.0,0.18
lxt,168,0,98,354.545,369.1,0.0,1.77
lxt,169,0,0,357.29,366.8,0.0,2.5
lxt,169,0,1,358.54,367.055,90.0,0.51
lxt,169,0,2,357.585,367.31,0.0,1.91
lxt,169,0,3,356.63,368.205,90.0,1.79
lxt,169,0,4,357.56,369.1,0.0,1.86
lxt,169,0,5,358.49,369.355,90.0,0.51
lxt,169,0,6,357.56,369.61,0.0,1.86
lxt,169,0,7,356.63,370.245,90.0,1.27
lxt,169,0,8,357.585,370.88,0.0,1.91
lxt,169,0,9,358.54,371.14,90.0,0.52
lxt,169,0,10,357.29,371.4,0.0,2.5
lxt,169,0,11,356.04,369.1,90.0,4.6
lxt,170,0,0,300.38,376.24,90.0,2.92
lxt,170,0,1,300.38,374.685,90.0,0.19
lxt,170,0,2,300.375,374.485,87.2711,0.2102
lxt,170,0,3,300.36,374.275,84.5624,0.2109
lxt,170,0,4,300.33,374.07,78.6875,0.204
lxt,170,0,5,300.27,373.885,64.8023,0.1879
lxt,170,0,6,300.17,373.725,51.343,0.1921
lxt,170,0,7,300.075,373.625,35.5365,0.086
lxt,170,0,8,299.995,373.58,23.9598,0.0985
lxt,170,0,9,299.9,373.545,16.6976,0.1044
lxt,170,0,10,299.79,373.53,0.0,0.12
lxt,170,0,11,299.61,373.55,170.54,0.2433
lxt,170,0,12,299.38,373.625,153.4318,0.2459
lxt,170,0,13,299.13,373.445,59.2133,0.5471
lxt,170,0,14,299.07,373.165,150.6438,0.1836
lxt,170,0,15,299.24,373.09,161.568,0.1898
lxt,170,0,16,299.42,373.045,170.5377,0.1825
lxt,170,0,17,299.61,373.02,174.2877,0.201
lxt,170,0,18,299.805,373.015,3.0157,0.1903
lxt,170,0,19,299.99,373.035,9.4607,0.1825
lxt,170,0,20,300.155,373.075,18.4315,0.1581
lxt,170,0,21,300.3,373.13,23.2054,0.1523
lxt,170,0,22,300.48,373.25,39.2881,0.2842
lxt,170,0,23,300.67,373.45,53.9722,0.272
lxt,170,0,24,300.805,373.695,67.8311,0.2916
lxt,170,0,25,300.895,373.975,76.4336,0.2983
lxt,170,0,26,300.95,374.285,83.0873,0.3324
lxt,170,0,27,300.975,374.615,88.2626,0.3302
lxt,170,0,28,300.98,376.24,90.0,2.92
lxt,170,0,29,300.68,377.7,0.0,0.6
lxt,171,0,0,304.78,373.695,113.6036,1.2987
lxt,171,0,1,305.355,373.1,0.0,0.63
lxt,171,0,2,304.56,375.515,114.6848,5.3158
lxt,171,0,3,302.345,375.515,65.4133,5.3116
lxt,171,0,4,301.55,373.1,0.0,0.62
lxt,171,0,5,302.125,373.695,65.9929,1.3027
lxt,171,0,6,303.455,374.29,0.0,2.13
lxt,171,1,0,303.455,374.8,0.0,1.65
lxt,171,1,1,303.04,375.735,66.3223,2.0419
lxt,171,1,2,303.865,375.735,113.9344,2.0459
lxt,172,0,0,306.355,373.1,0.0,0.59
lxt,172,0,1,306.65,374.83,90.0,3.46
lxt,172,0,2,308.355,374.735,133.053,4.9951
lxt,172,0,3,310.06,375.305,90.0,4.79
lxt,172,0,4,309.76,377.7,0.0,0.6
lxt,172,0,5,309.46,376.02,90.0,3.36
lxt,172,0,6,307.76,376.13,133.5227,4.9372
lxt,172,0,7,306.06,375.51,90.0,4.82
lxt,173,0,0,310.79,376.245,90.0,2.91
lxt,173,0,1,310.79,374.695,90.0,0.19
lxt,173,0,2,310.805,374.51,99.4623,0.1825
lxt,173,0,3,310.835,374.335,100.0077,0.1726
lxt,173,0,4,310.875,374.165,106.3859,0.1772
lxt,173,0,5,310.975,373.93,116.5685,0.3354
lxt,173,0,6,311.145,373.65,126.1591,0.322
lxt,173,0,7,311.365,373.415,139.9688,0.3265
lxt,173,0,8,311.635,373.23,151.111,0.3312
lxt,173,0,9,311.86,373.12,159.4452,0.1709
lxt,173,0,10,312.025,373.07,166.7626,0.1747
lxt,173,0,11,312.205,373.035,171.0278,0.1924
lxt,173,0,12,312.395,373.015,176.9843,0.1903
lxt,173,0,13,312.585,373.015,3.0157,0.1903
lxt,173,0,14,312.77,373.035,9.4623,0.1825
lxt,173,0,15,312.95,373.07,12.5273,0.1844
lxt,173,0,16,313.12,373.12,20.5548,0.1709
lxt,173,0,17,313.345,373.23,28.8864,0.3312
lxt,173,0,18,313.61,373.415,41.188,0.3189
lxt,173,0,19,313.83,373.65,52.4291,0.328
lxt,173,0,20,314.0,373.93,64.9858,0.3311
lxt,173,0,21,314.095,374.165,73.6141,0.1772
lxt,173,0,22,314.14,374.335,76.7566,0.1746
lxt,173,0,23,314.17,374.51,83.6534,0.1811
lxt,173,0,24,314.185,374.695,86.9935,0.1903
lxt,173,0,25,314.19,376.245,90.0,2.91
lxt,173,0,26,313.895,377.7,0.0,0.59
lxt,173,0,27,313.6,376.345,90.0,2.71
lxt,173,0,28,313.59,374.85,85.9166,0.2807
lxt,173,0,29,313.565,374.575,83.6598,0.2717
lxt,173,0,30,313.515,374.315,74.3562,0.2596
lxt,173,0,31,313.425,374.08,63.4318,0.246
lxt,173,0,32,313.3,373.88,52.1294,0.228
lxt,173,0,33,313.13,373.72,34.9903,0.2441
lxt,173,0,34,312.975,373.625,24.4481,0.1208
lxt,173,0,35,312.855,373.58,17.0994,0.136
lxt,173,0,36,312.72,373.545,12.0931,0.1432
lxt,173,0,37,312.57,373.53,0.0,0.16
lxt,173,0,38,312.41,373.53,0.0,0.16
lxt,173,0,39,312.26,373.545,167.9069,0.1432
lxt,173,0,40,312.125,373.58,162.9006,0.136
lxt,173,0,41,312.0,373.625,157.3781,0.13
lxt,173,0,42,311.845,373.72,143.6161,0.236
lxt,173,0,43,311.675,373.88,129.8032,0.2343
lxt,173,0,44,311.55,374.08,114.4452,0.2417
lxt,173,0,45,311.465,374.315,105.6373,0.2596
lxt,173,0,46,311.41,374.575,98.4291,0.2729
lxt,173,0,47,311.385,374.85,92.0474,0.2802
lxt,173,0,48,311.38,376.345,90.0,2.71
lxt,173,0,49,311.085,377.7,0.0,0.59
lxt,174,0,0,318.005,373.695,114.0071,1.3027
lxt,174,0,1,318.58,373.1,0.0,0.62
lxt,174,0,2,317.78,375.515,114.6848,5.3158
lxt,174,0,3,315.565,375.515,65.4133,5.3116
lxt,174,0,4,314.77,373.1,0.0,0.62
lxt,174,0,5,315.345,373.695,65.9929,1.3027
lxt,174,0,6,316.675,374.29,0.0,2.13
lxt,174,1,0,316.675,374.8,0.0,1.65
lxt,174,1,1,316.26,375.735,66.3223,2.0419
lxt,174,1,2,317.085,375.735,113.9344,2.0459
lxt,175,0,0,320.86,375.145,11.7695,0.2451
lxt,175,0,1,321.09,375.215,22.2481,0.2377
lxt,175,0,2,321.29,375.325,35.8352,0.2221
lxt,175,0,3,321.46,375.47,45.0027,0.2262
lxt,175,0,4,321.605,375.645,55.619,0.2302
lxt,175,0,5,321.715,375.845,66.8029,0.2285
lxt,175,0,6,321.79,376.06,74.7456,0.228
lxt,175,0,7,321.825,376.29,87.6116,0.2402
lxt,175,0,8,321.815,376.57,95.3555,0.3214
lxt,175,0,9,321.74,376.875,112.4791,0.3138
lxt,175,0,10,321.59,377.15,124.6931,0.3162
lxt,175,0,11,321.38,377.38,140.1973,0.3124
lxt,175,0,12,321.11,377.54,158.1986,0.3231
lxt,175,0,13,320.805,377.635,167.2743,0.3178
lxt,175,0,14,320.485,377.68,176.5312,0.3306
lxt,175,0,15,320.16,377.695,178.2109,0.3201
lxt,175,0,16,319.64,377.7,0.0,0.72
lxt,175,0,17,319.28,375.4,90.0,4.6
lxt,175,0,18,319.58,373.1,0.0,0.6
lxt,175,0,19,319.88,374.08,90.0,1.96
lxt,175,0,20,320.0,375.06,0.0,0.24
lxt,175,0,21,320.81,374.08,125.1487,2.3971
lxt,175,0,22,321.84,373.1,0.0,0.68
lxt,175,0,23,321.46,374.11,125.484,2.4807
lxt,175,1,0,319.955,377.19,0.0,0.15
lxt,175,1,1,320.145,377.185,177.5078,0.2302
lxt,175,1,2,320.37,377.17,174.8045,0.2209
lxt,175,1,3,320.59,377.14,169.6969,0.2236
lxt,175,1,4,320.8,377.085,160.7092,0.2119
lxt,175,1,5,320.985,377.0,149.5342,0.1972
lxt,175,1,6,321.135,376.88,132.8801,0.1911
lxt,175,1,7,321.245,376.715,115.345,0.2102
lxt,175,1,8,321.305,376.505,97.4312,0.2319
lxt,175,1,9,321.305,376.27,82.8754,0.2419
lxt,175,1,10,321.25,376.055,67.17,0.2062
lxt,175,1,11,321.145,375.885,49.0834,0.1985
lxt,175,1,12,321.0,375.76,32.0064,0.1887
lxt,175,1,13,320.825,375.675,20.2225,0.2025
lxt,175,1,14,320.625,375.62,10.787,0.2138
lxt,175,1,15,320.405,375.585,7.4308,0.232
lxt,175,1,16,320.18,375.57,0.0,0.22
lxt,175,1,17,319.975,375.57,0.0,0.19
lxt,175,1,18,319.88,376.38,90.0,1.62
lxt,176,0,0,323.63,374.12,90.0,2.04
lxt,176,0,1,323.93,373.1,0.0,0.6
lxt,176,0,2,324.23,374.12,90.0,2.04
lxt,176,0,3,324.985,376.42,59.4664,2.9721
lxt,176,0,4,325.405,377.7,0.0,0.67
lxt,176,0,5,324.5,376.735,59.4304,2.2415
lxt,176,0,6,323.36,376.735,120.569,2.2415
lxt,176,0,7,322.455,377.7,0.0,0.67
lxt,176,0,8,322.875,376.42,120.5341,2.9722
lxt,177,0,0,329.63,374.56,51.7097,2.4207
lxt,177,0,1,330.45,375.615,56.308,0.2524
lxt,177,0,2,330.57,375.84,67.3856,0.26
lxt,177,0,3,330.65,376.09,77.0056,0.2668
lxt,177,0,4,330.69,376.35,85.5969,0.2608
lxt,177,0,5,330.685,376.625,95.9057,0.2916
lxt,177,0,6,330.63,376.905,106.5083,0.2816
lxt,177,0,7,330.525,377.16,118.4433,0.273
lxt,177,0,8,330.375,377.38,130.3621,0.2625
lxt,177,0,9,330.185,377.56,142.6943,0.264
lxt,177,0,10,329.96,377.705,151.5582,0.273
lxt,177,0,11,329.705,377.805,165.4666,0.2789
lxt,177,0,12,329.425,377.855,174.0943,0.2916
lxt,177,0,13,329.13,377.855,5.7106,0.3015
lxt,177,0,14,328.845,377.805,14.5319,0.2789
lxt,177,0,15,328.595,377.71,27.5568,0.2594
lxt,177,0,16,328.375,377.57,37.3031,0.264
lxt,177,0,17,328.185,377.395,48.1779,0.255
lxt,177,0,18,328.035,377.18,61.5567,0.273
lxt,177,0,19,327.92,376.925,69.676,0.2879
lxt,177,0,20,327.845,376.64,80.5396,0.3041
lxt,177,0,21,328.11,376.49,0.0,0.58
lxt,177,0,22,328.41,376.575,83.2836,0.1712
lxt,177,0,23,328.45,376.745,70.5605,0.1803
lxt,177,0,24,328.525,376.9,57.2657,0.1664
lxt,177,0,25,328.62,377.035,52.4308,0.164
lxt,177,0,26,328.735,377.155,40.2355,0.1703
lxt,177,0,27,328.875,377.25,28.0695,0.17
lxt,177,0,28,329.03,377.315,17.3546,0.1676
lxt,177,0,29,329.195,377.35,6.7119,0.1712
lxt,177,0,30,329.37,377.35,173.6582,0.1811
lxt,177,0,31,329.545,377.31,160.5621,0.1803
lxt,177,0,32,329.705,377.24,151.926,0.17
lxt,177,0,33,329.85,377.145,141.8455,0.1781
lxt,177,0,34,329.975,377.025,130.2349,0.1703
lxt,177,0,35,330.075,376.88,119.3562,0.1836
lxt,177,0,36,330.145,376.715,106.3954,0.1772
lxt,177,0,37,330.18,376.54,96.3365,0.1811
lxt,177,0,38,330.17,376.335,80.1319,0.2334
lxt,177,0,39,330.105,376.11,67.7519,0.2377
lxt,177,0,40,329.995,375.9,56.9747,0.2385
lxt,177,0,41,329.855,375.705,51.7113,0.2421
lxt,177,0,42,328.77,374.355,51.1736,3.2219
lxt,177,0,43,329.23,373.1,0.0,2.94
lxt,177,0,44,330.7,373.355,90.0,0.51
lxt,177,0,45,329.79,373.61,0.0,1.82
lxt,178,0,0,332.865,373.02,5.4417,0.2109
lxt,178,0,1,333.065,373.055,14.7442,0.1965
lxt,178,0,2,333.25,373.12,23.9598,0.197
lxt,178,0,3,333.42,373.21,32.0064,0.1887
lxt,178,0,4,333.575,373.32,38.6541,0.1921
lxt,178,0,5,333.71,373.455,51.343,0.1921
lxt,178,0,6,333.83,373.61,53.1292,0.2
lxt,178,0,7,333.94,373.775,59.5349,0.1972
lxt,178,0,8,334.065,374.055,68.9632,0.4178
lxt,178,0,9,334.195,374.45,74.6255,0.4148
lxt,178,0,10,334.27,374.75,78.6875,0.204
lxt,178,0,11,334.3,374.95,84.2924,0.201
lxt,178,0,12,334.32,375.145,83.9852,0.1911
lxt,178,0,13,334.33,375.335,90.0,0.19
lxt,178,0,14,334.33,375.52,90.0,0.18
lxt,178,0,15,334.32,375.71,95.7162,0.201
lxt,178,0,16,334.3,375.91,95.7076,0.201
lxt,178,0,17,334.27,376.11,101.3125,0.204
lxt,178,0,18,334.2,376.415,103.7036,0.422
lxt,178,0,19,334.07,376.81,112.8339,0.4123
lxt,178,0,20,333.94,377.09,119.0571,0.2059
lxt,178,0,21,333.835,377.265,122.9093,0.2025
lxt,178,0,22,333.715,377.42,132.8734,0.191
lxt,178,0,23,333.575,377.555,139.0892,0.1985
lxt,178,0,24,333.42,377.67,147.9936,0.1887
lxt,178,0,25,333.25,377.76,156.0402,0.197
lxt,178,0,26,333.065,377.825,165.2558,0.1965
lxt,178,0,27,332.865,377.86,174.5583,0.2109
lxt,178,0,28,332.65,377.86,5.1955,0.2209
lxt,178,0,29,332.445,377.825,14.7442,0.1965
lxt,178,0,30,332.26,377.76,23.9598,0.197
lxt,178,0,31,332.09,377.67,32.0064,0.1887
lxt,178,0,32,331.935,377.555,40.9166,0.1985
lxt,178,0,33,331.795,377.42,47.1199,0.1911
lxt,178,0,34,331.675,377.265,57.0907,0.2025
lxt,178,0,35,331.57,377.09,60.9503,0.2059
lxt,178,0,36,331.445,376.81,68.4561,0.4085
lxt,178,0,37,331.315,376.415,74.9837,0.4245
lxt,178,0,38,331.24,376.11,78.6875,0.204
lxt,178,0,39,331.21,375.91,84.2924,0.201
lxt,178,0,40,331.19,375.71,84.2924,0.201
lxt,178,0,41,331.18,375.52,90.0,0.18
lxt,178,0,42,331.18,375.335,90.0,0.19
lxt,178,0,43,331.19,375.145,96.0057,0.1911
lxt,178,0,44,331.21,374.95,95.7076,0.201
lxt,178,0,45,331.24,374.75,101.3125,0.204
lxt,178,0,46,331.315,374.45,105.3745,0.4148
lxt,178,0,47,331.445,374.055,111.0407,0.4179
lxt,178,0,48,331.57,373.775,120.4575,0.1972
lxt,178,0,49,331.68,373.61,126.8778,0.2
lxt,178,0,50,331.805,373.455,130.9071,0.1985
lxt,178,0,51,331.94,373.32,139.4028,0.1844
lxt,178,0,52,332.09,373.21,147.9936,0.1887
lxt,178,0,53,332.26,373.12,156.0402,0.197
lxt,178,0,54,332.445,373.055,165.2558,0.1965
lxt,178,0,55,332.65,373.02,174.8045,0.2209
lxt,178,1,0,332.83,377.35,171.869,0.1414
lxt,178,1,1,332.97,377.32,164.0497,0.1456
lxt,178,1,2,333.1,377.265,149.7454,0.1389
lxt,178,1,3,333.215,377.19,143.9759,0.136
lxt,178,1,4,333.365,377.035,129.5606,0.2983
lxt,178,1,5,333.53,376.775,115.7661,0.322
lxt,178,1,6,333.65,376.475,107.8799,0.3257
lxt,178,1,7,333.735,376.16,102.3406,0.3276
lxt,178,1,8,333.79,375.85,97.5904,0.3027
lxt,178,1,9,333.815,375.565,92.1231,0.2702
lxt,178,1,10,333.815,375.3,87.7952,0.2602
lxt,178,1,11,333.79,375.02,82.4096,0.3027
lxt,178,1,12,333.735,374.71,77.6599,0.3276
lxt,178,1,13,333.65,374.395,72.1201,0.3257
lxt,178,1,14,333.53,374.1,63.4374,0.313
lxt,178,1,15,333.365,373.845,50.4394,0.2983
lxt,178,1,16,333.215,373.69,36.0241,0.136
lxt,178,1,17,333.1,373.615,30.2546,0.1389
lxt,178,1,18,332.97,373.56,15.9503,0.1456
lxt,178,1,19,332.83,373.53,8.131,0.1414
lxt,178,1,20,332.685,373.53,172.4034,0.1513
lxt,178,1,21,332.54,373.56,164.053,0.1456
lxt,178,1,22,332.41,373.615,149.7454,0.1389
lxt,178,1,23,332.295,373.69,143.9684,0.136
lxt,178,1,24,332.145,373.845,129.5606,0.2983
lxt,178,1,25,331.98,374.1,116.5675,0.3131
lxt,178,1,26,331.86,374.395,107.8799,0.3257
lxt,178,1,27,331.775,374.71,102.3349,0.3276
lxt,178,1,28,331.72,375.02,97.5962,0.3027
lxt,178,1,29,331.695,375.3,92.2048,0.2602
lxt,178,1,30,331.695,375.565,87.8769,0.2702
lxt,178,1,31,331.72,375.85,82.4038,0.3027
lxt,178,1,32,331.775,376.16,77.6646,0.3276
lxt,178,1,33,331.86,376.475,72.1201,0.3257
lxt,178,1,34,331.98,376.775,64.229,0.322
lxt,178,1,35,332.145,377.035,50.4394,0.2983
lxt,178,1,36,332.295,377.19,36.0316,0.136
lxt,178,1,37,332.41,377.265,30.2546,0.1389
lxt,178,1,38,332.54,377.32,15.947,0.1456
lxt,178,1,39,332.685,377.35,7.5966,0.1513
lxt,179,0,0,336.72,374.56,51.7097,2.4207
lxt,179,0,1,337.535,375.615,58.2404,0.247
lxt,179,0,2,337.65,375.84,67.3794,0.26
lxt,179,0,3,337.735,376.09,74.936,0.2692
lxt,179,0,4,337.78,376.35,85.5969,0.2608
lxt,179,0,5,337.775,376.625,95.9057,0.2916
lxt,179,0,6,337.72,376.905,106.5083,0.2816
lxt,179,0,7,337.615,377.16,118.4433,0.273
lxt,179,0,8,337.46,377.38,131.9865,0.2691
lxt,179,0,9,337.265,377.56,142.6943,0.264
lxt,179,0,10,337.04,377.705,151.5552,0.2729
lxt,179,0,11,336.79,377.805,164.9337,0.2693
lxt,179,0,12,336.515,377.855,174.0943,0.2916
lxt,179,0,13,336.22,377.855,5.7106,0.3015
lxt,179,0,14,335.935,377.805,14.5319,0.2789
lxt,179,0,15,335.68,377.71,26.568,0.2683
lxt,179,0,16,335.46,377.57,38.6603,0.2561
lxt,179,0,17,335.275,377.395,48.1779,0.255
lxt,179,0,18,335.125,377.18,61.5567,0.273
lxt,179,0,19,335.01,376.925,69.676,0.2879
lxt,179,0,20,334.935,376.64,80.5396,0.3041
lxt,179,0,21,335.195,376.49,0.0,0.57
lxt,179,0,22,335.495,376.575,79.9923,0.1726
lxt,179,0,23,335.54,376.745,70.5605,0.1803
lxt,179,0,24,335.61,376.9,60.2592,0.1612
lxt,179,0,25,335.705,377.035,49.7606,0.1703
lxt,179,0,26,335.825,377.155,40.2355,0.1703
lxt,179,0,27,335.965,377.25,28.0695,0.17
lxt,179,0,28,336.12,377.315,17.3546,0.1676
lxt,179,0,29,336.285,377.35,6.7119,0.1712
lxt,179,0,30,336.46,377.35,173.6582,0.1811
lxt,179,0,31,336.63,377.31,159.4452,0.1709
lxt,179,0,32,336.79,377.24,153.4349,0.1789
lxt,179,0,33,336.935,377.145,139.7645,0.1703
lxt,179,0,34,337.06,377.025,132.7105,0.1769
lxt,179,0,35,337.16,376.88,116.5694,0.1789
lxt,179,0,36,337.23,376.715,109.4395,0.1803
lxt,179,0,37,337.27,376.54,96.3365,0.1811
lxt,179,0,38,337.26,376.335,80.1319,0.2334
lxt,179,0,39,337.19,376.11,65.5614,0.2417
lxt,179,0,40,337.075,375.9,56.9747,0.2385
lxt,179,0,41,336.94,375.705,53.6131,0.236
lxt,179,0,42,335.855,374.355,51.0352,3.2282
lxt,179,0,43,336.315,373.1,0.0,2.95
lxt,179,0,44,337.79,373.355,90.0,0.51
lxt,179,0,45,336.88,373.61,0.0,1.82
lxt,180,0,0,341.27,377.445,90.0,0.51
lxt,180,0,1,340.36,377.7,0.0,1.82
lxt,180,0,2,339.095,376.515,73.3231,2.4741
lxt,180,0,3,338.795,375.33,0.0,0.11
lxt,180,0,4,338.94,375.415,43.3594,0.2476
lxt,180,0,5,339.135,375.565,31.7615,0.247
lxt,180,0,6,339.355,375.67,19.1786,0.2435
lxt,180,0,7,339.595,375.725,6.8425,0.2518
lxt,180,0,8,339.83,375.73,174.8045,0.2209
lxt,180,0,9,340.04,375.685,160.7103,0.2119
lxt,180,0,10,340.235,375.6,152.2403,0.2147
lxt,180,0,11,340.41,375.48,138.8148,0.2126
lxt,180,0,12,340.56,375.33,131.1821,0.2126
lxt,180,0,13,340.68,375.16,119.0571,0.2059
lxt,180,0,14,340.765,374.97,109.2908,0.2119
lxt,180,0,15,340.81,374.76,95.1919,0.2209
lxt,180,0,16,340.81,374.535,85.0332,0.2309
lxt,180,0,17,340.765,374.315,71.5626,0.2214
lxt,180,0,18,340.68,374.115,62.2403,0.2147
lxt,180,0,19,340.565,373.94,50.9123,0.2061
lxt,180,0,20,340.415,373.79,39.4701,0.2202
lxt,180,0,21,340.235,373.665,30.0684,0.2195
lxt,180,0,22,340.035,373.58,15.9454,0.2184
lxt,180,0,23,339.815,373.535,7.4308,0.232
lxt,180,0,24,339.625,373.53,172.4034,0.1513
lxt,180,0,25,339.47,373.56,165.9663,0.1649
lxt,180,0,26,339.315,373.61,158.1986,0.1615
lxt,180,0,27,339.165,373.68,151.926,0.17
lxt,180,0,28,339.025,373.77,142.4308,0.164
lxt,180,0,29,338.9,373.875,137.4882,0.1628
lxt,180,0,30,338.795,373.995,124.6962,0.1581
lxt,180,0,31,338.715,374.135,115.0179,0.1655
lxt,180,0,32,338.465,374.005,43.6368,0.5941
lxt,180,0,33,338.31,373.715,125.2168,0.2081
lxt,180,0,34,338.44,373.55,131.1821,0.2126
lxt,180,0,35,338.59,373.4,138.8148,0.2126
lxt,180,0,36,338.755,373.275,147.0967,0.2025
lxt,180,0,37,338.94,373.175,155.7712,0.2193
lxt,180,0,38,339.14,373.1,163.3024,0.2088
lxt,180,0,39,339.345,373.05,169.213,0.2138
lxt,180,0,40,339.555,373.02,174.5632,0.211
lxt,180,0,41,339.75,373.015,3.1782,0.1803
lxt,180,0,42,339.925,373.03,6.7119,0.1712
lxt,180,0,43,340.09,373.06,14.0337,0.1649
lxt,180,0,44,340.245,373.105,18.4367,0.1581
lxt,180,0,45,340.465,373.2,25.7686,0.322
lxt,180,0,46,340.73,373.365,38.369,0.3061
lxt,180,0,47,340.95,373.575,48.9887,0.3048
lxt,180,0,48,341.125,373.83,61.8223,0.3176
lxt,180,0,49,341.23,374.045,68.1986,0.1615
lxt,180,0,50,341.28,374.2,75.9612,0.1649
lxt,180,0,51,341.31,374.365,83.2937,0.1712
lxt,180,0,52,341.325,374.54,86.8172,0.1803
lxt,180,0,53,341.32,374.785,93.6894,0.3106
lxt,180,0,54,341.27,375.09,104.9343,0.3105
lxt,180,0,55,341.17,375.375,113.9613,0.2955
lxt,180,0,56,341.03,375.635,122.6198,0.2968
lxt,180,0,57,340.845,375.86,136.3965,0.29
lxt,180,0,58,340.615,376.04,147.3826,0.2968
lxt,180,0,59,340.42,376.145,160.347,0.1487
lxt,180,0,60,340.28,376.19,164.0497,0.1456
lxt,180,0,61,340.13,376.225,169.381,0.1628
lxt,180,0,62,339.97,376.245,176.4257,0.1603
lxt,180,0,63,339.725,376.24,3.4691,0.3306
lxt,180,0,64,339.705,376.71,73.1926,1.0028
lxt,180,0,65,340.56,377.19,0.0,1.42
lxt,181,0,0,24.635,553.13,113.8925,2.4937
lxt,181,0,1,25.735,551.99,0.0,1.19
lxt,181,0,2,24.215,556.605,114.6214,10.1531
lxt,181,0,3,19.99,556.605,65.4299,10.149
lxt,181,0,4,18.47,551.99,0.0,1.18
lxt,181,0,5,19.565,553.13,66.1075,2.4937
lxt,181,0,6,22.1,554.27,0.0,4.06
lxt,181,1,0,22.105,555.24,0.0,3.15
lxt,181,1,1,21.315,557.025,66.2613,3.9
lxt,181,1,2,22.89,557.025,113.8731,3.904
lxt,182,0,0,27.645,560.76,0.0,1.13
lxt,182,0,1,27.08,556.375,90.0,8.77
lxt,182,0,2,27.645,551.99,0.0,1.13
lxt,182,0,3,28.21,556.375,90.0,8.77
lxt,183,0,0,32.8,555.89,12.2646,0.4707
lxt,183,0,1,33.235,556.03,23.7027,0.4478
lxt,183,0,2,33.62,556.245,34.7778,0.4383
lxt,183,0,3,33.95,556.525,45.9394,0.4314
lxt,183,0,4,34.22,556.855,55.5607,0.4244
lxt,183,0,5,34.43,557.23,65.7723,0.4386
lxt,183,0,6,34.57,557.645,76.9083,0.4415
lxt,183,0,7,34.64,558.085,84.9203,0.4518
lxt,183,0,8,34.625,558.61,96.6544,0.6041
lxt,183,0,9,34.48,559.19,111.4478,0.6017
lxt,183,0,10,34.2,559.72,124.2157,0.6046
lxt,183,0,11,33.79,560.165,140.9062,0.6185
lxt,183,0,12,33.27,560.47,158.5525,0.6017
lxt,183,0,13,32.69,560.645,167.7747,0.6139
lxt,183,0,14,32.085,560.73,176.2482,0.6113
lxt,183,0,15,31.475,560.755,179.061,0.6101
lxt,183,0,16,30.48,560.76,0.0,1.38
lxt,183,0,17,29.79,556.375,90.0,8.77
lxt,183,0,18,30.36,551.99,0.0,1.14
lxt,183,0,19,30.93,553.86,90.0,3.74
lxt,183,0,20,31.16,555.73,0.0,0.46
lxt,183,0,21,32.71,553.86,125.2176,4.5779
lxt,183,0,22,34.68,551.99,0.0,1.3
lxt,183,0,23,33.95,553.915,125.6361,4.7371
lxt,183,1,0,31.08,559.79,0.0,0.3
lxt,183,1,1,31.44,559.785,178.6358,0.4201
lxt,183,1,2,31.865,559.76,174.6858,0.4319
lxt,183,1,3,32.285,559.7,168.9588,0.4177
lxt,183,1,4,32.68,559.59,159.7753,0.405
lxt,183,1,5,33.035,559.425,150.0688,0.3808
lxt,183,1,6,33.33,559.195,133.9188,0.3748
lxt,183,1,7,33.545,558.885,115.9066,0.3891
lxt,183,1,8,33.66,558.485,97.5943,0.454
lxt,183,1,9,33.66,558.03,82.5689,0.4639
lxt,183,1,10,33.55,557.62,66.0376,0.394
lxt,183,1,11,33.35,557.305,48.3659,0.3612
lxt,183,1,12,33.075,557.07,32.8285,0.3689
lxt,183,1,13,32.735,556.905,19.3592,0.3922
lxt,183,1,14,32.35,556.795,12.6805,0.41
lxt,183,1,15,31.935,556.73,5.3146,0.4319
lxt,183,1,16,31.505,556.705,1.332,0.4301
lxt,183,1,17,31.11,556.7,0.0,0.36
lxt,183,1,18,30.93,558.245,90.0,3.09
lxt,184,0,0,37.6,555.73,0.0,0.64
lxt,184,0,1,38.235,555.745,2.7262,0.6307
lxt,184,0,2,38.84,555.815,10.739,0.5903
lxt,184,0,3,39.395,555.96,18.7586,0.5597
lxt,184,0,4,39.885,556.18,30.0185,0.5197
lxt,184,0,5,40.3,556.48,41.8201,0.5099
lxt,184,0,6,40.63,556.87,57.5287,0.5215
lxt,184,0,7,40.82,557.22,68.9627,0.2786
lxt,184,0,8,40.91,557.485,73.4961,0.2816
lxt,184,0,9,40.975,557.775,80.8371,0.314
lxt,184,0,10,41.005,558.095,88.2646,0.3301
lxt,184,0,11,40.99,558.54,94.0857,0.5614
lxt,184,0,12,40.905,559.065,104.8583,0.507
lxt,184,0,13,40.725,559.525,118.1415,0.4876
lxt,184,0,14,40.44,559.92,133.3637,0.4952
lxt,184,0,15,40.155,560.175,146.8888,0.2746
lxt,184,0,16,39.915,560.32,150.7513,0.2865
lxt,184,0,17,39.645,560.445,159.2274,0.3102
lxt,184,0,18,39.335,560.545,164.7449,0.3421
lxt,184,0,19,38.985,560.63,167.7998,0.3785
lxt,184,0,20,38.595,560.695,173.0471,0.413
lxt,184,0,21,38.165,560.735,176.1856,0.451
lxt,184,0,22,37.69,560.755,178.8544,0.5001
lxt,184,0,23,36.79,560.76,0.0,1.3
lxt,184,0,24,36.14,556.375,90.0,8.77
lxt,184,0,25,36.71,551.99,0.0,1.14
lxt,184,0,26,37.28,553.86,90.0,3.74
lxt,184,1,0,37.43,559.79,0.0,0.3
lxt,184,1,1,37.79,559.785,178.6358,0.4201
lxt,184,1,2,38.215,559.76,174.6858,0.4319
lxt,184,1,3,38.635,559.705,170.3107,0.4159
lxt,184,1,4,39.03,559.605,161.1142,0.4016
lxt,184,1,5,39.385,559.445,150.0683,0.3808
lxt,184,1,6,39.68,559.215,133.9188,0.3748
lxt,184,1,7,39.855,559.0,119.3578,0.1836
lxt,184,1,8,39.94,558.825,112.8343,0.2062
lxt,184,1,9,40.0,558.625,100.7846,0.2138
lxt,184,1,10,40.03,558.4,94.7628,0.2408
lxt,184,1,11,40.03,558.155,85.4268,0.2508
lxt,184,1,12,40.0,557.925,79.2154,0.2138
lxt,184,1,13,39.945,557.72,70.7101,0.2119
lxt,184,1,14,39.865,557.535,62.1024,0.1924
lxt,184,1,15,39.7,557.315,48.3663,0.3612
lxt,184,1,16,39.425,557.08,32.8288,0.3689
lxt,184,1,17,39.085,556.91,20.7253,0.3956
lxt,184,1,18,38.7,556.8,11.3102,0.4079
lxt,184,1,19,38.285,556.735,6.6324,0.4329
lxt,184,1,20,37.855,556.705,1.332,0.4301
lxt,184,1,21,37.46,556.7,0.0,0.36
lxt,184,1,22,37.28,558.245,90.0,3.09
lxt,185,0,0,45.675,561.075,3.6521,0.471
lxt,185,0,1,45.215,561.025,8.8418,0.4554
lxt,185,0,2,44.77,560.935,14.0362,0.4535
lxt,185,0,3,44.335,560.805,19.2308,0.4554
lxt,185,0,4,43.92,560.63,26.5653,0.4472
lxt,185,0,5,43.53,560.415,31.1849,0.4442
lxt,185,0,6,43.16,560.17,35.8374,0.4441
lxt,185,0,7,42.815,559.89,42.2738,0.446
lxt,185,0,8,42.5,559.58,46.8473,0.4386
lxt,185,0,9,42.215,559.24,53.1305,0.45
lxt,185,0,10,41.965,558.87,58.8147,0.4442
lxt,185,0,11,41.75,558.475,63.997,0.4562
lxt,185,0,12,41.57,558.06,69.1452,0.4494
lxt,185,0,13,41.43,557.625,75.0686,0.4657
lxt,185,0,14,41.335,557.17,81.3475,0.4653
lxt,185,0,15,41.29,556.7,87.614,0.4804
lxt,185,0,16,41.29,556.21,92.2907,0.5004
lxt,185,0,17,41.335,555.725,98.4712,0.4752
lxt,185,0,18,41.43,555.26,104.6207,0.4754
lxt,185,0,19,41.565,554.815,109.231,0.4554
lxt,185,0,20,41.74,554.395,116.0032,0.4562
lxt,185,0,21,41.955,554.0,121.1851,0.4442
lxt,185,0,22,42.205,553.635,127.6475,0.442
lxt,185,0,23,42.49,553.3,133.1523,0.4386
lxt,185,0,24,42.805,552.99,137.7265,0.446
lxt,185,0,25,43.15,552.715,145.2222,0.4383
lxt,185,0,26,43.52,552.475,148.8149,0.4442
lxt,185,0,27,43.915,552.27,156.2973,0.4478
lxt,185,0,28,44.33,552.105,160.3461,0.446
lxt,185,0,29,44.76,551.975,165.9641,0.4535
lxt,185,0,30,45.21,551.885,171.3475,0.4653
lxt,185,0,31,45.675,551.84,177.5628,0.4704
lxt,185,0,32,46.14,551.84,2.4901,0.4604
lxt,185,0,33,46.6,551.885,8.6525,0.4653
lxt,185,0,34,47.05,551.975,14.0358,0.4535
lxt,185,0,35,47.485,552.105,19.2308,0.4554
lxt,185,0,36,47.9,552.27,24.2279,0.4386
lxt,185,0,37,48.29,552.475,31.1849,0.4442
lxt,185,0,38,48.66,552.715,34.7778,0.4383
lxt,185,0,39,49.005,552.99,42.2738,0.446
lxt,185,0,40,49.32,553.3,46.8473,0.4386
lxt,185,0,41,49.605,553.635,52.3529,0.442
lxt,185,0,42,49.855,554.0,58.8145,0.4442
lxt,185,0,43,50.07,554.395,63.9972,0.4562
lxt,185,0,44,50.245,554.815,70.769,0.4554
lxt,185,0,45,50.38,555.26,75.3793,0.4754
lxt,185,0,46,50.475,555.725,81.5288,0.4752
lxt,185,0,47,50.52,556.21,87.7093,0.5004
lxt,185,0,48,50.52,556.7,92.386,0.4804
lxt,185,0,49,50.475,557.17,98.6525,0.4653
lxt,185,0,50,50.38,557.625,104.9314,0.4657
lxt,185,0,51,50.24,558.06,110.8543,0.4494
lxt,185,0,52,50.065,558.475,114.8635,0.4519
lxt,185,0,53,49.85,558.87,122.2758,0.4494
lxt,185,0,54,49.595,559.24,126.8699,0.45
lxt,185,0,55,49.31,559.58,133.1523,0.4386
lxt,185,0,56,48.995,559.89,137.7262,0.446
lxt,185,0,57,48.65,560.17,144.1626,0.4441
lxt,185,0,58,48.28,560.415,148.8151,0.4442
lxt,185,0,59,47.89,560.63,153.4349,0.4472
lxt,185,0,60,47.475,560.805,160.7692,0.4554
lxt,185,0,61,47.04,560.935,165.9636,0.4535
lxt,185,0,62,46.595,561.025,171.1582,0.4554
lxt,185,0,63,46.14,561.075,176.2687,0.461
lxt,185,1,0,45.73,552.81,176.8201,0.3606
lxt,185,1,1,45.38,552.85,169.9918,0.3453
lxt,185,1,2,45.045,552.92,166.3733,0.3396
lxt,185,1,3,44.72,553.025,157.8904,0.3454
lxt,185,1,4,44.265,553.255,150.7806,0.676
lxt,185,1,5,43.71,553.64,139.7638,0.6812
lxt,185,1,6,43.235,554.13,128.5302,0.6903
lxt,185,1,7,42.855,554.71,118.0247,0.7024
lxt,185,1,8,42.63,555.185,109.9828,0.3511
lxt,185,1,9,42.53,555.53,102.5292,0.3688
lxt,185,1,10,42.46,555.895,99.2107,0.3748
lxt,185,1,11,42.42,556.27,93.0128,0.3805
lxt,185,1,12,42.42,556.645,86.9059,0.3705
lxt,185,1,13,42.455,557.01,82.093,0.3635
lxt,185,1,14,42.52,557.36,76.7592,0.3493
lxt,185,1,15,42.615,557.7,72.0726,0.3574
lxt,185,1,16,42.825,558.18,63.4349,0.6932
lxt,185,1,17,43.185,558.76,52.7919,0.678
lxt,185,1,18,43.645,559.255,41.4236,0.6801
lxt,185,1,19,44.195,559.65,29.9536,0.681
lxt,185,1,20,44.655,559.885,21.5017,0.3547
lxt,185,1,21,44.995,559.995,14.4209,0.3614
lxt,185,1,22,45.35,560.065,7.907,0.3635
lxt,185,1,23,45.72,560.1,3.0128,0.3805
lxt,185,1,24,46.095,560.1,176.9059,0.3705
lxt,185,1,25,46.465,560.065,172.3041,0.3734
lxt,185,1,26,46.82,559.995,165.1735,0.3517
lxt,185,1,27,47.155,559.885,158.4983,0.3547
lxt,185,1,28,47.615,559.65,150.0464,0.681
lxt,185,1,29,48.165,559.255,138.5762,0.6801
lxt,185,1,30,48.625,558.76,127.2083,0.678
lxt,185,1,31,48.985,558.18,116.5648,0.6932
lxt,185,1,32,49.195,557.7,107.928,0.3574
lxt,185,1,33,49.29,557.36,103.2408,0.3493
lxt,185,1,34,49.355,557.01,97.907,0.3635
lxt,185,1,35,49.39,556.645,93.0941,0.3705
lxt,185,1,36,49.39,556.27,86.9872,0.3805
lxt,185,1,37,49.355,555.895,82.304,0.3734
lxt,185,1,38,49.285,555.53,75.963,0.3711
lxt,185,1,39,49.18,555.185,70.0172,0.3511
lxt,185,1,40,48.955,554.71,61.9756,0.7024
lxt,185,1,41,48.575,554.13,51.4698,0.6903
lxt,185,1,42,48.1,553.64,40.2362,0.6812
lxt,185,1,43,47.545,553.255,29.2194,0.676
lxt,185,1,44,47.09,553.025,22.1096,0.3454
lxt,185,1,45,46.765,552.92,13.6266,0.3396
lxt,185,1,46,46.43,552.85,10.0082,0.3453
lxt,185,1,47,46.085,552.81,3.2706,0.3506
lxt,186,0,0,54.62,555.89,12.2646,0.4707
lxt,186,0,1,55.055,556.03,23.7027,0.4478
lxt,186,0,2,55.44,556.245,34.7778,0.4383
lxt,186,0,3,55.77,556.525,45.9394,0.4314
lxt,186,0,4,56.04,556.855,55.5607,0.4244
lxt,186,0,5,56.25,557.23,65.7723,0.4386
lxt,186,0,6,56.395,557.645,75.6506,0.4438
lxt,186,0,7,56.465,558.085,86.1861,0.451
lxt,186,0,8,56.445,558.61,96.6544,0.6041
lxt,186,0,9,56.3,559.19,111.4478,0.6017
lxt,186,0,10,56.02,559.72,124.2157,0.6046
lxt,186,0,11,55.615,560.165,140.3144,0.6107
lxt,186,0,12,55.095,560.47,158.8955,0.611
lxt,186,0,13,54.51,560.645,167.7747,0.6139
lxt,186,0,14,53.905,560.73,176.2482,0.6113
lxt,186,0,15,53.295,560.755,179.061,0.6101
lxt,186,0,16,52.3,560.76,0.0,1.38
lxt,186,0,17,51.61,556.375,90.0,8.77
lxt,186,0,18,52.18,551.99,0.0,1.14
lxt,186,0,19,52.75,553.86,90.0,3.74
lxt,186,0,20,52.985,555.73,0.0,0.47
lxt,186,0,21,54.535,553.86,125.1152,4.5721
lxt,186,0,22,56.5,551.99,0.0,1.3
lxt,186,0,23,55.77,553.915,125.6361,4.7371
lxt,186,1,0,52.9,559.79,0.0,0.3
lxt,186,1,1,53.26,559.785,178.6358,0.4201
lxt,186,1,2,53.685,559.76,174.6858,0.4319
lxt,186,1,3,54.11,559.7,169.2155,0.4276
lxt,186,1,4,54.51,559.59,159.7753,0.405
lxt,186,1,5,54.86,559.425,149.3004,0.3722
lxt,186,1,6,55.15,559.195,133.9188,0.3748
lxt,186,1,7,55.365,558.885,115.9066,0.3891
lxt,186,1,8,55.48,558.485,97.5943,0.454
lxt,186,1,9,55.48,558.03,82.5689,0.4639
lxt,186,1,10,55.37,557.62,66.0376,0.394
lxt,186,1,11,55.17,557.305,48.3659,0.3612
lxt,186,1,12,54.895,557.07,32.8285,0.3689
lxt,186,1,13,54.555,556.905,19.3592,0.3922
lxt,186,1,14,54.17,556.795,12.6805,0.41
lxt,186,1,15,53.755,556.73,5.3147,0.4319
lxt,186,1,16,53.325,556.705,1.332,0.4301
lxt,186,1,17,52.93,556.7,0.0,0.36
lxt,186,1,18,52.75,558.245,90.0,3.09
lxt,187,0,0,61.445,559.79,0.0,2.09
lxt,187,0,1,62.49,560.275,90.0,0.97
lxt,187,0,2,59.83,560.76,0.0,5.32
lxt,187,0,3,57.17,560.275,90.0,0.97
lxt,187,0,4,58.215,559.79,0.0,2.09
lxt,187,0,5,59.26,555.89,90.0,7.8
lxt,187,0,6,59.83,551.99,0.0,1.14
lxt,187,0,7,60.4,555.89,90.0,7.8
lxt,188,0,0,67.58,551.99,0.0,1.82
lxt,188,0,1,68.75,552.0,2.2027,0.5204
lxt,188,0,2,69.255,552.035,5.8262,0.4925
lxt,188,0,3,69.74,552.1,9.4626,0.4866
lxt,188,0,4,70.21,552.2,14.6208,0.4754
lxt,188,0,5,70.66,552.335,18.8243,0.4649
lxt,188,0,6,71.085,552.505,24.8638,0.4519
lxt,188,0,7,71.485,552.71,29.4276,0.4478
lxt,188,0,8,71.855,552.95,36.607,0.436
lxt,188,0,9,72.19,553.225,42.1846,0.4319
lxt,188,0,10,72.495,553.535,48.6911,0.4393
lxt,188,0,11,72.765,553.88,55.2222,0.4383
lxt,188,0,12,72.995,554.26,62.3007,0.4518
lxt,188,0,13,73.185,554.68,68.8754,0.4717
lxt,188,0,14,73.33,555.135,75.677,0.4851
lxt,188,0,15,73.43,555.625,81.0848,0.5162
lxt,188,0,16,73.48,556.15,87.8793,0.5404
lxt,188,0,17,73.48,556.69,92.1207,0.5404
lxt,188,0,18,73.43,557.205,99.2729,0.4965
lxt,188,0,19,73.325,557.685,105.4617,0.4876
lxt,188,0,20,73.18,558.13,110.8541,0.4494
lxt,188,0,21,72.99,558.535,119.4276,0.4478
lxt,188,0,22,72.755,558.91,124.7778,0.4383
lxt,188,0,23,72.485,559.25,132.1846,0.4319
lxt,188,0,24,72.18,559.555,137.8154,0.4319
lxt,188,0,25,71.84,559.825,145.2222,0.4383
lxt,188,0,26,71.47,560.055,151.0735,0.4342
lxt,188,0,27,71.075,560.255,155.1362,0.4519
lxt,188,0,28,70.655,560.425,160.7692,0.4554
lxt,188,0,29,70.21,560.555,166.5517,0.473
lxt,188,0,30,69.745,560.655,169.1597,0.4785
lxt,188,0,31,69.27,560.725,174.0527,0.4826
lxt,188,0,32,68.78,560.755,178.8544,0.5001
lxt,188,0,33,67.6,560.76,0.0,1.86
lxt,188,0,34,66.67,556.375,90.0,8.77
lxt,188,1,0,68.0,559.79,0.0,0.38
lxt,188,1,1,68.4,559.785,178.6363,0.4201
lxt,188,1,2,68.81,559.765,175.711,0.4011
lxt,188,1,3,69.205,559.72,171.2538,0.3946
lxt,188,1,4,69.59,559.655,169.5625,0.3864
lxt,188,1,5,69.965,559.565,163.443,0.386
lxt,188,1,6,70.32,559.45,160.5599,0.3606
lxt,188,1,7,70.65,559.31,153.4344,0.3578
lxt,188,1,8,70.96,559.14,149.037,0.3499
lxt,188,1,9,71.245,558.94,140.8258,0.3483
lxt,188,1,10,71.505,558.71,136.1689,0.3466
lxt,188,1,11,71.735,558.45,126.8699,0.35
lxt,188,1,12,71.93,558.155,120.1416,0.3585
lxt,188,1,13,72.09,557.825,111.8012,0.377
lxt,188,1,14,72.215,557.455,105.7513,0.4052
lxt,188,1,15,72.3,557.05,98.1308,0.4243
lxt,188,1,16,72.345,556.61,93.7313,0.461
lxt,188,1,17,72.345,556.145,86.3479,0.471
lxt,188,1,18,72.3,555.7,81.8692,0.4243
lxt,188,1,19,72.215,555.3,73.8556,0.3956
lxt,188,1,20,72.09,554.935,68.1986,0.377
lxt,188,1,21,71.93,554.605,59.8587,0.3585
lxt,188,1,22,71.735,554.31,53.1301,0.35
lxt,188,1,23,71.505,554.045,45.0,0.3536
lxt,188,1,24,71.245,553.815,37.8752,0.342
lxt,188,1,25,70.96,553.615,32.3475,0.3551
lxt,188,1,26,70.65,553.445,25.1145,0.3534
lxt,188,1,27,70.32,553.305,20.9249,0.364
lxt,188,1,28,69.965,553.19,15.1237,0.3833
lxt,188,1,29,69.59,553.1,11.889,0.3883
lxt,188,1,30,69.205,553.035,7.3055,0.3932
lxt,188,1,31,68.81,552.99,5.7108,0.402
lxt,188,1,32,68.4,552.97,0.0,0.42
lxt,188,1,33,68.0,552.97,0.0,0.38
lxt,188,1,34,67.81,556.38,90.0,6.82
lxt,189,0,0,75.02,560.76,0.0,1.14
lxt,189,0,1,74.45,556.375,90.0,8.77
lxt,189,0,2,75.02,551.99,0.0,1.14
lxt,189,0,3,75.59,556.375,90.0,8.77
lxt,190,0,0,82.945,553.13,113.8926,2.4937
lxt,190,0,1,84.04,551.99,0.0,1.18
lxt,190,0,2,82.52,556.605,114.5701,10.149
lxt,190,0,3,78.3,556.605,65.4299,10.149
lxt,190,0,4,76.78,551.99,0.0,1.18
lxt,190,0,5,77.875,553.13,66.1074,2.4937
lxt,190,0,6,80.41,554.27,0.0,4.06
lxt,190,1,0,80.41,555.24,0.0,3.14
lxt,190,1,1,79.625,557.025,66.2613,3.9
lxt,190,1,2,81.195,557.025,113.7387,3.9
lxt,191,0,0,89.97,555.89,90.0,0.98
lxt,191,0,1,91.085,555.4,0.0,2.23
lxt,191,0,2,92.16,555.14,81.2536,0.5261
lxt,191,0,3,92.025,554.635,68.8058,0.5255
lxt,191,0,4,91.785,554.17,56.6113,0.527
lxt,191,0,5,91.46,553.76,46.5482,0.5235
lxt,191,0,6,91.065,553.41,36.6561,0.536
lxt,191,0,7,90.615,553.13,27.0507,0.5277
lxt,191,0,8,90.13,552.935,16.6994,0.522
lxt,191,0,9,89.63,552.83,6.8429,0.5036
lxt,191,0,10,89.205,552.81,176.7295,0.3506
lxt,191,0,11,88.865,552.85,169.6947,0.3354
lxt,191,0,12,88.54,552.925,164.2913,0.3324
lxt,191,0,13,88.225,553.035,157.2492,0.3362
lxt,191,0,14,87.785,553.275,148.4487,0.6689
lxt,191,0,15,87.255,553.675,137.4365,0.6653
lxt,191,0,16,86.805,554.165,127.7253,0.6701
lxt,191,0,17,86.445,554.735,116.9393,0.6843
lxt,191,0,18,86.195,555.36,106.5351,0.6676
lxt,191,0,19,86.065,556.015,95.9644,0.6736
lxt,191,0,20,86.04,556.545,87.0637,0.3905
lxt,191,0,21,86.075,556.925,82.3046,0.3734
lxt,191,0,22,86.14,557.29,77.4709,0.3688
lxt,191,0,23,86.24,557.645,71.0749,0.37
lxt,191,0,24,86.455,558.135,63.8001,0.7021
lxt,191,0,25,86.82,558.73,53.1303,0.7
lxt,191,0,26,87.28,559.24,42.614,0.6794
lxt,191,0,27,87.825,559.645,30.677,0.686
lxt,191,0,28,88.28,559.88,20.5565,0.3418
lxt,191,0,29,88.605,559.99,16.8581,0.3448
lxt,191,0,30,88.94,560.065,8.3658,0.3437
lxt,191,0,31,89.29,560.1,3.1799,0.3606
lxt,191,0,32,89.665,560.095,175.6015,0.3912
lxt,191,0,33,90.055,560.04,168.4075,0.3981
lxt,191,0,34,90.44,559.935,161.1145,0.4016
lxt,191,0,35,90.81,559.785,154.7216,0.3981
lxt,191,0,36,91.16,559.59,147.0949,0.405
lxt,191,0,37,91.485,559.35,140.0131,0.4046
lxt,191,0,38,91.785,559.075,135.0,0.4101
lxt,191,0,39,92.055,558.765,127.1469,0.414
lxt,191,0,40,92.54,558.99,47.2905,1.0615
lxt,191,0,41,92.735,559.575,130.2366,0.5109
lxt,191,0,42,92.385,559.94,137.4191,0.5025
lxt,191,0,43,92.0,560.255,144.0579,0.4941
lxt,191,0,44,91.58,560.525,150.3957,0.5061
lxt,191,0,45,91.13,560.745,157.5574,0.4977
lxt,191,0,46,90.66,560.91,163.74,0.5
lxt,191,0,47,90.17,561.02,170.9095,0.5064
lxt,191,0,48,89.675,561.075,176.4966,0.4909
lxt,191,0,49,89.195,561.075,3.6521,0.471
lxt,191,0,50,88.74,561.025,9.0395,0.4455
lxt,191,0,51,88.305,560.93,15.5931,0.4464
lxt,191,0,52,87.88,560.795,19.6533,0.446
lxt,191,0,53,87.475,560.62,27.1498,0.4383
lxt,191,0,54,87.09,560.4,32.2756,0.4494
lxt,191,0,55,86.725,560.145,37.6478,0.442
lxt,191,0,56,86.39,559.855,44.0908,0.4455
lxt,191,0,57,86.085,559.53,49.5377,0.4469
lxt,191,0,58,85.805,559.18,53.1297,0.45
lxt,191,0,59,85.56,558.805,60.5732,0.4478
lxt,191,0,60,85.35,558.4,64.536,0.4652
lxt,191,0,61,85.175,557.97,71.1752,0.4649
lxt,191,0,62,85.045,557.52,76.5513,0.473
lxt,191,0,63,84.955,557.05,81.7029,0.4851
lxt,191,0,64,84.905,556.565,86.4966,0.4909
lxt,191,0,65,84.905,556.095,93.8139,0.451
lxt,191,0,66,84.95,555.655,97.9441,0.4342
lxt,191,0,67,85.035,555.225,104.3494,0.4438
lxt,191,0,68,85.165,554.805,110.0945,0.4366
lxt,191,0,69,85.335,554.405,115.9747,0.4338
lxt,191,0,70,85.54,554.025,120.7354,0.4305
lxt,191,0,71,85.78,553.67,127.4056,0.428
lxt,191,0,72,86.055,553.335,131.3089,0.4393
lxt,191,0,73,86.355,553.025,136.9088,0.4245
lxt,191,0,74,86.68,552.75,142.5945,0.428
lxt,191,0,75,87.035,552.505,148.1338,0.4357
lxt,191,0,76,87.41,552.29,152.2416,0.4294
lxt,191,0,77,87.805,552.115,159.9047,0.4366
lxt,191,0,78,88.22,551.98,164.0547,0.4368
lxt,191,0,79,88.645,551.885,170.7539,0.4357
lxt,191,0,80,89.085,551.84,177.4551,0.4504
lxt,191,0,81,89.53,551.84,2.6026,0.4405
lxt,191,0,82,89.965,551.88,7.9431,0.4342
lxt,191,0,83,90.38,551.96,14.0365,0.4123
lxt,191,0,84,90.77,552.08,20.2249,0.405
lxt,191,0,85,91.135,552.235,25.9064,0.3891
lxt,191,0,86,91.475,552.425,32.4714,0.3912
lxt,191,0,87,91.795,552.65,37.7461,0.392
lxt,191,0,88,92.09,552.905,43.9585,0.389
lxt,191,0,89,92.355,553.185,49.2365,0.3829
lxt,191,0,90,92.59,553.495,56.3096,0.3966
lxt,191,0,91,92.795,553.83,60.8032,0.3895
lxt,191,0,92,92.97,554.185,66.6145,0.4031
lxt,191,0,93,93.11,554.565,72.8979,0.408
lxt,191,0,94,93.215,554.965,77.6187,0.4198
lxt,191,0,95,93.29,555.385,82.0569,0.4342
lxt,191,0,96,93.33,555.82,87.3969,0.4405
lxt,191,0,97,93.34,556.21,90.0,0.34
lxt,191,0,98,91.655,556.38,0.0,3.37
lxt,192,0,0,97.515,555.89,12.0113,0.4805
lxt,192,0,1,97.955,556.03,23.7029,0.4478
lxt,192,0,2,98.335,556.245,35.5372,0.4301
lxt,192,0,3,98.66,556.525,45.9398,0.4314
lxt,192,0,4,98.93,556.855,55.5611,0.4244
lxt,192,0,5,99.14,557.23,65.7723,0.4386
lxt,192,0,6,99.285,557.645,75.6506,0.4438
lxt,192,0,7,99.355,558.085,86.1861,0.451
lxt,192,0,8,99.335,558.61,96.6544,0.6041
lxt,192,0,9,99.195,559.19,110.5559,0.5981
lxt,192,0,10,98.915,559.72,124.9919,0.6103
lxt,192,0,11,98.505,560.165,140.3147,0.6107
lxt,192,0,12,97.985,560.47,158.8954,0.611
lxt,192,0,13,97.4,560.645,167.7747,0.6139
lxt,192,0,14,96.795,560.73,176.2482,0.6113
lxt,192,0,15,96.185,560.755,179.061,0.6101
lxt,192,0,16,95.19,560.76,0.0,1.38
lxt,192,0,17,94.5,556.375,90.0,8.77
lxt,192,0,18,95.07,551.99,0.0,1.14
lxt,192,0,19,95.64,553.86,90.0,3.74
lxt,192,0,20,95.875,555.73,0.0,0.47
lxt,192,0,21,97.425,553.86,125.1152,4.5721
lxt,192,0,22,99.39,551.99,0.0,1.3
lxt,192,0,23,98.66,553.915,125.6361,4.7371
lxt,192,1,0,95.79,559.79,0.0,0.3
lxt,192,1,1,96.155,559.785,178.6675,0.4301
lxt,192,1,2,96.585,559.76,174.6858,0.4319
lxt,192,1,3,97.005,559.7,168.9589,0.4177
lxt,192,1,4,97.4,559.59,159.7751,0.405
lxt,192,1,5,97.755,559.425,150.0688,0.3808
lxt,192,1,6,98.045,559.195,132.7974,0.368
lxt,192,1,7,98.255,558.885,115.9061,0.3891
lxt,192,1,8,98.37,558.485,97.5953,0.454
lxt,192,1,9,98.37,558.03,82.5679,0.4639
lxt,192,1,10,98.265,557.62,67.381,0.39
lxt,192,1,11,98.065,557.305,47.2022,0.368
lxt,192,1,12,97.785,557.07,32.8282,0.3689
lxt,192,1,13,97.45,556.905,19.8553,0.3828
lxt,192,1,14,97.065,556.795,12.3809,0.4198
lxt,192,1,15,96.645,556.73,5.3147,0.4319
lxt,192,1,16,96.215,556.705,1.332,0.4301
lxt,192,1,17,95.82,556.7,0.0,0.36
lxt,192,1,18,95.64,558.245,90.0,3.09
lxt,193,0,0,106.635,553.13,113.8926,2.4937
lxt,193,0,1,107.73,551.99,0.0,1.18
lxt,193,0,2,106.21,556.605,114.5701,10.149
lxt,193,0,3,101.99,556.605,65.4299,10.149
lxt,193,0,4,100.47,551.99,0.0,1.18
lxt,193,0,5,101.565,553.13,66.1074,2.4937
lxt,193,0,6,104.1,554.27,0.0,4.06
lxt,193,1,0,104.1,555.24,0.0,3.14
lxt,193,1,1,103.315,557.025,66.2613,3.9
lxt,193,1,2,104.885,557.025,113.7387,3.9
lxt,194,0,0,114.565,554.875,66.4842,6.6416
lxt,194,0,1,115.9,557.92,0.0,0.02
lxt,194,0,2,116.425,554.955,99.8536,6.0188
lxt,194,0,3,117.505,551.99,0.0,1.13
lxt,194,0,4,117.17,556.625,100.9887,9.4431
lxt,194,0,5,114.755,557.79,66.414,7.5726
lxt,194,0,6,111.725,557.79,113.586,7.5726
lxt,194,0,7,109.31,556.625,79.0113,9.4431
lxt,194,0,8,108.98,551.99,0.0,1.14
lxt,194,0,9,110.065,554.94,80.0973,5.9892
lxt,194,0,10,110.59,557.89,0.0,0.02
lxt,194,0,11,111.92,554.86,113.54,6.6101
lxt,195,0,0,24.635,34.035,113.9857,2.4846
lxt,195,0,1,25.735,32.9,0.0,1.19
lxt,195,0,2,24.215,37.51,114.6449,10.1441
lxt,195,0,3,19.99,37.51,65.4065,10.1399
lxt,195,0,4,18.47,32.9,0.0,1.18
lxt,195,0,5,19.565,34.035,66.0143,2.4846
lxt,195,0,6,22.1,35.17,0.0,4.06
lxt,195,1,0,22.105,36.15,0.0,3.15
lxt,195,1,1,21.315,37.935,66.2613,3.9
lxt,195,1,2,22.89,37.935,113.873,3.904
lxt,196,0,0,27.645,41.67,0.0,1.13
lxt,196,0,1,27.08,37.285,90.0,8.77
lxt,196,0,2,27.645,32.9,0.0,1.13
lxt,196,0,3,28.21,37.285,90.0,8.77
lxt,197,0,0,32.8,36.8,12.2619,0.4707
lxt,197,0,1,33.235,36.94,23.7089,0.4478
lxt,197,0,2,33.62,37.155,34.7778,0.4383
lxt,197,0,3,33.95,37.435,45.939,0.4314
lxt,197,0,4,34.22,37.765,55.559,0.4244
lxt,197,0,5,34.43,38.14,65.7735,0.4387
lxt,197,0,6,34.57,38.555,76.9081,0.4415
lxt,197,0,7,34.64,38.995,84.9197,0.4517
lxt,197,0,8,34.625,39.52,96.654,0.6041
lxt,197,0,9,34.48,40.1,111.4479,0.6017
lxt,197,0,10,34.2,40.63,124.2157,0.6046
lxt,197,0,11,33.79,41.075,140.9051,0.6185
lxt,197,0,12,33.27,41.38,158.5549,0.6017
lxt,197,0,13,32.69,41.555,167.7744,0.6139
lxt,197,0,14,32.085,41.64,176.2503,0.6113
lxt,197,0,15,31.475,41.665,179.0599,0.6101
lxt,197,0,16,30.48,41.67,0.0,1.38
lxt,197,0,17,29.79,37.285,90.0,8.77
lxt,197,0,18,30.36,32.9,0.0,1.14
lxt,197,0,19,30.93,34.77,90.0,3.74
lxt,197,0,20,31.16,36.64,0.0,0.46
lxt,197,0,21,32.71,34.77,125.2177,4.5779
lxt,197,0,22,34.68,32.9,0.0,1.3
lxt,197,0,23,33.95,34.825,125.6363,4.7371
lxt,197,1,0,31.08,40.7,0.0,0.3
lxt,197,1,1,31.44,40.695,178.6347,0.4201
lxt,197,1,2,31.865,40.67,174.6883,0.4319
lxt,197,1,3,32.285,40.61,168.9568,0.4177
lxt,197,1,4,32.68,40.5,159.7732,0.405
lxt,197,1,5,33.035,40.335,150.0683,0.3808
lxt,197,1,6,33.33,40.105,133.9168,0.3748
lxt,197,1,7,33.545,39.795,115.9083,0.3891
lxt,197,1,8,33.66,39.395,97.5941,0.454
lxt,197,1,9,33.66,38.94,82.5683,0.4639
lxt,197,1,10,33.55,38.53,66.0403,0.394
lxt,197,1,11,33.35,38.215,48.3619,0.3612
lxt,197,1,12,33.075,37.98,32.83,0.3689
lxt,197,1,13,32.735,37.815,19.3597,0.3922
lxt,197,1,14,32.35,37.705,12.6841,0.41
lxt,197,1,15,31.935,37.64,5.3116,0.4319
lxt,197,1,16,31.505,37.615,1.3335,0.4301
lxt,197,1,17,31.11,37.61,0.0,0.36
lxt,197,1,18,30.93,39.155,90.0,3.09
lxt,198,0,0,37.6,36.64,0.0,0.64
lxt,198,0,1,38.235,36.655,2.729,0.6307
lxt,198,0,2,38.84,36.725,10.7375,0.5903
lxt,198,0,3,39.395,36.87,18.7579,0.5597
lxt,198,0,4,39.885,37.09,30.0193,0.5197
lxt,198,0,5,40.3,37.39,41.8175,0.5099
lxt,198,0,6,40.63,37.78,57.5287,0.5215
lxt,198,0,7,40.82,38.13,68.9635,0.2786
lxt,198,0,8,40.91,38.395,73.4972,0.2816
lxt,198,0,9,40.975,38.685,80.837,0.314
lxt,198,0,10,41.005,39.005,88.2647,0.3302
lxt,198,0,11,40.99,39.45,94.0857,0.5614
lxt,198,0,12,40.905,39.975,104.8586,0.5069
lxt,198,0,13,40.725,40.435,118.142,0.4876
lxt,198,0,14,40.44,40.83,133.3646,0.4952
lxt,198,0,15,40.155,41.085,146.8848,0.2746
lxt,198,0,16,39.915,41.225,152.5247,0.2818
lxt,198,0,17,39.645,41.35,157.5212,0.3138
lxt,198,0,18,39.335,41.455,164.7505,0.342
lxt,198,0,19,38.985,41.54,167.797,0.3786
lxt,198,0,20,38.595,41.605,173.0487,0.413
lxt,198,0,21,38.165,41.645,176.1822,0.451
lxt,198,0,22,37.69,41.665,178.8531,0.5001
lxt,198,0,23,36.79,41.67,0.0,1.3
lxt,198,0,24,36.14,37.285,90.0,8.77
lxt,198,0,25,36.71,32.9,0.0,1.14
lxt,198,0,26,37.28,34.77,90.0,3.74
lxt,198,1,0,37.43,40.7,0.0,0.3
lxt,198,1,1,37.79,40.695,178.6347,0.4201
lxt,198,1,2,38.215,40.67,174.6884,0.4319
lxt,198,1,3,38.635,40.615,170.3102,0.4159
lxt,198,1,4,39.03,40.515,161.1131,0.4016
lxt,198,1,5,39.385,40.355,150.0683,0.3808
lxt,198,1,6,39.68,40.125,133.9168,0.3748
lxt,198,1,7,39.855,39.91,119.3619,0.1836
lxt,198,1,8,39.94,39.735,112.8339,0.2062
lxt,198,1,9,40.0,39.535,100.7834,0.2138
lxt,198,1,10,40.03,39.31,94.763,0.2408
lxt,198,1,11,40.03,39.065,85.4268,0.2508
lxt,198,1,12,40.0,38.835,79.2135,0.2137
lxt,198,1,13,39.945,38.63,70.7111,0.2119
lxt,198,1,14,39.865,38.445,62.1088,0.1924
lxt,198,1,15,39.7,38.225,48.3619,0.3612
lxt,198,1,16,39.425,37.99,32.8303,0.3689
lxt,198,1,17,39.085,37.82,20.7274,0.3956
lxt,198,1,18,38.7,37.71,11.3039,0.4079
lxt,198,1,19,38.285,37.645,6.6389,0.4329
lxt,198,1,20,37.855,37.615,1.3335,0.4301
lxt,198,1,21,37.46,37.61,0.0,0.36
lxt,198,1,22,37.28,39.155,90.0,3.09
lxt,199,0,0,45.675,41.985,3.6558,0.471
lxt,199,0,1,45.215,41.935,8.8352,0.4554
lxt,199,0,2,44.77,41.845,14.0419,0.4536
lxt,199,0,3,44.335,41.715,19.2263,0.4554
lxt,199,0,4,43.92,41.54,26.5666,0.4472
lxt,199,0,5,43.53,41.325,31.1827,0.4442
lxt,199,0,6,43.16,41.08,35.8386,0.4441
lxt,199,0,7,42.815,40.8,42.2727,0.446
lxt,199,0,8,42.5,40.49,46.848,0.4386
lxt,199,0,9,42.215,40.15,53.134,0.45
lxt,199,0,10,41.965,39.78,58.8109,0.4441
lxt,199,0,11,41.75,39.385,63.9989,0.4562
lxt,199,0,12,41.57,38.97,69.1443,0.4494
lxt,199,0,13,41.43,38.535,75.0691,0.4657
lxt,199,0,14,41.335,38.08,81.3479,0.4653
lxt,199,0,15,41.29,37.61,87.6139,0.4804
lxt,199,0,16,41.29,37.12,92.2907,0.5004
lxt,199,0,17,41.335,36.635,98.4716,0.4752
lxt,199,0,18,41.43,36.17,104.6201,0.4754
lxt,199,0,19,41.565,35.725,109.2312,0.4554
lxt,199,0,20,41.74,35.305,116.0015,0.4562
lxt,199,0,21,41.955,34.91,121.1846,0.4442
lxt,199,0,22,42.205,34.545,127.6496,0.442
lxt,199,0,23,42.49,34.21,133.1517,0.4386
lxt,199,0,24,42.805,33.9,137.7276,0.446
lxt,199,0,25,43.15,33.625,145.2222,0.4383
lxt,199,0,26,43.52,33.385,148.817,0.4442
lxt,199,0,27,43.915,33.18,156.2982,0.4478
lxt,199,0,28,44.33,33.015,160.3433,0.446
lxt,199,0,29,44.76,32.885,165.9655,0.4535
lxt,199,0,30,45.21,32.795,171.3465,0.4653
lxt,199,0,31,45.675,32.75,177.561,0.4704
lxt,199,0,32,46.14,32.75,2.492,0.4604
lxt,199,0,33,46.6,32.795,8.6535,0.4653
lxt,199,0,34,47.05,32.885,14.0344,0.4535
lxt,199,0,35,47.485,33.015,19.2336,0.4554
lxt,199,0,36,47.9,33.18,24.227,0.4386
lxt,199,0,37,48.29,33.385,31.1827,0.4442
lxt,199,0,38,48.66,33.625,34.7778,0.4383
lxt,199,0,39,49.005,33.9,42.2727,0.446
lxt,199,0,40,49.32,34.21,46.848,0.4386
lxt,199,0,41,49.605,34.545,52.3508,0.442
lxt,199,0,42,49.855,34.91,58.815,0.4442
lxt,199,0,43,50.07,35.305,63.9989,0.4562
lxt,199,0,44,50.245,35.725,70.7688,0.4554
lxt,199,0,45,50.38,36.17,75.3799,0.4754
lxt,199,0,46,50.475,36.635,81.5284,0.4752
lxt,199,0,47,50.52,37.12,87.7093,0.5004
lxt,199,0,48,50.52,37.61,92.3861,0.4804
lxt,199,0,49,50.475,38.08,98.6521,0.4653
lxt,199,0,50,50.38,38.535,104.9309,0.4657
lxt,199,0,51,50.24,38.97,110.8552,0.4494
lxt,199,0,52,50.065,39.385,114.8617,0.4519
lxt,199,0,53,49.85,39.78,122.2796,0.4494
lxt,199,0,54,49.595,40.15,126.8664,0.45
lxt,199,0,55,49.31,40.49,133.1517,0.4386
lxt,199,0,56,48.995,40.8,137.7273,0.446
lxt,199,0,57,48.65,41.08,144.1614,0.4441
lxt,199,0,58,48.28,41.325,148.8173,0.4442
lxt,199,0,59,47.89,41.54,153.4336,0.4472
lxt,199,0,60,47.475,41.715,160.7737,0.4554
lxt,199,0,61,47.04,41.845,165.958,0.4536
lxt,199,0,62,46.595,41.935,171.1649,0.4554
lxt,199,0,63,46.14,41.985,176.265,0.461
lxt,199,1,0,45.73,33.72,176.8268,0.3606
lxt,199,1,1,45.38,33.76,169.9924,0.3453
lxt,199,1,2,45.045,33.83,166.3701,0.3396
lxt,199,1,3,44.72,33.93,159.4447,0.3418
lxt,199,1,4,44.265,34.16,150.0444,0.681
lxt,199,1,5,43.71,34.55,139.7635,0.6812
lxt,199,1,6,43.235,35.04,128.5313,0.6903
lxt,199,1,7,42.855,35.62,118.0248,0.7023
lxt,199,1,8,42.63,36.095,109.982,0.3512
lxt,199,1,9,42.53,36.44,102.5296,0.3688
lxt,199,1,10,42.46,36.805,99.2108,0.3748
lxt,199,1,11,42.42,37.18,93.0128,0.3805
lxt,199,1,12,42.42,37.555,86.9058,0.3705
lxt,199,1,13,42.455,37.92,82.0926,0.3634
lxt,199,1,14,42.52,38.27,76.7602,0.3493
lxt,199,1,15,42.615,38.61,72.0739,0.3574
lxt,199,1,16,42.825,39.09,63.4347,0.6932
lxt,199,1,17,43.185,39.67,52.791,0.678
lxt,199,1,18,43.645,40.165,41.4243,0.6802
lxt,199,1,19,44.195,40.56,29.9511,0.6809
lxt,199,1,20,44.655,40.795,21.5023,0.3547
lxt,199,1,21,44.995,40.905,14.425,0.3614
lxt,199,1,22,45.35,40.975,7.9052,0.3635
lxt,199,1,23,45.72,41.01,3.0157,0.3805
lxt,199,1,24,46.095,41.01,176.9029,0.3705
lxt,199,1,25,46.465,40.975,172.3059,0.3734
lxt,199,1,26,46.82,40.905,165.1693,0.3517
lxt,199,1,27,47.155,40.795,158.4977,0.3547
lxt,199,1,28,47.615,40.56,150.0489,0.6809
lxt,199,1,29,48.165,40.165,138.5755,0.6802
lxt,199,1,30,48.625,39.67,127.2093,0.678
lxt,199,1,31,48.985,39.09,116.5651,0.6932
lxt,199,1,32,49.195,38.61,107.9267,0.3574
lxt,199,1,33,49.29,38.27,103.2398,0.3493
lxt,199,1,34,49.355,37.92,97.9074,0.3634
lxt,199,1,35,49.39,37.555,93.0942,0.3705
lxt,199,1,36,49.39,37.18,86.9872,0.3805
lxt,199,1,37,49.355,36.805,82.304,0.3734
lxt,199,1,38,49.285,36.44,75.9626,0.3711
lxt,199,1,39,49.18,36.095,70.018,0.3512
lxt,199,1,40,48.955,35.62,61.9755,0.7023
lxt,199,1,41,48.575,35.04,51.4687,0.6903
lxt,199,1,42,48.1,34.55,40.2365,0.6812
lxt,199,1,43,47.545,34.16,29.9556,0.681
lxt,199,1,44,47.09,33.93,20.5553,0.3418
lxt,199,1,45,46.765,33.83,13.6297,0.3396
lxt,199,1,46,46.43,33.76,10.0076,0.3453
lxt,199,1,47,46.085,33.72,3.2637,0.3506
lxt,200,0,0,54.62,36.8,12.2619,0.4707
lxt,200,0,1,55.055,36.94,23.7089,0.4478
lxt,200,0,2,55.44,37.155,34.7778,0.4383
lxt,200,0,3,55.77,37.435,45.939,0.4314
lxt,200,0,4,56.04,37.765,55.559,0.4244
lxt,200,0,5,56.25,38.14,65.7735,0.4387
lxt,200,0,6,56.395,38.555,75.6504,0.4438
lxt,200,0,7,56.465,38.995,86.1857,0.451
lxt,200,0,8,56.445,39.52,96.654,0.6041
lxt,200,0,9,56.3,40.1,111.4479,0.6017
lxt,200,0,10,56.02,40.63,124.2157,0.6046
lxt,200,0,11,55.615,41.075,140.3133,0.6107
lxt,200,0,12,55.095,41.38,158.8978,0.611
lxt,200,0,13,54.51,41.555,167.7744,0.6139
lxt,200,0,14,53.905,41.64,176.2503,0.6113
lxt,200,0,15,53.295,41.665,179.0599,0.6101
lxt,200,0,16,52.3,41.67,0.0,1.38
lxt,200,0,17,51.61,37.285,90.0,8.77
lxt,200,0,18,52.18,32.9,0.0,1.14
lxt,200,0,19,52.75,34.77,90.0,3.74
lxt,200,0,20,52.985,36.64,0.0,0.47
lxt,200,0,21,54.535,34.77,125.1153,4.5721
lxt,200,0,22,56.5,32.9,0.0,1.3
lxt,200,0,23,55.77,34.825,125.6363,4.7371
lxt,200,1,0,52.9,40.7,0.0,0.3
lxt,200,1,1,53.26,40.695,178.6347,0.4201
lxt,200,1,2,53.685,40.67,174.6883,0.4319
lxt,200,1,3,54.11,40.61,169.2135,0.4276
lxt,200,1,4,54.51,40.5,159.7732,0.405
lxt,200,1,5,54.86,40.335,149.2999,0.3722
lxt,200,1,6,55.15,40.105,133.9168,0.3748
lxt,200,1,7,55.365,39.795,115.9083,0.3891
lxt,200,1,8,55.48,39.395,97.5941,0.454
lxt,200,1,9,55.48,38.94,82.5683,0.4639
lxt,200,1,10,55.37,38.53,66.0403,0.394
lxt,200,1,11,55.17,38.215,48.3619,0.3612
lxt,200,1,12,54.895,37.98,32.83,0.3689
lxt,200,1,13,54.555,37.815,19.3597,0.3922
lxt,200,1,14,54.17,37.705,12.6841,0.41
lxt,200,1,15,53.755,37.64,5.3116,0.4319
lxt,200,1,16,53.325,37.615,1.3335,0.4301
lxt,200,1,17,52.93,37.61,0.0,0.36
lxt,200,1,18,52.75,39.155,90.0,3.09
lxt,201,0,0,61.445,40.7,0.0,2.09
lxt,201,0,1,62.49,41.185,90.0,0.97
lxt,201,0,2,59.83,41.67,0.0,5.32
lxt,201,0,3,57.17,41.185,90.0,0.97
lxt,201,0,4,58.215,40.7,0.0,2.09
lxt,201,0,5,59.26,36.8,90.0,7.8
lxt,201,0,6,59.83,32.9,0.0,1.14
lxt,201,0,7,60.4,36.8,90.0,7.8
lxt,202,0,0,67.58,32.9,0.0,1.82
lxt,202,0,1,68.75,32.91,2.2048,0.5204
lxt,202,0,2,69.255,32.945,5.8249,0.4925
lxt,202,0,3,69.74,33.01,9.4644,0.4866
lxt,202,0,4,70.21,33.11,14.6203,0.4754
lxt,202,0,5,70.66,33.245,18.8203,0.4649
lxt,202,0,6,71.085,33.415,24.8638,0.4519
lxt,202,0,7,71.485,33.62,29.431,0.4478
lxt,202,0,8,71.855,33.86,36.6082,0.436
lxt,202,0,9,72.19,34.135,42.1823,0.4318
lxt,202,0,10,72.495,34.445,48.6928,0.4393
lxt,202,0,11,72.765,34.79,55.2211,0.4383
lxt,202,0,12,72.995,35.17,62.2985,0.4517
lxt,202,0,13,73.185,35.59,68.8756,0.4717
lxt,202,0,14,73.33,36.045,75.6779,0.4851
lxt,202,0,15,73.43,36.535,81.085,0.5162
lxt,202,0,16,73.48,37.06,87.8792,0.5403
lxt,202,0,17,73.48,37.6,92.1208,0.5403
lxt,202,0,18,73.43,38.115,99.2719,0.4965
lxt,202,0,19,73.325,38.595,105.4627,0.4876
lxt,202,0,20,73.18,39.04,110.8548,0.4494
lxt,202,0,21,72.99,39.445,119.4267,0.4478
lxt,202,0,22,72.755,39.82,124.7789,0.4383
lxt,202,0,23,72.485,40.16,132.1839,0.4319
lxt,202,0,24,72.18,40.465,137.8117,0.4319
lxt,202,0,25,71.84,40.735,145.2222,0.4383
lxt,202,0,26,71.47,40.965,151.0779,0.4341
lxt,202,0,27,71.075,41.165,155.1362,0.4519
lxt,202,0,28,70.655,41.335,160.7664,0.4554
lxt,202,0,29,70.21,41.465,166.5531,0.473
lxt,202,0,30,69.745,41.565,169.1566,0.4785
lxt,202,0,31,69.27,41.63,175.2389,0.4817
lxt,202,0,32,68.78,41.66,177.7072,0.5004
lxt,202,0,33,67.6,41.67,0.0,1.86
lxt,202,0,34,66.67,37.285,90.0,8.77
lxt,202,1,0,68.0,40.7,0.0,0.38
lxt,202,1,1,68.4,40.695,178.6348,0.4201
lxt,202,1,2,68.81,40.675,175.7153,0.4011
lxt,202,1,3,69.205,40.63,171.2543,0.3946
lxt,202,1,4,69.59,40.565,169.5614,0.3864
lxt,202,1,5,69.965,40.475,163.4451,0.386
lxt,202,1,6,70.32,40.36,160.5605,0.3606
lxt,202,1,7,70.65,40.22,153.43,0.3578
lxt,202,1,8,70.96,40.05,149.0375,0.3499
lxt,202,1,9,71.245,39.85,140.8297,0.3483
lxt,202,1,10,71.505,39.62,136.163,0.3466
lxt,202,1,11,71.735,39.36,126.8729,0.35
lxt,202,1,12,71.93,39.065,120.1416,0.3585
lxt,202,1,13,72.09,38.735,111.7993,0.377
lxt,202,1,14,72.215,38.365,105.753,0.4052
lxt,202,1,15,72.3,37.96,98.13,0.4243
lxt,202,1,16,72.345,37.52,93.7316,0.4609
lxt,202,1,17,72.345,37.055,86.3482,0.471
lxt,202,1,18,72.3,36.61,81.8689,0.4242
lxt,202,1,19,72.215,36.21,73.8558,0.3956
lxt,202,1,20,72.09,35.845,68.1973,0.3769
lxt,202,1,21,71.93,35.515,59.8584,0.3585
lxt,202,1,22,71.735,35.22,53.1331,0.35
lxt,202,1,23,71.505,34.955,45.0,0.3536
lxt,202,1,24,71.245,34.725,37.8782,0.3421
lxt,202,1,25,70.96,34.525,32.3392,0.3551
lxt,202,1,26,70.65,34.355,25.1184,0.3534
lxt,202,1,27,70.32,34.215,20.9254,0.364
lxt,202,1,28,69.965,34.1,15.1204,0.3833
lxt,202,1,29,69.59,34.01,11.8912,0.3883
lxt,202,1,30,69.205,33.945,7.3039,0.3932
lxt,202,1,31,68.81,33.9,5.7162,0.402
lxt,202,1,32,68.4,33.875,1.3652,0.4201
lxt,202,1,33,68.0,33.87,0.0,0.38
lxt,202,1,34,67.81,37.285,90.0,6.83
lxt,203,0,0,75.02,41.67,0.0,1.14
lxt,203,0,1,74.45,37.285,90.0,8.77
lxt,203,0,2,75.02,32.9,0.0,1.14
lxt,203,0,3,75.59,37.285,90.0,8.77
lxt,204,0,0,82.945,34.035,113.9858,2.4846
lxt,204,0,1,84.04,32.9,0.0,1.18
lxt,204,0,2,82.52,37.51,114.5935,10.1399
lxt,204,0,3,78.3,37.51,65.4065,10.1399
lxt,204,0,4,76.78,32.9,0.0,1.18
lxt,204,0,5,77.875,34.035,66.0142,2.4846
lxt,204,0,6,80.41,35.17,0.0,4.06
lxt,204,1,0,80.41,36.15,0.0,3.14
lxt,204,1,1,79.625,37.935,66.2613,3.9
lxt,204,1,2,81.195,37.935,113.7387,3.9
lxt,205,0,0,89.97,36.8,90.0,0.98
lxt,205,0,1,91.085,36.31,0.0,2.23
lxt,205,0,2,92.16,36.05,81.254,0.5261
lxt,205,0,3,92.025,35.545,68.8053,0.5255
lxt,205,0,4,91.785,35.08,56.6115,0.527
lxt,205,0,5,91.46,34.67,46.5485,0.5235
lxt,205,0,6,91.065,34.32,36.6567,0.536
lxt,205,0,7,90.615,34.04,27.05,0.5277
lxt,205,0,8,90.13,33.845,16.7018,0.522
lxt,205,0,9,89.63,33.74,6.8425,0.5036
lxt,205,0,10,89.205,33.72,176.7264,0.3506
lxt,205,0,11,88.865,33.76,169.6954,0.3354
lxt,205,0,12,88.54,33.835,164.2869,0.3324
lxt,205,0,13,88.225,33.945,157.2582,0.3361
lxt,205,0,14,87.785,34.185,148.4459,0.6689
lxt,205,0,15,87.255,34.585,137.4357,0.6653
lxt,205,0,16,86.805,35.075,127.7269,0.6701
lxt,205,0,17,86.445,35.645,116.9399,0.6842
lxt,205,0,18,86.195,36.27,106.5347,0.6676
lxt,205,0,19,86.065,36.925,95.9646,0.6736
lxt,205,0,20,86.04,37.455,87.0638,0.3905
lxt,205,0,21,86.075,37.835,82.3045,0.3734
lxt,205,0,22,86.14,38.2,77.4725,0.3688
lxt,205,0,23,86.24,38.555,71.0737,0.37
lxt,205,0,24,86.455,39.045,63.8002,0.7021
lxt,205,0,25,86.82,39.64,53.1301,0.7
lxt,205,0,26,87.28,40.15,42.6154,0.6794
lxt,205,0,27,87.825,40.555,30.6754,0.686
lxt,205,0,28,88.28,40.79,20.5553,0.3418
lxt,205,0,29,88.605,40.895,15.2594,0.3421
lxt,205,0,30,88.94,40.97,10.0077,0.3452
lxt,205,0,31,89.29,41.01,3.1732,0.3606
lxt,205,0,32,89.665,41.005,175.6059,0.3911
lxt,205,0,33,90.055,40.95,168.4054,0.3981
lxt,205,0,34,90.44,40.845,161.1135,0.4016
lxt,205,0,35,90.81,40.695,154.7241,0.3981
lxt,205,0,36,91.16,40.5,147.0913,0.405
lxt,205,0,37,91.485,40.26,140.0185,0.4046
lxt,205,0,38,91.785,39.985,134.9962,0.4102
lxt,205,0,39,92.055,39.675,127.1453,0.414
lxt,205,0,40,92.54,39.895,46.9226,1.0542
lxt,205,0,41,92.735,40.48,129.5211,0.5186
lxt,205,0,42,92.385,40.85,137.422,0.5025
lxt,205,0,43,92.0,41.165,144.0543,0.4941
lxt,205,0,44,91.58,41.435,150.3957,0.5061
lxt,205,0,45,91.13,41.655,157.5569,0.4977
lxt,205,0,46,90.66,41.82,163.745,0.5
lxt,205,0,47,90.17,41.93,170.9078,0.5064
lxt,205,0,48,89.675,41.985,176.493,0.4909
lxt,205,0,49,89.195,41.985,3.6558,0.471
lxt,205,0,50,88.74,41.935,9.0405,0.4455
lxt,205,0,51,88.305,41.84,15.5922,0.4464
lxt,205,0,52,87.88,41.705,19.6491,0.446
lxt,205,0,53,87.475,41.53,27.1511,0.4383
lxt,205,0,54,87.09,41.31,32.2748,0.4494
lxt,205,0,55,86.725,41.055,37.6497,0.4421
lxt,205,0,56,86.39,40.765,44.0904,0.4455
lxt,205,0,57,86.085,40.44,49.5399,0.4469
lxt,205,0,58,85.805,40.09,53.1285,0.45
lxt,205,0,59,85.56,39.71,61.1914,0.4565
lxt,205,0,60,85.35,39.305,63.9947,0.4562
lxt,205,0,61,85.175,38.88,71.1752,0.4649
lxt,205,0,62,85.045,38.43,76.5519,0.473
lxt,205,0,63,84.955,37.96,81.7026,0.4851
lxt,205,0,64,84.905,37.475,86.4965,0.4909
lxt,205,0,65,84.905,37.005,93.8138,0.451
lxt,205,0,66,84.95,36.565,97.9443,0.4342
lxt,205,0,67,85.035,36.135,104.3496,0.4438
lxt,205,0,68,85.165,35.715,110.0929,0.4366
lxt,205,0,69,85.335,35.315,115.9774,0.4338
lxt,205,0,70,85.54,34.935,120.736,0.4305
lxt,205,0,71,85.78,34.575,126.6044,0.436
lxt,205,0,72,86.055,34.24,132.1839,0.4319
lxt,205,0,73,86.355,33.935,136.9111,0.4245
lxt,205,0,74,86.68,33.66,142.5933,0.428
lxt,205,0,75,87.035,33.415,148.1364,0.4357
lxt,205,0,76,87.41,33.2,152.2398,0.4294
lxt,205,0,77,87.805,33.025,159.9019,0.4366
lxt,205,0,78,88.22,32.89,164.0552,0.4368
lxt,205,0,79,88.645,32.795,170.7529,0.4357
lxt,205,0,80,89.085,32.75,177.4605,0.4504
lxt,205,0,81,89.53,32.75,2.5972,0.4405
lxt,205,0,82,89.965,32.79,7.9511,0.4342
lxt,205,0,83,90.38,32.87,14.0329,0.4123
lxt,205,0,84,90.77,32.99,20.2269,0.405
lxt,205,0,85,91.135,33.145,25.9043,0.3891
lxt,205,0,86,91.475,33.335,32.4738,0.3912
lxt,205,0,87,91.795,33.56,37.7452,0.392
lxt,205,0,88,92.09,33.815,43.9541,0.3889
lxt,205,0,89,92.355,34.095,49.2402,0.3829
lxt,205,0,90,92.59,34.405,56.3112,0.3966
lxt,205,0,91,92.795,34.74,60.8007,0.3895
lxt,205,0,92,92.97,35.095,66.614,0.4031
lxt,205,0,93,93.11,35.475,72.8985,0.4081
lxt,205,0,94,93.215,35.875,77.6179,0.4197
lxt,205,0,95,93.29,36.295,82.0567,0.4342
lxt,205,0,96,93.33,36.7299,87.3969,0.4405
lxt,205,0,97,93.34,37.12,90.0,0.34
lxt,205,0,98,91.655,37.29,0.0,3.37
lxt,206,0,0,97.515,36.8,12.0086,0.4805
lxt,206,0,1,97.955,36.94,23.7091,0.4478
lxt,206,0,2,98.335,37.155,35.5372,0.4301
lxt,206,0,3,98.66,37.435,45.9394,0.4314
lxt,206,0,4,98.93,37.765,55.5594,0.4244
lxt,206,0,5,99.14,38.14,65.7735,0.4387
lxt,206,0,6,99.285,38.555,75.6504,0.4438
lxt,206,0,7,99.355,38.995,86.1857,0.451
lxt,206,0,8,99.335,39.52,96.654,0.6041
lxt,206,0,9,99.195,40.1,110.556,0.5981
lxt,206,0,10,98.915,40.63,124.9919,0.6103
lxt,206,0,11,98.505,41.075,140.3136,0.6107
lxt,206,0,12,97.985,41.38,158.8977,0.611
lxt,206,0,13,97.4,41.555,167.7744,0.6139
lxt,206,0,14,96.795,41.64,176.2503,0.6113
lxt,206,0,15,96.185,41.665,179.0599,0.6101
lxt,206,0,16,95.19,41.67,0.0,1.38
lxt,206,0,17,94.5,37.285,90.0,8.77
lxt,206,0,18,95.07,32.9,0.0,1.14
lxt,206,0,19,95.64,34.77,90.0,3.74
lxt,206,0,20,95.875,36.64,0.0,0.47
lxt,206,0,21,97.425,34.77,125.1153,4.5721
lxt,206,0,22,99.39,32.9,0.0,1.3
lxt,206,0,23,98.66,34.825,125.6363,4.7371
lxt,206,1,0,95.79,40.7,0.0,0.3
lxt,206,1,1,96.155,40.695,178.6665,0.4301
lxt,206,1,2,96.585,40.67,174.6884,0.4319
lxt,206,1,3,97.005,40.61,168.9569,0.4177
lxt,206,1,4,97.4,40.5,159.7731,0.405
lxt,206,1,5,97.755,40.335,150.0683,0.3808
lxt,206,1,6,98.045,40.105,132.7953,0.368
lxt,206,1,7,98.255,39.795,115.9078,0.3891
lxt,206,1,8,98.37,39.395,97.5951,0.454
lxt,206,1,9,98.37,38.94,82.5673,0.4639
lxt,206,1,10,98.265,38.53,67.3836,0.39
lxt,206,1,11,98.065,38.215,47.1982,0.3679
lxt,206,1,12,97.785,37.98,32.8297,0.3689
lxt,206,1,13,97.45,37.815,19.8559,0.3828
lxt,206,1,14,97.065,37.705,12.3845,0.4198
lxt,206,1,15,96.645,37.64,5.3116,0.4319
lxt,206,1,16,96.215,37.615,1.3335,0.4301
lxt,206,1,17,95.82,37.61,0.0,0.36
lxt,206,1,18,95.64,39.155,90.0,3.09
lxt,207,0,0,106.635,34.035,113.9858,2.4846
lxt,207,0,1,107.73,32.9,0.0,1.18
lxt,207,0,2,106.21,37.51,114.5935,10.1399
lxt,207,0,3,101.99,37.51,65.4065,10.1399
lxt,207,0,4,100.47,32.9,0.0,1.18
lxt,207,0,5,101.565,34.035,66.0142,2.4846
lxt,207,0,6,104.1,35.17,0.0,4.06
lxt,207,1,0,104.1,36.15,0.0,3.14
lxt,207,1,1,103.315,37.935,66.2613,3.9
lxt,207,1,2,104.885,37.935,113.7387,3.9
lxt,208,0,0,114.565,35.785,66.4843,6.6416
lxt,208,0,1,115.9,38.83,0.0,0.02
lxt,208,0,2,116.425,35.865,99.8535,6.0188
lxt,208,0,3,117.505,32.9,0.0,1.13
lxt,208,0,4,117.17,37.535,100.9886,9.4432
lxt,208,0,5,114.755,38.7,66.414,7.5726
lxt,208,0,6,111.725,38.7,113.586,7.5726
lxt,208,0,7,109.31,37.535,79.0114,9.4432
lxt,208,0,8,108.98,32.9,0.0,1.14
lxt,208,0,9,110.065,35.85,80.0974,5.9893
lxt,208,0,10,110.59,38.8,0.0,0.02
lxt,208,0,11,111.92,35.77,113.54,6.6101
lxt,209,0,0,20.21,564.98,51.7098,2.4207
lxt,209,0,1,21.025,566.04,59.4209,0.2555
lxt,209,0,2,21.14,566.265,66.5015,0.2508
lxt,209,0,3,21.225,566.51,74.9316,0.2693
lxt,209,0,4,21.27,566.77,85.6012,0.2608
lxt,209,0,5,21.265,567.045,95.9059,0.2915
lxt,209,0,6,21.21,567.325,106.5047,0.2816
lxt,209,0,7,21.105,567.58,118.4428,0.2729
lxt,209,0,8,20.95,567.8,131.9874,0.2691
lxt,209,0,9,20.755,567.985,141.0086,0.2702
lxt,209,0,10,20.53,568.13,153.4351,0.2683
lxt,209,0,11,20.28,568.225,164.9316,0.2693
lxt,209,0,12,20.005,568.275,174.0937,0.2915
lxt,209,0,13,19.71,568.275,5.7107,0.3015
lxt,209,0,14,19.425,568.225,14.5344,0.2789
lxt,209,0,15,19.17,568.13,26.5649,0.2683
lxt,209,0,16,18.95,567.995,36.8701,0.25
lxt,209,0,17,18.765,567.82,49.6353,0.2625
lxt,209,0,18,18.615,567.6,61.5572,0.2729
lxt,209,0,19,18.5,567.345,69.6768,0.2879
lxt,209,0,20,18.425,567.06,80.5378,0.3041
lxt,209,0,21,18.685,566.91,0.0,0.57
lxt,209,0,22,18.985,567.0,80.5374,0.1825
lxt,209,0,23,19.03,567.17,69.4441,0.1709
lxt,209,0,24,19.1,567.325,61.9275,0.17
lxt,209,0,25,19.195,567.46,47.4896,0.1628
lxt,209,0,26,19.315,567.575,40.2367,0.1703
lxt,209,0,27,19.455,567.67,28.0725,0.17
lxt,209,0,28,19.61,567.735,17.3538,0.1676
lxt,209,0,29,19.775,567.77,6.71,0.1712
lxt,209,0,30,19.95,567.77,173.6597,0.1811
lxt,209,0,31,20.12,567.735,162.6462,0.1676
lxt,209,0,32,20.28,567.665,150.6422,0.1836
lxt,209,0,33,20.425,567.565,139.7637,0.1703
lxt,209,0,34,20.55,567.445,132.7093,0.1769
lxt,209,0,35,20.65,567.3,116.5651,0.1789
lxt,209,0,36,20.72,567.14,110.5565,0.1709
lxt,209,0,37,20.76,566.97,96.3397,0.1811
lxt,209,0,38,20.75,566.76,80.5379,0.2433
lxt,209,0,39,20.68,566.53,65.5561,0.2417
lxt,209,0,40,20.565,566.32,56.9762,0.2385
lxt,209,0,41,20.43,566.125,53.6155,0.236
lxt,209,0,42,19.345,564.775,51.0353,3.2282
lxt,209,0,43,19.805,563.52,0.0,2.95
lxt,209,0,44,21.28,563.775,90.0,0.51
lxt,209,0,45,20.37,564.03,0.0,1.82
lxt,210,0,0,24.76,567.865,90.0,0.51
lxt,210,0,1,23.85,568.12,0.0,1.82
lxt,210,0,2,22.585,566.935,73.3229,2.4741
lxt,210,0,3,22.285,565.75,0.0,0.11
lxt,210,0,4,22.43,565.835,43.3634,0.2476
lxt,210,0,5,22.625,565.985,31.7598,0.247
lxt,210,0,6,22.845,566.09,19.1789,0.2435
lxt,210,0,7,23.085,566.145,6.8425,0.2518
lxt,210,0,8,23.32,566.15,174.8059,0.2209
lxt,210,0,9,23.53,566.105,160.7096,0.2119
lxt,210,0,10,23.725,566.02,152.2416,0.2147
lxt,210,0,11,23.9,565.905,140.9059,0.2062
lxt,210,0,12,24.05,565.755,129.4727,0.2202
lxt,210,0,13,24.17,565.58,119.0544,0.2059
lxt,210,0,14,24.255,565.39,109.2904,0.2119
lxt,210,0,15,24.3,565.18,95.194,0.2209
lxt,210,0,16,24.3,564.96,84.8059,0.2209
lxt,210,0,17,24.255,564.745,71.5646,0.2214
lxt,210,0,18,24.17,564.54,63.4354,0.2236
lxt,210,0,19,24.055,564.36,50.9059,0.2062
lxt,210,0,20,23.905,564.21,39.4723,0.2202
lxt,210,0,21,23.725,564.09,27.7588,0.2147
lxt,210,0,22,23.525,564.005,18.4348,0.2214
lxt,210,0,23,23.31,563.96,5.1946,0.2209
lxt,210,0,24,23.12,563.955,176.4236,0.1603
lxt,210,0,25,22.96,563.98,165.9641,0.1649
lxt,210,0,26,22.805,564.03,158.1983,0.1616
lxt,210,0,27,22.655,564.1,151.9275,0.17
lxt,210,0,28,22.515,564.19,142.4311,0.164
lxt,210,0,29,22.39,564.3,135.0005,0.1697
lxt,210,0,30,22.285,564.425,124.695,0.1581
lxt,210,0,31,22.205,564.56,116.5651,0.1565
lxt,210,0,32,21.955,564.43,42.9301,0.5873
lxt,210,0,33,21.8,564.14,123.6905,0.2163
lxt,210,0,34,21.93,563.97,131.1858,0.2126
lxt,210,0,35,22.08,563.825,140.9059,0.2062
lxt,210,0,36,22.245,563.7,144.7827,0.2081
lxt,210,0,37,22.43,563.595,155.7723,0.2193
lxt,210,0,38,22.63,563.52,163.3008,0.2088
lxt,210,0,39,22.835,563.47,169.2155,0.2138
lxt,210,0,40,23.045,563.445,177.2736,0.2102
lxt,210,0,41,23.24,563.44,0.0,0.18
lxt,210,0,42,23.415,563.455,10.0082,0.1726
lxt,210,0,43,23.58,563.485,10.6192,0.1628
lxt,210,0,44,23.735,563.525,18.4354,0.1581
lxt,210,0,45,23.955,563.62,25.7692,0.322
lxt,210,0,46,24.22,563.785,38.3676,0.3061
lxt,210,0,47,24.44,564.0,50.1943,0.3124
lxt,210,0,48,24.615,564.255,60.9455,0.3089
lxt,210,0,49,24.72,564.465,68.1987,0.1616
lxt,210,0,50,24.77,564.625,76.7592,0.1746
lxt,210,0,51,24.8,564.795,83.2906,0.1712
lxt,210,0,52,24.815,564.965,86.6335,0.1703
lxt,210,0,53,24.81,565.205,93.6911,0.3106
lxt,210,0,54,24.76,565.51,104.9318,0.3105
lxt,210,0,55,24.66,565.8,113.1984,0.3046
lxt,210,0,56,24.52,566.06,123.6901,0.2884
lxt,210,0,57,24.335,566.28,136.3972,0.29
lxt,210,0,58,24.105,566.46,147.3808,0.2968
lxt,210,0,59,23.91,566.565,160.3464,0.1487
lxt,210,0,60,23.77,566.615,160.3457,0.1487
lxt,210,0,61,23.62,566.65,172.8755,0.1612
lxt,210,0,62,23.46,566.665,176.4236,0.1603
lxt,210,0,63,23.215,566.66,3.468,0.3306
lxt,210,0,64,23.195,567.13,73.1912,1.0028
lxt,210,0,65,24.05,567.61,0.0,1.42
lxt,211,0,0,26.66,565.565,90.0,4.09
lxt,211,0,1,26.915,563.52,0.0,0.51
lxt,211,0,2,27.17,565.82,90.0,4.6
lxt,211,0,3,26.675,568.12,0.0,0.99
lxt,211,0,4,26.02,567.865,57.8938,0.6021
lxt,211,0,5,26.26,567.61,0.0,0.8
lxt,212,0,0,30.525,563.445,2.7264,0.2102
lxt,212,0,1,30.725,563.475,14.7433,0.1965
lxt,212,0,2,30.91,563.54,23.9624,0.197
lxt,212,0,3,31.08,563.63,32.0055,0.1887
lxt,212,0,4,31.235,563.74,38.6601,0.1921
lxt,212,0,5,31.375,563.875,49.0853,0.1985
lxt,212,0,6,31.495,564.03,55.4918,0.1942
lxt,212,0,7,31.6,564.2,60.9453,0.2059
lxt,212,0,8,31.73,564.48,67.1663,0.4123
lxt,212,0,9,31.86,564.87,75.9637,0.4123
lxt,212,0,10,31.93,565.17,78.6899,0.204
lxt,212,0,11,31.96,565.37,84.2898,0.201
lxt,212,0,12,31.98,565.57,84.2892,0.201
lxt,212,0,13,31.99,565.76,90.0,0.18
lxt,212,0,14,31.99,565.94,90.0,0.18
lxt,212,0,15,31.98,566.13,95.7107,0.201
lxt,212,0,16,31.96,566.33,95.7102,0.201
lxt,212,0,17,31.93,566.53,101.3101,0.204
lxt,212,0,18,31.86,566.835,103.707,0.422
lxt,212,0,19,31.73,567.235,112.3062,0.4215
lxt,212,0,20,31.6,567.515,120.4656,0.1972
lxt,212,0,21,31.495,567.685,122.9049,0.2025
lxt,212,0,22,31.375,567.84,132.8793,0.1911
lxt,212,0,23,31.24,567.975,137.1207,0.1911
lxt,212,0,24,31.085,568.09,149.5344,0.1972
lxt,212,0,25,30.915,568.18,154.7989,0.1879
lxt,212,0,26,30.73,568.245,165.964,0.2062
lxt,212,0,27,30.525,568.28,174.5595,0.2109
lxt,212,0,28,30.31,568.28,5.1946,0.2209
lxt,212,0,29,30.105,568.245,14.7433,0.1965
lxt,212,0,30,29.92,568.18,23.9624,0.197
lxt,212,0,31,29.75,568.09,32.0055,0.1887
lxt,212,0,32,29.6,567.975,42.8793,0.1911
lxt,212,0,33,29.465,567.84,47.1207,0.1911
lxt,212,0,34,29.34,567.685,54.7827,0.2081
lxt,212,0,35,29.23,567.515,59.5344,0.1972
lxt,212,0,36,29.105,567.235,68.9625,0.4179
lxt,212,0,37,28.975,566.835,74.9816,0.4245
lxt,212,0,38,28.905,566.53,81.4691,0.2022
lxt,212,0,39,28.875,566.33,81.4695,0.2022
lxt,212,0,40,28.855,566.13,87.1375,0.2003
lxt,212,0,41,28.845,565.94,86.8201,0.1803
lxt,212,0,42,28.845,565.76,93.1799,0.1803
lxt,212,0,43,28.855,565.57,92.8625,0.2002
lxt,212,0,44,28.875,565.37,98.5304,0.2022
lxt,212,0,45,28.905,565.17,98.5309,0.2022
lxt,212,0,46,28.975,564.87,105.3763,0.4148
lxt,212,0,47,29.11,564.48,112.8337,0.4123
lxt,212,0,48,29.24,564.2,119.0547,0.2059
lxt,212,0,49,29.345,564.03,124.5082,0.1942
lxt,212,0,50,29.465,563.875,130.9147,0.1985
lxt,212,0,51,29.6,563.74,139.3984,0.1844
lxt,212,0,52,29.75,563.63,147.9945,0.1887
lxt,212,0,53,29.92,563.54,156.0376,0.197
lxt,212,0,54,30.105,563.475,165.2567,0.1965
lxt,212,0,55,30.31,563.445,177.3974,0.2202
lxt,212,1,0,30.495,567.77,172.4052,0.1513
lxt,212,1,1,30.635,567.74,162.8978,0.136
lxt,212,1,2,30.76,567.685,149.7428,0.1389
lxt,212,1,3,30.875,567.61,143.9735,0.136
lxt,212,1,4,31.025,567.455,129.5596,0.2983
lxt,212,1,5,31.19,567.2,116.5649,0.313
lxt,212,1,6,31.31,566.905,107.8788,0.3257
lxt,212,1,7,31.395,566.59,102.339,0.3276
lxt,212,1,8,31.45,566.275,97.3522,0.3126
lxt,212,1,9,31.475,565.99,92.2026,0.2602
lxt,212,1,10,31.475,565.725,87.8789,0.2702
lxt,212,1,11,31.45,565.44,82.4055,0.3027
lxt,212,1,12,31.395,565.13,77.661,0.3276
lxt,212,1,13,31.31,564.815,72.1213,0.3257
lxt,212,1,14,31.19,564.52,63.4349,0.313
lxt,212,1,15,31.025,564.265,50.4404,0.2983
lxt,212,1,16,30.875,564.11,36.0272,0.136
lxt,212,1,17,30.76,564.035,30.2566,0.1389
lxt,212,1,18,30.635,563.98,17.1022,0.136
lxt,212,1,19,30.495,563.955,3.8142,0.1503
lxt,212,1,20,30.345,563.955,176.1858,0.1503
lxt,212,1,21,30.2,563.98,164.0551,0.1456
lxt,212,1,22,30.07,564.035,149.7434,0.1389
lxt,212,1,23,29.955,564.11,143.9728,0.136
lxt,212,1,24,29.81,564.265,128.0469,0.2921
lxt,212,1,25,29.645,564.52,118.1786,0.3176
lxt,212,1,26,29.52,564.815,107.8787,0.3257
lxt,212,1,27,29.435,565.13,102.339,0.3276
lxt,212,1,28,29.385,565.44,95.7104,0.3015
lxt,212,1,29,29.36,565.725,94.2365,0.2707
lxt,212,1,30,29.36,565.99,85.6012,0.2608
lxt,212,1,31,29.385,566.275,84.4727,0.3114
lxt,212,1,32,29.435,566.59,77.661,0.3276
lxt,212,1,33,29.52,566.905,72.1212,0.3257
lxt,212,1,34,29.645,567.2,61.8215,0.3176
lxt,212,1,35,29.81,567.455,51.9531,0.2921
lxt,212,1,36,29.955,567.61,36.0265,0.136
lxt,212,1,37,30.07,567.685,30.2572,0.1389
lxt,212,1,38,30.2,567.74,15.9449,0.1456
lxt,212,1,39,30.345,567.77,7.5948,0.1513
lxt,213,0,0,33.665,565.68,58.2354,4.54
lxt,213,0,1,32.695,563.595,145.4376,0.5464
lxt,213,0,2,34.355,565.78,58.4814,5.4899
lxt,213,0,3,34.13,568.12,0.0,3.32
lxt,213,0,4,32.47,567.865,90.0,0.51
lxt,213,0,5,33.665,567.61,0.0,2.39
lxt,214,0,0,213.59,31.535,90.0,2.71
lxt,214,0,1,213.18,32.89,0.0,0.82
lxt,214,0,2,212.77,29.705,90.0,6.37
lxt,214,0,3,213.18,26.52,0.0,0.82
lxt,214,0,4,213.59,27.88,90.0,2.72
lxt,214,0,5,213.755,29.39,42.2724,0.446
lxt,214,0,6,215.125,28.03,128.5908,3.8637
lxt,214,0,7,216.865,26.52,0.0,1.07
lxt,214,0,8,215.94,28.3,129.3595,4.6043
lxt,214,0,9,215.915,31.485,44.3948,4.0166
lxt,214,0,10,216.83,32.89,0.0,1.04
lxt,214,0,11,214.95,31.535,44.8947,3.8396
lxt,215,0,0,222.055,27.345,113.8653,1.8043
lxt,215,0,1,222.85,26.52,0.0,0.86
lxt,215,0,2,221.75,29.865,114.5793,7.3566
lxt,215,0,3,218.685,29.865,65.35,7.3608
lxt,215,0,4,217.58,26.52,0.0,0.86
lxt,215,0,5,218.375,27.345,66.1347,1.8043
lxt,215,0,6,220.215,28.17,0.0,2.95
lxt,215,1,0,220.22,28.88,0.0,2.28
lxt,215,1,1,219.65,30.175,66.2428,2.8298
lxt,215,1,2,220.79,30.175,113.7572,2.8298
lxt,216,0,0,224.24,26.52,0.0,0.82
lxt,216,0,1,224.65,28.92,90.0,4.8
lxt,216,0,2,227.01,28.79,133.0089,6.9197
lxt,216,0,3,229.37,29.575,90.0,6.63
lxt,216,0,4,228.955,32.89,0.0,0.83
lxt,216,0,5,228.54,30.565,90.0,4.65
lxt,216,0,6,226.185,30.715,133.5768,6.8328
lxt,216,0,7,223.83,29.855,90.0,6.67
lxt,217,0,0,233.98,32.295,123.6872,0.2524
lxt,217,0,1,233.825,32.495,131.8195,0.255
lxt,217,0,2,233.65,32.67,138.3725,0.2408
lxt,217,0,3,233.455,32.815,148.2385,0.247
lxt,217,0,4,233.24,32.935,153.4381,0.246
lxt,217,0,5,233.015,33.025,163.0705,0.2404
lxt,217,0,6,232.775,33.085,168.6928,0.2549
lxt,217,0,7,232.52,33.115,177.7953,0.2602
lxt,217,0,8,232.215,33.105,4.8941,0.3513
lxt,217,0,9,231.865,33.05,12.8774,0.359
lxt,217,0,10,231.53,32.945,22.1107,0.3454
lxt,217,0,11,231.225,32.79,31.8256,0.3413
lxt,217,0,12,230.96,32.58,44.9982,0.3394
lxt,217,0,13,230.745,32.32,55.8449,0.3384
lxt,217,0,14,230.59,32.02,69.4428,0.3418
lxt,217,0,15,230.51,31.67,83.9921,0.3821
lxt,217,0,16,230.505,31.32,95.3555,0.3214
lxt,217,0,17,230.565,31.02,107.8201,0.2941
lxt,217,0,18,230.68,30.76,120.2573,0.2778
lxt,217,0,19,230.835,30.535,128.9878,0.2702
lxt,217,0,20,231.03,30.34,140.7119,0.2842
lxt,217,0,21,231.26,30.17,146.315,0.2884
lxt,217,0,22,231.505,30.02,150.7486,0.2865
lxt,217,0,23,231.765,29.885,154.2896,0.2997
lxt,217,0,24,232.12,29.725,156.6436,0.4793
lxt,217,0,25,232.54,29.535,154.5925,0.4428
lxt,217,0,26,232.915,29.315,144.4616,0.4301
lxt,217,0,27,233.16,29.11,131.1906,0.2126
lxt,217,0,28,233.285,28.94,121.4221,0.211
lxt,217,0,29,233.375,28.74,107.6541,0.2308
lxt,217,0,30,233.425,28.51,97.125,0.2419
lxt,217,0,31,233.425,28.265,83.1575,0.2518
lxt,217,0,32,233.38,28.02,75.9638,0.2474
lxt,217,0,33,233.3,27.79,65.5578,0.2417
lxt,217,0,34,233.18,27.585,53.6161,0.236
lxt,217,0,35,233.025,27.41,43.2598,0.2334
lxt,217,0,36,232.84,27.27,30.9631,0.2332
lxt,217,0,37,232.625,27.175,16.9295,0.2404
lxt,217,0,38,232.39,27.125,7.1317,0.2419
lxt,217,0,39,232.145,27.12,175.4216,0.2508
lxt,217,0,40,231.9,27.165,163.7385,0.25
lxt,217,0,41,231.675,27.255,152.3562,0.2371
lxt,217,0,42,231.48,27.385,140.1911,0.2343
lxt,217,0,43,231.31,27.55,131.6353,0.2408
lxt,217,0,44,231.175,27.745,117.6472,0.237
lxt,217,0,45,231.085,27.97,106.2585,0.2501
lxt,217,0,46,231.04,28.22,94.4005,0.2607
lxt,217,0,47,230.615,28.265,11.574,0.8472
lxt,217,0,48,230.24,27.99,101.8888,0.3883
lxt,217,0,49,230.355,27.63,113.8094,0.3716
lxt,217,0,50,230.525,27.305,121.5048,0.3636
lxt,217,0,51,230.74,27.025,133.8297,0.3465
lxt,217,0,52,231.005,26.795,144.0882,0.3581
lxt,217,0,53,231.31,26.61,153.4382,0.3578
lxt,217,0,54,231.645,26.485,165.5753,0.3614
lxt,217,0,55,232.01,26.42,173.9941,0.3821
lxt,217,0,56,232.405,26.42,5.5691,0.4119
lxt,217,0,57,232.805,26.49,14.3781,0.4026
lxt,217,0,58,233.175,26.63,27.2227,0.3936
lxt,217,0,59,233.505,26.835,36.5709,0.386
lxt,217,0,60,233.785,27.095,49.2342,0.3829
lxt,217,0,61,234.005,27.41,60.8041,0.3895
lxt,217,0,62,234.16,27.77,72.4753,0.3985
lxt,217,0,63,234.24,28.175,84.6842,0.4318
lxt,217,0,64,234.245,28.58,94.516,0.3812
lxt,217,0,65,234.185,28.94,104.8273,0.3517
lxt,217,0,66,234.065,29.255,117.3458,0.3265
lxt,217,0,67,233.895,29.525,127.2352,0.314
lxt,217,0,68,233.68,29.76,137.494,0.3256
lxt,217,0,69,233.425,29.96,146.3099,0.3245
lxt,217,0,70,233.135,30.135,151.255,0.3536
lxt,217,0,71,232.815,30.29,157.0173,0.3584
lxt,217,0,72,232.425,30.45,158.1999,0.4847
lxt,217,0,73,232.045,30.615,154.1752,0.3444
lxt,217,0,74,231.75,30.785,145.8398,0.3384
lxt,217,0,75,231.55,30.94,135.0,0.1697
lxt,217,0,76,231.445,31.07,122.7314,0.1664
lxt,217,0,77,231.37,31.22,110.5632,0.1709
lxt,217,0,78,231.33,31.39,96.337,0.1811
lxt,217,0,79,231.33,31.585,84.5632,0.211
lxt,217,0,80,231.375,31.78,68.7467,0.1931
lxt,217,0,81,231.465,31.95,55.497,0.1942
lxt,217,0,82,231.59,32.095,42.8667,0.191
lxt,217,0,83,231.83,32.255,29.1981,0.3895
lxt,217,0,84,232.19,32.38,8.9722,0.3847
lxt,217,0,85,232.54,32.39,172.8787,0.3225
lxt,217,0,86,232.84,32.315,158.5548,0.3008
lxt,217,0,87,233.09,32.165,139.1847,0.2907
lxt,217,0,88,233.3,31.935,126.5285,0.336
lxt,217,0,89,233.725,31.995,30.9649,0.758
lxt,218,0,0,239.245,27.345,113.8653,1.8043
lxt,218,0,1,240.04,26.52,0.0,0.86
lxt,218,0,2,238.94,29.865,114.5793,7.3566
lxt,218,0,3,235.875,29.865,65.35,7.3608
lxt,218,0,4,234.77,26.52,0.0,0.86
lxt,218,0,5,235.565,27.345,66.1347,1.8043
lxt,218,0,6,237.405,28.17,0.0,2.95
lxt,218,1,0,237.405,28.88,0.0,2.29
lxt,218,1,1,236.835,30.175,66.0579,2.8338
lxt,218,1,2,237.98,30.175,113.7572,2.8298
lxt,219,0,0,244.505,32.295,125.5337,0.2581
lxt,219,0,1,244.345,32.495,131.8221,0.255
lxt,219,0,2,244.17,32.67,138.3701,0.2408
lxt,219,0,3,243.98,32.815,146.9747,0.2385
lxt,219,0,4,243.77,32.935,153.4381,0.246
lxt,219,0,5,243.54,33.025,163.7385,0.25
lxt,219,0,6,243.3,33.085,168.234,0.2451
lxt,219,0,7,243.05,33.115,177.7953,0.2602
lxt,219,0,8,242.74,33.105,4.7586,0.3612
lxt,219,0,9,242.385,33.05,12.878,0.359
lxt,219,0,10,242.05,32.945,22.1097,0.3454
lxt,219,0,11,241.75,32.79,32.7343,0.3329
lxt,219,0,12,241.485,32.58,43.8297,0.3465
lxt,219,0,13,241.27,32.32,57.2686,0.3329
lxt,219,0,14,241.12,32.02,69.4428,0.3418
lxt,219,0,15,241.035,31.67,82.5038,0.3833
lxt,219,0,16,241.025,31.32,95.3582,0.3214
lxt,219,0,17,241.085,31.02,107.8201,0.2941
lxt,219,0,18,241.2,30.76,120.2573,0.2778
lxt,219,0,19,241.36,30.535,130.5972,0.2766
lxt,219,0,20,241.555,30.34,139.4008,0.2766
lxt,219,0,21,241.78,30.17,146.315,0.2884
lxt,219,0,22,242.03,30.02,151.6962,0.2953
lxt,219,0,23,242.295,29.885,154.2896,0.2997
lxt,219,0,24,242.65,29.725,156.6436,0.4793
lxt,219,0,25,243.07,29.535,154.5925,0.4428
lxt,219,0,26,243.445,29.315,144.4616,0.4301
lxt,219,0,27,243.69,29.11,131.1906,0.2126
lxt,219,0,28,243.815,28.94,121.4221,0.211
lxt,219,0,29,243.905,28.74,107.6541,0.2308
lxt,219,0,30,243.95,28.51,94.7648,0.2408
lxt,219,0,31,243.95,28.265,85.4251,0.2508
lxt,219,0,32,243.905,28.02,73.7376,0.25
lxt,219,0,33,243.82,27.79,65.5611,0.2417
lxt,219,0,34,243.7,27.585,53.6161,0.236
lxt,219,0,35,243.545,27.41,43.2598,0.2334
lxt,219,0,36,243.36,27.27,30.9612,0.2332
lxt,219,0,37,243.15,27.175,17.6529,0.2309
lxt,219,0,38,242.915,27.125,6.8494,0.2518
lxt,219,0,39,242.665,27.12,175.4216,0.2508
lxt,219,0,40,242.425,27.165,163.0716,0.2404
lxt,219,0,41,242.205,27.255,152.3562,0.2371
lxt,219,0,42,242.005,27.385,141.7057,0.2421
lxt,219,0,43,241.835,27.55,129.8084,0.2343
lxt,219,0,44,241.7,27.745,119.7485,0.2418
lxt,219,0,45,241.605,27.97,106.2552,0.25
lxt,219,0,46,241.56,28.22,94.4005,0.2607
lxt,219,0,47,241.14,28.265,11.7112,0.8374
lxt,219,0,48,240.77,27.99,101.8888,0.3883
lxt,219,0,49,240.88,27.63,112.3821,0.3677
lxt,219,0,50,241.045,27.305,121.5048,0.3636
lxt,219,0,51,241.265,27.025,135.0,0.3536
lxt,219,0,52,241.53,26.795,143.1271,0.35
lxt,219,0,53,241.83,26.61,153.4393,0.3578
lxt,219,0,54,242.17,26.485,165.9598,0.3711
lxt,219,0,55,242.535,26.42,173.8331,0.3721
lxt,219,0,56,242.93,26.42,5.4374,0.4219
lxt,219,0,57,243.335,26.49,14.3781,0.4026
lxt,219,0,58,243.7,26.63,27.9046,0.3847
lxt,219,0,59,244.025,26.835,36.5696,0.386
lxt,219,0,60,244.305,27.095,49.2342,0.3829
lxt,219,0,61,244.525,27.41,60.8061,0.3895
lxt,219,0,62,244.68,27.77,72.4732,0.3985
lxt,219,0,63,244.765,28.175,83.367,0.4329
lxt,219,0,64,244.77,28.58,96.0102,0.3821
lxt,219,0,65,244.705,28.94,104.8273,0.3517
lxt,219,0,66,244.59,29.255,115.7662,0.3221
lxt,219,0,67,244.42,29.525,128.6594,0.3202
lxt,219,0,68,244.2,29.76,137.494,0.3256
lxt,219,0,69,243.945,29.96,146.3114,0.3245
lxt,219,0,70,243.66,30.135,150.4551,0.3448
lxt,219,0,71,243.345,30.29,157.0173,0.3584
lxt,219,0,72,242.95,30.45,158.6305,0.494
lxt,219,0,73,242.57,30.615,153.4315,0.3354
lxt,219,0,74,242.275,30.785,146.7673,0.3467
lxt,219,0,75,242.07,30.94,135.0036,0.1697
lxt,219,0,76,241.965,31.07,122.7314,0.1664
lxt,219,0,77,241.89,31.22,110.5584,0.1709
lxt,219,0,78,241.85,31.39,96.3418,0.1811
lxt,219,0,79,241.85,31.585,84.5591,0.211
lxt,219,0,80,241.895,31.78,68.7467,0.1931
lxt,219,0,81,241.985,31.95,55.497,0.1942
lxt,219,0,82,242.11,32.095,42.8667,0.191
lxt,219,0,83,242.35,32.255,29.1981,0.3895
lxt,219,0,84,242.71,32.38,8.9722,0.3847
lxt,219,0,85,243.065,32.39,173.0923,0.3324
lxt,219,0,86,243.365,32.315,157.8366,0.2915
lxt,219,0,87,243.615,32.165,140.4394,0.2983
lxt,219,0,88,243.825,31.935,125.1326,0.3302
lxt,219,0,89,244.25,31.995,30.58,0.7666
lxt,220,0,0,252.525,32.795,152.8183,0.4159
lxt,220,0,1,252.14,32.955,161.9956,0.4206
lxt,220,0,2,251.73,33.06,169.2134,0.4276
lxt,220,0,3,251.31,33.11,177.2793,0.4205
lxt,220,0,4,250.925,33.11,3.2637,0.3506
lxt,220,0,5,250.58,33.075,8.374,0.3437
lxt,220,0,6,250.245,33.01,13.6197,0.3395
lxt,220,0,7,249.925,32.915,19.5444,0.329
lxt,220,0,8,249.62,32.79,25.0094,0.331
lxt,220,0,9,249.33,32.64,29.7503,0.3225
lxt,220,0,10,249.055,32.46,36.5316,0.336
lxt,220,0,11,248.8,32.255,41.18,0.3189
lxt,220,0,12,248.57,32.03,47.4882,0.3256
lxt,220,0,13,248.36,31.78,52.4329,0.328
lxt,220,0,14,248.175,31.51,58.7392,0.3276
lxt,220,0,15,248.015,31.22,63.4326,0.3354
lxt,220,0,16,247.885,30.915,70.4631,0.3289
lxt,220,0,17,247.785,30.595,74.7462,0.3421
lxt,220,0,18,247.715,30.255,81.8688,0.3535
lxt,220,0,19,247.68,29.905,86.7311,0.3505
lxt,220,0,20,247.68,29.555,93.2684,0.3506
lxt,220,0,21,247.715,29.21,98.3672,0.3436
lxt,220,0,22,247.78,28.88,104.0362,0.3299
lxt,220,0,23,247.88,28.565,111.1606,0.3324
lxt,220,0,24,248.01,28.265,115.7662,0.3221
lxt,220,0,25,248.165,27.985,122.1994,0.319
lxt,220,0,26,248.35,27.72,127.5692,0.328
lxt,220,0,27,248.56,27.475,133.722,0.3183
lxt,220,0,28,248.79,27.255,138.8182,0.3189
lxt,220,0,29,249.04,27.055,143.8425,0.322
lxt,220,0,30,249.305,26.875,147.8058,0.319
lxt,220,0,31,249.59,26.725,156.5707,0.327
lxt,220,0,32,249.89,26.605,159.8561,0.3195
lxt,220,0,33,250.2,26.51,165.9708,0.3298
lxt,220,0,34,250.525,26.445,171.3761,0.3338
lxt,220,0,35,250.86,26.41,176.6406,0.3406
lxt,220,0,36,251.245,26.415,3.9868,0.431
lxt,220,0,37,251.68,26.475,11.5634,0.4491
lxt,220,0,38,252.11,26.585,17.1992,0.4397
lxt,220,0,39,252.515,26.745,25.9747,0.4338
lxt,220,0,40,252.71,27.31,90.0,0.94
lxt,220,0,41,252.52,27.64,36.3869,0.472
lxt,220,0,42,252.125,27.39,28.2149,0.4653
lxt,220,0,43,251.695,27.215,16.1136,0.4684
lxt,220,0,44,251.24,27.13,4.9747,0.4617
lxt,220,0,45,250.875,27.115,177.8769,0.2702
lxt,220,0,46,250.615,27.14,170.901,0.2532
lxt,220,0,47,250.37,27.195,163.7385,0.25
lxt,220,0,48,250.13,27.275,159.4503,0.2563
lxt,220,0,49,249.8,27.445,149.2372,0.4888
lxt,220,0,50,249.405,27.735,138.2698,0.4958
lxt,220,0,51,249.065,28.095,128.4789,0.4982
lxt,220,0,52,248.8,28.515,116.0561,0.5009
lxt,220,0,53,248.645,28.86,110.5513,0.2564
lxt,220,0,54,248.57,29.105,103.4952,0.2571
lxt,220,0,55,248.525,29.36,96.583,0.2617
lxt,220,0,56,248.505,29.62,92.2047,0.2602
lxt,220,0,57,248.505,29.885,87.877,0.2702
lxt,220,0,58,248.53,30.15,81.2556,0.2631
lxt,220,0,59,248.58,30.405,76.5048,0.2571
lxt,220,0,60,248.65,30.655,72.2549,0.2625
lxt,220,0,61,248.805,31.005,62.9274,0.5054
lxt,220,0,62,249.07,31.425,52.4292,0.492
lxt,220,0,63,249.405,31.785,41.7302,0.4958
lxt,220,0,64,249.805,32.075,30.1739,0.4974
lxt,220,0,65,250.14,32.245,20.5612,0.2563
lxt,220,0,66,250.38,32.325,16.249,0.25
lxt,220,0,67,250.63,32.38,8.7542,0.2631
lxt,220,0,68,250.89,32.405,2.2048,0.2602
lxt,220,0,69,251.25,32.39,175.0255,0.4617
lxt,220,0,70,251.7,32.31,164.7456,0.4561
lxt,220,0,71,252.13,32.15,154.5352,0.4652
lxt,220,0,72,252.525,31.91,142.8859,0.464
lxt,220,0,73,252.71,32.235,90.0,0.93
lxt,221,0,0,254.045,32.89,0.0,0.83
lxt,221,0,1,253.63,29.705,90.0,6.37
lxt,221,0,2,254.045,26.52,0.0,0.83
lxt,221,0,3,254.46,29.705,90.0,6.37
lxt,222,0,0,258.13,32.18,0.0,1.52
lxt,222,0,1,258.89,32.535,90.0,0.71
lxt,222,0,2,256.96,32.89,0.0,3.86
lxt,222,0,3,255.03,32.535,90.0,0.71
lxt,222,0,4,255.79,32.18,0.0,1.52
lxt,222,0,5,256.55,29.35,90.0,5.66
lxt,222,0,6,256.96,26.52,0.0,0.82
lxt,222,0,7,257.37,29.35,90.0,5.66
lxt,223,0,0,260.89,27.93,90.0,2.82
lxt,223,0,1,261.3,26.52,0.0,0.82
lxt,223,0,2,261.71,27.93,90.0,2.82
lxt,223,0,3,262.755,31.115,59.5133,4.1195
lxt,223,0,4,263.34,32.89,0.0,0.92
lxt,223,0,5,262.09,31.555,59.3847,3.1024
lxt,223,0,6,260.51,31.555,120.6158,3.1025
lxt,223,0,7,259.26,32.89,0.0,0.92
lxt,223,0,8,259.845,31.115,120.4867,4.1195
lxt,224,0,0,265.74,29.775,66.5376,8.8409
lxt,224,0,1,264.28,25.585,155.7698,0.6579
lxt,224,0,2,266.345,29.53,66.6069,8.8908
lxt,224,0,3,267.805,33.72,160.1699,0.6484
lxt,225,0,0,269.425,32.89,0.0,0.83
lxt,225,0,1,269.01,29.705,90.0,6.37
lxt,225,0,2,270.395,26.52,0.0,2.77
lxt,225,0,3,271.78,26.875,90.0,0.71
lxt,225,0,4,270.81,27.23,0.0,1.94
lxt,225,0,5,269.84,30.06,90.0,5.66
lxt,226,0,0,274.015,26.52,0.0,3.47
lxt,226,0,1,275.75,26.875,90.0,0.71
lxt,226,0,2,274.43,27.23,0.0,2.64
lxt,226,0,3,273.11,28.465,90.0,2.47
lxt,226,0,4,274.39,29.7,0.0,2.56
lxt,226,0,5,275.67,30.055,90.0,0.71
lxt,226,0,6,274.39,30.41,0.0,2.56
lxt,226,0,7,273.11,31.295,90.0,1.77
lxt,226,0,8,274.43,32.18,0.0,2.64
lxt,226,0,9,275.75,32.535,90.0,0.71
lxt,226,0,10,274.015,32.89,0.0,3.47
lxt,226,0,11,272.28,29.705,90.0,6.37
lxt,227,0,0,278.435,26.52,0.0,3.47
lxt,227,0,1,280.17,26.875,90.0,0.71
lxt,227,0,2,278.85,27.23,0.0,2.64
lxt,227,0,3,277.53,28.465,90.0,2.47
lxt,227,0,4,278.81,29.7,0.0,2.56
lxt,227,0,5,280.09,30.055,90.0,0.71
lxt,227,0,6,278.81,30.41,0.0,2.56
lxt,227,0,7,277.53,31.295,90.0,1.77
lxt,227,0,8,278.85,32.18,0.0,2.64
lxt,227,0,9,280.17,32.535,90.0,0.71
lxt,227,0,10,278.435,32.89,0.0,3.47
lxt,227,0,11,276.7,29.705,90.0,6.37
lxt,228,0,0,281.25,31.98,67.1668,2.4739
lxt,228,0,1,281.015,30.745,158.8115,0.5255
lxt,228,0,2,281.84,31.755,62.3051,2.4959
lxt,228,0,3,282.075,32.99,159.3524,0.7374
lxt,229,0,0,286.965,32.295,125.5337,0.2581
lxt,229,0,1,286.81,32.495,130.1012,0.2484
lxt,229,0,2,286.635,32.67,139.9042,0.2484
lxt,229,0,3,286.44,32.815,146.9767,0.2386
lxt,229,0,4,286.23,32.935,153.4381,0.246
lxt,229,0,5,286.005,33.025,163.0695,0.2404
lxt,229,0,6,285.765,33.085,168.6928,0.2549
lxt,229,0,7,285.51,33.115,177.7953,0.2602
lxt,229,0,8,285.2,33.105,4.7588,0.3612
lxt,229,0,9,284.85,33.05,13.2434,0.3493
lxt,229,0,10,284.515,32.945,21.5012,0.3547
lxt,229,0,11,284.21,32.79,32.7343,0.3329
lxt,229,0,12,283.945,32.58,43.8297,0.3465
lxt,229,0,13,283.73,32.32,57.2686,0.3329
lxt,229,0,14,283.58,32.02,69.4452,0.3418
lxt,229,0,15,283.5,31.67,83.9898,0.3821
lxt,229,0,16,283.495,31.32,95.3555,0.3214
lxt,229,0,17,283.55,31.02,105.9446,0.2912
lxt,229,0,18,283.66,30.76,120.2601,0.2778
lxt,229,0,19,283.82,30.535,130.5972,0.2766
lxt,229,0,20,284.015,30.34,139.3987,0.2766
lxt,229,0,21,284.24,30.17,146.3167,0.2884
lxt,229,0,22,284.49,30.02,151.6948,0.2953
lxt,229,0,23,284.755,29.885,154.2908,0.2997
lxt,229,0,24,285.11,29.725,156.6443,0.4793
lxt,229,0,25,285.53,29.535,154.5917,0.4428
lxt,229,0,26,285.905,29.315,144.4628,0.4301
lxt,229,0,27,286.15,29.11,131.1875,0.2126
lxt,229,0,28,286.275,28.94,121.4256,0.211
lxt,229,0,29,286.365,28.74,107.6468,0.2308
lxt,229,0,30,286.41,28.51,94.7685,0.2408
lxt,229,0,31,286.41,28.265,85.4216,0.2508
lxt,229,0,32,286.37,28.02,75.9638,0.2474
lxt,229,0,33,286.285,27.79,63.4413,0.246
lxt,229,0,34,286.16,27.585,53.6131,0.236
lxt,229,0,35,286.005,27.41,43.2624,0.2334
lxt,229,0,36,285.82,27.27,30.9612,0.2332
lxt,229,0,37,285.61,27.175,17.6518,0.2309
lxt,229,0,38,285.375,27.125,6.8494,0.2518
lxt,229,0,39,285.125,27.12,175.4216,0.2508
lxt,229,0,40,284.885,27.165,163.0695,0.2404
lxt,229,0,41,284.665,27.255,152.3596,0.2371
lxt,229,0,42,284.465,27.385,141.7057,0.2421
lxt,229,0,43,284.295,27.55,129.8056,0.2343
lxt,229,0,44,284.16,27.745,119.7485,0.2418
lxt,229,0,45,284.065,27.97,106.2585,0.2501
lxt,229,0,46,284.02,28.22,94.3972,0.2607
lxt,229,0,47,283.6,28.265,11.7112,0.8374
lxt,229,0,48,283.23,27.99,101.891,0.3883
lxt,229,0,49,283.34,27.63,112.3799,0.3677
lxt,229,0,50,283.51,27.305,122.8303,0.3689
lxt,229,0,51,283.73,27.025,133.8297,0.3465
lxt,229,0,52,283.99,26.795,143.1271,0.35
lxt,229,0,53,284.295,26.61,154.1386,0.3667
lxt,229,0,54,284.635,26.485,165.5741,0.3614
lxt,229,0,55,284.995,26.42,173.8336,0.3722
lxt,229,0,56,285.39,26.42,5.4376,0.4219
lxt,229,0,57,285.795,26.49,14.3775,0.4026
lxt,229,0,58,286.165,26.63,27.2247,0.3936
lxt,229,0,59,286.49,26.835,37.4721,0.378
lxt,229,0,60,286.765,27.095,49.2342,0.3829
lxt,229,0,61,286.99,27.41,59.5387,0.3945
lxt,229,0,62,287.15,27.77,72.4711,0.3985
lxt,229,0,63,287.23,28.175,84.6883,0.4318
lxt,229,0,64,287.235,28.58,94.5137,0.3812
lxt,229,0,65,287.17,28.94,106.392,0.3544
lxt,229,0,66,287.05,29.255,115.7638,0.3221
lxt,229,0,67,286.88,29.525,128.6615,0.3202
lxt,229,0,68,286.665,29.76,136.2744,0.3182
lxt,229,0,69,286.41,29.96,147.2657,0.3329
lxt,229,0,70,286.12,30.135,150.4564,0.3449
lxt,229,0,71,285.805,30.29,157.0173,0.3584
lxt,229,0,72,285.41,30.45,158.6298,0.494
lxt,229,0,73,285.03,30.615,153.4326,0.3354
lxt,229,0,74,284.735,30.785,146.7687,0.3467
lxt,229,0,75,284.535,30.94,132.5078,0.1628
lxt,229,0,76,284.43,31.07,125.5365,0.1721
lxt,229,0,77,284.35,31.22,110.5584,0.1709
lxt,229,0,78,284.31,31.39,96.337,0.1811
lxt,229,0,79,284.31,31.585,84.5632,0.211
lxt,229,0,80,284.355,31.78,68.7467,0.1931
lxt,229,0,81,284.445,31.95,55.5008,0.1942
lxt,229,0,82,284.57,32.095,42.8636,0.191
lxt,229,0,83,284.81,32.255,29.1981,0.3895
lxt,229,0,84,285.17,32.38,8.9722,0.3847
lxt,229,0,85,285.525,32.39,173.0923,0.3324
lxt,229,0,86,285.825,32.315,157.8378,0.2916
lxt,229,0,87,286.075,32.165,140.4376,0.2983
lxt,229,0,88,286.285,31.935,125.1326,0.3302
lxt,229,0,89,286.71,31.995,30.58,0.7666
lxt,230,0,0,293.975,32.295,125.5337,0.2581
lxt,230,0,1,293.815,32.495,131.8221,0.255
lxt,230,0,2,293.64,32.67,138.3701,0.2408
lxt,230,0,3,293.45,32.815,146.9767,0.2386
lxt,230,0,4,293.24,32.935,153.4381,0.246
lxt,230,0,5,293.015,33.025,163.0695,0.2404
lxt,230,0,6,292.775,33.085,168.6928,0.2549
lxt,230,0,7,292.52,33.115,177.7953,0.2602
lxt,230,0,8,292.21,33.105,4.7588,0.3612
lxt,230,0,9,291.86,33.05,13.2434,0.3493
lxt,230,0,10,291.525,32.945,21.5012,0.3547
lxt,230,0,11,291.22,32.79,32.7343,0.3329
lxt,230,0,12,290.955,32.58,43.8297,0.3465
lxt,230,0,13,290.74,32.32,57.2686,0.3329
lxt,230,0,14,290.59,32.02,69.4452,0.3418
lxt,230,0,15,290.51,31.67,83.9898,0.3821
lxt,230,0,16,290.505,31.32,95.3555,0.3214
lxt,230,0,17,290.56,31.02,105.9446,0.2912
lxt,230,0,18,290.67,30.76,120.2601,0.2778
lxt,230,0,19,290.83,30.535,130.5972,0.2766
lxt,230,0,20,291.025,30.34,139.3987,0.2766
lxt,230,0,21,291.25,30.17,146.3167,0.2884
lxt,230,0,22,291.5,30.02,151.6948,0.2953
lxt,230,0,23,291.765,29.885,154.2908,0.2997
lxt,230,0,24,292.12,29.725,156.6443,0.4793
lxt,230,0,25,292.54,29.535,154.5917,0.4428
lxt,230,0,26,292.915,29.315,144.4628,0.4301
lxt,230,0,27,293.16,29.11,131.1875,0.2126
lxt,230,0,28,293.285,28.94,121.4256,0.211
lxt,230,0,29,293.375,28.74,107.6468,0.2308
lxt,230,0,30,293.42,28.51,94.7685,0.2408
lxt,230,0,31,293.42,28.265,85.4216,0.2508
lxt,230,0,32,293.38,28.02,75.9638,0.2474
lxt,230,0,33,293.295,27.79,63.4413,0.246
lxt,230,0,34,293.17,27.585,53.6131,0.236
lxt,230,0,35,293.015,27.41,43.2624,0.2334
lxt,230,0,36,292.83,27.27,30.9612,0.2332
lxt,230,0,37,292.62,27.175,17.6518,0.2309
lxt,230,0,38,292.385,27.125,6.8494,0.2518
lxt,230,0,39,292.135,27.12,175.4216,0.2508
lxt,230,0,40,291.895,27.165,163.0695,0.2404
lxt,230,0,41,291.675,27.255,152.3596,0.2371
lxt,230,0,42,291.475,27.385,141.7057,0.2421
lxt,230,0,43,291.305,27.55,129.8056,0.2343
lxt,230,0,44,291.17,27.745,119.7485,0.2418
lxt,230,0,45,291.075,27.97,106.2585,0.2501
lxt,230,0,46,291.03,28.22,94.3972,0.2607
lxt,230,0,47,290.61,28.265,11.7112,0.8374
lxt,230,0,48,290.24,27.99,101.891,0.3883
lxt,230,0,49,290.35,27.63,112.3799,0.3677
lxt,230,0,50,290.52,27.305,122.8303,0.3689
lxt,230,0,51,290.74,27.025,133.8297,0.3465
lxt,230,0,52,291.0,26.795,143.1271,0.35
lxt,230,0,53,291.305,26.61,154.1386,0.3667
lxt,230,0,54,291.645,26.485,165.5741,0.3614
lxt,230,0,55,292.005,26.42,173.8336,0.3722
lxt,230,0,56,292.4,26.42,5.4376,0.4219
lxt,230,0,57,292.805,26.49,14.3775,0.4026
lxt,230,0,58,293.175,26.63,27.2247,0.3936
lxt,230,0,59,293.5,26.835,37.4721,0.378
lxt,230,0,60,293.775,27.095,49.2342,0.3829
lxt,230,0,61,294.0,27.41,59.5387,0.3945
lxt,230,0,62,294.16,27.77,72.4711,0.3985
lxt,230,0,63,294.24,28.175,84.6883,0.4318
lxt,230,0,64,294.24,28.58,96.0057,0.3821
lxt,230,0,65,294.175,28.94,104.8321,0.3517
lxt,230,0,66,294.06,29.255,115.7638,0.3221
lxt,230,0,67,293.89,29.525,128.6615,0.3202
lxt,230,0,68,293.675,29.76,136.2744,0.3182
lxt,230,0,69,293.42,29.96,147.2657,0.3329
lxt,230,0,70,293.13,30.135,150.4564,0.3449
lxt,230,0,71,292.815,30.29,157.0173,0.3584
lxt,230,0,72,292.42,30.45,158.6298,0.494
lxt,230,0,73,292.04,30.615,153.4326,0.3354
lxt,230,0,74,291.745,30.785,146.7687,0.3467
lxt,230,0,75,291.545,30.94,132.5078,0.1628
lxt,230,0,76,291.44,31.07,125.5365,0.1721
lxt,230,0,77,291.36,31.22,110.5584,0.1709
lxt,230,0,78,291.32,31.39,96.337,0.1811
lxt,230,0,79,291.32,31.585,84.5632,0.211
lxt,230,0,80,291.365,31.78,68.7467,0.1931
lxt,230,0,81,291.455,31.95,55.5008,0.1942
lxt,230,0,82,291.58,32.095,42.8636,0.191
lxt,230,0,83,291.82,32.255,29.1981,0.3895
lxt,230,0,84,292.18,32.38,8.9722,0.3847
lxt,230,0,85,292.535,32.39,173.0923,0.3324
lxt,230,0,86,292.835,32.315,157.8378,0.2916
lxt,230,0,87,293.085,32.165,140.4376,0.2983
lxt,230,0,88,293.295,31.935,125.1326,0.3302
lxt,230,0,89,293.72,31.995,30.58,0.7666
lxt,231,0,0,294.92,30.875,90.0,4.03
lxt,231,0,1,294.93,28.73,94.3972,0.2607
lxt,231,0,2,294.955,28.475,96.8425,0.2518
lxt,231,0,3,294.995,28.23,101.77,0.2452
lxt,231,0,4,295.055,27.995,106.9305,0.2404
lxt,231,0,5,295.19,27.67,115.4622,0.4652
lxt,231,0,6,295.425,27.28,126.873,0.45
lxt,231,0,7,295.73,26.955,139.5337,0.4469
lxt,231,0,8,296.1,26.7,151.1921,0.4565
lxt,231,0,9,296.41,26.55,160.0131,0.2341
lxt,231,0,10,296.64,26.48,165.9638,0.2474
lxt,231,0,11,296.89,26.435,173.4252,0.2617
lxt,231,0,12,297.15,26.41,175.5967,0.2607
lxt,231,0,13,297.415,26.41,4.2402,0.2708
lxt,231,0,14,297.675,26.435,6.8356,0.2518
lxt,231,0,15,297.92,26.48,14.0362,0.2474
lxt,231,0,16,298.155,26.55,19.182,0.2435
lxt,231,0,17,298.47,26.7,28.8079,0.4565
lxt,231,0,18,298.84,26.955,40.4663,0.4469
lxt,231,0,19,299.145,27.28,53.1301,0.45
lxt,231,0,20,299.38,27.67,64.5344,0.4652
lxt,231,0,21,299.515,27.995,73.0695,0.2404
lxt,231,0,22,299.575,28.23,78.2369,0.2452
lxt,231,0,23,299.615,28.475,83.1575,0.2518
lxt,231,0,24,299.635,28.73,87.7948,0.2601
lxt,231,0,25,299.64,30.875,90.0,4.03
lxt,231,0,26,299.225,32.89,0.0,0.83
lxt,231,0,27,298.81,31.015,90.0,3.75
lxt,231,0,28,298.805,28.945,88.5298,0.3901
lxt,231,0,29,298.775,28.565,82.3011,0.3734
lxt,231,0,30,298.7,28.205,74.0572,0.364
lxt,231,0,31,298.58,27.88,64.9799,0.3311
lxt,231,0,32,298.405,27.6,51.0746,0.3342
lxt,231,0,33,298.17,27.375,36.1575,0.322
lxt,231,0,34,297.96,27.245,23.6311,0.1746
lxt,231,0,35,297.79,27.18,18.4349,0.1897
lxt,231,0,36,297.6,27.135,8.5385,0.2023
lxt,231,0,37,297.39,27.115,2.6051,0.2202
lxt,231,0,38,297.17,27.115,177.3946,0.2202
lxt,231,0,39,296.965,27.135,171.0189,0.1924
lxt,231,0,40,296.78,27.18,161.568,0.1898
lxt,231,0,41,296.61,27.245,156.3689,0.1746
lxt,231,0,42,296.395,27.375,144.8644,0.3301
lxt,231,0,43,296.16,27.6,127.565,0.328
lxt,231,0,44,295.985,27.88,116.5697,0.3354
lxt,231,0,45,295.865,28.205,104.4212,0.3614
lxt,231,0,46,295.795,28.565,97.6943,0.3734
lxt,231,0,47,295.76,28.945,92.9384,0.3905
lxt,231,0,48,295.75,31.015,90.0,3.75
lxt,231,0,49,295.335,32.89,0.0,0.83
lxt,232,0,0,304.71,28.61,66.5202,4.819
lxt,232,0,1,305.675,30.82,0.0,0.01
lxt,232,0,2,306.055,28.67,99.8939,4.3649
lxt,232,0,3,306.84,26.52,0.0,0.82
lxt,232,0,4,306.6,29.885,100.9328,6.8544
lxt,232,0,5,304.85,30.73,66.4181,5.4992
lxt,232,0,6,302.65,30.73,113.5819,5.4992
lxt,232,0,7,300.895,29.885,78.9851,6.8563
lxt,232,0,8,300.655,26.52,0.0,0.83
lxt,232,0,9,301.44,28.66,80.1909,4.3435
lxt,232,0,10,301.82,30.8,0.0,0.02
lxt,232,0,11,302.79,28.6,113.5747,4.8007
lxt,233,0,0,311.93,28.61,66.5202,4.819
lxt,233,0,1,312.9,30.82,0.0,0.02
lxt,233,0,2,313.28,28.67,99.7645,4.3632
lxt,233,0,3,314.065,26.52,0.0,0.83
lxt,233,0,4,313.825,29.885,101.0149,6.8563
lxt,233,0,5,312.07,30.73,66.4181,5.4992
lxt,233,0,6,309.87,30.73,113.5819,5.4992
lxt,233,0,7,308.115,29.885,78.9851,6.8563
lxt,233,0,8,307.875,26.52,0.0,0.83
lxt,233,0,9,308.66,28.66,80.1909,4.3435
lxt,233,0,10,309.04,30.8,0.0,0.02
lxt,233,0,11,310.01,28.6,113.5747,4.8007
lxt,234,0,0,315.58,32.89,0.0,0.82
lxt,234,0,1,315.17,29.705,90.0,6.37
lxt,234,0,2,315.58,26.52,0.0,0.82
lxt,234,0,3,315.99,29.705,90.0,6.37
lxt,235,0,0,319.66,32.18,0.0,1.52
lxt,235,0,1,320.42,32.535,90.0,0.71
lxt,235,0,2,318.49,32.89,0.0,3.86
lxt,235,0,3,316.56,32.535,90.0,0.71
lxt,235,0,4,317.32,32.18,0.0,1.52
lxt,235,0,5,318.08,29.35,90.0,5.66
lxt,235,0,6,318.49,26.52,0.0,0.82
lxt,235,0,7,318.9,29.35,90.0,5.66
lxt,236,0,0,325.645,29.35,13.6303,0.3395
lxt,236,0,1,325.96,29.455,23.4282,0.327
lxt,236,0,2,326.24,29.61,34.6931,0.3162
lxt,236,0,3,326.48,29.81,45.0,0.3111
lxt,236,0,4,326.675,30.05,56.8204,0.3107
lxt,236,0,5,326.825,30.325,65.852,0.3178
lxt,236,0,6,326.93,30.625,75.5319,0.3202
lxt,236,0,7,326.98,30.94,86.4203,0.3206
lxt,236,0,8,326.965,31.32,96.4854,0.4428
lxt,236,0,9,326.86,31.745,111.3167,0.4401
lxt,236,0,10,326.655,32.13,124.7789,0.4383
lxt,236,0,11,326.36,32.45,140.5243,0.4405
lxt,236,0,12,325.985,32.675,157.4817,0.4438
lxt,236,0,13,325.565,32.805,168.1827,0.4393
lxt,236,0,14,325.125,32.865,176.1821,0.451
lxt,236,0,15,324.68,32.885,178.6968,0.4401
lxt,236,0,16,323.96,32.89,0.0,1.0
lxt,236,0,17,323.46,29.705,90.0,6.37
lxt,236,0,18,323.87,26.52,0.0,0.82
lxt,236,0,19,324.28,27.875,90.0,2.71
lxt,236,0,20,324.45,29.23,0.0,0.34
lxt,236,0,21,325.58,27.875,125.3172,3.3212
lxt,236,0,22,327.01,26.52,0.0,0.94
lxt,236,0,23,326.48,27.915,125.6349,3.4328
lxt,236,1,0,324.39,32.18,0.0,0.22
lxt,236,1,1,324.655,32.175,178.1506,0.3102
lxt,236,1,2,324.965,32.155,174.4788,0.3115
lxt,236,1,3,325.27,32.11,168.6901,0.3059
lxt,236,1,4,325.56,32.035,162.1761,0.2941
lxt,236,1,5,325.815,31.92,148.6699,0.2693
lxt,236,1,6,326.025,31.75,133.5386,0.2758
lxt,236,1,7,326.18,31.525,115.6401,0.2773
lxt,236,1,8,326.265,31.235,98.6131,0.3338
lxt,236,1,9,326.27,30.905,83.0877,0.3324
lxt,236,1,10,326.19,30.61,65.2266,0.2864
lxt,236,1,11,326.045,30.38,49.64,0.2625
lxt,236,1,12,325.845,30.21,31.319,0.2692
lxt,236,1,13,325.595,30.09,20.3307,0.2879
lxt,236,1,14,325.315,30.01,11.6886,0.2961
lxt,236,1,15,325.015,29.965,5.5218,0.3114
lxt,236,1,16,324.7,29.945,1.7916,0.3202
lxt,236,1,17,324.41,29.94,0.0,0.26
lxt,236,1,18,324.28,31.06,90.0,2.24
lxt,237,0,0,331.4,29.35,90.0,0.7
lxt,237,0,1,332.21,29.0,0.0,1.62
lxt,237,0,2,332.99,28.81,81.0278,0.3847
lxt,237,0,3,332.89,28.44,68.7509,0.3862
lxt,237,0,4,332.715,28.1,56.723,0.3828
lxt,237,0,5,332.475,27.8,46.0395,0.3889
lxt,237,0,6,332.185,27.545,36.5782,0.386
lxt,237,0,7,331.86,27.345,26.563,0.3801
lxt,237,0,8,331.51,27.205,16.988,0.3764
lxt,237,0,9,331.15,27.13,6.3466,0.3622
lxt,237,0,10,330.845,27.115,177.7072,0.2502
lxt,237,0,11,330.6,27.145,168.2355,0.2452
lxt,237,0,12,330.36,27.2,165.95,0.2474
lxt,237,0,13,330.13,27.28,155.5614,0.2417
lxt,237,0,14,329.815,27.455,148.6272,0.4802
lxt,237,0,15,329.43,27.745,137.4869,0.4884
lxt,237,0,16,329.1,28.1,128.2915,0.4842
lxt,237,0,17,328.84,28.51,116.5651,0.4919
lxt,237,0,18,328.66,28.965,106.5865,0.4904
lxt,237,0,19,328.565,29.445,95.825,0.4925
lxt,237,0,20,328.545,29.83,87.959,0.2802
lxt,237,0,21,328.57,30.105,81.57,0.2729
lxt,237,0,22,328.62,30.37,77.0064,0.2668
lxt,237,0,23,328.69,30.625,72.2581,0.2625
lxt,237,0,24,328.845,30.98,63.4349,0.5143
lxt,237,0,25,329.11,31.41,53.1287,0.5
lxt,237,0,26,329.445,31.78,42.5808,0.5025
lxt,237,0,27,329.84,32.075,30.7637,0.4888
lxt,237,0,28,330.165,32.245,21.3755,0.247
lxt,237,0,29,330.405,32.325,15.6308,0.2596
lxt,237,0,30,330.655,32.38,9.099,0.2532
lxt,237,0,31,330.905,32.405,2.2928,0.2502
lxt,237,0,32,331.175,32.4,176.0511,0.2907
lxt,237,0,33,331.46,32.365,169.8777,0.2844
lxt,237,0,34,331.735,32.29,159.6693,0.2879
lxt,237,0,35,332.005,32.175,154.2883,0.2997
lxt,237,0,36,332.26,32.03,146.3167,0.2884
lxt,237,0,37,332.495,31.86,141.9517,0.292
lxt,237,0,38,332.715,31.66,133.6666,0.3042
lxt,237,0,39,332.91,31.435,128.0483,0.292
lxt,237,0,40,333.26,31.6,47.1216,0.7642
lxt,237,0,41,333.405,32.02,129.3953,0.3624
lxt,237,0,42,333.155,32.285,137.2047,0.368
lxt,237,0,43,332.87,32.52,143.7487,0.372
lxt,237,0,44,332.565,32.715,151.2624,0.3535
lxt,237,0,45,332.24,32.87,157.6175,0.3677
lxt,237,0,46,331.895,32.99,164.0493,0.364
lxt,237,0,47,331.54,33.07,170.5385,0.365
lxt,237,0,48,331.18,33.11,176.8266,0.3605
lxt,237,0,49,330.835,33.11,3.4609,0.3306
lxt,237,0,50,330.505,33.075,8.6243,0.3338
lxt,237,0,51,330.185,33.01,14.4628,0.3201
lxt,237,0,52,329.88,32.91,21.7994,0.3231
lxt,237,0,53,329.585,32.78,25.7734,0.322
lxt,237,0,54,329.305,32.625,32.1913,0.3191
lxt,237,0,55,329.045,32.44,38.6615,0.3202
lxt,237,0,56,328.8,32.23,42.5157,0.3256
lxt,237,0,57,328.575,31.995,49.9709,0.3265
lxt,237,0,58,328.375,31.74,53.8425,0.322
lxt,237,0,59,328.195,31.465,59.617,0.3361
lxt,237,0,60,328.04,31.17,64.9847,0.331
lxt,237,0,61,327.915,30.86,71.0275,0.3384
lxt,237,0,62,327.82,30.53,76.7626,0.3493
lxt,237,0,63,327.755,30.19,81.6303,0.3436
lxt,237,0,64,327.72,29.84,86.8218,0.3605
lxt,237,0,65,327.72,29.5,93.5743,0.3206
lxt,237,0,66,327.755,29.18,98.8837,0.3239
lxt,237,0,67,327.82,28.865,104.4681,0.3202
lxt,237,0,68,327.915,28.565,110.7724,0.3102
lxt,237,0,69,328.035,28.275,114.148,0.3178
lxt,237,0,70,328.185,27.995,122.1913,0.3191
lxt,237,0,71,328.36,27.735,125.7528,0.3081
lxt,237,0,72,328.555,27.495,132.4028,0.3114
lxt,237,0,73,328.775,27.27,136.2744,0.3182
lxt,237,0,74,329.01,27.065,141.6346,0.3061
lxt,237,0,75,329.265,26.89,149.3429,0.3139
lxt,237,0,76,329.54,26.74,153.4325,0.3131
lxt,237,0,77,329.825,26.61,157.522,0.3139
lxt,237,0,78,330.125,26.51,165.5372,0.3201
lxt,237,0,79,330.435,26.445,170.8288,0.314
lxt,237,0,80,330.755,26.41,176.5388,0.3306
lxt,237,0,81,331.08,26.41,3.5689,0.3206
lxt,237,0,82,331.395,26.44,7.3595,0.3126
lxt,237,0,83,331.695,26.5,15.4249,0.3008
lxt,237,0,84,331.975,26.59,20.3193,0.2879
lxt,237,0,85,332.24,26.7,24.7734,0.2864
lxt,237,0,86,332.49,26.835,32.0106,0.283
lxt,237,0,87,332.72,27.0,39.2881,0.2842
lxt,237,0,88,332.935,27.185,42.135,0.2832
lxt,237,0,89,333.13,27.385,49.3946,0.2766
lxt,237,0,90,333.3,27.61,56.315,0.2885
lxt,237,0,91,333.45,27.855,60.7539,0.2865
lxt,237,0,92,333.575,28.115,67.8277,0.2915
lxt,237,0,93,333.675,28.39,72.1835,0.2941
lxt,237,0,94,333.755,28.68,76.8641,0.308
lxt,237,0,95,333.81,28.985,82.6516,0.3126
lxt,237,0,96,333.835,29.3,88.2084,0.3202
lxt,237,0,97,333.84,29.58,90.0,0.24
lxt,237,0,98,332.62,29.7,0.0,2.44
lxt,238,0,0,335.1,26.52,0.0,0.82
lxt,238,0,1,335.51,28.92,90.0,4.8
lxt,238,0,2,337.87,28.79,133.0089,6.9197
lxt,238,0,3,340.23,29.575,90.0,6.63
lxt,238,0,4,339.815,32.89,0.0,0.83
lxt,238,0,5,339.4,30.565,90.0,4.65
lxt,238,0,6,337.045,30.715,133.5767,6.8328
lxt,238,0,7,334.69,29.855,90.0,6.67
lxt,239,0,0,341.765,32.89,0.0,0.83
lxt,239,0,1,341.35,29.705,90.0,6.37
lxt,239,0,2,342.735,26.52,0.0,2.77
lxt,239,0,3,344.12,26.875,90.0,0.71
lxt,239,0,4,343.15,27.23,0.0,1.94
lxt,239,0,5,342.18,30.06,90.0,5.66
lxt,240,0,0,348.08,26.325,139.267,0.4751
lxt,240,0,1,347.75,26.665,129.0376,0.4763
lxt,240,0,2,347.475,27.055,121.3709,0.4802
lxt,240,0,3,347.25,27.48,114.4419,0.4833
lxt,240,0,4,347.07,27.935,108.8014,0.4965
lxt,240,0,5,346.94,28.415,101.5355,0.5001
lxt,240,0,6,346.855,28.91,97.9704,0.5049
lxt,240,0,7,346.81,29.405,92.3361,0.4904
lxt,240,0,8,346.805,29.79,87.959,0.2802
lxt,240,0,9,346.815,30.065,87.877,0.2702
lxt,240,0,10,346.83,30.33,85.6028,0.2607
lxt,240,0,11,346.855,30.585,83.1575,0.2518
lxt,240,0,12,346.92,30.945,77.9886,0.4806
lxt,240,0,13,347.045,31.405,71.5662,0.4744
lxt,240,0,14,347.215,31.84,65.6578,0.461
lxt,240,0,15,347.44,32.25,56.9767,0.4771
lxt,240,0,16,347.64,32.545,53.6043,0.236
lxt,240,0,17,347.795,32.735,48.1831,0.2549
lxt,240,0,18,347.97,32.92,45.0097,0.2546
lxt,240,0,19,348.16,33.1,41.9843,0.2691
lxt,240,0,20,348.26,33.31,90.0,0.24
lxt,240,0,21,348.135,33.35,32.6248,0.2968
lxt,240,0,22,347.895,33.185,36.4652,0.286
lxt,240,0,23,347.665,33.01,38.0483,0.292
lxt,240,0,24,347.45,32.825,43.5298,0.2759
lxt,240,0,25,347.25,32.625,46.4028,0.29
lxt,240,0,26,347.065,32.41,52.2999,0.278
lxt,240,0,27,346.895,32.19,52.3076,0.2781
lxt,240,0,28,346.74,31.96,59.7454,0.2778
lxt,240,0,29,346.545,31.585,63.8865,0.568
lxt,240,0,30,346.33,31.06,71.5651,0.5692
lxt,240,0,31,346.21,30.65,77.9044,0.2863
lxt,240,0,32,346.155,30.365,80.2154,0.2943
lxt,240,0,33,346.115,30.07,84.2894,0.3015
lxt,240,0,34,346.1,29.765,90.0,0.31
lxt,240,0,35,346.105,29.445,91.7373,0.3302
lxt,240,0,36,346.125,29.12,95.3555,0.3214
lxt,240,0,37,346.165,28.81,99.4604,0.3041
lxt,240,0,38,346.225,28.515,103.5728,0.2983
lxt,240,0,39,346.305,28.235,108.433,0.2846
lxt,240,0,40,346.405,27.975,113.7525,0.2731
lxt,240,0,41,346.525,27.73,118.4392,0.2729
lxt,240,0,42,346.66,27.495,121.3335,0.2692
lxt,240,0,43,346.89,27.165,126.6572,0.536
lxt,240,0,44,347.23,26.76,133.4503,0.5234
lxt,240,0,45,347.615,26.4,140.3302,0.5327
lxt,240,0,46,348.04,26.07,143.9722,0.5441
lxt,240,0,47,348.26,26.04,90.0,0.26
lxt,241,0,0,353.995,28.295,87.4296,2.4525
lxt,241,0,1,353.96,29.52,0.0,0.18
lxt,241,0,2,353.835,29.38,75.9638,0.2886
lxt,241,0,3,353.765,29.11,74.9368,0.2693
lxt,241,0,4,353.69,28.865,70.8157,0.2435
lxt,241,0,5,353.615,28.64,72.3532,0.2308
lxt,241,0,6,353.495,28.35,64.7234,0.3982
lxt,241,0,7,353.315,28.025,56.766,0.3467
lxt,241,0,8,353.115,27.775,45.0042,0.297
lxt,241,0,9,352.88,27.6,28.2919,0.2953
lxt,241,0,10,352.595,27.485,16.1939,0.3228
lxt,241,0,11,352.255,27.43,3.0971,0.3705
lxt,241,0,12,351.7,27.42,0.0,0.74
lxt,241,0,13,351.225,27.425,177.2713,0.2103
lxt,241,0,14,351.04,27.445,169.3704,0.1628
lxt,241,0,15,350.905,27.485,155.5584,0.1208
lxt,241,0,16,350.81,27.555,131.6311,0.1204
lxt,241,0,17,350.75,27.66,108.4262,0.1265
lxt,241,0,18,350.715,27.8,100.621,0.1628
lxt,241,0,19,350.695,27.985,92.7287,0.2103
lxt,241,0,20,350.69,28.225,90.0,0.27
lxt,241,0,21,350.69,30.27,90.0,3.82
lxt,241,0,22,350.695,32.275,86.9843,0.1903
lxt,241,0,23,350.71,32.445,82.4107,0.1514
lxt,241,0,24,350.745,32.58,67.3843,0.13
lxt,241,0,25,350.815,32.68,41.6311,0.1204
lxt,241,0,26,350.925,32.75,24.7786,0.1432
lxt,241,0,27,351.085,32.8,11.8822,0.1942
lxt,241,0,28,351.305,32.83,4.5784,0.2508
lxt,241,0,29,351.59,32.84,0.0,0.32
lxt,241,0,30,351.75,33.015,90.0,0.35
lxt,241,0,31,350.33,33.19,0.0,2.84
lxt,241,0,32,348.91,33.015,90.0,0.35
lxt,241,0,33,349.04,32.84,0.0,0.26
lxt,241,0,34,349.27,32.83,174.2833,0.201
lxt,241,0,35,349.455,32.805,169.9832,0.1726
lxt,241,0,36,349.605,32.755,151.7185,0.1476
lxt,241,0,37,349.715,32.67,131.9756,0.1346
lxt,241,0,38,349.79,32.545,111.8054,0.1615
lxt,241,0,39,349.835,32.37,98.5299,0.2022
lxt,241,0,40,349.855,32.14,92.2047,0.2602
lxt,241,0,41,349.86,30.24,90.0,3.54
lxt,241,0,42,349.86,28.3,90.0,0.34
lxt,241,0,43,349.85,28.0,85.5972,0.2608
lxt,241,0,44,349.82,27.775,78.109,0.1942
lxt,241,0,45,349.76,27.615,58.3978,0.1526
lxt,241,0,46,349.66,27.515,30.2601,0.1389
lxt,241,0,47,349.52,27.46,14.0285,0.1649
lxt,241,0,48,349.325,27.43,4.9743,0.2309
lxt,241,0,49,349.065,27.42,0.0,0.29
lxt,241,0,50,348.92,27.245,90.0,0.35
lxt,241,0,51,351.43,27.07,0.0,5.02
lxt,242,0,0,357.27,27.245,90.0,0.35
lxt,242,0,1,357.12,27.425,178.0889,0.3002
lxt,242,0,2,356.84,27.455,169.1175,0.2648
lxt,242,0,3,356.66,27.51,149.0388,0.1166
lxt,242,0,4,356.57,27.575,138.8063,0.1063
lxt,242,0,5,356.5,27.665,118.5993,0.1253
lxt,242,0,6,356.465,27.785,94.4028,0.1304
lxt,242,0,7,356.475,27.935,79.9914,0.1726
lxt,242,0,8,356.53,28.095,61.9257,0.17
lxt,242,0,9,357.13,28.99,55.6694,1.986
lxt,242,0,10,358.04,29.275,123.1921,1.2786
lxt,242,0,11,358.465,28.63,124.2893,0.2662
lxt,242,0,12,358.645,28.37,124.9959,0.3662
lxt,242,0,13,358.835,28.065,118.7376,0.3535
lxt,242,0,14,358.955,27.79,106.2585,0.2501
lxt,242,0,15,358.965,27.6,70.3446,0.1486
lxt,242,0,16,358.855,27.49,25.2041,0.1879
lxt,242,0,17,358.71,27.44,9.4718,0.1217
lxt,242,0,18,358.58,27.425,4.0892,0.1404
lxt,242,0,19,358.425,27.415,3.3496,0.1703
lxt,242,0,20,358.25,27.415,176.8363,0.1803
lxt,242,0,21,358.16,27.245,90.0,0.35
lxt,242,0,22,359.55,27.07,0.0,2.78
lxt,242,0,23,360.94,27.245,90.0,0.35
lxt,242,0,24,360.765,27.43,176.7264,0.3506
lxt,242,0,25,360.445,27.48,164.5751,0.3008
lxt,242,0,26,360.185,27.595,146.8963,0.2746
lxt,242,0,27,359.97,27.795,128.6572,0.3201
lxt,242,0,28,359.025,29.22,123.0235,3.101
lxt,242,0,29,358.82,31.395,53.8172,2.1682
lxt,242,0,30,359.59,32.395,43.8756,0.3607
lxt,242,0,31,359.875,32.605,28.7376,0.3535
lxt,242,0,32,360.2,32.745,17.9259,0.3573
lxt,242,0,33,360.54,32.82,6.7164,0.3423
lxt,242,0,34,360.71,33.015,90.0,0.35
lxt,242,0,35,359.545,33.19,0.0,2.33
lxt,242,0,36,358.38,33.015,90.0,0.35
lxt,242,0,37,358.525,32.835,178.0232,0.2902
lxt,242,0,38,358.8,32.81,171.2458,0.2631
lxt,242,0,39,359.02,32.74,150.9503,0.2059
lxt,242,0,40,359.14,32.61,110.5584,0.1709
lxt,242,0,41,359.13,32.385,74.5823,0.3009
lxt,242,0,42,359.02,32.13,57.5226,0.2608
lxt,242,0,43,358.5,31.41,53.5845,1.5161
lxt,242,0,44,357.665,31.425,121.6327,1.4681
lxt,242,0,45,357.23,32.125,123.6874,0.1803
lxt,242,0,46,357.14,32.265,121.612,0.1527
lxt,242,0,47,357.07,32.385,118.6127,0.1253
lxt,242,0,48,357.03,32.505,98.7411,0.1315
lxt,242,0,49,357.04,32.635,72.8944,0.136
lxt,242,0,50,357.12,32.745,36.8606,0.15
lxt,242,0,51,357.29,32.81,10.3146,0.2236
lxt,242,0,52,357.55,32.835,1.9111,0.3002
lxt,242,0,53,357.7,33.015,90.0,0.35
lxt,242,0,54,356.285,33.19,0.0,2.83
lxt,242,0,55,354.87,33.015,90.0,0.35
lxt,242,0,56,355.055,32.83,176.9029,0.3705
lxt,242,0,57,355.4,32.78,165.9612,0.3299
lxt,242,0,58,355.63,32.705,153.43,0.1565
lxt,242,0,59,355.77,32.615,141.8494,0.178
lxt,242,0,60,355.905,32.49,132.877,0.1911
lxt,242,0,61,356.035,32.335,127.4027,0.214
lxt,242,0,62,356.82,31.17,123.6904,2.596
lxt,242,0,63,356.82,29.085,54.3816,2.4726
lxt,242,0,64,355.975,27.93,50.1933,0.3905
lxt,242,0,65,355.7,27.68,33.6928,0.3606
lxt,242,0,66,355.47,27.545,23.6311,0.1746
lxt,242,0,67,355.305,27.485,16.3873,0.1772
lxt,242,0,68,355.12,27.445,8.5385,0.2023
lxt,242,0,69,354.915,27.425,2.7291,0.2102
lxt,242,0,70,354.81,27.245,90.0,0.35
lxt,242,0,71,356.04,27.07,0.0,2.46
lxt,243,0,0,361.515,30.82,0.0,0.27
lxt,243,0,1,361.665,30.94,82.875,0.2419
lxt,243,0,2,361.7,31.175,80.1313,0.2334
lxt,243,0,3,361.74,31.4,79.6945,0.2236
lxt,243,0,4,361.785,31.61,75.9679,0.2062
lxt,243,0,5,361.875,31.885,69.6216,0.3733
lxt,243,0,6,362.025,32.2,58.7369,0.3276
lxt,243,0,7,362.225,32.45,43.7256,0.3182
lxt,243,0,8,362.495,32.64,27.3047,0.3489
lxt,243,0,9,362.745,32.745,14.7399,0.1965
lxt,243,0,10,362.945,32.79,10.7774,0.2138
lxt,243,0,11,363.165,32.82,4.975,0.2309
lxt,243,0,12,363.41,32.835,2.2047,0.2602
lxt,243,0,13,363.54,30.495,90.0,4.69
lxt,243,0,14,363.535,28.04,87.3953,0.2203
lxt,243,0,15,363.515,27.845,79.9914,0.1726
lxt,243,0,16,363.475,27.695,68.9679,0.1393
lxt,243,0,17,363.405,27.585,45.0097,0.1273
lxt,243,0,18,363.295,27.505,28.2815,0.1476
lxt,243,0,19,363.135,27.455,8.9811,0.1924
lxt,243,0,20,362.92,27.43,4.7685,0.2408
lxt,243,0,21,362.645,27.42,0.0,0.31
lxt,243,0,22,362.49,27.245,90.0,0.35
lxt,243,0,23,363.95,27.07,0.0,2.92
lxt,243,0,24,365.41,27.245,90.0,0.35
lxt,243,0,25,365.255,27.42,0.0,0.31
lxt,243,0,26,364.98,27.43,175.2315,0.2408
lxt,243,0,27,364.765,27.455,171.0189,0.1924
lxt,243,0,28,364.605,27.505,151.7185,0.1476
lxt,243,0,29,364.495,27.585,134.9903,0.1273
lxt,243,0,30,364.425,27.695,111.0438,0.1393
lxt,243,0,31,364.385,27.845,100.0086,0.1726
lxt,243,0,32,364.365,28.04,92.5968,0.2203
lxt,243,0,33,364.36,30.495,90.0,4.69
lxt,243,0,34,364.49,32.835,177.7951,0.2602
lxt,243,0,35,364.735,32.82,175.0257,0.2309
lxt,243,0,36,364.955,32.785,166.6101,0.2159
lxt,243,0,37,365.155,32.73,162.4753,0.1993
lxt,243,0,38,365.4,32.62,151.9239,0.34
lxt,243,0,39,365.665,32.425,135.0,0.3252
lxt,243,0,40,365.865,32.165,120.383,0.3361
lxt,243,0,41,366.015,31.845,110.3752,0.3734
lxt,243,0,42,366.125,31.47,102.681,0.41
lxt,243,0,43,366.21,31.045,100.0787,0.4571
lxt,243,0,44,366.39,30.82,0.0,0.28
lxt,243,0,45,366.485,32.005,92.1747,2.3717
lxt,243,0,46,363.945,33.19,0.0,4.99
lxt,243,0,47,361.415,32.005,88.308,2.371
lxt,244,0,0,367.275,25.995,34.213,0.3023
lxt,244,0,1,367.515,26.17,38.0446,0.2921
lxt,244,0,2,367.745,26.3549,39.5624,0.2983
lxt,244,0,3,367.96,26.55,45.0,0.2829
lxt,244,0,4,368.16,26.755,46.4028,0.29
lxt,244,0,5,368.345,26.97,52.2999,0.278
lxt,244,0,6,368.515,27.195,53.5335,0.286
lxt,244,0,7,368.675,27.43,57.9946,0.283
lxt,244,0,8,368.87,27.805,64.8002,0.5637
lxt,244,0,9,369.08,28.33,71.5651,0.5692
lxt,244,0,10,369.2,28.74,77.9044,0.2863
lxt,244,0,11,369.255,29.03,80.5358,0.3042
lxt,244,0,12,369.295,29.33,84.2894,0.3015
lxt,244,0,13,369.315,29.63,88.0889,0.3002
lxt,244,0,14,369.31,29.95,93.3695,0.3406
lxt,244,0,15,369.285,30.275,95.5274,0.3114
lxt,244,0,16,369.245,30.58,99.4604,0.3041
lxt,244,0,17,369.185,30.875,103.5728,0.2983
lxt,244,0,18,369.105,31.155,108.433,0.2846
lxt,244,0,19,369.005,31.415,113.7525,0.2731
lxt,244,0,20,368.885,31.66,118.4392,0.2729
lxt,244,0,21,368.75,31.895,121.3335,0.2692
lxt,244,0,22,368.52,32.22,127.3017,0.5281
lxt,244,0,23,368.18,32.615,134.2144,0.5162
lxt,244,0,24,367.795,32.965,141.1742,0.5263
lxt,244,0,25,367.37,33.28,145.7089,0.5326
lxt,244,0,26,367.15,33.31,90.0,0.24
lxt,244,0,27,367.33,33.045,141.1417,0.4623
lxt,244,0,28,367.66,32.72,129.8084,0.4686
lxt,244,0,29,367.935,32.34,122.0038,0.4717
lxt,244,0,30,368.16,31.925,114.9423,0.4742
lxt,244,0,31,368.34,31.475,108.8014,0.4965
lxt,244,0,32,368.475,30.995,102.6546,0.5022
lxt,244,0,33,368.56,30.505,96.9801,0.4937
lxt,244,0,34,368.6,30.0099,92.2894,0.5004
lxt,244,0,35,368.605,29.62,87.9586,0.2801
lxt,244,0,36,368.595,29.35,87.7953,0.2602
lxt,244,0,37,368.58,29.09,85.6039,0.2608
lxt,244,0,38,368.555,28.84,82.875,0.2419
lxt,244,0,39,368.49,28.48,78.2305,0.4903
lxt,244,0,40,368.37,28.02,72.3482,0.4617
lxt,244,0,41,368.2,27.585,65.0577,0.4742
lxt,244,0,42,367.975,27.17,57.9962,0.4717
lxt,244,0,43,367.775,26.87,53.1273,0.25
lxt,244,0,44,367.615,26.67,49.64,0.2625
lxt,244,0,45,367.44,26.4749,46.5497,0.2617
lxt,244,0,46,367.25,26.285,43.5206,0.2758
lxt,244,0,47,367.15,26.05,90.0,0.28
lxt,245,0,0,302.2,41.75,0.0,0.6
lxt,245,0,1,301.9,39.45,90.0,4.6
lxt,245,0,2,302.9,37.15,0.0,2.0
lxt,245,0,3,303.9,37.405,90.0,0.5099
lxt,245,0,4,303.2,37.66,0.0,1.4
lxt,245,0,5,302.5,39.705,90.0,4.09
lxt,246,0,0,305.51,37.15,0.0,2.5
lxt,246,0,1,306.76,37.405,90.0,0.51
lxt,246,0,2,305.81,37.66,0.0,1.9
lxt,246,0,3,304.86,38.555,90.0,1.79
lxt,246,0,4,305.785,39.45,0.0,1.85
lxt,246,0,5,306.71,39.705,90.0,0.51
lxt,246,0,6,305.785,39.96,0.0,1.85
lxt,246,0,7,304.86,40.6,90.0,1.28
lxt,246,0,8,305.81,41.2401,0.0,1.9
lxt,246,0,9,306.76,41.495,90.0,0.5099
lxt,246,0,10,305.51,41.75,0.0,2.5
lxt,246,0,11,304.26,39.45,90.0,4.6
lxt,247,0,0,308.71,37.15,0.0,2.5
lxt,247,0,1,309.96,37.405,90.0,0.51
lxt,247,0,2,309.005,37.66,0.0,1.91
lxt,247,0,3,308.05,38.555,90.0,1.79
lxt,247,0,4,308.975,39.45,0.0,1.85
lxt,247,0,5,309.9,39.705,90.0,0.51
lxt,247,0,6,308.975,39.96,0.0,1.85
lxt,247,0,7,308.05,40.6,90.0,1.28
lxt,247,0,8,309.005,41.2401,0.0,1.91
lxt,247,0,9,309.96,41.495,90.0,0.5099
lxt,247,0,10,308.71,41.75,0.0,2.5
lxt,247,0,11,307.46,39.45,90.0,4.6
lxt,248,0,0,310.74,41.095,67.0112,1.7924
lxt,248,0,1,310.57,40.2,158.7568,0.3863
lxt,248,0,2,311.17,40.93,62.3003,1.8071
lxt,248,0,3,311.34,41.825,159.193,0.5349
lxt,249,0,0,314.865,41.325,126.2458,0.186
lxt,249,0,1,314.75,41.47,130.6167,0.1844
lxt,249,0,2,314.625,41.595,139.7462,0.1703
lxt,249,0,3,314.485,41.7,146.3207,0.1803
lxt,249,0,4,314.335,41.785,154.9799,0.1655
lxt,249,0,5,314.175,41.85,160.5589,0.1803
lxt,249,0,6,314.0,41.895,170.5487,0.1825
lxt,249,0,7,313.815,41.915,176.9843,0.1903
lxt,249,0,8,313.59,41.91,4.39,0.2607
lxt,249,0,9,313.335,41.87,13.4952,0.2571
lxt,249,0,10,313.095,41.795,21.3755,0.247
lxt,249,0,11,312.875,41.68,33.6939,0.2524
lxt,249,0,12,312.685,41.53,43.2572,0.2334
lxt,249,0,13,312.53,41.345,56.3157,0.2524
lxt,249,0,14,312.42,41.125,70.8157,0.2435
lxt,249,0,15,312.365,40.875,83.6605,0.2717
lxt,249,0,16,312.36,40.625,94.975,0.2309
lxt,249,0,17,312.4,40.405,105.9432,0.2184
lxt,249,0,18,312.48,40.215,120.4619,0.1972
lxt,249,0,19,312.595,40.055,130.9108,0.1985
lxt,249,0,20,312.735,39.915,139.0892,0.1985
lxt,249,0,21,312.9,39.79,146.3099,0.2163
lxt,249,0,22,313.08,39.68,150.9503,0.2059
lxt,249,0,23,313.27,39.585,155.7672,0.2193
lxt,249,0,24,313.53,39.47,156.3761,0.3492
lxt,249,0,25,313.835,39.33,154.229,0.322
lxt,249,0,26,314.105,39.17,144.2472,0.3081
lxt,249,0,27,314.28,39.02,129.8084,0.1562
lxt,249,0,28,314.37,38.895,121.6022,0.1526
lxt,249,0,29,314.435,38.755,108.4384,0.1581
lxt,249,0,30,314.47,38.59,96.337,0.1811
lxt,249,0,31,314.47,38.41,83.663,0.1811
lxt,249,0,32,314.435,38.235,73.6032,0.1772
lxt,249,0,33,314.375,38.07,66.3821,0.1747
lxt,249,0,34,314.29,37.92,54.4635,0.1721
lxt,249,0,35,314.175,37.795,40.2315,0.1703
lxt,249,0,36,314.04,37.695,32.7226,0.1664
lxt,249,0,37,313.89,37.625,17.3727,0.1676
lxt,249,0,38,313.72,37.59,6.3263,0.1811
lxt,249,0,39,313.54,37.59,173.6726,0.1811
lxt,249,0,40,313.365,37.625,163.5965,0.1772
lxt,249,0,41,313.205,37.69,151.9396,0.17
lxt,249,0,42,313.065,37.78,142.4223,0.164
lxt,249,0,43,312.945,37.895,130.2315,0.1703
lxt,249,0,44,312.845,38.04,119.3609,0.1836
lxt,249,0,45,312.775,38.205,106.3968,0.1772
lxt,249,0,46,312.74,38.385,96.0057,0.1911
lxt,249,0,47,312.435,38.415,12.4265,0.6041
lxt,249,0,48,312.17,38.215,102.5302,0.2765
lxt,249,0,49,312.25,37.955,111.8026,0.2693
lxt,249,0,50,312.37,37.72,122.4645,0.2608
lxt,249,0,51,312.53,37.515,133.4552,0.2617
lxt,249,0,52,312.72,37.345,143.1343,0.25
lxt,249,0,53,312.94,37.215,155.3692,0.264
lxt,249,0,54,313.185,37.125,164.3692,0.2596
lxt,249,0,55,313.445,37.08,175.7593,0.2707
lxt,249,0,56,313.73,37.085,5.7048,0.3015
lxt,249,0,57,314.02,37.135,14.0377,0.2886
lxt,249,0,58,314.285,37.23,25.6401,0.2773
lxt,249,0,59,314.52,37.375,37.7013,0.2781
lxt,249,0,60,314.725,37.565,47.8567,0.2832
lxt,249,0,61,314.885,37.795,62.5247,0.2818
lxt,249,0,62,314.995,38.055,71.567,0.2846
lxt,249,0,63,315.055,38.345,84.4726,0.3114
lxt,249,0,64,315.06,38.64,94.083,0.2807
lxt,249,0,65,315.015,38.9,106.2624,0.25
lxt,249,0,66,314.93,39.125,115.4688,0.2326
lxt,249,0,67,314.81,39.32,127.873,0.228
lxt,249,0,68,314.655,39.49,136.7319,0.2335
lxt,249,0,69,314.47,39.64,145.0027,0.2441
lxt,249,0,70,314.26,39.765,153.4381,0.246
lxt,249,0,71,314.03,39.875,155.3812,0.264
lxt,249,0,72,313.745,39.995,158.497,0.3547
lxt,249,0,73,313.47,40.11,155.5614,0.2417
lxt,249,0,74,313.26,40.23,145.0068,0.2441
lxt,249,0,75,313.115,40.345,134.9903,0.1273
lxt,249,0,76,313.035,40.44,125.0014,0.122
lxt,249,0,77,312.98,40.55,108.4262,0.1265
lxt,249,0,78,312.95,40.675,98.7542,0.1315
lxt,249,0,79,312.95,40.815,82.3992,0.1514
lxt,249,0,80,312.985,40.955,68.9679,0.1393
lxt,249,0,81,313.05,41.075,53.9632,0.136
lxt,249,0,82,313.14,41.18,45.0,0.1414
lxt,249,0,83,313.315,41.295,27.4753,0.2818
lxt,249,0,84,313.575,41.385,10.4882,0.2746
lxt,249,0,85,313.83,41.395,172.8822,0.2419
lxt,249,0,86,314.045,41.34,157.1622,0.2062
lxt,249,0,87,314.225,41.23,140.5268,0.2202
lxt,249,0,88,314.38,41.06,124.9955,0.2441
lxt,249,0,89,314.685,41.105,31.6735,0.5523
lxt,250,0,0,319.93,41.325,123.6874,0.1803
lxt,250,0,1,319.82,41.47,130.6095,0.1844
lxt,250,0,2,319.69,41.595,141.8279,0.1781
lxt,250,0,3,319.55,41.7,144.4718,0.172
lxt,250,0,4,319.4,41.785,156.3689,0.1746
lxt,250,0,5,319.235,41.85,160.5589,0.1803
lxt,250,0,6,319.06,41.895,170.5487,0.1825
lxt,250,0,7,318.875,41.915,176.9843,0.1903
lxt,250,0,8,318.655,41.91,4.5645,0.2508
lxt,250,0,9,318.405,41.87,13.4952,0.2571
lxt,250,0,10,318.16,41.795,20.5624,0.2563
lxt,250,0,11,317.94,41.68,34.9932,0.2441
lxt,250,0,12,317.75,41.53,41.6299,0.2408
lxt,250,0,13,317.595,41.345,58.2422,0.247
lxt,250,0,14,317.485,41.125,68.6285,0.247
lxt,250,0,15,317.425,40.875,83.6605,0.2717
lxt,250,0,16,317.42,40.625,94.975,0.2309
lxt,250,0,17,317.465,40.405,108.4275,0.2214
lxt,250,0,18,317.545,40.215,117.8987,0.1923
lxt,250,0,19,317.655,40.055,130.9108,0.1985
lxt,250,0,20,317.8,39.915,140.9057,0.2062
lxt,250,0,21,317.965,39.79,144.7856,0.2081
lxt,250,0,22,318.145,39.68,152.2475,0.2147
lxt,250,0,23,318.335,39.585,154.6475,0.2103
lxt,250,0,24,318.59,39.47,156.3761,0.3492
lxt,250,0,25,318.895,39.33,154.229,0.322
lxt,250,0,26,319.165,39.17,144.2472,0.3081
lxt,250,0,27,319.34,39.02,129.8084,0.1562
lxt,250,0,28,319.43,38.895,121.6022,0.1526
lxt,250,0,29,319.495,38.755,108.4384,0.1581
lxt,250,0,30,319.53,38.59,96.337,0.1811
lxt,250,0,31,319.53,38.41,83.663,0.1811
lxt,250,0,32,319.5,38.235,76.7555,0.1746
lxt,250,0,33,319.44,38.07,63.4437,0.1789
lxt,250,0,34,319.35,37.92,54.4635,0.1721
lxt,250,0,35,319.24,37.795,42.5078,0.1628
lxt,250,0,36,319.105,37.695,30.95,0.1749
lxt,250,0,37,318.95,37.625,17.3727,0.1676
lxt,250,0,38,318.78,37.59,6.3263,0.1811
lxt,250,0,39,318.6,37.59,173.6726,0.1811
lxt,250,0,40,318.425,37.625,163.5965,0.1772
lxt,250,0,41,318.265,37.69,151.9396,0.17
lxt,250,0,42,318.125,37.78,142.4223,0.164
lxt,250,0,43,318.005,37.895,130.2315,0.1703
lxt,250,0,44,317.905,38.04,119.3609,0.1836
lxt,250,0,45,317.835,38.205,106.3968,0.1772
lxt,250,0,46,317.805,38.385,93.0065,0.1903
lxt,250,0,47,317.5,38.415,12.2254,0.6139
lxt,250,0,48,317.23,38.215,102.5302,0.2765
lxt,250,0,49,317.31,37.955,111.8026,0.2693
lxt,250,0,50,317.43,37.72,122.4645,0.2608
lxt,250,0,51,317.59,37.515,133.4552,0.2617
lxt,250,0,52,317.785,37.345,144.4678,0.258
lxt,250,0,53,318.005,37.215,154.4317,0.255
lxt,250,0,54,318.245,37.125,164.3692,0.2596
lxt,250,0,55,318.505,37.08,175.7593,0.2707
lxt,250,0,56,318.79,37.085,5.7048,0.3015
lxt,250,0,57,319.08,37.135,14.0377,0.2886
lxt,250,0,58,319.35,37.23,24.7734,0.2864
lxt,250,0,59,319.59,37.375,37.7013,0.2781
lxt,250,0,60,319.79,37.565,49.3946,0.2766
lxt,250,0,61,319.95,37.795,60.7486,0.2865
lxt,250,0,62,320.06,38.055,73.4994,0.2816
lxt,250,0,63,320.115,38.345,84.4726,0.3114
lxt,250,0,64,320.12,38.64,94.083,0.2807
lxt,250,0,65,320.075,38.9,106.2624,0.25
lxt,250,0,66,319.99,39.125,115.4688,0.2326
lxt,250,0,67,319.87,39.32,127.873,0.228
lxt,250,0,68,319.715,39.49,136.7319,0.2335
lxt,250,0,69,319.53,39.64,145.0027,0.2441
lxt,250,0,70,319.32,39.765,153.4381,0.246
lxt,250,0,71,319.09,39.875,155.3812,0.264
lxt,250,0,72,318.805,39.995,158.497,0.3547
lxt,250,0,73,318.53,40.11,155.5614,0.2417
lxt,250,0,74,318.32,40.23,145.0068,0.2441
lxt,250,0,75,318.175,40.345,134.9903,0.1273
lxt,250,0,76,318.1,40.44,120.9689,0.1166
lxt,250,0,77,318.045,40.55,112.6157,0.13
lxt,250,0,78,318.015,40.675,94.4028,0.1304
lxt,250,0,79,318.015,40.815,86.1828,0.1504
lxt,250,0,80,318.045,40.955,68.9679,0.1393
lxt,250,0,81,318.11,41.075,53.9632,0.136
lxt,250,0,82,318.2,41.18,45.0,0.1414
lxt,250,0,83,318.375,41.295,27.4753,0.2818
lxt,250,0,84,318.635,41.385,10.4882,0.2746
lxt,250,0,85,318.89,41.395,172.8822,0.2419
lxt,250,0,86,319.11,41.34,158.1956,0.2154
lxt,250,0,87,319.29,41.23,138.8118,0.2126
lxt,250,0,88,319.44,41.06,124.9955,0.2441
lxt,250,0,89,319.745,41.105,31.6735,0.5523
lxt,251,0,0,320.62,40.295,90.0,2.91
lxt,251,0,1,320.62,38.75,90.0,0.1801
lxt,251,0,2,320.635,38.565,98.9722,0.1924
lxt,251,0,3,320.665,38.385,100.0086,0.1726
lxt,251,0,4,320.705,38.215,106.3873,0.1772
lxt,251,0,5,320.805,37.98,116.5697,0.3354
lxt,251,0,6,320.975,37.7,126.1575,0.322
lxt,251,0,7,321.195,37.465,139.9668,0.3265
lxt,251,0,8,321.465,37.28,151.1156,0.3312
lxt,251,0,9,321.69,37.17,159.4452,0.1709
lxt,251,0,10,321.855,37.12,166.748,0.1747
lxt,251,0,11,322.035,37.09,174.0034,0.191
lxt,251,0,12,322.225,37.075,176.9843,0.1903
lxt,251,0,13,322.415,37.075,3.0157,0.1903
lxt,251,0,14,322.6,37.09,6.3274,0.1811
lxt,251,0,15,322.78,37.12,12.5412,0.1844
lxt,251,0,16,322.95,37.17,20.5548,0.1709
lxt,251,0,17,323.175,37.28,28.8818,0.3312
lxt,251,0,18,323.44,37.465,41.1901,0.3189
lxt,251,0,19,323.66,37.7,52.4308,0.328
lxt,251,0,20,323.83,37.98,64.9847,0.331
lxt,251,0,21,323.925,38.215,73.6127,0.1772
lxt,251,0,22,323.97,38.385,76.7555,0.1746
lxt,251,0,23,324.0,38.565,83.9852,0.1911
lxt,251,0,24,324.015,38.75,86.8277,0.1803
lxt,251,0,25,324.02,40.295,90.0,2.91
lxt,251,0,26,323.725,41.75,0.0,0.59
lxt,251,0,27,323.43,40.395,90.0,2.71
lxt,251,0,28,323.42,38.9,85.9162,0.2807
lxt,251,0,29,323.395,38.625,83.6605,0.2717
lxt,251,0,30,323.345,38.37,73.7376,0.25
lxt,251,0,31,323.255,38.14,63.4286,0.2459
lxt,251,0,32,323.13,37.935,53.6191,0.236
lxt,251,0,33,322.96,37.77,34.9932,0.2441
lxt,251,0,34,322.805,37.675,24.4416,0.1208
lxt,251,0,35,322.685,37.63,17.1178,0.136
lxt,251,0,36,322.55,37.6,8.1126,0.1414
lxt,251,0,37,322.4,37.585,3.5804,0.1603
lxt,251,0,38,322.24,37.585,176.4203,0.1603
lxt,251,0,39,322.09,37.6,171.8874,0.1414
lxt,251,0,40,321.955,37.63,162.8822,0.136
lxt,251,0,41,321.83,37.675,157.3843,0.13
lxt,251,0,42,321.675,37.77,143.6131,0.236
lxt,251,0,43,321.505,37.935,128.2887,0.2421
lxt,251,0,44,321.38,38.14,114.4481,0.2416
lxt,251,0,45,321.295,38.37,106.2557,0.25
lxt,251,0,46,321.24,38.625,98.4281,0.273
lxt,251,0,47,321.215,38.9,92.0476,0.2801
lxt,251,0,48,321.21,40.395,90.0,2.71
lxt,251,0,49,320.915,41.75,0.0,0.59
lxt,252,0,0,327.68,38.665,66.6065,3.4757
lxt,252,0,1,328.38,40.26,0.0,0.02
lxt,252,0,2,328.66,38.705,99.8505,3.1565
lxt,252,0,3,329.225,37.15,0.0,0.59
lxt,252,0,4,329.05,39.58,100.9468,4.9501
lxt,252,0,5,327.785,40.19,66.4038,3.9721
lxt,252,0,6,326.195,40.19,113.5962,3.9721
lxt,252,0,7,324.93,39.58,79.0532,4.9501
lxt,252,0,8,324.755,37.15,0.0,0.59
lxt,252,0,9,325.32,38.7,80.1184,3.1467
lxt,252,0,10,325.595,40.25,0.0,0.01
lxt,252,0,11,326.295,38.66,113.6107,3.4705
lxt,253,0,0,332.895,38.665,66.4553,3.4797
lxt,253,0,1,333.595,40.26,0.0,0.01
lxt,253,0,2,333.87,38.705,99.8505,3.1565
lxt,253,0,3,334.44,37.15,0.0,0.6
lxt,253,0,4,334.265,39.58,101.0605,4.952
lxt,253,0,5,332.995,40.19,66.4038,3.9721
lxt,253,0,6,331.41,40.19,113.4638,3.9681
lxt,253,0,7,330.145,39.58,78.9395,4.952
lxt,253,0,8,329.97,37.15,0.0,0.6
lxt,253,0,9,330.54,38.7,80.1189,3.1467
lxt,253,0,10,330.815,40.25,0.0,0.01
lxt,253,0,11,331.51,38.66,113.4591,3.4665
lxt,254,0,0,335.535,41.75,0.0,0.59
lxt,254,0,1,335.24,39.45,90.0,4.6
lxt,254,0,2,335.535,37.15,0.0,0.59
lxt,254,0,3,335.83,39.45,90.0,4.6
lxt,255,0,0,338.48,41.24,0.0,1.1
lxt,255,0,1,339.03,41.495,90.0,0.51
lxt,255,0,2,337.635,41.75,0.0,2.79
lxt,255,0,3,336.24,41.495,90.0,0.51
lxt,255,0,4,336.79,41.24,0.0,1.1
lxt,255,0,5,337.34,39.195,90.0,4.09
lxt,255,0,6,337.635,37.15,0.0,0.59
lxt,255,0,7,337.93,39.195,90.0,4.09
lxt,256,0,0,339.715,37.01,67.1821,1.7793
lxt,256,0,1,339.54,36.12,157.6175,0.3677
lxt,256,0,2,340.135,36.85,62.0209,1.8118
lxt,256,0,3,340.31,37.74,160.2019,0.5314
lxt,257,0,0,345.87,38.665,66.6065,3.4757
lxt,257,0,1,346.57,40.26,0.0,0.02
lxt,257,0,2,346.85,38.705,99.8505,3.1565
lxt,257,0,3,347.415,37.15,0.0,0.59
lxt,257,0,4,347.24,39.58,100.9468,4.9501
lxt,257,0,5,345.975,40.19,66.4038,3.9721
lxt,257,0,6,344.385,40.19,113.5962,3.9721
lxt,257,0,7,343.12,39.58,79.0532,4.9501
lxt,257,0,8,342.945,37.15,0.0,0.59
lxt,257,0,9,343.51,38.7,80.1184,3.1467
lxt,257,0,10,343.785,40.25,0.0,0.01
lxt,257,0,11,344.485,38.66,113.6107,3.4705
lxt,258,0,0,348.51,41.75,0.0,0.6
lxt,258,0,1,348.21,39.45,90.0,4.6
lxt,258,0,2,348.51,37.15,0.0,0.6
lxt,258,0,3,348.81,39.45,90.0,4.6
lxt,259,0,0,352.15,41.325,123.6874,0.1803
lxt,259,0,1,352.04,41.47,130.6095,0.1844
lxt,259,0,2,351.915,41.595,139.7528,0.1703
lxt,259,0,3,351.775,41.7,146.3153,0.1803
lxt,259,0,4,351.62,41.785,156.3689,0.1746
lxt,259,0,5,351.455,41.85,160.5589,0.1803
lxt,259,0,6,351.28,41.895,170.5487,0.1825
lxt,259,0,7,351.1,41.915,176.8169,0.1803
lxt,259,0,8,350.88,41.91,4.3894,0.2608
lxt,259,0,9,350.625,41.87,13.4952,0.2571
lxt,259,0,10,350.385,41.795,21.3781,0.247
lxt,259,0,11,350.165,41.68,33.6901,0.2524
lxt,259,0,12,349.97,41.53,41.6299,0.2408
lxt,259,0,13,349.815,41.345,58.2422,0.247
lxt,259,0,14,349.705,41.125,68.6285,0.247
lxt,259,0,15,349.645,40.875,83.6605,0.2717
lxt,259,0,16,349.64,40.625,94.975,0.2309
lxt,259,0,17,349.685,40.405,108.4275,0.2214
lxt,259,0,18,349.77,40.215,120.4696,0.1972
lxt,259,0,19,349.885,40.055,130.9108,0.1985
lxt,259,0,20,350.025,39.915,139.0834,0.1985
lxt,259,0,21,350.185,39.79,144.7856,0.2081
lxt,259,0,22,350.365,39.68,152.2475,0.2147
lxt,259,0,23,350.555,39.585,154.6475,0.2103
lxt,259,0,24,350.81,39.47,156.3761,0.3492
lxt,259,0,25,351.115,39.33,154.229,0.322
lxt,259,0,26,351.385,39.17,144.2472,0.3081
lxt,259,0,27,351.56,39.02,129.8084,0.1562
lxt,259,0,28,351.65,38.895,121.6022,0.1526
lxt,259,0,29,351.715,38.755,108.4384,0.1581
lxt,259,0,30,351.75,38.59,96.337,0.1811
lxt,259,0,31,351.75,38.41,83.663,0.1811
lxt,259,0,32,351.72,38.235,76.7555,0.1746
lxt,259,0,33,351.66,38.07,63.4437,0.1789
lxt,259,0,34,351.57,37.92,54.4635,0.1721
lxt,259,0,35,351.46,37.795,42.5078,0.1628
lxt,259,0,36,351.325,37.695,30.95,0.1749
lxt,259,0,37,351.17,37.625,17.3727,0.1676
lxt,259,0,38,351.0,37.59,6.3263,0.1811
lxt,259,0,39,350.82,37.59,173.6726,0.1811
lxt,259,0,40,350.65,37.625,162.6304,0.1676
lxt,259,0,41,350.49,37.69,153.4481,0.1789
lxt,259,0,42,350.345,37.78,142.4223,0.164
lxt,259,0,43,350.225,37.895,130.2315,0.1703
lxt,259,0,44,350.13,38.04,116.5651,0.1789
lxt,259,0,45,350.06,38.205,109.4503,0.1803
lxt,259,0,46,350.025,38.385,93.0065,0.1903
lxt,259,0,47,349.72,38.415,12.2254,0.6139
lxt,259,0,48,349.45,38.215,102.5302,0.2765
lxt,259,0,49,349.535,37.955,113.7525,0.2731
lxt,259,0,50,349.66,37.72,122.4645,0.2608
lxt,259,0,51,349.815,37.515,131.8221,0.255
lxt,259,0,52,350.005,37.345,144.4678,0.258
lxt,259,0,53,350.225,37.215,154.4317,0.255
lxt,259,0,54,350.465,37.125,164.3692,0.2596
lxt,259,0,55,350.73,37.08,175.9104,0.2807
lxt,259,0,56,351.02,37.085,5.7048,0.3015
lxt,259,0,57,351.31,37.135,14.0377,0.2886
lxt,259,0,58,351.575,37.23,25.6401,0.2773
lxt,259,0,59,351.81,37.375,37.7013,0.2781
lxt,259,0,60,352.01,37.565,49.3946,0.2766
lxt,259,0,61,352.17,37.795,60.7486,0.2865
lxt,259,0,62,352.285,38.055,71.567,0.2846
lxt,259,0,63,352.345,38.345,84.4726,0.3114
lxt,259,0,64,352.345,38.64,96.1146,0.2816
lxt,259,0,65,352.3,38.9,104.0362,0.2474
lxt,259,0,66,352.215,39.125,117.6538,0.237
lxt,259,0,67,352.09,39.32,127.873,0.228
lxt,259,0,68,351.935,39.49,136.7319,0.2335
lxt,259,0,69,351.75,39.64,145.0027,0.2441
lxt,259,0,70,351.54,39.765,153.4381,0.246
lxt,259,0,71,351.31,39.875,155.3812,0.264
lxt,259,0,72,351.03,39.995,157.8884,0.3454
lxt,259,0,73,350.76,40.11,155.5614,0.2417
lxt,259,0,74,350.545,40.23,146.3099,0.2524
lxt,259,0,75,350.395,40.345,134.9903,0.1273
lxt,259,0,76,350.32,40.44,120.9689,0.1166
lxt,259,0,77,350.265,40.55,112.6157,0.13
lxt,259,0,78,350.235,40.675,94.4028,0.1304
lxt,259,0,79,350.24,40.815,82.4107,0.1514
lxt,259,0,80,350.275,40.955,68.9562,0.1393
lxt,259,0,81,350.335,41.075,57.5226,0.1304
lxt,259,0,82,350.42,41.18,45.0,0.1414
lxt,259,0,83,350.595,41.295,27.4753,0.2818
lxt,259,0,84,350.855,41.385,10.4882,0.2746
lxt,259,0,85,351.11,41.395,172.8822,0.2419
lxt,259,0,86,351.33,41.34,158.1956,0.2154
lxt,259,0,87,351.51,41.23,138.8118,0.2126
lxt,259,0,88,351.66,41.06,124.9955,0.2441
lxt,259,0,89,351.965,41.105,31.6735,0.5523
lxt,260,0,0,355.445,41.325,126.2458,0.186
lxt,260,0,1,355.33,41.47,130.6167,0.1844
lxt,260,0,2,355.205,41.595,139.7462,0.1703
lxt,260,0,3,355.065,41.7,146.3207,0.1803
lxt,260,0,4,354.91,41.785,156.3689,0.1746
lxt,260,0,5,354.745,41.85,160.5589,0.1803
lxt,260,0,6,354.57,41.895,170.5471,0.1825
lxt,260,0,7,354.39,41.915,176.8175,0.1803
lxt,260,0,8,354.17,41.91,4.39,0.2607
lxt,260,0,9,353.915,41.87,13.4952,0.2571
lxt,260,0,10,353.675,41.795,21.3755,0.247
lxt,260,0,11,353.455,41.68,33.6939,0.2524
lxt,260,0,12,353.26,41.53,41.6299,0.2408
lxt,260,0,13,353.105,41.345,58.2422,0.247
lxt,260,0,14,352.995,41.125,68.6285,0.247
lxt,260,0,15,352.935,40.875,83.6605,0.2717
lxt,260,0,16,352.935,40.625,97.4317,0.2319
lxt,260,0,17,352.98,40.405,105.9432,0.2184
lxt,260,0,18,353.06,40.215,120.4619,0.1972
lxt,260,0,19,353.175,40.055,130.9108,0.1985
lxt,260,0,20,353.315,39.915,139.0892,0.1985
lxt,260,0,21,353.475,39.79,144.7808,0.2081
lxt,260,0,22,353.655,39.68,152.2475,0.2147
lxt,260,0,23,353.845,39.585,154.6475,0.2103
lxt,260,0,24,354.1,39.47,156.3781,0.3493
lxt,260,0,25,354.405,39.33,154.2266,0.322
lxt,260,0,26,354.675,39.17,144.2472,0.3081
lxt,260,0,27,354.855,39.02,132.5157,0.1628
lxt,260,0,28,354.945,38.895,118.3024,0.1477
lxt,260,0,29,355.005,38.755,108.428,0.1581
lxt,260,0,30,355.04,38.59,96.337,0.1811
lxt,260,0,31,355.045,38.41,86.8266,0.1803
lxt,260,0,32,355.015,38.235,73.6032,0.1772
lxt,260,0,33,354.95,38.07,63.4437,0.1789
lxt,260,0,34,354.86,37.92,54.4635,0.1721
lxt,260,0,35,354.75,37.795,42.5078,0.1628
lxt,260,0,36,354.62,37.695,32.7226,0.1664
lxt,260,0,37,354.465,37.625,16.4062,0.1772
lxt,260,0,38,354.295,37.59,6.6955,0.1712
lxt,260,0,39,354.12,37.59,173.6726,0.1811
lxt,260,0,40,353.945,37.625,163.5965,0.1772
lxt,260,0,41,353.78,37.69,153.4437,0.1788
lxt,260,0,42,353.635,37.78,142.4223,0.164
lxt,260,0,43,353.515,37.895,130.2394,0.1703
lxt,260,0,44,353.42,38.04,116.5651,0.1789
lxt,260,0,45,353.355,38.205,106.3968,0.1772
lxt,260,0,46,353.32,38.385,96.0057,0.1911
lxt,260,0,47,353.01,38.415,12.2254,0.6139
lxt,260,0,48,352.74,38.215,102.5302,0.2765
lxt,260,0,49,352.825,37.955,113.7525,0.2731
lxt,260,0,50,352.95,37.72,122.4645,0.2608
lxt,260,0,51,353.105,37.515,131.8221,0.255
lxt,260,0,52,353.295,37.345,144.4678,0.258
lxt,260,0,53,353.515,37.215,154.4317,0.255
lxt,260,0,54,353.755,37.125,164.3692,0.2596
lxt,260,0,55,354.02,37.08,175.9104,0.2807
lxt,260,0,56,354.31,37.085,5.7048,0.3015
lxt,260,0,57,354.6,37.135,14.0377,0.2886
lxt,260,0,58,354.865,37.23,25.6401,0.2773
lxt,260,0,59,355.1,37.375,37.7013,0.2781
lxt,260,0,60,355.3,37.565,49.3898,0.2766
lxt,260,0,61,355.46,37.795,60.7539,0.2865
lxt,260,0,62,355.575,38.055,71.567,0.2846
lxt,260,0,63,355.635,38.345,84.4726,0.3114
lxt,260,0,64,355.635,38.64,96.1146,0.2816
lxt,260,0,65,355.59,38.9,104.0362,0.2474
lxt,260,0,66,355.505,39.125,117.6472,0.237
lxt,260,0,67,355.38,39.32,127.879,0.228
lxt,260,0,68,355.225,39.49,136.7267,0.2335
lxt,260,0,69,355.04,39.64,145.0068,0.2441
lxt,260,0,70,354.83,39.765,153.4381,0.246
lxt,260,0,71,354.605,39.875,154.4441,0.255
lxt,260,0,72,354.325,39.995,158.497,0.3547
lxt,260,0,73,354.05,40.11,155.5614,0.2417
lxt,260,0,74,353.835,40.23,146.3061,0.2524
lxt,260,0,75,353.69,40.345,131.6311,0.1204
lxt,260,0,76,353.615,40.44,125.0014,0.122
lxt,260,0,77,353.555,40.55,112.6157,0.13
lxt,260,0,78,353.525,40.675,94.4028,0.1304
lxt,260,0,79,353.53,40.815,82.3992,0.1514
lxt,260,0,80,353.565,40.955,68.9679,0.1393
lxt,260,0,81,353.625,41.075,57.5226,0.1304
lxt,260,0,82,353.71,41.18,44.9913,0.1414
lxt,260,0,83,353.885,41.295,27.4753,0.2818
lxt,260,0,84,354.15,41.385,10.1223,0.2844
lxt,260,0,85,354.405,41.395,172.5757,0.2319
lxt,260,0,86,354.62,41.34,158.1956,0.2154
lxt,260,0,87,354.8,41.23,138.8118,0.2126
lxt,260,0,88,354.95,41.06,124.9955,0.2441
lxt,260,0,89,355.26,41.105,31.1365,0.5608
lxt,261,0,0,358.18,41.915,2.3884,0.2402
lxt,261,0,1,357.94,41.89,9.4564,0.2433
lxt,261,0,2,357.705,41.84,14.6215,0.2377
lxt,261,0,3,357.48,41.77,19.9869,0.2341
lxt,261,0,4,357.265,41.68,25.4556,0.2326
lxt,261,0,5,357.06,41.57,30.965,0.2332
lxt,261,0,6,356.865,41.44,36.3869,0.236
lxt,261,0,7,356.68,41.295,39.8113,0.2343
lxt,261,0,8,356.515,41.13,50.1944,0.2343
lxt,261,0,9,356.37,40.95,52.121,0.228
lxt,261,0,10,356.235,40.76,56.9767,0.2386
lxt,261,0,11,356.12,40.555,64.5312,0.2326
lxt,261,0,12,356.03,40.335,70.8272,0.2436
lxt,261,0,13,355.955,40.105,73.0695,0.2404
lxt,261,0,14,355.905,39.87,82.875,0.2419
lxt,261,0,15,355.88,39.62,85.6039,0.2608
lxt,261,0,16,355.88,39.365,94.5714,0.2508
lxt,261,0,17,355.905,39.115,96.8425,0.2518
lxt,261,0,18,355.95,38.87,104.0362,0.2474
lxt,261,0,19,356.025,38.635,111.3663,0.247
lxt,261,0,20,356.12,38.415,115.4688,0.2326
lxt,261,0,21,356.23,38.21,120.9612,0.2332
lxt,261,0,22,356.36,38.015,126.3869,0.236
lxt,261,0,23,356.51,37.835,133.2678,0.2334
lxt,261,0,24,356.675,37.675,138.5689,0.2267
lxt,261,0,25,356.855,37.53,143.6131,0.236
lxt,261,0,26,357.05,37.405,151.1939,0.2283
lxt,261,0,27,357.255,37.3,154.5412,0.2326
lxt,261,0,28,357.47,37.21,160.0131,0.2341
lxt,261,0,29,357.695,37.14,165.3804,0.2377
lxt,261,0,30,357.93,37.095,172.8678,0.2419
lxt,261,0,31,358.175,37.075,177.7211,0.2502
lxt,261,0,32,358.425,37.075,2.2789,0.2502
lxt,261,0,33,358.67,37.095,7.1322,0.2419
lxt,261,0,34,358.905,37.14,14.6196,0.2377
lxt,261,0,35,359.13,37.21,19.9869,0.2341
lxt,261,0,36,359.345,37.3,25.4588,0.2326
lxt,261,0,37,359.55,37.405,28.8061,0.2283
lxt,261,0,38,359.745,37.53,36.3869,0.236
lxt,261,0,39,359.925,37.675,41.4311,0.2267
lxt,261,0,40,360.09,37.835,46.7322,0.2334
lxt,261,0,41,360.24,38.015,53.6131,0.236
lxt,261,0,42,360.37,38.21,59.0388,0.2332
lxt,261,0,43,360.48,38.415,64.5312,0.2326
lxt,261,0,44,360.575,38.635,68.6337,0.247
lxt,261,0,45,360.65,38.87,75.9638,0.2474
lxt,261,0,46,360.695,39.115,83.1575,0.2518
lxt,261,0,47,360.72,39.365,85.4286,0.2508
lxt,261,0,48,360.72,39.62,94.3961,0.2608
lxt,261,0,49,360.695,39.87,97.125,0.2419
lxt,261,0,50,360.65,40.105,104.6215,0.2377
lxt,261,0,51,360.575,40.335,111.3663,0.247
lxt,261,0,52,360.48,40.555,115.4688,0.2326
lxt,261,0,53,360.37,40.76,120.9612,0.2332
lxt,261,0,54,360.235,40.95,129.8113,0.2343
lxt,261,0,55,360.085,41.13,129.8056,0.2343
lxt,261,0,56,359.92,41.295,140.1887,0.2343
lxt,261,0,57,359.735,41.44,143.6131,0.236
lxt,261,0,58,359.54,41.57,149.035,0.2332
lxt,261,0,59,359.335,41.68,154.5444,0.2326
lxt,261,0,60,359.12,41.77,160.0131,0.2341
lxt,261,0,61,358.895,41.84,165.3785,0.2377
lxt,261,0,62,358.66,41.89,170.5436,0.2433
lxt,261,0,63,358.42,41.915,177.6116,0.2402
lxt,261,1,0,358.21,37.585,176.8169,0.1803
lxt,261,1,1,358.03,37.605,170.5282,0.1825
lxt,261,1,2,357.85,37.64,167.4794,0.1844
lxt,261,1,3,357.68,37.695,156.3689,0.1746
lxt,261,1,4,357.445,37.815,151.2624,0.3535
lxt,261,1,5,357.15,38.015,140.5941,0.3624
lxt,261,1,6,356.9,38.27,128.1605,0.3561
lxt,261,1,7,356.705,38.575,117.2518,0.3712
lxt,261,1,8,356.585,38.83,111.2533,0.1931
lxt,261,1,9,356.53,39.01,102.5319,0.1844
lxt,261,1,10,356.495,39.195,98.9722,0.1924
lxt,261,1,11,356.475,39.39,92.8563,0.2003
lxt,261,1,12,356.475,39.59,87.1437,0.2003
lxt,261,1,13,356.49,39.785,83.9852,0.1911
lxt,261,1,14,356.525,39.97,74.4789,0.1868
lxt,261,1,15,356.575,40.145,73.6127,0.1772
lxt,261,1,16,356.68,40.395,64.1343,0.3668
lxt,261,1,17,356.87,40.7,51.8395,0.3561
lxt,261,1,18,357.115,40.96,41.6303,0.3613
lxt,261,1,19,357.405,41.17,30.149,0.3585
lxt,261,1,20,357.645,41.29,19.4411,0.1803
lxt,261,1,21,357.82,41.345,15.5211,0.1868
lxt,261,1,22,358.005,41.385,8.9632,0.1924
lxt,261,1,23,358.2,41.405,2.865,0.2003
lxt,261,1,24,358.4,41.405,177.135,0.2003
lxt,261,1,25,358.595,41.385,171.0368,0.1924
lxt,261,1,26,358.78,41.345,164.4789,0.1868
lxt,261,1,27,358.955,41.29,160.5589,0.1803
lxt,261,1,28,359.195,41.17,149.851,0.3585
lxt,261,1,29,359.485,40.96,138.3697,0.3613
lxt,261,1,30,359.73,40.7,128.1605,0.3561
lxt,261,1,31,359.92,40.395,115.8657,0.3668
lxt,261,1,32,360.025,40.145,106.3873,0.1772
lxt,261,1,33,360.075,39.97,105.5211,0.1868
lxt,261,1,34,360.11,39.785,96.0148,0.1911
lxt,261,1,35,360.125,39.59,92.8563,0.2003
lxt,261,1,36,360.125,39.39,87.1437,0.2003
lxt,261,1,37,360.105,39.195,81.0278,0.1924
lxt,261,1,38,360.07,39.01,77.4681,0.1844
lxt,261,1,39,360.015,38.83,68.7467,0.1931
lxt,261,1,40,359.895,38.575,62.7482,0.3712
lxt,261,1,41,359.7,38.27,51.8395,0.3561
lxt,261,1,42,359.45,38.015,39.4059,0.3624
lxt,261,1,43,359.155,37.815,28.7376,0.3535
lxt,261,1,44,358.92,37.695,23.6311,0.1746
lxt,261,1,45,358.75,37.64,12.5206,0.1844
lxt,261,1,46,358.57,37.605,9.4718,0.1825
lxt,261,1,47,358.39,37.585,3.1831,0.1803
lxt,262,0,0,361.21,40.295,90.0,2.91
lxt,262,0,1,361.21,38.75,90.0,0.1801
lxt,262,0,2,361.225,38.565,98.9722,0.1924
lxt,262,0,3,361.255,38.385,100.0086,0.1726
lxt,262,0,4,361.295,38.215,106.3873,0.1772
lxt,262,0,5,361.395,37.98,116.5697,0.3354
lxt,262,0,6,361.565,37.7,126.1575,0.322
lxt,262,0,7,361.785,37.465,139.9668,0.3265
lxt,262,0,8,362.055,37.28,151.1156,0.3312
lxt,262,0,9,362.28,37.17,159.4452,0.1709
lxt,262,0,10,362.445,37.12,166.748,0.1747
lxt,262,0,11,362.625,37.09,174.0034,0.191
lxt,262,0,12,362.815,37.075,176.9843,0.1903
lxt,262,0,13,363.005,37.075,3.0157,0.1903
lxt,262,0,14,363.19,37.09,6.3274,0.1811
lxt,262,0,15,363.37,37.12,12.5412,0.1844
lxt,262,0,16,363.54,37.17,20.5548,0.1709
lxt,262,0,17,363.765,37.28,28.8818,0.3312
lxt,262,0,18,364.03,37.465,41.1901,0.3189
lxt,262,0,19,364.25,37.7,52.4308,0.328
lxt,262,0,20,364.42,37.98,64.9847,0.331
lxt,262,0,21,364.515,38.215,73.6127,0.1772
lxt,262,0,22,364.56,38.385,76.7555,0.1746
lxt,262,0,23,364.59,38.565,83.9852,0.1911
lxt,262,0,24,364.605,38.75,86.8277,0.1803
lxt,262,0,25,364.61,40.295,90.0,2.91
lxt,262,0,26,364.31,41.75,0.0,0.6
lxt,262,0,27,364.01,40.395,90.0,2.71
lxt,262,0,28,364.005,38.9,87.9586,0.2801
lxt,262,0,29,363.985,38.625,83.6605,0.2717
lxt,262,0,30,363.935,38.37,73.7376,0.25
lxt,262,0,31,363.845,38.14,63.4286,0.2459
lxt,262,0,32,363.72,37.935,53.6191,0.236
lxt,262,0,33,363.55,37.77,34.9932,0.2441
lxt,262,0,34,363.395,37.675,24.4416,0.1208
lxt,262,0,35,363.275,37.63,17.1178,0.136
lxt,262,0,36,363.14,37.6,8.1126,0.1414
lxt,262,0,37,362.99,37.585,3.5804,0.1603
lxt,262,0,38,362.83,37.585,176.4203,0.1603
lxt,262,0,39,362.68,37.6,171.8874,0.1414
lxt,262,0,40,362.545,37.63,162.8822,0.136
lxt,262,0,41,362.42,37.675,157.3843,0.13
lxt,262,0,42,362.265,37.77,143.6131,0.236
lxt,262,0,43,362.095,37.935,128.2887,0.2421
lxt,262,0,44,361.97,38.14,114.4481,0.2416
lxt,262,0,45,361.885,38.37,106.2557,0.25
lxt,262,0,46,361.83,38.625,98.4281,0.273
lxt,262,0,47,361.805,38.9,92.0476,0.2801
lxt,262,0,48,361.8,40.395,90.0,2.71
lxt,262,0,49,361.505,41.75,0.0,0.59
lxt,263,0,0,366.97,39.195,11.766,0.2451
lxt,263,0,1,367.2,39.27,24.4517,0.2417
lxt,263,0,2,367.4,39.385,35.8352,0.2221
lxt,263,0,3,367.57,39.53,45.0,0.2262
lxt,263,0,4,367.715,39.705,55.619,0.2302
lxt,263,0,5,367.825,39.9,65.7744,0.2193
lxt,263,0,6,367.9,40.115,75.3785,0.2377
lxt,263,0,7,367.94,40.345,85.025,0.2309
lxt,263,0,8,367.93,40.62,97.1264,0.3225
lxt,263,0,9,367.85,40.93,111.8014,0.3231
lxt,263,0,10,367.7,41.205,125.7528,0.3081
lxt,263,0,11,367.49,41.435,138.8136,0.3189
lxt,263,0,12,367.22,41.6,158.1986,0.3231
lxt,263,0,13,366.915,41.69,169.0463,0.3158
lxt,263,0,14,366.595,41.735,174.8008,0.3314
lxt,263,0,15,366.27,41.75,0.0,0.32
lxt,263,0,16,365.75,41.75,0.0,0.72
lxt,263,0,17,365.39,39.45,90.0,4.6
lxt,263,0,18,365.69,37.15,0.0,0.6
lxt,263,0,19,365.99,38.13,90.0,1.96
lxt,263,0,20,366.11,39.11,0.0,0.24
lxt,263,0,21,366.92,38.13,125.1485,2.3971
lxt,263,0,22,367.95,37.15,0.0,0.68
lxt,263,0,23,367.57,38.16,125.4838,2.4807
lxt,263,1,0,366.065,41.24,0.0,0.15
lxt,263,1,1,366.255,41.235,177.5078,0.2302
lxt,263,1,2,366.48,41.22,174.8006,0.2209
lxt,263,1,3,366.7,41.19,169.7007,0.2236
lxt,263,1,4,366.91,41.135,160.7092,0.2119
lxt,263,1,5,367.095,41.05,149.5381,0.1972
lxt,263,1,6,367.25,40.93,135.0,0.198
lxt,263,1,7,367.36,40.765,112.83,0.2062
lxt,263,1,8,367.415,40.555,97.4317,0.2319
lxt,263,1,9,367.415,40.32,82.875,0.2419
lxt,263,1,10,367.36,40.105,67.17,0.2062
lxt,263,1,11,367.255,39.94,47.123,0.1911
lxt,263,1,12,367.11,39.815,34.5043,0.1942
lxt,263,1,13,366.935,39.725,20.2266,0.2025
lxt,263,1,14,366.735,39.67,10.795,0.2138
lxt,263,1,15,366.515,39.64,4.9592,0.2309
lxt,263,1,16,366.29,39.625,2.6051,0.2202
lxt,263,1,17,366.085,39.62,0.0,0.19
lxt,263,1,18,365.99,40.43,90.0,1.62
lxt,264,0,0,369.02,41.75,0.0,0.6
lxt,264,0,1,368.72,39.45,90.0,4.6
lxt,264,0,2,369.02,37.15,0.0,0.6
lxt,264,0,3,369.32,39.45,90.0,4.6
lxt,265,0,0,213.82,565.065,90.0,2.71
lxt,265,0,1,213.405,566.42,0.0,0.83
lxt,265,0,2,212.99,563.235,90.0,6.37
lxt,265,0,3,213.405,560.05,0.0,0.83
lxt,265,0,4,213.82,561.41,90.0,2.72
lxt,265,0,5,213.98,562.92,43.1518,0.4386
lxt,265,0,6,215.345,561.56,128.5902,3.8637
lxt,265,0,7,217.09,560.05,0.0,1.08
lxt,265,0,8,216.165,561.83,129.4555,4.6107
lxt,265,0,9,216.14,565.015,44.2953,4.0237
lxt,265,0,10,217.06,566.42,0.0,1.04
lxt,265,0,11,215.18,565.065,44.8945,3.8396
lxt,266,0,0,222.285,560.875,113.8656,1.8043
lxt,266,0,1,223.08,560.05,0.0,0.86
lxt,266,0,2,221.975,563.4,114.6176,7.3699
lxt,266,0,3,218.91,563.4,65.4531,7.3657
lxt,266,0,4,217.81,560.05,0.0,0.86
lxt,266,0,5,218.605,560.875,66.1344,1.8043
lxt,266,0,6,220.445,561.7,0.0,2.95
lxt,266,1,0,220.445,562.41,0.0,2.29
lxt,266,1,1,219.87,563.705,66.2431,2.8298
lxt,266,1,2,221.015,563.705,113.9418,2.8338
lxt,267,0,0,224.465,560.05,0.0,0.83
lxt,267,0,1,224.88,562.45,90.0,4.8
lxt,267,0,2,227.235,562.32,132.9483,6.9129
lxt,267,0,3,229.59,563.105,90.0,6.63
lxt,267,0,4,229.18,566.42,0.0,0.82
lxt,267,0,5,228.77,564.095,90.0,4.65
lxt,267,0,6,226.41,564.245,133.6375,6.8397
lxt,267,0,7,224.05,563.385,90.0,6.67
lxt,268,0,0,234.205,565.83,124.2859,0.2663
lxt,268,0,1,234.05,566.03,131.6341,0.2408
lxt,268,0,2,233.875,566.2,139.8995,0.2484
lxt,268,0,3,233.68,566.345,146.9755,0.2385
lxt,268,0,4,233.47,566.465,153.4353,0.246
lxt,268,0,5,233.245,566.555,163.0718,0.2404
lxt,268,0,6,233.005,566.615,168.6902,0.255
lxt,268,0,7,232.75,566.645,177.7974,0.2602
lxt,268,0,8,232.44,566.64,3.1799,0.3606
lxt,268,0,9,232.09,566.59,13.2406,0.3493
lxt,268,0,10,231.76,566.48,23.6298,0.3493
lxt,268,0,11,231.455,566.32,31.8267,0.3413
lxt,268,0,12,231.19,566.115,43.7804,0.3324
lxt,268,0,13,230.975,565.86,55.8422,0.3384
lxt,268,0,14,230.82,565.555,70.0153,0.3511
lxt,268,0,15,230.74,565.205,83.8309,0.3722
lxt,268,0,16,230.735,564.86,95.3556,0.3214
lxt,268,0,17,230.795,564.56,107.8183,0.2941
lxt,268,0,18,230.905,564.295,117.4753,0.2818
lxt,268,0,19,231.06,564.07,131.9859,0.2691
lxt,268,0,20,231.255,563.875,137.8632,0.2832
lxt,268,0,21,231.48,563.7,146.3106,0.2884
lxt,268,0,22,231.73,563.55,151.6988,0.2953
lxt,268,0,23,231.995,563.42,156.0377,0.2955
lxt,268,0,24,232.35,563.265,156.644,0.4793
lxt,268,0,25,232.77,563.07,153.4354,0.4472
lxt,268,0,26,233.145,562.845,144.4616,0.4301
lxt,268,0,27,233.39,562.64,131.1858,0.2126
lxt,268,0,28,233.515,562.47,121.4297,0.211
lxt,268,0,29,233.605,562.275,108.4368,0.2214
lxt,268,0,30,233.65,562.045,94.5749,0.2508
lxt,268,0,31,233.65,561.795,85.4251,0.2508
lxt,268,0,32,233.61,561.55,75.9644,0.2474
lxt,268,0,33,233.525,561.32,63.4349,0.246
lxt,268,0,34,233.4,561.115,53.6156,0.236
lxt,268,0,35,233.245,560.945,41.4235,0.2267
lxt,268,0,36,233.06,560.81,30.9628,0.2332
lxt,268,0,37,232.85,560.71,19.9838,0.2341
lxt,268,0,38,232.615,560.655,6.8434,0.2518
lxt,268,0,39,232.365,560.655,173.1566,0.2518
lxt,268,0,40,232.125,560.705,163.0733,0.2404
lxt,268,0,41,231.905,560.795,152.3529,0.2371
lxt,268,0,42,231.705,560.92,143.6161,0.236
lxt,268,0,43,231.535,561.085,128.2921,0.2421
lxt,268,0,44,231.405,561.285,117.6429,0.2371
lxt,268,0,45,231.315,561.51,106.2617,0.25
lxt,268,0,46,231.265,561.76,96.5817,0.2617
lxt,268,0,47,230.84,561.8,12.3807,0.8395
lxt,268,0,48,230.47,561.52,101.889,0.3883
lxt,268,0,49,230.58,561.16,112.38,0.3677
lxt,268,0,50,230.75,560.84,123.6917,0.3606
lxt,268,0,51,230.97,560.56,132.708,0.3538
lxt,268,0,52,231.235,560.325,144.0912,0.3581
lxt,268,0,53,231.54,560.145,154.8844,0.3534
lxt,268,0,54,231.875,560.02,164.0551,0.364
lxt,268,0,55,232.24,559.955,175.4861,0.3812
lxt,268,0,56,232.635,559.955,4.1847,0.4111
lxt,268,0,57,233.035,560.025,15.7513,0.4052
lxt,268,0,58,233.405,560.165,25.9059,0.3891
lxt,268,0,59,233.73,560.365,37.4763,0.378
lxt,268,0,60,234.01,560.625,48.1224,0.3895
lxt,268,0,61,234.235,560.94,60.8022,0.3895
lxt,268,0,62,234.39,561.3,72.4751,0.3985
lxt,268,0,63,234.47,561.705,84.6843,0.4319
lxt,268,0,64,234.475,562.115,94.4008,0.3912
lxt,268,0,65,234.41,562.475,106.8569,0.3448
lxt,268,0,66,234.29,562.785,115.7693,0.322
lxt,268,0,67,234.12,563.055,128.6594,0.3202
lxt,268,0,68,233.905,563.29,136.2742,0.3183
lxt,268,0,69,233.65,563.495,145.8404,0.3384
lxt,268,0,70,233.36,563.67,151.9275,0.34
lxt,268,0,71,233.045,563.825,155.5552,0.3625
lxt,268,0,72,232.655,563.99,158.1991,0.4847
lxt,268,0,73,232.275,564.15,155.6954,0.3401
lxt,268,0,74,231.98,564.315,145.8401,0.3384
lxt,268,0,75,231.78,564.475,132.7084,0.1769
lxt,268,0,76,231.67,564.61,125.5394,0.172
lxt,268,0,77,231.59,564.76,110.5551,0.1709
lxt,268,0,78,231.55,564.93,96.3416,0.1811
lxt,268,0,79,231.555,565.12,81.4696,0.2022
lxt,268,0,80,231.605,565.31,68.7475,0.1931
lxt,268,0,81,231.69,565.48,57.993,0.1887
lxt,268,0,82,231.81,565.63,45.0,0.198
lxt,268,0,83,232.05,565.79,27.8976,0.3847
lxt,268,0,84,232.41,565.915,10.4373,0.3864
lxt,268,0,85,232.765,565.93,173.0887,0.3324
lxt,268,0,86,233.065,565.85,156.0377,0.2955
lxt,268,0,87,233.315,565.695,140.4397,0.2983
lxt,268,0,88,233.525,565.465,125.1347,0.3302
lxt,268,0,89,233.95,565.525,30.579,0.7666
lxt,269,0,0,239.47,560.875,114.1557,1.8083
lxt,269,0,1,240.27,560.05,0.0,0.86
lxt,269,0,2,239.165,563.4,114.6177,7.3699
lxt,269,0,3,236.1,563.4,65.4531,7.3657
lxt,269,0,4,235.0,560.05,0.0,0.86
lxt,269,0,5,235.795,560.875,66.1344,1.8043
lxt,269,0,6,237.63,561.7,0.0,2.94
lxt,269,1,0,237.63,562.41,0.0,2.28
lxt,269,1,1,237.06,563.705,66.2431,2.8298
lxt,269,1,2,238.2,563.705,113.7569,2.8298
lxt,270,0,0,244.73,565.83,122.4712,0.2608
lxt,270,0,1,244.575,566.03,133.3631,0.2476
lxt,270,0,2,244.4,566.2,138.3677,0.2408
lxt,270,0,3,244.205,566.345,148.2393,0.247
lxt,270,0,4,243.99,566.465,153.4353,0.246
lxt,270,0,5,243.765,566.555,163.0718,0.2404
lxt,270,0,6,243.525,566.615,168.6902,0.255
lxt,270,0,7,243.27,566.645,177.7974,0.2602
lxt,270,0,8,242.965,566.64,3.2706,0.3506
lxt,270,0,9,242.615,566.59,12.8748,0.359
lxt,270,0,10,242.28,566.48,23.6298,0.3493
lxt,270,0,11,241.975,566.32,31.8267,0.3413
lxt,270,0,12,241.71,566.115,43.7804,0.3324
lxt,270,0,13,241.495,565.86,55.8422,0.3384
lxt,270,0,14,241.34,565.555,70.0153,0.3511
lxt,270,0,15,241.26,565.205,83.8309,0.3722
lxt,270,0,16,241.255,564.86,95.3556,0.3214
lxt,270,0,17,241.315,564.56,107.8183,0.2941
lxt,270,0,18,241.43,564.295,119.2487,0.2865
lxt,270,0,19,241.585,564.07,130.3641,0.2625
lxt,270,0,20,241.78,563.875,139.185,0.2907
lxt,270,0,21,242.01,563.7,146.3106,0.2884
lxt,270,0,22,242.255,563.55,150.7513,0.2865
lxt,270,0,23,242.52,563.42,156.8012,0.3046
lxt,270,0,24,242.875,563.265,156.1611,0.4701
lxt,270,0,25,243.295,563.07,153.9968,0.4562
lxt,270,0,26,243.675,562.845,144.4628,0.4301
lxt,270,0,27,243.92,562.64,131.1858,0.2126
lxt,270,0,28,244.04,562.47,119.0523,0.2059
lxt,270,0,29,244.125,562.275,108.4368,0.2214
lxt,270,0,30,244.175,562.045,96.8425,0.2518
lxt,270,0,31,244.18,561.795,85.4251,0.2508
lxt,270,0,32,244.135,561.55,73.7416,0.25
lxt,270,0,33,244.05,561.32,65.5548,0.2417
lxt,270,0,34,243.93,561.115,53.6156,0.236
lxt,270,0,35,243.775,560.945,41.4235,0.2267
lxt,270,0,36,243.59,560.81,30.9647,0.2332
lxt,270,0,37,243.375,560.71,19.1789,0.2435
lxt,270,0,38,243.14,560.655,7.1255,0.2419
lxt,270,0,39,242.895,560.655,173.1566,0.2518
lxt,270,0,40,242.65,560.705,163.7402,0.25
lxt,270,0,41,242.425,560.795,152.3529,0.2371
lxt,270,0,42,242.23,560.92,142.1264,0.228
lxt,270,0,43,242.065,561.085,128.2892,0.2421
lxt,270,0,44,241.93,561.285,119.744,0.2419
lxt,270,0,45,241.835,561.51,106.2617,0.25
lxt,270,0,46,241.79,561.76,94.3997,0.2608
lxt,270,0,47,241.365,561.8,12.2361,0.8493
lxt,270,0,48,240.995,561.52,103.3263,0.3905
lxt,270,0,49,241.11,561.16,112.38,0.3677
lxt,270,0,50,241.275,560.84,122.3478,0.3551
lxt,270,0,51,241.49,560.56,132.708,0.3538
lxt,270,0,52,241.755,560.325,144.0912,0.3581
lxt,270,0,53,242.06,560.145,154.8844,0.3534
lxt,270,0,54,242.395,560.02,164.0551,0.364
lxt,270,0,55,242.76,559.955,175.4861,0.3812
lxt,270,0,56,243.155,559.955,4.1847,0.4111
lxt,270,0,57,243.555,560.025,15.7513,0.4052
lxt,270,0,58,243.925,560.165,25.9059,0.3891
lxt,270,0,59,244.255,560.365,36.5736,0.386
lxt,270,0,60,244.535,560.625,49.2361,0.3829
lxt,270,0,61,244.755,560.94,60.8022,0.3895
lxt,270,0,62,244.91,561.3,72.4751,0.3985
lxt,270,0,63,244.99,561.705,84.6843,0.4319
lxt,270,0,64,244.995,562.115,94.4008,0.3912
lxt,270,0,65,244.935,562.475,105.2545,0.3421
lxt,270,0,66,244.815,562.785,117.349,0.3265
lxt,270,0,67,244.645,563.055,127.2352,0.314
lxt,270,0,68,244.43,563.29,137.49,0.3256
lxt,270,0,69,244.175,563.495,144.8649,0.3301
lxt,270,0,70,243.885,563.67,152.7011,0.3489
lxt,270,0,71,243.57,563.825,154.8847,0.3534
lxt,270,0,72,243.18,563.99,158.6296,0.494
lxt,270,0,73,242.795,564.15,155.6954,0.3401
lxt,270,0,74,242.5,564.315,145.8401,0.3384
lxt,270,0,75,242.3,564.475,132.7084,0.1769
lxt,270,0,76,242.195,564.61,122.7343,0.1664
lxt,270,0,77,242.12,564.76,110.5599,0.1709
lxt,270,0,78,242.08,564.93,96.3368,0.1811
lxt,270,0,79,242.08,565.12,84.2925,0.201
lxt,270,0,80,242.125,565.31,68.7475,0.1931
lxt,270,0,81,242.215,565.48,55.4913,0.1942
lxt,270,0,82,242.34,565.63,45.0,0.198
lxt,270,0,83,242.58,565.79,27.8976,0.3847
lxt,270,0,84,242.94,565.915,10.4373,0.3864
lxt,270,0,85,243.295,565.93,173.089,0.3324
lxt,270,0,86,243.595,565.85,156.0365,0.2955
lxt,270,0,87,243.84,565.695,139.185,0.2907
lxt,270,0,88,244.05,565.465,126.5307,0.336
lxt,270,0,89,244.475,565.525,30.964,0.758
lxt,271,0,0,252.75,566.33,154.6541,0.4205
lxt,271,0,1,252.36,566.485,161.9957,0.4206
lxt,271,0,2,251.955,566.59,168.9592,0.4177
lxt,271,0,3,251.54,566.64,177.2736,0.4205
lxt,271,0,4,251.155,566.645,1.6366,0.3501
lxt,271,0,5,250.81,566.615,8.3658,0.3437
lxt,271,0,6,250.475,566.55,13.6269,0.3396
lxt,271,0,7,250.155,566.455,19.5369,0.3289
lxt,271,0,8,249.85,566.33,25.0166,0.3311
lxt,271,0,9,249.555,566.175,30.3797,0.3361
lxt,271,0,10,249.28,565.995,36.1588,0.322
lxt,271,0,11,249.03,565.79,42.5097,0.3256
lxt,271,0,12,248.795,565.56,46.2194,0.3324
lxt,271,0,13,248.585,565.31,53.8415,0.322
lxt,271,0,14,248.4,565.04,57.2637,0.3329
lxt,271,0,15,248.24,564.75,64.9831,0.3311
lxt,271,0,16,248.11,564.445,68.8396,0.3324
lxt,271,0,17,248.01,564.125,76.3727,0.3396
lxt,271,0,18,247.94,563.79,79.9924,0.3453
lxt,271,0,19,247.905,563.44,88.4097,0.3601
lxt,271,0,20,247.905,563.085,91.6357,0.3501
lxt,271,0,21,247.94,562.745,100.3044,0.3354
lxt,271,0,22,248.01,562.415,103.6273,0.3396
lxt,271,0,23,248.11,562.1,111.8005,0.3231
lxt,271,0,24,248.24,561.805,115.7692,0.322
lxt,271,0,25,248.395,561.52,121.2636,0.3276
lxt,271,0,26,248.58,561.255,128.6615,0.3202
lxt,271,0,27,248.785,561.01,131.185,0.3189
lxt,271,0,28,249.01,560.785,138.8143,0.3189
lxt,271,0,29,249.26,560.585,143.8414,0.322
lxt,271,0,30,249.53,560.41,150.255,0.3225
lxt,271,0,31,249.815,560.26,154.2314,0.322
lxt,271,0,32,250.115,560.135,160.4631,0.3289
lxt,271,0,33,250.43,560.04,165.9638,0.3298
lxt,271,0,34,250.755,559.975,171.3839,0.3338
lxt,271,0,35,251.09,559.945,178.3157,0.3402
lxt,271,0,36,251.475,559.955,3.9908,0.431
lxt,271,0,37,251.91,560.01,10.305,0.4472
lxt,271,0,38,252.34,560.12,18.4349,0.4427
lxt,271,0,39,252.745,560.28,24.7752,0.4295
lxt,271,0,40,252.94,560.845,90.0,0.95
lxt,271,0,41,252.75,561.175,37.3491,0.478
lxt,271,0,42,252.35,560.925,26.5651,0.4696
lxt,271,0,43,251.92,560.755,16.4601,0.4588
lxt,271,0,44,251.465,560.665,6.0723,0.4727
lxt,271,0,45,251.1,560.65,175.6019,0.2608
lxt,271,0,46,250.845,560.68,170.9095,0.2532
lxt,271,0,47,250.595,560.73,166.504,0.2571
lxt,271,0,48,250.355,560.81,156.5014,0.2508
lxt,271,0,49,250.025,560.98,150.8327,0.4925
lxt,271,0,50,249.625,561.265,138.2703,0.4958
lxt,271,0,51,249.29,561.625,127.5686,0.492
lxt,271,0,52,249.025,562.045,117.0717,0.5054
lxt,271,0,53,248.87,562.39,108.4354,0.253
lxt,271,0,54,248.8,562.635,103.4952,0.2571
lxt,271,0,55,248.755,562.89,96.5817,0.2617
lxt,271,0,56,248.73,563.155,94.2373,0.2707
lxt,271,0,57,248.73,563.42,85.6004,0.2608
lxt,271,0,58,248.755,563.685,83.6601,0.2717
lxt,271,0,59,248.8,563.945,76.5048,0.2571
lxt,271,0,60,248.875,564.19,69.4447,0.2563
lxt,271,0,61,249.03,564.535,63.9464,0.5009
lxt,271,0,62,249.295,564.96,52.2245,0.5061
lxt,271,0,63,249.635,565.325,41.7287,0.4958
lxt,271,0,64,250.035,565.61,29.168,0.4924
lxt,271,0,65,250.37,565.78,22.6195,0.26
lxt,271,0,66,250.61,565.86,14.0367,0.2474
lxt,271,0,67,250.86,565.91,8.746,0.2631
lxt,271,0,68,251.12,565.94,4.3985,0.2608
lxt,271,0,69,251.475,565.93,174.9205,0.4518
lxt,271,0,70,251.925,565.845,163.8871,0.4684
lxt,271,0,71,252.36,565.68,154.5365,0.4652
lxt,271,0,72,252.755,565.445,143.8803,0.458
lxt,271,0,73,252.94,565.775,90.0,0.93
lxt,272,0,0,254.275,566.42,0.0,0.83
lxt,272,0,1,253.86,563.235,90.0,6.37
lxt,272,0,2,254.275,560.05,0.0,0.83
lxt,272,0,3,254.69,563.235,90.0,6.37
lxt,273,0,0,258.36,565.71,0.0,1.52
lxt,273,0,1,259.12,566.065,90.0,0.71
lxt,273,0,2,257.185,566.42,0.0,3.87
lxt,273,0,3,255.25,566.065,90.0,0.71
lxt,273,0,4,256.01,565.71,0.0,1.52
lxt,273,0,5,256.77,562.88,90.0,5.66
lxt,273,0,6,257.185,560.05,0.0,0.83
lxt,273,0,7,257.6,562.88,90.0,5.66
lxt,274,0,0,261.11,561.465,90.0,2.83
lxt,274,0,1,261.525,560.05,0.0,0.83
lxt,274,0,2,261.94,561.465,90.0,2.83
lxt,274,0,3,262.985,564.65,59.4423,4.1109
lxt,274,0,4,263.57,566.42,0.0,0.92
lxt,274,0,5,262.32,565.09,59.2906,3.0939
lxt,274,0,6,260.735,565.09,120.869,3.099
lxt,274,0,7,259.485,566.42,0.0,0.91
lxt,274,0,8,260.07,564.65,120.4371,4.1058
lxt,275,0,0,265.97,563.305,66.5377,8.841
lxt,275,0,1,264.51,559.115,155.7713,0.6579
lxt,275,0,2,266.57,563.06,66.6658,8.8869
lxt,275,0,3,268.03,567.25,159.8639,0.6391
lxt,276,0,0,269.65,566.42,0.0,0.82
lxt,276,0,1,269.24,563.235,90.0,6.37
lxt,276,0,2,270.625,560.05,0.0,2.77
lxt,276,0,3,272.01,560.405,90.0,0.71
lxt,276,0,4,271.035,560.76,0.0,1.95
lxt,276,0,5,270.06,563.59,90.0,5.66
lxt,277,0,0,274.24,560.05,0.0,3.46
lxt,277,0,1,275.97,560.405,90.0,0.71
lxt,277,0,2,274.65,560.76,0.0,2.64
lxt,277,0,3,273.33,562.0,90.0,2.48
lxt,277,0,4,274.615,563.24,0.0,2.57
lxt,277,0,5,275.9,563.59,90.0,0.7
lxt,277,0,6,274.615,563.94,0.0,2.57
lxt,277,0,7,273.33,564.825,90.0,1.77
lxt,277,0,8,274.65,565.71,0.0,2.64
lxt,277,0,9,275.97,566.065,90.0,0.71
lxt,277,0,10,274.24,566.42,0.0,3.46
lxt,277,0,11,272.51,563.235,90.0,6.37
lxt,278,0,0,278.66,560.05,0.0,3.46
lxt,278,0,1,280.39,560.405,90.0,0.71
lxt,278,0,2,279.07,560.76,0.0,2.64
lxt,278,0,3,277.75,562.0,90.0,2.48
lxt,278,0,4,279.035,563.24,0.0,2.57
lxt,278,0,5,280.32,563.59,90.0,0.7
lxt,278,0,6,279.035,563.94,0.0,2.57
lxt,278,0,7,277.75,564.825,90.0,1.77
lxt,278,0,8,279.07,565.71,0.0,2.64
lxt,278,0,9,280.39,566.065,90.0,0.71
lxt,278,0,10,278.66,566.42,0.0,3.46
lxt,278,0,11,276.93,563.235,90.0,6.37
lxt,279,0,0,281.48,565.51,67.1665,2.4739
lxt,279,0,1,281.245,564.275,158.8057,0.5255
lxt,279,0,2,282.07,565.29,62.4118,2.5048
lxt,279,0,3,282.305,566.525,160.0837,0.7339
lxt,280,0,0,287.19,565.83,122.474,0.2608
lxt,280,0,1,287.035,566.03,133.3605,0.2476
lxt,280,0,2,286.86,566.2,138.3653,0.2408
lxt,280,0,3,286.665,566.345,148.243,0.247
lxt,280,0,4,286.455,566.465,152.3533,0.2371
lxt,280,0,5,286.23,566.555,163.7388,0.25
lxt,280,0,6,285.985,566.615,168.6902,0.255
lxt,280,0,7,285.735,566.645,177.7093,0.2502
lxt,280,0,8,285.43,566.64,3.1798,0.3606
lxt,280,0,9,285.075,566.59,12.8759,0.359
lxt,280,0,10,284.74,566.48,23.6288,0.3493
lxt,280,0,11,284.435,566.32,31.8267,0.3413
lxt,280,0,12,284.17,566.115,43.7822,0.3324
lxt,280,0,13,283.955,565.86,55.84,0.3384
lxt,280,0,14,283.805,565.555,71.5626,0.3479
lxt,280,0,15,283.725,565.205,82.3058,0.3734
lxt,280,0,16,283.715,564.86,95.3556,0.3214
lxt,280,0,17,283.775,564.56,107.8183,0.2941
lxt,280,0,18,283.89,564.295,119.2514,0.2865
lxt,280,0,19,284.05,564.07,131.9859,0.2691
lxt,280,0,20,284.245,563.875,137.8612,0.2832
lxt,280,0,21,284.47,563.7,146.3089,0.2884
lxt,280,0,22,284.72,563.55,151.7002,0.2953
lxt,280,0,23,284.985,563.42,156.0365,0.2955
lxt,280,0,24,285.335,563.265,156.1626,0.4701
lxt,280,0,25,285.755,563.07,153.9968,0.4562
lxt,280,0,26,286.135,562.845,144.4604,0.4301
lxt,280,0,27,286.38,562.64,131.1889,0.2126
lxt,280,0,28,286.5,562.47,119.056,0.2059
lxt,280,0,29,286.585,562.275,108.4293,0.2214
lxt,280,0,30,286.635,562.045,96.8494,0.2518
lxt,280,0,31,286.64,561.795,85.4216,0.2508
lxt,280,0,32,286.595,561.55,73.7383,0.25
lxt,280,0,33,286.51,561.32,65.5614,0.2417
lxt,280,0,34,286.39,561.115,53.6126,0.236
lxt,280,0,35,286.235,560.945,41.4261,0.2267
lxt,280,0,36,286.05,560.81,30.9628,0.2332
lxt,280,0,37,285.835,560.71,19.1777,0.2435
lxt,280,0,38,285.6,560.655,7.1259,0.2419
lxt,280,0,39,285.355,560.655,173.1566,0.2518
lxt,280,0,40,285.115,560.705,163.0733,0.2404
lxt,280,0,41,284.89,560.795,153.4349,0.246
lxt,280,0,42,284.69,560.92,142.124,0.228
lxt,280,0,43,284.525,561.085,128.2892,0.2421
lxt,280,0,44,284.39,561.285,119.744,0.2419
lxt,280,0,45,284.295,561.51,106.2617,0.25
lxt,280,0,46,284.25,561.76,94.3963,0.2608
lxt,280,0,47,283.825,561.8,12.2359,0.8493
lxt,280,0,48,283.455,561.52,103.3241,0.3905
lxt,280,0,49,283.57,561.16,112.3822,0.3677
lxt,280,0,50,283.735,560.84,122.3478,0.3551
lxt,280,0,51,283.955,560.56,133.8765,0.3607
lxt,280,0,52,284.22,560.325,143.1301,0.35
lxt,280,0,53,284.52,560.145,154.8854,0.3534
lxt,280,0,54,284.855,560.02,164.0538,0.364
lxt,280,0,55,285.22,559.955,175.4863,0.3812
lxt,280,0,56,285.62,559.955,4.0853,0.4211
lxt,280,0,57,286.02,560.025,16.1442,0.3956
lxt,280,0,58,286.385,560.165,25.9078,0.3891
lxt,280,0,59,286.715,560.365,36.5736,0.386
lxt,280,0,60,286.995,560.625,49.2361,0.3829
lxt,280,0,61,287.215,560.94,60.8022,0.3895
lxt,280,0,62,287.37,561.3,72.471,0.3985
lxt,280,0,63,287.45,561.705,84.6884,0.4319
lxt,280,0,64,287.455,562.115,94.3985,0.3912
lxt,280,0,65,287.395,562.475,105.2545,0.3421
lxt,280,0,66,287.275,562.785,117.349,0.3265
lxt,280,0,67,287.105,563.055,127.2352,0.314
lxt,280,0,68,286.89,563.29,137.4882,0.3256
lxt,280,0,69,286.635,563.495,144.868,0.3302
lxt,280,0,70,286.35,563.67,151.9263,0.34
lxt,280,0,71,286.035,563.825,155.5572,0.3625
lxt,280,0,72,285.64,563.99,158.629,0.494
lxt,280,0,73,285.26,564.15,154.9823,0.331
lxt,280,0,74,284.965,564.315,146.769,0.3467
lxt,280,0,75,284.76,564.475,132.7084,0.1769
lxt,280,0,76,284.655,564.61,122.7343,0.1664
lxt,280,0,77,284.58,564.76,110.5551,0.1709
lxt,280,0,78,284.54,564.93,96.3464,0.1811
lxt,280,0,79,284.54,565.12,84.2839,0.201
lxt,280,0,80,284.585,565.31,68.7559,0.1931
lxt,280,0,81,284.675,565.48,55.4876,0.1942
lxt,280,0,82,284.8,565.63,45.0031,0.198
lxt,280,0,83,285.04,565.79,27.8954,0.3847
lxt,280,0,84,285.4,565.915,10.4381,0.3864
lxt,280,0,85,285.755,565.93,173.0893,0.3324
lxt,280,0,86,286.055,565.85,156.0365,0.2955
lxt,280,0,87,286.305,565.695,140.4416,0.2983
lxt,280,0,88,286.515,565.465,125.1347,0.3302
lxt,280,0,89,286.935,565.525,30.964,0.758
lxt,281,0,0,294.2,565.83,122.474,0.2608
lxt,281,0,1,294.045,566.03,133.3605,0.2476
lxt,281,0,2,293.87,566.2,138.3653,0.2408
lxt,281,0,3,293.675,566.345,148.243,0.247
lxt,281,0,4,293.465,566.465,152.3533,0.2371
lxt,281,0,5,293.24,566.555,163.7388,0.25
lxt,281,0,6,292.995,566.615,168.6902,0.255
lxt,281,0,7,292.745,566.645,177.7093,0.2502
lxt,281,0,8,292.44,566.64,3.1798,0.3606
lxt,281,0,9,292.085,566.59,12.8759,0.359
lxt,281,0,10,291.75,566.48,23.6288,0.3493
lxt,281,0,11,291.445,566.32,31.8267,0.3413
lxt,281,0,12,291.18,566.115,43.7822,0.3324
lxt,281,0,13,290.965,565.86,55.84,0.3384
lxt,281,0,14,290.81,565.555,70.0176,0.3511
lxt,281,0,15,290.73,565.205,83.8285,0.3722
lxt,281,0,16,290.725,564.86,95.3556,0.3214
lxt,281,0,17,290.785,564.56,107.8183,0.2941
lxt,281,0,18,290.9,564.295,119.2514,0.2865
lxt,281,0,19,291.06,564.07,131.9859,0.2691
lxt,281,0,20,291.255,563.875,137.8612,0.2832
lxt,281,0,21,291.48,563.7,146.3089,0.2884
lxt,281,0,22,291.73,563.55,151.7002,0.2953
lxt,281,0,23,291.995,563.42,156.0365,0.2955
lxt,281,0,24,292.345,563.265,156.1626,0.4701
lxt,281,0,25,292.765,563.07,153.9968,0.4562
lxt,281,0,26,293.145,562.845,144.4604,0.4301
lxt,281,0,27,293.39,562.64,131.1889,0.2126
lxt,281,0,28,293.51,562.47,119.056,0.2059
lxt,281,0,29,293.595,562.275,108.4293,0.2214
lxt,281,0,30,293.645,562.045,96.8494,0.2518
lxt,281,0,31,293.65,561.795,85.4216,0.2508
lxt,281,0,32,293.605,561.55,73.7383,0.25
lxt,281,0,33,293.52,561.32,65.5614,0.2417
lxt,281,0,34,293.4,561.115,53.6126,0.236
lxt,281,0,35,293.245,560.945,41.4261,0.2267
lxt,281,0,36,293.06,560.81,30.9628,0.2332
lxt,281,0,37,292.845,560.71,19.1777,0.2435
lxt,281,0,38,292.61,560.655,7.1259,0.2419
lxt,281,0,39,292.365,560.655,173.1566,0.2518
lxt,281,0,40,292.125,560.705,163.0733,0.2404
lxt,281,0,41,291.9,560.795,153.4349,0.246
lxt,281,0,42,291.7,560.92,142.124,0.228
lxt,281,0,43,291.535,561.085,128.2892,0.2421
lxt,281,0,44,291.4,561.285,119.744,0.2419
lxt,281,0,45,291.305,561.51,106.2617,0.25
lxt,281,0,46,291.26,561.76,94.3963,0.2608
lxt,281,0,47,290.835,561.8,12.2359,0.8493
lxt,281,0,48,290.465,561.52,103.3241,0.3905
lxt,281,0,49,290.58,561.16,112.3822,0.3677
lxt,281,0,50,290.745,560.84,122.3478,0.3551
lxt,281,0,51,290.965,560.56,133.8765,0.3607
lxt,281,0,52,291.23,560.325,143.1301,0.35
lxt,281,0,53,291.53,560.145,154.8854,0.3534
lxt,281,0,54,291.865,560.02,164.0538,0.364
lxt,281,0,55,292.23,559.955,175.4863,0.3812
lxt,281,0,56,292.63,559.955,4.0853,0.4211
lxt,281,0,57,293.03,560.025,16.1442,0.3956
lxt,281,0,58,293.395,560.165,25.9078,0.3891
lxt,281,0,59,293.725,560.365,36.5736,0.386
lxt,281,0,60,294.005,560.625,49.2361,0.3829
lxt,281,0,61,294.225,560.94,60.8022,0.3895
lxt,281,0,62,294.38,561.3,72.471,0.3985
lxt,281,0,63,294.46,561.705,84.6884,0.4319
lxt,281,0,64,294.465,562.115,94.3985,0.3912
lxt,281,0,65,294.405,562.475,105.2545,0.3421
lxt,281,0,66,294.285,562.785,117.349,0.3265
lxt,281,0,67,294.115,563.055,127.2352,0.314
lxt,281,0,68,293.9,563.29,137.4882,0.3256
lxt,281,0,69,293.645,563.495,144.868,0.3302
lxt,281,0,70,293.36,563.67,151.9263,0.34
lxt,281,0,71,293.045,563.825,155.5572,0.3625
lxt,281,0,72,292.65,563.99,158.629,0.494
lxt,281,0,73,292.27,564.15,154.9823,0.331
lxt,281,0,74,291.975,564.315,146.769,0.3467
lxt,281,0,75,291.77,564.475,132.7084,0.1769
lxt,281,0,76,291.665,564.61,122.7343,0.1664
lxt,281,0,77,291.59,564.76,110.5551,0.1709
lxt,281,0,78,291.55,564.93,96.3464,0.1811
lxt,281,0,79,291.55,565.12,84.2839,0.201
lxt,281,0,80,291.595,565.31,68.7559,0.1931
lxt,281,0,81,291.685,565.48,55.4876,0.1942
lxt,281,0,82,291.81,565.63,45.0031,0.198
lxt,281,0,83,292.05,565.79,27.8954,0.3847
lxt,281,0,84,292.41,565.915,10.4381,0.3864
lxt,281,0,85,292.765,565.93,173.0893,0.3324
lxt,281,0,86,293.065,565.85,156.0365,0.2955
lxt,281,0,87,293.315,565.695,140.4416,0.2983
lxt,281,0,88,293.525,565.465,125.1347,0.3302
lxt,281,0,89,293.945,565.525,30.964,0.758
lxt,282,0,0,295.15,564.41,90.0,4.02
lxt,282,0,1,295.155,562.265,92.1232,0.2702
lxt,282,0,2,295.175,562.005,96.8425,0.2518
lxt,282,0,3,295.215,561.76,101.7656,0.2451
lxt,282,0,4,295.28,561.525,109.1825,0.2435
lxt,282,0,5,295.415,561.2,114.338,0.461
lxt,282,0,6,295.645,560.81,126.8718,0.45
lxt,282,0,7,295.95,560.485,139.5374,0.4469
lxt,282,0,8,296.325,560.23,151.7831,0.4653
lxt,282,0,9,296.64,560.08,160.0166,0.2341
lxt,282,0,10,296.87,560.01,165.9638,0.2474
lxt,282,0,11,297.115,559.965,173.1566,0.2518
lxt,282,0,12,297.375,559.945,177.8792,0.2702
lxt,282,0,13,297.645,559.945,2.1206,0.2702
lxt,282,0,14,297.905,559.965,6.8434,0.2518
lxt,282,0,15,298.15,560.01,14.0362,0.2474
lxt,282,0,16,298.38,560.08,19.9834,0.2341
lxt,282,0,17,298.695,560.23,28.2169,0.4653
lxt,282,0,18,299.065,560.485,41.3099,0.4393
lxt,282,0,19,299.365,560.81,53.1282,0.45
lxt,282,0,20,299.6,561.2,64.5386,0.4652
lxt,282,0,21,299.735,561.525,73.0711,0.2404
lxt,282,0,22,299.8,561.76,75.9642,0.2474
lxt,282,0,23,299.845,562.005,83.1575,0.2518
lxt,282,0,24,299.865,562.265,87.8768,0.2702
lxt,282,0,25,299.87,564.41,90.0,4.02
lxt,282,0,26,299.455,566.42,0.0,0.83
lxt,282,0,27,299.04,564.545,90.0,3.75
lxt,282,0,28,299.035,562.475,88.5298,0.3901
lxt,282,0,29,299.0,562.095,80.7894,0.3748
lxt,282,0,30,298.925,561.74,75.1739,0.3517
lxt,282,0,31,298.805,561.415,64.1755,0.3444
lxt,282,0,32,298.63,561.135,51.3428,0.3201
lxt,282,0,33,298.395,560.91,36.527,0.336
lxt,282,0,34,298.18,560.775,23.6328,0.1746
lxt,282,0,35,298.015,560.715,16.3881,0.1772
lxt,282,0,36,297.83,560.675,8.531,0.2022
lxt,282,0,37,297.62,560.65,5.1935,0.2209
lxt,282,0,38,297.4,560.65,174.8058,0.2209
lxt,282,0,39,297.19,560.675,171.469,0.2022
lxt,282,0,40,297.0,560.715,164.4755,0.1868
lxt,282,0,41,296.83,560.775,156.3712,0.1746
lxt,282,0,42,296.62,560.91,142.4323,0.328
lxt,282,0,43,296.385,561.135,130.0291,0.3265
lxt,282,0,44,296.21,561.415,114.3067,0.3402
lxt,282,0,45,296.09,561.74,106.3859,0.3544
lxt,282,0,46,296.015,562.095,97.6988,0.3734
lxt,282,0,47,295.985,562.475,91.4702,0.3901
lxt,282,0,48,295.98,564.545,90.0,3.75
lxt,282,0,49,295.565,566.42,0.0,0.83
lxt,283,0,0,304.93,562.15,66.5203,4.819
lxt,283,0,1,305.9,564.36,0.0,0.02
lxt,283,0,2,306.285,562.205,99.8714,4.3748
lxt,283,0,3,307.07,560.05,0.0,0.82
lxt,283,0,4,306.825,563.415,101.0149,6.8563
lxt,283,0,5,305.07,564.26,66.4182,5.4992
lxt,283,0,6,302.875,564.26,113.4861,5.4952
lxt,283,0,7,301.125,563.415,78.9851,6.8563
lxt,283,0,8,300.88,560.05,0.0,0.82
lxt,283,0,9,301.665,562.195,80.0835,4.3551
lxt,283,0,10,302.05,564.34,0.0,0.02
lxt,283,0,11,303.015,562.14,113.4653,4.7967
lxt,284,0,0,312.16,562.15,66.5203,4.819
lxt,284,0,1,313.125,564.36,0.0,0.01
lxt,284,0,2,313.505,562.205,99.8714,4.3748
lxt,284,0,3,314.29,560.05,0.0,0.82
lxt,284,0,4,314.045,563.415,101.0149,6.8563
lxt,284,0,5,312.295,564.26,66.5139,5.4952
lxt,284,0,6,310.1,564.26,113.5818,5.4992
lxt,284,0,7,308.345,563.415,78.9851,6.8563
lxt,284,0,8,308.105,560.05,0.0,0.83
lxt,284,0,9,308.89,562.195,80.2132,4.3534
lxt,284,0,10,309.27,564.34,0.0,0.02
lxt,284,0,11,310.24,562.14,113.5749,4.8007
lxt,285,0,0,315.805,566.42,0.0,0.83
lxt,285,0,1,315.39,563.235,90.0,6.37
lxt,285,0,2,315.805,560.05,0.0,0.83
lxt,285,0,3,316.22,563.235,90.0,6.37
lxt,286,0,0,319.89,565.71,0.0,1.52
lxt,286,0,1,320.65,566.065,90.0,0.71
lxt,286,0,2,318.72,566.42,0.0,3.86
lxt,286,0,3,316.79,566.065,90.0,0.71
lxt,286,0,4,317.55,565.71,0.0,1.52
lxt,286,0,5,318.31,562.88,90.0,5.66
lxt,286,0,6,318.72,560.05,0.0,0.82
lxt,286,0,7,319.13,562.88,90.0,5.66
lxt,287,0,0,325.87,562.885,11.6337,0.3471
lxt,287,0,1,326.19,562.985,23.4276,0.327
lxt,287,0,2,326.47,563.14,34.6971,0.3162
lxt,287,0,3,326.705,563.34,46.3335,0.3041
lxt,287,0,4,326.9,563.58,55.3014,0.3162
lxt,287,0,5,327.055,563.855,65.8536,0.3178
lxt,287,0,6,327.155,564.155,77.2797,0.3178
lxt,287,0,7,327.205,564.475,84.8058,0.3314
lxt,287,0,8,327.195,564.855,96.6309,0.4329
lxt,287,0,9,327.09,565.275,111.3183,0.4401
lxt,287,0,10,326.885,565.66,124.7779,0.4383
lxt,287,0,11,326.59,565.98,140.5272,0.4405
lxt,287,0,12,326.215,566.205,157.4796,0.4439
lxt,287,0,13,325.79,566.335,168.4399,0.4491
lxt,287,0,14,325.35,566.395,176.0997,0.441
lxt,287,0,15,324.905,566.415,178.7269,0.4501
lxt,287,0,16,324.18,566.42,0.0,1.0
lxt,287,0,17,323.68,563.235,90.0,6.37
lxt,287,0,18,324.095,560.05,0.0,0.83
lxt,287,0,19,324.51,561.405,90.0,2.71
lxt,287,0,20,324.68,562.76,0.0,0.34
lxt,287,0,21,325.805,561.405,125.1761,3.3155
lxt,287,0,22,327.23,560.05,0.0,0.94
lxt,287,0,23,326.7,561.45,125.5377,3.4409
lxt,287,1,0,324.62,565.71,0.0,0.22
lxt,287,1,1,324.885,565.705,178.1523,0.3102
lxt,287,1,2,325.195,565.685,174.4723,0.3114
lxt,287,1,3,325.5,565.645,170.5384,0.3042
lxt,287,1,4,325.785,565.57,159.676,0.2879
lxt,287,1,5,326.04,565.45,149.7427,0.2778
lxt,287,1,6,326.255,565.285,135.0003,0.2687
lxt,287,1,7,326.41,565.06,114.7742,0.2864
lxt,287,1,8,326.49,564.765,96.9127,0.3324
lxt,287,1,9,326.49,564.435,83.0873,0.3324
lxt,287,1,10,326.415,564.14,67.0707,0.2823
lxt,287,1,11,326.27,563.91,48.0141,0.2691
lxt,287,1,12,326.07,563.74,32.4709,0.2608
lxt,287,1,13,325.825,563.62,20.3219,0.2879
lxt,287,1,14,325.545,563.54,11.6901,0.2961
lxt,287,1,15,325.245,563.495,5.5277,0.3114
lxt,287,1,16,324.93,563.475,1.7896,0.3202
lxt,287,1,17,324.64,563.47,0.0,0.26
lxt,287,1,18,324.51,564.59,90.0,2.24
lxt,288,0,0,331.63,562.885,90.0,0.71
lxt,288,0,1,332.435,562.53,0.0,1.61
lxt,288,0,2,333.215,562.34,82.506,0.3833
lxt,288,0,3,333.12,561.975,68.2007,0.377
lxt,288,0,4,332.945,561.64,56.7223,0.3828
lxt,288,0,5,332.705,561.34,46.0431,0.389
lxt,288,0,6,332.415,561.085,36.5732,0.386
lxt,288,0,7,332.09,560.88,27.8976,0.3847
lxt,288,0,8,331.74,560.735,16.9902,0.3764
lxt,288,0,9,331.38,560.66,6.34,0.3622
lxt,288,0,10,331.075,560.65,175.4268,0.2508
lxt,288,0,11,330.825,560.68,170.9095,0.2532
lxt,288,0,12,330.585,560.735,163.0733,0.2404
lxt,288,0,13,330.36,560.815,157.7511,0.2377
lxt,288,0,14,330.04,560.985,149.2363,0.4888
lxt,288,0,15,329.65,561.275,137.4907,0.4884
lxt,288,0,16,329.325,561.635,126.635,0.486
lxt,288,0,17,329.065,562.045,118.1396,0.4876
lxt,288,0,18,328.88,562.495,106.589,0.4904
lxt,288,0,19,328.785,562.975,95.8249,0.4925
lxt,288,0,20,328.77,563.36,85.9166,0.2807
lxt,288,0,21,328.795,563.635,83.6601,0.2717
lxt,288,0,22,328.845,563.9,74.93,0.2693
lxt,288,0,23,328.92,564.155,72.2581,0.2625
lxt,288,0,24,329.07,564.51,64.4399,0.5099
lxt,288,0,25,329.335,564.945,52.9074,0.514
lxt,288,0,26,329.675,565.315,41.7275,0.4958
lxt,288,0,27,330.07,565.605,30.7637,0.4888
lxt,288,0,28,330.395,565.775,21.3697,0.247
lxt,288,0,29,330.63,565.855,16.2608,0.25
lxt,288,0,30,330.875,565.91,9.0905,0.2532
lxt,288,0,31,331.13,565.94,4.3982,0.2608
lxt,288,0,32,331.405,565.94,176.0552,0.2907
lxt,288,0,33,331.69,565.9,167.9053,0.2864
lxt,288,0,34,331.965,565.82,159.676,0.2879
lxt,288,0,35,332.23,565.71,155.2255,0.2864
lxt,288,0,36,332.485,565.57,147.3808,0.2968
lxt,288,0,37,332.725,565.395,140.4379,0.2983
lxt,288,0,38,332.945,565.195,135.0031,0.297
lxt,288,0,39,333.14,564.97,126.8688,0.3
lxt,288,0,40,333.49,565.13,47.1217,0.7642
lxt,288,0,41,333.63,565.555,129.6096,0.3764
lxt,288,0,42,333.375,565.825,137.2047,0.368
lxt,288,0,43,333.095,566.055,144.0881,0.358
lxt,288,0,44,332.79,566.25,150.6428,0.3672
lxt,288,0,45,332.465,566.405,158.4979,0.3547
lxt,288,0,46,332.125,566.52,164.0548,0.364
lxt,288,0,47,331.77,566.6,170.5382,0.365
lxt,288,0,48,331.41,566.64,176.82,0.3605
lxt,288,0,49,331.06,566.645,1.6847,0.3401
lxt,288,0,50,330.73,566.615,8.8803,0.3239
lxt,288,0,51,330.415,566.545,16.1894,0.3228
lxt,288,0,52,330.105,566.445,19.5369,0.3289
lxt,288,0,53,329.81,566.315,28.1786,0.3176
lxt,288,0,54,329.535,566.155,32.1939,0.3191
lxt,288,0,55,329.27,565.97,37.5706,0.328
lxt,288,0,56,329.025,565.76,43.7258,0.3183
lxt,288,0,57,328.805,565.525,49.9709,0.3265
lxt,288,0,58,328.605,565.27,53.8415,0.322
lxt,288,0,59,328.425,564.995,59.6188,0.3362
lxt,288,0,60,328.27,564.7,64.9857,0.3311
lxt,288,0,61,328.145,564.39,71.027,0.3384
lxt,288,0,62,328.05,564.065,76.3752,0.3396
lxt,288,0,63,327.985,563.725,81.867,0.3536
lxt,288,0,64,327.95,563.375,86.7313,0.3506
lxt,288,0,65,327.95,563.035,93.4663,0.3306
lxt,288,0,66,327.985,562.71,98.8839,0.3239
lxt,288,0,67,328.045,562.4,103.1354,0.3081
lxt,288,0,68,328.135,562.1,110.1338,0.3195
lxt,288,0,69,328.26,561.81,116.5675,0.3131
lxt,288,0,70,328.41,561.535,120.6464,0.3138
lxt,288,0,71,328.585,561.275,127.2352,0.314
lxt,288,0,72,328.785,561.03,131.1887,0.3189
lxt,288,0,73,329.0,560.805,136.3325,0.3041
lxt,288,0,74,329.235,560.605,142.7654,0.314
lxt,288,0,75,329.495,560.425,147.8029,0.3191
lxt,288,0,76,329.77,560.27,153.4349,0.313
lxt,288,0,77,330.055,560.145,159.2282,0.3102
lxt,288,0,78,330.35,560.05,165.0684,0.3105
lxt,288,0,79,330.66,559.98,169.3803,0.3256
lxt,288,0,80,330.985,559.945,178.2645,0.3301
lxt,288,0,81,331.31,559.945,1.7896,0.3202
lxt,288,0,82,331.62,559.975,9.4616,0.3042
lxt,288,0,83,331.92,560.035,13.1352,0.308
lxt,288,0,84,332.205,560.12,20.3236,0.2879
lxt,288,0,85,332.47,560.23,24.7741,0.2864
lxt,288,0,86,332.72,560.37,33.6911,0.2884
lxt,288,0,87,332.95,560.535,37.6944,0.278
lxt,288,0,88,333.16,560.715,43.5292,0.2759
lxt,288,0,89,333.355,560.92,49.1847,0.2907
lxt,288,0,90,333.53,561.145,55.1748,0.2802
lxt,288,0,91,333.675,561.385,62.5302,0.2818
lxt,288,0,92,333.8,561.645,66.033,0.2955
lxt,288,0,93,333.905,561.92,72.1817,0.2941
lxt,288,0,94,333.985,562.21,76.8647,0.3081
lxt,288,0,95,334.04,562.515,82.6516,0.3126
lxt,288,0,96,334.065,562.83,88.2083,0.3202
lxt,288,0,97,334.07,563.115,90.0,0.25
lxt,288,0,98,332.85,563.24,0.0,2.44
lxt,289,0,0,335.325,560.05,0.0,0.83
lxt,289,0,1,335.74,562.45,90.0,4.8
lxt,289,0,2,338.095,562.32,132.9485,6.9129
lxt,289,0,3,340.45,563.105,90.0,6.63
lxt,289,0,4,340.04,566.42,0.0,0.82
lxt,289,0,5,339.63,564.095,90.0,4.65
lxt,289,0,6,337.27,564.245,133.6375,6.8397
lxt,289,0,7,334.91,563.385,90.0,6.67
lxt,290,0,0,341.99,566.42,0.0,0.82
lxt,290,0,1,341.58,563.235,90.0,6.37
lxt,290,0,2,342.965,560.05,0.0,2.77
lxt,290,0,3,344.35,560.405,90.0,0.71
lxt,290,0,4,343.375,560.76,0.0,1.95
lxt,290,0,5,342.4,563.59,90.0,5.66
lxt,291,0,0,348.08,559.54,138.3653,0.4817
lxt,291,0,1,347.75,559.88,129.8072,0.4686
lxt,291,0,2,347.475,560.265,121.373,0.4802
lxt,291,0,3,347.25,560.69,114.442,0.4833
lxt,291,0,4,347.07,561.145,108.8002,0.4965
lxt,291,0,5,346.94,561.625,101.5353,0.5001
lxt,291,0,6,346.855,562.12,97.9705,0.5049
lxt,291,0,7,346.81,562.62,92.2894,0.5004
lxt,291,0,8,346.805,563.005,87.8833,0.2702
lxt,291,0,9,346.815,563.275,87.8768,0.2702
lxt,291,0,10,346.83,563.54,85.6037,0.2608
lxt,291,0,11,346.855,563.795,83.1575,0.2518
lxt,291,0,12,346.92,564.155,77.9878,0.4805
lxt,291,0,13,347.045,564.615,71.5657,0.4743
lxt,291,0,14,347.215,565.05,65.6587,0.461
lxt,291,0,15,347.44,565.46,56.9751,0.4771
lxt,291,0,16,347.64,565.755,53.6126,0.236
lxt,291,0,17,347.795,565.945,48.1828,0.2549
lxt,291,0,18,347.97,566.13,45.0012,0.2546
lxt,291,0,19,348.16,566.315,43.5295,0.2759
lxt,291,0,20,348.26,566.525,90.0,0.23
lxt,291,0,21,348.135,566.565,30.9637,0.2915
lxt,291,0,22,347.895,566.405,36.4679,0.286
lxt,291,0,23,347.665,566.225,39.5621,0.2983
lxt,291,0,24,347.45,566.035,43.5295,0.2759
lxt,291,0,25,347.25,565.835,46.3997,0.29
lxt,291,0,26,347.065,565.625,51.0069,0.2702
lxt,291,0,27,346.895,565.405,53.5285,0.286
lxt,291,0,28,346.74,565.17,59.7464,0.2778
lxt,291,0,29,346.545,564.8,63.4349,0.559
lxt,291,0,30,346.33,564.28,71.5657,0.5692
lxt,291,0,31,346.21,563.865,78.3111,0.2961
lxt,291,0,32,346.155,563.575,80.2141,0.2943
lxt,291,0,33,346.115,563.28,84.2896,0.3015
lxt,291,0,34,346.1,562.98,90.0,0.3
lxt,291,0,35,346.105,562.66,91.6863,0.3401
lxt,291,0,36,346.125,562.33,95.3556,0.3214
lxt,291,0,37,346.165,562.02,99.4601,0.3041
lxt,291,0,38,346.225,561.73,104.0375,0.2886
lxt,291,0,39,346.305,561.455,108.4342,0.2846
lxt,291,0,40,346.405,561.19,112.9352,0.2823
lxt,291,0,41,346.525,560.94,118.438,0.2729
lxt,291,0,42,346.66,560.705,121.3314,0.2693
lxt,291,0,43,346.89,560.38,127.3047,0.528
lxt,291,0,44,347.23,559.98,133.4506,0.5234
lxt,291,0,45,347.615,559.615,139.5144,0.5391
lxt,291,0,46,348.04,559.285,144.8336,0.5382
lxt,291,0,47,348.26,559.255,90.0,0.25
lxt,292,0,0,353.995,561.505,87.4296,2.4525
lxt,292,0,1,353.96,562.73,0.0,0.18
lxt,292,0,2,353.835,562.59,75.9624,0.2886
lxt,292,0,3,353.765,562.32,74.9363,0.2693
lxt,292,0,4,353.69,562.075,70.8172,0.2435
lxt,292,0,5,353.615,561.855,71.5707,0.2214
lxt,292,0,6,353.495,561.565,65.3216,0.4072
lxt,292,0,7,353.315,561.24,55.8398,0.3384
lxt,292,0,8,353.115,560.99,46.3335,0.3041
lxt,292,0,9,352.88,560.81,28.2998,0.2953
lxt,292,0,10,352.595,560.7,14.4701,0.3202
lxt,292,0,11,352.255,560.645,4.6359,0.3712
lxt,292,0,12,351.7,560.63,0.0,0.74
lxt,292,0,13,351.225,560.635,177.2734,0.2103
lxt,292,0,14,351.04,560.655,169.381,0.1628
lxt,292,0,15,350.905,560.7,151.3858,0.1253
lxt,292,0,16,350.81,560.77,135.0068,0.1131
lxt,292,0,17,350.75,560.87,108.4251,0.1265
lxt,292,0,18,350.715,561.015,100.0077,0.1726
lxt,292,0,19,350.695,561.205,92.729,0.2102
lxt,292,0,20,350.69,561.44,90.0,0.26
lxt,292,0,21,350.69,563.48,90.0,3.82
lxt,292,0,22,350.695,565.485,86.9843,0.1903
lxt,292,0,23,350.71,565.655,82.4096,0.1513
lxt,292,0,24,350.745,565.79,67.3849,0.13
lxt,292,0,25,350.815,565.89,41.625,0.1204
lxt,292,0,26,350.925,565.96,24.7792,0.1432
lxt,292,0,27,351.085,566.01,11.8888,0.1942
lxt,292,0,28,351.305,566.04,4.574,0.2508
lxt,292,0,29,351.59,566.05,0.0,0.32
lxt,292,0,30,351.75,566.23,90.0,0.36
lxt,292,0,31,350.33,566.41,0.0,2.84
lxt,292,0,32,348.91,566.23,90.0,0.36
lxt,292,0,33,349.04,566.05,0.0,0.26
lxt,292,0,34,349.27,566.045,177.1373,0.2002
lxt,292,0,35,349.455,566.02,166.7602,0.1747
lxt,292,0,36,349.605,565.965,151.7002,0.1477
lxt,292,0,37,349.715,565.88,131.9859,0.1345
lxt,292,0,38,349.79,565.76,113.1978,0.1523
lxt,292,0,39,349.835,565.59,98.5304,0.2022
lxt,292,0,40,349.855,565.36,92.2048,0.2602
lxt,292,0,41,349.86,563.46,90.0,3.54
lxt,292,0,42,349.86,561.515,90.0,0.35
lxt,292,0,43,349.85,561.21,85.5971,0.2608
lxt,292,0,44,349.82,560.985,78.1088,0.1942
lxt,292,0,45,349.76,560.83,56.3141,0.1442
lxt,292,0,46,349.66,560.73,33.6917,0.1442
lxt,292,0,47,349.52,560.67,14.0362,0.1649
lxt,292,0,48,349.325,560.64,4.9696,0.2309
lxt,292,0,49,349.065,560.63,0.0,0.29
lxt,292,0,50,348.92,560.455,90.0,0.35
lxt,292,0,51,351.43,560.28,0.0,5.02
lxt,293,0,0,357.27,560.455,90.0,0.35
lxt,293,0,1,357.12,560.635,178.0904,0.3002
lxt,293,0,2,356.84,560.665,169.115,0.2648
lxt,293,0,3,356.66,560.72,149.0372,0.1166
lxt,293,0,4,356.57,560.79,134.9959,0.1131
lxt,293,0,5,356.5,560.88,120.9621,0.1166
lxt,293,0,6,356.465,561.0,94.0896,0.1404
lxt,293,0,7,356.475,561.15,79.3808,0.1628
lxt,293,0,8,356.53,561.305,61.9311,0.17
lxt,293,0,9,357.13,562.2,55.6692,1.986
lxt,293,0,10,358.04,562.485,123.1922,1.2786
lxt,293,0,11,358.465,561.84,124.2861,0.2663
lxt,293,0,12,358.645,561.58,124.9949,0.3662
lxt,293,0,13,358.835,561.275,118.7373,0.3535
lxt,293,0,14,358.955,561.0,106.2617,0.25
lxt,293,0,15,358.965,560.81,70.3505,0.1487
lxt,293,0,16,358.855,560.7,25.1988,0.1879
lxt,293,0,17,358.71,560.65,9.4629,0.1217
lxt,293,0,18,358.58,560.635,4.0861,0.1404
lxt,293,0,19,358.425,560.63,0.0,0.17
lxt,293,0,20,358.25,560.63,0.0,0.18
lxt,293,0,21,358.16,560.455,90.0,0.35
lxt,293,0,22,359.55,560.28,0.0,2.78
lxt,293,0,23,360.94,560.455,90.0,0.35
lxt,293,0,24,360.765,560.64,176.7295,0.3506
lxt,293,0,25,360.445,560.69,164.5779,0.3008
lxt,293,0,26,360.185,560.805,146.8903,0.2746
lxt,293,0,27,359.97,561.005,128.6572,0.3201
lxt,293,0,28,359.025,562.435,122.9235,3.1094
lxt,293,0,29,358.82,564.615,53.8172,2.1682
lxt,293,0,30,359.59,565.61,42.7085,0.3538
lxt,293,0,31,359.875,565.82,30.1416,0.3585
lxt,293,0,32,360.2,565.965,17.9279,0.3573
lxt,293,0,33,360.54,566.035,5.0426,0.3413
lxt,293,0,34,360.71,566.23,90.0,0.36
lxt,293,0,35,359.545,566.41,0.0,2.33
lxt,293,0,36,358.38,566.23,90.0,0.36
lxt,293,0,37,358.525,566.045,178.0251,0.2902
lxt,293,0,38,358.8,566.02,171.254,0.2631
lxt,293,0,39,359.02,565.955,153.4345,0.2012
lxt,293,0,40,359.14,565.825,109.4391,0.1803
lxt,293,0,41,359.13,565.6,74.0571,0.2912
lxt,293,0,42,359.02,565.345,58.6686,0.2693
lxt,293,0,43,358.5,564.62,53.5838,1.516
lxt,293,0,44,357.665,564.635,121.6327,1.4681
lxt,293,0,45,357.23,565.335,123.6914,0.1803
lxt,293,0,46,357.14,565.475,121.6131,0.1527
lxt,293,0,47,357.07,565.6,116.564,0.1342
lxt,293,0,48,357.03,565.72,99.4573,0.1217
lxt,293,0,49,357.04,565.85,74.0513,0.1456
lxt,293,0,50,357.12,565.96,33.6911,0.1442
lxt,293,0,51,357.29,566.02,10.305,0.2236
lxt,293,0,52,357.55,566.045,1.9093,0.3002
lxt,293,0,53,357.7,566.23,90.0,0.36
lxt,293,0,54,356.285,566.41,0.0,2.83
lxt,293,0,55,354.87,566.23,90.0,0.36
lxt,293,0,56,355.055,566.045,178.4518,0.3701
lxt,293,0,57,355.4,565.995,164.2917,0.3324
lxt,293,0,58,355.63,565.915,153.4325,0.1565
lxt,293,0,59,355.77,565.825,141.8455,0.1781
lxt,293,0,60,355.905,565.705,135.0013,0.1839
lxt,293,0,61,356.035,565.55,125.8322,0.222
lxt,293,0,62,356.82,564.38,123.6901,2.596
lxt,293,0,63,356.82,562.295,54.3815,2.4726
lxt,293,0,64,355.975,561.145,49.2361,0.3829
lxt,293,0,65,355.7,560.895,34.9935,0.3662
lxt,293,0,66,355.47,560.755,23.6288,0.1746
lxt,293,0,67,355.305,560.695,16.3909,0.1772
lxt,293,0,68,355.12,560.655,8.5299,0.2022
lxt,293,0,69,354.915,560.635,2.727,0.2102
lxt,293,0,70,354.81,560.455,90.0,0.35
lxt,293,0,71,356.04,560.28,0.0,2.46
lxt,294,0,0,361.515,564.03,0.0,0.27
lxt,294,0,1,361.665,564.155,83.1575,0.2518
lxt,294,0,2,361.7,564.395,80.1321,0.2335
lxt,294,0,3,361.74,564.615,79.2135,0.2138
lxt,294,0,4,361.785,564.82,75.967,0.2062
lxt,294,0,5,361.875,565.095,69.6229,0.3734
lxt,294,0,6,362.025,565.41,58.7343,0.3276
lxt,294,0,7,362.225,565.66,43.7293,0.3183
lxt,294,0,8,362.495,565.85,27.2997,0.3489
lxt,294,0,9,362.745,565.955,14.7437,0.1965
lxt,294,0,10,362.945,566.0,10.7829,0.2138
lxt,294,0,11,363.165,566.035,7.4322,0.2319
lxt,294,0,12,363.41,566.05,0.0,0.26
lxt,294,0,13,363.54,563.71,90.0,4.68
lxt,294,0,14,363.535,561.255,87.508,0.2302
lxt,294,0,15,363.515,561.055,79.9925,0.1726
lxt,294,0,16,363.475,560.905,68.9668,0.1393
lxt,294,0,17,363.405,560.795,45.0012,0.1273
lxt,294,0,18,363.295,560.72,24.7748,0.1432
lxt,294,0,19,363.135,560.67,11.8888,0.1942
lxt,294,0,20,362.92,560.645,2.3856,0.2402
lxt,294,0,21,362.645,560.635,1.8478,0.3102
lxt,294,0,22,362.49,560.455,90.0,0.35
lxt,294,0,23,363.95,560.28,0.0,2.92
lxt,294,0,24,365.41,560.455,90.0,0.35
lxt,294,0,25,365.255,560.635,178.152,0.3102
lxt,294,0,26,364.98,560.645,177.6144,0.2402
lxt,294,0,27,364.765,560.67,168.1112,0.1942
lxt,294,0,28,364.605,560.72,155.2252,0.1432
lxt,294,0,29,364.495,560.795,134.9988,0.1273
lxt,294,0,30,364.425,560.905,111.0449,0.1393
lxt,294,0,31,364.385,561.055,100.0075,0.1726
lxt,294,0,32,364.365,561.255,92.4844,0.2302
lxt,294,0,33,364.36,563.71,90.0,4.68
lxt,294,0,34,364.49,566.045,177.7972,0.2602
lxt,294,0,35,364.735,566.03,175.0304,0.2309
lxt,294,0,36,364.955,566.0,169.2155,0.2138
lxt,294,0,37,365.155,565.95,162.4743,0.1993
lxt,294,0,38,365.4,565.835,150.4627,0.3448
lxt,294,0,39,365.665,565.635,134.9976,0.3253
lxt,294,0,40,365.865,565.375,120.3812,0.3362
lxt,294,0,41,366.015,565.055,110.3771,0.3734
lxt,294,0,42,366.125,564.68,102.6799,0.41
lxt,294,0,43,366.21,564.255,100.0789,0.4571
lxt,294,0,44,366.39,564.03,0.0,0.28
lxt,294,0,45,366.485,565.22,92.1655,2.3817
lxt,294,0,46,363.945,566.41,0.0,4.99
lxt,294,0,47,361.415,565.22,88.3151,2.381
lxt,295,0,0,367.275,559.21,32.6192,0.2968
lxt,295,0,1,367.515,559.38,38.0458,0.2921
lxt,295,0,2,367.745,559.565,39.5619,0.2983
lxt,295,0,3,367.96,559.76,44.9984,0.2829
lxt,295,0,4,368.16,559.965,46.3997,0.29
lxt,295,0,5,368.345,560.18,52.3037,0.278
lxt,295,0,6,368.515,560.405,53.5285,0.286
lxt,295,0,7,368.675,560.64,57.9958,0.283
lxt,295,0,8,368.87,561.015,64.7997,0.5636
lxt,295,0,9,369.08,561.54,71.5658,0.5692
lxt,295,0,10,369.2,561.955,78.3111,0.2961
lxt,295,0,11,369.255,562.245,80.2141,0.2943
lxt,295,0,12,369.295,562.54,84.2896,0.3015
lxt,295,0,13,369.315,562.845,88.1506,0.3102
lxt,295,0,14,369.31,563.165,93.4716,0.3306
lxt,295,0,15,369.285,563.49,95.3556,0.3214
lxt,295,0,16,369.245,563.8,99.4601,0.3041
lxt,295,0,17,369.185,564.09,104.0376,0.2886
lxt,295,0,18,369.105,564.365,108.4343,0.2846
lxt,295,0,19,369.005,564.63,112.9349,0.2823
lxt,295,0,20,368.885,564.88,118.4384,0.2729
lxt,295,0,21,368.75,565.11,122.4738,0.2608
lxt,295,0,22,368.52,565.43,127.3046,0.528
lxt,295,0,23,368.18,565.825,134.2139,0.5162
lxt,295,0,24,367.795,566.175,141.1706,0.5263
lxt,295,0,25,367.37,566.49,145.7132,0.5325
lxt,295,0,26,367.15,566.525,90.0,0.23
lxt,295,0,27,367.33,566.26,140.1932,0.4686
lxt,295,0,28,367.66,565.935,130.6031,0.461
lxt,295,0,29,367.935,565.56,122.0053,0.4717
lxt,295,0,30,368.16,565.14,114.442,0.4833
lxt,295,0,31,368.34,564.685,108.8002,0.4965
lxt,295,0,32,368.475,564.21,102.9092,0.4924
lxt,295,0,33,368.56,563.72,96.8425,0.5036
lxt,295,0,34,368.6,563.22,92.2894,0.5004
lxt,295,0,35,368.605,562.835,87.8833,0.2702
lxt,295,0,36,368.595,562.565,87.8768,0.2702
lxt,295,0,37,368.58,562.305,85.4286,0.2508
lxt,295,0,38,368.555,562.055,83.1575,0.2518
lxt,295,0,39,368.49,561.695,77.9877,0.4805
lxt,295,0,40,368.37,561.235,72.7168,0.4713
lxt,295,0,41,368.2,560.795,65.0581,0.4742
lxt,295,0,42,367.975,560.38,57.9947,0.4717
lxt,295,0,43,367.775,560.08,53.1257,0.25
lxt,295,0,44,367.615,559.88,49.6379,0.2625
lxt,295,0,45,367.44,559.685,46.5497,0.2617
lxt,295,0,46,367.25,559.495,43.5292,0.2759
lxt,295,0,47,367.15,559.265,90.0,0.27
lxt,296,0,0,302.2,556.59,0.0,0.6
lxt,296,0,1,301.9,554.29,90.0,4.6
lxt,296,0,2,302.9,551.99,0.0,2.0
lxt,296,0,3,303.9,552.245,90.0,0.51
lxt,296,0,4,303.2,552.5,0.0,1.4
lxt,296,0,5,302.5,554.545,90.0,4.09
lxt,297,0,0,305.51,551.99,0.0,2.5
lxt,297,0,1,306.76,552.245,90.0,0.51
lxt,297,0,2,305.81,552.5,0.0,1.9
lxt,297,0,3,304.86,553.395,90.0,1.79
lxt,297,0,4,305.785,554.29,0.0,1.85
lxt,297,0,5,306.71,554.545,90.0,0.51
lxt,297,0,6,305.785,554.8,0.0,1.85
lxt,297,0,7,304.86,555.44,90.0,1.28
lxt,297,0,8,305.81,556.08,0.0,1.9
lxt,297,0,9,306.76,556.335,90.0,0.51
lxt,297,0,10,305.51,556.59,0.0,2.5
lxt,297,0,11,304.26,554.29,90.0,4.6
lxt,298,0,0,308.71,551.99,0.0,2.5
lxt,298,0,1,309.96,552.245,90.0,0.51
lxt,298,0,2,309.005,552.5,0.0,1.91
lxt,298,0,3,308.05,553.395,90.0,1.79
lxt,298,0,4,308.975,554.29,0.0,1.85
lxt,298,0,5,309.9,554.545,90.0,0.51
lxt,298,0,6,308.975,554.8,0.0,1.85
lxt,298,0,7,308.05,555.44,90.0,1.28
lxt,298,0,8,309.005,556.08,0.0,1.91
lxt,298,0,9,309.96,556.335,90.0,0.51
lxt,298,0,10,308.71,556.59,0.0,2.5
lxt,298,0,11,307.46,554.29,90.0,4.6
lxt,299,0,0,310.74,555.935,67.0109,1.7924
lxt,299,0,1,310.57,555.04,158.7504,0.3863
lxt,299,0,2,311.17,555.77,62.3007,1.8071
lxt,299,0,3,311.34,556.665,159.1933,0.5349
lxt,300,0,0,314.865,556.165,126.2499,0.186
lxt,300,0,1,314.75,556.305,132.7161,0.1769
lxt,300,0,2,314.625,556.43,137.2843,0.1769
lxt,300,0,3,314.485,556.54,146.3146,0.1803
lxt,300,0,4,314.335,556.625,154.9823,0.1655
lxt,300,0,5,314.175,556.69,160.5577,0.1803
lxt,300,0,6,314.0,556.735,170.5393,0.1825
lxt,300,0,7,313.815,556.755,176.9878,0.1903
lxt,300,0,8,313.59,556.75,4.3983,0.2607
lxt,300,0,9,313.335,556.71,13.496,0.2571
lxt,300,0,10,313.095,556.63,23.4972,0.2508
lxt,300,0,11,312.875,556.515,31.7607,0.247
lxt,300,0,12,312.685,556.365,44.9981,0.2404
lxt,300,0,13,312.53,556.18,55.0106,0.2441
lxt,300,0,14,312.42,555.96,71.5615,0.253
lxt,300,0,15,312.365,555.71,83.4183,0.2617
lxt,300,0,16,312.36,555.465,94.9745,0.2309
lxt,300,0,17,312.4,555.245,105.9448,0.2184
lxt,300,0,18,312.48,555.055,120.4597,0.1972
lxt,300,0,19,312.595,554.895,130.9152,0.1985
lxt,300,0,20,312.735,554.75,136.9797,0.2052
lxt,300,0,21,312.9,554.625,148.5693,0.2109
lxt,300,0,22,313.08,554.52,150.9448,0.2059
lxt,300,0,23,313.27,554.425,155.7735,0.2193
lxt,300,0,24,313.53,554.31,156.3692,0.3493
lxt,300,0,25,313.835,554.17,154.2308,0.322
lxt,300,0,26,314.105,554.01,144.2466,0.3081
lxt,300,0,27,314.28,553.86,129.8066,0.1562
lxt,300,0,28,314.37,553.735,121.6037,0.1526
lxt,300,0,29,314.435,553.595,108.4411,0.1581
lxt,300,0,30,314.47,553.43,96.3367,0.1811
lxt,300,0,31,314.47,553.25,83.6633,0.1811
lxt,300,0,32,314.435,553.075,73.6046,0.1772
lxt,300,0,33,314.375,552.91,66.3776,0.1746
lxt,300,0,34,314.29,552.76,54.4613,0.1721
lxt,300,0,35,314.175,552.635,40.2345,0.1703
lxt,300,0,36,314.04,552.535,32.7325,0.1664
lxt,300,0,37,313.89,552.465,17.3578,0.1676
lxt,300,0,38,313.72,552.43,6.3383,0.1811
lxt,300,0,39,313.54,552.425,176.8206,0.1803
lxt,300,0,40,313.365,552.455,163.6119,0.1772
lxt,300,0,41,313.205,552.52,151.926,0.17
lxt,300,0,42,313.065,552.615,139.7645,0.1703
lxt,300,0,43,312.945,552.735,130.2332,0.1703
lxt,300,0,44,312.845,552.88,119.3568,0.1836
lxt,300,0,45,312.775,553.045,106.395,0.1772
lxt,300,0,46,312.74,553.225,96.0058,0.191
lxt,300,0,47,312.435,553.255,12.4261,0.6041
lxt,300,0,48,312.17,553.055,102.5285,0.2766
lxt,300,0,49,312.25,552.795,111.8026,0.2693
lxt,300,0,50,312.37,552.56,122.4681,0.2608
lxt,300,0,51,312.53,552.355,133.4552,0.2617
lxt,300,0,52,312.72,552.185,143.128,0.25
lxt,300,0,53,312.94,552.055,155.3782,0.264
lxt,300,0,54,313.185,551.965,164.3578,0.2596
lxt,300,0,55,313.445,551.92,175.7633,0.2707
lxt,300,0,56,313.73,551.92,3.8143,0.3007
lxt,300,0,57,314.02,551.97,15.9451,0.2912
lxt,300,0,58,314.285,552.07,25.6415,0.2773
lxt,300,0,59,314.52,552.215,37.6938,0.278
lxt,300,0,60,314.725,552.405,47.8619,0.2832
lxt,300,0,61,314.885,552.63,61.5563,0.273
lxt,300,0,62,314.995,552.89,72.1817,0.2941
lxt,300,0,63,315.055,553.185,84.4727,0.3114
lxt,300,0,64,315.06,553.48,94.0834,0.2807
lxt,300,0,65,315.015,553.74,106.2617,0.25
lxt,300,0,66,314.93,553.965,115.4648,0.2326
lxt,300,0,67,314.81,554.16,127.8718,0.228
lxt,300,0,68,314.655,554.33,136.738,0.2335
lxt,300,0,69,314.47,554.475,146.9735,0.2385
lxt,300,0,70,314.26,554.6,151.3899,0.2506
lxt,300,0,71,314.03,554.715,155.3782,0.264
lxt,300,0,72,313.745,554.835,158.4976,0.3547
lxt,300,0,73,313.47,554.95,155.5565,0.2417
lxt,300,0,74,313.26,555.07,145.0097,0.2441
lxt,300,0,75,313.115,555.185,134.9988,0.1273
lxt,300,0,76,313.035,555.28,124.9942,0.1221
lxt,300,0,77,312.98,555.39,108.4257,0.1265
lxt,300,0,78,312.95,555.515,98.7545,0.1315
lxt,300,0,79,312.95,555.65,81.862,0.1414
lxt,300,0,80,312.985,555.79,70.3505,0.1487
lxt,300,0,81,313.05,555.915,53.967,0.136
lxt,300,0,82,313.14,556.02,45.0066,0.1414
lxt,300,0,83,313.315,556.135,27.4746,0.2818
lxt,300,0,84,313.575,556.225,10.4906,0.2746
lxt,300,0,85,313.83,556.235,172.875,0.2419
lxt,300,0,86,314.045,556.18,157.1661,0.2062
lxt,300,0,87,314.225,556.07,140.5299,0.2202
lxt,300,0,88,314.38,555.9,124.9889,0.2441
lxt,300,0,89,314.685,555.945,31.6755,0.5523
lxt,301,0,0,319.93,556.165,123.6914,0.1803
lxt,301,0,1,319.82,556.305,132.7088,0.1769
lxt,301,0,2,319.69,556.43,139.3948,0.1844
lxt,301,0,3,319.55,556.54,144.4656,0.1721
lxt,301,0,4,319.4,556.625,156.3712,0.1746
lxt,301,0,5,319.235,556.69,160.5577,0.1803
lxt,301,0,6,319.06,556.735,170.5393,0.1825
lxt,301,0,7,318.875,556.755,176.9878,0.1903
lxt,301,0,8,318.655,556.75,4.5732,0.2508
lxt,301,0,9,318.405,556.71,13.496,0.2571
lxt,301,0,10,318.16,556.63,22.6204,0.26
lxt,301,0,11,317.94,556.515,33.0225,0.2385
lxt,301,0,12,317.75,556.365,43.3649,0.2476
lxt,301,0,13,317.595,556.18,56.9747,0.2385
lxt,301,0,14,317.485,555.96,69.4449,0.2563
lxt,301,0,15,317.425,555.71,83.4183,0.2617
lxt,301,0,16,317.42,555.465,94.9745,0.2309
lxt,301,0,17,317.465,555.245,108.4293,0.2214
lxt,301,0,18,317.545,555.055,117.8966,0.1924
lxt,301,0,19,317.655,554.895,130.9152,0.1985
lxt,301,0,20,317.8,554.75,138.8148,0.2126
lxt,301,0,21,317.965,554.625,147.0967,0.2025
lxt,301,0,22,318.145,554.52,152.2421,0.2147
lxt,301,0,23,318.335,554.425,154.6541,0.2102
lxt,301,0,24,318.59,554.31,156.3692,0.3493
lxt,301,0,25,318.895,554.17,154.2308,0.322
lxt,301,0,26,319.165,554.01,144.2466,0.3081
lxt,301,0,27,319.34,553.86,129.8066,0.1562
lxt,301,0,28,319.43,553.735,121.6037,0.1526
lxt,301,0,29,319.495,553.595,108.4411,0.1581
lxt,301,0,30,319.53,553.43,96.3367,0.1811
lxt,301,0,31,319.53,553.25,83.6633,0.1811
lxt,301,0,32,319.5,553.075,76.7566,0.1746
lxt,301,0,33,319.44,552.91,63.4388,0.1789
lxt,301,0,34,319.35,552.76,54.4613,0.1721
lxt,301,0,35,319.24,552.635,42.5108,0.1628
lxt,301,0,36,319.105,552.535,30.9597,0.1749
lxt,301,0,37,318.95,552.465,17.3578,0.1676
lxt,301,0,38,318.78,552.43,6.3383,0.1811
lxt,301,0,39,318.6,552.425,176.8206,0.1803
lxt,301,0,40,318.425,552.455,163.6119,0.1772
lxt,301,0,41,318.265,552.52,151.926,0.17
lxt,301,0,42,318.125,552.615,139.7645,0.1703
lxt,301,0,43,318.005,552.735,130.2332,0.1703
lxt,301,0,44,317.905,552.88,119.3568,0.1836
lxt,301,0,45,317.835,553.045,106.395,0.1772
lxt,301,0,46,317.805,553.225,93.0066,0.1903
lxt,301,0,47,317.5,553.255,12.2251,0.6139
lxt,301,0,48,317.23,553.055,102.5285,0.2766
lxt,301,0,49,317.31,552.795,111.8026,0.2693
lxt,301,0,50,317.43,552.56,122.4681,0.2608
lxt,301,0,51,317.59,552.355,133.4552,0.2617
lxt,301,0,52,317.785,552.185,144.4616,0.2581
lxt,301,0,53,318.005,552.055,154.441,0.255
lxt,301,0,54,318.245,551.965,164.3578,0.2596
lxt,301,0,55,318.505,551.92,175.7633,0.2707
lxt,301,0,56,318.79,551.92,3.8143,0.3007
lxt,301,0,57,319.08,551.97,15.9451,0.2912
lxt,301,0,58,319.35,552.07,24.7748,0.2864
lxt,301,0,59,319.59,552.215,37.6938,0.278
lxt,301,0,60,319.79,552.405,49.3997,0.2766
lxt,301,0,61,319.95,552.63,59.7411,0.2779
lxt,301,0,62,320.06,552.89,74.0571,0.2912
lxt,301,0,63,320.115,553.185,84.4727,0.3114
lxt,301,0,64,320.12,553.48,94.0834,0.2807
lxt,301,0,65,320.075,553.74,106.2617,0.25
lxt,301,0,66,319.99,553.965,115.4648,0.2326
lxt,301,0,67,319.87,554.16,127.8718,0.228
lxt,301,0,68,319.715,554.33,136.738,0.2335
lxt,301,0,69,319.53,554.475,146.9735,0.2385
lxt,301,0,70,319.32,554.6,151.3899,0.2506
lxt,301,0,71,319.09,554.715,155.3782,0.264
lxt,301,0,72,318.805,554.835,158.4976,0.3547
lxt,301,0,73,318.53,554.95,155.5565,0.2417
lxt,301,0,74,318.32,555.07,145.0097,0.2441
lxt,301,0,75,318.175,555.185,134.9988,0.1273
lxt,301,0,76,318.1,555.28,120.9621,0.1166
lxt,301,0,77,318.045,555.39,112.6151,0.13
lxt,301,0,78,318.015,555.515,94.4029,0.1304
lxt,301,0,79,318.015,555.65,85.9104,0.1404
lxt,301,0,80,318.045,555.79,70.3505,0.1487
lxt,301,0,81,318.11,555.915,53.967,0.136
lxt,301,0,82,318.2,556.02,45.0066,0.1414
lxt,301,0,83,318.375,556.135,27.4746,0.2818
lxt,301,0,84,318.635,556.225,10.4906,0.2746
lxt,301,0,85,318.89,556.235,172.875,0.2419
lxt,301,0,86,319.11,556.18,158.1993,0.2154
lxt,301,0,87,319.29,556.07,138.8148,0.2126
lxt,301,0,88,319.44,555.9,124.9889,0.2441
lxt,301,0,89,319.745,555.945,31.6755,0.5523
lxt,302,0,0,320.62,555.135,90.0,2.91
lxt,302,0,1,320.62,553.585,90.0,0.19
lxt,302,0,2,320.635,553.4,99.4619,0.1825
lxt,302,0,3,320.665,553.225,100.0075,0.1726
lxt,302,0,4,320.705,553.055,106.3859,0.1772
lxt,302,0,5,320.805,552.82,116.5688,0.3354
lxt,302,0,6,320.975,552.54,126.1583,0.322
lxt,302,0,7,321.195,552.305,139.9699,0.3265
lxt,302,0,8,321.465,552.12,151.1116,0.3312
lxt,302,0,9,321.69,552.01,159.444,0.1709
lxt,302,0,10,321.855,551.96,166.7602,0.1747
lxt,302,0,11,322.035,551.93,173.9921,0.1911
lxt,302,0,12,322.225,551.915,176.9866,0.1903
lxt,302,0,13,322.415,551.915,3.0134,0.1903
lxt,302,0,14,322.6,551.93,6.3394,0.1811
lxt,302,0,15,322.78,551.96,12.5296,0.1844
lxt,302,0,16,322.95,552.01,20.556,0.1709
lxt,302,0,17,323.175,552.12,28.8858,0.3312
lxt,302,0,18,323.44,552.305,41.187,0.3189
lxt,302,0,19,323.66,552.54,52.4299,0.328
lxt,302,0,20,323.83,552.82,64.9855,0.3311
lxt,302,0,21,323.925,553.055,73.6141,0.1772
lxt,302,0,22,323.97,553.225,76.7569,0.1746
lxt,302,0,23,324.0,553.4,83.6537,0.1811
lxt,302,0,24,324.015,553.585,86.9934,0.1903
lxt,302,0,25,324.02,555.135,90.0,2.91
lxt,302,0,26,323.725,556.59,0.0,0.59
lxt,302,0,27,323.43,555.235,90.0,2.71
lxt,302,0,28,323.42,553.74,85.9167,0.2807
lxt,302,0,29,323.395,553.465,83.66,0.2717
lxt,302,0,30,323.345,553.205,74.3562,0.2596
lxt,302,0,31,323.255,552.97,63.4318,0.246
lxt,302,0,32,323.13,552.77,52.1282,0.228
lxt,302,0,33,322.96,552.61,34.9903,0.2441
lxt,302,0,34,322.805,552.515,24.4465,0.1208
lxt,302,0,35,322.685,552.47,17.1025,0.136
lxt,302,0,36,322.55,552.44,8.1294,0.1414
lxt,302,0,37,322.4,552.425,3.5763,0.1603
lxt,302,0,38,322.24,552.425,176.4243,0.1603
lxt,302,0,39,322.09,552.44,171.8706,0.1414
lxt,302,0,40,321.955,552.47,162.8975,0.136
lxt,302,0,41,321.83,552.515,157.3796,0.13
lxt,302,0,42,321.675,552.61,143.6161,0.236
lxt,302,0,43,321.505,552.77,129.8044,0.2343
lxt,302,0,44,321.38,552.97,114.4452,0.2417
lxt,302,0,45,321.295,553.205,105.6373,0.2596
lxt,302,0,46,321.24,553.465,98.4288,0.2729
lxt,302,0,47,321.215,553.74,92.0474,0.2802
lxt,302,0,48,321.21,555.235,90.0,2.71
lxt,302,0,49,320.915,556.59,0.0,0.59
lxt,303,0,0,327.68,553.505,66.6065,3.4757
lxt,303,0,1,328.38,555.1,0.0,0.02
lxt,303,0,2,328.66,553.545,99.8504,3.1565
lxt,303,0,3,329.225,551.99,0.0,0.59
lxt,303,0,4,329.05,554.42,100.9468,4.9501
lxt,303,0,5,327.785,555.03,66.4037,3.9721
lxt,303,0,6,326.195,555.03,113.5963,3.9721
lxt,303,0,7,324.93,554.42,79.0532,4.9501
lxt,303,0,8,324.755,551.99,0.0,0.59
lxt,303,0,9,325.32,553.54,80.1184,3.1467
lxt,303,0,10,325.595,555.09,0.0,0.01
lxt,303,0,11,326.295,553.5,113.6107,3.4705
lxt,304,0,0,332.895,553.505,66.4552,3.4797
lxt,304,0,1,333.595,555.1,0.0,0.01
lxt,304,0,2,333.87,553.545,99.8504,3.1565
lxt,304,0,3,334.44,551.99,0.0,0.6
lxt,304,0,4,334.265,554.42,101.0605,4.952
lxt,304,0,5,332.995,555.03,66.4037,3.9721
lxt,304,0,6,331.41,555.03,113.4638,3.9681
lxt,304,0,7,330.145,554.42,78.9395,4.952
lxt,304,0,8,329.97,551.99,0.0,0.6
lxt,304,0,9,330.54,553.54,80.119,3.1467
lxt,304,0,10,330.815,555.09,0.0,0.01
lxt,304,0,11,331.51,553.5,113.4591,3.4665
lxt,305,0,0,335.535,556.59,0.0,0.59
lxt,305,0,1,335.24,554.29,90.0,4.6
lxt,305,0,2,335.535,551.99,0.0,0.59
lxt,305,0,3,335.83,554.29,90.0,4.6
lxt,306,0,0,338.48,556.08,0.0,1.1
lxt,306,0,1,339.03,556.335,90.0,0.51
lxt,306,0,2,337.635,556.59,0.0,2.79
lxt,306,0,3,336.24,556.335,90.0,0.51
lxt,306,0,4,336.79,556.08,0.0,1.1
lxt,306,0,5,337.34,554.035,90.0,4.09
lxt,306,0,6,337.635,551.99,0.0,0.59
lxt,306,0,7,337.93,554.035,90.0,4.09
lxt,307,0,0,339.715,551.845,67.3062,1.7885
lxt,307,0,1,339.54,550.955,159.0757,0.364
lxt,307,0,2,340.135,551.69,62.0203,1.8118
lxt,307,0,3,340.31,552.58,160.2011,0.5314
lxt,308,0,0,345.87,553.505,66.6065,3.4757
lxt,308,0,1,346.57,555.1,0.0,0.02
lxt,308,0,2,346.85,553.545,99.8504,3.1565
lxt,308,0,3,347.415,551.99,0.0,0.59
lxt,308,0,4,347.24,554.42,100.9468,4.9501
lxt,308,0,5,345.975,555.03,66.4037,3.9721
lxt,308,0,6,344.385,555.03,113.5963,3.9721
lxt,308,0,7,343.12,554.42,79.0532,4.9501
lxt,308,0,8,342.945,551.99,0.0,0.59
lxt,308,0,9,343.51,553.54,80.1184,3.1467
lxt,308,0,10,343.785,555.09,0.0,0.01
lxt,308,0,11,344.485,553.5,113.6107,3.4705
lxt,309,0,0,348.51,556.59,0.0,0.6
lxt,309,0,1,348.21,554.29,90.0,4.6
lxt,309,0,2,348.51,551.99,0.0,0.6
lxt,309,0,3,348.81,554.29,90.0,4.6
lxt,310,0,0,352.15,556.165,123.6914,0.1803
lxt,310,0,1,352.04,556.305,132.7088,0.1769
lxt,310,0,2,351.915,556.43,137.291,0.1769
lxt,310,0,3,351.775,556.54,146.3093,0.1803
lxt,310,0,4,351.62,556.625,156.3712,0.1746
lxt,310,0,5,351.455,556.69,160.5577,0.1803
lxt,310,0,6,351.28,556.735,170.5393,0.1825
lxt,310,0,7,351.1,556.755,176.8206,0.1803
lxt,310,0,8,350.88,556.75,4.3978,0.2608
lxt,310,0,9,350.625,556.71,13.496,0.2571
lxt,310,0,10,350.385,556.63,23.5,0.2508
lxt,310,0,11,350.165,556.515,31.757,0.247
lxt,310,0,12,349.97,556.365,43.3649,0.2476
lxt,310,0,13,349.815,556.18,56.9747,0.2385
lxt,310,0,14,349.705,555.96,69.4449,0.2563
lxt,310,0,15,349.645,555.71,83.4183,0.2617
lxt,310,0,16,349.64,555.465,94.9745,0.2309
lxt,310,0,17,349.685,555.245,108.4293,0.2214
lxt,310,0,18,349.77,555.055,120.4673,0.1972
lxt,310,0,19,349.885,554.895,130.9152,0.1985
lxt,310,0,20,350.025,554.75,136.9739,0.2052
lxt,310,0,21,350.185,554.625,147.0967,0.2025
lxt,310,0,22,350.365,554.52,152.2421,0.2147
lxt,310,0,23,350.555,554.425,154.6541,0.2102
lxt,310,0,24,350.81,554.31,156.3692,0.3493
lxt,310,0,25,351.115,554.17,154.2308,0.322
lxt,310,0,26,351.385,554.01,144.2466,0.3081
lxt,310,0,27,351.56,553.86,129.8066,0.1562
lxt,310,0,28,351.65,553.735,121.6037,0.1526
lxt,310,0,29,351.715,553.595,108.4411,0.1581
lxt,310,0,30,351.75,553.43,96.3367,0.1811
lxt,310,0,31,351.75,553.25,83.6633,0.1811
lxt,310,0,32,351.72,553.075,76.7566,0.1746
lxt,310,0,33,351.66,552.91,63.4388,0.1789
lxt,310,0,34,351.57,552.76,54.4613,0.1721
lxt,310,0,35,351.46,552.635,42.5108,0.1628
lxt,310,0,36,351.325,552.535,30.9597,0.1749
lxt,310,0,37,351.17,552.465,17.3578,0.1676
lxt,310,0,38,351.0,552.43,6.3383,0.1811
lxt,310,0,39,350.82,552.425,176.8206,0.1803
lxt,310,0,40,350.65,552.455,162.6466,0.1676
lxt,310,0,41,350.49,552.52,153.4349,0.1789
lxt,310,0,42,350.345,552.615,139.7645,0.1703
lxt,310,0,43,350.225,552.735,130.2332,0.1703
lxt,310,0,44,350.13,552.88,116.5612,0.1789
lxt,310,0,45,350.06,553.045,109.4482,0.1803
lxt,310,0,46,350.025,553.225,93.0066,0.1903
lxt,310,0,47,349.72,553.255,12.2251,0.6139
lxt,310,0,48,349.45,553.055,102.5285,0.2766
lxt,310,0,49,349.535,552.795,113.7525,0.2731
lxt,310,0,50,349.66,552.56,122.4681,0.2608
lxt,310,0,51,349.815,552.355,131.8221,0.255
lxt,310,0,52,350.005,552.185,144.4616,0.2581
lxt,310,0,53,350.225,552.055,154.441,0.255
lxt,310,0,54,350.465,551.965,164.3578,0.2596
lxt,310,0,55,350.73,551.92,175.9143,0.2807
lxt,310,0,56,351.02,551.92,3.8143,0.3007
lxt,310,0,57,351.31,551.97,15.9451,0.2912
lxt,310,0,58,351.575,552.07,25.6415,0.2773
lxt,310,0,59,351.81,552.215,37.6938,0.278
lxt,310,0,60,352.01,552.405,49.3997,0.2766
lxt,310,0,61,352.17,552.63,59.7411,0.2779
lxt,310,0,62,352.285,552.89,72.1817,0.2941
lxt,310,0,63,352.345,553.185,84.4727,0.3114
lxt,310,0,64,352.345,553.48,96.1153,0.2816
lxt,310,0,65,352.3,553.74,104.0356,0.2474
lxt,310,0,66,352.215,553.965,117.6495,0.2371
lxt,310,0,67,352.09,554.16,127.8718,0.228
lxt,310,0,68,351.935,554.33,136.738,0.2335
lxt,310,0,69,351.75,554.475,146.9735,0.2385
lxt,310,0,70,351.54,554.6,151.3899,0.2506
lxt,310,0,71,351.31,554.715,155.3782,0.264
lxt,310,0,72,351.03,554.835,157.8889,0.3454
lxt,310,0,73,350.76,554.95,155.5565,0.2417
lxt,310,0,74,350.545,555.07,146.3128,0.2524
lxt,310,0,75,350.395,555.185,134.9988,0.1273
lxt,310,0,76,350.32,555.28,120.9621,0.1166
lxt,310,0,77,350.265,555.39,112.6151,0.13
lxt,310,0,78,350.235,555.515,94.4029,0.1304
lxt,310,0,79,350.24,555.65,81.8743,0.1414
lxt,310,0,80,350.275,555.79,70.3395,0.1487
lxt,310,0,81,350.335,555.915,57.5262,0.1304
lxt,310,0,82,350.42,556.02,45.0066,0.1414
lxt,310,0,83,350.595,556.135,27.4746,0.2818
lxt,310,0,84,350.855,556.225,10.4906,0.2746
lxt,310,0,85,351.11,556.235,172.875,0.2419
lxt,310,0,86,351.33,556.18,158.1993,0.2154
lxt,310,0,87,351.51,556.07,138.8148,0.2126
lxt,310,0,88,351.66,555.9,124.9889,0.2441
lxt,310,0,89,351.965,555.945,31.6755,0.5523
lxt,311,0,0,355.445,556.165,126.2499,0.186
lxt,311,0,1,355.33,556.305,132.7161,0.1769
lxt,311,0,2,355.205,556.43,137.2843,0.1769
lxt,311,0,3,355.065,556.54,146.3146,0.1803
lxt,311,0,4,354.91,556.625,156.3712,0.1746
lxt,311,0,5,354.745,556.69,160.5577,0.1803
lxt,311,0,6,354.57,556.735,170.5377,0.1825
lxt,311,0,7,354.39,556.755,176.8211,0.1803
lxt,311,0,8,354.17,556.75,4.3983,0.2607
lxt,311,0,9,353.915,556.71,13.496,0.2571
lxt,311,0,10,353.675,556.63,23.4972,0.2508
lxt,311,0,11,353.455,556.515,31.7607,0.247
lxt,311,0,12,353.26,556.365,43.3649,0.2476
lxt,311,0,13,353.105,556.18,56.9747,0.2385
lxt,311,0,14,352.995,555.96,69.4449,0.2563
lxt,311,0,15,352.935,555.71,83.4183,0.2617
lxt,311,0,16,352.935,555.465,97.431,0.232
lxt,311,0,17,352.98,555.245,105.9448,0.2184
lxt,311,0,18,353.06,555.055,120.4597,0.1972
lxt,311,0,19,353.175,554.895,130.9152,0.1985
lxt,311,0,20,353.315,554.75,136.9797,0.2052
lxt,311,0,21,353.475,554.625,147.092,0.2025
lxt,311,0,22,353.655,554.52,152.2421,0.2147
lxt,311,0,23,353.845,554.425,154.6541,0.2102
lxt,311,0,24,354.1,554.31,156.3712,0.3493
lxt,311,0,25,354.405,554.17,154.2285,0.322
lxt,311,0,26,354.675,554.01,144.2466,0.3081
lxt,311,0,27,354.855,553.86,132.5139,0.1628
lxt,311,0,28,354.945,553.735,118.3038,0.1476
lxt,311,0,29,355.005,553.595,108.4306,0.1581
lxt,311,0,30,355.04,553.43,96.3367,0.1811
lxt,311,0,31,355.045,553.25,86.8268,0.1803
lxt,311,0,32,355.015,553.075,73.6046,0.1772
lxt,311,0,33,354.95,552.91,63.4388,0.1789
lxt,311,0,34,354.86,552.76,54.4613,0.1721
lxt,311,0,35,354.75,552.635,42.5108,0.1628
lxt,311,0,36,354.62,552.535,32.7325,0.1664
lxt,311,0,37,354.465,552.465,16.392,0.1772
lxt,311,0,38,354.295,552.43,6.7082,0.1712
lxt,311,0,39,354.12,552.425,176.8206,0.1803
lxt,311,0,40,353.945,552.455,163.6119,0.1772
lxt,311,0,41,353.78,552.52,153.4306,0.1789
lxt,311,0,42,353.635,552.615,139.7645,0.1703
lxt,311,0,43,353.515,552.735,130.241,0.1703
lxt,311,0,44,353.42,552.88,116.5612,0.1789
lxt,311,0,45,353.355,553.045,106.395,0.1772
lxt,311,0,46,353.32,553.225,96.0058,0.191
lxt,311,0,47,353.01,553.255,12.2251,0.6139
lxt,311,0,48,352.74,553.055,102.5285,0.2766
lxt,311,0,49,352.825,552.795,113.7525,0.2731
lxt,311,0,50,352.95,552.56,122.4681,0.2608
lxt,311,0,51,353.105,552.355,131.8221,0.255
lxt,311,0,52,353.295,552.185,144.4616,0.2581
lxt,311,0,53,353.515,552.055,154.441,0.255
lxt,311,0,54,353.755,551.965,164.3578,0.2596
lxt,311,0,55,354.02,551.92,175.9143,0.2807
lxt,311,0,56,354.31,551.92,3.8143,0.3007
lxt,311,0,57,354.6,551.97,15.9451,0.2912
lxt,311,0,58,354.865,552.07,25.6415,0.2773
lxt,311,0,59,355.1,552.215,37.6938,0.278
lxt,311,0,60,355.3,552.405,49.3949,0.2766
lxt,311,0,61,355.46,552.63,59.7466,0.2778
lxt,311,0,62,355.575,552.89,72.1817,0.2941
lxt,311,0,63,355.635,553.185,84.4727,0.3114
lxt,311,0,64,355.635,553.48,96.1153,0.2816
lxt,311,0,65,355.59,553.74,104.0356,0.2474
lxt,311,0,66,355.505,553.965,117.6429,0.2371
lxt,311,0,67,355.38,554.16,127.8778,0.228
lxt,311,0,68,355.225,554.33,136.7329,0.2334
lxt,311,0,69,355.04,554.475,146.9775,0.2385
lxt,311,0,70,354.83,554.6,151.3899,0.2506
lxt,311,0,71,354.605,554.715,154.441,0.255
lxt,311,0,72,354.325,554.835,158.4976,0.3547
lxt,311,0,73,354.05,554.95,155.5565,0.2417
lxt,311,0,74,353.835,555.07,146.309,0.2524
lxt,311,0,75,353.69,555.185,131.6396,0.1204
lxt,311,0,76,353.615,555.28,124.9942,0.1221
lxt,311,0,77,353.555,555.39,112.6151,0.13
lxt,311,0,78,353.525,555.515,94.4029,0.1304
lxt,311,0,79,353.53,555.65,81.862,0.1414
lxt,311,0,80,353.565,555.79,70.3505,0.1487
lxt,311,0,81,353.625,555.915,57.5262,0.1304
lxt,311,0,82,353.71,556.02,44.9978,0.1414
lxt,311,0,83,353.885,556.135,27.4746,0.2818
lxt,311,0,84,354.15,556.225,10.1246,0.2844
lxt,311,0,85,354.405,556.235,172.5683,0.2319
lxt,311,0,86,354.62,556.18,158.1993,0.2154
lxt,311,0,87,354.8,556.07,138.8148,0.2126
lxt,311,0,88,354.95,555.9,124.9889,0.2441
lxt,311,0,89,355.26,555.945,31.1385,0.5608
lxt,312,0,0,358.18,556.755,2.3856,0.2402
lxt,312,0,1,357.94,556.73,9.4617,0.2433
lxt,312,0,2,357.705,556.68,14.6224,0.2377
lxt,312,0,3,357.48,556.61,19.9825,0.2341
lxt,312,0,4,357.265,556.52,25.4615,0.2326
lxt,312,0,5,357.06,556.41,30.9658,0.2332
lxt,312,0,6,356.865,556.28,36.3839,0.236
lxt,312,0,7,356.68,556.13,41.6347,0.2408
lxt,312,0,8,356.515,555.965,48.5778,0.2267
lxt,312,0,9,356.37,555.79,52.1222,0.228
lxt,312,0,10,356.235,555.6,56.9747,0.2385
lxt,312,0,11,356.12,555.39,65.5548,0.2417
lxt,312,0,12,356.03,555.17,70.0201,0.2341
lxt,312,0,13,355.955,554.945,73.0708,0.2404
lxt,312,0,14,355.905,554.705,83.1575,0.2518
lxt,312,0,15,355.88,554.455,85.4286,0.2508
lxt,312,0,16,355.88,554.2,94.3963,0.2608
lxt,312,0,17,355.905,553.945,96.8425,0.2518
lxt,312,0,18,355.95,553.705,104.6203,0.2377
lxt,312,0,19,356.025,553.475,111.3695,0.247
lxt,312,0,20,356.12,553.255,115.4648,0.2326
lxt,312,0,21,356.23,553.05,120.9626,0.2332
lxt,312,0,22,356.36,552.855,126.3874,0.236
lxt,312,0,23,356.51,552.675,133.2653,0.2335
lxt,312,0,24,356.675,552.515,138.5732,0.2267
lxt,312,0,25,356.855,552.37,143.6161,0.236
lxt,312,0,26,357.05,552.245,151.1905,0.2283
lxt,312,0,27,357.255,552.14,154.5361,0.2326
lxt,312,0,28,357.47,552.05,160.0166,0.2341
lxt,312,0,29,357.695,551.98,165.3795,0.2377
lxt,312,0,30,357.93,551.935,172.875,0.2419
lxt,312,0,31,358.175,551.915,177.7098,0.2502
lxt,312,0,32,358.425,551.915,2.2902,0.2502
lxt,312,0,33,358.67,551.935,7.125,0.2419
lxt,312,0,34,358.905,551.98,14.6205,0.2377
lxt,312,0,35,359.13,552.05,19.9834,0.2341
lxt,312,0,36,359.345,552.14,25.4639,0.2326
lxt,312,0,37,359.55,552.245,28.8095,0.2283
lxt,312,0,38,359.745,552.37,36.3839,0.236
lxt,312,0,39,359.925,552.515,41.4268,0.2267
lxt,312,0,40,360.09,552.675,46.7347,0.2335
lxt,312,0,41,360.24,552.855,53.6126,0.236
lxt,312,0,42,360.37,553.05,59.0374,0.2332
lxt,312,0,43,360.48,553.255,64.5352,0.2326
lxt,312,0,44,360.575,553.475,68.6305,0.247
lxt,312,0,45,360.65,553.705,75.3797,0.2377
lxt,312,0,46,360.695,553.945,83.1575,0.2518
lxt,312,0,47,360.72,554.2,85.6037,0.2608
lxt,312,0,48,360.72,554.455,94.5714,0.2508
lxt,312,0,49,360.695,554.705,96.8425,0.2518
lxt,312,0,50,360.65,554.945,104.6203,0.2377
lxt,312,0,51,360.575,555.17,112.2481,0.2377
lxt,312,0,52,360.48,555.39,114.4452,0.2417
lxt,312,0,53,360.37,555.6,120.9631,0.2332
lxt,312,0,54,360.235,555.79,129.8101,0.2343
lxt,312,0,55,360.085,555.965,131.4222,0.2267
lxt,312,0,56,359.92,556.13,138.3653,0.2408
lxt,312,0,57,359.735,556.28,143.6161,0.236
lxt,312,0,58,359.54,556.41,149.0342,0.2332
lxt,312,0,59,359.335,556.52,154.5385,0.2326
lxt,312,0,60,359.12,556.61,160.0175,0.2341
lxt,312,0,61,358.895,556.68,165.3776,0.2377
lxt,312,0,62,358.66,556.73,170.5383,0.2433
lxt,312,0,63,358.42,556.755,177.6144,0.2402
lxt,312,1,0,358.21,552.425,176.8206,0.1803
lxt,312,1,1,358.03,552.445,170.5365,0.1825
lxt,312,1,2,357.85,552.48,167.4736,0.1844
lxt,312,1,3,357.68,552.535,156.37,0.1746
lxt,312,1,4,357.445,552.655,151.2603,0.3536
lxt,312,1,5,357.15,552.855,140.5993,0.3624
lxt,312,1,6,356.9,553.11,128.1571,0.3561
lxt,312,1,7,356.705,553.415,117.2531,0.3712
lxt,312,1,8,356.585,553.665,112.382,0.1839
lxt,312,1,9,356.53,553.845,101.8912,0.1942
lxt,312,1,10,356.495,554.035,98.9723,0.1924
lxt,312,1,11,356.475,554.23,92.8565,0.2002
lxt,312,1,12,356.475,554.43,87.1435,0.2002
lxt,312,1,13,356.49,554.62,83.6537,0.1811
lxt,312,1,14,356.525,554.805,75.2598,0.1965
lxt,312,1,15,356.575,554.985,73.6144,0.1772
lxt,312,1,16,356.68,555.235,64.133,0.3667
lxt,312,1,17,356.87,555.54,51.8425,0.3561
lxt,312,1,18,357.115,555.8,41.6317,0.3613
lxt,312,1,19,357.405,556.01,30.1416,0.3585
lxt,312,1,20,357.645,556.13,19.4423,0.1803
lxt,312,1,21,357.82,556.185,15.5245,0.1868
lxt,312,1,22,358.005,556.225,8.9722,0.1924
lxt,312,1,23,358.2,556.245,2.8628,0.2003
lxt,312,1,24,358.4,556.245,177.1372,0.2003
lxt,312,1,25,358.595,556.225,171.0278,0.1924
lxt,312,1,26,358.78,556.185,164.4755,0.1868
lxt,312,1,27,358.955,556.13,160.5577,0.1803
lxt,312,1,28,359.195,556.01,149.8584,0.3585
lxt,312,1,29,359.485,555.8,138.3683,0.3613
lxt,312,1,30,359.73,555.54,128.1575,0.3561
lxt,312,1,31,359.92,555.235,115.867,0.3667
lxt,312,1,32,360.025,554.985,106.3856,0.1772
lxt,312,1,33,360.075,554.805,104.7402,0.1965
lxt,312,1,34,360.11,554.62,96.3463,0.1811
lxt,312,1,35,360.125,554.43,92.8565,0.2002
lxt,312,1,36,360.125,554.23,87.1435,0.2002
lxt,312,1,37,360.105,554.035,81.0277,0.1924
lxt,312,1,38,360.07,553.845,78.1088,0.1942
lxt,312,1,39,360.015,553.665,67.618,0.1839
lxt,312,1,40,359.895,553.415,62.7469,0.3712
lxt,312,1,41,359.7,553.11,51.8429,0.3561
lxt,312,1,42,359.45,552.855,39.4007,0.3624
lxt,312,1,43,359.155,552.655,28.7397,0.3536
lxt,312,1,44,358.92,552.535,23.63,0.1746
lxt,312,1,45,358.75,552.48,12.5264,0.1844
lxt,312,1,46,358.57,552.445,9.4635,0.1825
lxt,312,1,47,358.39,552.425,3.1794,0.1803
lxt,313,0,0,361.21,555.135,90.0,2.91
lxt,313,0,1,361.21,553.585,90.0,0.19
lxt,313,0,2,361.225,553.4,99.4619,0.1825
lxt,313,0,3,361.255,553.225,100.0075,0.1726
lxt,313,0,4,361.295,553.055,106.3859,0.1772
lxt,313,0,5,361.395,552.82,116.5688,0.3354
lxt,313,0,6,361.565,552.54,126.1583,0.322
lxt,313,0,7,361.785,552.305,139.9699,0.3265
lxt,313,0,8,362.055,552.12,151.1116,0.3312
lxt,313,0,9,362.28,552.01,159.444,0.1709
lxt,313,0,10,362.445,551.96,166.7602,0.1747
lxt,313,0,11,362.625,551.93,173.9921,0.1911
lxt,313,0,12,362.815,551.915,176.9866,0.1903
lxt,313,0,13,363.005,551.915,3.0134,0.1903
lxt,313,0,14,363.19,551.93,6.3394,0.1811
lxt,313,0,15,363.37,551.96,12.5296,0.1844
lxt,313,0,16,363.54,552.01,20.556,0.1709
lxt,313,0,17,363.765,552.12,28.8858,0.3312
lxt,313,0,18,364.03,552.305,41.187,0.3189
lxt,313,0,19,364.25,552.54,52.4299,0.328
lxt,313,0,20,364.42,552.82,64.9855,0.3311
lxt,313,0,21,364.515,553.055,73.6141,0.1772
lxt,313,0,22,364.56,553.225,76.7569,0.1746
lxt,313,0,23,364.59,553.4,83.6537,0.1811
lxt,313,0,24,364.605,553.585,86.9934,0.1903
lxt,313,0,25,364.61,555.135,90.0,2.91
lxt,313,0,26,364.31,556.59,0.0,0.6
lxt,313,0,27,364.01,555.235,90.0,2.71
lxt,313,0,28,364.005,553.74,87.9589,0.2802
lxt,313,0,29,363.985,553.465,83.66,0.2717
lxt,313,0,30,363.935,553.205,74.3562,0.2596
lxt,313,0,31,363.845,552.97,63.4318,0.246
lxt,313,0,32,363.72,552.77,52.1282,0.228
lxt,313,0,33,363.55,552.61,34.9903,0.2441
lxt,313,0,34,363.395,552.515,24.4465,0.1208
lxt,313,0,35,363.275,552.47,17.1025,0.136
lxt,313,0,36,363.14,552.44,8.1294,0.1414
lxt,313,0,37,362.99,552.425,3.5763,0.1603
lxt,313,0,38,362.83,552.425,176.4243,0.1603
lxt,313,0,39,362.68,552.44,171.8706,0.1414
lxt,313,0,40,362.545,552.47,162.8975,0.136
lxt,313,0,41,362.42,552.515,157.3796,0.13
lxt,313,0,42,362.265,552.61,143.6161,0.236
lxt,313,0,43,362.095,552.77,129.8044,0.2343
lxt,313,0,44,361.97,552.97,114.4452,0.2417
lxt,313,0,45,361.885,553.205,105.6373,0.2596
lxt,313,0,46,361.83,553.465,98.4288,0.2729
lxt,313,0,47,361.805,553.74,92.0474,0.2802
lxt,313,0,48,361.8,555.235,90.0,2.71
lxt,313,0,49,361.505,556.59,0.0,0.59
lxt,314,0,0,366.97,554.035,11.7686,0.2451
lxt,314,0,1,367.2,554.11,24.4443,0.2417
lxt,314,0,2,367.4,554.225,35.8336,0.2221
lxt,314,0,3,367.57,554.37,45.0048,0.2263
lxt,314,0,4,367.715,554.54,54.1614,0.222
lxt,314,0,5,367.825,554.735,66.8025,0.2285
lxt,314,0,6,367.9,554.955,75.3797,0.2377
lxt,314,0,7,367.94,555.185,85.0254,0.2309
lxt,314,0,8,367.93,555.46,97.1265,0.3225
lxt,314,0,9,367.85,555.765,112.4785,0.3138
lxt,314,0,10,367.7,556.04,124.6942,0.3162
lxt,314,0,11,367.49,556.275,138.8167,0.3189
lxt,314,0,12,367.22,556.44,158.1973,0.3231
lxt,314,0,13,366.915,556.53,169.0463,0.3158
lxt,314,0,14,366.595,556.57,176.5319,0.3306
lxt,314,0,15,366.27,556.585,178.2096,0.3201
lxt,314,0,16,365.75,556.59,0.0,0.72
lxt,314,0,17,365.39,554.29,90.0,4.6
lxt,314,0,18,365.69,551.99,0.0,0.6
lxt,314,0,19,365.99,552.97,90.0,1.96
lxt,314,0,20,366.11,553.95,0.0,0.24
lxt,314,0,21,366.92,552.97,125.1488,2.3971
lxt,314,0,22,367.95,551.99,0.0,0.68
lxt,314,0,23,367.57,553.0,125.484,2.4807
lxt,314,1,0,366.065,556.08,0.0,0.15
lxt,314,1,1,366.255,556.075,177.5107,0.2302
lxt,314,1,2,366.48,556.06,174.8055,0.2209
lxt,314,1,3,366.7,556.03,169.695,0.2236
lxt,314,1,4,366.91,555.975,160.7111,0.2119
lxt,314,1,5,367.095,555.89,149.5323,0.1972
lxt,314,1,6,367.25,555.77,135.0023,0.198
lxt,314,1,7,367.36,555.605,112.8304,0.2061
lxt,314,1,8,367.415,555.395,97.4311,0.2319
lxt,314,1,9,367.415,555.16,82.8753,0.2419
lxt,314,1,10,367.36,554.945,67.1696,0.2061
lxt,314,1,11,367.255,554.78,47.1199,0.1911
lxt,314,1,12,367.11,554.655,34.5081,0.1942
lxt,314,1,13,366.935,554.565,20.2245,0.2025
lxt,314,1,14,366.735,554.51,10.785,0.2138
lxt,314,1,15,366.515,554.48,4.9696,0.2309
lxt,314,1,16,366.29,554.465,2.6021,0.2202
lxt,314,1,17,366.085,554.46,0.0,0.19
lxt,314,1,18,365.99,555.27,90.0,1.62
lxt,315,0,0,369.02,556.59,0.0,0.6
lxt,315,0,1,368.72,554.29,90.0,4.6
lxt,315,0,2,369.02,551.99,0.0,0.6
lxt,315,0,3,369.32,554.29,90.0,4.6
lxt,316,0,0,177.435,552.585,114.0071,1.3027
lxt,316,0,1,178.01,551.99,0.0,0.62
lxt,316,0,2,177.21,554.41,114.6399,5.3248
lxt,316,0,3,174.995,554.41,65.4581,5.3207
lxt,316,0,4,174.2,551.99,0.0,0.62
lxt,316,0,5,174.775,552.585,65.9929,1.3027
lxt,316,0,6,176.105,553.18,0.0,2.13
lxt,316,1,0,176.105,553.69,0.0,1.65
lxt,316,1,1,175.69,554.625,66.3227,2.0419
lxt,316,1,2,176.515,554.625,113.9341,2.0459
lxt,317,0,0,179.01,556.59,0.0,0.6
lxt,317,0,1,178.71,554.29,90.0,4.6
lxt,317,0,2,179.71,551.99,0.0,2.0
lxt,317,0,3,180.71,552.245,90.0,0.51
lxt,317,0,4,180.01,552.5,0.0,1.4
lxt,317,0,5,179.31,554.545,90.0,4.09
lxt,318,0,0,180.99,553.995,90.0,0.43
lxt,318,0,1,181.67,553.78,0.0,1.36
lxt,318,0,2,182.35,553.995,90.0,0.43
lxt,318,0,3,181.67,554.21,0.0,1.36
lxt,319,0,0,184.185,555.69,53.7344,2.6542
lxt,319,0,1,183.31,554.48,57.2657,0.3329
lxt,319,0,2,183.145,554.195,62.6511,0.3265
lxt,319,0,3,183.045,553.97,72.645,0.1676
lxt,319,0,4,182.995,553.81,72.645,0.1676
lxt,319,0,5,182.96,553.645,83.2888,0.1712
lxt,319,0,6,182.945,553.475,86.6353,0.1703
lxt,319,0,7,182.955,553.24,95.7104,0.3015
lxt,319,0,8,183.015,552.95,107.8181,0.2941
lxt,319,0,9,183.13,552.685,119.2487,0.2865
lxt,319,0,10,183.295,552.45,130.8158,0.2907
lxt,319,0,11,183.5,552.25,140.7107,0.2843
lxt,319,0,12,183.735,552.09,150.7513,0.2865
lxt,319,0,13,184.0,551.98,164.0542,0.2912
lxt,319,0,14,184.285,551.925,174.0943,0.2916
lxt,319,0,15,184.585,551.925,5.5274,0.3114
lxt,319,0,16,184.88,551.98,15.9458,0.2912
lxt,319,0,17,185.145,552.09,29.2487,0.2865
lxt,319,0,18,185.38,552.255,40.8147,0.2907
lxt,319,0,19,185.58,552.46,50.7119,0.2842
lxt,319,0,20,185.735,552.7,63.4339,0.2907
lxt,319,0,21,185.845,552.975,72.7593,0.3036
lxt,319,0,22,185.905,553.275,84.4726,0.3114
lxt,319,0,23,185.905,553.57,96.1152,0.2816
lxt,319,0,24,185.855,553.845,104.5329,0.2789
lxt,319,0,25,185.765,554.1,114.6239,0.264
lxt,319,0,26,185.63,554.33,126.0278,0.272
lxt,319,0,27,185.455,554.53,136.5485,0.2617
lxt,319,0,28,185.25,554.69,147.5291,0.2608
lxt,319,0,29,185.015,554.805,160.2011,0.2657
lxt,319,0,30,184.755,554.87,171.573,0.273
lxt,319,0,31,184.5,554.875,7.1259,0.2419
lxt,319,0,32,184.275,554.82,20.8534,0.2247
lxt,319,0,33,184.165,554.785,134.9891,0.0141
lxt,319,0,34,184.775,555.65,54.4309,2.1145
lxt,319,0,35,185.18,556.635,149.2372,0.4888
lxt,319,1,0,184.33,552.43,174.2896,0.201
lxt,319,1,1,184.14,552.47,161.5651,0.1897
lxt,319,1,2,183.965,552.545,152.1014,0.1924
lxt,319,1,3,183.81,552.65,139.3988,0.1844
lxt,319,1,4,183.68,552.78,130.6039,0.1844
lxt,319,1,5,183.575,552.935,117.8966,0.1924
lxt,319,1,6,183.5,553.115,107.5247,0.1993
lxt,319,1,7,183.46,553.305,96.0103,0.191
lxt,319,1,8,183.46,553.495,83.9898,0.1911
lxt,319,1,9,183.5,553.68,71.5654,0.1897
lxt,319,1,10,183.575,553.85,60.6432,0.1836
lxt,319,1,11,183.685,554.005,49.0848,0.1985
lxt,319,1,12,183.825,554.14,38.6607,0.1921
lxt,319,1,13,183.98,554.245,29.3572,0.1836
lxt,319,1,14,184.15,554.32,18.4346,0.1897
lxt,319,1,15,184.335,554.365,8.9722,0.1924
lxt,319,1,16,184.52,554.37,173.6594,0.1811
lxt,319,1,17,184.695,554.33,160.5605,0.1803
lxt,319,1,18,184.865,554.255,152.1024,0.1924
lxt,319,1,19,185.025,554.15,141.3421,0.1921
lxt,319,1,20,185.16,554.02,130.5995,0.1844
lxt,319,1,21,185.27,553.86,119.056,0.2059
lxt,319,1,22,185.35,553.675,107.525,0.1992
lxt,319,1,23,185.39,553.475,95.4374,0.2109
lxt,319,1,24,185.39,553.275,83.9943,0.1911
lxt,319,1,25,185.35,553.09,71.5654,0.1897
lxt,319,1,26,185.275,552.92,60.6391,0.1836
lxt,319,1,27,185.17,552.77,49.4005,0.1844
lxt,319,1,28,185.035,552.64,38.6607,0.1921
lxt,319,1,29,184.88,552.535,29.3572,0.1836
lxt,319,1,30,184.705,552.465,14.7432,0.1965
lxt,319,1,31,184.52,552.43,6.3406,0.1811
lxt,320,0,0,187.76,554.035,90.0,4.09
lxt,320,0,1,188.015,551.99,0.0,0.51
lxt,320,0,2,188.27,554.29,90.0,4.6
lxt,320,0,3,187.77,556.59,0.0,1.0
lxt,320,0,4,187.11,556.335,57.8943,0.6021
lxt,320,0,5,187.355,556.08,0.0,0.81
lxt,321,0,0,191.615,551.915,2.7258,0.2102
lxt,321,0,1,191.82,551.945,14.0373,0.2062
lxt,321,0,2,192.01,552.01,23.9628,0.197
lxt,321,0,3,192.18,552.1,32.0054,0.1887
lxt,321,0,4,192.33,552.215,42.8784,0.191
lxt,321,0,5,192.465,552.35,47.1199,0.1911
lxt,321,0,6,192.585,552.5,55.4913,0.1942
lxt,321,0,7,192.69,552.67,60.9477,0.2059
lxt,321,0,8,192.82,552.95,67.1659,0.4123
lxt,321,0,9,192.955,553.34,74.6237,0.4149
lxt,321,0,10,193.025,553.645,81.8702,0.2121
lxt,321,0,11,193.055,553.845,81.0277,0.1924
lxt,321,0,12,193.075,554.04,87.1348,0.2003
lxt,321,0,13,193.085,554.23,86.8219,0.1803
lxt,321,0,14,193.085,554.415,93.0112,0.1903
lxt,321,0,15,193.075,554.605,93.0157,0.1903
lxt,321,0,16,193.055,554.8,98.5304,0.2022
lxt,321,0,17,193.025,555.0,98.5306,0.2022
lxt,321,0,18,192.955,555.305,105.0184,0.4245
lxt,321,0,19,192.82,555.705,112.3065,0.4215
lxt,321,0,20,192.695,555.99,116.5646,0.2012
lxt,321,0,21,192.59,556.16,126.8681,0.2
lxt,321,0,22,192.465,556.315,130.9159,0.1985
lxt,321,0,23,192.33,556.45,139.3988,0.1844
lxt,321,0,24,192.18,556.565,145.4919,0.1942
lxt,321,0,25,192.01,556.655,158.7488,0.1931
lxt,321,0,26,191.82,556.715,165.9627,0.2062
lxt,321,0,27,191.615,556.75,174.5607,0.211
lxt,321,0,28,191.405,556.75,5.4393,0.211
lxt,321,0,29,191.2,556.715,14.0373,0.2062
lxt,321,0,30,191.01,556.655,21.2512,0.1931
lxt,321,0,31,190.84,556.565,34.5081,0.1942
lxt,321,0,32,190.69,556.45,40.6012,0.1844
lxt,321,0,33,190.555,556.315,49.0841,0.1985
lxt,321,0,34,190.435,556.16,55.4919,0.1942
lxt,321,0,35,190.33,555.99,60.9471,0.2059
lxt,321,0,36,190.2,555.705,67.6935,0.4215
lxt,321,0,37,190.07,555.305,76.2922,0.422
lxt,321,0,38,190.0,555.0,78.6917,0.204
lxt,321,0,39,189.965,554.8,81.4696,0.2022
lxt,321,0,40,189.945,554.605,86.9843,0.1903
lxt,321,0,41,189.94,554.415,90.0,0.19
lxt,321,0,42,189.94,554.23,90.0,0.18
lxt,321,0,43,189.95,554.04,95.7118,0.201
lxt,321,0,44,189.97,553.845,96.0103,0.191
lxt,321,0,45,190.0,553.645,100.7826,0.2138
lxt,321,0,46,190.07,553.34,104.037,0.4123
lxt,321,0,47,190.2,552.95,112.8341,0.4123
lxt,321,0,48,190.33,552.67,119.0523,0.2059
lxt,321,0,49,190.435,552.5,124.5087,0.1942
lxt,321,0,50,190.555,552.35,132.8801,0.1911
lxt,321,0,51,190.695,552.215,139.0851,0.1985
lxt,321,0,52,190.85,552.1,147.9946,0.1887
lxt,321,0,53,191.015,552.01,154.7992,0.1879
lxt,321,0,54,191.2,551.945,165.9627,0.2062
lxt,321,0,55,191.405,551.915,177.2742,0.2102
lxt,321,1,0,191.585,556.24,172.4049,0.1513
lxt,321,1,1,191.73,556.21,164.0542,0.1456
lxt,321,1,2,191.86,556.16,153.4379,0.1342
lxt,321,1,3,191.975,556.085,140.7107,0.1421
lxt,321,1,4,192.12,555.925,128.046,0.2921
lxt,321,1,5,192.28,555.67,116.5647,0.3131
lxt,321,1,6,192.405,555.375,109.5369,0.3289
lxt,321,1,7,192.495,555.06,102.3404,0.3276
lxt,321,1,8,192.545,554.745,95.5273,0.3114
lxt,321,1,9,192.57,554.46,94.3996,0.2608
lxt,321,1,10,192.57,554.195,85.7627,0.2707
lxt,321,1,11,192.545,553.91,84.2897,0.3015
lxt,321,1,12,192.495,553.6,77.6596,0.3276
lxt,321,1,13,192.405,553.285,70.4631,0.3289
lxt,321,1,14,192.28,552.99,63.4353,0.3131
lxt,321,1,15,192.12,552.74,50.7114,0.2842
lxt,321,1,16,191.975,552.585,39.2893,0.1421
lxt,321,1,17,191.86,552.505,30.2542,0.1389
lxt,321,1,18,191.73,552.45,15.9458,0.1456
lxt,321,1,19,191.585,552.425,3.815,0.1503
lxt,321,1,20,191.435,552.425,176.185,0.1503
lxt,321,1,21,191.295,552.45,162.8975,0.136
lxt,321,1,22,191.165,552.505,151.7002,0.1477
lxt,321,1,23,191.045,552.585,140.7107,0.1421
lxt,321,1,24,190.9,552.74,129.2886,0.2842
lxt,321,1,25,190.74,552.99,116.5647,0.3131
lxt,321,1,26,190.615,553.285,109.5369,0.3289
lxt,321,1,27,190.53,553.6,100.6192,0.3256
lxt,321,1,28,190.48,553.91,97.5962,0.3027
lxt,321,1,29,190.455,554.195,92.12,0.2702
lxt,321,1,30,190.455,554.46,87.7986,0.2602
lxt,321,1,31,190.48,554.745,82.6461,0.3126
lxt,321,1,32,190.53,555.06,79.3808,0.3256
lxt,321,1,33,190.615,555.375,70.4631,0.3289
lxt,321,1,34,190.74,555.67,63.4353,0.3131
lxt,321,1,35,190.9,555.925,51.954,0.2921
lxt,321,1,36,191.045,556.085,39.2893,0.1421
lxt,321,1,37,191.165,556.16,24.7734,0.1432
lxt,321,1,38,191.295,556.21,17.1025,0.136
lxt,321,1,39,191.435,556.24,7.5951,0.1513
lxt,322,0,0,196.12,555.0,90.0,3.64
lxt,322,0,1,194.725,554.745,56.0875,5.0007
lxt,322,0,2,194.47,552.67,0.0,2.28
lxt,322,0,3,195.61,552.33,90.0,0.68
lxt,322,0,4,195.865,551.99,0.0,0.51
lxt,322,0,5,196.12,552.33,90.0,0.68
lxt,322,0,6,196.385,552.67,0.0,0.53
lxt,322,0,7,196.65,552.925,90.0,0.51
lxt,322,0,8,196.385,553.18,0.0,0.53
lxt,322,1,0,194.955,553.18,0.0,1.31
lxt,322,1,1,194.945,554.135,55.965,2.3048
lxt,322,1,2,195.6,555.09,0.0,0.02
lxt,322,1,3,195.61,554.135,90.0,1.91
lxt,323,0,0,199.55,556.76,64.7984,0.3758
lxt,323,0,1,199.4,556.41,68.7496,0.3863
lxt,323,0,2,199.27,556.045,72.0315,0.389
lxt,323,0,3,199.165,555.66,77.3202,0.41
lxt,323,0,4,199.085,555.265,79.8234,0.3962
lxt,323,0,5,199.025,554.87,82.8745,0.4031
lxt,323,0,6,198.985,554.47,85.711,0.4011
lxt,323,0,7,198.965,554.08,88.4934,0.3801
lxt,323,0,8,198.965,553.7,91.5066,0.3801
lxt,323,0,9,198.985,553.315,94.3985,0.3912
lxt,323,0,10,199.025,552.92,97.1255,0.4031
lxt,323,0,11,199.085,552.52,99.9272,0.4061
lxt,323,0,12,199.165,552.12,102.6798,0.41
lxt,323,0,13,199.27,551.73,107.525,0.3985
lxt,323,0,14,199.4,551.355,110.7253,0.3956
lxt,323,0,15,199.55,550.995,114.5678,0.3848
lxt,323,0,16,199.86,550.99,36.4688,0.572
lxt,323,0,17,200.02,551.315,114.3044,0.3401
lxt,323,0,18,199.895,551.635,108.4351,0.3478
lxt,323,0,19,199.795,551.97,104.8283,0.3517
lxt,323,0,20,199.715,552.315,101.3086,0.3569
lxt,323,0,21,199.65,552.67,99.462,0.365
lxt,323,0,22,199.605,553.025,94.8989,0.3513
lxt,323,0,23,199.58,553.375,93.2712,0.3506
lxt,323,0,24,199.565,553.72,91.6863,0.3401
lxt,323,0,25,199.565,554.06,88.3137,0.3401
lxt,323,0,26,199.58,554.405,86.7288,0.3506
lxt,323,0,27,199.605,554.76,85.2365,0.3612
lxt,323,0,28,199.65,555.115,80.2729,0.3551
lxt,323,0,29,199.715,555.46,78.3677,0.3471
lxt,323,0,30,199.795,555.8,75.1717,0.3517
lxt,323,0,31,199.895,556.13,71.0295,0.3384
lxt,323,0,32,200.02,556.44,64.9831,0.3311
lxt,323,0,33,199.86,556.76,143.5312,0.572
lxt,324,0,0,203.1,556.335,90.0,0.51
lxt,324,0,1,201.97,556.59,0.0,2.26
lxt,324,0,2,200.84,554.29,90.0,4.6
lxt,324,0,3,201.135,551.99,0.0,0.59
lxt,324,0,4,201.43,553.14,90.0,2.3
lxt,324,0,5,202.235,554.29,0.0,1.61
lxt,324,0,6,203.04,554.545,90.0,0.51
lxt,324,0,7,202.235,554.8,0.0,1.61
lxt,324,0,8,201.43,555.44,90.0,1.28
lxt,324,0,9,202.265,556.08,0.0,1.67
lxt,325,0,0,206.775,552.585,114.0071,1.3027
lxt,325,0,1,207.35,551.99,0.0,0.62
lxt,325,0,2,206.555,554.41,114.5419,5.3207
lxt,325,0,3,204.34,554.41,65.3601,5.3248
lxt,325,0,4,203.54,551.99,0.0,0.62
lxt,325,0,5,204.115,552.585,65.9929,1.3027
lxt,325,0,6,205.445,553.18,0.0,2.13
lxt,325,1,0,205.445,553.69,0.0,1.65
lxt,325,1,1,205.035,554.625,66.0659,2.0459
lxt,325,1,2,205.86,554.625,113.6773,2.0419
lxt,326,0,0,211.085,552.585,114.0071,1.3027
lxt,326,0,1,211.66,551.99,0.0,0.62
lxt,326,0,2,210.865,554.41,114.5419,5.3207
lxt,326,0,3,208.65,554.41,65.3601,5.3248
lxt,326,0,4,207.85,551.99,0.0,0.62
lxt,326,0,5,208.425,552.585,65.9929,1.3027
lxt,326,0,6,209.755,553.18,0.0,2.13
lxt,326,1,0,209.755,553.69,0.0,1.65
lxt,326,1,1,209.345,554.625,66.0659,2.0459
lxt,326,1,2,210.17,554.625,113.6773,2.0419
lxt,327,0,0,212.325,556.44,113.4295,0.327
lxt,327,0,1,212.45,556.13,110.5553,0.3418
lxt,327,0,2,212.555,555.8,104.8259,0.3517
lxt,327,0,3,212.635,555.46,101.6348,0.3471
lxt,327,0,4,212.695,555.115,98.1305,0.3536
lxt,327,0,5,212.74,554.76,96.3392,0.3622
lxt,327,0,6,212.77,554.405,93.2712,0.3506
lxt,327,0,7,212.785,554.06,91.6838,0.3401
lxt,327,0,8,212.785,553.72,88.3162,0.3401
lxt,327,0,9,212.77,553.375,86.7288,0.3506
lxt,327,0,10,212.74,553.025,83.4813,0.3523
lxt,327,0,11,212.695,552.67,82.0923,0.3635
lxt,327,0,12,212.635,552.315,78.689,0.3569
lxt,327,0,13,212.555,551.97,75.1741,0.3517
lxt,327,0,14,212.45,551.635,70.0175,0.3511
lxt,327,0,15,212.325,551.315,67.2483,0.3362
lxt,327,0,16,212.485,550.99,142.9267,0.564
lxt,327,0,17,212.795,550.995,64.0939,0.3891
lxt,327,0,18,212.95,551.355,69.2745,0.3956
lxt,327,0,19,213.075,551.73,73.8556,0.3956
lxt,327,0,20,213.18,552.12,75.9629,0.4123
lxt,327,0,21,213.265,552.52,80.0749,0.4061
lxt,327,0,22,213.32,552.92,84.2882,0.402
lxt,327,0,23,213.355,553.315,85.6015,0.3912
lxt,327,0,24,213.375,553.7,88.4934,0.3801
lxt,327,0,25,213.375,554.08,91.5066,0.3801
lxt,327,0,26,213.355,554.47,94.289,0.4011
lxt,327,0,27,213.32,554.87,95.7118,0.402
lxt,327,0,28,213.265,555.265,100.1744,0.3962
lxt,327,0,29,213.18,555.66,104.037,0.4123
lxt,327,0,30,213.075,556.045,106.5572,0.386
lxt,327,0,31,212.95,556.41,111.2504,0.3863
lxt,327,0,32,212.795,556.76,116.5648,0.3801
lxt,327,0,33,212.485,556.76,37.0733,0.564
lxt,328,0,0,185.805,364.305,114.0071,1.3027
lxt,328,0,1,186.38,363.71,0.0,0.62
lxt,328,0,2,185.58,366.125,114.6848,5.3158
lxt,328,0,3,183.365,366.125,65.4133,5.3116
lxt,328,0,4,182.57,363.71,0.0,0.62
lxt,328,0,5,183.145,364.305,65.9929,1.3027
lxt,328,0,6,184.475,364.9,0.0,2.13
lxt,328,1,0,184.475,365.41,0.0,1.65
lxt,328,1,1,184.06,366.345,66.3227,2.0419
lxt,328,1,2,184.885,366.345,113.934,2.0459
lxt,329,0,0,187.85,365.67,0.0,0.34
lxt,329,0,1,188.18,365.68,3.577,0.3206
lxt,329,0,2,188.495,365.715,9.163,0.314
lxt,329,0,3,188.785,365.79,20.3211,0.2879
lxt,329,0,4,189.04,365.905,28.4448,0.2729
lxt,329,0,5,189.26,366.06,41.9865,0.2691
lxt,329,0,6,189.435,366.265,56.8883,0.2746
lxt,329,0,7,189.535,366.45,70.345,0.1487
lxt,329,0,8,189.58,366.59,74.0571,0.1456
lxt,329,0,9,189.615,366.74,79.38,0.1628
lxt,329,0,10,189.63,366.905,90.0,0.17
lxt,329,0,11,189.62,367.14,93.815,0.3007
lxt,329,0,12,189.58,367.42,102.9936,0.2668
lxt,329,0,13,189.485,367.66,120.5771,0.2555
lxt,329,0,14,189.33,367.865,133.455,0.2617
lxt,329,0,15,189.185,368.0,143.9722,0.136
lxt,329,0,16,189.06,368.075,153.4325,0.1565
lxt,329,0,17,188.915,368.14,158.1986,0.1615
lxt,329,0,18,188.755,368.195,163.6093,0.1772
lxt,329,0,19,188.57,368.24,168.6926,0.204
lxt,329,0,20,188.365,368.27,174.5583,0.2109
lxt,329,0,21,188.14,368.29,175.2355,0.2408
lxt,329,0,22,187.89,368.305,177.7986,0.2602
lxt,329,0,23,187.42,368.31,0.0,0.68
lxt,329,0,24,187.08,366.01,90.0,4.6
lxt,329,0,25,187.38,363.71,0.0,0.6
lxt,329,0,26,187.68,364.69,90.0,1.96
lxt,329,1,0,187.755,367.8,0.0,0.15
lxt,329,1,1,187.945,367.795,177.5081,0.2302
lxt,329,1,2,188.17,367.78,174.8084,0.2209
lxt,329,1,3,188.39,367.75,169.6931,0.2236
lxt,329,1,4,188.6,367.7,163.3012,0.2088
lxt,329,1,5,188.785,367.62,149.5327,0.1972
lxt,329,1,6,188.935,367.5,132.8801,0.1911
lxt,329,1,7,189.025,367.385,119.0497,0.1029
lxt,329,1,8,189.07,367.29,111.8074,0.1077
lxt,329,1,9,189.1,367.185,100.2993,0.1118
lxt,329,1,10,189.115,367.07,94.7679,0.1204
lxt,329,1,11,189.115,366.945,85.5967,0.1304
lxt,329,1,12,189.1,366.82,80.5436,0.1217
lxt,329,1,13,189.075,366.71,73.3,0.1044
lxt,329,1,14,189.035,366.615,60.947,0.103
lxt,329,1,15,188.945,366.5,47.1199,0.1911
lxt,329,1,16,188.8,366.375,34.5081,0.1942
lxt,329,1,17,188.625,366.285,20.224,0.2025
lxt,329,1,18,188.425,366.23,10.7862,0.2138
lxt,329,1,19,188.205,366.195,7.4312,0.2319
lxt,329,1,20,187.975,366.18,0.0,0.23
lxt,329,1,21,187.77,366.18,0.0,0.18
lxt,329,1,22,187.68,366.99,90.0,1.62
lxt,330,0,0,191.69,365.755,11.7687,0.2452
lxt,330,0,1,191.92,365.825,22.2481,0.2377
lxt,330,0,2,192.125,365.935,34.3831,0.2302
lxt,330,0,3,192.295,366.085,48.5743,0.2267
lxt,330,0,4,192.435,366.26,54.1634,0.222
lxt,330,0,5,192.545,366.455,66.7994,0.2285
lxt,330,0,6,192.62,366.67,74.7456,0.228
lxt,330,0,7,192.66,366.9,85.2352,0.2408
lxt,330,0,8,192.65,367.18,97.1264,0.3225
lxt,330,0,9,192.575,367.485,110.7728,0.3102
lxt,330,0,10,192.425,367.76,126.1575,0.322
lxt,330,0,11,192.21,367.99,140.1937,0.3124
lxt,330,0,12,191.94,368.15,158.1996,0.3231
lxt,330,0,13,191.635,368.245,167.2743,0.3178
lxt,330,0,14,191.32,368.29,176.423,0.3206
lxt,330,0,15,190.995,368.305,178.2653,0.3302
lxt,330,0,16,190.47,368.31,0.0,0.72
lxt,330,0,17,190.11,366.01,90.0,4.6
lxt,330,0,18,190.41,363.71,0.0,0.6
lxt,330,0,19,190.71,364.69,90.0,1.96
lxt,330,0,20,190.83,365.67,0.0,0.24
lxt,330,0,21,191.645,364.69,125.3435,2.4029
lxt,330,0,22,192.68,363.71,0.0,0.68
lxt,330,0,23,192.295,364.72,125.6715,2.4865
lxt,330,1,0,190.79,367.8,0.0,0.16
lxt,330,1,1,190.98,367.795,177.3949,0.2202
lxt,330,1,2,191.205,367.78,175.0291,0.2309
lxt,330,1,3,191.425,367.75,169.2178,0.2138
lxt,330,1,4,191.63,367.695,160.7078,0.2119
lxt,330,1,5,191.815,367.61,149.5365,0.1972
lxt,330,1,6,191.97,367.49,135.0,0.198
lxt,330,1,7,192.08,367.325,112.8339,0.2062
lxt,330,1,8,192.14,367.115,99.8644,0.2334
lxt,330,1,9,192.145,366.88,82.8754,0.2419
lxt,330,1,10,192.085,366.665,64.655,0.2102
lxt,330,1,11,191.98,366.495,51.3402,0.1921
lxt,330,1,12,191.835,366.37,30.4651,0.1972
lxt,330,1,13,191.655,366.285,20.224,0.2025
lxt,330,1,14,191.455,366.23,10.7862,0.2138
lxt,330,1,15,191.24,366.195,7.7648,0.222
lxt,330,1,16,191.015,366.18,0.0,0.23
lxt,330,1,17,190.805,366.18,0.0,0.19
lxt,330,1,18,190.71,366.99,90.0,1.62
lxt,331,0,0,195.405,368.47,4.5749,0.2508
lxt,331,0,1,195.165,368.445,7.4312,0.2319
lxt,331,0,2,194.935,368.4,14.6196,0.2377
lxt,331,0,3,194.705,368.33,19.1797,0.2435
lxt,331,0,4,194.485,368.24,25.4622,0.2326
lxt,331,0,5,194.28,368.13,30.9644,0.2333
lxt,331,0,6,194.09,368.0,37.876,0.228
lxt,331,0,7,193.91,367.85,41.6329,0.2408
lxt,331,0,8,193.74,367.685,46.7375,0.2334
lxt,331,0,9,193.59,367.505,53.6161,0.236
lxt,331,0,10,193.46,367.315,57.7204,0.2247
lxt,331,0,11,193.35,367.11,65.5581,0.2417
lxt,331,0,12,193.255,366.89,67.7485,0.2377
lxt,331,0,13,193.18,366.66,75.9646,0.2474
lxt,331,0,14,193.13,366.42,80.5389,0.2433
lxt,331,0,15,193.105,366.175,87.7106,0.2502
lxt,331,0,16,193.105,365.92,92.2013,0.2602
lxt,331,0,17,193.13,365.665,99.0888,0.2532
lxt,331,0,18,193.18,365.42,104.0362,0.2474
lxt,331,0,19,193.25,365.19,109.9834,0.2341
lxt,331,0,20,193.345,364.97,116.5651,0.246
lxt,331,0,21,193.46,364.765,122.2775,0.2247
lxt,331,0,22,193.59,364.575,126.3839,0.236
lxt,331,0,23,193.74,364.395,133.2625,0.2334
lxt,331,0,24,193.905,364.235,138.5768,0.2267
lxt,331,0,25,194.085,364.09,143.6139,0.236
lxt,331,0,26,194.28,363.96,149.0388,0.2332
lxt,331,0,27,194.485,363.855,156.8014,0.2285
lxt,331,0,28,194.7,363.77,160.0166,0.2341
lxt,331,0,29,194.925,363.7,165.3794,0.2377
lxt,331,0,30,195.16,363.655,172.8754,0.2419
lxt,331,0,31,195.405,363.635,177.7072,0.2502
lxt,331,0,32,195.65,363.635,2.3882,0.2402
lxt,331,0,33,195.89,363.655,7.125,0.2419
lxt,331,0,34,196.125,363.7,14.6196,0.2377
lxt,331,0,35,196.355,363.77,19.1797,0.2435
lxt,331,0,36,196.575,363.855,23.1986,0.2285
lxt,331,0,37,196.78,363.96,30.9612,0.2332
lxt,331,0,38,196.97,364.09,37.876,0.228
lxt,331,0,39,197.15,364.235,39.806,0.2343
lxt,331,0,40,197.32,364.395,46.7375,0.2334
lxt,331,0,41,197.47,364.575,53.6161,0.236
lxt,331,0,42,197.6,364.765,57.7225,0.2247
lxt,331,0,43,197.71,364.97,65.5581,0.2417
lxt,331,0,44,197.8,365.19,70.0166,0.2341
lxt,331,0,45,197.87,365.42,75.9638,0.2474
lxt,331,0,46,197.92,365.665,80.9078,0.2532
lxt,331,0,47,197.945,365.92,87.7987,0.2602
lxt,331,0,48,197.945,366.175,92.2894,0.2502
lxt,331,0,49,197.92,366.42,99.4647,0.2433
lxt,331,0,50,197.87,366.66,104.0354,0.2474
lxt,331,0,51,197.8,366.89,109.9834,0.2341
lxt,331,0,52,197.71,367.11,114.4419,0.2417
lxt,331,0,53,197.595,367.315,124.3831,0.2302
lxt,331,0,54,197.46,367.505,126.3839,0.236
lxt,331,0,55,197.31,367.685,133.2653,0.2335
lxt,331,0,56,197.145,367.85,136.7347,0.2335
lxt,331,0,57,196.965,368.0,143.6161,0.236
lxt,331,0,58,196.77,368.13,149.0337,0.2332
lxt,331,0,59,196.565,368.24,154.5394,0.2326
lxt,331,0,60,196.35,368.33,160.0153,0.2341
lxt,331,0,61,196.125,368.4,165.3804,0.2377
lxt,331,0,62,195.89,368.445,172.875,0.2419
lxt,331,0,63,195.65,368.47,175.2355,0.2408
lxt,331,1,0,195.435,364.14,0.0,0.19
lxt,331,1,1,195.25,364.155,170.5377,0.1825
lxt,331,1,2,195.075,364.195,163.6093,0.1772
lxt,331,1,3,194.905,364.25,160.5621,0.1803
lxt,331,1,4,194.665,364.37,149.8594,0.3585
lxt,331,1,5,194.375,364.575,139.5714,0.3547
lxt,331,1,6,194.125,364.83,129.4021,0.3624
lxt,331,1,7,193.925,365.135,117.2549,0.3712
lxt,331,1,8,193.81,365.385,109.4395,0.1803
lxt,331,1,9,193.76,365.565,101.8875,0.1942
lxt,331,1,10,193.725,365.755,98.9766,0.1924
lxt,331,1,11,193.705,365.95,92.8607,0.2003
lxt,331,1,12,193.705,366.145,86.9887,0.1902
lxt,331,1,13,193.72,366.335,83.9898,0.1911
lxt,331,1,14,193.75,366.52,77.4691,0.1844
lxt,331,1,15,193.8,366.7,71.5651,0.1897
lxt,331,1,16,193.91,366.95,63.4349,0.3578
lxt,331,1,17,194.1,367.255,52.8164,0.364
lxt,331,1,18,194.345,367.52,41.6337,0.3613
lxt,331,1,19,194.635,367.725,28.7397,0.3536
lxt,331,1,20,194.875,367.845,22.3781,0.1838
lxt,331,1,21,195.05,367.905,15.5244,0.1868
lxt,331,1,22,195.235,367.945,8.9722,0.1924
lxt,331,1,23,195.43,367.965,2.8652,0.2002
lxt,331,1,24,195.63,367.965,177.1348,0.2002
lxt,331,1,25,195.825,367.945,171.0278,0.1924
lxt,331,1,26,196.01,367.905,164.4756,0.1868
lxt,331,1,27,196.185,367.845,157.6219,0.1838
lxt,331,1,28,196.425,367.725,151.2603,0.3536
lxt,331,1,29,196.715,367.52,138.3663,0.3613
lxt,331,1,30,196.955,367.255,125.9092,0.358
lxt,331,1,31,197.14,366.95,116.5651,0.3578
lxt,331,1,32,197.25,366.7,108.4349,0.1897
lxt,331,1,33,197.3,366.52,102.5262,0.1844
lxt,331,1,34,197.335,366.335,98.9766,0.1924
lxt,331,1,35,197.355,366.145,93.0113,0.1902
lxt,331,1,36,197.355,365.95,87.1393,0.2003
lxt,331,1,37,197.335,365.755,81.0234,0.1924
lxt,331,1,38,197.295,365.565,75.2589,0.1965
lxt,331,1,39,197.24,365.385,70.5559,0.1803
lxt,331,1,40,197.125,365.135,62.7451,0.3712
lxt,331,1,41,196.925,364.83,50.5997,0.3623
lxt,331,1,42,196.675,364.575,40.427,0.3547
lxt,331,1,43,196.385,364.37,30.1406,0.3585
lxt,331,1,44,196.145,364.25,19.4395,0.1803
lxt,331,1,45,195.975,364.195,16.3907,0.1772
lxt,331,1,46,195.8,364.155,9.4615,0.1825
lxt,331,1,47,195.62,364.14,0.0,0.18
lxt,332,0,0,198.815,363.71,0.0,0.59
lxt,332,0,1,199.11,365.44,90.0,3.46
lxt,332,0,2,200.815,365.345,133.053,4.9951
lxt,332,0,3,202.52,365.915,90.0,4.79
lxt,332,0,4,202.22,368.31,0.0,0.6
lxt,332,0,5,201.92,366.63,90.0,3.36
lxt,332,0,6,200.22,366.74,133.5227,4.9372
lxt,332,0,7,198.52,366.12,90.0,4.82
lxt,333,0,0,187.52,371.44,0.0,2.5
lxt,333,0,1,188.77,371.695,90.0,0.51
lxt,333,0,2,187.815,371.95,0.0,1.91
lxt,333,0,3,186.86,372.845,90.0,1.79
lxt,333,0,4,187.79,373.74,0.0,1.86
lxt,333,0,5,188.72,373.995,90.0,0.51
lxt,333,0,6,187.79,374.25,0.0,1.86
lxt,333,0,7,186.86,374.885,90.0,1.27
lxt,333,0,8,187.815,375.52,0.0,1.91
lxt,333,0,9,188.77,375.775,90.0,0.51
lxt,333,0,10,187.52,376.03,0.0,2.5
lxt,333,0,11,186.27,373.735,90.0,4.59
lxt,334,0,0,192.495,372.035,114.0071,1.3027
lxt,334,0,1,193.07,371.44,0.0,0.62
lxt,334,0,2,192.27,373.855,114.6848,5.3158
lxt,334,0,3,190.055,373.855,65.4133,5.3116
lxt,334,0,4,189.26,371.44,0.0,0.62
lxt,334,0,5,189.835,372.035,65.9929,1.3027
lxt,334,0,6,191.165,372.63,0.0,2.13
lxt,334,1,0,191.165,373.14,0.0,1.65
lxt,334,1,1,190.75,374.075,66.3227,2.0419
lxt,334,1,2,191.575,374.075,113.934,2.0459
lxt,335,0,0,196.29,375.61,122.0064,0.1887
lxt,335,0,1,196.18,375.755,132.7105,0.1769
lxt,335,0,2,196.05,375.88,139.3961,0.1844
lxt,335,0,3,195.91,375.985,147.2657,0.1664
lxt,335,0,4,195.76,376.07,153.4349,0.1789
lxt,335,0,5,195.595,376.135,163.6093,0.1772
lxt,335,0,6,195.42,376.175,170.5377,0.1825
lxt,335,0,7,195.24,376.2,173.6635,0.1811
lxt,335,0,8,195.02,376.2,4.3964,0.2608
lxt,335,0,9,194.765,376.16,13.4952,0.2571
lxt,335,0,10,194.525,376.08,23.5002,0.2508
lxt,335,0,11,194.305,375.965,31.7596,0.247
lxt,335,0,12,194.11,375.815,43.3619,0.2476
lxt,335,0,13,193.955,375.63,56.9778,0.2385
lxt,335,0,14,193.845,375.41,69.4452,0.2563
lxt,335,0,15,193.785,375.155,83.6566,0.2717
lxt,335,0,16,193.78,374.905,94.9706,0.2309
lxt,335,0,17,193.825,374.69,109.2922,0.2119
lxt,335,0,18,193.91,374.5,119.0534,0.2059
lxt,335,0,19,194.02,374.335,128.6605,0.1921
lxt,335,0,20,194.16,374.195,140.9063,0.2061
lxt,335,0,21,194.325,374.075,147.0967,0.2025
lxt,335,0,22,194.505,373.965,149.9296,0.2195
lxt,335,0,23,194.695,373.865,154.6513,0.2102
lxt,335,0,24,194.95,373.755,157.8926,0.3454
lxt,335,0,25,195.255,373.615,152.6482,0.3265
lxt,335,0,26,195.525,373.45,144.2472,0.3081
lxt,335,0,27,195.7,373.305,132.2753,0.1487
lxt,335,0,28,195.79,373.185,121.6071,0.1526
lxt,335,0,29,195.855,373.04,107.3497,0.1676
lxt,335,0,30,195.89,372.875,96.7113,0.1712
lxt,335,0,31,195.89,372.695,83.9893,0.191
lxt,335,0,32,195.86,372.515,76.7626,0.1747
lxt,335,0,33,195.8,372.355,61.926,0.17
lxt,335,0,34,195.71,372.21,54.4647,0.172
lxt,335,0,35,195.6,372.08,44.9964,0.1697
lxt,335,0,36,195.465,371.98,28.074,0.17
lxt,335,0,37,195.31,371.91,20.5548,0.1709
lxt,335,0,38,195.14,371.87,6.3418,0.1811
lxt,335,0,39,194.96,371.87,173.6587,0.1811
lxt,335,0,40,194.79,371.905,162.6503,0.1676
lxt,335,0,41,194.63,371.97,153.4328,0.1789
lxt,335,0,42,194.485,372.065,139.7645,0.1703
lxt,335,0,43,194.365,372.185,130.2355,0.1703
lxt,335,0,44,194.27,372.325,118.074,0.17
lxt,335,0,45,194.2,372.485,109.4395,0.1803
lxt,335,0,46,194.165,372.665,93.0111,0.1903
lxt,335,0,47,193.86,372.7,11.3094,0.6119
lxt,335,0,48,193.59,372.5,102.0943,0.2864
lxt,335,0,49,193.67,372.24,112.6206,0.26
lxt,335,0,50,193.795,372.01,124.2856,0.2663
lxt,335,0,51,193.955,371.805,131.8195,0.255
lxt,335,0,52,194.145,371.635,144.4643,0.2581
lxt,335,0,53,194.365,371.505,154.4395,0.2549
lxt,335,0,54,194.605,371.415,164.3594,0.2596
lxt,335,0,55,194.87,371.365,173.8847,0.2816
lxt,335,0,56,195.155,371.365,5.9057,0.2916
lxt,335,0,57,195.44,371.42,15.9429,0.2912
lxt,335,0,58,195.71,371.52,24.7775,0.2864
lxt,335,0,59,195.95,371.665,37.6938,0.278
lxt,335,0,60,196.15,371.855,49.3987,0.2766
lxt,335,0,61,196.31,372.08,59.7442,0.2779
lxt,335,0,62,196.42,372.34,74.0542,0.2912
lxt,335,0,63,196.48,372.635,82.646,0.3126
lxt,335,0,64,196.485,372.925,96.3398,0.2717
lxt,335,0,65,196.44,373.185,103.4952,0.2571
lxt,335,0,66,196.355,373.415,117.6454,0.2371
lxt,335,0,67,196.23,373.61,127.876,0.228
lxt,335,0,68,196.075,373.775,138.5768,0.2267
lxt,335,0,69,195.89,373.92,145.0077,0.2441
lxt,335,0,70,195.68,374.05,151.3907,0.2506
lxt,335,0,71,195.45,374.16,157.3812,0.26
lxt,335,0,72,195.17,374.275,157.8903,0.3454
lxt,335,0,73,194.895,374.395,154.4395,0.2549
lxt,335,0,74,194.68,374.52,145.0077,0.2441
lxt,335,0,75,194.535,374.63,138.3695,0.1204
lxt,335,0,76,194.46,374.725,118.6093,0.1253
lxt,335,0,77,194.405,374.835,114.4452,0.1208
lxt,335,0,78,194.375,374.955,94.3961,0.1304
lxt,335,0,79,194.375,375.095,86.1879,0.1503
lxt,335,0,80,194.405,375.235,68.962,0.1393
lxt,335,0,81,194.47,375.36,56.3083,0.1442
lxt,335,0,82,194.56,375.465,41.9843,0.1345
lxt,335,0,83,194.735,375.58,29.2487,0.2865
lxt,335,0,84,194.995,375.67,8.4291,0.2729
lxt,335,0,85,195.25,375.68,175.2355,0.2408
lxt,335,0,86,195.47,375.625,155.7728,0.2193
lxt,335,0,87,195.65,375.51,138.8148,0.2126
lxt,335,0,88,195.8,375.345,126.3839,0.236
lxt,335,0,89,196.105,375.39,30.784,0.5471
lxt,336,0,0,198.89,375.52,0.0,1.1
lxt,336,0,1,199.44,375.775,90.0,0.51
lxt,336,0,2,198.045,376.03,0.0,2.79
lxt,336,0,3,196.65,375.775,90.0,0.51
lxt,336,0,4,197.195,375.52,0.0,1.09
lxt,336,0,5,197.74,373.48,90.0,4.08
lxt,336,0,6,198.04,371.44,0.0,0.6
lxt,336,0,7,198.34,373.48,90.0,4.08
lxt,337,0,0,24.94,483.015,90.0,1.87
lxt,337,0,1,24.645,483.95,0.0,0.59
lxt,337,0,2,24.35,481.655,90.0,4.59
lxt,337,0,3,24.645,479.36,0.0,0.59
lxt,337,0,4,24.94,480.465,90.0,2.21
lxt,337,0,5,26.005,481.57,0.0,2.13
lxt,337,0,6,27.07,480.465,90.0,2.21
lxt,337,0,7,27.37,479.36,0.0,0.6
lxt,337,0,8,27.67,481.655,90.0,4.59
lxt,337,0,9,27.37,483.95,0.0,0.6
lxt,337,0,10,27.07,483.015,90.0,1.87
lxt,337,0,11,26.005,482.08,0.0,2.13
lxt,338,0,0,31.515,479.955,114.0071,1.3027
lxt,338,0,1,32.09,479.36,0.0,0.62
lxt,338,0,2,31.295,481.775,114.5868,5.3116
lxt,338,0,3,29.085,481.775,65.4132,5.3116
lxt,338,0,4,28.29,479.36,0.0,0.62
lxt,338,0,5,28.86,479.955,66.396,1.2987
lxt,338,0,6,30.185,480.55,0.0,2.13
lxt,338,1,0,30.185,481.06,0.0,1.65
lxt,338,1,1,29.775,481.995,66.0659,2.0459
lxt,338,1,2,30.6,481.995,113.6776,2.0419
lxt,339,0,0,33.09,479.36,0.0,0.6
lxt,339,0,1,33.39,481.09,90.0,3.46
lxt,339,0,2,35.095,480.995,133.053,4.9951
lxt,339,0,3,36.8,481.56,90.0,4.78
lxt,339,0,4,36.5,483.95,0.0,0.6
lxt,339,0,5,36.2,482.275,90.0,3.35
lxt,339,0,6,34.495,482.385,133.6869,4.9369
lxt,339,0,7,32.79,481.765,90.0,4.81
lxt,340,0,0,40.01,481.395,90.0,0.51
lxt,340,0,1,40.595,481.14,0.0,1.17
lxt,340,0,2,41.16,481.005,81.5735,0.2729
lxt,340,0,3,41.09,480.74,68.9622,0.2786
lxt,340,0,4,40.965,480.495,56.8886,0.2746
lxt,340,0,5,40.795,480.28,46.4691,0.2759
lxt,340,0,6,40.585,480.095,36.469,0.286
lxt,340,0,7,40.35,479.95,26.5658,0.2683
lxt,340,0,8,40.1,479.85,17.1014,0.272
lxt,340,0,9,39.835,479.795,6.3415,0.2717
lxt,340,0,10,39.61,479.785,176.8195,0.1803
lxt,340,0,11,39.435,479.805,169.9923,0.1726
lxt,340,0,12,39.265,479.845,163.6097,0.1772
lxt,340,0,13,39.1,479.905,156.3707,0.1746
lxt,340,0,14,38.87,480.03,149.0361,0.3499
lxt,340,0,15,38.59,480.24,137.2907,0.3538
lxt,340,0,16,38.355,480.5,126.8699,0.35
lxt,340,0,17,38.165,480.795,118.7397,0.3536
lxt,340,0,18,38.03,481.12,106.3895,0.3544
lxt,340,0,19,37.965,481.465,94.8995,0.3513
lxt,340,0,20,37.955,481.74,87.137,0.2003
lxt,340,0,21,37.97,481.94,84.2892,0.201
lxt,340,0,22,38.005,482.135,75.2568,0.1965
lxt,340,0,23,38.06,482.32,71.5647,0.1897
lxt,340,0,24,38.17,482.575,64.1333,0.3667
lxt,340,0,25,38.36,482.885,52.8157,0.364
lxt,340,0,26,38.6,483.155,43.8765,0.3607
lxt,340,0,27,38.885,483.37,30.1416,0.3585
lxt,340,0,28,39.125,483.49,19.4414,0.1803
lxt,340,0,29,39.295,483.545,16.3883,0.1772
lxt,340,0,30,39.47,483.585,9.4619,0.1825
lxt,340,0,31,39.655,483.605,3.0134,0.1903
lxt,340,0,32,39.855,483.605,177.2731,0.2102
lxt,340,0,33,40.06,483.575,165.965,0.2062
lxt,340,0,34,40.26,483.52,163.2992,0.2088
lxt,340,0,35,40.455,483.44,152.2421,0.2147
lxt,340,0,36,40.635,483.335,147.0943,0.2025
lxt,340,0,37,40.805,483.21,140.528,0.2202
lxt,340,0,38,40.965,483.065,134.9993,0.2121
lxt,340,0,39,41.105,482.905,127.4059,0.214
lxt,340,0,40,41.36,483.025,47.1749,0.559
lxt,340,0,41,41.465,483.33,130.3653,0.2625
lxt,340,0,42,41.28,483.52,138.0128,0.2691
lxt,340,0,43,41.075,483.69,142.6953,0.264
lxt,340,0,44,40.855,483.83,152.4481,0.2594
lxt,340,0,45,40.62,483.94,157.3803,0.26
lxt,340,0,46,40.375,484.025,164.3562,0.2596
lxt,340,0,47,40.12,484.085,169.1155,0.2648
lxt,340,0,48,39.86,484.115,177.7969,0.2602
lxt,340,0,49,39.61,484.115,2.3864,0.2402
lxt,340,0,50,39.37,484.09,9.4626,0.2433
lxt,340,0,51,39.135,484.04,14.6201,0.2377
lxt,340,0,52,38.915,483.97,20.855,0.2247
lxt,340,0,53,38.705,483.875,27.6462,0.2371
lxt,340,0,54,38.5,483.76,30.9626,0.2332
lxt,340,0,55,38.31,483.63,37.8748,0.228
lxt,340,0,56,38.135,483.48,43.2653,0.2335
lxt,340,0,57,37.975,483.31,50.1942,0.2343
lxt,340,0,58,37.83,483.125,53.6161,0.236
lxt,340,0,59,37.7,482.925,60.2552,0.2419
lxt,340,0,60,37.59,482.71,65.5557,0.2417
lxt,340,0,61,37.5,482.485,70.8211,0.2435
lxt,340,0,62,37.43,482.25,75.9633,0.2474
lxt,340,0,63,37.38,482.005,80.9095,0.2532
lxt,340,0,64,37.355,481.75,87.7978,0.2602
lxt,340,0,65,37.355,481.505,92.4891,0.2302
lxt,340,0,66,37.38,481.275,99.8662,0.2334
lxt,340,0,67,37.43,481.05,105.2554,0.228
lxt,340,0,68,37.5,480.83,109.9825,0.2341
lxt,340,0,69,37.585,480.62,114.2281,0.2193
lxt,340,0,70,37.69,480.425,122.2759,0.2247
lxt,340,0,71,37.815,480.235,124.3794,0.2302
lxt,340,0,72,37.96,480.055,133.2646,0.2335
lxt,340,0,73,38.12,479.895,136.8473,0.2193
lxt,340,0,74,38.29,479.75,142.1252,0.228
lxt,340,0,75,38.475,479.62,147.7257,0.2247
lxt,340,0,76,38.67,479.51,153.4332,0.2236
lxt,340,0,77,38.875,479.42,159.1472,0.2247
lxt,340,0,78,39.09,479.35,164.7435,0.228
lxt,340,0,79,39.315,479.3,170.134,0.2335
lxt,340,0,80,39.55,479.275,177.6154,0.2402
lxt,340,0,81,39.785,479.275,2.4882,0.2302
lxt,340,0,82,40.01,479.295,7.7668,0.222
lxt,340,0,83,40.225,479.34,15.9448,0.2184
lxt,340,0,84,40.43,479.405,19.2899,0.2119
lxt,340,0,85,40.625,479.485,25.3454,0.2102
lxt,340,0,86,40.805,479.585,32.9051,0.2025
lxt,340,0,87,40.97,479.7,36.8706,0.2
lxt,340,0,88,41.125,479.83,43.0254,0.2052
lxt,340,0,89,41.265,479.98,50.9066,0.2062
lxt,340,0,90,41.385,480.145,57.0943,0.2025
lxt,340,0,91,41.49,480.32,60.9458,0.2059
lxt,340,0,92,41.585,480.505,64.6532,0.2102
lxt,340,0,93,41.66,480.705,74.0547,0.2184
lxt,340,0,94,41.715,480.915,76.6076,0.2159
lxt,340,0,95,41.755,481.13,82.2349,0.222
lxt,340,0,96,41.775,481.36,87.6136,0.2402
lxt,340,0,97,41.78,481.565,90.0,0.17
lxt,340,0,98,40.895,481.65,0.0,1.77
lxt,341,0,0,45.415,479.955,114.0071,1.3027
lxt,341,0,1,45.99,479.36,0.0,0.62
lxt,341,0,2,45.195,481.775,114.5868,5.3116
lxt,341,0,3,42.985,481.775,65.4132,5.3116
lxt,341,0,4,42.19,479.36,0.0,0.62
lxt,341,0,5,42.765,479.955,65.9928,1.3027
lxt,341,0,6,44.09,480.55,0.0,2.12
lxt,341,1,0,44.09,481.06,0.0,1.64
lxt,341,1,1,43.68,481.995,66.3224,2.0419
lxt,341,1,2,44.5,481.995,113.6776,2.0419
lxt,342,0,0,48.28,481.4,14.0356,0.2474
lxt,342,0,1,48.505,481.475,23.1996,0.2285
lxt,342,0,2,48.705,481.585,34.38,0.2302
lxt,342,0,3,48.88,481.73,45.0007,0.2263
lxt,342,0,4,49.02,481.905,57.7239,0.2247
lxt,342,0,5,49.13,482.105,64.536,0.2326
lxt,342,0,6,49.205,482.32,77.196,0.2256
lxt,342,0,7,49.24,482.55,85.2364,0.2408
lxt,342,0,8,49.23,482.825,97.3526,0.3126
lxt,342,0,9,49.155,483.13,110.1362,0.3195
lxt,342,0,10,49.01,483.41,124.6958,0.3162
lxt,342,0,11,48.795,483.64,141.3396,0.3202
lxt,342,0,12,48.525,483.8,157.5212,0.3138
lxt,342,0,13,48.22,483.89,169.3794,0.3256
lxt,342,0,14,47.9,483.935,174.6444,0.3214
lxt,342,0,15,47.58,483.95,0.0,0.32
lxt,342,0,16,47.06,483.95,0.0,0.72
lxt,342,0,17,46.7,481.655,90.0,4.59
lxt,342,0,18,46.995,479.36,0.0,0.59
lxt,342,0,19,47.29,480.335,90.0,1.95
lxt,342,0,20,47.415,481.31,0.0,0.25
lxt,342,0,21,48.23,480.335,125.2866,2.3889
lxt,342,0,22,49.26,479.36,0.0,0.68
lxt,342,0,23,48.88,480.365,125.6184,2.4726
lxt,342,1,0,47.37,483.44,0.0,0.16
lxt,342,1,1,47.56,483.44,0.0,0.22
lxt,342,1,2,47.785,483.425,172.569,0.232
lxt,342,1,3,48.01,483.39,169.6948,0.2236
lxt,342,1,4,48.215,483.335,159.7755,0.2025
lxt,342,1,5,48.4,483.25,150.9458,0.2059
lxt,342,1,6,48.555,483.13,132.8784,0.191
lxt,342,1,7,48.665,482.97,116.5651,0.2012
lxt,342,1,8,48.725,482.76,97.1255,0.2419
lxt,342,1,9,48.725,482.52,82.8743,0.2419
lxt,342,1,10,48.67,482.305,67.1671,0.2062
lxt,342,1,11,48.565,482.14,47.1207,0.1911
lxt,342,1,12,48.42,482.02,32.005,0.1887
lxt,342,1,13,48.245,481.935,20.2249,0.2025
lxt,342,1,14,48.04,481.875,12.8031,0.2256
lxt,342,1,15,47.82,481.84,5.1955,0.2209
lxt,342,1,16,47.595,481.825,2.4901,0.2302
lxt,342,1,17,47.385,481.82,0.0,0.19
lxt,342,1,18,47.29,482.63,90.0,1.62
lxt,343,0,0,52.545,483.525,126.2537,0.186
lxt,343,0,1,52.43,483.67,130.6012,0.1844
lxt,343,0,2,52.305,483.795,139.7637,0.1703
lxt,343,0,3,52.165,483.9,146.3099,0.1803
lxt,343,0,4,52.01,483.985,156.3707,0.1746
lxt,343,0,5,51.85,484.05,159.4452,0.1709
lxt,343,0,6,51.68,484.095,170.5355,0.1825
lxt,343,0,7,51.495,484.115,176.9889,0.1903
lxt,343,0,8,51.27,484.11,4.398,0.2608
lxt,343,0,9,51.015,484.07,13.4969,0.2571
lxt,343,0,10,50.775,483.995,21.3699,0.247
lxt,343,0,11,50.555,483.885,31.7586,0.247
lxt,343,0,12,50.365,483.735,45.0013,0.2404
lxt,343,0,13,50.21,483.545,56.3099,0.2524
lxt,343,0,14,50.1,483.325,70.8203,0.2435
lxt,343,0,15,50.045,483.075,83.6602,0.2717
lxt,343,0,16,50.04,482.825,94.9699,0.2309
lxt,343,0,17,50.08,482.61,106.6982,0.2088
lxt,343,0,18,50.16,482.42,119.0551,0.2059
lxt,343,0,19,50.275,482.255,130.9158,0.1985
lxt,343,0,20,50.415,482.115,139.0841,0.1985
lxt,343,0,21,50.575,481.99,144.7838,0.2081
lxt,343,0,22,50.755,481.88,152.2398,0.2147
lxt,343,0,23,50.95,481.785,155.7732,0.2193
lxt,343,0,24,51.205,481.67,155.6954,0.3401
lxt,343,0,25,51.505,481.53,154.2308,0.322
lxt,343,0,26,51.78,481.37,145.305,0.3162
lxt,343,0,27,51.96,481.225,132.2731,0.1487
lxt,343,0,28,52.05,481.105,121.6071,0.1526
lxt,343,0,29,52.115,480.96,107.3542,0.1676
lxt,343,0,30,52.145,480.79,93.1793,0.1803
lxt,343,0,31,52.145,480.61,86.8207,0.1803
lxt,343,0,32,52.115,480.435,73.6105,0.1772
lxt,343,0,33,52.055,480.27,66.37,0.1746
lxt,343,0,34,51.97,480.125,52.4312,0.164
lxt,343,0,35,51.855,480.0,42.7098,0.1769
lxt,343,0,36,51.72,479.9,29.7432,0.1612
lxt,343,0,37,51.57,479.83,20.5577,0.1709
lxt,343,0,38,51.4,479.79,6.3391,0.1811
lxt,343,0,39,51.22,479.79,173.6609,0.1811
lxt,343,0,40,51.045,479.825,163.6093,0.1772
lxt,343,0,41,50.885,479.89,151.9272,0.17
lxt,343,0,42,50.74,479.98,144.4626,0.172
lxt,343,0,43,50.615,480.1,128.1575,0.178
lxt,343,0,44,50.52,480.245,118.0717,0.17
lxt,343,0,45,50.455,480.405,106.3895,0.1772
lxt,343,0,46,50.42,480.585,96.0091,0.1911
lxt,343,0,47,50.115,480.615,12.4264,0.6042
lxt,343,0,48,49.85,480.415,102.5285,0.2766
lxt,343,0,49,49.93,480.155,111.8019,0.2693
lxt,343,0,50,50.05,479.92,122.4709,0.2608
lxt,343,0,51,50.21,479.72,135.0,0.2546
lxt,343,0,52,50.4,479.555,143.1299,0.25
lxt,343,0,53,50.615,479.42,152.4481,0.2594
lxt,343,0,54,50.86,479.325,164.9299,0.2693
lxt,343,0,55,51.125,479.28,175.7643,0.2707
lxt,343,0,56,51.41,479.285,5.7104,0.3015
lxt,343,0,57,51.7,479.335,14.0361,0.2886
lxt,343,0,58,51.965,479.435,27.4753,0.2818
lxt,343,0,59,52.2,479.58,36.027,0.272
lxt,343,0,60,52.405,479.765,47.8619,0.2832
lxt,343,0,61,52.565,479.995,62.5261,0.2818
lxt,343,0,62,52.675,480.26,72.181,0.2941
lxt,343,0,63,52.735,480.55,84.289,0.3015
lxt,343,0,64,52.74,480.84,94.0857,0.2807
lxt,343,0,65,52.695,481.1,106.2603,0.25
lxt,343,0,66,52.61,481.325,115.4631,0.2326
lxt,343,0,67,52.485,481.52,129.8051,0.2343
lxt,343,0,68,52.325,481.69,136.7367,0.2335
lxt,343,0,69,52.145,481.84,143.6156,0.236
lxt,343,0,70,51.94,481.97,151.3891,0.2506
lxt,343,0,71,51.71,482.08,157.3803,0.26
lxt,343,0,72,51.425,482.195,158.4991,0.3547
lxt,343,0,73,51.15,482.31,155.5548,0.2417
lxt,343,0,74,50.935,482.43,146.3099,0.2524
lxt,343,0,75,50.79,482.545,131.634,0.1204
lxt,343,0,76,50.715,482.64,124.9923,0.1221
lxt,343,0,77,50.66,482.75,108.4349,0.1265
lxt,343,0,78,50.63,482.875,98.7465,0.1315
lxt,343,0,79,50.63,483.015,82.4053,0.1513
lxt,343,0,80,50.665,483.155,68.9624,0.1393
lxt,343,0,81,50.73,483.275,53.9735,0.136
lxt,343,0,82,50.82,483.38,45.0011,0.1414
lxt,343,0,83,50.99,483.5,30.2566,0.2778
lxt,343,0,84,51.25,483.59,8.1302,0.2828
lxt,343,0,85,51.505,483.595,172.567,0.2319
lxt,343,0,86,51.72,483.54,158.2001,0.2154
lxt,343,0,87,51.905,483.43,140.5274,0.2202
lxt,343,0,88,52.055,483.265,124.3802,0.2302
lxt,343,0,89,52.36,483.31,30.2564,0.5557
lxt,344,0,0,121.0,508.38,86.3537,4.0883
lxt,344,0,1,120.875,510.435,176.6337,0.5109
lxt,344,0,2,120.475,508.155,86.3848,4.5992
lxt,344,0,3,120.825,505.83,176.5319,0.9918
lxt,344,0,4,121.495,506.045,54.4617,0.6022
lxt,344,0,5,121.27,506.315,176.4235,0.8016
lxt,345,0,0,118.695,509.44,91.9095,0.3002
lxt,345,0,1,118.66,509.73,102.0943,0.2864
lxt,345,0,2,118.57,509.99,116.5658,0.2683
lxt,345,0,3,118.43,510.21,128.6595,0.2561
lxt,345,0,4,118.255,510.395,138.1792,0.255
lxt,345,0,5,118.045,510.545,150.5242,0.2642
lxt,345,0,6,117.8,510.655,160.9059,0.2751
lxt,345,0,7,117.525,510.72,172.148,0.2927
lxt,345,0,8,117.24,510.735,2.0443,0.2802
lxt,345,0,9,116.965,510.705,10.4919,0.2746
lxt,345,0,10,116.705,510.63,21.8011,0.2693
lxt,345,0,11,116.475,510.51,33.6901,0.2524
lxt,345,0,12,116.275,510.345,45.0012,0.2687
lxt,345,0,13,116.11,510.14,57.5277,0.2608
lxt,345,0,14,115.99,509.9,68.9624,0.2786
lxt,345,0,15,115.92,509.62,82.4053,0.3027
lxt,345,0,16,115.895,509.38,86.8219,0.1803
lxt,345,0,17,115.905,509.205,100.0077,0.1726
lxt,345,0,18,115.94,509.035,103.2409,0.1746
lxt,345,0,19,115.995,508.87,113.6288,0.1746
lxt,345,0,20,116.07,508.72,119.7456,0.1612
lxt,345,0,21,116.165,508.585,130.2352,0.1703
lxt,345,0,22,116.29,508.47,144.462,0.1721
lxt,345,0,23,116.435,508.375,149.0362,0.1749
lxt,345,0,24,116.375,508.24,33.6904,0.3245
lxt,345,0,25,116.14,508.035,48.9907,0.3048
lxt,345,0,26,116.0,507.85,60.2568,0.1612
lxt,345,0,27,115.93,507.705,68.1971,0.1616
lxt,345,0,28,115.88,507.55,75.9657,0.1649
lxt,345,0,29,115.85,507.385,83.2887,0.1712
lxt,345,0,30,115.845,507.16,92.0459,0.2802
lxt,345,0,31,115.88,506.895,103.4952,0.2571
lxt,345,0,32,115.96,506.65,112.6191,0.26
lxt,345,0,33,116.085,506.43,126.8706,0.25
lxt,345,0,34,116.25,506.245,136.6369,0.2476
lxt,345,0,35,116.45,506.095,149.42,0.2555
lxt,345,0,36,116.68,505.985,159.4446,0.2563
lxt,345,0,37,116.94,505.92,171.8697,0.2828
lxt,345,0,38,117.215,505.905,2.1215,0.2702
lxt,345,0,39,117.48,505.935,10.8845,0.2648
lxt,345,0,40,117.725,506.015,25.5605,0.2549
lxt,345,0,41,117.94,506.14,34.9923,0.2441
lxt,345,0,42,118.125,506.3,46.6357,0.2476
lxt,345,0,43,118.275,506.5,59.4214,0.2555
lxt,345,0,44,118.385,506.735,70.2003,0.2657
lxt,345,0,45,118.455,507.0,79.8762,0.2844
lxt,345,0,46,118.48,507.225,90.0,0.17
lxt,345,0,47,118.47,507.39,97.1237,0.1612
lxt,345,0,48,118.44,507.545,104.9316,0.1552
lxt,345,0,49,118.39,507.695,111.8004,0.1616
lxt,345,0,50,118.28,507.9,121.6086,0.3053
lxt,345,0,51,118.085,508.135,137.6031,0.3115
lxt,345,0,52,118.045,508.27,21.8029,0.1616
lxt,345,0,53,118.19,508.345,32.7343,0.1664
lxt,345,0,54,118.32,508.45,45.0,0.1697
lxt,345,0,55,118.435,508.575,49.7629,0.1703
lxt,345,0,56,118.53,508.71,60.2544,0.1612
lxt,345,0,57,118.6,508.86,69.4452,0.1709
lxt,345,0,58,118.655,509.025,73.6093,0.1772
lxt,345,0,59,118.69,509.2,83.6609,0.1811
lxt,345,1,0,117.03,506.42,172.8763,0.1612
lxt,345,1,1,116.88,506.46,156.8022,0.1523
lxt,345,1,2,116.74,506.53,150.2544,0.1612
lxt,345,1,3,116.615,506.625,135.0,0.1556
lxt,345,1,4,116.515,506.745,124.6969,0.1581
lxt,345,1,5,116.435,506.88,116.5638,0.1565
lxt,345,1,6,116.38,507.03,104.0343,0.1649
lxt,345,1,7,116.355,507.19,93.577,0.1603
lxt,345,1,8,116.365,507.34,77.9057,0.1432
lxt,345,1,9,116.41,507.48,66.8022,0.1523
lxt,345,1,10,116.485,507.615,55.3031,0.1581
lxt,345,1,11,116.585,507.74,47.49,0.1628
lxt,345,1,12,116.705,507.845,34.6946,0.1581
lxt,345,1,13,116.84,507.93,29.7456,0.1612
lxt,345,1,14,116.985,507.99,14.9316,0.1552
lxt,345,1,15,117.135,508.015,3.8148,0.1503
lxt,345,1,16,117.285,508.005,168.6878,0.153
lxt,345,1,17,117.43,507.96,156.8022,0.1523
lxt,345,1,18,117.565,507.885,145.3054,0.1581
lxt,345,1,19,117.69,507.785,137.49,0.1628
lxt,345,1,20,117.795,507.665,124.6931,0.1581
lxt,345,1,21,117.88,507.53,119.7456,0.1612
lxt,345,1,22,117.94,507.385,104.9316,0.1552
lxt,345,1,23,117.965,507.24,94.0834,0.1404
lxt,345,1,24,117.955,507.09,79.3805,0.1628
lxt,345,1,25,117.91,506.935,68.1996,0.1616
lxt,345,1,26,117.84,506.79,60.2544,0.1612
lxt,345,1,27,117.745,506.665,45.0,0.1556
lxt,345,1,28,117.625,506.565,34.6946,0.1581
lxt,345,1,29,117.49,506.485,26.5651,0.1565
lxt,345,1,30,117.345,506.43,14.9316,0.1552
lxt,345,1,31,117.19,506.41,0.0,0.16
lxt,345,2,0,117.155,508.545,169.9923,0.1726
lxt,345,2,1,116.99,508.59,159.4428,0.1709
lxt,345,2,2,116.84,508.665,147.2657,0.1664
lxt,345,2,3,116.705,508.765,139.7629,0.1703
lxt,345,2,4,116.585,508.885,130.2355,0.1703
lxt,345,2,5,116.495,509.025,115.0177,0.1655
lxt,345,2,6,116.435,509.18,107.3546,0.1676
lxt,345,2,7,116.405,509.35,93.1805,0.1803
lxt,345,2,8,116.42,509.52,75.9631,0.1649
lxt,345,2,9,116.47,509.68,69.4428,0.1709
lxt,345,2,10,116.55,509.83,54.4626,0.172
lxt,345,2,11,116.66,509.96,45.0018,0.1697
lxt,345,2,12,116.79,510.065,32.7329,0.1664
lxt,345,2,13,116.94,510.145,23.6298,0.1746
lxt,345,2,14,117.1,510.2,14.0362,0.1649
lxt,345,2,15,117.265,510.225,3.3672,0.1703
lxt,345,2,16,117.435,510.215,169.9923,0.1726
lxt,345,2,17,117.6,510.17,159.4428,0.1709
lxt,345,2,18,117.75,510.095,147.2657,0.1664
lxt,345,2,19,117.885,509.995,139.7629,0.1703
lxt,345,2,20,118.005,509.87,128.1575,0.178
lxt,345,2,21,118.095,509.725,115.0166,0.1655
lxt,345,2,22,118.155,509.57,107.3546,0.1676
lxt,345,2,23,118.185,509.405,93.3647,0.1703
lxt,345,2,24,118.175,509.235,79.9923,0.1726
lxt,345,2,25,118.125,509.075,64.9834,0.1655
lxt,345,2,26,118.045,508.93,57.2657,0.1664
lxt,345,2,27,117.94,508.8,45.0,0.1697
lxt,345,2,28,117.81,508.69,35.5374,0.172
lxt,345,2,29,117.66,508.61,20.5548,0.1709
lxt,345,2,30,117.5,508.56,14.0369,0.1649
lxt,345,2,31,117.33,508.535,3.1805,0.1803
lxt,346,0,0,288.65,270.585,90.0,0.59
lxt,346,0,1,287.345,270.88,0.0,2.61
lxt,346,0,2,286.04,268.23,90.0,5.3
lxt,346,0,3,286.385,265.58,0.0,0.69
lxt,346,0,4,286.73,266.905,90.0,2.65
lxt,346,0,5,287.655,268.23,0.0,1.85
lxt,346,0,6,288.58,268.525,90.0,0.59
lxt,346,0,7,287.655,268.82,0.0,1.85
lxt,346,0,8,286.73,269.555,90.0,1.47
lxt,346,0,9,287.69,270.29,0.0,1.92
lxt,347,0,0,289.735,270.88,0.0,0.69
lxt,347,0,1,289.39,268.23,90.0,5.3
lxt,347,0,2,289.735,265.58,0.0,0.69
lxt,347,0,3,290.08,268.23,90.0,5.3
lxt,348,0,0,292.48,265.58,0.0,2.88
lxt,348,0,1,293.92,265.87,90.0,0.58
lxt,348,0,2,292.82,266.16,0.0,2.2
lxt,348,0,3,291.72,267.195,90.0,2.07
lxt,348,0,4,292.79,268.23,0.0,2.14
lxt,348,0,5,293.86,268.525,90.0,0.59
lxt,348,0,6,292.79,268.82,0.0,2.14
lxt,348,0,7,291.72,269.555,90.0,1.47
lxt,348,0,8,292.82,270.29,0.0,2.2
lxt,348,0,9,293.92,270.585,90.0,0.59
lxt,348,0,10,292.48,270.88,0.0,2.88
lxt,348,0,11,291.04,268.23,90.0,5.3
lxt,349,0,0,295.065,270.88,0.0,0.69
lxt,349,0,1,294.72,268.23,90.0,5.3
lxt,349,0,2,295.875,265.58,0.0,2.31
lxt,349,0,3,297.03,265.87,90.0,0.58
lxt,349,0,4,296.22,266.16,0.0,1.62
lxt,349,0,5,295.41,268.52,90.0,4.72
lxt,350,0,0,297.995,265.58,0.0,1.11
lxt,350,0,1,298.705,265.585,1.8492,0.3102
lxt,350,0,2,299.01,265.605,5.7106,0.3015
lxt,350,0,3,299.305,265.645,9.7798,0.2943
lxt,350,0,4,299.585,265.705,14.5365,0.2789
lxt,350,0,5,299.855,265.785,18.4349,0.2846
lxt,350,0,6,300.115,265.885,23.7467,0.2731
lxt,350,0,7,300.355,266.01,31.3301,0.2693
lxt,350,0,8,300.58,266.155,34.2856,0.2663
lxt,350,0,9,300.785,266.32,43.4503,0.2617
lxt,350,0,10,300.965,266.51,49.64,0.2625
lxt,350,0,11,301.13,266.72,53.9722,0.272
lxt,350,0,12,301.27,266.95,63.4291,0.2683
lxt,350,0,13,301.38,267.2,68.9679,0.2786
lxt,350,0,14,301.47,267.475,74.5751,0.3008
lxt,350,0,15,301.53,267.775,82.6516,0.3126
lxt,350,0,16,301.56,268.095,86.5283,0.3306
lxt,350,0,17,301.56,268.42,93.5797,0.3206
lxt,350,0,18,301.53,268.73,97.5908,0.3026
lxt,350,0,19,301.47,269.02,105.9487,0.2912
lxt,350,0,20,301.38,269.29,111.0321,0.2786
lxt,350,0,21,301.265,269.535,119.4756,0.2642
lxt,350,0,22,301.125,269.76,124.2911,0.2663
lxt,350,0,23,300.96,269.965,133.4503,0.2617
lxt,350,0,24,300.775,270.15,136.5497,0.2617
lxt,350,0,25,300.57,270.315,145.7144,0.2663
lxt,350,0,26,300.345,270.455,150.5211,0.2642
lxt,350,0,27,300.105,270.575,156.2533,0.2731
lxt,350,0,28,299.85,270.675,160.9019,0.2752
lxt,350,0,29,299.585,270.755,165.4696,0.2789
lxt,350,0,30,299.305,270.815,170.2144,0.2943
lxt,350,0,31,299.015,270.855,174.0943,0.2916
lxt,350,0,32,298.72,270.875,178.0947,0.3002
lxt,350,0,33,298.005,270.88,0.0,1.13
lxt,350,0,34,297.44,268.23,90.0,5.3
lxt,350,1,0,298.245,270.29,0.0,0.23
lxt,350,1,1,298.485,270.285,177.7141,0.2502
lxt,350,1,2,298.735,270.275,177.7072,0.2502
lxt,350,1,3,298.98,270.25,170.5353,0.2433
lxt,350,1,4,299.215,270.21,170.1326,0.2335
lxt,350,1,5,299.44,270.16,164.7435,0.228
lxt,350,1,6,299.65,270.09,158.2031,0.2154
lxt,350,1,7,299.85,270.0,153.4349,0.2236
lxt,350,1,8,300.04,269.895,148.5728,0.2109
lxt,350,1,9,300.21,269.775,140.9057,0.2062
lxt,350,1,10,300.365,269.64,136.9708,0.2052
lxt,350,1,11,300.505,269.485,127.4092,0.214
lxt,350,1,12,300.625,269.305,120.065,0.2195
lxt,350,1,13,300.72,269.105,110.8593,0.2247
lxt,350,1,14,300.795,268.88,106.2605,0.25
lxt,350,1,15,300.85,268.635,99.0854,0.2532
lxt,350,1,16,300.875,268.37,92.0474,0.2802
lxt,350,1,17,300.875,268.09,87.9526,0.2802
lxt,350,1,18,300.85,267.82,81.2589,0.2631
lxt,350,1,19,300.795,267.575,73.0695,0.2404
lxt,350,1,20,300.72,267.355,69.1407,0.2247
lxt,350,1,21,300.625,267.155,59.935,0.2195
lxt,350,1,22,300.505,266.975,52.5958,0.214
lxt,350,1,23,300.365,266.815,45.0,0.2121
lxt,350,1,24,300.21,266.675,39.0943,0.2062
lxt,350,1,25,300.04,266.555,31.4272,0.2109
lxt,350,1,26,299.85,266.455,24.2328,0.2193
lxt,350,1,27,299.65,266.37,21.7969,0.2154
lxt,350,1,28,299.44,266.3,15.2565,0.228
lxt,350,1,29,299.215,266.245,12.2613,0.2354
lxt,350,1,30,298.98,266.205,7.1322,0.2419
lxt,350,1,31,298.735,266.18,4.5714,0.2508
lxt,350,1,32,298.485,266.165,2.2928,0.2502
lxt,350,1,33,298.245,266.16,0.0,0.23
lxt,350,1,34,298.13,268.225,90.0,4.13
lxt,351,0,0,288.425,258.15,0.0,2.89
lxt,351,0,1,289.87,258.445,90.0,0.59
lxt,351,0,2,288.77,258.74,0.0,2.2
lxt,351,0,3,287.67,259.775,90.0,2.07
lxt,351,0,4,288.735,260.81,0.0,2.13
lxt,351,0,5,289.8,261.105,90.0,0.59
lxt,351,0,6,288.735,261.4,0.0,2.13
lxt,351,0,7,287.67,262.135,90.0,1.47
lxt,351,0,8,288.77,262.87,0.0,2.2
lxt,351,0,9,289.87,263.165,90.0,0.59
lxt,351,0,10,288.425,263.46,0.0,2.89
lxt,351,0,11,286.98,260.805,90.0,5.31
lxt,352,0,0,291.005,263.46,0.0,0.69
lxt,352,0,1,290.66,260.805,90.0,5.31
lxt,352,0,2,291.815,258.15,0.0,2.31
lxt,352,0,3,292.97,258.445,90.0,0.59
lxt,352,0,4,292.16,258.74,0.0,1.62
lxt,352,0,5,291.35,261.1,90.0,4.72
lxt,353,0,0,294.83,258.15,0.0,2.88
lxt,353,0,1,296.27,258.445,90.0,0.59
lxt,353,0,2,295.175,258.74,0.0,2.19
lxt,353,0,3,294.08,259.775,90.0,2.07
lxt,353,0,4,295.145,260.81,0.0,2.13
lxt,353,0,5,296.21,261.105,90.0,0.59
lxt,353,0,6,295.145,261.4,0.0,2.13
lxt,353,0,7,294.08,262.135,90.0,1.47
lxt,353,0,8,295.175,262.87,0.0,2.19
lxt,353,0,9,296.27,263.165,90.0,0.59
lxt,353,0,10,294.83,263.46,0.0,2.88
lxt,353,0,11,293.39,260.805,90.0,5.31
lxt,354,0,0,296.845,263.46,0.0,0.73
lxt,354,0,1,297.64,260.675,112.6126,6.0339
lxt,354,0,2,299.95,260.675,67.5628,6.0262
lxt,354,0,3,300.735,263.46,0.0,0.73
lxt,354,0,4,299.585,261.505,68.1228,4.2134
lxt,354,0,5,298.005,261.505,112.129,4.2209
lxt,355,0,0,286.92,253.49,90.0,4.72
lxt,355,0,1,287.215,251.13,0.0,0.59
lxt,355,0,2,287.51,253.78,90.0,5.3
lxt,355,0,3,286.935,256.43,0.0,1.15
lxt,355,0,4,286.18,256.14,58.1708,0.6826
lxt,355,0,5,286.46,255.85,0.0,0.92
lxt,356,0,0,291.38,251.04,4.7612,0.2408
lxt,356,0,1,291.615,251.08,14.6196,0.2377
lxt,356,0,2,291.83,251.155,24.2328,0.2193
lxt,356,0,3,292.025,251.255,30.0689,0.2195
lxt,356,0,4,292.2,251.385,43.1506,0.2193
lxt,356,0,5,292.355,251.54,46.8436,0.2193
lxt,356,0,6,292.495,251.715,55.6253,0.2302
lxt,356,0,7,292.62,251.91,59.0324,0.2333
lxt,356,0,8,292.77,252.235,68.1986,0.4846
lxt,356,0,9,292.92,252.69,75.3804,0.4754
lxt,356,0,10,293.0,253.035,80.1313,0.2334
lxt,356,0,11,293.035,253.265,82.5692,0.232
lxt,356,0,12,293.06,253.495,85.0326,0.2308
lxt,356,0,13,293.07,253.715,90.0,0.21
lxt,356,0,14,293.07,253.925,90.0,0.21
lxt,356,0,15,293.06,254.14,95.1916,0.2209
lxt,356,0,16,293.035,254.37,97.125,0.2419
lxt,356,0,17,293.0,254.605,99.8674,0.2335
lxt,356,0,18,292.92,254.955,104.3221,0.4851
lxt,356,0,19,292.77,255.415,111.8014,0.4846
lxt,356,0,20,292.625,255.74,118.8128,0.2283
lxt,356,0,21,292.5,255.935,126.3809,0.236
lxt,356,0,22,292.36,256.115,129.4732,0.2202
lxt,356,0,23,292.205,256.275,138.5797,0.2267
lxt,356,0,24,292.025,256.41,147.7216,0.2247
lxt,356,0,25,291.83,256.515,155.7744,0.2193
lxt,356,0,26,291.615,256.585,167.7387,0.2354
lxt,356,0,27,291.38,256.62,175.2315,0.2408
lxt,356,0,28,291.135,256.62,4.5784,0.2508
lxt,356,0,29,290.895,256.585,12.2613,0.2354
lxt,356,0,30,290.68,256.515,24.2288,0.2193
lxt,356,0,31,290.485,256.41,32.2743,0.2247
lxt,356,0,32,290.31,256.275,43.1506,0.2193
lxt,356,0,33,290.155,256.115,48.5797,0.2267
lxt,356,0,34,290.015,255.935,55.619,0.2302
lxt,356,0,35,289.89,255.74,59.0388,0.2332
lxt,356,0,36,289.74,255.415,68.1986,0.4846
lxt,356,0,37,289.59,254.955,75.6744,0.4851
lxt,356,0,38,289.51,254.605,80.14,0.2335
lxt,356,0,39,289.475,254.37,82.875,0.2419
lxt,356,0,40,289.45,254.14,84.8006,0.2209
lxt,356,0,41,289.44,253.925,90.0,0.21
lxt,356,0,42,289.44,253.715,90.0,0.21
lxt,356,0,43,289.45,253.495,94.975,0.2309
lxt,356,0,44,289.475,253.265,97.4308,0.232
lxt,356,0,45,289.51,253.035,99.8613,0.2334
lxt,356,0,46,289.59,252.69,104.6232,0.4754
lxt,356,0,47,289.745,252.235,112.8884,0.4884
lxt,356,0,48,289.895,251.91,118.8128,0.2283
lxt,356,0,49,290.015,251.715,124.381,0.2302
lxt,356,0,50,290.155,251.54,133.1506,0.2193
lxt,356,0,51,290.315,251.385,138.5797,0.2267
lxt,356,0,52,290.49,251.255,148.5728,0.2109
lxt,356,0,53,290.685,251.155,156.7944,0.2285
lxt,356,0,54,290.9,251.08,164.7456,0.228
lxt,356,0,55,291.135,251.04,175.4286,0.2508
lxt,356,1,0,291.345,256.03,173.2842,0.1712
lxt,356,1,1,291.505,256.0,165.0758,0.1552
lxt,356,1,2,291.655,255.94,151.9215,0.17
lxt,356,1,3,291.79,255.85,140.1916,0.1562
lxt,356,1,4,291.96,255.665,129.175,0.3483
lxt,356,1,5,292.15,255.37,116.5651,0.3578
lxt,356,1,6,292.29,255.03,108.4349,0.3795
lxt,356,1,7,292.39,254.665,102.2032,0.3785
lxt,356,1,8,292.45,254.305,96.5161,0.3523
lxt,356,1,9,292.475,253.975,91.8494,0.3102
lxt,356,1,10,292.475,253.67,88.0891,0.3002
lxt,356,1,11,292.45,253.345,83.4833,0.3523
lxt,356,1,12,292.39,252.985,77.7978,0.3786
lxt,356,1,13,292.29,252.625,71.0748,0.37
lxt,356,1,14,292.15,252.285,64.1343,0.3668
lxt,356,1,15,291.96,251.99,49.7645,0.3406
lxt,356,1,16,291.79,251.81,39.7998,0.1562
lxt,356,1,17,291.655,251.725,25.0201,0.1655
lxt,356,1,18,291.505,251.665,18.4419,0.1581
lxt,356,1,19,291.345,251.63,6.7057,0.1712
lxt,356,1,20,291.17,251.63,173.663,0.1811
lxt,356,1,21,291.005,251.665,161.5581,0.1581
lxt,356,1,22,290.86,251.725,153.4349,0.1565
lxt,356,1,23,290.725,251.81,142.4392,0.164
lxt,356,1,24,290.555,251.99,128.9254,0.3342
lxt,356,1,25,290.365,252.285,117.256,0.3712
lxt,356,1,26,290.22,252.625,108.9252,0.37
lxt,356,1,27,290.125,252.985,100.7135,0.3766
lxt,356,1,28,290.065,253.345,98.1287,0.3535
lxt,356,1,29,290.035,253.67,91.9109,0.3002
lxt,356,1,30,290.035,253.975,88.1506,0.3102
lxt,356,1,31,290.065,254.305,81.872,0.3536
lxt,356,1,32,290.125,254.665,79.2856,0.3766
lxt,356,1,33,290.22,255.03,71.5651,0.3795
lxt,356,1,34,290.365,255.37,62.0192,0.3624
lxt,356,1,35,290.555,255.665,52.125,0.342
lxt,356,1,36,290.725,255.85,37.5692,0.164
lxt,356,1,37,290.86,255.94,29.7476,0.1613
lxt,356,1,38,291.005,256.0,14.9242,0.1552
lxt,356,1,39,291.17,256.03,6.3466,0.1811
lxt,357,0,0,295.465,251.04,4.5714,0.2508
lxt,357,0,1,295.7,251.08,15.2544,0.228
lxt,357,0,2,295.915,251.155,23.2056,0.2285
lxt,357,0,3,296.115,251.255,30.065,0.2195
lxt,357,0,4,296.29,251.385,43.1506,0.2193
lxt,357,0,5,296.445,251.54,46.8494,0.2193
lxt,357,0,6,296.585,251.715,55.619,0.2302
lxt,357,0,7,296.71,251.91,59.0388,0.2332
lxt,357,0,8,296.86,252.235,68.1986,0.4846
lxt,357,0,9,297.01,252.69,75.3768,0.4754
lxt,357,0,10,297.09,253.035,80.1387,0.2334
lxt,357,0,11,297.125,253.265,82.5692,0.232
lxt,357,0,12,297.15,253.495,85.025,0.2309
lxt,357,0,13,297.16,253.715,90.0,0.21
lxt,357,0,14,297.16,253.925,90.0,0.21
lxt,357,0,15,297.15,254.14,95.1994,0.2209
lxt,357,0,16,297.125,254.37,97.125,0.2419
lxt,357,0,17,297.09,254.605,99.86,0.2335
lxt,357,0,18,297.01,254.955,104.3256,0.4851
lxt,357,0,19,296.86,255.415,111.8014,0.4846
lxt,357,0,20,296.71,255.74,120.9612,0.2332
lxt,357,0,21,296.585,255.935,124.381,0.2302
lxt,357,0,22,296.445,256.115,131.4203,0.2267
lxt,357,0,23,296.29,256.275,136.8494,0.2193
lxt,357,0,24,296.115,256.41,147.7257,0.2247
lxt,357,0,25,295.92,256.515,155.7712,0.2193
lxt,357,0,26,295.705,256.585,167.7387,0.2354
lxt,357,0,27,295.465,256.62,175.4216,0.2508
lxt,357,0,28,295.22,256.62,4.7685,0.2408
lxt,357,0,29,294.985,256.585,12.2613,0.2354
lxt,357,0,30,294.77,256.515,24.2256,0.2193
lxt,357,0,31,294.575,256.41,32.2784,0.2247
lxt,357,0,32,294.395,256.275,41.4203,0.2267
lxt,357,0,33,294.24,256.115,50.5268,0.2202
lxt,357,0,34,294.105,255.935,55.6253,0.2302
lxt,357,0,35,293.98,255.74,59.0324,0.2333
lxt,357,0,36,293.83,255.415,68.1986,0.4846
lxt,357,0,37,293.68,254.955,75.6779,0.4851
lxt,357,0,38,293.6,254.605,80.1326,0.2335
lxt,357,0,39,293.565,254.37,82.875,0.2419
lxt,357,0,40,293.54,254.14,84.8084,0.2209
lxt,357,0,41,293.53,253.925,90.0,0.21
lxt,357,0,42,293.53,253.715,90.0,0.21
lxt,357,0,43,293.54,253.495,94.9674,0.2308
lxt,357,0,44,293.565,253.265,97.4308,0.232
lxt,357,0,45,293.6,253.035,99.8687,0.2334
lxt,357,0,46,293.68,252.69,104.6196,0.4754
lxt,357,0,47,293.83,252.235,111.8014,0.4846
lxt,357,0,48,293.98,251.91,120.9676,0.2333
lxt,357,0,49,294.105,251.715,124.3747,0.2302
lxt,357,0,50,294.245,251.54,133.1564,0.2193
lxt,357,0,51,294.4,251.385,136.8494,0.2193
lxt,357,0,52,294.575,251.255,149.9311,0.2195
lxt,357,0,53,294.77,251.155,155.7672,0.2193
lxt,357,0,54,294.985,251.08,165.3804,0.2377
lxt,357,0,55,295.22,251.04,175.2388,0.2408
lxt,357,1,0,295.43,256.03,173.6534,0.1811
lxt,357,1,1,295.595,256.0,165.0758,0.1552
lxt,357,1,2,295.74,255.94,150.2524,0.1613
lxt,357,1,3,295.875,255.85,142.4308,0.164
lxt,357,1,4,296.045,255.665,127.875,0.342
lxt,357,1,5,296.235,255.37,117.9808,0.3624
lxt,357,1,6,296.38,255.03,108.4349,0.3795
lxt,357,1,7,296.48,254.665,102.1986,0.3785
lxt,357,1,8,296.54,254.305,96.5211,0.3523
lxt,357,1,9,296.565,253.975,91.8494,0.3102
lxt,357,1,10,296.565,253.67,88.0891,0.3002
lxt,357,1,11,296.54,253.345,83.4784,0.3523
lxt,357,1,12,296.48,252.985,77.8023,0.3786
lxt,357,1,13,296.38,252.625,71.0748,0.37
lxt,357,1,14,296.235,252.285,62.744,0.3712
lxt,357,1,15,296.045,251.99,51.0746,0.3342
lxt,357,1,16,295.875,251.81,37.5608,0.164
lxt,357,1,17,295.74,251.725,26.5651,0.1565
lxt,357,1,18,295.595,251.665,18.4419,0.1581
lxt,357,1,19,295.43,251.63,6.337,0.1811
lxt,357,1,20,295.255,251.63,173.2943,0.1712
lxt,357,1,21,295.095,251.665,161.5581,0.1581
lxt,357,1,22,294.95,251.725,153.43,0.1565
lxt,357,1,23,294.815,251.81,142.4392,0.164
lxt,357,1,24,294.64,251.99,130.2355,0.3406
lxt,357,1,25,294.45,252.285,115.8657,0.3668
lxt,357,1,26,294.31,252.625,108.9252,0.37
lxt,357,1,27,294.21,252.985,102.2022,0.3786
lxt,357,1,28,294.15,253.345,96.5167,0.3523
lxt,357,1,29,294.125,253.67,91.9109,0.3002
lxt,357,1,30,294.125,253.975,88.1506,0.3102
lxt,357,1,31,294.15,254.305,83.4839,0.3523
lxt,357,1,32,294.21,254.665,77.7968,0.3785
lxt,357,1,33,294.31,255.03,71.5651,0.3795
lxt,357,1,34,294.45,255.37,63.4349,0.3578
lxt,357,1,35,294.64,255.665,50.825,0.3483
lxt,357,1,36,294.815,255.85,37.5692,0.164
lxt,357,1,37,294.95,255.94,29.753,0.1612
lxt,357,1,38,295.095,256.0,14.9242,0.1552
lxt,357,1,39,295.255,256.03,6.7158,0.1712
lxt,358,0,0,300.66,254.61,90.0,4.2
lxt,358,0,1,299.05,254.315,56.0897,5.7717
lxt,358,0,2,298.755,251.92,0.0,2.63
lxt,358,0,3,300.07,251.525,90.0,0.79
lxt,358,0,4,300.365,251.13,0.0,0.59
lxt,358,0,5,300.66,251.525,90.0,0.79
lxt,358,0,6,300.965,251.92,0.0,0.61
lxt,358,0,7,301.27,252.215,90.0,0.59
lxt,358,0,8,300.965,252.51,0.0,0.61
lxt,358,1,0,299.315,252.51,0.0,1.51
lxt,358,1,1,299.31,253.605,55.5916,2.6545
lxt,358,1,2,300.065,254.7,0.0,0.01
lxt,358,1,3,300.07,253.605,90.0,2.19
lxt,359,0,0,98.915,339.315,176.6337,0.5109
lxt,359,0,1,98.605,338.425,86.5222,1.8133
lxt,359,0,2,99.71,337.095,159.8781,2.4708
lxt,359,0,3,100.875,336.725,84.8052,0.1105
lxt,359,0,4,100.8,336.87,131.634,0.2408
lxt,359,0,5,100.66,337.07,118.6109,0.2506
lxt,359,0,6,100.57,337.3,104.0362,0.2474
lxt,359,0,7,100.53,337.54,94.7648,0.2408
lxt,359,0,8,100.54,337.77,79.695,0.2236
lxt,359,0,9,100.6,337.98,68.1993,0.2154
lxt,359,0,10,100.695,338.17,58.5714,0.211
lxt,359,0,11,100.82,338.34,48.8121,0.2126
lxt,359,0,12,100.975,338.48,35.2202,0.2081
lxt,359,0,13,101.155,338.59,27.7561,0.2147
lxt,359,0,14,101.355,338.665,13.3933,0.2159
lxt,359,0,15,101.57,338.695,2.6011,0.2202
lxt,359,0,16,101.79,338.685,172.2352,0.222
lxt,359,0,17,102.005,338.63,159.145,0.2247
lxt,359,0,18,102.2,338.535,148.5703,0.211
lxt,359,0,19,102.37,338.405,136.8481,0.2193
lxt,359,0,20,102.515,338.245,127.4067,0.214
lxt,359,0,21,102.625,338.06,114.2272,0.2193
lxt,359,0,22,102.695,337.855,103.3938,0.2159
lxt,359,0,23,102.725,337.635,92.4881,0.2302
lxt,359,0,24,102.72,337.445,82.4063,0.1513
lxt,359,0,25,102.685,337.29,72.6454,0.1676
lxt,359,0,26,102.625,337.135,64.9823,0.1655
lxt,359,0,27,102.545,336.99,57.2686,0.1664
lxt,359,0,28,102.45,336.855,52.4329,0.164
lxt,359,0,29,102.335,336.735,40.2315,0.1703
lxt,359,0,30,102.205,336.64,31.6135,0.1526
lxt,359,0,31,102.065,336.57,21.8004,0.1616
lxt,359,0,32,102.18,336.315,130.1802,0.589
lxt,359,0,33,102.46,336.14,29.056,0.2059
lxt,359,0,34,102.635,336.255,37.399,0.214
lxt,359,0,35,102.79,336.395,46.9797,0.2052
lxt,359,0,36,102.925,336.555,52.5924,0.214
lxt,359,0,37,103.04,336.735,62.2421,0.2147
lxt,359,0,38,103.125,336.93,70.7111,0.2119
lxt,359,0,39,103.185,337.135,76.6062,0.2159
lxt,359,0,40,103.225,337.345,81.8699,0.2121
lxt,359,0,41,103.24,337.535,90.0,0.17
lxt,359,0,42,103.235,337.705,93.3675,0.1703
lxt,359,0,43,103.215,337.875,100.0068,0.1726
lxt,359,0,44,103.18,338.04,104.0362,0.1649
lxt,359,0,45,103.1,338.265,112.4791,0.3138
lxt,359,0,46,102.955,338.535,124.2166,0.3023
lxt,359,0,47,102.755,338.77,136.2723,0.3183
lxt,359,0,48,102.51,338.96,148.3921,0.3053
lxt,359,0,49,102.305,339.075,154.9858,0.1655
lxt,359,0,50,102.15,339.135,162.6446,0.1676
lxt,359,0,51,101.985,339.175,169.9923,0.1726
lxt,359,0,52,101.81,339.2,173.6585,0.1811
lxt,359,0,53,101.565,339.205,1.8494,0.3102
lxt,359,0,54,101.26,339.175,9.4602,0.3041
lxt,359,0,55,100.97,339.095,21.4479,0.3008
lxt,359,0,56,100.705,338.965,30.9653,0.2916
lxt,359,0,57,100.47,338.795,40.8153,0.2907
lxt,359,0,58,100.275,338.58,54.6868,0.2941
lxt,359,0,59,100.16,338.395,65.2266,0.1432
lxt,359,0,60,100.105,338.255,71.5659,0.1581
lxt,359,0,61,100.06,338.105,75.0691,0.1553
lxt,359,0,62,100.03,337.95,82.873,0.1612
lxt,359,0,63,100.02,337.705,90.0,0.33
lxt,359,0,64,99.555,337.71,159.9182,0.9902
lxt,359,0,65,99.13,338.59,86.7754,1.4223
lxt,360,0,0,99.125,342.855,176.6337,0.5109
lxt,360,0,1,98.815,341.96,86.5412,1.8233
lxt,360,0,2,99.92,340.625,159.8781,2.4708
lxt,360,0,3,101.085,340.255,84.8045,0.1105
lxt,360,0,4,101.01,340.405,130.0998,0.2484
lxt,360,0,5,100.87,340.61,118.6109,0.2506
lxt,360,0,6,100.78,340.84,104.0362,0.2474
lxt,360,0,7,100.74,341.08,94.7645,0.2408
lxt,360,0,8,100.75,341.31,79.695,0.2236
lxt,360,0,9,100.81,341.52,68.1978,0.2154
lxt,360,0,10,100.905,341.71,58.5714,0.211
lxt,360,0,11,101.03,341.875,46.9739,0.2052
lxt,360,0,12,101.185,342.015,37.4067,0.214
lxt,360,0,13,101.365,342.125,25.345,0.2102
lxt,360,0,14,101.565,342.2,15.9448,0.2184
lxt,360,0,15,101.78,342.235,2.6011,0.2202
lxt,360,0,16,102.0,342.22,169.6969,0.2236
lxt,360,0,17,102.21,342.165,160.7078,0.2119
lxt,360,0,18,102.405,342.07,147.7257,0.2247
lxt,360,0,19,102.58,341.94,138.8135,0.2126
lxt,360,0,20,102.725,341.785,127.4067,0.214
lxt,360,0,21,102.835,341.6,114.2272,0.2193
lxt,360,0,22,102.905,341.395,103.3929,0.2159
lxt,360,0,23,102.935,341.175,92.4882,0.2302
lxt,360,0,24,102.93,340.98,82.8763,0.1612
lxt,360,0,25,102.895,340.825,71.5633,0.1581
lxt,360,0,26,102.835,340.675,64.9845,0.1655
lxt,360,0,27,102.755,340.53,57.2657,0.1664
lxt,360,0,28,102.66,340.395,52.4296,0.164
lxt,360,0,29,102.545,340.275,40.2355,0.1703
lxt,360,0,30,102.415,340.18,31.6086,0.1526
lxt,360,0,31,102.275,340.11,21.8004,0.1616
lxt,360,0,32,102.39,339.85,129.5591,0.5967
lxt,360,0,33,102.67,339.675,31.4297,0.211
lxt,360,0,34,102.845,339.795,37.4055,0.214
lxt,360,0,35,103.0,339.935,46.9739,0.2052
lxt,360,0,36,103.13,340.095,54.7832,0.2081
lxt,360,0,37,103.24,340.275,62.2403,0.2147
lxt,360,0,38,103.33,340.47,68.1997,0.2154
lxt,360,0,39,103.395,340.67,75.9627,0.2062
lxt,360,0,40,103.435,340.875,81.8705,0.2121
lxt,360,0,41,103.45,341.07,90.0,0.18
lxt,360,0,42,103.445,341.245,93.3672,0.1703
lxt,360,0,43,103.425,341.41,100.62,0.1628
lxt,360,0,44,103.39,341.57,104.0362,0.1649
lxt,360,0,45,103.31,341.795,112.478,0.3139
lxt,360,0,46,103.16,342.07,124.6958,0.3162
lxt,360,0,47,102.96,342.305,136.3315,0.3041
lxt,360,0,48,102.72,342.495,146.822,0.3106
lxt,360,0,49,102.515,342.61,158.1996,0.1616
lxt,360,0,50,102.36,342.665,162.6446,0.1676
lxt,360,0,51,102.195,342.71,166.7615,0.1746
lxt,360,0,52,102.02,342.74,173.6585,0.1811
lxt,360,0,53,101.775,342.745,1.8494,0.3102
lxt,360,0,54,101.47,342.71,11.3097,0.3059
lxt,360,0,55,101.18,342.63,19.6522,0.2973
lxt,360,0,56,100.915,342.505,30.9653,0.2916
lxt,360,0,57,100.68,342.33,42.2731,0.2973
lxt,360,0,58,100.485,342.115,53.5293,0.286
lxt,360,0,59,100.37,341.93,66.8022,0.1523
lxt,360,0,60,100.315,341.79,70.3478,0.1487
lxt,360,0,61,100.27,341.64,75.9638,0.1649
lxt,360,0,62,100.24,341.48,82.8736,0.1612
lxt,360,0,63,100.23,341.24,90.0,0.32
lxt,360,0,64,99.765,341.25,159.9182,0.9902
lxt,360,0,65,99.34,342.13,86.7754,1.4223
lxt,361,0,0,103.665,344.805,92.7268,0.2102
lxt,361,0,1,103.645,345.01,98.5306,0.2022
lxt,361,0,2,103.595,345.2,111.2512,0.1931
lxt,361,0,3,103.515,345.375,117.8966,0.1924
lxt,361,0,4,103.41,345.535,128.6587,0.1921
lxt,361,0,5,103.285,345.68,132.8784,0.191
lxt,361,0,6,103.14,345.81,143.1319,0.2
lxt,361,0,7,102.975,345.925,147.0943,0.2025
lxt,361,0,8,102.705,346.07,154.0569,0.4115
lxt,361,0,9,102.32,346.225,161.9972,0.4206
lxt,361,0,10,102.02,346.315,165.9627,0.2062
lxt,361,0,11,101.825,346.355,171.0278,0.1924
lxt,361,0,12,101.635,346.385,171.0275,0.1923
lxt,361,0,13,101.445,346.41,173.9898,0.1911
lxt,361,0,14,101.26,346.42,0.0,0.18
lxt,361,0,15,101.07,346.42,0.0,0.2
lxt,361,0,16,100.87,346.415,2.8608,0.2003
lxt,361,0,17,100.67,346.395,8.5348,0.2022
lxt,361,0,18,100.36,346.34,10.7826,0.4275
lxt,361,0,19,99.955,346.235,18.4353,0.4111
lxt,361,0,20,99.67,346.125,26.5651,0.2012
lxt,361,0,21,99.495,346.025,32.9045,0.2025
lxt,361,0,22,99.33,345.915,34.5093,0.1942
lxt,361,0,23,99.185,345.79,47.1199,0.1911
lxt,361,0,24,99.06,345.64,53.1319,0.2
lxt,361,0,25,98.96,345.475,64.7981,0.1879
lxt,361,0,26,98.89,345.295,72.4753,0.1993
lxt,361,0,27,98.845,345.095,81.8705,0.2121
lxt,361,0,28,98.83,344.88,90.0,0.22
lxt,361,0,29,98.85,344.67,101.3074,0.204
lxt,361,0,30,98.9,344.48,108.4371,0.1897
lxt,361,0,31,98.98,344.31,122.0044,0.1887
lxt,361,0,32,99.09,344.15,126.8699,0.2
lxt,361,0,33,99.215,344.005,135.0017,0.1838
lxt,361,0,34,99.36,343.875,140.9044,0.2062
lxt,361,0,35,99.525,343.755,147.0955,0.2025
lxt,361,0,36,99.8,343.615,155.8978,0.4163
lxt,361,0,37,100.19,343.465,161.9953,0.4206
lxt,361,0,38,100.49,343.375,165.9627,0.2062
lxt,361,0,39,100.69,343.33,168.6922,0.204
lxt,361,0,40,100.885,343.3,173.9896,0.191
lxt,361,0,41,101.075,343.28,173.9943,0.1911
lxt,361,0,42,101.26,343.265,176.8171,0.1803
lxt,361,0,43,101.445,343.265,3.0157,0.1903
lxt,361,0,44,101.64,343.275,2.8609,0.2002
lxt,361,0,45,101.845,343.29,5.4415,0.2109
lxt,361,0,46,102.155,343.345,12.3802,0.4198
lxt,361,0,47,102.555,343.455,18.4356,0.4111
lxt,361,0,48,102.84,343.565,26.5641,0.2012
lxt,361,0,49,103.015,343.66,30.4635,0.1972
lxt,361,0,50,103.175,343.77,38.6619,0.1921
lxt,361,0,51,103.315,343.9,47.1216,0.191
lxt,361,0,52,103.435,344.05,55.4894,0.1942
lxt,361,0,53,103.535,344.215,62.1036,0.1924
lxt,361,0,54,103.61,344.395,72.474,0.1992
lxt,361,0,55,103.655,344.595,81.8705,0.2121
lxt,361,1,0,99.35,345.03,81.8681,0.1414
lxt,361,1,1,99.385,345.17,70.3478,0.1487
lxt,361,1,2,99.445,345.3,59.7458,0.1389
lxt,361,1,3,99.53,345.41,44.9956,0.1414
lxt,361,1,4,99.7,345.545,35.3112,0.2941
lxt,361,1,5,99.96,345.695,24.9057,0.3087
lxt,361,1,6,100.26,345.8,14.0366,0.3298
lxt,361,1,7,100.58,345.865,8.8812,0.3239
lxt,361,1,8,100.895,345.9,3.6922,0.3106
lxt,361,1,9,101.185,345.91,0.0,0.27
lxt,361,1,10,101.45,345.895,173.4151,0.2617
lxt,361,1,11,101.73,345.85,168.6903,0.3059
lxt,361,1,12,102.035,345.78,165.5293,0.3202
lxt,361,1,13,102.345,345.675,157.251,0.3362
lxt,361,1,14,102.635,345.535,150.9436,0.3089
lxt,361,1,15,102.875,345.36,136.3975,0.29
lxt,361,1,16,103.02,345.2,123.6917,0.1442
lxt,361,1,17,103.09,345.08,116.5651,0.1342
lxt,361,1,18,103.135,344.95,102.096,0.1432
lxt,361,1,19,103.155,344.805,93.8121,0.1503
lxt,361,1,20,103.15,344.655,82.4063,0.1513
lxt,361,1,21,103.115,344.515,68.962,0.1393
lxt,361,1,22,103.055,344.39,59.7427,0.1389
lxt,361,1,23,102.97,344.28,45.0022,0.1414
lxt,361,1,24,102.8,344.145,35.3112,0.2941
lxt,361,1,25,102.54,343.995,24.9057,0.3087
lxt,361,1,26,102.24,343.89,14.0366,0.3298
lxt,361,1,27,101.92,343.825,8.8783,0.3239
lxt,361,1,28,101.61,343.79,3.8149,0.3007
lxt,361,1,29,101.325,343.78,0.0,0.27
lxt,361,1,30,101.06,343.795,173.4182,0.2617
lxt,361,1,31,100.775,343.835,170.8373,0.314
lxt,361,1,32,100.465,343.905,163.8113,0.3228
lxt,361,1,33,100.16,344.01,158.1996,0.3231
lxt,361,1,34,99.87,344.15,150.2544,0.3225
lxt,361,1,35,99.62,344.33,137.7269,0.2973
lxt,361,1,36,99.47,344.485,126.0252,0.136
lxt,361,1,37,99.405,344.605,111.038,0.1393
lxt,361,1,38,99.36,344.74,105.9458,0.1456
lxt,361,1,39,99.34,344.885,90.0,0.15
lxt,362,0,0,101.74,348.15,176.6335,4.0871
lxt,362,0,1,103.795,348.285,86.6337,0.5109
lxt,362,0,2,101.515,348.675,176.6337,4.5979
lxt,362,0,3,99.19,348.315,86.5319,0.9918
lxt,362,0,4,99.405,347.645,144.4617,0.6022
lxt,362,0,5,99.675,347.87,86.4235,0.8016
lxt,363,0,0,102.765,352.605,147.2297,2.9375
lxt,363,0,1,104.02,352.125,86.3669,0.6313
lxt,363,0,2,103.065,353.065,147.3391,2.3163
lxt,363,0,3,103.13,354.17,24.7753,2.2909
lxt,363,0,4,104.19,354.97,86.4236,0.6412
lxt,363,0,5,102.885,354.67,25.0761,2.9258
lxt,363,0,6,100.59,354.77,143.4147,2.416
lxt,363,0,7,99.6,355.165,86.4791,0.6512
lxt,363,0,8,100.315,354.295,143.4432,1.83
lxt,363,0,9,100.255,353.325,28.1288,1.8029
lxt,363,0,10,99.445,352.575,87.3575,0.6507
lxt,363,0,11,100.48,352.825,28.7058,2.3943
lxt,364,0,0,102.37,358.74,176.6335,4.0871
lxt,364,0,1,104.425,358.87,86.5665,0.5009
lxt,364,0,2,102.145,359.26,176.5092,4.5985
lxt,364,0,3,99.82,358.9,86.5665,1.0018
lxt,364,0,4,100.035,358.225,144.4629,0.6022
lxt,364,0,5,100.305,358.455,86.4675,0.8115
lxt,365,0,0,104.71,362.465,90.0,0.21
lxt,365,0,1,104.69,362.67,101.3104,0.204
lxt,365,0,2,104.64,362.86,108.4349,0.1897
lxt,365,0,3,104.56,363.035,120.4654,0.1972
lxt,365,0,4,104.455,363.195,126.2523,0.186
lxt,365,0,5,104.33,363.34,135.0,0.198
lxt,365,0,6,104.185,363.47,141.3416,0.1921
lxt,365,0,7,104.025,363.585,147.0943,0.2025
lxt,365,0,8,103.75,363.73,154.6531,0.4205
lxt,365,0,9,103.365,363.885,161.5664,0.4111
lxt,365,0,10,103.07,363.975,165.9627,0.2062
lxt,365,0,11,102.87,364.015,171.4698,0.2022
lxt,365,0,12,102.675,364.045,171.0275,0.1923
lxt,365,0,13,102.49,364.065,176.8171,0.1803
lxt,365,0,14,102.305,364.075,176.9889,0.1903
lxt,365,0,15,102.115,364.08,0.0,0.19
lxt,365,0,16,101.92,364.07,5.7119,0.201
lxt,365,0,17,101.715,364.05,5.4415,0.2109
lxt,365,0,18,101.405,364.0,11.039,0.4177
lxt,365,0,19,101.0,363.895,18.0047,0.4206
lxt,365,0,20,100.71,363.785,26.5641,0.2012
lxt,365,0,21,100.535,363.685,32.9057,0.2025
lxt,365,0,22,100.375,363.57,38.6634,0.1921
lxt,365,0,23,100.23,363.445,42.8752,0.191
lxt,365,0,24,100.105,363.3,55.4938,0.1942
lxt,365,0,25,100.005,363.135,62.1014,0.1924
lxt,365,0,26,99.93,362.955,72.4753,0.1993
lxt,365,0,27,99.885,362.755,81.8684,0.2121
lxt,365,0,28,99.87,362.54,90.0,0.22
lxt,365,0,29,99.89,362.33,101.3095,0.204
lxt,365,0,30,99.945,362.14,111.2512,0.1931
lxt,365,0,31,100.025,361.965,117.8986,0.1924
lxt,365,0,32,100.13,361.805,128.6587,0.1921
lxt,365,0,33,100.26,361.665,137.1233,0.191
lxt,365,0,34,100.41,361.535,140.9044,0.2062
lxt,365,0,35,100.575,361.415,147.0943,0.2025
lxt,365,0,36,100.845,361.27,154.0588,0.4115
lxt,365,0,37,101.23,361.115,161.9953,0.4206
lxt,365,0,38,101.535,361.03,169.2134,0.2138
lxt,365,0,39,101.735,360.99,168.1134,0.1942
lxt,365,0,40,101.93,360.955,171.4694,0.2022
lxt,365,0,41,102.12,360.935,176.8219,0.1803
lxt,365,0,42,102.3,360.925,176.8171,0.1803
lxt,365,0,43,102.49,360.925,2.8652,0.2002
lxt,365,0,44,102.69,360.935,2.8608,0.2003
lxt,365,0,45,102.89,360.95,5.7119,0.201
lxt,365,0,46,103.195,361.005,12.3802,0.4198
lxt,365,0,47,103.595,361.115,18.4356,0.4111
lxt,365,0,48,103.88,361.225,26.5641,0.2012
lxt,365,0,49,104.055,361.32,30.4635,0.1972
lxt,365,0,50,104.215,361.43,38.6619,0.1921
lxt,365,0,51,104.36,361.56,45.0,0.198
lxt,365,0,52,104.485,361.705,53.7449,0.186
lxt,365,0,53,104.58,361.87,66.038,0.197
lxt,365,0,54,104.65,362.055,72.474,0.1992
lxt,365,0,55,104.695,362.255,81.8705,0.2121
lxt,365,1,0,100.39,362.69,81.8681,0.1414
lxt,365,1,1,100.425,362.83,70.3478,0.1487
lxt,365,1,2,100.49,362.955,53.9722,0.136
lxt,365,1,3,100.575,363.065,50.7119,0.1421
lxt,365,1,4,100.74,363.205,35.3103,0.2941
lxt,365,1,5,101.005,363.35,22.4811,0.3139
lxt,365,1,6,101.31,363.455,15.708,0.3324
lxt,365,1,7,101.63,363.525,8.8812,0.3239
lxt,365,1,8,101.94,363.56,3.8149,0.3007
lxt,365,1,9,102.225,363.565,177.8769,0.2702
lxt,365,1,10,102.495,363.55,175.7627,0.2707
lxt,365,1,11,102.78,363.51,168.6906,0.3059
lxt,365,1,12,103.085,363.435,163.8113,0.3228
lxt,365,1,13,103.39,363.33,158.1996,0.3231
lxt,365,1,14,103.675,363.195,150.9436,0.3089
lxt,365,1,15,103.92,363.02,137.7269,0.2973
lxt,365,1,16,104.07,362.86,123.6917,0.1442
lxt,365,1,17,104.14,362.74,116.5651,0.1342
lxt,365,1,18,104.185,362.61,102.0931,0.1432
lxt,365,1,19,104.2,362.465,90.0,0.15
lxt,365,1,20,104.19,362.315,82.4063,0.1513
lxt,365,1,21,104.155,362.175,68.962,0.1393
lxt,365,1,22,104.095,362.05,59.7427,0.1389
lxt,365,1,23,104.015,361.94,48.0157,0.1345
lxt,365,1,24,103.85,361.8,36.8681,0.3
lxt,365,1,25,103.585,361.65,22.4817,0.3138
lxt,365,1,26,103.285,361.545,16.1883,0.3228
lxt,365,1,27,102.97,361.475,8.8812,0.3239
lxt,365,1,28,102.655,361.445,1.8466,0.3102
lxt,365,1,29,102.37,361.44,0.0,0.26
lxt,365,1,30,102.105,361.455,173.66,0.2717
lxt,365,1,31,101.82,361.495,170.5372,0.3041
lxt,365,1,32,101.51,361.565,164.292,0.3324
lxt,365,1,33,101.2,361.67,158.1996,0.3231
lxt,365,1,34,100.915,361.81,149.3484,0.3138
lxt,365,1,35,100.67,361.99,137.7269,0.2973
lxt,365,1,36,100.52,362.145,126.0278,0.136
lxt,365,1,37,100.45,362.265,114.7734,0.1432
lxt,365,1,38,100.405,362.4,102.0943,0.1432
lxt,365,1,39,100.385,362.545,93.815,0.1503
lxt,366,0,0,104.92,366.005,90.0,0.21
lxt,366,0,1,104.9,366.21,101.3104,0.204
lxt,366,0,2,104.85,366.4,108.4349,0.1897
lxt,366,0,3,104.77,366.57,122.0044,0.1887
lxt,366,0,4,104.665,366.73,124.5081,0.1942
lxt,366,0,5,104.54,366.875,137.1233,0.191
lxt,366,0,6,104.395,367.005,139.0848,0.1985
lxt,366,0,7,104.235,367.12,149.5327,0.1972
lxt,366,0,8,103.96,367.26,154.655,0.4205
lxt,366,0,9,103.575,367.415,161.5644,0.4111
lxt,366,0,10,103.28,367.505,165.9627,0.2062
lxt,366,0,11,103.08,367.55,168.6922,0.204
lxt,366,0,12,102.885,367.58,173.9896,0.191
lxt,366,0,13,102.7,367.6,173.6585,0.1811
lxt,366,0,14,102.515,367.615,176.9889,0.1903
lxt,366,0,15,102.325,367.615,3.0111,0.1903
lxt,366,0,16,102.13,367.605,2.8652,0.2002
lxt,366,0,17,101.925,367.59,5.4415,0.2109
lxt,366,0,18,101.615,367.54,11.039,0.4177
lxt,366,0,19,101.21,367.43,19.2899,0.4238
lxt,366,0,20,100.92,367.315,26.5689,0.2012
lxt,366,0,21,100.745,367.22,30.4624,0.1972
lxt,366,0,22,100.58,367.11,36.873,0.2
lxt,366,0,23,100.435,366.98,47.1199,0.1911
lxt,366,0,24,100.315,366.835,53.7449,0.186
lxt,366,0,25,100.215,366.675,62.1034,0.1924
lxt,366,0,26,100.14,366.49,73.3012,0.2088
lxt,366,0,27,100.095,366.285,81.8705,0.2121
lxt,366,0,28,100.08,366.075,90.0,0.21
lxt,366,0,29,100.1,365.87,101.3074,0.204
lxt,366,0,30,100.155,365.68,111.2512,0.1931
lxt,366,0,31,100.235,365.505,117.8986,0.1924
lxt,366,0,32,100.34,365.345,128.6587,0.1921
lxt,366,0,33,100.47,365.2,135.0,0.198
lxt,366,0,34,100.615,365.07,141.3402,0.1921
lxt,366,0,35,100.78,364.955,148.5703,0.211
lxt,366,0,36,101.055,364.81,154.0588,0.4115
lxt,366,0,37,101.44,364.655,161.9953,0.4206
lxt,366,0,38,101.74,364.565,165.9627,0.2062
lxt,366,0,39,101.94,364.525,171.4698,0.2022
lxt,366,0,40,102.14,364.495,171.4694,0.2022
lxt,366,0,41,102.33,364.475,176.8219,0.1803
lxt,366,0,42,102.51,364.465,176.8171,0.1803
lxt,366,0,43,102.7,364.46,0.0,0.2
lxt,366,0,44,102.9,364.47,5.7117,0.201
lxt,366,0,45,103.1,364.49,5.7119,0.201
lxt,366,0,46,103.405,364.54,11.039,0.4177
lxt,366,0,47,103.805,364.65,19.7488,0.4144
lxt,366,0,48,104.09,364.765,26.5641,0.2012
lxt,366,0,49,104.265,364.86,30.4635,0.1972
lxt,366,0,50,104.425,364.97,38.6619,0.1921
lxt,366,0,51,104.57,365.1,45.0,0.198
lxt,366,0,52,104.695,365.245,53.7449,0.186
lxt,366,0,53,104.79,365.405,64.7981,0.1879
lxt,366,0,54,104.86,365.585,72.4753,0.1993
lxt,366,0,55,104.905,365.79,82.2352,0.222
lxt,366,1,0,100.6,366.225,82.4034,0.1513
lxt,366,1,1,100.635,366.365,68.965,0.1393
lxt,366,1,2,100.7,366.49,56.3083,0.1442
lxt,366,1,3,100.785,366.605,50.7095,0.1421
lxt,366,1,4,100.95,366.745,35.3112,0.2941
lxt,366,1,5,101.215,366.89,22.4811,0.3139
lxt,366,1,6,101.52,366.995,15.708,0.3324
lxt,366,1,7,101.84,367.065,8.8812,0.3239
lxt,366,1,8,102.15,367.095,1.9081,0.3002
lxt,366,1,9,102.435,367.1,0.0,0.27
lxt,366,1,10,102.7,367.085,173.4184,0.2617
lxt,366,1,11,102.98,367.045,170.537,0.3041
lxt,366,1,12,103.29,366.975,164.292,0.3324
lxt,366,1,13,103.6,366.87,158.1996,0.3231
lxt,366,1,14,103.885,366.73,149.3484,0.3138
lxt,366,1,15,104.13,366.55,137.7269,0.2973
lxt,366,1,16,104.28,366.395,126.0278,0.136
lxt,366,1,17,104.345,366.275,111.035,0.1393
lxt,366,1,18,104.39,366.145,107.1025,0.136
lxt,366,1,19,104.41,366.005,90.0,0.15
lxt,366,1,20,104.4,365.855,82.4063,0.1513
lxt,366,1,21,104.365,365.715,68.962,0.1393
lxt,366,1,22,104.305,365.59,59.7427,0.1389
lxt,366,1,23,104.22,365.475,47.7269,0.1487
lxt,366,1,24,104.055,365.335,36.4685,0.286
lxt,366,1,25,103.795,365.19,22.4817,0.3138
lxt,366,1,26,103.495,365.085,16.1883,0.3228
lxt,366,1,27,103.175,365.015,8.6161,0.3338
lxt,366,1,28,102.86,364.98,3.812,0.3007
lxt,366,1,29,102.575,364.975,177.8801,0.2702
lxt,366,1,30,102.31,364.99,175.6003,0.2608
lxt,366,1,31,102.03,365.03,168.6906,0.3059
lxt,366,1,32,101.72,365.105,164.292,0.3324
lxt,366,1,33,101.41,365.21,158.1996,0.3231
lxt,366,1,34,101.125,365.35,149.3484,0.3138
lxt,366,1,35,100.88,365.525,139.1847,0.2907
lxt,366,1,36,100.73,365.68,123.6917,0.1442
lxt,366,1,37,100.66,365.8,116.5621,0.1342
lxt,366,1,38,100.61,365.93,105.9458,0.1456
lxt,366,1,39,100.59,366.075,90.0,0.15
lxt,367,0,0,211.86,245.525,66.7395,3.6464
lxt,367,0,1,210.475,245.845,32.7695,5.0068
lxt,367,0,2,209.415,244.04,156.7018,2.2756
lxt,367,0,3,210.325,243.275,66.8012,0.6854
lxt,367,0,4,210.425,242.86,156.9506,0.5108
lxt,367,0,5,210.795,243.07,66.4683,0.6762
lxt,367,0,6,211.175,243.28,157.7955,0.5293
lxt,367,0,7,211.52,243.41,66.5028,0.5016
lxt,367,0,8,211.38,243.745,156.3713,0.5239
lxt,367,1,0,210.065,244.32,156.7434,1.317
lxt,367,1,1,210.435,245.195,32.2421,2.3055
lxt,367,1,2,211.415,245.81,0.0,0.01
lxt,367,1,3,211.045,244.935,66.8014,1.9039
lxt,368,0,0,213.005,241.665,161.5638,0.2214
lxt,368,0,1,213.205,241.615,171.0271,0.1923
lxt,368,0,2,213.4,241.595,177.1437,0.2003
lxt,368,0,3,213.595,241.61,11.8831,0.1941
lxt,368,0,4,213.78,241.655,15.5289,0.1868
lxt,368,0,5,213.955,241.72,25.1977,0.1879
lxt,368,0,6,214.125,241.815,32.9093,0.2025
lxt,368,0,7,214.29,241.93,36.8681,0.2
lxt,368,0,8,214.52,242.135,44.0265,0.4172
lxt,368,0,9,214.8,242.445,51.7682,0.4201
lxt,368,0,10,214.985,242.695,57.092,0.2025
lxt,368,0,11,215.09,242.865,59.5349,0.1972
lxt,368,0,12,215.185,243.035,62.1056,0.1924
lxt,368,0,13,215.27,243.205,64.7962,0.1879
lxt,368,0,14,215.345,243.375,67.6237,0.1839
lxt,368,0,15,215.41,243.55,71.5651,0.1897
lxt,368,0,16,215.47,243.74,73.2983,0.2088
lxt,368,0,17,215.525,243.94,75.9658,0.2061
lxt,368,0,18,215.58,244.245,81.6727,0.4144
lxt,368,0,19,215.615,244.66,88.6369,0.4201
lxt,368,0,20,215.61,244.97,95.7123,0.201
lxt,368,0,21,215.58,245.17,101.3074,0.204
lxt,368,0,22,215.53,245.36,108.4349,0.1897
lxt,368,0,23,215.46,245.54,113.9638,0.197
lxt,368,0,24,215.365,245.71,124.5081,0.1942
lxt,368,0,25,215.245,245.86,132.877,0.1911
lxt,368,0,26,215.1,245.99,143.1319,0.2
lxt,368,0,27,214.925,246.1,152.2403,0.2147
lxt,368,0,28,214.73,246.185,160.7156,0.2119
lxt,368,0,29,214.53,246.235,171.4694,0.2022
lxt,368,0,30,214.33,246.25,0.0,0.2
lxt,368,0,31,214.14,246.235,9.4615,0.1825
lxt,368,0,32,213.955,246.19,17.526,0.1992
lxt,368,0,33,213.775,246.12,25.1957,0.1879
lxt,368,0,34,213.605,246.025,32.9093,0.2025
lxt,368,0,35,213.44,245.91,36.8708,0.2
lxt,368,0,36,213.21,245.705,44.0295,0.4173
lxt,368,0,37,212.93,245.395,51.764,0.4201
lxt,368,0,38,212.745,245.14,58.5693,0.2109
lxt,368,0,39,212.635,244.965,57.0967,0.2025
lxt,368,0,40,212.535,244.795,62.1013,0.1923
lxt,368,0,41,212.455,244.625,67.6237,0.1839
lxt,368,0,42,212.385,244.455,67.6157,0.1838
lxt,368,0,43,212.32,244.28,71.568,0.1898
lxt,368,0,44,212.26,244.09,73.3,0.2088
lxt,368,0,45,212.205,243.89,75.9638,0.2062
lxt,368,0,46,212.15,243.585,81.6748,0.4144
lxt,368,0,47,212.115,243.175,88.6036,0.4101
lxt,368,0,48,212.12,242.87,95.708,0.201
lxt,368,0,49,212.15,242.67,101.3116,0.204
lxt,368,0,50,212.2,242.48,108.4349,0.1897
lxt,368,0,51,212.275,242.305,117.8944,0.1924
lxt,368,0,52,212.37,242.14,122.0064,0.1887
lxt,368,0,53,212.49,241.99,135.0031,0.198
lxt,368,0,54,212.64,241.86,143.1319,0.2
lxt,368,0,55,212.81,241.75,150.9429,0.2059
lxt,368,1,0,214.695,245.645,151.6976,0.1477
lxt,368,1,1,214.815,245.565,140.7119,0.1421
lxt,368,1,2,214.91,245.465,126.0241,0.136
lxt,368,1,3,214.985,245.345,118.2971,0.1476
lxt,368,1,4,215.06,245.14,105.9458,0.2912
lxt,368,1,5,215.11,244.845,93.6922,0.3106
lxt,368,1,6,215.105,244.525,84.8056,0.3313
lxt,368,1,7,215.055,244.2,77.6599,0.3276
lxt,368,1,8,214.98,243.895,74.5779,0.3008
lxt,368,1,9,214.89,243.625,68.2004,0.2693
lxt,368,1,10,214.78,243.38,63.4349,0.2683
lxt,368,1,11,214.645,243.125,60.9429,0.3089
lxt,368,1,12,214.475,242.86,53.8425,0.322
lxt,368,1,13,214.27,242.61,47.4882,0.3256
lxt,368,1,14,214.04,242.39,39.8084,0.3124
lxt,368,1,15,213.79,242.22,28.2971,0.2953
lxt,368,1,16,213.595,242.135,12.9951,0.1334
lxt,368,1,17,213.46,242.11,8.138,0.1414
lxt,368,1,18,213.32,242.11,171.862,0.1414
lxt,368,1,19,213.18,242.145,160.3505,0.1487
lxt,368,1,20,213.045,242.205,151.6976,0.1477
lxt,368,1,21,212.925,242.285,140.7119,0.1421
lxt,368,1,22,212.825,242.385,129.292,0.1421
lxt,368,1,23,212.75,242.5,116.5651,0.1342
lxt,368,1,24,212.68,242.7,105.9442,0.2912
lxt,368,1,25,212.63,243.0,93.5774,0.3206
lxt,368,1,26,212.63,243.32,86.423,0.3206
lxt,368,1,27,212.675,243.64,77.6625,0.3276
lxt,368,1,28,212.75,243.945,74.5779,0.3008
lxt,368,1,29,212.84,244.215,68.1974,0.2693
lxt,368,1,30,212.945,244.46,65.3754,0.264
lxt,368,1,31,213.08,244.71,58.3953,0.3053
lxt,368,1,32,213.255,244.975,54.8644,0.3301
lxt,368,1,33,213.46,245.235,48.6521,0.333
lxt,368,1,34,213.69,245.46,39.8023,0.3124
lxt,368,1,35,213.94,245.625,26.5664,0.2907
lxt,368,1,36,214.14,245.71,15.9487,0.1456
lxt,368,1,37,214.275,245.735,4.4028,0.1304
lxt,368,1,38,214.41,245.735,175.9104,0.1404
lxt,368,1,39,214.555,245.705,161.5685,0.1581
lxt,369,0,0,216.26,240.255,160.7078,0.2119
lxt,369,0,1,216.46,240.205,171.4694,0.2022
lxt,369,0,2,216.655,240.19,0.0,0.19
lxt,369,0,3,216.845,240.205,8.9722,0.1924
lxt,369,0,4,217.03,240.25,18.4335,0.1897
lxt,369,0,5,217.205,240.32,25.2061,0.1879
lxt,369,0,6,217.375,240.41,30.4673,0.1972
lxt,369,0,7,217.54,240.52,36.8681,0.2
lxt,369,0,8,217.77,240.725,44.028,0.4172
lxt,369,0,9,218.05,241.035,51.7666,0.4201
lxt,369,0,10,218.235,241.285,57.092,0.2025
lxt,369,0,11,218.34,241.455,59.5387,0.1972
lxt,369,0,12,218.435,241.63,63.4311,0.2012
lxt,369,0,13,218.52,241.8,63.4393,0.1789
lxt,369,0,14,218.595,241.965,67.6193,0.1839
lxt,369,0,15,218.66,242.145,72.4753,0.1993
lxt,369,0,16,218.72,242.335,72.4753,0.1993
lxt,369,0,17,218.775,242.53,75.9617,0.2061
lxt,369,0,18,218.83,242.84,81.8705,0.4243
lxt,369,0,19,218.865,243.255,88.6015,0.4101
lxt,369,0,20,218.86,243.565,95.4417,0.2109
lxt,369,0,21,218.83,243.765,101.891,0.1942
lxt,369,0,22,218.78,243.955,107.5247,0.1993
lxt,369,0,23,218.71,244.135,115.2038,0.1879
lxt,369,0,24,218.615,244.3,124.5081,0.1942
lxt,369,0,25,218.495,244.45,132.8736,0.1911
lxt,369,0,26,218.35,244.58,143.1319,0.2
lxt,369,0,27,218.175,244.69,152.2403,0.2147
lxt,369,0,28,217.98,244.775,160.7156,0.2119
lxt,369,0,29,217.78,244.83,168.6875,0.204
lxt,369,0,30,217.585,244.85,0.0,0.19
lxt,369,0,31,217.395,244.835,8.9722,0.1924
lxt,369,0,32,217.205,244.79,17.5247,0.1993
lxt,369,0,33,217.025,244.715,27.8966,0.1924
lxt,369,0,34,216.855,244.62,30.4673,0.1972
lxt,369,0,35,216.69,244.505,39.0943,0.2062
lxt,369,0,36,216.46,244.295,44.0295,0.4173
lxt,369,0,37,216.18,243.985,51.7656,0.4201
lxt,369,0,38,215.995,243.735,57.0967,0.2025
lxt,369,0,39,215.89,243.56,60.9429,0.2059
lxt,369,0,40,215.795,243.385,62.1013,0.1923
lxt,369,0,41,215.71,243.215,64.8001,0.1879
lxt,369,0,42,215.635,243.045,67.6201,0.1838
lxt,369,0,43,215.57,242.87,71.568,0.1898
lxt,369,0,44,215.51,242.685,72.4753,0.1993
lxt,369,0,45,215.455,242.49,75.9617,0.2061
lxt,369,0,46,215.4,242.18,81.8705,0.4243
lxt,369,0,47,215.365,241.765,88.6015,0.4101
lxt,369,0,48,215.375,241.46,98.5312,0.2022
lxt,369,0,49,215.41,241.265,101.891,0.1942
lxt,369,0,50,215.46,241.075,107.5247,0.1993
lxt,369,0,51,215.53,240.895,115.1999,0.1879
lxt,369,0,52,215.625,240.73,124.5081,0.1942
lxt,369,0,53,215.745,240.58,132.8799,0.191
lxt,369,0,54,215.89,240.45,143.1319,0.2
lxt,369,0,55,216.065,240.34,152.2403,0.2147
lxt,369,1,0,217.945,244.24,148.3978,0.1526
lxt,369,1,1,218.065,244.155,140.7119,0.1421
lxt,369,1,2,218.16,244.055,126.0189,0.136
lxt,369,1,3,218.235,243.94,120.2601,0.1389
lxt,369,1,4,218.31,243.735,105.4221,0.3008
lxt,369,1,5,218.36,243.435,93.6922,0.3106
lxt,369,1,6,218.355,243.115,84.8029,0.3313
lxt,369,1,7,218.305,242.79,77.6625,0.3276
lxt,369,1,8,218.23,242.485,74.5779,0.3008
lxt,369,1,9,218.14,242.215,68.1974,0.2693
lxt,369,1,10,218.035,241.97,65.3784,0.264
lxt,369,1,11,217.9,241.72,58.3929,0.3053
lxt,369,1,12,217.725,241.455,54.8644,0.3301
lxt,369,1,13,217.525,241.2,48.812,0.3189
lxt,369,1,14,217.3,240.98,39.8084,0.3124
lxt,369,1,15,217.05,240.815,26.5651,0.2907
lxt,369,1,16,216.85,240.73,15.9371,0.1456
lxt,369,1,17,216.71,240.705,4.0896,0.1404
lxt,369,1,18,216.57,240.705,175.9104,0.1404
lxt,369,1,19,216.43,240.735,160.3505,0.1487
lxt,369,1,20,216.295,240.795,151.6948,0.1476
lxt,369,1,21,216.175,240.875,140.7119,0.1421
lxt,369,1,22,216.075,240.975,129.2968,0.1421
lxt,369,1,23,216.0,241.095,114.7734,0.1432
lxt,369,1,24,215.93,241.3,105.9458,0.2912
lxt,369,1,25,215.88,241.595,93.6894,0.3106
lxt,369,1,26,215.885,241.915,84.806,0.3314
lxt,369,1,27,215.93,242.235,79.0463,0.3158
lxt,369,1,28,216.005,242.54,73.3008,0.3132
lxt,369,1,29,216.095,242.81,69.4463,0.2563
lxt,369,1,30,216.2,243.05,63.432,0.2683
lxt,369,1,31,216.335,243.305,60.9454,0.3089
lxt,369,1,32,216.505,243.57,53.8425,0.322
lxt,369,1,33,216.71,243.825,48.6521,0.333
lxt,369,1,34,216.94,244.05,39.8041,0.3124
lxt,369,1,35,217.19,244.22,28.3024,0.2953
lxt,369,1,36,217.39,244.31,15.9487,0.1456
lxt,369,1,37,217.53,244.335,4.0772,0.1404
lxt,369,1,38,217.67,244.33,171.8743,0.1414
lxt,369,1,39,217.81,244.3,164.0513,0.1456
lxt,370,0,0,219.51,238.855,160.7078,0.2119
lxt,370,0,1,219.71,238.8,168.696,0.204
lxt,370,0,2,219.905,238.78,0.0,0.19
lxt,370,0,3,220.095,238.795,8.9722,0.1924
lxt,370,0,4,220.28,238.84,18.4335,0.1897
lxt,370,0,5,220.46,238.91,23.9598,0.197
lxt,370,0,6,220.63,239.005,34.5118,0.1942
lxt,370,0,7,220.795,239.12,35.2168,0.2081
lxt,370,0,8,221.025,239.325,44.9985,0.4101
lxt,370,0,9,221.3,239.63,50.9057,0.4123
lxt,370,0,10,221.485,239.88,58.5693,0.2109
lxt,370,0,11,221.59,240.055,59.5387,0.1972
lxt,370,0,12,221.685,240.225,62.1015,0.1924
lxt,370,0,13,221.77,240.395,64.8004,0.1879
lxt,370,0,14,221.845,240.565,67.6193,0.1839
lxt,370,0,15,221.915,240.74,68.7509,0.1931
lxt,370,0,16,221.975,240.925,75.2558,0.1965
lxt,370,0,17,222.025,241.125,76.6062,0.2159
lxt,370,0,18,222.085,241.435,80.3103,0.4159
lxt,370,0,19,222.12,241.85,90.0,0.42
lxt,370,0,20,222.11,242.16,95.7123,0.201
lxt,370,0,21,222.08,242.36,101.3116,0.204
lxt,370,0,22,222.03,242.55,108.4349,0.1897
lxt,370,0,23,221.96,242.73,113.9638,0.197
lxt,370,0,24,221.87,242.895,123.6887,0.1803
lxt,370,0,25,221.75,243.045,133.0203,0.2052
lxt,370,0,26,221.6,243.18,143.1319,0.2
lxt,370,0,27,221.425,243.29,152.2403,0.2147
lxt,370,0,28,221.23,243.375,160.7156,0.2119
lxt,370,0,29,221.03,243.425,171.4694,0.2022
lxt,370,0,30,220.835,243.44,0.0,0.19
lxt,370,0,31,220.645,243.425,8.9722,0.1924
lxt,370,0,32,220.46,243.38,18.4349,0.1897
lxt,370,0,33,220.28,243.31,23.958,0.197
lxt,370,0,34,220.105,243.215,32.9093,0.2025
lxt,370,0,35,219.94,243.1,36.8681,0.2
lxt,370,0,36,219.71,242.895,44.0295,0.4173
lxt,370,0,37,219.43,242.58,52.5949,0.428
lxt,370,0,38,219.245,242.325,57.092,0.2025
lxt,370,0,39,219.14,242.155,59.5349,0.1972
lxt,370,0,40,219.045,241.98,63.4349,0.2012
lxt,370,0,41,218.96,241.81,63.4349,0.1789
lxt,370,0,42,218.885,241.645,67.6201,0.1838
lxt,370,0,43,218.82,241.465,72.4753,0.1993
lxt,370,0,44,218.76,241.275,72.4753,0.1993
lxt,370,0,45,218.71,241.08,78.6884,0.204
lxt,370,0,46,218.655,240.775,80.3124,0.4159
lxt,370,0,47,218.62,240.36,90.0,0.42
lxt,370,0,48,218.63,240.05,95.7071,0.201
lxt,370,0,49,218.66,239.855,101.891,0.1942
lxt,370,0,50,218.71,239.67,108.4349,0.1897
lxt,370,0,51,218.78,239.49,113.9638,0.197
lxt,370,0,52,218.875,239.325,126.2495,0.186
lxt,370,0,53,218.995,239.18,132.8799,0.191
lxt,370,0,54,219.14,239.05,143.1319,0.2
lxt,370,0,55,219.315,238.94,152.2403,0.2147
lxt,370,1,0,221.195,242.835,151.6976,0.1477
lxt,370,1,1,221.315,242.755,140.7119,0.1421
lxt,370,1,2,221.415,242.655,129.2842,0.1421
lxt,370,1,3,221.49,242.535,114.7734,0.1432
lxt,370,1,4,221.56,242.33,105.9458,0.2912
lxt,370,1,5,221.61,242.03,93.5774,0.3206
lxt,370,1,6,221.605,241.71,84.6418,0.3214
lxt,370,1,7,221.56,241.39,79.381,0.3256
lxt,370,1,8,221.485,241.08,73.3008,0.3132
lxt,370,1,9,221.395,240.805,70.2019,0.2657
lxt,370,1,10,221.29,240.56,63.4379,0.2683
lxt,370,1,11,221.15,240.31,58.3899,0.3053
lxt,370,1,12,220.98,240.05,55.3047,0.3162
lxt,370,1,13,220.78,239.795,48.6521,0.333
lxt,370,1,14,220.55,239.57,39.8084,0.3124
lxt,370,1,15,220.3,239.405,26.5597,0.2907
lxt,370,1,16,220.1,239.32,15.9487,0.1456
lxt,370,1,17,219.96,239.295,4.0896,0.1404
lxt,370,1,18,219.82,239.3,171.862,0.1414
lxt,370,1,19,219.68,239.33,164.0629,0.1456
lxt,370,1,20,219.545,239.39,148.385,0.1526
lxt,370,1,21,219.425,239.475,140.7119,0.1421
lxt,370,1,22,219.33,239.575,126.0316,0.136
lxt,370,1,23,219.255,239.69,120.2601,0.1389
lxt,370,1,24,219.18,239.89,105.9442,0.2912
lxt,370,1,25,219.13,240.185,93.6894,0.3106
lxt,370,1,26,219.135,240.505,84.8056,0.3313
lxt,370,1,27,219.18,240.83,79.381,0.3256
lxt,370,1,28,219.255,241.135,72.7597,0.3037
lxt,370,1,29,219.345,241.405,70.2019,0.2657
lxt,370,1,30,219.45,241.65,63.432,0.2683
lxt,370,1,31,219.585,241.9,60.0203,0.3002
lxt,370,1,32,219.755,242.165,54.8644,0.3301
lxt,370,1,33,219.96,242.42,47.4882,0.3256
lxt,370,1,34,220.19,242.645,41.1859,0.3189
lxt,370,1,35,220.44,242.815,26.5651,0.2907
lxt,370,1,36,220.64,242.9,15.9487,0.1456
lxt,370,1,37,220.78,242.925,4.0896,0.1404
lxt,370,1,38,220.92,242.925,175.9104,0.1404
lxt,370,1,39,221.06,242.895,160.3505,0.1487
lxt,371,0,0,223.89,238.44,37.2597,2.9401
lxt,371,0,1,223.01,237.42,155.8537,0.6356
lxt,371,0,2,224.22,237.995,37.4632,2.3181
lxt,371,0,3,225.235,237.56,94.7637,2.2879
lxt,371,0,4,225.625,236.29,156.217,0.6447
lxt,371,0,5,225.79,237.615,95.1055,2.9216
lxt,371,0,6,226.67,239.74,33.559,2.424
lxt,371,0,7,227.38,240.54,156.5702,0.6539
lxt,371,0,8,226.32,240.165,33.6032,1.825
lxt,371,0,9,225.43,240.55,98.3101,1.7989
lxt,371,0,10,225.0,241.57,156.5707,0.6539
lxt,371,0,11,224.88,240.515,98.6372,2.3972
lxt,372,0,0,229.76,236.855,34.847,4.5328
lxt,372,0,1,228.04,235.325,120.784,0.5471
lxt,372,0,2,230.43,236.67,35.0774,5.4987
lxt,372,0,3,231.155,238.91,156.5976,3.3234
lxt,372,0,4,229.53,239.335,66.9491,0.5108
lxt,372,0,5,230.525,238.625,156.549,2.3872
lxt,373,0,0,235.46,236.765,66.9491,0.5108
lxt,373,0,1,234.73,237.36,156.5519,1.8094
lxt,373,0,2,233.1,236.775,49.7504,2.4763
lxt,373,0,3,232.355,235.81,160.0271,0.117
lxt,373,0,4,232.52,235.835,22.2481,0.2377
lxt,373,0,5,232.755,235.895,6.8425,0.2518
lxt,373,0,6,233.005,235.9,175.4216,0.2508
lxt,373,0,7,233.245,235.855,163.0775,0.2404
lxt,373,0,8,233.455,235.765,149.9282,0.2196
lxt,373,0,9,233.63,235.64,138.8179,0.2126
lxt,373,0,10,233.78,235.485,129.4701,0.2202
lxt,373,0,11,233.895,235.31,116.5651,0.2012
lxt,373,0,12,233.97,235.115,105.9454,0.2184
lxt,373,0,13,234.015,234.905,98.1289,0.2122
lxt,373,0,14,234.02,234.695,84.5583,0.2109
lxt,373,0,15,233.975,234.485,71.5663,0.2213
lxt,373,0,16,233.885,234.285,59.9316,0.2195
lxt,373,0,17,233.76,234.105,50.5299,0.2202
lxt,373,0,18,233.605,233.95,39.4696,0.2202
lxt,373,0,19,233.425,233.83,27.7597,0.2147
lxt,373,0,20,233.225,233.75,15.9443,0.2184
lxt,373,0,21,233.015,233.71,5.4376,0.2109
lxt,373,0,22,232.8,233.71,174.8084,0.2209
lxt,373,0,23,232.58,233.755,162.3482,0.2309
lxt,373,0,24,232.4,233.83,150.2592,0.1612
lxt,373,0,25,232.265,233.92,142.4308,0.164
lxt,373,0,26,232.145,234.025,135.004,0.1556
lxt,373,0,27,232.035,234.15,128.1545,0.1781
lxt,373,0,28,231.94,234.29,119.7482,0.1612
lxt,373,0,29,231.87,234.435,111.7974,0.1616
lxt,373,0,30,231.825,234.59,100.619,0.1628
lxt,373,0,31,231.805,234.745,93.8121,0.1503
lxt,373,0,32,231.525,234.725,19.0578,0.5819
lxt,373,0,33,231.265,234.525,98.1301,0.2121
lxt,373,0,34,231.315,234.32,109.2908,0.2119
lxt,373,0,35,231.395,234.125,115.345,0.2102
lxt,373,0,36,231.5,233.945,125.2144,0.2081
lxt,373,0,37,231.63,233.78,131.1906,0.2126
lxt,373,0,38,231.78,233.63,138.8118,0.2126
lxt,373,0,39,231.95,233.5,146.3099,0.2163
lxt,373,0,40,232.135,233.39,152.2403,0.2147
lxt,373,0,41,232.31,233.31,159.4452,0.1709
lxt,373,0,42,232.475,233.255,163.6141,0.1772
lxt,373,0,43,232.64,233.215,169.381,0.1628
lxt,373,0,44,232.8,233.195,176.4203,0.1603
lxt,373,0,45,233.04,233.195,1.7917,0.3201
lxt,373,0,46,233.35,233.24,14.9289,0.3105
lxt,373,0,47,233.64,233.345,24.9057,0.3087
lxt,373,0,48,233.9,233.51,39.8023,0.3124
lxt,373,0,49,234.075,233.67,47.4955,0.1628
lxt,373,0,50,234.18,233.795,52.4285,0.164
lxt,373,0,51,234.275,233.93,57.2641,0.1665
lxt,373,0,52,234.36,234.08,63.4393,0.1789
lxt,373,0,53,234.45,234.31,71.5633,0.3162
lxt,373,0,54,234.525,234.61,80.5377,0.3042
lxt,373,0,55,234.55,234.91,90.0,0.3
lxt,373,0,56,234.525,235.205,99.7827,0.2943
lxt,373,0,57,234.445,235.485,112.1673,0.2915
lxt,373,0,58,234.305,235.74,125.312,0.2941
lxt,373,0,59,234.17,235.915,132.2713,0.1487
lxt,373,0,60,234.06,236.015,143.1301,0.15
lxt,373,0,61,233.935,236.105,145.3069,0.1581
lxt,373,0,62,233.795,236.185,154.9799,0.1655
lxt,373,0,63,233.57,236.275,159.8664,0.3195
lxt,373,0,64,233.74,236.715,50.2684,1.0013
lxt,373,0,65,234.71,236.815,156.3242,1.4195
lxt,374,0,0,355.9,189.03,117.6257,2.4154
lxt,374,0,1,355.27,190.205,123.6939,0.2524
lxt,374,0,2,355.11,190.405,133.4503,0.2617
lxt,374,0,3,354.915,190.58,142.6943,0.264
lxt,374,0,4,354.695,190.725,150.5301,0.2642
lxt,374,0,5,354.44,190.835,162.1761,0.2941
lxt,374,0,6,354.16,190.9,171.8743,0.2828
lxt,374,0,7,353.885,190.91,4.2342,0.2707
lxt,374,0,8,353.625,190.86,17.7482,0.2625
lxt,374,0,9,353.38,190.76,26.5621,0.2683
lxt,374,0,10,353.155,190.615,38.9893,0.2702
lxt,374,0,11,352.965,190.42,52.3087,0.278
lxt,374,0,12,352.81,190.185,60.7486,0.2865
lxt,374,0,13,352.69,189.92,70.345,0.2973
lxt,374,0,14,352.615,189.64,79.8777,0.2844
lxt,374,0,15,352.595,189.37,92.2047,0.2602
lxt,374,0,16,352.63,189.115,103.4952,0.2571
lxt,374,0,17,352.715,188.87,114.6216,0.264
lxt,374,0,18,352.855,188.64,127.6963,0.278
lxt,374,0,19,353.04,188.435,136.4658,0.2759
lxt,374,0,20,353.265,188.25,144.2472,0.3081
lxt,374,0,21,353.51,188.425,65.6356,0.5818
lxt,374,0,22,353.555,188.74,146.3207,0.1803
lxt,374,0,23,353.42,188.845,137.4843,0.1628
lxt,374,0,24,353.31,188.97,125.5424,0.172
lxt,374,0,25,353.22,189.115,118.0646,0.17
lxt,374,0,26,353.16,189.275,103.2445,0.1746
lxt,374,0,27,353.135,189.44,93.5689,0.1603
lxt,374,0,28,353.14,189.605,83.2943,0.1712
lxt,374,0,29,353.175,189.77,72.6503,0.1676
lxt,374,0,30,353.245,189.93,60.6391,0.1836
lxt,374,0,31,353.35,190.075,47.2856,0.1769
lxt,374,0,32,353.48,190.19,35.5424,0.172
lxt,374,0,33,353.625,190.28,28.0695,0.17
lxt,374,0,34,353.785,190.345,16.394,0.1772
lxt,374,0,35,353.96,190.38,6.337,0.1811
lxt,374,0,36,354.135,190.38,173.2943,0.1712
lxt,374,0,37,354.31,190.34,161.5651,0.1897
lxt,374,0,38,354.495,190.25,147.7257,0.2247
lxt,374,0,39,354.67,190.1,131.6305,0.2409
lxt,374,0,40,354.82,189.905,123.6881,0.2524
lxt,374,0,41,354.945,189.695,117.6503,0.2371
lxt,374,0,42,355.73,188.155,116.9628,3.22
lxt,374,0,43,357.065,188.065,65.7813,2.9496
lxt,374,0,44,357.435,189.515,155.9254,0.5148
lxt,374,0,45,356.83,188.79,65.9738,1.8175
lxt,375,0,0,357.74,191.98,119.4758,2.642
lxt,375,0,1,356.995,193.27,124.1602,0.3384
lxt,375,0,2,356.795,193.54,128.9294,0.3342
lxt,375,0,3,356.63,193.725,137.4843,0.1628
lxt,375,0,4,356.505,193.835,139.7685,0.1703
lxt,375,0,5,356.37,193.935,147.2629,0.1664
lxt,375,0,6,356.225,194.02,151.9215,0.17
lxt,375,0,7,356.005,194.11,160.9792,0.3068
lxt,375,0,8,355.715,194.175,174.0943,0.2916
lxt,375,0,9,355.425,194.175,5.9063,0.2915
lxt,375,0,10,355.145,194.12,16.5006,0.2816
lxt,375,0,11,354.88,194.015,26.5651,0.2907
lxt,375,0,12,354.635,193.865,36.4688,0.286
lxt,375,0,13,354.425,193.67,49.1847,0.2907
lxt,375,0,14,354.26,193.43,61.6976,0.2953
lxt,375,0,15,354.14,193.155,70.9792,0.3068
lxt,375,0,16,354.07,192.865,82.1444,0.2927
lxt,375,0,17,354.065,192.575,95.9057,0.2916
lxt,375,0,18,354.12,192.295,106.5006,0.2816
lxt,375,0,19,354.225,192.03,116.5677,0.2907
lxt,375,0,20,354.38,191.785,128.0446,0.2921
lxt,375,0,21,354.585,191.575,140.4413,0.2983
lxt,375,0,22,354.835,191.405,150.9454,0.3089
lxt,375,0,23,355.105,191.285,161.567,0.2846
lxt,375,0,24,355.375,191.215,169.5043,0.2746
lxt,375,0,25,355.645,191.195,2.123,0.2702
lxt,375,0,26,355.91,191.225,10.8903,0.2647
lxt,375,0,27,356.16,191.295,20.5537,0.2563
lxt,375,0,28,356.39,191.415,34.2893,0.2662
lxt,375,0,29,356.595,191.585,45.0,0.2687
lxt,375,0,30,356.76,191.8,59.7399,0.2778
lxt,375,0,31,356.87,192.03,70.0201,0.2341
lxt,375,0,32,356.92,192.25,84.8006,0.2209
lxt,375,0,33,356.94,192.365,26.6,0.0224
lxt,375,0,34,357.44,191.475,118.7002,2.0407
lxt,375,0,35,358.16,190.705,28.5236,0.5235
lxt,375,1,0,356.395,192.22,60.6438,0.1836
lxt,375,1,1,356.29,192.075,47.2928,0.1769
lxt,375,1,2,356.155,191.95,38.6598,0.1921
lxt,375,1,3,355.995,191.845,27.8944,0.1924
lxt,375,1,4,355.82,191.775,15.5211,0.1868
lxt,375,1,5,355.635,191.74,6.0148,0.1911
lxt,375,1,6,355.44,191.735,177.1345,0.2002
lxt,375,1,7,355.245,191.775,159.7734,0.2025
lxt,375,1,8,355.065,191.86,149.5425,0.1972
lxt,375,1,9,354.91,191.975,137.1168,0.191
lxt,375,1,10,354.78,192.115,128.6669,0.1921
lxt,375,1,11,354.68,192.275,115.1957,0.1879
lxt,375,1,12,354.615,192.455,104.7399,0.1965
lxt,375,1,13,354.585,192.645,93.0157,0.1903
lxt,375,1,14,354.595,192.84,81.4688,0.2022
lxt,375,1,15,354.64,193.035,72.4753,0.1993
lxt,375,1,16,354.715,193.21,60.6438,0.1836
lxt,375,1,17,354.825,193.36,47.123,0.1911
lxt,375,1,18,354.965,193.48,33.6928,0.1803
lxt,375,1,19,355.13,193.57,23.9598,0.197
lxt,375,1,20,355.31,193.635,15.5186,0.1868
lxt,375,1,21,355.495,193.665,3.0157,0.1903
lxt,375,1,22,355.68,193.66,173.663,0.1811
lxt,375,1,23,355.86,193.62,161.5651,0.1897
lxt,375,1,24,356.03,193.545,150.6438,0.1836
lxt,375,1,25,356.18,193.44,139.3894,0.1844
lxt,375,1,26,356.31,193.31,130.6106,0.1844
lxt,375,1,27,356.415,193.155,117.8944,0.1924
lxt,375,1,28,356.485,192.98,105.5211,0.1868
lxt,375,1,29,356.52,192.795,96.0148,0.1911
lxt,375,1,30,356.52,192.6,84.2833,0.201
lxt,375,1,31,356.475,192.4,70.7092,0.2119
lxt,376,0,0,337.91,178.18,90.0,4.08
lxt,376,0,1,338.165,176.14,0.0,0.51
lxt,376,0,2,338.42,178.435,90.0,4.59
lxt,376,0,3,337.925,180.73,0.0,0.99
lxt,376,0,4,337.27,180.475,57.8961,0.6021
lxt,376,0,5,337.51,180.22,0.0,0.8
lxt,377,0,0,341.775,176.06,5.4376,0.2109
lxt,377,0,1,341.975,176.095,14.7485,0.1965
lxt,377,0,2,342.16,176.155,21.2533,0.1931
lxt,377,0,3,342.33,176.245,34.5043,0.1942
lxt,377,0,4,342.48,176.36,40.5972,0.1844
lxt,377,0,5,342.615,176.495,49.0834,0.1985
lxt,377,0,6,342.74,176.65,53.1319,0.2
lxt,377,0,7,342.85,176.815,59.5349,0.1972
lxt,377,0,8,342.975,177.095,68.9625,0.4178
lxt,377,0,9,343.105,177.49,74.6266,0.4149
lxt,377,0,10,343.18,177.79,78.6867,0.2039
lxt,377,0,11,343.21,177.99,84.2929,0.201
lxt,377,0,12,343.23,178.185,83.9852,0.1911
lxt,377,0,13,343.24,178.375,90.0,0.19
lxt,377,0,14,343.24,178.56,90.0,0.18
lxt,377,0,15,343.23,178.75,95.7167,0.201
lxt,377,0,16,343.21,178.95,95.7071,0.201
lxt,377,0,17,343.18,179.15,101.3116,0.204
lxt,377,0,18,343.11,179.455,103.7046,0.422
lxt,377,0,19,342.98,179.85,112.8339,0.4123
lxt,377,0,20,342.85,180.13,119.053,0.2059
lxt,377,0,21,342.745,180.3,124.5169,0.1942
lxt,377,0,22,342.625,180.455,130.9042,0.1985
lxt,377,0,23,342.485,180.595,139.0958,0.1985
lxt,377,0,24,342.33,180.71,147.9936,0.1887
lxt,377,0,25,342.16,180.8,156.0321,0.197
lxt,377,0,26,341.975,180.865,165.2601,0.1965
lxt,377,0,27,341.775,180.895,177.2709,0.2102
lxt,377,0,28,341.56,180.895,2.6051,0.2202
lxt,377,0,29,341.355,180.865,14.7399,0.1965
lxt,377,0,30,341.17,180.8,23.9679,0.197
lxt,377,0,31,341.0,180.71,32.0064,0.1887
lxt,377,0,32,340.845,180.595,40.9099,0.1985
lxt,377,0,33,340.705,180.455,49.0892,0.1985
lxt,377,0,34,340.585,180.3,55.4831,0.1942
lxt,377,0,35,340.48,180.13,60.9545,0.2059
lxt,377,0,36,340.35,179.85,67.1661,0.4123
lxt,377,0,37,340.22,179.455,76.2914,0.422
lxt,377,0,38,340.15,179.15,78.6884,0.204
lxt,377,0,39,340.12,178.95,84.2929,0.201
lxt,377,0,40,340.1,178.75,84.292,0.201
lxt,377,0,41,340.09,178.56,90.0,0.18
lxt,377,0,42,340.09,178.375,90.0,0.19
lxt,377,0,43,340.1,178.185,96.0057,0.1911
lxt,377,0,44,340.12,177.99,95.7071,0.201
lxt,377,0,45,340.15,177.79,101.3133,0.2039
lxt,377,0,46,340.225,177.49,105.3734,0.4149
lxt,377,0,47,340.355,177.095,111.0414,0.4178
lxt,377,0,48,340.48,176.815,120.4575,0.1972
lxt,377,0,49,340.59,176.65,126.8751,0.2
lxt,377,0,50,340.715,176.495,130.9099,0.1985
lxt,377,0,51,340.85,176.36,139.4028,0.1844
lxt,377,0,52,341.0,176.245,145.4957,0.1942
lxt,377,0,53,341.17,176.155,158.7467,0.1931
lxt,377,0,54,341.355,176.095,165.2515,0.1965
lxt,377,0,55,341.56,176.06,174.8084,0.2209
lxt,377,1,0,341.74,180.385,175.9108,0.1404
lxt,377,1,1,341.88,180.36,164.0612,0.1456
lxt,377,1,2,342.01,180.305,149.7399,0.1389
lxt,377,1,3,342.125,180.225,140.7158,0.1421
lxt,377,1,4,342.275,180.065,129.5587,0.2983
lxt,377,1,5,342.44,179.81,116.5626,0.313
lxt,377,1,6,342.56,179.515,107.8799,0.3257
lxt,377,1,7,342.645,179.2,102.3401,0.3276
lxt,377,1,8,342.7,178.89,97.5908,0.3026
lxt,377,1,9,342.725,178.605,92.1233,0.2702
lxt,377,1,10,342.725,178.34,87.7953,0.2602
lxt,377,1,11,342.7,178.055,82.6516,0.3126
lxt,377,1,12,342.645,177.745,77.2743,0.3178
lxt,377,1,13,342.56,177.435,72.1201,0.3257
lxt,377,1,14,342.44,177.14,63.4374,0.313
lxt,377,1,15,342.275,176.885,50.4413,0.2983
lxt,377,1,16,342.125,176.725,39.2842,0.1421
lxt,377,1,17,342.01,176.65,26.5651,0.1342
lxt,377,1,18,341.88,176.6,15.9503,0.1456
lxt,377,1,19,341.74,176.57,8.1249,0.1414
lxt,377,1,20,341.595,176.57,172.4092,0.1513
lxt,377,1,21,341.45,176.6,164.053,0.1456
lxt,377,1,22,341.32,176.65,153.4349,0.1342
lxt,377,1,23,341.205,176.725,140.708,0.1421
lxt,377,1,24,341.055,176.885,129.5587,0.2983
lxt,377,1,25,340.89,177.14,116.5675,0.3131
lxt,377,1,26,340.77,177.435,107.8799,0.3257
lxt,377,1,27,340.685,177.745,102.7204,0.3178
lxt,377,1,28,340.63,178.055,97.354,0.3126
lxt,377,1,29,340.605,178.34,92.2047,0.2602
lxt,377,1,30,340.605,178.605,87.8767,0.2702
lxt,377,1,31,340.63,178.89,82.4034,0.3026
lxt,377,1,32,340.685,179.2,77.6651,0.3276
lxt,377,1,33,340.77,179.515,72.1201,0.3257
lxt,377,1,34,340.89,179.81,63.4325,0.3131
lxt,377,1,35,341.055,180.065,50.4413,0.2983
lxt,377,1,36,341.205,180.225,39.292,0.1421
lxt,377,1,37,341.32,180.305,30.2601,0.1389
lxt,377,1,38,341.45,180.36,15.9355,0.1456
lxt,377,1,39,341.595,180.385,3.8179,0.1503
lxt,378,0,0,345.315,176.06,5.4376,0.2109
lxt,378,0,1,345.52,176.095,14.0404,0.2062
lxt,378,0,2,345.705,176.155,22.3843,0.1838
lxt,378,0,3,345.87,176.245,34.5043,0.1942
lxt,378,0,4,346.025,176.36,38.6541,0.1921
lxt,378,0,5,346.165,176.495,49.0901,0.1985
lxt,378,0,6,346.285,176.65,55.4882,0.1942
lxt,378,0,7,346.39,176.815,59.5349,0.1972
lxt,378,0,8,346.52,177.095,67.6925,0.4215
lxt,378,0,9,346.65,177.49,75.9679,0.4123
lxt,378,0,10,346.72,177.79,78.6867,0.2039
lxt,378,0,11,346.75,177.99,84.2929,0.201
lxt,378,0,12,346.77,178.185,83.9852,0.1911
lxt,378,0,13,346.78,178.375,90.0,0.19
lxt,378,0,14,346.78,178.56,90.0,0.18
lxt,378,0,15,346.77,178.75,95.7167,0.201
lxt,378,0,16,346.75,178.95,95.7071,0.201
lxt,378,0,17,346.72,179.15,101.3116,0.204
lxt,378,0,18,346.65,179.455,103.7046,0.422
lxt,378,0,19,346.52,179.85,112.8339,0.4123
lxt,378,0,20,346.39,180.13,119.053,0.2059
lxt,378,0,21,346.285,180.3,124.5169,0.1942
lxt,378,0,22,346.165,180.455,130.9042,0.1985
lxt,378,0,23,346.03,180.595,137.1297,0.191
lxt,378,0,24,345.875,180.71,149.5349,0.1972
lxt,378,0,25,345.705,180.8,154.7919,0.1879
lxt,378,0,26,345.52,180.865,165.9679,0.2062
lxt,378,0,27,345.315,180.895,177.2709,0.2102
lxt,378,0,28,345.1,180.895,2.6051,0.2202
lxt,378,0,29,344.895,180.865,14.7399,0.1965
lxt,378,0,30,344.71,180.8,23.9679,0.197
lxt,378,0,31,344.54,180.71,32.0064,0.1887
lxt,378,0,32,344.39,180.595,42.8703,0.191
lxt,378,0,33,344.255,180.455,49.0958,0.1985
lxt,378,0,34,344.13,180.3,53.1196,0.2
lxt,378,0,35,344.02,180.13,60.9545,0.2059
lxt,378,0,36,343.895,179.85,68.4561,0.4085
lxt,378,0,37,343.765,179.455,74.9826,0.4245
lxt,378,0,38,343.695,179.15,81.4701,0.2022
lxt,378,0,39,343.665,178.95,81.4701,0.2022
lxt,378,0,40,343.645,178.75,87.1345,0.2002
lxt,378,0,41,343.635,178.56,86.8266,0.1803
lxt,378,0,42,343.635,178.375,93.0065,0.1903
lxt,378,0,43,343.645,178.185,93.0157,0.1903
lxt,378,0,44,343.665,177.99,98.5299,0.2022
lxt,378,0,45,343.695,177.79,98.5312,0.2022
lxt,378,0,46,343.765,177.49,105.3734,0.4149
lxt,378,0,47,343.9,177.095,112.3075,0.4215
lxt,378,0,48,344.03,176.815,120.4651,0.1972
lxt,378,0,49,344.135,176.65,124.5118,0.1942
lxt,378,0,50,344.255,176.495,130.9099,0.1985
lxt,378,0,51,344.39,176.36,139.4028,0.1844
lxt,378,0,52,344.54,176.245,145.4957,0.1942
lxt,378,0,53,344.71,176.155,158.7467,0.1931
lxt,378,0,54,344.9,176.095,165.9596,0.2062
lxt,378,0,55,345.105,176.06,174.5624,0.2109
lxt,378,1,0,345.285,180.385,176.1821,0.1503
lxt,378,1,1,345.425,180.36,162.9067,0.136
lxt,378,1,2,345.55,180.305,149.7399,0.1389
lxt,378,1,3,345.665,180.225,140.7158,0.1421
lxt,378,1,4,345.815,180.065,129.5587,0.2983
lxt,378,1,5,345.98,179.81,116.5626,0.313
lxt,378,1,6,346.1,179.515,107.8799,0.3257
lxt,378,1,7,346.185,179.2,102.3401,0.3276
lxt,378,1,8,346.24,178.89,97.5908,0.3026
lxt,378,1,9,346.265,178.605,92.1233,0.2702
lxt,378,1,10,346.265,178.34,87.7953,0.2602
lxt,378,1,11,346.24,178.055,82.6516,0.3126
lxt,378,1,12,346.185,177.745,77.2743,0.3178
lxt,378,1,13,346.1,177.435,72.1201,0.3257
lxt,378,1,14,345.98,177.14,63.4374,0.313
lxt,378,1,15,345.815,176.885,50.4413,0.2983
lxt,378,1,16,345.665,176.725,39.2842,0.1421
lxt,378,1,17,345.55,176.65,26.5651,0.1342
lxt,378,1,18,345.425,176.6,17.1056,0.136
lxt,378,1,19,345.285,176.57,7.5908,0.1513
lxt,378,1,20,345.135,176.57,172.4092,0.1513
lxt,378,1,21,344.99,176.6,164.053,0.1456
lxt,378,1,22,344.86,176.65,153.4349,0.1342
lxt,378,1,23,344.745,176.725,140.708,0.1421
lxt,378,1,24,344.6,176.885,128.0493,0.2921
lxt,378,1,25,344.435,177.14,118.1777,0.3176
lxt,378,1,26,344.31,177.435,107.8799,0.3257
lxt,378,1,27,344.225,177.745,102.7204,0.3178
lxt,378,1,28,344.175,178.055,95.5274,0.3114
lxt,378,1,29,344.15,178.34,94.4028,0.2608
lxt,378,1,30,344.15,178.605,85.7593,0.2707
lxt,378,1,31,344.175,178.89,84.2894,0.3015
lxt,378,1,32,344.225,179.2,77.6651,0.3276
lxt,378,1,33,344.31,179.515,72.1201,0.3257
lxt,378,1,34,344.435,179.81,61.8223,0.3176
lxt,378,1,35,344.6,180.065,51.9507,0.2921
lxt,378,1,36,344.745,180.225,39.292,0.1421
lxt,378,1,37,344.86,180.305,30.2601,0.1389
lxt,378,1,38,344.99,180.36,15.9355,0.1456
lxt,378,1,39,345.135,180.385,3.8179,0.1503
lxt,379,0,0,349.17,177.6,51.7097,2.4207
lxt,379,0,1,349.99,178.655,56.3061,0.2524
lxt,379,0,2,350.11,178.88,67.3869,0.26
lxt,379,0,3,350.19,179.13,77.0049,0.2668
lxt,379,0,4,350.23,179.39,85.5972,0.2608
lxt,379,0,5,350.225,179.665,95.9057,0.2916
lxt,379,0,6,350.17,179.945,106.5083,0.2816
lxt,379,0,7,350.065,180.2,118.4418,0.273
lxt,379,0,8,349.915,180.42,130.3643,0.2625
lxt,379,0,9,349.725,180.6,142.6943,0.264
lxt,379,0,10,349.5,180.74,153.4379,0.2683
lxt,379,0,11,349.245,180.84,163.4917,0.2816
lxt,379,0,12,348.965,180.89,176.0571,0.2907
lxt,379,0,13,348.67,180.89,3.8121,0.3007
lxt,379,0,14,348.385,180.845,14.5349,0.2789
lxt,379,0,15,348.13,180.75,26.5651,0.2683
lxt,379,0,16,347.91,180.61,38.663,0.2561
lxt,379,0,17,347.725,180.43,49.635,0.2625
lxt,379,0,18,347.575,180.215,60.5211,0.2642
lxt,379,0,19,347.46,179.965,69.6771,0.2879
lxt,379,0,20,347.385,179.68,80.5396,0.3041
lxt,379,0,21,347.645,179.53,0.0,0.57
lxt,379,0,22,347.945,179.615,79.9914,0.1726
lxt,379,0,23,347.99,179.785,70.5621,0.1803
lxt,379,0,24,348.06,179.94,60.2565,0.1612
lxt,379,0,25,348.155,180.075,49.7606,0.1703
lxt,379,0,26,348.275,180.195,40.2394,0.1703
lxt,379,0,27,348.415,180.29,28.0695,0.17
lxt,379,0,28,348.57,180.355,17.3596,0.1676
lxt,379,0,29,348.735,180.385,3.3598,0.1703
lxt,379,0,30,348.91,180.385,176.8266,0.1803
lxt,379,0,31,349.085,180.35,160.5621,0.1803
lxt,379,0,32,349.245,180.28,151.9215,0.17
lxt,379,0,33,349.39,180.185,141.8494,0.178
lxt,379,0,34,349.515,180.06,128.1506,0.178
lxt,379,0,35,349.615,179.915,120.9638,0.1749
lxt,379,0,36,349.685,179.755,106.394,0.1772
lxt,379,0,37,349.72,179.58,96.337,0.1811
lxt,379,0,38,349.71,179.375,80.1326,0.2335
lxt,379,0,39,349.645,179.15,67.7491,0.2377
lxt,379,0,40,349.53,178.935,56.3157,0.2524
lxt,379,0,41,349.39,178.74,52.121,0.228
lxt,379,0,42,348.31,177.395,51.1738,3.2219
lxt,379,0,43,348.77,176.14,0.0,2.94
lxt,379,0,44,350.24,176.395,90.0,0.51
lxt,379,0,45,349.33,176.65,0.0,1.82
lxt,380,0,0,338.655,182.62,0.0,2.51
lxt,380,0,1,339.91,182.875,90.0,0.51
lxt,380,0,2,338.955,183.13,0.0,1.91
lxt,380,0,3,338.0,184.025,90.0,1.79
lxt,380,0,4,338.925,184.92,0.0,1.85
lxt,380,0,5,339.85,185.175,90.0,0.51
lxt,380,0,6,338.925,185.43,0.0,1.85
lxt,380,0,7,338.0,186.07,90.0,1.28
lxt,380,0,8,338.955,186.71,0.0,1.91
lxt,380,0,9,339.91,186.965,90.0,0.51
lxt,380,0,10,338.655,187.22,0.0,2.51
lxt,380,0,11,337.4,184.92,90.0,4.6
lxt,381,0,0,340.895,187.22,0.0,0.59
lxt,381,0,1,340.6,184.92,90.0,4.6
lxt,381,0,2,341.6,182.62,0.0,2.0
lxt,381,0,3,342.6,182.875,90.0,0.51
lxt,381,0,4,341.895,183.13,0.0,1.41
lxt,381,0,5,341.19,185.175,90.0,4.09
lxt,382,0,0,344.21,182.62,0.0,2.5
lxt,382,0,1,345.46,182.875,90.0,0.51
lxt,382,0,2,344.505,183.13,0.0,1.91
lxt,382,0,3,343.55,184.025,90.0,1.79
lxt,382,0,4,344.475,184.92,0.0,1.85
lxt,382,0,5,345.4,185.175,90.0,0.51
lxt,382,0,6,344.475,185.43,0.0,1.85
lxt,382,0,7,343.55,186.07,90.0,1.28
lxt,382,0,8,344.505,186.71,0.0,1.91
lxt,382,0,9,345.46,186.965,90.0,0.51
lxt,382,0,10,344.21,187.22,0.0,2.5
lxt,382,0,11,342.96,184.92,90.0,4.6
lxt,383,0,0,345.955,187.22,0.0,0.63
lxt,383,0,1,346.64,184.805,112.4935,5.2277
lxt,383,0,2,348.64,184.805,67.5065,5.2277
lxt,383,0,3,349.325,187.22,0.0,0.63
lxt,383,0,4,348.325,185.53,67.9361,3.6471
lxt,383,0,5,346.955,185.53,112.0639,3.6471
lxt,384,0,0,55.175,296.235,53.6065,2.6461
lxt,384,0,1,56.05,297.44,57.2646,0.3329
lxt,384,0,2,56.21,297.73,64.9823,0.331
lxt,384,0,3,56.31,297.96,69.444,0.1709
lxt,384,0,4,56.365,298.12,72.6466,0.1676
lxt,384,0,5,56.4,298.28,82.875,0.1612
lxt,384,0,6,56.415,298.45,86.8206,0.1803
lxt,384,0,7,56.405,298.69,95.71,0.3015
lxt,384,0,8,56.345,298.98,107.819,0.2941
lxt,384,0,9,56.23,299.245,119.2487,0.2865
lxt,384,0,10,56.065,299.48,130.8147,0.2907
lxt,384,0,11,55.86,299.68,140.7119,0.2842
lxt,384,0,12,55.625,299.835,152.5247,0.2818
lxt,384,0,13,55.36,299.945,162.1817,0.2941
lxt,384,0,14,55.075,300.005,174.0941,0.2915
lxt,384,0,15,54.775,300.005,5.5273,0.3114
lxt,384,0,16,54.48,299.945,17.8183,0.2941
lxt,384,0,17,54.215,299.83,29.2514,0.2865
lxt,384,0,18,53.98,299.67,39.2881,0.2842
lxt,384,0,19,53.78,299.465,51.9542,0.2921
lxt,384,0,20,53.625,299.22,63.4329,0.2907
lxt,384,0,21,53.515,298.945,72.7597,0.3037
lxt,384,0,22,53.455,298.645,84.4719,0.3114
lxt,384,0,23,53.455,298.355,96.3403,0.2717
lxt,384,0,24,53.505,298.085,104.535,0.2789
lxt,384,0,25,53.595,297.83,114.6238,0.264
lxt,384,0,26,53.73,297.6,126.0272,0.272
lxt,384,0,27,53.905,297.395,135.0,0.2687
lxt,384,0,28,54.11,297.23,147.5262,0.2608
lxt,384,0,29,54.345,297.115,160.2019,0.2657
lxt,384,0,30,54.605,297.055,173.66,0.2717
lxt,384,0,31,54.86,297.05,4.7682,0.2408
lxt,384,0,32,55.085,297.095,18.4293,0.2214
lxt,384,0,33,55.195,297.125,135.0656,0.0141
lxt,384,0,34,54.585,296.305,52.9618,2.042
lxt,384,0,35,54.18,295.33,142.6953,0.528
lxt,384,1,0,54.84,297.56,173.6633,0.1811
lxt,384,1,1,54.665,297.6,160.5609,0.1803
lxt,384,1,2,54.495,297.67,154.7939,0.1879
lxt,384,1,3,54.335,297.77,141.3416,0.1921
lxt,384,1,4,54.2,297.905,128.6607,0.1921
lxt,384,1,5,54.09,298.06,122.0044,0.1887
lxt,384,1,6,54.01,298.235,107.5257,0.1993
lxt,384,1,7,53.965,298.43,98.5312,0.2022
lxt,384,1,8,53.965,298.63,81.4701,0.2022
lxt,384,1,9,54.01,298.82,71.564,0.1897
lxt,384,1,10,54.085,298.99,60.6428,0.1836
lxt,384,1,11,54.195,299.145,49.0851,0.1985
lxt,384,1,12,54.335,299.28,38.6655,0.1921
lxt,384,1,13,54.495,299.385,27.8966,0.1924
lxt,384,1,14,54.675,299.46,17.5247,0.1993
lxt,384,1,15,54.87,299.5,5.7075,0.201
lxt,384,1,16,55.06,299.5,173.6631,0.1811
lxt,384,1,17,55.24,299.46,161.5658,0.1897
lxt,384,1,18,55.41,299.38,147.993,0.1887
lxt,384,1,19,55.56,299.27,139.4005,0.1844
lxt,384,1,20,55.69,299.135,128.6607,0.1921
lxt,384,1,21,55.795,298.975,117.8954,0.1924
lxt,384,1,22,55.865,298.8,105.5245,0.1868
lxt,384,1,23,55.9,298.62,96.3395,0.1811
lxt,384,1,24,55.9,298.435,83.99,0.191
lxt,384,1,25,55.865,298.25,74.478,0.1868
lxt,384,1,26,55.8,298.08,63.4349,0.1789
lxt,384,1,27,55.7,297.925,51.3393,0.1921
lxt,384,1,28,55.57,297.79,40.6003,0.1844
lxt,384,1,29,55.415,297.68,30.4668,0.1972
lxt,384,1,30,55.235,297.6,17.525,0.1992
lxt,384,1,31,55.035,297.56,5.4374,0.2109
lxt,385,0,0,58.715,296.235,53.6065,2.6461
lxt,385,0,1,59.59,297.44,57.2646,0.3329
lxt,385,0,2,59.755,297.73,63.4338,0.3354
lxt,385,0,3,59.855,297.96,72.6466,0.1676
lxt,385,0,4,59.905,298.12,72.6466,0.1676
lxt,385,0,5,59.945,298.28,79.381,0.1628
lxt,385,0,6,59.965,298.45,86.8194,0.1803
lxt,385,0,7,59.95,298.69,97.5944,0.3027
lxt,385,0,8,59.885,298.98,107.819,0.2941
lxt,385,0,9,59.77,299.245,119.2487,0.2865
lxt,385,0,10,59.61,299.48,129.2893,0.2843
lxt,385,0,11,59.405,299.68,141.954,0.2921
lxt,385,0,12,59.165,299.835,152.5247,0.2818
lxt,385,0,13,58.9,299.945,162.1817,0.2941
lxt,385,0,14,58.615,300.005,174.0941,0.2915
lxt,385,0,15,58.32,300.005,5.7104,0.3015
lxt,385,0,16,58.025,299.945,17.2407,0.3036
lxt,385,0,17,57.755,299.83,29.2514,0.2865
lxt,385,0,18,57.52,299.67,39.2881,0.2842
lxt,385,0,19,57.32,299.465,51.9542,0.2921
lxt,385,0,20,57.165,299.22,63.4329,0.2907
lxt,385,0,21,57.06,298.945,74.5786,0.3008
lxt,385,0,22,57.005,298.645,84.4726,0.3114
lxt,385,0,23,57.0,298.355,94.2362,0.2708
lxt,385,0,24,57.045,298.085,104.535,0.2789
lxt,385,0,25,57.14,297.83,116.5658,0.2683
lxt,385,0,26,57.275,297.6,124.2863,0.2663
lxt,385,0,27,57.445,297.395,135.0,0.2687
lxt,385,0,28,57.65,297.23,147.5262,0.2608
lxt,385,0,29,57.885,297.115,160.2019,0.2657
lxt,385,0,30,58.15,297.055,173.8847,0.2816
lxt,385,0,31,58.405,297.05,4.9746,0.2309
lxt,385,0,32,58.625,297.095,18.4293,0.2214
lxt,385,0,33,58.74,297.125,153.4831,0.0224
lxt,385,0,34,58.135,296.305,52.9618,2.042
lxt,385,0,35,57.725,295.33,142.0277,0.5201
lxt,385,1,0,58.39,297.56,173.6633,0.1811
lxt,385,1,1,58.21,297.6,161.5658,0.1897
lxt,385,1,2,58.04,297.67,153.43,0.1789
lxt,385,1,3,57.885,297.77,141.3409,0.1921
lxt,385,1,4,57.745,297.905,130.9158,0.1985
lxt,385,1,5,57.63,298.06,122.0044,0.1887
lxt,385,1,6,57.55,298.235,107.5257,0.1993
lxt,385,1,7,57.51,298.43,95.7112,0.201
lxt,385,1,8,57.51,298.63,84.2896,0.201
lxt,385,1,9,57.55,298.82,71.564,0.1897
lxt,385,1,10,57.625,298.99,60.6428,0.1836
lxt,385,1,11,57.735,299.145,49.0851,0.1985
lxt,385,1,12,57.875,299.28,38.6655,0.1921
lxt,385,1,13,58.035,299.385,27.8966,0.1924
lxt,385,1,14,58.215,299.46,17.5247,0.1993
lxt,385,1,15,58.41,299.5,5.7075,0.201
lxt,385,1,16,58.605,299.5,173.9942,0.191
lxt,385,1,17,58.785,299.46,160.5605,0.1803
lxt,385,1,18,58.95,299.38,147.993,0.1887
lxt,385,1,19,59.1,299.27,139.4005,0.1844
lxt,385,1,20,59.23,299.135,128.6607,0.1921
lxt,385,1,21,59.335,298.975,117.8954,0.1924
lxt,385,1,22,59.41,298.8,108.4349,0.1897
lxt,385,1,23,59.45,298.62,96.3395,0.1811
lxt,385,1,24,59.45,298.435,83.99,0.191
lxt,385,1,25,59.41,298.25,71.568,0.1898
lxt,385,1,26,59.34,298.08,63.4349,0.1789
lxt,385,1,27,59.245,297.925,53.7449,0.186
lxt,385,1,28,59.115,297.79,38.6591,0.1921
lxt,385,1,29,58.96,297.68,32.007,0.1887
lxt,385,1,30,58.785,297.6,17.5247,0.1993
lxt,385,1,31,58.585,297.56,5.4374,0.2109
lxt,386,0,0,62.355,296.71,51.5245,2.4269
lxt,386,0,1,63.175,297.77,59.4207,0.2555
lxt,386,0,2,63.29,298.0,67.3788,0.26
lxt,386,0,3,63.37,298.245,76.5048,0.2571
lxt,386,0,4,63.41,298.5,85.6014,0.2608
lxt,386,0,5,63.405,298.78,95.71,0.3015
lxt,386,0,6,63.35,299.06,107.1044,0.272
lxt,386,0,7,63.245,299.31,118.4403,0.273
lxt,386,0,8,63.095,299.53,130.3675,0.2625
lxt,386,0,9,62.905,299.715,141.0067,0.2702
lxt,386,0,10,62.68,299.86,153.436,0.2683
lxt,386,0,11,62.425,299.955,165.4641,0.2789
lxt,386,0,12,62.15,300.005,173.8847,0.2816
lxt,386,0,13,61.86,300.005,5.7104,0.3015
lxt,386,0,14,61.575,299.955,14.5359,0.2789
lxt,386,0,15,61.32,299.865,24.6265,0.264
lxt,386,0,16,61.095,299.73,37.2994,0.264
lxt,386,0,17,60.905,299.55,49.6375,0.2625
lxt,386,0,18,60.755,299.33,61.5559,0.2729
lxt,386,0,19,60.645,299.075,71.5663,0.2846
lxt,386,0,20,60.57,298.79,78.6894,0.3059
lxt,386,0,21,60.83,298.64,0.0,0.58
lxt,386,0,22,61.13,298.73,83.6594,0.1811
lxt,386,0,23,61.17,298.9,69.4452,0.1709
lxt,386,0,24,61.245,299.055,59.0352,0.1749
lxt,386,0,25,61.345,299.195,49.7645,0.1703
lxt,386,0,26,61.465,299.31,37.5701,0.164
lxt,386,0,27,61.6,299.4,29.7408,0.1612
lxt,386,0,28,61.75,299.465,17.36,0.1676
lxt,386,0,29,61.92,299.5,6.3367,0.1811
lxt,386,0,30,62.095,299.5,173.2939,0.1712
lxt,386,0,31,62.265,299.465,163.6046,0.1772
lxt,386,0,32,62.425,299.395,149.0375,0.1749
lxt,386,0,33,62.57,299.295,141.8464,0.178
lxt,386,0,34,62.695,299.175,130.2355,0.1703
lxt,386,0,35,62.795,299.035,120.9648,0.1749
lxt,386,0,36,62.865,298.875,106.3881,0.1772
lxt,386,0,37,62.9,298.7,96.3406,0.1811
lxt,386,0,38,62.895,298.495,82.5683,0.232
lxt,386,0,39,62.83,298.27,65.5565,0.2417
lxt,386,0,40,62.715,298.055,58.2393,0.247
lxt,386,0,41,62.575,297.855,51.7106,0.2421
lxt,386,0,42,61.49,296.505,51.1737,3.2219
lxt,386,0,43,61.95,295.25,0.0,2.94
lxt,386,0,44,63.42,295.505,90.0,0.51
lxt,386,0,45,62.51,295.76,0.0,1.82
lxt,387,0,0,53.8,301.74,0.0,2.5
lxt,387,0,1,55.05,301.995,90.0,0.51
lxt,387,0,2,54.095,302.25,0.0,1.91
lxt,387,0,3,53.14,303.145,90.0,1.79
lxt,387,0,4,54.065,304.04,0.0,1.85
lxt,387,0,5,54.99,304.295,90.0,0.51
lxt,387,0,6,54.065,304.55,0.0,1.85
lxt,387,0,7,53.14,305.185,90.0,1.27
lxt,387,0,8,54.095,305.82,0.0,1.91
lxt,387,0,9,55.05,306.075,90.0,0.51
lxt,387,0,10,53.8,306.33,0.0,2.5
lxt,387,0,11,52.55,304.035,90.0,4.59
lxt,388,0,0,56.035,306.33,0.0,0.59
lxt,388,0,1,55.74,304.035,90.0,4.59
lxt,388,0,2,56.74,301.74,0.0,2.0
lxt,388,0,3,57.74,301.995,90.0,0.51
lxt,388,0,4,57.035,302.25,0.0,1.41
lxt,388,0,5,56.33,304.29,90.0,4.08
lxt,389,0,0,59.35,301.74,0.0,2.5
lxt,389,0,1,60.6,301.995,90.0,0.51
lxt,389,0,2,59.65,302.25,0.0,1.9
lxt,389,0,3,58.7,303.145,90.0,1.79
lxt,389,0,4,59.625,304.04,0.0,1.85
lxt,389,0,5,60.55,304.295,90.0,0.51
lxt,389,0,6,59.625,304.55,0.0,1.85
lxt,389,0,7,58.7,305.185,90.0,1.27
lxt,389,0,8,59.65,305.82,0.0,1.9
lxt,389,0,9,60.6,306.075,90.0,0.51
lxt,389,0,10,59.35,306.33,0.0,2.5
lxt,389,0,11,58.1,304.035,90.0,4.59
lxt,390,0,0,61.095,306.33,0.0,0.63
lxt,390,0,1,61.785,303.92,112.6367,5.2223
lxt,390,0,2,63.785,303.92,67.5661,5.2146
lxt,390,0,3,64.465,306.33,0.0,0.63
lxt,390,0,4,63.47,304.64,68.0818,3.6434
lxt,390,0,5,62.1,304.64,112.2094,3.6509
lxt,391,0,0,100.91,380.15,111.4769,1.311
lxt,391,0,1,101.46,379.53,178.152,0.6203
lxt,391,0,2,100.77,381.98,112.1219,5.311
lxt,391,0,3,98.56,382.075,62.9044,5.3131
lxt,391,0,4,97.66,379.695,177.2299,0.6207
lxt,391,0,5,98.26,380.265,63.6314,1.3059
lxt,391,0,6,99.61,380.805,177.5692,2.1219
lxt,391,1,0,99.635,381.315,177.571,1.6515
lxt,391,1,1,99.265,382.265,63.5603,2.0438
lxt,391,1,2,100.09,382.23,111.2796,2.039
lxt,392,0,0,103.6,381.645,177.1391,0.2002
lxt,392,0,1,103.795,381.62,168.109,0.1942
lxt,392,0,2,103.97,381.56,153.4349,0.1789
lxt,392,0,3,104.12,381.47,144.4647,0.172
lxt,392,0,4,104.245,381.35,128.1575,0.178
lxt,392,0,5,104.34,381.2,116.5629,0.1789
lxt,392,0,6,104.4,381.025,101.8888,0.1942
lxt,392,0,7,104.425,380.825,92.727,0.2102
lxt,392,0,8,104.42,380.63,83.6611,0.1811
lxt,392,0,9,104.38,380.46,69.4428,0.1709
lxt,392,0,10,104.305,380.305,59.0362,0.1749
lxt,392,0,11,104.205,380.165,49.7645,0.1703
lxt,392,0,12,104.085,380.045,40.2355,0.1703
lxt,392,0,13,103.945,379.955,25.0153,0.1655
lxt,392,0,14,103.78,379.895,15.525,0.1868
lxt,392,0,15,103.6,379.865,3.1781,0.1803
lxt,392,0,16,103.43,379.87,172.879,0.1612
lxt,392,0,17,103.27,379.905,162.6446,0.1676
lxt,392,0,18,103.12,379.965,153.4325,0.1565
lxt,392,0,19,102.99,380.045,143.1319,0.15
lxt,392,0,20,102.875,380.145,135.0,0.1556
lxt,392,0,21,102.775,380.26,126.8699,0.15
lxt,392,0,22,102.705,380.395,108.4349,0.1581
lxt,392,0,23,102.665,380.55,100.62,0.1628
lxt,392,0,24,102.37,380.645,176.9337,0.5608
lxt,392,0,25,102.105,380.525,96.3418,0.2717
lxt,392,0,26,102.16,380.265,107.7435,0.2625
lxt,392,0,27,102.265,380.03,120.58,0.2555
lxt,392,0,28,102.415,379.83,133.3619,0.2476
lxt,392,0,29,102.6,379.66,141.3391,0.2561
lxt,392,0,30,102.815,379.525,154.4433,0.2549
lxt,392,0,31,103.055,379.43,162.2549,0.2625
lxt,392,0,32,103.31,379.375,173.4184,0.2617
lxt,392,0,33,103.59,379.365,1.9081,0.3002
lxt,392,0,34,103.88,379.4,12.0943,0.2864
lxt,392,0,35,104.145,379.48,21.8026,0.2693
lxt,392,0,36,104.38,379.605,34.2856,0.2663
lxt,392,0,37,104.58,379.775,46.5485,0.2617
lxt,392,0,38,104.74,379.985,58.6709,0.2693
lxt,392,0,39,104.855,380.235,71.5646,0.2846
lxt,392,0,40,104.92,380.525,82.6474,0.3126
lxt,392,0,41,104.94,380.77,90.0,0.18
lxt,392,0,42,104.93,380.945,96.7113,0.1712
lxt,392,0,43,104.9,381.115,103.2409,0.1746
lxt,392,0,44,104.85,381.28,110.5548,0.1709
lxt,392,0,45,104.78,381.43,119.7456,0.1612
lxt,392,0,46,104.69,381.57,125.5374,0.172
lxt,392,0,47,104.58,381.7,135.0018,0.1697
lxt,392,0,48,104.45,381.81,144.4606,0.172
lxt,392,0,49,104.495,381.955,39.5574,0.2983
lxt,392,0,50,104.7,382.17,53.1307,0.3
lxt,392,0,51,104.825,382.355,61.7002,0.1477
lxt,392,0,52,104.88,382.495,75.0677,0.1552
lxt,392,0,53,104.92,382.65,75.9638,0.1649
lxt,392,0,54,104.945,382.81,86.4257,0.1603
lxt,392,0,55,104.945,383.03,92.0443,0.2802
lxt,392,0,56,104.91,383.295,103.4969,0.2571
lxt,392,0,57,104.825,383.53,116.5651,0.246
lxt,392,0,58,104.695,383.73,129.8056,0.2343
lxt,392,0,59,104.53,383.9,138.3659,0.2408
lxt,392,0,60,104.33,384.035,153.4349,0.246
lxt,392,0,61,104.1,384.13,161.5645,0.253
lxt,392,0,62,103.845,384.185,173.6602,0.2717
lxt,392,0,63,103.575,384.195,2.1232,0.2702
lxt,392,0,64,103.315,384.17,9.0888,0.2532
lxt,392,0,65,103.08,384.105,22.2481,0.2377
lxt,392,0,66,102.875,384.0,32.2775,0.2247
lxt,392,0,67,102.7,383.86,44.9986,0.2263
lxt,392,0,68,102.55,383.685,53.6161,0.236
lxt,392,0,69,102.43,383.475,66.4998,0.2508
lxt,392,0,70,102.345,383.225,75.4658,0.2789
lxt,392,0,71,102.595,383.075,176.9873,0.5708
lxt,392,0,72,102.9,383.135,75.0677,0.1552
lxt,392,0,73,102.95,383.27,63.432,0.1342
lxt,392,0,74,103.015,383.385,57.5291,0.1304
lxt,392,0,75,103.1,383.485,41.9913,0.1345
lxt,392,0,76,103.205,383.57,36.0278,0.136
lxt,392,0,77,103.32,383.635,22.6157,0.13
lxt,392,0,78,103.45,383.675,12.0943,0.1432
lxt,392,0,79,103.595,383.69,0.0,0.15
lxt,392,0,80,103.755,383.68,173.2937,0.1712
lxt,392,0,81,103.915,383.645,161.5642,0.1581
lxt,392,0,82,104.055,383.58,148.3929,0.1526
lxt,392,0,83,104.18,383.495,143.1301,0.15
lxt,392,0,84,104.285,383.39,126.8687,0.15
lxt,392,0,85,104.36,383.26,113.1978,0.1523
lxt,392,0,86,104.41,383.11,104.0375,0.1649
lxt,392,0,87,104.435,382.95,93.577,0.1603
lxt,392,0,88,104.425,382.775,81.0278,0.1924
lxt,392,0,89,104.38,382.6,69.4428,0.1709
lxt,392,0,90,104.305,382.455,55.3038,0.1581
lxt,392,0,91,104.205,382.345,39.2929,0.1421
lxt,392,0,92,104.08,382.265,26.5626,0.1565
lxt,392,0,93,103.93,382.21,14.0388,0.1649
lxt,392,0,94,103.765,382.18,6.7063,0.1712
lxt,392,0,95,103.59,382.17,0.0,0.18
lxt,392,0,96,103.5,381.91,90.0,0.52
lxt,393,0,0,126.915,378.66,110.2465,1.3003
lxt,393,0,1,127.45,378.03,176.3092,0.6213
lxt,393,0,2,126.815,380.495,110.8209,5.3172
lxt,393,0,3,124.605,380.64,61.6045,5.3201
lxt,393,0,4,123.65,378.28,176.3092,0.6213
lxt,393,0,5,124.265,378.835,62.0568,1.3018
lxt,393,0,6,125.63,379.34,176.2218,2.1246
lxt,393,1,0,125.66,379.855,176.1627,1.6437
lxt,393,1,1,125.315,380.815,62.3068,2.0442
lxt,393,1,2,126.135,380.76,109.7673,2.0402
lxt,394,0,0,129.635,380.105,177.2753,0.2102
lxt,394,0,1,129.83,380.075,164.4744,0.1868
lxt,394,0,2,130.0,380.01,153.4349,0.1789
lxt,394,0,3,130.15,379.915,141.8425,0.178
lxt,394,0,4,130.275,379.79,128.1575,0.178
lxt,394,0,5,130.365,379.635,112.3781,0.1838
lxt,394,0,6,130.42,379.46,102.5309,0.1844
lxt,394,0,7,130.445,379.265,92.7249,0.2102
lxt,394,0,8,130.435,379.07,80.5385,0.1825
lxt,394,0,9,130.39,378.895,70.5605,0.1803
lxt,394,0,10,130.315,378.74,57.2657,0.1664
lxt,394,0,11,130.215,378.605,49.7645,0.1703
lxt,394,0,12,130.09,378.49,35.5353,0.172
lxt,394,0,13,129.945,378.405,25.0179,0.1655
lxt,394,0,14,129.78,378.35,12.5273,0.1844
lxt,394,0,15,129.6,378.325,3.1779,0.1803
lxt,394,0,16,129.43,378.33,172.8783,0.1612
lxt,394,0,17,129.27,378.365,162.6454,0.1676
lxt,394,0,18,129.12,378.425,153.4325,0.1565
lxt,394,0,19,128.99,378.505,143.1336,0.15
lxt,394,0,20,128.875,378.61,132.5118,0.1628
lxt,394,0,21,128.78,378.735,121.6022,0.1526
lxt,394,0,22,128.715,378.87,109.655,0.1487
lxt,394,0,23,128.675,379.025,100.0077,0.1726
lxt,394,0,24,128.385,379.125,176.878,0.5508
lxt,394,0,25,128.12,379.005,94.2372,0.2707
lxt,394,0,26,128.17,378.745,107.7419,0.2625
lxt,394,0,27,128.27,378.51,118.6124,0.2506
lxt,394,0,28,128.41,378.305,130.1035,0.2484
lxt,394,0,29,128.59,378.135,143.128,0.25
lxt,394,0,30,128.805,377.995,150.5256,0.2642
lxt,394,0,31,129.04,377.89,161.5651,0.253
lxt,394,0,32,129.295,377.83,171.5709,0.2729
lxt,394,0,33,129.58,377.815,1.911,0.3002
lxt,394,0,34,129.87,377.845,10.1223,0.2844
lxt,394,0,35,130.135,377.92,21.8026,0.2693
lxt,394,0,36,130.37,378.045,34.2856,0.2663
lxt,394,0,37,130.57,378.21,45.0,0.2546
lxt,394,0,38,130.735,378.415,56.8892,0.2746
lxt,394,0,39,130.86,378.665,69.676,0.2879
lxt,394,0,40,130.93,378.95,82.4067,0.3027
lxt,394,0,41,130.955,379.19,86.8218,0.1803
lxt,394,0,42,130.95,379.37,96.3365,0.1811
lxt,394,0,43,130.925,379.545,100.0077,0.1726
lxt,394,0,44,130.88,379.71,110.5566,0.1709
lxt,394,0,45,130.815,379.86,116.5651,0.1565
lxt,394,0,46,130.73,380.0,125.5394,0.172
lxt,394,0,47,130.62,380.13,135.0,0.1697
lxt,394,0,48,130.49,380.24,144.4647,0.172
lxt,394,0,49,130.54,380.385,38.3672,0.3061
lxt,394,0,50,130.75,380.595,51.9554,0.2921
lxt,394,0,51,130.875,380.78,63.4325,0.1565
lxt,394,0,52,130.935,380.925,71.5685,0.1581
lxt,394,0,53,130.98,381.075,75.065,0.1552
lxt,394,0,54,131.01,381.235,83.2893,0.1712
lxt,394,0,55,131.015,381.455,92.1233,0.2702
lxt,394,0,56,130.98,381.715,103.4952,0.2571
lxt,394,0,57,130.9,381.95,114.4419,0.2417
lxt,394,0,58,130.775,382.155,128.2915,0.2421
lxt,394,0,59,130.61,382.33,138.3647,0.2408
lxt,394,0,60,130.415,382.47,150.2569,0.2419
lxt,394,0,61,130.19,382.57,161.5651,0.253
lxt,394,0,62,129.94,382.63,171.2551,0.2631
lxt,394,0,63,129.67,382.65,0.0,0.28
lxt,394,0,64,129.405,382.63,9.0888,0.2532
lxt,394,0,65,129.17,382.57,19.9834,0.2341
lxt,394,0,66,128.965,382.47,32.2743,0.2247
lxt,394,0,67,128.785,382.335,41.4257,0.2267
lxt,394,0,68,128.63,382.16,55.0077,0.2441
lxt,394,0,69,128.505,381.945,64.4395,0.2549
lxt,394,0,70,128.415,381.7,74.9328,0.2693
lxt,394,0,71,128.665,381.55,175.9849,0.5714
lxt,394,0,72,128.97,381.6,74.0513,0.1456
lxt,394,0,73,129.02,381.735,65.2266,0.1432
lxt,394,0,74,129.09,381.855,53.9722,0.136
lxt,394,0,75,129.18,381.955,41.9887,0.1345
lxt,394,0,76,129.285,382.035,32.4738,0.1304
lxt,394,0,77,129.4,382.09,18.4328,0.1265
lxt,394,0,78,129.53,382.125,12.0931,0.1432
lxt,394,0,79,129.675,382.14,0.0,0.15
lxt,394,0,80,129.835,382.13,173.2887,0.1712
lxt,394,0,81,129.995,382.09,158.1986,0.1615
lxt,394,0,82,130.135,382.025,151.7029,0.1476
lxt,394,0,83,130.255,381.935,135.0,0.1556
lxt,394,0,84,130.355,381.82,126.8664,0.15
lxt,394,0,85,130.43,381.69,113.1978,0.1523
lxt,394,0,86,130.48,381.545,104.935,0.1552
lxt,394,0,87,130.5,381.385,90.0,0.17
lxt,394,0,88,130.485,381.205,81.0278,0.1924
lxt,394,0,89,130.44,381.035,68.1986,0.1615
lxt,394,0,90,130.36,380.895,52.4308,0.164
lxt,394,0,91,130.255,380.785,39.2881,0.1421
lxt,394,0,92,130.13,380.705,26.5675,0.1565
lxt,394,0,93,129.98,380.65,14.0337,0.1649
lxt,394,0,94,129.815,380.625,3.3698,0.1703
lxt,394,0,95,129.64,380.62,0.0,0.18
lxt,394,0,96,129.54,380.365,87.7538,0.5104
lxt,395,0,0,137.12,340.74,58.3914,0.3053
lxt,395,0,1,136.985,340.47,68.5521,0.3008
lxt,395,0,2,136.895,340.18,76.8675,0.3081
lxt,395,0,3,136.845,339.88,84.2897,0.3015
lxt,395,0,4,136.825,339.605,87.7072,0.2502
lxt,395,0,5,136.835,339.355,96.8425,0.2518
lxt,395,0,6,136.87,339.11,99.4641,0.2433
lxt,395,0,7,136.925,338.875,106.926,0.2404
lxt,395,0,8,137.005,338.65,112.2515,0.2377
lxt,395,0,9,137.1,338.435,115.4622,0.2326
lxt,395,0,10,137.215,338.23,123.0233,0.2386
lxt,395,0,11,137.355,338.035,128.2909,0.2421
lxt,395,0,12,137.51,337.855,133.2627,0.2335
lxt,395,0,13,137.68,337.695,140.1968,0.2343
lxt,395,0,14,137.865,337.55,143.6109,0.236
lxt,395,0,15,138.065,337.42,150.2569,0.2419
lxt,395,0,16,138.285,337.315,158.6298,0.247
lxt,395,0,17,138.515,337.23,160.8236,0.2435
lxt,395,0,18,138.75,337.165,168.2278,0.2452
lxt,395,0,19,139.0,337.125,173.4182,0.2617
lxt,395,0,20,139.255,337.11,0.0,0.25
lxt,395,0,21,139.505,337.125,6.8425,0.2518
lxt,395,0,22,139.745,337.16,9.8674,0.2335
lxt,395,0,23,139.975,337.215,16.9295,0.2404
lxt,395,0,24,140.2,337.295,22.2481,0.2377
lxt,395,0,25,140.41,337.4,30.9631,0.2332
lxt,395,0,26,140.605,337.525,34.381,0.2302
lxt,395,0,27,140.79,337.66,37.873,0.228
lxt,395,0,28,140.96,337.815,46.7373,0.2335
lxt,395,0,29,141.115,337.99,50.194,0.2343
lxt,395,0,30,141.255,338.175,55.62,0.2302
lxt,395,0,31,141.375,338.375,62.3546,0.2371
lxt,395,0,32,141.475,338.585,66.7994,0.2285
lxt,395,0,33,141.555,338.805,73.074,0.2404
lxt,395,0,34,141.615,339.04,78.2305,0.2451
lxt,395,0,35,141.655,339.28,82.8754,0.2419
lxt,395,0,36,141.665,339.555,91.8466,0.3102
lxt,395,0,37,141.64,339.87,97.1264,0.3225
lxt,395,0,38,141.58,340.185,104.4707,0.3202
lxt,395,0,39,141.48,340.485,112.4791,0.3138
lxt,395,0,40,141.08,340.65,176.6329,0.6812
lxt,395,0,41,140.835,340.525,123.2313,0.3467
lxt,395,0,42,141.0,340.23,115.0177,0.331
lxt,395,0,43,141.105,339.915,101.9773,0.3373
lxt,395,0,44,141.15,339.58,93.3671,0.3406
lxt,395,0,45,141.15,339.315,83.9893,0.191
lxt,395,0,46,141.12,339.13,77.4691,0.1844
lxt,395,0,47,141.07,338.955,70.5605,0.1803
lxt,395,0,48,141.0,338.785,64.7981,0.1879
lxt,395,0,49,140.865,338.555,56.7708,0.3467
lxt,395,0,50,140.64,338.28,44.9983,0.3677
lxt,395,0,51,140.365,338.05,34.5945,0.3523
lxt,395,0,52,140.055,337.88,22.9863,0.3585
lxt,395,0,53,139.8,337.785,15.5199,0.1868
lxt,395,0,54,139.62,337.74,12.5319,0.1844
lxt,395,0,55,139.435,337.715,3.0157,0.1903
lxt,395,0,56,139.245,337.71,0.0,0.19
lxt,395,0,57,139.05,337.72,174.2924,0.201
lxt,395,0,58,138.86,337.75,167.4681,0.1844
lxt,395,0,59,138.68,337.795,164.4711,0.1868
lxt,395,0,60,138.505,337.855,157.6263,0.1838
lxt,395,0,61,138.26,337.985,149.2985,0.3722
lxt,395,0,62,137.965,338.195,139.5733,0.3547
lxt,395,0,63,137.72,338.45,128.1575,0.3561
lxt,395,0,64,137.525,338.75,117.9798,0.3623
lxt,395,0,65,137.415,339.0,105.5244,0.1868
lxt,395,0,66,137.37,339.18,102.5319,0.1844
lxt,395,0,67,137.34,339.36,96.3365,0.1811
lxt,395,0,68,137.33,339.545,90.0,0.19
lxt,395,0,69,137.355,339.805,81.3865,0.3338
lxt,395,0,70,137.435,340.125,70.4631,0.3289
lxt,395,0,71,137.57,340.43,61.9272,0.34
lxt,395,0,72,137.755,340.71,51.071,0.3342
lxt,395,0,73,137.53,340.855,177.3976,0.6607
lxt,396,0,0,142.395,435.015,60.9468,0.3089
lxt,396,0,1,142.265,434.74,68.5521,0.3008
lxt,396,0,2,142.175,434.45,76.8648,0.3081
lxt,396,0,3,142.12,434.15,82.4063,0.3026
lxt,396,0,4,142.1,433.875,90.0,0.25
lxt,396,0,5,142.11,433.625,94.5714,0.2508
lxt,396,0,6,142.145,433.38,101.7687,0.2452
lxt,396,0,7,142.205,433.145,106.9295,0.2404
lxt,396,0,8,142.28,432.92,109.9834,0.2341
lxt,396,0,9,142.375,432.705,117.6454,0.2371
lxt,396,0,10,142.495,432.5,123.0222,0.2385
lxt,396,0,11,142.635,432.31,129.8084,0.2343
lxt,396,0,12,142.79,432.135,133.26,0.2335
lxt,396,0,13,142.96,431.97,138.3698,0.2408
lxt,396,0,14,143.145,431.825,145.619,0.2302
lxt,396,0,15,143.345,431.7,150.2551,0.2419
lxt,396,0,16,143.56,431.59,155.5548,0.2417
lxt,396,0,17,143.79,431.505,163.7419,0.25
lxt,396,0,18,144.03,431.44,165.9603,0.2474
lxt,396,0,19,144.28,431.4,175.6039,0.2608
lxt,396,0,20,144.535,431.39,0.0,0.25
lxt,396,0,21,144.78,431.4,4.7612,0.2408
lxt,396,0,22,145.02,431.435,11.7687,0.2452
lxt,396,0,23,145.255,431.495,16.9295,0.2404
lxt,396,0,24,145.475,431.575,23.1971,0.2285
lxt,396,0,25,145.685,431.675,27.6454,0.2371
lxt,396,0,26,145.885,431.795,34.3831,0.2302
lxt,396,0,27,146.07,431.935,39.8032,0.2343
lxt,396,0,28,146.24,432.09,45.0,0.2263
lxt,396,0,29,146.395,432.26,50.1944,0.2343
lxt,396,0,30,146.535,432.445,55.619,0.2302
lxt,396,0,31,146.655,432.645,62.3546,0.2371
lxt,396,0,32,146.755,432.86,67.7519,0.2377
lxt,396,0,33,146.835,433.08,72.3507,0.2309
lxt,396,0,34,146.895,433.31,78.2313,0.2452
lxt,396,0,35,146.93,433.55,85.2355,0.2408
lxt,396,0,36,146.94,433.83,90.0,0.32
lxt,396,0,37,146.92,434.145,97.354,0.3126
lxt,396,0,38,146.86,434.455,104.4674,0.3202
lxt,396,0,39,146.76,434.755,112.4817,0.3138
lxt,396,0,40,146.36,434.92,176.6341,0.6812
lxt,396,0,41,146.115,434.8,124.1602,0.3384
lxt,396,0,42,146.28,434.505,114.3046,0.3401
lxt,396,0,43,146.385,434.185,101.9747,0.3373
lxt,396,0,44,146.425,433.855,91.7374,0.3302
lxt,396,0,45,146.42,433.595,83.9893,0.191
lxt,396,0,46,146.39,433.405,78.109,0.1942
lxt,396,0,47,146.345,433.225,73.6141,0.1772
lxt,396,0,48,146.28,433.06,63.4349,0.1789
lxt,396,0,49,146.14,432.83,56.3106,0.3606
lxt,396,0,50,145.915,432.555,45.0,0.3536
lxt,396,0,51,145.645,432.33,34.5911,0.3523
lxt,396,0,52,145.33,432.155,23.8075,0.3716
lxt,396,0,53,145.075,432.055,16.3859,0.1772
lxt,396,0,54,144.895,432.015,8.9722,0.1924
lxt,396,0,55,144.71,431.99,6.3413,0.1811
lxt,396,0,56,144.52,431.98,0.0,0.2
lxt,396,0,57,144.325,431.99,173.9898,0.1911
lxt,396,0,58,144.14,432.02,167.4727,0.1844
lxt,396,0,59,143.96,432.07,161.5665,0.1897
lxt,396,0,60,143.78,432.135,158.7467,0.1931
lxt,396,0,61,143.535,432.26,149.8594,0.3585
lxt,396,0,62,143.245,432.465,139.5749,0.3547
lxt,396,0,63,142.995,432.725,128.4167,0.3701
lxt,396,0,64,142.8,433.03,116.5661,0.3578
lxt,396,0,65,142.695,433.275,106.3893,0.1772
lxt,396,0,66,142.65,433.45,102.5273,0.1844
lxt,396,0,67,142.62,433.635,96.0102,0.1911
lxt,396,0,68,142.61,433.825,90.0,0.19
lxt,396,0,69,142.635,434.08,81.1186,0.3239
lxt,396,0,70,142.715,434.4,71.0299,0.3384
lxt,396,0,71,142.85,434.705,61.1123,0.3312
lxt,396,0,72,143.035,434.98,51.0746,0.3342
lxt,396,0,73,142.805,435.13,176.584,0.6712
lxt,397,0,0,85.66,433.91,22.6199,1.3
lxt,397,0,1,86.265,434.47,89.0758,0.6201
lxt,397,0,2,83.83,433.725,23.3826,5.3166
lxt,397,0,3,83.785,431.515,154.2541,5.3179
lxt,397,0,4,86.185,430.67,89.0765,0.6201
lxt,397,0,5,85.6,431.255,155.0102,1.3019
lxt,397,0,6,85.035,432.595,88.6552,2.1306
lxt,397,1,0,84.525,432.605,88.9582,1.6503
lxt,397,1,1,83.585,432.215,154.8135,2.0444
lxt,397,1,2,83.6,433.04,22.5332,2.0354
lxt,398,0,0,108.635,463.565,176.2046,4.0789
lxt,398,0,1,110.69,463.685,85.5154,0.5116
lxt,398,0,2,108.415,464.09,176.2607,4.5998
lxt,398,0,3,106.09,463.745,86.5319,0.9918
lxt,398,0,4,106.3,463.075,143.9014,0.5941
lxt,398,0,5,106.57,463.3,85.711,0.8022
lxt,399,0,0,109.7,465.865,1.9081,0.3002
lxt,399,0,1,109.985,465.905,14.5361,0.2789
lxt,399,0,2,110.24,465.995,24.6239,0.264
lxt,399,0,3,110.465,466.13,37.3034,0.264
lxt,399,0,4,110.655,466.305,48.1792,0.255
lxt,399,0,5,110.805,466.515,60.5242,0.2642
lxt,399,0,6,110.915,466.76,70.9059,0.2751
lxt,399,0,7,110.98,467.035,82.148,0.2927
lxt,399,0,8,110.995,467.32,92.0443,0.2802
lxt,399,0,9,110.965,467.595,100.4919,0.2746
lxt,399,0,10,110.89,467.855,111.8011,0.2693
lxt,399,0,11,110.77,468.085,123.6901,0.2524
lxt,399,0,12,110.605,468.285,135.0012,0.2687
lxt,399,0,13,110.4,468.45,147.5277,0.2608
lxt,399,0,14,110.16,468.57,158.9624,0.2786
lxt,399,0,15,109.88,468.645,170.5386,0.3041
lxt,399,0,16,109.64,468.67,0.0,0.18
lxt,399,0,17,109.465,468.66,6.7088,0.1712
lxt,399,0,18,109.295,468.625,16.3907,0.1772
lxt,399,0,19,109.13,468.57,20.5548,0.1709
lxt,399,0,20,108.98,468.495,32.7365,0.1664
lxt,399,0,21,108.845,468.395,40.2352,0.1703
lxt,399,0,22,108.73,468.27,54.462,0.1721
lxt,399,0,23,108.635,468.125,59.0362,0.1749
lxt,399,0,24,108.5,468.185,123.6904,0.3245
lxt,399,0,25,108.295,468.42,138.9907,0.3048
lxt,399,0,26,108.11,468.56,150.2568,0.1612
lxt,399,0,27,107.965,468.63,158.1971,0.1616
lxt,399,0,28,107.81,468.68,165.9657,0.1649
lxt,399,0,29,107.65,468.71,172.8736,0.1612
lxt,399,0,30,107.43,468.715,2.0459,0.2802
lxt,399,0,31,107.16,468.685,10.8848,0.2648
lxt,399,0,32,106.91,468.605,24.6232,0.264
lxt,399,0,33,106.69,468.48,34.9923,0.2441
lxt,399,0,34,106.505,468.315,48.1805,0.255
lxt,399,0,35,106.355,468.115,58.2394,0.247
lxt,399,0,36,106.245,467.885,70.2019,0.2657
lxt,399,0,37,106.18,467.625,81.573,0.273
lxt,399,0,38,106.165,467.35,92.0459,0.2802
lxt,399,0,39,106.195,467.085,101.3089,0.255
lxt,399,0,40,106.275,466.845,115.5605,0.2549
lxt,399,0,41,106.4,466.625,123.6901,0.2524
lxt,399,0,42,106.56,466.435,136.6357,0.2476
lxt,399,0,43,106.76,466.285,149.4214,0.2555
lxt,399,0,44,106.995,466.175,160.2003,0.2657
lxt,399,0,45,107.26,466.11,171.8712,0.2828
lxt,399,0,46,107.485,466.09,0.0,0.17
lxt,399,0,47,107.65,466.095,3.5743,0.1603
lxt,399,0,48,107.805,466.12,14.9316,0.1552
lxt,399,0,49,107.955,466.17,21.8004,0.1616
lxt,399,0,50,108.16,466.285,33.18,0.3106
lxt,399,0,51,108.395,466.485,47.6022,0.3114
lxt,399,0,52,108.53,466.52,110.5581,0.1709
lxt,399,0,53,108.605,466.37,122.7343,0.1664
lxt,399,0,54,108.71,466.24,135.0,0.1697
lxt,399,0,55,108.835,466.13,142.4312,0.164
lxt,399,0,56,108.97,466.035,147.2657,0.1664
lxt,399,0,57,109.12,465.96,159.4452,0.1709
lxt,399,0,58,109.285,465.91,166.7566,0.1746
lxt,399,0,59,109.46,465.875,170.5381,0.1825
lxt,399,1,0,106.68,467.535,82.4067,0.1513
lxt,399,1,1,106.72,467.685,68.1996,0.1616
lxt,399,1,2,106.795,467.825,55.3031,0.1581
lxt,399,1,3,106.89,467.945,47.7269,0.1487
lxt,399,1,4,107.005,468.05,37.5688,0.164
lxt,399,1,5,107.14,468.135,26.5638,0.1565
lxt,399,1,6,107.29,468.185,10.6195,0.1628
lxt,399,1,7,107.45,468.205,3.577,0.1603
lxt,399,1,8,107.6,468.195,167.9057,0.1432
lxt,399,1,9,107.74,468.15,156.8022,0.1523
lxt,399,1,10,107.875,468.075,145.3031,0.1581
lxt,399,1,11,108.0,467.975,137.49,0.1628
lxt,399,1,12,108.11,467.855,127.5688,0.164
lxt,399,1,13,108.195,467.72,116.5651,0.1565
lxt,399,1,14,108.25,467.575,104.9316,0.1552
lxt,399,1,15,108.275,467.425,93.8148,0.1503
lxt,399,1,16,108.265,467.275,78.6878,0.153
lxt,399,1,17,108.22,467.13,66.8022,0.1523
lxt,399,1,18,108.145,466.995,55.3054,0.1581
lxt,399,1,19,108.045,466.875,45.0,0.1556
lxt,399,1,20,107.925,466.77,37.5671,0.164
lxt,399,1,21,107.79,466.685,26.5651,0.1565
lxt,399,1,22,107.645,466.63,14.9316,0.1552
lxt,399,1,23,107.5,466.605,4.0865,0.1404
lxt,399,1,24,107.35,466.61,172.8733,0.1612
lxt,399,1,25,107.195,466.65,158.1996,0.1616
lxt,399,1,26,107.05,466.725,147.2635,0.1664
lxt,399,1,27,106.925,466.825,135.002,0.1556
lxt,399,1,28,106.825,466.94,126.8681,0.15
lxt,399,1,29,106.745,467.07,116.5651,0.1565
lxt,399,1,30,106.69,467.22,104.0362,0.1649
lxt,399,1,31,106.67,467.38,90.0,0.16
lxt,399,2,0,108.805,467.405,79.9923,0.1726
lxt,399,2,1,108.85,467.57,69.4428,0.1709
lxt,399,2,2,108.925,467.725,59.0375,0.1749
lxt,399,2,3,109.025,467.86,47.4882,0.1628
lxt,399,2,4,109.145,467.975,40.2355,0.1703
lxt,399,2,5,109.285,468.065,25.0177,0.1655
lxt,399,2,6,109.44,468.125,17.3546,0.1676
lxt,399,2,7,109.61,468.155,3.1805,0.1803
lxt,399,2,8,109.78,468.145,169.3779,0.1628
lxt,399,2,9,109.94,468.095,156.3712,0.1746
lxt,399,2,10,110.09,468.01,144.4626,0.172
lxt,399,2,11,110.22,467.9,135.0018,0.1697
lxt,399,2,12,110.325,467.77,122.7329,0.1664
lxt,399,2,13,110.405,467.62,113.6298,0.1746
lxt,399,2,14,110.46,467.46,104.0362,0.1649
lxt,399,2,15,110.485,467.295,93.3672,0.1703
lxt,399,2,16,110.475,467.125,79.9923,0.1726
lxt,399,2,17,110.43,466.96,69.4428,0.1709
lxt,399,2,18,110.355,466.81,57.2657,0.1664
lxt,399,2,19,110.255,466.675,49.7629,0.1703
lxt,399,2,20,110.13,466.56,35.5374,0.172
lxt,399,2,21,109.985,466.47,28.0728,0.17
lxt,399,2,22,109.83,466.405,17.3546,0.1676
lxt,399,2,23,109.665,466.375,3.3647,0.1703
lxt,399,2,24,109.495,466.385,169.9923,0.1726
lxt,399,2,25,109.33,466.435,156.3712,0.1746
lxt,399,2,26,109.18,466.515,147.2657,0.1664
lxt,399,2,27,109.055,466.62,132.51,0.1628
lxt,399,2,28,108.95,466.75,125.5374,0.172
lxt,399,2,29,108.87,466.9,110.5548,0.1709
lxt,399,2,30,108.82,467.065,103.2409,0.1746
lxt,399,2,31,108.795,467.235,93.3672,0.1703
lxt,400,0,0,109.71,471.23,138.0128,2.4217
lxt,400,0,1,108.71,472.115,143.1308,0.25
lxt,400,0,2,108.495,472.245,154.4402,0.255
lxt,400,0,3,108.255,472.34,162.2549,0.2625
lxt,400,0,4,108.0,472.4,171.2535,0.2631
lxt,400,0,5,107.72,472.415,1.9095,0.3002
lxt,400,0,6,107.435,472.38,12.5285,0.2766
lxt,400,0,7,107.175,472.29,25.6415,0.2773
lxt,400,0,8,106.945,472.15,37.3034,0.264
lxt,400,0,9,106.75,471.97,48.0134,0.2691
lxt,400,0,10,106.595,471.755,60.5227,0.2642
lxt,400,0,11,106.48,471.51,68.9629,0.2786
lxt,400,0,12,106.41,471.24,81.8697,0.2828
lxt,400,0,13,106.395,470.945,91.848,0.3102
lxt,400,0,14,106.425,470.655,100.4904,0.2746
lxt,400,0,15,106.5,470.4,112.6213,0.26
lxt,400,0,16,106.625,470.17,124.2856,0.2663
lxt,400,0,17,106.79,469.97,135.0,0.2546
lxt,400,0,18,106.995,469.805,146.8888,0.2746
lxt,400,0,19,107.24,469.675,157.068,0.2823
lxt,400,0,20,107.52,469.585,166.8658,0.3081
lxt,400,0,21,107.69,469.835,85.9857,0.5714
lxt,400,0,22,107.62,470.14,167.4709,0.1844
lxt,400,0,23,107.455,470.195,154.9834,0.1655
lxt,400,0,24,107.305,470.275,149.0341,0.1749
lxt,400,0,25,107.17,470.38,135.0018,0.1697
lxt,400,0,26,107.065,470.505,124.6931,0.1581
lxt,400,0,27,106.985,470.65,113.6321,0.1746
lxt,400,0,28,106.93,470.81,104.0337,0.1649
lxt,400,0,29,106.905,470.975,93.3672,0.1703
lxt,400,0,30,106.915,471.15,80.5381,0.1825
lxt,400,0,31,106.96,471.32,69.4452,0.1709
lxt,400,0,32,107.04,471.475,56.3072,0.1803
lxt,400,0,33,107.15,471.615,47.2928,0.1769
lxt,400,0,34,107.28,471.73,35.5374,0.172
lxt,400,0,35,107.425,471.82,28.0728,0.17
lxt,400,0,36,107.59,471.88,12.5291,0.1844
lxt,400,0,37,107.77,471.905,3.1781,0.1803
lxt,400,0,38,107.975,471.885,167.7365,0.2354
lxt,400,0,39,108.195,471.805,152.3538,0.2371
lxt,400,0,40,108.4,471.675,143.1294,0.25
lxt,400,0,41,108.59,471.525,140.1942,0.2343
lxt,400,0,42,109.865,470.36,137.3912,3.2201
lxt,400,0,43,111.145,470.74,86.3025,2.9461
lxt,400,0,44,110.985,472.225,176.6336,0.5109
lxt,400,0,45,110.67,471.33,86.2276,1.824
lxt,401,0,0,110.73,473.335,98.7449,0.1315
lxt,401,0,1,110.775,473.21,120.2558,0.1389
lxt,401,0,2,110.86,473.11,141.3413,0.1281
lxt,401,0,3,110.975,473.055,167.0056,0.1334
lxt,401,0,4,111.105,473.05,8.7482,0.1315
lxt,401,0,5,111.225,473.09,28.6093,0.1253
lxt,401,0,6,111.32,473.175,53.9722,0.136
lxt,401,0,7,111.38,473.295,72.8966,0.136
lxt,401,0,8,111.39,473.425,98.7449,0.1315
lxt,401,0,9,111.345,473.545,122.4738,0.1304
lxt,401,0,10,111.26,473.64,141.3391,0.1281
lxt,401,0,11,111.145,473.7,162.8966,0.136
lxt,401,0,12,111.015,473.71,8.7449,0.1315
lxt,401,0,13,110.895,473.665,32.4709,0.1304
lxt,401,0,14,110.795,473.58,48.0133,0.1345
lxt,401,0,15,110.735,473.465,77.0056,0.1334
lxt,402,0,0,108.545,477.275,176.3745,3.6373
lxt,402,0,1,108.71,475.865,142.3964,4.9984
lxt,402,0,2,110.765,475.48,86.2359,2.2849
lxt,402,0,3,111.18,476.595,175.795,0.6818
lxt,402,0,4,111.535,476.825,86.6336,0.5109
lxt,402,0,5,111.21,477.105,175.7944,0.6818
lxt,402,0,6,110.89,477.39,85.6012,0.5215
lxt,402,0,7,110.655,477.67,175.5153,0.5116
lxt,402,0,8,110.38,477.425,85.6839,0.5315
lxt,402,1,0,110.29,475.995,86.5053,1.3124
lxt,402,1,1,109.34,476.05,142.038,2.3084
lxt,402,1,2,108.43,476.765,90.0,0.01
lxt,402,1,3,109.38,476.71,176.386,1.9038
lxt,403,0,0,107.115,479.2,96.7894,0.423
lxt,403,0,1,107.235,478.82,119.1965,0.3895
lxt,403,0,2,107.49,478.535,144.2938,0.3941
lxt,403,0,3,107.855,478.37,166.2934,0.422
lxt,403,0,4,108.27,478.345,6.7884,0.423
lxt,403,0,5,108.65,478.465,29.1975,0.3895
lxt,403,0,6,108.94,478.715,52.2532,0.392
lxt,403,0,7,109.11,479.075,76.2934,0.422
lxt,403,0,8,109.135,479.495,96.6329,0.4329
lxt,403,0,9,109.015,479.88,119.1971,0.3895
lxt,403,0,10,108.765,480.17,142.2539,0.392
lxt,403,0,11,108.4,480.34,166.6067,0.4317
lxt,403,0,12,107.98,480.365,6.7894,0.423
lxt,403,0,13,107.6,480.245,29.1975,0.3895
lxt,403,0,14,107.31,479.99,53.1303,0.4
lxt,403,0,15,107.14,479.62,76.6076,0.4317
lxt,403,1,0,108.65,479.205,74.0552,0.2184
lxt,403,1,1,108.555,479.02,50.9074,0.2062
lxt,403,1,2,108.4,478.885,31.4297,0.211
lxt,403,1,3,108.2,478.815,7.7648,0.222
lxt,403,1,4,107.985,478.825,166.6067,0.2159
lxt,403,1,5,107.795,478.92,140.5274,0.2202
lxt,403,1,6,107.655,479.08,121.4297,0.211
lxt,403,1,7,107.58,479.275,100.7846,0.2138
lxt,403,1,8,107.59,479.49,74.7456,0.228
lxt,403,1,9,107.69,479.685,50.5274,0.2202
lxt,403,1,10,107.85,479.825,31.4297,0.211
lxt,403,1,11,108.05,479.895,7.7648,0.222
lxt,403,1,12,108.27,479.88,164.7456,0.228
lxt,403,1,13,108.46,479.785,140.9044,0.2062
lxt,403,1,14,108.595,479.625,120.0694,0.2195
lxt,403,1,15,108.665,479.42,97.7648,0.222
lxt,404,0,0,133.935,484.81,111.069,1.3074
lxt,404,0,1,134.48,484.185,177.2299,0.6207
lxt,404,0,2,133.815,486.645,111.5014,5.3202
lxt,404,0,3,131.605,486.765,62.3267,5.3184
lxt,404,0,4,130.68,484.395,177.2299,0.6207
lxt,404,0,5,131.285,484.96,63.0408,1.3014
lxt,404,0,6,132.64,485.48,176.7602,2.1234
lxt,404,1,0,132.67,485.985,176.8587,1.6425
lxt,404,1,1,132.31,486.94,63.1833,2.0393
lxt,404,1,2,133.13,486.895,110.6542,2.0412
lxt,405,0,0,136.995,485.505,48.3468,2.4224
lxt,405,0,1,137.87,486.515,56.3099,0.2524
lxt,405,0,2,138.0,486.735,62.4485,0.2594
lxt,405,0,3,138.095,486.98,74.9301,0.2693
lxt,405,0,4,138.15,487.24,81.2551,0.2631
lxt,405,0,5,138.165,487.515,91.9738,0.2902
lxt,405,0,6,138.125,487.795,104.5357,0.2789
lxt,405,0,7,138.03,488.055,115.6401,0.2773
lxt,405,0,8,137.89,488.285,127.3047,0.264
lxt,405,0,9,137.71,488.475,139.6353,0.2625
lxt,405,0,10,137.495,488.63,148.6709,0.2693
lxt,405,0,11,137.245,488.745,161.5646,0.2846
lxt,405,0,12,136.97,488.81,171.8697,0.2828
lxt,405,0,13,136.68,488.825,1.9095,0.3002
lxt,405,0,14,136.395,488.79,12.5288,0.2766
lxt,405,0,15,136.135,488.71,21.8026,0.2693
lxt,405,0,16,135.905,488.585,35.5357,0.2581
lxt,405,0,17,135.71,488.415,46.5473,0.2617
lxt,405,0,18,135.545,488.21,55.7144,0.2663
lxt,405,0,19,135.415,487.965,67.8333,0.2915
lxt,405,0,20,135.325,487.685,76.4311,0.2983
lxt,405,0,21,135.58,487.52,176.0546,0.5814
lxt,405,0,22,135.885,487.59,80.5333,0.1825
lxt,405,0,23,135.935,487.76,66.3725,0.1746
lxt,405,0,24,136.015,487.91,57.2657,0.1664
lxt,405,0,25,136.12,488.04,44.9982,0.1697
lxt,405,0,26,136.245,488.15,37.5704,0.164
lxt,405,0,27,136.385,488.235,25.0155,0.1655
lxt,405,0,28,136.545,488.29,13.2409,0.1746
lxt,405,0,29,136.715,488.315,3.3672,0.1703
lxt,405,0,30,136.89,488.305,170.5377,0.1825
lxt,405,0,31,137.06,488.26,159.4428,0.1709
lxt,405,0,32,137.215,488.185,149.0388,0.1749
lxt,405,0,33,137.355,488.08,137.2877,0.1769
lxt,405,0,34,137.475,487.95,128.1575,0.178
lxt,405,0,35,137.565,487.8,113.6321,0.1746
lxt,405,0,36,137.625,487.635,106.39,0.1772
lxt,405,0,37,137.655,487.46,93.1781,0.1803
lxt,405,0,38,137.635,487.255,77.7343,0.2354
lxt,405,0,39,137.555,487.03,63.4349,0.246
lxt,405,0,40,137.43,486.825,53.6161,0.236
lxt,405,0,41,137.28,486.64,48.3659,0.2408
lxt,405,0,42,136.125,485.35,48.145,3.2222
lxt,405,0,43,136.52,484.07,176.8849,2.9444
lxt,405,0,44,138.0,484.245,87.7538,0.5104
lxt,405,0,45,137.1,484.55,176.8551,1.8228
lxt,406,0,0,97.585,513.185,53.6064,2.6461
lxt,406,0,1,98.46,514.395,58.1726,0.3413
lxt,406,0,2,98.625,514.69,63.4349,0.3354
lxt,406,0,3,98.73,514.915,68.1996,0.1616
lxt,406,0,4,98.78,515.07,75.9631,0.1649
lxt,406,0,5,98.815,515.235,79.9923,0.1726
lxt,406,0,6,98.835,515.405,86.6329,0.1703
lxt,406,0,7,98.825,515.64,95.7104,0.3015
lxt,406,0,8,98.765,515.93,107.8197,0.2941
lxt,406,0,9,98.645,516.195,120.964,0.2915
lxt,406,0,10,98.48,516.43,129.2893,0.2843
lxt,406,0,11,98.275,516.63,141.9524,0.2921
lxt,406,0,12,98.035,516.79,150.7513,0.2865
lxt,406,0,13,97.77,516.9,164.0542,0.2912
lxt,406,0,14,97.485,516.955,174.0941,0.2915
lxt,406,0,15,97.19,516.955,5.7103,0.3015
lxt,406,0,16,96.9,516.9,15.9458,0.2912
lxt,406,0,17,96.63,516.79,28.3005,0.2953
lxt,406,0,18,96.395,516.625,42.1369,0.2832
lxt,406,0,19,96.2,516.42,50.7107,0.2843
lxt,406,0,20,96.04,516.18,61.6995,0.2953
lxt,406,0,21,95.93,515.905,74.5775,0.3008
lxt,406,0,22,95.875,515.605,84.4726,0.3114
lxt,406,0,23,95.87,515.31,94.0865,0.2807
lxt,406,0,24,95.915,515.04,105.0683,0.2693
lxt,406,0,25,96.01,514.785,115.6401,0.2773
lxt,406,0,26,96.145,514.55,124.287,0.2663
lxt,406,0,27,96.315,514.35,136.5485,0.2617
lxt,406,0,28,96.52,514.19,147.5291,0.2608
lxt,406,0,29,96.755,514.075,160.2019,0.2657
lxt,406,0,30,97.02,514.01,171.8697,0.2828
lxt,406,0,31,97.275,514.0,4.969,0.2309
lxt,406,0,32,97.495,514.045,18.4343,0.2214
lxt,406,0,33,97.61,514.075,153.4262,0.0224
lxt,406,0,34,97.005,513.26,52.7919,2.034
lxt,406,0,35,96.595,512.285,141.1703,0.5263
lxt,406,1,0,97.26,514.515,176.8195,0.1803
lxt,406,1,1,97.08,514.55,161.5658,0.1897
lxt,406,1,2,96.91,514.625,150.6417,0.1836
lxt,406,1,3,96.755,514.73,141.3416,0.1921
lxt,406,1,4,96.615,514.86,132.8784,0.191
lxt,406,1,5,96.5,515.015,120.4643,0.1972
lxt,406,1,6,96.42,515.19,108.4364,0.1897
lxt,406,1,7,96.38,515.38,95.7097,0.201
lxt,406,1,8,96.38,515.58,84.2903,0.201
lxt,406,1,9,96.42,515.77,71.5636,0.1897
lxt,406,1,10,96.495,515.945,62.1045,0.1924
lxt,406,1,11,96.605,516.1,47.1199,0.1911
lxt,406,1,12,96.745,516.23,38.6598,0.1921
lxt,406,1,13,96.905,516.335,27.8975,0.1924
lxt,406,1,14,97.085,516.41,17.5253,0.1992
lxt,406,1,15,97.28,516.45,5.7095,0.201
lxt,406,1,16,97.475,516.45,173.9918,0.191
lxt,406,1,17,97.655,516.41,160.5613,0.1803
lxt,406,1,18,97.82,516.33,147.9944,0.1887
lxt,406,1,19,97.97,516.22,139.3979,0.1844
lxt,406,1,20,98.1,516.085,128.6602,0.1921
lxt,406,1,21,98.205,515.93,119.3574,0.1836
lxt,406,1,22,98.28,515.76,108.4364,0.1897
lxt,406,1,23,98.32,515.575,96.0079,0.1911
lxt,406,1,24,98.32,515.39,83.6609,0.1811
lxt,406,1,25,98.285,515.21,74.475,0.1868
lxt,406,1,26,98.215,515.035,62.1034,0.1924
lxt,406,1,27,98.115,514.875,53.7463,0.186
lxt,406,1,28,97.99,514.74,40.6021,0.1844
lxt,406,1,29,97.835,514.635,27.8955,0.1924
lxt,406,1,30,97.655,514.56,17.5253,0.1992
lxt,406,1,31,97.455,514.52,5.4415,0.2109
lxt,407,0,0,101.135,513.185,53.6064,2.6461
lxt,407,0,1,102.005,514.395,59.6212,0.3362
lxt,407,0,2,102.165,514.69,63.4349,0.3354
lxt,407,0,3,102.27,514.915,68.1996,0.1616
lxt,407,0,4,102.32,515.07,75.9631,0.1649
lxt,407,0,5,102.355,515.235,79.9923,0.1726
lxt,407,0,6,102.375,515.405,86.6329,0.1703
lxt,407,0,7,102.365,515.64,95.7104,0.3015
lxt,407,0,8,102.305,515.93,107.8183,0.2941
lxt,407,0,9,102.19,516.195,119.2501,0.2865
lxt,407,0,10,102.025,516.43,130.8142,0.2907
lxt,407,0,11,101.82,516.63,140.7107,0.2843
lxt,407,0,12,101.58,516.79,151.6995,0.2953
lxt,407,0,13,101.315,516.9,163.4951,0.2816
lxt,407,0,14,101.03,516.955,174.2897,0.3015
lxt,407,0,15,100.73,516.955,5.7104,0.3015
lxt,407,0,16,100.44,516.9,15.9454,0.2912
lxt,407,0,17,100.175,516.79,29.2487,0.2865
lxt,407,0,18,99.94,516.625,40.8151,0.2907
lxt,407,0,19,99.74,516.42,50.7107,0.2843
lxt,407,0,20,99.58,516.18,61.6995,0.2953
lxt,407,0,21,99.47,515.905,74.5775,0.3008
lxt,407,0,22,99.415,515.605,84.4726,0.3114
lxt,407,0,23,99.415,515.31,96.1153,0.2816
lxt,407,0,24,99.465,515.04,105.0683,0.2693
lxt,407,0,25,99.555,514.785,113.7496,0.2731
lxt,407,0,26,99.685,514.55,124.287,0.2663
lxt,407,0,27,99.855,514.35,136.5473,0.2617
lxt,407,0,28,100.06,514.19,147.5291,0.2608
lxt,407,0,29,100.3,514.075,160.9074,0.2751
lxt,407,0,30,100.565,514.01,171.5727,0.2729
lxt,407,0,31,100.815,514.0,4.9688,0.2309
lxt,407,0,32,101.04,514.045,17.65,0.2309
lxt,407,0,33,101.155,514.075,134.9781,0.0141
lxt,407,0,34,100.545,513.26,52.7921,2.034
lxt,407,0,35,100.14,512.285,141.8425,0.5341
lxt,407,1,0,100.8,514.515,176.8195,0.1803
lxt,407,1,1,100.625,514.55,160.5605,0.1803
lxt,407,1,2,100.455,514.625,152.1025,0.1924
lxt,407,1,3,100.295,514.73,141.3402,0.1921
lxt,407,1,4,100.16,514.86,130.6021,0.1844
lxt,407,1,5,100.05,515.015,120.4643,0.1972
lxt,407,1,6,99.965,515.19,111.2504,0.1931
lxt,407,1,7,99.92,515.38,95.7119,0.201
lxt,407,1,8,99.92,515.58,84.2881,0.201
lxt,407,1,9,99.96,515.77,71.5658,0.1897
lxt,407,1,10,100.04,515.945,59.5357,0.1972
lxt,407,1,11,100.15,516.1,49.3979,0.1844
lxt,407,1,12,100.285,516.23,38.6584,0.1921
lxt,407,1,13,100.45,516.335,26.566,0.2012
lxt,407,1,14,100.635,516.41,17.5253,0.1992
lxt,407,1,15,100.83,516.45,5.7095,0.201
lxt,407,1,16,101.02,516.45,173.6609,0.1811
lxt,407,1,17,101.2,516.41,161.5658,0.1897
lxt,407,1,18,101.37,516.33,147.9944,0.1887
lxt,407,1,19,101.52,516.22,139.3979,0.1844
lxt,407,1,20,101.645,516.085,126.2537,0.186
lxt,407,1,21,101.745,515.93,119.3594,0.1836
lxt,407,1,22,101.82,515.76,108.4342,0.1897
lxt,407,1,23,101.86,515.575,96.0079,0.1911
lxt,407,1,24,101.86,515.39,83.6609,0.1811
lxt,407,1,25,101.825,515.21,74.475,0.1868
lxt,407,1,26,101.755,515.035,62.1034,0.1924
lxt,407,1,27,101.655,514.875,53.7463,0.186
lxt,407,1,28,101.53,514.74,40.6021,0.1844
lxt,407,1,29,101.375,514.635,27.8966,0.1924
lxt,407,1,30,101.195,514.56,17.5247,0.1993
lxt,407,1,31,100.995,514.52,5.4415,0.2109
lxt,408,0,0,105.78,516.545,90.0,0.51
lxt,408,0,1,104.87,516.8,0.0,1.82
lxt,408,0,2,103.605,515.62,73.2562,2.4645
lxt,408,0,3,103.305,514.44,0.0,0.11
lxt,408,0,4,103.445,514.525,45.0,0.2404
lxt,408,0,5,103.64,514.675,30.5786,0.2555
lxt,408,0,6,103.865,514.78,19.1797,0.2435
lxt,408,0,7,104.1,514.835,7.1246,0.2419
lxt,408,0,8,104.33,514.835,172.2352,0.222
lxt,408,0,9,104.545,514.79,164.0552,0.2184
lxt,408,0,10,104.74,514.71,150.9458,0.2059
lxt,408,0,11,104.915,514.59,140.5274,0.2202
lxt,408,0,12,105.07,514.44,131.1852,0.2126
lxt,408,0,13,105.19,514.27,119.0542,0.2059
lxt,408,0,14,105.27,514.075,105.9448,0.2184
lxt,408,0,15,105.315,513.865,98.1319,0.2121
lxt,408,0,16,105.315,513.645,82.5671,0.232
lxt,408,0,17,105.27,513.425,74.0552,0.2184
lxt,408,0,18,105.19,513.225,62.2421,0.2147
lxt,408,0,19,105.07,513.045,50.5274,0.2202
lxt,408,0,20,104.92,512.895,39.0926,0.2062
lxt,408,0,21,104.745,512.775,30.0694,0.2195
lxt,408,0,22,104.545,512.685,18.4349,0.2214
lxt,408,0,23,104.325,512.64,4.9707,0.2309
lxt,408,0,24,104.135,512.64,172.4038,0.1513
lxt,408,0,25,103.98,512.665,169.3805,0.1628
lxt,408,0,26,103.82,512.71,159.4452,0.1709
lxt,408,0,27,103.67,512.785,147.2635,0.1664
lxt,408,0,28,103.535,512.88,142.4312,0.164
lxt,408,0,29,103.41,512.985,137.49,0.1628
lxt,408,0,30,103.305,513.105,124.6946,0.1581
lxt,408,0,31,103.225,513.24,116.5651,0.1565
lxt,408,0,32,102.975,513.11,42.9295,0.5873
lxt,408,0,33,102.815,512.82,121.4279,0.2109
lxt,408,0,34,102.94,512.655,133.0262,0.2052
lxt,408,0,35,103.09,512.51,138.8135,0.2126
lxt,408,0,36,103.26,512.385,148.5703,0.211
lxt,408,0,37,103.445,512.285,154.6531,0.2102
lxt,408,0,38,103.645,512.21,164.0552,0.2184
lxt,408,0,39,103.855,512.16,169.2154,0.2138
lxt,408,0,40,104.065,512.13,174.5606,0.2109
lxt,408,0,41,104.255,512.125,3.3647,0.1703
lxt,408,0,42,104.425,512.14,6.711,0.1712
lxt,408,0,43,104.595,512.17,13.2409,0.1746
lxt,408,0,44,104.755,512.215,18.4332,0.1581
lxt,408,0,45,104.97,512.31,26.5651,0.313
lxt,408,0,46,105.235,512.475,37.2352,0.314
lxt,408,0,47,105.46,512.685,48.9918,0.3048
lxt,408,0,48,105.635,512.94,61.8211,0.3176
lxt,408,0,49,105.74,513.155,68.1996,0.1616
lxt,408,0,50,105.79,513.31,75.9631,0.1649
lxt,408,0,51,105.82,513.475,83.2887,0.1712
lxt,408,0,52,105.835,513.65,86.8219,0.1803
lxt,408,0,53,105.825,513.895,95.5272,0.3115
lxt,408,0,54,105.775,514.2,103.1342,0.3081
lxt,408,0,55,105.68,514.485,113.9626,0.2955
lxt,408,0,56,105.535,514.74,125.3112,0.2941
lxt,408,0,57,105.35,514.965,133.6025,0.29
lxt,408,0,58,105.125,515.145,149.036,0.2915
lxt,408,0,59,104.93,515.25,156.8022,0.1523
lxt,408,0,60,104.785,515.3,165.0684,0.1552
lxt,408,0,61,104.635,515.335,168.6906,0.153
lxt,408,0,62,104.48,515.355,176.4228,0.1603
lxt,408,0,63,104.235,515.35,3.4676,0.3306
lxt,408,0,64,104.215,515.815,73.0244,0.9933
lxt,408,0,65,105.07,516.29,0.0,1.42
lxt,409,0,0,96.04,518.69,0.0,2.5
lxt,409,0,1,97.29,518.945,90.0,0.51
lxt,409,0,2,96.34,519.2,0.0,1.9
lxt,409,0,3,95.39,520.095,90.0,1.79
lxt,409,0,4,96.315,520.99,0.0,1.85
lxt,409,0,5,97.24,521.245,90.0,0.51
lxt,409,0,6,96.315,521.5,0.0,1.85
lxt,409,0,7,95.39,522.14,90.0,1.28
lxt,409,0,8,96.34,522.78,0.0,1.9
lxt,409,0,9,97.29,523.035,90.0,0.51
lxt,409,0,10,96.04,523.29,0.0,2.5
lxt,409,0,11,94.79,520.99,90.0,4.6
lxt,410,0,0,98.28,523.29,0.0,0.6
lxt,410,0,1,97.98,520.99,90.0,4.6
lxt,410,0,2,98.98,518.69,0.0,2.0
lxt,410,0,3,99.98,518.945,90.0,0.51
lxt,410,0,4,99.28,519.2,0.0,1.4
lxt,410,0,5,98.58,521.245,90.0,4.09
lxt,411,0,0,101.595,518.69,0.0,2.51
lxt,411,0,1,102.85,518.945,90.0,0.51
lxt,411,0,2,101.895,519.2,0.0,1.91
lxt,411,0,3,100.94,520.095,90.0,1.79
lxt,411,0,4,101.865,520.99,0.0,1.85
lxt,411,0,5,102.79,521.245,90.0,0.51
lxt,411,0,6,101.865,521.5,0.0,1.85
lxt,411,0,7,100.94,522.14,90.0,1.28
lxt,411,0,8,101.895,522.78,0.0,1.91
lxt,411,0,9,102.85,523.035,90.0,0.51
lxt,411,0,10,101.595,523.29,0.0,2.51
lxt,411,0,11,100.34,520.99,90.0,4.6
lxt,412,0,0,103.345,523.29,0.0,0.63
lxt,412,0,1,104.03,520.875,112.4934,5.2277
lxt,412,0,2,106.03,520.875,67.5066,5.2277
lxt,412,0,3,106.715,523.29,0.0,0.63
lxt,412,0,4,105.715,521.6,67.9361,3.6471
lxt,412,0,5,104.345,521.6,112.064,3.6471
lxt,413,0,0,76.295,277.47,21.6384,1.3017
lxt,413,0,1,76.915,278.02,87.2299,0.6207
lxt,413,0,2,74.465,277.33,22.0814,5.3202
lxt,413,0,3,74.37,275.12,152.9534,5.322
lxt,413,0,4,76.75,274.215,88.1225,0.6103
lxt,413,0,5,76.175,274.81,153.6317,1.3059
lxt,413,0,6,75.64,276.165,87.3121,2.1324
lxt,413,1,0,75.13,276.19,87.2072,1.6419
lxt,413,1,1,74.175,275.82,153.8121,2.0393
lxt,413,1,2,74.215,276.64,21.1778,2.0483
lxt,414,0,0,104.85,111.305,90.0,0.21
lxt,414,0,1,104.83,111.51,101.3095,0.204
lxt,414,0,2,104.78,111.7,108.4349,0.1897
lxt,414,0,3,104.7,111.875,120.4632,0.1972
lxt,414,0,4,104.595,112.035,126.2551,0.186
lxt,414,0,5,104.47,112.18,135.0031,0.198
lxt,414,0,6,104.325,112.31,141.3345,0.1921
lxt,414,0,7,104.165,112.425,147.098,0.2025
lxt,414,0,8,103.895,112.575,152.8188,0.4159
lxt,414,0,9,103.51,112.735,161.9953,0.4206
lxt,414,0,10,103.21,112.825,165.9668,0.2061
lxt,414,0,11,103.015,112.865,171.0278,0.1924
lxt,414,0,12,102.82,112.895,171.4694,0.2022
lxt,414,0,13,102.63,112.92,173.6537,0.1811
lxt,414,0,14,102.45,112.93,0.0,0.18
lxt,414,0,15,102.26,112.93,0.0,0.2
lxt,414,0,16,102.06,112.925,2.8652,0.2002
lxt,414,0,17,101.855,112.91,5.4374,0.2109
lxt,414,0,18,101.545,112.86,11.0431,0.4177
lxt,414,0,19,101.145,112.755,18.4356,0.4111
lxt,414,0,20,100.855,112.645,25.345,0.2102
lxt,414,0,21,100.675,112.55,30.4673,0.1972
lxt,414,0,22,100.515,112.44,38.6598,0.1921
lxt,414,0,23,100.37,112.31,44.9953,0.198
lxt,414,0,24,100.245,112.165,53.7468,0.186
lxt,414,0,25,100.145,112.005,62.1036,0.1924
lxt,414,0,26,100.07,111.82,73.3024,0.2088
lxt,414,0,27,100.025,111.615,81.8679,0.2121
lxt,414,0,28,100.01,111.405,90.0,0.21
lxt,414,0,29,100.03,111.2,101.3095,0.204
lxt,414,0,30,100.08,111.01,108.4371,0.1897
lxt,414,0,31,100.16,110.835,120.4632,0.1972
lxt,414,0,32,100.265,110.675,126.2551,0.186
lxt,414,0,33,100.39,110.53,135.0031,0.198
lxt,414,0,34,100.54,110.4,143.1305,0.2
lxt,414,0,35,100.705,110.285,147.0919,0.2025
lxt,414,0,36,100.975,110.135,152.8183,0.4159
lxt,414,0,37,101.36,109.975,161.9953,0.4206
lxt,414,0,38,101.66,109.885,165.9674,0.2062
lxt,414,0,39,101.86,109.845,171.4694,0.2022
lxt,414,0,40,102.055,109.815,171.0278,0.1924
lxt,414,0,41,102.245,109.79,173.985,0.191
lxt,414,0,42,102.43,109.78,0.0,0.18
lxt,414,0,43,102.62,109.78,0.0,0.2
lxt,414,0,44,102.82,109.785,2.8652,0.2002
lxt,414,0,45,103.02,109.8,5.7076,0.201
lxt,414,0,46,103.325,109.85,11.0431,0.4177
lxt,414,0,47,103.725,109.96,19.7448,0.4144
lxt,414,0,48,104.01,110.07,23.967,0.197
lxt,414,0,49,104.185,110.165,32.902,0.2025
lxt,414,0,50,104.345,110.28,38.6655,0.1921
lxt,414,0,51,104.49,110.405,42.8734,0.191
lxt,414,0,52,104.615,110.55,55.4919,0.1942
lxt,414,0,53,104.715,110.715,62.1036,0.1924
lxt,414,0,54,104.79,110.895,72.4753,0.1993
lxt,414,0,55,104.835,111.095,81.8699,0.2121
lxt,414,1,0,100.53,111.555,82.4034,0.1513
lxt,414,1,1,100.565,111.695,68.965,0.1393
lxt,414,1,2,100.63,111.82,56.3083,0.1442
lxt,414,1,3,100.715,111.93,48.0157,0.1345
lxt,414,1,4,100.88,112.065,35.3127,0.2941
lxt,414,1,5,101.145,112.21,22.4785,0.3138
lxt,414,1,6,101.45,112.315,15.708,0.3324
lxt,414,1,7,101.77,112.385,8.8785,0.3239
lxt,414,1,8,102.085,112.415,1.8494,0.3102
lxt,414,1,9,102.37,112.42,0.0,0.26
lxt,414,1,10,102.635,112.405,173.66,0.2717
lxt,414,1,11,102.92,112.36,168.6906,0.3059
lxt,414,1,12,103.225,112.285,163.8113,0.3228
lxt,414,1,13,103.53,112.18,158.1996,0.3231
lxt,414,1,14,103.815,112.04,149.3484,0.3138
lxt,414,1,15,104.055,111.86,136.3953,0.29
lxt,414,1,16,104.205,111.705,129.2944,0.1421
lxt,414,1,17,104.275,111.585,111.035,0.1393
lxt,414,1,18,104.315,111.45,102.096,0.1432
lxt,414,1,19,104.335,111.305,93.8121,0.1503
lxt,414,1,20,104.33,111.16,81.8703,0.1414
lxt,414,1,21,104.295,111.02,70.347,0.1487
lxt,414,1,22,104.23,110.89,56.3083,0.1442
lxt,414,1,23,104.145,110.78,48.0157,0.1345
lxt,414,1,24,103.98,110.645,35.3136,0.2941
lxt,414,1,25,103.715,110.5,22.4785,0.3138
lxt,414,1,26,103.415,110.395,16.1887,0.3228
lxt,414,1,27,103.1,110.33,7.1264,0.3225
lxt,414,1,28,102.785,110.3,3.6894,0.3106
lxt,414,1,29,102.5,110.29,0.0,0.26
lxt,414,1,30,102.235,110.305,173.66,0.2717
lxt,414,1,31,101.95,110.35,168.6906,0.3059
lxt,414,1,32,101.645,110.425,163.8113,0.3228
lxt,414,1,33,101.335,110.53,158.8345,0.3324
lxt,414,1,34,101.045,110.67,149.3539,0.3138
lxt,414,1,35,100.8,110.85,137.7237,0.2973
lxt,414,1,36,100.65,111.01,123.6917,0.1442
lxt,414,1,37,100.58,111.13,116.568,0.1342
lxt,414,1,38,100.535,111.26,102.0931,0.1432
lxt,414,1,39,100.52,111.405,90.0,0.15
lxt,415,0,0,105.075,114.845,92.727,0.2102
lxt,415,0,1,105.055,115.05,98.5299,0.2022
lxt,415,0,2,105.005,115.24,111.2512,0.1931
lxt,415,0,3,104.925,115.415,117.8944,0.1924
lxt,415,0,4,104.825,115.575,126.2551,0.186
lxt,415,0,5,104.7,115.715,137.1199,0.1911
lxt,415,0,6,104.555,115.845,139.0848,0.1985
lxt,415,0,7,104.395,115.965,147.098,0.2025
lxt,415,0,8,104.125,116.11,154.0588,0.4115
lxt,415,0,9,103.74,116.265,161.9953,0.4206
lxt,415,0,10,103.44,116.355,165.9586,0.2062
lxt,415,0,11,103.24,116.4,168.6964,0.204
lxt,415,0,12,103.045,116.435,171.0275,0.1923
lxt,415,0,13,102.86,116.455,176.8171,0.1803
lxt,415,0,14,102.675,116.465,176.9843,0.1903
lxt,415,0,15,102.485,116.47,0.0,0.19
lxt,415,0,16,102.29,116.465,2.8652,0.2002
lxt,415,0,17,102.085,116.445,8.1298,0.2121
lxt,415,0,18,101.775,116.39,11.0431,0.4177
lxt,415,0,19,101.37,116.285,18.0008,0.4206
lxt,415,0,20,101.08,116.18,23.9679,0.197
lxt,415,0,21,100.905,116.085,32.9009,0.2025
lxt,415,0,22,100.74,115.97,36.8695,0.2
lxt,415,0,23,100.595,115.845,45.0,0.1839
lxt,415,0,24,100.475,115.7,55.4919,0.1942
lxt,415,0,25,100.375,115.535,62.1056,0.1924
lxt,415,0,26,100.3,115.355,72.4753,0.1993
lxt,415,0,27,100.25,115.155,79.215,0.2138
lxt,415,0,28,100.235,114.94,92.6031,0.2202
lxt,415,0,29,100.255,114.73,98.5312,0.2022
lxt,415,0,30,100.305,114.54,111.2479,0.1932
lxt,415,0,31,100.385,114.37,119.3562,0.1836
lxt,415,0,32,100.49,114.21,126.8751,0.2
lxt,415,0,33,100.62,114.065,137.1199,0.1911
lxt,415,0,34,100.765,113.935,139.0848,0.1985
lxt,415,0,35,100.925,113.815,147.0907,0.2025
lxt,415,0,36,101.2,113.67,154.6546,0.4205
lxt,415,0,37,101.59,113.515,161.9953,0.4206
lxt,415,0,38,101.89,113.425,165.9674,0.2062
lxt,415,0,39,102.09,113.38,168.6875,0.204
lxt,415,0,40,102.285,113.35,173.9943,0.1911
lxt,415,0,41,102.475,113.33,173.985,0.191
lxt,415,0,42,102.66,113.315,176.8268,0.1803
lxt,415,0,43,102.845,113.31,0.0,0.19
lxt,415,0,44,103.04,113.32,5.7076,0.201
lxt,415,0,45,103.245,113.34,5.4374,0.2109
lxt,415,0,46,103.555,113.39,11.0431,0.4177
lxt,415,0,47,103.955,113.495,18.4356,0.4111
lxt,415,0,48,104.24,113.605,26.5641,0.2012
lxt,415,0,49,104.415,113.7,30.4673,0.1972
lxt,415,0,50,104.575,113.81,38.6584,0.1921
lxt,415,0,51,104.72,113.94,44.9969,0.198
lxt,415,0,52,104.845,114.085,53.7505,0.186
lxt,415,0,53,104.945,114.245,62.0993,0.1923
lxt,415,0,54,105.02,114.425,72.4753,0.1993
lxt,415,0,55,105.065,114.63,82.2352,0.222
lxt,415,1,0,100.755,115.085,78.6923,0.153
lxt,415,1,1,100.795,115.225,68.9605,0.1393
lxt,415,1,2,100.855,115.35,59.749,0.1389
lxt,415,1,3,100.94,115.465,47.7208,0.1487
lxt,415,1,4,101.11,115.605,35.3136,0.2941
lxt,415,1,5,101.375,115.75,22.4785,0.3138
lxt,415,1,6,101.68,115.85,14.034,0.3298
lxt,415,1,7,102.0,115.915,8.8839,0.3239
lxt,415,1,8,102.31,115.95,3.812,0.3007
lxt,415,1,9,102.595,115.955,177.8769,0.2702
lxt,415,1,10,102.86,115.935,173.4184,0.2617
lxt,415,1,11,103.14,115.895,170.5398,0.3041
lxt,415,1,12,103.45,115.825,164.292,0.3324
lxt,415,1,13,103.76,115.72,158.1996,0.3231
lxt,415,1,14,104.045,115.58,149.3484,0.3138
lxt,415,1,15,104.285,115.4,136.3953,0.29
lxt,415,1,16,104.43,115.24,123.6917,0.1442
lxt,415,1,17,104.5,115.12,116.5651,0.1342
lxt,415,1,18,104.545,114.99,102.096,0.1432
lxt,415,1,19,104.565,114.845,93.8121,0.1503
lxt,415,1,20,104.555,114.695,78.6901,0.153
lxt,415,1,21,104.515,114.555,68.965,0.1393
lxt,415,1,22,104.455,114.43,59.7399,0.1389
lxt,415,1,23,104.375,114.32,48.0157,0.1345
lxt,415,1,24,104.21,114.185,35.3136,0.2941
lxt,415,1,25,103.945,114.035,24.1413,0.3178
lxt,415,1,26,103.64,113.93,14.0391,0.3299
lxt,415,1,27,103.32,113.865,8.8785,0.3239
lxt,415,1,28,103.01,113.83,3.8177,0.3007
lxt,415,1,29,102.725,113.825,177.8768,0.2702
lxt,415,1,30,102.46,113.845,173.4184,0.2617
lxt,415,1,31,102.18,113.885,170.5344,0.3041
lxt,415,1,32,101.87,113.955,164.292,0.3324
lxt,415,1,33,101.56,114.065,156.5702,0.327
lxt,415,1,34,101.275,114.21,149.3539,0.3138
lxt,415,1,35,101.03,114.39,137.7247,0.2973
lxt,415,1,36,100.88,114.545,126.029,0.136
lxt,415,1,37,100.81,114.665,114.7762,0.1432
lxt,415,1,38,100.765,114.795,102.9936,0.1334
lxt,415,1,39,100.745,114.935,93.8121,0.1503
lxt,416,0,0,103.79,118.79,138.0129,2.4217
lxt,416,0,1,102.785,119.675,144.4633,0.2581
lxt,416,0,2,102.565,119.805,154.4364,0.255
lxt,416,0,3,102.325,119.9,162.2581,0.2625
lxt,416,0,4,102.07,119.96,171.2521,0.2631
lxt,416,0,5,101.795,119.975,1.9769,0.2902
lxt,416,0,6,101.51,119.94,12.0943,0.2864
lxt,416,0,7,101.25,119.85,26.5643,0.2683
lxt,416,0,8,101.025,119.71,37.3047,0.264
lxt,416,0,9,100.83,119.53,48.0101,0.2691
lxt,416,0,10,100.67,119.315,58.6726,0.2693
lxt,416,0,11,100.555,119.07,70.9064,0.2751
lxt,416,0,12,100.49,118.8,81.8697,0.2828
lxt,416,0,13,100.47,118.505,90.0,0.31
lxt,416,0,14,100.5,118.215,102.5288,0.2766
lxt,416,0,15,100.58,117.955,111.8026,0.2693
lxt,416,0,16,100.7,117.725,123.691,0.2524
lxt,416,0,17,100.865,117.53,136.5437,0.2617
lxt,416,0,18,101.075,117.365,146.8901,0.2746
lxt,416,0,19,101.32,117.235,157.0708,0.2823
lxt,416,0,20,101.595,117.14,164.5747,0.3008
lxt,416,0,21,101.76,117.39,86.0556,0.5814
lxt,416,0,22,101.695,117.7,166.7664,0.1746
lxt,416,0,23,101.53,117.755,156.3679,0.1746
lxt,416,0,24,101.38,117.835,147.2657,0.1664
lxt,416,0,25,101.25,117.94,135.0018,0.1697
lxt,416,0,26,101.14,118.065,127.5671,0.164
lxt,416,0,27,101.055,118.205,115.0177,0.1655
lxt,416,0,28,101.0,118.365,103.2398,0.1747
lxt,416,0,29,100.98,118.535,90.0,0.17
lxt,416,0,30,100.995,118.71,80.5377,0.1825
lxt,416,0,31,101.04,118.88,69.4452,0.1709
lxt,416,0,32,101.115,119.035,59.0341,0.1749
lxt,416,0,33,101.22,119.175,47.2928,0.1769
lxt,416,0,34,101.35,119.29,35.5297,0.172
lxt,416,0,35,101.5,119.38,26.5705,0.1789
lxt,416,0,36,101.665,119.44,13.2434,0.1746
lxt,416,0,37,101.84,119.465,3.1732,0.1803
lxt,416,0,38,102.045,119.445,167.7383,0.2354
lxt,416,0,39,102.27,119.365,153.4318,0.246
lxt,416,0,40,102.475,119.235,141.7102,0.2421
lxt,416,0,41,102.66,119.085,140.1956,0.2343
lxt,416,0,42,103.94,117.92,137.5115,3.2275
lxt,416,0,43,105.22,118.295,86.4845,2.9355
lxt,416,0,44,105.06,119.78,175.4251,0.5016
lxt,416,0,45,104.75,118.89,86.2276,1.824
lxt,417,0,0,104.8,120.89,98.1279,0.1414
lxt,417,0,1,104.845,120.765,122.4745,0.1304
lxt,417,0,2,104.935,120.67,143.9774,0.136
lxt,417,0,3,105.05,120.615,165.9646,0.1237
lxt,417,0,4,105.18,120.61,8.1257,0.1414
lxt,417,0,5,105.305,120.65,28.6093,0.1253
lxt,417,0,6,105.4,120.73,51.3413,0.1281
lxt,417,0,7,105.455,120.85,77.9044,0.1432
lxt,417,0,8,105.465,120.985,94.3995,0.1304
lxt,417,0,9,105.425,121.105,122.4673,0.1304
lxt,417,0,10,105.34,121.2,141.3445,0.1281
lxt,417,0,11,105.225,121.26,162.8935,0.136
lxt,417,0,12,105.095,121.27,8.7542,0.1315
lxt,417,0,13,104.97,121.225,30.2492,0.1389
lxt,417,0,14,104.87,121.14,51.3413,0.1281
lxt,417,0,15,104.81,121.025,72.8975,0.136
lxt,418,0,0,102.625,124.835,176.3744,3.6373
lxt,418,0,1,102.79,123.425,142.3963,4.9984
lxt,418,0,2,104.845,123.04,86.2359,2.2849
lxt,418,0,3,105.26,124.155,175.7957,0.6818
lxt,418,0,4,105.615,124.385,86.6337,0.5109
lxt,418,0,5,105.29,124.665,175.7957,0.6818
lxt,418,0,6,104.965,124.95,86.6982,0.5209
lxt,418,0,7,104.725,125.225,176.6337,0.5109
lxt,418,0,8,104.455,124.98,86.6982,0.5209
lxt,418,1,0,104.365,123.555,86.0696,1.3131
lxt,418,1,1,103.41,123.61,142.0377,2.3084
lxt,418,1,2,102.5,124.325,90.0,0.01
lxt,418,1,3,103.455,124.27,176.4051,1.9138
lxt,419,0,0,101.185,126.76,96.7892,0.423
lxt,419,0,1,101.31,126.38,120.4654,0.3945
lxt,419,0,2,101.565,126.095,143.4291,0.386
lxt,419,0,3,101.93,125.93,166.6069,0.4317
lxt,419,0,4,102.35,125.905,6.7874,0.423
lxt,419,0,5,102.73,126.025,29.1981,0.3895
lxt,419,0,6,103.015,126.275,53.4264,0.386
lxt,419,0,7,103.18,126.635,76.2934,0.422
lxt,419,0,8,103.21,127.055,95.3148,0.4318
lxt,419,0,9,103.09,127.44,120.4632,0.3945
lxt,419,0,10,102.835,127.725,143.4298,0.386
lxt,419,0,11,102.475,127.895,164.9794,0.4245
lxt,419,0,12,102.06,127.925,6.7915,0.423
lxt,419,0,13,101.675,127.805,28.4955,0.3983
lxt,419,0,14,101.385,127.55,54.2918,0.3941
lxt,419,0,15,101.215,127.18,75.324,0.4342
lxt,419,1,0,102.725,126.765,76.6082,0.2159
lxt,419,1,1,102.635,126.575,52.5974,0.214
lxt,419,1,2,102.48,126.44,29.0486,0.2059
lxt,419,1,3,102.28,126.37,10.3069,0.2236
lxt,419,1,4,102.06,126.38,164.7456,0.228
lxt,419,1,5,101.865,126.48,140.5304,0.2202
lxt,419,1,6,101.725,126.64,121.4264,0.211
lxt,419,1,7,101.655,126.835,98.1301,0.2121
lxt,419,1,8,101.67,127.05,74.7456,0.228
lxt,419,1,9,101.765,127.245,52.5924,0.214
lxt,419,1,10,101.925,127.385,30.0718,0.2196
lxt,419,1,11,102.13,127.455,7.7648,0.222
lxt,419,1,12,102.345,127.44,164.0552,0.2184
lxt,419,1,13,102.535,127.345,142.5933,0.214
lxt,419,1,14,102.675,127.185,120.0684,0.2195
lxt,419,1,15,102.74,126.98,95.1935,0.2209
lxt,420,0,0,92.305,83.545,177.271,0.2102
lxt,420,0,1,92.5,83.52,167.4779,0.1844
lxt,420,0,2,92.675,83.46,154.7939,0.1879
lxt,420,0,3,92.83,83.37,144.4606,0.172
lxt,420,0,4,92.955,83.25,128.1605,0.178
lxt,420,0,5,93.05,83.1,116.5651,0.1789
lxt,420,0,6,93.11,82.925,101.8888,0.1942
lxt,420,0,7,93.135,82.73,92.8628,0.2003
lxt,420,0,8,93.13,82.535,83.9888,0.191
lxt,420,0,9,93.095,82.36,72.6478,0.1676
lxt,420,0,10,93.025,82.205,59.0392,0.175
lxt,420,0,11,92.925,82.065,49.7579,0.1703
lxt,420,0,12,92.805,81.945,40.2332,0.1703
lxt,420,0,13,92.665,81.855,25.019,0.1655
lxt,420,0,14,92.5,81.795,15.5385,0.1868
lxt,420,0,15,92.32,81.765,3.1636,0.1803
lxt,420,0,16,92.15,81.77,172.8894,0.1612
lxt,420,0,17,91.99,81.8,165.9509,0.1649
lxt,420,0,18,91.84,81.855,153.4325,0.1565
lxt,420,0,19,91.705,81.935,145.3145,0.1581
lxt,420,0,20,91.59,82.035,132.2713,0.1487
lxt,420,0,21,91.495,82.15,126.8699,0.15
lxt,420,0,22,91.42,82.285,111.8014,0.1615
lxt,420,0,23,91.375,82.44,100.619,0.1628
lxt,420,0,24,91.08,82.53,177.9557,0.5604
lxt,420,0,25,90.82,82.405,98.4275,0.2729
lxt,420,0,26,90.88,82.15,108.436,0.253
lxt,420,0,27,90.985,81.92,120.5786,0.2555
lxt,420,0,28,91.135,81.715,131.8195,0.255
lxt,420,0,29,91.32,81.545,143.1263,0.25
lxt,420,0,30,91.535,81.415,154.4426,0.2549
lxt,420,0,31,91.775,81.32,162.2518,0.2625
lxt,420,0,32,92.035,81.265,173.6666,0.2717
lxt,420,0,33,92.32,81.255,1.911,0.3002
lxt,420,0,34,92.605,81.29,12.5281,0.2766
lxt,420,0,35,92.865,81.375,23.7467,0.2731
lxt,420,0,36,93.1,81.505,34.2911,0.2663
lxt,420,0,37,93.3,81.68,48.0058,0.269
lxt,420,0,38,93.455,81.895,60.5258,0.2642
lxt,420,0,39,93.565,82.145,71.5655,0.2846
lxt,420,0,40,93.63,82.43,82.4063,0.3026
lxt,420,0,41,93.65,82.67,90.0,0.18
lxt,420,0,42,93.64,82.85,96.3383,0.1811
lxt,420,0,43,93.61,83.025,103.2421,0.1746
lxt,420,0,44,93.56,83.185,111.8014,0.1615
lxt,420,0,45,93.49,83.335,118.074,0.17
lxt,420,0,46,93.4,83.475,127.5671,0.164
lxt,420,0,47,93.29,83.6,135.0018,0.1697
lxt,420,0,48,93.155,83.71,146.3086,0.1803
lxt,420,0,49,93.2,83.855,38.3672,0.3061
lxt,420,0,50,93.405,84.07,54.6914,0.2941
lxt,420,0,51,93.525,84.26,63.4325,0.1565
lxt,420,0,52,93.585,84.405,71.5633,0.1581
lxt,420,0,53,93.625,84.555,78.6901,0.153
lxt,420,0,54,93.645,84.715,86.6356,0.1703
lxt,420,0,55,93.645,84.935,92.12,0.2702
lxt,420,0,56,93.605,85.195,105.6422,0.2596
lxt,420,0,57,93.515,85.43,116.5651,0.246
lxt,420,0,58,93.385,85.635,128.2901,0.2421
lxt,420,0,59,93.22,85.805,140.1956,0.2343
lxt,420,0,60,93.02,85.935,153.4318,0.246
lxt,420,0,61,92.79,86.03,161.5678,0.253
lxt,420,0,62,92.535,86.085,173.6602,0.2717
lxt,420,0,63,92.265,86.095,2.1167,0.2702
lxt,420,0,64,92.005,86.065,11.314,0.255
lxt,420,0,65,91.77,85.995,22.2481,0.2377
lxt,420,0,66,91.565,85.89,32.2743,0.2247
lxt,420,0,67,91.39,85.75,45.0014,0.2263
lxt,420,0,68,91.245,85.57,56.9743,0.2385
lxt,420,0,69,91.125,85.355,64.441,0.255
lxt,420,0,70,91.04,85.11,77.0048,0.2668
lxt,420,0,71,91.295,84.965,176.9873,0.5708
lxt,420,0,72,91.595,85.025,78.6873,0.153
lxt,420,0,73,91.64,85.16,63.4408,0.1342
lxt,420,0,74,91.71,85.275,53.9684,0.136
lxt,420,0,75,91.795,85.38,48.0157,0.1345
lxt,420,0,76,91.895,85.465,32.4738,0.1304
lxt,420,0,77,92.015,85.525,21.0332,0.1393
lxt,420,0,78,92.145,85.565,12.9936,0.1334
lxt,420,0,79,92.29,85.585,3.5799,0.1603
lxt,420,0,80,92.45,85.58,172.8683,0.1613
lxt,420,0,81,92.605,85.545,161.5694,0.1581
lxt,420,0,82,92.75,85.48,150.2592,0.1612
lxt,420,0,83,92.875,85.395,140.7024,0.1421
lxt,420,0,84,92.975,85.29,126.8699,0.15
lxt,420,0,85,93.055,85.16,116.5675,0.1565
lxt,420,0,86,93.11,85.015,104.9323,0.1552
lxt,420,0,87,93.135,84.855,93.3669,0.1703
lxt,420,0,88,93.125,84.675,81.0278,0.1924
lxt,420,0,89,93.08,84.5,69.4428,0.1709
lxt,420,0,90,93.005,84.355,55.3069,0.1581
lxt,420,0,91,92.905,84.245,39.2881,0.1421
lxt,420,0,92,92.78,84.165,26.5675,0.1565
lxt,420,0,93,92.635,84.105,18.4306,0.1581
lxt,420,0,94,92.475,84.07,6.7063,0.1712
lxt,420,0,95,92.295,84.06,0.0,0.19
lxt,420,0,96,92.2,83.805,90.0,0.51
lxt,421,0,0,95.64,84.91,51.7454,2.6488
lxt,421,0,1,94.725,83.73,55.8398,0.3384
lxt,421,0,2,94.55,83.45,60.2583,0.3225
lxt,421,0,3,94.44,83.23,69.4392,0.1709
lxt,421,0,4,94.385,83.07,72.6478,0.1676
lxt,421,0,5,94.34,82.91,75.9638,0.1649
lxt,421,0,6,94.315,82.745,86.6331,0.1703
lxt,421,0,7,94.32,82.505,93.6922,0.3106
lxt,421,0,8,94.37,82.21,105.9444,0.2912
lxt,421,0,9,94.475,81.945,117.4753,0.2818
lxt,421,0,10,94.63,81.705,128.0495,0.292
lxt,421,0,11,94.825,81.495,137.8619,0.2832
lxt,421,0,12,95.055,81.325,149.0321,0.2916
lxt,421,0,13,95.315,81.205,161.5714,0.2846
lxt,421,0,14,95.6,81.14,172.3981,0.3027
lxt,421,0,15,95.9,81.13,3.8178,0.3007
lxt,421,0,16,96.195,81.175,13.5718,0.2983
lxt,421,0,17,96.465,81.275,27.4753,0.2818
lxt,421,0,18,96.705,81.43,38.0455,0.2921
lxt,421,0,19,96.91,81.63,50.7068,0.2842
lxt,421,0,20,97.075,81.865,59.036,0.2915
lxt,421,0,21,97.195,82.135,72.7597,0.3037
lxt,421,0,22,97.26,82.435,82.6481,0.3126
lxt,421,0,23,97.275,82.73,92.0459,0.2802
lxt,421,0,24,97.24,83.0,102.9951,0.2668
lxt,421,0,25,97.155,83.26,112.9314,0.2823
lxt,421,0,26,97.03,83.5,122.4709,0.2608
lxt,421,0,27,96.87,83.705,133.4515,0.2617
lxt,421,0,28,96.67,83.875,145.7144,0.2663
lxt,421,0,29,96.44,84.0,157.3787,0.26
lxt,421,0,30,96.185,84.07,171.5714,0.273
lxt,421,0,31,95.93,84.08,4.7683,0.2408
lxt,421,0,32,95.7,84.035,17.6518,0.2309
lxt,421,0,33,95.585,84.005,134.9563,0.0141
lxt,421,0,34,96.225,84.845,52.3157,2.1102
lxt,421,0,35,96.665,85.815,146.6349,0.4909
lxt,421,1,0,95.665,81.645,171.0189,0.1924
lxt,421,1,1,95.48,81.69,161.5658,0.1897
lxt,421,1,2,95.305,81.77,149.5403,0.1972
lxt,421,1,3,95.15,81.88,139.3997,0.1844
lxt,421,1,4,95.025,82.015,126.2495,0.186
lxt,421,1,5,94.925,82.18,116.567,0.2012
lxt,421,1,6,94.855,82.36,105.5234,0.1868
lxt,421,1,7,94.825,82.55,92.8628,0.2003
lxt,421,1,8,94.83,82.745,83.9921,0.1911
lxt,421,1,9,94.875,82.925,67.6179,0.1838
lxt,421,1,10,94.96,83.09,57.9936,0.1887
lxt,421,1,11,95.075,83.24,47.1185,0.191
lxt,421,1,12,95.215,83.37,38.6655,0.1921
lxt,421,1,13,95.375,83.475,27.8966,0.1924
lxt,421,1,14,95.55,83.545,15.5205,0.1868
lxt,421,1,15,95.735,83.58,6.0148,0.1911
lxt,421,1,16,95.92,83.575,170.5286,0.1825
lxt,421,1,17,96.1,83.53,161.5658,0.1897
lxt,421,1,18,96.27,83.45,148.0003,0.1887
lxt,421,1,19,96.42,83.34,139.3925,0.1844
lxt,421,1,20,96.55,83.205,128.6616,0.1921
lxt,421,1,21,96.655,83.04,116.5651,0.2012
lxt,421,1,22,96.73,82.855,107.5268,0.1993
lxt,421,1,23,96.765,82.655,92.7249,0.2102
lxt,421,1,24,96.755,82.455,81.0278,0.1924
lxt,421,1,25,96.71,82.27,71.5651,0.1897
lxt,421,1,26,96.63,82.1,57.9956,0.1887
lxt,421,1,27,96.515,81.95,47.123,0.1911
lxt,421,1,28,96.375,81.825,36.2499,0.186
lxt,421,1,29,96.215,81.73,25.2061,0.1879
lxt,421,1,30,96.04,81.665,15.5205,0.1868
lxt,421,1,31,95.855,81.635,3.0158,0.1903
lxt,422,0,0,105.405,86.605,53.6065,2.6461
lxt,422,0,1,106.275,87.815,59.6219,0.3362
lxt,422,0,2,106.435,88.11,63.4338,0.3354
lxt,422,0,3,106.54,88.335,68.1986,0.1615
lxt,422,0,4,106.59,88.49,75.9638,0.1649
lxt,422,0,5,106.625,88.655,79.9932,0.1726
lxt,422,0,6,106.645,88.825,86.6325,0.1703
lxt,422,0,7,106.635,89.06,95.71,0.3015
lxt,422,0,8,106.575,89.35,107.8183,0.2941
lxt,422,0,9,106.46,89.615,119.2501,0.2865
lxt,422,0,10,106.295,89.85,130.8142,0.2907
lxt,422,0,11,106.09,90.05,140.7119,0.2842
lxt,422,0,12,105.85,90.21,151.7022,0.2953
lxt,422,0,13,105.585,90.32,163.4921,0.2816
lxt,422,0,14,105.305,90.375,174.0941,0.2915
lxt,422,0,15,105.005,90.375,5.5274,0.3114
lxt,422,0,16,104.71,90.32,15.9483,0.2912
lxt,422,0,17,104.445,90.21,29.2461,0.2865
lxt,422,0,18,104.21,90.045,40.8163,0.2907
lxt,422,0,19,104.01,89.84,50.7107,0.2843
lxt,422,0,20,103.855,89.6,63.4349,0.2907
lxt,422,0,21,103.745,89.325,72.758,0.3036
lxt,422,0,22,103.685,89.025,84.4732,0.3115
lxt,422,0,23,103.685,88.73,96.1153,0.2816
lxt,422,0,24,103.735,88.46,105.0696,0.2692
lxt,422,0,25,103.825,88.205,113.7496,0.2731
lxt,422,0,26,103.955,87.97,124.287,0.2663
lxt,422,0,27,104.125,87.77,136.5485,0.2617
lxt,422,0,28,104.335,87.61,148.669,0.2693
lxt,422,0,29,104.575,87.495,160.2019,0.2657
lxt,422,0,30,104.835,87.43,171.5712,0.2729
lxt,422,0,31,105.085,87.42,4.9745,0.2309
lxt,422,0,32,105.31,87.465,17.6445,0.2309
lxt,422,0,33,105.425,87.495,135.0438,0.0141
lxt,422,0,34,104.815,86.68,52.7926,2.0341
lxt,422,0,35,104.41,85.705,141.8438,0.5341
lxt,422,1,0,105.07,87.935,176.8268,0.1803
lxt,422,1,1,104.895,87.97,160.5605,0.1803
lxt,422,1,2,104.725,88.045,152.1045,0.1924
lxt,422,1,3,104.565,88.15,141.3331,0.1921
lxt,422,1,4,104.43,88.28,130.6052,0.1844
lxt,422,1,5,104.32,88.435,120.4632,0.1972
lxt,422,1,6,104.235,88.61,111.2512,0.1931
lxt,422,1,7,104.19,88.8,95.7123,0.201
lxt,422,1,8,104.19,89.0,84.2885,0.201
lxt,422,1,9,104.23,89.19,71.5651,0.1897
lxt,422,1,10,104.31,89.365,59.5368,0.1972
lxt,422,1,11,104.42,89.52,49.3948,0.1844
lxt,422,1,12,104.555,89.65,38.6655,0.1921
lxt,422,1,13,104.72,89.76,29.0486,0.2059
lxt,422,1,14,104.905,89.835,14.7491,0.1965
lxt,422,1,15,105.1,89.87,5.7073,0.201
lxt,422,1,16,105.29,89.87,173.6633,0.1811
lxt,422,1,17,105.47,89.83,161.5658,0.1897
lxt,422,1,18,105.64,89.75,147.9924,0.1887
lxt,422,1,19,105.79,89.64,139.3997,0.1844
lxt,422,1,20,105.915,89.505,126.2551,0.186
lxt,422,1,21,106.015,89.35,119.3583,0.1836
lxt,422,1,22,106.09,89.18,108.432,0.1898
lxt,422,1,23,106.13,88.995,96.0079,0.1911
lxt,422,1,24,106.13,88.81,83.6606,0.1811
lxt,422,1,25,106.095,88.63,74.4744,0.1868
lxt,422,1,26,106.03,88.455,64.8022,0.1879
lxt,422,1,27,105.93,88.295,51.3384,0.1921
lxt,422,1,28,105.8,88.16,40.6003,0.1844
lxt,422,1,29,105.645,88.055,27.8966,0.1924
lxt,422,1,30,105.465,87.98,17.5247,0.1993
lxt,422,1,31,105.265,87.94,5.4374,0.2109
lxt,423,0,0,107.225,86.75,95.7106,0.3015
lxt,423,0,1,107.28,86.47,107.1025,0.272
lxt,423,0,2,107.385,86.22,118.4434,0.2729
lxt,423,0,3,107.535,86.005,131.8208,0.255
lxt,423,0,4,107.725,85.83,142.6953,0.264
lxt,423,0,5,107.95,85.695,155.3731,0.264
lxt,423,0,6,108.2,85.605,164.9364,0.2693
lxt,423,0,7,108.475,85.555,174.0941,0.2915
lxt,423,0,8,108.76,85.555,6.1153,0.2816
lxt,423,0,9,109.035,85.605,14.53,0.2789
lxt,423,0,10,109.29,85.695,24.6269,0.264
lxt,423,0,11,109.515,85.83,37.3037,0.264
lxt,423,0,12,109.705,86.005,48.1805,0.255
lxt,423,0,13,109.85,86.22,63.4349,0.2683
lxt,423,0,14,109.955,86.47,70.9064,0.2751
lxt,423,0,15,110.01,86.75,86.1864,0.3007
lxt,423,0,16,110.015,86.99,93.1782,0.1803
lxt,423,0,17,109.995,87.17,99.4647,0.1825
lxt,423,0,18,109.955,87.34,107.3522,0.1676
lxt,423,0,19,109.89,87.495,118.0692,0.17
lxt,423,0,20,109.8,87.64,125.5403,0.172
lxt,423,0,21,109.695,87.77,132.5118,0.1628
lxt,423,0,22,109.57,87.88,144.4606,0.172
lxt,423,0,23,109.42,87.965,156.3689,0.1746
lxt,423,0,24,109.465,88.1,38.6572,0.3201
lxt,423,0,25,109.685,88.325,52.7648,0.314
lxt,423,0,26,109.815,88.52,63.4374,0.1565
lxt,423,0,27,109.875,88.665,71.5633,0.1581
lxt,423,0,28,109.915,88.82,79.381,0.1628
lxt,423,0,29,109.935,88.985,86.6331,0.1703
lxt,423,0,30,109.925,89.21,96.1168,0.2816
lxt,423,0,31,109.875,89.475,105.6422,0.2596
lxt,423,0,32,109.78,89.715,117.5539,0.2594
lxt,423,0,33,109.64,89.925,130.1012,0.2484
lxt,423,0,34,109.465,90.1,139.8977,0.2484
lxt,423,0,35,109.26,90.24,151.3907,0.2506
lxt,423,0,36,109.02,90.335,164.9301,0.2693
lxt,423,0,37,108.755,90.38,175.7659,0.2707
lxt,423,0,38,108.48,90.38,4.0833,0.2807
lxt,423,0,39,108.215,90.335,15.6438,0.2596
lxt,423,0,40,107.98,90.24,28.6102,0.2506
lxt,423,0,41,107.77,90.1,38.6598,0.2561
lxt,423,0,42,107.595,89.925,51.7099,0.2421
lxt,423,0,43,107.46,89.715,62.4461,0.2594
lxt,423,0,44,107.36,89.475,72.2549,0.2625
lxt,423,0,45,107.31,89.21,85.9135,0.2807
lxt,423,0,46,107.305,88.985,93.3669,0.1703
lxt,423,0,47,107.325,88.82,100.619,0.1628
lxt,423,0,48,107.365,88.665,108.4367,0.1581
lxt,423,0,49,107.42,88.52,113.1956,0.1523
lxt,423,0,50,107.545,88.325,127.2352,0.314
lxt,423,0,51,107.76,88.1,140.1968,0.3124
lxt,423,0,52,107.805,87.965,25.019,0.1655
lxt,423,0,53,107.66,87.88,35.5394,0.172
lxt,423,0,54,107.535,87.77,47.4882,0.1628
lxt,423,0,55,107.43,87.64,54.4597,0.172
lxt,423,0,56,107.345,87.495,64.9868,0.1656
lxt,423,0,57,107.285,87.34,72.6478,0.1676
lxt,423,0,58,107.245,87.17,80.5353,0.1825
lxt,423,0,59,107.22,86.99,83.6606,0.1811
lxt,423,1,0,108.7,89.875,176.4201,0.1603
lxt,423,1,1,108.855,89.845,161.5694,0.1581
lxt,423,1,2,108.995,89.78,148.3865,0.1526
lxt,423,1,3,109.12,89.69,140.1934,0.1562
lxt,423,1,4,109.235,89.58,132.5118,0.1628
lxt,423,1,5,109.325,89.455,118.2998,0.1477
lxt,423,1,6,109.385,89.31,107.3522,0.1676
lxt,423,1,7,109.42,89.15,97.1277,0.1612
lxt,423,1,8,109.42,89.0,81.869,0.1414
lxt,423,1,9,109.385,88.855,71.5659,0.1581
lxt,423,1,10,109.32,88.715,58.3929,0.1526
lxt,423,1,11,109.225,88.59,47.4882,0.1628
lxt,423,1,12,109.11,88.475,42.5139,0.1628
lxt,423,1,13,108.98,88.38,29.7408,0.1612
lxt,423,1,14,108.84,88.31,23.1978,0.1523
lxt,423,1,15,108.695,88.275,3.8179,0.1503
lxt,423,1,16,108.545,88.275,176.1823,0.1503
lxt,423,1,17,108.395,88.31,158.1996,0.1616
lxt,423,1,18,108.255,88.38,148.3963,0.1526
lxt,423,1,19,108.13,88.475,137.4861,0.1628
lxt,423,1,20,108.015,88.59,132.5118,0.1628
lxt,423,1,21,107.92,88.715,121.6071,0.1526
lxt,423,1,22,107.855,88.855,108.4341,0.1581
lxt,423,1,23,107.82,89.0,98.131,0.1414
lxt,423,1,24,107.82,89.15,82.8723,0.1612
lxt,423,1,25,107.855,89.31,72.6478,0.1676
lxt,423,1,26,107.915,89.455,61.7002,0.1477
lxt,423,1,27,108.0,89.58,50.1937,0.1562
lxt,423,1,28,108.11,89.69,39.8066,0.1562
lxt,423,1,29,108.24,89.78,29.7503,0.1613
lxt,423,1,30,108.385,89.845,18.4306,0.1581
lxt,423,1,31,108.54,89.875,3.5797,0.1603
lxt,423,2,0,108.705,87.745,176.6302,0.1703
lxt,423,2,1,108.87,87.715,162.6496,0.1676
lxt,423,2,2,109.03,87.65,153.4306,0.1789
lxt,423,2,3,109.175,87.56,142.4291,0.164
lxt,423,2,4,109.295,87.445,130.2421,0.1703
lxt,423,2,5,109.395,87.31,122.7336,0.1664
lxt,423,2,6,109.465,87.16,107.3522,0.1676
lxt,423,2,7,109.5,86.99,96.3418,0.1811
lxt,423,2,8,109.5,86.82,82.8736,0.1612
lxt,423,2,9,109.465,86.66,72.6478,0.1676
lxt,423,2,10,109.395,86.505,59.0341,0.1749
lxt,423,2,11,109.295,86.37,47.4882,0.1628
lxt,423,2,12,109.17,86.255,38.1614,0.1781
lxt,423,2,13,109.025,86.16,28.0683,0.17
lxt,423,2,14,108.87,86.095,17.3504,0.1676
lxt,423,2,15,108.705,86.06,6.7164,0.1712
lxt,423,2,16,108.535,86.06,173.2839,0.1712
lxt,423,2,17,108.37,86.095,162.6496,0.1676
lxt,423,2,18,108.215,86.16,151.9317,0.17
lxt,423,2,19,108.07,86.255,141.8386,0.1781
lxt,423,2,20,107.945,86.37,132.5118,0.1628
lxt,423,2,21,107.845,86.505,120.9659,0.1749
lxt,423,2,22,107.77,86.66,110.5548,0.1709
lxt,423,2,23,107.73,86.82,97.1237,0.1612
lxt,423,2,24,107.73,86.99,83.6606,0.1811
lxt,423,2,25,107.77,87.16,69.4452,0.1709
lxt,423,2,26,107.845,87.31,57.2664,0.1664
lxt,423,2,27,107.945,87.445,49.7579,0.1703
lxt,423,2,28,108.065,87.56,37.5709,0.164
lxt,423,2,29,108.205,87.65,28.0773,0.17
lxt,423,2,30,108.365,87.715,16.3859,0.1772
lxt,423,2,31,108.535,87.745,3.3696,0.1703
lxt,424,0,0,111.925,89.32,53.7347,2.6542
lxt,424,0,1,111.05,88.115,56.3088,0.3245
lxt,424,0,2,110.885,87.83,63.4338,0.3354
lxt,424,0,3,110.78,87.605,68.1986,0.1615
lxt,424,0,4,110.73,87.45,75.9638,0.1649
lxt,424,0,5,110.695,87.285,79.9932,0.1726
lxt,424,0,6,110.675,87.115,86.6325,0.1703
lxt,424,0,7,110.685,86.875,95.5268,0.3115
lxt,424,0,8,110.745,86.585,108.4364,0.2846
lxt,424,0,9,110.865,86.32,119.981,0.3002
lxt,424,0,10,111.03,86.08,129.2893,0.2843
lxt,424,0,11,111.235,85.88,141.9536,0.2921
lxt,424,0,12,111.475,85.725,152.5247,0.2818
lxt,424,0,13,111.74,85.615,162.1817,0.2941
lxt,424,0,14,112.025,85.555,174.0941,0.2915
lxt,424,0,15,112.32,85.555,5.7103,0.3015
lxt,424,0,16,112.61,85.615,17.8183,0.2941
lxt,424,0,17,112.88,85.73,28.3031,0.2953
lxt,424,0,18,113.115,85.89,40.6003,0.2766
lxt,424,0,19,113.31,86.095,51.9542,0.2921
lxt,424,0,20,113.47,86.34,61.6974,0.2953
lxt,424,0,21,113.58,86.615,74.5779,0.3008
lxt,424,0,22,113.635,86.915,84.4726,0.3114
lxt,424,0,23,113.64,87.21,94.0865,0.2807
lxt,424,0,24,113.595,87.48,105.0679,0.2693
lxt,424,0,25,113.5,87.735,115.6401,0.2773
lxt,424,0,26,113.365,87.97,124.287,0.2663
lxt,424,0,27,113.195,88.17,136.5497,0.2617
lxt,424,0,28,112.99,88.33,147.5262,0.2608
lxt,424,0,29,112.755,88.445,160.2019,0.2657
lxt,424,0,30,112.495,88.505,173.66,0.2717
lxt,424,0,31,112.24,88.505,7.1248,0.2419
lxt,424,0,32,112.015,88.45,20.8579,0.2247
lxt,424,0,33,111.9,88.415,153.4087,0.0224
lxt,424,0,34,112.505,89.28,54.4308,2.1145
lxt,424,0,35,112.915,90.265,148.6272,0.4802
lxt,424,1,0,112.065,86.06,173.9941,0.191
lxt,424,1,1,111.88,86.1,161.5658,0.1897
lxt,424,1,2,111.705,86.175,152.1034,0.1924
lxt,424,1,3,111.55,86.28,139.3941,0.1844
lxt,424,1,4,111.415,86.415,130.9149,0.1985
lxt,424,1,5,111.305,86.575,117.8987,0.1923
lxt,424,1,6,111.23,86.75,108.4342,0.1898
lxt,424,1,7,111.19,86.94,95.7102,0.201
lxt,424,1,8,111.19,87.13,83.6606,0.1811
lxt,424,1,9,111.235,87.31,68.7521,0.1932
lxt,424,1,10,111.315,87.485,62.0993,0.1923
lxt,424,1,11,111.42,87.64,49.4028,0.1844
lxt,424,1,12,111.555,87.775,40.9152,0.1985
lxt,424,1,13,111.715,87.885,27.8966,0.1924
lxt,424,1,14,111.89,87.96,18.4342,0.1897
lxt,424,1,15,112.07,88.0,6.3367,0.1811
lxt,424,1,16,112.25,88.0,173.6633,0.1811
lxt,424,1,17,112.43,87.965,164.4705,0.1868
lxt,424,1,18,112.605,87.895,152.1045,0.1924
lxt,424,1,19,112.76,87.79,139.3997,0.1844
lxt,424,1,20,112.895,87.655,130.9149,0.1985
lxt,424,1,21,113.01,87.495,120.4632,0.1972
lxt,424,1,22,113.09,87.315,107.5268,0.1993
lxt,424,1,23,113.13,87.115,95.4396,0.2109
lxt,424,1,24,113.13,86.915,83.9921,0.1911
lxt,424,1,25,113.09,86.73,71.5629,0.1897
lxt,424,1,26,113.015,86.56,60.6438,0.1836
lxt,424,1,27,112.905,86.405,49.0834,0.1985
lxt,424,1,28,112.77,86.275,38.1614,0.1781
lxt,424,1,29,112.615,86.175,27.8966,0.1924
lxt,424,1,30,112.44,86.1,18.4342,0.1897
lxt,424,1,31,112.255,86.06,6.0057,0.1911
lxt,425,0,0,104.01,92.11,0.0,2.5
lxt,425,0,1,105.26,92.365,90.0,0.51
lxt,425,0,2,104.305,92.62,0.0,1.91
lxt,425,0,3,103.35,93.515,90.0,1.79
lxt,425,0,4,104.275,94.41,0.0,1.85
lxt,425,0,5,105.2,94.665,90.0,0.51
lxt,425,0,6,104.275,94.92,0.0,1.85
lxt,425,0,7,103.35,95.56,90.0,1.28
lxt,425,0,8,104.305,96.2,0.0,1.91
lxt,425,0,9,105.26,96.455,90.0,0.51
lxt,425,0,10,104.01,96.71,0.0,2.5
lxt,425,0,11,102.76,94.41,90.0,4.6
lxt,426,0,0,106.25,96.71,0.0,0.6
lxt,426,0,1,105.95,94.41,90.0,4.6
lxt,426,0,2,106.95,92.11,0.0,2.0
lxt,426,0,3,107.95,92.365,90.0,0.51
lxt,426,0,4,107.25,92.62,0.0,1.4
lxt,426,0,5,106.55,94.665,90.0,4.09
lxt,427,0,0,109.56,92.11,0.0,2.5
lxt,427,0,1,110.81,92.365,90.0,0.51
lxt,427,0,2,109.86,92.62,0.0,1.9
lxt,427,0,3,108.91,93.515,90.0,1.79
lxt,427,0,4,109.835,94.41,0.0,1.85
lxt,427,0,5,110.76,94.665,90.0,0.51
lxt,427,0,6,109.835,94.92,0.0,1.85
lxt,427,0,7,108.91,95.56,90.0,1.28
lxt,427,0,8,109.86,96.2,0.0,1.9
lxt,427,0,9,110.81,96.455,90.0,0.51
lxt,427,0,10,109.56,96.71,0.0,2.5
lxt,427,0,11,108.31,94.41,90.0,4.6
lxt,428,0,0,111.305,96.71,0.0,0.63
lxt,428,0,1,111.995,94.295,112.5946,5.2315
lxt,428,0,2,113.995,94.295,67.6078,5.2239
lxt,428,0,3,114.675,96.71,0.0,0.63
lxt,428,0,4,113.68,95.02,68.0818,3.6434
lxt,428,0,5,112.31,95.02,112.2093,3.6509
lxt,429,0,0,119.145,284.405,68.2768,4.0797
lxt,429,0,1,118.63,282.415,158.4046,0.5162
lxt,429,0,2,119.715,284.455,68.4072,4.5923
lxt,429,0,3,120.1,286.775,158.0917,0.9916
lxt,429,0,4,119.395,286.78,36.3058,0.608
lxt,429,0,5,119.525,286.45,158.1994,0.8078
lxt,430,0,0,122.44,283.1,68.459,4.0853
lxt,430,0,1,121.925,281.105,157.9885,0.507
lxt,430,0,2,123.01,283.145,68.2912,4.596
lxt,430,0,3,123.395,285.465,158.3052,1.0009
lxt,430,0,4,122.69,285.47,36.869,0.6
lxt,430,0,5,122.82,285.145,158.5996,0.7948
lxt,431,0,0,126.105,281.015,30.0685,2.415
lxt,431,0,1,127.255,281.695,35.5357,0.2581
lxt,431,0,2,127.45,281.865,46.5485,0.2617
lxt,431,0,3,127.615,282.065,54.4663,0.2581
lxt,431,0,4,127.75,282.29,63.4335,0.2683
lxt,431,0,5,127.85,282.55,74.0542,0.2912
lxt,431,0,6,127.9,282.83,85.915,0.2807
lxt,431,0,7,127.895,283.105,96.3402,0.2717
lxt,431,0,8,127.835,283.365,109.7981,0.2657
lxt,431,0,9,127.725,283.605,119.4756,0.2642
lxt,431,0,10,127.57,283.82,131.9855,0.2691
lxt,431,0,11,127.37,284.005,142.3087,0.278
lxt,431,0,12,127.13,284.155,153.4336,0.2907
lxt,431,0,13,126.855,284.265,162.7593,0.3036
lxt,431,0,14,126.575,284.325,173.6602,0.2717
lxt,431,0,15,126.305,284.33,4.2341,0.2707
lxt,431,0,16,126.045,284.285,15.6438,0.2596
lxt,431,0,17,125.805,284.19,27.5515,0.2594
lxt,431,0,18,125.585,284.045,38.9933,0.2702
lxt,431,0,19,125.385,283.85,49.1858,0.2907
lxt,431,0,20,125.21,283.61,58.3899,0.3053
lxt,431,0,21,125.4,283.375,158.7475,0.5794
lxt,431,0,22,125.715,283.345,59.0414,0.1749
lxt,431,0,23,125.815,283.485,49.7645,0.1703
lxt,431,0,24,125.935,283.605,40.2315,0.1703
lxt,431,0,25,126.075,283.695,25.0201,0.1655
lxt,431,0,26,126.23,283.76,20.5548,0.1709
lxt,431,0,27,126.395,283.8,6.7063,0.1712
lxt,431,0,28,126.565,283.8,173.2937,0.1712
lxt,431,0,29,126.73,283.77,165.9612,0.1649
lxt,431,0,30,126.89,283.705,150.6438,0.1836
lxt,431,0,31,127.04,283.605,141.8464,0.178
lxt,431,0,32,127.165,283.485,130.2355,0.1703
lxt,431,0,33,127.26,283.345,118.0669,0.17
lxt,431,0,34,127.33,283.185,109.4434,0.1803
lxt,431,0,35,127.37,283.015,96.7082,0.1712
lxt,431,0,36,127.375,282.84,86.8194,0.1803
lxt,431,0,37,127.345,282.66,74.4766,0.1868
lxt,431,0,38,127.26,282.47,59.0372,0.2332
lxt,431,0,39,127.115,282.285,44.9974,0.2404
lxt,431,0,40,126.93,282.13,34.9942,0.2441
lxt,431,0,41,126.73,282.0,30.9631,0.2332
lxt,431,0,42,125.23,281.145,29.5903,3.22
lxt,431,0,43,125.195,279.81,158.4157,2.9359
lxt,431,0,44,126.655,279.505,67.9885,0.507
lxt,431,0,45,125.905,280.075,158.3738,1.818
lxt,432,0,0,127.795,279.405,167.0056,0.1334
lxt,432,0,1,127.665,279.405,12.9936,0.1334
lxt,432,0,2,127.545,279.35,36.0226,0.136
lxt,432,0,3,127.455,279.255,57.5327,0.1304
lxt,432,0,4,127.405,279.135,77.0064,0.1334
lxt,432,0,5,127.405,279.005,102.9936,0.1334
lxt,432,0,6,127.46,278.885,126.0316,0.136
lxt,432,0,7,127.555,278.795,147.5262,0.1304
lxt,432,0,8,127.675,278.75,171.2584,0.1315
lxt,432,0,9,127.805,278.75,8.7411,0.1315
lxt,432,0,10,127.925,278.8,36.033,0.136
lxt,432,0,11,128.015,278.895,57.5255,0.1304
lxt,432,0,12,128.06,279.015,81.2523,0.1315
lxt,432,0,13,128.06,279.145,98.7477,0.1315
lxt,432,0,14,128.01,279.265,126.0316,0.136
lxt,432,0,15,127.915,279.355,147.5262,0.1304
lxt,433,0,0,132.22,280.265,68.4322,3.6452
lxt,433,0,1,130.825,280.545,34.4203,5.0066
lxt,433,0,2,129.82,278.71,158.3853,2.2803
lxt,433,0,3,130.755,277.97,68.6636,0.6871
lxt,433,0,4,130.87,277.56,159.4446,0.5126
lxt,433,0,5,131.235,277.785,68.3557,0.6778
lxt,433,0,6,131.605,278.0,157.7955,0.5293
lxt,433,0,7,131.945,278.14,68.4049,0.5162
lxt,433,0,8,131.795,278.475,158.8059,0.5256
lxt,433,1,0,130.46,279.0,158.5228,1.311
lxt,433,1,1,130.805,279.89,34.24,2.3104
lxt,433,1,2,131.765,280.535,134.9563,0.0141
lxt,433,1,3,131.42,279.645,68.4221,1.9034
lxt,434,0,0,134.49,281.04,169.2174,0.4275
lxt,434,0,1,134.09,281.04,11.8866,0.3883
lxt,434,0,2,133.74,280.885,35.7087,0.3941
lxt,434,0,3,133.47,280.59,58.5693,0.4219
lxt,434,0,4,133.315,280.2,77.9061,0.4295
lxt,434,0,5,133.31,279.8,101.8866,0.3883
lxt,434,0,6,133.465,279.45,125.71,0.3941
lxt,434,0,7,133.76,279.18,148.5703,0.4219
lxt,434,0,8,134.15,279.025,167.9057,0.4295
lxt,434,0,9,134.55,279.02,11.887,0.3883
lxt,434,0,10,134.9,279.17,34.5081,0.3883
lxt,434,0,11,135.175,279.46,57.4276,0.4272
lxt,434,0,12,135.33,279.85,79.215,0.4275
lxt,434,0,13,135.33,280.25,101.8888,0.3883
lxt,434,0,14,135.18,280.605,123.6913,0.3966
lxt,434,0,15,134.885,280.885,148.1325,0.4357
lxt,434,1,0,134.02,279.57,146.3122,0.2163
lxt,434,1,1,133.87,279.715,125.2192,0.2081
lxt,434,1,2,133.785,279.905,103.3919,0.2159
lxt,434,1,3,133.78,280.12,79.6931,0.2236
lxt,434,1,4,133.86,280.325,57.7257,0.2247
lxt,434,1,5,134.01,280.48,33.6901,0.2163
lxt,434,1,6,134.205,280.565,13.3889,0.2159
lxt,434,1,7,134.415,280.57,169.2138,0.2138
lxt,434,1,8,134.615,280.49,147.7237,0.2247
lxt,434,1,9,134.77,280.34,123.6934,0.2163
lxt,434,1,10,134.855,280.145,103.3899,0.2159
lxt,434,1,11,134.86,279.93,79.6969,0.2236
lxt,434,1,12,134.78,279.725,57.7257,0.2247
lxt,434,1,13,134.63,279.57,33.6878,0.2163
lxt,434,1,14,134.435,279.49,10.787,0.2138
lxt,434,1,15,134.22,279.49,169.6931,0.2236
lxt,435,0,0,68.715,317.515,155.8808,4.0868
lxt,435,0,1,66.745,318.115,65.9247,0.5148
lxt,435,0,2,68.735,316.94,155.8348,4.5924
lxt,435,0,3,71.035,316.455,65.746,0.9981
lxt,435,0,4,71.075,317.16,123.425,0.5991
lxt,435,0,5,70.745,317.045,65.6746,0.8011
lxt,436,0,0,67.265,314.275,155.8808,4.0868
lxt,436,0,1,65.295,314.88,65.4634,0.5057
lxt,436,0,2,67.29,313.71,155.8858,4.6016
lxt,436,0,3,69.59,313.225,66.2716,0.994
lxt,436,0,4,69.625,313.93,123.425,0.5991
lxt,436,0,5,69.295,313.81,65.9653,0.8102
lxt,437,0,0,185.885,282.37,155.6005,1.0651
lxt,437,0,1,186.505,282.1,159.676,0.2879
lxt,437,0,2,186.78,282.015,165.9682,0.2886
lxt,437,0,3,187.06,281.965,173.8785,0.2816
lxt,437,0,4,187.335,281.965,6.3462,0.2717
lxt,437,0,5,187.6,282.02,17.1004,0.272
lxt,437,0,6,187.85,282.13,30.253,0.2778
lxt,437,0,7,188.02,282.245,41.9983,0.1345
lxt,437,0,8,188.12,282.345,47.7208,0.1487
lxt,437,0,9,188.215,282.465,55.3069,0.1581
lxt,437,0,10,188.3,282.605,61.926,0.17
lxt,437,0,11,188.37,282.775,72.4753,0.1993
lxt,437,0,12,188.42,282.97,78.6926,0.204
lxt,437,0,13,188.44,283.175,90.0,0.21
lxt,437,0,14,188.42,283.375,101.8866,0.1942
lxt,437,0,15,188.37,283.565,107.5247,0.1993
lxt,437,0,16,188.295,283.75,116.5651,0.2012
lxt,437,0,17,188.185,283.915,130.9166,0.1985
lxt,437,0,18,188.045,284.055,139.0834,0.1985
lxt,437,0,19,187.97,284.125,90.0,0.01
lxt,437,0,20,188.1,284.15,8.7416,0.2631
lxt,437,0,21,188.345,284.235,29.4773,0.2642
lxt,437,0,22,188.555,284.395,45.0,0.2687
lxt,437,0,23,188.72,284.6,57.5291,0.2608
lxt,437,0,24,188.825,284.795,67.6193,0.1839
lxt,437,0,25,188.88,284.965,76.7603,0.1746
lxt,437,0,26,188.91,285.125,82.4034,0.1513
lxt,437,0,27,188.925,285.275,86.1886,0.1504
lxt,437,0,28,188.9,285.48,102.9951,0.2668
lxt,437,0,29,188.815,285.73,114.6218,0.264
lxt,437,0,30,188.67,285.955,130.6037,0.2766
lxt,437,0,31,188.47,286.15,140.7099,0.2842
lxt,437,0,32,188.23,286.32,148.3929,0.3053
lxt,437,0,33,187.96,286.47,153.4325,0.3131
lxt,437,0,34,187.555,286.66,155.6384,0.5818
lxt,437,0,35,186.345,284.685,65.7211,4.5965
lxt,437,1,0,187.7,286.035,153.4325,0.1565
lxt,437,1,1,187.855,285.96,154.7939,0.1879
lxt,437,1,2,188.015,285.87,146.318,0.1803
lxt,437,1,3,188.155,285.77,142.4308,0.164
lxt,437,1,4,188.27,285.66,129.8041,0.1562
lxt,437,1,5,188.355,285.53,116.5651,0.1565
lxt,437,1,6,188.4,285.385,97.5908,0.1513
lxt,437,1,7,188.4,285.22,83.663,0.1811
lxt,437,1,8,188.355,285.025,71.5651,0.2214
lxt,437,1,9,188.265,284.82,61.1869,0.2282
lxt,437,1,10,188.15,284.65,49.4028,0.1844
lxt,437,1,11,188.02,284.54,29.7408,0.1612
lxt,437,1,12,187.875,284.48,14.9336,0.1553
lxt,437,1,13,187.72,284.455,3.5801,0.1603
lxt,437,1,14,187.555,284.465,169.9823,0.1726
lxt,437,1,15,187.385,284.51,160.5621,0.1803
lxt,437,1,16,187.21,284.575,158.7551,0.1931
lxt,437,1,17,187.055,284.64,155.2266,0.1432
lxt,437,1,18,187.31,285.37,65.4332,1.5394
lxt,437,2,0,186.975,284.21,155.693,0.3402
lxt,437,2,1,187.215,284.1,154.8023,0.1879
lxt,437,2,2,187.38,284.01,147.9936,0.1887
lxt,437,2,3,187.535,283.9,141.343,0.1921
lxt,437,2,4,187.67,283.77,130.5972,0.1844
lxt,437,2,5,187.78,283.625,123.6887,0.1803
lxt,437,2,6,187.855,283.46,105.5256,0.1868
lxt,437,2,7,187.875,283.275,86.9889,0.1903
lxt,437,2,8,187.84,283.07,74.7456,0.228
lxt,437,2,9,187.75,282.865,57.7225,0.2247
lxt,437,2,10,187.625,282.7,47.1201,0.191
lxt,437,2,11,187.48,282.585,29.3562,0.1836
lxt,437,2,12,187.32,282.52,14.0388,0.1649
lxt,437,2,13,187.15,282.495,3.1831,0.1803
lxt,437,2,14,186.97,282.505,170.5385,0.1825
lxt,437,2,15,186.79,282.545,164.4699,0.1868
lxt,437,2,16,186.615,282.605,157.6263,0.1838
lxt,437,2,17,186.34,282.725,155.8964,0.4163
lxt,437,2,18,186.485,283.545,65.4974,1.6155
lxt,438,0,0,231.625,252.375,65.1128,1.0693
lxt,438,0,1,231.905,252.995,67.8327,0.2915
lxt,438,0,2,231.995,253.265,75.4651,0.2789
lxt,438,0,3,232.04,253.54,85.9166,0.2807
lxt,438,0,4,232.04,253.82,94.0834,0.2807
lxt,438,0,5,231.995,254.085,105.6438,0.2596
lxt,438,0,6,231.89,254.33,120.2573,0.2778
lxt,438,0,7,231.775,254.505,129.2842,0.1421
lxt,438,0,8,231.675,254.61,137.7334,0.1486
lxt,438,0,9,231.555,254.705,145.3069,0.1581
lxt,438,0,10,231.415,254.79,151.9215,0.17
lxt,438,0,11,231.245,254.865,159.7734,0.2025
lxt,438,0,12,231.05,254.915,171.4694,0.2022
lxt,438,0,13,230.85,254.93,0.0,0.2
lxt,438,0,14,230.65,254.915,8.5299,0.2022
lxt,438,0,15,230.455,254.87,17.526,0.1992
lxt,438,0,16,230.275,254.795,27.9025,0.1924
lxt,438,0,17,230.11,254.69,36.8708,0.2
lxt,438,0,18,229.965,254.555,49.0834,0.1985
lxt,438,0,19,229.895,254.48,0.0,0.01
lxt,438,0,20,229.87,254.61,98.7477,0.2631
lxt,438,0,21,229.785,254.855,119.476,0.2642
lxt,438,0,22,229.63,255.065,133.4527,0.2617
lxt,438,0,23,229.425,255.23,148.6682,0.2693
lxt,438,0,24,229.225,255.335,157.6175,0.1838
lxt,438,0,25,229.06,255.395,162.6503,0.1676
lxt,438,0,26,228.905,255.43,172.4099,0.1513
lxt,438,0,27,228.755,255.445,176.1821,0.1503
lxt,438,0,28,228.545,255.425,10.4888,0.2746
lxt,438,0,29,228.295,255.34,27.5523,0.2594
lxt,438,0,30,228.075,255.195,38.9943,0.2702
lxt,438,0,31,227.875,255.0,49.1847,0.2907
lxt,438,0,32,227.7,254.765,57.3802,0.2968
lxt,438,0,33,227.55,254.5,63.4349,0.313
lxt,438,0,34,227.355,254.095,64.7468,0.586
lxt,438,0,35,229.315,252.86,155.0508,4.5992
lxt,438,1,0,227.98,254.23,66.8044,0.1523
lxt,438,1,1,228.055,254.385,62.1013,0.1923
lxt,438,1,2,228.145,254.545,59.0414,0.1749
lxt,438,1,3,228.245,254.685,49.7579,0.1703
lxt,438,1,4,228.36,254.8,39.8049,0.1562
lxt,438,1,5,228.49,254.88,23.1978,0.1523
lxt,438,1,6,228.64,254.92,7.1317,0.1613
lxt,438,1,7,228.81,254.92,173.6534,0.1811
lxt,438,1,8,229.0,254.875,160.7156,0.2119
lxt,438,1,9,229.2,254.78,149.0305,0.2332
lxt,438,1,10,229.365,254.66,137.2928,0.1769
lxt,438,1,11,229.475,254.53,122.7371,0.1664
lxt,438,1,12,229.54,254.385,104.935,0.1552
lxt,438,1,13,229.56,254.23,90.0,0.16
lxt,438,1,14,229.545,254.07,79.381,0.1628
lxt,438,1,15,229.5,253.9,71.5651,0.1897
lxt,438,1,16,229.435,253.725,67.6193,0.1839
lxt,438,1,17,229.37,253.575,65.2266,0.1432
lxt,438,1,18,228.645,253.835,154.9382,1.5345
lxt,438,2,0,229.795,253.485,64.1797,0.3444
lxt,438,2,1,229.91,253.72,63.4349,0.1789
lxt,438,2,2,230.0,253.88,57.9976,0.1887
lxt,438,2,3,230.11,254.035,51.3366,0.1921
lxt,438,2,4,230.24,254.175,42.8801,0.1911
lxt,438,2,5,230.39,254.285,29.3562,0.1836
lxt,438,2,6,230.555,254.355,16.3859,0.1772
lxt,438,2,7,230.74,254.375,177.1435,0.2002
lxt,438,2,8,230.945,254.335,161.5626,0.2214
lxt,438,2,9,231.15,254.245,151.1872,0.2283
lxt,438,2,10,231.315,254.12,132.8799,0.191
lxt,438,2,11,231.425,253.97,119.3603,0.1836
lxt,438,2,12,231.49,253.81,104.0337,0.1649
lxt,438,2,13,231.515,253.64,93.1782,0.1803
lxt,438,2,14,231.505,253.46,80.5377,0.1825
lxt,438,2,15,231.465,253.28,74.4769,0.1868
lxt,438,2,16,231.4,253.105,64.8004,0.1879
lxt,438,2,17,231.275,252.83,65.8964,0.4163
lxt,438,2,18,230.455,252.985,154.8549,1.6239
lxt,439,0,0,231.4,256.725,154.9406,4.0845
lxt,439,0,1,233.36,256.09,64.441,0.5099
lxt,439,0,2,231.385,257.295,154.9382,4.6034
lxt,439,0,3,229.09,257.82,64.9831,0.9932
lxt,439,0,4,229.045,257.115,122.9049,0.6075
lxt,439,0,5,229.38,257.225,65.0267,0.8053
lxt,440,0,0,294.34,234.875,156.3099,1.0702
lxt,440,0,1,294.965,234.605,157.83,0.2915
lxt,440,0,2,295.24,234.52,167.9057,0.2864
lxt,440,0,3,295.52,234.48,175.9166,0.2807
lxt,440,0,4,295.795,234.48,4.2342,0.2707
lxt,440,0,5,296.06,234.53,17.1056,0.272
lxt,440,0,6,296.305,234.64,31.3246,0.2693
lxt,440,0,7,296.475,234.76,42.2792,0.1487
lxt,440,0,8,296.58,234.865,47.7208,0.1487
lxt,440,0,9,296.67,234.985,58.3978,0.1526
lxt,440,0,10,296.75,235.125,61.9215,0.17
lxt,440,0,11,296.825,235.3,70.7092,0.2119
lxt,440,0,12,296.875,235.495,81.0278,0.1924
lxt,440,0,13,296.89,235.695,90.0,0.21
lxt,440,0,14,296.87,235.895,101.891,0.1942
lxt,440,0,15,296.82,236.085,107.5247,0.1993
lxt,440,0,16,296.74,236.265,120.4651,0.1972
lxt,440,0,17,296.63,236.43,126.8681,0.2
lxt,440,0,18,296.49,236.57,143.1319,0.2
lxt,440,0,19,296.415,236.635,44.9125,0.0141
lxt,440,0,20,296.545,236.665,11.314,0.255
lxt,440,0,21,296.785,236.755,29.4789,0.2642
lxt,440,0,22,296.995,236.915,45.0,0.2687
lxt,440,0,23,297.16,237.12,57.5262,0.2608
lxt,440,0,24,297.26,237.32,71.5651,0.1897
lxt,440,0,25,297.315,237.49,72.6503,0.1676
lxt,440,0,26,297.35,237.65,82.8683,0.1613
lxt,440,0,27,297.36,237.8,90.0,0.14
lxt,440,0,28,297.335,238.005,100.4957,0.2746
lxt,440,0,29,297.25,238.255,117.5507,0.2594
lxt,440,0,30,297.1,238.475,130.6013,0.2766
lxt,440,0,31,296.9,238.67,140.7071,0.2843
lxt,440,0,32,296.66,238.84,148.3978,0.3053
lxt,440,0,33,296.39,238.985,155.0943,0.3087
lxt,440,0,34,295.985,239.17,155.6356,0.5818
lxt,440,0,35,294.785,237.19,65.9997,4.5975
lxt,440,1,0,296.13,238.55,156.8044,0.1523
lxt,440,1,1,296.285,238.48,154.8004,0.1879
lxt,440,1,2,296.445,238.39,146.3126,0.1803
lxt,440,1,3,296.59,238.29,144.4576,0.172
lxt,440,1,4,296.71,238.18,129.8084,0.1562
lxt,440,1,5,296.79,238.05,113.2001,0.1523
lxt,440,1,6,296.835,237.905,101.3077,0.153
lxt,440,1,7,296.84,237.74,83.663,0.1811
lxt,440,1,8,296.795,237.545,71.5626,0.2214
lxt,440,1,9,296.705,237.34,61.1872,0.2283
lxt,440,1,10,296.59,237.17,49.3966,0.1844
lxt,440,1,11,296.46,237.06,29.753,0.1612
lxt,440,1,12,296.315,236.995,18.4315,0.1581
lxt,440,1,13,296.16,236.97,0.0,0.16
lxt,440,1,14,296.0,236.985,169.381,0.1628
lxt,440,1,15,295.83,237.025,164.4789,0.1868
lxt,440,1,16,295.65,237.085,158.75,0.1932
lxt,440,1,17,295.495,237.15,155.2266,0.1432
lxt,440,1,18,295.745,237.88,65.772,1.5352
lxt,440,2,0,295.42,236.72,156.3689,0.3493
lxt,440,2,1,295.66,236.61,153.4393,0.1789
lxt,440,2,2,295.82,236.52,147.9887,0.1887
lxt,440,2,3,295.975,236.41,141.3459,0.1921
lxt,440,2,4,296.115,236.285,134.9933,0.1838
lxt,440,2,5,296.23,236.14,122.0064,0.1887
lxt,440,2,6,296.305,235.975,106.394,0.1772
lxt,440,2,7,296.33,235.79,90.0,0.2
lxt,440,2,8,296.295,235.585,71.5626,0.2214
lxt,440,2,9,296.205,235.38,61.1872,0.2283
lxt,440,2,10,296.08,235.21,45.0062,0.198
lxt,440,2,11,295.935,235.095,30.9638,0.1749
lxt,440,2,12,295.775,235.03,13.2325,0.1747
lxt,440,2,13,295.605,235.005,3.3701,0.1703
lxt,440,2,14,295.43,235.015,170.5393,0.1825
lxt,440,2,15,295.25,235.055,164.4789,0.1868
lxt,440,2,16,295.07,235.115,158.7467,0.1931
lxt,440,2,17,294.79,235.23,157.1661,0.4123
lxt,440,2,18,294.93,236.05,65.9658,1.6205
lxt,441,0,0,318.66,198.665,28.2525,2.4294
lxt,441,0,1,319.83,199.315,36.8713,0.25
lxt,441,0,2,320.025,199.48,43.4552,0.2617
lxt,441,0,3,320.2,199.67,51.337,0.2561
lxt,441,0,4,320.34,199.89,63.4379,0.2683
lxt,441,0,5,320.445,200.15,72.1817,0.2941
lxt,441,0,6,320.505,200.43,83.8847,0.2816
lxt,441,0,7,320.51,200.705,94.2342,0.2707
lxt,441,0,8,320.46,200.965,107.7482,0.2625
lxt,441,0,9,320.355,201.205,119.4699,0.2642
lxt,441,0,10,320.205,201.425,128.9943,0.2702
lxt,441,0,11,320.01,201.615,142.3087,0.278
lxt,441,0,12,319.775,201.77,150.7486,0.2865
lxt,441,0,13,319.51,201.89,160.345,0.2973
lxt,441,0,14,319.23,201.96,171.8681,0.2828
lxt,441,0,15,318.96,201.975,2.2047,0.2602
lxt,441,0,16,318.7,201.935,15.0711,0.2692
lxt,441,0,17,318.455,201.845,25.5559,0.255
lxt,441,0,18,318.23,201.705,37.6963,0.278
lxt,441,0,19,318.025,201.515,47.8609,0.2832
lxt,441,0,20,317.845,201.285,55.787,0.3023
lxt,441,0,21,318.025,201.045,156.5399,0.5778
lxt,441,0,22,318.335,201.005,59.0362,0.1749
lxt,441,0,23,318.44,201.145,47.2928,0.1769
lxt,441,0,24,318.57,201.26,35.5424,0.172
lxt,441,0,25,318.715,201.345,25.0156,0.1656
lxt,441,0,26,318.87,201.405,17.3528,0.1676
lxt,441,0,27,319.035,201.435,3.3695,0.1703
lxt,441,0,28,319.2,201.435,176.4203,0.1603
lxt,441,0,29,319.365,201.4,160.5589,0.1803
lxt,441,0,30,319.525,201.33,151.9354,0.17
lxt,441,0,31,319.67,201.23,139.3894,0.1844
lxt,441,0,32,319.79,201.1,125.5424,0.172
lxt,441,0,33,319.88,200.955,118.0695,0.17
lxt,441,0,34,319.95,200.795,109.447,0.1803
lxt,441,0,35,319.985,200.625,93.3598,0.1703
lxt,441,0,36,319.985,200.45,86.8272,0.1803
lxt,441,0,37,319.95,200.275,70.5497,0.1803
lxt,441,0,38,319.86,200.09,59.0388,0.2332
lxt,441,0,39,319.71,199.905,43.3617,0.2476
lxt,441,0,40,319.52,199.755,33.0233,0.2386
lxt,441,0,41,319.315,199.63,29.7449,0.2419
lxt,441,0,42,317.785,198.82,27.7585,3.2206
lxt,441,0,43,317.71,197.485,156.5712,2.9426
lxt,441,0,44,319.16,197.135,66.9475,0.5108
lxt,441,0,45,318.425,197.73,156.6774,1.8186
lxt,442,0,0,321.635,196.855,30.1471,2.6482
lxt,442,0,1,322.915,197.62,36.5316,0.336
lxt,442,0,2,323.18,197.825,38.9254,0.3342
lxt,442,0,3,323.365,197.99,47.4922,0.1628
lxt,442,0,4,323.475,198.115,49.7606,0.1703
lxt,442,0,5,323.575,198.25,57.2686,0.1664
lxt,442,0,6,323.66,198.4,63.4393,0.1789
lxt,442,0,7,323.74,198.625,74.5736,0.3008
lxt,442,0,8,323.795,198.915,84.0943,0.2916
lxt,442,0,9,323.795,199.205,95.9057,0.2916
lxt,442,0,10,323.74,199.485,106.5083,0.2816
lxt,442,0,11,323.635,199.75,116.5651,0.2907
lxt,442,0,12,323.48,199.99,129.2881,0.2842
lxt,442,0,13,323.28,200.195,139.1847,0.2907
lxt,442,0,14,323.04,200.36,151.7,0.2953
lxt,442,0,15,322.765,200.48,160.9738,0.3068
lxt,442,0,16,322.475,200.545,174.0943,0.2916
lxt,442,0,17,322.185,200.545,5.9057,0.2916
lxt,442,0,18,321.905,200.49,16.5024,0.2816
lxt,442,0,19,321.64,200.38,28.3024,0.2953
lxt,442,0,20,321.395,200.22,38.0483,0.292
lxt,442,0,21,321.185,200.01,51.631,0.3061
lxt,442,0,22,321.015,199.755,60.9481,0.3089
lxt,442,0,23,320.9,199.49,72.8925,0.272
lxt,442,0,24,320.84,199.225,81.5719,0.273
lxt,442,0,25,320.82,198.955,90.0,0.27
lxt,442,0,26,320.85,198.685,102.5336,0.2766
lxt,442,0,27,320.93,198.43,112.6157,0.26
lxt,442,0,28,321.055,198.2,124.2911,0.2663
lxt,442,0,29,321.225,198.0,136.5451,0.2617
lxt,442,0,30,321.44,197.84,149.7431,0.2779
lxt,442,0,31,321.67,197.735,162.3555,0.2309
lxt,442,0,32,321.895,197.69,175.025,0.2309
lxt,442,0,33,322.01,197.67,90.0,0.02
lxt,442,0,34,321.125,197.16,29.4654,2.0329
lxt,442,0,35,320.365,196.425,118.0091,0.5324
lxt,442,1,0,321.86,198.205,150.6438,0.1836
lxt,442,1,1,321.71,198.31,139.4028,0.1844
lxt,442,1,2,321.58,198.445,128.6598,0.1921
lxt,442,1,3,321.475,198.605,117.8944,0.1924
lxt,442,1,4,321.405,198.78,105.5211,0.1868
lxt,442,1,5,321.365,198.965,98.9811,0.1924
lxt,442,1,6,321.36,199.16,84.2842,0.201
lxt,442,1,7,321.4,199.355,72.4753,0.1993
lxt,442,1,8,321.475,199.535,62.1013,0.1923
lxt,442,1,9,321.585,199.695,49.0834,0.1985
lxt,442,1,10,321.725,199.825,36.2589,0.186
lxt,442,1,11,321.89,199.925,26.5651,0.2012
lxt,442,1,12,322.07,199.995,15.5186,0.1868
lxt,442,1,13,322.26,200.025,2.8655,0.2002
lxt,442,1,14,322.455,200.02,173.9943,0.1911
lxt,442,1,15,322.65,199.98,163.3024,0.2088
lxt,442,1,16,322.83,199.9,147.9936,0.1887
lxt,442,1,17,322.975,199.79,137.2861,0.1769
lxt,442,1,18,323.095,199.655,126.2589,0.186
lxt,442,1,19,323.19,199.495,115.1957,0.1879
lxt,442,1,20,323.255,199.32,105.5301,0.1868
lxt,442,1,21,323.29,199.135,96.0057,0.1911
lxt,442,1,22,323.29,198.945,83.9943,0.1911
lxt,442,1,23,323.25,198.765,70.5621,0.1803
lxt,442,1,24,323.175,198.595,62.1013,0.1923
lxt,442,1,25,323.07,198.44,49.3956,0.1844
lxt,442,1,26,322.94,198.31,40.6034,0.1844
lxt,442,1,27,322.79,198.205,29.3562,0.1836
lxt,442,1,28,322.62,198.13,18.4349,0.1897
lxt,442,1,29,322.435,198.09,6.0057,0.1911
lxt,442,1,30,322.24,198.09,174.2929,0.201
lxt,442,1,31,322.04,198.13,163.3,0.2088
lxt,443,0,0,325.165,195.855,28.3647,2.4206
lxt,443,0,1,326.335,196.5,33.6939,0.2524
lxt,443,0,2,326.53,196.66,45.0,0.2545
lxt,443,0,3,326.7,196.855,52.6943,0.264
lxt,443,0,4,326.845,197.075,60.5244,0.2642
lxt,443,0,5,326.955,197.335,72.7597,0.3037
lxt,443,0,6,327.015,197.62,83.8847,0.2816
lxt,443,0,7,327.015,197.89,96.5822,0.2617
lxt,443,0,8,326.96,198.15,107.0994,0.272
lxt,443,0,9,326.86,198.395,117.5507,0.2594
lxt,443,0,10,326.71,198.615,130.6061,0.2766
lxt,443,0,11,326.515,198.805,141.0107,0.2702
lxt,443,0,12,326.285,198.96,150.7486,0.2865
lxt,443,0,13,326.015,199.08,160.9738,0.3068
lxt,443,0,14,325.73,199.15,171.8681,0.2828
lxt,443,0,15,325.46,199.165,2.2049,0.2602
lxt,443,0,16,325.205,199.125,15.6438,0.2596
lxt,443,0,17,324.96,199.035,24.6188,0.264
lxt,443,0,18,324.735,198.895,38.9943,0.2702
lxt,443,0,19,324.535,198.705,47.8609,0.2832
lxt,443,0,20,324.355,198.475,55.787,0.3023
lxt,443,0,21,324.53,198.235,156.1384,0.5686
lxt,443,0,22,324.84,198.195,56.3072,0.1803
lxt,443,0,23,324.95,198.335,47.2928,0.1769
lxt,443,0,24,325.075,198.45,37.5692,0.164
lxt,443,0,25,325.215,198.535,25.0201,0.1655
lxt,443,0,26,325.37,198.595,17.3497,0.1676
lxt,443,0,27,325.535,198.625,3.3701,0.1703
lxt,443,0,28,325.705,198.62,173.2842,0.1712
lxt,443,0,29,325.87,198.585,162.6503,0.1676
lxt,443,0,30,326.03,198.515,150.6438,0.1836
lxt,443,0,31,326.175,198.415,139.7606,0.1703
lxt,443,0,32,326.295,198.29,128.1567,0.178
lxt,443,0,33,326.39,198.145,118.0695,0.17
lxt,443,0,34,326.455,197.985,106.394,0.1772
lxt,443,0,35,326.49,197.81,96.337,0.1811
lxt,443,0,36,326.49,197.635,83.2943,0.1712
lxt,443,0,37,326.455,197.46,74.4699,0.1868
lxt,443,0,38,326.365,197.275,55.6253,0.2302
lxt,443,0,39,326.215,197.095,44.9949,0.2404
lxt,443,0,40,326.025,196.945,31.7615,0.247
lxt,443,0,41,325.82,196.82,30.9612,0.2332
lxt,443,0,42,324.29,196.01,27.676,3.2295
lxt,443,0,43,324.215,194.675,156.6482,2.9518
lxt,443,0,44,325.67,194.325,66.9475,0.5108
lxt,443,0,45,324.935,194.92,156.6774,1.8186
lxt,444,0,0,326.8,194.195,167.9069,0.1432
lxt,444,0,1,326.67,194.195,14.0362,0.1237
lxt,444,0,2,326.555,194.145,32.4774,0.1304
lxt,444,0,3,326.46,194.055,53.9632,0.136
lxt,444,0,4,326.405,193.935,77.0064,0.1334
lxt,444,0,5,326.405,193.805,102.9936,0.1334
lxt,444,0,6,326.455,193.685,122.4774,0.1304
lxt,444,0,7,326.545,193.59,143.9707,0.136
lxt,444,0,8,326.665,193.54,171.2569,0.1315
lxt,444,0,9,326.795,193.54,8.7411,0.1315
lxt,444,0,10,326.915,193.585,32.4702,0.1304
lxt,444,0,11,327.005,193.675,57.5226,0.1304
lxt,444,0,12,327.055,193.795,77.0064,0.1334
lxt,444,0,13,327.06,193.925,98.7542,0.1315
lxt,444,0,14,327.015,194.045,122.4702,0.1304
lxt,444,0,15,326.925,194.14,143.9736,0.136
lxt,445,0,0,331.25,194.92,66.6772,3.6372
lxt,445,0,1,329.865,195.24,32.6732,5.0014
lxt,445,0,2,328.81,193.435,156.571,2.2887
lxt,445,0,3,329.725,192.67,66.4694,0.6763
lxt,445,0,4,329.82,192.255,155.4628,0.5057
lxt,445,0,5,330.185,192.465,66.8001,0.6854
lxt,445,0,6,330.565,192.675,156.8018,0.5331
lxt,445,0,7,330.91,192.805,66.9475,0.5108
lxt,445,0,8,330.77,193.145,156.372,0.5239
lxt,445,1,0,329.455,193.71,156.7446,1.317
lxt,445,1,1,329.825,194.585,32.2429,2.3055
lxt,445,1,2,330.805,195.2,0.0,0.01
lxt,445,1,3,330.435,194.325,66.8014,1.9039
lxt,446,0,0,333.545,195.62,166.2924,0.422
lxt,446,0,1,333.15,195.635,10.4384,0.3864
lxt,446,0,2,332.795,195.49,33.6913,0.3966
lxt,446,0,3,332.51,195.2,56.3099,0.4326
lxt,446,0,4,332.345,194.815,77.6158,0.4198
lxt,446,0,5,332.33,194.42,98.9722,0.3847
lxt,446,0,6,332.47,194.065,123.6888,0.3966
lxt,446,0,7,332.755,193.785,146.6921,0.4188
lxt,446,0,8,333.14,193.62,166.6071,0.4318
lxt,446,0,9,333.545,193.6,8.7462,0.3946
lxt,446,0,10,333.9,193.74,34.5081,0.3883
lxt,446,0,11,334.18,194.025,55.5626,0.4244
lxt,446,0,12,334.345,194.41,77.9013,0.4295
lxt,446,0,13,334.36,194.81,98.9766,0.3847
lxt,446,0,14,334.22,195.165,123.6888,0.3966
lxt,446,0,15,333.93,195.45,146.3099,0.4326
lxt,446,1,0,333.03,194.17,146.3099,0.2163
lxt,446,1,1,332.885,194.32,121.4343,0.211
lxt,446,1,2,332.81,194.515,100.7789,0.2138
lxt,446,1,3,332.81,194.725,79.2226,0.2138
lxt,446,1,4,332.895,194.925,55.619,0.2302
lxt,446,1,5,333.05,195.075,31.4229,0.211
lxt,446,1,6,333.245,195.15,10.787,0.2138
lxt,446,1,7,333.455,195.15,169.213,0.2138
lxt,446,1,8,333.65,195.07,146.3099,0.2163
lxt,446,1,9,333.8,194.915,122.2743,0.2247
lxt,446,1,10,333.88,194.715,100.787,0.2138
lxt,446,1,11,333.88,194.5,79.6931,0.2236
lxt,446,1,12,333.795,194.3,54.1666,0.222
lxt,446,1,13,333.64,194.155,31.43,0.211
lxt,446,1,14,333.445,194.08,10.787,0.2138
lxt,446,1,15,333.23,194.085,167.1913,0.2256
lxt,447,0,0,347.19,502.63,90.0,4.08
lxt,447,0,1,347.445,500.59,0.0,0.51
lxt,447,0,2,347.7,502.885,90.0,4.59
lxt,447,0,3,347.205,505.18,0.0,0.99
lxt,447,0,4,346.55,504.925,57.8957,0.6021
lxt,447,0,5,346.79,504.67,0.0,0.8
lxt,448,0,0,350.73,502.63,90.0,4.08
lxt,448,0,1,350.985,500.59,0.0,0.51
lxt,448,0,2,351.245,502.885,89.8754,4.59
lxt,448,0,3,350.75,505.18,0.0,1.0
lxt,448,0,4,350.09,504.925,57.8957,0.6021
lxt,448,0,5,350.33,504.67,0.0,0.8
lxt,449,0,0,353.1,501.71,93.8119,0.3007
lxt,449,0,1,353.15,501.43,107.1065,0.272
lxt,449,0,2,353.255,501.18,118.4433,0.273
lxt,449,0,3,353.405,500.965,131.8181,0.2549
lxt,449,0,4,353.595,500.79,142.6943,0.264
lxt,449,0,5,353.82,500.655,155.3782,0.264
lxt,449,0,6,354.07,500.565,164.9304,0.2692
lxt,449,0,7,354.345,500.515,174.0943,0.2916
lxt,449,0,8,354.63,500.515,6.1153,0.2816
lxt,449,0,9,354.905,500.565,14.5334,0.2789
lxt,449,0,10,355.16,500.655,24.6246,0.264
lxt,449,0,11,355.385,500.79,37.3057,0.264
lxt,449,0,12,355.575,500.965,48.1768,0.255
lxt,449,0,13,355.725,501.18,61.5567,0.273
lxt,449,0,14,355.83,501.43,72.8996,0.272
lxt,449,0,15,355.88,501.71,86.1881,0.3007
lxt,449,0,16,355.885,501.95,93.1732,0.1803
lxt,449,0,17,355.865,502.13,99.4619,0.1825
lxt,449,0,18,355.825,502.3,107.3604,0.1676
lxt,449,0,19,355.76,502.455,118.0683,0.17
lxt,449,0,20,355.67,502.6,125.5394,0.172
lxt,449,0,21,355.565,502.73,132.506,0.1628
lxt,449,0,22,355.44,502.84,144.4656,0.1721
lxt,449,0,23,355.29,502.925,156.3712,0.1746
lxt,449,0,24,355.335,503.06,38.6604,0.3202
lxt,449,0,25,355.555,503.28,51.6319,0.3061
lxt,449,0,26,355.685,503.475,64.981,0.1655
lxt,449,0,27,355.745,503.625,71.5685,0.1581
lxt,449,0,28,355.785,503.78,79.381,0.1628
lxt,449,0,29,355.805,503.945,86.6302,0.1703
lxt,449,0,30,355.795,504.17,96.1153,0.2816
lxt,449,0,31,355.745,504.435,105.6438,0.2596
lxt,449,0,32,355.65,504.675,117.5515,0.2594
lxt,449,0,33,355.51,504.885,130.1012,0.2484
lxt,449,0,34,355.335,505.06,139.9002,0.2484
lxt,449,0,35,355.13,505.195,153.4349,0.246
lxt,449,0,36,354.89,505.29,162.8956,0.272
lxt,449,0,37,354.625,505.34,175.7646,0.2708
lxt,449,0,38,354.355,505.34,4.2359,0.2707
lxt,449,0,39,354.09,505.29,17.1025,0.272
lxt,449,0,40,353.85,505.195,26.5651,0.246
lxt,449,0,41,353.645,505.06,40.0998,0.2484
lxt,449,0,42,353.47,504.885,49.8988,0.2484
lxt,449,0,43,353.33,504.675,62.4485,0.2594
lxt,449,0,44,353.235,504.435,74.3562,0.2596
lxt,449,0,45,353.185,504.17,83.8847,0.2816
lxt,449,0,46,353.175,503.945,93.3698,0.1703
lxt,449,0,47,353.195,503.78,100.619,0.1628
lxt,449,0,48,353.235,503.625,108.4419,0.1581
lxt,449,0,49,353.29,503.48,113.1978,0.1523
lxt,449,0,50,353.415,503.285,127.2352,0.314
lxt,449,0,51,353.63,503.06,140.1926,0.3124
lxt,449,0,52,353.675,502.925,25.0177,0.1655
lxt,449,0,53,353.53,502.84,35.5344,0.1721
lxt,449,0,54,353.405,502.73,47.494,0.1628
lxt,449,0,55,353.305,502.6,57.2657,0.1664
lxt,449,0,56,353.22,502.455,61.9227,0.17
lxt,449,0,57,353.155,502.3,72.6496,0.1676
lxt,449,0,58,353.115,502.13,80.5381,0.1825
lxt,449,0,59,353.095,501.95,86.8171,0.1803
lxt,449,1,0,354.57,504.835,176.423,0.1603
lxt,449,1,1,354.725,504.805,161.5633,0.1581
lxt,449,1,2,354.87,504.74,150.2571,0.1613
lxt,449,1,3,355.0,504.65,140.1937,0.1562
lxt,449,1,4,355.11,504.54,129.8084,0.1562
lxt,449,1,5,355.195,504.415,118.3024,0.1477
lxt,449,1,6,355.255,504.27,107.3504,0.1676
lxt,449,1,7,355.29,504.11,97.121,0.1612
lxt,449,1,8,355.29,503.96,81.8743,0.1414
lxt,449,1,9,355.255,503.815,71.5694,0.1581
lxt,449,1,10,355.19,503.675,58.3865,0.1526
lxt,449,1,11,355.095,503.55,47.494,0.1628
lxt,449,1,12,354.98,503.435,42.5045,0.1628
lxt,449,1,13,354.85,503.34,29.7459,0.1612
lxt,449,1,14,354.71,503.27,23.1982,0.1523
lxt,449,1,15,354.565,503.235,3.8121,0.1503
lxt,449,1,16,354.415,503.235,176.1879,0.1503
lxt,449,1,17,354.27,503.27,156.8018,0.1523
lxt,449,1,18,354.13,503.34,150.2541,0.1612
lxt,449,1,19,354.0,503.435,137.4882,0.1628
lxt,449,1,20,353.885,503.55,132.5139,0.1628
lxt,449,1,21,353.79,503.675,121.6037,0.1526
lxt,449,1,22,353.725,503.815,108.4411,0.1581
lxt,449,1,23,353.69,503.96,98.1257,0.1414
lxt,449,1,24,353.69,504.11,82.879,0.1612
lxt,449,1,25,353.725,504.27,72.6396,0.1676
lxt,449,1,26,353.785,504.415,61.6976,0.1477
lxt,449,1,27,353.87,504.54,50.2002,0.1562
lxt,449,1,28,353.985,504.65,37.5671,0.164
lxt,449,1,29,354.115,504.74,31.6071,0.1526
lxt,449,1,30,354.255,504.805,18.4367,0.1581
lxt,449,1,31,354.41,504.835,3.577,0.1603
lxt,449,2,0,354.575,502.705,176.6331,0.1703
lxt,449,2,1,354.745,502.675,163.6103,0.1772
lxt,449,2,2,354.905,502.61,151.9308,0.17
lxt,449,2,3,355.045,502.52,142.4264,0.164
lxt,449,2,4,355.165,502.405,130.241,0.1703
lxt,449,2,5,355.265,502.27,122.7329,0.1664
lxt,449,2,6,355.335,502.12,107.3504,0.1676
lxt,449,2,7,355.37,501.95,96.3463,0.1811
lxt,449,2,8,355.37,501.78,82.8683,0.1613
lxt,449,2,9,355.335,501.62,72.6496,0.1676
lxt,449,2,10,355.265,501.465,59.0375,0.1749
lxt,449,2,11,355.165,501.33,47.4843,0.1628
lxt,449,2,12,355.04,501.215,38.1605,0.178
lxt,449,2,13,354.895,501.12,28.074,0.17
lxt,449,2,14,354.74,501.055,17.3546,0.1676
lxt,449,2,15,354.575,501.02,6.7082,0.1712
lxt,449,2,16,354.405,501.02,173.2906,0.1712
lxt,449,2,17,354.24,501.055,162.6454,0.1676
lxt,449,2,18,354.085,501.12,151.926,0.17
lxt,449,2,19,353.94,501.215,141.8455,0.1781
lxt,449,2,20,353.815,501.33,132.5078,0.1628
lxt,449,2,21,353.715,501.465,120.971,0.1749
lxt,449,2,22,353.645,501.62,107.3504,0.1676
lxt,449,2,23,353.61,501.78,97.121,0.1612
lxt,449,2,24,353.61,501.95,83.6633,0.1811
lxt,449,2,25,353.645,502.12,72.6496,0.1676
lxt,449,2,26,353.715,502.27,57.2583,0.1665
lxt,449,2,27,353.815,502.405,49.7668,0.1703
lxt,449,2,28,353.935,502.52,37.5671,0.164
lxt,449,2,29,354.075,502.61,28.074,0.17
lxt,449,2,30,354.235,502.675,16.3869,0.1772
lxt,449,2,31,354.405,502.705,3.3675,0.1703
lxt,450,0,0,357.075,501.165,12.9936,0.1334
lxt,450,0,1,356.955,501.115,32.4745,0.1304
lxt,450,0,2,356.865,501.025,57.5262,0.1304
lxt,450,0,3,356.815,500.905,77.0056,0.1334
lxt,450,0,4,356.815,500.775,102.9936,0.1334
lxt,450,0,5,356.865,500.655,122.4738,0.1304
lxt,450,0,6,356.955,500.565,147.5255,0.1304
lxt,450,0,7,357.075,500.515,167.0064,0.1334
lxt,450,0,8,357.205,500.515,12.9936,0.1334
lxt,450,0,9,357.325,500.565,32.4745,0.1304
lxt,450,0,10,357.415,500.655,57.5262,0.1304
lxt,450,0,11,357.465,500.775,77.0064,0.1334
lxt,450,0,12,357.465,500.905,102.9944,0.1334
lxt,450,0,13,357.415,501.025,122.4738,0.1304
lxt,450,0,14,357.325,501.115,147.5255,0.1304
lxt,450,0,15,357.205,501.165,167.0064,0.1334
lxt,451,0,0,360.87,503.6,90.0,3.64
lxt,451,0,1,359.475,503.345,56.0874,5.0007
lxt,451,0,2,359.22,501.27,0.0,2.28
lxt,451,0,3,360.36,500.93,90.0,0.68
lxt,451,0,4,360.615,500.59,0.0,0.51
lxt,451,0,5,360.87,500.93,90.0,0.68
lxt,451,0,6,361.135,501.27,0.0,0.53
lxt,451,0,7,361.4,501.525,90.0,0.51
lxt,451,0,8,361.135,501.78,0.0,0.53
lxt,451,1,0,359.705,501.78,0.0,1.31
lxt,451,1,1,359.7,502.73,55.6193,2.3022
lxt,451,1,2,360.355,503.68,0.0,0.01
lxt,451,1,3,360.36,502.73,90.0,1.9
lxt,452,0,0,364.775,504.925,88.8756,0.5101
lxt,452,0,1,363.87,505.18,0.0,1.82
lxt,452,0,2,362.605,504.0,73.2564,2.4645
lxt,452,0,3,362.305,502.82,0.0,0.11
lxt,452,0,4,362.445,502.905,44.9974,0.2404
lxt,452,0,5,362.635,503.055,31.76,0.247
lxt,452,0,6,362.86,503.16,18.436,0.253
lxt,452,0,7,363.1,503.21,4.7642,0.2409
lxt,452,0,8,363.33,503.21,174.8045,0.2209
lxt,452,0,9,363.545,503.17,164.0546,0.2184
lxt,452,0,10,363.74,503.085,148.5693,0.2109
lxt,452,0,11,363.915,502.965,142.5974,0.214
lxt,452,0,12,364.065,502.82,129.0877,0.2061
lxt,452,0,13,364.185,502.645,120.0718,0.2196
lxt,452,0,14,364.27,502.45,106.6988,0.2088
lxt,452,0,15,364.315,502.245,98.1298,0.2121
lxt,452,0,16,364.315,502.025,82.569,0.232
lxt,452,0,17,364.27,501.805,74.0552,0.2184
lxt,452,0,18,364.19,501.605,62.2403,0.2147
lxt,452,0,19,364.07,501.425,50.5304,0.2202
lxt,452,0,20,363.92,501.27,41.1852,0.2126
lxt,452,0,21,363.745,501.15,27.7579,0.2147
lxt,452,0,22,363.545,501.065,18.4356,0.2214
lxt,452,0,23,363.325,501.02,4.9706,0.2309
lxt,452,0,24,363.13,501.015,176.423,0.1603
lxt,452,0,25,362.975,501.04,165.0677,0.1552
lxt,452,0,26,362.82,501.09,159.4452,0.1709
lxt,452,0,27,362.67,501.165,147.2664,0.1664
lxt,452,0,28,362.53,501.255,147.2629,0.1664
lxt,452,0,29,362.405,501.36,132.5139,0.1628
lxt,452,0,30,362.3,501.485,127.5624,0.164
lxt,452,0,31,362.22,501.62,113.1978,0.1523
lxt,452,0,32,361.975,501.49,42.928,0.5873
lxt,452,0,33,361.815,501.2,121.4332,0.211
lxt,452,0,34,361.94,501.035,133.0215,0.2052
lxt,452,0,35,362.09,500.89,138.8148,0.2126
lxt,452,0,36,362.26,500.765,148.5693,0.2109
lxt,452,0,37,362.445,500.665,154.6531,0.2102
lxt,452,0,38,362.64,500.585,160.7111,0.2119
lxt,452,0,39,362.845,500.53,169.215,0.2138
lxt,452,0,40,363.06,500.505,177.3989,0.2202
lxt,452,0,41,363.255,500.505,3.3644,0.1703
lxt,452,0,42,363.425,500.52,6.7119,0.1712
lxt,452,0,43,363.59,500.55,14.0362,0.1649
lxt,452,0,44,363.75,500.595,17.3522,0.1676
lxt,452,0,45,363.97,500.69,26.5651,0.313
lxt,452,0,46,364.235,500.855,37.2352,0.314
lxt,452,0,47,364.46,501.065,48.9896,0.3048
lxt,452,0,48,364.635,501.32,61.8223,0.3176
lxt,452,0,49,364.735,501.535,71.5694,0.1581
lxt,452,0,50,364.78,501.69,75.9605,0.1649
lxt,452,0,51,364.815,501.855,79.9923,0.1726
lxt,452,0,52,364.835,502.03,86.8171,0.1803
lxt,452,0,53,364.825,502.275,95.5272,0.3115
lxt,452,0,54,364.775,502.58,103.1355,0.3081
lxt,452,0,55,364.68,502.865,113.9613,0.2955
lxt,452,0,56,364.535,503.12,125.3136,0.2941
lxt,452,0,57,364.345,503.345,134.999,0.297
lxt,452,0,58,364.12,503.525,147.9933,0.283
lxt,452,0,59,363.93,503.63,156.8044,0.1523
lxt,452,0,60,363.785,503.68,165.0677,0.1552
lxt,452,0,61,363.635,503.715,168.6901,0.153
lxt,452,0,62,363.475,503.73,0.0,0.17
lxt,452,0,63,363.23,503.725,1.7889,0.3202
lxt,452,0,64,363.215,504.195,73.024,0.9933
lxt,452,0,65,364.065,504.67,0.0,1.41
lxt,453,0,0,341.77,512.685,155.0956,0.3087
lxt,453,0,1,341.485,512.8,160.9738,0.3068
lxt,453,0,2,341.195,512.875,170.2177,0.2943
lxt,453,0,3,340.895,512.91,176.3082,0.3107
lxt,453,0,4,340.615,512.915,2.2911,0.2502
lxt,453,0,5,340.365,512.89,9.0905,0.2532
lxt,453,0,6,340.125,512.84,14.6215,0.2377
lxt,453,0,7,339.895,512.77,19.1786,0.2435
lxt,453,0,8,339.67,512.68,24.4435,0.2417
lxt,453,0,9,339.46,512.57,30.9666,0.2332
lxt,453,0,10,339.265,512.44,36.3839,0.236
lxt,453,0,11,339.08,512.295,39.8022,0.2343
lxt,453,0,12,338.91,512.13,48.3713,0.2408
lxt,453,0,13,338.76,511.95,52.1222,0.228
lxt,453,0,14,338.625,511.755,58.2394,0.247
lxt,453,0,15,338.51,511.545,64.5352,0.2326
lxt,453,0,16,338.42,511.325,70.8242,0.2435
lxt,453,0,17,338.345,511.09,73.738,0.25
lxt,453,0,18,338.295,510.85,82.8752,0.2419
lxt,453,0,19,338.27,510.6,85.6037,0.2608
lxt,453,0,20,338.27,510.345,94.5714,0.2508
lxt,453,0,21,338.295,510.1,97.1248,0.2419
lxt,453,0,22,338.34,509.86,104.0358,0.2474
lxt,453,0,23,338.415,509.63,112.2481,0.2377
lxt,453,0,24,338.51,509.415,115.4648,0.2326
lxt,453,0,25,338.62,509.21,120.9621,0.2332
lxt,453,0,26,338.755,509.02,129.8101,0.2343
lxt,453,0,27,338.905,508.845,131.4228,0.2267
lxt,453,0,28,339.07,508.685,140.193,0.2343
lxt,453,0,29,339.25,508.54,142.124,0.228
lxt,453,0,30,339.44,508.41,149.0388,0.2332
lxt,453,0,31,339.65,508.3,155.5548,0.2417
lxt,453,0,32,339.87,508.21,160.0183,0.2341
lxt,453,0,33,340.095,508.145,167.7335,0.2354
lxt,453,0,34,340.33,508.1,170.5383,0.2433
lxt,453,0,35,340.57,508.075,177.6134,0.2402
lxt,453,0,36,340.845,508.08,3.6922,0.3106
lxt,453,0,37,341.16,508.12,10.619,0.3256
lxt,453,0,38,341.47,508.2,18.4354,0.3162
lxt,453,0,39,341.765,508.315,24.1457,0.3178
lxt,453,0,40,341.91,508.725,90.0,0.69
lxt,453,0,41,341.77,508.965,36.8699,0.35
lxt,453,0,42,341.48,508.78,28.0729,0.34
lxt,453,0,43,341.17,508.655,15.709,0.3324
lxt,453,0,44,340.84,508.595,5.0423,0.3413
lxt,453,0,45,340.575,508.585,176.9866,0.1903
lxt,453,0,46,340.39,508.605,170.5377,0.1825
lxt,453,0,47,340.21,508.645,164.4769,0.1868
lxt,453,0,48,340.04,508.7,159.4452,0.1709
lxt,453,0,49,339.805,508.82,149.8584,0.3585
lxt,453,0,50,339.515,509.03,138.3656,0.3612
lxt,453,0,51,339.27,509.29,128.1575,0.3561
lxt,453,0,52,339.08,509.595,115.8667,0.3667
lxt,453,0,53,338.97,509.845,109.4395,0.1803
lxt,453,0,54,338.92,510.02,102.5314,0.1844
lxt,453,0,55,338.885,510.205,98.9722,0.1924
lxt,453,0,56,338.865,510.395,93.0065,0.1903
lxt,453,0,57,338.865,510.585,86.9934,0.1903
lxt,453,0,58,338.885,510.775,81.0278,0.1924
lxt,453,0,59,338.92,510.96,77.4686,0.1844
lxt,453,0,60,338.97,511.14,71.5658,0.1897
lxt,453,0,61,339.08,511.39,63.4344,0.3578
lxt,453,0,62,339.27,511.695,52.8152,0.364
lxt,453,0,63,339.515,511.96,41.6344,0.3612
lxt,453,0,64,339.805,512.17,30.1416,0.3585
lxt,453,0,65,340.045,512.29,19.4379,0.1803
lxt,453,0,66,340.22,512.345,15.5256,0.1868
lxt,453,0,67,340.405,512.385,8.9722,0.1924
lxt,453,0,68,340.595,512.405,3.0134,0.1903
lxt,453,0,69,340.85,512.395,174.6445,0.3214
lxt,453,0,70,341.17,512.335,164.291,0.3324
lxt,453,0,71,341.485,512.22,155.6954,0.3401
lxt,453,0,72,341.775,512.05,143.4704,0.336
lxt,453,0,73,341.91,512.285,90.0,0.67
lxt,454,0,0,342.87,512.75,0.0,0.6
lxt,454,0,1,342.57,510.45,90.0,4.6
lxt,454,0,2,343.57,508.15,0.0,2.0
lxt,454,0,3,344.57,508.405,90.0,0.51
lxt,454,0,4,343.87,508.66,0.0,1.4
lxt,454,0,5,343.17,510.705,90.0,4.09
lxt,455,0,0,345.23,508.15,0.0,0.6
lxt,455,0,1,345.53,509.885,90.0,3.47
lxt,455,0,2,347.23,509.79,132.8908,4.9956
lxt,455,0,3,348.93,510.355,90.0,4.79
lxt,455,0,4,348.635,512.75,0.0,0.59
lxt,455,0,5,348.34,511.07,90.0,3.36
lxt,455,0,6,346.635,511.18,133.6068,4.9441
lxt,455,0,7,344.93,510.56,90.0,4.82
lxt,456,0,0,352.995,512.685,154.2896,0.2997
lxt,456,0,1,352.715,512.8,160.9738,0.3068
lxt,456,0,2,352.42,512.875,170.5382,0.3041
lxt,456,0,3,352.12,512.91,176.1853,0.3007
lxt,456,0,4,351.84,512.915,2.203,0.2602
lxt,456,0,5,351.59,512.89,9.4629,0.2433
lxt,456,0,6,351.35,512.84,14.0362,0.2474
lxt,456,0,7,351.115,512.77,19.1786,0.2435
lxt,456,0,8,350.895,512.68,25.4639,0.2326
lxt,456,0,9,350.685,512.57,29.7465,0.2419
lxt,456,0,10,350.485,512.44,36.3839,0.236
lxt,456,0,11,350.305,512.295,41.4217,0.2267
lxt,456,0,12,350.14,512.13,48.3659,0.2408
lxt,456,0,13,349.985,511.95,50.1956,0.2343
lxt,456,0,14,349.85,511.755,60.256,0.2419
lxt,456,0,15,349.735,511.545,62.3505,0.2371
lxt,456,0,16,349.64,511.325,70.8242,0.2435
lxt,456,0,17,349.57,511.09,75.9642,0.2474
lxt,456,0,18,349.52,510.845,80.9078,0.2532
lxt,456,0,19,349.495,510.595,87.7072,0.2502
lxt,456,0,20,349.495,510.345,92.2928,0.2502
lxt,456,0,21,349.52,510.095,99.0922,0.2532
lxt,456,0,22,349.57,509.855,104.6206,0.2377
lxt,456,0,23,349.64,509.63,109.9799,0.2341
lxt,456,0,24,349.73,509.415,115.4648,0.2326
lxt,456,0,25,349.845,509.21,123.0243,0.2385
lxt,456,0,26,349.98,509.02,127.8778,0.228
lxt,456,0,27,350.13,508.845,133.2598,0.2334
lxt,456,0,28,350.295,508.68,136.7387,0.2335
lxt,456,0,29,350.475,508.535,145.619,0.2302
lxt,456,0,30,350.67,508.41,149.0388,0.2332
lxt,456,0,31,350.875,508.3,154.5344,0.2326
lxt,456,0,32,351.09,508.21,160.0183,0.2341
lxt,456,0,33,351.315,508.14,165.3767,0.2377
lxt,456,0,34,351.55,508.095,172.8759,0.2419
lxt,456,0,35,351.795,508.075,177.7089,0.2502
lxt,456,0,36,352.075,508.08,3.6922,0.3106
lxt,456,0,37,352.385,508.12,10.9537,0.3158
lxt,456,0,38,352.695,508.2,17.8786,0.3257
lxt,456,0,39,352.99,508.315,24.9057,0.3087
lxt,456,0,40,353.13,508.72,90.0,0.68
lxt,456,0,41,352.995,508.96,36.5306,0.336
lxt,456,0,42,352.705,508.78,27.2992,0.3489
lxt,456,0,43,352.39,508.655,15.709,0.3324
lxt,456,0,44,352.065,508.595,5.194,0.3314
lxt,456,0,45,351.805,508.585,176.9866,0.1903
lxt,456,0,46,351.615,508.605,171.0264,0.1923
lxt,456,0,47,351.435,508.64,166.7602,0.1747
lxt,456,0,48,351.265,508.695,157.6215,0.1839
lxt,456,0,49,351.025,508.82,149.8584,0.3585
lxt,456,0,50,350.735,509.03,138.3656,0.3612
lxt,456,0,51,350.495,509.29,126.8689,0.35
lxt,456,0,52,350.305,509.59,117.9814,0.3624
lxt,456,0,53,350.19,509.84,108.4342,0.1897
lxt,456,0,54,350.14,510.02,102.5314,0.1844
lxt,456,0,55,350.105,510.205,98.9722,0.1924
lxt,456,0,56,350.085,510.395,93.0065,0.1903
lxt,456,0,57,350.085,510.585,86.9934,0.1903
lxt,456,0,58,350.105,510.775,81.0278,0.1924
lxt,456,0,59,350.14,510.96,77.4686,0.1844
lxt,456,0,60,350.19,511.14,71.5658,0.1897
lxt,456,0,61,350.305,511.39,62.0186,0.3624
lxt,456,0,62,350.5,511.695,52.8152,0.364
lxt,456,0,63,350.745,511.955,40.4267,0.3547
lxt,456,0,64,351.035,512.16,30.1416,0.3585
lxt,456,0,65,351.275,512.285,22.3785,0.1839
lxt,456,0,66,351.445,512.345,16.392,0.1772
lxt,456,0,67,351.625,512.385,8.9722,0.1924
lxt,456,0,68,351.815,512.405,3.0134,0.1903
lxt,456,0,69,352.075,512.395,174.8056,0.3313
lxt,456,0,70,352.4,512.335,164.291,0.3324
lxt,456,0,71,352.71,512.215,153.4361,0.3354
lxt,456,0,72,352.995,512.045,144.8654,0.3301
lxt,456,0,73,353.13,512.285,90.0,0.67
lxt,457,0,0,356.045,508.15,0.0,0.95
lxt,457,0,1,356.655,508.155,2.1216,0.2702
lxt,457,0,2,356.92,508.175,6.5814,0.2617
lxt,457,0,3,357.175,508.21,9.0905,0.2532
lxt,457,0,4,357.42,508.26,14.0362,0.2474
lxt,457,0,5,357.655,508.33,19.1786,0.2435
lxt,457,0,6,357.88,508.42,24.4435,0.2417
lxt,457,0,7,358.09,508.53,30.9666,0.2332
lxt,457,0,8,358.285,508.655,34.3794,0.2302
lxt,457,0,9,358.46,508.795,43.152,0.2193
lxt,457,0,10,358.615,508.955,48.5772,0.2267
lxt,457,0,11,358.76,509.14,55.0048,0.2441
lxt,457,0,12,358.885,509.34,61.193,0.2283
lxt,457,0,13,358.98,509.555,70.8169,0.2435
lxt,457,0,14,359.055,509.795,74.3627,0.2596
lxt,457,0,15,359.11,510.055,81.5714,0.273
lxt,457,0,16,359.135,510.33,87.9526,0.2802
lxt,457,0,17,359.135,510.61,92.0474,0.2802
lxt,457,0,18,359.11,510.88,98.7479,0.2631
lxt,457,0,19,359.055,511.135,105.6373,0.2596
lxt,457,0,20,358.975,511.37,112.2549,0.2377
lxt,457,0,21,358.875,511.58,118.8079,0.2282
lxt,457,0,22,358.755,511.775,124.381,0.2302
lxt,457,0,23,358.615,511.955,131.4228,0.2267
lxt,457,0,24,358.455,512.115,138.5783,0.2267
lxt,457,0,25,358.275,512.255,145.6206,0.2302
lxt,457,0,26,358.08,512.375,151.1869,0.2282
lxt,457,0,27,357.875,512.48,154.5361,0.2326
lxt,457,0,28,357.655,512.57,160.8214,0.2435
lxt,457,0,29,357.42,512.64,165.9638,0.2474
lxt,457,0,30,357.18,512.69,170.5383,0.2433
lxt,457,0,31,356.93,512.725,173.4178,0.2617
lxt,457,0,32,356.67,512.745,177.797,0.2602
lxt,457,0,33,356.055,512.75,0.0,0.97
lxt,457,0,34,355.57,510.45,90.0,4.6
lxt,457,1,0,356.26,512.24,0.0,0.2
lxt,457,1,1,356.47,512.235,177.3989,0.2202
lxt,457,1,2,356.685,512.225,177.273,0.2102
lxt,457,1,3,356.895,512.205,171.8699,0.2121
lxt,457,1,4,357.1,512.17,168.6905,0.204
lxt,457,1,5,357.295,512.12,162.4753,0.1993
lxt,457,1,6,357.48,512.06,161.5629,0.1897
lxt,457,1,7,357.655,511.99,154.8022,0.1879
lxt,457,1,8,357.815,511.9,146.3072,0.1803
lxt,457,1,9,357.965,511.795,143.7449,0.186
lxt,457,1,10,358.1,511.675,132.7088,0.1769
lxt,457,1,11,358.215,511.535,126.2575,0.186
lxt,457,1,12,358.32,511.38,121.9997,0.1887
lxt,457,1,13,358.405,511.21,111.2525,0.1931
lxt,457,1,14,358.47,511.015,105.9448,0.2184
lxt,457,1,15,358.515,510.8,97.7648,0.222
lxt,457,1,16,358.54,510.57,94.7683,0.2408
lxt,457,1,17,358.54,510.33,85.2318,0.2408
lxt,457,1,18,358.515,510.1,82.2352,0.222
lxt,457,1,19,358.47,509.885,74.0552,0.2184
lxt,457,1,20,358.405,509.69,68.7475,0.1931
lxt,457,1,21,358.32,509.52,58.0003,0.1887
lxt,457,1,22,358.215,509.365,53.7425,0.186
lxt,457,1,23,358.1,509.225,47.2912,0.1769
lxt,457,1,24,357.965,509.105,36.2551,0.186
lxt,457,1,25,357.815,509.0,33.6907,0.1803
lxt,457,1,26,357.655,508.91,25.1999,0.1879
lxt,457,1,27,357.48,508.835,21.2512,0.1931
lxt,457,1,28,357.295,508.775,14.7442,0.1965
lxt,457,1,29,357.1,508.73,11.3095,0.204
lxt,457,1,30,356.895,508.695,8.1301,0.2121
lxt,457,1,31,356.685,508.675,2.727,0.2102
lxt,457,1,32,356.47,508.665,2.6011,0.2202
lxt,457,1,33,356.26,508.66,0.0,0.2
lxt,457,1,34,356.16,510.45,90.0,3.58
lxt,458,0,0,360.89,508.15,0.0,2.5
lxt,458,0,1,362.14,508.405,90.0,0.51
lxt,458,0,2,361.19,508.66,0.0,1.9
lxt,458,0,3,360.24,509.555,90.0,1.79
lxt,458,0,4,361.165,510.45,0.0,1.85
lxt,458,0,5,362.09,510.705,90.0,0.51
lxt,458,0,6,361.165,510.96,0.0,1.85
lxt,458,0,7,360.24,511.6,90.0,1.28
lxt,458,0,8,361.19,512.24,0.0,1.9
lxt,458,0,9,362.14,512.495,90.0,0.51
lxt,458,0,10,360.89,512.75,0.0,2.5
lxt,458,0,11,359.64,510.45,90.0,4.6
lxt,459,0,0,363.135,512.75,0.0,0.59
lxt,459,0,1,362.84,510.45,90.0,4.6
lxt,459,0,2,363.84,508.15,0.0,2.0
lxt,459,0,3,364.84,508.405,90.0,0.51
lxt,459,0,4,364.135,508.66,0.0,1.41
lxt,459,0,5,363.43,510.705,90.0,4.09
lxt,460,0,0,349.21,517.765,90.0,4.09
lxt,460,0,1,349.465,515.72,0.0,0.51
lxt,460,0,2,349.72,518.02,90.0,4.6
lxt,460,0,3,349.225,520.32,0.0,0.99
lxt,460,0,4,348.57,520.065,57.8957,0.6021
lxt,460,0,5,348.81,519.81,0.0,0.8
lxt,461,0,0,353.385,517.18,51.5244,2.427
lxt,461,0,1,354.205,518.235,58.2394,0.247
lxt,461,0,2,354.32,518.46,67.3849,0.26
lxt,461,0,3,354.4,518.71,77.006,0.2668
lxt,461,0,4,354.44,518.97,85.5971,0.2608
lxt,461,0,5,354.44,519.245,93.949,0.2907
lxt,461,0,6,354.385,519.525,108.4345,0.2846
lxt,461,0,7,354.275,519.78,118.444,0.2729
lxt,461,0,8,354.125,520.0,130.361,0.2625
lxt,461,0,9,353.935,520.18,142.6956,0.264
lxt,461,0,10,353.71,520.32,153.4364,0.2683
lxt,461,0,11,353.455,520.42,163.4946,0.2816
lxt,461,0,12,353.18,520.475,173.8847,0.2816
lxt,461,0,13,352.89,520.475,5.71,0.3015
lxt,461,0,14,352.605,520.425,14.535,0.2789
lxt,461,0,15,352.35,520.33,26.5665,0.2683
lxt,461,0,16,352.125,520.19,37.3057,0.264
lxt,461,0,17,351.935,520.01,49.6328,0.2625
lxt,461,0,18,351.785,519.795,60.5235,0.2642
lxt,461,0,19,351.675,519.545,71.5655,0.2846
lxt,461,0,20,351.6,519.26,78.6906,0.3059
lxt,461,0,21,351.86,519.11,0.0,0.58
lxt,461,0,22,352.165,519.195,79.9928,0.1726
lxt,461,0,23,352.205,519.365,73.6046,0.1772
lxt,461,0,24,352.275,519.52,57.2657,0.1664
lxt,461,0,25,352.375,519.655,49.7668,0.1703
lxt,461,0,26,352.495,519.775,40.2355,0.1703
lxt,461,0,27,352.63,519.87,29.7429,0.1613
lxt,461,0,28,352.78,519.935,17.3546,0.1676
lxt,461,0,29,352.95,519.97,6.3394,0.1811
lxt,461,0,30,353.125,519.97,173.2906,0.1712
lxt,461,0,31,353.295,519.93,160.5598,0.1803
lxt,461,0,32,353.455,519.86,151.926,0.17
lxt,461,0,33,353.6,519.765,141.8475,0.1781
lxt,461,0,34,353.725,519.645,130.2315,0.1703
lxt,461,0,35,353.825,519.5,119.3574,0.1836
lxt,461,0,36,353.895,519.335,106.3947,0.1772
lxt,461,0,37,353.93,519.16,96.3367,0.1811
lxt,461,0,38,353.925,518.955,82.5688,0.2319
lxt,461,0,39,353.86,518.73,65.5548,0.2417
lxt,461,0,40,353.745,518.52,56.9747,0.2385
lxt,461,0,41,353.605,518.325,51.7113,0.2421
lxt,461,0,42,352.52,516.975,51.1737,3.2219
lxt,461,0,43,352.98,515.72,0.0,2.94
lxt,461,0,44,354.45,515.975,90.0,0.51
lxt,461,0,45,353.54,516.23,0.0,1.82
lxt,462,0,0,356.925,517.18,51.5244,2.427
lxt,462,0,1,357.745,518.235,58.2394,0.247
lxt,462,0,2,357.86,518.46,67.3849,0.26
lxt,462,0,3,357.945,518.71,74.9301,0.2693
lxt,462,0,4,357.99,518.97,85.6037,0.2608
lxt,462,0,5,357.985,519.245,95.9059,0.2915
lxt,462,0,6,357.93,519.525,106.5019,0.2816
lxt,462,0,7,357.825,519.78,118.444,0.2729
lxt,462,0,8,357.67,520.0,131.9854,0.2691
lxt,462,0,9,357.475,520.18,142.6956,0.264
lxt,462,0,10,357.25,520.32,153.4364,0.2683
lxt,462,0,11,357.0,520.42,162.8956,0.272
lxt,462,0,12,356.725,520.475,174.0943,0.2916
lxt,462,0,13,356.43,520.475,5.71,0.3015
lxt,462,0,14,356.145,520.425,14.535,0.2789
lxt,462,0,15,355.89,520.33,26.5665,0.2683
lxt,462,0,16,355.67,520.19,38.6587,0.2561
lxt,462,0,17,355.485,520.01,49.6379,0.2625
lxt,462,0,18,355.33,519.795,58.669,0.2693
lxt,462,0,19,355.215,519.545,71.5655,0.2846
lxt,462,0,20,355.145,519.26,80.54,0.3041
lxt,462,0,21,355.405,519.11,0.0,0.57
lxt,462,0,22,355.705,519.195,79.9928,0.1726
lxt,462,0,23,355.75,519.365,70.5605,0.1803
lxt,462,0,24,355.82,519.52,60.2497,0.1613
lxt,462,0,25,355.915,519.655,49.7668,0.1703
lxt,462,0,26,356.035,519.775,40.2355,0.1703
lxt,462,0,27,356.175,519.87,28.074,0.17
lxt,462,0,28,356.33,519.935,17.3546,0.1676
lxt,462,0,29,356.495,519.965,3.3644,0.1703
lxt,462,0,30,356.67,519.965,176.8218,0.1803
lxt,462,0,31,356.84,519.93,159.4428,0.1709
lxt,462,0,32,357.0,519.86,153.4349,0.1789
lxt,462,0,33,357.145,519.765,139.7665,0.1703
lxt,462,0,34,357.27,519.64,130.5987,0.1844
lxt,462,0,35,357.37,519.495,118.0695,0.17
lxt,462,0,36,357.44,519.335,109.4387,0.1803
lxt,462,0,37,357.48,519.16,96.3463,0.1811
lxt,462,0,38,357.47,518.955,80.1319,0.2334
lxt,462,0,39,357.4,518.73,65.5548,0.2417
lxt,462,0,40,357.285,518.52,56.9747,0.2385
lxt,462,0,41,357.15,518.325,53.6191,0.236
lxt,462,0,42,356.065,516.975,51.0353,3.2282
lxt,462,0,43,356.525,515.72,0.0,2.95
lxt,462,0,44,358.0,515.975,90.0,0.51
lxt,462,0,45,357.085,516.23,0.0,1.83
lxt,463,0,0,359.09,516.3,8.1279,0.1414
lxt,463,0,1,358.97,516.25,38.6673,0.128
lxt,463,0,2,358.88,516.155,53.967,0.136
lxt,463,0,3,358.83,516.035,81.2584,0.1315
lxt,463,0,4,358.83,515.905,98.7411,0.1315
lxt,463,0,5,358.88,515.785,126.033,0.136
lxt,463,0,6,358.97,515.695,145.0015,0.122
lxt,463,0,7,359.09,515.645,167.9069,0.1432
lxt,463,0,8,359.225,515.645,12.9936,0.1334
lxt,463,0,9,359.345,515.695,32.4745,0.1304
lxt,463,0,10,359.435,515.785,57.5262,0.1304
lxt,463,0,11,359.485,515.905,77.0064,0.1334
lxt,463,0,12,359.485,516.035,102.9944,0.1334
lxt,463,0,13,359.435,516.155,122.4738,0.1304
lxt,463,0,14,359.345,516.25,143.9684,0.136
lxt,463,0,15,359.225,516.3,171.2556,0.1315
lxt,464,0,0,360.43,516.84,93.8119,0.3007
lxt,464,0,1,360.485,516.56,109.0931,0.2751
lxt,464,0,2,360.59,516.31,116.5694,0.2683
lxt,464,0,3,360.74,516.095,133.4515,0.2617
lxt,464,0,4,360.93,515.92,141.337,0.2561
lxt,464,0,5,361.15,515.785,155.3782,0.264
lxt,464,0,6,361.405,515.695,165.465,0.2789
lxt,464,0,7,361.68,515.645,173.8847,0.2816
lxt,464,0,8,361.965,515.645,5.9057,0.2916
lxt,464,0,9,362.24,515.695,15.0679,0.2693
lxt,464,0,10,362.49,515.785,24.6246,0.264
lxt,464,0,11,362.715,515.92,37.3057,0.264
lxt,464,0,12,362.905,516.095,48.1768,0.255
lxt,464,0,13,363.055,516.31,61.5567,0.273
lxt,464,0,14,363.16,516.56,72.8996,0.272
lxt,464,0,15,363.215,516.84,84.2897,0.3015
lxt,464,0,16,363.225,517.08,93.1829,0.1803
lxt,464,0,17,363.2,517.26,102.5221,0.1844
lxt,464,0,18,363.155,517.43,107.3604,0.1676
lxt,464,0,19,363.09,517.585,118.0683,0.17
lxt,464,0,20,363.005,517.73,122.7343,0.1664
lxt,464,0,21,362.9,517.86,134.9982,0.1697
lxt,464,0,22,362.77,517.97,144.4656,0.1721
lxt,464,0,23,362.62,518.055,156.3712,0.1746
lxt,464,0,24,362.67,518.19,37.5682,0.328
lxt,464,0,25,362.895,518.415,52.7648,0.314
lxt,464,0,26,363.02,518.61,66.8022,0.1523
lxt,464,0,27,363.075,518.755,71.5685,0.1581
lxt,464,0,28,363.115,518.91,79.381,0.1628
lxt,464,0,29,363.135,519.075,86.6302,0.1703
lxt,464,0,30,363.13,519.3,94.0834,0.2807
lxt,464,0,31,363.08,519.565,107.7482,0.2625
lxt,464,0,32,362.98,519.805,117.5515,0.2594
lxt,464,0,33,362.845,520.015,128.2887,0.2421
lxt,464,0,34,362.67,520.19,141.3426,0.2561
lxt,464,0,35,362.46,520.33,151.3891,0.2506
lxt,464,0,36,362.225,520.425,164.3578,0.2596
lxt,464,0,37,361.96,520.47,175.915,0.2807
lxt,464,0,38,361.685,520.47,4.2359,0.2707
lxt,464,0,39,361.425,520.425,15.6422,0.2596
lxt,464,0,40,361.185,520.33,27.5522,0.2594
lxt,464,0,41,360.975,520.19,40.0998,0.2484
lxt,464,0,42,360.8,520.015,49.8988,0.2484
lxt,464,0,43,360.66,519.805,62.4485,0.2594
lxt,464,0,44,360.565,519.565,74.3562,0.2596
lxt,464,0,45,360.515,519.3,83.8847,0.2816
lxt,464,0,46,360.505,519.075,93.3698,0.1703
lxt,464,0,47,360.525,518.91,100.619,0.1628
lxt,464,0,48,360.565,518.755,108.4419,0.1581
lxt,464,0,49,360.625,518.61,116.5576,0.1565
lxt,464,0,50,360.75,518.415,125.7574,0.3081
lxt,464,0,51,360.96,518.19,140.1926,0.3124
lxt,464,0,52,361.005,518.055,25.0177,0.1655
lxt,464,0,53,360.865,517.97,37.5671,0.164
lxt,464,0,54,360.74,517.86,45.0018,0.1697
lxt,464,0,55,360.635,517.73,57.2657,0.1664
lxt,464,0,56,360.55,517.585,61.9227,0.17
lxt,464,0,57,360.485,517.43,72.6496,0.1676
lxt,464,0,58,360.445,517.26,80.5381,0.1825
lxt,464,0,59,360.425,517.08,86.8171,0.1803
lxt,464,1,0,361.9,519.965,176.423,0.1603
lxt,464,1,1,362.055,519.935,161.5633,0.1581
lxt,464,1,2,362.2,519.87,150.2571,0.1613
lxt,464,1,3,362.33,519.78,140.1937,0.1562
lxt,464,1,4,362.44,519.67,129.8084,0.1562
lxt,464,1,5,362.525,519.545,118.3024,0.1477
lxt,464,1,6,362.585,519.4,107.3504,0.1676
lxt,464,1,7,362.62,519.24,97.121,0.1612
lxt,464,1,8,362.62,519.09,81.8743,0.1414
lxt,464,1,9,362.585,518.945,71.5694,0.1581
lxt,464,1,10,362.52,518.805,58.3865,0.1526
lxt,464,1,11,362.43,518.68,50.1934,0.1562
lxt,464,1,12,362.315,518.565,40.2355,0.1703
lxt,464,1,13,362.185,518.47,31.6107,0.1526
lxt,464,1,14,362.045,518.405,18.4332,0.1581
lxt,464,1,15,361.895,518.37,7.5937,0.1513
lxt,464,1,16,361.745,518.37,172.4063,0.1513
lxt,464,1,17,361.6,518.405,160.347,0.1487
lxt,464,1,18,361.46,518.47,150.2541,0.1612
lxt,464,1,19,361.33,518.565,137.4882,0.1628
lxt,464,1,20,361.215,518.68,132.5139,0.1628
lxt,464,1,21,361.12,518.805,121.6037,0.1526
lxt,464,1,22,361.055,518.945,108.4411,0.1581
lxt,464,1,23,361.02,519.09,98.1257,0.1414
lxt,464,1,24,361.02,519.24,82.879,0.1612
lxt,464,1,25,361.055,519.4,72.6396,0.1676
lxt,464,1,26,361.12,519.545,58.3978,0.1526
lxt,464,1,27,361.21,519.675,52.4291,0.164
lxt,464,1,28,361.32,519.785,36.8699,0.15
lxt,464,1,29,361.445,519.87,31.6071,0.1526
lxt,464,1,30,361.585,519.935,18.4367,0.1581
lxt,464,1,31,361.74,519.965,3.577,0.1603
lxt,464,2,0,361.905,517.84,173.2893,0.1712
lxt,464,2,1,362.075,517.805,163.6103,0.1772
lxt,464,2,2,362.235,517.74,151.9308,0.17
lxt,464,2,3,362.375,517.65,142.4264,0.164
lxt,464,2,4,362.5,517.535,132.7161,0.1769
lxt,464,2,5,362.6,517.4,119.7395,0.1612
lxt,464,2,6,362.67,517.25,110.5557,0.1709
lxt,464,2,7,362.71,517.08,96.3367,0.1811
lxt,464,2,8,362.71,516.91,82.879,0.1612
lxt,464,2,9,362.67,516.75,69.4443,0.1709
lxt,464,2,10,362.595,516.595,59.0375,0.1749
lxt,464,2,11,362.495,516.46,47.4843,0.1628
lxt,464,2,12,362.37,516.345,38.1605,0.178
lxt,464,2,13,362.225,516.25,28.074,0.17
lxt,464,2,14,362.07,516.185,17.3546,0.1676
lxt,464,2,15,361.905,516.15,6.7082,0.1712
lxt,464,2,16,361.735,516.15,173.2906,0.1712
lxt,464,2,17,361.57,516.185,162.6454,0.1676
lxt,464,2,18,361.415,516.25,151.926,0.17
lxt,464,2,19,361.27,516.345,141.8455,0.1781
lxt,464,2,20,361.145,516.46,132.5078,0.1628
lxt,464,2,21,361.045,516.595,120.971,0.1749
lxt,464,2,22,360.975,516.75,107.3504,0.1676
lxt,464,2,23,360.94,516.91,97.121,0.1612
lxt,464,2,24,360.94,517.08,83.6633,0.1811
lxt,464,2,25,360.975,517.25,72.6496,0.1676
lxt,464,2,26,361.045,517.4,57.2583,0.1665
lxt,464,2,27,361.145,517.535,49.7668,0.1703
lxt,464,2,28,361.265,517.65,37.5671,0.164
lxt,464,2,29,361.41,517.74,26.5651,0.1789
lxt,464,2,30,361.57,517.805,17.3522,0.1676
lxt,464,2,31,361.735,517.84,6.7119,0.1712
lxt,465,0,0,323.23,526.43,90.0,2.9
lxt,465,0,1,323.235,524.885,93.0158,0.1903
lxt,465,0,2,323.25,524.7,96.3367,0.1811
lxt,465,0,3,323.28,524.52,102.5314,0.1844
lxt,465,0,4,323.325,524.35,107.3497,0.1676
lxt,465,0,5,323.42,524.115,114.307,0.3402
lxt,465,0,6,323.59,523.83,127.5658,0.328
lxt,465,0,7,323.81,523.595,138.8167,0.3189
lxt,465,0,8,324.075,523.41,151.111,0.3312
lxt,465,0,9,324.3,523.305,162.6478,0.1676
lxt,465,0,10,324.47,523.255,164.4744,0.1868
lxt,465,0,11,324.65,523.22,173.6617,0.1811
lxt,465,0,12,324.835,523.205,176.9866,0.1903
lxt,465,0,13,325.025,523.205,3.0134,0.1903
lxt,465,0,14,325.215,523.22,6.0089,0.191
lxt,465,0,15,325.395,523.255,16.3893,0.1772
lxt,465,0,16,325.56,523.305,17.3522,0.1676
lxt,465,0,17,325.785,523.41,28.8864,0.3312
lxt,465,0,18,326.055,523.595,40.0301,0.3265
lxt,465,0,19,326.275,523.83,53.8417,0.322
lxt,465,0,20,326.445,524.115,64.1797,0.3444
lxt,465,0,21,326.545,524.35,72.6503,0.1676
lxt,465,0,22,326.59,524.52,77.4686,0.1844
lxt,465,0,23,326.62,524.7,83.6633,0.1811
lxt,465,0,24,326.635,524.885,86.9842,0.1903
lxt,465,0,25,326.64,526.43,90.0,2.9
lxt,465,0,26,326.34,527.88,0.0,0.6
lxt,465,0,27,326.04,526.525,90.0,2.71
lxt,465,0,28,326.035,525.03,87.9526,0.2802
lxt,465,0,29,326.01,524.755,81.5777,0.2729
lxt,465,0,30,325.955,524.5,73.738,0.25
lxt,465,0,31,325.87,524.27,65.5548,0.2417
lxt,465,0,32,325.745,524.065,51.7113,0.2421
lxt,465,0,33,325.575,523.9,36.3839,0.236
lxt,465,0,34,325.42,523.805,22.6188,0.13
lxt,465,0,35,325.295,523.76,17.1025,0.136
lxt,465,0,36,325.16,523.73,8.131,0.1414
lxt,465,0,37,325.01,523.715,3.575,0.1603
lxt,465,0,38,324.85,523.715,176.4257,0.1603
lxt,465,0,39,324.7,523.73,171.869,0.1414
lxt,465,0,40,324.565,523.76,162.8975,0.136
lxt,465,0,41,324.445,523.805,155.5551,0.1208
lxt,465,0,42,324.29,523.9,145.0097,0.2441
lxt,465,0,43,324.12,524.065,126.3809,0.236
lxt,465,0,44,323.995,524.27,116.5682,0.246
lxt,465,0,45,323.905,524.505,105.6373,0.2596
lxt,465,0,46,323.855,524.76,96.5883,0.2617
lxt,465,0,47,323.835,525.03,92.0412,0.2802
lxt,465,0,48,323.83,526.525,90.0,2.71
lxt,465,0,49,323.53,527.88,0.0,0.6
lxt,466,0,0,327.715,523.28,0.0,0.59
lxt,466,0,1,328.01,525.015,90.0,3.47
lxt,466,0,2,329.715,524.92,132.9748,5.0024
lxt,466,0,3,331.42,525.485,90.0,4.79
lxt,466,0,4,331.12,527.88,0.0,0.6
lxt,466,0,5,330.82,526.205,90.0,3.35
lxt,466,0,6,329.12,526.315,133.6028,4.93
lxt,466,0,7,327.42,525.69,90.0,4.82
lxt,467,0,0,332.525,527.88,0.0,0.59
lxt,467,0,1,332.23,525.58,90.0,4.6
lxt,467,0,2,332.525,523.28,0.0,0.59
lxt,467,0,3,332.82,525.58,90.0,4.6
lxt,468,0,0,336.9,527.815,155.0956,0.3087
lxt,468,0,1,336.62,527.93,160.345,0.2973
lxt,468,0,2,336.33,528.005,170.5382,0.3041
lxt,468,0,3,336.025,528.04,176.3082,0.3107
lxt,468,0,4,335.745,528.045,2.2911,0.2502
lxt,468,0,5,335.5,528.02,9.4629,0.2433
lxt,468,0,6,335.26,527.97,14.0362,0.2474
lxt,468,0,7,335.025,527.9,19.1786,0.2435
lxt,468,0,8,334.8,527.81,24.4435,0.2417
lxt,468,0,9,334.59,527.7,30.9666,0.2332
lxt,468,0,10,334.395,527.57,36.3839,0.236
lxt,468,0,11,334.21,527.425,39.8022,0.2343
lxt,468,0,12,334.04,527.26,48.3713,0.2408
lxt,468,0,13,333.89,527.08,52.1222,0.228
lxt,468,0,14,333.76,526.885,60.256,0.2419
lxt,468,0,15,333.645,526.675,62.3505,0.2371
lxt,468,0,16,333.55,526.455,70.8242,0.2435
lxt,468,0,17,333.48,526.22,75.9642,0.2474
lxt,468,0,18,333.43,525.98,80.5356,0.2433
lxt,468,0,19,333.4,525.73,85.6037,0.2608
lxt,468,0,20,333.4,525.475,94.5714,0.2508
lxt,468,0,21,333.425,525.23,97.1248,0.2419
lxt,468,0,22,333.475,524.99,106.262,0.25
lxt,468,0,23,333.55,524.76,109.9799,0.2341
lxt,468,0,24,333.64,524.545,115.4648,0.2326
lxt,468,0,25,333.755,524.34,123.0243,0.2385
lxt,468,0,26,333.89,524.15,127.8778,0.228
lxt,468,0,27,334.035,523.975,131.4228,0.2267
lxt,468,0,28,334.2,523.815,140.193,0.2343
lxt,468,0,29,334.385,523.67,143.6161,0.236
lxt,468,0,30,334.58,523.54,149.0388,0.2332
lxt,468,0,31,334.785,523.43,154.5344,0.2326
lxt,468,0,32,335.0,523.34,160.0183,0.2341
lxt,468,0,33,335.225,523.275,167.7335,0.2354
lxt,468,0,34,335.46,523.23,170.5383,0.2433
lxt,468,0,35,335.7,523.205,177.6134,0.2402
lxt,468,0,36,335.975,523.21,3.6922,0.3106
lxt,468,0,37,336.29,523.25,10.619,0.3256
lxt,468,0,38,336.6,523.33,18.4354,0.3162
lxt,468,0,39,336.895,523.445,24.1457,0.3178
lxt,468,0,40,337.04,523.855,90.0,0.69
lxt,468,0,41,336.9,524.095,36.8699,0.35
lxt,468,0,42,336.61,523.91,28.0729,0.34
lxt,468,0,43,336.3,523.785,15.709,0.3324
lxt,468,0,44,335.97,523.725,5.0423,0.3413
lxt,468,0,45,335.705,523.715,176.9866,0.1903
lxt,468,0,46,335.52,523.735,170.5377,0.1825
lxt,468,0,47,335.34,523.775,164.4769,0.1868
lxt,468,0,48,335.17,523.83,159.4452,0.1709
lxt,468,0,49,334.935,523.95,149.8584,0.3585
lxt,468,0,50,334.645,524.16,138.3656,0.3612
lxt,468,0,51,334.4,524.42,128.1575,0.3561
lxt,468,0,52,334.21,524.725,115.8667,0.3667
lxt,468,0,53,334.1,524.975,109.4395,0.1803
lxt,468,0,54,334.05,525.15,102.5314,0.1844
lxt,468,0,55,334.015,525.335,98.9722,0.1924
lxt,468,0,56,333.995,525.525,93.0065,0.1903
lxt,468,0,57,333.995,525.715,86.9934,0.1903
lxt,468,0,58,334.015,525.905,81.0278,0.1924
lxt,468,0,59,334.05,526.09,77.4686,0.1844
lxt,468,0,60,334.1,526.27,71.5658,0.1897
lxt,468,0,61,334.215,526.52,62.0186,0.3624
lxt,468,0,62,334.41,526.825,52.8152,0.364
lxt,468,0,63,334.65,527.09,42.7114,0.3538
lxt,468,0,64,334.94,527.3,29.3572,0.3672
lxt,468,0,65,335.18,527.42,20.5548,0.1709
lxt,468,0,66,335.35,527.475,15.5256,0.1868
lxt,468,0,67,335.535,527.515,8.9722,0.1924
lxt,468,0,68,335.725,527.535,3.0134,0.1903
lxt,468,0,69,335.98,527.525,174.6445,0.3214
lxt,468,0,70,336.305,527.465,164.7436,0.342
lxt,468,0,71,336.62,527.35,154.9845,0.3311
lxt,468,0,72,336.905,527.18,143.4704,0.336
lxt,468,0,73,337.04,527.415,90.0,0.67
lxt,469,0,0,339.665,528.045,2.2911,0.2502
lxt,469,0,1,339.425,528.02,9.8656,0.2335
lxt,469,0,2,339.195,527.97,14.6215,0.2377
lxt,469,0,3,338.965,527.9,19.1786,0.2435
lxt,469,0,4,338.745,527.81,25.4639,0.2326
lxt,469,0,5,338.54,527.7,30.9628,0.2332
lxt,469,0,6,338.35,527.57,37.876,0.228
lxt,469,0,7,338.17,527.425,39.8056,0.2343
lxt,469,0,8,338.0,527.26,48.3659,0.2408
lxt,469,0,9,337.85,527.08,52.1222,0.228
lxt,469,0,10,337.72,526.89,59.0379,0.2332
lxt,469,0,11,337.61,526.685,64.5352,0.2326
lxt,469,0,12,337.515,526.465,68.6298,0.247
lxt,469,0,13,337.44,526.235,75.3799,0.2377
lxt,469,0,14,337.39,525.995,80.9078,0.2532
lxt,469,0,15,337.365,525.745,87.7141,0.2502
lxt,469,0,16,337.365,525.49,92.198,0.2602
lxt,469,0,17,337.39,525.24,99.4644,0.2433
lxt,469,0,18,337.44,525.0,104.0358,0.2474
lxt,469,0,19,337.51,524.765,109.1825,0.2435
lxt,469,0,20,337.605,524.545,117.6429,0.2371
lxt,469,0,21,337.72,524.34,120.9631,0.2332
lxt,469,0,22,337.85,524.145,126.3869,0.236
lxt,469,0,23,338.0,523.965,133.2653,0.2335
lxt,469,0,24,338.165,523.805,138.5732,0.2267
lxt,469,0,25,338.345,523.66,143.6161,0.236
lxt,469,0,26,338.54,523.535,151.1905,0.2283
lxt,469,0,27,338.745,523.43,154.5361,0.2326
lxt,469,0,28,338.96,523.34,160.0166,0.2341
lxt,469,0,29,339.185,523.27,165.3804,0.2377
lxt,469,0,30,339.42,523.225,172.875,0.2419
lxt,469,0,31,339.665,523.205,177.7089,0.2502
lxt,469,0,32,339.91,523.205,2.3866,0.2402
lxt,469,0,33,340.15,523.225,7.1241,0.2419
lxt,469,0,34,340.385,523.27,14.6215,0.2377
lxt,469,0,35,340.615,523.34,19.1786,0.2435
lxt,469,0,36,340.835,523.43,25.4639,0.2326
lxt,469,0,37,341.04,523.535,28.8095,0.2283
lxt,469,0,38,341.23,523.66,37.876,0.228
lxt,469,0,39,341.41,523.805,39.807,0.2343
lxt,469,0,40,341.575,523.965,48.5772,0.2267
lxt,469,0,41,341.725,524.145,51.7057,0.2421
lxt,469,0,42,341.86,524.34,59.0369,0.2332
lxt,469,0,43,341.97,524.545,64.5352,0.2326
lxt,469,0,44,342.06,524.765,70.8242,0.2435
lxt,469,0,45,342.13,524.995,75.3794,0.2377
lxt,469,0,46,342.18,525.235,80.9078,0.2532
lxt,469,0,47,342.205,525.49,87.7953,0.2602
lxt,469,0,48,342.205,525.745,92.2928,0.2502
lxt,469,0,49,342.18,525.995,99.0922,0.2532
lxt,469,0,50,342.13,526.235,104.6201,0.2377
lxt,469,0,51,342.06,526.46,109.9806,0.2341
lxt,469,0,52,341.97,526.68,114.4452,0.2417
lxt,469,0,53,341.855,526.89,123.0243,0.2385
lxt,469,0,54,341.72,527.08,127.8778,0.228
lxt,469,0,55,341.57,527.26,131.6287,0.2408
lxt,469,0,56,341.405,527.425,138.5797,0.2267
lxt,469,0,57,341.225,527.57,143.6161,0.236
lxt,469,0,58,341.03,527.7,149.0334,0.2332
lxt,469,0,59,340.825,527.81,154.5393,0.2326
lxt,469,0,60,340.61,527.9,160.0166,0.2341
lxt,469,0,61,340.385,527.97,165.3785,0.2377
lxt,469,0,62,340.15,528.02,170.5383,0.2433
lxt,469,0,63,339.91,528.045,177.6134,0.2402
lxt,469,1,0,339.695,523.715,176.9889,0.1903
lxt,469,1,1,339.51,523.735,170.5377,0.1825
lxt,469,1,2,339.335,523.77,166.7602,0.1747
lxt,469,1,3,339.165,523.825,157.6179,0.1838
lxt,469,1,4,338.925,523.945,151.2592,0.3536
lxt,469,1,5,338.635,524.145,139.5765,0.3547
lxt,469,1,6,338.385,524.4,129.3984,0.3623
lxt,469,1,7,338.185,524.705,117.257,0.3712
lxt,469,1,8,338.07,524.96,108.4342,0.1897
lxt,469,1,9,338.015,525.14,105.5205,0.1868
lxt,469,1,10,337.98,525.325,96.0148,0.1911
lxt,469,1,11,337.965,525.52,92.8565,0.2002
lxt,469,1,12,337.965,525.72,87.1435,0.2002
lxt,469,1,13,337.98,525.915,83.9852,0.1911
lxt,469,1,14,338.01,526.1,77.4779,0.1844
lxt,469,1,15,338.06,526.275,70.5605,0.1803
lxt,469,1,16,338.17,526.525,64.1333,0.3667
lxt,469,1,17,338.36,526.83,51.8425,0.3561
lxt,469,1,18,338.605,527.09,41.6321,0.3613
lxt,469,1,19,338.895,527.3,30.1406,0.3585
lxt,469,1,20,339.135,527.42,19.4434,0.1803
lxt,469,1,21,339.31,527.475,15.5234,0.1868
lxt,469,1,22,339.495,527.515,8.9744,0.1924
lxt,469,1,23,339.69,527.535,2.8607,0.2003
lxt,469,1,24,339.89,527.535,177.1393,0.2003
lxt,469,1,25,340.085,527.515,171.0256,0.1924
lxt,469,1,26,340.27,527.475,164.4766,0.1868
lxt,469,1,27,340.445,527.42,160.5566,0.1803
lxt,469,1,28,340.685,527.3,149.8594,0.3585
lxt,469,1,29,340.975,527.09,138.3679,0.3613
lxt,469,1,30,341.215,526.83,126.8689,0.35
lxt,469,1,31,341.4,526.525,115.8667,0.3667
lxt,469,1,32,341.51,526.275,109.4395,0.1803
lxt,469,1,33,341.56,526.1,102.5314,0.1844
lxt,469,1,34,341.595,525.915,98.9722,0.1924
lxt,469,1,35,341.615,525.72,92.8565,0.2002
lxt,469,1,36,341.615,525.52,87.1435,0.2002
lxt,469,1,37,341.595,525.325,81.0278,0.1924
lxt,469,1,38,341.555,525.14,74.4705,0.1868
lxt,469,1,39,341.5,524.96,71.5658,0.1897
lxt,469,1,40,341.385,524.705,62.7471,0.3712
lxt,469,1,41,341.185,524.4,50.5979,0.3624
lxt,469,1,42,340.935,524.145,40.4267,0.3547
lxt,469,1,43,340.645,523.945,28.7408,0.3536
lxt,469,1,44,340.405,523.825,22.3785,0.1839
lxt,469,1,45,340.235,523.77,13.2398,0.1747
lxt,469,1,46,340.06,523.735,9.4623,0.1825
lxt,469,1,47,339.88,523.715,3.1782,0.1803
lxt,470,0,0,345.655,524.795,66.4553,3.4797
lxt,470,0,1,346.355,526.39,0.0,0.01
lxt,470,0,2,346.63,524.835,99.8504,3.1565
lxt,470,0,3,347.195,523.28,0.0,0.59
lxt,470,0,4,347.02,525.71,100.9468,4.9501
lxt,470,0,5,345.755,526.32,66.4037,3.9721
lxt,470,0,6,344.17,526.32,113.4638,3.9681
lxt,470,0,7,342.905,525.71,78.9395,4.952
lxt,470,0,8,342.73,523.28,0.0,0.6
lxt,470,0,9,343.3,524.83,80.119,3.1467
lxt,470,0,10,343.575,526.38,0.0,0.01
lxt,470,0,11,344.27,524.79,113.4591,3.4665
lxt,471,0,0,349.01,525.63,66.5658,6.3868
lxt,471,0,1,347.955,522.605,156.1621,0.4701
lxt,471,0,2,349.445,525.455,66.5905,6.4183
lxt,471,0,3,350.5,528.48,160.0166,0.4682
lxt,472,0,0,354.625,527.81,152.5916,0.3041
lxt,472,0,1,354.345,527.925,162.7583,0.3037
lxt,472,0,2,354.05,528.0,168.6901,0.3059
lxt,472,0,3,353.745,528.04,176.3096,0.3107
lxt,472,0,4,353.465,528.045,2.2894,0.2502
lxt,472,0,5,353.22,528.02,9.4629,0.2433
lxt,472,0,6,352.98,527.97,14.038,0.2474
lxt,472,0,7,352.745,527.9,19.1769,0.2435
lxt,472,0,8,352.525,527.81,25.4656,0.2326
lxt,472,0,9,352.315,527.7,29.7449,0.2419
lxt,472,0,10,352.115,527.57,36.3839,0.236
lxt,472,0,11,351.93,527.42,41.6305,0.2409
lxt,472,0,12,351.76,527.255,46.7402,0.2334
lxt,472,0,13,351.61,527.075,53.6131,0.236
lxt,472,0,14,351.48,526.88,59.0369,0.2332
lxt,472,0,15,351.365,526.675,62.3505,0.2371
lxt,472,0,16,351.27,526.455,70.8242,0.2435
lxt,472,0,17,351.2,526.22,75.9642,0.2474
lxt,472,0,18,351.15,525.975,80.9078,0.2532
lxt,472,0,19,351.125,525.725,87.7072,0.2502
lxt,472,0,20,351.125,525.475,92.2928,0.2502
lxt,472,0,21,351.15,525.225,99.0922,0.2532
lxt,472,0,22,351.2,524.985,104.6201,0.2377
lxt,472,0,23,351.27,524.76,109.9806,0.2341
lxt,472,0,24,351.36,524.545,115.464,0.2326
lxt,472,0,25,351.475,524.34,123.0253,0.2385
lxt,472,0,26,351.61,524.145,126.3869,0.236
lxt,472,0,27,351.76,523.97,134.9959,0.2263
lxt,472,0,28,351.925,523.81,136.7373,0.2335
lxt,472,0,29,352.105,523.665,145.6206,0.2302
lxt,472,0,30,352.3,523.54,149.0372,0.2332
lxt,472,0,31,352.505,523.43,154.5361,0.2326
lxt,472,0,32,352.72,523.34,160.0166,0.2341
lxt,472,0,33,352.945,523.27,165.3785,0.2377
lxt,472,0,34,353.18,523.225,172.8759,0.2419
lxt,472,0,35,353.42,523.205,177.6134,0.2402
lxt,472,0,36,353.695,523.21,3.6922,0.3106
lxt,472,0,37,354.01,523.25,10.619,0.3256
lxt,472,0,38,354.32,523.33,18.4354,0.3162
lxt,472,0,39,354.615,523.445,24.1445,0.3178
lxt,472,0,40,354.76,523.85,90.0,0.68
lxt,472,0,41,354.62,524.085,36.8699,0.35
lxt,472,0,42,354.33,523.905,26.5662,0.3354
lxt,472,0,43,354.02,523.785,15.7077,0.3324
lxt,472,0,44,353.695,523.725,5.194,0.3314
lxt,472,0,45,353.435,523.715,176.9866,0.1903
lxt,472,0,46,353.245,523.735,171.0264,0.1923
lxt,472,0,47,353.065,523.77,166.7602,0.1747
lxt,472,0,48,352.895,523.825,157.6215,0.1839
lxt,472,0,49,352.655,523.95,149.8584,0.3585
lxt,472,0,50,352.365,524.155,139.5733,0.3547
lxt,472,0,51,352.12,524.415,127.1848,0.364
lxt,472,0,52,351.93,524.72,116.5656,0.3578
lxt,472,0,53,351.82,524.97,108.4342,0.1897
lxt,472,0,54,351.77,525.15,102.5314,0.1844
lxt,472,0,55,351.735,525.33,99.4619,0.1825
lxt,472,0,56,351.715,525.52,92.8565,0.2002
lxt,472,0,57,351.715,525.715,86.9935,0.1903
lxt,472,0,58,351.735,525.905,81.0278,0.1924
lxt,472,0,59,351.77,526.09,77.4686,0.1844
lxt,472,0,60,351.82,526.265,70.5605,0.1803
lxt,472,0,61,351.935,526.515,62.743,0.3712
lxt,472,0,62,352.13,526.825,52.8152,0.364
lxt,472,0,63,352.375,527.085,40.4267,0.3547
lxt,472,0,64,352.665,527.29,30.1416,0.3585
lxt,472,0,65,352.905,527.415,22.3785,0.1839
lxt,472,0,66,353.075,527.475,16.392,0.1772
lxt,472,0,67,353.255,527.515,8.9722,0.1924
lxt,472,0,68,353.445,527.535,3.0134,0.1903
lxt,472,0,69,353.705,527.525,174.8043,0.3313
lxt,472,0,70,354.03,527.465,164.2923,0.3324
lxt,472,0,71,354.34,527.345,153.4361,0.3354
lxt,472,0,72,354.625,527.17,143.4704,0.336
lxt,472,0,73,354.76,527.405,90.0,0.67
lxt,473,0,0,357.25,527.37,0.0,1.1
lxt,473,0,1,357.8,527.625,90.0,0.51
lxt,473,0,2,356.405,527.88,0.0,2.79
lxt,473,0,3,355.01,527.625,90.0,0.51
lxt,473,0,4,355.555,527.37,0.0,1.09
lxt,473,0,5,356.1,525.325,90.0,4.09
lxt,473,0,6,356.4,523.28,0.0,0.6
lxt,473,0,7,356.7,525.325,90.0,4.09
lxt,474,0,0,361.245,523.875,114.0071,1.3027
lxt,474,0,1,361.82,523.28,0.0,0.62
lxt,474,0,2,361.025,525.695,114.5867,5.3116
lxt,474,0,3,358.815,525.695,65.4133,5.3116
lxt,474,0,4,358.02,523.28,0.0,0.62
lxt,474,0,5,358.595,523.875,65.9929,1.3027
lxt,474,0,6,359.92,524.47,0.0,2.12
lxt,474,1,0,359.92,524.98,0.0,1.64
lxt,474,1,1,359.51,525.915,66.3222,2.0419
lxt,474,1,2,360.33,525.915,113.6778,2.0419
lxt,475,0,0,364.78,527.62,90.0,0.52
lxt,475,0,1,363.655,527.88,0.0,2.25
lxt,475,0,2,362.53,525.58,90.0,4.6
lxt,475,0,3,362.825,523.28,0.0,0.59
lxt,475,0,4,363.12,524.43,90.0,2.3
lxt,475,0,5,363.925,525.58,0.0,1.61
lxt,475,0,6,364.73,525.835,90.0,0.51
lxt,475,0,7,363.925,526.09,0.0,1.61
lxt,475,0,8,363.12,526.73,90.0,1.28
lxt,475,0,9,363.95,527.365,179.6548,1.66
lxt,476,0,0,343.59,532.895,90.0,4.09
lxt,476,0,1,343.845,530.85,0.0,0.51
lxt,476,0,2,344.1,533.15,90.0,4.6
lxt,476,0,3,343.6,535.45,0.0,1.0
lxt,476,0,4,342.945,535.195,58.7071,0.5968
lxt,476,0,5,343.19,534.94,0.0,0.8
lxt,477,0,0,347.765,532.31,51.5244,2.427
lxt,477,0,1,348.585,533.365,58.2394,0.247
lxt,477,0,2,348.7,533.59,67.3849,0.26
lxt,477,0,3,348.78,533.84,77.006,0.2668
lxt,477,0,4,348.82,534.1,85.597,0.2608
lxt,477,0,5,348.82,534.375,93.949,0.2907
lxt,477,0,6,348.765,534.655,108.4342,0.2846
lxt,477,0,7,348.655,534.91,118.444,0.2729
lxt,477,0,8,348.505,535.13,130.3616,0.2625
lxt,477,0,9,348.315,535.31,142.695,0.264
lxt,477,0,10,348.09,535.455,151.5589,0.273
lxt,477,0,11,347.835,535.555,165.465,0.2789
lxt,477,0,12,347.56,535.605,173.8839,0.2816
lxt,477,0,13,347.27,535.605,5.7107,0.3015
lxt,477,0,14,346.985,535.555,14.535,0.2789
lxt,477,0,15,346.73,535.46,26.5658,0.2683
lxt,477,0,16,346.505,535.325,35.5391,0.2581
lxt,477,0,17,346.315,535.15,49.6333,0.2625
lxt,477,0,18,346.165,534.93,61.556,0.2729
lxt,477,0,19,346.055,534.675,71.5658,0.2846
lxt,477,0,20,345.98,534.39,78.6905,0.3059
lxt,477,0,21,346.24,534.24,0.0,0.58
lxt,477,0,22,346.545,534.33,80.5381,0.1825
lxt,477,0,23,346.585,534.5,72.64,0.1676
lxt,477,0,24,346.655,534.655,59.0369,0.1749
lxt,477,0,25,346.755,534.79,47.494,0.1628
lxt,477,0,26,346.875,534.905,40.2345,0.1703
lxt,477,0,27,347.01,535.0,29.7429,0.1613
lxt,477,0,28,347.16,535.065,17.3534,0.1676
lxt,477,0,29,347.33,535.1,6.3406,0.1811
lxt,477,0,30,347.505,535.1,173.2893,0.1712
lxt,477,0,31,347.675,535.06,160.561,0.1803
lxt,477,0,32,347.835,534.99,151.9271,0.17
lxt,477,0,33,347.98,534.895,141.8455,0.1781
lxt,477,0,34,348.105,534.775,130.2324,0.1703
lxt,477,0,35,348.205,534.63,119.3568,0.1836
lxt,477,0,36,348.275,534.47,107.36,0.1676
lxt,477,0,37,348.31,534.295,96.0058,0.191
lxt,477,0,38,348.305,534.085,82.5689,0.2319
lxt,477,0,39,348.24,533.86,65.5548,0.2417
lxt,477,0,40,348.125,533.65,56.9752,0.2385
lxt,477,0,41,347.985,533.455,51.7108,0.2421
lxt,477,0,42,346.9,532.105,51.1737,3.2219
lxt,477,0,43,347.36,530.85,0.0,2.94
lxt,477,0,44,348.83,531.105,90.0,0.51
lxt,477,0,45,347.92,531.36,0.0,1.82
lxt,478,0,0,351.95,533.86,90.0,3.64
lxt,478,0,1,350.555,533.605,56.0874,5.0007
lxt,478,0,2,350.3,531.53,0.0,2.28
lxt,478,0,3,351.44,531.19,90.0,0.68
lxt,478,0,4,351.695,530.85,0.0,0.51
lxt,478,0,5,351.95,531.19,90.0,0.68
lxt,478,0,6,352.215,531.53,0.0,0.53
lxt,478,0,7,352.48,531.785,90.0,0.51
lxt,478,0,8,352.215,532.04,0.0,0.53
lxt,478,1,0,350.785,532.04,0.0,1.31
lxt,478,1,1,350.78,532.995,55.7593,2.3104
lxt,478,1,2,351.435,533.95,0.0,0.01
lxt,478,1,3,351.44,532.995,90.0,1.91
lxt,479,0,0,353.47,531.435,12.0931,0.1432
lxt,479,0,1,353.35,531.38,38.6673,0.128
lxt,479,0,2,353.26,531.285,53.967,0.136
lxt,479,0,3,353.21,531.165,81.2584,0.1315
lxt,479,0,4,353.21,531.035,98.7414,0.1315
lxt,479,0,5,353.26,530.915,126.033,0.136
lxt,479,0,6,353.35,530.825,145.0015,0.122
lxt,479,0,7,353.47,530.775,167.9069,0.1432
lxt,479,0,8,353.605,530.775,12.9936,0.1334
lxt,479,0,9,353.725,530.825,32.4745,0.1304
lxt,479,0,10,353.815,530.915,57.5262,0.1304
lxt,479,0,11,353.865,531.035,77.006,0.1334
lxt,479,0,12,353.865,531.165,102.9944,0.1334
lxt,479,0,13,353.815,531.285,122.4738,0.1304
lxt,479,0,14,353.725,531.38,143.9684,0.136
lxt,479,0,15,353.605,531.435,167.0064,0.1334
lxt,480,0,0,355.99,532.895,90.0,4.09
lxt,480,0,1,356.245,530.85,0.0,0.51
lxt,480,0,2,356.5,533.15,90.0,4.6
lxt,480,0,3,356.0,535.45,0.0,1.0
lxt,480,0,4,355.345,535.195,58.7071,0.5968
lxt,480,0,5,355.59,534.94,0.0,0.8
lxt,481,0,0,359.445,533.005,58.1687,4.5315
lxt,481,0,1,358.475,530.92,144.5837,0.5522
lxt,481,0,2,360.14,533.1,58.3924,5.4952
lxt,481,0,3,359.915,535.445,179.8279,3.33
lxt,481,0,4,358.25,535.19,90.0,0.52
lxt,481,0,5,359.445,534.93,0.0,2.39
lxt,482,0,0,364.72,535.185,90.0,0.51
lxt,482,0,1,363.81,535.44,0.0,1.82
lxt,482,0,2,362.545,534.26,73.2564,2.4645
lxt,482,0,3,362.245,533.08,0.0,0.11
lxt,482,0,4,362.385,533.165,44.9974,0.2404
lxt,482,0,5,362.575,533.315,31.7607,0.247
lxt,482,0,6,362.8,533.42,18.433,0.253
lxt,482,0,7,363.04,533.475,7.1259,0.2419
lxt,482,0,8,363.27,533.475,172.2342,0.222
lxt,482,0,9,363.485,533.43,164.0546,0.2184
lxt,482,0,10,363.68,533.35,150.9438,0.2059
lxt,482,0,11,363.855,533.23,140.5299,0.2202
lxt,482,0,12,364.005,533.08,129.0949,0.2062
lxt,482,0,13,364.125,532.91,121.4261,0.2109
lxt,482,0,14,364.21,532.715,105.9448,0.2184
lxt,482,0,15,364.255,532.505,98.1298,0.2121
lxt,482,0,16,364.255,532.285,82.5689,0.2319
lxt,482,0,17,364.21,532.065,74.0554,0.2184
lxt,482,0,18,364.13,531.865,62.2398,0.2147
lxt,482,0,19,364.01,531.685,50.5311,0.2202
lxt,482,0,20,363.86,531.535,39.0926,0.2062
lxt,482,0,21,363.685,531.415,30.0684,0.2195
lxt,482,0,22,363.485,531.33,15.9464,0.2184
lxt,482,0,23,363.265,531.285,7.4308,0.232
lxt,482,0,24,363.07,531.28,172.875,0.1612
lxt,482,0,25,362.915,531.305,168.6901,0.153
lxt,482,0,26,362.76,531.355,156.3712,0.1746
lxt,482,0,27,362.61,531.43,150.2518,0.1612
lxt,482,0,28,362.47,531.52,144.4656,0.1721
lxt,482,0,29,362.345,531.625,134.996,0.1556
lxt,482,0,30,362.24,531.745,127.5701,0.164
lxt,482,0,31,362.16,531.88,113.1978,0.1523
lxt,482,0,32,361.915,531.75,42.9306,0.5873
lxt,482,0,33,361.755,531.465,122.902,0.2025
lxt,482,0,34,361.88,531.3,131.1889,0.2126
lxt,482,0,35,362.03,531.15,138.8148,0.2126
lxt,482,0,36,362.2,531.025,148.5693,0.2109
lxt,482,0,37,362.385,530.925,154.6541,0.2102
lxt,482,0,38,362.58,530.85,163.299,0.2088
lxt,482,0,39,362.785,530.8,169.2166,0.2138
lxt,482,0,40,363.0,530.77,174.8065,0.2209
lxt,482,0,41,363.195,530.765,3.3662,0.1703
lxt,482,0,42,363.365,530.78,6.7095,0.1712
lxt,482,0,43,363.53,530.81,14.0362,0.1649
lxt,482,0,44,363.69,530.855,17.3565,0.1676
lxt,482,0,45,363.91,530.95,26.5651,0.313
lxt,482,0,46,364.175,531.115,37.2346,0.314
lxt,482,0,47,364.4,531.325,48.9891,0.3048
lxt,482,0,48,364.575,531.58,61.8226,0.3176
lxt,482,0,49,364.675,531.795,71.5585,0.1581
lxt,482,0,50,364.72,531.95,75.9711,0.1649
lxt,482,0,51,364.755,532.115,79.9925,0.1726
lxt,482,0,52,364.775,532.29,86.8171,0.1803
lxt,482,0,53,364.765,532.535,95.5274,0.3114
lxt,482,0,54,364.715,532.84,103.1352,0.3081
lxt,482,0,55,364.62,533.125,113.9616,0.2955
lxt,482,0,56,364.475,533.385,124.213,0.3023
lxt,482,0,57,364.285,533.61,136.4006,0.29
lxt,482,0,58,364.06,533.785,147.9933,0.283
lxt,482,0,59,363.87,533.89,156.8031,0.1523
lxt,482,0,60,363.725,533.94,165.069,0.1552
lxt,482,0,61,363.575,533.975,168.6887,0.153
lxt,482,0,62,363.415,533.995,176.6344,0.1703
lxt,482,0,63,363.17,533.99,3.5767,0.3206
lxt,482,0,64,363.155,534.455,73.0257,0.9933
lxt,482,0,65,364.01,534.93,0.0,1.42
lxt,483,0,0,352.43,539.015,113.6037,1.2986
lxt,483,0,1,353.0,538.42,0.0,0.62
lxt,483,0,2,352.205,540.835,114.587,5.3116
lxt,483,0,3,349.995,540.835,65.4133,5.3116
lxt,483,0,4,349.2,538.42,0.0,0.62
lxt,483,0,5,349.775,539.015,65.9929,1.3027
lxt,483,0,6,351.105,539.61,0.0,2.13
lxt,483,1,0,351.105,540.12,0.0,1.65
lxt,483,1,1,350.69,541.055,66.3223,2.0419
lxt,483,1,2,351.515,541.055,113.9345,2.0459
lxt,484,0,0,356.23,542.585,123.6914,0.1803
lxt,484,0,1,356.12,542.73,130.6003,0.1844
lxt,484,0,2,355.99,542.855,141.8395,0.178
lxt,484,0,3,355.85,542.96,144.4656,0.1721
lxt,484,0,4,355.7,543.045,156.3712,0.1746
lxt,484,0,5,355.535,543.11,160.5577,0.1803
lxt,484,0,6,355.36,543.155,170.5393,0.1825
lxt,484,0,7,355.175,543.175,176.9878,0.1903
lxt,484,0,8,354.95,543.17,4.3983,0.2607
lxt,484,0,9,354.7,543.135,11.768,0.2452
lxt,484,0,10,354.46,543.06,22.6204,0.26
lxt,484,0,11,354.24,542.945,33.0225,0.2385
lxt,484,0,12,354.05,542.795,43.3643,0.2476
lxt,484,0,13,353.895,542.61,56.9752,0.2385
lxt,484,0,14,353.785,542.39,69.4449,0.2563
lxt,484,0,15,353.725,542.135,83.66,0.2717
lxt,484,0,16,353.72,541.885,94.9745,0.2309
lxt,484,0,17,353.76,541.67,106.6988,0.2088
lxt,484,0,18,353.84,541.48,119.0486,0.2059
lxt,484,0,19,353.955,541.315,130.9152,0.1985
lxt,484,0,20,354.095,541.175,139.09,0.1985
lxt,484,0,21,354.26,541.05,146.3091,0.2163
lxt,484,0,22,354.44,540.94,150.9448,0.2059
lxt,484,0,23,354.63,540.845,155.7735,0.2193
lxt,484,0,24,354.89,540.73,156.3692,0.3493
lxt,484,0,25,355.195,540.59,154.2308,0.322
lxt,484,0,26,355.465,540.43,144.2466,0.3081
lxt,484,0,27,355.64,540.285,132.2753,0.1487
lxt,484,0,28,355.73,540.165,121.603,0.1526
lxt,484,0,29,355.795,540.02,107.36,0.1676
lxt,484,0,30,355.83,539.85,96.3367,0.1811
lxt,484,0,31,355.83,539.67,83.6633,0.1811
lxt,484,0,32,355.795,539.495,73.6046,0.1772
lxt,484,0,33,355.735,539.33,66.3776,0.1746
lxt,484,0,34,355.65,539.185,52.4299,0.164
lxt,484,0,35,355.535,539.06,42.7081,0.1769
lxt,484,0,36,355.4,538.96,29.7429,0.1613
lxt,484,0,37,355.25,538.89,20.5596,0.1709
lxt,484,0,38,355.08,538.85,6.3383,0.1811
lxt,484,0,39,354.9,538.85,173.6606,0.1811
lxt,484,0,40,354.725,538.885,163.6107,0.1772
lxt,484,0,41,354.565,538.95,151.9271,0.17
lxt,484,0,42,354.425,539.045,139.7645,0.1703
lxt,484,0,43,354.305,539.165,130.2324,0.1703
lxt,484,0,44,354.205,539.305,120.9631,0.1749
lxt,484,0,45,354.135,539.465,106.395,0.1772
lxt,484,0,46,354.105,539.645,93.0066,0.1903
lxt,484,0,47,353.8,539.675,12.2251,0.6139
lxt,484,0,48,353.53,539.475,102.5285,0.2766
lxt,484,0,49,353.61,539.215,111.8026,0.2693
lxt,484,0,50,353.73,538.98,122.4681,0.2608
lxt,484,0,51,353.89,538.78,135.0036,0.2546
lxt,484,0,52,354.08,538.615,143.1273,0.25
lxt,484,0,53,354.3,538.48,153.4371,0.2683
lxt,484,0,54,354.545,538.39,166.504,0.2571
lxt,484,0,55,354.805,538.345,173.6598,0.2717
lxt,484,0,56,355.09,538.345,5.7106,0.3015
lxt,484,0,57,355.38,538.395,14.0362,0.2886
lxt,484,0,58,355.645,538.495,27.4746,0.2818
lxt,484,0,59,355.88,538.64,36.0272,0.272
lxt,484,0,60,356.085,538.825,47.8619,0.2832
lxt,484,0,61,356.25,539.055,60.7486,0.2865
lxt,484,0,62,356.36,539.32,74.0573,0.2912
lxt,484,0,63,356.415,539.61,84.2896,0.3015
lxt,484,0,64,356.42,539.9,94.0834,0.2807
lxt,484,0,65,356.375,540.16,106.2617,0.25
lxt,484,0,66,356.29,540.385,115.4648,0.2326
lxt,484,0,67,356.17,540.585,126.3814,0.236
lxt,484,0,68,356.015,540.755,138.5783,0.2267
lxt,484,0,69,355.83,540.9,145.0056,0.2441
lxt,484,0,70,355.62,541.03,151.3891,0.2506
lxt,484,0,71,355.39,541.14,157.3822,0.26
lxt,484,0,72,355.105,541.255,158.4976,0.3547
lxt,484,0,73,354.83,541.37,155.5565,0.2417
lxt,484,0,74,354.62,541.49,145.0097,0.2441
lxt,484,0,75,354.475,541.605,134.9988,0.1273
lxt,484,0,76,354.395,541.7,124.9942,0.1221
lxt,484,0,77,354.34,541.81,108.4257,0.1265
lxt,484,0,78,354.31,541.935,98.7545,0.1315
lxt,484,0,79,354.31,542.075,82.3979,0.1513
lxt,484,0,80,354.345,542.215,68.9673,0.1393
lxt,484,0,81,354.41,542.34,56.304,0.1442
lxt,484,0,82,354.5,542.445,41.9942,0.1345
lxt,484,0,83,354.675,542.56,29.2487,0.2865
lxt,484,0,84,354.935,542.65,8.4266,0.273
lxt,484,0,85,355.19,542.655,172.875,0.2419
lxt,484,0,86,355.405,542.6,157.1661,0.2062
lxt,484,0,87,355.585,542.49,140.5299,0.2202
lxt,484,0,88,355.74,542.325,126.3814,0.236
lxt,484,0,89,356.045,542.37,30.784,0.5471
lxt,485,0,0,358.965,543.175,2.2902,0.2502
lxt,485,0,1,358.72,543.15,9.4629,0.2433
lxt,485,0,2,358.485,543.105,12.264,0.2354
lxt,485,0,3,358.26,543.035,22.2489,0.2377
lxt,485,0,4,358.045,542.94,25.4648,0.2326
lxt,485,0,5,357.84,542.83,30.962,0.2332
lxt,485,0,6,357.645,542.7,36.3839,0.236
lxt,485,0,7,357.465,542.555,41.4268,0.2267
lxt,485,0,8,357.3,542.395,46.7347,0.2335
lxt,485,0,9,357.15,542.215,53.6131,0.236
lxt,485,0,10,357.02,542.02,59.0369,0.2332
lxt,485,0,11,356.905,541.815,62.3575,0.2371
lxt,485,0,12,356.81,541.595,70.8172,0.2435
lxt,485,0,13,356.74,541.365,75.3797,0.2377
lxt,485,0,14,356.69,541.13,80.5356,0.2433
lxt,485,0,15,356.665,540.885,87.7141,0.2502
lxt,485,0,16,356.665,540.63,92.198,0.2602
lxt,485,0,17,356.69,540.375,99.0922,0.2532
lxt,485,0,18,356.74,540.13,104.0358,0.2474
lxt,485,0,19,356.81,539.895,109.1825,0.2435
lxt,485,0,20,356.9,539.675,115.458,0.2326
lxt,485,0,21,357.015,539.47,123.0248,0.2385
lxt,485,0,22,357.15,539.28,127.8778,0.228
lxt,485,0,23,357.295,539.105,131.4228,0.2267
lxt,485,0,24,357.46,538.94,138.3653,0.2408
lxt,485,0,25,357.64,538.795,144.1656,0.2221
lxt,485,0,26,357.83,538.67,149.0342,0.2332
lxt,485,0,27,358.04,538.56,155.5565,0.2417
lxt,485,0,28,358.26,538.47,160.0166,0.2341
lxt,485,0,29,358.485,538.405,167.736,0.2354
lxt,485,0,30,358.72,538.36,170.5371,0.2433
lxt,485,0,31,358.96,538.335,177.6144,0.2402
lxt,485,0,32,359.205,538.335,2.2902,0.2502
lxt,485,0,33,359.45,538.36,9.4617,0.2433
lxt,485,0,34,359.685,538.405,12.2656,0.2354
lxt,485,0,35,359.91,538.47,19.9834,0.2341
lxt,485,0,36,360.13,538.56,24.4435,0.2417
lxt,485,0,37,360.335,538.67,32.2751,0.2247
lxt,485,0,38,360.525,538.795,34.3802,0.2302
lxt,485,0,39,360.71,538.94,41.6347,0.2408
lxt,485,0,40,360.875,539.1,46.8487,0.2193
lxt,485,0,41,361.02,539.275,53.6126,0.236
lxt,485,0,42,361.155,539.47,56.9752,0.2385
lxt,485,0,43,361.27,539.675,64.5352,0.2326
lxt,485,0,44,361.36,539.895,70.8242,0.2435
lxt,485,0,45,361.43,540.13,75.9642,0.2474
lxt,485,0,46,361.48,540.375,80.9078,0.2532
lxt,485,0,47,361.505,540.63,87.7953,0.2602
lxt,485,0,48,361.505,540.885,92.2928,0.2502
lxt,485,0,49,361.48,541.13,99.4644,0.2433
lxt,485,0,50,361.43,541.365,104.6203,0.2377
lxt,485,0,51,361.36,541.595,109.1761,0.2435
lxt,485,0,52,361.265,541.815,117.649,0.2371
lxt,485,0,53,361.15,542.02,120.9631,0.2332
lxt,485,0,54,361.02,542.215,126.3869,0.236
lxt,485,0,55,360.87,542.395,133.2598,0.2334
lxt,485,0,56,360.705,542.555,138.5783,0.2267
lxt,485,0,57,360.525,542.7,143.6161,0.236
lxt,485,0,58,360.33,542.83,149.0342,0.2332
lxt,485,0,59,360.125,542.94,154.5385,0.2326
lxt,485,0,60,359.91,543.035,157.7511,0.2377
lxt,485,0,61,359.685,543.105,167.7344,0.2354
lxt,485,0,62,359.45,543.15,170.5383,0.2433
lxt,485,0,63,359.21,543.175,177.6144,0.2402
lxt,485,1,0,358.995,538.845,176.9878,0.1903
lxt,485,1,1,358.81,538.865,170.5365,0.1825
lxt,485,1,2,358.635,538.905,163.6119,0.1772
lxt,485,1,3,358.465,538.96,160.5577,0.1803
lxt,485,1,4,358.225,539.075,151.2603,0.3536
lxt,485,1,5,357.935,539.275,139.576,0.3547
lxt,485,1,6,357.685,539.535,128.4156,0.3701
lxt,485,1,7,357.485,539.84,117.9814,0.3624
lxt,485,1,8,357.37,540.09,108.4342,0.1897
lxt,485,1,9,357.315,540.27,105.5205,0.1868
lxt,485,1,10,357.275,540.46,98.5304,0.2022
lxt,485,1,11,357.255,540.66,92.8652,0.2003
lxt,485,1,12,357.255,540.855,86.9843,0.1903
lxt,485,1,13,357.275,541.045,81.0277,0.1924
lxt,485,1,14,357.31,541.23,77.4779,0.1844
lxt,485,1,15,357.36,541.41,71.5658,0.1897
lxt,485,1,16,357.47,541.66,63.4344,0.3578
lxt,485,1,17,357.66,541.965,52.8152,0.364
lxt,485,1,18,357.9,542.225,41.4953,0.3471
lxt,485,1,19,358.19,542.43,29.3572,0.3672
lxt,485,1,20,358.435,542.55,19.4423,0.1803
lxt,485,1,21,358.61,542.605,15.5245,0.1868
lxt,485,1,22,358.795,542.645,8.9722,0.1924
lxt,485,1,23,358.99,542.665,2.8628,0.2003
lxt,485,1,24,359.185,542.665,176.9866,0.1903
lxt,485,1,25,359.375,542.645,171.0278,0.1924
lxt,485,1,26,359.56,542.605,164.4755,0.1868
lxt,485,1,27,359.74,542.55,161.564,0.1897
lxt,485,1,28,359.985,542.43,149.8584,0.3585
lxt,485,1,29,360.27,542.22,137.2915,0.3538
lxt,485,1,30,360.51,541.96,128.1575,0.3561
lxt,485,1,31,360.7,541.66,116.5656,0.3578
lxt,485,1,32,360.81,541.41,108.4342,0.1897
lxt,485,1,33,360.86,541.23,102.5314,0.1844
lxt,485,1,34,360.895,541.045,98.9723,0.1924
lxt,485,1,35,360.915,540.855,93.0066,0.1903
lxt,485,1,36,360.915,540.66,87.1435,0.2002
lxt,485,1,37,360.895,540.46,81.4696,0.2022
lxt,485,1,38,360.855,540.27,74.4705,0.1868
lxt,485,1,39,360.8,540.09,71.5658,0.1897
lxt,485,1,40,360.685,539.84,62.0229,0.3623
lxt,485,1,41,360.485,539.535,51.5807,0.3701
lxt,485,1,42,360.235,539.275,40.4272,0.3547
lxt,485,1,43,359.945,539.075,28.7397,0.3536
lxt,485,1,44,359.705,538.96,19.439,0.1803
lxt,485,1,45,359.535,538.905,16.3881,0.1772
lxt,485,1,46,359.36,538.865,9.4635,0.1825
lxt,485,1,47,359.18,538.845,3.1794,0.1803
lxt,486,0,0,364.595,542.585,126.2499,0.186
lxt,486,0,1,364.48,542.73,130.6075,0.1844
lxt,486,0,2,364.355,542.855,139.7579,0.1703
lxt,486,0,3,364.215,542.96,146.3146,0.1803
lxt,486,0,4,364.06,543.045,156.3712,0.1746
lxt,486,0,5,363.9,543.11,159.4404,0.1709
lxt,486,0,6,363.73,543.155,170.5393,0.1825
lxt,486,0,7,363.545,543.175,176.9878,0.1903
lxt,486,0,8,363.32,543.17,4.3983,0.2607
lxt,486,0,9,363.065,543.13,13.496,0.2571
lxt,486,0,10,362.825,543.055,21.3697,0.247
lxt,486,0,11,362.605,542.945,31.7607,0.247
lxt,486,0,12,362.415,542.795,44.9974,0.2404
lxt,486,0,13,362.26,542.605,56.3128,0.2524
lxt,486,0,14,362.15,542.385,70.8175,0.2435
lxt,486,0,15,362.095,542.135,83.66,0.2717
lxt,486,0,16,362.09,541.885,94.9745,0.2309
lxt,486,0,17,362.13,541.67,106.6988,0.2088
lxt,486,0,18,362.21,541.48,119.0486,0.2059
lxt,486,0,19,362.325,541.315,130.9152,0.1985
lxt,486,0,20,362.465,541.175,139.09,0.1985
lxt,486,0,21,362.625,541.05,144.7799,0.2081
lxt,486,0,22,362.805,540.94,152.2421,0.2147
lxt,486,0,23,363.0,540.845,155.7735,0.2193
lxt,486,0,24,363.255,540.73,155.6954,0.3401
lxt,486,0,25,363.555,540.59,154.2285,0.322
lxt,486,0,26,363.83,540.43,145.3064,0.3162
lxt,486,0,27,364.01,540.285,132.2753,0.1487
lxt,486,0,28,364.1,540.16,119.7408,0.1612
lxt,486,0,29,364.165,540.015,108.4411,0.1581
lxt,486,0,30,364.195,539.85,93.1732,0.1803
lxt,486,0,31,364.195,539.67,86.8268,0.1803
lxt,486,0,32,364.165,539.495,73.6046,0.1772
lxt,486,0,33,364.105,539.33,66.3776,0.1746
lxt,486,0,34,364.02,539.185,52.4299,0.164
lxt,486,0,35,363.905,539.06,42.7081,0.1769
lxt,486,0,36,363.77,538.955,32.7325,0.1664
lxt,486,0,37,363.62,538.885,17.3578,0.1676
lxt,486,0,38,363.45,538.85,6.3383,0.1811
lxt,486,0,39,363.27,538.85,173.6606,0.1811
lxt,486,0,40,363.095,538.885,163.6107,0.1772
lxt,486,0,41,362.935,538.95,151.9271,0.17
lxt,486,0,42,362.79,539.04,144.4586,0.172
lxt,486,0,43,362.665,539.16,128.1614,0.1781
lxt,486,0,44,362.57,539.305,118.0689,0.17
lxt,486,0,45,362.505,539.465,106.395,0.1772
lxt,486,0,46,362.47,539.645,96.0058,0.191
lxt,486,0,47,362.165,539.675,12.4261,0.6041
lxt,486,0,48,361.9,539.475,102.5285,0.2766
lxt,486,0,49,361.98,539.215,111.8026,0.2693
lxt,486,0,50,362.1,538.98,122.4681,0.2608
lxt,486,0,51,362.255,538.78,133.3656,0.2476
lxt,486,0,52,362.445,538.615,144.4609,0.2581
lxt,486,0,53,362.665,538.48,152.4485,0.2594
lxt,486,0,54,362.91,538.385,164.9321,0.2693
lxt,486,0,55,363.175,538.34,175.7633,0.2707
lxt,486,0,56,363.46,538.345,5.7106,0.3015
lxt,486,0,57,363.75,538.395,14.0362,0.2886
lxt,486,0,58,364.015,538.495,27.4746,0.2818
lxt,486,0,59,364.25,538.64,36.0272,0.272
lxt,486,0,60,364.45,538.825,49.3949,0.2766
lxt,486,0,61,364.61,539.055,60.7539,0.2865
lxt,486,0,62,364.725,539.315,71.5658,0.2846
lxt,486,0,63,364.785,539.605,84.4727,0.3114
lxt,486,0,64,364.79,539.9,94.0834,0.2807
lxt,486,0,65,364.745,540.16,106.2617,0.25
lxt,486,0,66,364.655,540.385,117.6429,0.2371
lxt,486,0,67,364.53,540.58,127.8778,0.228
lxt,486,0,68,364.375,540.75,136.7329,0.2334
lxt,486,0,69,364.195,540.9,143.6161,0.236
lxt,486,0,70,363.99,541.025,153.4349,0.246
lxt,486,0,71,363.76,541.135,155.3782,0.264
lxt,486,0,72,363.475,541.255,158.4976,0.3547
lxt,486,0,73,363.2,541.37,155.5565,0.2417
lxt,486,0,74,362.985,541.49,146.309,0.2524
lxt,486,0,75,362.84,541.605,131.6396,0.1204
lxt,486,0,76,362.765,541.7,124.9942,0.1221
lxt,486,0,77,362.71,541.81,108.4257,0.1265
lxt,486,0,78,362.68,541.935,98.7545,0.1315
lxt,486,0,79,362.68,542.075,82.3979,0.1513
lxt,486,0,80,362.715,542.215,68.9673,0.1393
lxt,486,0,81,362.78,542.335,53.967,0.136
lxt,486,0,82,362.87,542.44,45.0066,0.1414
lxt,486,0,83,363.04,542.555,28.4411,0.273
lxt,486,0,84,363.3,542.645,10.1246,0.2844
lxt,486,0,85,363.555,542.655,172.5683,0.2319
lxt,486,0,86,363.77,542.6,158.1993,0.2154
lxt,486,0,87,363.955,542.49,140.5299,0.2202
lxt,486,0,88,364.105,542.325,124.3753,0.2302
lxt,486,0,89,364.41,542.37,30.2558,0.5557
lxt,487,0,0,339.175,256.88,0.0,0.21
lxt,487,0,1,339.37,256.86,167.4702,0.1844
lxt,487,0,2,339.545,256.805,157.6245,0.1838
lxt,487,0,3,339.7,256.72,144.4635,0.1721
lxt,487,0,4,339.83,256.605,132.7072,0.1769
lxt,487,0,5,339.93,256.46,116.5607,0.1789
lxt,487,0,6,340.0,256.29,108.4349,0.1897
lxt,487,0,7,340.04,256.095,95.445,0.211
lxt,487,0,8,340.04,255.9,83.6534,0.1811
lxt,487,0,9,340.005,255.725,73.6127,0.1772
lxt,487,0,10,339.94,255.565,61.9263,0.17
lxt,487,0,11,339.85,255.425,52.4327,0.164
lxt,487,0,12,339.735,255.305,40.2394,0.1703
lxt,487,0,13,339.595,255.205,30.9638,0.1749
lxt,487,0,14,339.435,255.135,16.3845,0.1772
lxt,487,0,15,339.255,255.1,6.0148,0.1911
lxt,487,0,16,339.08,255.1,172.8683,0.1613
lxt,487,0,17,338.925,255.125,168.6901,0.153
lxt,487,0,18,338.775,255.175,154.9895,0.1655
lxt,487,0,19,338.635,255.25,148.388,0.1527
lxt,487,0,20,338.515,255.34,137.7208,0.1487
lxt,487,0,21,338.415,255.455,124.7021,0.1581
lxt,487,0,22,338.335,255.59,116.5601,0.1565
lxt,487,0,23,338.285,255.74,100.619,0.1628
lxt,487,0,24,337.99,255.82,0.0,0.56
lxt,487,0,25,337.73,255.685,98.4227,0.2729
lxt,487,0,26,337.8,255.43,112.6193,0.26
lxt,487,0,27,337.915,255.205,121.7615,0.247
lxt,487,0,28,338.07,255.01,135.0,0.2545
lxt,487,0,29,338.265,254.85,146.3061,0.2524
lxt,487,0,30,338.485,254.725,154.4441,0.255
lxt,487,0,31,338.725,254.64,166.5048,0.2571
lxt,487,0,32,338.985,254.595,173.6598,0.2717
lxt,487,0,33,339.27,254.595,5.71,0.3015
lxt,487,0,34,339.555,254.645,14.5304,0.2789
lxt,487,0,35,339.815,254.74,25.6458,0.2773
lxt,487,0,36,340.045,254.875,35.5377,0.2581
lxt,487,0,37,340.235,255.05,49.6306,0.2625
lxt,487,0,38,340.385,255.27,61.5582,0.273
lxt,487,0,39,340.49,255.525,73.4976,0.2816
lxt,487,0,40,340.545,255.815,84.4726,0.3114
lxt,487,0,41,340.555,256.06,93.1734,0.1803
lxt,487,0,42,340.535,256.235,100.0068,0.1726
lxt,487,0,43,340.5,256.405,103.2445,0.1746
lxt,487,0,44,340.445,256.57,113.6311,0.1746
lxt,487,0,45,340.365,256.72,122.7314,0.1664
lxt,487,0,46,340.27,256.855,127.5692,0.164
lxt,487,0,47,340.155,256.975,139.7685,0.1703
lxt,487,0,48,340.015,257.075,149.0362,0.1749
lxt,487,0,49,340.055,257.22,41.0095,0.3048
lxt,487,0,50,340.255,257.445,55.787,0.3023
lxt,487,0,51,340.37,257.64,66.7999,0.1523
lxt,487,0,52,340.42,257.785,75.0679,0.1553
lxt,487,0,53,340.45,257.94,82.8683,0.1613
lxt,487,0,54,340.465,258.1,86.4305,0.1603
lxt,487,0,55,340.46,258.32,94.0834,0.2807
lxt,487,0,56,340.41,258.58,108.4371,0.253
lxt,487,0,57,340.315,258.81,116.5619,0.246
lxt,487,0,58,340.18,259.01,131.6353,0.2408
lxt,487,0,59,340.005,259.17,143.6191,0.236
lxt,487,0,60,339.8,259.295,153.4318,0.246
lxt,487,0,61,339.565,259.38,166.5048,0.2571
lxt,487,0,62,339.31,259.425,173.4186,0.2617
lxt,487,0,63,339.04,259.43,4.0834,0.2807
lxt,487,0,64,338.78,259.39,14.0362,0.2474
lxt,487,0,65,338.55,259.31,24.4452,0.2417
lxt,487,0,66,338.35,259.195,35.8398,0.222
lxt,487,0,67,338.18,259.05,45.0,0.2263
lxt,487,0,68,338.035,258.87,56.9728,0.2385
lxt,487,0,69,337.925,258.65,69.4463,0.2563
lxt,487,0,70,337.85,258.395,77.4712,0.2766
lxt,487,0,71,338.105,258.26,0.0,0.57
lxt,487,0,72,338.41,258.33,74.0612,0.1456
lxt,487,0,73,338.455,258.465,68.9562,0.1393
lxt,487,0,74,338.515,258.59,59.7399,0.1389
lxt,487,0,75,338.595,258.695,45.0,0.1273
lxt,487,0,76,338.695,258.78,36.0368,0.136
lxt,487,0,77,338.81,258.85,26.5651,0.1342
lxt,487,0,78,338.94,258.895,12.0931,0.1432
lxt,487,0,79,339.085,258.915,3.8179,0.1503
lxt,487,0,80,339.24,258.915,176.4203,0.1603
lxt,487,0,81,339.4,258.89,165.9612,0.1649
lxt,487,0,82,339.545,258.835,151.7081,0.1476
lxt,487,0,83,339.67,258.75,140.1916,0.1562
lxt,487,0,84,339.78,258.645,132.2713,0.1487
lxt,487,0,85,339.865,258.52,116.5601,0.1565
lxt,487,0,86,339.925,258.375,108.4419,0.1581
lxt,487,0,87,339.955,258.215,93.3695,0.1703
lxt,487,0,88,339.95,258.035,83.9852,0.1911
lxt,487,0,89,339.915,257.86,72.6503,0.1676
lxt,487,0,90,339.845,257.715,55.3069,0.1581
lxt,487,0,91,339.745,257.6,42.2626,0.1487
lxt,487,0,92,339.625,257.515,28.3024,0.1477
lxt,487,0,93,339.485,257.455,18.4419,0.1581
lxt,487,0,94,339.325,257.415,10.0086,0.1726
lxt,487,0,95,339.145,257.395,3.0065,0.1903
lxt,487,0,96,339.06,257.135,92.2445,0.5104
lxt,488,0,0,341.305,255.795,95.9057,0.2916
lxt,488,0,1,341.36,255.515,106.5024,0.2816
lxt,488,0,2,341.465,255.26,118.4448,0.2729
lxt,488,0,3,341.615,255.045,131.8221,0.255
lxt,488,0,4,341.805,254.87,142.6943,0.264
lxt,488,0,5,342.03,254.735,155.3724,0.264
lxt,488,0,6,342.28,254.645,164.9368,0.2693
lxt,488,0,7,342.555,254.595,174.0943,0.2916
lxt,488,0,8,342.84,254.595,6.1153,0.2816
lxt,488,0,9,343.115,254.645,14.5304,0.2789
lxt,488,0,10,343.365,254.735,25.5621,0.255
lxt,488,0,11,343.585,254.87,37.3057,0.264
lxt,488,0,12,343.775,255.045,48.1779,0.255
lxt,488,0,13,343.925,255.26,61.5552,0.2729
lxt,488,0,14,344.03,255.515,73.4976,0.2816
lxt,488,0,15,344.085,255.795,84.0943,0.2916
lxt,488,0,16,344.095,256.03,93.1831,0.1803
lxt,488,0,17,344.075,256.21,99.4623,0.1825
lxt,488,0,18,344.03,256.38,110.5548,0.1709
lxt,488,0,19,343.965,256.535,115.006,0.1655
lxt,488,0,20,343.88,256.68,125.5424,0.172
lxt,488,0,21,343.77,256.81,135.0,0.1697
lxt,488,0,22,343.64,256.92,144.4635,0.1721
lxt,488,0,23,343.49,257.01,153.4393,0.1789
lxt,488,0,24,343.54,257.145,36.1575,0.322
lxt,488,0,25,343.765,257.365,52.7648,0.314
lxt,488,0,26,343.895,257.56,63.4349,0.1565
lxt,488,0,27,343.955,257.705,71.5685,0.1581
lxt,488,0,28,343.99,257.86,82.879,0.1612
lxt,488,0,29,344.01,258.025,83.2842,0.1712
lxt,488,0,30,344.005,258.25,96.1153,0.2816
lxt,488,0,31,343.955,258.515,105.6438,0.2596
lxt,488,0,32,343.86,258.755,117.5539,0.2594
lxt,488,0,33,343.72,258.965,130.1012,0.2484
lxt,488,0,34,343.545,259.14,139.8988,0.2484
lxt,488,0,35,343.335,259.28,152.4493,0.2594
lxt,488,0,36,343.095,259.375,164.3562,0.2596
lxt,488,0,37,342.835,259.425,173.6598,0.2717
lxt,488,0,38,342.56,259.425,6.1153,0.2816
lxt,488,0,39,342.295,259.375,15.6438,0.2596
lxt,488,0,40,342.055,259.28,27.5507,0.2594
lxt,488,0,41,341.845,259.14,40.1012,0.2484
lxt,488,0,42,341.67,258.965,49.8988,0.2484
lxt,488,0,43,341.535,258.755,64.4411,0.2549
lxt,488,0,44,341.44,258.515,72.2518,0.2625
lxt,488,0,45,341.39,258.25,85.9166,0.2807
lxt,488,0,46,341.385,258.025,93.3695,0.1703
lxt,488,0,47,341.405,257.86,100.619,0.1628
lxt,488,0,48,341.44,257.705,104.935,0.1552
lxt,488,0,49,341.495,257.56,116.5551,0.1565
lxt,488,0,50,341.62,257.365,125.7574,0.3081
lxt,488,0,51,341.835,257.145,142.7648,0.314
lxt,488,0,52,341.88,257.01,26.5607,0.1789
lxt,488,0,53,341.735,256.92,37.5692,0.164
lxt,488,0,54,341.615,256.81,47.4843,0.1628
lxt,488,0,55,341.51,256.68,54.4659,0.172
lxt,488,0,56,341.425,256.535,64.9844,0.1656
lxt,488,0,57,341.36,256.38,69.4452,0.1709
lxt,488,0,58,341.315,256.21,80.5377,0.1825
lxt,488,0,59,341.295,256.03,86.8169,0.1803
lxt,488,1,0,342.775,258.915,176.1821,0.1503
lxt,488,1,1,342.925,258.885,161.5685,0.1581
lxt,488,1,2,343.07,258.825,153.4349,0.1565
lxt,488,1,3,343.2,258.74,140.1916,0.1562
lxt,488,1,4,343.31,258.63,129.8084,0.1562
lxt,488,1,5,343.4,258.5,119.7382,0.1613
lxt,488,1,6,343.465,258.35,107.3596,0.1676
lxt,488,1,7,343.495,258.19,93.5695,0.1603
lxt,488,1,8,343.495,258.04,85.9233,0.1404
lxt,488,1,9,343.46,257.9,66.7999,0.1523
lxt,488,1,10,343.39,257.76,60.2524,0.1613
lxt,488,1,11,343.3,257.63,50.1916,0.1562
lxt,488,1,12,343.19,257.515,42.5157,0.1628
lxt,488,1,13,343.06,257.42,29.7435,0.1612
lxt,488,1,14,342.915,257.355,18.428,0.1581
lxt,488,1,15,342.77,257.32,8.1388,0.1414
lxt,488,1,16,342.625,257.32,172.3977,0.1513
lxt,488,1,17,342.475,257.355,161.572,0.1581
lxt,488,1,18,342.33,257.42,150.2565,0.1612
lxt,488,1,19,342.2,257.515,137.4843,0.1628
lxt,488,1,20,342.09,257.63,129.8084,0.1562
lxt,488,1,21,342.0,257.76,119.7382,0.1613
lxt,488,1,22,341.93,257.9,113.2106,0.1523
lxt,488,1,23,341.895,258.04,94.0767,0.1404
lxt,488,1,24,341.895,258.19,86.4305,0.1603
lxt,488,1,25,341.925,258.35,72.6404,0.1676
lxt,488,1,26,341.99,258.5,60.2618,0.1613
lxt,488,1,27,342.08,258.63,50.1916,0.1562
lxt,488,1,28,342.19,258.74,39.8084,0.1562
lxt,488,1,29,342.32,258.825,26.5651,0.1565
lxt,488,1,30,342.465,258.885,18.4315,0.1581
lxt,488,1,31,342.62,258.915,3.5797,0.1603
lxt,488,2,0,342.785,256.79,173.2931,0.1712
lxt,488,2,1,342.95,256.755,162.6503,0.1676
lxt,488,2,2,343.105,256.69,151.9263,0.17
lxt,488,2,3,343.25,256.6,144.4576,0.172
lxt,488,2,4,343.375,256.49,132.5157,0.1628
lxt,488,2,5,343.47,256.355,118.0695,0.17
lxt,488,2,6,343.54,256.2,110.5548,0.1709
lxt,488,2,7,343.58,256.03,96.337,0.1811
lxt,488,2,8,343.58,255.86,82.879,0.1612
lxt,488,2,9,343.54,255.7,69.4452,0.1709
lxt,488,2,10,343.47,255.545,61.9305,0.17
lxt,488,2,11,343.37,255.41,44.9927,0.1697
lxt,488,2,12,343.245,255.295,40.246,0.1703
lxt,488,2,13,343.105,255.2,28.0646,0.17
lxt,488,2,14,342.945,255.135,16.3873,0.1772
lxt,488,2,15,342.78,255.1,7.1317,0.1613
lxt,488,2,16,342.615,255.1,173.2842,0.1712
lxt,488,2,17,342.445,255.135,163.6127,0.1772
lxt,488,2,18,342.285,255.2,151.9305,0.17
lxt,488,2,19,342.145,255.295,139.7606,0.1703
lxt,488,2,20,342.02,255.41,135.0,0.1697
lxt,488,2,21,341.92,255.545,118.0785,0.17
lxt,488,2,22,341.85,255.7,110.5548,0.1709
lxt,488,2,23,341.81,255.86,97.121,0.1612
lxt,488,2,24,341.81,256.03,83.663,0.1811
lxt,488,2,25,341.85,256.2,69.4452,0.1709
lxt,488,2,26,341.92,256.355,61.9215,0.17
lxt,488,2,27,342.015,256.49,47.4922,0.1628
lxt,488,2,28,342.14,256.6,35.5365,0.1721
lxt,488,2,29,342.285,256.69,28.0785,0.17
lxt,488,2,30,342.44,256.755,17.3497,0.1676
lxt,488,2,31,342.61,256.79,6.337,0.1811
lxt,489,0,0,345.59,259.235,9.463,0.4258
lxt,489,0,1,345.22,259.09,34.5106,0.3883
lxt,489,0,2,344.95,258.815,56.3087,0.3966
lxt,489,0,3,344.805,258.44,80.537,0.4258
lxt,489,0,4,344.805,258.02,99.4637,0.4258
lxt,489,0,5,344.95,257.65,124.5081,0.3883
lxt,489,0,6,345.22,257.385,146.7243,0.3827
lxt,489,0,7,345.59,257.24,169.2138,0.4276
lxt,489,0,8,346.01,257.24,10.7862,0.4276
lxt,489,0,9,346.385,257.385,32.4712,0.3911
lxt,489,0,10,346.66,257.65,55.4919,0.3883
lxt,489,0,11,346.805,258.02,80.5363,0.4258
lxt,489,0,12,346.805,258.44,99.463,0.4258
lxt,489,0,13,346.66,258.815,123.6913,0.3966
lxt,489,0,14,346.385,259.09,146.3087,0.3966
lxt,489,0,15,346.01,259.235,170.537,0.4258
lxt,489,1,0,345.695,257.7,169.213,0.2138
lxt,489,1,1,345.5,257.78,146.3144,0.2163
lxt,489,1,2,345.35,257.925,125.2192,0.2081
lxt,489,1,3,345.27,258.12,100.2993,0.2236
lxt,489,1,4,345.27,258.34,79.7007,0.2236
lxt,489,1,5,345.35,258.54,56.3099,0.2163
lxt,489,1,6,345.5,258.69,33.6923,0.2164
lxt,489,1,7,345.695,258.775,13.3899,0.2159
lxt,489,1,8,345.91,258.775,167.1988,0.2256
lxt,489,1,9,346.11,258.69,146.3032,0.2163
lxt,489,1,10,346.26,258.54,123.6901,0.2163
lxt,489,1,11,346.34,258.34,100.3069,0.2236
lxt,489,1,12,346.34,258.12,79.6931,0.2236
lxt,489,1,13,346.26,257.925,54.7808,0.2081
lxt,489,1,14,346.11,257.78,33.6901,0.2163
lxt,489,1,15,345.91,257.7,10.3069,0.2236
lxt,490,0,0,350.28,259.005,90.0,0.51
lxt,490,0,1,349.375,259.26,0.0,1.81
lxt,490,0,2,348.11,258.08,73.0339,2.4674
lxt,490,0,3,347.81,256.9,0.0,0.12
lxt,490,0,4,347.955,256.985,45.0,0.2404
lxt,490,0,5,348.145,257.135,31.7615,0.247
lxt,490,0,6,348.37,257.24,18.4328,0.253
lxt,490,0,7,348.61,257.295,7.1241,0.2419
lxt,490,0,8,348.84,257.295,172.2352,0.222
lxt,490,0,9,349.05,257.25,163.3,0.2088
lxt,490,0,10,349.245,257.17,152.2403,0.2147
lxt,490,0,11,349.42,257.05,138.8179,0.2126
lxt,490,0,12,349.57,256.9,131.1821,0.2126
lxt,490,0,13,349.69,256.73,119.0571,0.2059
lxt,490,0,14,349.775,256.535,108.4349,0.2214
lxt,490,0,15,349.82,256.325,95.4376,0.2109
lxt,490,0,16,349.82,256.105,85.0332,0.2309
lxt,490,0,17,349.78,255.885,74.0546,0.2184
lxt,490,0,18,349.695,255.685,59.9282,0.2196
lxt,490,0,19,349.575,255.51,50.9123,0.2061
lxt,490,0,20,349.425,255.36,39.4671,0.2202
lxt,490,0,21,349.245,255.235,30.0718,0.2196
lxt,490,0,22,349.045,255.15,15.9454,0.2184
lxt,490,0,23,348.83,255.105,7.7648,0.222
lxt,490,0,24,348.64,255.1,172.879,0.1612
lxt,490,0,25,348.48,255.125,169.3704,0.1628
lxt,490,0,26,348.325,255.175,154.9895,0.1655
lxt,490,0,27,348.175,255.25,151.9215,0.17
lxt,490,0,28,348.035,255.34,142.4308,0.164
lxt,490,0,29,347.91,255.445,137.4922,0.1628
lxt,490,0,30,347.805,255.565,124.6931,0.1581
lxt,490,0,31,347.725,255.7,116.57,0.1565
lxt,490,0,32,347.475,255.57,42.93,0.5873
lxt,490,0,33,347.32,255.285,125.2192,0.2081
lxt,490,0,34,347.45,255.12,131.1821,0.2126
lxt,490,0,35,347.6,254.97,138.8118,0.2126
lxt,490,0,36,347.77,254.845,148.5728,0.2109
lxt,490,0,37,347.955,254.745,154.655,0.2102
lxt,490,0,38,348.15,254.67,163.3024,0.2088
lxt,490,0,39,348.355,254.62,169.213,0.2138
lxt,490,0,40,348.565,254.59,174.555,0.211
lxt,490,0,41,348.76,254.585,3.1831,0.1803
lxt,490,0,42,348.935,254.6,6.7069,0.1712
lxt,490,0,43,349.1,254.63,14.0388,0.1649
lxt,490,0,44,349.26,254.675,17.3596,0.1676
lxt,490,0,45,349.48,254.77,26.5626,0.313
lxt,490,0,46,349.74,254.935,38.369,0.3061
lxt,490,0,47,349.965,255.145,47.6009,0.3115
lxt,490,0,48,350.145,255.4,61.8223,0.3176
lxt,490,0,49,350.245,255.615,71.5685,0.1581
lxt,490,0,50,350.29,255.77,75.9612,0.1649
lxt,490,0,51,350.32,255.935,83.2931,0.1712
lxt,490,0,52,350.335,256.11,86.8175,0.1803
lxt,490,0,53,350.33,256.355,93.6894,0.3106
lxt,490,0,54,350.28,256.66,104.935,0.3105
lxt,490,0,55,350.18,256.945,113.9625,0.2955
lxt,490,0,56,350.04,257.205,122.6198,0.2968
lxt,490,0,57,349.855,257.43,136.3943,0.29
lxt,490,0,58,349.625,257.605,149.0373,0.2915
lxt,490,0,59,349.435,257.71,155.2266,0.1432
lxt,490,0,60,349.295,257.76,165.065,0.1552
lxt,490,0,61,349.14,257.795,169.381,0.1628
lxt,490,0,62,348.98,257.815,176.4203,0.1603
lxt,490,0,63,348.74,257.81,3.5797,0.3206
lxt,490,0,64,348.72,258.275,73.5781,0.9904
lxt,490,0,65,349.57,258.75,0.0,1.42
lxt,491,0,0,352.1,256.825,58.2764,4.5263
lxt,491,0,1,351.13,254.74,143.9722,0.5441
lxt,491,0,2,352.79,256.92,58.3926,5.4952
lxt,491,0,3,352.57,259.26,0.0,3.32
lxt,491,0,4,350.91,259.005,90.0,0.51
lxt,491,0,5,352.1,258.75,0.0,2.38
lxt,492,0,0,354.98,255.25,8.1249,0.1414
lxt,492,0,1,354.86,255.2,38.6726,0.1281
lxt,492,0,2,354.77,255.105,53.9632,0.136
lxt,492,0,3,354.72,254.985,81.2589,0.1315
lxt,492,0,4,354.72,254.855,98.7411,0.1315
lxt,492,0,5,354.77,254.735,126.0368,0.136
lxt,492,0,6,354.86,254.645,144.9986,0.122
lxt,492,0,7,354.98,254.595,167.9069,0.1432
lxt,492,0,8,355.115,254.595,12.9936,0.1334
lxt,492,0,9,355.235,254.645,32.4774,0.1304
lxt,492,0,10,355.325,254.735,57.5226,0.1304
lxt,492,0,11,355.375,254.855,77.0064,0.1334
lxt,492,0,12,355.375,254.985,102.9936,0.1334
lxt,492,0,13,355.325,255.105,122.4774,0.1304
lxt,492,0,14,355.235,255.2,143.9632,0.136
lxt,492,0,15,355.115,255.25,171.2589,0.1315
lxt,493,0,0,359.14,259.005,90.0,0.51
lxt,493,0,1,358.23,259.26,0.0,1.82
lxt,493,0,2,356.965,258.08,73.2565,2.4645
lxt,493,0,3,356.665,256.9,0.0,0.11
lxt,493,0,4,356.81,256.985,43.362,0.2476
lxt,493,0,5,357.005,257.135,31.7615,0.247
lxt,493,0,6,357.225,257.24,19.1752,0.2435
lxt,493,0,7,357.465,257.295,6.8425,0.2518
lxt,493,0,8,357.695,257.295,171.8699,0.2121
lxt,493,0,9,357.905,257.25,164.0546,0.2184
lxt,493,0,10,358.105,257.17,152.2403,0.2147
lxt,493,0,11,358.28,257.05,138.8179,0.2126
lxt,493,0,12,358.43,256.9,131.1821,0.2126
lxt,493,0,13,358.55,256.73,119.0571,0.2059
lxt,493,0,14,358.635,256.535,108.4349,0.2214
lxt,493,0,15,358.68,256.325,95.4376,0.2109
lxt,493,0,16,358.68,256.105,85.0332,0.2309
lxt,493,0,17,358.635,255.885,71.5626,0.2214
lxt,493,0,18,358.55,255.685,62.2403,0.2147
lxt,493,0,19,358.435,255.51,50.9123,0.2061
lxt,493,0,20,358.285,255.36,39.4671,0.2202
lxt,493,0,21,358.105,255.235,30.0718,0.2196
lxt,493,0,22,357.905,255.15,15.9454,0.2184
lxt,493,0,23,357.685,255.105,7.4308,0.232
lxt,493,0,24,357.495,255.1,172.4092,0.1513
lxt,493,0,25,357.34,255.125,169.3704,0.1628
lxt,493,0,26,357.185,255.175,154.9895,0.1655
lxt,493,0,27,357.035,255.25,151.9215,0.17
lxt,493,0,28,356.895,255.34,142.4308,0.164
lxt,493,0,29,356.77,255.445,137.4922,0.1628
lxt,493,0,30,356.665,255.565,124.6931,0.1581
lxt,493,0,31,356.585,255.7,116.57,0.1565
lxt,493,0,32,356.335,255.57,42.93,0.5873
lxt,493,0,33,356.18,255.285,125.2192,0.2081
lxt,493,0,34,356.305,255.12,129.0943,0.2062
lxt,493,0,35,356.455,254.97,140.5218,0.2202
lxt,493,0,36,356.625,254.845,147.1003,0.2025
lxt,493,0,37,356.81,254.745,155.7712,0.2193
lxt,493,0,38,357.01,254.67,163.3024,0.2088
lxt,493,0,39,357.215,254.62,169.213,0.2138
lxt,493,0,40,357.425,254.59,174.555,0.211
lxt,493,0,41,357.62,254.585,3.1831,0.1803
lxt,493,0,42,357.795,254.6,6.7069,0.1712
lxt,493,0,43,357.96,254.63,14.0388,0.1649
lxt,493,0,44,358.115,254.675,18.4419,0.1581
lxt,493,0,45,358.335,254.77,25.7661,0.322
lxt,493,0,46,358.6,254.935,38.369,0.3061
lxt,493,0,47,358.82,255.145,48.9905,0.3048
lxt,493,0,48,358.995,255.4,61.8223,0.3176
lxt,493,0,49,359.1,255.615,68.1986,0.1615
lxt,493,0,50,359.15,255.77,75.9612,0.1649
lxt,493,0,51,359.18,255.935,83.2931,0.1712
lxt,493,0,52,359.195,256.11,86.8175,0.1803
lxt,493,0,53,359.185,256.355,95.5274,0.3114
lxt,493,0,54,359.135,256.66,103.1359,0.308
lxt,493,0,55,359.04,256.945,113.9625,0.2955
lxt,493,0,56,358.895,257.205,124.213,0.3023
lxt,493,0,57,358.71,257.43,135.0,0.2829
lxt,493,0,58,358.485,257.605,149.0373,0.2915
lxt,493,0,59,358.29,257.71,156.8044,0.1523
lxt,493,0,60,358.15,257.76,164.0497,0.1456
lxt,493,0,61,358.0,257.795,169.381,0.1628
lxt,493,0,62,357.84,257.815,176.4203,0.1603
lxt,493,0,63,357.595,257.81,3.4717,0.3306
lxt,493,0,64,357.575,258.275,73.0259,0.9933
lxt,493,0,65,358.43,258.75,0.0,1.42
lxt,494,0,0,360.025,258.615,67.3061,1.7885
lxt,494,0,1,359.855,257.72,158.1969,0.377
lxt,494,0,2,360.45,258.45,62.3007,1.8071
lxt,494,0,3,360.62,259.345,159.193,0.5349
lxt,495,0,0,361.93,254.67,0.0,0.6
lxt,495,0,1,362.23,256.4,90.0,3.46
lxt,495,0,2,363.93,256.305,132.9691,4.9882
lxt,495,0,3,365.63,256.87,90.0,4.78
lxt,495,0,4,365.335,259.26,0.0,0.59
lxt,495,0,5,365.04,257.585,90.0,3.35
lxt,495,0,6,363.335,257.7,133.6067,4.9442
lxt,495,0,7,361.63,257.08,90.0,4.82
lxt,496,0,0,339.35,486.95,0.0,0.2
lxt,496,0,1,339.545,486.93,168.1112,0.1942
lxt,496,0,2,339.725,486.875,157.6179,0.1838
lxt,496,0,3,339.88,486.79,144.4656,0.1721
lxt,496,0,4,340.005,486.675,130.2332,0.1703
lxt,496,0,5,340.105,486.53,119.3562,0.1836
lxt,496,0,6,340.175,486.36,105.5295,0.1868
lxt,496,0,7,340.21,486.165,95.4374,0.2109
lxt,496,0,8,340.21,485.97,83.6633,0.1811
lxt,496,0,9,340.18,485.795,76.7566,0.1746
lxt,496,0,10,340.12,485.635,61.9227,0.17
lxt,496,0,11,340.025,485.49,51.8464,0.178
lxt,496,0,12,339.905,485.365,40.2355,0.1703
lxt,496,0,13,339.765,485.27,28.074,0.17
lxt,496,0,14,339.605,485.205,16.3869,0.1772
lxt,496,0,15,339.43,485.17,6.3418,0.1811
lxt,496,0,16,339.26,485.165,176.423,0.1603
lxt,496,0,17,339.1,485.19,165.9638,0.1649
lxt,496,0,18,338.95,485.24,156.7999,0.1523
lxt,496,0,19,338.815,485.31,148.3929,0.1526
lxt,496,0,20,338.69,485.405,137.4882,0.1628
lxt,496,0,21,338.585,485.52,126.8699,0.15
lxt,496,0,22,338.51,485.655,111.8004,0.1616
lxt,496,0,23,338.46,485.81,104.0388,0.1649
lxt,496,0,24,338.165,485.89,0.0,0.55
lxt,496,0,25,337.91,485.755,98.4223,0.2729
lxt,496,0,26,337.975,485.5,110.5554,0.2563
lxt,496,0,27,338.09,485.27,122.4738,0.2608
lxt,496,0,28,338.245,485.075,134.9974,0.2404
lxt,496,0,29,338.435,484.915,144.4649,0.2581
lxt,496,0,30,338.655,484.79,156.5,0.2508
lxt,496,0,31,338.9,484.705,164.9321,0.2693
lxt,496,0,32,339.165,484.66,175.7625,0.2707
lxt,496,0,33,339.445,484.66,3.9459,0.2907
lxt,496,0,34,339.73,484.705,14.0362,0.2886
lxt,496,0,35,339.99,484.8,26.5665,0.2683
lxt,496,0,36,340.215,484.94,37.3004,0.264
lxt,496,0,37,340.41,485.12,48.0135,0.2691
lxt,496,0,38,340.56,485.34,63.4364,0.2683
lxt,496,0,39,340.66,485.595,73.4921,0.2816
lxt,496,0,40,340.715,485.88,84.2897,0.3015
lxt,496,0,41,340.725,486.125,93.0158,0.1903
lxt,496,0,42,340.71,486.305,96.706,0.1712
lxt,496,0,43,340.675,486.475,106.3954,0.1772
lxt,496,0,44,340.615,486.635,115.019,0.1655
lxt,496,0,45,340.54,486.78,119.7408,0.1612
lxt,496,0,46,340.445,486.915,130.2332,0.1703
lxt,496,0,47,340.33,487.035,137.4955,0.1628
lxt,496,0,48,340.195,487.14,146.3093,0.1803
lxt,496,0,49,340.235,487.29,41.0084,0.3048
lxt,496,0,50,340.43,487.515,57.3802,0.2968
lxt,496,0,51,340.54,487.71,66.8022,0.1523
lxt,496,0,52,340.59,487.85,74.0629,0.1456
lxt,496,0,53,340.625,488.0,79.37,0.1628
lxt,496,0,54,340.645,488.165,86.6406,0.1703
lxt,496,0,55,340.635,488.385,96.34,0.2717
lxt,496,0,56,340.585,488.645,105.6438,0.2596
lxt,496,0,57,340.49,488.875,119.744,0.2419
lxt,496,0,58,340.355,489.07,129.8044,0.2343
lxt,496,0,59,340.18,489.235,143.1315,0.25
lxt,496,0,60,339.97,489.36,155.5565,0.2417
lxt,496,0,61,339.74,489.445,163.7392,0.25
lxt,496,0,62,339.485,489.49,175.7625,0.2707
lxt,496,0,63,339.215,489.49,4.237,0.2708
lxt,496,0,64,338.955,489.455,11.3089,0.255
lxt,496,0,65,338.725,489.38,25.4656,0.2326
lxt,496,0,66,338.525,489.265,34.3794,0.2302
lxt,496,0,67,338.35,489.115,46.7347,0.2335
lxt,496,0,68,338.21,488.93,59.0379,0.2332
lxt,496,0,69,338.105,488.715,68.6298,0.247
lxt,496,0,70,338.03,488.465,77.4719,0.2766
lxt,496,0,71,338.285,488.33,0.0,0.57
lxt,496,0,72,338.585,488.4,77.9057,0.1432
lxt,496,0,73,338.625,488.535,68.9679,0.1393
lxt,496,0,74,338.69,488.655,53.967,0.136
lxt,496,0,75,338.775,488.76,48.0135,0.1345
lxt,496,0,76,338.87,488.85,38.6587,0.1281
lxt,496,0,77,338.985,488.915,21.0395,0.1393
lxt,496,0,78,339.115,488.96,17.1025,0.136
lxt,496,0,79,339.255,488.985,3.815,0.1503
lxt,496,0,80,339.415,488.985,176.6331,0.1703
lxt,496,0,81,339.575,488.955,161.5659,0.1581
lxt,496,0,82,339.72,488.895,153.4374,0.1565
lxt,496,0,83,339.85,488.815,143.1278,0.15
lxt,496,0,84,339.955,488.71,126.8681,0.15
lxt,496,0,85,340.035,488.585,118.3038,0.1476
lxt,496,0,86,340.095,488.445,108.4306,0.1581
lxt,496,0,87,340.13,488.285,96.7164,0.1712
lxt,496,0,88,340.13,488.105,83.9852,0.1911
lxt,496,0,89,340.09,487.93,69.4443,0.1709
lxt,496,0,90,340.02,487.785,58.3978,0.1526
lxt,496,0,91,339.925,487.67,42.2691,0.1487
lxt,496,0,92,339.8,487.585,26.5675,0.1565
lxt,496,0,93,339.655,487.525,18.4306,0.1581
lxt,496,0,94,339.495,487.485,10.0111,0.1726
lxt,496,0,95,339.32,487.465,3.1782,0.1803
lxt,496,0,96,339.24,487.205,92.2445,0.5104
lxt,497,0,0,341.48,485.86,93.8119,0.3007
lxt,497,0,1,341.53,485.575,106.5079,0.2816
lxt,497,0,2,341.635,485.325,119.4765,0.2642
lxt,497,0,3,341.785,485.11,130.3621,0.2625
lxt,497,0,4,341.975,484.935,144.4609,0.2581
lxt,497,0,5,342.2,484.8,153.4379,0.2683
lxt,497,0,6,342.45,484.705,164.9304,0.2692
lxt,497,0,7,342.725,484.66,176.0541,0.2907
lxt,497,0,8,343.015,484.66,3.9459,0.2907
lxt,497,0,9,343.29,484.705,15.0679,0.2693
lxt,497,0,10,343.54,484.8,26.5651,0.2683
lxt,497,0,11,343.765,484.935,35.5391,0.2581
lxt,497,0,12,343.955,485.11,49.6328,0.2625
lxt,497,0,13,344.105,485.325,60.5235,0.2642
lxt,497,0,14,344.21,485.575,73.4981,0.2816
lxt,497,0,15,344.26,485.86,86.1881,0.3007
lxt,497,0,16,344.265,486.1,93.1732,0.1803
lxt,497,0,17,344.245,486.275,100.0077,0.1726
lxt,497,0,18,344.205,486.445,106.3954,0.1772
lxt,497,0,19,344.14,486.605,118.0683,0.17
lxt,497,0,20,344.05,486.75,125.5394,0.172
lxt,497,0,21,343.945,486.875,134.996,0.1556
lxt,497,0,22,343.82,486.98,144.4656,0.1721
lxt,497,0,23,343.67,487.07,153.4349,0.1789
lxt,497,0,24,343.715,487.21,38.6604,0.3202
lxt,497,0,25,343.935,487.43,51.6319,0.3061
lxt,497,0,26,344.065,487.62,63.4325,0.1565
lxt,497,0,27,344.125,487.765,71.5694,0.1581
lxt,497,0,28,344.165,487.925,79.9923,0.1726
lxt,497,0,29,344.185,488.095,86.6302,0.1703
lxt,497,0,30,344.175,488.315,96.3398,0.2717
lxt,497,0,31,344.125,488.58,105.0703,0.2693
lxt,497,0,32,344.03,488.82,118.6093,0.2506
lxt,497,0,33,343.89,489.03,128.6598,0.2561
lxt,497,0,34,343.715,489.205,141.7113,0.2421
lxt,497,0,35,343.51,489.34,151.3891,0.2506
lxt,497,0,36,343.27,489.44,162.8956,0.272
lxt,497,0,37,343.005,489.49,175.7646,0.2708
lxt,497,0,38,342.735,489.49,4.2359,0.2707
lxt,497,0,39,342.47,489.44,17.1025,0.272
lxt,497,0,40,342.23,489.34,28.6109,0.2506
lxt,497,0,41,342.025,489.205,38.2887,0.2421
lxt,497,0,42,341.85,489.03,51.3402,0.2561
lxt,497,0,43,341.71,488.82,61.3907,0.2506
lxt,497,0,44,341.615,488.58,74.9297,0.2693
lxt,497,0,45,341.565,488.315,83.6602,0.2717
lxt,497,0,46,341.555,488.095,93.3698,0.1703
lxt,497,0,47,341.575,487.925,100.0077,0.1726
lxt,497,0,48,341.615,487.765,108.4411,0.1581
lxt,497,0,49,341.67,487.62,113.1978,0.1523
lxt,497,0,50,341.795,487.43,128.3681,0.3061
lxt,497,0,51,342.01,487.21,140.1926,0.3124
lxt,497,0,52,342.055,487.07,28.074,0.17
lxt,497,0,53,341.91,486.98,35.5344,0.1721
lxt,497,0,54,341.785,486.875,45.004,0.1556
lxt,497,0,55,341.685,486.75,57.2657,0.1664
lxt,497,0,56,341.6,486.605,61.9227,0.17
lxt,497,0,57,341.535,486.445,73.6141,0.1772
lxt,497,0,58,341.495,486.275,79.9923,0.1726
lxt,497,0,59,341.475,486.1,86.8171,0.1803
lxt,497,1,0,342.95,488.98,172.8736,0.1612
lxt,497,1,1,343.105,488.95,165.0677,0.1552
lxt,497,1,2,343.245,488.89,148.3929,0.1526
lxt,497,1,3,343.375,488.8,142.4329,0.164
lxt,497,1,4,343.49,488.69,129.8084,0.1562
lxt,497,1,5,343.575,488.56,116.5675,0.1565
lxt,497,1,6,343.635,488.415,108.4306,0.1581
lxt,497,1,7,343.67,488.26,97.121,0.1612
lxt,497,1,8,343.67,488.105,82.4096,0.1513
lxt,497,1,9,343.635,487.96,70.3505,0.1487
lxt,497,1,10,343.57,487.825,58.3865,0.1526
lxt,497,1,11,343.475,487.695,49.7668,0.1703
lxt,497,1,12,343.36,487.58,39.8013,0.1562
lxt,497,1,13,343.23,487.49,29.7459,0.1612
lxt,497,1,14,343.09,487.42,23.1982,0.1523
lxt,497,1,15,342.945,487.38,7.5937,0.1513
lxt,497,1,16,342.795,487.38,172.4063,0.1513
lxt,497,1,17,342.65,487.42,156.8018,0.1523
lxt,497,1,18,342.51,487.49,150.2541,0.1612
lxt,497,1,19,342.38,487.58,140.1916,0.1562
lxt,497,1,20,342.265,487.695,130.241,0.1703
lxt,497,1,21,342.17,487.825,121.6037,0.1526
lxt,497,1,22,342.105,487.96,109.6605,0.1487
lxt,497,1,23,342.07,488.105,97.5904,0.1513
lxt,497,1,24,342.07,488.26,82.879,0.1612
lxt,497,1,25,342.105,488.415,71.5589,0.1581
lxt,497,1,26,342.165,488.56,63.4325,0.1565
lxt,497,1,27,342.25,488.69,50.2002,0.1562
lxt,497,1,28,342.36,488.8,39.7991,0.1562
lxt,497,1,29,342.49,488.89,29.7482,0.1612
lxt,497,1,30,342.635,488.95,14.9323,0.1552
lxt,497,1,31,342.79,488.98,7.1264,0.1612
lxt,497,2,0,342.955,486.85,173.2918,0.1712
lxt,497,2,1,343.125,486.82,166.7579,0.1746
lxt,497,2,2,343.285,486.76,151.9308,0.17
lxt,497,2,3,343.425,486.67,142.4264,0.164
lxt,497,2,4,343.545,486.555,130.241,0.1703
lxt,497,2,5,343.645,486.42,122.7329,0.1664
lxt,497,2,6,343.715,486.27,107.3504,0.1676
lxt,497,2,7,343.75,486.1,96.3463,0.1811
lxt,497,2,8,343.75,485.925,83.2836,0.1712
lxt,497,2,9,343.715,485.765,71.5694,0.1581
lxt,497,2,10,343.645,485.615,59.0375,0.1749
lxt,497,2,11,343.545,485.475,49.759,0.1703
lxt,497,2,12,343.42,485.36,35.5403,0.172
lxt,497,2,13,343.275,485.27,28.074,0.17
lxt,497,2,14,343.12,485.205,17.3546,0.1676
lxt,497,2,15,342.955,485.17,6.7082,0.1712
lxt,497,2,16,342.785,485.17,173.2906,0.1712
lxt,497,2,17,342.62,485.205,162.6454,0.1676
lxt,497,2,18,342.465,485.27,151.926,0.17
lxt,497,2,19,342.32,485.36,144.4656,0.1721
lxt,497,2,20,342.195,485.475,130.2332,0.1703
lxt,497,2,21,342.095,485.615,120.971,0.1749
lxt,497,2,22,342.025,485.765,108.4306,0.1581
lxt,497,2,23,341.99,485.925,96.7063,0.1712
lxt,497,2,24,341.99,486.1,83.6633,0.1811
lxt,497,2,25,342.025,486.27,72.6496,0.1676
lxt,497,2,26,342.095,486.42,57.2583,0.1665
lxt,497,2,27,342.195,486.555,49.7668,0.1703
lxt,497,2,28,342.315,486.67,37.5671,0.164
lxt,497,2,29,342.455,486.76,28.074,0.17
lxt,497,2,30,342.615,486.82,13.2398,0.1747
lxt,497,2,31,342.785,486.85,6.7094,0.1712
lxt,498,0,0,345.765,489.3,11.0411,0.4177
lxt,498,0,1,345.395,489.155,32.4721,0.3911
lxt,498,0,2,345.125,488.885,57.5262,0.3912
lxt,498,0,3,344.98,488.51,79.2174,0.4275
lxt,498,0,4,344.98,488.09,100.7826,0.4275
lxt,498,0,5,345.125,487.715,122.4738,0.3912
lxt,498,0,6,345.395,487.445,147.5279,0.3911
lxt,498,0,7,345.765,487.305,170.3113,0.4159
lxt,498,0,8,346.185,487.305,9.2462,0.4357
lxt,498,0,9,346.565,487.445,32.4697,0.3912
lxt,498,0,10,346.835,487.715,57.53,0.3911
lxt,498,0,11,346.98,488.09,79.2174,0.4275
lxt,498,0,12,346.98,488.51,100.7826,0.4275
lxt,498,0,13,346.835,488.885,122.47,0.3911
lxt,498,0,14,346.565,489.155,147.5303,0.3912
lxt,498,0,15,346.185,489.3,169.4604,0.4374
lxt,498,1,0,345.865,487.77,169.217,0.2138
lxt,498,1,1,345.675,487.845,147.0967,0.2025
lxt,498,1,2,345.53,487.99,123.6889,0.2163
lxt,498,1,3,345.445,488.19,102.8012,0.2256
lxt,498,1,4,345.445,488.41,77.1988,0.2256
lxt,498,1,5,345.53,488.61,56.3111,0.2163
lxt,498,1,6,345.675,488.76,35.2161,0.2081
lxt,498,1,7,345.865,488.84,10.783,0.2138
lxt,498,1,8,346.08,488.84,169.6969,0.2236
lxt,498,1,9,346.28,488.76,146.3083,0.2163
lxt,498,1,10,346.43,488.61,123.6889,0.2163
lxt,498,1,11,346.515,488.41,102.8087,0.2256
lxt,498,1,12,346.515,488.19,77.1913,0.2256
lxt,498,1,13,346.43,487.99,56.3111,0.2163
lxt,498,1,14,346.28,487.845,31.4307,0.2109
lxt,498,1,15,346.08,487.77,10.3031,0.2236
lxt,499,0,0,350.46,489.075,90.0,0.51
lxt,499,0,1,349.55,489.33,0.0,1.82
lxt,499,0,2,348.285,488.15,73.2564,2.4645
lxt,499,0,3,347.985,486.97,0.0,0.11
lxt,499,0,4,348.125,487.055,44.9974,0.2404
lxt,499,0,5,348.32,487.2,28.6109,0.2506
lxt,499,0,6,348.545,487.305,21.3689,0.247
lxt,499,0,7,348.78,487.36,4.7648,0.2408
lxt,499,0,8,349.01,487.36,174.8045,0.2209
lxt,499,0,9,349.225,487.32,164.0546,0.2184
lxt,499,0,10,349.42,487.235,148.5693,0.2109
lxt,499,0,11,349.595,487.115,142.5974,0.214
lxt,499,0,12,349.745,486.97,129.0943,0.2062
lxt,499,0,13,349.865,486.795,120.065,0.2195
lxt,499,0,14,349.95,486.6,106.6988,0.2088
lxt,499,0,15,349.995,486.39,97.7648,0.222
lxt,499,0,16,349.995,486.17,82.2352,0.222
lxt,499,0,17,349.95,485.955,74.0552,0.2184
lxt,499,0,18,349.87,485.755,62.2403,0.2147
lxt,499,0,19,349.75,485.575,50.5304,0.2202
lxt,499,0,20,349.6,485.42,41.1852,0.2126
lxt,499,0,21,349.425,485.3,27.7579,0.2147
lxt,499,0,22,349.225,485.215,18.4356,0.2214
lxt,499,0,23,349.005,485.17,4.9706,0.2309
lxt,499,0,24,348.815,485.165,176.185,0.1503
lxt,499,0,25,348.66,485.19,165.9638,0.1649
lxt,499,0,26,348.5,485.24,159.4452,0.1709
lxt,499,0,27,348.35,485.31,150.2518,0.1612
lxt,499,0,28,348.215,485.4,142.4329,0.164
lxt,499,0,29,348.09,485.51,134.9982,0.1697
lxt,499,0,30,347.985,485.635,124.6946,0.1581
lxt,499,0,31,347.905,485.77,116.5675,0.1565
lxt,499,0,32,347.655,485.64,42.93,0.5873
lxt,499,0,33,347.495,485.35,121.4261,0.2109
lxt,499,0,34,347.62,485.18,131.1882,0.2126
lxt,499,0,35,347.77,485.035,140.9074,0.2062
lxt,499,0,36,347.94,484.915,148.5693,0.2109
lxt,499,0,37,348.125,484.815,154.6531,0.2102
lxt,499,0,38,348.325,484.735,161.5644,0.2214
lxt,499,0,39,348.535,484.68,169.215,0.2138
lxt,499,0,40,348.745,484.655,177.2755,0.2103
lxt,499,0,41,348.935,484.655,3.365,0.1703
lxt,499,0,42,349.105,484.67,6.7107,0.1712
lxt,499,0,43,349.275,484.7,13.2421,0.1746
lxt,499,0,44,349.435,484.745,18.4341,0.1581
lxt,499,0,45,349.65,484.84,26.5651,0.313
lxt,499,0,46,349.915,485.0,35.7539,0.3081
lxt,499,0,47,350.14,485.21,50.1934,0.3124
lxt,499,0,48,350.315,485.47,61.8223,0.3176
lxt,499,0,49,350.42,485.685,68.1996,0.1616
lxt,499,0,50,350.465,485.84,79.3805,0.1628
lxt,499,0,51,350.495,486.005,79.9923,0.1726
lxt,499,0,52,350.515,486.18,86.8171,0.1803
lxt,499,0,53,350.505,486.425,95.5272,0.3115
lxt,499,0,54,350.455,486.73,103.1355,0.3081
lxt,499,0,55,350.36,487.015,113.9613,0.2955
lxt,499,0,56,350.215,487.27,125.3087,0.2941
lxt,499,0,57,350.025,487.49,136.4006,0.29
lxt,499,0,58,349.8,487.67,146.3083,0.2884
lxt,499,0,59,349.61,487.78,156.8044,0.1523
lxt,499,0,60,349.465,487.83,165.0677,0.1552
lxt,499,0,61,349.315,487.86,172.4034,0.1513
lxt,499,0,62,349.16,487.875,176.4257,0.1603
lxt,499,0,63,348.915,487.875,1.7348,0.3301
lxt,499,0,64,348.895,488.345,73.0257,0.9933
lxt,499,0,65,349.75,488.82,0.0,1.42
lxt,500,0,0,351.18,485.86,93.8119,0.3007
lxt,500,0,1,351.235,485.575,108.4345,0.2846
lxt,500,0,2,351.34,485.325,117.5575,0.2594
lxt,500,0,3,351.485,485.11,130.3621,0.2625
lxt,500,0,4,351.675,484.935,144.4609,0.2581
lxt,500,0,5,351.9,484.8,153.4379,0.2683
lxt,500,0,6,352.155,484.705,165.465,0.2789
lxt,500,0,7,352.43,484.66,175.9135,0.2807
lxt,500,0,8,352.715,484.66,3.9459,0.2907
lxt,500,0,9,352.99,484.705,15.0679,0.2693
lxt,500,0,10,353.24,484.8,26.5651,0.2683
lxt,500,0,11,353.465,484.935,35.5391,0.2581
lxt,500,0,12,353.655,485.11,49.6328,0.2625
lxt,500,0,13,353.805,485.325,60.5235,0.2642
lxt,500,0,14,353.91,485.575,73.4981,0.2816
lxt,500,0,15,353.965,485.86,84.2897,0.3015
lxt,500,0,16,353.97,486.1,96.3367,0.1811
lxt,500,0,17,353.945,486.275,100.0077,0.1726
lxt,500,0,18,353.905,486.445,106.3954,0.1772
lxt,500,0,19,353.84,486.605,118.0683,0.17
lxt,500,0,20,353.755,486.75,122.7343,0.1664
lxt,500,0,21,353.65,486.875,137.4882,0.1628
lxt,500,0,22,353.52,486.98,144.4656,0.1721
lxt,500,0,23,353.37,487.07,153.4349,0.1789
lxt,500,0,24,353.42,487.21,37.5682,0.328
lxt,500,0,25,353.64,487.43,53.131,0.3
lxt,500,0,26,353.765,487.62,63.4325,0.1565
lxt,500,0,27,353.825,487.765,71.5694,0.1581
lxt,500,0,28,353.865,487.925,79.9923,0.1726
lxt,500,0,29,353.885,488.095,86.6302,0.1703
lxt,500,0,30,353.875,488.315,96.3398,0.2717
lxt,500,0,31,353.825,488.58,105.0703,0.2693
lxt,500,0,32,353.73,488.82,118.6093,0.2506
lxt,500,0,33,353.59,489.03,128.6598,0.2561
lxt,500,0,34,353.415,489.205,141.7113,0.2421
lxt,500,0,35,353.21,489.34,151.3891,0.2506
lxt,500,0,36,352.975,489.44,162.2549,0.2625
lxt,500,0,37,352.71,489.49,175.915,0.2807
lxt,500,0,38,352.435,489.49,4.2359,0.2707
lxt,500,0,39,352.17,489.44,17.1025,0.272
lxt,500,0,40,351.93,489.34,28.6109,0.2506
lxt,500,0,41,351.725,489.205,38.2887,0.2421
lxt,500,0,42,351.55,489.03,51.3402,0.2561
lxt,500,0,43,351.41,488.82,61.3907,0.2506
lxt,500,0,44,351.315,488.58,74.9297,0.2693
lxt,500,0,45,351.265,488.315,83.6602,0.2717
lxt,500,0,46,351.255,488.095,93.3698,0.1703
lxt,500,0,47,351.275,487.925,100.0077,0.1726
lxt,500,0,48,351.315,487.765,108.4411,0.1581
lxt,500,0,49,351.37,487.62,113.1978,0.1523
lxt,500,0,50,351.495,487.43,128.3681,0.3061
lxt,500,0,51,351.71,487.21,140.1926,0.3124
lxt,500,0,52,351.755,487.07,28.074,0.17
lxt,500,0,53,351.61,486.98,35.5344,0.1721
lxt,500,0,54,351.485,486.875,45.004,0.1556
lxt,500,0,55,351.385,486.75,57.2657,0.1664
lxt,500,0,56,351.3,486.605,61.9227,0.17
lxt,500,0,57,351.235,486.445,73.6141,0.1772
lxt,500,0,58,351.195,486.275,79.9923,0.1726
lxt,500,0,59,351.175,486.1,86.8171,0.1803
lxt,500,1,0,352.65,488.98,172.8736,0.1612
lxt,500,1,1,352.805,488.95,165.0677,0.1552
lxt,500,1,2,352.95,488.89,150.2571,0.1613
lxt,500,1,3,353.08,488.8,140.1937,0.1562
lxt,500,1,4,353.19,488.69,129.8084,0.1562
lxt,500,1,5,353.275,488.56,116.5675,0.1565
lxt,500,1,6,353.335,488.415,108.4306,0.1581
lxt,500,1,7,353.37,488.26,97.121,0.1612
lxt,500,1,8,353.37,488.105,82.4096,0.1513
lxt,500,1,9,353.335,487.96,70.3505,0.1487
lxt,500,1,10,353.27,487.825,58.3865,0.1526
lxt,500,1,11,353.175,487.695,49.7668,0.1703
lxt,500,1,12,353.06,487.58,39.8013,0.1562
lxt,500,1,13,352.93,487.49,29.7459,0.1612
lxt,500,1,14,352.79,487.42,23.1982,0.1523
lxt,500,1,15,352.645,487.38,7.5937,0.1513
lxt,500,1,16,352.495,487.38,172.4063,0.1513
lxt,500,1,17,352.35,487.42,156.8018,0.1523
lxt,500,1,18,352.21,487.49,150.2541,0.1612
lxt,500,1,19,352.08,487.58,140.1916,0.1562
lxt,500,1,20,351.965,487.695,130.241,0.1703
lxt,500,1,21,351.87,487.825,121.6037,0.1526
lxt,500,1,22,351.805,487.96,109.6605,0.1487
lxt,500,1,23,351.77,488.105,97.5904,0.1513
lxt,500,1,24,351.77,488.26,82.879,0.1612
lxt,500,1,25,351.805,488.415,71.5589,0.1581
lxt,500,1,26,351.865,488.56,63.4325,0.1565
lxt,500,1,27,351.95,488.69,50.2002,0.1562
lxt,500,1,28,352.065,488.8,37.5671,0.164
lxt,500,1,29,352.195,488.89,31.6071,0.1526
lxt,500,1,30,352.335,488.95,14.9323,0.1552
lxt,500,1,31,352.49,488.98,7.1264,0.1612
lxt,500,2,0,352.655,486.85,173.2918,0.1712
lxt,500,2,1,352.825,486.82,166.7579,0.1746
lxt,500,2,2,352.985,486.76,151.9308,0.17
lxt,500,2,3,353.125,486.67,142.4264,0.164
lxt,500,2,4,353.245,486.555,130.241,0.1703
lxt,500,2,5,353.345,486.42,122.7329,0.1664
lxt,500,2,6,353.42,486.27,110.5557,0.1709
lxt,500,2,7,353.46,486.1,96.3367,0.1811
lxt,500,2,8,353.46,485.925,83.2937,0.1712
lxt,500,2,9,353.42,485.765,68.1996,0.1616
lxt,500,2,10,353.345,485.615,59.0375,0.1749
lxt,500,2,11,353.245,485.475,49.759,0.1703
lxt,500,2,12,353.12,485.36,35.5403,0.172
lxt,500,2,13,352.975,485.27,28.074,0.17
lxt,500,2,14,352.82,485.205,17.3546,0.1676
lxt,500,2,15,352.655,485.17,6.7082,0.1712
lxt,500,2,16,352.485,485.17,173.2906,0.1712
lxt,500,2,17,352.32,485.205,162.6454,0.1676
lxt,500,2,18,352.165,485.27,151.926,0.17
lxt,500,2,19,352.02,485.36,144.4656,0.1721
lxt,500,2,20,351.895,485.475,130.2332,0.1703
lxt,500,2,21,351.795,485.615,120.971,0.1749
lxt,500,2,22,351.725,485.765,108.4306,0.1581
lxt,500,2,23,351.69,485.925,96.7063,0.1712
lxt,500,2,24,351.69,486.1,83.6633,0.1811
lxt,500,2,25,351.725,486.27,72.6496,0.1676
lxt,500,2,26,351.795,486.42,57.2583,0.1665
lxt,500,2,27,351.895,486.555,49.7668,0.1703
lxt,500,2,28,352.015,486.67,37.5671,0.164
lxt,500,2,29,352.155,486.76,28.074,0.17
lxt,500,2,30,352.315,486.82,13.2398,0.1747
lxt,500,2,31,352.485,486.85,6.7094,0.1712
lxt,501,0,0,355.155,485.315,12.9936,0.1334
lxt,501,0,1,355.035,485.265,32.4745,0.1304
lxt,501,0,2,354.945,485.175,57.5262,0.1304
lxt,501,0,3,354.895,485.055,77.0056,0.1334
lxt,501,0,4,354.895,484.925,102.9936,0.1334
lxt,501,0,5,354.945,484.805,122.4738,0.1304
lxt,501,0,6,355.035,484.715,147.5255,0.1304
lxt,501,0,7,355.155,484.665,167.0064,0.1334
lxt,501,0,8,355.285,484.665,12.9936,0.1334
lxt,501,0,9,355.405,484.715,32.4745,0.1304
lxt,501,0,10,355.495,484.805,57.5262,0.1304
lxt,501,0,11,355.545,484.925,77.0064,0.1334
lxt,501,0,12,355.545,485.055,102.9944,0.1334
lxt,501,0,13,355.495,485.175,122.4738,0.1304
lxt,501,0,14,355.405,485.265,147.5255,0.1304
lxt,501,0,15,355.285,485.315,167.0064,0.1334
lxt,502,0,0,357.99,484.66,5.1935,0.2209
lxt,502,0,1,358.195,484.69,11.8888,0.1942
lxt,502,0,2,358.38,484.75,23.9638,0.197
lxt,502,0,3,358.55,484.84,32.0044,0.1887
lxt,502,0,4,358.7,484.955,42.877,0.1911
lxt,502,0,5,358.835,485.09,47.1266,0.191
lxt,502,0,6,358.96,485.24,53.1235,0.2
lxt,502,0,7,359.07,485.41,60.9514,0.2059
lxt,502,0,8,359.195,485.69,68.4561,0.4085
lxt,502,0,9,359.325,486.085,74.9834,0.4245
lxt,502,0,10,359.4,486.39,78.6875,0.204
lxt,502,0,11,359.43,486.59,84.2927,0.201
lxt,502,0,12,359.445,486.785,86.9843,0.1903
lxt,502,0,13,359.455,486.97,86.8268,0.1803
lxt,502,0,14,359.46,487.155,90.0,0.19
lxt,502,0,15,359.45,487.345,96.0057,0.1911
lxt,502,0,16,359.43,487.54,95.7076,0.201
lxt,502,0,17,359.4,487.745,100.7866,0.2138
lxt,502,0,18,359.33,488.05,104.037,0.4123
lxt,502,0,19,359.2,488.445,112.3067,0.4215
lxt,502,0,20,359.07,488.73,119.0486,0.2059
lxt,502,0,21,358.965,488.9,124.5118,0.1942
lxt,502,0,22,358.845,489.055,130.9152,0.1985
lxt,502,0,23,358.705,489.19,141.3402,0.1921
lxt,502,0,24,358.55,489.305,145.4919,0.1942
lxt,502,0,25,358.38,489.4,156.0362,0.197
lxt,502,0,26,358.195,489.46,168.1112,0.1942
lxt,502,0,27,357.99,489.49,174.8065,0.2209
lxt,502,0,28,357.775,489.49,5.4396,0.2109
lxt,502,0,29,357.575,489.46,11.8888,0.1942
lxt,502,0,30,357.39,489.4,23.9638,0.197
lxt,502,0,31,357.22,489.305,34.5081,0.1942
lxt,502,0,32,357.065,489.19,38.6541,0.1921
lxt,502,0,33,356.925,489.055,49.0915,0.1985
lxt,502,0,34,356.805,488.9,55.4882,0.1942
lxt,502,0,35,356.7,488.73,60.944,0.2059
lxt,502,0,36,356.57,488.445,67.6933,0.4215
lxt,502,0,37,356.44,488.05,75.9671,0.4123
lxt,502,0,38,356.37,487.745,79.2134,0.2138
lxt,502,0,39,356.34,487.54,84.2924,0.201
lxt,502,0,40,356.32,487.345,83.9852,0.1911
lxt,502,0,41,356.31,487.155,90.0,0.19
lxt,502,0,42,356.31,486.97,90.0,0.18
lxt,502,0,43,356.32,486.785,96.0148,0.1911
lxt,502,0,44,356.34,486.59,95.7073,0.201
lxt,502,0,45,356.37,486.39,101.3125,0.204
lxt,502,0,46,356.445,486.085,105.0166,0.4245
lxt,502,0,47,356.575,485.69,111.5399,0.4085
lxt,502,0,48,356.7,485.41,119.056,0.2059
lxt,502,0,49,356.81,485.24,126.8695,0.2
lxt,502,0,50,356.935,485.09,132.8801,0.1911
lxt,502,0,51,357.07,484.955,137.123,0.1911
lxt,502,0,52,357.22,484.84,147.9956,0.1887
lxt,502,0,53,357.39,484.75,156.0362,0.197
lxt,502,0,54,357.575,484.69,168.1112,0.1942
lxt,502,0,55,357.775,484.66,174.5604,0.2109
lxt,502,1,0,357.955,488.985,176.1879,0.1503
lxt,502,1,1,358.1,488.955,160.347,0.1487
lxt,502,1,2,358.23,488.9,153.4349,0.1342
lxt,502,1,3,358.345,488.825,140.7056,0.1421
lxt,502,1,4,358.495,488.665,129.5606,0.2983
lxt,502,1,5,358.66,488.41,116.5675,0.3131
lxt,502,1,6,358.78,488.115,107.8794,0.3257
lxt,502,1,7,358.865,487.8,102.3351,0.3276
lxt,502,1,8,358.92,487.485,97.354,0.3126
lxt,502,1,9,358.945,487.2,92.2047,0.2602
lxt,502,1,10,358.945,486.935,87.8768,0.2702
lxt,502,1,11,358.92,486.65,82.4038,0.3027
lxt,502,1,12,358.865,486.34,77.6649,0.3276
lxt,502,1,13,358.78,486.025,72.1201,0.3257
lxt,502,1,14,358.66,485.73,63.4325,0.3131
lxt,502,1,15,358.495,485.48,49.1847,0.2907
lxt,502,1,16,358.345,485.325,39.2944,0.1421
lxt,502,1,17,358.23,485.245,30.2573,0.1389
lxt,502,1,18,358.1,485.19,15.9442,0.1456
lxt,502,1,19,357.955,485.165,3.8121,0.1503
lxt,502,1,20,357.81,485.165,175.917,0.1404
lxt,502,1,21,357.67,485.19,164.0525,0.1456
lxt,502,1,22,357.54,485.245,149.7427,0.1389
lxt,502,1,23,357.425,485.325,140.7134,0.1421
lxt,502,1,24,357.275,485.48,130.8153,0.2907
lxt,502,1,25,357.11,485.73,116.5626,0.313
lxt,502,1,26,356.99,486.025,107.8799,0.3257
lxt,502,1,27,356.905,486.34,102.3404,0.3276
lxt,502,1,28,356.85,486.65,97.5904,0.3027
lxt,502,1,29,356.825,486.935,92.1232,0.2702
lxt,502,1,30,356.825,487.2,87.7953,0.2602
lxt,502,1,31,356.85,487.485,82.6516,0.3126
lxt,502,1,32,356.905,487.8,77.6596,0.3276
lxt,502,1,33,356.99,488.115,72.1206,0.3257
lxt,502,1,34,357.11,488.41,63.4374,0.313
lxt,502,1,35,357.275,488.665,50.4394,0.2983
lxt,502,1,36,357.425,488.825,39.2866,0.1421
lxt,502,1,37,357.54,488.9,26.5651,0.1342
lxt,502,1,38,357.67,488.955,19.657,0.1486
lxt,502,1,39,357.81,488.985,4.083,0.1404
lxt,503,0,0,360.2,488.675,67.0109,1.7924
lxt,503,0,1,360.03,487.78,158.7504,0.3863
lxt,503,0,2,360.625,488.515,62.728,1.8113
lxt,503,0,3,360.795,489.41,159.8289,0.522
lxt,504,0,0,362.105,484.73,0.0,0.59
lxt,504,0,1,362.4,486.465,90.0,3.47
lxt,504,0,2,364.105,486.37,132.9748,5.0024
lxt,504,0,3,365.81,486.935,90.0,4.79
lxt,504,0,4,365.51,489.33,0.0,0.6
lxt,504,0,5,365.21,487.655,90.0,3.35
lxt,504,0,6,363.51,487.765,133.6028,4.93
lxt,504,0,7,361.81,487.14,90.0,4.82
lxt,505,0,0,71.145,52.965,53.6065,2.6461
lxt,505,0,1,72.02,54.17,57.2618,0.3328
lxt,505,0,2,72.185,54.46,63.4384,0.3355
lxt,505,0,3,72.29,54.69,69.4416,0.1709
lxt,505,0,4,72.34,54.85,75.9663,0.165
lxt,505,0,5,72.375,55.015,79.9914,0.1726
lxt,505,0,6,72.395,55.185,86.6325,0.1703
lxt,505,0,7,72.385,55.42,95.7106,0.3015
lxt,505,0,8,72.325,55.71,107.8179,0.2941
lxt,505,0,9,72.21,55.975,119.2487,0.2865
lxt,505,0,10,72.045,56.21,130.8192,0.2907
lxt,505,0,11,71.84,56.41,140.7109,0.2842
lxt,505,0,12,71.6,56.565,153.4343,0.2907
lxt,505,0,13,71.335,56.675,161.5602,0.2846
lxt,505,0,14,71.05,56.735,174.2953,0.3015
lxt,505,0,15,70.75,56.735,5.7045,0.3015
lxt,505,0,16,70.46,56.675,17.8239,0.2941
lxt,505,0,17,70.195,56.56,29.2407,0.2865
lxt,505,0,18,69.96,56.4,39.2976,0.2843
lxt,505,0,19,69.76,56.195,51.9505,0.292
lxt,505,0,20,69.6,55.95,61.7002,0.2953
lxt,505,0,21,69.49,55.675,74.5764,0.3008
lxt,505,0,22,69.435,55.375,84.4726,0.3114
lxt,505,0,23,69.43,55.085,94.237,0.2708
lxt,505,0,24,69.48,54.815,106.5071,0.2816
lxt,505,0,25,69.575,54.56,114.6175,0.2641
lxt,505,0,26,69.705,54.33,124.2907,0.2662
lxt,505,0,27,69.875,54.125,135.0,0.2687
lxt,505,0,28,70.08,53.96,147.5262,0.2608
lxt,505,0,29,70.315,53.845,160.2081,0.2657
lxt,505,0,30,70.58,53.785,173.8785,0.2816
lxt,505,0,31,70.835,53.78,4.9747,0.2309
lxt,505,0,32,71.06,53.825,17.6518,0.2309
lxt,505,0,33,71.175,53.855,134.9782,0.0142
lxt,505,0,34,70.565,53.035,52.9618,2.042
lxt,505,0,35,70.155,52.06,142.028,0.5201
lxt,505,1,0,70.82,54.29,173.6537,0.1811
lxt,505,1,1,70.645,54.33,160.5613,0.1803
lxt,505,1,2,70.475,54.4,154.8108,0.1879
lxt,505,1,3,70.315,54.5,141.3416,0.1921
lxt,505,1,4,70.175,54.635,130.9092,0.1985
lxt,505,1,5,70.065,54.79,119.3609,0.1836
lxt,505,1,6,69.985,54.965,110.2266,0.2025
lxt,505,1,7,69.94,55.16,95.7093,0.201
lxt,505,1,8,69.94,55.36,84.2907,0.201
lxt,505,1,9,69.98,55.55,71.5629,0.1897
lxt,505,1,10,70.06,55.725,59.5323,0.1972
lxt,505,1,11,70.17,55.88,49.401,0.1844
lxt,505,1,12,70.305,56.01,38.6598,0.1921
lxt,505,1,13,70.47,56.115,26.5719,0.2013
lxt,505,1,14,70.65,56.19,18.4342,0.1897
lxt,505,1,15,70.845,56.23,5.4456,0.211
lxt,505,1,16,71.04,56.23,173.6537,0.1811
lxt,505,1,17,71.215,56.19,160.5613,0.1803
lxt,505,1,18,71.38,56.11,147.9845,0.1887
lxt,505,1,19,71.535,56.0,141.3416,0.1921
lxt,505,1,20,71.665,55.865,126.2607,0.186
lxt,505,1,21,71.765,55.705,117.8902,0.1924
lxt,505,1,22,71.84,55.535,109.4434,0.1803
lxt,505,1,23,71.88,55.355,96.0079,0.1911
lxt,505,1,24,71.88,55.165,83.9921,0.1911
lxt,505,1,25,71.845,54.98,74.4744,0.1868
lxt,505,1,26,71.775,54.81,60.6391,0.1836
lxt,505,1,27,71.675,54.655,53.7505,0.186
lxt,505,1,28,71.55,54.52,40.6003,0.1844
lxt,505,1,29,71.395,54.41,30.4586,0.1972
lxt,505,1,30,71.215,54.33,17.5253,0.1992
lxt,505,1,31,71.015,54.29,5.4456,0.211
lxt,506,0,0,75.43,55.0,90.0,3.64
lxt,506,0,1,74.035,54.74,56.1515,5.009
lxt,506,0,2,73.78,52.66,0.0,2.28
lxt,506,0,3,74.92,52.32,90.0,0.68
lxt,506,0,4,75.175,51.98,0.0,0.51
lxt,506,0,5,75.43,52.32,90.0,0.68
lxt,506,0,6,75.695,52.66,0.0,0.53
lxt,506,0,7,75.96,52.92,90.0,0.52
lxt,506,0,8,75.695,53.18,0.0,0.53
lxt,506,1,0,74.265,53.18,0.0,1.31
lxt,506,1,1,74.26,54.13,55.6199,2.3022
lxt,506,1,2,74.915,55.08,0.0,0.01
lxt,506,1,3,74.92,54.13,90.0,1.9
lxt,507,0,0,77.26,56.55,10.7866,0.4276
lxt,507,0,1,76.89,56.405,33.27,0.3827
lxt,507,0,2,76.62,56.135,56.3112,0.3966
lxt,507,0,3,76.475,55.76,80.5373,0.4258
lxt,507,0,4,76.475,55.34,99.4613,0.4258
lxt,507,0,5,76.62,54.965,123.6937,0.3966
lxt,507,0,6,76.89,54.695,146.7223,0.3828
lxt,507,0,7,77.26,54.555,170.5367,0.4258
lxt,507,0,8,77.68,54.555,9.4633,0.4258
lxt,507,0,9,78.06,54.695,31.7038,0.3996
lxt,507,0,10,78.335,54.965,57.5255,0.3911
lxt,507,0,11,78.475,55.34,80.5387,0.4258
lxt,507,0,12,78.475,55.76,99.4627,0.4258
lxt,507,0,13,78.335,56.135,122.4697,0.3912
lxt,507,0,14,78.06,56.405,148.3036,0.3996
lxt,507,0,15,77.68,56.55,169.2134,0.4276
lxt,507,1,0,77.365,55.02,169.2054,0.2138
lxt,507,1,1,77.17,55.095,148.5739,0.2109
lxt,507,1,2,77.02,55.24,123.6917,0.2163
lxt,507,1,3,76.94,55.44,100.3036,0.2236
lxt,507,1,4,76.94,55.66,79.6936,0.2236
lxt,507,1,5,77.02,55.86,56.3083,0.2163
lxt,507,1,6,77.17,56.01,33.6889,0.2163
lxt,507,1,7,77.365,56.09,10.7946,0.2138
lxt,507,1,8,77.58,56.09,169.6854,0.2236
lxt,507,1,9,77.78,56.01,146.3111,0.2163
lxt,507,1,10,77.93,55.86,123.6901,0.2163
lxt,507,1,11,78.015,55.66,102.8067,0.2256
lxt,507,1,12,78.015,55.44,77.1968,0.2256
lxt,507,1,13,77.93,55.24,56.3099,0.2163
lxt,507,1,14,77.78,55.095,31.4261,0.2109
lxt,507,1,15,77.58,55.02,10.3146,0.2236
lxt,508,0,0,80.945,53.44,51.5249,2.427
lxt,508,0,1,81.765,54.5,59.418,0.2555
lxt,508,0,2,81.88,54.73,67.3796,0.26
lxt,508,0,3,81.96,54.975,76.5031,0.2571
lxt,508,0,4,82.005,55.23,83.4186,0.2617
lxt,508,0,5,82.005,55.51,95.7106,0.3015
lxt,508,0,6,81.945,55.795,108.4345,0.2846
lxt,508,0,7,81.835,56.045,119.4775,0.2642
lxt,508,0,8,81.685,56.265,128.9878,0.2702
lxt,508,0,9,81.495,56.45,142.7016,0.264
lxt,508,0,10,81.27,56.59,153.4357,0.2683
lxt,508,0,11,81.015,56.685,165.4639,0.2789
lxt,508,0,12,80.74,56.735,173.8785,0.2816
lxt,508,0,13,80.45,56.74,3.8177,0.3007
lxt,508,0,14,80.165,56.69,16.5074,0.2816
lxt,508,0,15,79.91,56.595,24.6209,0.264
lxt,508,0,16,79.685,56.46,37.2994,0.264
lxt,508,0,17,79.495,56.28,49.6375,0.2625
lxt,508,0,18,79.345,56.06,61.5552,0.2729
lxt,508,0,19,79.235,55.81,70.9079,0.2751
lxt,508,0,20,79.16,55.53,78.6901,0.3059
lxt,508,0,21,79.42,55.38,0.0,0.58
lxt,508,0,22,79.725,55.465,79.9889,0.1726
lxt,508,0,23,79.765,55.63,72.6447,0.1676
lxt,508,0,24,79.835,55.785,59.0392,0.175
lxt,508,0,25,79.935,55.925,49.7645,0.1703
lxt,508,0,26,80.055,56.04,37.5624,0.164
lxt,508,0,27,80.19,56.13,29.7503,0.1613
lxt,508,0,28,80.34,56.195,17.3497,0.1676
lxt,508,0,29,80.51,56.23,6.3463,0.1811
lxt,508,0,30,80.685,56.23,173.2836,0.1712
lxt,508,0,31,80.855,56.195,163.6141,0.1772
lxt,508,0,32,81.015,56.125,149.0461,0.1749
lxt,508,0,33,81.16,56.025,141.8309,0.1781
lxt,508,0,34,81.285,55.905,130.2355,0.1703
lxt,508,0,35,81.385,55.765,120.9689,0.1749
lxt,508,0,36,81.455,55.605,106.392,0.1772
lxt,508,0,37,81.49,55.43,96.3373,0.1812
lxt,508,0,38,81.485,55.225,82.5683,0.2319
lxt,508,0,39,81.42,55.0,65.5535,0.2416
lxt,508,0,40,81.305,54.785,58.2437,0.247
lxt,508,0,41,81.165,54.585,51.7099,0.2421
lxt,508,0,42,80.08,53.235,51.1736,3.2219
lxt,508,0,43,80.545,51.98,0.0,2.95
lxt,508,0,44,82.02,52.235,90.0,0.51
lxt,508,0,45,81.105,52.49,0.0,1.83
lxt,509,0,0,84.49,53.44,51.7102,2.4208
lxt,509,0,1,85.305,54.5,59.418,0.2555
lxt,509,0,2,85.42,54.73,67.3781,0.26
lxt,509,0,3,85.505,54.975,74.3578,0.2596
lxt,509,0,4,85.55,55.23,85.6022,0.2608
lxt,509,0,5,85.545,55.51,95.7106,0.3015
lxt,509,0,6,85.49,55.795,106.5036,0.2816
lxt,509,0,7,85.385,56.045,119.4775,0.2642
lxt,509,0,8,85.23,56.265,130.5984,0.2766
lxt,509,0,9,85.035,56.45,142.7006,0.264
lxt,509,0,10,84.81,56.59,153.4364,0.2683
lxt,509,0,11,84.56,56.685,164.9297,0.2693
lxt,509,0,12,84.285,56.735,174.0882,0.2916
lxt,509,0,13,83.99,56.74,3.8177,0.3007
lxt,509,0,14,83.705,56.69,16.5079,0.2816
lxt,509,0,15,83.45,56.595,24.6202,0.264
lxt,509,0,16,83.23,56.46,38.6555,0.2561
lxt,509,0,17,83.045,56.28,49.6375,0.2625
lxt,509,0,18,82.89,56.06,59.7427,0.2778
lxt,509,0,19,82.775,55.81,70.9064,0.2751
lxt,509,0,20,82.705,55.53,80.5382,0.3041
lxt,509,0,21,82.965,55.38,0.0,0.57
lxt,509,0,22,83.265,55.465,79.9914,0.1726
lxt,509,0,23,83.31,55.63,69.4416,0.1709
lxt,509,0,24,83.38,55.785,61.9308,0.17
lxt,509,0,25,83.475,55.925,49.7645,0.1703
lxt,509,0,26,83.595,56.04,37.5624,0.164
lxt,509,0,27,83.735,56.13,28.0773,0.17
lxt,509,0,28,83.89,56.195,17.3497,0.1676
lxt,509,0,29,84.055,56.23,6.7164,0.1712
lxt,509,0,30,84.23,56.23,173.6537,0.1811
lxt,509,0,31,84.4,56.195,162.6496,0.1676
lxt,509,0,32,84.56,56.125,150.6521,0.1836
lxt,509,0,33,84.705,56.025,139.7511,0.1703
lxt,509,0,34,84.83,55.905,132.709,0.1769
lxt,509,0,35,84.93,55.765,118.0788,0.17
lxt,509,0,36,85.0,55.605,109.4411,0.1803
lxt,509,0,37,85.04,55.43,96.3373,0.1812
lxt,509,0,38,85.03,55.225,80.1332,0.2334
lxt,509,0,39,84.96,55.0,65.5535,0.2416
lxt,509,0,40,84.845,54.785,58.2437,0.247
lxt,509,0,41,84.71,54.585,53.6161,0.236
lxt,509,0,42,83.625,53.235,51.0354,3.2282
lxt,509,0,43,84.085,51.98,0.0,2.95
lxt,509,0,44,85.56,52.235,90.0,0.51
lxt,509,0,45,84.65,52.49,0.0,1.82
lxt,510,0,0,86.65,52.565,12.1063,0.1432
lxt,510,0,1,86.53,52.515,34.9718,0.122
lxt,510,0,2,86.44,52.425,53.9835,0.1361
lxt,510,0,3,86.39,52.305,81.2556,0.1315
lxt,510,0,4,86.39,52.175,98.7484,0.1315
lxt,510,0,5,86.44,52.055,126.0165,0.1361
lxt,510,0,6,86.53,51.965,145.0048,0.1221
lxt,510,0,7,86.65,51.915,167.9176,0.1432
lxt,510,0,8,86.785,51.915,12.9816,0.1334
lxt,510,0,9,86.905,51.965,32.4738,0.1304
lxt,510,0,10,86.995,52.055,57.5399,0.1304
lxt,510,0,11,87.045,52.175,77.0005,0.1334
lxt,510,0,12,87.045,52.305,102.9936,0.1334
lxt,510,0,13,86.995,52.425,122.4601,0.1304
lxt,510,0,14,86.905,52.515,147.5489,0.1304
lxt,510,0,15,86.785,52.565,166.9929,0.1334
lxt,511,0,0,90.81,56.325,90.0,0.51
lxt,511,0,1,89.9,56.58,0.0,1.82
lxt,511,0,2,88.635,55.4,73.2561,2.4645
lxt,511,0,3,88.335,54.22,0.0,0.11
lxt,511,0,4,88.48,54.305,43.3605,0.2476
lxt,511,0,5,88.675,54.45,29.744,0.2419
lxt,511,0,6,88.895,54.555,21.3768,0.247
lxt,511,0,7,89.135,54.61,4.5645,0.2508
lxt,511,0,8,89.37,54.61,174.8163,0.2209
lxt,511,0,9,89.58,54.57,163.2857,0.2088
lxt,511,0,10,89.775,54.485,149.934,0.2195
lxt,511,0,11,89.95,54.365,140.9057,0.2062
lxt,511,0,12,90.1,54.22,131.1906,0.2126
lxt,511,0,13,90.22,54.045,117.7579,0.2147
lxt,511,0,14,90.305,53.85,109.2889,0.2119
lxt,511,0,15,90.35,53.64,95.1962,0.2209
lxt,511,0,16,90.35,53.42,84.8052,0.2209
lxt,511,0,17,90.305,53.205,71.5619,0.2213
lxt,511,0,18,90.22,53.005,62.2421,0.2147
lxt,511,0,19,90.105,52.825,52.6024,0.214
lxt,511,0,20,89.955,52.67,39.4622,0.2202
lxt,511,0,21,89.775,52.55,27.7678,0.2147
lxt,511,0,22,89.575,52.465,18.4368,0.2214
lxt,511,0,23,89.36,52.42,5.1837,0.2209
lxt,511,0,24,89.17,52.415,176.442,0.1603
lxt,511,0,25,89.01,52.44,165.9503,0.1649
lxt,511,0,26,88.855,52.49,158.1996,0.1616
lxt,511,0,27,88.705,52.56,151.9227,0.17
lxt,511,0,28,88.565,52.65,142.4376,0.164
lxt,511,0,29,88.44,52.76,135.0018,0.1697
lxt,511,0,30,88.335,52.885,124.6931,0.1581
lxt,511,0,31,88.255,53.02,116.5626,0.1565
lxt,511,0,32,88.005,52.89,42.9317,0.5873
lxt,511,0,33,87.85,52.6,123.6901,0.2163
lxt,511,0,34,87.98,52.43,131.1906,0.2126
lxt,511,0,35,88.13,52.285,140.9057,0.2062
lxt,511,0,36,88.3,52.165,148.5597,0.211
lxt,511,0,37,88.485,52.065,154.6616,0.2102
lxt,511,0,38,88.68,51.985,160.7085,0.2119
lxt,511,0,39,88.885,51.93,169.2214,0.2138
lxt,511,0,40,89.095,51.905,177.271,0.2102
lxt,511,0,41,89.29,51.905,3.1829,0.1803
lxt,511,0,42,89.465,51.92,6.6961,0.1712
lxt,511,0,43,89.63,51.95,14.0491,0.1649
lxt,511,0,44,89.785,51.995,18.4306,0.1581
lxt,511,0,45,90.005,52.09,25.7722,0.322
lxt,511,0,46,90.27,52.25,36.8681,0.3
lxt,511,0,47,90.49,52.46,50.1937,0.3124
lxt,511,0,48,90.665,52.72,61.8185,0.3176
lxt,511,0,49,90.77,52.935,68.2026,0.1616
lxt,511,0,50,90.82,53.09,75.9612,0.1649
lxt,511,0,51,90.85,53.255,83.2905,0.1712
lxt,511,0,52,90.865,53.43,86.8218,0.1803
lxt,511,0,53,90.86,53.675,93.6908,0.3106
lxt,511,0,54,90.81,53.98,104.9323,0.3105
lxt,511,0,55,90.71,54.265,113.9614,0.2955
lxt,511,0,56,90.57,54.52,123.6905,0.2884
lxt,511,0,57,90.385,54.74,136.3953,0.29
lxt,511,0,58,90.155,54.92,147.3851,0.2968
lxt,511,0,59,89.965,55.03,155.2266,0.1432
lxt,511,0,60,89.825,55.08,165.0541,0.1552
lxt,511,0,61,89.67,55.11,172.8898,0.1612
lxt,511,0,62,89.51,55.125,176.4201,0.1603
lxt,511,0,63,89.27,55.125,1.7917,0.3202
lxt,511,0,64,89.25,55.595,73.5781,0.9904
lxt,511,0,65,90.1,56.07,0.0,1.42
lxt,512,0,0,91.695,55.925,67.3064,1.7885
lxt,512,0,1,91.525,55.03,158.2055,0.3769
lxt,512,0,2,92.12,55.765,62.4471,1.8159
lxt,512,0,3,92.29,56.66,160.2019,0.5314
lxt,513,0,0,93.105,56.58,0.0,0.63
lxt,513,0,1,93.755,54.195,112.0288,5.1457
lxt,513,0,2,95.375,53.505,68.8721,3.6343
lxt,513,0,3,96.685,53.505,111.1279,3.6343
lxt,513,0,4,98.3,54.195,68.0745,5.1419
lxt,513,0,5,98.95,56.58,0.0,0.62
lxt,513,0,6,97.99,54.945,68.3196,3.519
lxt,513,0,7,96.685,55.03,110.8475,3.681
lxt,513,0,8,95.375,55.065,68.7577,3.6157
lxt,513,0,9,94.07,54.98,112.1094,3.454
lxt,514,0,0,250.915,52.965,53.6064,2.6461
lxt,514,0,1,251.785,54.17,58.7337,0.3275
lxt,514,0,2,251.945,54.46,63.4396,0.3355
lxt,514,0,3,252.05,54.69,69.4416,0.1709
lxt,514,0,4,252.1,54.85,75.9638,0.165
lxt,514,0,5,252.135,55.015,79.9914,0.1726
lxt,514,0,6,252.155,55.185,86.635,0.1703
lxt,514,0,7,252.145,55.42,95.7106,0.3015
lxt,514,0,8,252.085,55.71,107.8165,0.2941
lxt,514,0,9,251.97,55.975,119.2487,0.2865
lxt,514,0,10,251.805,56.21,130.8192,0.2907
lxt,514,0,11,251.6,56.41,140.7119,0.2842
lxt,514,0,12,251.36,56.57,151.6962,0.2953
lxt,514,0,13,251.095,56.68,163.4926,0.2816
lxt,514,0,14,250.815,56.735,174.1002,0.2916
lxt,514,0,15,250.515,56.735,5.5218,0.3114
lxt,514,0,16,250.22,56.675,17.8239,0.2941
lxt,514,0,17,249.955,56.56,29.2407,0.2865
lxt,514,0,18,249.72,56.4,39.2976,0.2843
lxt,514,0,19,249.52,56.195,51.9517,0.292
lxt,514,0,20,249.365,55.95,63.4349,0.2907
lxt,514,0,21,249.255,55.68,72.1799,0.2941
lxt,514,0,22,249.195,55.38,84.6445,0.3214
lxt,514,0,23,249.195,55.085,96.3395,0.2717
lxt,514,0,24,249.245,54.815,104.535,0.2789
lxt,514,0,25,249.335,54.56,114.6191,0.2641
lxt,514,0,26,249.465,54.33,124.2921,0.2663
lxt,514,0,27,249.635,54.13,136.5497,0.2617
lxt,514,0,28,249.845,53.965,146.8839,0.2746
lxt,514,0,29,250.085,53.845,160.2081,0.2657
lxt,514,0,30,250.345,53.785,173.6538,0.2717
lxt,514,0,31,250.595,53.78,4.9747,0.2309
lxt,514,0,32,250.82,53.825,17.6518,0.2309
lxt,514,0,33,250.935,53.855,134.9563,0.0141
lxt,514,0,34,250.325,53.035,52.9619,2.042
lxt,514,0,35,249.92,52.06,142.6953,0.528
lxt,514,1,0,250.58,54.29,173.6534,0.1811
lxt,514,1,1,250.405,54.33,160.5605,0.1803
lxt,514,1,2,250.235,54.405,152.1115,0.1923
lxt,514,1,3,250.075,54.505,143.7515,0.186
lxt,514,1,4,249.94,54.635,128.6541,0.1921
lxt,514,1,5,249.83,54.79,122.0113,0.1887
lxt,514,1,6,249.745,54.965,110.2225,0.2025
lxt,514,1,7,249.7,55.16,95.7115,0.201
lxt,514,1,8,249.7,55.36,84.2885,0.201
lxt,514,1,9,249.74,55.55,71.5651,0.1897
lxt,514,1,10,249.82,55.725,59.5304,0.1972
lxt,514,1,11,249.93,55.88,49.4028,0.1844
lxt,514,1,12,250.065,56.01,38.6598,0.1921
lxt,514,1,13,250.23,56.115,26.5709,0.2013
lxt,514,1,14,250.415,56.19,17.5247,0.1993
lxt,514,1,15,250.61,56.23,5.7162,0.201
lxt,514,1,16,250.8,56.23,173.6534,0.1811
lxt,514,1,17,250.98,56.19,161.5665,0.1897
lxt,514,1,18,251.15,56.11,147.9858,0.1887
lxt,514,1,19,251.3,56.0,139.3997,0.1844
lxt,514,1,20,251.425,55.865,126.2607,0.186
lxt,514,1,21,251.525,55.705,117.8902,0.1924
lxt,514,1,22,251.6,55.535,109.4411,0.1803
lxt,514,1,23,251.64,55.355,96.0102,0.1911
lxt,514,1,24,251.64,55.165,83.9898,0.1911
lxt,514,1,25,251.605,54.98,74.4744,0.1868
lxt,514,1,26,251.54,54.81,63.4306,0.1789
lxt,514,1,27,251.44,54.655,51.3459,0.1921
lxt,514,1,28,251.31,54.52,40.6003,0.1844
lxt,514,1,29,251.155,54.41,30.4597,0.1972
lxt,514,1,30,250.975,54.33,17.5247,0.1993
lxt,514,1,31,250.775,54.29,5.4454,0.211
lxt,515,0,0,255.19,55.0,90.0,3.64
lxt,515,0,1,253.795,54.745,56.0877,5.0007
lxt,515,0,2,253.54,52.67,0.0,2.28
lxt,515,0,3,254.68,52.325,90.0,0.69
lxt,515,0,4,254.935,51.98,0.0,0.51
lxt,515,0,5,255.19,52.325,90.0,0.69
lxt,515,0,6,255.455,52.67,0.0,0.53
lxt,515,0,7,255.72,52.925,90.0,0.51
lxt,515,0,8,255.455,53.18,0.0,0.53
lxt,515,1,0,254.025,53.18,0.0,1.31
lxt,515,1,1,254.02,54.13,55.6199,2.3022
lxt,515,1,2,254.675,55.08,0.0,0.01
lxt,515,1,3,254.68,54.13,90.0,1.9
lxt,516,0,0,257.025,56.55,11.0431,0.4177
lxt,516,0,1,256.655,56.405,32.4674,0.3911
lxt,516,0,2,256.385,56.135,57.5274,0.3912
lxt,516,0,3,256.24,55.76,79.217,0.4275
lxt,516,0,4,256.24,55.34,100.7814,0.4276
lxt,516,0,5,256.385,54.965,122.4774,0.3911
lxt,516,0,6,256.655,54.695,147.525,0.3912
lxt,516,0,7,257.025,54.555,170.3103,0.4159
lxt,516,0,8,257.445,54.555,9.2472,0.4357
lxt,516,0,9,257.825,54.695,32.4726,0.3912
lxt,516,0,10,258.095,54.965,57.5264,0.3911
lxt,516,0,11,258.24,55.34,79.2186,0.4276
lxt,516,0,12,258.24,55.76,100.783,0.4275
lxt,516,0,13,258.095,56.135,122.4688,0.3912
lxt,516,0,14,257.825,56.405,147.535,0.3911
lxt,516,0,15,257.445,56.55,169.4584,0.4374
lxt,516,1,0,257.125,55.02,169.205,0.2138
lxt,516,1,1,256.935,55.1,144.7856,0.2081
lxt,516,1,2,256.785,55.245,127.4092,0.214
lxt,516,1,3,256.7,55.44,100.2979,0.2236
lxt,516,1,4,256.7,55.66,79.6994,0.2236
lxt,516,1,5,256.785,55.86,54.1602,0.222
lxt,516,1,6,256.935,56.01,35.2144,0.2081
lxt,516,1,7,257.125,56.09,10.795,0.2138
lxt,516,1,8,257.34,56.09,169.6854,0.2236
lxt,516,1,9,257.54,56.01,146.3099,0.2163
lxt,516,1,10,257.69,55.86,123.6901,0.2163
lxt,516,1,11,257.775,55.66,102.8105,0.2256
lxt,516,1,12,257.775,55.44,77.193,0.2256
lxt,516,1,13,257.69,55.245,54.7808,0.2081
lxt,516,1,14,257.54,55.1,33.6901,0.2163
lxt,516,1,15,257.34,55.02,10.3146,0.2236
lxt,517,0,0,260.705,53.44,51.5247,2.427
lxt,517,0,1,261.525,54.5,59.4165,0.2555
lxt,517,0,2,261.64,54.73,67.3843,0.26
lxt,517,0,3,261.725,54.975,74.3562,0.2596
lxt,517,0,4,261.77,55.23,85.6039,0.2608
lxt,517,0,5,261.765,55.51,95.7106,0.3015
lxt,517,0,6,261.71,55.795,106.5006,0.2816
lxt,517,0,7,261.605,56.045,119.4789,0.2642
lxt,517,0,8,261.45,56.265,130.5972,0.2766
lxt,517,0,9,261.255,56.45,142.6996,0.264
lxt,517,0,10,261.03,56.59,153.4379,0.2683
lxt,517,0,11,260.775,56.69,163.4917,0.2816
lxt,517,0,12,260.5,56.74,175.9104,0.2807
lxt,517,0,13,260.21,56.74,3.8176,0.3007
lxt,517,0,14,259.925,56.69,16.5083,0.2816
lxt,517,0,15,259.67,56.595,24.6216,0.264
lxt,517,0,16,259.45,56.46,38.6534,0.2561
lxt,517,0,17,259.265,56.28,49.64,0.2625
lxt,517,0,18,259.11,56.06,59.7399,0.2778
lxt,517,0,19,258.995,55.81,70.9079,0.2751
lxt,517,0,20,258.92,55.53,78.6901,0.3059
lxt,517,0,21,259.18,55.38,0.0,0.58
lxt,517,0,22,259.485,55.465,79.9914,0.1726
lxt,517,0,23,259.53,55.63,69.4416,0.1709
lxt,517,0,24,259.6,55.785,61.9263,0.17
lxt,517,0,25,259.695,55.925,49.7685,0.1703
lxt,517,0,26,259.815,56.04,37.5608,0.164
lxt,517,0,27,259.95,56.13,29.7476,0.1613
lxt,517,0,28,260.105,56.195,16.3873,0.1772
lxt,517,0,29,260.275,56.23,6.7158,0.1712
lxt,517,0,30,260.45,56.23,173.6534,0.1811
lxt,517,0,31,260.62,56.195,162.6503,0.1676
lxt,517,0,32,260.78,56.13,153.4306,0.1789
lxt,517,0,33,260.925,56.03,137.2928,0.1769
lxt,517,0,34,261.05,55.905,132.7072,0.1769
lxt,517,0,35,261.15,55.765,118.0743,0.17
lxt,517,0,36,261.22,55.605,109.4411,0.1803
lxt,517,0,37,261.26,55.43,96.3445,0.1812
lxt,517,0,38,261.25,55.225,80.1313,0.2334
lxt,517,0,39,261.18,55.0,65.5519,0.2416
lxt,517,0,40,261.065,54.785,58.2422,0.247
lxt,517,0,41,260.93,54.585,53.6191,0.236
lxt,517,0,42,259.845,53.235,51.0354,3.2282
lxt,517,0,43,260.305,51.98,0.0,2.95
lxt,517,0,44,261.78,52.235,90.0,0.51
lxt,517,0,45,260.865,52.49,0.0,1.83
lxt,518,0,0,264.25,53.44,51.7102,2.4208
lxt,518,0,1,265.07,54.5,57.5226,0.2608
lxt,518,0,2,265.19,54.73,67.3843,0.26
lxt,518,0,3,265.27,54.975,76.5048,0.2571
lxt,518,0,4,265.31,55.23,85.5972,0.2608
lxt,518,0,5,265.305,55.51,95.7106,0.3015
lxt,518,0,6,265.25,55.795,106.5066,0.2816
lxt,518,0,7,265.145,56.045,119.4789,0.2642
lxt,518,0,8,264.99,56.265,130.5972,0.2766
lxt,518,0,9,264.795,56.45,142.6996,0.264
lxt,518,0,10,264.57,56.59,153.4349,0.2683
lxt,518,0,11,264.32,56.69,162.8944,0.272
lxt,518,0,12,264.045,56.74,176.0511,0.2907
lxt,518,0,13,263.75,56.74,3.8179,0.3007
lxt,518,0,14,263.465,56.69,16.5066,0.2816
lxt,518,0,15,263.21,56.595,24.6216,0.264
lxt,518,0,16,262.99,56.46,38.6577,0.2561
lxt,518,0,17,262.805,56.28,49.635,0.2625
lxt,518,0,18,262.655,56.06,61.5552,0.2729
lxt,518,0,19,262.54,55.81,68.962,0.2786
lxt,518,0,20,262.465,55.53,80.5396,0.3041
lxt,518,0,21,262.725,55.38,0.0,0.57
lxt,518,0,22,263.025,55.465,79.9914,0.1726
lxt,518,0,23,263.07,55.63,69.4416,0.1709
lxt,518,0,24,263.14,55.785,61.9354,0.17
lxt,518,0,25,263.235,55.925,49.7606,0.1703
lxt,518,0,26,263.355,56.04,37.5608,0.164
lxt,518,0,27,263.495,56.13,28.0785,0.17
lxt,518,0,28,263.65,56.195,17.3497,0.1676
lxt,518,0,29,263.815,56.23,6.717,0.1712
lxt,518,0,30,263.99,56.23,173.6534,0.1811
lxt,518,0,31,264.16,56.195,162.6503,0.1676
lxt,518,0,32,264.32,56.13,153.4306,0.1789
lxt,518,0,33,264.465,56.03,137.2928,0.1769
lxt,518,0,34,264.59,55.905,132.7072,0.1769
lxt,518,0,35,264.69,55.765,118.0834,0.17
lxt,518,0,36,264.76,55.605,109.4411,0.1803
lxt,518,0,37,264.8,55.43,96.3349,0.1812
lxt,518,0,38,264.79,55.225,80.1313,0.2334
lxt,518,0,39,264.72,55.0,65.5584,0.2416
lxt,518,0,40,264.605,54.785,58.2422,0.247
lxt,518,0,41,264.47,54.585,53.6131,0.236
lxt,518,0,42,263.39,53.235,51.1738,3.2219
lxt,518,0,43,263.85,51.98,0.0,2.94
lxt,518,0,44,265.32,52.235,90.0,0.51
lxt,518,0,45,264.41,52.49,0.0,1.82
lxt,519,0,0,266.415,52.565,13.0064,0.1334
lxt,519,0,1,266.295,52.515,32.4547,0.1303
lxt,519,0,2,266.205,52.425,57.537,0.1304
lxt,519,0,3,266.155,52.305,77.0064,0.1334
lxt,519,0,4,266.155,52.175,102.9995,0.1334
lxt,519,0,5,266.205,52.055,122.463,0.1304
lxt,519,0,6,266.295,51.965,147.5226,0.1304
lxt,519,0,7,266.415,51.915,167.0191,0.1334
lxt,519,0,8,266.545,51.915,12.9809,0.1334
lxt,519,0,9,266.665,51.965,32.4774,0.1304
lxt,519,0,10,266.755,52.055,57.537,0.1304
lxt,519,0,11,266.805,52.175,77.0005,0.1334
lxt,519,0,12,266.805,52.305,102.9936,0.1334
lxt,519,0,13,266.755,52.425,122.463,0.1304
lxt,519,0,14,266.665,52.515,147.5453,0.1303
lxt,519,0,15,266.545,52.565,166.9936,0.1334
lxt,520,0,0,269.25,51.91,5.1994,0.2209
lxt,520,0,1,269.455,51.94,11.8822,0.1942
lxt,520,0,2,269.64,52.0,23.9679,0.197
lxt,520,0,3,269.81,52.09,31.9985,0.1887
lxt,520,0,4,269.96,52.205,42.877,0.1911
lxt,520,0,5,270.095,52.34,47.1297,0.191
lxt,520,0,6,270.22,52.49,53.1196,0.2
lxt,520,0,7,270.325,52.66,63.4349,0.2012
lxt,520,0,8,270.45,52.94,67.1661,0.4123
lxt,520,0,9,270.585,53.335,74.9847,0.4245
lxt,520,0,10,270.66,53.64,78.6884,0.204
lxt,520,0,11,270.69,53.84,84.2911,0.2009
lxt,520,0,12,270.705,54.035,86.9843,0.1903
lxt,520,0,13,270.715,54.22,86.8266,0.1803
lxt,520,0,14,270.715,54.405,93.0065,0.1903
lxt,520,0,15,270.705,54.595,93.0157,0.1903
lxt,520,0,16,270.69,54.79,95.7071,0.201
lxt,520,0,17,270.66,54.995,100.7854,0.2138
lxt,520,0,18,270.585,55.3,105.3756,0.4148
lxt,520,0,19,270.455,55.695,111.0399,0.4179
lxt,520,0,20,270.33,55.98,119.0497,0.2059
lxt,520,0,21,270.22,56.15,126.8699,0.2
lxt,520,0,22,270.1,56.305,128.6655,0.1921
lxt,520,0,23,269.965,56.44,141.3402,0.1921
lxt,520,0,24,269.81,56.555,145.4808,0.1942
lxt,520,0,25,269.64,56.65,156.0483,0.197
lxt,520,0,26,269.455,56.71,168.1002,0.1942
lxt,520,0,27,269.25,56.74,174.8163,0.2209
lxt,520,0,28,269.035,56.74,5.4293,0.2109
lxt,520,0,29,268.83,56.71,11.32,0.204
lxt,520,0,30,268.645,56.65,25.1912,0.1878
lxt,520,0,31,268.48,56.555,34.5192,0.1942
lxt,520,0,32,268.325,56.44,38.6541,0.1921
lxt,520,0,33,268.185,56.305,49.0843,0.1984
lxt,520,0,34,268.065,56.15,55.4933,0.1942
lxt,520,0,35,267.96,55.98,60.9429,0.2059
lxt,520,0,36,267.83,55.695,67.6941,0.4216
lxt,520,0,37,267.7,55.3,75.9658,0.4123
lxt,520,0,38,267.63,54.995,79.2146,0.2138
lxt,520,0,39,267.6,54.79,84.2929,0.201
lxt,520,0,40,267.58,54.595,83.9852,0.1911
lxt,520,0,41,267.57,54.405,90.0,0.19
lxt,520,0,42,267.57,54.22,90.0,0.18
lxt,520,0,43,267.58,54.035,96.0148,0.1911
lxt,520,0,44,267.6,53.84,95.7089,0.2009
lxt,520,0,45,267.63,53.64,101.3116,0.204
lxt,520,0,46,267.705,53.335,105.0153,0.4245
lxt,520,0,47,267.835,52.94,111.5399,0.4085
lxt,520,0,48,267.96,52.66,119.0571,0.2059
lxt,520,0,49,268.07,52.49,126.8734,0.2
lxt,520,0,50,268.19,52.34,130.5972,0.1844
lxt,520,0,51,268.325,52.205,139.0892,0.1985
lxt,520,0,52,268.48,52.09,148.0015,0.1887
lxt,520,0,53,268.65,52.0,156.0321,0.197
lxt,520,0,54,268.835,51.94,168.1178,0.1942
lxt,520,0,55,269.035,51.91,174.5542,0.2109
lxt,520,1,0,269.215,56.235,176.1821,0.1503
lxt,520,1,1,269.36,56.205,160.3525,0.1487
lxt,520,1,2,269.49,56.15,153.4116,0.1342
lxt,520,1,3,269.605,56.075,140.7175,0.1421
lxt,520,1,4,269.755,55.915,129.5624,0.2983
lxt,520,1,5,269.92,55.66,116.5651,0.3131
lxt,520,1,6,270.04,55.365,107.8799,0.3257
lxt,520,1,7,270.125,55.05,102.3349,0.3276
lxt,520,1,8,270.18,54.74,97.5966,0.3026
lxt,520,1,9,270.205,54.455,92.123,0.2702
lxt,520,1,10,270.205,54.185,87.8765,0.2701
lxt,520,1,11,270.18,53.9,82.405,0.3027
lxt,520,1,12,270.125,53.59,77.6629,0.3275
lxt,520,1,13,270.04,53.275,72.1234,0.3258
lxt,520,1,14,269.92,52.98,63.43,0.313
lxt,520,1,15,269.755,52.73,49.1886,0.2907
lxt,520,1,16,269.605,52.575,39.2825,0.1421
lxt,520,1,17,269.49,52.5,26.5651,0.1342
lxt,520,1,18,269.36,52.445,19.6475,0.1487
lxt,520,1,19,269.215,52.415,3.8179,0.1503
lxt,520,1,20,269.065,52.415,176.1821,0.1503
lxt,520,1,21,268.925,52.445,158.9679,0.1393
lxt,520,1,22,268.8,52.5,153.4349,0.1342
lxt,520,1,23,268.685,52.575,140.7253,0.1421
lxt,520,1,24,268.535,52.73,130.8114,0.2907
lxt,520,1,25,268.37,52.98,116.5651,0.313
lxt,520,1,26,268.25,53.275,107.8766,0.3258
lxt,520,1,27,268.165,53.59,102.3423,0.3275
lxt,520,1,28,268.11,53.9,97.5893,0.3027
lxt,520,1,29,268.085,54.185,92.1235,0.2701
lxt,520,1,30,268.085,54.455,87.877,0.2702
lxt,520,1,31,268.11,54.74,82.4092,0.3026
lxt,520,1,32,268.165,55.05,77.6599,0.3276
lxt,520,1,33,268.25,55.365,72.1201,0.3257
lxt,520,1,34,268.37,55.66,63.4399,0.3131
lxt,520,1,35,268.535,55.915,50.4376,0.2983
lxt,520,1,36,268.685,56.075,39.2747,0.1421
lxt,520,1,37,268.8,56.15,26.5884,0.1342
lxt,520,1,38,268.925,56.205,21.0321,0.1393
lxt,520,1,39,269.065,56.235,3.8179,0.1503
lxt,521,0,0,271.46,55.925,67.0112,1.7924
lxt,521,0,1,271.29,55.03,158.7568,0.3863
lxt,521,0,2,271.885,55.765,62.7278,1.8113
lxt,521,0,3,272.055,56.66,159.8297,0.522
lxt,522,0,0,272.87,56.58,0.0,0.62
lxt,522,0,1,273.52,54.195,111.9253,5.1419
lxt,522,0,2,275.135,53.505,68.8721,3.6343
lxt,522,0,3,276.445,53.505,111.1284,3.6343
lxt,522,0,4,278.06,54.195,68.0747,5.1419
lxt,522,0,5,278.71,56.58,0.0,0.62
lxt,522,0,6,277.75,54.945,68.3198,3.5189
lxt,522,0,7,276.445,55.03,110.8479,3.681
lxt,522,0,8,275.135,55.065,68.7577,3.6157
lxt,522,0,9,273.83,54.98,112.1092,3.454
lxt,523,0,0,179.11,154.15,122.0064,0.1887
lxt,523,0,1,178.995,154.295,134.9966,0.1838
lxt,523,0,2,178.865,154.42,137.2928,0.1769
lxt,523,0,3,178.73,154.525,147.2657,0.1664
lxt,523,0,4,178.58,154.61,153.4393,0.1789
lxt,523,0,5,178.415,154.675,163.6046,0.1772
lxt,523,0,6,178.24,154.72,167.4681,0.1844
lxt,523,0,7,178.055,154.745,176.9935,0.1903
lxt,523,0,8,177.83,154.74,4.3961,0.2608
lxt,523,0,9,177.575,154.7,13.4952,0.2571
lxt,523,0,10,177.335,154.62,23.5002,0.2508
lxt,523,0,11,177.12,154.505,33.0253,0.2385
lxt,523,0,12,176.93,154.355,43.3593,0.2476
lxt,523,0,13,176.775,154.17,56.9798,0.2385
lxt,523,0,14,176.665,153.95,69.444,0.2563
lxt,523,0,15,176.605,153.7,83.4152,0.2617
lxt,523,0,16,176.6,153.45,94.7648,0.2408
lxt,523,0,17,176.64,153.23,106.6976,0.2088
lxt,523,0,18,176.72,153.045,120.4696,0.1972
lxt,523,0,19,176.835,152.885,130.9108,0.1985
lxt,523,0,20,176.975,152.74,136.977,0.2052
lxt,523,0,21,177.14,152.615,148.5679,0.211
lxt,523,0,22,177.32,152.51,150.9503,0.2059
lxt,523,0,23,177.51,152.415,155.7655,0.2193
lxt,523,0,24,177.77,152.3,156.3735,0.3493
lxt,523,0,25,178.075,152.16,154.2278,0.322
lxt,523,0,26,178.345,152.0,144.2472,0.3081
lxt,523,0,27,178.52,151.85,129.8084,0.1562
lxt,523,0,28,178.61,151.725,121.6071,0.1526
lxt,523,0,29,178.675,151.585,108.4315,0.1581
lxt,523,0,30,178.71,151.42,96.3418,0.1811
lxt,523,0,31,178.71,151.24,83.6593,0.1811
lxt,523,0,32,178.675,151.065,73.6127,0.1772
lxt,523,0,33,178.615,150.9,66.3689,0.1746
lxt,523,0,34,178.53,150.75,54.4676,0.1721
lxt,523,0,35,178.415,150.625,40.2315,0.1703
lxt,523,0,36,178.28,150.525,32.7343,0.1664
lxt,523,0,37,178.13,150.455,17.3596,0.1676
lxt,523,0,38,177.96,150.42,6.337,0.1811
lxt,523,0,39,177.78,150.415,176.8172,0.1803
lxt,523,0,40,177.605,150.445,163.6141,0.1772
lxt,523,0,41,177.445,150.51,151.9215,0.17
lxt,523,0,42,177.305,150.605,139.7685,0.1703
lxt,523,0,43,177.185,150.725,130.2355,0.1703
lxt,523,0,44,177.085,150.865,120.9638,0.1749
lxt,523,0,45,177.015,151.03,105.5256,0.1868
lxt,523,0,46,176.985,151.21,93.1777,0.1803
lxt,523,0,47,176.68,151.24,11.3122,0.6119
lxt,523,0,48,176.41,151.045,102.5288,0.2766
lxt,523,0,49,176.49,150.785,111.8026,0.2693
lxt,523,0,50,176.61,150.55,122.4709,0.2608
lxt,523,0,51,176.77,150.345,133.4503,0.2617
lxt,523,0,52,176.96,150.175,143.1308,0.25
lxt,523,0,53,177.18,150.045,155.3798,0.264
lxt,523,0,54,177.425,149.955,164.3562,0.2596
lxt,523,0,55,177.685,149.91,175.7596,0.2707
lxt,523,0,56,177.97,149.91,3.8177,0.3007
lxt,523,0,57,178.26,149.96,15.9429,0.2912
lxt,523,0,58,178.525,150.06,25.6401,0.2773
lxt,523,0,59,178.76,150.205,37.6963,0.278
lxt,523,0,60,178.965,150.395,47.8632,0.2832
lxt,523,0,61,179.13,150.62,59.7458,0.2779
lxt,523,0,62,179.24,150.88,74.0542,0.2912
lxt,523,0,63,179.295,151.175,84.4726,0.3114
lxt,523,0,64,179.3,151.47,94.0834,0.2807
lxt,523,0,65,179.255,151.73,106.2624,0.25
lxt,523,0,66,179.17,151.955,115.4622,0.2326
lxt,523,0,67,179.05,152.15,127.8713,0.2281
lxt,523,0,68,178.895,152.32,136.7428,0.2334
lxt,523,0,69,178.71,152.465,146.9747,0.2385
lxt,523,0,70,178.5,152.59,151.3907,0.2506
lxt,523,0,71,178.27,152.7,157.3781,0.26
lxt,523,0,72,177.985,152.82,157.0092,0.3585
lxt,523,0,73,177.71,152.94,155.5548,0.2417
lxt,523,0,74,177.5,153.06,145.0106,0.2441
lxt,523,0,75,177.355,153.175,135.0049,0.1273
lxt,523,0,76,177.275,153.27,124.9873,0.1221
lxt,523,0,77,177.22,153.375,109.9895,0.117
lxt,523,0,78,177.19,153.5,98.1249,0.1414
lxt,523,0,79,177.19,153.64,81.8751,0.1414
lxt,523,0,80,177.225,153.78,70.343,0.1486
lxt,523,0,81,177.29,153.905,53.9759,0.136
lxt,523,0,82,177.38,154.01,44.9913,0.1414
lxt,523,0,83,177.555,154.125,27.4753,0.2818
lxt,523,0,84,177.815,154.215,10.4957,0.2746
lxt,523,0,85,178.07,154.225,172.8754,0.2419
lxt,523,0,86,178.285,154.165,154.6475,0.2103
lxt,523,0,87,178.465,154.055,142.5998,0.214
lxt,523,0,88,178.62,153.89,124.9903,0.2441
lxt,523,0,89,178.925,153.93,30.784,0.5471
lxt,524,0,0,179.79,151.98,90.0,0.42
lxt,524,0,1,180.475,151.77,0.0,1.37
lxt,524,0,2,181.16,151.98,90.0,0.42
lxt,524,0,3,180.475,152.19,0.0,1.37
lxt,525,0,0,184.3,152.99,90.0,3.64
lxt,525,0,1,182.905,152.735,56.0877,5.0007
lxt,525,0,2,182.65,150.66,0.0,2.28
lxt,525,0,3,183.79,150.32,90.0,0.68
lxt,525,0,4,184.045,149.98,0.0,0.51
lxt,525,0,5,184.3,150.32,90.0,0.68
lxt,525,0,6,184.56,150.66,0.0,0.52
lxt,525,0,7,184.82,150.915,90.0,0.51
lxt,525,0,8,184.56,151.17,0.0,0.52
lxt,525,1,0,183.135,151.17,0.0,1.31
lxt,525,1,1,183.125,152.125,55.9651,2.3048
lxt,525,1,2,183.78,153.08,0.0,0.02
lxt,525,1,3,183.79,152.125,90.0,1.91
lxt,526,0,0,186.885,149.905,2.7289,0.2102
lxt,526,0,1,187.085,149.935,14.7411,0.1965
lxt,526,0,2,187.27,150.0,23.9661,0.197
lxt,526,0,3,187.44,150.09,31.9985,0.1887
lxt,526,0,4,187.595,150.2,38.6598,0.1921
lxt,526,0,5,187.73,150.335,51.3459,0.1921
lxt,526,0,6,187.85,150.49,53.1284,0.2
lxt,526,0,7,187.96,150.66,60.9466,0.2059
lxt,526,0,8,188.09,150.94,67.1661,0.4123
lxt,526,0,9,188.22,151.33,75.9627,0.4123
lxt,526,0,10,188.29,151.63,78.6909,0.2039
lxt,526,0,11,188.32,151.83,84.2885,0.201
lxt,526,0,12,188.34,152.03,84.2885,0.201
lxt,526,0,13,188.35,152.22,90.0,0.18
lxt,526,0,14,188.35,152.4,90.0,0.18
lxt,526,0,15,188.34,152.59,95.7115,0.201
lxt,526,0,16,188.32,152.79,95.7123,0.201
lxt,526,0,17,188.29,152.99,101.3074,0.204
lxt,526,0,18,188.22,153.295,103.7076,0.422
lxt,526,0,19,188.09,153.695,112.3075,0.4215
lxt,526,0,20,187.96,153.975,120.4613,0.1972
lxt,526,0,21,187.855,154.145,122.908,0.2025
lxt,526,0,22,187.735,154.3,132.877,0.1911
lxt,526,0,23,187.595,154.435,139.0834,0.1985
lxt,526,0,24,187.44,154.55,147.9936,0.1887
lxt,526,0,25,187.275,154.64,154.8023,0.1879
lxt,526,0,26,187.09,154.705,165.9668,0.2061
lxt,526,0,27,186.885,154.74,174.5546,0.211
lxt,526,0,28,186.67,154.74,5.1994,0.2209
lxt,526,0,29,186.465,154.705,14.7399,0.1965
lxt,526,0,30,186.28,154.64,23.9598,0.197
lxt,526,0,31,186.11,154.55,32.0064,0.1887
lxt,526,0,32,185.955,154.435,40.9166,0.1985
lxt,526,0,33,185.82,154.3,49.3992,0.1844
lxt,526,0,34,185.7,154.145,54.7808,0.2081
lxt,526,0,35,185.59,153.975,59.5349,0.1972
lxt,526,0,36,185.465,153.695,68.9625,0.4178
lxt,526,0,37,185.335,153.295,74.9817,0.4245
lxt,526,0,38,185.26,152.99,78.6926,0.204
lxt,526,0,39,185.23,152.79,84.2877,0.201
lxt,526,0,40,185.215,152.59,87.135,0.2003
lxt,526,0,41,185.205,152.4,86.8218,0.1803
lxt,526,0,42,185.205,152.22,93.1782,0.1803
lxt,526,0,43,185.215,152.03,92.865,0.2003
lxt,526,0,44,185.235,151.83,98.5299,0.2022
lxt,526,0,45,185.265,151.63,98.5312,0.2022
lxt,526,0,46,185.335,151.33,105.3766,0.4148
lxt,526,0,47,185.47,150.94,112.8339,0.4123
lxt,526,0,48,185.595,150.66,116.5651,0.2012
lxt,526,0,49,185.7,150.49,126.8681,0.2
lxt,526,0,50,185.825,150.335,130.9108,0.1985
lxt,526,0,51,185.96,150.2,139.3997,0.1844
lxt,526,0,52,186.11,150.09,148.0015,0.1887
lxt,526,0,53,186.28,150.0,156.0321,0.197
lxt,526,0,54,186.465,149.935,165.2601,0.1965
lxt,526,0,55,186.67,149.905,177.3949,0.2202
lxt,526,1,0,186.855,154.23,172.4092,0.1513
lxt,526,1,1,186.995,154.2,162.8944,0.136
lxt,526,1,2,187.12,154.145,149.7399,0.1389
lxt,526,1,3,187.235,154.07,143.9774,0.136
lxt,526,1,4,187.385,153.915,129.5587,0.2983
lxt,526,1,5,187.55,153.66,116.5651,0.313
lxt,526,1,6,187.67,153.36,107.3546,0.3353
lxt,526,1,7,187.755,153.045,102.7231,0.3178
lxt,526,1,8,187.81,152.735,97.354,0.3126
lxt,526,1,9,187.835,152.45,92.2016,0.2602
lxt,526,1,10,187.835,152.185,87.8802,0.2702
lxt,526,1,11,187.81,151.9,82.4034,0.3026
lxt,526,1,12,187.755,151.59,77.6625,0.3276
lxt,526,1,13,187.67,151.275,72.1201,0.3257
lxt,526,1,14,187.55,150.98,63.4349,0.313
lxt,526,1,15,187.385,150.725,50.4413,0.2983
lxt,526,1,16,187.235,150.57,36.0226,0.136
lxt,526,1,17,187.12,150.495,30.2601,0.1389
lxt,526,1,18,186.995,150.44,17.1056,0.136
lxt,526,1,19,186.855,150.415,3.8063,0.1503
lxt,526,1,20,186.705,150.415,176.1937,0.1503
lxt,526,1,21,186.56,150.44,164.0513,0.1456
lxt,526,1,22,186.43,150.495,149.7431,0.1389
lxt,526,1,23,186.315,150.57,143.9774,0.136
lxt,526,1,24,186.165,150.725,129.5587,0.2983
lxt,526,1,25,186.0,150.98,116.5651,0.313
lxt,526,1,26,185.88,151.275,107.8773,0.3257
lxt,526,1,27,185.795,151.59,102.3401,0.3276
lxt,526,1,28,185.74,151.9,97.5937,0.3026
lxt,526,1,29,185.715,152.185,92.123,0.2702
lxt,526,1,30,185.715,152.45,87.7951,0.2602
lxt,526,1,31,185.74,152.735,82.6488,0.3126
lxt,526,1,32,185.795,153.045,77.2743,0.3178
lxt,526,1,33,185.88,153.36,72.6478,0.3353
lxt,526,1,34,186.0,153.66,63.4349,0.313
lxt,526,1,35,186.165,153.915,50.4413,0.2983
lxt,526,1,36,186.315,154.07,36.0226,0.136
lxt,526,1,37,186.43,154.145,30.2569,0.1389
lxt,526,1,38,186.56,154.2,15.9487,0.1456
lxt,526,1,39,186.705,154.23,7.5908,0.1513
lxt,527,0,0,189.26,149.835,67.0113,1.7923
lxt,527,0,1,189.085,148.94,158.196,0.377
lxt,527,0,2,189.685,149.675,62.1682,1.8206
lxt,527,0,3,189.86,150.57,160.2019,0.5314
lxt,528,0,0,193.02,149.98,0.0,0.96
lxt,528,0,1,193.635,149.985,2.1233,0.2702
lxt,528,0,2,193.9,150.005,6.5814,0.2617
lxt,528,0,3,194.155,150.04,9.0854,0.2532
lxt,528,0,4,194.4,150.09,14.0431,0.2474
lxt,528,0,5,194.635,150.16,19.1752,0.2435
lxt,528,0,6,194.855,150.25,25.4656,0.2326
lxt,528,0,7,195.065,150.36,29.7431,0.2419
lxt,528,0,8,195.26,150.485,35.8398,0.222
lxt,528,0,9,195.435,150.625,41.4228,0.2267
lxt,528,0,10,195.595,150.785,48.5768,0.2267
lxt,528,0,11,195.735,150.97,56.9758,0.2385
lxt,528,0,12,195.855,151.17,61.1905,0.2283
lxt,528,0,13,195.955,151.385,68.6252,0.247
lxt,528,0,14,196.03,151.625,76.5048,0.2571
lxt,528,0,15,196.08,151.885,81.575,0.273
lxt,528,0,16,196.11,152.16,85.9135,0.2807
lxt,528,0,17,196.11,152.44,94.0865,0.2807
lxt,528,0,18,196.08,152.71,98.7454,0.263
lxt,528,0,19,196.03,152.965,103.4952,0.2571
lxt,528,0,20,195.955,153.2,112.2515,0.2377
lxt,528,0,21,195.855,153.41,118.8095,0.2283
lxt,528,0,22,195.735,153.605,124.3779,0.2302
lxt,528,0,23,195.59,153.785,133.2627,0.2335
lxt,528,0,24,195.425,153.945,138.5772,0.2267
lxt,528,0,25,195.25,154.085,144.1625,0.222
lxt,528,0,26,195.06,154.205,151.1921,0.2282
lxt,528,0,27,194.85,154.31,155.5548,0.2417
lxt,528,0,28,194.63,154.4,160.0201,0.2341
lxt,528,0,29,194.4,154.47,165.9638,0.2474
lxt,528,0,30,194.155,154.52,170.9078,0.2532
lxt,528,0,31,193.905,154.555,173.1575,0.2518
lxt,528,0,32,193.65,154.575,177.7953,0.2602
lxt,528,0,33,193.03,154.58,0.0,0.98
lxt,528,0,34,192.54,152.28,90.0,4.6
lxt,528,1,0,193.24,154.07,0.0,0.2
lxt,528,1,1,193.45,154.065,177.3949,0.2202
lxt,528,1,2,193.665,154.055,177.2792,0.2102
lxt,528,1,3,193.875,154.035,171.8705,0.2121
lxt,528,1,4,194.075,154.0,168.109,0.1942
lxt,528,1,5,194.265,153.95,162.4753,0.1993
lxt,528,1,6,194.45,153.89,161.5651,0.1897
lxt,528,1,7,194.625,153.82,154.7939,0.1879
lxt,528,1,8,194.79,153.73,148.0015,0.1887
lxt,528,1,9,194.94,153.625,141.8386,0.1781
lxt,528,1,10,195.075,153.505,135.0,0.1839
lxt,528,1,11,195.195,153.365,126.2551,0.186
lxt,528,1,12,195.3,153.21,122.0024,0.1887
lxt,528,1,13,195.385,153.04,111.2533,0.1931
lxt,528,1,14,195.45,152.845,105.9454,0.2184
lxt,528,1,15,195.495,152.63,97.7648,0.222
lxt,528,1,16,195.515,152.4,92.3844,0.2402
lxt,528,1,17,195.515,152.16,87.6153,0.2402
lxt,528,1,18,195.495,151.93,82.2352,0.222
lxt,528,1,19,195.45,151.715,74.0546,0.2184
lxt,528,1,20,195.385,151.52,68.7467,0.1931
lxt,528,1,21,195.3,151.35,57.9976,0.1887
lxt,528,1,22,195.195,151.195,53.7449,0.186
lxt,528,1,23,195.075,151.055,45.0,0.1839
lxt,528,1,24,194.94,150.935,38.1614,0.1781
lxt,528,1,25,194.79,150.83,32.0064,0.1887
lxt,528,1,26,194.625,150.74,25.1977,0.1879
lxt,528,1,27,194.45,150.665,21.2533,0.1931
lxt,528,1,28,194.265,150.605,14.7399,0.1965
lxt,528,1,29,194.075,150.56,11.891,0.1942
lxt,528,1,30,193.875,150.525,8.1295,0.2121
lxt,528,1,31,193.665,150.505,2.7291,0.2102
lxt,528,1,32,193.45,150.495,2.5972,0.2202
lxt,528,1,33,193.24,150.49,0.0,0.2
lxt,528,1,34,193.14,152.28,90.0,3.58
lxt,529,0,0,196.53,151.98,90.0,0.42
lxt,529,0,1,197.215,151.77,0.0,1.37
lxt,529,0,2,197.9,151.98,90.0,0.42
lxt,529,0,3,197.215,152.19,0.0,1.37
lxt,530,0,0,199.735,153.68,53.7346,2.6542
lxt,530,0,1,198.86,152.47,57.2657,0.3329
lxt,530,0,2,198.695,152.18,63.4349,0.3354
lxt,530,0,3,198.59,151.955,68.1936,0.1616
lxt,530,0,4,198.54,151.8,75.9663,0.1649
lxt,530,0,5,198.505,151.635,79.9932,0.1726
lxt,530,0,6,198.485,151.465,86.635,0.1703
lxt,530,0,7,198.5,151.23,97.5929,0.3027
lxt,530,0,8,198.56,150.94,105.9458,0.2912
lxt,530,0,9,198.675,150.675,120.9627,0.2915
lxt,530,0,10,198.84,150.44,129.2905,0.2843
lxt,530,0,11,199.045,150.24,141.9536,0.2921
lxt,530,0,12,199.285,150.08,150.7539,0.2865
lxt,530,0,13,199.55,149.97,164.0513,0.2912
lxt,530,0,14,199.835,149.915,174.0943,0.2916
lxt,530,0,15,200.13,149.915,5.7106,0.3015
lxt,530,0,16,200.42,149.97,15.9487,0.2912
lxt,530,0,17,200.69,150.08,28.2971,0.2953
lxt,530,0,18,200.93,150.245,40.8153,0.2907
lxt,530,0,19,201.125,150.45,52.3062,0.278
lxt,530,0,20,201.28,150.69,61.7002,0.2953
lxt,530,0,21,201.39,150.965,74.5764,0.3008
lxt,530,0,22,201.445,151.265,84.4732,0.3115
lxt,530,0,23,201.45,151.56,94.0865,0.2807
lxt,530,0,24,201.405,151.835,104.5334,0.2789
lxt,530,0,25,201.31,152.09,116.568,0.2683
lxt,530,0,26,201.175,152.32,124.2856,0.2663
lxt,530,0,27,201.005,152.52,136.5497,0.2617
lxt,530,0,28,200.8,152.68,147.5262,0.2608
lxt,530,0,29,200.565,152.795,160.2019,0.2657
lxt,530,0,30,200.305,152.86,171.5714,0.273
lxt,530,0,31,200.05,152.865,7.125,0.2419
lxt,530,0,32,199.825,152.81,20.8579,0.2247
lxt,530,0,33,199.71,152.775,153.4175,0.0224
lxt,530,0,34,200.315,153.64,54.4306,2.1146
lxt,530,0,35,200.725,154.625,148.6272,0.4802
lxt,530,1,0,199.875,150.42,173.9943,0.1911
lxt,530,1,1,199.69,150.455,164.4699,0.1868
lxt,530,1,2,199.515,150.53,149.5403,0.1972
lxt,530,1,3,199.36,150.64,139.3925,0.1844
lxt,530,1,4,199.23,150.77,130.607,0.1844
lxt,530,1,5,199.12,150.925,120.4613,0.1972
lxt,530,1,6,199.04,151.1,108.4349,0.1897
lxt,530,1,7,199.0,151.29,95.7115,0.201
lxt,530,1,8,199.005,151.485,81.0264,0.1923
lxt,530,1,9,199.05,151.67,71.568,0.1898
lxt,530,1,10,199.125,151.84,60.6438,0.1836
lxt,530,1,11,199.235,151.995,49.0834,0.1985
lxt,530,1,12,199.37,152.13,40.6003,0.1844
lxt,530,1,13,199.525,152.235,27.8966,0.1924
lxt,530,1,14,199.7,152.31,18.4335,0.1897
lxt,530,1,15,199.88,152.35,6.337,0.1811
lxt,530,1,16,200.065,152.355,176.9935,0.1903
lxt,530,1,17,200.245,152.32,160.5605,0.1803
lxt,530,1,18,200.415,152.245,152.1034,0.1924
lxt,530,1,19,200.575,152.14,141.3359,0.1921
lxt,530,1,20,200.71,152.005,128.6598,0.1921
lxt,530,1,21,200.82,151.845,120.4696,0.1972
lxt,530,1,22,200.9,151.665,107.5247,0.1993
lxt,530,1,23,200.94,151.465,95.4368,0.211
lxt,530,1,24,200.94,151.265,83.9934,0.191
lxt,530,1,25,200.9,151.08,71.568,0.1898
lxt,530,1,26,200.825,150.91,60.6397,0.1836
lxt,530,1,27,200.715,150.76,47.1201,0.191
lxt,530,1,28,200.58,150.63,40.6003,0.1844
lxt,530,1,29,200.425,150.525,27.8966,0.1924
lxt,530,1,30,200.25,150.455,15.5289,0.1868
lxt,530,1,31,200.065,150.42,6.0057,0.1911
lxt,531,0,0,203.625,149.905,2.7289,0.2102
lxt,531,0,1,203.825,149.935,14.7411,0.1965
lxt,531,0,2,204.01,150.0,23.9661,0.197
lxt,531,0,3,204.18,150.09,31.9985,0.1887
lxt,531,0,4,204.335,150.2,38.6598,0.1921
lxt,531,0,5,204.47,150.335,51.3459,0.1921
lxt,531,0,6,204.59,150.49,53.1284,0.2
lxt,531,0,7,204.7,150.66,60.9466,0.2059
lxt,531,0,8,204.825,150.94,68.4581,0.4085
lxt,531,0,9,204.955,151.33,74.6234,0.4148
lxt,531,0,10,205.03,151.63,78.6909,0.2039
lxt,531,0,11,205.06,151.83,84.2885,0.201
lxt,531,0,12,205.08,152.03,84.2885,0.201
lxt,531,0,13,205.09,152.22,90.0,0.18
lxt,531,0,14,205.09,152.4,90.0,0.18
lxt,531,0,15,205.08,152.59,95.7115,0.201
lxt,531,0,16,205.06,152.79,95.7123,0.201
lxt,531,0,17,205.03,152.99,101.3074,0.204
lxt,531,0,18,204.96,153.295,103.7076,0.422
lxt,531,0,19,204.83,153.695,112.3075,0.4215
lxt,531,0,20,204.7,153.975,120.4613,0.1972
lxt,531,0,21,204.595,154.145,122.908,0.2025
lxt,531,0,22,204.475,154.3,132.877,0.1911
lxt,531,0,23,204.335,154.435,139.0834,0.1985
lxt,531,0,24,204.18,154.55,147.9936,0.1887
lxt,531,0,25,204.01,154.64,156.042,0.197
lxt,531,0,26,203.825,154.705,165.2589,0.1965
lxt,531,0,27,203.625,154.74,174.5546,0.211
lxt,531,0,28,203.41,154.74,5.1994,0.2209
lxt,531,0,29,203.205,154.705,14.7399,0.1965
lxt,531,0,30,203.02,154.64,23.9598,0.197
lxt,531,0,31,202.85,154.55,32.0064,0.1887
lxt,531,0,32,202.695,154.435,40.9166,0.1985
lxt,531,0,33,202.555,154.3,47.123,0.1911
lxt,531,0,34,202.435,154.145,57.092,0.2025
lxt,531,0,35,202.33,153.975,59.5349,0.1972
lxt,531,0,36,202.205,153.695,68.9625,0.4178
lxt,531,0,37,202.075,153.295,74.9817,0.4245
lxt,531,0,38,202.0,152.99,78.6926,0.204
lxt,531,0,39,201.97,152.79,84.2877,0.201
lxt,531,0,40,201.955,152.59,87.135,0.2003
lxt,531,0,41,201.945,152.4,86.8218,0.1803
lxt,531,0,42,201.945,152.22,93.1782,0.1803
lxt,531,0,43,201.955,152.03,92.865,0.2003
lxt,531,0,44,201.97,151.83,95.7115,0.201
lxt,531,0,45,202.0,151.63,101.3091,0.2039
lxt,531,0,46,202.075,151.33,105.3766,0.4148
lxt,531,0,47,202.205,150.94,111.5399,0.4085
lxt,531,0,48,202.33,150.66,119.0571,0.2059
lxt,531,0,49,202.44,150.49,126.8681,0.2
lxt,531,0,50,202.565,150.335,130.9108,0.1985
lxt,531,0,51,202.7,150.2,139.3997,0.1844
lxt,531,0,52,202.85,150.09,148.0015,0.1887
lxt,531,0,53,203.02,150.0,156.0321,0.197
lxt,531,0,54,203.205,149.935,165.2601,0.1965
lxt,531,0,55,203.41,149.905,177.3949,0.2202
lxt,531,1,0,203.59,154.23,171.8743,0.1414
lxt,531,1,1,203.73,154.2,164.0513,0.1456
lxt,531,1,2,203.86,154.145,149.7399,0.1389
lxt,531,1,3,203.975,154.07,143.9774,0.136
lxt,531,1,4,204.125,153.915,129.5587,0.2983
lxt,531,1,5,204.29,153.66,116.5651,0.313
lxt,531,1,6,204.41,153.36,107.3546,0.3353
lxt,531,1,7,204.495,153.045,102.7231,0.3178
lxt,531,1,8,204.55,152.735,97.354,0.3126
lxt,531,1,9,204.575,152.45,92.2016,0.2602
lxt,531,1,10,204.575,152.185,87.8802,0.2702
lxt,531,1,11,204.55,151.9,82.4034,0.3026
lxt,531,1,12,204.495,151.59,77.6625,0.3276
lxt,531,1,13,204.41,151.275,72.1201,0.3257
lxt,531,1,14,204.29,150.98,63.4349,0.313
lxt,531,1,15,204.125,150.725,50.4413,0.2983
lxt,531,1,16,203.975,150.57,36.0226,0.136
lxt,531,1,17,203.86,150.495,30.2601,0.1389
lxt,531,1,18,203.73,150.44,15.9487,0.1456
lxt,531,1,19,203.59,150.415,4.0772,0.1404
lxt,531,1,20,203.445,150.415,176.1937,0.1503
lxt,531,1,21,203.3,150.44,164.0513,0.1456
lxt,531,1,22,203.17,150.495,149.7431,0.1389
lxt,531,1,23,203.055,150.57,143.9774,0.136
lxt,531,1,24,202.905,150.725,129.5587,0.2983
lxt,531,1,25,202.74,150.98,116.5651,0.313
lxt,531,1,26,202.62,151.275,107.8773,0.3257
lxt,531,1,27,202.535,151.59,102.3401,0.3276
lxt,531,1,28,202.48,151.9,97.5937,0.3026
lxt,531,1,29,202.455,152.185,92.123,0.2702
lxt,531,1,30,202.455,152.45,87.7951,0.2602
lxt,531,1,31,202.48,152.735,82.6488,0.3126
lxt,531,1,32,202.535,153.045,77.2743,0.3178
lxt,531,1,33,202.62,153.36,72.6478,0.3353
lxt,531,1,34,202.74,153.66,63.4349,0.313
lxt,531,1,35,202.905,153.915,50.4413,0.2983
lxt,531,1,36,203.055,154.07,36.0226,0.136
lxt,531,1,37,203.17,154.145,30.2569,0.1389
lxt,531,1,38,203.3,154.2,15.9487,0.1456
lxt,531,1,39,203.445,154.23,7.5908,0.1513
lxt,532,0,0,177.35,159.14,0.0,0.34
lxt,532,0,1,177.685,159.15,3.4663,0.3306
lxt,532,0,2,178.005,159.19,10.9537,0.3158
lxt,532,0,3,178.295,159.265,18.4398,0.2846
lxt,532,0,4,178.55,159.38,30.253,0.2778
lxt,532,0,5,178.77,159.54,41.9865,0.2691
lxt,532,0,6,178.945,159.745,56.891,0.2746
lxt,532,0,7,179.045,159.925,68.962,0.1393
lxt,532,0,8,179.09,160.065,75.0704,0.1552
lxt,532,0,9,179.12,160.22,82.8736,0.1612
lxt,532,0,10,179.135,160.385,86.6299,0.1703
lxt,532,0,11,179.13,160.615,93.9459,0.2907
lxt,532,0,12,179.085,160.89,105.0695,0.2693
lxt,532,0,13,178.99,161.135,117.5539,0.2594
lxt,532,0,14,178.84,161.345,133.4503,0.2617
lxt,532,0,15,178.695,161.48,143.967,0.136
lxt,532,0,16,178.57,161.555,153.4325,0.1565
lxt,532,0,17,178.425,161.62,158.2006,0.1616
lxt,532,0,18,178.265,161.67,166.7664,0.1746
lxt,532,0,19,178.08,161.71,168.6875,0.204
lxt,532,0,20,177.875,161.745,171.8705,0.2121
lxt,532,0,21,177.65,161.77,175.2315,0.2408
lxt,532,0,22,177.4,161.78,0.0,0.26
lxt,532,0,23,176.93,161.78,0.0,0.68
lxt,532,0,24,176.59,159.485,90.0,4.59
lxt,532,0,25,176.885,157.19,0.0,0.59
lxt,532,0,26,177.18,158.165,90.0,1.95
lxt,532,1,0,177.26,161.27,0.0,0.16
lxt,532,1,1,177.45,161.27,0.0,0.22
lxt,532,1,2,177.675,161.26,175.0253,0.2309
lxt,532,1,3,177.9,161.23,169.7007,0.2236
lxt,532,1,4,178.11,161.175,160.7078,0.2119
lxt,532,1,5,178.295,161.09,149.5327,0.1972
lxt,532,1,6,178.445,160.97,132.8832,0.191
lxt,532,1,7,178.535,160.86,122.0015,0.0944
lxt,532,1,8,178.58,160.77,111.7969,0.1077
lxt,532,1,9,178.61,160.665,100.3083,0.1118
lxt,532,1,10,178.625,160.545,94.3961,0.1304
lxt,532,1,11,178.625,160.415,85.6039,0.1304
lxt,532,1,12,178.61,160.295,79.6917,0.1118
lxt,532,1,13,178.585,160.19,73.3024,0.1044
lxt,532,1,14,178.545,160.095,60.9429,0.103
lxt,532,1,15,178.455,159.975,49.0867,0.1985
lxt,532,1,16,178.31,159.85,32.0064,0.1887
lxt,532,1,17,178.135,159.765,20.2266,0.2025
lxt,532,1,18,177.93,159.705,12.8012,0.2256
lxt,532,1,19,177.71,159.67,5.1994,0.2209
lxt,532,1,20,177.485,159.66,0.0,0.23
lxt,532,1,21,177.275,159.66,0.0,0.19
lxt,532,1,22,177.18,160.465,90.0,1.61
lxt,533,0,0,182.875,161.72,152.5903,0.3041
lxt,533,0,1,182.595,161.835,162.7588,0.3036
lxt,533,0,2,182.3,161.91,168.6906,0.3059
lxt,533,0,3,181.995,161.945,178.1562,0.3102
lxt,533,0,4,181.715,161.945,2.2859,0.2502
lxt,533,0,5,181.47,161.92,9.4641,0.2433
lxt,533,0,6,181.23,161.875,11.766,0.2451
lxt,533,0,7,180.995,161.81,19.182,0.2435
lxt,533,0,8,180.775,161.72,25.4656,0.2326
lxt,533,0,9,180.565,161.605,31.7536,0.247
lxt,533,0,10,180.365,161.475,34.381,0.2302
lxt,533,0,11,180.18,161.33,41.6353,0.2408
lxt,533,0,12,180.01,161.165,46.7373,0.2335
lxt,533,0,13,179.86,160.985,53.6161,0.236
lxt,533,0,14,179.73,160.79,59.035,0.2332
lxt,533,0,15,179.615,160.58,63.4349,0.246
lxt,533,0,16,179.52,160.36,70.0166,0.2341
lxt,533,0,17,179.45,160.13,75.9655,0.2474
lxt,533,0,18,179.4,159.885,80.9078,0.2532
lxt,533,0,19,179.375,159.63,87.7984,0.2602
lxt,533,0,20,179.375,159.375,92.2894,0.2502
lxt,533,0,21,179.4,159.13,99.4635,0.2433
lxt,533,0,22,179.45,158.895,104.6215,0.2377
lxt,533,0,23,179.52,158.665,109.1786,0.2435
lxt,533,0,24,179.61,158.445,115.4622,0.2326
lxt,533,0,25,179.725,158.24,123.0233,0.2386
lxt,533,0,26,179.86,158.05,127.876,0.228
lxt,533,0,27,180.01,157.875,133.2678,0.2334
lxt,533,0,28,180.175,157.715,138.5714,0.2267
lxt,533,0,29,180.355,157.57,143.6191,0.236
lxt,533,0,30,180.55,157.44,149.0369,0.2332
lxt,533,0,31,180.755,157.33,154.536,0.2326
lxt,533,0,32,180.97,157.245,162.3482,0.2309
lxt,533,0,33,181.195,157.18,165.3794,0.2377
lxt,533,0,34,181.43,157.13,170.5353,0.2433
lxt,533,0,35,181.675,157.105,177.7141,0.2502
lxt,533,0,36,181.955,157.11,3.6892,0.3107
lxt,533,0,37,182.265,157.15,10.9537,0.3158
lxt,533,0,38,182.575,157.23,17.8799,0.3257
lxt,533,0,39,182.87,157.35,26.5626,0.313
lxt,533,0,40,183.01,157.76,90.0,0.68
lxt,533,0,41,182.875,157.995,37.8774,0.3421
lxt,533,0,42,182.585,157.815,25.8203,0.3444
lxt,533,0,43,182.27,157.69,17.3554,0.3353
lxt,533,0,44,181.945,157.625,5.1942,0.3314
lxt,533,0,45,181.685,157.615,176.9843,0.1903
lxt,533,0,46,181.495,157.635,171.0278,0.1924
lxt,533,0,47,181.315,157.675,163.6141,0.1772
lxt,533,0,48,181.145,157.735,157.6175,0.1838
lxt,533,0,49,180.905,157.855,151.2581,0.3536
lxt,533,0,50,180.615,158.06,138.3681,0.3612
lxt,533,0,51,180.375,158.32,126.8709,0.35
lxt,533,0,52,180.185,158.625,117.2539,0.3712
lxt,533,0,53,180.07,158.875,109.4411,0.1803
lxt,533,0,54,180.02,159.05,102.5273,0.1844
lxt,533,0,55,179.985,159.235,98.9722,0.1924
lxt,533,0,56,179.965,159.425,93.0157,0.1903
lxt,533,0,57,179.965,159.615,86.9843,0.1903
lxt,533,0,58,179.985,159.805,81.0278,0.1924
lxt,533,0,59,180.02,159.995,78.1134,0.1942
lxt,533,0,60,180.07,160.175,70.5589,0.1803
lxt,533,0,61,180.185,160.425,62.7461,0.3712
lxt,533,0,62,180.38,160.73,51.8425,0.3561
lxt,533,0,63,180.625,160.99,41.6319,0.3612
lxt,533,0,64,180.915,161.2,30.1448,0.3585
lxt,533,0,65,181.155,161.32,19.4395,0.1803
lxt,533,0,66,181.325,161.375,16.3859,0.1772
lxt,533,0,67,181.505,161.415,8.9722,0.1924
lxt,533,0,68,181.695,161.435,3.0157,0.1903
lxt,533,0,69,181.955,161.425,174.8058,0.3314
lxt,533,0,70,182.28,161.365,164.2916,0.3324
lxt,533,0,71,182.59,161.25,154.981,0.3311
lxt,533,0,72,182.875,161.08,143.4699,0.336
lxt,533,0,73,183.01,161.315,90.0,0.67
lxt,534,0,0,183.97,157.19,0.0,0.6
lxt,534,0,1,184.27,158.92,90.0,3.46
lxt,534,0,2,185.97,158.825,132.9691,4.9882
lxt,534,0,3,187.67,159.39,90.0,4.78
lxt,534,0,4,187.375,161.78,0.0,0.59
lxt,534,0,5,187.08,160.105,90.0,3.35
lxt,534,0,6,185.375,160.215,133.6868,4.9369
lxt,534,0,7,183.67,159.595,90.0,4.81
lxt,535,0,0,191.995,158.645,51.3775,2.4191
lxt,535,0,1,192.815,159.7,59.4165,0.2555
lxt,535,0,2,192.93,159.93,67.3807,0.26
lxt,535,0,3,193.01,160.175,76.5048,0.2571
lxt,535,0,4,193.055,160.435,83.6598,0.2717
lxt,535,0,5,193.055,160.715,95.9057,0.2916
lxt,535,0,6,193.0,160.995,106.5054,0.2816
lxt,535,0,7,192.89,161.25,120.2542,0.2779
lxt,535,0,8,192.735,161.47,130.3668,0.2625
lxt,535,0,9,192.545,161.65,142.6963,0.264
lxt,535,0,10,192.32,161.79,153.4349,0.2683
lxt,535,0,11,192.065,161.89,163.4926,0.2816
lxt,535,0,12,191.79,161.94,175.9166,0.2807
lxt,535,0,13,191.5,161.94,3.8119,0.3007
lxt,535,0,14,191.215,161.895,14.5357,0.2789
lxt,535,0,15,190.96,161.8,26.5651,0.2683
lxt,535,0,16,190.74,161.66,38.6587,0.2561
lxt,535,0,17,190.555,161.48,49.6375,0.2625
lxt,535,0,18,190.4,161.265,58.6693,0.2692
lxt,535,0,19,190.285,161.015,71.567,0.2846
lxt,535,0,20,190.21,160.73,78.6901,0.3059
lxt,535,0,21,190.47,160.58,0.0,0.58
lxt,535,0,22,190.775,160.665,79.9914,0.1726
lxt,535,0,23,190.815,160.83,72.6454,0.1676
lxt,535,0,24,190.885,160.985,59.0362,0.1749
lxt,535,0,25,190.985,161.125,49.7645,0.1703
lxt,535,0,26,191.105,161.24,37.5725,0.164
lxt,535,0,27,191.24,161.33,29.7476,0.1613
lxt,535,0,28,191.395,161.4,19.4395,0.1803
lxt,535,0,29,191.565,161.435,3.3595,0.1703
lxt,535,0,30,191.735,161.43,173.2937,0.1712
lxt,535,0,31,191.905,161.395,163.6141,0.1772
lxt,535,0,32,192.07,161.33,153.4306,0.1789
lxt,535,0,33,192.215,161.235,139.7651,0.1703
lxt,535,0,34,192.335,161.11,128.1545,0.1781
lxt,535,0,35,192.435,160.965,120.968,0.1749
lxt,535,0,36,192.51,160.805,109.4379,0.1803
lxt,535,0,37,192.55,160.63,96.3418,0.1811
lxt,535,0,38,192.54,160.425,80.1326,0.2335
lxt,535,0,39,192.47,160.2,65.5519,0.2416
lxt,535,0,40,192.355,159.985,58.2452,0.247
lxt,535,0,41,192.215,159.79,50.1916,0.2343
lxt,535,0,42,191.13,158.445,51.1738,3.2219
lxt,535,0,43,191.595,157.19,0.0,2.95
lxt,535,0,44,193.07,157.445,90.0,0.51
lxt,535,0,45,192.155,157.7,0.0,1.83
lxt,536,0,0,195.54,158.645,51.5629,2.4129
lxt,536,0,1,196.355,159.7,59.4165,0.2555
lxt,536,0,2,196.47,159.93,67.3838,0.26
lxt,536,0,3,196.555,160.175,74.3562,0.2596
lxt,536,0,4,196.6,160.435,85.7625,0.2707
lxt,536,0,5,196.595,160.715,95.9087,0.2916
lxt,536,0,6,196.54,160.995,106.5024,0.2816
lxt,536,0,7,196.435,161.25,118.4418,0.273
lxt,536,0,8,196.28,161.47,131.9911,0.2691
lxt,536,0,9,196.085,161.65,142.6943,0.264
lxt,536,0,10,195.86,161.79,153.4364,0.2683
lxt,536,0,11,195.61,161.89,162.8935,0.272
lxt,536,0,12,195.335,161.94,176.0571,0.2907
lxt,536,0,13,195.04,161.94,3.8121,0.3007
lxt,536,0,14,194.755,161.895,14.5357,0.2789
lxt,536,0,15,194.5,161.8,26.5636,0.2683
lxt,536,0,16,194.28,161.66,38.6609,0.2561
lxt,536,0,17,194.095,161.48,49.6375,0.2625
lxt,536,0,18,193.945,161.265,60.5211,0.2642
lxt,536,0,19,193.83,161.015,69.6799,0.2879
lxt,536,0,20,193.755,160.73,80.5367,0.3041
lxt,536,0,21,194.015,160.58,0.0,0.57
lxt,536,0,22,194.315,160.665,79.9914,0.1726
lxt,536,0,23,194.36,160.83,69.4404,0.1709
lxt,536,0,24,194.43,160.985,61.9305,0.17
lxt,536,0,25,194.525,161.125,49.7645,0.1703
lxt,536,0,26,194.645,161.24,37.5692,0.164
lxt,536,0,27,194.785,161.33,28.0761,0.17
lxt,536,0,28,194.94,161.4,20.5566,0.1709
lxt,536,0,29,195.105,161.435,3.3595,0.1703
lxt,536,0,30,195.28,161.43,173.6635,0.1811
lxt,536,0,31,195.45,161.395,162.6503,0.1676
lxt,536,0,32,195.61,161.33,153.4284,0.1789
lxt,536,0,33,195.755,161.235,139.7685,0.1703
lxt,536,0,34,195.88,161.11,130.5972,0.1844
lxt,536,0,35,195.98,160.965,118.074,0.17
lxt,536,0,36,196.05,160.805,109.4379,0.1803
lxt,536,0,37,196.09,160.63,96.3418,0.1811
lxt,536,0,38,196.08,160.425,80.1363,0.2335
lxt,536,0,39,196.01,160.2,65.5519,0.2416
lxt,536,0,40,195.895,159.985,58.2422,0.247
lxt,536,0,41,195.76,159.79,52.124,0.228
lxt,536,0,42,194.68,158.445,51.1738,3.2219
lxt,536,0,43,195.14,157.19,0.0,2.94
lxt,536,0,44,196.61,157.445,90.0,0.51
lxt,536,0,45,195.7,157.7,0.0,1.82
lxt,537,0,0,200.69,159.23,14.0354,0.2474
lxt,537,0,1,200.92,159.305,22.2481,0.2377
lxt,537,0,2,201.125,159.415,34.3831,0.2302
lxt,537,0,3,201.295,159.56,46.8465,0.2193
lxt,537,0,4,201.435,159.735,55.6221,0.2302
lxt,537,0,5,201.545,159.935,66.7979,0.2285
lxt,537,0,6,201.62,160.15,74.7456,0.228
lxt,537,0,7,201.66,160.38,85.2352,0.2408
lxt,537,0,8,201.65,160.655,97.354,0.3126
lxt,537,0,9,201.575,160.96,110.1353,0.3195
lxt,537,0,10,201.43,161.24,124.6931,0.3162
lxt,537,0,11,201.215,161.47,141.3428,0.3201
lxt,537,0,12,200.94,161.63,158.1996,0.3231
lxt,537,0,13,200.635,161.72,169.0463,0.3158
lxt,537,0,14,200.32,161.765,174.6445,0.3214
lxt,537,0,15,200.0,161.78,0.0,0.32
lxt,537,0,16,199.475,161.78,0.0,0.73
lxt,537,0,17,199.11,159.485,90.0,4.59
lxt,537,0,18,199.41,157.19,0.0,0.6
lxt,537,0,19,199.71,158.165,90.0,1.95
lxt,537,0,20,199.835,159.14,0.0,0.25
lxt,537,0,21,200.65,158.165,125.2867,2.3889
lxt,537,0,22,201.68,157.19,0.0,0.68
lxt,537,0,23,201.295,158.195,125.8062,2.4784
lxt,537,1,0,199.79,161.27,0.0,0.16
lxt,537,1,1,199.98,161.27,0.0,0.22
lxt,537,1,2,200.205,161.26,175.0253,0.2309
lxt,537,1,3,200.425,161.225,166.6111,0.2159
lxt,537,1,4,200.63,161.165,160.7078,0.2119
lxt,537,1,5,200.815,161.08,149.5327,0.1972
lxt,537,1,6,200.97,160.96,135.0031,0.198
lxt,537,1,7,201.085,160.8,116.5651,0.2012
lxt,537,1,8,201.145,160.59,97.1241,0.2419
lxt,537,1,9,201.145,160.35,82.875,0.2419
lxt,537,1,10,201.09,160.135,67.1661,0.2062
lxt,537,1,11,200.985,159.97,47.1201,0.191
lxt,537,1,12,200.835,159.85,30.4651,0.1972
lxt,537,1,13,200.655,159.765,20.2281,0.2025
lxt,537,1,14,200.455,159.705,13.3889,0.2159
lxt,537,1,15,200.24,159.67,5.1994,0.2209
lxt,537,1,16,200.015,159.66,0.0,0.23
lxt,537,1,17,199.805,159.66,0.0,0.19
lxt,537,1,18,199.71,160.465,90.0,1.61
lxt,538,0,0,203.46,159.535,66.5302,6.3776
lxt,538,0,1,202.405,156.51,155.0577,0.4742
lxt,538,0,2,203.895,159.36,66.6258,6.4275
lxt,538,0,3,204.95,162.385,161.1761,0.4649
lxt,539,0,0,209.07,161.72,153.4325,0.3131
lxt,539,0,1,208.79,161.835,162.1817,0.2941
lxt,539,0,2,208.5,161.91,168.6906,0.3059
lxt,539,0,3,208.195,161.945,178.1562,0.3102
lxt,539,0,4,207.915,161.945,2.2859,0.2502
lxt,539,0,5,207.67,161.92,9.4641,0.2433
lxt,539,0,6,207.43,161.875,11.766,0.2451
lxt,539,0,7,207.195,161.81,19.182,0.2435
lxt,539,0,8,206.97,161.72,24.4452,0.2417
lxt,539,0,9,206.76,161.605,33.0191,0.2385
lxt,539,0,10,206.565,161.475,34.381,0.2302
lxt,539,0,11,206.38,161.33,41.6353,0.2408
lxt,539,0,12,206.21,161.165,46.7373,0.2335
lxt,539,0,13,206.06,160.985,53.6161,0.236
lxt,539,0,14,205.93,160.79,59.035,0.2332
lxt,539,0,15,205.815,160.58,63.4349,0.246
lxt,539,0,16,205.72,160.36,70.0166,0.2341
lxt,539,0,17,205.65,160.13,75.9655,0.2474
lxt,539,0,18,205.6,159.885,80.9078,0.2532
lxt,539,0,19,205.57,159.63,85.6034,0.2607
lxt,539,0,20,205.57,159.375,94.5714,0.2508
lxt,539,0,21,205.6,159.13,99.4635,0.2433
lxt,539,0,22,205.65,158.895,104.6215,0.2377
lxt,539,0,23,205.72,158.665,109.1786,0.2435
lxt,539,0,24,205.81,158.445,115.4622,0.2326
lxt,539,0,25,205.925,158.24,123.0233,0.2386
lxt,539,0,26,206.06,158.05,127.876,0.228
lxt,539,0,27,206.21,157.875,133.2678,0.2334
lxt,539,0,28,206.375,157.715,138.5714,0.2267
lxt,539,0,29,206.555,157.57,143.6191,0.236
lxt,539,0,30,206.75,157.44,149.0369,0.2332
lxt,539,0,31,206.955,157.33,154.536,0.2326
lxt,539,0,32,207.17,157.245,162.3482,0.2309
lxt,539,0,33,207.395,157.18,165.3794,0.2377
lxt,539,0,34,207.63,157.13,170.5353,0.2433
lxt,539,0,35,207.87,157.105,177.6191,0.2402
lxt,539,0,36,208.145,157.11,3.6894,0.3106
lxt,539,0,37,208.46,157.15,10.619,0.3256
lxt,539,0,38,208.77,157.23,18.4358,0.3162
lxt,539,0,39,209.065,157.35,25.7673,0.322
lxt,539,0,40,209.21,157.76,90.0,0.68
lxt,539,0,41,209.07,157.995,36.8729,0.35
lxt,539,0,42,208.78,157.815,26.5639,0.3354
lxt,539,0,43,208.47,157.69,17.3554,0.3353
lxt,539,0,44,208.145,157.625,5.1942,0.3314
lxt,539,0,45,207.88,157.615,177.1348,0.2002
lxt,539,0,46,207.69,157.635,170.5385,0.1825
lxt,539,0,47,207.515,157.675,163.6141,0.1772
lxt,539,0,48,207.345,157.735,157.6175,0.1838
lxt,539,0,49,207.105,157.855,151.2581,0.3536
lxt,539,0,50,206.815,158.06,138.3681,0.3612
lxt,539,0,51,206.57,158.32,128.1575,0.3561
lxt,539,0,52,206.38,158.625,115.8657,0.3668
lxt,539,0,53,206.27,158.875,109.4411,0.1803
lxt,539,0,54,206.22,159.05,102.5273,0.1844
lxt,539,0,55,206.185,159.235,98.9722,0.1924
lxt,539,0,56,206.165,159.425,93.0157,0.1903
lxt,539,0,57,206.165,159.615,86.9843,0.1903
lxt,539,0,58,206.185,159.805,81.0278,0.1924
lxt,539,0,59,206.22,159.995,78.1134,0.1942
lxt,539,0,60,206.27,160.175,70.5589,0.1803
lxt,539,0,61,206.385,160.425,62.7461,0.3712
lxt,539,0,62,206.58,160.73,51.8425,0.3561
lxt,539,0,63,206.82,160.99,42.7072,0.3538
lxt,539,0,64,207.11,161.2,29.3615,0.3672
lxt,539,0,65,207.35,161.32,20.5548,0.1709
lxt,539,0,66,207.52,161.375,15.5211,0.1868
lxt,539,0,67,207.705,161.415,8.9722,0.1924
lxt,539,0,68,207.895,161.435,3.0157,0.1903
lxt,539,0,69,208.15,161.425,174.6445,0.3214
lxt,539,0,70,208.475,161.365,164.7449,0.342
lxt,539,0,71,208.79,161.25,154.981,0.3311
lxt,539,0,72,209.075,161.08,143.4699,0.336
lxt,539,0,73,209.21,161.315,90.0,0.67
lxt,540,0,0,210.89,159.535,66.5302,6.3776
lxt,540,0,1,209.835,156.51,155.0577,0.4742
lxt,540,0,2,211.325,159.36,66.6258,6.4275
lxt,540,0,3,212.38,162.385,161.1761,0.4649
lxt,541,0,0,213.055,161.78,0.0,0.63
lxt,541,0,1,213.7,159.4,111.9672,5.1326
lxt,541,0,2,215.315,158.715,68.8718,3.6343
lxt,541,0,3,216.625,158.715,111.1279,3.6343
lxt,541,0,4,218.245,159.4,67.9294,5.1364
lxt,541,0,5,218.895,161.78,0.0,0.63
lxt,541,0,6,217.93,160.145,68.3194,3.5189
lxt,541,0,7,216.625,160.23,110.8475,3.681
lxt,541,0,8,215.32,160.265,68.9056,3.6121
lxt,541,0,9,214.02,160.18,112.1094,3.454
lxt,542,0,0,220.56,159.535,66.5302,6.3776
lxt,542,0,1,219.505,156.51,155.0577,0.4742
lxt,542,0,2,220.995,159.36,66.6258,6.4275
lxt,542,0,3,222.05,162.385,161.1761,0.4649
lxt,543,0,0,224.75,161.27,0.0,1.1
lxt,543,0,1,225.3,161.525,90.0,0.51
lxt,543,0,2,223.905,161.78,0.0,2.79
lxt,543,0,3,222.51,161.525,90.0,0.51
lxt,543,0,4,223.055,161.27,0.0,1.09
lxt,543,0,5,223.6,159.23,90.0,4.08
lxt,543,0,6,223.9,157.19,0.0,0.6
lxt,543,0,7,224.2,159.23,90.0,4.08
lxt,544,0,0,162.23,166.435,11.7652,0.2452
lxt,544,0,1,162.455,166.51,25.4656,0.2326
lxt,544,0,2,162.655,166.625,34.381,0.2302
lxt,544,0,3,162.83,166.77,45.0,0.2263
lxt,544,0,4,162.97,166.94,56.3099,0.2163
lxt,544,0,5,163.08,167.135,64.5344,0.2326
lxt,544,0,6,163.155,167.355,77.7351,0.2354
lxt,544,0,7,163.19,167.585,85.0332,0.2309
lxt,544,0,8,163.18,167.86,97.1243,0.3225
lxt,544,0,9,163.105,168.165,110.7718,0.3102
lxt,544,0,10,162.96,168.44,124.6953,0.3162
lxt,544,0,11,162.745,168.675,139.9709,0.3265
lxt,544,0,12,162.475,168.84,157.5209,0.3138
lxt,544,0,13,162.17,168.93,169.381,0.3256
lxt,544,0,14,161.85,168.97,176.4201,0.3206
lxt,544,0,15,161.53,168.985,178.2138,0.3202
lxt,544,0,16,161.01,168.99,0.0,0.72
lxt,544,0,17,160.65,166.69,90.0,4.6
lxt,544,0,18,160.945,164.39,0.0,0.59
lxt,544,0,19,161.24,165.37,90.0,1.96
lxt,544,0,20,161.365,166.35,0.0,0.25
lxt,544,0,21,162.18,165.37,125.1486,2.3971
lxt,544,0,22,163.21,164.39,0.0,0.68
lxt,544,0,23,162.83,165.4,125.4842,2.4807
lxt,544,1,0,161.32,168.48,0.0,0.16
lxt,544,1,1,161.51,168.475,177.3949,0.2202
lxt,544,1,2,161.735,168.46,175.0332,0.2309
lxt,544,1,3,161.96,168.43,169.6931,0.2236
lxt,544,1,4,162.165,168.375,159.7719,0.2025
lxt,544,1,5,162.35,168.29,150.945,0.2059
lxt,544,1,6,162.505,168.17,132.8832,0.191
lxt,544,1,7,162.615,168.005,115.345,0.2102
lxt,544,1,8,162.675,167.795,97.4308,0.232
lxt,544,1,9,162.675,167.56,82.875,0.2419
lxt,544,1,10,162.62,167.345,67.1661,0.2062
lxt,544,1,11,162.515,167.18,47.1168,0.191
lxt,544,1,12,162.37,167.055,34.5118,0.1942
lxt,544,1,13,162.195,166.965,20.2281,0.2025
lxt,544,1,14,161.99,166.91,10.2993,0.2236
lxt,544,1,15,161.77,166.88,5.1994,0.2209
lxt,544,1,16,161.545,166.865,2.4844,0.2302
lxt,544,1,17,161.335,166.86,0.0,0.19
lxt,544,1,18,161.24,167.67,90.0,1.62
lxt,545,0,0,163.78,168.99,0.0,0.62
lxt,545,0,1,164.43,166.605,111.9256,5.1419
lxt,545,0,2,166.045,165.915,68.8719,3.6343
lxt,545,0,3,167.355,165.915,111.1281,3.6343
lxt,545,0,4,168.975,166.605,67.971,5.1457
lxt,545,0,5,169.625,168.99,0.0,0.63
lxt,545,0,6,168.66,167.355,68.3194,3.5189
lxt,545,0,7,167.355,167.44,110.8475,3.681
lxt,545,0,8,166.05,167.475,68.9056,3.6121
lxt,545,0,9,164.745,167.39,112.2629,3.4578
lxt,546,0,0,171.29,165.41,90.0,2.04
lxt,546,0,1,171.59,164.39,0.0,0.6
lxt,546,0,2,171.89,165.41,90.0,2.04
lxt,546,0,3,172.645,167.71,59.4661,2.9721
lxt,546,0,4,173.065,168.99,0.0,0.67
lxt,546,0,5,172.16,168.025,59.4307,2.2415
lxt,546,0,6,171.02,168.025,120.5693,2.2415
lxt,546,0,7,170.12,168.99,0.0,0.66
lxt,546,0,8,170.54,167.71,120.3677,2.9671
lxt,547,0,0,176.66,166.435,90.0,4.09
lxt,547,0,1,176.915,164.39,0.0,0.51
lxt,547,0,2,177.17,166.69,90.0,4.6
lxt,547,0,3,176.675,168.99,0.0,0.99
lxt,547,0,4,176.02,168.735,57.8936,0.6021
lxt,547,0,5,176.26,168.48,0.0,0.8
lxt,548,0,0,179.025,165.52,95.7106,0.3015
lxt,548,0,1,179.08,165.235,106.5036,0.2816
lxt,548,0,2,179.185,164.985,119.4789,0.2642
lxt,548,0,3,179.335,164.77,130.3625,0.2625
lxt,548,0,4,179.525,164.595,144.4623,0.2581
lxt,548,0,5,179.75,164.46,153.4364,0.2683
lxt,548,0,6,180.0,164.365,164.9297,0.2693
lxt,548,0,7,180.275,164.32,176.0571,0.2907
lxt,548,0,8,180.56,164.32,4.0834,0.2807
lxt,548,0,9,180.835,164.365,14.5357,0.2789
lxt,548,0,10,181.09,164.46,26.5651,0.2683
lxt,548,0,11,181.31,164.595,36.8692,0.25
lxt,548,0,12,181.495,164.77,49.635,0.2625
lxt,548,0,13,181.645,164.985,60.524,0.2642
lxt,548,0,14,181.75,165.235,73.4964,0.2816
lxt,548,0,15,181.805,165.52,84.2894,0.3015
lxt,548,0,16,181.815,165.76,93.1782,0.1803
lxt,548,0,17,181.795,165.935,100.0068,0.1726
lxt,548,0,18,181.75,166.1,110.5548,0.1709
lxt,548,0,19,181.685,166.26,113.6311,0.1746
lxt,548,0,20,181.6,166.405,127.5757,0.164
lxt,548,0,21,181.49,166.53,134.9927,0.1697
lxt,548,0,22,181.36,166.64,144.4688,0.172
lxt,548,0,23,181.21,166.73,153.4306,0.1789
lxt,548,0,24,181.26,166.865,36.1575,0.322
lxt,548,0,25,181.485,167.085,52.7648,0.314
lxt,548,0,26,181.615,167.28,63.4349,0.1565
lxt,548,0,27,181.675,167.425,71.5633,0.1581
lxt,548,0,28,181.715,167.58,79.381,0.1628
lxt,548,0,29,181.735,167.745,86.6356,0.1703
lxt,548,0,30,181.725,167.97,96.1153,0.2816
lxt,548,0,31,181.675,168.24,105.0663,0.2693
lxt,548,0,32,181.58,168.48,118.6124,0.2506
lxt,548,0,33,181.44,168.685,130.103,0.2484
lxt,548,0,34,181.265,168.86,139.8988,0.2484
lxt,548,0,35,181.055,169.0,152.4433,0.2594
lxt,548,0,36,180.815,169.095,164.3627,0.2596
lxt,548,0,37,180.555,169.145,173.6598,0.2717
lxt,548,0,38,180.28,169.145,6.1153,0.2816
lxt,548,0,39,180.015,169.095,15.6373,0.2596
lxt,548,0,40,179.78,169.0,28.6155,0.2506
lxt,548,0,41,179.57,168.86,38.6609,0.2561
lxt,548,0,42,179.395,168.685,51.704,0.2421
lxt,548,0,43,179.26,168.48,61.3907,0.2506
lxt,548,0,44,179.16,168.24,72.8975,0.272
lxt,548,0,45,179.11,167.97,85.9135,0.2807
lxt,548,0,46,179.105,167.745,93.3695,0.1703
lxt,548,0,47,179.125,167.58,100.619,0.1628
lxt,548,0,48,179.16,167.425,104.9296,0.1552
lxt,548,0,49,179.215,167.28,116.57,0.1565
lxt,548,0,50,179.34,167.085,125.7528,0.3081
lxt,548,0,51,179.555,166.865,142.7648,0.314
lxt,548,0,52,179.6,166.73,26.5694,0.1789
lxt,548,0,53,179.455,166.64,37.564,0.164
lxt,548,0,54,179.335,166.53,47.4955,0.1628
lxt,548,0,55,179.23,166.405,52.4243,0.164
lxt,548,0,56,179.145,166.26,66.3735,0.1746
lxt,548,0,57,179.085,166.1,72.6454,0.1676
lxt,548,0,58,179.04,165.935,76.7578,0.1747
lxt,548,0,59,179.015,165.76,86.8218,0.1803
lxt,548,1,0,180.495,168.64,172.3977,0.1513
lxt,548,1,1,180.645,168.605,161.5703,0.1581
lxt,548,1,2,180.79,168.545,153.4325,0.1565
lxt,548,1,3,180.92,168.46,140.1916,0.1562
lxt,548,1,4,181.03,168.35,129.8084,0.1562
lxt,548,1,5,181.12,168.22,119.7435,0.1612
lxt,548,1,6,181.185,168.075,108.4332,0.1581
lxt,548,1,7,181.22,167.915,96.7119,0.1712
lxt,548,1,8,181.22,167.76,81.869,0.1414
lxt,548,1,9,181.18,167.62,66.7999,0.1523
lxt,548,1,10,181.11,167.48,60.2571,0.1613
lxt,548,1,11,181.02,167.35,50.1959,0.1562
lxt,548,1,12,180.91,167.24,39.8049,0.1562
lxt,548,1,13,180.78,167.145,32.7343,0.1664
lxt,548,1,14,180.64,167.075,19.6495,0.1487
lxt,548,1,15,180.495,167.04,7.6023,0.1513
lxt,548,1,16,180.345,167.04,172.3985,0.1513
lxt,548,1,17,180.195,167.075,161.5685,0.1581
lxt,548,1,18,180.055,167.145,145.3069,0.1581
lxt,548,1,19,179.925,167.24,142.4275,0.164
lxt,548,1,20,179.81,167.35,129.8084,0.1562
lxt,548,1,21,179.72,167.48,119.7429,0.1613
lxt,548,1,22,179.655,167.62,109.657,0.1486
lxt,548,1,23,179.62,167.76,98.1249,0.1414
lxt,548,1,24,179.62,167.915,83.2931,0.1712
lxt,548,1,25,179.65,168.075,75.0679,0.1553
lxt,548,1,26,179.71,168.22,60.2518,0.1612
lxt,548,1,27,179.8,168.35,50.1959,0.1562
lxt,548,1,28,179.91,168.46,39.8049,0.1562
lxt,548,1,29,180.04,168.545,26.5675,0.1565
lxt,548,1,30,180.185,168.605,18.4315,0.1581
lxt,548,1,31,180.34,168.64,7.1317,0.1613
lxt,548,2,0,180.505,166.51,173.2836,0.1712
lxt,548,2,1,180.67,166.475,162.6503,0.1676
lxt,548,2,2,180.825,166.415,154.9799,0.1655
lxt,548,2,3,180.97,166.325,141.8464,0.178
lxt,548,2,4,181.095,166.21,132.5118,0.1628
lxt,548,2,5,181.195,166.075,120.9586,0.1749
lxt,548,2,6,181.265,165.92,107.3578,0.1676
lxt,548,2,7,181.3,165.755,96.7107,0.1712
lxt,548,2,8,181.3,165.585,83.2893,0.1712
lxt,548,2,9,181.26,165.42,69.4416,0.1709
lxt,548,2,10,181.19,165.27,60.2571,0.1613
lxt,548,2,11,181.09,165.135,47.2928,0.1769
lxt,548,2,12,180.965,165.02,37.5692,0.164
lxt,548,2,13,180.825,164.93,28.0695,0.17
lxt,548,2,14,180.665,164.86,19.4395,0.1803
lxt,548,2,15,180.5,164.825,3.5797,0.1603
lxt,548,2,16,180.335,164.825,176.6302,0.1703
lxt,548,2,17,180.17,164.86,159.4452,0.1709
lxt,548,2,18,180.01,164.93,153.4393,0.1789
lxt,548,2,19,179.865,165.02,142.4308,0.164
lxt,548,2,20,179.745,165.135,130.2355,0.1703
lxt,548,2,21,179.645,165.27,122.7314,0.1664
lxt,548,2,22,179.57,165.42,110.5584,0.1709
lxt,548,2,23,179.53,165.585,96.7107,0.1712
lxt,548,2,24,179.53,165.755,83.2893,0.1712
lxt,548,2,25,179.57,165.92,69.4416,0.1709
lxt,548,2,26,179.64,166.075,61.9308,0.17
lxt,548,2,27,179.74,166.21,45.0,0.1697
lxt,548,2,28,179.865,166.325,40.2315,0.1703
lxt,548,2,29,180.005,166.415,25.0179,0.1655
lxt,548,2,30,180.16,166.475,17.3512,0.1676
lxt,548,2,31,180.33,166.51,6.3461,0.1811
lxt,549,0,0,182.56,166.395,90.0,0.43
lxt,549,0,1,183.24,166.18,0.0,1.36
lxt,549,0,2,183.92,166.395,90.0,0.43
lxt,549,0,3,183.24,166.61,0.0,1.36
lxt,550,0,0,186.015,166.605,177.2711,0.2102
lxt,550,0,1,186.215,166.585,171.0271,0.1923
lxt,550,0,2,186.39,166.535,156.3781,0.1746
lxt,550,0,3,186.54,166.45,144.4606,0.172
lxt,550,0,4,186.67,166.335,132.7108,0.1769
lxt,550,0,5,186.775,166.19,119.3562,0.1836
lxt,550,0,6,186.845,166.015,104.7442,0.1965
lxt,550,0,7,186.88,165.82,95.7071,0.201
lxt,550,0,8,186.88,165.63,83.663,0.1811
lxt,550,0,9,186.845,165.455,73.608,0.1772
lxt,550,0,10,186.78,165.29,63.4349,0.1789
lxt,550,0,11,186.69,165.145,52.4308,0.164
lxt,550,0,12,186.575,165.025,40.2427,0.1703
lxt,550,0,13,186.435,164.93,28.067,0.17
lxt,550,0,14,186.275,164.86,19.4395,0.1803
lxt,550,0,15,186.1,164.825,3.1831,0.1803
lxt,550,0,16,185.925,164.825,176.6305,0.1703
lxt,550,0,17,185.765,164.85,165.065,0.1552
lxt,550,0,18,185.615,164.9,158.1986,0.1615
lxt,550,0,19,185.475,164.97,148.3978,0.1526
lxt,550,0,20,185.355,165.065,134.996,0.1556
lxt,550,0,21,185.255,165.18,126.8699,0.15
lxt,550,0,22,185.18,165.315,111.8014,0.1615
lxt,550,0,23,185.13,165.47,104.0388,0.1649
lxt,550,0,24,184.83,165.55,0.0,0.56
lxt,550,0,25,184.57,165.415,98.4259,0.2729
lxt,550,0,26,184.64,165.155,111.8026,0.2693
lxt,550,0,27,184.755,164.925,121.7578,0.247
lxt,550,0,28,184.91,164.73,135.0,0.2545
lxt,550,0,29,185.105,164.57,146.3138,0.2524
lxt,550,0,30,185.325,164.445,154.4364,0.255
lxt,550,0,31,185.57,164.36,167.0056,0.2668
lxt,550,0,32,185.83,164.32,175.6039,0.2608
lxt,550,0,33,186.11,164.32,3.8119,0.3007
lxt,550,0,34,186.4,164.365,14.0377,0.2886
lxt,550,0,35,186.66,164.46,26.5651,0.2683
lxt,550,0,36,186.885,164.6,37.3037,0.264
lxt,550,0,37,187.075,164.78,49.6332,0.2625
lxt,550,0,38,187.225,164.995,60.5244,0.2642
lxt,550,0,39,187.33,165.25,74.0542,0.2912
lxt,550,0,40,187.385,165.54,84.2894,0.3015
lxt,550,0,41,187.395,165.78,93.1825,0.1803
lxt,550,0,42,187.375,165.96,99.4623,0.1825
lxt,550,0,43,187.34,166.13,104.0337,0.1649
lxt,550,0,44,187.285,166.29,113.6311,0.1746
lxt,550,0,45,187.21,166.44,119.7482,0.1612
lxt,550,0,46,187.115,166.575,130.2355,0.1703
lxt,550,0,47,186.995,166.695,139.7573,0.1703
lxt,550,0,48,186.855,166.8,146.318,0.1803
lxt,550,0,49,186.895,166.95,41.0095,0.3048
lxt,550,0,50,187.095,167.175,55.7846,0.3023
lxt,550,0,51,187.21,167.365,65.2266,0.1432
lxt,550,0,52,187.26,167.505,75.0704,0.1552
lxt,550,0,53,187.295,167.66,79.381,0.1628
lxt,550,0,54,187.31,167.825,90.0,0.17
lxt,550,0,55,187.3,168.045,94.2338,0.2708
lxt,550,0,56,187.255,168.305,105.6438,0.2596
lxt,550,0,57,187.16,168.535,119.7449,0.2419
lxt,550,0,58,187.02,168.73,131.6353,0.2408
lxt,550,0,59,186.845,168.895,141.7113,0.2421
lxt,550,0,60,186.64,169.02,155.5548,0.2417
lxt,550,0,61,186.41,169.105,163.7376,0.25
lxt,550,0,62,186.155,169.15,175.766,0.2707
lxt,550,0,63,185.885,169.15,4.234,0.2707
lxt,550,0,64,185.625,169.11,13.4952,0.2571
lxt,550,0,65,185.39,169.035,22.2481,0.2377
lxt,550,0,66,185.19,168.925,35.8398,0.222
lxt,550,0,67,185.02,168.775,46.7373,0.2335
lxt,550,0,68,184.88,168.59,59.035,0.2332
lxt,550,0,69,184.77,168.37,67.3781,0.26
lxt,550,0,70,184.69,168.12,77.0064,0.2668
lxt,550,0,71,184.945,167.99,0.0,0.57
lxt,550,0,72,185.25,168.06,74.0554,0.1456
lxt,550,0,73,185.295,168.195,68.962,0.1393
lxt,550,0,74,185.355,168.315,57.5355,0.1304
lxt,550,0,75,185.435,168.42,48.0022,0.1345
lxt,550,0,76,185.535,168.505,32.4774,0.1304
lxt,550,0,77,185.65,168.57,26.5621,0.1342
lxt,550,0,78,185.78,168.62,15.9487,0.1456
lxt,550,0,79,185.925,168.645,3.8179,0.1503
lxt,550,0,80,186.085,168.64,173.2836,0.1712
lxt,550,0,81,186.245,168.61,165.0773,0.1552
lxt,550,0,82,186.39,168.555,153.4325,0.1565
lxt,550,0,83,186.515,168.475,140.7119,0.1421
lxt,550,0,84,186.62,168.37,129.8041,0.1562
lxt,550,0,85,186.705,168.245,118.3024,0.1477
lxt,550,0,86,186.765,168.105,108.4367,0.1581
lxt,550,0,87,186.795,167.945,93.3644,0.1703
lxt,550,0,88,186.79,167.765,83.9898,0.1911
lxt,550,0,89,186.755,167.59,72.6503,0.1676
lxt,550,0,90,186.69,167.445,58.3929,0.1526
lxt,550,0,91,186.595,167.33,42.2666,0.1486
lxt,550,0,92,186.47,167.24,29.7503,0.1613
lxt,550,0,93,186.325,167.175,18.4297,0.1581
lxt,550,0,94,186.165,167.135,10.0077,0.1726
lxt,550,0,95,185.99,167.12,0.0,0.18
lxt,550,0,96,185.905,166.865,91.1227,0.5101
lxt,551,0,0,189.295,168.09,53.7346,2.6542
lxt,551,0,1,188.42,166.88,57.2657,0.3329
lxt,551,0,2,188.26,166.595,64.2291,0.322
lxt,551,0,3,188.16,166.37,69.4452,0.1709
lxt,551,0,4,188.105,166.21,72.6454,0.1676
lxt,551,0,5,188.07,166.045,83.2893,0.1712
lxt,551,0,6,188.055,165.875,86.635,0.1703
lxt,551,0,7,188.065,165.64,95.71,0.3015
lxt,551,0,8,188.125,165.35,107.8183,0.2941
lxt,551,0,9,188.24,165.085,119.2487,0.2865
lxt,551,0,10,188.405,164.85,130.8153,0.2907
lxt,551,0,11,188.61,164.65,140.7119,0.2842
lxt,551,0,12,188.845,164.49,150.7539,0.2865
lxt,551,0,13,189.11,164.38,164.0513,0.2912
lxt,551,0,14,189.395,164.325,174.0943,0.2916
lxt,551,0,15,189.695,164.325,5.5274,0.3114
lxt,551,0,16,189.99,164.38,15.9487,0.2912
lxt,551,0,17,190.255,164.49,29.2461,0.2865
lxt,551,0,18,190.49,164.655,40.8153,0.2907
lxt,551,0,19,190.69,164.86,50.7119,0.2842
lxt,551,0,20,190.845,165.1,63.4349,0.2907
lxt,551,0,21,190.955,165.375,72.758,0.3036
lxt,551,0,22,191.015,165.675,84.4732,0.3115
lxt,551,0,23,191.015,165.97,96.1153,0.2816
lxt,551,0,24,190.965,166.245,104.5334,0.2789
lxt,551,0,25,190.875,166.5,114.6246,0.264
lxt,551,0,26,190.74,166.73,126.0278,0.272
lxt,551,0,27,190.57,166.93,135.0024,0.2546
lxt,551,0,28,190.37,167.09,147.5262,0.2608
lxt,551,0,29,190.135,167.205,160.2019,0.2657
lxt,551,0,30,189.87,167.27,171.8681,0.2828
lxt,551,0,31,189.615,167.275,7.4312,0.2319
lxt,551,0,32,189.39,167.22,19.9869,0.2341
lxt,551,0,33,189.275,167.185,134.9563,0.0141
lxt,551,0,34,189.885,168.05,54.4309,2.1145
lxt,551,0,35,190.29,169.035,149.2372,0.4888
lxt,551,1,0,189.44,164.83,174.2929,0.201
lxt,551,1,1,189.25,164.87,161.5651,0.1897
lxt,551,1,2,189.08,164.945,150.6438,0.1836
lxt,551,1,3,188.925,165.05,141.3331,0.1921
lxt,551,1,4,188.79,165.18,130.607,0.1844
lxt,551,1,5,188.685,165.335,117.8944,0.1924
lxt,551,1,6,188.61,165.515,107.5247,0.1993
lxt,551,1,7,188.57,165.705,96.0102,0.1911
lxt,551,1,8,188.57,165.895,83.9888,0.191
lxt,551,1,9,188.61,166.08,71.568,0.1898
lxt,551,1,10,188.69,166.25,57.9936,0.1887
lxt,551,1,11,188.8,166.405,51.3402,0.1921
lxt,551,1,12,188.935,166.54,38.6598,0.1921
lxt,551,1,13,189.09,166.645,29.3562,0.1836
lxt,551,1,14,189.26,166.72,18.4335,0.1897
lxt,551,1,15,189.445,166.765,8.9722,0.1924
lxt,551,1,16,189.63,166.77,173.663,0.1811
lxt,551,1,17,189.81,166.73,161.5665,0.1897
lxt,551,1,18,189.98,166.655,150.6415,0.1836
lxt,551,1,19,190.135,166.55,141.3359,0.1921
lxt,551,1,20,190.275,166.415,130.9133,0.1985
lxt,551,1,21,190.385,166.255,117.9027,0.1923
lxt,551,1,22,190.46,166.075,107.5247,0.1993
lxt,551,1,23,190.505,165.875,98.1289,0.2122
lxt,551,1,24,190.51,165.675,83.9888,0.191
lxt,551,1,25,190.47,165.49,71.568,0.1898
lxt,551,1,26,190.39,165.32,57.9936,0.1887
lxt,551,1,27,190.28,165.17,49.3966,0.1844
lxt,551,1,28,190.145,165.04,38.6598,0.1921
lxt,551,1,29,189.99,164.935,29.3562,0.1836
lxt,551,1,30,189.82,164.865,15.5289,0.1868
lxt,551,1,31,189.635,164.83,6.0061,0.191
lxt,552,0,0,179.11,175.765,123.6928,0.1803
lxt,552,0,1,178.995,175.91,132.8736,0.1911
lxt,552,0,2,178.865,176.035,139.7685,0.1703
lxt,552,0,3,178.73,176.14,144.4606,0.172
lxt,552,0,4,178.58,176.23,153.4393,0.1789
lxt,552,0,5,178.415,176.295,163.6046,0.1772
lxt,552,0,6,178.24,176.335,170.5377,0.1825
lxt,552,0,7,178.055,176.355,176.9843,0.1903
lxt,552,0,8,177.83,176.35,4.4028,0.2608
lxt,552,0,9,177.575,176.315,11.3072,0.2549
lxt,552,0,10,177.335,176.24,23.5002,0.2508
lxt,552,0,11,177.12,176.125,33.0253,0.2385
lxt,552,0,12,176.93,175.975,43.3593,0.2476
lxt,552,0,13,176.775,175.79,56.9798,0.2385
lxt,552,0,14,176.665,175.57,69.444,0.2563
lxt,552,0,15,176.605,175.315,83.6573,0.2717
lxt,552,0,16,176.6,175.065,94.9712,0.2308
lxt,552,0,17,176.64,174.85,106.6976,0.2088
lxt,552,0,18,176.72,174.66,119.0571,0.2059
lxt,552,0,19,176.835,174.495,130.9166,0.1985
lxt,552,0,20,176.975,174.355,139.0834,0.1985
lxt,552,0,21,177.14,174.23,146.3122,0.2163
lxt,552,0,22,177.32,174.12,150.9429,0.2059
lxt,552,0,23,177.51,174.025,155.7728,0.2193
lxt,552,0,24,177.77,173.91,156.3689,0.3493
lxt,552,0,25,178.075,173.77,154.2327,0.322
lxt,552,0,26,178.345,173.61,144.2426,0.3081
lxt,552,0,27,178.52,173.465,132.2792,0.1487
lxt,552,0,28,178.61,173.345,121.6071,0.1526
lxt,552,0,29,178.675,173.2,107.3497,0.1676
lxt,552,0,30,178.71,173.035,96.7119,0.1712
lxt,552,0,31,178.71,172.855,83.9898,0.1911
lxt,552,0,32,178.675,172.675,73.6155,0.1772
lxt,552,0,33,178.615,172.515,64.9799,0.1655
lxt,552,0,34,178.53,172.37,54.4676,0.1721
lxt,552,0,35,178.415,172.24,42.7072,0.1769
lxt,552,0,36,178.28,172.14,29.7408,0.1612
lxt,552,0,37,178.13,172.07,20.5548,0.1709
lxt,552,0,38,177.96,172.03,6.3466,0.1811
lxt,552,0,39,177.78,172.03,173.6539,0.1811
lxt,552,0,40,177.605,172.065,163.6141,0.1772
lxt,552,0,41,177.445,172.13,151.9215,0.17
lxt,552,0,42,177.305,172.225,139.7685,0.1703
lxt,552,0,43,177.185,172.345,130.2355,0.1703
lxt,552,0,44,177.085,172.485,120.9638,0.1749
lxt,552,0,45,177.015,172.645,106.3893,0.1772
lxt,552,0,46,176.985,172.825,93.0111,0.1903
lxt,552,0,47,176.68,172.86,11.3122,0.6119
lxt,552,0,48,176.41,172.66,102.0943,0.2864
lxt,552,0,49,176.49,172.395,111.8026,0.2693
lxt,552,0,50,176.61,172.165,123.691,0.2524
lxt,552,0,51,176.77,171.965,133.4503,0.2617
lxt,552,0,52,176.96,171.795,143.1308,0.25
lxt,552,0,53,177.18,171.665,155.3798,0.264
lxt,552,0,54,177.425,171.575,164.3562,0.2596
lxt,552,0,55,177.685,171.525,173.6602,0.2717
lxt,552,0,56,177.97,171.525,5.7103,0.3015
lxt,552,0,57,178.26,171.575,14.0377,0.2886
lxt,552,0,58,178.525,171.675,27.4698,0.2818
lxt,552,0,59,178.76,171.825,37.6963,0.278
lxt,552,0,60,178.965,172.01,46.4725,0.2759
lxt,552,0,61,179.13,172.235,60.7513,0.2865
lxt,552,0,62,179.24,172.5,74.0542,0.2912
lxt,552,0,63,179.295,172.795,84.4726,0.3114
lxt,552,0,64,179.3,173.085,94.2342,0.2707
lxt,552,0,65,179.255,173.345,105.6438,0.2596
lxt,552,0,66,179.17,173.57,116.5616,0.2236
lxt,552,0,67,179.05,173.765,126.3839,0.236
lxt,552,0,68,178.895,173.935,138.5797,0.2267
lxt,552,0,69,178.71,174.08,145.0106,0.2441
lxt,552,0,70,178.5,174.21,151.3907,0.2506
lxt,552,0,71,178.27,174.32,157.3781,0.26
lxt,552,0,72,177.985,174.435,158.4979,0.3547
lxt,552,0,73,177.71,174.555,153.4318,0.246
lxt,552,0,74,177.5,174.68,145.0106,0.2441
lxt,552,0,75,177.355,174.79,138.364,0.1204
lxt,552,0,76,177.275,174.88,124.9955,0.122
lxt,552,0,77,177.22,174.99,108.4393,0.1265
lxt,552,0,78,177.19,175.115,98.7411,0.1315
lxt,552,0,79,177.19,175.255,82.4107,0.1514
lxt,552,0,80,177.225,175.395,68.9575,0.1393
lxt,552,0,81,177.29,175.52,56.315,0.1442
lxt,552,0,82,177.38,175.625,41.9843,0.1345
lxt,552,0,83,177.555,175.74,29.2461,0.2865
lxt,552,0,84,177.815,175.83,8.4291,0.2729
lxt,552,0,85,178.07,175.84,175.2391,0.2408
lxt,552,0,86,178.285,175.785,154.6475,0.2103
lxt,552,0,87,178.465,175.67,140.5304,0.2202
lxt,552,0,88,178.62,175.505,126.3839,0.236
lxt,552,0,89,178.925,175.55,30.784,0.5471
lxt,553,0,0,179.79,173.595,90.0,0.43
lxt,553,0,1,180.475,173.38,0.0,1.37
lxt,553,0,2,181.16,173.595,90.0,0.43
lxt,553,0,3,180.475,173.81,0.0,1.37
lxt,554,0,0,183.255,173.81,0.0,0.21
lxt,554,0,1,183.455,173.79,168.1081,0.1942
lxt,554,0,2,183.63,173.735,156.3781,0.1746
lxt,554,0,3,183.78,173.65,144.4606,0.172
lxt,554,0,4,183.91,173.535,132.7108,0.1769
lxt,554,0,5,184.015,173.39,119.3562,0.1836
lxt,554,0,6,184.085,173.22,105.5256,0.1868
lxt,554,0,7,184.12,173.025,95.4368,0.211
lxt,554,0,8,184.12,172.83,83.663,0.1811
lxt,554,0,9,184.085,172.655,73.608,0.1772
lxt,554,0,10,184.02,172.495,61.9308,0.17
lxt,554,0,11,183.93,172.355,52.4243,0.164
lxt,554,0,12,183.815,172.235,40.2427,0.1703
lxt,554,0,13,183.675,172.135,30.9612,0.1749
lxt,554,0,14,183.515,172.065,16.3859,0.1772
lxt,554,0,15,183.34,172.03,6.3466,0.1811
lxt,554,0,16,183.165,172.03,173.2842,0.1712
lxt,554,0,17,183.005,172.055,168.6901,0.153
lxt,554,0,18,182.855,172.1,158.1986,0.1615
lxt,554,0,19,182.715,172.175,145.3069,0.1581
lxt,554,0,20,182.595,172.27,137.7247,0.1487
lxt,554,0,21,182.495,172.385,124.6931,0.1581
lxt,554,0,22,182.42,172.52,113.2001,0.1523
lxt,554,0,23,182.37,172.67,104.0388,0.1649
lxt,554,0,24,182.07,172.75,0.0,0.56
lxt,554,0,25,181.81,172.615,98.4259,0.2729
lxt,554,0,26,181.88,172.36,112.6193,0.26
lxt,554,0,27,181.995,172.135,121.7615,0.247
lxt,554,0,28,182.15,171.94,135.0,0.2545
lxt,554,0,29,182.345,171.78,146.308,0.2524
lxt,554,0,30,182.565,171.655,154.4426,0.2549
lxt,554,0,31,182.805,171.57,166.5048,0.2571
lxt,554,0,32,183.065,171.525,173.6602,0.2717
lxt,554,0,33,183.35,171.525,5.7103,0.3015
lxt,554,0,34,183.64,171.575,14.0318,0.2886
lxt,554,0,35,183.9,171.665,24.6276,0.264
lxt,554,0,36,184.125,171.8,37.3037,0.264
lxt,554,0,37,184.315,171.98,49.6332,0.2625
lxt,554,0,38,184.465,172.2,61.5582,0.273
lxt,554,0,39,184.57,172.455,73.4946,0.2816
lxt,554,0,40,184.625,172.745,84.4726,0.3114
lxt,554,0,41,184.635,172.99,93.1831,0.1803
lxt,554,0,42,184.615,173.165,100.0068,0.1726
lxt,554,0,43,184.58,173.335,103.2397,0.1746
lxt,554,0,44,184.525,173.495,115.0156,0.1656
lxt,554,0,45,184.45,173.645,118.074,0.17
lxt,554,0,46,184.355,173.78,132.5118,0.1628
lxt,554,0,47,184.235,173.9,137.2895,0.1769
lxt,554,0,48,184.095,174.005,149.0388,0.1749
lxt,554,0,49,184.135,174.15,41.0095,0.3048
lxt,554,0,50,184.335,174.375,55.7846,0.3023
lxt,554,0,51,184.45,174.57,66.7999,0.1523
lxt,554,0,52,184.5,174.715,75.0733,0.1553
lxt,554,0,53,184.53,174.87,82.8736,0.1612
lxt,554,0,54,184.545,175.03,86.425,0.1603
lxt,554,0,55,184.54,175.25,94.0834,0.2807
lxt,554,0,56,184.49,175.51,108.4339,0.253
lxt,554,0,57,184.395,175.74,116.5651,0.246
lxt,554,0,58,184.26,175.94,131.6353,0.2408
lxt,554,0,59,184.085,176.1,143.6191,0.236
lxt,554,0,60,183.88,176.225,153.4318,0.246
lxt,554,0,61,183.645,176.31,166.5048,0.2571
lxt,554,0,62,183.39,176.35,175.6036,0.2608
lxt,554,0,63,183.125,176.35,4.234,0.2707
lxt,554,0,64,182.865,176.315,11.3072,0.2549
lxt,554,0,65,182.63,176.24,24.4452,0.2417
lxt,554,0,66,182.43,176.125,35.8398,0.222
lxt,554,0,67,182.26,175.98,45.0,0.2263
lxt,554,0,68,182.115,175.8,56.9728,0.2385
lxt,554,0,69,182.005,175.58,69.4463,0.2563
lxt,554,0,70,181.93,175.325,77.4712,0.2766
lxt,554,0,71,182.185,175.19,0.0,0.57
lxt,554,0,72,182.49,175.26,74.0554,0.1456
lxt,554,0,73,182.535,175.395,68.962,0.1393
lxt,554,0,74,182.595,175.52,59.7454,0.1389
lxt,554,0,75,182.675,175.625,44.9951,0.1273
lxt,554,0,76,182.775,175.71,36.0368,0.136
lxt,554,0,77,182.89,175.78,26.5621,0.1342
lxt,554,0,78,183.02,175.825,12.0943,0.1432
lxt,554,0,79,183.165,175.845,3.8179,0.1503
lxt,554,0,80,183.325,175.845,176.6302,0.1703
lxt,554,0,81,183.485,175.82,165.0664,0.1553
lxt,554,0,82,183.63,175.765,153.4424,0.1565
lxt,554,0,83,183.755,175.68,137.7247,0.1487
lxt,554,0,84,183.86,175.575,132.267,0.1487
lxt,554,0,85,183.945,175.45,116.57,0.1565
lxt,554,0,86,184.005,175.305,108.4367,0.1581
lxt,554,0,87,184.035,175.145,93.3644,0.1703
lxt,554,0,88,184.03,174.965,83.9898,0.1911
lxt,554,0,89,183.995,174.79,72.6503,0.1676
lxt,554,0,90,183.93,174.645,58.3929,0.1526
lxt,554,0,91,183.83,174.53,39.7963,0.1562
lxt,554,0,92,183.705,174.445,28.3052,0.1476
lxt,554,0,93,183.565,174.385,18.4402,0.1581
lxt,554,0,94,183.405,174.345,10.0077,0.1726
lxt,554,0,95,183.23,174.325,3.1734,0.1803
lxt,554,0,96,183.145,174.065,91.1227,0.5101
lxt,555,0,0,186.885,171.52,5.4372,0.211
lxt,555,0,1,187.085,171.555,14.7497,0.1965
lxt,555,0,2,187.27,171.615,21.2517,0.1931
lxt,555,0,3,187.44,171.705,34.5043,0.1942
lxt,555,0,4,187.595,171.82,38.6598,0.1921
lxt,555,0,5,187.73,171.955,51.3402,0.1921
lxt,555,0,6,187.85,172.11,53.1284,0.2
lxt,555,0,7,187.96,172.275,59.5387,0.1972
lxt,555,0,8,188.09,172.555,67.6925,0.4215
lxt,555,0,9,188.22,172.95,75.9638,0.4123
lxt,555,0,10,188.29,173.25,78.6909,0.2039
lxt,555,0,11,188.32,173.45,84.2885,0.201
lxt,555,0,12,188.34,173.645,83.9898,0.1911
lxt,555,0,13,188.35,173.835,90.0,0.19
lxt,555,0,14,188.35,174.02,90.0,0.18
lxt,555,0,15,188.34,174.205,96.0102,0.1911
lxt,555,0,16,188.32,174.405,95.4417,0.2109
lxt,555,0,17,188.29,174.61,101.3074,0.204
lxt,555,0,18,188.22,174.915,103.7086,0.422
lxt,555,0,19,188.09,175.31,112.8339,0.4123
lxt,555,0,20,187.96,175.59,119.0492,0.2059
lxt,555,0,21,187.855,175.76,124.5132,0.1941
lxt,555,0,22,187.735,175.915,130.9108,0.1985
lxt,555,0,23,187.595,176.055,139.0901,0.1985
lxt,555,0,24,187.44,176.17,147.9936,0.1887
lxt,555,0,25,187.275,176.26,154.7939,0.1879
lxt,555,0,26,187.09,176.325,165.9668,0.2061
lxt,555,0,27,186.885,176.355,177.2711,0.2102
lxt,555,0,28,186.67,176.355,2.6051,0.2202
lxt,555,0,29,186.465,176.325,14.7399,0.1965
lxt,555,0,30,186.28,176.26,23.9679,0.197
lxt,555,0,31,186.11,176.17,32.0064,0.1887
lxt,555,0,32,185.955,176.055,40.9099,0.1985
lxt,555,0,33,185.82,175.915,51.3423,0.1921
lxt,555,0,34,185.7,175.76,53.1266,0.2
lxt,555,0,35,185.59,175.59,60.947,0.2059
lxt,555,0,36,185.465,175.31,68.4601,0.4085
lxt,555,0,37,185.335,174.915,74.9806,0.4245
lxt,555,0,38,185.26,174.61,78.6926,0.204
lxt,555,0,39,185.23,174.405,84.5583,0.2109
lxt,555,0,40,185.215,174.205,86.9843,0.1903
lxt,555,0,41,185.205,174.02,86.8218,0.1803
lxt,555,0,42,185.205,173.835,93.0111,0.1903
lxt,555,0,43,185.215,173.645,93.0157,0.1903
lxt,555,0,44,185.235,173.45,98.5299,0.2022
lxt,555,0,45,185.265,173.25,98.5312,0.2022
lxt,555,0,46,185.335,172.95,105.3754,0.4149
lxt,555,0,47,185.47,172.555,112.3075,0.4215
lxt,555,0,48,185.595,172.275,117.8944,0.1924
lxt,555,0,49,185.7,172.11,126.8681,0.2
lxt,555,0,50,185.825,171.955,130.9166,0.1985
lxt,555,0,51,185.96,171.82,139.3997,0.1844
lxt,555,0,52,186.11,171.705,145.4957,0.1942
lxt,555,0,53,186.28,171.615,158.7467,0.1931
lxt,555,0,54,186.465,171.555,165.2515,0.1965
lxt,555,0,55,186.67,171.52,174.8084,0.2209
lxt,555,1,0,186.855,175.845,176.1821,0.1503
lxt,555,1,1,186.995,175.82,162.9067,0.136
lxt,555,1,2,187.12,175.765,149.7399,0.1389
lxt,555,1,3,187.235,175.685,140.7119,0.1421
lxt,555,1,4,187.385,175.525,129.5587,0.2983
lxt,555,1,5,187.55,175.27,116.5651,0.313
lxt,555,1,6,187.67,174.975,107.8799,0.3257
lxt,555,1,7,187.755,174.66,102.3375,0.3276
lxt,555,1,8,187.81,174.35,97.5966,0.3026
lxt,555,1,9,187.835,174.065,92.12,0.2702
lxt,555,1,10,187.835,173.8,87.7987,0.2602
lxt,555,1,11,187.81,173.515,82.646,0.3126
lxt,555,1,12,187.755,173.205,77.2769,0.3178
lxt,555,1,13,187.67,172.895,72.1201,0.3257
lxt,555,1,14,187.55,172.6,63.4349,0.313
lxt,555,1,15,187.385,172.345,50.4413,0.2983
lxt,555,1,16,187.235,172.185,39.2881,0.1421
lxt,555,1,17,187.12,172.11,26.5651,0.1342
lxt,555,1,18,186.995,172.06,17.1056,0.136
lxt,555,1,19,186.855,172.03,7.5908,0.1513
lxt,555,1,20,186.705,172.03,172.4092,0.1513
lxt,555,1,21,186.56,172.06,164.0513,0.1456
lxt,555,1,22,186.43,172.11,153.4379,0.1342
lxt,555,1,23,186.315,172.185,140.7119,0.1421
lxt,555,1,24,186.165,172.345,129.5587,0.2983
lxt,555,1,25,186.0,172.6,116.5651,0.313
lxt,555,1,26,185.88,172.895,107.8773,0.3257
lxt,555,1,27,185.795,173.205,102.7257,0.3178
lxt,555,1,28,185.74,173.515,97.3512,0.3126
lxt,555,1,29,185.715,173.8,92.2047,0.2602
lxt,555,1,30,185.715,174.065,87.8767,0.2702
lxt,555,1,31,185.74,174.35,82.4063,0.3026
lxt,555,1,32,185.795,174.66,77.6599,0.3276
lxt,555,1,33,185.88,174.975,72.1227,0.3257
lxt,555,1,34,186.0,175.27,63.4349,0.313
lxt,555,1,35,186.165,175.525,50.4413,0.2983
lxt,555,1,36,186.315,175.685,39.2881,0.1421
lxt,555,1,37,186.43,175.765,30.2569,0.1389
lxt,555,1,38,186.56,175.82,15.9371,0.1456
lxt,555,1,39,186.705,175.845,3.8179,0.1503
lxt,556,0,0,189.26,171.455,67.0113,1.7923
lxt,556,0,1,189.085,170.56,158.196,0.377
lxt,556,0,2,189.685,171.29,62.0204,1.8118
lxt,556,0,3,189.86,172.185,159.193,0.5349
lxt,557,0,0,193.02,171.6,0.0,0.96
lxt,557,0,1,193.635,171.605,2.1233,0.2702
lxt,557,0,2,193.9,171.62,4.3961,0.2608
lxt,557,0,3,194.155,171.655,11.3072,0.2549
lxt,557,0,4,194.4,171.71,14.0431,0.2474
lxt,557,0,5,194.635,171.78,19.1752,0.2435
lxt,557,0,6,194.855,171.87,25.4656,0.2326
lxt,557,0,7,195.065,171.975,27.6421,0.2371
lxt,557,0,8,195.26,172.1,37.879,0.228
lxt,557,0,9,195.435,172.245,41.4228,0.2267
lxt,557,0,10,195.595,172.405,48.5768,0.2267
lxt,557,0,11,195.735,172.585,55.6178,0.2302
lxt,557,0,12,195.855,172.785,62.3564,0.2371
lxt,557,0,13,195.955,173.005,68.6252,0.247
lxt,557,0,14,196.03,173.245,76.5048,0.2571
lxt,557,0,15,196.08,173.5,81.2556,0.2631
lxt,557,0,16,196.11,173.775,86.0541,0.2907
lxt,557,0,17,196.11,174.06,94.0865,0.2807
lxt,557,0,18,196.08,174.33,98.7454,0.263
lxt,557,0,19,196.03,174.58,104.0345,0.2474
lxt,557,0,20,195.955,174.815,111.3748,0.247
lxt,557,0,21,195.855,175.03,118.8095,0.2283
lxt,557,0,22,195.735,175.225,124.3779,0.2302
lxt,557,0,23,195.59,175.405,133.2627,0.2335
lxt,557,0,24,195.425,175.565,138.5772,0.2267
lxt,557,0,25,195.25,175.705,144.1625,0.222
lxt,557,0,26,195.06,175.825,151.1921,0.2282
lxt,557,0,27,194.85,175.93,155.5548,0.2417
lxt,557,0,28,194.63,176.02,160.0201,0.2341
lxt,557,0,29,194.4,176.09,165.9638,0.2474
lxt,557,0,30,194.155,176.14,170.9078,0.2532
lxt,557,0,31,193.905,176.175,173.1575,0.2518
lxt,557,0,32,193.65,176.19,0.0,0.26
lxt,557,0,33,193.03,176.19,0.0,0.98
lxt,557,0,34,192.54,173.895,90.0,4.59
lxt,557,1,0,193.24,175.68,0.0,0.2
lxt,557,1,1,193.45,175.68,0.0,0.22
lxt,557,1,2,193.665,175.67,174.5624,0.2109
lxt,557,1,3,193.875,175.645,171.8705,0.2121
lxt,557,1,4,194.075,175.61,168.109,0.1942
lxt,557,1,5,194.265,175.565,165.2601,0.1965
lxt,557,1,6,194.45,175.505,158.7467,0.1931
lxt,557,1,7,194.625,175.43,154.8023,0.1879
lxt,557,1,8,194.79,175.345,150.6438,0.1836
lxt,557,1,9,194.94,175.24,139.3925,0.1844
lxt,557,1,10,195.075,175.12,137.2928,0.1769
lxt,557,1,11,195.195,174.985,126.2551,0.186
lxt,557,1,12,195.3,174.83,122.0024,0.1887
lxt,557,1,13,195.385,174.655,110.2266,0.2025
lxt,557,1,14,195.45,174.46,106.7,0.2088
lxt,557,1,15,195.495,174.25,97.7648,0.222
lxt,557,1,16,195.515,174.02,92.3844,0.2402
lxt,557,1,17,195.515,173.775,87.7106,0.2502
lxt,557,1,18,195.495,173.54,82.2352,0.222
lxt,557,1,19,195.45,173.33,73.3,0.2088
lxt,557,1,20,195.385,173.14,68.7467,0.1931
lxt,557,1,21,195.3,172.965,59.5387,0.1972
lxt,557,1,22,195.195,172.81,51.8395,0.178
lxt,557,1,23,195.075,172.675,45.0,0.1839
lxt,557,1,24,194.94,172.555,38.1614,0.1781
lxt,557,1,25,194.79,172.45,32.0064,0.1887
lxt,557,1,26,194.625,172.36,25.1977,0.1879
lxt,557,1,27,194.45,172.285,21.2533,0.1931
lxt,557,1,28,194.265,172.225,14.7399,0.1965
lxt,557,1,29,194.075,172.18,11.891,0.1942
lxt,557,1,30,193.875,172.145,8.1295,0.2121
lxt,557,1,31,193.665,172.12,5.4376,0.2109
lxt,557,1,32,193.45,172.11,0.0,0.22
lxt,557,1,33,193.24,172.11,0.0,0.2
lxt,557,1,34,193.14,173.895,90.0,3.57
lxt,558,0,0,196.53,173.595,90.0,0.43
lxt,558,0,1,197.215,173.38,0.0,1.37
lxt,558,0,2,197.9,173.595,90.0,0.43
lxt,558,0,3,197.215,173.81,0.0,1.37
lxt,559,0,0,199.995,173.81,0.0,0.21
lxt,559,0,1,200.195,173.79,168.1081,0.1942
lxt,559,0,2,200.37,173.735,156.3781,0.1746
lxt,559,0,3,200.52,173.65,144.4606,0.172
lxt,559,0,4,200.65,173.535,132.7108,0.1769
lxt,559,0,5,200.75,173.39,116.5607,0.1789
lxt,559,0,6,200.82,173.22,108.4393,0.1897
lxt,559,0,7,200.86,173.025,95.4368,0.211
lxt,559,0,8,200.86,172.83,83.663,0.1811
lxt,559,0,9,200.825,172.655,73.608,0.1772
lxt,559,0,10,200.76,172.495,61.9308,0.17
lxt,559,0,11,200.67,172.355,52.4243,0.164
lxt,559,0,12,200.555,172.235,40.2427,0.1703
lxt,559,0,13,200.415,172.135,30.9612,0.1749
lxt,559,0,14,200.255,172.065,16.3859,0.1772
lxt,559,0,15,200.075,172.03,6.0148,0.1911
lxt,559,0,16,199.9,172.03,172.8683,0.1613
lxt,559,0,17,199.745,172.055,168.6901,0.153
lxt,559,0,18,199.595,172.1,158.1986,0.1615
lxt,559,0,19,199.455,172.175,145.3069,0.1581
lxt,559,0,20,199.335,172.27,137.7247,0.1487
lxt,559,0,21,199.235,172.385,124.6931,0.1581
lxt,559,0,22,199.16,172.52,113.2001,0.1523
lxt,559,0,23,199.11,172.67,104.0388,0.1649
lxt,559,0,24,198.81,172.75,0.0,0.56
lxt,559,0,25,198.55,172.615,98.4259,0.2729
lxt,559,0,26,198.62,172.36,112.6193,0.26
lxt,559,0,27,198.735,172.135,121.7615,0.247
lxt,559,0,28,198.89,171.94,135.0,0.2545
lxt,559,0,29,199.085,171.78,146.308,0.2524
lxt,559,0,30,199.305,171.655,154.4426,0.2549
lxt,559,0,31,199.545,171.57,166.5048,0.2571
lxt,559,0,32,199.805,171.525,173.6602,0.2717
lxt,559,0,33,200.09,171.525,5.7103,0.3015
lxt,559,0,34,200.375,171.575,14.5304,0.2789
lxt,559,0,35,200.635,171.665,23.7525,0.2731
lxt,559,0,36,200.865,171.8,37.3037,0.264
lxt,559,0,37,201.055,171.98,49.6332,0.2625
lxt,559,0,38,201.205,172.2,61.5582,0.273
lxt,559,0,39,201.31,172.455,73.4946,0.2816
lxt,559,0,40,201.365,172.745,84.4726,0.3114
lxt,559,0,41,201.375,172.99,93.1831,0.1803
lxt,559,0,42,201.355,173.165,100.0068,0.1726
lxt,559,0,43,201.32,173.335,103.2397,0.1746
lxt,559,0,44,201.265,173.495,115.0156,0.1656
lxt,559,0,45,201.185,173.645,120.9638,0.1749
lxt,559,0,46,201.09,173.78,129.8084,0.1562
lxt,559,0,47,200.975,173.9,137.2895,0.1769
lxt,559,0,48,200.835,174.005,149.0388,0.1749
lxt,559,0,49,200.875,174.15,41.0095,0.3048
lxt,559,0,50,201.075,174.375,55.7846,0.3023
lxt,559,0,51,201.19,174.57,66.7999,0.1523
lxt,559,0,52,201.24,174.715,75.0733,0.1553
lxt,559,0,53,201.27,174.87,82.8736,0.1612
lxt,559,0,54,201.285,175.03,86.425,0.1603
lxt,559,0,55,201.28,175.25,94.0834,0.2807
lxt,559,0,56,201.23,175.51,108.4339,0.253
lxt,559,0,57,201.135,175.74,116.5651,0.246
lxt,559,0,58,201.0,175.94,131.6353,0.2408
lxt,559,0,59,200.825,176.1,143.6191,0.236
lxt,559,0,60,200.62,176.225,153.4318,0.246
lxt,559,0,61,200.385,176.31,166.5048,0.2571
lxt,559,0,62,200.13,176.35,175.6036,0.2608
lxt,559,0,63,199.86,176.35,4.0834,0.2807
lxt,559,0,64,199.6,176.315,11.7652,0.2452
lxt,559,0,65,199.37,176.24,24.4452,0.2417
lxt,559,0,66,199.17,176.125,35.8398,0.222
lxt,559,0,67,199.0,175.98,45.0,0.2263
lxt,559,0,68,198.855,175.8,56.9728,0.2385
lxt,559,0,69,198.745,175.58,69.4463,0.2563
lxt,559,0,70,198.67,175.325,77.4712,0.2766
lxt,559,0,71,198.925,175.19,0.0,0.57
lxt,559,0,72,199.23,175.26,74.0554,0.1456
lxt,559,0,73,199.275,175.395,68.962,0.1393
lxt,559,0,74,199.335,175.52,59.7454,0.1389
lxt,559,0,75,199.415,175.625,44.9951,0.1273
lxt,559,0,76,199.515,175.71,36.0368,0.136
lxt,559,0,77,199.63,175.78,26.5621,0.1342
lxt,559,0,78,199.76,175.825,12.0943,0.1432
lxt,559,0,79,199.905,175.845,3.8179,0.1503
lxt,559,0,80,200.06,175.845,176.4203,0.1603
lxt,559,0,81,200.22,175.82,165.9612,0.1649
lxt,559,0,82,200.365,175.765,151.7053,0.1476
lxt,559,0,83,200.49,175.68,140.1951,0.1562
lxt,559,0,84,200.6,175.575,132.267,0.1487
lxt,559,0,85,200.685,175.45,116.57,0.1565
lxt,559,0,86,200.745,175.305,108.4367,0.1581
lxt,559,0,87,200.775,175.145,93.3644,0.1703
lxt,559,0,88,200.77,174.965,83.9898,0.1911
lxt,559,0,89,200.735,174.79,72.6503,0.1676
lxt,559,0,90,200.67,174.645,58.3929,0.1526
lxt,559,0,91,200.57,174.53,39.7963,0.1562
lxt,559,0,92,200.445,174.445,28.3052,0.1476
lxt,559,0,93,200.305,174.385,18.4402,0.1581
lxt,559,0,94,200.145,174.345,10.0077,0.1726
lxt,559,0,95,199.965,174.325,3.0065,0.1903
lxt,559,0,96,199.88,174.065,92.2462,0.5104
lxt,560,0,0,203.625,171.52,5.4372,0.211
lxt,560,0,1,203.825,171.555,14.7497,0.1965
lxt,560,0,2,204.01,171.615,21.2517,0.1931
lxt,560,0,3,204.18,171.705,34.5043,0.1942
lxt,560,0,4,204.335,171.82,38.6598,0.1921
lxt,560,0,5,204.47,171.955,51.3402,0.1921
lxt,560,0,6,204.59,172.11,53.1284,0.2
lxt,560,0,7,204.7,172.275,59.5387,0.1972
lxt,560,0,8,204.825,172.555,68.9605,0.4178
lxt,560,0,9,204.955,172.95,74.6246,0.4149
lxt,560,0,10,205.03,173.25,78.6909,0.2039
lxt,560,0,11,205.06,173.45,84.2885,0.201
lxt,560,0,12,205.08,173.645,83.9898,0.1911
lxt,560,0,13,205.09,173.835,90.0,0.19
lxt,560,0,14,205.09,174.02,90.0,0.18
lxt,560,0,15,205.08,174.205,96.0102,0.1911
lxt,560,0,16,205.06,174.405,95.4417,0.2109
lxt,560,0,17,205.03,174.61,101.3074,0.204
lxt,560,0,18,204.96,174.915,103.7086,0.422
lxt,560,0,19,204.83,175.31,112.8339,0.4123
lxt,560,0,20,204.7,175.59,119.0492,0.2059
lxt,560,0,21,204.595,175.76,124.5132,0.1941
lxt,560,0,22,204.475,175.915,130.9108,0.1985
lxt,560,0,23,204.335,176.055,139.0901,0.1985
lxt,560,0,24,204.18,176.17,147.9936,0.1887
lxt,560,0,25,204.01,176.26,156.0339,0.197
lxt,560,0,26,203.825,176.325,165.2589,0.1965
lxt,560,0,27,203.625,176.355,177.2711,0.2102
lxt,560,0,28,203.41,176.355,2.6051,0.2202
lxt,560,0,29,203.205,176.325,14.7399,0.1965
lxt,560,0,30,203.02,176.26,23.9679,0.197
lxt,560,0,31,202.85,176.17,32.0064,0.1887
lxt,560,0,32,202.695,176.055,40.9099,0.1985
lxt,560,0,33,202.555,175.915,49.0892,0.1985
lxt,560,0,34,202.435,175.76,55.4868,0.1941
lxt,560,0,35,202.33,175.59,60.947,0.2059
lxt,560,0,36,202.205,175.31,68.4601,0.4085
lxt,560,0,37,202.075,174.915,74.9806,0.4245
lxt,560,0,38,202.0,174.61,78.6926,0.204
lxt,560,0,39,201.97,174.405,84.5583,0.2109
lxt,560,0,40,201.955,174.205,86.9843,0.1903
lxt,560,0,41,201.945,174.02,86.8218,0.1803
lxt,560,0,42,201.945,173.835,93.0111,0.1903
lxt,560,0,43,201.955,173.645,93.0157,0.1903
lxt,560,0,44,201.97,173.45,95.7115,0.201
lxt,560,0,45,202.0,173.25,101.3091,0.2039
lxt,560,0,46,202.075,172.95,105.3754,0.4149
lxt,560,0,47,202.205,172.555,111.0375,0.4178
lxt,560,0,48,202.33,172.275,120.4651,0.1972
lxt,560,0,49,202.44,172.11,126.8681,0.2
lxt,560,0,50,202.565,171.955,130.9166,0.1985
lxt,560,0,51,202.7,171.82,139.3997,0.1844
lxt,560,0,52,202.85,171.705,145.4957,0.1942
lxt,560,0,53,203.02,171.615,158.7467,0.1931
lxt,560,0,54,203.205,171.555,165.2515,0.1965
lxt,560,0,55,203.41,171.52,174.8084,0.2209
lxt,560,1,0,203.59,175.845,175.9104,0.1404
lxt,560,1,1,203.73,175.82,164.0629,0.1456
lxt,560,1,2,203.86,175.765,149.7399,0.1389
lxt,560,1,3,203.975,175.685,140.7119,0.1421
lxt,560,1,4,204.125,175.525,129.5587,0.2983
lxt,560,1,5,204.29,175.27,116.5651,0.313
lxt,560,1,6,204.41,174.975,107.8799,0.3257
lxt,560,1,7,204.495,174.66,102.3375,0.3276
lxt,560,1,8,204.55,174.35,97.5966,0.3026
lxt,560,1,9,204.575,174.065,92.12,0.2702
lxt,560,1,10,204.575,173.8,87.7987,0.2602
lxt,560,1,11,204.55,173.515,82.646,0.3126
lxt,560,1,12,204.495,173.205,77.2769,0.3178
lxt,560,1,13,204.41,172.895,72.1201,0.3257
lxt,560,1,14,204.29,172.6,63.4349,0.313
lxt,560,1,15,204.125,172.345,50.4413,0.2983
lxt,560,1,16,203.975,172.185,39.2881,0.1421
lxt,560,1,17,203.86,172.11,26.5651,0.1342
lxt,560,1,18,203.73,172.06,15.9487,0.1456
lxt,560,1,19,203.59,172.03,8.1257,0.1414
lxt,560,1,20,203.445,172.03,172.4092,0.1513
lxt,560,1,21,203.3,172.06,164.0513,0.1456
lxt,560,1,22,203.17,172.11,153.4379,0.1342
lxt,560,1,23,203.055,172.185,140.7119,0.1421
lxt,560,1,24,202.905,172.345,129.5587,0.2983
lxt,560,1,25,202.74,172.6,116.5651,0.313
lxt,560,1,26,202.62,172.895,107.8773,0.3257
lxt,560,1,27,202.535,173.205,102.7257,0.3178
lxt,560,1,28,202.48,173.515,97.3512,0.3126
lxt,560,1,29,202.455,173.8,92.2047,0.2602
lxt,560,1,30,202.455,174.065,87.8767,0.2702
lxt,560,1,31,202.48,174.35,82.4063,0.3026
lxt,560,1,32,202.535,174.66,77.6599,0.3276
lxt,560,1,33,202.62,174.975,72.1227,0.3257
lxt,560,1,34,202.74,175.27,63.4349,0.313
lxt,560,1,35,202.905,175.525,50.4413,0.2983
lxt,560,1,36,203.055,175.685,39.2881,0.1421
lxt,560,1,37,203.17,175.765,30.2569,0.1389
lxt,560,1,38,203.3,175.82,15.9371,0.1456
lxt,560,1,39,203.445,175.845,3.8179,0.1503
lxt,561,0,0,162.23,180.845,11.7652,0.2452
lxt,561,0,1,162.455,180.92,25.4656,0.2326
lxt,561,0,2,162.655,181.035,34.381,0.2302
lxt,561,0,3,162.83,181.18,45.0,0.2263
lxt,561,0,4,162.97,181.35,56.3099,0.2163
lxt,561,0,5,163.08,181.545,64.5344,0.2326
lxt,561,0,6,163.155,181.765,77.7351,0.2354
lxt,561,0,7,163.19,181.995,85.0332,0.2309
lxt,561,0,8,163.18,182.27,97.1243,0.3225
lxt,561,0,9,163.105,182.575,110.7718,0.3102
lxt,561,0,10,162.96,182.85,124.6953,0.3162
lxt,561,0,11,162.745,183.085,139.9709,0.3265
lxt,561,0,12,162.475,183.25,157.5209,0.3138
lxt,561,0,13,162.17,183.34,169.381,0.3256
lxt,561,0,14,161.85,183.385,174.6443,0.3214
lxt,561,0,15,161.53,183.4,0.0,0.32
lxt,561,0,16,161.01,183.4,0.0,0.72
lxt,561,0,17,160.65,181.1,90.0,4.6
lxt,561,0,18,160.945,178.8,0.0,0.59
lxt,561,0,19,161.24,179.78,90.0,1.96
lxt,561,0,20,161.365,180.76,0.0,0.25
lxt,561,0,21,162.18,179.78,125.1486,2.3971
lxt,561,0,22,163.21,178.8,0.0,0.68
lxt,561,0,23,162.83,179.81,125.4842,2.4807
lxt,561,1,0,161.32,182.89,0.0,0.16
lxt,561,1,1,161.51,182.885,177.3949,0.2202
lxt,561,1,2,161.735,182.87,175.0332,0.2309
lxt,561,1,3,161.96,182.84,169.6931,0.2236
lxt,561,1,4,162.165,182.785,159.7719,0.2025
lxt,561,1,5,162.35,182.7,150.945,0.2059
lxt,561,1,6,162.505,182.58,132.8832,0.191
lxt,561,1,7,162.615,182.415,115.345,0.2102
lxt,561,1,8,162.675,182.205,97.4308,0.232
lxt,561,1,9,162.675,181.97,82.875,0.2419
lxt,561,1,10,162.62,181.755,67.1661,0.2062
lxt,561,1,11,162.515,181.59,47.1168,0.191
lxt,561,1,12,162.37,181.465,34.5118,0.1942
lxt,561,1,13,162.195,181.375,20.2281,0.2025
lxt,561,1,14,161.99,181.32,10.2993,0.2236
lxt,561,1,15,161.77,181.29,5.1994,0.2209
lxt,561,1,16,161.545,181.275,2.4844,0.2302
lxt,561,1,17,161.335,181.27,0.0,0.19
lxt,561,1,18,161.24,182.08,90.0,1.62
lxt,562,0,0,163.78,183.4,0.0,0.62
lxt,562,0,1,164.43,181.015,111.9256,5.1419
lxt,562,0,2,166.045,180.325,68.8719,3.6343
lxt,562,0,3,167.355,180.325,111.1281,3.6343
lxt,562,0,4,168.975,181.015,67.971,5.1457
lxt,562,0,5,169.625,183.4,0.0,0.63
lxt,562,0,6,168.66,181.765,68.3194,3.5189
lxt,562,0,7,167.355,181.85,110.8475,3.681
lxt,562,0,8,166.05,181.885,68.9056,3.6121
lxt,562,0,9,164.745,181.8,112.2629,3.4578
lxt,563,0,0,171.29,179.82,90.0,2.04
lxt,563,0,1,171.59,178.8,0.0,0.6
lxt,563,0,2,171.89,179.82,90.0,2.04
lxt,563,0,3,172.645,182.12,59.4661,2.9721
lxt,563,0,4,173.065,183.4,0.0,0.67
lxt,563,0,5,172.16,182.44,59.3001,2.2329
lxt,563,0,6,171.02,182.44,120.6999,2.2329
lxt,563,0,7,170.12,183.4,0.0,0.66
lxt,563,0,8,170.54,182.12,120.3677,2.9671
lxt,564,0,0,176.66,180.845,90.0,4.09
lxt,564,0,1,176.915,178.8,0.0,0.51
lxt,564,0,2,177.17,181.1,90.0,4.6
lxt,564,0,3,176.675,183.4,0.0,0.99
lxt,564,0,4,176.02,183.145,57.8936,0.6021
lxt,564,0,5,176.26,182.89,0.0,0.8
lxt,565,0,0,180.2,180.845,90.0,4.09
lxt,565,0,1,180.455,178.8,0.0,0.51
lxt,565,0,2,180.71,181.1,90.0,4.6
lxt,565,0,3,180.215,183.4,0.0,0.99
lxt,565,0,4,179.56,183.145,57.8936,0.6021
lxt,565,0,5,179.8,182.89,0.0,0.8
lxt,566,0,0,182.56,180.805,90.0,0.43
lxt,566,0,1,183.24,180.59,0.0,1.36
lxt,566,0,2,183.92,180.805,90.0,0.43
lxt,566,0,3,183.24,181.02,0.0,1.36
lxt,567,0,0,186.415,180.26,51.5246,2.4269
lxt,567,0,1,187.235,181.32,59.42,0.2555
lxt,567,0,2,187.35,181.55,67.3781,0.26
lxt,567,0,3,187.43,181.795,76.5048,0.2571
lxt,567,0,4,187.47,182.05,85.6005,0.2608
lxt,567,0,5,187.47,182.33,93.8147,0.3007
lxt,567,0,6,187.415,182.61,109.0942,0.2751
lxt,567,0,7,187.305,182.86,118.4418,0.273
lxt,567,0,8,187.155,183.08,130.3668,0.2625
lxt,567,0,9,186.965,183.265,141.0077,0.2702
lxt,567,0,10,186.74,183.41,153.4349,0.2683
lxt,567,0,11,186.485,183.505,165.4643,0.2789
lxt,567,0,12,186.21,183.555,173.8847,0.2816
lxt,567,0,13,185.92,183.555,5.7103,0.3015
lxt,567,0,14,185.635,183.505,14.5357,0.2789
lxt,567,0,15,185.38,183.415,24.6276,0.264
lxt,567,0,16,185.155,183.28,37.2984,0.264
lxt,567,0,17,184.965,183.1,49.6375,0.2625
lxt,567,0,18,184.815,182.88,61.5552,0.2729
lxt,567,0,19,184.705,182.625,71.567,0.2846
lxt,567,0,20,184.63,182.34,78.6901,0.3059
lxt,567,0,21,184.89,182.19,0.0,0.58
lxt,567,0,22,185.19,182.28,83.663,0.1811
lxt,567,0,23,185.23,182.45,69.4404,0.1709
lxt,567,0,24,185.305,182.605,59.0362,0.1749
lxt,567,0,25,185.405,182.745,49.7645,0.1703
lxt,567,0,26,185.525,182.86,37.5725,0.164
lxt,567,0,27,185.66,182.95,29.7382,0.1613
lxt,567,0,28,185.81,183.015,17.3612,0.1676
lxt,567,0,29,185.98,183.05,6.3365,0.1811
lxt,567,0,30,186.155,183.05,173.2937,0.1712
lxt,567,0,31,186.325,183.015,163.6046,0.1772
lxt,567,0,32,186.485,182.945,149.0362,0.1749
lxt,567,0,33,186.63,182.845,141.8464,0.178
lxt,567,0,34,186.755,182.725,130.2355,0.1703
lxt,567,0,35,186.855,182.585,120.968,0.1749
lxt,567,0,36,186.925,182.425,106.3845,0.1772
lxt,567,0,37,186.96,182.25,96.3418,0.1811
lxt,567,0,38,186.955,182.045,82.5692,0.232
lxt,567,0,39,186.89,181.82,65.5548,0.2417
lxt,567,0,40,186.775,181.605,58.2415,0.247
lxt,567,0,41,186.635,181.405,51.7085,0.2421
lxt,567,0,42,185.55,180.055,51.1738,3.2219
lxt,567,0,43,186.01,178.8,0.0,2.94
lxt,567,0,44,187.48,179.055,90.0,0.51
lxt,567,0,45,186.57,179.31,0.0,1.82
lxt,568,0,0,189.865,179.785,53.6064,2.6461
lxt,568,0,1,190.735,180.99,58.7364,0.3276
lxt,568,0,2,190.895,181.28,63.4349,0.3354
lxt,568,0,3,191.0,181.51,69.4452,0.1709
lxt,568,0,4,191.05,181.67,75.9612,0.1649
lxt,568,0,5,191.085,181.83,79.381,0.1628
lxt,568,0,6,191.105,182.0,86.8218,0.1803
lxt,568,0,7,191.095,182.24,95.71,0.3015
lxt,568,0,8,191.035,182.53,107.8183,0.2941
lxt,568,0,9,190.92,182.795,119.2487,0.2865
lxt,568,0,10,190.755,183.03,130.8153,0.2907
lxt,568,0,11,190.55,183.23,140.7119,0.2842
lxt,568,0,12,190.315,183.385,152.5247,0.2818
lxt,568,0,13,190.05,183.495,162.1817,0.2941
lxt,568,0,14,189.765,183.555,174.0943,0.2916
lxt,568,0,15,189.465,183.555,5.5274,0.3114
lxt,568,0,16,189.17,183.495,17.8183,0.2941
lxt,568,0,17,188.905,183.38,29.2514,0.2865
lxt,568,0,18,188.67,183.22,39.2881,0.2842
lxt,568,0,19,188.47,183.015,51.9554,0.2921
lxt,568,0,20,188.315,182.77,63.4323,0.2907
lxt,568,0,21,188.205,182.495,72.7597,0.3037
lxt,568,0,22,188.145,182.195,84.4726,0.3114
lxt,568,0,23,188.145,181.905,96.3395,0.2717
lxt,568,0,24,188.195,181.635,104.5334,0.2789
lxt,568,0,25,188.285,181.38,114.6246,0.264
lxt,568,0,26,188.42,181.15,126.0278,0.272
lxt,568,0,27,188.59,180.945,133.4527,0.2617
lxt,568,0,28,188.795,180.78,148.6682,0.2693
lxt,568,0,29,189.035,180.665,160.2019,0.2657
lxt,568,0,30,189.295,180.605,173.6602,0.2717
lxt,568,0,31,189.545,180.6,4.9747,0.2309
lxt,568,0,32,189.77,180.645,17.6445,0.2309
lxt,568,0,33,189.885,180.675,135.0438,0.0141
lxt,568,0,34,189.275,179.855,52.9619,2.042
lxt,568,0,35,188.87,178.88,142.6953,0.528
lxt,568,1,0,189.53,181.11,173.663,0.1811
lxt,568,1,1,189.355,181.15,160.5605,0.1803
lxt,568,1,2,189.185,181.22,154.7939,0.1879
lxt,568,1,3,189.025,181.32,141.343,0.1921
lxt,568,1,4,188.89,181.455,128.6598,0.1921
lxt,568,1,5,188.78,181.61,122.0064,0.1887
lxt,568,1,6,188.7,181.785,107.5247,0.1993
lxt,568,1,7,188.655,181.98,98.5312,0.2022
lxt,568,1,8,188.65,182.175,83.9898,0.1911
lxt,568,1,9,188.69,182.365,72.4753,0.1993
lxt,568,1,10,188.77,182.54,57.9936,0.1887
lxt,568,1,11,188.88,182.695,51.3402,0.1921
lxt,568,1,12,189.02,182.83,36.8751,0.2
lxt,568,1,13,189.185,182.935,27.8966,0.1924
lxt,568,1,14,189.365,183.01,17.5247,0.1993
lxt,568,1,15,189.56,183.05,5.7076,0.201
lxt,568,1,16,189.75,183.05,173.663,0.1811
lxt,568,1,17,189.93,183.01,161.5665,0.1897
lxt,568,1,18,190.1,182.93,147.9936,0.1887
lxt,568,1,19,190.25,182.82,139.3997,0.1844
lxt,568,1,20,190.38,182.685,128.6598,0.1921
lxt,568,1,21,190.48,182.525,115.1999,0.1879
lxt,568,1,22,190.55,182.35,108.4349,0.1897
lxt,568,1,23,190.59,182.17,96.3407,0.1811
lxt,568,1,24,190.59,181.985,83.9888,0.191
lxt,568,1,25,190.555,181.8,74.4769,0.1868
lxt,568,1,26,190.49,181.63,63.4349,0.1789
lxt,568,1,27,190.39,181.475,51.3402,0.1921
lxt,568,1,28,190.26,181.34,40.6003,0.1844
lxt,568,1,29,190.105,181.23,30.4673,0.1972
lxt,568,1,30,189.925,181.15,17.5247,0.1993
lxt,568,1,31,189.725,181.11,5.4372,0.211
lxt,569,0,0,278.83,144.725,90.0,4.09
lxt,569,0,1,279.085,142.68,0.0,0.51
lxt,569,0,2,279.34,144.98,90.0,4.6
lxt,569,0,3,278.84,147.28,0.0,1.0
lxt,569,0,4,278.185,147.025,58.7076,0.5968
lxt,569,0,5,278.43,146.77,0.0,0.8
lxt,570,0,0,282.37,144.725,90.0,4.09
lxt,570,0,1,282.625,142.68,0.0,0.51
lxt,570,0,2,282.88,144.98,90.0,4.6
lxt,570,0,3,282.385,147.28,0.0,0.99
lxt,570,0,4,281.73,147.025,57.8961,0.6021
lxt,570,0,5,281.97,146.77,0.0,0.8
lxt,571,0,0,286.235,142.605,2.7291,0.2102
lxt,571,0,1,286.435,142.635,14.7399,0.1965
lxt,571,0,2,286.62,142.7,23.9679,0.197
lxt,571,0,3,286.79,142.79,31.9985,0.1887
lxt,571,0,4,286.945,142.9,38.6541,0.1921
lxt,571,0,5,287.085,143.035,49.0958,0.1985
lxt,571,0,6,287.205,143.19,55.4882,0.1942
lxt,571,0,7,287.31,143.36,60.9429,0.2059
lxt,571,0,8,287.44,143.64,67.1661,0.4123
lxt,571,0,9,287.57,144.03,75.9668,0.4123
lxt,571,0,10,287.64,144.33,78.6867,0.2039
lxt,571,0,11,287.67,144.53,84.2929,0.201
lxt,571,0,12,287.69,144.73,84.2842,0.201
lxt,571,0,13,287.7,144.92,90.0,0.18
lxt,571,0,14,287.7,145.1,90.0,0.18
lxt,571,0,15,287.69,145.29,95.7158,0.201
lxt,571,0,16,287.67,145.49,95.708,0.201
lxt,571,0,17,287.64,145.69,101.3116,0.204
lxt,571,0,18,287.57,145.995,103.7036,0.422
lxt,571,0,19,287.44,146.395,112.3075,0.4215
lxt,571,0,20,287.31,146.675,120.4651,0.1972
lxt,571,0,21,287.205,146.845,122.9116,0.2025
lxt,571,0,22,287.085,147.0,132.8703,0.191
lxt,571,0,23,286.95,147.135,137.123,0.1911
lxt,571,0,24,286.795,147.25,149.5349,0.1972
lxt,571,0,25,286.625,147.34,154.8004,0.1879
lxt,571,0,26,286.44,147.405,165.9679,0.2062
lxt,571,0,27,286.235,147.44,174.5542,0.2109
lxt,571,0,28,286.02,147.44,5.1994,0.2209
lxt,571,0,29,285.815,147.405,14.7399,0.1965
lxt,571,0,30,285.63,147.34,23.9598,0.197
lxt,571,0,31,285.46,147.25,32.0064,0.1887
lxt,571,0,32,285.31,147.135,42.877,0.1911
lxt,571,0,33,285.175,147.0,47.1297,0.191
lxt,571,0,34,285.05,146.845,54.7739,0.2081
lxt,571,0,35,284.94,146.675,59.5425,0.1972
lxt,571,0,36,284.815,146.395,68.9586,0.4178
lxt,571,0,37,284.685,145.995,74.9837,0.4245
lxt,571,0,38,284.615,145.69,81.4701,0.2022
lxt,571,0,39,284.585,145.49,81.4688,0.2022
lxt,571,0,40,284.565,145.29,87.135,0.2003
lxt,571,0,41,284.555,145.1,86.8266,0.1803
lxt,571,0,42,284.555,144.92,93.1734,0.1803
lxt,571,0,43,284.565,144.73,92.865,0.2003
lxt,571,0,44,284.585,144.53,98.5299,0.2022
lxt,571,0,45,284.615,144.33,98.5312,0.2022
lxt,571,0,46,284.685,144.03,105.3745,0.4148
lxt,571,0,47,284.82,143.64,112.8339,0.4123
lxt,571,0,48,284.95,143.36,119.0571,0.2059
lxt,571,0,49,285.055,143.19,124.5118,0.1942
lxt,571,0,50,285.175,143.035,130.9042,0.1985
lxt,571,0,51,285.31,142.9,139.4028,0.1844
lxt,571,0,52,285.46,142.79,148.0015,0.1887
lxt,571,0,53,285.63,142.7,156.0321,0.197
lxt,571,0,54,285.82,142.635,165.9679,0.2062
lxt,571,0,55,286.025,142.605,177.2709,0.2102
lxt,571,1,0,286.205,146.93,172.4092,0.1513
lxt,571,1,1,286.345,146.9,162.8944,0.136
lxt,571,1,2,286.47,146.845,149.7399,0.1389
lxt,571,1,3,286.585,146.77,143.9811,0.136
lxt,571,1,4,286.735,146.615,129.5587,0.2983
lxt,571,1,5,286.9,146.36,116.5626,0.313
lxt,571,1,6,287.02,146.065,107.8799,0.3257
lxt,571,1,7,287.105,145.75,102.3401,0.3276
lxt,571,1,8,287.16,145.435,97.3484,0.3126
lxt,571,1,9,287.185,145.15,92.2049,0.2602
lxt,571,1,10,287.185,144.885,87.877,0.2702
lxt,571,1,11,287.16,144.6,82.4092,0.3026
lxt,571,1,12,287.105,144.29,77.6599,0.3276
lxt,571,1,13,287.02,143.975,72.1201,0.3257
lxt,571,1,14,286.9,143.68,63.4374,0.313
lxt,571,1,15,286.735,143.425,50.4413,0.2983
lxt,571,1,16,286.585,143.27,36.0189,0.136
lxt,571,1,17,286.47,143.195,30.2601,0.1389
lxt,571,1,18,286.345,143.14,17.1056,0.136
lxt,571,1,19,286.205,143.115,3.8063,0.1503
lxt,571,1,20,286.055,143.115,176.1937,0.1503
lxt,571,1,21,285.91,143.14,164.053,0.1456
lxt,571,1,22,285.78,143.195,149.7399,0.1389
lxt,571,1,23,285.665,143.27,143.9736,0.136
lxt,571,1,24,285.52,143.425,128.0493,0.2921
lxt,571,1,25,285.355,143.68,118.1777,0.3176
lxt,571,1,26,285.23,143.975,107.8799,0.3257
lxt,571,1,27,285.145,144.29,102.3349,0.3276
lxt,571,1,28,285.095,144.6,95.7106,0.3015
lxt,571,1,29,285.07,144.885,94.2402,0.2708
lxt,571,1,30,285.07,145.15,85.5967,0.2607
lxt,571,1,31,285.095,145.435,84.4726,0.3114
lxt,571,1,32,285.145,145.75,77.6651,0.3276
lxt,571,1,33,285.23,146.065,72.1201,0.3257
lxt,571,1,34,285.355,146.36,61.8223,0.3176
lxt,571,1,35,285.52,146.615,51.9507,0.2921
lxt,571,1,36,285.665,146.77,36.0264,0.136
lxt,571,1,37,285.78,146.845,30.2601,0.1389
lxt,571,1,38,285.91,146.9,15.947,0.1456
lxt,571,1,39,286.055,146.93,7.5908,0.1513
lxt,572,0,0,289.375,144.84,58.2352,4.54
lxt,572,0,1,288.405,142.755,145.4358,0.5465
lxt,572,0,2,290.065,144.94,58.4816,5.4899
lxt,572,0,3,289.84,147.28,0.0,3.32
lxt,572,0,4,288.18,147.025,90.0,0.51
lxt,572,0,5,289.375,146.77,0.0,2.39
lxt,573,0,0,35.515,337.365,114.0071,1.3027
lxt,573,0,1,36.09,336.77,0.0,0.62
lxt,573,0,2,35.29,339.185,114.6848,5.3158
lxt,573,0,3,33.075,339.185,65.4132,5.3116
lxt,573,0,4,32.28,336.77,0.0,0.62
lxt,573,0,5,32.855,337.365,65.9929,1.3027
lxt,573,0,6,34.185,337.96,0.0,2.13
lxt,573,1,0,34.185,338.47,0.0,1.65
lxt,573,1,1,33.77,339.405,66.3225,2.0419
lxt,573,1,2,34.595,339.405,113.9339,2.0459
lxt,574,0,0,37.56,338.72,0.0,0.34
lxt,574,0,1,37.89,338.73,3.5771,0.3206
lxt,574,0,2,38.205,338.77,10.9536,0.3158
lxt,574,0,3,38.495,338.845,18.4342,0.2846
lxt,574,0,4,38.75,338.96,30.2566,0.2778
lxt,574,0,5,38.97,339.12,41.9884,0.2691
lxt,574,0,6,39.145,339.325,56.8879,0.2746
lxt,574,0,7,39.245,339.505,68.9635,0.1393
lxt,574,0,8,39.29,339.645,75.069,0.1552
lxt,574,0,9,39.325,339.8,79.3797,0.1628
lxt,574,0,10,39.34,339.965,90.0,0.17
lxt,574,0,11,39.33,340.195,93.9454,0.2907
lxt,574,0,12,39.29,340.47,102.9944,0.2668
lxt,574,0,13,39.195,340.715,119.4758,0.2642
lxt,574,0,14,39.04,340.925,133.4515,0.2617
lxt,574,0,15,38.895,341.06,143.9722,0.136
lxt,574,0,16,38.77,341.135,153.4374,0.1565
lxt,574,0,17,38.625,341.2,158.1996,0.1616
lxt,574,0,18,38.465,341.25,166.7566,0.1746
lxt,574,0,19,38.28,341.29,168.692,0.204
lxt,574,0,20,38.075,341.325,171.8702,0.2121
lxt,574,0,21,37.85,341.35,175.2354,0.2408
lxt,574,0,22,37.6,341.36,0.0,0.26
lxt,574,0,23,37.13,341.36,0.0,0.68
lxt,574,0,24,36.79,339.065,90.0,4.59
lxt,574,0,25,37.09,336.77,0.0,0.6
lxt,574,0,26,37.39,337.745,90.0,1.95
lxt,574,1,0,37.465,340.85,0.0,0.15
lxt,574,1,1,37.655,340.85,0.0,0.23
lxt,574,1,2,37.88,340.84,174.8044,0.2209
lxt,574,1,3,38.1,340.81,169.6969,0.2236
lxt,574,1,4,38.31,340.755,160.7082,0.2119
lxt,574,1,5,38.495,340.67,149.5327,0.1972
lxt,574,1,6,38.645,340.55,132.8793,0.1911
lxt,574,1,7,38.735,340.44,122.0044,0.0943
lxt,574,1,8,38.78,340.35,111.8037,0.1077
lxt,574,1,9,38.81,340.245,100.305,0.1118
lxt,574,1,10,38.825,340.125,94.3978,0.1304
lxt,574,1,11,38.825,339.995,85.6017,0.1304
lxt,574,1,12,38.81,339.875,79.695,0.1118
lxt,574,1,13,38.785,339.77,73.3024,0.1044
lxt,574,1,14,38.745,339.675,60.9448,0.103
lxt,574,1,15,38.655,339.555,49.0871,0.1985
lxt,574,1,16,38.51,339.43,32.0031,0.1887
lxt,574,1,17,38.335,339.345,20.2266,0.2025
lxt,574,1,18,38.135,339.285,13.3933,0.2159
lxt,574,1,19,37.915,339.25,4.967,0.2309
lxt,574,1,20,37.685,339.235,2.492,0.2302
lxt,574,1,21,37.48,339.23,0.0,0.18
lxt,574,1,22,37.39,340.04,90.0,1.62
lxt,575,0,0,41.4,338.81,14.0356,0.2474
lxt,575,0,1,41.63,338.885,22.2484,0.2377
lxt,575,0,2,41.835,338.995,34.381,0.2302
lxt,575,0,3,42.005,339.14,46.8487,0.2193
lxt,575,0,4,42.145,339.315,55.6198,0.2302
lxt,575,0,5,42.255,339.515,66.8005,0.2285
lxt,575,0,6,42.33,339.73,74.7446,0.228
lxt,575,0,7,42.37,339.96,85.2373,0.2408
lxt,575,0,8,42.36,340.235,97.3519,0.3126
lxt,575,0,9,42.285,340.54,110.1362,0.3195
lxt,575,0,10,42.135,340.82,126.1591,0.322
lxt,575,0,11,41.92,341.05,140.1946,0.3124
lxt,575,0,12,41.65,341.21,158.1968,0.3231
lxt,575,0,13,41.345,341.3,169.0464,0.3158
lxt,575,0,14,41.03,341.345,174.6444,0.3214
lxt,575,0,15,40.705,341.36,0.0,0.33
lxt,575,0,16,40.18,341.36,0.0,0.72
lxt,575,0,17,39.82,339.065,90.0,4.59
lxt,575,0,18,40.12,336.77,0.0,0.6
lxt,575,0,19,40.42,337.745,90.0,1.95
lxt,575,0,20,40.54,338.72,0.0,0.24
lxt,575,0,21,41.355,337.745,125.4819,2.3947
lxt,575,0,22,42.39,336.77,0.0,0.68
lxt,575,0,23,42.005,337.775,125.8063,2.4784
lxt,575,1,0,40.5,340.85,0.0,0.16
lxt,575,1,1,40.69,340.85,0.0,0.22
lxt,575,1,2,40.915,340.84,175.0292,0.2309
lxt,575,1,3,41.135,340.805,166.6067,0.2159
lxt,575,1,4,41.34,340.745,160.7082,0.2119
lxt,575,1,5,41.525,340.66,149.537,0.1972
lxt,575,1,6,41.68,340.54,135.0,0.198
lxt,575,1,7,41.79,340.38,113.961,0.197
lxt,575,1,8,41.85,340.17,99.4629,0.2433
lxt,575,1,9,41.855,339.93,82.8754,0.2419
lxt,575,1,10,41.795,339.715,64.6541,0.2102
lxt,575,1,11,41.69,339.55,49.3979,0.1844
lxt,575,1,12,41.545,339.43,30.4635,0.1972
lxt,575,1,13,41.365,339.345,20.2269,0.2025
lxt,575,1,14,41.165,339.285,13.3931,0.2159
lxt,575,1,15,40.95,339.25,5.1917,0.2209
lxt,575,1,16,40.725,339.235,2.492,0.2302
lxt,575,1,17,40.515,339.23,0.0,0.19
lxt,575,1,18,40.42,340.04,90.0,1.62
lxt,576,0,0,45.115,341.525,2.2894,0.2502
lxt,576,0,1,44.875,341.5,9.8679,0.2335
lxt,576,0,2,44.645,341.455,12.2655,0.2354
lxt,576,0,3,44.415,341.385,21.3699,0.247
lxt,576,0,4,44.195,341.29,25.461,0.2326
lxt,576,0,5,43.99,341.18,30.9663,0.2332
lxt,576,0,6,43.8,341.05,37.8748,0.228
lxt,576,0,7,43.62,340.905,39.8044,0.2343
lxt,576,0,8,43.45,340.745,46.7354,0.2335
lxt,576,0,9,43.3,340.565,53.6161,0.236
lxt,576,0,10,43.17,340.37,59.0353,0.2332
lxt,576,0,11,43.06,340.165,64.5377,0.2326
lxt,576,0,12,42.965,339.945,68.629,0.247
lxt,576,0,13,42.89,339.715,75.3785,0.2377
lxt,576,0,14,42.84,339.48,80.5377,0.2433
lxt,576,0,15,42.815,339.235,87.7098,0.2502
lxt,576,0,16,42.815,338.98,92.2023,0.2602
lxt,576,0,17,42.84,338.725,99.0905,0.2532
lxt,576,0,18,42.89,338.48,104.0362,0.2474
lxt,576,0,19,42.96,338.245,109.1789,0.2435
lxt,576,0,20,43.055,338.025,117.6471,0.2371
lxt,576,0,21,43.17,337.82,120.9628,0.2332
lxt,576,0,22,43.3,337.63,127.876,0.228
lxt,576,0,23,43.45,337.455,133.262,0.2335
lxt,576,0,24,43.615,337.29,136.7347,0.2335
lxt,576,0,25,43.795,337.145,145.619,0.2302
lxt,576,0,26,43.99,337.02,149.0369,0.2332
lxt,576,0,27,44.195,336.91,154.5356,0.2326
lxt,576,0,28,44.41,336.82,160.0198,0.2341
lxt,576,0,29,44.635,336.755,167.7381,0.2354
lxt,576,0,30,44.87,336.71,170.5358,0.2433
lxt,576,0,31,45.115,336.685,177.7072,0.2502
lxt,576,0,32,45.36,336.685,2.3883,0.2402
lxt,576,0,33,45.6,336.71,9.4644,0.2433
lxt,576,0,34,45.835,336.755,12.2619,0.2354
lxt,576,0,35,46.065,336.82,19.1761,0.2435
lxt,576,0,36,46.285,336.91,25.4644,0.2326
lxt,576,0,37,46.49,337.02,30.9631,0.2332
lxt,576,0,38,46.68,337.145,35.8386,0.222
lxt,576,0,39,46.86,337.29,41.6341,0.2408
lxt,576,0,40,47.03,337.455,46.738,0.2335
lxt,576,0,41,47.18,337.63,52.124,0.228
lxt,576,0,42,47.31,337.82,59.0372,0.2332
lxt,576,0,43,47.42,338.025,64.5361,0.2326
lxt,576,0,44,47.51,338.245,70.8203,0.2435
lxt,576,0,45,47.58,338.48,75.9646,0.2474
lxt,576,0,46,47.63,338.725,80.9095,0.2532
lxt,576,0,47,47.655,338.98,87.7969,0.2602
lxt,576,0,48,47.655,339.235,92.2911,0.2502
lxt,576,0,49,47.63,339.48,99.4623,0.2433
lxt,576,0,50,47.58,339.715,104.6206,0.2377
lxt,576,0,51,47.51,339.945,109.1797,0.2435
lxt,576,0,52,47.42,340.165,115.4623,0.2326
lxt,576,0,53,47.305,340.37,123.0245,0.2385
lxt,576,0,54,47.17,340.565,126.3839,0.236
lxt,576,0,55,47.02,340.745,133.2646,0.2335
lxt,576,0,56,46.855,340.905,138.5778,0.2267
lxt,576,0,57,46.675,341.05,143.6156,0.236
lxt,576,0,58,46.48,341.18,149.0342,0.2332
lxt,576,0,59,46.275,341.29,154.5386,0.2326
lxt,576,0,60,46.06,341.385,157.7519,0.2377
lxt,576,0,61,45.835,341.455,167.7345,0.2354
lxt,576,0,62,45.6,341.5,170.5356,0.2433
lxt,576,0,63,45.36,341.525,177.6154,0.2402
lxt,576,1,0,45.145,337.195,176.9843,0.1903
lxt,576,1,1,44.96,337.215,170.5381,0.1825
lxt,576,1,2,44.785,337.255,163.6144,0.1772
lxt,576,1,3,44.615,337.31,160.5605,0.1803
lxt,576,1,4,44.375,337.425,151.2584,0.3536
lxt,576,1,5,44.085,337.625,139.5764,0.3547
lxt,576,1,6,43.835,337.885,128.4172,0.3701
lxt,576,1,7,43.635,338.19,117.9787,0.3624
lxt,576,1,8,43.52,338.44,108.436,0.1897
lxt,576,1,9,43.47,338.62,102.5296,0.1844
lxt,576,1,10,43.435,338.81,98.5299,0.2022
lxt,576,1,11,43.415,339.01,92.8631,0.2002
lxt,576,1,12,43.415,339.205,86.9866,0.1903
lxt,576,1,13,43.43,339.395,83.9909,0.1911
lxt,576,1,14,43.46,339.58,77.4704,0.1844
lxt,576,1,15,43.51,339.76,71.5665,0.1897
lxt,576,1,16,43.62,340.01,63.4344,0.3578
lxt,576,1,17,43.81,340.315,52.8145,0.364
lxt,576,1,18,44.055,340.575,40.4274,0.3547
lxt,576,1,19,44.345,340.78,30.1406,0.3585
lxt,576,1,20,44.585,340.905,22.382,0.1839
lxt,576,1,21,44.76,340.96,12.5268,0.1844
lxt,576,1,22,44.945,340.995,8.9723,0.1924
lxt,576,1,23,45.14,341.015,2.8652,0.2003
lxt,576,1,24,45.34,341.015,177.1348,0.2003
lxt,576,1,25,45.535,340.995,171.0277,0.1924
lxt,576,1,26,45.72,340.96,167.4732,0.1844
lxt,576,1,27,45.895,340.905,157.618,0.1839
lxt,576,1,28,46.135,340.78,149.8594,0.3585
lxt,576,1,29,46.425,340.575,139.5726,0.3547
lxt,576,1,30,46.665,340.315,125.9102,0.358
lxt,576,1,31,46.85,340.01,116.5656,0.3578
lxt,576,1,32,46.96,339.76,108.4346,0.1897
lxt,576,1,33,47.01,339.58,102.5296,0.1844
lxt,576,1,34,47.045,339.395,98.9722,0.1924
lxt,576,1,35,47.065,339.205,93.0134,0.1903
lxt,576,1,36,47.065,339.01,87.1369,0.2002
lxt,576,1,37,47.045,338.81,81.4701,0.2022
lxt,576,1,38,47.005,338.62,74.4755,0.1868
lxt,576,1,39,46.95,338.44,71.564,0.1897
lxt,576,1,40,46.835,338.19,62.0208,0.3624
lxt,576,1,41,46.635,337.885,51.5828,0.3701
lxt,576,1,42,46.385,337.625,40.4236,0.3547
lxt,576,1,43,46.095,337.425,28.7419,0.3536
lxt,576,1,44,45.855,337.31,19.4391,0.1803
lxt,576,1,45,45.685,337.255,16.3859,0.1772
lxt,576,1,46,45.51,337.215,9.4619,0.1825
lxt,576,1,47,45.33,337.195,3.1829,0.1803
lxt,577,0,0,48.525,336.77,0.0,0.59
lxt,577,0,1,48.82,338.5,90.0,3.46
lxt,577,0,2,50.525,338.405,133.0529,4.9951
lxt,577,0,3,52.23,338.97,90.0,4.78
lxt,577,0,4,51.93,341.36,0.0,0.6
lxt,577,0,5,51.63,339.685,90.0,3.35
lxt,577,0,6,49.93,339.795,133.6029,4.93
lxt,577,0,7,48.23,339.175,90.0,4.81
lxt,578,0,0,32.99,344.49,0.0,0.6
lxt,578,0,1,33.29,346.225,90.0,3.47
lxt,578,0,2,34.99,346.13,132.8909,4.9956
lxt,578,0,3,36.69,346.695,90.0,4.79
lxt,578,0,4,36.39,349.09,0.0,0.6
lxt,578,0,5,36.09,347.415,90.0,3.35
lxt,578,0,6,34.39,347.525,133.6028,4.93
lxt,578,0,7,32.69,346.9,90.0,4.82
lxt,579,0,0,39.465,349.255,2.2894,0.2502
lxt,579,0,1,39.225,349.23,9.8679,0.2335
lxt,579,0,2,38.99,349.18,14.0356,0.2474
lxt,579,0,3,38.76,349.11,19.9837,0.2341
lxt,579,0,4,38.545,349.02,25.461,0.2326
lxt,579,0,5,38.34,348.91,30.9663,0.2332
lxt,579,0,6,38.145,348.78,36.3839,0.236
lxt,579,0,7,37.965,348.635,41.4228,0.2267
lxt,579,0,8,37.8,348.475,46.7354,0.2335
lxt,579,0,9,37.65,348.295,53.6161,0.236
lxt,579,0,10,37.52,348.1,59.0353,0.2332
lxt,579,0,11,37.405,347.895,62.3546,0.2371
lxt,579,0,12,37.31,347.675,70.8211,0.2435
lxt,579,0,13,37.24,347.445,75.3785,0.2377
lxt,579,0,14,37.19,347.21,80.5377,0.2433
lxt,579,0,15,37.165,346.96,87.7977,0.2602
lxt,579,0,16,37.165,346.705,92.2902,0.2502
lxt,579,0,17,37.19,346.455,99.0905,0.2532
lxt,579,0,18,37.24,346.21,104.0362,0.2474
lxt,579,0,19,37.31,345.975,109.1789,0.2435
lxt,579,0,20,37.405,345.755,117.6454,0.2371
lxt,579,0,21,37.52,345.55,120.9647,0.2332
lxt,579,0,22,37.65,345.355,126.3839,0.236
lxt,579,0,23,37.8,345.175,133.2646,0.2335
lxt,579,0,24,37.965,345.015,138.5743,0.2267
lxt,579,0,25,38.145,344.87,143.6161,0.236
lxt,579,0,26,38.34,344.745,151.1887,0.2283
lxt,579,0,27,38.545,344.64,154.539,0.2326
lxt,579,0,28,38.76,344.55,160.0163,0.2341
lxt,579,0,29,38.985,344.485,167.7345,0.2354
lxt,579,0,30,39.22,344.44,170.5393,0.2433
lxt,579,0,31,39.465,344.415,177.7072,0.2502
lxt,579,0,32,39.71,344.415,2.3883,0.2402
lxt,579,0,33,39.95,344.44,9.4608,0.2433
lxt,579,0,34,40.185,344.485,12.2655,0.2354
lxt,579,0,35,40.41,344.55,19.9834,0.2341
lxt,579,0,36,40.63,344.64,24.4419,0.2417
lxt,579,0,37,40.84,344.745,28.8113,0.2283
lxt,579,0,38,41.03,344.87,37.8748,0.228
lxt,579,0,39,41.21,345.015,39.8072,0.2343
lxt,579,0,40,41.375,345.175,48.5757,0.2267
lxt,579,0,41,41.52,345.355,53.6161,0.236
lxt,579,0,42,41.655,345.55,56.9755,0.2385
lxt,579,0,43,41.77,345.755,64.5377,0.2326
lxt,579,0,44,41.86,345.975,70.8203,0.2435
lxt,579,0,45,41.93,346.21,75.9646,0.2474
lxt,579,0,46,41.98,346.455,80.9095,0.2532
lxt,579,0,47,42.005,346.705,87.7089,0.2502
lxt,579,0,48,42.005,346.96,92.2031,0.2602
lxt,579,0,49,41.98,347.21,99.4623,0.2433
lxt,579,0,50,41.93,347.445,104.6206,0.2377
lxt,579,0,51,41.86,347.675,109.1797,0.2435
lxt,579,0,52,41.765,347.895,117.6454,0.2371
lxt,579,0,53,41.65,348.1,120.9639,0.2332
lxt,579,0,54,41.52,348.295,126.3839,0.236
lxt,579,0,55,41.37,348.475,133.2646,0.2335
lxt,579,0,56,41.205,348.635,138.5778,0.2267
lxt,579,0,57,41.025,348.78,143.6156,0.236
lxt,579,0,58,40.83,348.91,149.0342,0.2332
lxt,579,0,59,40.625,349.02,154.5386,0.2326
lxt,579,0,60,40.41,349.11,160.0166,0.2341
lxt,579,0,61,40.185,349.18,165.3797,0.2377
lxt,579,0,62,39.95,349.23,170.5356,0.2433
lxt,579,0,63,39.71,349.255,177.6154,0.2402
lxt,579,1,0,39.495,344.925,176.9888,0.1903
lxt,579,1,1,39.31,344.945,170.5381,0.1825
lxt,579,1,2,39.135,344.98,166.7569,0.1746
lxt,579,1,3,38.965,345.035,157.6219,0.1838
lxt,579,1,4,38.725,345.155,151.2606,0.3536
lxt,579,1,5,38.435,345.355,139.5726,0.3547
lxt,579,1,6,38.185,345.61,129.4007,0.3624
lxt,579,1,7,37.985,345.915,117.2549,0.3712
lxt,579,1,8,37.87,346.17,108.436,0.1897
lxt,579,1,9,37.815,346.35,105.5245,0.1868
lxt,579,1,10,37.78,346.54,95.7104,0.201
lxt,579,1,11,37.765,346.735,93.0134,0.1903
lxt,579,1,12,37.76,346.93,90.0,0.2
lxt,579,1,13,37.775,347.125,81.0267,0.1924
lxt,579,1,14,37.81,347.31,77.4704,0.1844
lxt,579,1,15,37.86,347.485,70.5605,0.1803
lxt,579,1,16,37.97,347.735,64.1338,0.3667
lxt,579,1,17,38.16,348.04,51.8425,0.3561
lxt,579,1,18,38.4,348.3,42.7102,0.3538
lxt,579,1,19,38.69,348.51,29.3568,0.3671
lxt,579,1,20,38.935,348.63,19.4391,0.1803
lxt,579,1,21,39.11,348.685,15.525,0.1868
lxt,579,1,22,39.295,348.725,8.9723,0.1924
lxt,579,1,23,39.49,348.745,2.8652,0.2003
lxt,579,1,24,39.685,348.745,176.9843,0.1903
lxt,579,1,25,39.875,348.725,171.0278,0.1924
lxt,579,1,26,40.06,348.685,164.475,0.1868
lxt,579,1,27,40.24,348.63,161.5658,0.1897
lxt,579,1,28,40.485,348.51,149.8594,0.3585
lxt,579,1,29,40.775,348.3,138.3659,0.3613
lxt,579,1,30,41.015,348.04,126.8699,0.35
lxt,579,1,31,41.2,347.735,115.8662,0.3667
lxt,579,1,32,41.31,347.485,109.4406,0.1803
lxt,579,1,33,41.36,347.31,102.5296,0.1844
lxt,579,1,34,41.395,347.125,98.9722,0.1924
lxt,579,1,35,41.415,346.93,92.8631,0.2002
lxt,579,1,36,41.415,346.735,86.9866,0.1903
lxt,579,1,37,41.395,346.54,81.4701,0.2022
lxt,579,1,38,41.355,346.35,74.4755,0.1868
lxt,579,1,39,41.3,346.17,71.564,0.1897
lxt,579,1,40,41.185,345.915,62.7445,0.3712
lxt,579,1,41,40.985,345.61,50.5993,0.3624
lxt,579,1,42,40.735,345.355,40.4274,0.3547
lxt,579,1,43,40.445,345.155,28.7397,0.3536
lxt,579,1,44,40.205,345.035,22.3776,0.1838
lxt,579,1,45,40.035,344.98,13.2434,0.1746
lxt,579,1,46,39.86,344.945,9.4619,0.1825
lxt,579,1,47,39.68,344.925,3.1781,0.1803
lxt,580,0,0,44.155,346.535,11.3106,0.255
lxt,580,0,1,44.385,346.61,25.4614,0.2326
lxt,580,0,2,44.585,346.725,34.381,0.2302
lxt,580,0,3,44.76,346.87,45.0007,0.2263
lxt,580,0,4,44.9,347.045,57.7249,0.2247
lxt,580,0,5,45.005,347.24,65.7719,0.2193
lxt,580,0,6,45.08,347.455,75.3785,0.2377
lxt,580,0,7,45.12,347.685,85.031,0.2309
lxt,580,0,8,45.11,347.96,97.1243,0.3225
lxt,580,0,9,45.035,348.27,110.1362,0.3195
lxt,580,0,10,44.89,348.545,125.7539,0.3081
lxt,580,0,11,44.675,348.775,139.9709,0.3265
lxt,580,0,12,44.405,348.94,157.5189,0.3139
lxt,580,0,13,44.1,349.03,169.3808,0.3256
lxt,580,0,14,43.78,349.075,174.6444,0.3214
lxt,580,0,15,43.46,349.09,0.0,0.32
lxt,580,0,16,42.94,349.09,0.0,0.72
lxt,580,0,17,42.58,346.79,90.0,4.6
lxt,580,0,18,42.875,344.49,0.0,0.59
lxt,580,0,19,43.17,345.47,90.0,1.96
lxt,580,0,20,43.295,346.45,0.0,0.25
lxt,580,0,21,44.11,345.47,125.1486,2.3971
lxt,580,0,22,45.14,344.49,0.0,0.68
lxt,580,0,23,44.755,345.5,125.6716,2.4865
lxt,580,1,0,43.25,348.58,0.0,0.16
lxt,580,1,1,43.44,348.575,177.3949,0.2202
lxt,580,1,2,43.665,348.56,175.0292,0.2309
lxt,580,1,3,43.885,348.53,169.2174,0.2138
lxt,580,1,4,44.09,348.475,160.7082,0.2119
lxt,580,1,5,44.28,348.39,150.9477,0.2059
lxt,580,1,6,44.435,348.27,132.8793,0.1911
lxt,580,1,7,44.545,348.11,116.5641,0.2013
lxt,580,1,8,44.605,347.9,97.125,0.2419
lxt,580,1,9,44.605,347.66,82.8754,0.2419
lxt,580,1,10,44.55,347.445,67.1661,0.2062
lxt,580,1,11,44.445,347.28,47.1207,0.1911
lxt,580,1,12,44.3,347.155,34.5087,0.1942
lxt,580,1,13,44.125,347.065,20.2229,0.2025
lxt,580,1,14,43.92,347.01,10.3069,0.2236
lxt,580,1,15,43.7,346.98,5.1917,0.2209
lxt,580,1,16,43.475,346.965,2.492,0.2302
lxt,580,1,17,43.265,346.96,0.0,0.19
lxt,580,1,18,43.17,347.77,90.0,1.62
lxt,581,0,0,47.73,348.58,0.0,1.1
lxt,581,0,1,48.28,348.835,90.0,0.51
lxt,581,0,2,46.885,349.09,0.0,2.79
lxt,581,0,3,45.49,348.835,90.0,0.51
lxt,581,0,4,46.04,348.58,0.0,1.1
lxt,581,0,5,46.59,346.535,90.0,4.09
lxt,581,0,6,46.885,344.49,0.0,0.59
lxt,581,0,7,47.18,346.535,90.0,4.09
lxt,582,0,0,49.3,348.155,90.0,1.87
lxt,582,0,1,49.0,349.09,0.0,0.6
lxt,582,0,2,48.7,346.79,90.0,4.6
lxt,582,0,3,49.0,344.49,0.0,0.6
lxt,582,0,4,49.3,345.6,90.0,2.22
lxt,582,0,5,50.36,346.71,0.0,2.12
lxt,582,0,6,51.42,345.6,90.0,2.22
lxt,582,0,7,51.72,344.49,0.0,0.6
lxt,582,0,8,52.02,346.79,90.0,4.6
lxt,582,0,9,51.72,349.09,0.0,0.6
lxt,582,0,10,51.42,348.155,90.0,1.87
lxt,582,0,11,50.36,347.22,0.0,2.12
lxt,583,0,0,44.025,232.125,114.0071,1.3027
lxt,583,0,1,44.6,231.53,0.0,0.62
lxt,583,0,2,43.805,233.945,114.5867,5.3116
lxt,583,0,3,41.59,233.945,65.3153,5.3158
lxt,583,0,4,40.795,231.53,0.0,0.63
lxt,583,0,5,41.37,232.125,66.3959,1.2987
lxt,583,0,6,42.695,232.72,0.0,2.13
lxt,583,1,0,42.695,233.23,0.0,1.65
lxt,583,1,1,42.285,234.165,66.0659,2.0459
lxt,583,1,2,43.11,234.165,113.6776,2.0419
lxt,584,0,0,46.07,233.49,0.0,0.34
lxt,584,0,1,46.405,233.5,3.4663,0.3306
lxt,584,0,2,46.72,233.535,9.4656,0.3041
lxt,584,0,3,47.01,233.61,19.655,0.2973
lxt,584,0,4,47.27,233.725,28.438,0.2729
lxt,584,0,5,47.485,233.88,43.4557,0.2617
lxt,584,0,6,47.655,234.085,56.8862,0.2746
lxt,584,0,7,47.76,234.27,66.8044,0.1523
lxt,584,0,8,47.81,234.41,74.0525,0.1456
lxt,584,0,9,47.84,234.56,82.875,0.1612
lxt,584,0,10,47.855,234.725,86.6344,0.1703
lxt,584,0,11,47.85,234.96,93.8143,0.3007
lxt,584,0,12,47.805,235.24,105.0679,0.2693
lxt,584,0,13,47.71,235.48,118.6101,0.2506
lxt,584,0,14,47.56,235.685,133.4515,0.2617
lxt,584,0,15,47.41,235.82,146.3141,0.1442
lxt,584,0,16,47.285,235.895,151.6969,0.1477
lxt,584,0,17,47.145,235.96,158.1996,0.1616
lxt,584,0,18,46.98,236.015,164.4792,0.1868
lxt,584,0,19,46.795,236.06,168.109,0.1942
lxt,584,0,20,46.595,236.09,174.5626,0.2109
lxt,584,0,21,46.37,236.11,175.2318,0.2408
lxt,584,0,22,46.12,236.125,177.7952,0.2602
lxt,584,0,23,45.645,236.13,0.0,0.69
lxt,584,0,24,45.3,233.83,90.0,4.6
lxt,584,0,25,45.6,231.53,0.0,0.6
lxt,584,0,26,45.9,232.51,90.0,1.96
lxt,584,1,0,45.98,235.62,0.0,0.16
lxt,584,1,1,46.17,235.615,177.3949,0.2202
lxt,584,1,2,46.395,235.6,175.033,0.2309
lxt,584,1,3,46.615,235.57,169.2134,0.2138
lxt,584,1,4,46.82,235.52,163.3015,0.2088
lxt,584,1,5,47.005,235.44,149.5327,0.1972
lxt,584,1,6,47.16,235.32,135.0039,0.198
lxt,584,1,7,47.255,235.205,119.0552,0.103
lxt,584,1,8,47.3,235.11,111.7988,0.1077
lxt,584,1,9,47.33,235.005,100.3036,0.1118
lxt,584,1,10,47.345,234.89,94.7648,0.1204
lxt,584,1,11,47.345,234.765,85.6005,0.1304
lxt,584,1,12,47.33,234.64,80.5371,0.1217
lxt,584,1,13,47.3,234.53,68.2012,0.1077
lxt,584,1,14,47.26,234.435,66.0362,0.0985
lxt,584,1,15,47.175,234.32,47.1176,0.191
lxt,584,1,16,47.025,234.195,32.9093,0.2025
lxt,584,1,17,46.845,234.105,20.2266,0.2025
lxt,584,1,18,46.645,234.05,10.7786,0.2138
lxt,584,1,19,46.43,234.015,7.7648,0.222
lxt,584,1,20,46.205,234.0,0.0,0.23
lxt,584,1,21,45.995,234.0,0.0,0.19
lxt,584,1,22,45.9,234.81,90.0,1.62
lxt,585,0,0,49.92,233.575,11.7654,0.2452
lxt,585,0,1,50.145,233.645,23.2049,0.2285
lxt,585,0,2,50.345,233.755,34.3753,0.2302
lxt,585,0,3,50.52,233.905,46.738,0.2335
lxt,585,0,4,50.66,234.08,56.3091,0.2163
lxt,585,0,5,50.77,234.275,64.5352,0.2326
lxt,585,0,6,50.845,234.49,77.196,0.2256
lxt,585,0,7,50.88,234.72,85.2367,0.2409
lxt,585,0,8,50.87,235.0,97.1257,0.3225
lxt,585,0,9,50.795,235.305,110.7718,0.3102
lxt,585,0,10,50.65,235.58,124.6942,0.3162
lxt,585,0,11,50.435,235.81,141.3428,0.3201
lxt,585,0,12,50.165,235.97,157.516,0.3139
lxt,585,0,13,49.86,236.065,167.6649,0.3276
lxt,585,0,14,49.54,236.11,176.4202,0.3206
lxt,585,0,15,49.22,236.125,178.2138,0.3202
lxt,585,0,16,48.7,236.13,0.0,0.72
lxt,585,0,17,48.34,233.83,90.0,4.6
lxt,585,0,18,48.635,231.53,0.0,0.59
lxt,585,0,19,48.93,232.51,90.0,1.96
lxt,585,0,20,49.055,233.49,0.0,0.25
lxt,585,0,21,49.87,232.51,125.1487,2.3971
lxt,585,0,22,50.9,231.53,0.0,0.68
lxt,585,0,23,50.52,232.54,125.4841,2.4807
lxt,585,1,0,49.01,235.62,0.0,0.16
lxt,585,1,1,49.2,235.615,177.3949,0.2202
lxt,585,1,2,49.425,235.6,175.033,0.2309
lxt,585,1,3,49.65,235.57,169.6929,0.2236
lxt,585,1,4,49.86,235.515,160.7082,0.2119
lxt,585,1,5,50.045,235.43,149.5332,0.1972
lxt,585,1,6,50.195,235.31,132.8815,0.191
lxt,585,1,7,50.305,235.145,115.3459,0.2102
lxt,585,1,8,50.365,234.935,97.4317,0.232
lxt,585,1,9,50.365,234.7,82.8741,0.2419
lxt,585,1,10,50.31,234.485,67.1671,0.2062
lxt,585,1,11,50.205,234.315,49.0842,0.1985
lxt,585,1,12,50.06,234.19,32.007,0.1887
lxt,585,1,13,49.885,234.105,20.2269,0.2025
lxt,585,1,14,49.68,234.05,10.2993,0.2236
lxt,585,1,15,49.46,234.015,7.7648,0.222
lxt,585,1,16,49.235,234.0,0.0,0.23
lxt,585,1,17,49.025,234.0,0.0,0.19
lxt,585,1,18,48.93,234.81,90.0,1.62
lxt,586,0,0,53.63,236.29,4.761,0.2408
lxt,586,0,1,53.39,236.265,7.1248,0.2419
lxt,586,0,2,53.155,236.22,14.6203,0.2377
lxt,586,0,3,52.93,236.15,19.9869,0.2341
lxt,586,0,4,52.715,236.06,25.4648,0.2326
lxt,586,0,5,52.51,235.95,30.9626,0.2332
lxt,586,0,6,52.315,235.82,36.3814,0.236
lxt,586,0,7,52.135,235.67,43.2646,0.2335
lxt,586,0,8,51.97,235.505,46.738,0.2335
lxt,586,0,9,51.82,235.325,53.6161,0.236
lxt,586,0,10,51.685,235.13,56.9735,0.2385
lxt,586,0,11,51.57,234.925,64.5393,0.2326
lxt,586,0,12,51.48,234.71,70.0166,0.2341
lxt,586,0,13,51.41,234.48,75.9638,0.2474
lxt,586,0,14,51.36,234.24,80.5371,0.2433
lxt,586,0,15,51.335,233.995,87.7098,0.2502
lxt,586,0,16,51.335,233.74,92.2021,0.2602
lxt,586,0,17,51.36,233.485,99.0905,0.2532
lxt,586,0,18,51.41,233.24,104.0362,0.2474
lxt,586,0,19,51.48,233.01,109.9834,0.2341
lxt,586,0,20,51.57,232.79,114.4435,0.2417
lxt,586,0,21,51.68,232.585,122.2759,0.2247
lxt,586,0,22,51.81,232.395,126.3839,0.236
lxt,586,0,23,51.96,232.215,133.262,0.2335
lxt,586,0,24,52.13,232.055,140.1956,0.2343
lxt,586,0,25,52.31,231.91,142.1282,0.228
lxt,586,0,26,52.5,231.78,149.0369,0.2332
lxt,586,0,27,52.705,231.675,156.7955,0.2285
lxt,586,0,28,52.925,231.59,160.8239,0.2435
lxt,586,0,29,53.155,231.52,165.3797,0.2377
lxt,586,0,30,53.39,231.475,172.8752,0.2419
lxt,586,0,31,53.63,231.455,177.6117,0.2402
lxt,586,0,32,53.875,231.455,2.2928,0.2502
lxt,586,0,33,54.12,231.475,7.1247,0.2419
lxt,586,0,34,54.355,231.52,14.6203,0.2377
lxt,586,0,35,54.58,231.59,19.9802,0.2341
lxt,586,0,36,54.795,231.675,23.2045,0.2285
lxt,586,0,37,55.0,231.78,30.9631,0.2332
lxt,586,0,38,55.195,231.91,36.3809,0.236
lxt,586,0,39,55.375,232.055,41.4228,0.2267
lxt,586,0,40,55.54,232.215,46.738,0.2335
lxt,586,0,41,55.69,232.395,53.6161,0.236
lxt,586,0,42,55.82,232.585,57.7241,0.2247
lxt,586,0,43,55.935,232.79,63.4349,0.246
lxt,586,0,44,56.03,233.01,70.0175,0.2341
lxt,586,0,45,56.1,233.24,75.9629,0.2474
lxt,586,0,46,56.15,233.485,80.9104,0.2532
lxt,586,0,47,56.175,233.74,87.797,0.2602
lxt,586,0,48,56.175,233.995,92.2911,0.2502
lxt,586,0,49,56.15,234.24,99.462,0.2433
lxt,586,0,50,56.1,234.48,104.0371,0.2474
lxt,586,0,51,56.025,234.71,112.2489,0.2377
lxt,586,0,52,55.93,234.925,115.4607,0.2326
lxt,586,0,53,55.82,235.13,120.9666,0.2332
lxt,586,0,54,55.69,235.325,126.3839,0.236
lxt,586,0,55,55.54,235.505,133.262,0.2335
lxt,586,0,56,55.37,235.67,138.3659,0.2408
lxt,586,0,57,55.19,235.82,142.1282,0.228
lxt,586,0,58,55.0,235.95,149.0369,0.2332
lxt,586,0,59,54.795,236.06,154.5356,0.2326
lxt,586,0,60,54.575,236.15,160.8172,0.2435
lxt,586,0,61,54.345,236.22,165.3797,0.2377
lxt,586,0,62,54.115,236.265,172.5689,0.2319
lxt,586,0,63,53.875,236.29,175.4286,0.2508
lxt,586,1,0,53.66,231.96,0.0,0.18
lxt,586,1,1,53.48,231.975,170.5381,0.1825
lxt,586,1,2,53.305,232.015,163.6141,0.1772
lxt,586,1,3,53.135,232.07,160.5609,0.1803
lxt,586,1,4,52.895,232.19,149.8552,0.3585
lxt,586,1,5,52.605,232.395,139.5764,0.3547
lxt,586,1,6,52.355,232.65,129.4007,0.3624
lxt,586,1,7,52.155,232.955,117.2544,0.3712
lxt,586,1,8,52.04,233.205,109.4423,0.1803
lxt,586,1,9,51.985,233.385,104.7432,0.1965
lxt,586,1,10,51.945,233.575,98.9722,0.1924
lxt,586,1,11,51.925,233.77,92.8628,0.2003
lxt,586,1,12,51.925,233.965,86.9866,0.1903
lxt,586,1,13,51.945,234.155,81.0278,0.1924
lxt,586,1,14,51.98,234.34,77.4704,0.1844
lxt,586,1,15,52.03,234.52,71.564,0.1897
lxt,586,1,16,52.14,234.77,63.4355,0.3578
lxt,586,1,17,52.325,235.075,54.0912,0.3581
lxt,586,1,18,52.565,235.34,41.6323,0.3612
lxt,586,1,19,52.855,235.545,28.7376,0.3535
lxt,586,1,20,53.095,235.665,22.382,0.1839
lxt,586,1,21,53.27,235.725,15.5295,0.1868
lxt,586,1,22,53.455,235.765,8.9723,0.1924
lxt,586,1,23,53.65,235.785,2.8565,0.2002
lxt,586,1,24,53.85,235.785,177.1435,0.2002
lxt,586,1,25,54.045,235.765,171.0277,0.1924
lxt,586,1,26,54.23,235.725,164.4705,0.1868
lxt,586,1,27,54.405,235.665,157.618,0.1839
lxt,586,1,28,54.645,235.545,151.2624,0.3535
lxt,586,1,29,54.935,235.34,138.3677,0.3612
lxt,586,1,30,55.18,235.075,127.184,0.364
lxt,586,1,31,55.37,234.77,116.5645,0.3578
lxt,586,1,32,55.48,234.52,108.4349,0.1897
lxt,586,1,33,55.53,234.34,102.5296,0.1844
lxt,586,1,34,55.56,234.155,96.0091,0.1911
lxt,586,1,35,55.575,233.965,93.0134,0.1903
lxt,586,1,36,55.575,233.77,87.1372,0.2003
lxt,586,1,37,55.555,233.575,81.0278,0.1924
lxt,586,1,38,55.52,233.385,78.1112,0.1942
lxt,586,1,39,55.47,233.205,70.5577,0.1803
lxt,586,1,40,55.35,232.955,61.3907,0.3759
lxt,586,1,41,55.15,232.65,51.843,0.3561
lxt,586,1,42,54.905,232.395,40.4236,0.3547
lxt,586,1,43,54.615,232.19,30.1445,0.3585
lxt,586,1,44,54.375,232.07,19.4395,0.1803
lxt,586,1,45,54.205,232.015,16.3856,0.1772
lxt,586,1,46,54.03,231.975,9.4619,0.1825
lxt,586,1,47,53.845,231.96,0.0,0.19
lxt,587,0,0,57.04,231.53,0.0,0.6
lxt,587,0,1,57.34,233.26,90.0,3.46
lxt,587,0,2,59.04,233.165,132.9691,4.9882
lxt,587,0,3,60.74,233.735,90.0,4.79
lxt,587,0,4,60.445,236.13,0.0,0.59
lxt,587,0,5,60.15,234.45,90.0,3.36
lxt,587,0,6,58.445,234.56,133.6067,4.9442
lxt,587,0,7,56.74,233.94,90.0,4.82
lxt,588,0,0,39.16,243.34,0.0,1.1
lxt,588,0,1,39.71,243.595,90.0,0.51
lxt,588,0,2,38.315,243.85,0.0,2.79
lxt,588,0,3,36.92,243.595,90.0,0.51
lxt,588,0,4,37.465,243.34,0.0,1.09
lxt,588,0,5,38.01,241.3,90.0,4.08
lxt,588,0,6,38.31,239.26,0.0,0.6
lxt,588,0,7,38.61,241.3,90.0,4.08
lxt,589,0,0,41.38,239.26,0.0,2.5
lxt,589,0,1,42.63,239.515,90.0,0.51
lxt,589,0,2,41.675,239.77,0.0,1.91
lxt,589,0,3,40.72,240.665,90.0,1.79
lxt,589,0,4,41.645,241.56,0.0,1.85
lxt,589,0,5,42.57,241.815,90.0,0.51
lxt,589,0,6,41.645,242.07,0.0,1.85
lxt,589,0,7,40.72,242.705,90.0,1.27
lxt,589,0,8,41.675,243.34,0.0,1.91
lxt,589,0,9,42.63,243.595,90.0,0.51
lxt,589,0,10,41.38,243.85,0.0,2.5
lxt,589,0,11,40.13,241.555,90.0,4.59
lxt,590,0,0,44.9,241.3,14.0356,0.2474
lxt,590,0,1,45.125,241.375,23.1978,0.2285
lxt,590,0,2,45.325,241.485,34.3815,0.2302
lxt,590,0,3,45.5,241.63,45.0007,0.2263
lxt,590,0,4,45.645,241.805,55.6198,0.2302
lxt,590,0,5,45.755,242.005,66.8005,0.2285
lxt,590,0,6,45.825,242.22,77.196,0.2256
lxt,590,0,7,45.86,242.45,85.2361,0.2408
lxt,590,0,8,45.855,242.725,95.5274,0.3114
lxt,590,0,9,45.78,243.03,111.8007,0.3231
lxt,590,0,10,45.63,243.31,124.6942,0.3162
lxt,590,0,11,45.415,243.54,141.3428,0.3201
lxt,590,0,12,45.145,243.7,157.5212,0.3138
lxt,590,0,13,44.84,243.795,167.6596,0.3276
lxt,590,0,14,44.52,243.84,176.4256,0.3206
lxt,590,0,15,44.2,243.85,0.0,0.32
lxt,590,0,16,43.68,243.85,0.0,0.72
lxt,590,0,17,43.32,241.555,90.0,4.59
lxt,590,0,18,43.62,239.26,0.0,0.6
lxt,590,0,19,43.92,240.24,90.0,1.96
lxt,590,0,20,44.04,241.22,0.0,0.24
lxt,590,0,21,44.85,240.24,125.1483,2.3971
lxt,590,0,22,45.88,239.26,0.0,0.68
lxt,590,0,23,45.5,240.265,125.6183,2.4726
lxt,590,1,0,43.995,243.34,0.0,0.15
lxt,590,1,1,44.185,243.34,0.0,0.23
lxt,590,1,2,44.41,243.33,174.8006,0.2209
lxt,590,1,3,44.63,243.295,167.1986,0.2256
lxt,590,1,4,44.84,243.24,163.3015,0.2088
lxt,590,1,5,45.025,243.155,147.0913,0.2025
lxt,590,1,6,45.175,243.03,132.8815,0.191
lxt,590,1,7,45.285,242.87,116.566,0.2012
lxt,590,1,8,45.345,242.66,97.125,0.2419
lxt,590,1,9,45.345,242.42,82.8741,0.2419
lxt,590,1,10,45.29,242.21,66.0372,0.197
lxt,590,1,11,45.185,242.045,49.0842,0.1985
lxt,590,1,12,45.04,241.92,32.007,0.1887
lxt,590,1,13,44.865,241.835,20.2269,0.2025
lxt,590,1,14,44.665,241.775,13.3892,0.2159
lxt,590,1,15,44.445,241.74,4.9746,0.2309
lxt,590,1,16,44.215,241.73,0.0,0.23
lxt,590,1,17,44.01,241.73,0.0,0.18
lxt,590,1,18,43.92,242.535,90.0,1.61
lxt,591,0,0,49.525,240.765,66.4555,3.4797
lxt,591,0,1,50.225,242.36,0.0,0.01
lxt,591,0,2,50.5,240.81,99.8813,3.1467
lxt,591,0,3,51.07,239.26,0.0,0.6
lxt,591,0,4,50.895,241.69,101.0603,4.952
lxt,591,0,5,49.625,242.3,66.4037,3.9721
lxt,591,0,6,48.04,242.3,113.464,3.9681
lxt,591,0,7,46.775,241.69,78.9397,4.952
lxt,591,0,8,46.6,239.26,0.0,0.6
lxt,591,0,9,47.17,240.805,80.0872,3.1368
lxt,591,0,10,47.445,242.35,0.0,0.01
lxt,591,0,11,48.14,240.76,113.4591,3.4665
lxt,592,0,0,52.16,243.85,0.0,0.6
lxt,592,0,1,51.86,241.555,90.0,4.59
lxt,592,0,2,52.16,239.26,0.0,0.6
lxt,592,0,3,52.46,241.555,90.0,4.59
lxt,593,0,0,53.585,239.26,0.0,0.59
lxt,593,0,1,53.88,240.99,90.0,3.46
lxt,593,0,2,55.585,240.895,133.0531,4.9951
lxt,593,0,3,57.29,241.46,90.0,4.78
lxt,593,0,4,56.99,243.85,0.0,0.6
lxt,593,0,5,56.69,242.175,90.0,3.35
lxt,593,0,6,54.99,242.29,133.5227,4.9373
lxt,593,0,7,53.29,241.67,90.0,4.82
lxt,594,0,0,61.125,239.855,114.0071,1.3027
lxt,594,0,1,61.7,239.26,0.0,0.62
lxt,594,0,2,60.905,241.675,114.5867,5.3116
lxt,594,0,3,58.695,241.675,65.4133,5.3116
lxt,594,0,4,57.9,239.26,0.0,0.62
lxt,594,0,5,58.475,239.855,65.9928,1.3027
lxt,594,0,6,59.8,240.45,0.0,2.12
lxt,594,1,0,59.8,240.96,0.0,1.64
lxt,594,1,1,59.39,241.895,66.3224,2.0419
lxt,594,1,2,60.21,241.895,113.6776,2.0419
lxt,595,0,0,62.705,243.85,0.0,0.59
lxt,595,0,1,62.41,241.555,90.0,4.59
lxt,595,0,2,63.41,239.26,0.0,2.0
lxt,595,0,3,64.41,239.515,90.0,0.51
lxt,595,0,4,63.705,239.77,0.0,1.41
lxt,595,0,5,63.0,241.81,90.0,4.08
lxt,596,0,0,44.095,251.155,126.2551,0.186
lxt,596,0,1,43.98,251.3,130.5981,0.1844
lxt,596,0,2,43.855,251.425,139.7676,0.1703
lxt,596,0,3,43.72,251.53,144.4606,0.172
lxt,596,0,4,43.57,251.615,156.3684,0.1746
lxt,596,0,5,43.405,251.68,160.5609,0.1803
lxt,596,0,6,43.23,251.725,170.5379,0.1825
lxt,596,0,7,43.045,251.745,176.9843,0.1903
lxt,596,0,8,42.82,251.74,4.403,0.2608
lxt,596,0,9,42.565,251.7,13.4952,0.2571
lxt,596,0,10,42.325,251.625,21.3699,0.247
lxt,596,0,11,42.105,251.515,31.7601,0.247
lxt,596,0,12,41.915,251.365,44.9974,0.2404
lxt,596,0,13,41.765,251.175,58.243,0.247
lxt,596,0,14,41.655,250.955,68.6277,0.247
lxt,596,0,15,41.595,250.705,83.6605,0.2717
lxt,596,0,16,41.59,250.455,94.9703,0.2308
lxt,596,0,17,41.63,250.24,106.6976,0.2088
lxt,596,0,18,41.71,250.05,119.0562,0.2059
lxt,596,0,19,41.825,249.885,130.9158,0.1985
lxt,596,0,20,41.965,249.745,139.0841,0.1985
lxt,596,0,21,42.13,249.62,146.3111,0.2163
lxt,596,0,22,42.31,249.51,150.944,0.2059
lxt,596,0,23,42.5,249.415,155.7732,0.2193
lxt,596,0,24,42.76,249.3,156.3684,0.3493
lxt,596,0,25,43.065,249.16,154.2333,0.322
lxt,596,0,26,43.335,249.0,144.2426,0.3081
lxt,596,0,27,43.51,248.855,132.2771,0.1486
lxt,596,0,28,43.6,248.735,121.6071,0.1526
lxt,596,0,29,43.665,248.59,107.3534,0.1676
lxt,596,0,30,43.7,248.42,96.3406,0.1811
lxt,596,0,31,43.7,248.24,83.6594,0.1811
lxt,596,0,32,43.665,248.065,73.6119,0.1772
lxt,596,0,33,43.605,247.9,66.37,0.1746
lxt,596,0,34,43.52,247.755,52.4329,0.164
lxt,596,0,35,43.405,247.63,42.708,0.1769
lxt,596,0,36,43.27,247.53,29.7408,0.1612
lxt,596,0,37,43.12,247.46,20.5553,0.1709
lxt,596,0,38,42.95,247.42,6.3463,0.1811
lxt,596,0,39,42.77,247.42,173.6537,0.1811
lxt,596,0,40,42.595,247.455,163.6141,0.1772
lxt,596,0,41,42.435,247.52,151.9227,0.17
lxt,596,0,42,42.295,247.61,142.4376,0.164
lxt,596,0,43,42.175,247.73,128.1545,0.1781
lxt,596,0,44,42.075,247.875,120.9648,0.1749
lxt,596,0,45,42.005,248.035,106.3881,0.1772
lxt,596,0,46,41.97,248.215,96.0091,0.1911
lxt,596,0,47,41.665,248.245,12.4264,0.6042
lxt,596,0,48,41.4,248.045,102.5274,0.2766
lxt,596,0,49,41.48,247.785,111.8019,0.2693
lxt,596,0,50,41.6,247.55,122.4709,0.2608
lxt,596,0,51,41.76,247.35,135.0012,0.2546
lxt,596,0,52,41.95,247.185,143.1313,0.25
lxt,596,0,53,42.17,247.05,153.4357,0.2683
lxt,596,0,54,42.415,246.955,164.3562,0.2596
lxt,596,0,55,42.675,246.91,175.7659,0.2707
lxt,596,0,56,42.96,246.915,5.7104,0.3015
lxt,596,0,57,43.25,246.965,14.0375,0.2886
lxt,596,0,58,43.515,247.065,27.4698,0.2818
lxt,596,0,59,43.75,247.21,36.0283,0.272
lxt,596,0,60,43.955,247.395,47.865,0.2832
lxt,596,0,61,44.115,247.625,62.5261,0.2818
lxt,596,0,62,44.225,247.89,72.181,0.2941
lxt,596,0,63,44.285,248.18,84.2887,0.3015
lxt,596,0,64,44.29,248.47,94.0857,0.2807
lxt,596,0,65,44.245,248.73,106.2608,0.25
lxt,596,0,66,44.16,248.955,115.4615,0.2326
lxt,596,0,67,44.04,249.15,127.876,0.228
lxt,596,0,68,43.885,249.32,136.7347,0.2335
lxt,596,0,69,43.7,249.47,145.0111,0.2441
lxt,596,0,70,43.49,249.6,151.3907,0.2506
lxt,596,0,71,43.26,249.71,157.3787,0.26
lxt,596,0,72,42.975,249.825,158.4979,0.3547
lxt,596,0,73,42.7,249.94,155.5548,0.2417
lxt,596,0,74,42.49,250.06,145.0106,0.2441
lxt,596,0,75,42.345,250.175,134.9915,0.1273
lxt,596,0,76,42.265,250.27,124.9985,0.122
lxt,596,0,77,42.21,250.38,108.436,0.1265
lxt,596,0,78,42.18,250.505,98.746,0.1315
lxt,596,0,79,42.18,250.645,82.4064,0.1514
lxt,596,0,80,42.215,250.785,68.959,0.1393
lxt,596,0,81,42.28,250.905,53.9772,0.136
lxt,596,0,82,42.37,251.01,45.0011,0.1414
lxt,596,0,83,42.545,251.13,29.2461,0.2865
lxt,596,0,84,42.805,251.22,8.4287,0.2729
lxt,596,0,85,43.06,251.225,172.8752,0.2419
lxt,596,0,86,43.275,251.17,157.1622,0.2062
lxt,596,0,87,43.455,251.06,140.5304,0.2202
lxt,596,0,88,43.61,250.895,126.3839,0.236
lxt,596,0,89,43.915,250.94,30.784,0.5471
lxt,597,0,0,46.83,251.745,2.3883,0.2402
lxt,597,0,1,46.59,251.72,9.4573,0.2433
lxt,597,0,2,46.355,251.675,12.2692,0.2354
lxt,597,0,3,46.13,251.605,22.2481,0.2377
lxt,597,0,4,45.915,251.51,25.4648,0.2326
lxt,597,0,5,45.71,251.4,30.9626,0.2332
lxt,597,0,6,45.515,251.27,36.3814,0.236
lxt,597,0,7,45.335,251.125,41.428,0.2267
lxt,597,0,8,45.17,250.965,46.7329,0.2334
lxt,597,0,9,45.02,250.785,53.6161,0.236
lxt,597,0,10,44.89,250.59,59.038,0.2332
lxt,597,0,11,44.775,250.385,62.3529,0.2371
lxt,597,0,12,44.68,250.165,70.8214,0.2435
lxt,597,0,13,44.61,249.935,75.3785,0.2377
lxt,597,0,14,44.56,249.7,80.5383,0.2433
lxt,597,0,15,44.535,249.455,87.7089,0.2502
lxt,597,0,16,44.535,249.2,92.2032,0.2602
lxt,597,0,17,44.56,248.945,99.0905,0.2532
lxt,597,0,18,44.61,248.7,104.0345,0.2474
lxt,597,0,19,44.68,248.465,109.1809,0.2435
lxt,597,0,20,44.77,248.245,115.4639,0.2326
lxt,597,0,21,44.885,248.04,123.0225,0.2385
lxt,597,0,22,45.02,247.85,127.876,0.228
lxt,597,0,23,45.165,247.675,131.4217,0.2267
lxt,597,0,24,45.33,247.51,138.3659,0.2408
lxt,597,0,25,45.51,247.365,144.1614,0.222
lxt,597,0,26,45.7,247.24,149.0369,0.2332
lxt,597,0,27,45.91,247.13,155.5548,0.2417
lxt,597,0,28,46.13,247.04,160.0201,0.2341
lxt,597,0,29,46.355,246.975,167.7381,0.2354
lxt,597,0,30,46.59,246.93,170.5356,0.2433
lxt,597,0,31,46.83,246.905,177.6117,0.2402
lxt,597,0,32,47.075,246.905,2.2928,0.2502
lxt,597,0,33,47.32,246.93,9.4642,0.2433
lxt,597,0,34,47.555,246.975,12.2619,0.2354
lxt,597,0,35,47.78,247.04,19.9802,0.2341
lxt,597,0,36,48.0,247.13,24.4452,0.2417
lxt,597,0,37,48.205,247.24,32.2748,0.2247
lxt,597,0,38,48.395,247.365,34.381,0.2302
lxt,597,0,39,48.575,247.51,43.2653,0.2335
lxt,597,0,40,48.74,247.675,46.738,0.2335
lxt,597,0,41,48.89,247.85,52.124,0.228
lxt,597,0,42,49.025,248.04,56.9775,0.2385
lxt,597,0,43,49.14,248.245,64.5352,0.2326
lxt,597,0,44,49.23,248.465,70.8199,0.2435
lxt,597,0,45,49.3,248.7,75.9646,0.2474
lxt,597,0,46,49.35,248.945,80.9095,0.2532
lxt,597,0,47,49.375,249.2,87.7976,0.2602
lxt,597,0,48,49.375,249.455,92.2902,0.2502
lxt,597,0,49,49.35,249.7,99.4617,0.2433
lxt,597,0,50,49.3,249.935,104.6224,0.2377
lxt,597,0,51,49.23,250.165,109.1777,0.2435
lxt,597,0,52,49.135,250.385,117.6471,0.2371
lxt,597,0,53,49.02,250.59,120.9628,0.2332
lxt,597,0,54,48.89,250.785,126.3839,0.236
lxt,597,0,55,48.74,250.965,133.2671,0.2334
lxt,597,0,56,48.575,251.125,138.5714,0.2267
lxt,597,0,57,48.395,251.27,143.6191,0.236
lxt,597,0,58,48.2,251.4,149.0369,0.2332
lxt,597,0,59,47.995,251.51,154.5356,0.2326
lxt,597,0,60,47.78,251.605,157.7516,0.2377
lxt,597,0,61,47.555,251.675,167.7308,0.2354
lxt,597,0,62,47.32,251.72,170.5428,0.2433
lxt,597,0,63,47.075,251.745,177.7072,0.2502
lxt,597,1,0,46.86,247.415,176.8171,0.1803
lxt,597,1,1,46.68,247.435,170.5381,0.1825
lxt,597,1,2,46.505,247.475,163.6141,0.1772
lxt,597,1,3,46.335,247.53,160.5609,0.1803
lxt,597,1,4,46.095,247.645,151.2581,0.3536
lxt,597,1,5,45.805,247.845,139.5764,0.3547
lxt,597,1,6,45.555,248.105,128.4172,0.3701
lxt,597,1,7,45.355,248.41,117.9792,0.3624
lxt,597,1,8,45.24,248.66,108.436,0.1897
lxt,597,1,9,45.185,248.84,105.5245,0.1868
lxt,597,1,10,45.145,249.03,98.5299,0.2022
lxt,597,1,11,45.125,249.23,92.8633,0.2002
lxt,597,1,12,45.125,249.425,86.9866,0.1903
lxt,597,1,13,45.145,249.615,81.0278,0.1924
lxt,597,1,14,45.18,249.8,77.4725,0.1844
lxt,597,1,15,45.23,249.98,71.564,0.1897
lxt,597,1,16,45.34,250.23,63.4355,0.3578
lxt,597,1,17,45.53,250.535,52.8135,0.364
lxt,597,1,18,45.77,250.795,41.4976,0.3471
lxt,597,1,19,46.055,251.0,30.1406,0.3585
lxt,597,1,20,46.3,251.12,18.4342,0.1897
lxt,597,1,21,46.48,251.175,15.5295,0.1868
lxt,597,1,22,46.665,251.215,8.9722,0.1924
lxt,597,1,23,46.855,251.235,3.0066,0.1903
lxt,597,1,24,47.05,251.235,177.1435,0.2002
lxt,597,1,25,47.245,251.215,171.0277,0.1924
lxt,597,1,26,47.43,251.175,164.4705,0.1868
lxt,597,1,27,47.61,251.12,161.5658,0.1897
lxt,597,1,28,47.855,251.0,149.8597,0.3585
lxt,597,1,29,48.14,250.795,138.502,0.3471
lxt,597,1,30,48.38,250.535,127.1869,0.364
lxt,597,1,31,48.57,250.23,116.5645,0.3578
lxt,597,1,32,48.68,249.98,108.4349,0.1897
lxt,597,1,33,48.73,249.8,102.5275,0.1844
lxt,597,1,34,48.765,249.615,98.9733,0.1924
lxt,597,1,35,48.78,249.425,90.0,0.19
lxt,597,1,36,48.78,249.23,90.0,0.2
lxt,597,1,37,48.765,249.03,81.469,0.2022
lxt,597,1,38,48.725,248.84,74.4755,0.1868
lxt,597,1,39,48.67,248.66,71.564,0.1897
lxt,597,1,40,48.555,248.41,62.0213,0.3624
lxt,597,1,41,48.355,248.105,51.5828,0.3701
lxt,597,1,42,48.105,247.845,40.4236,0.3547
lxt,597,1,43,47.815,247.645,28.7416,0.3536
lxt,597,1,44,47.575,247.53,19.4395,0.1803
lxt,597,1,45,47.405,247.475,16.3856,0.1772
lxt,597,1,46,47.23,247.435,9.4619,0.1825
lxt,597,1,47,47.045,247.415,3.0157,0.1903
lxt,598,0,0,49.86,250.13,90.0,2.9
lxt,598,0,1,49.865,248.585,93.0122,0.1903
lxt,598,0,2,49.88,248.4,96.3406,0.1811
lxt,598,0,3,49.91,248.22,102.5275,0.1844
lxt,598,0,4,49.955,248.05,107.3565,0.1676
lxt,598,0,5,50.05,247.815,114.3025,0.3402
lxt,598,0,6,50.22,247.53,127.5709,0.328
lxt,598,0,7,50.44,247.295,138.8113,0.3189
lxt,598,0,8,50.705,247.11,151.1176,0.3312
lxt,598,0,9,50.93,247.005,162.64,0.1676
lxt,598,0,10,51.1,246.955,164.4795,0.1868
lxt,598,0,11,51.28,246.92,173.6535,0.1811
lxt,598,0,12,51.465,246.905,176.9935,0.1903
lxt,598,0,13,51.655,246.905,3.0066,0.1903
lxt,598,0,14,51.845,246.92,6.0148,0.1911
lxt,598,0,15,52.025,246.955,16.3859,0.1772
lxt,598,0,16,52.19,247.005,17.36,0.1676
lxt,598,0,17,52.415,247.11,28.8824,0.3312
lxt,598,0,18,52.685,247.295,40.0332,0.3265
lxt,598,0,19,52.905,247.53,53.8398,0.322
lxt,598,0,20,53.075,247.815,64.1808,0.3444
lxt,598,0,21,53.175,248.05,72.6435,0.1676
lxt,598,0,22,53.22,248.22,77.4725,0.1844
lxt,598,0,23,53.25,248.4,83.6594,0.1811
lxt,598,0,24,53.265,248.585,86.9878,0.1903
lxt,598,0,25,53.27,250.13,90.0,2.9
lxt,598,0,26,52.97,251.58,0.0,0.6
lxt,598,0,27,52.67,250.225,90.0,2.71
lxt,598,0,28,52.665,248.73,87.9541,0.2802
lxt,598,0,29,52.64,248.46,81.254,0.2631
lxt,598,0,30,52.585,248.205,74.3578,0.2596
lxt,598,0,31,52.5,247.97,65.5565,0.2417
lxt,598,0,32,52.375,247.765,51.7099,0.2421
lxt,598,0,33,52.205,247.6,36.3814,0.236
lxt,598,0,34,52.05,247.505,22.6275,0.13
lxt,598,0,35,51.925,247.46,17.106,0.136
lxt,598,0,36,51.79,247.43,8.1257,0.1414
lxt,598,0,37,51.64,247.415,3.5798,0.1603
lxt,598,0,38,51.48,247.415,176.4202,0.1603
lxt,598,0,39,51.33,247.43,171.8743,0.1414
lxt,598,0,40,51.195,247.46,162.894,0.136
lxt,598,0,41,51.075,247.505,155.5483,0.1208
lxt,598,0,42,50.92,247.6,145.0111,0.2441
lxt,598,0,43,50.75,247.765,126.3839,0.236
lxt,598,0,44,50.625,247.97,116.5651,0.246
lxt,598,0,45,50.535,248.205,105.6422,0.2596
lxt,598,0,46,50.485,248.46,96.5814,0.2617
lxt,598,0,47,50.465,248.73,92.0459,0.2802
lxt,598,0,48,50.46,250.225,90.0,2.71
lxt,598,0,49,50.16,251.58,0.0,0.6
lxt,599,0,0,55.87,251.07,0.0,1.1
lxt,599,0,1,56.42,251.325,90.0,0.51
lxt,599,0,2,55.025,251.58,0.0,2.79
lxt,599,0,3,53.63,251.325,90.0,0.51
lxt,599,0,4,54.18,251.07,0.0,1.1
lxt,599,0,5,54.73,249.03,90.0,4.08
lxt,599,0,6,55.025,246.99,0.0,0.59
lxt,599,0,7,55.32,249.03,90.0,4.08
lxt,600,0,0,57.44,250.645,90.0,1.87
lxt,600,0,1,57.14,251.58,0.0,0.6
lxt,600,0,2,56.84,249.285,90.0,4.59
lxt,600,0,3,57.14,246.99,0.0,0.6
lxt,600,0,4,57.44,248.095,90.0,2.21
lxt,600,0,5,58.5,249.2,0.0,2.12
lxt,600,0,6,59.56,248.095,90.0,2.21
lxt,600,0,7,59.86,246.99,0.0,0.6
lxt,600,0,8,60.16,249.285,90.0,4.59
lxt,600,0,9,59.86,251.58,0.0,0.6
lxt,600,0,10,59.56,250.645,90.0,1.87
lxt,600,0,11,58.5,249.71,0.0,2.12
lxt,601,0,0,83.44,185.65,111.4769,1.311
lxt,601,0,1,83.99,185.03,178.1534,0.6203
lxt,601,0,2,83.3,187.48,112.122,5.311
lxt,601,0,3,81.085,187.575,62.8084,5.3177
lxt,601,0,4,80.18,185.195,177.2299,0.6207
lxt,601,0,5,80.785,185.765,63.2392,1.3103
lxt,601,0,6,82.14,186.305,177.5692,2.1219
lxt,601,1,0,82.16,186.815,177.5557,1.6415
lxt,601,1,1,81.79,187.765,63.8121,2.0394
lxt,601,1,2,82.61,187.73,111.2793,2.039
lxt,602,0,0,87.205,187.9,87.3261,3.644
lxt,602,0,1,85.8,187.71,53.4509,5.0041
lxt,602,0,2,85.45,185.645,177.2382,2.2827
lxt,602,0,3,86.575,185.25,87.4741,0.6807
lxt,602,0,4,86.815,184.9,177.7555,0.5104
lxt,602,0,5,87.085,185.23,87.4733,0.6807
lxt,602,0,6,87.365,185.56,177.8401,0.5304
lxt,602,0,7,87.64,185.805,87.7547,0.5104
lxt,602,0,8,87.385,186.07,177.8401,0.5304
lxt,602,1,0,85.955,186.13,177.3777,1.3114
lxt,602,1,1,85.995,187.085,53.0807,2.314
lxt,602,1,2,86.695,188.01,0.0,0.01
lxt,602,1,3,86.655,187.055,87.3021,1.9121
lxt,603,0,0,23.53,291.575,90.0,1.87
lxt,603,0,1,23.235,292.51,0.0,0.59
lxt,603,0,2,22.94,290.215,90.0,4.59
lxt,603,0,3,23.235,287.92,0.0,0.59
lxt,603,0,4,23.53,289.025,90.0,2.21
lxt,603,0,5,24.595,290.13,0.0,2.13
lxt,603,0,6,25.66,289.025,90.0,2.21
lxt,603,0,7,25.96,287.92,0.0,0.6
lxt,603,0,8,26.26,290.215,90.0,4.59
lxt,603,0,9,25.96,292.51,0.0,0.6
lxt,603,0,10,25.66,291.575,90.0,1.87
lxt,603,0,11,24.595,290.64,0.0,2.13
lxt,604,0,0,30.105,288.515,114.0071,1.3027
lxt,604,0,1,30.68,287.92,0.0,0.62
lxt,604,0,2,29.885,290.335,114.5867,5.3116
lxt,604,0,3,27.67,290.335,65.3153,5.3158
lxt,604,0,4,26.87,287.92,0.0,0.62
lxt,604,0,5,27.445,288.515,65.9929,1.3027
lxt,604,0,6,28.775,289.11,0.0,2.13
lxt,604,1,0,28.775,289.62,0.0,1.65
lxt,604,1,1,28.365,290.555,66.0659,2.0459
lxt,604,1,2,29.19,290.555,113.6776,2.0419
lxt,605,0,0,31.68,287.92,0.0,0.6
lxt,605,0,1,31.98,289.65,90.0,3.46
lxt,605,0,2,33.68,289.555,132.9691,4.9882
lxt,605,0,3,35.38,290.12,90.0,4.78
lxt,605,0,4,35.085,292.51,0.0,0.59
lxt,605,0,5,34.79,290.835,90.0,3.35
lxt,605,0,6,33.085,290.95,133.6067,4.9442
lxt,605,0,7,31.38,290.33,90.0,4.82
lxt,606,0,0,38.6,289.96,90.0,0.52
lxt,606,0,1,39.185,289.7,0.0,1.17
lxt,606,0,2,39.75,289.565,81.5742,0.273
lxt,606,0,3,39.68,289.305,68.1981,0.2693
lxt,606,0,4,39.555,289.065,56.8868,0.2746
lxt,606,0,5,39.38,288.845,46.4001,0.29
lxt,606,0,6,39.17,288.66,36.0278,0.272
lxt,606,0,7,38.935,288.515,27.4698,0.2818
lxt,606,0,8,38.68,288.41,17.1063,0.272
lxt,606,0,9,38.42,288.355,6.5816,0.2617
lxt,606,0,10,38.2,288.345,176.8171,0.1803
lxt,606,0,11,38.02,288.365,170.5379,0.1825
lxt,606,0,12,37.85,288.405,162.6503,0.1676
lxt,606,0,13,37.685,288.465,157.6175,0.1838
lxt,606,0,14,37.455,288.59,148.1737,0.3413
lxt,606,0,15,37.18,288.8,137.288,0.3538
lxt,606,0,16,36.94,289.06,128.1575,0.3561
lxt,606,0,17,36.75,289.355,117.2997,0.3489
lxt,606,0,18,36.62,289.68,106.3895,0.3544
lxt,606,0,19,36.55,290.025,96.5198,0.3523
lxt,606,0,20,36.535,290.305,87.274,0.2102
lxt,606,0,21,36.555,290.505,81.0267,0.1924
lxt,606,0,22,36.59,290.695,78.1123,0.1942
lxt,606,0,23,36.64,290.88,71.564,0.1897
lxt,606,0,24,36.755,291.14,63.4344,0.3801
lxt,606,0,25,36.95,291.455,52.8164,0.364
lxt,606,0,26,37.19,291.72,42.708,0.3538
lxt,606,0,27,37.475,291.93,30.1406,0.3585
lxt,606,0,28,37.715,292.05,19.4391,0.1803
lxt,606,0,29,37.885,292.105,16.3954,0.1772
lxt,606,0,30,38.06,292.145,9.4619,0.1825
lxt,606,0,31,38.245,292.165,3.0157,0.1903
lxt,606,0,32,38.44,292.165,177.1348,0.2002
lxt,606,0,33,38.645,292.14,169.2136,0.2138
lxt,606,0,34,38.845,292.085,159.7731,0.2025
lxt,606,0,35,39.035,292.005,154.6546,0.2102
lxt,606,0,36,39.22,291.9,146.3111,0.2163
lxt,606,0,37,39.395,291.775,142.5939,0.214
lxt,606,0,38,39.555,291.63,133.1513,0.2193
lxt,606,0,39,39.695,291.465,127.4084,0.214
lxt,606,0,40,39.95,291.585,47.1749,0.559
lxt,606,0,41,40.05,291.89,131.9899,0.2691
lxt,606,0,42,39.865,292.08,136.5448,0.2617
lxt,606,0,43,39.665,292.25,142.7006,0.264
lxt,606,0,44,39.445,292.39,152.4421,0.2594
lxt,606,0,45,39.21,292.5,157.3849,0.26
lxt,606,0,46,38.96,292.59,162.894,0.272
lxt,606,0,47,38.705,292.65,170.9078,0.2532
lxt,606,0,48,38.445,292.675,177.8833,0.2702
lxt,606,0,49,38.19,292.675,2.381,0.2402
lxt,606,0,50,37.955,292.65,9.8679,0.2335
lxt,606,0,51,37.725,292.6,14.6201,0.2377
lxt,606,0,52,37.5,292.53,19.9873,0.2341
lxt,606,0,53,37.29,292.44,26.5594,0.2236
lxt,606,0,54,37.09,292.325,33.0248,0.2385
lxt,606,0,55,36.9,292.19,37.8778,0.228
lxt,606,0,56,36.725,292.04,43.2653,0.2335
lxt,606,0,57,36.565,291.87,50.193,0.2343
lxt,606,0,58,36.42,291.685,53.6161,0.236
lxt,606,0,59,36.29,291.485,60.2543,0.2419
lxt,606,0,60,36.18,291.275,64.5352,0.2326
lxt,606,0,61,36.09,291.055,70.8223,0.2435
lxt,606,0,62,36.02,290.815,76.504,0.2571
lxt,606,0,63,35.97,290.565,80.9095,0.2532
lxt,606,0,64,35.945,290.315,87.7098,0.2502
lxt,606,0,65,35.945,290.07,92.3856,0.2402
lxt,606,0,66,35.97,289.835,99.8656,0.2335
lxt,606,0,67,36.015,289.61,102.804,0.2256
lxt,606,0,68,36.08,289.395,110.8557,0.2247
lxt,606,0,69,36.17,289.185,115.4607,0.2326
lxt,606,0,70,36.28,288.985,122.2801,0.2247
lxt,606,0,71,36.405,288.8,125.8336,0.2221
lxt,606,0,72,36.545,288.625,131.4268,0.2267
lxt,606,0,73,36.705,288.46,136.7347,0.2335
lxt,606,0,74,36.88,288.315,144.1614,0.222
lxt,606,0,75,37.065,288.185,145.619,0.2302
lxt,606,0,76,37.26,288.07,153.4332,0.2236
lxt,606,0,77,37.465,287.98,159.149,0.2247
lxt,606,0,78,37.68,287.91,164.7453,0.228
lxt,606,0,79,37.905,287.865,172.5689,0.2319
lxt,606,0,80,38.135,287.84,175.0255,0.2309
lxt,606,0,81,38.37,287.835,2.3883,0.2402
lxt,606,0,82,38.6,287.86,10.3069,0.2236
lxt,606,0,83,38.815,287.905,13.3894,0.2159
lxt,606,0,84,39.02,287.965,19.2918,0.2119
lxt,606,0,85,39.21,288.045,26.5641,0.2012
lxt,606,0,86,39.39,288.145,31.4332,0.211
lxt,606,0,87,39.56,288.265,39.0884,0.2061
lxt,606,0,88,39.71,288.4,45.0031,0.198
lxt,606,0,89,39.845,288.545,49.0842,0.1985
lxt,606,0,90,39.97,288.705,54.7848,0.2081
lxt,606,0,91,40.08,288.88,60.9448,0.2059
lxt,606,0,92,40.17,289.07,68.1993,0.2154
lxt,606,0,93,40.245,289.27,70.7084,0.2119
lxt,606,0,94,40.305,289.475,76.6072,0.2159
lxt,606,0,95,40.345,289.695,82.5692,0.232
lxt,606,0,96,40.365,289.925,87.51,0.2302
lxt,606,0,97,40.37,290.13,90.0,0.18
lxt,606,0,98,39.485,290.22,0.0,1.77
lxt,607,0,0,44.005,288.515,114.0071,1.3027
lxt,607,0,1,44.58,287.92,0.0,0.62
lxt,607,0,2,43.785,290.335,114.5867,5.3116
lxt,607,0,3,41.57,290.335,65.3153,5.3158
lxt,607,0,4,40.775,287.92,0.0,0.63
lxt,607,0,5,41.35,288.515,66.3959,1.2987
lxt,607,0,6,42.675,289.11,0.0,2.13
lxt,607,1,0,42.675,289.62,0.0,1.65
lxt,607,1,1,42.265,290.555,66.0659,2.0459
lxt,607,1,2,43.09,290.555,113.6776,2.0419
lxt,608,0,0,46.86,289.96,14.0356,0.2474
lxt,608,0,1,47.09,290.035,22.2484,0.2377
lxt,608,0,2,47.295,290.145,34.381,0.2302
lxt,608,0,3,47.465,290.29,46.8487,0.2193
lxt,608,0,4,47.605,290.465,55.6198,0.2302
lxt,608,0,5,47.715,290.665,66.8005,0.2285
lxt,608,0,6,47.79,290.88,74.7446,0.228
lxt,608,0,7,47.83,291.11,85.237,0.2408
lxt,608,0,8,47.82,291.385,97.3519,0.3126
lxt,608,0,9,47.745,291.69,110.1353,0.3195
lxt,608,0,10,47.6,291.97,124.6942,0.3162
lxt,608,0,11,47.385,292.2,141.3428,0.3201
lxt,608,0,12,47.11,292.36,158.1993,0.3231
lxt,608,0,13,46.805,292.455,167.2744,0.3178
lxt,608,0,14,46.49,292.5,176.4256,0.3206
lxt,608,0,15,46.17,292.51,0.0,0.32
lxt,608,0,16,45.645,292.51,0.0,0.73
lxt,608,0,17,45.28,290.215,90.0,4.59
lxt,608,0,18,45.58,287.92,0.0,0.6
lxt,608,0,19,45.88,288.9,90.0,1.96
lxt,608,0,20,46.005,289.88,0.0,0.25
lxt,608,0,21,46.82,288.9,125.1484,2.3971
lxt,608,0,22,47.85,287.92,0.0,0.68
lxt,608,0,23,47.465,288.925,125.8063,2.4784
lxt,608,1,0,45.96,292.0,0.0,0.16
lxt,608,1,1,46.15,292.0,0.0,0.22
lxt,608,1,2,46.375,291.99,175.0254,0.2309
lxt,608,1,3,46.595,291.955,166.6106,0.2159
lxt,608,1,4,46.8,291.9,163.3015,0.2088
lxt,608,1,5,46.985,291.815,147.0913,0.2025
lxt,608,1,6,47.14,291.69,135.0031,0.198
lxt,608,1,7,47.255,291.53,116.566,0.2012
lxt,608,1,8,47.315,291.32,97.1241,0.2419
lxt,608,1,9,47.315,291.08,82.875,0.2419
lxt,608,1,10,47.26,290.87,66.0362,0.197
lxt,608,1,11,47.155,290.705,49.0842,0.1985
lxt,608,1,12,47.005,290.58,30.4673,0.1972
lxt,608,1,13,46.825,290.495,20.2269,0.2025
lxt,608,1,14,46.625,290.435,13.3892,0.2159
lxt,608,1,15,46.41,290.4,5.1995,0.2209
lxt,608,1,16,46.185,290.39,0.0,0.23
lxt,608,1,17,45.975,290.39,0.0,0.19
lxt,608,1,18,45.88,291.195,90.0,1.61
lxt,609,0,0,78.495,88.395,111.2278,1.2981
lxt,609,0,1,79.04,87.775,177.2299,0.6207
lxt,609,0,2,78.355,90.225,111.9815,5.3165
lxt,609,0,3,76.145,90.325,62.8086,5.3177
lxt,609,0,4,75.24,87.945,177.2299,0.6207
lxt,609,0,5,75.84,88.515,63.6314,1.3059
lxt,609,0,6,77.195,89.05,177.3119,2.1323
lxt,609,1,0,77.215,89.565,177.5705,1.6515
lxt,609,1,1,76.845,90.515,63.5601,2.0438
lxt,609,1,2,77.67,90.48,111.2796,2.039
lxt,610,0,0,82.685,91.965,86.6337,0.5109
lxt,610,0,1,81.79,92.26,177.4835,1.8218
lxt,610,0,2,80.475,91.135,70.8305,2.4668
lxt,610,0,3,80.125,89.965,174.8006,0.1105
lxt,610,0,4,80.27,90.04,41.6341,0.2408
lxt,610,0,5,80.47,90.18,28.6093,0.2506
lxt,610,0,6,80.695,90.275,16.9295,0.2404
lxt,610,0,7,80.935,90.32,4.5714,0.2508
lxt,610,0,8,81.165,90.315,171.8702,0.2121
lxt,610,0,9,81.375,90.26,159.1487,0.2247
lxt,610,0,10,81.57,90.165,148.5668,0.211
lxt,610,0,11,81.74,90.04,138.8179,0.2126
lxt,610,0,12,81.885,89.885,127.4026,0.214
lxt,610,0,13,81.995,89.705,115.3469,0.2102
lxt,610,0,14,82.07,89.51,106.7,0.2088
lxt,610,0,15,82.105,89.3,92.6031,0.2202
lxt,610,0,16,82.095,89.08,82.2352,0.222
lxt,610,0,17,82.045,88.865,71.5651,0.2214
lxt,610,0,18,81.955,88.67,58.571,0.2109
lxt,610,0,19,81.825,88.495,48.5732,0.2267
lxt,610,0,20,81.665,88.345,37.4067,0.214
lxt,610,0,21,81.485,88.235,25.345,0.2102
lxt,610,0,22,81.285,88.16,15.9448,0.2184
lxt,610,0,23,81.065,88.125,2.4919,0.2302
lxt,610,0,24,80.87,88.13,172.8787,0.1612
lxt,610,0,25,80.715,88.16,165.0657,0.1552
lxt,610,0,26,80.565,88.215,154.981,0.1655
lxt,610,0,27,80.415,88.295,149.0375,0.1749
lxt,610,0,28,80.28,88.39,140.1916,0.1562
lxt,610,0,29,80.16,88.505,132.7157,0.1769
lxt,610,0,30,80.06,88.635,121.6071,0.1526
lxt,610,0,31,79.99,88.77,113.1956,0.1523
lxt,610,0,32,79.735,88.65,40.1793,0.589
lxt,610,0,33,79.56,88.37,119.0571,0.2059
lxt,610,0,34,79.68,88.2,131.1852,0.2126
lxt,610,0,35,79.825,88.045,135.0015,0.2121
lxt,610,0,36,79.985,87.91,144.7832,0.2081
lxt,610,0,37,80.165,87.805,154.6466,0.2102
lxt,610,0,38,80.36,87.72,158.2024,0.2154
lxt,610,0,39,80.565,87.655,166.6106,0.2159
lxt,610,0,40,80.775,87.62,174.5544,0.211
lxt,610,0,41,80.97,87.61,0.0,0.18
lxt,610,0,42,81.145,87.615,3.3698,0.1703
lxt,610,0,43,81.31,87.635,10.619,0.1628
lxt,610,0,44,81.47,87.675,17.3504,0.1676
lxt,610,0,45,81.695,87.76,22.4785,0.3138
lxt,610,0,46,81.965,87.91,35.7574,0.3081
lxt,610,0,47,82.195,88.115,47.6003,0.3114
lxt,610,0,48,82.38,88.365,59.3506,0.3139
lxt,610,0,49,82.495,88.575,64.9823,0.1655
lxt,610,0,50,82.55,88.73,75.9638,0.1649
lxt,610,0,51,82.59,88.89,75.9638,0.1649
lxt,610,0,52,82.615,89.06,86.8218,0.1803
lxt,610,0,53,82.615,89.305,91.8466,0.3102
lxt,610,0,54,82.58,89.61,101.3113,0.3059
lxt,610,0,55,82.495,89.9,111.4479,0.3008
lxt,610,0,56,82.365,90.165,120.9627,0.2915
lxt,610,0,57,82.19,90.4,132.2742,0.2973
lxt,610,0,58,81.97,90.59,146.3091,0.2884
lxt,610,0,59,81.78,90.7,156.8022,0.1523
lxt,610,0,60,81.64,90.755,160.3395,0.1487
lxt,610,0,61,81.495,90.8,165.0766,0.1552
lxt,610,0,62,81.335,90.825,176.6302,0.1703
lxt,610,0,63,81.09,90.83,0.0,0.32
lxt,610,0,64,81.095,91.3,70.656,0.9962
lxt,610,0,65,81.965,91.74,177.5635,1.4113
lxt,611,0,0,134.615,500.28,111.069,1.3074
lxt,611,0,1,135.16,499.65,176.3085,0.6213
lxt,611,0,2,134.495,502.105,111.5014,5.3202
lxt,611,0,3,132.285,502.225,62.3267,5.3184
lxt,611,0,4,131.36,499.855,177.2292,0.6207
lxt,611,0,5,131.965,500.42,63.0408,1.3014
lxt,611,0,6,133.32,500.945,177.0297,2.1228
lxt,611,1,0,133.35,501.455,176.8587,1.6425
lxt,611,1,1,132.99,502.41,63.1833,2.0393
lxt,611,1,2,133.81,502.365,110.6542,2.0412
lxt,612,0,0,137.075,501.59,86.7736,4.0865
lxt,612,0,1,137.215,499.535,176.6336,0.5109
lxt,612,0,2,137.6,501.815,86.758,4.5974
lxt,612,0,3,137.23,504.14,176.5665,1.0018
lxt,612,0,4,136.56,503.92,55.7846,0.6046
lxt,612,0,5,136.79,503.65,177.1375,0.801
lxt,613,0,0,102.72,502.05,110.6589,1.3038
lxt,613,0,1,103.26,501.425,177.2299,0.6207
lxt,613,0,2,102.6,503.885,111.4012,5.3166
lxt,613,0,3,100.39,504.005,62.2315,5.323
lxt,613,0,4,99.46,501.635,177.2299,0.6207
lxt,613,0,5,100.07,502.2,62.6503,1.306
lxt,613,0,6,101.43,502.72,176.7602,2.1234
lxt,613,1,0,101.455,503.225,176.8777,1.6525
lxt,613,1,1,101.095,504.18,62.9335,2.0438
lxt,613,1,2,101.92,504.135,110.6546,2.0412
lxt,614,0,0,105.18,503.36,86.9135,4.0859
lxt,614,0,1,105.325,501.31,177.7546,0.5104
lxt,614,0,2,105.705,503.595,86.8824,4.5968
lxt,614,0,3,105.335,505.915,177.1085,0.9913
lxt,614,0,4,104.665,505.695,54.4617,0.6022
lxt,614,0,5,104.89,505.425,176.4235,0.8016
lxt,615,0,0,88.51,355.05,21.4766,1.311
lxt,615,0,1,89.13,355.6,88.1527,0.6203
lxt,615,0,2,86.68,354.91,22.1219,5.311
lxt,615,0,3,86.585,352.7,152.9043,5.3131
lxt,615,0,4,88.965,351.8,87.2299,0.6207
lxt,615,0,5,88.395,352.4,153.6311,1.3059
lxt,615,0,6,87.855,353.75,87.5692,2.1219
lxt,615,1,0,87.345,353.77,87.5559,1.6415
lxt,615,1,1,86.395,353.4,153.8121,2.0393
lxt,615,1,2,86.43,354.22,21.2797,2.039
lxt,616,0,0,20.21,27.08,51.7102,2.4208
lxt,616,0,1,21.025,28.14,59.4176,0.2555
lxt,616,0,2,21.14,28.37,67.3792,0.26
lxt,616,0,3,21.225,28.615,74.3578,0.2596
lxt,616,0,4,21.27,28.87,85.6014,0.2608
lxt,616,0,5,21.265,29.15,95.7106,0.3015
lxt,616,0,6,21.21,29.435,106.5036,0.2816
lxt,616,0,7,21.105,29.685,119.4778,0.2642
lxt,616,0,8,20.95,29.905,130.5984,0.2766
lxt,616,0,9,20.755,30.09,142.7006,0.264
lxt,616,0,10,20.53,30.23,153.4359,0.2683
lxt,616,0,11,20.28,30.33,162.8938,0.272
lxt,616,0,12,20.005,30.38,176.051,0.2907
lxt,616,0,13,19.71,30.38,3.8178,0.3007
lxt,616,0,14,19.425,30.33,16.5077,0.2816
lxt,616,0,15,19.17,30.235,24.6207,0.264
lxt,616,0,16,18.95,30.1,38.655,0.2561
lxt,616,0,17,18.765,29.92,49.6372,0.2625
lxt,616,0,18,18.615,29.7,61.5562,0.2729
lxt,616,0,19,18.5,29.45,68.9631,0.2786
lxt,616,0,20,18.425,29.17,80.5374,0.3041
lxt,616,0,21,18.685,29.02,0.0,0.57
lxt,616,0,22,18.985,29.105,79.9908,0.1726
lxt,616,0,23,19.03,29.27,69.441,0.1709
lxt,616,0,24,19.1,29.425,61.9314,0.17
lxt,616,0,25,19.195,29.565,49.7645,0.1703
lxt,616,0,26,19.315,29.68,37.562,0.164
lxt,616,0,27,19.455,29.77,28.0776,0.17
lxt,616,0,28,19.61,29.835,17.3501,0.1676
lxt,616,0,29,19.775,29.87,6.7163,0.1712
lxt,616,0,30,19.95,29.87,173.6537,0.1811
lxt,616,0,31,20.12,29.835,162.6499,0.1676
lxt,616,0,32,20.28,29.77,153.43,0.1789
lxt,616,0,33,20.425,29.675,139.7676,0.1703
lxt,616,0,34,20.55,29.55,130.5981,0.1844
lxt,616,0,35,20.65,29.405,118.0783,0.17
lxt,616,0,36,20.72,29.245,109.4423,0.1803
lxt,616,0,37,20.76,29.07,96.3379,0.1812
lxt,616,0,38,20.75,28.865,80.1336,0.2334
lxt,616,0,39,20.68,28.64,65.5531,0.2416
lxt,616,0,40,20.565,28.425,58.2434,0.247
lxt,616,0,41,20.43,28.225,53.6157,0.236
lxt,616,0,42,19.345,26.875,51.0354,3.2282
lxt,616,0,43,19.805,25.62,0.0,2.95
lxt,616,0,44,21.28,25.875,90.0,0.51
lxt,616,0,45,20.37,26.13,0.0,1.82
lxt,617,0,0,24.76,29.965,90.0,0.51
lxt,617,0,1,23.85,30.22,0.0,1.82
lxt,617,0,2,22.585,29.04,73.2561,2.4645
lxt,617,0,3,22.285,27.86,0.0,0.11
lxt,617,0,4,22.43,27.945,43.3605,0.2476
lxt,617,0,5,22.625,28.095,31.7606,0.247
lxt,617,0,6,22.845,28.2,19.1827,0.2435
lxt,617,0,7,23.085,28.25,4.5645,0.2508
lxt,617,0,8,23.32,28.25,174.8163,0.2209
lxt,617,0,9,23.53,28.21,163.2854,0.2088
lxt,617,0,10,23.725,28.125,149.9345,0.2195
lxt,617,0,11,23.9,28.005,140.9051,0.2062
lxt,617,0,12,24.05,27.86,131.191,0.2126
lxt,617,0,13,24.17,27.685,117.7579,0.2147
lxt,617,0,14,24.255,27.49,109.2894,0.2119
lxt,617,0,15,24.3,27.285,95.4394,0.211
lxt,617,0,16,24.3,27.065,85.0302,0.2308
lxt,617,0,17,24.255,26.845,71.5615,0.2213
lxt,617,0,18,24.17,26.6451,62.2421,0.2147
lxt,617,0,19,24.055,26.465,52.6016,0.214
lxt,617,0,20,23.905,26.31,39.4631,0.2202
lxt,617,0,21,23.725,26.19,27.7674,0.2147
lxt,617,0,22,23.525,26.105,18.4367,0.2214
lxt,617,0,23,23.31,26.06,5.1837,0.2209
lxt,617,0,24,23.12,26.055,176.442,0.1603
lxt,617,0,25,22.96,26.08,165.9506,0.1649
lxt,617,0,26,22.805,26.13,158.1996,0.1616
lxt,617,0,27,22.655,26.2,151.9224,0.17
lxt,617,0,28,22.515,26.29,142.438,0.164
lxt,617,0,29,22.39,26.4,135.0014,0.1697
lxt,617,0,30,22.285,26.525,124.6942,0.1581
lxt,617,0,31,22.205,26.66,116.5626,0.1565
lxt,617,0,32,21.955,26.53,42.9317,0.5873
lxt,617,0,33,21.8,26.24,123.6913,0.2163
lxt,617,0,34,21.93,26.075,133.0203,0.2052
lxt,617,0,35,22.08,25.93,138.8235,0.2126
lxt,617,0,36,22.245,25.805,147.0838,0.2025
lxt,617,0,37,22.43,25.705,155.7805,0.2193
lxt,617,0,38,22.63,25.625,160.708,0.2119
lxt,617,0,39,22.835,25.57,169.2215,0.2138
lxt,617,0,40,23.045,25.545,177.271,0.2102
lxt,617,0,41,23.24,25.545,3.1829,0.1803
lxt,617,0,42,23.415,25.56,6.696,0.1712
lxt,617,0,43,23.58,25.59,14.0494,0.1649
lxt,617,0,44,23.735,25.635,18.4308,0.1581
lxt,617,0,45,23.955,25.73,25.7716,0.322
lxt,617,0,46,24.22,25.8951,38.3679,0.3061
lxt,617,0,47,24.44,26.105,48.9884,0.3048
lxt,617,0,48,24.615,26.36,61.8188,0.3176
lxt,617,0,49,24.72,26.575,68.202,0.1616
lxt,617,0,50,24.77,26.73,75.9612,0.1649
lxt,617,0,51,24.8,26.895,83.2924,0.1712
lxt,617,0,52,24.815,27.07,86.82,0.1803
lxt,617,0,53,24.81,27.315,93.6911,0.3106
lxt,617,0,54,24.76,27.62,104.9323,0.3105
lxt,617,0,55,24.66,27.905,113.9608,0.2955
lxt,617,0,56,24.52,28.16,123.6911,0.2884
lxt,617,0,57,24.335,28.385,134.9971,0.297
lxt,617,0,58,24.105,28.565,149.0424,0.2915
lxt,617,0,59,23.91,28.67,156.8022,0.1523
lxt,617,0,60,23.77,28.72,164.0398,0.1456
lxt,617,0,61,23.62,28.755,169.3913,0.1628
lxt,617,0,62,23.46,28.77,0.0,0.16
lxt,617,0,63,23.215,28.765,1.7374,0.3302
lxt,617,0,64,23.195,29.235,73.0247,0.9933
lxt,617,0,65,24.05,29.71,0.0,1.42
lxt,618,0,0,26.66,27.665,90.0,4.09
lxt,618,0,1,26.915,25.62,0.0,0.51
lxt,618,0,2,27.17,27.92,90.0,4.6
lxt,618,0,3,26.675,30.22,0.0,0.99
lxt,618,0,4,26.02,29.965,57.8943,0.6021
lxt,618,0,5,26.26,29.71,0.0,0.8
lxt,619,0,0,30.525,25.55,5.4456,0.211
lxt,619,0,1,30.725,25.58,11.8823,0.1942
lxt,619,0,2,30.91,25.64,23.967,0.197
lxt,619,0,3,31.08,25.73,31.9991,0.1887
lxt,619,0,4,31.235,25.845,40.9155,0.1985
lxt,619,0,5,31.375,25.98,47.1239,0.1911
lxt,619,0,6,31.495,26.13,55.4873,0.1941
lxt,619,0,7,31.6,26.3,60.9443,0.2059
lxt,619,0,8,31.73,26.58,67.1666,0.4123
lxt,619,0,9,31.86,26.975,76.2941,0.4221
lxt,619,0,10,31.93,27.28,78.6905,0.204
lxt,619,0,11,31.96,27.48,84.2884,0.2009
lxt,619,0,12,31.98,27.675,83.9909,0.1911
lxt,619,0,13,31.99,27.86,90.0,0.18
lxt,619,0,14,31.99,28.045,90.0,0.19
lxt,619,0,15,31.98,28.235,96.0091,0.1911
lxt,619,0,16,31.96,28.43,95.7098,0.201
lxt,619,0,17,31.93,28.635,100.7834,0.2138
lxt,619,0,18,31.86,28.94,104.0375,0.4123
lxt,619,0,19,31.73,29.335,112.3054,0.4216
lxt,619,0,20,31.6,29.62,119.0557,0.2059
lxt,619,0,21,31.495,29.79,124.5025,0.1942
lxt,619,0,22,31.375,29.945,130.9215,0.1985
lxt,619,0,23,31.24,30.08,139.3997,0.1844
lxt,619,0,24,31.085,30.195,147.0838,0.2025
lxt,619,0,25,30.915,30.29,154.811,0.1879
lxt,619,0,26,30.73,30.35,168.6793,0.204
lxt,619,0,27,30.525,30.38,174.5709,0.2109
lxt,619,0,28,30.31,30.38,5.1837,0.2209
lxt,619,0,29,30.105,30.35,11.8999,0.1942
lxt,619,0,30,29.92,30.29,23.9508,0.197
lxt,619,0,31,29.75,30.195,34.5198,0.1942
lxt,619,0,32,29.6,30.08,40.6003,0.1844
lxt,619,0,33,29.465,29.945,49.0785,0.1985
lxt,619,0,34,29.34,29.79,53.1362,0.2
lxt,619,0,35,29.23,29.62,60.9443,0.2059
lxt,619,0,36,29.105,29.335,68.9633,0.4179
lxt,619,0,37,28.975,28.94,74.6223,0.4148
lxt,619,0,38,28.905,28.635,81.8706,0.2122
lxt,619,0,39,28.875,28.43,81.4701,0.2022
lxt,619,0,40,28.855,28.235,86.9872,0.1903
lxt,619,0,41,28.845,28.045,86.9872,0.1903
lxt,619,0,42,28.845,27.86,93.18,0.1803
lxt,619,0,43,28.855,27.675,93.0128,0.1903
lxt,619,0,44,28.875,27.48,98.5325,0.2022
lxt,619,0,45,28.905,27.28,98.5304,0.2022
lxt,619,0,46,28.975,26.975,105.0172,0.4245
lxt,619,0,47,29.11,26.58,112.8334,0.4123
lxt,619,0,48,29.24,26.3,119.0557,0.2059
lxt,619,0,49,29.345,26.13,124.5127,0.1941
lxt,619,0,50,29.465,25.98,132.8761,0.1911
lxt,619,0,51,29.6,25.845,137.1199,0.1911
lxt,619,0,52,29.75,25.73,148.0009,0.1887
lxt,619,0,53,29.92,25.64,156.033,0.197
lxt,619,0,54,30.105,25.58,168.1177,0.1942
lxt,619,0,55,30.31,25.55,174.8005,0.2209
lxt,619,1,0,30.495,29.875,176.1822,0.1503
lxt,619,1,1,30.635,29.845,158.9673,0.1393
lxt,619,1,2,30.76,29.79,153.4124,0.1342
lxt,619,1,3,30.875,29.715,140.7214,0.1421
lxt,619,1,4,31.025,29.555,129.5621,0.2983
lxt,619,1,5,31.19,29.3,116.5626,0.3131
lxt,619,1,6,31.31,29.005,107.8789,0.3257
lxt,619,1,7,31.395,28.69,102.3388,0.3276
lxt,619,1,8,31.45,28.38,97.5948,0.3026
lxt,619,1,9,31.475,28.095,92.121,0.2702
lxt,619,1,10,31.475,27.825,87.8785,0.2701
lxt,619,1,11,31.45,27.54,82.4068,0.3027
lxt,619,1,12,31.395,27.23,77.659,0.3275
lxt,619,1,13,31.31,26.915,72.1244,0.3258
lxt,619,1,14,31.19,26.62,63.4325,0.313
lxt,619,1,15,31.025,26.37,49.1889,0.2907
lxt,619,1,16,30.875,26.215,39.2786,0.1421
lxt,619,1,17,30.76,26.14,26.5643,0.1342
lxt,619,1,18,30.635,26.085,21.0327,0.1393
lxt,619,1,19,30.495,26.055,3.8178,0.1503
lxt,619,1,20,30.345,26.055,176.1822,0.1503
lxt,619,1,21,30.2,26.085,160.3508,0.1487
lxt,619,1,22,30.07,26.14,153.4357,0.1342
lxt,619,1,23,29.955,26.215,140.7214,0.1421
lxt,619,1,24,29.81,26.37,129.2854,0.2843
lxt,619,1,25,29.645,26.62,118.1812,0.3176
lxt,619,1,26,29.52,26.915,107.8756,0.3258
lxt,619,1,27,29.435,27.23,102.341,0.3275
lxt,619,1,28,29.385,27.54,95.7094,0.3015
lxt,619,1,29,29.36,27.825,94.2371,0.2707
lxt,619,1,30,29.36,28.095,85.7638,0.2708
lxt,619,1,31,29.385,28.38,84.2894,0.3015
lxt,619,1,32,29.435,28.69,77.6612,0.3276
lxt,619,1,33,29.52,29.005,72.1211,0.3257
lxt,619,1,34,29.645,29.3,61.824,0.3177
lxt,619,1,35,29.81,29.555,51.9505,0.292
lxt,619,1,36,29.955,29.715,39.2786,0.1421
lxt,619,1,37,30.07,29.79,26.5876,0.1342
lxt,619,1,38,30.2,29.845,19.6492,0.1487
lxt,619,1,39,30.345,29.875,3.8178,0.1503
lxt,620,0,0,33.665,27.78,58.2353,4.54
lxt,620,0,1,32.695,25.695,145.4377,0.5464
lxt,620,0,2,34.355,27.88,58.4814,5.4899
lxt,620,0,3,34.13,30.22,0.0,3.32
lxt,620,0,4,32.47,29.965,90.0,0.51
lxt,620,0,5,33.665,29.71,0.0,2.39
lxt,621,0,0,47.055,320.045,114.0071,1.3027
lxt,621,0,1,47.63,319.45,0.0,0.62
lxt,621,0,2,46.83,321.865,114.6847,5.3158
lxt,621,0,3,44.615,321.865,65.4133,5.3116
lxt,621,0,4,43.82,319.45,0.0,0.62
lxt,621,0,5,44.395,320.045,65.9929,1.3027
lxt,621,0,6,45.725,320.64,0.0,2.13
lxt,621,1,0,45.725,321.15,0.0,1.65
lxt,621,1,1,45.31,322.085,66.3224,2.0419
lxt,621,1,2,46.135,322.085,113.9341,2.0459
lxt,622,0,0,49.91,321.49,14.0356,0.2474
lxt,622,0,1,50.14,321.565,22.2484,0.2377
lxt,622,0,2,50.34,321.675,35.8386,0.222
lxt,622,0,3,50.51,321.82,45.0007,0.2263
lxt,622,0,4,50.655,321.995,55.6198,0.2302
lxt,622,0,5,50.765,322.195,66.8005,0.2285
lxt,622,0,6,50.84,322.41,74.7446,0.228
lxt,622,0,7,50.875,322.64,87.6144,0.2402
lxt,622,0,8,50.865,322.915,95.5274,0.3114
lxt,622,0,9,50.79,323.22,111.8007,0.3231
lxt,622,0,10,50.64,323.5,124.6942,0.3162
lxt,622,0,11,50.43,323.73,140.1968,0.3124
lxt,622,0,12,50.16,323.89,158.1993,0.3231
lxt,622,0,13,49.855,323.985,167.2744,0.3178
lxt,622,0,14,49.535,324.03,176.5337,0.3306
lxt,622,0,15,49.21,324.04,0.0,0.32
lxt,622,0,16,48.69,324.04,0.0,0.72
lxt,622,0,17,48.33,321.745,90.0,4.59
lxt,622,0,18,48.63,319.45,0.0,0.6
lxt,622,0,19,48.93,320.43,90.0,1.96
lxt,622,0,20,49.05,321.41,0.0,0.24
lxt,622,0,21,49.86,320.43,125.1483,2.3971
lxt,622,0,22,50.89,319.45,0.0,0.68
lxt,622,0,23,50.51,320.455,125.6183,2.4726
lxt,622,1,0,49.005,323.53,0.0,0.15
lxt,622,1,1,49.195,323.53,0.0,0.23
lxt,622,1,2,49.42,323.52,174.8006,0.2209
lxt,622,1,3,49.64,323.485,167.1986,0.2256
lxt,622,1,4,49.85,323.43,163.3015,0.2088
lxt,622,1,5,50.035,323.345,147.0913,0.2025
lxt,622,1,6,50.185,323.22,132.8815,0.191
lxt,622,1,7,50.295,323.06,116.566,0.2012
lxt,622,1,8,50.355,322.85,97.125,0.2419
lxt,622,1,9,50.355,322.61,82.8741,0.2419
lxt,622,1,10,50.3,322.4,66.0372,0.197
lxt,622,1,11,50.195,322.235,49.0842,0.1985
lxt,622,1,12,50.05,322.11,32.007,0.1887
lxt,622,1,13,49.875,322.025,20.2269,0.2025
lxt,622,1,14,49.675,321.965,13.3892,0.2159
lxt,622,1,15,49.455,321.93,4.9746,0.2309
lxt,622,1,16,49.23,321.92,0.0,0.22
lxt,622,1,17,49.025,321.92,0.0,0.19
lxt,622,1,18,48.93,322.725,90.0,1.61
lxt,623,0,0,52.91,319.45,0.0,2.5
lxt,623,0,1,54.16,319.705,90.0,0.51
lxt,623,0,2,53.21,319.96,0.0,1.9
lxt,623,0,3,52.26,320.855,90.0,1.79
lxt,623,0,4,53.185,321.75,0.0,1.85
lxt,623,0,5,54.11,322.005,90.0,0.51
lxt,623,0,6,53.185,322.26,0.0,1.85
lxt,623,0,7,52.26,322.895,90.0,1.27
lxt,623,0,8,53.21,323.53,0.0,1.9
lxt,623,0,9,54.16,323.785,90.0,0.51
lxt,623,0,10,52.91,324.04,0.0,2.5
lxt,623,0,11,51.66,321.745,90.0,4.59
lxt,624,0,0,57.885,320.045,114.0071,1.3027
lxt,624,0,1,58.46,319.45,0.0,0.62
lxt,624,0,2,57.665,321.865,114.5867,5.3116
lxt,624,0,3,55.45,321.865,65.3153,5.3158
lxt,624,0,4,54.65,319.45,0.0,0.62
lxt,624,0,5,55.225,320.045,65.9929,1.3027
lxt,624,0,6,56.555,320.64,0.0,2.13
lxt,624,1,0,56.555,321.15,0.0,1.65
lxt,624,1,1,56.145,322.085,66.0659,2.0459
lxt,624,1,2,56.97,322.085,113.6776,2.0419
lxt,625,0,0,42.25,329.22,14.0356,0.2474
lxt,625,0,1,42.48,329.295,22.2484,0.2377
lxt,625,0,2,42.685,329.405,34.381,0.2302
lxt,625,0,3,42.855,329.55,46.8487,0.2193
lxt,625,0,4,42.995,329.725,55.6198,0.2302
lxt,625,0,5,43.105,329.925,66.8005,0.2285
lxt,625,0,6,43.18,330.14,74.7446,0.228
lxt,625,0,7,43.22,330.37,85.237,0.2408
lxt,625,0,8,43.21,330.645,97.3519,0.3126
lxt,625,0,9,43.135,330.95,110.1353,0.3195
lxt,625,0,10,42.99,331.23,124.6942,0.3162
lxt,625,0,11,42.775,331.46,141.3428,0.3201
lxt,625,0,12,42.5,331.62,158.1993,0.3231
lxt,625,0,13,42.195,331.71,169.0464,0.3158
lxt,625,0,14,41.88,331.755,174.6444,0.3214
lxt,625,0,15,41.56,331.77,0.0,0.32
lxt,625,0,16,41.035,331.77,0.0,0.73
lxt,625,0,17,40.67,329.475,90.0,4.59
lxt,625,0,18,40.97,327.18,0.0,0.6
lxt,625,0,19,41.27,328.155,90.0,1.95
lxt,625,0,20,41.395,329.13,0.0,0.25
lxt,625,0,21,42.21,328.155,125.2866,2.3889
lxt,625,0,22,43.24,327.18,0.0,0.68
lxt,625,0,23,42.855,328.185,125.8063,2.4784
lxt,625,1,0,41.35,331.26,0.0,0.16
lxt,625,1,1,41.54,331.26,0.0,0.22
lxt,625,1,2,41.765,331.245,172.5689,0.2319
lxt,625,1,3,41.985,331.21,169.2134,0.2138
lxt,625,1,4,42.19,331.155,160.7082,0.2119
lxt,625,1,5,42.375,331.07,149.5332,0.1972
lxt,625,1,6,42.53,330.95,135.0031,0.198
lxt,625,1,7,42.645,330.79,116.566,0.2012
lxt,625,1,8,42.705,330.58,97.1241,0.2419
lxt,625,1,9,42.705,330.34,82.875,0.2419
lxt,625,1,10,42.65,330.125,67.1661,0.2062
lxt,625,1,11,42.545,329.96,47.1176,0.191
lxt,625,1,12,42.395,329.84,30.4673,0.1972
lxt,625,1,13,42.215,329.755,20.2269,0.2025
lxt,625,1,14,42.015,329.695,13.3892,0.2159
lxt,625,1,15,41.8,329.66,5.1995,0.2209
lxt,625,1,16,41.575,329.645,2.4844,0.2302
lxt,625,1,17,41.365,329.64,0.0,0.19
lxt,625,1,18,41.27,330.45,90.0,1.62
lxt,626,0,0,43.92,330.32,90.0,2.9
lxt,626,0,1,43.925,328.775,93.0122,0.1903
lxt,626,0,2,43.94,328.59,96.3406,0.1811
lxt,626,0,3,43.965,328.41,99.4619,0.1825
lxt,626,0,4,44.01,328.24,110.5584,0.1709
lxt,626,0,5,44.11,328.005,114.3025,0.3402
lxt,626,0,6,44.275,327.72,126.1607,0.322
lxt,626,0,7,44.495,327.485,139.9668,0.3265
lxt,626,0,8,44.765,327.3,151.1176,0.3312
lxt,626,0,9,44.99,327.195,162.64,0.1676
lxt,626,0,10,45.155,327.145,163.6141,0.1772
lxt,626,0,11,45.335,327.11,173.9851,0.1911
lxt,626,0,12,45.525,327.095,176.9935,0.1903
lxt,626,0,13,45.715,327.095,3.0066,0.1903
lxt,626,0,14,45.905,327.11,6.0148,0.1911
lxt,626,0,15,46.085,327.145,16.3859,0.1772
lxt,626,0,16,46.25,327.195,17.36,0.1676
lxt,626,0,17,46.475,327.3,28.8824,0.3312
lxt,626,0,18,46.745,327.485,40.0332,0.3265
lxt,626,0,19,46.965,327.72,53.8398,0.322
lxt,626,0,20,47.13,328.005,65.6975,0.3402
lxt,626,0,21,47.23,328.24,69.4404,0.1709
lxt,626,0,22,47.275,328.41,80.5393,0.1825
lxt,626,0,23,47.305,328.59,80.5365,0.1825
lxt,626,0,24,47.32,328.775,90.0,0.19
lxt,626,0,25,47.32,330.32,90.0,2.9
lxt,626,0,26,47.025,331.77,0.0,0.59
lxt,626,0,27,46.73,330.415,90.0,2.71
lxt,626,0,28,46.725,328.92,87.9541,0.2802
lxt,626,0,29,46.7,328.65,81.254,0.2631
lxt,626,0,30,46.645,328.395,74.3578,0.2596
lxt,626,0,31,46.555,328.16,63.4357,0.246
lxt,626,0,32,46.43,327.955,53.6154,0.236
lxt,626,0,33,46.265,327.79,36.3814,0.236
lxt,626,0,34,46.11,327.695,22.6275,0.13
lxt,626,0,35,45.985,327.65,17.106,0.136
lxt,626,0,36,45.85,327.62,8.1257,0.1414
lxt,626,0,37,45.7,327.605,3.5798,0.1603
lxt,626,0,38,45.54,327.605,176.4202,0.1603
lxt,626,0,39,45.39,327.62,171.8743,0.1414
lxt,626,0,40,45.255,327.65,162.894,0.136
lxt,626,0,41,45.135,327.695,155.5483,0.1208
lxt,626,0,42,44.98,327.79,145.0111,0.2441
lxt,626,0,43,44.81,327.955,126.3839,0.236
lxt,626,0,44,44.685,328.16,116.5651,0.246
lxt,626,0,45,44.595,328.395,105.6422,0.2596
lxt,626,0,46,44.545,328.65,96.5814,0.2617
lxt,626,0,47,44.52,328.92,94.0857,0.2807
lxt,626,0,48,44.51,330.415,90.0,2.71
lxt,626,0,49,44.215,331.77,0.0,0.59
lxt,627,0,0,48.4,327.18,0.0,0.6
lxt,627,0,1,48.7,328.91,90.0,3.46
lxt,627,0,2,50.4,328.815,132.9691,4.9882
lxt,627,0,3,52.1,329.38,90.0,4.78
lxt,627,0,4,51.805,331.77,0.0,0.59
lxt,627,0,5,51.51,330.095,90.0,3.35
lxt,627,0,6,49.805,330.205,133.6868,4.9369
lxt,627,0,7,48.1,329.585,90.0,4.81
lxt,628,0,0,52.83,329.175,90.0,0.43
lxt,628,0,1,53.51,328.96,0.0,1.36
lxt,628,0,2,54.19,329.175,90.0,0.43
lxt,628,0,3,53.51,329.39,0.0,1.36
lxt,629,0,0,54.87,330.32,90.0,2.9
lxt,629,0,1,54.87,328.775,90.0,0.19
lxt,629,0,2,54.885,328.59,99.4623,0.1825
lxt,629,0,3,54.915,328.41,99.4619,0.1825
lxt,629,0,4,54.955,328.24,107.3565,0.1676
lxt,629,0,5,55.055,328.005,115.8186,0.3444
lxt,629,0,6,55.225,327.72,126.1607,0.322
lxt,629,0,7,55.445,327.485,139.9668,0.3265
lxt,629,0,8,55.715,327.3,151.1176,0.3312
lxt,629,0,9,55.94,327.195,162.64,0.1676
lxt,629,0,10,56.105,327.145,163.6141,0.1772
lxt,629,0,11,56.285,327.11,173.9851,0.1911
lxt,629,0,12,56.475,327.095,176.9935,0.1903
lxt,629,0,13,56.665,327.095,3.0066,0.1903
lxt,629,0,14,56.85,327.11,6.3463,0.1811
lxt,629,0,15,57.03,327.145,15.5205,0.1868
lxt,629,0,16,57.2,327.195,17.36,0.1676
lxt,629,0,17,57.425,327.3,28.8824,0.3312
lxt,629,0,18,57.69,327.485,41.1891,0.3189
lxt,629,0,19,57.91,327.72,52.4291,0.328
lxt,629,0,20,58.08,328.005,65.6975,0.3402
lxt,629,0,21,58.175,328.24,72.6435,0.1676
lxt,629,0,22,58.22,328.41,77.4725,0.1844
lxt,629,0,23,58.25,328.59,83.6594,0.1811
lxt,629,0,24,58.265,328.775,86.9866,0.1903
lxt,629,0,25,58.27,330.32,90.0,2.9
lxt,629,0,26,57.975,331.77,0.0,0.59
lxt,629,0,27,57.68,330.415,90.0,2.71
lxt,629,0,28,57.67,328.92,85.9143,0.2807
lxt,629,0,29,57.645,328.65,83.4177,0.2617
lxt,629,0,30,57.595,328.395,74.3578,0.2596
lxt,629,0,31,57.505,328.16,63.4349,0.246
lxt,629,0,32,57.38,327.955,53.6161,0.236
lxt,629,0,33,57.21,327.79,34.9894,0.2441
lxt,629,0,34,57.055,327.695,24.4517,0.1208
lxt,629,0,35,56.935,327.65,17.106,0.136
lxt,629,0,36,56.8,327.62,8.1257,0.1414
lxt,629,0,37,56.65,327.605,3.5798,0.1603
lxt,629,0,38,56.49,327.605,176.4202,0.1603
lxt,629,0,39,56.34,327.62,171.8743,0.1414
lxt,629,0,40,56.205,327.65,162.894,0.136
lxt,629,0,41,56.08,327.695,157.3725,0.13
lxt,629,0,42,55.925,327.79,143.6191,0.236
lxt,629,0,43,55.755,327.955,128.2894,0.2421
lxt,629,0,44,55.63,328.16,114.4443,0.2417
lxt,629,0,45,55.545,328.395,105.6422,0.2596
lxt,629,0,46,55.49,328.65,98.746,0.2631
lxt,629,0,47,55.465,328.92,92.0451,0.2802
lxt,629,0,48,55.46,330.415,90.0,2.71
lxt,629,0,49,55.165,331.77,0.0,0.59
lxt,630,0,0,59.82,329.13,0.0,0.34
lxt,630,0,1,60.155,329.14,3.4663,0.3306
lxt,630,0,2,60.47,329.18,11.3094,0.3059
lxt,630,0,3,60.755,329.255,18.44,0.2846
lxt,630,0,4,61.01,329.37,30.2538,0.2778
lxt,630,0,5,61.23,329.53,41.9859,0.2691
lxt,630,0,6,61.405,329.735,56.8896,0.2746
lxt,630,0,7,61.505,329.915,68.9635,0.1393
lxt,630,0,8,61.55,330.055,75.069,0.1552
lxt,630,0,9,61.585,330.21,79.3797,0.1628
lxt,630,0,10,61.605,330.375,86.6338,0.1703
lxt,630,0,11,61.6,330.605,93.9452,0.2907
lxt,630,0,12,61.555,330.88,105.0679,0.2693
lxt,630,0,13,61.46,331.125,117.5546,0.2594
lxt,630,0,14,61.31,331.335,133.4515,0.2617
lxt,630,0,15,61.16,331.47,146.304,0.1442
lxt,630,0,16,61.035,331.54,155.2259,0.1432
lxt,630,0,17,60.89,331.6,159.4447,0.1709
lxt,630,0,18,60.725,331.655,163.6141,0.1772
lxt,630,0,19,60.545,331.7,168.109,0.1942
lxt,630,0,20,60.34,331.735,172.2351,0.222
lxt,630,0,21,60.115,331.76,175.0255,0.2309
lxt,630,0,22,59.87,331.77,0.0,0.26
lxt,630,0,23,59.395,331.77,0.0,0.69
lxt,630,0,24,59.05,329.475,90.0,4.59
lxt,630,0,25,59.35,327.18,0.0,0.6
lxt,630,0,26,59.65,328.155,90.0,1.95
lxt,630,1,0,59.73,331.26,0.0,0.16
lxt,630,1,1,59.92,331.26,0.0,0.22
lxt,630,1,2,60.14,331.25,174.8005,0.2209
lxt,630,1,3,60.36,331.22,169.7007,0.2236
lxt,630,1,4,60.57,331.165,160.7082,0.2119
lxt,630,1,5,60.755,331.08,149.5327,0.1972
lxt,630,1,6,60.91,330.96,135.0039,0.198
lxt,630,1,7,61.005,330.85,121.9995,0.0944
lxt,630,1,8,61.045,330.76,106.6976,0.1044
lxt,630,1,9,61.075,330.655,105.2565,0.114
lxt,630,1,10,61.095,330.535,94.3995,0.1304
lxt,630,1,11,61.095,330.405,85.6005,0.1304
lxt,630,1,12,61.08,330.285,79.6936,0.1118
lxt,630,1,13,61.05,330.18,68.2012,0.1077
lxt,630,1,14,61.005,330.085,60.9448,0.103
lxt,630,1,15,60.92,329.965,51.3384,0.1921
lxt,630,1,16,60.775,329.84,30.4673,0.1972
lxt,630,1,17,60.595,329.755,20.2266,0.2025
lxt,630,1,18,60.395,329.695,13.3894,0.2159
lxt,630,1,19,60.175,329.66,4.9746,0.2309
lxt,630,1,20,59.95,329.645,2.5972,0.2202
lxt,630,1,21,59.745,329.64,0.0,0.19
lxt,630,1,22,59.65,330.45,90.0,1.62
lxt,631,0,0,282.81,261.035,90.0,23.63
lxt,631,0,1,293.62,249.185,179.8145,21.6201
lxt,631,0,2,304.43,260.965,90.0,23.63
lxt,631,0,3,293.62,272.815,179.8145,21.6201
lxt,632,0,0,8.85,358.4512,0.0,7.7
lxt,632,0,1,8.85,358.4512,0.0,7.7
lxt,633,0,0,5.0,298.7256,90.0,119.4512
lxt,633,0,1,8.85,239.0,0.0,7.7
lxt,633,0,2,12.7,298.7256,90.0,119.4512
lxt,633,0,3,8.85,358.4512,0.0,7.7
lxt,634,0,0,378.21,239.0,0.0,7.7
lxt,634,0,1,378.21,239.0,0.0,7.7
lxt,635,0,0,382.06,298.7256,90.0,119.4512
lxt,635,0,1,378.56,358.4512,0.0,7.0
lxt,635,0,2,375.06,298.7256,90.0,119.4512
lxt,635,0,3,378.56,239.0,0.0,7.0
