airport,object_id,subpath_index,edge_index,mid_x,mid_y,angle,length
oar,0,0,0,314.135,313.365,147.3482,5.3565
oar,0,0,1,311.01,303.61,57.0804,19.799
oar,0,0,2,301.335,298.055,147.3221,10.2053
oar,0,0,3,296.23,304.54,102.252,7.6339
oar,0,0,4,295.345,308.61,102.4387,0.6964
oar,0,0,5,295.15,309.275,110.2675,0.6929
oar,0,0,6,294.875,309.895,117.7185,0.6665
oar,0,0,7,294.53,310.455,125.6402,0.6522
oar,0,0,8,294.115,310.945,135.0,0.6364
oar,0,0,9,293.645,311.35,143.6955,0.6081
oar,0,0,10,293.135,311.66,153.8681,0.5903
oar,0,0,11,291.79,312.485,147.2383,2.5686
oar,0,0,12,289.905,313.59,153.0091,1.8068
oar,0,0,13,290.35,315.77,54.7698,4.3338
oar,0,0,14,294.915,315.665,150.507,7.6171
oar,0,0,15,302.865,312.395,163.2497,9.6807
oar,1,0,0,181.8,374.485,57.1533,3.3924
oar,1,0,1,180.555,373.265,147.7577,0.7685
oar,1,0,2,180.075,373.57,147.1717,0.3689
oar,1,0,3,143.77,396.88,147.2976,85.9192
oar,1,0,4,106.155,421.025,147.4528,3.4759
oar,1,0,5,105.6,423.365,57.0694,3.3479
oar,1,0,6,107.985,423.855,148.187,3.4715
oar,2,0,0,112.185,451.91,57.0853,14.9616
oar,2,0,1,106.61,446.6,147.284,3.5894
oar,2,0,2,106.31,449.435,57.0247,4.4463
oar,2,0,3,109.98,455.1,57.0823,9.0535
oar,2,0,4,112.835,459.51,57.075,1.4534
oar,2,0,5,113.675,459.835,147.3628,1.0569
oar,2,0,6,115.185,458.87,147.4418,2.5272
oar,3,0,0,268.485,162.76,56.451,3.3837
oar,3,0,1,287.705,152.435,147.3084,43.4535
oar,3,0,2,316.865,157.5,57.0842,40.0253
oar,3,0,3,328.555,175.555,56.9999,2.9928
oar,3,0,4,337.775,189.795,57.0856,30.9357
oar,3,0,5,347.425,204.7,57.0392,4.5766
oar,3,0,6,349.46,207.84,57.075,2.9069
oar,3,0,7,351.675,208.145,147.2952,3.3869
oar,3,0,8,352.31,206.01,57.0755,2.9069
oar,3,0,9,350.275,202.87,57.0392,4.5766
oar,3,0,10,328.02,168.49,57.0867,77.3323
oar,4,0,0,271.725,213.69,147.385,72.4316
oar,4,0,1,315.8,185.49,147.3951,32.2172
oar,4,0,2,328.555,175.555,57.0002,2.9928
oar,4,0,3,316.52,181.485,147.3656,26.6468
oar,4,0,4,270.135,211.165,147.393,83.489
oar,4,0,5,233.67,234.495,147.2874,3.0901
oar,4,0,6,233.18,236.58,57.0566,2.979
oar,5,0,0,216.625,224.61,147.9051,3.3877
oar,5,0,1,219.325,231.9,57.0929,15.2224
oar,5,0,2,224.86,237.39,147.265,3.3287
oar,6,0,0,232.055,245.44,61.5571,0.8188
oar,6,0,1,231.72,244.68,70.7098,0.8476
oar,6,0,2,231.495,243.855,78.6903,0.8668
oar,6,0,3,231.385,243.0,86.6725,0.8615
oar,6,0,4,231.39,242.135,93.945,0.8721
oar,6,0,5,231.51,241.28,102.0953,0.8591
oar,6,0,6,231.75,240.465,110.7931,0.845
oar,6,0,7,232.1,239.71,119.0551,0.8237
oar,6,0,8,232.545,239.04,128.3198,0.7902
oar,6,0,9,233.075,238.475,138.1814,0.7648
oar,6,0,10,233.675,238.025,148.2398,0.741
oar,6,0,11,233.18,236.58,57.0566,2.979
oar,6,0,12,230.915,236.26,147.414,3.4536
oar,6,0,13,229.26,237.295,152.302,0.4518
oar,6,0,14,228.85,237.46,164.0552,0.4368
oar,6,0,15,228.42,237.54,174.8045,0.4418
oar,6,0,16,227.985,237.535,6.635,0.4329
oar,6,0,17,227.555,237.445,16.8217,0.4492
oar,6,0,18,227.145,237.27,29.4276,0.4478
oar,6,0,19,226.765,237.01,39.0347,0.4763
oar,6,0,20,226.42,236.675,49.1436,0.4892
oar,6,0,21,224.86,237.39,147.2648,3.3286
oar,6,0,22,223.61,238.525,57.4511,0.5576
oar,6,0,23,224.255,239.48,55.4914,1.7475
oar,6,0,24,227.13,243.88,57.1078,8.7651
oar,7,0,0,349.46,207.84,57.0755,2.9069
oar,7,0,1,345.51,208.65,147.2832,7.5117
oar,7,0,2,326.87,220.615,147.3078,36.7877
oar,7,0,3,281.405,249.79,147.3136,71.2539
oar,7,0,4,252.21,270.25,57.0753,2.9069
oar,7,0,5,298.465,242.295,147.3116,108.0416
oar,8,0,0,243.565,263.275,57.0885,18.1653
oar,8,0,1,235.44,250.725,57.0682,11.7357
oar,8,0,2,230.88,246.68,147.2858,3.2566
oar,8,0,3,235.885,257.4,57.0622,23.4492
oar,8,0,4,244.01,269.95,57.1475,6.4519
oar,9,0,0,251.845,276.035,61.8584,0.4876
oar,9,0,1,251.645,275.58,70.4982,0.5092
oar,9,0,2,251.51,275.085,78.9058,0.5197
oar,9,0,3,251.445,274.57,86.6982,0.5209
oar,9,0,4,251.45,274.05,94.3981,0.5215
oar,9,0,5,251.525,273.54,102.4075,0.512
oar,9,0,6,251.665,273.05,109.5018,0.5092
oar,9,0,7,251.87,272.595,119.1686,0.4924
oar,9,0,8,252.135,272.195,128.09,0.4701
oar,9,0,9,252.45,271.855,137.6425,0.4601
oar,9,0,10,252.81,271.585,148.8131,0.4442
oar,9,0,11,252.21,270.25,57.0755,2.9069
oar,9,0,12,249.96,269.965,147.3642,3.4675
oar,9,0,13,247.13,271.78,147.2857,3.2566
oar,9,0,14,246.13,273.235,57.2398,1.3675
oar,9,0,15,247.86,275.91,57.0722,5.0038
oar,9,0,16,250.59,277.13,147.2858,3.2566
oar,10,0,0,320.46,318.21,57.0947,14.9839
oar,10,0,1,314.135,313.365,147.3483,5.3565
oar,10,0,2,313.175,315.94,41.1077,3.4374
oar,10,0,3,316.545,322.685,69.7184,11.9723
oar,11,0,0,226.05,346.085,57.1533,3.3924
oar,11,0,1,224.96,344.765,148.2975,0.3996
oar,11,0,2,224.64,344.95,151.9272,0.34
oar,11,0,3,224.33,345.08,162.6478,0.3353
oar,11,0,4,224.01,345.145,174.6443,0.3214
oar,11,0,5,223.685,345.14,6.91,0.3324
oar,11,0,6,223.36,345.07,17.3546,0.3353
oar,11,0,7,223.055,344.935,30.3794,0.3361
oar,11,0,8,222.77,344.74,38.1575,0.3561
oar,11,0,9,222.51,344.495,48.3647,0.3612
oar,11,0,10,222.27,344.17,57.7241,0.4495
oar,11,0,11,220.055,345.325,147.2992,4.9792
oar,11,0,12,218.085,346.855,55.9537,0.4465
oar,11,0,13,218.265,347.15,63.4349,0.246
oar,11,0,14,218.365,347.38,69.4452,0.2563
oar,11,0,15,218.435,347.625,78.6894,0.255
oar,11,0,16,218.47,347.88,85.6036,0.2608
oar,11,0,17,218.47,348.14,94.3964,0.2608
oar,11,0,18,218.43,348.4,102.9968,0.2668
oar,11,0,19,218.355,348.645,111.3702,0.247
oar,11,0,20,218.25,348.87,118.6093,0.2506
oar,11,0,21,218.12,349.075,126.3839,0.236
oar,11,0,22,217.965,349.245,138.5772,0.2267
oar,11,0,23,217.785,349.375,149.9316,0.2195
oar,11,0,24,217.425,349.6,147.3197,0.6297
oar,11,0,25,218.085,351.195,57.0117,3.3978
oar,12,0,0,218.72,338.69,57.0409,12.6094
oar,12,0,1,213.425,330.51,57.1648,6.8791
oar,12,0,2,209.465,328.965,147.2993,4.9792
oar,12,0,3,212.665,338.49,57.0846,19.4884
oar,13,0,0,188.535,374.09,63.4349,0.246
oar,13,0,1,188.435,373.86,69.4452,0.2563
oar,13,0,2,188.365,373.615,78.6894,0.255
oar,13,0,3,188.33,373.36,85.6003,0.2608
oar,13,0,4,188.33,373.1,94.3997,0.2608
oar,13,0,5,188.37,372.845,103.4952,0.2571
oar,13,0,6,188.445,372.6,110.5548,0.2563
oar,13,0,7,188.55,372.375,119.748,0.2419
oar,13,0,8,188.68,372.175,126.3839,0.236
oar,13,0,9,188.835,372.005,138.5743,0.2267
oar,13,0,10,189.015,371.87,147.7257,0.2247
oar,13,0,11,189.28,371.705,148.2975,0.3996
oar,13,0,12,188.525,370.175,57.0113,3.3978
oar,13,0,13,187.435,368.855,147.53,0.3911
oar,13,0,14,187.115,369.04,152.6997,0.3489
oar,13,0,15,186.8,369.165,164.2916,0.3324
oar,13,0,16,186.475,369.225,174.8058,0.3314
oar,13,0,17,186.145,369.22,6.91,0.3324
oar,13,0,18,185.825,369.15,17.8799,0.3257
oar,13,0,19,185.52,369.015,29.5383,0.3448
oar,13,0,20,185.23,368.815,39.4003,0.3623
oar,13,0,21,183.55,369.69,147.2648,3.6615
oar,13,0,22,182.045,370.795,73.0716,0.2404
oar,13,0,23,182.1,371.035,80.9112,0.2532
oar,13,0,24,182.12,371.285,90.0,0.25
oar,13,0,25,182.11,371.535,94.5749,0.2508
oar,13,0,26,182.07,371.78,104.0362,0.2474
oar,13,0,27,181.995,372.015,111.3702,0.247
oar,13,0,28,181.89,372.23,120.9612,0.2332
oar,13,0,29,181.76,372.42,127.876,0.228
oar,13,0,30,181.605,372.58,140.5299,0.2202
oar,13,0,31,181.43,372.705,148.5693,0.2109
oar,13,0,32,181.11,372.91,146.8888,0.5492
oar,13,0,33,181.8,374.485,57.153,3.3924
oar,13,0,34,182.95,375.765,147.77,0.5438
oar,13,0,35,183.335,375.54,152.6997,0.3489
oar,13,0,36,183.645,375.41,162.1235,0.3257
oar,13,0,37,183.965,375.345,174.8056,0.3313
oar,13,0,38,184.29,375.35,7.1237,0.3225
oar,13,0,39,184.61,375.42,17.3554,0.3353
oar,13,0,40,184.92,375.555,29.5383,0.3448
oar,13,0,41,185.205,375.75,39.1734,0.3483
oar,13,0,42,185.46,375.995,48.3647,0.3612
oar,14,0,0,193.095,381.16,57.0862,16.5815
oar,14,0,1,187.085,375.165,147.3324,3.5756
oar,14,0,2,190.085,383.09,57.0862,16.5815
oar,15,0,0,184.98,368.57,49.7629,0.3406
oar,15,0,1,179.39,359.975,57.0822,20.168
oar,15,0,2,171.94,348.475,57.0126,7.2366
oar,15,0,3,168.465,346.405,147.3324,3.5756
oar,15,0,4,174.41,358.875,57.0751,27.413
oar,15,0,5,181.9,370.45,60.2571,0.1613
oar,15,0,6,181.975,370.6,66.3715,0.1746
oar,16,0,0,188.525,370.175,57.0114,3.3978
oar,16,0,1,204.23,362.11,147.2961,35.1288
oar,16,0,2,218.085,351.195,57.0113,3.3978
oar,17,0,0,103.39,438.105,68.0327,1.2832
oar,17,0,1,102.975,436.885,74.3578,1.2981
oar,17,0,2,102.695,435.61,80.8239,1.3169
oar,17,0,3,102.55,434.295,86.5577,1.3324
oar,17,0,4,102.54,432.97,92.6028,1.3214
oar,17,0,5,102.665,431.655,98.2523,1.3237
oar,17,0,6,102.93,430.37,105.1012,1.3051
oar,17,0,7,103.33,429.14,110.9735,1.2851
oar,17,0,8,103.85,427.98,117.3779,1.2613
oar,17,0,9,104.485,426.915,124.3396,1.2232
oar,17,0,10,105.23,425.965,131.9518,1.1967
oar,17,0,11,106.07,425.145,139.5599,1.1562
oar,17,0,12,105.6,423.365,57.0695,3.3479
oar,17,0,13,101.125,424.25,147.2851,8.4743
oar,17,0,14,97.4,426.6,159.4423,0.3418
oar,17,0,15,97.07,426.685,171.6362,0.3437
oar,17,0,16,96.73,426.7,3.3647,0.3406
oar,17,0,17,96.395,426.645,15.2569,0.3421
oar,17,0,18,96.07,426.52,26.5634,0.3578
oar,17,0,19,95.765,426.33,37.1848,0.364
oar,17,0,20,95.495,426.08,48.2396,0.3754
oar,17,0,21,95.46,426.08,57.2646,0.3329
oar,17,0,22,94.045,427.19,147.1975,3.581
oar,17,0,23,96.58,434.4,57.0795,14.8673
oar,18,0,0,83.715,407.94,55.0097,0.1221
oar,18,0,1,82.175,408.855,147.3321,3.5756
oar,18,0,2,86.605,418.99,57.0883,21.8461
oar,18,0,3,94.045,427.19,147.1975,3.581
oar,18,0,4,95.46,426.08,57.2646,0.3329
oar,18,0,5,91.305,419.665,57.0645,14.9532
oar,19,0,0,105.875,442.165,57.0605,8.2574
oar,19,0,1,102.125,439.67,147.1977,3.581
oar,19,0,2,102.86,444.105,57.1188,8.252
oar,20,0,0,207.135,399.71,170.0489,0.5787
oar,20,0,1,206.56,399.75,1.9754,0.5803
oar,20,0,2,205.99,399.67,14.0359,0.5772
oar,20,0,3,205.44,399.47,25.7111,0.5993
oar,20,0,4,205.02,399.235,34.9907,0.3662
oar,20,0,5,204.735,398.995,45.0,0.3818
oar,20,0,6,204.48,398.705,52.2541,0.392
oar,20,0,7,203.82,397.72,56.9519,1.9804
oar,20,0,8,200.44,392.505,57.0704,10.4487
oar,20,0,9,196.095,389.085,147.3324,3.5756
oar,20,0,10,197.43,394.435,57.0704,10.4487
oar,20,0,11,200.805,399.69,58.4109,2.0427
oar,20,0,12,201.42,400.71,61.9272,0.34
oar,20,0,13,201.56,401.025,70.0177,0.3511
oar,20,0,14,201.655,401.365,78.6891,0.3569
oar,20,0,15,201.705,401.72,85.2366,0.3612
oar,20,0,16,201.705,402.1,94.289,0.4011
oar,20,0,17,201.65,402.495,101.5925,0.3981
oar,20,0,18,201.55,402.88,107.5247,0.3985
oar,20,0,19,201.405,403.24,116.5671,0.3801
oar,20,0,20,201.21,403.565,125.3628,0.3801
oar,21,0,0,276.88,318.37,150.2746,7.3007
oar,21,0,1,279.205,315.805,41.7806,2.2663
oar,21,0,2,277.295,314.095,41.883,2.8609
oar,21,0,3,275.3,311.82,54.8336,3.2294
oar,21,0,4,274.155,310.195,54.8205,0.7463
oar,21,0,5,271.575,311.405,147.3568,5.6173
oar,21,0,6,269.37,313.405,71.7421,1.0214
oar,21,0,7,268.975,314.465,133.9866,1.5983
oar,21,0,8,270.27,317.895,57.0573,6.804
oar,22,0,0,272.8,308.28,54.6987,3.9455
oar,22,0,1,261.81,291.46,57.0729,36.2418
oar,22,0,2,250.59,277.13,147.2858,3.2566
oar,22,0,3,250.465,279.93,57.039,4.5766
oar,22,0,4,256.26,288.88,57.088,16.7479
oar,22,0,5,264.18,301.87,60.5147,13.6936
oar,22,0,6,268.38,310.375,71.9373,5.3538
oar,23,0,0,270.27,317.895,57.0572,6.804
oar,23,0,1,267.065,316.45,133.8606,3.9111
oar,23,0,2,260.96,321.245,144.525,11.6655
oar,23,0,3,255.67,325.015,144.513,1.3264
oar,23,0,4,240.13,335.03,147.2995,35.6504
oar,23,0,5,226.05,346.085,57.1529,3.3924
oar,23,0,6,241.97,337.885,147.3131,35.6449
oar,23,0,7,261.86,325.465,150.2488,11.2648
oar,24,0,0,268.485,162.76,56.451,3.3837
oar,24,0,1,263.675,163.84,147.2759,9.2121
oar,24,0,2,260.72,167.745,56.9689,3.3756
oar,25,0,0,290.35,315.77,54.7698,4.3338
oar,25,0,1,287.81,314.66,152.9042,2.8981
oar,25,0,2,283.65,316.275,161.595,6.0495
oar,25,0,3,280.415,316.895,42.5473,0.9909
oar,25,0,4,276.88,318.37,150.2744,7.3007
oar,25,0,5,274.215,320.625,41.3862,1.3462
oar,25,0,6,275.265,321.435,33.8117,1.3119
oar,25,0,7,276.38,322.085,26.5638,1.2746
oar,25,0,8,277.545,322.565,18.1462,1.2523
oar,25,0,9,278.75,322.87,10.2222,1.2397
oar,25,0,10,279.98,323.0,1.848,1.2406
oar,25,0,11,281.215,322.95,173.5059,1.238
oar,25,0,12,282.43,322.72,165.068,1.2419
oar,25,0,13,283.615,322.31,156.8608,1.2724
oar,25,0,14,284.755,321.725,148.885,1.2965
oar,25,0,15,287.23,320.16,147.3554,4.5604
oar,26,0,0,302.46,184.265,57.1893,10.4823
oar,26,0,1,264.455,202.36,147.3872,83.4944
oar,26,0,2,232.13,229.26,57.1595,10.4739
oar,27,0,0,271.725,213.69,147.385,72.4316
oar,27,0,1,244.075,237.63,57.1405,10.5238
oar,27,0,2,277.465,222.575,147.4706,72.4337
oar,28,0,0,281.405,249.79,147.3136,71.2539
oar,28,0,1,306.455,222.925,57.0885,18.1653
oar,28,0,2,270.075,235.475,147.3159,74.7213
oar,28,0,3,243.565,263.275,57.0885,18.1653
oar,29,0,0,235.885,257.4,57.0622,23.4492
oar,29,0,1,227.13,243.88,57.1078,8.7651
oar,29,0,2,224.255,239.48,55.4914,1.7475
oar,29,0,3,216.3,243.535,147.3774,17.7147
oar,29,0,4,209.905,249.98,57.4733,3.9614
oar,29,0,5,209.53,252.565,147.5677,3.4122
oar,29,0,6,210.54,257.31,57.3935,9.0932
oar,29,0,7,216.77,258.745,147.6417,8.9497
oar,29,0,8,223.09,260.32,57.3889,9.426
oar,29,0,9,226.175,263.935,146.9213,1.3009
oar,29,0,10,229.835,268.4,57.1269,11.4779
oar,30,0,0,267.095,177.555,56.9845,20.0233
oar,30,0,1,260.72,167.745,56.9689,3.3756
oar,30,0,2,253.62,156.825,56.9687,22.6749
oar,30,0,3,226.855,160.59,147.1924,48.9831
oar,30,0,4,218.825,193.175,56.9756,46.0737
oar,30,0,5,234.025,210.785,147.1936,6.2938
oar,30,0,6,254.61,197.515,147.1922,42.6892
oar,31,0,0,220.34,222.285,147.9945,5.3774
oar,31,0,1,220.75,217.9,57.7171,7.0024
oar,31,0,2,210.0,200.89,57.7059,33.242
oar,31,0,3,199.795,184.795,57.06,4.8735
oar,31,0,4,194.325,184.315,159.3155,8.8612
oar,31,0,5,187.27,187.745,147.3443,6.9127
oar,31,0,6,184.915,190.47,57.1639,2.0471
oar,31,0,7,192.57,202.285,57.0525,26.1092
oar,31,0,8,199.99,212.985,141.449,0.8184
oar,31,0,9,204.335,219.1,57.7125,15.0702
oar,31,0,10,210.725,223.99,147.9617,5.5798
oar,31,0,11,214.07,224.055,57.613,3.6592
oar,31,0,12,215.12,225.555,147.2569,0.1664
oar,31,0,13,216.625,224.61,147.9051,3.3877
oar,32,0,0,102.86,444.105,57.1187,8.252
oar,32,0,1,96.58,434.4,57.0796,14.8673
oar,32,0,2,92.57,428.275,75.3804,0.2377
oar,32,0,3,92.62,428.51,80.5371,0.2433
oar,32,0,4,92.645,428.755,87.7089,0.2502
oar,32,0,5,92.635,429.0,97.1264,0.2419
oar,32,0,6,92.59,429.24,104.0354,0.2474
oar,32,0,7,92.52,429.47,109.9847,0.2341
oar,32,0,8,92.425,429.68,118.8113,0.2283
oar,32,0,9,92.3,429.87,127.8736,0.228
oar,32,0,10,92.15,430.035,136.8452,0.2193
oar,32,0,11,91.985,430.17,144.7832,0.2081
oar,32,0,12,90.755,431.01,145.7365,2.7709
oar,32,0,13,89.255,432.045,144.3105,0.8742
oar,32,0,14,88.59,432.63,133.2097,0.9055
oar,32,0,15,88.01,433.345,125.0418,0.9405
oar,32,0,16,87.53,434.165,115.7694,0.9661
oar,32,0,17,87.17,435.075,107.5258,0.9962
oar,32,0,18,86.93,436.045,100.3048,1.0062
oar,32,0,19,86.82,437.05,92.2454,1.0208
oar,32,0,20,86.85,438.065,84.3461,1.0149
oar,32,0,21,87.015,439.055,76.6606,0.9969
oar,32,0,22,87.305,440.0,69.1715,0.9843
oar,32,0,23,89.345,443.42,57.7863,6.9971
oar,32,0,24,91.465,446.625,43.8544,0.7073
oar,32,0,25,92.0,447.065,34.8545,0.6824
oar,32,0,26,92.58,447.405,25.7956,0.6664
oar,32,0,27,93.19,447.64,16.1898,0.6456
oar,32,0,28,98.52,448.81,12.1415,10.2697
oar,32,0,29,104.09,450.005,11.8097,1.1238
oar,32,0,30,105.04,450.22,14.0361,0.8246
oar,32,0,31,105.835,450.47,20.7943,0.845
oar,32,0,32,106.605,450.805,26.2584,0.8363
oar,32,0,33,107.25,451.145,29.8588,0.6227
oar,33,0,0,240.13,335.03,147.2995,35.6504
oar,33,0,1,255.67,325.015,144.5126,1.3264
oar,33,0,2,252.23,318.305,57.8199,14.946
oar,33,0,3,244.405,314.625,145.4756,9.3338
oar,33,0,4,236.18,320.065,147.4569,10.3916
oar,33,0,5,231.21,323.235,147.5601,1.3982
oar,33,0,6,223.72,328.01,147.4752,16.367
oar,33,0,7,216.055,332.905,147.095,1.8224
oar,33,0,8,218.72,338.69,57.0409,12.6094
oar,33,0,9,222.27,344.17,57.7247,0.4494
oar,33,0,10,222.51,344.495,48.3663,0.3613
oar,33,0,11,222.77,344.74,38.1575,0.3561
oar,33,0,12,223.055,344.935,30.3781,0.3362
oar,33,0,13,223.36,345.07,17.3554,0.3353
oar,33,0,14,223.685,345.14,6.91,0.3324
oar,33,0,15,224.01,345.145,174.6443,0.3214
oar,33,0,16,224.33,345.08,162.6454,0.3353
oar,33,0,17,224.64,344.95,151.9295,0.34
oar,34,0,0,209.465,328.965,147.2993,4.9792
oar,34,0,1,213.425,330.51,57.1647,6.879
oar,34,0,2,216.055,332.905,147.095,1.8224
oar,34,0,3,215.645,330.585,57.2252,4.3411
oar,34,0,4,221.37,324.36,147.475,16.367
oar,34,0,5,228.86,319.585,147.5604,1.3982
oar,34,0,6,233.835,316.415,147.4866,10.4
oar,34,0,7,239.39,315.445,57.3362,4.3357
oar,34,0,8,244.405,314.625,145.4758,9.3338
oar,34,0,9,245.54,307.68,57.7795,10.1655
oar,34,0,10,226.86,313.35,148.0236,37.6532
oar,34,0,11,209.26,320.73,57.816,6.1205
oar,34,0,12,206.82,318.645,148.0579,1.9091
oar,34,0,13,203.885,315.77,57.8425,7.985
oar,34,0,14,198.25,306.82,57.7824,13.1674
oar,34,0,15,187.07,306.04,148.0148,18.0857
oar,34,0,16,184.18,318.46,57.9339,18.0073
oar,34,0,17,190.69,325.02,148.2636,4.0683
oar,34,0,18,193.56,325.775,58.0087,4.3036
oar,34,0,19,192.975,328.67,148.1893,4.0598
oar,34,0,20,193.67,333.6,57.9147,9.1117
oar,35,0,0,106.155,421.025,147.453,3.4759
oar,35,0,1,143.77,396.88,147.2976,85.9192
oar,35,0,2,180.075,373.57,147.1717,0.3689
oar,35,0,3,180.355,373.355,137.3865,0.3397
oar,35,0,4,180.585,373.1,126.8689,0.35
oar,35,0,5,180.775,372.8,117.9787,0.3624
oar,35,0,6,180.92,372.46,108.4371,0.3795
oar,35,0,7,181.02,372.095,102.1982,0.3786
oar,35,0,8,181.07,371.72,93.0135,0.3805
oar,35,0,9,181.07,371.34,86.9866,0.3805
oar,35,0,10,181.02,370.96,78.1134,0.3883
oar,35,0,11,180.915,370.595,69.6232,0.3734
oar,35,0,12,180.765,370.26,62.0181,0.3624
oar,35,0,13,173.455,358.94,57.0809,26.5892
oar,35,0,14,166.595,347.575,150.6792,0.8373
oar,35,0,15,168.465,346.405,147.3322,3.5756
oar,35,0,16,171.37,344.515,146.5466,3.356
oar,35,0,17,172.635,343.635,161.566,0.2846
oar,35,0,18,172.36,343.695,173.8847,0.2816
oar,35,0,19,172.08,343.705,2.0474,0.2802
oar,35,0,20,171.805,343.665,14.5334,0.2789
oar,35,0,21,171.54,343.57,24.7734,0.2864
oar,35,0,22,171.285,343.425,34.2154,0.3023
oar,35,0,23,171.05,343.235,43.6685,0.3041
oar,35,0,24,169.905,341.515,57.3454,3.8364
oar,35,0,25,166.4,341.49,147.2296,5.875
oar,35,0,26,162.47,340.82,57.1368,5.3811
oar,35,0,27,153.165,343.595,147.3073,18.6435
oar,35,0,28,145.625,349.105,57.2952,1.129
oar,35,0,29,141.46,352.41,147.6617,10.5811
oar,35,0,30,135.945,356.085,141.0407,2.6878
oar,35,0,31,132.91,358.185,147.7623,4.7054
oar,35,0,32,126.68,362.165,147.2716,10.0803
oar,35,0,33,123.66,367.055,60.5983,4.9702
oar,35,0,34,126.795,368.0,147.4999,4.5412
oar,35,0,35,129.635,368.22,57.2849,3.423
oar,35,0,36,128.56,370.93,147.5843,4.7383
oar,35,0,37,127.835,374.465,60.6243,5.1984
oar,35,0,38,131.265,375.345,147.2714,5.1234
oar,35,0,39,134.375,375.44,57.1669,3.5227
oar,35,0,40,131.54,379.355,147.28,9.0096
oar,35,0,41,126.795,380.31,57.1672,3.5227
oar,35,0,42,126.86,378.175,147.2932,2.4244
oar,35,0,43,126.6,375.255,60.5282,5.2033
oar,35,0,44,112.855,380.93,147.5035,29.5581
oar,35,0,45,99.465,387.43,57.285,3.423
oar,35,0,46,111.09,378.0,147.517,29.7552
oar,35,0,47,122.42,367.85,60.5417,4.9615
oar,35,0,48,107.83,374.27,147.3103,31.7725
oar,35,0,49,90.265,376.365,57.1021,15.4471
oar,35,0,50,84.74,370.735,147.2646,3.1622
oar,35,0,51,82.41,370.05,57.0023,3.6724
oar,35,0,52,73.435,373.63,147.2993,18.9542
oar,35,0,53,65.59,382.455,87.9905,7.4145
oar,35,0,54,66.915,387.585,50.017,3.7195
oar,35,0,55,72.195,386.5,148.4316,9.589
oar,35,0,56,75.78,383.185,58.1548,1.8953
oar,35,0,57,75.23,382.28,63.4349,0.2236
oar,35,0,58,75.145,382.065,73.0723,0.2404
oar,35,0,59,75.085,381.835,77.7369,0.2354
oar,35,0,60,75.055,381.6,87.6134,0.2402
oar,35,0,61,75.065,381.36,97.1246,0.2419
oar,35,0,62,75.105,381.12,101.7695,0.2451
oar,35,0,63,75.175,380.895,113.1971,0.2285
oar,35,0,64,75.275,380.69,118.8113,0.2283
oar,35,0,65,75.4,380.505,129.4701,0.2202
oar,35,0,66,75.55,380.35,138.8179,0.2126
oar,35,0,67,75.72,380.23,150.944,0.2059
oar,35,0,68,75.92,380.11,147.5282,0.2608
oar,35,0,69,76.175,379.965,152.6488,0.3265
oar,35,0,70,76.475,379.85,165.5323,0.3202
oar,35,0,71,76.785,379.8,176.3078,0.3106
oar,35,0,72,77.1,379.81,7.1238,0.3225
oar,35,0,73,77.41,379.88,18.4358,0.3162
oar,35,0,74,77.7,380.01,29.7456,0.3225
oar,35,0,75,77.97,380.2,40.2363,0.3406
oar,35,0,76,78.215,380.445,49.5733,0.3547
oar,35,0,77,82.84,387.85,58.1863,17.1106
oar,35,0,78,87.405,395.225,62.3529,0.2371
oar,35,0,79,87.495,395.445,73.0751,0.2404
oar,35,0,80,87.55,395.68,80.5371,0.2433
oar,35,0,81,87.575,395.925,87.7089,0.2502
oar,35,0,82,87.565,396.17,97.1246,0.2419
oar,35,0,83,87.52,396.405,104.6206,0.2377
oar,35,0,84,87.445,396.63,112.2498,0.2377
oar,35,0,85,87.34,396.84,120.9647,0.2332
oar,35,0,86,87.21,397.02,131.1852,0.2126
oar,35,0,87,87.055,397.17,140.5274,0.2202
oar,35,0,88,86.88,397.285,153.4359,0.2012
oar,35,0,89,86.645,397.39,157.5189,0.3139
oar,35,0,90,86.355,397.48,168.3108,0.2961
oar,35,0,91,86.055,397.51,0.0,0.31
oar,35,0,92,85.755,397.48,11.6889,0.2961
oar,35,0,93,85.465,397.395,20.7723,0.3102
oar,35,0,94,85.185,397.26,30.6516,0.3138
oar,35,0,95,84.93,397.07,42.5109,0.3256
oar,35,0,96,84.7,396.835,48.6521,0.333
oar,35,0,97,83.65,395.195,58.182,3.5658
oar,35,0,98,78.47,396.285,148.434,9.9526
oar,35,0,99,77.45,404.355,59.4933,12.6862
oar,35,0,100,82.175,408.855,147.3321,3.5756
oar,35,0,101,83.715,407.94,55.0097,0.1221
oar,35,0,102,85.495,410.69,57.1255,6.4296
oar,35,0,103,91.305,419.665,57.0645,14.9532
oar,35,0,104,95.495,426.08,48.2396,0.3754
oar,35,0,105,95.765,426.33,37.1848,0.364
oar,35,0,106,96.07,426.52,26.5656,0.3578
oar,35,0,107,96.395,426.645,15.2544,0.3421
oar,35,0,108,96.73,426.7,3.3672,0.3406
oar,35,0,109,97.07,426.685,171.6337,0.3437
oar,35,0,110,97.4,426.6,159.4447,0.3418
oar,35,0,111,101.125,424.25,147.2851,8.4743
oar,36,0,0,250.465,279.93,57.039,4.5766
oar,36,0,1,247.86,275.91,57.0722,5.0038
oar,36,0,2,246.505,274.02,88.6348,0.4201
oar,36,0,3,246.485,274.44,96.7897,0.4229
oar,36,0,4,246.41,274.855,103.7076,0.422
oar,36,0,5,246.285,275.25,111.5399,0.4085
oar,36,0,6,246.115,275.615,118.4955,0.3983
oar,36,0,7,245.905,275.945,126.5727,0.386
oar,36,0,8,245.655,276.235,135.0016,0.3818
oar,36,0,9,243.57,277.62,147.339,4.6325
oar,36,0,10,242.165,279.8,59.6291,2.1559
oar,36,0,11,244.24,279.84,149.8135,3.5401
oar,36,0,12,246.805,280.7,59.3986,4.0663
oar,36,0,13,248.405,282.085,147.1362,1.3453
oar,36,0,14,249.19,281.61,153.4349,0.4919
oar,36,0,15,249.645,281.44,165.6779,0.4851
oar,36,0,16,250.115,281.365,176.3479,0.471
oar,36,0,17,250.59,281.385,8.2981,0.4851
oar,36,0,18,251.055,281.505,20.693,0.481
oar,37,0,0,186.43,337.58,57.4074,10.1362
oar,37,0,1,182.545,331.495,57.5289,4.3027
oar,37,0,2,177.085,332.47,147.0533,10.2601
oar,37,0,3,173.975,337.09,56.8553,4.3712
oar,37,0,4,175.26,339.08,60.6406,0.3671
oar,37,0,5,175.415,339.415,69.6232,0.3734
oar,37,0,6,175.52,339.78,78.113,0.3883
oar,37,0,7,175.57,340.165,87.0637,0.3905
oar,37,0,8,175.57,340.555,92.9363,0.3905
oar,37,0,9,175.52,340.935,102.1982,0.3786
oar,37,0,10,175.415,341.3,109.8559,0.3828
oar,37,0,11,175.265,341.64,117.9798,0.3623
oar,37,0,12,175.07,341.94,128.1575,0.3561
oar,37,0,13,174.835,342.195,137.3846,0.3397
oar,37,0,14,174.57,342.4,147.2657,0.3329
oar,37,0,15,173.6,343.04,146.4694,1.9914
oar,37,0,16,171.37,344.515,146.5468,3.356
oar,37,0,17,171.94,348.475,57.0127,7.2366
oar,38,0,0,193.67,333.6,57.9147,9.1117
oar,38,0,1,190.105,327.915,57.8958,4.3089
oar,38,0,2,184.18,318.46,57.9339,18.0073
oar,38,0,3,177.385,310.045,21.2849,4.325
oar,38,0,4,173.74,310.28,147.9629,3.8457
oar,38,0,5,166.73,314.655,148.0521,12.6808
oar,38,0,6,163.97,322.025,56.8734,9.5885
oar,38,0,7,168.42,324.85,146.9654,4.3658
oar,38,0,8,172.78,322.025,147.1275,6.0247
oar,38,0,9,174.845,319.675,56.9621,1.7058
oar,38,0,10,174.335,318.875,62.1015,0.1924
oar,38,0,11,174.255,318.695,69.7775,0.2025
oar,38,0,12,174.2,318.5,78.6867,0.2039
oar,38,0,13,174.17,318.295,84.5624,0.2109
oar,38,0,14,174.17,318.085,95.4368,0.211
oar,38,0,15,174.2,317.88,101.3133,0.2039
oar,38,0,16,174.255,317.685,110.2225,0.2025
oar,38,0,17,174.335,317.505,117.8985,0.1924
oar,38,0,18,174.44,317.345,128.6598,0.1921
oar,38,0,19,174.57,317.205,137.1199,0.1911
oar,38,0,20,174.715,317.095,149.0362,0.1749
oar,38,0,21,174.895,316.98,146.3138,0.2524
oar,38,0,22,175.11,316.855,153.4318,0.246
oar,38,0,23,175.335,316.765,163.0705,0.2404
oar,38,0,24,175.57,316.72,175.2391,0.2408
oar,38,0,25,175.805,316.72,4.9671,0.2309
oar,38,0,26,176.035,316.765,16.9295,0.2404
oar,38,0,27,176.26,316.86,28.6093,0.2506
oar,38,0,28,176.47,317.0,38.6609,0.2561
oar,38,0,29,176.66,317.18,48.0133,0.2691
oar,38,0,30,181.405,324.41,56.8604,17.0301
oar,38,0,31,186.105,331.625,62.1056,0.1924
oar,38,0,32,186.185,331.805,69.7734,0.2025
oar,38,0,33,186.24,332.0,78.6926,0.204
oar,38,0,34,186.27,332.205,84.5583,0.2109
oar,38,0,35,186.27,332.415,95.4417,0.2109
oar,38,0,36,186.24,332.62,101.3074,0.204
oar,38,0,37,186.185,332.815,110.2266,0.2025
oar,38,0,38,186.105,332.995,117.8987,0.1923
oar,38,0,39,186.0,333.155,128.6598,0.1921
oar,38,0,40,185.87,333.29,139.3925,0.1844
oar,38,0,41,185.725,333.4,146.318,0.1803
oar,38,0,42,185.515,333.535,147.8026,0.3191
oar,38,0,43,185.275,333.675,152.3562,0.2371
oar,38,0,44,185.06,333.765,162.3482,0.2309
oar,38,0,45,184.84,333.815,172.2352,0.222
oar,38,0,46,184.615,333.82,4.9671,0.2309
oar,38,0,47,184.39,333.775,17.6518,0.2309
oar,38,0,48,184.175,333.69,25.464,0.2326
oar,38,0,49,183.975,333.565,38.2887,0.2421
oar,38,0,50,183.79,333.4,45.0,0.2545
oar,38,0,51,186.43,337.58,57.4074,10.1362
oar,39,0,0,123.66,367.055,60.5983,4.9702
oar,39,0,1,121.82,365.29,147.1713,1.4757
oar,39,0,2,122.42,367.85,60.5415,4.9614
oar,40,0,0,127.835,374.465,60.6242,5.1984
oar,40,0,1,125.94,372.595,147.4991,1.4703
oar,40,0,2,126.6,375.255,60.5283,5.2033
oar,41,0,0,114.79,462.525,57.0306,5.7333
oar,41,0,1,112.835,459.51,57.0753,1.4534
oar,41,0,2,97.18,468.695,147.3046,36.2662
oar,41,0,3,84.34,482.225,57.0598,8.9009
oar,41,0,4,102.02,476.165,147.3047,36.2662
oar,42,0,0,296.44,353.885,136.5292,3.4448
oar,42,0,1,297.8,353.01,70.4631,0.6579
oar,42,0,2,298.15,353.555,44.3963,0.6718
oar,43,0,0,153.17,446.61,136.4086,3.4517
oar,43,0,1,151.805,447.485,69.9444,0.6707
oar,43,0,2,151.455,446.94,44.3843,0.6577
oar,44,0,0,298.885,352.695,147.2687,8.7849
oar,45,0,0,150.72,447.795,147.3039,8.7933
oar,46,0,0,45.03,442.645,90.0,2.89
oar,47,0,0,150.67,442.64,90.0,2.88
oar,48,0,0,185.89,442.64,90.0,2.88
oar,49,0,0,221.1,442.64,90.0,2.88
oar,50,0,0,256.32,442.64,90.0,2.88
oar,51,0,0,326.75,442.64,90.0,2.88
oar,52,0,0,361.96,442.64,90.0,2.88
oar,53,0,0,45.01,224.04,90.0,2.88
oar,54,0,0,150.67,224.03,90.0,2.88
oar,55,0,0,185.88,224.03,90.0,2.88
oar,56,0,0,221.1,224.03,90.0,2.88
oar,57,0,0,256.32,224.03,90.0,2.88
oar,58,0,0,326.76,224.03,90.0,2.88
oar,59,0,0,361.98,224.03,90.0,2.88
oar,60,0,0,114.02,528.64,0.0,2.88
oar,61,0,0,114.02,484.92,0.0,2.88
oar,62,0,0,114.015,397.48,0.0,2.89
oar,63,0,0,114.01,310.03,0.0,2.88
oar,64,0,0,114.01,266.31,0.0,2.88
oar,65,0,0,114.005,178.87,0.0,2.89
oar,66,0,0,114.0,135.14,0.0,2.88
oar,67,0,0,114.0,91.42,0.0,2.88
oar,68,0,0,114.0,47.7,0.0,2.88
oar,69,0,0,290.09,528.64,0.0,2.88
oar,70,0,0,290.09,484.92,0.0,2.88
oar,71,0,0,290.09,397.47,0.0,2.88
oar,72,0,0,290.095,353.75,0.0,2.89
oar,73,0,0,290.095,310.03,0.0,2.89
oar,74,0,0,290.1,266.31,0.0,2.88
oar,75,0,0,290.1,178.87,0.0,2.88
oar,76,0,0,290.1,135.14,0.0,2.88
oar,77,0,0,290.1,91.42,0.0,2.88
oar,78,0,0,290.105,47.7,0.0,2.89
oar,79,0,0,115.445,197.61,89.9981,305.78
oar,80,0,0,115.455,448.215,89.9968,179.09
oar,81,0,0,34.435,222.595,179.9825,32.79
oar,82,0,0,99.055,222.59,0.0,32.79
oar,82,0,1,203.495,222.59,0.0,176.09
oar,82,0,2,330.43,222.59,0.0,77.78
oar,83,0,0,34.435,441.205,179.9825,32.79
oar,84,0,0,99.06,441.2,0.0,32.8
oar,84,0,1,203.495,441.2,0.0,176.07
oar,84,0,2,330.425,441.2,0.0,77.79
oar,85,0,0,115.46,547.58,90.0,3.06
oar,86,0,0,291.54,291.24,90.0023,493.04
oar,87,0,0,291.53,547.595,90.0,3.03
oar,88,0,0,174.5,106.54,90.0,9.96
oar,88,0,1,200.39,101.56,0.0,51.78
oar,88,0,2,226.28,106.54,90.0,9.96
oar,88,0,3,200.39,111.52,0.0,51.78
oar,89,0,0,223.02,103.37,34.1602,2.0303
oar,89,0,1,224.21,105.315,75.7187,2.8377
oar,89,0,2,224.21,108.07,104.2318,2.8474
oar,89,0,3,223.02,110.015,146.0742,2.0247
oar,89,0,4,221.34,110.015,33.9258,2.0247
oar,89,0,5,220.15,108.07,75.7682,2.8474
oar,89,0,6,220.15,105.315,104.2813,2.8377
oar,89,0,7,221.34,103.37,145.8398,2.0303
oar,90,0,0,42.075,517.36,34.0019,2.0386
oar,90,0,1,43.265,519.305,75.9147,2.8352
oar,90,0,2,43.265,522.06,104.0363,2.8449
oar,90,0,3,42.075,524.005,146.2318,2.033
oar,90,0,4,40.39,524.005,33.9255,2.0247
oar,90,0,5,39.205,522.06,75.9638,2.8449
oar,90,0,6,39.205,519.305,104.0852,2.8352
oar,90,0,7,40.39,517.36,145.8403,2.0303
oar,91,0,0,347.14,559.54,138.3653,0.4817
oar,91,0,1,346.81,559.88,129.8072,0.4686
oar,91,0,2,346.535,560.265,121.373,0.4802
oar,91,0,3,346.305,560.69,115.513,0.4875
oar,91,0,4,346.125,561.145,107.6997,0.4934
oar,91,0,5,345.995,561.625,102.6543,0.5022
oar,91,0,6,345.91,562.12,96.8425,0.5036
oar,91,0,7,345.87,562.62,92.2894,0.5004
oar,91,0,8,345.86,563.005,90.0,0.27
oar,91,0,9,345.87,563.275,85.7659,0.2707
oar,91,0,10,345.89,563.54,85.6037,0.2608
oar,91,0,11,345.915,563.795,83.1575,0.2518
oar,91,0,12,345.98,564.155,77.9878,0.4805
oar,91,0,13,346.1,564.615,72.7168,0.4713
oar,91,0,14,346.27,565.05,64.5388,0.4652
oar,91,0,15,346.495,565.46,57.9946,0.4717
oar,91,0,16,346.695,565.755,51.7051,0.2421
oar,91,0,17,346.855,565.945,48.1828,0.2549
oar,91,0,18,347.03,566.13,45.0012,0.2546
oar,91,0,19,347.22,566.315,43.5295,0.2759
oar,91,0,20,347.32,566.525,90.0,0.23
oar,91,0,21,347.195,566.565,30.9637,0.2915
oar,91,0,22,346.95,566.405,35.3123,0.2941
oar,91,0,23,346.72,566.225,40.815,0.2907
oar,91,0,24,346.505,566.035,42.1347,0.2832
oar,91,0,25,346.305,565.835,47.8665,0.2832
oar,91,0,26,346.12,565.625,49.3952,0.2766
oar,91,0,27,345.95,565.405,55.1748,0.2802
oar,91,0,28,345.795,565.17,57.9956,0.283
oar,91,0,29,345.6,564.8,64.3599,0.5546
oar,91,0,30,345.39,564.28,71.5657,0.5692
oar,91,0,31,345.265,563.865,76.4282,0.2983
oar,91,0,32,345.21,563.575,82.1451,0.2927
oar,91,0,33,345.175,563.28,84.2896,0.3015
oar,91,0,34,345.155,562.98,88.089,0.3002
oar,91,0,35,345.155,562.66,91.6863,0.3401
oar,91,0,36,345.18,562.33,97.1265,0.3225
oar,91,0,37,345.225,562.02,99.4601,0.3041
oar,91,0,38,345.285,561.73,104.0375,0.2886
oar,91,0,39,345.365,561.455,108.4342,0.2846
oar,91,0,40,345.465,561.19,112.9352,0.2823
oar,91,0,41,345.58,560.94,116.564,0.2683
oar,91,0,42,345.71,560.705,121.3259,0.2692
oar,91,0,43,345.94,560.38,127.3047,0.528
oar,91,0,44,346.285,559.98,134.2356,0.5304
oar,91,0,45,346.675,559.615,139.5144,0.5391
oar,91,0,46,347.1,559.285,144.8336,0.5382
oar,91,0,47,347.32,559.255,90.0,0.25
oar,92,0,0,350.35,566.63,3.5763,0.3206
oar,92,0,1,350.04,566.59,11.3103,0.3059
oar,92,0,2,349.755,566.515,18.4337,0.2846
oar,92,0,3,349.49,566.405,26.5667,0.2907
oar,92,0,4,349.24,566.265,32.0034,0.283
oar,92,0,5,349.01,566.095,40.8187,0.2907
oar,92,0,6,348.8,565.9,44.9984,0.2829
oar,92,0,7,348.615,565.685,53.5285,0.286
oar,92,0,8,348.45,565.45,56.3093,0.2884
oar,92,0,9,348.305,565.2,63.4395,0.2907
oar,92,0,10,348.18,564.935,66.033,0.2955
oar,92,0,11,348.075,564.66,72.1817,0.2941
oar,92,0,12,347.99,564.38,74.0572,0.2912
oar,92,0,13,347.925,564.1,79.8778,0.2844
oar,92,0,14,347.885,563.82,83.8785,0.2816
oar,92,0,15,347.865,563.54,87.9588,0.2802
oar,92,0,16,347.865,563.26,92.0412,0.2802
oar,92,0,17,347.885,562.98,96.1215,0.2816
oar,92,0,18,347.925,562.7,100.1222,0.2844
oar,92,0,19,347.99,562.42,105.9428,0.2912
oar,92,0,20,348.075,562.14,107.8183,0.2941
oar,92,0,21,348.18,561.865,113.967,0.2955
oar,92,0,22,348.305,561.605,117.4698,0.2818
oar,92,0,23,348.45,561.355,122.6198,0.2968
oar,92,0,24,348.615,561.12,127.6963,0.278
oar,92,0,25,348.8,560.905,133.6047,0.29
oar,92,0,26,349.01,560.71,140.7068,0.2842
oar,92,0,27,349.24,560.54,146.3122,0.2885
oar,92,0,28,349.49,560.395,153.4329,0.2907
oar,92,0,29,349.755,560.285,161.5663,0.2846
oar,92,0,30,350.04,560.21,168.6901,0.3059
oar,92,0,31,350.35,560.17,176.4237,0.3206
oar,92,0,32,350.67,560.17,3.5763,0.3206
oar,92,0,33,350.98,560.21,11.3099,0.3059
oar,92,0,34,351.27,560.285,17.819,0.2941
oar,92,0,35,351.54,560.395,26.5644,0.2907
oar,92,0,36,351.79,560.54,33.6911,0.2884
oar,92,0,37,352.015,560.71,40.6025,0.2766
oar,92,0,38,352.22,560.905,46.3953,0.29
oar,92,0,39,352.41,561.12,50.7119,0.2842
oar,92,0,40,352.575,561.355,59.0321,0.2916
oar,92,0,41,352.72,561.605,60.7539,0.2865
oar,92,0,42,352.845,561.865,67.8308,0.2916
oar,92,0,43,352.95,562.14,70.3505,0.2973
oar,92,0,44,353.035,562.42,75.9624,0.2886
oar,92,0,45,353.095,562.7,79.8778,0.2844
oar,92,0,46,353.135,562.98,83.8785,0.2816
oar,92,0,47,353.16,563.26,85.9166,0.2807
oar,92,0,48,353.16,563.54,94.0834,0.2807
oar,92,0,49,353.135,563.82,96.1215,0.2816
oar,92,0,50,353.095,564.1,100.1222,0.2844
oar,92,0,51,353.035,564.38,104.0376,0.2886
oar,92,0,52,352.95,564.66,109.6495,0.2973
oar,92,0,53,352.845,564.935,112.1692,0.2916
oar,92,0,54,352.72,565.2,118.298,0.2953
oar,92,0,55,352.575,565.45,122.0096,0.283
oar,92,0,56,352.41,565.685,128.046,0.2921
oar,92,0,57,352.22,565.9,135.0016,0.2829
oar,92,0,58,352.015,566.095,137.8615,0.2832
oar,92,0,59,351.79,566.265,147.9933,0.283
oar,92,0,60,351.54,566.405,153.436,0.2907
oar,92,0,61,351.27,566.515,162.181,0.2941
oar,92,0,62,350.98,566.59,168.6897,0.3059
oar,92,0,63,350.67,566.63,176.4237,0.3206
oar,92,1,0,350.64,566.28,175.6014,0.2608
oar,92,1,1,350.89,566.245,168.2314,0.2451
oar,92,1,2,351.11,566.18,158.1998,0.2154
oar,92,1,3,351.305,566.085,149.9316,0.2195
oar,92,1,4,351.55,565.88,134.9989,0.4243
oar,92,1,5,351.81,565.54,120.0687,0.4391
oar,92,1,6,351.995,565.13,108.8241,0.4649
oar,92,1,7,352.115,564.665,100.4073,0.4982
oar,92,1,8,352.185,564.165,95.6014,0.5124
oar,92,1,9,352.215,563.655,91.121,0.5101
oar,92,1,10,352.215,563.145,88.879,0.5101
oar,92,1,11,352.185,562.635,84.3986,0.5124
oar,92,1,12,352.115,562.14,79.3807,0.4884
oar,92,1,13,351.995,561.675,71.5658,0.4743
oar,92,1,14,351.81,561.26,59.9313,0.4391
oar,92,1,15,351.55,560.925,44.0302,0.4172
oar,92,1,16,351.305,560.72,32.2751,0.2247
oar,92,1,17,351.11,560.62,21.8007,0.2154
oar,92,1,18,350.89,560.555,11.7686,0.2451
oar,92,1,19,350.64,560.52,4.3986,0.2608
oar,92,1,20,350.38,560.52,175.6014,0.2608
oar,92,1,21,350.135,560.555,167.7344,0.2354
oar,92,1,22,349.915,560.62,159.1471,0.2247
oar,92,1,23,349.72,560.72,146.3091,0.2163
oar,92,1,24,349.48,560.925,135.9698,0.4172
oar,92,1,25,349.22,561.26,120.0687,0.4391
oar,92,1,26,349.035,561.675,108.4342,0.4743
oar,92,1,27,348.91,562.14,101.769,0.4903
oar,92,1,28,348.84,562.635,94.4856,0.5116
oar,92,1,29,348.81,563.145,92.2445,0.5104
oar,92,1,30,348.81,563.655,87.7555,0.5104
oar,92,1,31,348.84,564.165,85.5144,0.5116
oar,92,1,32,348.91,564.665,78.4647,0.5001
oar,92,1,33,349.035,565.13,71.1759,0.4649
oar,92,1,34,349.22,565.54,59.9313,0.4391
oar,92,1,35,349.48,565.88,45.0011,0.4243
oar,92,1,36,349.72,566.085,31.4307,0.2109
oar,92,1,37,349.915,566.18,20.8524,0.2247
oar,92,1,38,350.135,566.245,12.2656,0.2354
oar,92,1,39,350.38,566.28,4.3986,0.2608
oar,93,0,0,355.775,564.055,71.101,5.4646
oar,93,0,1,354.83,561.335,66.033,0.2955
oar,93,0,2,354.67,561.06,54.4651,0.3441
oar,93,0,3,354.5,560.865,38.1545,0.1781
oar,93,0,4,354.34,560.765,26.5651,0.2012
oar,93,0,5,354.14,560.685,17.65,0.2309
oar,93,0,6,353.89,560.64,4.0865,0.2807
oar,93,0,7,353.75,560.455,90.0,0.35
oar,93,0,8,354.905,560.28,0.0,2.31
oar,93,0,9,356.06,560.455,90.0,0.35
oar,93,0,10,355.925,560.64,175.7625,0.2707
oar,93,0,11,355.65,560.68,167.9057,0.2864
oar,93,0,12,355.45,560.74,153.4335,0.1342
oar,93,0,13,355.34,560.81,141.3426,0.1281
oar,93,0,14,355.255,560.905,122.4738,0.1304
oar,93,0,15,355.21,561.035,97.5904,0.1513
oar,93,0,16,355.215,561.19,79.3808,0.1628
oar,93,0,17,355.26,561.39,75.9642,0.2474
oar,93,0,18,355.42,561.895,71.3415,0.8127
oar,93,0,19,356.625,562.28,0.0,2.15
oar,93,0,20,357.81,561.97,109.5368,0.6579
oar,93,0,21,357.965,561.54,110.5551,0.2563
oar,93,0,22,358.045,561.32,109.2922,0.2119
oar,93,0,23,358.105,561.14,107.3497,0.1676
oar,93,0,24,358.14,561.005,100.2996,0.1118
oar,93,0,25,358.115,560.86,68.7559,0.1931
oar,93,0,26,357.98,560.725,24.2265,0.2193
oar,93,0,27,357.725,560.66,7.3526,0.3126
oar,93,0,28,357.375,560.635,1.4691,0.3901
oar,93,0,29,357.18,560.455,90.0,0.35
oar,93,0,30,358.59,560.28,0.0,2.82
oar,93,0,31,360.0,560.455,90.0,0.35
oar,93,0,32,359.895,560.63,0.0,0.21
oar,93,0,33,359.7,560.64,173.6582,0.1811
oar,93,0,34,359.535,560.665,168.6923,0.153
oar,93,0,35,359.39,560.705,160.3444,0.1486
oar,93,0,36,359.265,560.775,140.7146,0.1421
oar,93,0,37,359.155,560.885,130.2324,0.1703
oar,93,0,38,359.05,561.04,119.0566,0.2059
oar,93,0,39,358.955,561.245,111.3695,0.247
oar,93,0,40,358.01,564.0,108.8246,5.5784
oar,93,0,41,356.885,566.64,0.0,0.45
oar,93,1,0,356.16,564.17,71.6861,2.9915
oar,93,1,1,356.64,565.59,0.0,0.02
oar,93,1,2,357.1,564.17,107.5839,2.9792
oar,93,1,3,356.62,562.75,0.0,1.86
oar,94,0,0,363.43,560.455,90.0,0.35
oar,94,0,1,363.305,560.63,0.0,0.25
oar,94,0,2,363.08,560.64,174.2896,0.201
oar,94,0,3,362.895,560.665,169.9902,0.1726
oar,94,0,4,362.745,560.71,155.2266,0.1432
oar,94,0,5,362.635,560.785,134.9988,0.1273
oar,94,0,6,362.555,560.9,116.5675,0.1565
oar,94,0,7,362.505,561.06,99.4619,0.1825
oar,94,0,8,362.485,561.275,92.2928,0.2502
oar,94,0,9,362.48,562.315,90.0,1.83
oar,94,0,10,362.72,563.23,0.0,0.48
oar,94,0,11,363.14,563.22,176.8202,0.3606
oar,94,0,12,363.47,563.185,170.5374,0.3041
oar,94,0,13,363.74,563.115,159.4432,0.2563
oar,94,0,14,363.95,563.005,144.161,0.222
oar,94,0,15,364.11,562.845,126.3871,0.236
oar,94,0,16,364.23,562.625,111.8026,0.2693
oar,94,0,17,364.31,562.345,100.9536,0.3158
oar,94,0,18,364.365,562.0,97.494,0.3833
oar,94,0,19,364.405,561.675,96.3399,0.2717
oar,94,0,20,364.435,561.42,97.1248,0.2419
oar,94,0,21,364.475,561.195,103.3973,0.2159
oar,94,0,22,364.52,560.995,101.8822,0.1942
oar,94,0,23,364.6,560.755,112.484,0.3139
oar,94,0,24,364.725,560.51,123.0186,0.2385
oar,94,0,25,364.865,560.345,139.09,0.1985
oar,94,0,26,365.02,560.24,153.4349,0.1789
oar,94,0,27,365.18,560.185,169.379,0.1628
oar,94,0,28,365.34,560.165,176.4243,0.1603
oar,94,0,29,365.52,560.17,5.7104,0.201
oar,94,0,30,365.715,560.205,14.7432,0.1965
oar,94,0,31,365.885,560.28,33.6907,0.1803
oar,94,0,32,366.025,560.405,49.0848,0.1985
oar,94,0,33,366.145,560.585,62.3571,0.2371
oar,94,0,34,366.24,560.825,73.4923,0.2816
oar,94,0,35,366.295,561.04,79.3808,0.1628
oar,94,0,36,366.325,561.21,80.5381,0.1825
oar,94,0,37,366.35,561.395,83.9942,0.191
oar,94,0,38,366.365,561.6,87.3949,0.2202
oar,94,0,39,366.25,561.71,0.0,0.24
oar,94,0,40,366.12,561.59,85.2318,0.2408
oar,94,0,41,366.095,561.375,81.0277,0.1924
oar,94,0,42,366.06,561.205,75.0657,0.1552
oar,94,0,43,366.02,561.075,70.0265,0.117
oar,94,0,44,365.94,560.96,45.0018,0.1697
oar,94,0,45,365.81,560.885,12.0931,0.1432
oar,94,0,46,365.685,560.88,169.6936,0.1118
oar,94,0,47,365.58,560.92,149.0388,0.1166
oar,94,0,48,365.49,560.995,131.6396,0.1204
oar,94,0,49,365.42,561.1,116.5636,0.1342
oar,94,0,50,365.33,561.32,110.5553,0.3418
oar,94,0,51,365.205,561.67,108.8867,0.4016
oar,94,0,52,365.105,561.965,108.4293,0.2214
oar,94,0,53,365.02,562.17,116.5666,0.2236
oar,94,0,54,364.915,562.375,117.6493,0.2371
oar,94,0,55,364.79,562.58,124.9891,0.2441
oar,94,0,56,364.63,562.775,133.4554,0.2617
oar,94,0,57,364.44,562.955,139.6329,0.2625
oar,94,0,58,364.215,563.115,149.0363,0.2915
oar,94,0,59,363.945,563.255,155.8549,0.3178
oar,94,0,60,363.8,563.33,90.0,0.02
oar,94,0,61,364.0,563.375,9.9266,0.4061
oar,94,0,62,364.385,563.46,15.1228,0.3833
oar,94,0,63,364.74,563.585,23.8064,0.3716
oar,94,0,64,365.055,563.75,31.8292,0.3413
oar,94,0,65,365.32,563.945,41.1836,0.3189
oar,94,0,66,365.53,564.17,53.1312,0.3
oar,94,0,67,365.68,564.43,66.8023,0.3046
oar,94,0,68,365.76,564.72,82.4037,0.3027
oar,94,0,69,365.77,564.985,94.9746,0.2309
oar,94,0,70,365.74,565.2,101.3038,0.204
oar,94,0,71,365.69,565.395,107.525,0.1992
oar,94,0,72,365.615,565.57,119.3568,0.1836
oar,94,0,73,365.45,565.785,131.636,0.3613
oar,94,0,74,365.18,566.02,146.3088,0.3605
oar,94,0,75,364.86,566.19,157.6197,0.3677
oar,94,0,76,364.5,566.305,166.6756,0.3905
oar,94,0,77,364.12,566.37,173.9909,0.3821
oar,94,0,78,363.745,566.4,176.9058,0.3705
oar,94,0,79,362.125,566.41,0.0,2.87
oar,94,0,80,360.69,566.23,90.0,0.36
oar,94,0,81,360.83,566.05,0.0,0.28
oar,94,0,82,361.075,566.045,177.2735,0.2102
oar,94,0,83,361.265,566.025,169.9926,0.1726
oar,94,0,84,361.415,565.985,158.959,0.1393
oar,94,0,85,361.52,565.92,135.0061,0.1131
oar,94,0,86,361.59,565.83,120.9626,0.1166
oar,94,0,87,361.63,565.705,97.5905,0.1513
oar,94,0,88,361.645,565.54,93.1829,0.1803
oar,94,0,89,361.65,563.48,90.0,3.94
oar,94,0,90,361.65,561.375,90.0,0.27
oar,94,0,91,361.635,561.135,81.8702,0.2121
oar,94,0,92,361.595,560.95,72.6499,0.1676
oar,94,0,93,361.525,560.82,48.0039,0.1346
oar,94,0,94,361.42,560.73,33.6917,0.1442
oar,94,0,95,361.275,560.67,13.2421,0.1746
oar,94,0,96,361.08,560.645,2.6021,0.2202
oar,94,0,97,360.83,560.635,2.0459,0.2802
oar,94,0,98,360.69,560.455,90.0,0.35
oar,94,0,99,362.06,560.28,0.0,2.74
oar,94,1,0,362.48,565.57,90.0,0.14
oar,94,1,1,362.495,565.7,75.9642,0.1237
oar,94,1,2,362.535,565.81,63.4266,0.1118
oar,94,1,3,362.6,565.895,41.1906,0.1063
oar,94,1,4,362.7,565.96,26.5658,0.1342
oar,94,1,5,362.845,566.01,13.2398,0.1747
oar,94,1,6,363.04,566.04,5.1945,0.2209
oar,94,1,7,363.295,566.05,0.0,0.29
oar,94,1,8,363.6,566.045,178.2099,0.3201
oar,94,1,9,363.905,566.025,174.0939,0.2916
oar,94,1,10,364.17,565.98,165.9633,0.2474
oar,94,1,11,364.385,565.9,152.2417,0.2147
oar,94,1,12,364.56,565.775,136.8483,0.2193
oar,94,1,13,364.695,565.6,118.8142,0.2283
oar,94,1,14,364.78,565.365,102.5284,0.2766
oar,94,1,15,364.825,565.065,95.1942,0.3314
oar,94,1,16,364.835,564.795,87.271,0.2102
oar,94,1,17,364.82,564.6,83.6633,0.1811
oar,94,1,18,364.795,564.425,79.9924,0.1726
oar,94,1,19,364.755,564.27,70.3395,0.1487
oar,94,1,20,364.665,564.08,61.5618,0.2729
oar,94,1,21,364.505,563.88,40.1005,0.2484
oar,94,1,22,364.285,563.745,23.7496,0.2731
oar,94,1,23,364.01,563.655,13.1332,0.3081
oar,94,1,24,363.68,563.605,4.7639,0.3612
oar,94,1,25,363.29,563.585,1.3639,0.4201
oar,94,1,26,362.78,563.58,0.0,0.6
oar,94,1,27,362.48,564.54,90.0,1.92
oar,95,0,0,367.275,559.21,32.6192,0.2968
oar,95,0,1,367.515,559.38,38.0458,0.2921
oar,95,0,2,367.745,559.565,39.5619,0.2983
oar,95,0,3,367.96,559.76,44.9984,0.2829
oar,95,0,4,368.16,559.965,46.3997,0.29
oar,95,0,5,368.345,560.18,52.3037,0.278
oar,95,0,6,368.515,560.405,53.5285,0.286
oar,95,0,7,368.675,560.64,57.9958,0.283
oar,95,0,8,368.87,561.015,64.7997,0.5636
oar,95,0,9,369.08,561.54,71.5658,0.5692
oar,95,0,10,369.2,561.955,78.3111,0.2961
oar,95,0,11,369.255,562.245,80.2141,0.2943
oar,95,0,12,369.295,562.54,84.2896,0.3015
oar,95,0,13,369.315,562.845,88.1506,0.3102
oar,95,0,14,369.31,563.165,93.4716,0.3306
oar,95,0,15,369.285,563.49,95.3556,0.3214
oar,95,0,16,369.245,563.8,99.4601,0.3041
oar,95,0,17,369.185,564.09,104.0376,0.2886
oar,95,0,18,369.105,564.365,108.4343,0.2846
oar,95,0,19,369.005,564.63,112.9349,0.2823
oar,95,0,20,368.885,564.88,118.4384,0.2729
oar,95,0,21,368.75,565.11,122.4738,0.2608
oar,95,0,22,368.52,565.43,127.3046,0.528
oar,95,0,23,368.18,565.825,134.2139,0.5162
oar,95,0,24,367.795,566.175,141.1706,0.5263
oar,95,0,25,367.37,566.49,145.7132,0.5325
oar,95,0,26,367.15,566.525,90.0,0.23
oar,95,0,27,367.33,566.26,140.1932,0.4686
oar,95,0,28,367.66,565.935,130.6031,0.461
oar,95,0,29,367.935,565.56,122.0053,0.4717
oar,95,0,30,368.16,565.14,114.442,0.4833
oar,95,0,31,368.34,564.685,108.8002,0.4965
oar,95,0,32,368.475,564.21,102.9092,0.4924
oar,95,0,33,368.56,563.72,96.8425,0.5036
oar,95,0,34,368.6,563.22,92.2894,0.5004
oar,95,0,35,368.605,562.835,87.8833,0.2702
oar,95,0,36,368.595,562.565,87.8768,0.2702
oar,95,0,37,368.58,562.305,85.4286,0.2508
oar,95,0,38,368.555,562.055,83.1575,0.2518
oar,95,0,39,368.49,561.695,77.9877,0.4805
oar,95,0,40,368.37,561.235,72.7168,0.4713
oar,95,0,41,368.2,560.795,65.0581,0.4742
oar,95,0,42,367.975,560.38,57.9947,0.4717
oar,95,0,43,367.775,560.08,53.1257,0.25
oar,95,0,44,367.615,559.88,49.6379,0.2625
oar,95,0,45,367.44,559.685,46.5497,0.2617
oar,95,0,46,367.25,559.495,43.5292,0.2759
oar,95,0,47,367.15,559.265,90.0,0.27
oar,96,0,0,298.345,553.135,66.4855,4.2859
oar,96,0,1,299.205,555.1,0.0,0.01
oar,96,0,2,299.545,553.185,99.9228,3.8882
oar,96,0,3,300.245,551.27,0.0,0.73
oar,96,0,4,300.03,554.26,100.9779,6.0915
oar,96,0,5,298.47,555.01,66.3707,4.89
oar,96,0,6,296.515,555.01,113.5221,4.886
oar,96,0,7,294.96,554.26,79.0224,6.0915
oar,96,0,8,294.745,551.27,0.0,0.73
oar,96,0,9,295.44,553.175,80.1722,3.8667
oar,96,0,10,295.78,555.08,0.0,0.02
oar,96,0,11,296.64,553.125,113.4987,4.2636
oar,97,0,0,304.955,552.005,113.8537,1.6073
oar,97,0,1,305.66,551.27,0.0,0.76
oar,97,0,2,304.68,554.245,114.5672,6.5422
oar,97,0,3,301.955,554.245,65.3531,6.5464
oar,97,0,4,300.975,551.27,0.0,0.77
oar,97,0,5,301.685,552.005,66.1463,1.6073
oar,97,0,6,303.32,552.74,0.0,2.62
oar,97,1,0,303.315,553.37,0.0,2.03
oar,97,1,1,302.81,554.52,66.084,2.516
oar,97,1,2,303.825,554.52,113.708,2.512
oar,98,0,0,308.47,553.785,13.1345,0.308
oar,98,0,1,308.75,553.88,24.7741,0.2864
oar,98,0,2,308.995,554.02,34.8232,0.2802
oar,98,0,3,309.21,554.195,43.5342,0.2759
oar,98,0,4,309.385,554.405,56.8843,0.2746
oar,98,0,5,309.52,554.65,65.2256,0.2864
oar,98,0,6,309.615,554.915,75.4702,0.2789
oar,98,0,7,309.66,555.2,86.1822,0.3007
oar,98,0,8,309.645,555.54,97.4986,0.3833
oar,98,0,9,309.55,555.915,110.7235,0.3956
oar,98,0,10,309.37,556.26,124.5087,0.3883
oar,98,0,11,309.11,556.545,140.1933,0.3905
oar,98,0,12,308.775,556.745,157.9333,0.3993
oar,98,0,13,308.395,556.855,169.8241,0.3962
oar,98,0,14,308.005,556.905,175.6016,0.3912
oar,98,0,15,307.61,556.925,178.5676,0.4001
oar,98,0,16,306.97,556.93,0.0,0.88
oar,98,0,17,306.53,554.1,90.0,5.66
oar,98,0,18,306.895,551.27,0.0,0.73
oar,98,0,19,307.26,552.475,90.0,2.41
oar,98,0,20,307.41,553.68,0.0,0.3
oar,98,0,21,308.41,552.475,125.1991,2.9493
oar,98,0,22,309.68,551.27,0.0,0.84
oar,98,0,23,309.21,552.51,125.6686,3.0527
oar,98,1,0,307.355,556.3,0.0,0.19
oar,98,1,1,307.59,556.295,177.9549,0.2802
oar,98,1,2,307.865,556.28,175.7633,0.2707
oar,98,1,3,308.135,556.245,169.5094,0.2746
oar,98,1,4,308.395,556.175,160.2011,0.2657
oar,98,1,5,308.625,556.07,150.2535,0.2419
oar,98,1,6,308.81,555.92,131.6347,0.2408
oar,98,1,7,308.945,555.72,116.5619,0.246
oar,98,1,8,309.02,555.465,97.8549,0.2927
oar,98,1,9,309.02,555.17,82.4037,0.3027
oar,98,1,10,308.95,554.905,66.5001,0.2508
oar,98,1,11,308.825,554.7,50.1956,0.2343
oar,98,1,12,308.645,554.545,31.7607,0.247
oar,98,1,13,308.425,554.44,19.1777,0.2435
oar,98,1,14,308.18,554.37,12.9959,0.2668
oar,98,1,15,307.91,554.33,4.0857,0.2807
oar,98,1,16,307.63,554.315,2.0451,0.2802
oar,98,1,17,307.375,554.31,0.0,0.23
oar,98,1,18,307.26,555.305,90.0,1.99
oar,99,0,0,310.99,556.93,0.0,0.74
oar,99,0,1,310.62,554.1,90.0,5.66
oar,99,0,2,310.99,551.27,0.0,0.74
oar,99,0,3,311.36,554.1,90.0,5.66
oar,100,0,0,312.74,551.27,0.0,0.74
oar,100,0,1,313.11,553.405,90.0,4.27
oar,100,0,2,315.205,553.29,132.957,6.1487
oar,100,0,3,317.3,553.985,90.0,5.89
oar,100,0,4,316.93,556.93,0.0,0.74
oar,100,0,5,316.56,554.865,90.0,4.13
oar,100,0,6,314.465,555.0,133.5996,6.0759
oar,100,0,7,312.37,554.235,90.0,5.93
oar,101,0,0,322.025,552.005,113.8537,1.6073
oar,101,0,1,322.73,551.27,0.0,0.76
oar,101,0,2,321.75,554.245,114.5672,6.5422
oar,101,0,3,319.03,554.245,65.4328,6.5422
oar,101,0,4,318.05,551.27,0.0,0.76
oar,101,0,5,318.755,552.005,66.1463,1.6073
oar,101,0,6,320.39,552.74,0.0,2.62
oar,101,1,0,320.39,553.37,0.0,2.02
oar,101,1,1,319.885,554.52,66.292,2.512
oar,101,1,2,320.895,554.52,113.708,2.512
oar,102,0,0,323.92,551.095,67.0406,2.2046
oar,102,0,1,323.705,549.995,158.4281,0.4624
oar,102,0,2,324.44,550.895,62.1701,2.2277
oar,102,0,3,324.655,551.995,159.3407,0.6519
oar,103,0,0,331.96,556.85,154.7987,0.3758
oar,103,0,1,331.615,556.99,161.0758,0.37
oar,103,0,2,331.255,557.085,169.2868,0.3766
oar,103,0,3,330.88,557.13,176.9872,0.3805
oar,103,0,4,330.535,557.13,3.6915,0.3106
oar,103,0,5,330.23,557.1,7.5944,0.3026
oar,103,0,6,329.935,557.045,13.57,0.2983
oar,103,0,7,329.65,556.96,19.6543,0.2973
oar,103,0,8,329.375,556.845,25.7085,0.2997
oar,103,0,9,329.115,556.71,29.2487,0.2865
oar,103,0,10,328.875,556.55,38.0495,0.292
oar,103,0,11,328.65,556.365,40.8147,0.2907
oar,103,0,12,328.44,556.165,46.3953,0.29
oar,103,0,13,328.255,555.945,53.5335,0.286
oar,103,0,14,328.09,555.705,57.3802,0.2968
oar,103,0,15,327.945,555.45,63.4343,0.2907
oar,103,0,16,327.83,555.18,70.345,0.2973
oar,103,0,17,327.745,554.89,76.8646,0.3081
oar,103,0,18,327.685,554.59,80.54,0.3041
oar,103,0,19,327.65,554.28,86.4256,0.3206
oar,103,0,20,327.65,553.965,93.6894,0.3106
oar,103,0,21,327.685,553.66,99.4601,0.3041
oar,103,0,22,327.745,553.37,104.0375,0.2886
oar,103,0,23,327.83,553.09,109.655,0.2973
oar,103,0,24,327.945,552.82,116.5657,0.2907
oar,103,0,25,328.085,552.57,122.0046,0.283
oar,103,0,26,328.25,552.335,128.046,0.2921
oar,103,0,27,328.435,552.12,133.5315,0.2759
oar,103,0,28,328.635,551.925,137.8615,0.2832
oar,103,0,29,328.855,551.745,143.5318,0.286
oar,103,0,30,329.095,551.585,149.036,0.2915
oar,103,0,31,329.35,551.45,155.2259,0.2864
oar,103,0,32,329.615,551.345,161.5643,0.2846
oar,103,0,33,329.895,551.265,166.43,0.2983
oar,103,0,34,330.185,551.205,170.218,0.2943
oar,103,0,35,330.48,551.175,178.0911,0.3002
oar,103,0,36,330.825,551.18,2.9351,0.3905
oar,103,0,37,331.21,551.23,11.8897,0.3883
oar,103,0,38,331.59,551.33,17.5252,0.3985
oar,103,0,39,331.955,551.47,24.5668,0.3848
oar,103,0,40,332.13,551.97,90.0,0.84
oar,103,0,41,331.96,552.265,36.3271,0.422
oar,103,0,42,331.605,552.045,27.1813,0.4159
oar,103,0,43,331.22,551.89,16.6993,0.4176
oar,103,0,44,330.815,551.815,4.1852,0.4111
oar,103,0,45,330.495,551.805,177.51,0.2302
oar,103,0,46,330.265,551.825,172.5692,0.232
oar,103,0,47,330.04,551.87,164.7446,0.228
oar,103,0,48,329.83,551.94,158.1973,0.2154
oar,103,0,49,329.54,552.09,149.9316,0.4391
oar,103,0,50,329.185,552.345,138.6901,0.4393
oar,103,0,51,328.885,552.665,127.6497,0.4421
oar,103,0,52,328.65,553.04,116.5629,0.4472
oar,103,0,53,328.515,553.35,107.6521,0.2309
oar,103,0,54,328.45,553.57,105.2544,0.228
oar,103,0,55,328.405,553.795,97.4311,0.2319
oar,103,0,56,328.385,554.025,92.492,0.2302
oar,103,0,57,328.385,554.26,87.6117,0.2402
oar,103,0,58,328.405,554.495,82.5689,0.2319
oar,103,0,59,328.45,554.725,75.3797,0.2377
oar,103,0,60,328.515,554.95,72.3482,0.2309
oar,103,0,61,328.65,555.26,63.4369,0.4472
oar,103,0,62,328.885,555.635,52.3506,0.4421
oar,103,0,63,329.185,555.955,41.3099,0.4393
oar,103,0,64,329.545,556.21,29.4282,0.4478
oar,103,0,65,329.84,556.36,21.8007,0.2154
oar,103,0,66,330.05,556.43,15.2544,0.228
oar,103,0,67,330.275,556.48,9.8656,0.2335
oar,103,0,68,330.51,556.505,2.3866,0.2402
oar,103,0,69,330.83,556.49,174.2892,0.402
oar,103,0,70,331.225,556.415,164.2493,0.4052
oar,103,0,71,331.61,556.275,155.8978,0.4163
oar,103,0,72,331.965,556.065,142.8522,0.414
oar,103,0,73,332.13,556.355,90.0,0.83
oar,104,0,0,336.675,552.005,113.8537,1.6073
oar,104,0,1,337.38,551.27,0.0,0.76
oar,104,0,2,336.4,554.245,114.5672,6.5422
oar,104,0,3,333.68,554.245,65.4328,6.5422
oar,104,0,4,332.7,551.27,0.0,0.76
oar,104,0,5,333.405,552.005,66.1463,1.6073
oar,104,0,6,335.04,552.74,0.0,2.62
oar,104,1,0,335.04,553.37,0.0,2.02
oar,104,1,1,334.535,554.52,66.292,2.512
oar,104,1,2,335.545,554.52,113.708,2.512
oar,105,0,0,338.615,556.93,0.0,0.73
oar,105,0,1,338.25,554.1,90.0,5.66
oar,105,0,2,339.48,551.27,0.0,2.46
oar,105,0,3,340.71,551.585,90.0,0.63
oar,105,0,4,339.845,551.9,0.0,1.73
oar,105,0,5,338.98,554.415,90.0,5.03
oar,106,0,0,341.52,556.93,0.0,0.74
oar,106,0,1,341.15,554.1,90.0,5.66
oar,106,0,2,341.52,551.27,0.0,0.74
oar,106,0,3,341.89,554.1,90.0,5.66
oar,107,0,0,345.68,556.615,90.0,0.63
oar,107,0,1,344.29,556.93,0.0,2.78
oar,107,0,2,342.9,554.1,90.0,5.66
oar,107,0,3,343.27,551.27,0.0,0.74
oar,107,0,4,343.64,552.685,90.0,2.83
oar,107,0,5,344.625,554.1,0.0,1.97
oar,107,0,6,345.61,554.415,90.0,0.63
oar,107,0,7,344.625,554.73,0.0,1.97
oar,107,0,8,343.64,555.515,90.0,1.57
oar,107,0,9,344.66,556.3,0.0,2.04
oar,108,0,0,348.9,557.13,3.8143,0.3007
oar,108,0,1,348.6,557.1,7.5944,0.3027
oar,108,0,2,348.31,557.045,14.0362,0.2886
oar,108,0,3,348.035,556.96,20.3236,0.2879
oar,108,0,4,347.77,556.845,26.5644,0.2907
oar,108,0,5,347.515,556.705,30.9634,0.2915
oar,108,0,6,347.275,556.545,36.4682,0.286
oar,108,0,7,347.055,556.365,42.1385,0.2832
oar,108,0,8,346.85,556.165,46.4002,0.29
oar,108,0,9,346.665,555.945,53.5285,0.286
oar,108,0,10,346.505,555.71,57.9954,0.283
oar,108,0,11,346.365,555.455,64.2892,0.2997
oar,108,0,12,346.25,555.185,69.6758,0.2879
oar,108,0,13,346.16,554.905,74.5804,0.3008
oar,108,0,14,346.1,554.61,82.4037,0.3027
oar,108,0,15,346.07,554.305,86.3107,0.3106
oar,108,0,16,346.07,553.99,93.5744,0.3206
oar,108,0,17,346.1,553.68,97.5963,0.3027
oar,108,0,18,346.16,553.38,104.9291,0.3105
oar,108,0,19,346.25,553.095,110.3242,0.2879
oar,108,0,20,346.36,552.825,113.9616,0.2955
oar,108,0,21,346.495,552.57,122.0046,0.283
oar,108,0,22,346.66,552.335,128.0507,0.2921
oar,108,0,23,346.845,552.115,132.1376,0.2832
oar,108,0,24,347.045,551.915,137.8615,0.2832
oar,108,0,25,347.265,551.735,143.5287,0.286
oar,108,0,26,347.505,551.58,150.7506,0.2865
oar,108,0,27,347.76,551.45,155.2259,0.2864
oar,108,0,28,348.03,551.34,160.3464,0.2973
oar,108,0,29,348.31,551.255,165.9638,0.2886
oar,108,0,30,348.595,551.2,172.1467,0.2928
oar,108,0,31,348.895,551.175,178.152,0.3102
oar,108,0,32,349.2,551.175,1.9096,0.3002
oar,108,0,33,349.495,551.2,7.8533,0.2928
oar,108,0,34,349.785,551.255,13.57,0.2983
oar,108,0,35,350.065,551.34,20.3236,0.2879
oar,108,0,36,350.33,551.45,24.7741,0.2864
oar,108,0,37,350.585,551.58,29.2494,0.2865
oar,108,0,38,350.825,551.735,36.4676,0.286
oar,108,0,39,351.045,551.915,42.1385,0.2832
oar,108,0,40,351.25,552.115,46.4002,0.29
oar,108,0,41,351.435,552.335,53.5285,0.286
oar,108,0,42,351.595,552.57,57.9954,0.283
oar,108,0,43,351.735,552.825,64.2892,0.2997
oar,108,0,44,351.85,553.095,69.6758,0.2879
oar,108,0,45,351.935,553.38,76.8646,0.3081
oar,108,0,46,351.995,553.68,80.5399,0.3041
oar,108,0,47,352.025,553.99,88.2083,0.3202
oar,108,0,48,352.025,554.305,91.8494,0.3102
oar,108,0,49,351.995,554.61,99.4601,0.3041
oar,108,0,50,351.935,554.905,103.5718,0.2983
oar,108,0,51,351.845,555.185,112.1692,0.2916
oar,108,0,52,351.73,555.455,113.9616,0.2955
oar,108,0,53,351.59,555.71,123.6909,0.2884
oar,108,0,54,351.425,555.945,126.4665,0.286
oar,108,0,55,351.245,556.165,132.1376,0.2832
oar,108,0,56,351.04,556.365,139.1853,0.2907
oar,108,0,57,350.815,556.545,143.5318,0.286
oar,108,0,58,350.58,556.705,147.994,0.283
oar,108,0,59,350.33,556.845,153.4356,0.2907
oar,108,0,60,350.06,556.96,160.3464,0.2973
oar,108,0,61,349.78,557.045,165.9638,0.2886
oar,108,0,62,349.495,557.1,172.1467,0.2928
oar,108,0,63,349.2,557.13,176.1857,0.3007
oar,108,1,0,348.935,551.805,177.511,0.2302
oar,108,1,1,348.71,551.825,172.2342,0.222
oar,108,1,2,348.495,551.87,164.0536,0.2184
oar,108,1,3,348.285,551.94,159.1452,0.2247
oar,108,1,4,347.99,552.085,151.074,0.4342
oar,108,1,5,347.63,552.33,140.527,0.4405
oar,108,1,6,347.32,552.645,128.6598,0.4482
oar,108,1,7,347.075,553.02,117.6984,0.4518
oar,108,1,8,346.935,553.33,107.6521,0.2309
oar,108,1,9,346.87,553.555,104.6203,0.2377
oar,108,1,10,346.825,553.79,97.1247,0.2419
oar,108,1,11,346.8,554.03,94.7683,0.2408
oar,108,1,12,346.795,554.27,87.6117,0.2402
oar,108,1,13,346.82,554.505,80.1321,0.2335
oar,108,1,14,346.865,554.735,77.7381,0.2354
oar,108,1,15,346.925,554.955,71.5632,0.2214
oar,108,1,16,347.06,555.26,63.4371,0.4472
oar,108,1,17,347.29,555.635,53.3918,0.436
oar,108,1,18,347.585,555.955,41.3072,0.4393
oar,108,1,19,347.945,556.21,29.4286,0.4478
oar,108,1,20,348.245,556.36,20.8548,0.2247
oar,108,1,21,348.46,556.43,15.2554,0.228
oar,108,1,22,348.685,556.48,9.8656,0.2335
oar,108,1,23,348.925,556.505,2.2902,0.2502
oar,108,1,24,349.17,556.505,177.6144,0.2402
oar,108,1,25,349.405,556.48,170.1344,0.2335
oar,108,1,26,349.635,556.43,165.3795,0.2377
oar,108,1,27,349.855,556.36,159.1452,0.2247
oar,108,1,28,350.15,556.21,149.9316,0.4391
oar,108,1,29,350.505,555.955,138.6901,0.4393
oar,108,1,30,350.805,555.635,127.6497,0.4421
oar,108,1,31,351.035,555.26,115.4044,0.4428
oar,108,1,32,351.165,554.955,108.4368,0.2214
oar,108,1,33,351.23,554.735,104.6203,0.2377
oar,108,1,34,351.275,554.505,97.4311,0.2319
oar,108,1,35,351.295,554.27,92.3883,0.2402
oar,108,1,36,351.295,554.03,87.6117,0.2402
oar,108,1,37,351.27,553.79,80.5428,0.2433
oar,108,1,38,351.225,553.555,77.7308,0.2354
oar,108,1,39,351.16,553.33,70.0198,0.2341
oar,108,1,40,351.015,553.02,62.2981,0.4518
oar,108,1,41,350.77,552.645,51.3402,0.4482
oar,108,1,42,350.465,552.33,40.3155,0.4328
oar,108,1,43,350.105,552.085,28.2998,0.443
oar,108,1,44,349.81,551.94,21.8027,0.2154
oar,108,1,45,349.6,551.87,15.2554,0.228
oar,108,1,46,349.38,551.825,7.7658,0.222
oar,108,1,47,349.16,551.805,2.6021,0.2202
oar,109,0,0,354.67,553.785,13.1345,0.308
oar,109,0,1,354.95,553.88,24.7741,0.2864
oar,109,0,2,355.2,554.02,33.6911,0.2884
oar,109,0,3,355.415,554.195,45.0,0.2687
oar,109,0,4,355.585,554.405,56.8843,0.2746
oar,109,0,5,355.72,554.65,65.2256,0.2864
oar,109,0,6,355.815,554.915,75.4702,0.2789
oar,109,0,7,355.86,555.2,86.1822,0.3007
oar,109,0,8,355.845,555.54,97.4986,0.3833
oar,109,0,9,355.75,555.915,110.7235,0.3956
oar,109,0,10,355.57,556.26,124.5087,0.3883
oar,109,0,11,355.31,556.545,140.1933,0.3905
oar,109,0,12,354.975,556.745,157.9333,0.3993
oar,109,0,13,354.6,556.855,169.5619,0.3864
oar,109,0,14,354.21,556.905,175.7113,0.4011
oar,109,0,15,353.815,556.925,178.5308,0.3901
oar,109,0,16,353.175,556.93,0.0,0.89
oar,109,0,17,352.73,554.1,90.0,5.66
oar,109,0,18,353.095,551.27,0.0,0.73
oar,109,0,19,353.46,552.475,90.0,2.41
oar,109,0,20,353.61,553.68,0.0,0.3
oar,109,0,21,354.61,552.475,125.1991,2.9493
oar,109,0,22,355.88,551.27,0.0,0.84
oar,109,0,23,355.41,552.51,125.6686,3.0527
oar,109,1,0,353.555,556.3,0.0,0.19
oar,109,1,1,353.79,556.295,177.9549,0.2802
oar,109,1,2,354.07,556.28,175.9143,0.2807
oar,109,1,3,354.34,556.245,169.115,0.2648
oar,109,1,4,354.595,556.175,160.2011,0.2657
oar,109,1,5,354.825,556.07,150.2535,0.2419
oar,109,1,6,355.01,555.92,131.6347,0.2408
oar,109,1,7,355.145,555.72,116.5619,0.246
oar,109,1,8,355.22,555.465,97.8549,0.2927
oar,109,1,9,355.225,555.17,84.2896,0.3015
oar,109,1,10,355.155,554.905,64.4368,0.255
oar,109,1,11,355.025,554.7,50.1956,0.2343
oar,109,1,12,354.85,554.545,33.0265,0.2385
oar,109,1,13,354.63,554.44,18.433,0.253
oar,109,1,14,354.38,554.37,12.9959,0.2668
oar,109,1,15,354.11,554.33,4.0857,0.2807
oar,109,1,16,353.83,554.315,2.0451,0.2802
oar,109,1,17,353.575,554.31,0.0,0.23
oar,109,1,18,353.46,555.305,90.0,1.99
oar,110,0,0,357.19,551.27,0.0,0.74
oar,110,0,1,357.56,553.405,90.0,4.27
oar,110,0,2,359.655,553.29,132.957,6.1487
oar,110,0,3,361.75,553.985,90.0,5.89
oar,110,0,4,361.38,556.93,0.0,0.74
oar,110,0,5,361.01,554.865,90.0,4.13
oar,110,0,6,358.915,555.0,133.5996,6.0759
oar,110,0,7,356.82,554.235,90.0,5.93
oar,111,0,0,363.115,556.93,0.0,0.73
oar,111,0,1,362.75,554.1,90.0,5.66
oar,111,0,2,363.115,551.27,0.0,0.73
oar,111,0,3,363.48,554.1,90.0,5.66
oar,112,0,0,368.225,552.005,113.8537,1.6073
oar,112,0,1,368.935,551.27,0.0,0.77
oar,112,0,2,367.955,554.245,114.6469,6.5464
oar,112,0,3,365.23,554.245,65.4328,6.5422
oar,112,0,4,364.25,551.27,0.0,0.76
oar,112,0,5,364.955,552.005,66.1463,1.6073
oar,112,0,6,366.59,552.74,0.0,2.62
oar,112,1,0,366.595,553.37,0.0,2.03
oar,112,1,1,366.085,554.52,66.292,2.512
oar,112,1,2,367.1,554.52,113.916,2.516
oar,113,0,0,298.345,38.655,66.4855,4.2859
oar,113,0,1,299.205,40.62,0.0,0.01
oar,113,0,2,299.545,38.705,99.9228,3.8882
oar,113,0,3,300.245,36.79,0.0,0.73
oar,113,0,4,300.03,39.78,100.9779,6.0915
oar,113,0,5,298.47,40.53,66.3709,4.89
oar,113,0,6,296.515,40.53,113.5219,4.886
oar,113,0,7,294.96,39.78,79.0224,6.0915
oar,113,0,8,294.745,36.79,0.0,0.73
oar,113,0,9,295.44,38.695,80.1722,3.8667
oar,113,0,10,295.78,40.6,0.0,0.02
oar,113,0,11,296.64,38.645,113.4989,4.2636
oar,114,0,0,304.955,37.525,113.8541,1.6073
oar,114,0,1,305.66,36.79,0.0,0.76
oar,114,0,2,304.68,39.765,114.5674,6.5422
oar,114,0,3,301.955,39.765,65.353,6.5464
oar,114,0,4,300.975,36.79,0.0,0.77
oar,114,0,5,301.685,37.525,66.1459,1.6073
oar,114,0,6,303.32,38.26,0.0,2.62
oar,114,1,0,303.315,38.89,0.0,2.03
oar,114,1,1,302.81,40.04,66.0839,2.516
oar,114,1,2,303.825,40.04,113.7081,2.512
oar,115,0,0,308.47,39.305,13.1359,0.308
oar,115,0,1,308.75,39.4,24.7734,0.2864
oar,115,0,2,308.995,39.54,34.8187,0.2802
oar,115,0,3,309.21,39.715,43.5342,0.2759
oar,115,0,4,309.385,39.925,56.8891,0.2746
oar,115,0,5,309.52,40.17,65.2266,0.2864
oar,115,0,6,309.615,40.44,75.9667,0.2886
oar,115,0,7,309.66,40.725,86.0507,0.2907
oar,115,0,8,309.645,41.065,97.3081,0.3932
oar,115,0,9,309.55,41.44,111.2491,0.3862
oar,115,0,10,309.37,41.78,124.5081,0.3883
oar,115,0,11,309.11,42.065,140.1933,0.3905
oar,115,0,12,308.775,42.265,157.9302,0.3993
oar,115,0,13,308.395,42.38,168.405,0.3981
oar,115,0,14,308.005,42.435,175.6061,0.3912
oar,115,0,15,307.61,42.45,0.0,0.4
oar,115,0,16,306.97,42.45,0.0,0.88
oar,115,0,17,306.53,39.62,90.0,5.66
oar,115,0,18,306.895,36.79,0.0,0.73
oar,115,0,19,307.26,37.995,90.0,2.41
oar,115,0,20,307.41,39.2,0.0,0.3
oar,115,0,21,308.41,37.995,125.1994,2.9492
oar,115,0,22,309.68,36.79,0.0,0.84
oar,115,0,23,309.21,38.03,125.6688,3.0527
oar,115,1,0,307.355,41.82,0.0,0.19
oar,115,1,1,307.59,41.815,177.9526,0.2802
oar,115,1,2,307.865,41.8,175.7722,0.2707
oar,115,1,3,308.135,41.765,169.4992,0.2746
oar,115,1,4,308.395,41.695,160.2081,0.2657
oar,115,1,5,308.625,41.59,150.2551,0.2419
oar,115,1,6,308.81,41.44,131.6353,0.2408
oar,115,1,7,308.945,41.24,116.5587,0.246
oar,115,1,8,309.02,40.985,97.8556,0.2927
oar,115,1,9,309.02,40.69,82.4034,0.3026
oar,115,1,10,308.95,40.425,66.5039,0.2508
oar,115,1,11,308.825,40.22,50.1944,0.2343
oar,115,1,12,308.645,40.07,29.7449,0.2419
oar,115,1,13,308.425,39.965,21.3623,0.247
oar,115,1,14,308.18,39.895,10.8968,0.2648
oar,115,1,15,307.91,39.855,6.1091,0.2816
oar,115,1,16,307.63,39.835,2.0474,0.2802
oar,115,1,17,307.375,39.83,0.0,0.23
oar,115,1,18,307.26,40.825,90.0,1.99
oar,116,0,0,310.99,42.45,0.0,0.74
oar,116,0,1,310.62,39.62,90.0,5.66
oar,116,0,2,310.99,36.79,0.0,0.74
oar,116,0,3,311.36,39.62,90.0,5.66
oar,117,0,0,312.74,36.79,0.0,0.74
oar,117,0,1,313.11,38.925,90.0,4.27
oar,117,0,2,315.205,38.81,132.957,6.1487
oar,117,0,3,317.3,39.505,90.0,5.89
oar,117,0,4,316.93,42.45,0.0,0.74
oar,117,0,5,316.56,40.385,90.0,4.1299
oar,117,0,6,314.465,40.52,133.5998,6.0758
oar,117,0,7,312.37,39.755,90.0,5.93
oar,118,0,0,322.025,37.525,113.8541,1.6073
oar,118,0,1,322.73,36.79,0.0,0.76
oar,118,0,2,321.75,39.765,114.5674,6.5422
oar,118,0,3,319.03,39.765,65.4326,6.5422
oar,118,0,4,318.05,36.79,0.0,0.76
oar,118,0,5,318.755,37.525,66.1459,1.6073
oar,118,0,6,320.39,38.26,0.0,2.62
oar,118,1,0,320.39,38.89,0.0,2.02
oar,118,1,1,319.885,40.04,66.2919,2.512
oar,118,1,2,320.895,40.04,113.7081,2.512
oar,119,0,0,323.92,36.615,67.0409,2.2047
oar,119,0,1,323.705,35.515,158.4303,0.4624
oar,119,0,2,324.44,36.415,62.1705,2.2277
oar,119,0,3,324.655,37.515,159.3422,0.6519
oar,120,0,0,331.96,42.37,154.8023,0.3758
oar,120,0,1,331.615,42.51,161.0674,0.37
oar,120,0,2,331.255,42.605,169.2948,0.3765
oar,120,0,3,330.88,42.65,176.9843,0.3805
oar,120,0,4,330.535,42.655,1.8494,0.3102
oar,120,0,5,330.23,42.625,9.4604,0.3041
oar,120,0,6,329.935,42.565,13.5714,0.2983
oar,120,0,7,329.65,42.48,19.6495,0.2973
oar,120,0,8,329.375,42.37,23.9601,0.2955
oar,120,0,9,329.115,42.235,30.9679,0.2916
oar,120,0,10,328.875,42.075,36.4688,0.286
oar,120,0,11,328.65,41.89,42.2753,0.2973
oar,120,0,12,328.44,41.685,46.3984,0.29
oar,120,0,13,328.255,41.465,53.5312,0.286
oar,120,0,14,328.09,41.225,57.3802,0.2968
oar,120,0,15,327.945,40.97,63.4349,0.2907
oar,120,0,16,327.83,40.7,70.343,0.2973
oar,120,0,17,327.745,40.41,76.8667,0.3081
oar,120,0,18,327.685,40.11,80.5396,0.3041
oar,120,0,19,327.65,39.8,86.4257,0.3206
oar,120,0,20,327.65,39.485,93.6894,0.3106
oar,120,0,21,327.685,39.185,99.7808,0.2943
oar,120,0,22,327.745,38.895,103.5728,0.2983
oar,120,0,23,327.83,38.61,109.653,0.2974
oar,120,0,24,327.945,38.345,117.4753,0.2818
oar,120,0,25,328.085,38.095,120.9627,0.2915
oar,120,0,26,328.25,37.86,129.292,0.2842
oar,120,0,27,328.435,37.645,132.135,0.2832
oar,120,0,28,328.635,37.445,137.8609,0.2832
oar,120,0,29,328.855,37.265,143.5348,0.286
oar,120,0,30,329.095,37.11,150.7486,0.2865
oar,120,0,31,329.35,36.975,153.4349,0.2907
oar,120,0,32,329.615,36.865,161.5709,0.2846
oar,120,0,33,329.895,36.785,166.4286,0.2983
oar,120,0,34,330.185,36.725,170.2085,0.2943
oar,120,0,35,330.48,36.695,178.1006,0.3002
oar,120,0,36,330.825,36.7,2.9295,0.3905
oar,120,0,37,331.21,36.75,11.8919,0.3883
oar,120,0,38,331.59,36.85,17.5247,0.3985
oar,120,0,39,331.955,36.995,25.9039,0.3891
oar,120,0,40,332.13,37.5,90.0,0.84
oar,120,0,41,331.96,37.79,37.4067,0.428
oar,120,0,42,331.605,37.565,27.1817,0.4159
oar,120,0,43,331.22,37.415,15.3745,0.4148
oar,120,0,44,330.815,37.34,5.5691,0.4119
oar,120,0,45,330.495,37.325,177.5233,0.2302
oar,120,0,46,330.265,37.35,170.1252,0.2335
oar,120,0,47,330.04,37.395,167.1988,0.2256
oar,120,0,48,329.83,37.465,155.7784,0.2193
oar,120,0,49,329.54,37.62,149.9282,0.4391
oar,120,0,50,329.185,37.875,138.6924,0.4393
oar,120,0,51,328.885,38.195,127.6467,0.4421
oar,120,0,52,328.65,38.565,117.1503,0.4382
oar,120,0,53,328.515,38.87,107.6495,0.2309
oar,120,0,54,328.45,39.09,105.2565,0.228
oar,120,0,55,328.405,39.315,97.4298,0.232
oar,120,0,56,328.385,39.55,92.3884,0.2402
oar,120,0,57,328.385,39.785,87.5078,0.2302
oar,120,0,58,328.405,40.02,82.875,0.2419
oar,120,0,59,328.45,40.25,74.7476,0.2281
oar,120,0,60,328.515,40.47,72.3459,0.2308
oar,120,0,61,328.65,40.78,63.4384,0.4472
oar,120,0,62,328.885,41.155,52.3484,0.442
oar,120,0,63,329.185,41.475,41.3136,0.4393
oar,120,0,64,329.545,41.73,29.4252,0.4477
oar,120,0,65,329.84,41.88,21.8044,0.2154
oar,120,0,66,330.05,41.95,15.2544,0.228
oar,120,0,67,330.275,42.0,9.86,0.2335
oar,120,0,68,330.51,42.025,2.3884,0.2402
oar,120,0,69,330.83,42.01,174.2924,0.402
oar,120,0,70,331.225,41.94,165.6141,0.4026
oar,120,0,71,331.61,41.8,154.655,0.4205
oar,120,0,72,331.965,41.585,142.8522,0.414
oar,120,0,73,332.13,41.875,90.0,0.83
oar,121,0,0,336.675,37.525,113.8541,1.6073
oar,121,0,1,337.38,36.79,0.0,0.76
oar,121,0,2,336.4,39.765,114.5674,6.5422
oar,121,0,3,333.68,39.765,65.4326,6.5422
oar,121,0,4,332.7,36.79,0.0,0.76
oar,121,0,5,333.405,37.525,66.1459,1.6073
oar,121,0,6,335.04,38.26,0.0,2.62
oar,121,1,0,335.04,38.89,0.0,2.02
oar,121,1,1,334.535,40.04,66.2919,2.512
oar,121,1,2,335.545,40.04,113.7081,2.512
oar,122,0,0,338.615,42.45,0.0,0.73
oar,122,0,1,338.25,39.62,90.0,5.66
oar,122,0,2,339.48,36.79,0.0,2.46
oar,122,0,3,340.71,37.105,90.0,0.6299
oar,122,0,4,339.845,37.42,0.0,1.73
oar,122,0,5,338.98,39.935,90.0,5.03
oar,123,0,0,341.52,42.45,0.0,0.74
oar,123,0,1,341.15,39.62,90.0,5.66
oar,123,0,2,341.52,36.79,0.0,0.74
oar,123,0,3,341.89,39.62,90.0,5.66
oar,124,0,0,345.68,42.135,90.0,0.63
oar,124,0,1,344.29,42.45,0.0,2.78
oar,124,0,2,342.9,39.62,90.0,5.66
oar,124,0,3,343.27,36.79,0.0,0.74
oar,124,0,4,343.64,38.205,90.0,2.83
oar,124,0,5,344.625,39.62,0.0,1.97
oar,124,0,6,345.61,39.935,90.0,0.63
oar,124,0,7,344.625,40.25,0.0,1.97
oar,124,0,8,343.64,41.035,90.0,1.57
oar,124,0,9,344.66,41.82,0.0,2.04
oar,125,0,0,348.9,42.65,3.8179,0.3007
oar,125,0,1,348.6,42.62,7.5901,0.3027
oar,125,0,2,348.31,42.565,14.0377,0.2886
oar,125,0,3,348.035,42.48,20.3193,0.2879
oar,125,0,4,347.77,42.365,26.5651,0.2907
oar,125,0,5,347.515,42.23,29.2514,0.2865
oar,125,0,6,347.275,42.07,38.0446,0.2921
oar,125,0,7,347.055,41.885,42.1391,0.2832
oar,125,0,8,346.85,41.685,46.4028,0.29
oar,125,0,9,346.665,41.465,53.5263,0.286
oar,125,0,10,346.505,41.23,57.9946,0.283
oar,125,0,11,346.365,40.975,64.2908,0.2997
oar,125,0,12,346.25,40.705,69.6771,0.2879
oar,125,0,13,346.16,40.425,74.5792,0.3008
oar,125,0,14,346.1,40.13,82.4034,0.3026
oar,125,0,15,346.07,39.825,86.3106,0.3106
oar,125,0,16,346.07,39.515,93.6894,0.3106
oar,125,0,17,346.1,39.205,97.354,0.3126
oar,125,0,18,346.16,38.905,105.4177,0.3009
oar,125,0,19,346.25,38.62,109.657,0.2973
oar,125,0,20,346.36,38.345,113.9601,0.2955
oar,125,0,21,346.495,38.09,122.0054,0.283
oar,125,0,22,346.66,37.855,128.053,0.2921
oar,125,0,23,346.845,37.635,132.135,0.2832
oar,125,0,24,347.045,37.435,137.8609,0.2832
oar,125,0,25,347.265,37.26,145.1777,0.2801
oar,125,0,26,347.505,37.105,149.0321,0.2916
oar,125,0,27,347.76,36.97,155.2266,0.2864
oar,125,0,28,348.03,36.86,160.3505,0.2973
oar,125,0,29,348.31,36.78,167.9057,0.2864
oar,125,0,30,348.595,36.725,170.2085,0.2943
oar,125,0,31,348.895,36.695,178.1618,0.3102
oar,125,0,32,349.2,36.695,1.8994,0.3002
oar,125,0,33,349.495,36.725,9.7915,0.2943
oar,125,0,34,349.785,36.78,11.6886,0.2961
oar,125,0,35,350.065,36.86,20.3193,0.2879
oar,125,0,36,350.33,36.97,24.7734,0.2864
oar,125,0,37,350.585,37.105,30.9679,0.2916
oar,125,0,38,350.825,37.26,34.8187,0.2802
oar,125,0,39,351.045,37.435,42.1391,0.2832
oar,125,0,40,351.25,37.635,46.4028,0.29
oar,125,0,41,351.435,37.855,53.5263,0.286
oar,125,0,42,351.595,38.09,57.9946,0.283
oar,125,0,43,351.735,38.345,64.2908,0.2997
oar,125,0,44,351.85,38.62,70.343,0.2973
oar,125,0,45,351.935,38.905,76.43,0.2984
oar,125,0,46,351.995,39.205,80.8398,0.314
oar,125,0,47,352.025,39.515,88.1506,0.3102
oar,125,0,48,352.025,39.825,91.8494,0.3102
oar,125,0,49,351.995,40.13,99.4604,0.3041
oar,125,0,50,351.935,40.425,103.5728,0.2983
oar,125,0,51,351.845,40.705,112.1678,0.2916
oar,125,0,52,351.73,40.975,113.9601,0.2955
oar,125,0,53,351.59,41.23,123.6917,0.2884
oar,125,0,54,351.425,41.465,126.4688,0.286
oar,125,0,55,351.245,41.685,132.135,0.2832
oar,125,0,56,351.04,41.885,139.1847,0.2907
oar,125,0,57,350.815,42.07,141.9554,0.2921
oar,125,0,58,350.58,42.23,149.7399,0.2778
oar,125,0,59,350.33,42.365,153.4349,0.2907
oar,125,0,60,350.06,42.48,160.3505,0.2973
oar,125,0,61,349.78,42.565,165.9623,0.2886
oar,125,0,62,349.495,42.62,172.1512,0.2928
oar,125,0,63,349.2,42.65,176.1821,0.3007
oar,125,1,0,348.935,37.325,177.5081,0.2302
oar,125,1,1,348.71,37.345,172.2274,0.222
oar,125,1,2,348.495,37.39,164.0546,0.2184
oar,125,1,3,348.285,37.46,159.1407,0.2247
oar,125,1,4,347.99,37.605,151.0784,0.4342
oar,125,1,5,347.63,37.855,139.5337,0.4469
oar,125,1,6,347.32,38.17,129.4752,0.4404
oar,125,1,7,347.075,38.54,117.6971,0.4518
oar,125,1,8,346.935,38.85,107.6541,0.2308
oar,125,1,9,346.87,39.075,104.6178,0.2377
oar,125,1,10,346.825,39.31,97.125,0.2419
oar,125,1,11,346.8,39.55,94.7685,0.2408
oar,125,1,12,346.795,39.79,87.6116,0.2402
oar,125,1,13,346.82,40.025,80.1313,0.2334
oar,125,1,14,346.865,40.255,77.7403,0.2354
oar,125,1,15,346.925,40.475,71.5601,0.2213
oar,125,1,16,347.06,40.78,63.4384,0.4472
oar,125,1,17,347.29,41.155,53.39,0.436
oar,125,1,18,347.585,41.475,41.311,0.4394
oar,125,1,19,347.945,41.73,29.4252,0.4477
oar,125,1,20,348.245,41.88,20.8593,0.2247
oar,125,1,21,348.46,41.95,15.2544,0.228
oar,125,1,22,348.685,42.0,9.86,0.2335
oar,125,1,23,348.925,42.025,2.2928,0.2502
oar,125,1,24,349.17,42.025,177.6116,0.2402
oar,125,1,25,349.405,42.0,170.14,0.2335
oar,125,1,26,349.635,41.95,165.3804,0.2377
oar,125,1,27,349.855,41.88,159.1407,0.2247
oar,125,1,28,350.15,41.73,149.935,0.4391
oar,125,1,29,350.505,41.475,138.6864,0.4393
oar,125,1,30,350.805,41.155,127.6516,0.442
oar,125,1,31,351.035,40.78,115.4031,0.4428
oar,125,1,32,351.165,40.475,108.4399,0.2213
oar,125,1,33,351.23,40.255,104.6178,0.2377
oar,125,1,34,351.275,40.025,97.4317,0.2319
oar,125,1,35,351.295,39.79,92.3884,0.2402
oar,125,1,36,351.295,39.55,87.6116,0.2402
oar,125,1,37,351.27,39.31,80.5424,0.2433
oar,125,1,38,351.225,39.075,77.733,0.2354
oar,125,1,39,351.16,38.85,70.0175,0.2341
oar,125,1,40,351.015,38.54,62.2995,0.4518
oar,125,1,41,350.77,38.17,50.5248,0.4404
oar,125,1,42,350.465,37.855,41.3136,0.4393
oar,125,1,43,350.105,37.605,28.2954,0.4429
oar,125,1,44,349.81,37.46,21.8074,0.2154
oar,125,1,45,349.6,37.39,15.2544,0.228
oar,125,1,46,349.38,37.345,7.7726,0.222
oar,125,1,47,349.16,37.325,2.6051,0.2202
oar,126,0,0,354.67,39.305,13.1359,0.308
oar,126,0,1,354.95,39.4,24.7734,0.2864
oar,126,0,2,355.2,39.54,33.6867,0.2884
oar,126,0,3,355.415,39.715,45.0,0.2687
oar,126,0,4,355.585,39.925,56.8891,0.2746
oar,126,0,5,355.72,40.17,65.2266,0.2864
oar,126,0,6,355.815,40.44,75.9667,0.2886
oar,126,0,7,355.86,40.725,86.0507,0.2907
oar,126,0,8,355.845,41.065,97.3081,0.3932
oar,126,0,9,355.75,41.44,111.2491,0.3862
oar,126,0,10,355.57,41.78,124.5081,0.3883
oar,126,0,11,355.31,42.065,140.1933,0.3905
oar,126,0,12,354.975,42.265,157.9302,0.3993
oar,126,0,13,354.6,42.38,168.1081,0.3883
oar,126,0,14,354.21,42.435,175.7156,0.4011
oar,126,0,15,353.815,42.45,0.0,0.39
oar,126,0,16,353.175,42.45,0.0,0.89
oar,126,0,17,352.73,39.62,90.0,5.66
oar,126,0,18,353.095,36.79,0.0,0.73
oar,126,0,19,353.46,37.995,90.0,2.41
oar,126,0,20,353.61,39.2,0.0,0.3
oar,126,0,21,354.61,37.995,125.1994,2.9492
oar,126,0,22,355.88,36.79,0.0,0.84
oar,126,0,23,355.41,38.03,125.6688,3.0527
oar,126,1,0,353.555,41.82,0.0,0.19
oar,126,1,1,353.79,41.815,177.9526,0.2802
oar,126,1,2,354.07,41.8,175.9228,0.2807
oar,126,1,3,354.34,41.765,169.1045,0.2648
oar,126,1,4,354.595,41.695,160.2081,0.2657
oar,126,1,5,354.825,41.59,150.2551,0.2419
oar,126,1,6,355.01,41.44,131.6353,0.2408
oar,126,1,7,355.145,41.24,116.5587,0.246
oar,126,1,8,355.22,40.985,97.8556,0.2927
oar,126,1,9,355.225,40.69,84.2894,0.3015
oar,126,1,10,355.155,40.425,64.4408,0.255
oar,126,1,11,355.025,40.22,50.1944,0.2343
oar,126,1,12,354.85,40.07,30.965,0.2332
oar,126,1,13,354.63,39.965,20.5473,0.2563
oar,126,1,14,354.38,39.895,10.8968,0.2648
oar,126,1,15,354.11,39.855,6.1091,0.2816
oar,126,1,16,353.83,39.835,2.0474,0.2802
oar,126,1,17,353.575,39.83,0.0,0.23
oar,126,1,18,353.46,40.825,90.0,1.99
oar,127,0,0,357.19,36.79,0.0,0.74
oar,127,0,1,357.56,38.925,90.0,4.27
oar,127,0,2,359.655,38.81,132.957,6.1487
oar,127,0,3,361.75,39.505,90.0,5.89
oar,127,0,4,361.38,42.45,0.0,0.74
oar,127,0,5,361.01,40.385,90.0,4.1299
oar,127,0,6,358.915,40.52,133.5998,6.0758
oar,127,0,7,356.82,39.755,90.0,5.93
oar,128,0,0,363.115,42.45,0.0,0.73
oar,128,0,1,362.75,39.62,90.0,5.66
oar,128,0,2,363.115,36.79,0.0,0.73
oar,128,0,3,363.48,39.62,90.0,5.66
oar,129,0,0,368.225,37.525,113.8541,1.6073
oar,129,0,1,368.935,36.79,0.0,0.77
oar,129,0,2,367.955,39.765,114.647,6.5464
oar,129,0,3,365.23,39.765,65.4326,6.5422
oar,129,0,4,364.25,36.79,0.0,0.76
oar,129,0,5,364.955,37.525,66.1459,1.6073
oar,129,0,6,366.59,38.26,0.0,2.62
oar,129,1,0,366.595,38.89,0.0,2.03
oar,129,1,1,366.085,40.04,66.2919,2.512
oar,129,1,2,367.1,40.04,113.9161,2.516
oar,130,0,0,347.14,26.325,139.267,0.4751
oar,130,0,1,346.81,26.665,129.0376,0.4763
oar,130,0,2,346.535,27.055,121.3709,0.4802
oar,130,0,3,346.305,27.48,115.5128,0.4875
oar,130,0,4,346.125,27.935,107.7008,0.4933
oar,130,0,5,345.995,28.415,102.6546,0.5022
oar,130,0,6,345.91,28.91,96.8425,0.5036
oar,130,0,7,345.87,29.405,92.3361,0.4904
oar,130,0,8,345.86,29.79,90.0,0.28
oar,130,0,9,345.87,30.065,85.7662,0.2708
oar,130,0,10,345.89,30.33,85.6028,0.2607
oar,130,0,11,345.915,30.585,83.1575,0.2518
oar,130,0,12,345.98,30.945,77.9886,0.4806
oar,130,0,13,346.1,31.405,72.7172,0.4713
oar,130,0,14,346.27,31.84,64.5378,0.4652
oar,130,0,15,346.495,32.25,57.9962,0.4717
oar,130,0,16,346.695,32.545,51.6967,0.242
oar,130,0,17,346.855,32.735,48.1831,0.2549
oar,130,0,18,347.03,32.92,45.0097,0.2546
oar,130,0,19,347.22,33.1,41.9843,0.2691
oar,130,0,20,347.32,33.31,90.0,0.24
oar,130,0,21,347.195,33.35,32.6248,0.2968
oar,130,0,22,346.95,33.185,35.3096,0.2941
oar,130,0,23,346.72,33.01,39.2881,0.2842
oar,130,0,24,346.505,32.825,42.135,0.2832
oar,130,0,25,346.305,32.625,47.8696,0.2832
oar,130,0,26,346.12,32.41,50.7032,0.2842
oar,130,0,27,345.95,32.19,53.9759,0.2721
oar,130,0,28,345.795,31.96,57.9946,0.283
oar,130,0,29,345.6,31.585,64.8002,0.5637
oar,130,0,30,345.39,31.06,71.5651,0.5692
oar,130,0,31,345.265,30.65,75.9608,0.2886
oar,130,0,32,345.21,30.365,82.1461,0.2928
oar,130,0,33,345.175,30.07,84.2894,0.3015
oar,130,0,34,345.155,29.765,88.1506,0.3102
oar,130,0,35,345.155,29.445,91.7373,0.3302
oar,130,0,36,345.18,29.12,97.1264,0.3225
oar,130,0,37,345.225,28.81,99.4604,0.3041
oar,130,0,38,345.285,28.515,103.5728,0.2983
oar,130,0,39,345.365,28.235,108.433,0.2846
oar,130,0,40,345.465,27.975,113.7525,0.2731
oar,130,0,41,345.58,27.73,116.5651,0.2683
oar,130,0,42,345.71,27.495,121.328,0.2692
oar,130,0,43,345.94,27.165,126.6572,0.536
oar,130,0,44,346.285,26.76,134.2354,0.5304
oar,130,0,45,346.675,26.4,140.3302,0.5327
oar,130,0,46,347.1,26.07,143.9722,0.5441
oar,130,0,47,347.32,26.04,90.0,0.26
oar,131,0,0,350.35,33.42,3.5797,0.3206
oar,131,0,1,350.04,33.38,11.3099,0.3059
oar,131,0,2,349.755,33.305,18.4272,0.2846
oar,131,0,3,349.49,33.195,26.5677,0.2907
oar,131,0,4,349.24,33.05,33.6934,0.2885
oar,131,0,5,349.01,32.88,39.292,0.2842
oar,131,0,6,348.8,32.685,46.3901,0.29
oar,131,0,7,348.615,32.47,52.3076,0.2781
oar,131,0,8,348.45,32.235,57.3802,0.2968
oar,131,0,9,348.305,31.985,62.5302,0.2818
oar,131,0,10,348.18,31.725,66.0345,0.2955
oar,131,0,11,348.075,31.45,72.1799,0.2941
oar,131,0,12,347.99,31.17,74.0587,0.2912
oar,131,0,13,347.925,30.89,79.8766,0.2844
oar,131,0,14,347.885,30.61,83.8792,0.2816
oar,131,0,15,347.865,30.33,87.9586,0.2801
oar,131,0,16,347.865,30.05,92.041,0.2802
oar,131,0,17,347.885,29.77,96.1221,0.2816
oar,131,0,18,347.925,29.49,100.1212,0.2845
oar,131,0,19,347.99,29.21,105.9446,0.2912
oar,131,0,20,348.075,28.93,107.8165,0.2941
oar,131,0,21,348.18,28.655,113.9703,0.2954
oar,131,0,22,348.305,28.39,116.5597,0.2907
oar,131,0,23,348.45,28.14,123.6917,0.2884
oar,131,0,24,348.615,27.905,126.4665,0.286
oar,131,0,25,348.8,27.69,135.0,0.2829
oar,131,0,26,349.01,27.495,139.1808,0.2907
oar,131,0,27,349.24,27.325,148.0031,0.283
oar,131,0,28,349.49,27.185,153.4323,0.2907
oar,131,0,29,349.755,27.075,161.5612,0.2846
oar,131,0,30,350.04,27.0,168.6901,0.3059
oar,131,0,31,350.35,26.96,176.4311,0.3206
oar,131,0,32,350.67,26.96,3.5689,0.3206
oar,131,0,33,350.98,27.0,11.3099,0.3059
oar,131,0,34,351.27,27.075,17.8239,0.2941
oar,131,0,35,351.54,27.185,26.5651,0.2907
oar,131,0,36,351.79,27.325,32.0001,0.283
oar,131,0,37,352.015,27.495,42.1391,0.2832
oar,131,0,38,352.22,27.69,45.0,0.2829
oar,131,0,39,352.41,27.905,51.9591,0.2921
oar,131,0,40,352.575,28.14,57.9894,0.283
oar,131,0,41,352.72,28.39,61.7029,0.2953
oar,131,0,42,352.845,28.655,67.8277,0.2915
oar,131,0,43,352.95,28.93,70.3525,0.2973
oar,131,0,44,353.035,29.21,75.9608,0.2886
oar,131,0,45,353.095,29.49,79.8788,0.2845
oar,131,0,46,353.135,29.77,83.8779,0.2816
oar,131,0,47,353.16,30.05,85.917,0.2807
oar,131,0,48,353.16,30.33,94.0838,0.2807
oar,131,0,49,353.135,30.61,96.1208,0.2816
oar,131,0,50,353.095,30.89,100.1234,0.2844
oar,131,0,51,353.035,31.17,104.0362,0.2886
oar,131,0,52,352.95,31.45,109.6515,0.2973
oar,131,0,53,352.845,31.725,112.1678,0.2916
oar,131,0,54,352.72,31.985,119.2461,0.2865
oar,131,0,55,352.575,32.235,120.9679,0.2916
oar,131,0,56,352.41,32.47,129.2842,0.2843
oar,131,0,57,352.22,32.685,133.6099,0.29
oar,131,0,58,352.015,32.88,139.3987,0.2766
oar,131,0,59,351.79,33.05,146.3032,0.2885
oar,131,0,60,351.54,33.195,153.4349,0.2907
oar,131,0,61,351.27,33.305,162.1874,0.2941
oar,131,0,62,350.98,33.38,168.6901,0.3059
oar,131,0,63,350.67,33.42,176.4203,0.3206
oar,131,1,0,350.64,33.07,175.5972,0.2608
oar,131,1,1,350.89,33.035,168.234,0.2451
oar,131,1,2,351.11,32.97,158.1956,0.2154
oar,131,1,3,351.305,32.87,147.7257,0.2247
oar,131,1,4,351.55,32.665,135.972,0.4172
oar,131,1,5,351.81,32.33,120.0684,0.4391
oar,131,1,6,351.995,31.915,108.4338,0.4744
oar,131,1,7,352.115,31.45,100.6197,0.4883
oar,131,1,8,352.185,30.955,95.6013,0.5125
oar,131,1,9,352.215,30.445,91.121,0.5101
oar,131,1,10,352.215,29.935,88.879,0.5101
oar,131,1,11,352.185,29.425,84.3987,0.5125
oar,131,1,12,352.115,28.925,79.5925,0.4982
oar,131,1,13,351.995,28.46,71.1761,0.4649
oar,131,1,14,351.81,28.05,59.9316,0.4391
oar,131,1,15,351.55,27.71,45.0,0.4242
oar,131,1,16,351.305,27.505,30.065,0.2195
oar,131,1,17,351.11,27.41,21.8044,0.2154
oar,131,1,18,350.89,27.345,11.766,0.2451
oar,131,1,19,350.64,27.31,4.4028,0.2608
oar,131,1,20,350.38,27.31,175.5972,0.2608
oar,131,1,21,350.135,27.345,167.7371,0.2354
oar,131,1,22,349.915,27.41,159.1435,0.2247
oar,131,1,23,349.72,27.505,148.5728,0.2109
oar,131,1,24,349.48,27.71,135.0,0.4242
oar,131,1,25,349.22,28.05,120.0684,0.4391
oar,131,1,26,349.035,28.46,108.8239,0.4649
oar,131,1,27,348.91,28.925,101.5355,0.5001
oar,131,1,28,348.84,29.425,94.4855,0.5116
oar,131,1,29,348.81,29.935,92.2445,0.5104
oar,131,1,30,348.81,30.445,87.7555,0.5104
oar,131,1,31,348.84,30.955,85.5145,0.5116
oar,131,1,32,348.91,31.45,78.2305,0.4903
oar,131,1,33,349.035,31.915,71.5662,0.4744
oar,131,1,34,349.22,32.33,59.9316,0.4391
oar,131,1,35,349.48,32.665,44.028,0.4172
oar,131,1,36,349.72,32.87,33.6901,0.2163
oar,131,1,37,349.915,32.97,20.8565,0.2247
oar,131,1,38,350.135,33.035,12.2629,0.2354
oar,131,1,39,350.38,33.07,4.4028,0.2608
oar,132,0,0,355.775,30.845,71.1009,5.4646
oar,132,0,1,354.83,28.125,66.0345,0.2955
oar,132,0,2,354.67,27.85,54.4617,0.3441
oar,132,0,3,354.5,27.655,38.166,0.1781
oar,132,0,4,354.34,27.55,29.0497,0.2059
oar,132,0,5,354.14,27.47,15.2544,0.228
oar,132,0,6,353.89,27.43,4.0896,0.2807
oar,132,0,7,353.75,27.245,90.0,0.35
oar,132,0,8,354.905,27.07,0.0,2.31
oar,132,0,9,356.06,27.245,90.0,0.35
oar,132,0,10,355.925,27.425,177.8767,0.2702
oar,132,0,11,355.65,27.465,165.9623,0.2886
oar,132,0,12,355.45,27.53,153.4349,0.1342
oar,132,0,13,355.34,27.6,141.3359,0.1281
oar,132,0,14,355.255,27.695,122.4774,0.1304
oar,132,0,15,355.21,27.825,97.5924,0.1513
oar,132,0,16,355.215,27.98,79.383,0.1628
oar,132,0,17,355.26,28.175,75.3785,0.2377
oar,132,0,18,355.42,28.68,71.5651,0.8222
oar,132,0,19,356.625,29.07,0.0,2.15
oar,132,0,20,357.81,28.76,109.5369,0.6579
oar,132,0,21,357.965,28.33,110.556,0.2563
oar,132,0,22,358.045,28.11,109.2908,0.2119
oar,132,0,23,358.105,27.93,107.3466,0.1677
oar,132,0,24,358.14,27.79,99.4576,0.1216
oar,132,0,25,358.115,27.645,67.6245,0.1838
oar,132,0,26,357.98,27.515,24.2328,0.2193
oar,132,0,27,357.725,27.45,7.3484,0.3126
oar,132,0,28,357.375,27.425,1.4702,0.3901
oar,132,0,29,357.18,27.245,90.0,0.35
oar,132,0,30,358.59,27.07,0.0,2.82
oar,132,0,31,360.0,27.245,90.0,0.35
oar,132,0,32,359.895,27.42,0.0,0.21
oar,132,0,33,359.7,27.425,176.8169,0.1803
oar,132,0,34,359.535,27.45,165.0787,0.1553
oar,132,0,35,359.39,27.495,160.3264,0.1487
oar,132,0,36,359.265,27.565,140.7253,0.1421
oar,132,0,37,359.155,27.675,130.2315,0.1703
oar,132,0,38,359.05,27.83,119.0571,0.2059
oar,132,0,39,358.955,28.035,111.3715,0.247
oar,132,0,40,358.01,30.79,108.8245,5.5784
oar,132,0,41,356.885,33.43,0.0,0.45
oar,132,1,0,356.16,30.955,71.6259,2.982
oar,132,1,1,356.64,32.37,0.0,0.02
oar,132,1,2,357.1,30.955,107.6421,2.9697
oar,132,1,3,356.62,29.54,0.0,1.86
oar,133,0,0,363.43,27.245,90.0,0.35
oar,133,0,1,363.305,27.42,0.0,0.25
oar,133,0,2,363.08,27.425,177.135,0.2003
oar,133,0,3,362.895,27.45,166.7457,0.1746
oar,133,0,4,362.745,27.495,158.9679,0.1393
oar,133,0,5,362.635,27.57,131.993,0.1345
oar,133,0,6,362.555,27.685,118.3024,0.1477
oar,133,0,7,362.505,27.845,98.9722,0.1924
oar,133,0,8,362.485,28.065,92.2928,0.2502
oar,133,0,9,362.48,29.1,90.0,1.82
oar,133,0,10,362.72,30.01,0.0,0.48
oar,133,0,11,363.14,30.005,178.4074,0.3602
oar,133,0,12,363.47,29.975,170.5396,0.3041
oar,133,0,13,363.74,29.905,159.4376,0.2563
oar,133,0,14,363.95,29.79,142.1331,0.228
oar,133,0,15,364.11,29.63,127.8696,0.2281
oar,133,0,16,364.23,29.415,111.8026,0.2693
oar,133,0,17,364.31,29.135,100.9537,0.3158
oar,133,0,18,364.365,28.785,97.3049,0.3931
oar,133,0,19,364.405,28.455,96.3395,0.2717
oar,133,0,20,364.435,28.2,97.125,0.2419
oar,133,0,21,364.475,27.975,103.3959,0.2159
oar,133,0,22,364.52,27.78,102.5226,0.1844
oar,133,0,23,364.6,27.545,112.4853,0.3138
oar,133,0,24,364.725,27.3,123.0171,0.2385
oar,133,0,25,364.865,27.13,136.9766,0.2052
oar,133,0,26,365.02,27.025,156.3689,0.1746
oar,133,0,27,365.18,26.975,169.3896,0.1628
oar,133,0,28,365.34,26.955,176.4203,0.1603
oar,133,0,29,365.52,26.96,5.7158,0.201
oar,133,0,30,365.715,26.995,14.7399,0.1965
oar,133,0,31,365.885,27.07,33.6847,0.1803
oar,133,0,32,366.025,27.195,49.0892,0.1985
oar,133,0,33,366.145,27.375,62.3528,0.237
oar,133,0,34,366.24,27.615,73.4934,0.2816
oar,133,0,35,366.295,27.83,79.383,0.1628
oar,133,0,36,366.325,27.995,79.9914,0.1726
oar,133,0,37,366.35,28.18,84.2929,0.201
oar,133,0,38,366.365,28.39,87.3946,0.2202
oar,133,0,39,366.25,28.5,0.0,0.24
oar,133,0,40,366.12,28.38,85.2315,0.2408
oar,133,0,41,366.095,28.16,81.4701,0.2022
oar,133,0,42,366.06,27.99,74.053,0.1456
oar,133,0,43,366.02,27.865,70.0246,0.117
oar,133,0,44,365.94,27.75,45.0,0.1697
oar,133,0,45,365.81,27.67,15.9355,0.1456
oar,133,0,46,365.685,27.665,164.7583,0.114
oar,133,0,47,365.58,27.705,153.4419,0.1118
oar,133,0,48,365.49,27.78,128.6555,0.1281
oar,133,0,49,365.42,27.89,116.5651,0.1342
oar,133,0,50,365.33,28.11,110.5548,0.3418
oar,133,0,51,365.205,28.46,108.8865,0.4016
oar,133,0,52,365.105,28.75,109.283,0.2119
oar,133,0,53,365.02,28.955,115.4688,0.2326
oar,133,0,54,364.915,29.16,118.8128,0.2283
oar,133,0,55,364.79,29.36,124.9873,0.2441
oar,133,0,56,364.63,29.555,133.4552,0.2617
oar,133,0,57,364.44,29.74,138.0113,0.2691
oar,133,0,58,364.215,29.905,149.0424,0.2915
oar,133,0,59,363.945,30.045,155.8543,0.3178
oar,133,0,60,363.8,30.12,90.0,0.02
oar,133,0,61,364.0,30.16,8.5306,0.4045
oar,133,0,62,364.385,30.245,16.5539,0.386
oar,133,0,63,364.74,30.37,22.3825,0.3677
oar,133,0,64,365.055,30.53,31.8283,0.3413
oar,133,0,65,365.32,30.73,42.5121,0.3256
oar,133,0,66,365.53,30.96,53.1301,0.3
oar,133,0,67,365.68,31.215,66.0399,0.2955
oar,133,0,68,365.76,31.5,82.4034,0.3026
oar,133,0,69,365.77,31.765,94.975,0.2309
oar,133,0,70,365.74,31.985,100.7774,0.2138
oar,133,0,71,365.69,32.185,107.5247,0.1993
oar,133,0,72,365.615,32.36,119.3609,0.1836
oar,133,0,73,365.45,32.575,131.6339,0.3613
oar,133,0,74,365.18,32.81,146.3072,0.3606
oar,133,0,75,364.86,32.98,157.6263,0.3677
oar,133,0,76,364.5,33.095,166.6718,0.3905
oar,133,0,77,364.12,33.16,173.9943,0.3821
oar,133,0,78,363.745,33.185,178.4503,0.3701
oar,133,0,79,362.125,33.19,0.0,2.87
oar,133,0,80,360.69,33.015,90.0,0.35
oar,133,0,81,360.83,32.84,0.0,0.28
oar,133,0,82,361.075,32.83,174.5542,0.2109
oar,133,0,83,361.265,32.81,173.2842,0.1712
oar,133,0,84,361.415,32.775,158.9634,0.1393
oar,133,0,85,361.52,32.71,135.0,0.1132
oar,133,0,86,361.59,32.615,118.6127,0.1253
oar,133,0,87,361.63,32.49,98.1249,0.1414
oar,133,0,88,361.645,32.325,93.0157,0.1903
oar,133,0,89,361.65,30.26,90.0,3.94
oar,133,0,90,361.65,28.155,90.0,0.27
oar,133,0,91,361.635,27.92,81.4701,0.2022
oar,133,0,92,361.595,27.74,72.6472,0.1676
oar,133,0,93,361.525,27.605,50.7141,0.1422
oar,133,0,94,361.42,27.515,30.2601,0.1389
oar,133,0,95,361.275,27.46,13.2348,0.1746
oar,133,0,96,361.08,27.43,5.1994,0.2209
oar,133,0,97,360.83,27.42,0.0,0.28
oar,133,0,98,360.69,27.245,90.0,0.35
oar,133,0,99,362.06,27.07,0.0,2.74
oar,133,1,0,362.48,32.36,90.0,0.14
oar,133,1,1,362.495,32.49,75.9638,0.1237
oar,133,1,2,362.535,32.6,63.4349,0.1118
oar,133,1,3,362.6,32.685,41.1937,0.1063
oar,133,1,4,362.7,32.75,26.5651,0.1342
oar,133,1,5,362.845,32.795,9.9968,0.1726
oar,133,1,6,363.04,32.82,5.1994,0.2209
oar,133,1,7,363.295,32.835,1.9768,0.2902
oar,133,1,8,363.6,32.835,178.2082,0.3201
oar,133,1,9,363.905,32.815,174.0883,0.2916
oar,133,1,10,364.17,32.77,165.9638,0.2474
oar,133,1,11,364.385,32.69,152.2475,0.2147
oar,133,1,12,364.56,32.565,136.8436,0.2193
oar,133,1,13,364.695,32.39,118.8128,0.2283
oar,133,1,14,364.78,32.155,102.5302,0.2765
oar,133,1,15,364.825,31.855,95.194,0.3314
oar,133,1,16,364.835,31.585,87.2713,0.2103
oar,133,1,17,364.82,31.385,83.9943,0.1911
oar,133,1,18,364.795,31.21,79.379,0.1628
oar,133,1,19,364.755,31.055,71.5616,0.1581
oar,133,1,20,364.665,30.865,60.5269,0.2642
oar,133,1,21,364.505,30.665,41.8169,0.2549
oar,133,1,22,364.285,30.525,23.7467,0.2731
oar,133,1,23,364.01,30.44,11.3088,0.306
oar,133,1,24,363.68,30.39,6.3466,0.3622
oar,133,1,25,363.29,30.37,0.0,0.42
oar,133,1,26,362.78,30.37,0.0,0.6
oar,133,1,27,362.48,31.33,90.0,1.92
oar,134,0,0,367.275,25.995,34.213,0.3023
oar,134,0,1,367.515,26.17,38.0446,0.2921
oar,134,0,2,367.745,26.3549,39.5624,0.2983
oar,134,0,3,367.96,26.55,45.0,0.2829
oar,134,0,4,368.16,26.755,46.4028,0.29
oar,134,0,5,368.345,26.97,52.2999,0.278
oar,134,0,6,368.515,27.195,53.5335,0.286
oar,134,0,7,368.675,27.43,57.9946,0.283
oar,134,0,8,368.87,27.805,64.8002,0.5637
oar,134,0,9,369.08,28.33,71.5651,0.5692
oar,134,0,10,369.2,28.74,77.9044,0.2863
oar,134,0,11,369.255,29.03,80.5358,0.3042
oar,134,0,12,369.295,29.33,84.2894,0.3015
oar,134,0,13,369.315,29.63,88.0889,0.3002
oar,134,0,14,369.31,29.95,93.3695,0.3406
oar,134,0,15,369.285,30.275,95.5274,0.3114
oar,134,0,16,369.245,30.58,99.4604,0.3041
oar,134,0,17,369.185,30.875,103.5728,0.2983
oar,134,0,18,369.105,31.155,108.433,0.2846
oar,134,0,19,369.005,31.415,113.7525,0.2731
oar,134,0,20,368.885,31.66,118.4392,0.2729
oar,134,0,21,368.75,31.895,121.3335,0.2692
oar,134,0,22,368.52,32.22,127.3017,0.5281
oar,134,0,23,368.18,32.615,134.2144,0.5162
oar,134,0,24,367.795,32.965,141.1742,0.5263
oar,134,0,25,367.37,33.28,145.7089,0.5326
oar,134,0,26,367.15,33.31,90.0,0.24
oar,134,0,27,367.33,33.045,141.1417,0.4623
oar,134,0,28,367.66,32.72,129.8084,0.4686
oar,134,0,29,367.935,32.34,122.0038,0.4717
oar,134,0,30,368.16,31.925,114.9423,0.4742
oar,134,0,31,368.34,31.475,108.8014,0.4965
oar,134,0,32,368.475,30.995,102.6546,0.5022
oar,134,0,33,368.56,30.505,96.9801,0.4937
oar,134,0,34,368.6,30.0099,92.2894,0.5004
oar,134,0,35,368.605,29.62,87.9586,0.2801
oar,134,0,36,368.595,29.35,87.7953,0.2602
oar,134,0,37,368.58,29.09,85.6039,0.2608
oar,134,0,38,368.555,28.84,82.875,0.2419
oar,134,0,39,368.49,28.48,78.2305,0.4903
oar,134,0,40,368.37,28.02,72.3482,0.4617
oar,134,0,41,368.2,27.585,65.0577,0.4742
oar,134,0,42,367.975,27.17,57.9962,0.4717
oar,134,0,43,367.775,26.87,53.1273,0.25
oar,134,0,44,367.615,26.67,49.64,0.2625
oar,134,0,45,367.44,26.4749,46.5497,0.2617
oar,134,0,46,367.25,26.285,43.5206,0.2758
oar,134,0,47,367.15,26.05,90.0,0.28
oar,135,0,0,176.185,552.635,113.839,1.4103
oar,135,0,1,176.805,551.99,0.0,0.67
oar,135,0,2,175.945,554.595,114.6425,5.732
oar,135,0,3,173.56,554.595,65.4484,5.7279
oar,135,0,4,172.705,551.99,0.0,0.67
oar,135,0,5,173.325,552.635,66.161,1.4103
oar,135,0,6,174.755,553.28,0.0,2.29
oar,135,1,0,174.75,553.83,0.0,1.78
oar,135,1,1,174.305,554.835,66.1169,2.1982
oar,135,1,2,175.195,554.835,113.8831,2.1982
oar,136,0,0,177.88,556.94,0.0,0.64
oar,136,0,1,177.56,554.465,90.0,4.95
oar,136,0,2,178.635,551.99,0.0,2.15
oar,136,0,3,179.71,552.265,90.0,0.55
oar,136,0,4,178.955,552.54,0.0,1.51
oar,136,0,5,178.2,554.74,90.0,4.4
oar,137,0,0,180.01,554.15,90.0,0.46
oar,137,0,1,180.745,553.92,0.0,1.47
oar,137,0,2,181.48,554.15,90.0,0.46
oar,137,0,3,180.745,554.38,0.0,1.47
oar,138,0,0,185.25,556.665,90.0,0.55
oar,138,0,1,184.275,556.94,0.0,1.95
oar,138,0,2,182.915,555.67,73.1353,2.6541
oar,138,0,3,182.59,554.4,0.0,0.12
oar,138,0,4,182.745,554.49,43.4515,0.2617
oar,138,0,5,182.95,554.65,32.4716,0.2608
oar,138,0,6,183.19,554.76,17.1017,0.272
oar,138,0,7,183.45,554.815,6.5818,0.2617
oar,138,0,8,183.695,554.82,175.0301,0.2309
oar,138,0,9,183.925,554.775,163.0723,0.2404
oar,138,0,10,184.14,554.685,151.1914,0.2283
oar,138,0,11,184.325,554.56,140.5266,0.2202
oar,138,0,12,184.485,554.4,129.8044,0.2343
oar,138,0,13,184.615,554.21,118.8113,0.2283
oar,138,0,14,184.705,554.0,107.6518,0.2309
oar,138,0,15,184.755,553.775,97.4311,0.2319
oar,138,0,16,184.755,553.54,82.8753,0.2419
oar,138,0,17,184.705,553.305,73.0708,0.2404
oar,138,0,18,184.615,553.09,61.1892,0.2283
oar,138,0,19,184.49,552.9,52.1252,0.228
oar,138,0,20,184.33,552.735,39.8063,0.2343
oar,138,0,21,184.14,552.605,28.8095,0.2283
oar,138,0,22,183.925,552.51,19.1789,0.2435
oar,138,0,23,183.69,552.46,4.7639,0.2408
oar,138,0,24,183.485,552.455,176.6344,0.1703
oar,138,0,25,183.315,552.485,163.6105,0.1772
oar,138,0,26,183.145,552.54,160.5594,0.1803
oar,138,0,27,182.985,552.615,149.0352,0.1749
oar,138,0,28,182.835,552.715,143.7477,0.186
oar,138,0,29,182.7,552.83,134.9991,0.1697
oar,138,0,30,182.59,552.96,125.5394,0.172
oar,138,0,31,182.5,553.105,118.0683,0.17
oar,138,0,32,182.23,552.965,43.069,0.6297
oar,138,0,33,182.06,552.655,122.2743,0.2247
oar,138,0,34,182.195,552.475,131.4257,0.2267
oar,138,0,35,182.36,552.32,142.124,0.228
oar,138,0,36,182.545,552.185,145.6198,0.2302
oar,138,0,37,182.745,552.075,156.802,0.2285
oar,138,0,38,182.955,551.995,161.5644,0.2214
oar,138,0,39,183.175,551.94,170.1338,0.2334
oar,138,0,40,183.405,551.91,175.0313,0.2309
oar,138,0,41,183.615,551.905,3.0122,0.1903
oar,138,0,42,183.8,551.92,6.3406,0.1811
oar,138,0,43,183.98,551.95,12.5286,0.1844
oar,138,0,44,184.15,552.0,20.5566,0.1709
oar,138,0,45,184.385,552.105,25.8214,0.3444
oar,138,0,46,184.67,552.28,37.5671,0.328
oar,138,0,47,184.91,552.505,48.6525,0.333
oar,138,0,48,185.1,552.78,61.9292,0.34
oar,138,0,49,185.21,553.01,69.4399,0.1709
oar,138,0,50,185.26,553.18,77.4732,0.1844
oar,138,0,51,185.295,553.36,80.5381,0.1825
oar,138,0,52,185.315,553.545,86.9843,0.1903
oar,138,0,53,185.305,553.81,95.0448,0.3413
oar,138,0,54,185.25,554.14,104.034,0.3298
oar,138,0,55,185.145,554.445,114.1463,0.3178
oar,138,0,56,184.99,554.72,124.6965,0.3162
oar,138,0,57,184.79,554.96,135.0,0.3111
oar,138,0,58,184.545,555.155,147.8035,0.3191
oar,138,0,59,184.34,555.27,156.8008,0.1523
oar,138,0,60,184.19,555.325,162.6466,0.1676
oar,138,0,61,184.025,555.36,173.2899,0.1712
oar,138,0,62,183.85,555.375,176.8196,0.1803
oar,138,0,63,183.585,555.37,3.2706,0.3506
oar,138,0,64,183.565,555.875,73.2498,1.0756
oar,138,0,65,184.485,556.39,0.0,1.53
oar,139,0,0,187.98,553.565,51.6827,2.6128
oar,139,0,1,188.86,554.705,58.6714,0.2693
oar,139,0,2,188.985,554.95,67.068,0.2823
oar,139,0,3,189.075,555.215,75.4641,0.2789
oar,139,0,4,189.12,555.49,85.9135,0.2807
oar,139,0,5,189.115,555.79,95.3583,0.3214
oar,139,0,6,189.055,556.095,107.2407,0.3036
oar,139,0,7,188.94,556.365,119.2487,0.2865
oar,139,0,8,188.78,556.6,129.2886,0.2842
oar,139,0,9,188.575,556.8,141.9542,0.2921
oar,139,0,10,188.33,556.955,153.4343,0.2907
oar,139,0,11,188.055,557.06,164.5772,0.3008
oar,139,0,12,187.76,557.115,174.2897,0.3015
oar,139,0,13,187.445,557.115,5.1942,0.3314
oar,139,0,14,187.135,557.06,15.4228,0.3008
oar,139,0,15,186.865,556.96,25.6408,0.2773
oar,139,0,16,186.63,556.81,39.2893,0.2843
oar,139,0,17,186.425,556.615,47.8619,0.2832
oar,139,0,18,186.26,556.385,60.7513,0.2865
oar,139,0,19,186.14,556.115,70.9734,0.3068
oar,139,0,20,186.06,555.81,79.3808,0.3256
oar,139,0,21,186.34,555.65,0.0,0.62
oar,139,0,22,186.665,555.74,80.5381,0.1825
oar,139,0,23,186.71,555.92,71.5614,0.1897
oar,139,0,24,186.785,556.085,59.0369,0.1749
oar,139,0,25,186.89,556.23,49.3997,0.1844
oar,139,0,26,187.02,556.36,40.6021,0.1844
oar,139,0,27,187.17,556.46,26.564,0.1789
oar,139,0,28,187.335,556.53,19.4406,0.1803
oar,139,0,29,187.515,556.57,6.0091,0.1911
oar,139,0,30,187.705,556.57,173.9909,0.1911
oar,139,0,31,187.89,556.53,161.564,0.1897
oar,139,0,32,188.06,556.455,150.6428,0.1836
oar,139,0,33,188.215,556.35,141.3393,0.1921
oar,139,0,34,188.35,556.22,130.6039,0.1844
oar,139,0,35,188.455,556.065,117.896,0.1924
oar,139,0,36,188.53,555.89,108.4342,0.1897
oar,139,0,37,188.57,555.7,95.7119,0.201
oar,139,0,38,188.56,555.48,80.5358,0.2433
oar,139,0,39,188.49,555.24,67.3818,0.26
oar,139,0,40,188.37,555.01,57.5291,0.2608
oar,139,0,41,188.22,554.795,52.6953,0.264
oar,139,0,42,187.05,553.34,51.0822,3.4702
oar,139,0,43,187.545,551.99,0.0,3.17
oar,139,0,44,189.13,552.265,90.0,0.55
oar,139,0,45,188.15,552.54,0.0,1.96
oar,140,0,0,191.025,554.315,58.231,4.8813
oar,140,0,1,189.98,552.07,144.6897,0.5882
oar,140,0,2,191.77,554.42,58.4052,5.9171
oar,140,0,3,191.53,556.94,0.0,3.58
oar,140,0,4,189.74,556.665,90.0,0.55
oar,140,0,5,191.025,556.39,0.0,2.57
oar,141,0,0,194.93,554.19,90.0,4.4
oar,141,0,1,195.205,551.99,0.0,0.55
oar,141,0,2,195.48,554.465,90.0,4.95
oar,141,0,3,194.945,556.94,0.0,1.07
oar,141,0,4,194.24,556.665,58.2766,0.6466
oar,141,0,5,194.5,556.39,0.0,0.86
oar,142,0,0,200.0,557.13,63.4359,0.4025
oar,142,0,1,199.835,556.755,68.9613,0.4179
oar,142,0,2,199.7,556.355,73.6868,0.4272
oar,142,0,3,199.59,555.94,76.6068,0.4317
oar,142,0,4,199.5,555.515,79.4605,0.4374
oar,142,0,5,199.435,555.085,83.3691,0.4329
oar,142,0,6,199.395,554.66,85.9125,0.4211
oar,142,0,7,199.375,554.245,88.6036,0.4101
oar,142,0,8,199.375,553.835,91.3964,0.4101
oar,142,0,9,199.395,553.42,94.0875,0.4211
oar,142,0,10,199.435,552.995,96.6309,0.4329
oar,142,0,11,199.5,552.565,100.5394,0.4374
oar,142,0,12,199.59,552.135,103.0927,0.4415
oar,142,0,13,199.7,551.71,105.9447,0.4368
oar,142,0,14,199.835,551.305,111.0387,0.4179
oar,142,0,15,200.0,550.92,115.3452,0.4205
oar,142,0,16,200.335,550.915,37.0564,0.614
oar,142,0,17,200.51,551.265,112.9888,0.3585
oar,142,0,18,200.38,551.61,108.4364,0.3795
oar,142,0,19,200.27,551.975,105.1227,0.3833
oar,142,0,20,200.18,552.345,102.2007,0.3786
oar,142,0,21,200.11,552.72,98.9723,0.3847
oar,142,0,22,200.06,553.1,96.0103,0.3821
oar,142,0,23,200.03,553.48,93.0134,0.3805
oar,142,0,24,200.015,553.855,91.5473,0.3701
oar,142,0,25,200.015,554.225,88.4527,0.3701
oar,142,0,26,200.03,554.595,86.9053,0.3705
oar,142,0,27,200.06,554.97,83.9897,0.3821
oar,142,0,28,200.11,555.35,81.0278,0.3847
oar,142,0,29,200.18,555.725,77.7992,0.3785
oar,142,0,30,200.27,556.09,74.4773,0.3736
oar,142,0,31,200.38,556.445,71.074,0.37
oar,142,0,32,200.51,556.78,66.3707,0.3493
oar,142,0,33,200.335,557.125,142.9439,0.614
oar,143,0,0,203.82,556.665,90.0,0.55
oar,143,0,1,202.605,556.94,0.0,2.43
oar,143,0,2,201.39,554.465,90.0,4.95
oar,143,0,3,201.71,551.99,0.0,0.64
oar,143,0,4,202.03,553.23,90.0,2.48
oar,143,0,5,202.895,554.47,0.0,1.73
oar,143,0,6,203.76,554.745,90.0,0.55
oar,143,0,7,202.895,555.02,0.0,1.73
oar,143,0,8,202.03,555.705,90.0,1.37
oar,143,0,9,202.925,556.39,0.0,1.79
oar,144,0,0,207.785,552.635,113.839,1.4103
oar,144,0,1,208.405,551.99,0.0,0.67
oar,144,0,2,207.545,554.595,114.6425,5.732
oar,144,0,3,205.16,554.595,65.4484,5.7279
oar,144,0,4,204.305,551.99,0.0,0.67
oar,144,0,5,204.925,552.635,66.161,1.4103
oar,144,0,6,206.355,553.28,0.0,2.29
oar,144,1,0,206.35,553.83,0.0,1.78
oar,144,1,1,205.905,554.835,66.1169,2.1982
oar,144,1,2,206.795,554.835,113.8831,2.1982
oar,145,0,0,212.425,552.635,113.839,1.4103
oar,145,0,1,213.045,551.99,0.0,0.67
oar,145,0,2,212.185,554.595,114.6425,5.732
oar,145,0,3,209.8,554.595,65.4484,5.7279
oar,145,0,4,208.945,551.99,0.0,0.67
oar,145,0,5,209.565,552.635,66.161,1.4103
oar,145,0,6,210.995,553.28,0.0,2.29
oar,145,1,0,210.99,553.83,0.0,1.78
oar,145,1,1,210.545,554.835,66.1169,2.1982
oar,145,1,2,211.435,554.835,113.8831,2.1982
oar,146,0,0,213.76,556.78,113.6293,0.3493
oar,146,0,1,213.89,556.445,108.924,0.37
oar,146,0,2,214.0,556.09,105.525,0.3736
oar,146,0,3,214.09,555.725,102.2007,0.3786
oar,146,0,4,214.16,555.35,98.9723,0.3847
oar,146,0,5,214.21,554.97,96.008,0.3821
oar,146,0,6,214.24,554.595,93.0947,0.3705
oar,146,0,7,214.255,554.225,91.5497,0.3701
oar,146,0,8,214.255,553.855,88.4503,0.3701
oar,146,0,9,214.24,553.48,86.9866,0.3805
oar,146,0,10,214.21,553.1,83.992,0.3821
oar,146,0,11,214.16,552.72,81.0278,0.3847
oar,146,0,12,214.09,552.345,77.7992,0.3785
oar,146,0,13,214.0,551.975,74.8752,0.3833
oar,146,0,14,213.89,551.61,71.5658,0.3795
oar,146,0,15,213.76,551.265,67.0112,0.3585
oar,146,0,16,213.935,550.915,142.9439,0.614
oar,146,0,17,214.27,550.92,64.6546,0.4205
oar,146,0,18,214.435,551.305,68.9615,0.4179
oar,146,0,19,214.57,551.71,74.0552,0.4368
oar,146,0,20,214.68,552.135,76.9093,0.4415
oar,146,0,21,214.77,552.565,79.4606,0.4374
oar,146,0,22,214.835,552.995,83.3671,0.4329
oar,146,0,23,214.875,553.42,85.9145,0.4211
oar,146,0,24,214.895,553.835,88.6015,0.4101
oar,146,0,25,214.895,554.245,91.3985,0.4101
oar,146,0,26,214.875,554.66,94.0854,0.4211
oar,146,0,27,214.835,555.085,96.6329,0.4329
oar,146,0,28,214.77,555.515,100.5394,0.4374
oar,146,0,29,214.68,555.94,103.3914,0.4317
oar,146,0,30,214.57,556.355,106.3132,0.4272
oar,146,0,31,214.435,556.755,111.0387,0.4179
oar,146,0,32,214.27,557.13,116.5641,0.4025
oar,146,0,33,213.935,557.125,37.0561,0.614
oar,147,0,0,25.49,552.555,113.9211,2.8115
oar,147,0,1,26.725,551.27,0.0,1.33
oar,147,0,2,25.01,556.475,114.5724,11.4466
oar,147,0,3,20.245,556.475,65.3821,11.4508
oar,147,0,4,18.53,551.27,0.0,1.34
oar,147,0,5,19.77,552.555,66.0789,2.8115
oar,147,0,6,22.63,553.84,0.0,4.58
oar,147,1,0,22.625,554.94,0.0,3.55
oar,147,1,1,21.74,556.95,66.1169,4.3965
oar,147,1,2,23.515,556.95,113.7638,4.3924
oar,148,0,0,28.885,561.17,0.0,1.29
oar,148,0,1,28.24,556.22,90.0,9.9
oar,148,0,2,28.885,551.27,0.0,1.29
oar,148,0,3,29.53,556.22,90.0,9.9
oar,149,0,0,34.7,555.67,12.9945,0.5337
oar,149,0,1,35.195,555.83,23.0513,0.5108
oar,149,0,2,35.63,556.07,34.9921,0.4883
oar,149,0,3,36.0,556.385,45.8305,0.488
oar,149,0,4,36.305,556.76,55.9805,0.4826
oar,149,0,5,36.54,557.185,66.0375,0.4924
oar,149,0,6,36.7,557.65,75.9639,0.4948
oar,149,0,7,36.78,558.145,85.5153,0.5116
oar,149,0,8,36.76,558.74,96.71,0.6847
oar,149,0,9,36.6,559.4,110.5559,0.6835
oar,149,0,10,36.285,560.0,124.8545,0.6824
oar,149,0,11,35.825,560.495,140.947,0.6825
oar,149,0,12,35.24,560.84,157.8904,0.6908
oar,149,0,13,34.58,561.04,168.3664,0.6943
oar,149,0,14,33.895,561.135,175.8554,0.6918
oar,149,0,15,33.205,561.165,179.1695,0.6901
oar,149,0,16,32.08,561.17,0.0,1.56
oar,149,0,17,31.3,556.22,90.0,9.9
oar,149,0,18,31.945,551.27,0.0,1.29
oar,149,0,19,32.59,553.38,90.0,4.22
oar,149,0,20,32.855,555.49,0.0,0.53
oar,149,0,21,34.605,553.38,125.1376,5.1604
oar,149,0,22,36.825,551.27,0.0,1.47
oar,149,0,23,36.0,553.44,125.7121,5.3451
oar,149,1,0,32.76,560.07,0.0,0.34
oar,149,1,1,33.17,560.065,178.8067,0.4801
oar,149,1,2,33.65,560.035,174.0532,0.4826
oar,149,1,3,34.125,559.965,169.1596,0.4785
oar,149,1,4,34.575,559.85,161.9653,0.4522
oar,149,1,5,34.975,559.67,149.265,0.4305
oar,149,1,6,35.305,559.405,133.0904,0.4245
oar,149,1,7,35.545,559.055,115.9747,0.4338
oar,149,1,8,35.675,558.605,97.8153,0.5148
oar,149,1,9,35.675,558.09,82.3332,0.5247
oar,149,1,10,35.55,557.63,65.7723,0.4386
oar,149,1,11,35.325,557.275,48.9453,0.4111
oar,149,1,12,35.015,557.005,33.3107,0.4188
oar,149,1,13,34.63,556.815,19.6535,0.446
oar,149,1,14,34.195,556.695,11.3099,0.4589
oar,149,1,15,33.725,556.625,5.8263,0.4925
oar,149,1,16,33.235,556.595,1.1694,0.4901
oar,149,1,17,32.79,556.59,0.0,0.4
oar,149,1,18,32.59,558.33,90.0,3.48
oar,150,0,0,40.125,555.49,0.0,0.73
oar,150,0,1,40.84,555.51,3.2706,0.7011
oar,150,0,2,41.52,555.59,10.3048,0.6708
oar,150,0,3,42.145,555.75,18.7258,0.623
oar,150,0,4,42.7,555.995,29.1481,0.5954
oar,150,0,5,43.17,556.34,43.6028,0.58
oar,150,0,6,43.54,556.785,56.8531,0.5852
oar,150,0,7,43.76,557.175,67.5202,0.3138
oar,150,0,8,43.86,557.475,75.5299,0.3202
oar,150,0,9,43.93,557.8,79.9918,0.3453
oar,150,0,10,43.965,558.155,88.4521,0.3701
oar,150,0,11,43.95,558.66,93.5761,0.6413
oar,150,0,12,43.855,559.26,104.9953,0.5797
oar,150,0,13,43.65,559.78,118.4431,0.5459
oar,150,0,14,43.325,560.225,133.5679,0.5659
oar,150,0,15,43.005,560.515,145.784,0.3023
oar,150,0,16,42.735,560.675,152.65,0.3265
oar,150,0,17,42.43,560.815,157.891,0.3454
oar,150,0,18,42.08,560.93,165.2566,0.3929
oar,150,0,19,41.685,561.02,168.9588,0.4177
oar,150,0,20,41.25,561.09,172.5685,0.4639
oar,150,0,21,40.765,561.14,175.5157,0.5116
oar,150,0,22,40.23,561.165,178.9768,0.5601
oar,150,0,23,39.21,561.17,0.0,1.48
oar,150,0,24,38.47,556.22,90.0,9.9
oar,150,0,25,39.115,551.27,0.0,1.29
oar,150,0,26,39.76,553.38,90.0,4.22
oar,150,1,0,39.93,560.07,0.0,0.34
oar,150,1,1,40.34,560.065,178.8063,0.4801
oar,150,1,2,40.82,560.04,175.2362,0.4817
oar,150,1,3,41.295,559.975,169.1597,0.4785
oar,150,1,4,41.745,559.86,161.9658,0.4522
oar,150,1,5,42.145,559.685,150.4222,0.4254
oar,150,1,6,42.475,559.43,134.0291,0.4173
oar,150,1,7,42.675,559.185,120.0684,0.2195
oar,150,1,8,42.77,558.985,110.8541,0.2247
oar,150,1,9,42.835,558.76,101.7682,0.2452
oar,150,1,10,42.865,558.505,92.1215,0.2702
oar,150,1,11,42.865,558.23,87.9542,0.2802
oar,150,1,12,42.835,557.97,78.2318,0.2452
oar,150,1,13,42.775,557.74,72.35,0.2309
oar,150,1,14,42.685,557.535,59.9311,0.2195
oar,150,1,15,42.495,557.28,49.8439,0.4187
oar,150,1,16,42.185,557.01,32.1526,0.4134
oar,150,1,17,41.8,556.82,20.8545,0.4494
oar,150,1,18,41.365,556.695,11.3099,0.4589
oar,150,1,19,40.895,556.625,5.8262,0.4925
oar,150,1,20,40.405,556.595,1.1694,0.4901
oar,150,1,21,39.96,556.59,0.0,0.4
oar,150,1,22,39.76,558.33,90.0,3.48
oar,151,0,0,49.24,561.525,3.3017,0.5209
oar,151,0,1,48.72,561.47,8.7464,0.5261
oar,151,0,2,48.215,561.37,13.7607,0.5045
oar,151,0,3,47.73,561.22,20.5561,0.5126
oar,151,0,4,47.26,561.02,25.5599,0.5099
oar,151,0,5,46.815,560.785,30.1735,0.4974
oar,151,0,6,46.4,560.51,36.87,0.5
oar,151,0,7,46.015,560.19,42.5806,0.5025
oar,151,0,8,45.66,559.835,47.4191,0.5025
oar,151,0,9,45.335,559.45,52.2246,0.5061
oar,151,0,10,45.05,559.035,58.8405,0.5025
oar,151,0,11,44.805,558.59,63.4349,0.5143
oar,151,0,12,44.6,558.12,69.4443,0.5126
oar,151,0,13,44.445,557.63,75.4257,0.5166
oar,151,0,14,44.34,557.115,81.4162,0.536
oar,151,0,15,44.285,556.58,86.8203,0.5408
oar,151,0,16,44.285,556.035,93.122,0.5508
oar,151,0,17,44.34,555.49,98.4271,0.5459
oar,151,0,18,44.445,554.965,104.3003,0.5263
oar,151,0,19,44.6,554.465,110.1704,0.522
oar,151,0,20,44.8,553.99,115.5601,0.5099
oar,151,0,21,45.04,553.545,121.1591,0.5025
oar,151,0,22,45.325,553.13,127.7757,0.5061
oar,151,0,23,45.65,552.745,132.5806,0.5025
oar,151,0,24,46.005,552.395,138.2702,0.4958
oar,151,0,25,46.39,552.085,144.0583,0.4941
oar,151,0,26,46.805,551.815,149.8265,0.4974
oar,151,0,27,47.25,551.585,155.4619,0.5057
oar,151,0,28,47.72,551.395,160.4977,0.5092
oar,151,0,29,48.21,551.25,166.5044,0.5142
oar,151,0,30,48.715,551.15,171.0849,0.5162
oar,151,0,31,49.235,551.1,177.8389,0.5304
oar,151,0,32,49.765,551.1,2.1611,0.5304
oar,151,0,33,50.285,551.15,8.9151,0.5162
oar,151,0,34,50.79,551.25,13.4956,0.5142
oar,151,0,35,51.28,551.395,19.5023,0.5092
oar,151,0,36,51.75,551.585,24.5381,0.5057
oar,151,0,37,52.195,551.815,30.1735,0.4974
oar,151,0,38,52.61,552.085,35.9417,0.4941
oar,151,0,39,52.995,552.395,41.7298,0.4958
oar,151,0,40,53.35,552.745,47.4194,0.5025
oar,151,0,41,53.675,553.13,52.2243,0.5061
oar,151,0,42,53.96,553.545,58.8409,0.5025
oar,151,0,43,54.2,553.99,64.4399,0.5099
oar,151,0,44,54.4,554.465,69.8296,0.522
oar,151,0,45,54.555,554.965,75.6997,0.5263
oar,151,0,46,54.66,555.49,81.5729,0.5459
oar,151,0,47,54.715,556.035,86.878,0.5508
oar,151,0,48,54.715,556.58,93.1797,0.5408
oar,151,0,49,54.66,557.115,98.5838,0.536
oar,151,0,50,54.555,557.63,104.5743,0.5166
oar,151,0,51,54.4,558.12,110.5557,0.5126
oar,151,0,52,54.195,558.59,116.5651,0.5143
oar,151,0,53,53.95,559.035,121.1595,0.5025
oar,151,0,54,53.67,559.45,126.8697,0.5
oar,151,0,55,53.345,559.835,133.4091,0.5093
oar,151,0,56,52.985,560.19,137.4194,0.5025
oar,151,0,57,52.6,560.51,143.13,0.5
oar,151,0,58,52.185,560.785,149.8265,0.4974
oar,151,0,59,51.74,561.02,154.4401,0.5099
oar,151,0,60,51.27,561.22,159.4439,0.5126
oar,151,0,61,50.785,561.37,166.2393,0.5045
oar,151,0,62,50.285,561.47,171.0849,0.5162
oar,151,0,63,49.765,561.525,176.7604,0.5308
oar,151,1,0,49.3,552.2,177.1381,0.4005
oar,151,1,1,48.91,552.24,171.0271,0.3847
oar,151,1,2,48.53,552.32,165.2562,0.3929
oar,151,1,3,48.16,552.44,158.7496,0.3863
oar,151,1,4,47.645,552.695,151.0908,0.7654
oar,151,1,5,47.02,553.13,139.2365,0.7658
oar,151,1,6,46.485,553.685,128.774,0.7824
oar,151,1,7,46.055,554.34,117.8598,0.7918
oar,151,1,8,45.805,554.88,108.8858,0.4016
oar,151,1,9,45.69,555.27,104.0365,0.4123
oar,151,1,10,45.61,555.675,98.3253,0.4144
oar,151,1,11,45.57,556.095,92.6631,0.4305
oar,151,1,12,45.57,556.52,87.2736,0.4205
oar,151,1,13,45.605,556.935,83.0471,0.413
oar,151,1,14,45.675,557.335,77.0053,0.4002
oar,151,1,15,45.785,557.72,71.1143,0.4016
oar,151,1,16,46.02,558.255,63.7681,0.7692
oar,151,1,17,46.425,558.91,52.8354,0.778
oar,151,1,18,46.945,559.475,41.8201,0.7649
oar,151,1,19,47.57,559.92,29.1975,0.779
oar,151,1,20,48.095,560.18,20.7255,0.3956
oar,151,1,21,48.475,560.3,14.3817,0.4026
oar,151,1,22,48.87,560.385,9.9262,0.4061
oar,151,1,23,49.285,560.43,2.6631,0.4305
oar,151,1,24,49.715,560.43,177.3369,0.4305
oar,151,1,25,50.135,560.385,170.3113,0.4159
oar,151,1,26,50.53,560.3,165.2562,0.3929
oar,151,1,27,50.91,560.18,159.7751,0.405
oar,151,1,28,51.435,559.92,150.4396,0.7703
oar,151,1,29,52.055,559.475,138.1799,0.7649
oar,151,1,30,52.575,558.91,127.1646,0.778
oar,151,1,31,52.98,558.255,116.2319,0.7692
oar,151,1,32,53.215,557.72,108.8857,0.4016
oar,151,1,33,53.325,557.335,102.9947,0.4002
oar,151,1,34,53.395,556.935,96.9529,0.413
oar,151,1,35,53.43,556.52,92.7264,0.4205
oar,151,1,36,53.43,556.095,87.3369,0.4305
oar,151,1,37,53.39,555.675,81.6747,0.4144
oar,151,1,38,53.31,555.27,75.9635,0.4123
oar,151,1,39,53.195,554.88,71.1142,0.4016
oar,151,1,40,52.945,554.34,62.1402,0.7918
oar,151,1,41,52.515,553.685,51.226,0.7824
oar,151,1,42,51.98,553.13,40.7635,0.7658
oar,151,1,43,51.355,552.695,28.9092,0.7654
oar,151,1,44,50.84,552.44,21.2504,0.3863
oar,151,1,45,50.47,552.32,14.7438,0.3929
oar,151,1,46,50.09,552.24,8.9729,0.3847
oar,151,1,47,49.7,552.2,2.8619,0.4005
oar,152,0,0,59.34,555.67,12.9945,0.5337
oar,152,0,1,59.835,555.83,23.0513,0.5108
oar,152,0,2,60.27,556.07,34.9921,0.4883
oar,152,0,3,60.64,556.385,45.8305,0.488
oar,152,0,4,60.945,556.76,55.9805,0.4826
oar,152,0,5,61.18,557.185,66.0375,0.4924
oar,152,0,6,61.34,557.65,75.9639,0.4948
oar,152,0,7,61.42,558.145,85.5153,0.5116
oar,152,0,8,61.4,558.74,96.71,0.6847
oar,152,0,9,61.24,559.4,110.5559,0.6835
oar,152,0,10,60.925,560.0,124.8545,0.6824
oar,152,0,11,60.46,560.495,141.4698,0.6903
oar,152,0,12,59.875,560.84,157.574,0.6815
oar,152,0,13,59.22,561.04,168.3664,0.6943
oar,152,0,14,58.535,561.135,175.8554,0.6918
oar,152,0,15,57.845,561.165,179.1695,0.6901
oar,152,0,16,56.72,561.17,0.0,1.56
oar,152,0,17,55.94,556.22,90.0,9.9
oar,152,0,18,56.585,551.27,0.0,1.29
oar,152,0,19,57.23,553.38,90.0,4.22
oar,152,0,20,57.49,555.49,0.0,0.52
oar,152,0,21,59.24,553.38,125.2283,5.1661
oar,152,0,22,61.46,551.27,0.0,1.46
oar,152,0,23,60.635,553.44,125.625,5.3393
oar,152,1,0,57.395,560.07,0.0,0.33
oar,152,1,1,57.8,560.065,178.8067,0.4801
oar,152,1,2,58.285,560.035,174.1738,0.4925
oar,152,1,3,58.765,559.965,169.1596,0.4785
oar,152,1,4,59.21,559.85,161.5647,0.4427
oar,152,1,5,59.605,559.67,149.2647,0.4305
oar,152,1,6,59.935,559.405,133.0908,0.4245
oar,152,1,7,60.175,559.055,115.9743,0.4338
oar,152,1,8,60.305,558.605,97.8153,0.5148
oar,152,1,9,60.31,558.09,83.4183,0.5235
oar,152,1,10,60.19,557.63,65.7723,0.4386
oar,152,1,11,59.965,557.275,48.9453,0.4111
oar,152,1,12,59.65,557.005,32.574,0.4272
oar,152,1,13,59.265,556.815,20.095,0.4366
oar,152,1,14,58.83,556.695,11.0702,0.4687
oar,152,1,15,58.36,556.625,5.9468,0.4826
oar,152,1,16,57.875,556.595,1.1694,0.4901
oar,152,1,17,57.43,556.59,0.0,0.4
oar,152,1,18,57.23,558.33,90.0,3.48
oar,153,0,0,67.04,560.07,0.0,2.36
oar,153,0,1,68.22,560.62,90.0,1.1
oar,153,0,2,65.215,561.17,0.0,6.01
oar,153,0,3,62.21,560.62,90.0,1.1
oar,153,0,4,63.395,560.07,0.0,2.37
oar,153,0,5,64.58,555.67,90.0,8.8
oar,153,0,6,65.22,551.27,0.0,1.28
oar,153,0,7,65.86,555.67,90.0,8.8
oar,154,0,0,73.97,551.27,0.0,2.06
oar,154,0,1,75.29,551.28,1.975,0.5803
oar,154,0,2,75.86,551.32,6.1157,0.5632
oar,154,0,3,76.41,551.395,9.4619,0.5474
oar,154,0,4,76.94,551.505,14.0362,0.536
oar,154,0,5,77.45,551.66,19.7989,0.5314
oar,154,0,6,77.93,551.855,24.5377,0.5057
oar,154,0,7,78.38,552.085,29.6043,0.5061
oar,154,0,8,78.8,552.355,35.9426,0.4941
oar,154,0,9,79.18,552.665,42.5106,0.4884
oar,154,0,10,79.52,553.015,49.1446,0.4892
oar,154,0,11,79.825,553.405,54.7275,0.5022
oar,154,0,12,80.085,553.835,62.9276,0.5054
oar,154,0,13,80.295,554.305,68.8064,0.5255
oar,154,0,14,80.46,554.815,75.2034,0.5482
oar,154,0,15,80.575,555.37,81.1792,0.5869
oar,154,0,16,80.635,555.965,87.1846,0.6107
oar,154,0,17,80.635,556.575,92.8154,0.6107
oar,154,0,18,80.575,557.16,99.1306,0.5672
oar,154,0,19,80.46,557.7,105.0684,0.5385
oar,154,0,20,80.295,558.2,111.5948,0.5162
oar,154,0,21,80.08,558.66,118.6109,0.5012
oar,154,0,22,79.815,559.08,125.9414,0.4941
oar,154,0,23,79.51,559.465,130.8554,0.4892
oar,154,0,24,79.165,559.81,139.1449,0.4892
oar,154,0,25,78.78,560.11,145.0082,0.4883
oar,154,0,26,78.365,560.375,149.8265,0.4974
oar,154,0,27,77.92,560.605,155.4623,0.5057
oar,154,0,28,77.445,560.79,161.9165,0.5155
oar,154,0,29,76.945,560.935,165.6997,0.5263
oar,154,0,30,76.42,561.05,169.5083,0.5492
oar,154,0,31,75.875,561.125,174.8056,0.5523
oar,154,0,32,75.32,561.16,177.9546,0.5604
oar,154,0,33,73.99,561.17,0.0,2.1
oar,154,0,34,72.94,556.22,90.0,9.9
oar,154,1,0,74.445,560.07,0.0,0.43
oar,154,1,1,74.895,560.065,178.7813,0.4701
oar,154,1,2,75.36,560.045,176.2687,0.461
oar,154,1,3,75.81,560.0,172.2346,0.4441
oar,154,1,4,76.245,559.925,168.1785,0.4393
oar,154,1,5,76.665,559.82,163.6859,0.4272
oar,154,1,6,77.065,559.69,160.2532,0.4144
oar,154,1,7,77.44,559.535,154.7226,0.3981
oar,154,1,8,77.79,559.345,148.2984,0.3996
oar,154,1,9,78.11,559.12,141.3403,0.3842
oar,154,1,10,78.4,558.86,135.0,0.396
oar,154,1,11,78.66,558.56,126.8697,0.4
oar,154,1,12,78.88,558.225,119.7453,0.4031
oar,154,1,13,79.06,557.855,112.3057,0.4215
oar,154,1,14,79.2,557.44,105.2555,0.4561
oar,154,1,15,79.3,556.985,99.6601,0.4768
oar,154,1,16,79.35,556.485,92.1607,0.5304
oar,154,1,17,79.35,555.96,87.7978,0.5204
oar,154,1,18,79.3,555.46,80.5375,0.4866
oar,154,1,19,79.2,555.005,74.4069,0.4464
oar,154,1,20,79.06,554.595,67.6943,0.4215
oar,154,1,21,78.88,554.22,60.9449,0.4118
oar,154,1,22,78.66,553.885,52.2536,0.392
oar,154,1,23,78.4,553.59,45.0,0.396
oar,154,1,24,78.11,553.33,38.6597,0.3842
oar,154,1,25,77.79,553.105,31.7016,0.3996
oar,154,1,26,77.44,552.91,26.5651,0.4025
oar,154,1,27,77.065,552.75,19.7468,0.4144
oar,154,1,28,76.665,552.62,16.3136,0.4272
oar,154,1,29,76.245,552.52,10.5394,0.4374
oar,154,1,30,75.81,552.45,7.7649,0.4441
oar,154,1,31,75.36,552.4,4.9699,0.4617
oar,154,1,32,74.895,552.375,1.2191,0.4701
oar,154,1,33,74.445,552.37,0.0,0.43
oar,154,1,34,74.23,556.22,90.0,7.7
oar,155,0,0,82.365,561.17,0.0,1.29
oar,155,0,1,81.72,556.22,90.0,9.9
oar,155,0,2,82.365,551.27,0.0,1.29
oar,155,0,3,83.01,556.22,90.0,9.9
oar,156,0,0,91.31,552.555,113.9211,2.8115
oar,156,0,1,92.55,551.27,0.0,1.34
oar,156,0,2,90.835,556.475,114.6179,11.4508
oar,156,0,3,86.07,556.475,65.4276,11.4466
oar,156,0,4,84.355,551.27,0.0,1.33
oar,156,0,5,85.59,552.555,66.0789,2.8115
oar,156,0,6,88.45,553.84,0.0,4.58
oar,156,1,0,88.455,554.94,0.0,3.55
oar,156,1,1,87.565,556.95,66.2362,4.3924
oar,156,1,2,89.34,556.95,113.8831,4.3965
oar,157,0,0,99.25,555.67,90.0,1.1
oar,157,0,1,100.51,555.12,0.0,2.52
oar,157,0,2,101.725,554.825,81.3272,0.5968
oar,157,0,3,101.57,554.255,68.1986,0.5924
oar,157,0,4,101.3,553.73,57.3808,0.5936
oar,157,0,5,100.93,553.265,45.6739,0.6011
oar,157,0,6,100.48,552.87,36.8698,0.6
oar,157,0,7,99.975,552.555,26.9959,0.5948
oar,157,0,8,99.43,552.335,16.887,0.5852
oar,157,0,9,98.865,552.22,6.0088,0.5731
oar,157,0,10,98.385,552.2,177.0648,0.3905
oar,157,0,11,98.005,552.245,169.2864,0.3766
oar,157,0,12,97.635,552.33,164.8763,0.3833
oar,157,0,13,97.275,552.455,156.8011,0.3808
oar,157,0,14,96.78,552.725,148.6429,0.7495
oar,157,0,15,96.18,553.175,137.6754,0.7574
oar,157,0,16,95.67,553.73,127.476,0.756
oar,157,0,17,95.27,554.37,116.5653,0.7603
oar,157,0,18,94.99,555.075,106.7713,0.7624
oar,157,0,19,94.84,555.82,96.0086,0.7642
oar,157,0,20,94.81,556.415,87.3374,0.4305
oar,157,0,21,94.85,556.84,81.8703,0.4243
oar,157,0,22,94.925,557.255,77.6187,0.4198
oar,157,0,23,95.035,557.655,71.5654,0.4111
oar,157,0,24,95.275,558.21,64.0751,0.8006
oar,157,0,25,95.69,558.885,52.6959,0.792
oar,157,0,26,96.215,559.455,41.8203,0.7649
oar,157,0,27,96.83,559.905,30.579,0.7666
oar,157,0,28,97.34,560.175,22.62,0.39
oar,157,0,29,97.705,560.3,15.1242,0.3833
oar,157,0,30,98.085,560.385,10.1755,0.3962
oar,157,0,31,98.485,560.43,2.7927,0.4105
oar,157,0,32,98.91,560.425,176.0991,0.441
oar,157,0,33,99.35,560.365,168.4399,0.4491
oar,157,0,34,99.78,560.245,160.3464,0.446
oar,157,0,35,100.195,560.07,153.9968,0.4562
oar,157,0,36,100.59,559.845,146.6591,0.4549
oar,157,0,37,100.96,559.575,141.1466,0.4623
oar,157,0,38,101.3,559.265,134.1187,0.4597
oar,157,0,39,101.6,558.915,127.1165,0.464
oar,157,0,40,102.15,559.17,47.0214,1.2028
oar,157,0,41,102.375,559.83,130.0603,0.5749
oar,157,0,42,101.98,560.245,137.1215,0.5732
oar,157,0,43,101.54,560.605,144.3448,0.5661
oar,157,0,44,101.065,560.905,151.1442,0.5595
oar,157,0,45,100.56,561.15,157.0677,0.5646
oar,157,0,46,100.025,561.335,164.7452,0.5701
oar,157,0,47,99.475,561.46,169.695,0.559
oar,157,0,48,98.915,561.525,176.9873,0.5708
oar,157,0,49,98.37,561.525,3.3018,0.5209
oar,157,0,50,97.86,561.47,9.0905,0.5064
oar,157,0,51,97.365,561.365,14.8584,0.5069
oar,157,0,52,96.885,561.21,20.9558,0.5033
oar,157,0,53,96.43,561.01,26.5651,0.4919
oar,157,0,54,95.995,560.765,32.125,0.5077
oar,157,0,55,95.585,560.475,38.4804,0.4982
oar,157,0,56,95.21,560.15,43.3634,0.4952
oar,157,0,57,94.865,559.785,49.7634,0.5109
oar,157,0,58,94.55,559.385,53.8072,0.508
oar,157,0,59,94.27,558.96,59.4205,0.5111
oar,157,0,60,94.03,558.505,64.9163,0.5189
oar,157,0,61,93.835,558.02,71.2222,0.5281
oar,157,0,62,93.685,557.51,75.9641,0.536
oar,157,0,63,93.58,556.98,81.5728,0.5459
oar,157,0,64,93.53,556.435,87.917,0.5504
oar,157,0,65,93.53,555.905,92.2462,0.5104
oar,157,0,66,93.58,555.405,99.2728,0.4965
oar,157,0,67,93.68,554.92,104.0357,0.4948
oar,157,0,68,93.825,554.45,110.2832,0.4904
oar,157,0,69,94.02,554.0,116.5645,0.4919
oar,157,0,70,94.255,553.57,120.7626,0.4888
oar,157,0,71,94.525,553.165,126.6342,0.486
oar,157,0,72,94.83,552.79,131.6335,0.4817
oar,157,0,73,95.17,552.44,136.6366,0.4952
oar,157,0,74,95.54,552.125,142.6513,0.478
oar,157,0,75,95.935,551.85,147.6189,0.4855
oar,157,0,76,96.36,551.61,153.4349,0.4919
oar,157,0,77,96.805,551.41,158.1984,0.4847
oar,157,0,78,97.27,551.26,165.964,0.4948
oar,157,0,79,97.755,551.16,170.7276,0.4965
oar,157,0,80,98.255,551.105,176.6333,0.5109
oar,157,0,81,98.76,551.1,2.2907,0.5004
oar,157,0,82,99.245,551.145,8.4711,0.4752
oar,157,0,83,99.71,551.235,13.4487,0.473
oar,157,0,84,100.15,551.37,20.8545,0.4494
oar,157,0,85,100.565,551.55,26.0037,0.4562
oar,157,0,86,100.955,551.765,31.8657,0.4357
oar,157,0,87,101.315,552.015,37.6478,0.442
oar,157,0,88,101.645,552.3,44.0603,0.4314
oar,157,0,89,101.94,552.62,50.5277,0.4405
oar,157,0,90,102.205,552.97,55.2222,0.4383
oar,157,0,91,102.44,553.345,60.5724,0.4478
oar,157,0,92,102.64,553.75,66.8015,0.4569
oar,157,0,93,102.8,554.18,72.3499,0.4617
oar,157,0,94,102.92,554.63,77.7354,0.4707
oar,157,0,95,103.0,555.1,82.8753,0.4837
oar,157,0,96,103.04,555.59,87.7089,0.5004
oar,157,0,97,103.05,556.03,90.0,0.38
oar,157,0,98,101.15,556.22,0.0,3.8
oar,158,0,0,107.77,555.67,12.9946,0.5337
oar,158,0,1,108.26,555.83,23.4983,0.5016
oar,158,0,2,108.695,556.07,34.3304,0.4965
oar,158,0,3,109.065,556.385,46.6847,0.481
oar,158,0,4,109.37,556.76,55.0079,0.4883
oar,158,0,5,109.605,557.185,67.1092,0.4885
oar,158,0,6,109.765,557.65,74.8462,0.4973
oar,158,0,7,109.85,558.145,85.5153,0.5116
oar,158,0,8,109.825,558.74,97.5398,0.6859
oar,158,0,9,109.66,559.4,110.5559,0.6835
oar,158,0,10,109.345,560.0,124.8545,0.6824
oar,158,0,11,108.885,560.495,140.9468,0.6825
oar,158,0,12,108.3,560.84,157.8904,0.6908
oar,158,0,13,107.64,561.04,168.3664,0.6943
oar,158,0,14,106.955,561.135,175.8555,0.6918
oar,158,0,15,106.265,561.165,179.1695,0.6901
oar,158,0,16,105.145,561.17,0.0,1.55
oar,158,0,17,104.37,556.22,90.0,9.9
oar,158,0,18,105.01,551.27,0.0,1.28
oar,158,0,19,105.65,553.38,90.0,4.22
oar,158,0,20,105.915,555.49,0.0,0.53
oar,158,0,21,107.665,553.38,125.1376,5.1604
oar,158,0,22,109.885,551.27,0.0,1.47
oar,158,0,23,109.065,553.44,125.625,5.3393
oar,158,1,0,105.82,560.07,0.0,0.34
oar,158,1,1,106.23,560.065,178.8067,0.4801
oar,158,1,2,106.715,560.035,174.1737,0.4925
oar,158,1,3,107.19,559.965,168.9299,0.4687
oar,158,1,4,107.635,559.85,161.965,0.4522
oar,158,1,5,108.035,559.67,149.265,0.4305
oar,158,1,6,108.365,559.405,133.0908,0.4245
oar,158,1,7,108.605,559.055,115.9747,0.4338
oar,158,1,8,108.735,558.605,97.8153,0.5148
oar,158,1,9,108.735,558.09,82.3332,0.5247
oar,158,1,10,108.615,557.63,66.9739,0.4346
oar,158,1,11,108.39,557.275,47.9111,0.4177
oar,158,1,12,108.075,557.005,33.3107,0.4188
oar,158,1,13,107.695,556.815,20.0951,0.4366
oar,158,1,14,107.26,556.695,11.0701,0.4687
oar,158,1,15,106.79,556.625,5.9468,0.4826
oar,158,1,16,106.305,556.595,1.1694,0.4901
oar,158,1,17,105.855,556.59,0.0,0.41
oar,158,1,18,105.65,558.33,90.0,3.48
oar,159,0,0,118.06,552.555,113.9211,2.8115
oar,159,0,1,119.3,551.27,0.0,1.34
oar,159,0,2,117.585,556.475,114.6179,11.4508
oar,159,0,3,112.82,556.475,65.4276,11.4466
oar,159,0,4,111.105,551.27,0.0,1.33
oar,159,0,5,112.34,552.555,66.0789,2.8115
oar,159,0,6,115.2,553.84,0.0,4.58
oar,159,1,0,115.205,554.94,0.0,3.55
oar,159,1,1,114.315,556.95,66.2362,4.3924
oar,159,1,2,116.09,556.95,113.8831,4.3965
oar,160,0,0,127.015,554.525,66.4801,7.4925
oar,160,0,1,128.52,557.96,0.0,0.02
oar,160,0,2,129.115,554.615,99.92,6.7915
oar,160,0,3,130.34,551.27,0.0,1.28
oar,160,0,4,129.96,556.505,101.0255,10.6669
oar,160,0,5,127.23,557.815,66.4587,8.5627
oar,160,0,6,123.815,557.815,113.4799,8.5587
oar,160,0,7,121.09,556.505,78.9745,10.6669
oar,160,0,8,120.71,551.27,0.0,1.28
oar,160,0,9,121.93,554.6,80.1197,6.7603
oar,160,0,10,122.525,557.93,0.0,0.03
oar,160,0,11,124.03,554.51,113.5415,7.461
oar,161,0,0,25.49,33.755,113.921,2.8115
oar,161,0,1,26.725,32.47,0.0,1.33
oar,161,0,2,25.01,37.675,114.5723,11.4467
oar,161,0,3,20.245,37.675,65.3822,11.4508
oar,161,0,4,18.53,32.47,0.0,1.34
oar,161,0,5,19.77,33.755,66.079,2.8115
oar,161,0,6,22.63,35.04,0.0,4.58
oar,161,1,0,22.625,36.14,0.0,3.55
oar,161,1,1,21.74,38.15,66.117,4.3965
oar,161,1,2,23.515,38.15,113.7637,4.3924
oar,162,0,0,28.885,42.37,0.0,1.29
oar,162,0,1,28.24,37.42,90.0,9.9
oar,162,0,2,28.885,32.47,0.0,1.29
oar,162,0,3,29.53,37.42,90.0,9.9
oar,163,0,0,34.7,36.87,12.9941,0.5337
oar,163,0,1,35.195,37.03,23.0525,0.5108
oar,163,0,2,35.63,37.27,34.9891,0.4882
oar,163,0,3,36.0,37.585,45.8333,0.488
oar,163,0,4,36.305,37.96,55.9782,0.4826
oar,163,0,5,36.54,38.385,66.038,0.4925
oar,163,0,6,36.7,38.85,75.965,0.4948
oar,163,0,7,36.78,39.345,85.5148,0.5115
oar,163,0,8,36.76,39.94,96.7101,0.6847
oar,163,0,9,36.6,40.6,110.5554,0.6835
oar,163,0,10,36.285,41.2,124.8545,0.6824
oar,163,0,11,35.825,41.695,140.9475,0.6825
oar,163,0,12,35.24,42.04,157.8898,0.6908
oar,163,0,13,34.58,42.24,168.3652,0.6943
oar,163,0,14,33.895,42.335,175.8564,0.6918
oar,163,0,15,33.205,42.365,179.1689,0.6901
oar,163,0,16,32.08,42.37,0.0,1.56
oar,163,0,17,31.3,37.42,90.0,9.9
oar,163,0,18,31.945,32.47,0.0,1.29
oar,163,0,19,32.59,34.58,90.0,4.22
oar,163,0,20,32.855,36.69,0.0,0.53
oar,163,0,21,34.605,34.58,125.1374,5.1604
oar,163,0,22,36.825,32.47,0.0,1.47
oar,163,0,23,36.0,34.64,125.712,5.3451
oar,163,1,0,32.76,41.27,0.0,0.34
oar,163,1,1,33.17,41.265,178.8053,0.4801
oar,163,1,2,33.65,41.235,174.0546,0.4826
oar,163,1,3,34.125,41.165,169.1565,0.4785
oar,163,1,4,34.575,41.045,160.7664,0.4554
oar,163,1,5,34.975,40.86,149.2681,0.4305
oar,163,1,6,35.305,40.6,134.0299,0.4172
oar,163,1,7,35.545,40.25,115.4066,0.4429
oar,163,1,8,35.675,39.8,97.9696,0.5049
oar,163,1,9,35.675,39.29,82.3335,0.5247
oar,163,1,10,35.55,38.83,65.7703,0.4386
oar,163,1,11,35.325,38.475,48.9449,0.4111
oar,163,1,12,35.015,38.205,33.3085,0.4188
oar,163,1,13,34.63,38.015,19.6567,0.446
oar,163,1,14,34.195,37.895,11.3132,0.4589
oar,163,1,15,33.725,37.825,5.825,0.4925
oar,163,1,16,33.235,37.795,1.1703,0.4901
oar,163,1,17,32.79,37.79,0.0,0.4
oar,163,1,18,32.59,39.53,90.0,3.48
oar,164,0,0,40.125,36.69,0.0,0.73
oar,164,0,1,40.84,36.705,2.4564,0.7006
oar,164,0,2,41.52,36.78,10.3044,0.6708
oar,164,0,3,42.145,36.945,19.5889,0.6262
oar,164,0,4,42.7,37.195,29.1513,0.5954
oar,164,0,5,43.17,37.535,42.8756,0.5731
oar,164,0,6,43.54,37.98,57.3808,0.5936
oar,164,0,7,43.76,38.37,66.8031,0.3047
oar,164,0,8,43.86,38.67,75.9644,0.3299
oar,164,0,9,43.93,39.0,79.9908,0.3452
oar,164,0,10,43.965,39.355,88.4521,0.3701
oar,164,0,11,43.95,39.855,93.6327,0.6313
oar,164,0,12,43.855,40.455,104.7435,0.5894
oar,164,0,13,43.65,40.98,118.4411,0.5459
oar,164,0,14,43.325,41.42,134.2774,0.5586
oar,164,0,15,43.005,41.71,144.2472,0.3081
oar,164,0,16,42.735,41.875,152.6464,0.3265
oar,164,0,17,42.43,42.01,159.4447,0.3418
oar,164,0,18,42.08,42.125,163.8576,0.3956
oar,164,0,19,41.685,42.22,168.9568,0.4177
oar,164,0,20,41.25,42.29,172.5689,0.4639
oar,164,0,21,40.765,42.34,175.5178,0.5116
oar,164,0,22,40.23,42.365,178.976,0.5601
oar,164,0,23,39.21,42.37,0.0,1.48
oar,164,0,24,38.47,37.42,90.0,9.9
oar,164,0,25,39.115,32.47,0.0,1.29
oar,164,0,26,39.76,34.58,90.0,4.22
oar,164,1,0,39.93,41.27,0.0,0.34
oar,164,1,1,40.34,41.265,178.8053,0.4801
oar,164,1,2,40.82,41.24,175.239,0.4817
oar,164,1,3,41.295,41.175,169.1566,0.4785
oar,164,1,4,41.745,41.06,161.964,0.4522
oar,164,1,5,42.145,40.88,149.2678,0.4304
oar,164,1,6,42.475,40.625,134.9962,0.4102
oar,164,1,7,42.675,40.385,120.0684,0.2195
oar,164,1,8,42.77,40.185,110.8575,0.2247
oar,164,1,9,42.835,39.96,101.7686,0.2451
oar,164,1,10,42.865,39.705,92.1214,0.2702
oar,164,1,11,42.865,39.43,87.9544,0.2802
oar,164,1,12,42.835,39.17,78.2314,0.2451
oar,164,1,13,42.775,38.94,72.3477,0.2308
oar,164,1,14,42.685,38.735,59.9316,0.2195
oar,164,1,15,42.495,38.48,49.8446,0.4187
oar,164,1,16,42.185,38.21,32.1561,0.4134
oar,164,1,17,41.8,38.02,20.8513,0.4494
oar,164,1,18,41.365,37.895,11.3132,0.4589
oar,164,1,19,40.895,37.825,5.8249,0.4925
oar,164,1,20,40.405,37.795,1.1703,0.4901
oar,164,1,21,39.96,37.79,0.0,0.4
oar,164,1,22,39.76,39.53,90.0,3.48
oar,165,0,0,49.24,42.725,3.3051,0.5209
oar,165,0,1,48.72,42.67,8.7414,0.5261
oar,165,0,2,48.215,42.57,13.7603,0.5045
oar,165,0,3,47.73,42.42,20.5553,0.5126
oar,165,0,4,47.26,42.22,25.563,0.5099
oar,165,0,5,46.815,41.98,31.1602,0.5025
oar,165,0,6,46.4,41.705,35.9402,0.4941
oar,165,0,7,46.015,41.39,42.5828,0.5025
oar,165,0,8,45.66,41.035,47.4188,0.5025
oar,165,0,9,45.335,40.65,52.222,0.506
oar,165,0,10,45.05,40.235,58.8401,0.5025
oar,165,0,11,44.805,39.79,63.4361,0.5143
oar,165,0,12,44.6,39.32,69.4436,0.5126
oar,165,0,13,44.445,38.83,75.4257,0.5166
oar,165,0,14,44.34,38.315,81.4167,0.536
oar,165,0,15,44.285,37.78,86.8202,0.5408
oar,165,0,16,44.285,37.23,93.0664,0.5608
oar,165,0,17,44.34,36.685,98.5833,0.536
oar,165,0,18,44.445,36.16,104.0358,0.536
oar,165,0,19,44.6,35.66,110.5564,0.5126
oar,165,0,20,44.8,35.19,115.559,0.5099
oar,165,0,21,45.04,34.745,121.1596,0.5025
oar,165,0,22,45.325,34.33,127.7783,0.506
oar,165,0,23,45.65,33.945,132.5809,0.5025
oar,165,0,24,46.005,33.595,138.2689,0.4958
oar,165,0,25,46.39,33.285,144.0601,0.4941
oar,165,0,26,46.805,33.015,149.8265,0.4974
oar,165,0,27,47.25,32.785,155.46,0.5057
oar,165,0,28,47.72,32.595,160.4993,0.5092
oar,165,0,29,48.21,32.45,166.5048,0.5142
oar,165,0,30,48.715,32.35,171.0832,0.5162
oar,165,0,31,49.235,32.3,177.8368,0.5304
oar,165,0,32,49.765,32.3,2.1632,0.5304
oar,165,0,33,50.285,32.35,8.9168,0.5162
oar,165,0,34,50.79,32.45,13.4952,0.5142
oar,165,0,35,51.28,32.595,19.5007,0.5092
oar,165,0,36,51.75,32.785,24.54,0.5057
oar,165,0,37,52.195,33.015,30.1735,0.4974
oar,165,0,38,52.61,33.285,35.9399,0.4941
oar,165,0,39,52.995,33.595,41.7311,0.4958
oar,165,0,40,53.35,33.945,47.4191,0.5025
oar,165,0,41,53.675,34.33,52.2217,0.506
oar,165,0,42,53.96,34.745,58.8404,0.5025
oar,165,0,43,54.2,35.19,64.441,0.5099
oar,165,0,44,54.4,35.66,69.4436,0.5126
oar,165,0,45,54.555,36.16,75.9642,0.536
oar,165,0,46,54.66,36.685,81.4167,0.536
oar,165,0,47,54.715,37.23,86.9336,0.5608
oar,165,0,48,54.715,37.78,93.1798,0.5408
oar,165,0,49,54.66,38.315,98.5833,0.536
oar,165,0,50,54.555,38.83,104.5743,0.5166
oar,165,0,51,54.4,39.32,110.5564,0.5126
oar,165,0,52,54.195,39.79,116.5639,0.5143
oar,165,0,53,53.95,40.235,121.1599,0.5025
oar,165,0,54,53.67,40.65,126.8723,0.5
oar,165,0,55,53.345,41.035,133.4094,0.5093
oar,165,0,56,52.985,41.39,137.4172,0.5025
oar,165,0,57,52.6,41.705,144.0598,0.4941
oar,165,0,58,52.185,41.98,148.8398,0.5025
oar,165,0,59,51.74,42.22,154.437,0.5099
oar,165,0,60,51.27,42.42,159.4447,0.5126
oar,165,0,61,50.785,42.57,166.2397,0.5045
oar,165,0,62,50.285,42.67,171.0899,0.5162
oar,165,0,63,49.765,42.725,176.7571,0.5308
oar,165,1,0,49.3,33.4,177.1435,0.4005
oar,165,1,1,48.91,33.44,171.0277,0.3847
oar,165,1,2,48.53,33.52,165.2513,0.3929
oar,165,1,3,48.16,33.635,160.1441,0.3828
oar,165,1,4,47.645,33.89,150.4393,0.7703
oar,165,1,5,47.02,34.33,139.2365,0.7658
oar,165,1,6,46.485,34.88,129.2384,0.7746
oar,165,1,7,46.055,35.53,117.8594,0.7918
oar,165,1,8,45.805,36.075,108.4339,0.4111
oar,165,1,9,45.69,36.47,104.0378,0.4123
oar,165,1,10,45.61,36.875,98.3246,0.4144
oar,165,1,11,45.57,37.295,92.6631,0.4305
oar,165,1,12,45.57,37.72,87.2735,0.4205
oar,165,1,13,45.605,38.13,82.8755,0.4031
oar,165,1,14,45.675,38.53,77.3185,0.41
oar,165,1,15,45.785,38.915,70.6411,0.3922
oar,165,1,16,46.02,39.45,64.0939,0.7782
oar,165,1,17,46.425,40.11,52.8352,0.778
oar,165,1,18,46.945,40.67,41.257,0.7582
oar,165,1,19,47.57,41.115,29.8365,0.7839
oar,165,1,20,48.095,41.38,20.7276,0.3956
oar,165,1,21,48.475,41.5,14.3781,0.4026
oar,165,1,22,48.87,41.58,8.5304,0.4045
oar,165,1,23,49.285,41.625,3.9948,0.431
oar,165,1,24,49.715,41.625,176.0052,0.431
oar,165,1,25,50.135,41.58,171.6747,0.4144
oar,165,1,26,50.53,41.5,165.2599,0.3929
oar,165,1,27,50.91,41.38,159.7731,0.405
oar,165,1,28,51.435,41.115,149.7959,0.7753
oar,165,1,29,52.055,40.67,138.743,0.7582
oar,165,1,30,52.575,40.11,127.1648,0.778
oar,165,1,31,52.98,39.45,115.9061,0.7782
oar,165,1,32,53.215,38.915,109.3589,0.3922
oar,165,1,33,53.325,38.53,102.6815,0.41
oar,165,1,34,53.395,38.13,97.1245,0.4031
oar,165,1,35,53.43,37.72,92.7265,0.4205
oar,165,1,36,53.43,37.295,87.3369,0.4305
oar,165,1,37,53.39,36.875,81.6754,0.4144
oar,165,1,38,53.31,36.47,75.9622,0.4123
oar,165,1,39,53.195,36.075,71.5661,0.4111
oar,165,1,40,52.945,35.53,62.1406,0.7918
oar,165,1,41,52.515,34.88,50.7616,0.7746
oar,165,1,42,51.98,34.33,40.7635,0.7658
oar,165,1,43,51.355,33.89,29.5607,0.7703
oar,165,1,44,50.84,33.635,19.8559,0.3828
oar,165,1,45,50.47,33.52,14.7487,0.3929
oar,165,1,46,50.09,33.44,8.9723,0.3847
oar,165,1,47,49.7,33.4,2.8565,0.4005
oar,166,0,0,59.34,36.87,12.9941,0.5337
oar,166,0,1,59.835,37.03,23.0525,0.5108
oar,166,0,2,60.27,37.27,34.9891,0.4882
oar,166,0,3,60.64,37.585,45.8333,0.488
oar,166,0,4,60.945,37.96,55.9782,0.4826
oar,166,0,5,61.18,38.385,66.038,0.4925
oar,166,0,6,61.34,38.85,75.965,0.4948
oar,166,0,7,61.42,39.345,85.5148,0.5115
oar,166,0,8,61.4,39.94,96.7101,0.6847
oar,166,0,9,61.24,40.6,110.5554,0.6835
oar,166,0,10,60.925,41.2,124.8545,0.6824
oar,166,0,11,60.46,41.695,141.4703,0.6903
oar,166,0,12,59.875,42.04,157.5734,0.6815
oar,166,0,13,59.22,42.24,168.3652,0.6943
oar,166,0,14,58.535,42.335,175.8564,0.6918
oar,166,0,15,57.845,42.365,179.1689,0.6901
oar,166,0,16,56.72,42.37,0.0,1.56
oar,166,0,17,55.94,37.42,90.0,9.9
oar,166,0,18,56.585,32.47,0.0,1.29
oar,166,0,19,57.23,34.58,90.0,4.22
oar,166,0,20,57.49,36.69,0.0,0.52
oar,166,0,21,59.24,34.58,125.2281,5.1661
oar,166,0,22,61.46,32.47,0.0,1.46
oar,166,0,23,60.635,34.64,125.6248,5.3393
oar,166,1,0,57.395,41.27,0.0,0.33
oar,166,1,1,57.8,41.265,178.8053,0.4801
oar,166,1,2,58.285,41.235,174.1751,0.4925
oar,166,1,3,58.765,41.165,169.1565,0.4785
oar,166,1,4,59.21,41.045,160.3433,0.446
oar,166,1,5,59.605,40.86,149.2678,0.4304
oar,166,1,6,59.935,40.6,134.0302,0.4172
oar,166,1,7,60.175,40.25,115.4062,0.4429
oar,166,1,8,60.305,39.8,97.9696,0.5049
oar,166,1,9,60.31,39.29,83.4186,0.5235
oar,166,1,10,60.19,38.83,65.7703,0.4386
oar,166,1,11,59.965,38.475,48.9449,0.4111
oar,166,1,12,59.65,38.205,32.5718,0.4272
oar,166,1,13,59.265,38.015,20.0982,0.4366
oar,166,1,14,58.83,37.895,11.0734,0.4687
oar,166,1,15,58.36,37.825,5.9454,0.4826
oar,166,1,16,57.875,37.795,1.1703,0.4901
oar,166,1,17,57.43,37.79,0.0,0.4
oar,166,1,18,57.23,39.53,90.0,3.48
oar,167,0,0,67.04,41.27,0.0,2.36
oar,167,0,1,68.22,41.82,90.0,1.1
oar,167,0,2,65.215,42.37,0.0,6.01
oar,167,0,3,62.21,41.82,90.0,1.1
oar,167,0,4,63.395,41.27,0.0,2.37
oar,167,0,5,64.58,36.87,90.0,8.8
oar,167,0,6,65.22,32.47,0.0,1.28
oar,167,0,7,65.86,36.87,90.0,8.8
oar,168,0,0,73.97,32.47,0.0,2.06
oar,168,0,1,75.29,32.48,1.9769,0.5803
oar,168,0,2,75.86,32.515,5.1009,0.5622
oar,168,0,3,76.41,32.59,10.489,0.5492
oar,168,0,4,76.94,32.705,14.0366,0.536
oar,168,0,5,77.45,32.8549,18.7763,0.5281
oar,168,0,6,77.93,33.05,25.5632,0.5099
oar,168,0,7,78.38,33.285,29.6043,0.5061
oar,168,0,8,78.8,33.555,35.9405,0.494
oar,168,0,9,79.18,33.865,42.5119,0.4884
oar,168,0,10,79.52,34.21,48.3653,0.4817
oar,168,0,11,79.825,34.6,55.3786,0.5104
oar,168,0,12,80.085,35.035,62.9251,0.5053
oar,168,0,13,80.295,35.505,68.8085,0.5256
oar,168,0,14,80.46,36.015,75.2025,0.5481
oar,168,0,15,80.575,36.57,81.1795,0.587
oar,168,0,16,80.635,37.165,87.1845,0.6107
oar,168,0,17,80.635,37.775,92.8155,0.6107
oar,168,0,18,80.575,38.36,99.1306,0.5672
oar,168,0,19,80.46,38.9,105.0679,0.5385
oar,168,0,20,80.295,39.4,111.5956,0.5162
oar,168,0,21,80.08,39.86,118.6109,0.5012
oar,168,0,22,79.815,40.28,125.9398,0.4941
oar,168,0,23,79.51,40.66,131.6347,0.4817
oar,168,0,24,79.165,41.005,138.2692,0.4958
oar,168,0,25,78.78,41.31,145.0111,0.4882
oar,168,0,26,78.365,41.575,149.8265,0.4974
oar,168,0,27,77.92,41.8,156.5001,0.5016
oar,168,0,28,77.445,41.985,160.8681,0.5186
oar,168,0,29,76.945,42.1349,165.6993,0.5263
oar,168,0,30,76.42,42.25,169.5048,0.5492
oar,168,0,31,75.875,42.325,174.8068,0.5523
oar,168,0,32,75.32,42.36,177.9526,0.5604
oar,168,0,33,73.99,42.37,0.0,2.1
oar,168,0,34,72.94,37.42,90.0,9.9
oar,168,1,0,74.445,41.27,0.0,0.43
oar,168,1,1,74.895,41.265,178.7799,0.4701
oar,168,1,2,75.36,41.24,175.033,0.4617
oar,168,1,3,75.81,41.19,172.2351,0.4441
oar,168,1,4,76.245,41.12,169.4586,0.4374
oar,168,1,5,76.665,41.02,163.6869,0.4272
oar,168,1,6,77.065,40.89,160.2512,0.4144
oar,168,1,7,77.44,40.7299,153.4359,0.4025
oar,168,1,8,77.79,40.5399,149.5327,0.3945
oar,168,1,9,78.11,40.3149,140.1947,0.3905
oar,168,1,10,78.4,40.055,136.0459,0.3889
oar,168,1,11,78.66,39.76,126.869,0.4
oar,168,1,12,78.88,39.425,119.7472,0.4031
oar,168,1,13,79.06,39.055,112.305,0.4216
oar,168,1,14,79.2,38.64,105.2554,0.4561
oar,168,1,15,79.3,38.18,99.4617,0.4867
oar,168,1,16,79.35,37.68,92.2024,0.5203
oar,168,1,17,79.35,37.16,87.7979,0.5204
oar,168,1,18,79.3,36.66,80.5371,0.4866
oar,168,1,19,79.2,36.205,74.4066,0.4464
oar,168,1,20,79.06,35.795,67.695,0.4216
oar,168,1,21,78.88,35.42,60.9438,0.4118
oar,168,1,22,78.66,35.085,52.2532,0.392
oar,168,1,23,78.4,34.79,45.0031,0.396
oar,168,1,24,78.11,34.53,38.6584,0.3842
oar,168,1,25,77.79,34.305,31.7044,0.3996
oar,168,1,26,77.44,34.11,26.5641,0.4025
oar,168,1,27,77.065,33.95,19.7488,0.4144
oar,168,1,28,76.665,33.8199,16.3131,0.4272
oar,168,1,29,76.245,33.72,10.5335,0.4374
oar,168,1,30,75.81,33.645,9.0405,0.4455
oar,168,1,31,75.36,33.595,3.735,0.461
oar,168,1,32,74.895,33.575,1.2201,0.4701
oar,168,1,33,74.445,33.5699,0.0,0.43
oar,168,1,34,74.23,37.42,90.0,7.7
oar,169,0,0,82.365,42.37,0.0,1.29
oar,169,0,1,81.72,37.42,90.0,9.9
oar,169,0,2,82.365,32.47,0.0,1.29
oar,169,0,3,83.01,37.42,90.0,9.9
oar,170,0,0,91.31,33.755,113.921,2.8115
oar,170,0,1,92.55,32.47,0.0,1.34
oar,170,0,2,90.835,37.675,114.6178,11.4508
oar,170,0,3,86.07,37.675,65.4277,11.4467
oar,170,0,4,84.355,32.47,0.0,1.33
oar,170,0,5,85.59,33.755,66.079,2.8115
oar,170,0,6,88.45,35.04,0.0,4.58
oar,170,1,0,88.455,36.14,0.0,3.55
oar,170,1,1,87.565,38.15,66.2363,4.3924
oar,170,1,2,89.34,38.15,113.883,4.3965
oar,171,0,0,99.25,36.87,90.0,1.1
oar,171,0,1,100.51,36.32,0.0,2.52
oar,171,0,2,101.725,36.025,81.3276,0.5969
oar,171,0,3,101.57,35.455,68.198,0.5924
oar,171,0,4,101.3,34.93,57.3808,0.5936
oar,171,0,5,100.93,34.465,45.6737,0.6011
oar,171,0,6,100.48,34.07,36.8732,0.6
oar,171,0,7,99.975,33.755,26.9923,0.5948
oar,171,0,8,99.43,33.535,16.8853,0.5852
oar,171,0,9,98.865,33.42,6.0148,0.5732
oar,171,0,10,98.385,33.4,177.0615,0.3905
oar,171,0,11,98.005,33.44,170.7894,0.3748
oar,171,0,12,97.635,33.525,163.4451,0.386
oar,171,0,13,97.275,33.65,158.1964,0.377
oar,171,0,14,96.78,33.915,148.6419,0.7495
oar,171,0,15,96.18,34.365,137.6748,0.7574
oar,171,0,16,95.67,34.925,127.0205,0.764
oar,171,0,17,95.27,35.57,116.5656,0.7603
oar,171,0,18,94.99,36.27,106.9902,0.7529
oar,171,0,19,94.84,37.01,96.009,0.7641
oar,171,0,20,94.81,37.61,87.3979,0.4405
oar,171,0,21,94.85,38.04,81.8711,0.4243
oar,171,0,22,94.925,38.455,77.6179,0.4197
oar,171,0,23,95.035,38.855,71.5661,0.4111
oar,171,0,24,95.275,39.41,64.0743,0.8005
oar,171,0,25,95.69,40.08,52.2528,0.7841
oar,171,0,26,96.215,40.65,42.3747,0.7716
oar,171,0,27,96.83,41.105,30.58,0.7666
oar,171,0,28,97.34,41.375,22.6236,0.39
oar,171,0,29,97.705,41.5,15.1204,0.3833
oar,171,0,30,98.085,41.58,8.7458,0.3946
oar,171,0,31,98.485,41.625,4.1805,0.4111
oar,171,0,32,98.91,41.625,176.1036,0.441
oar,171,0,33,99.35,41.56,167.1988,0.4512
oar,171,0,34,99.78,41.44,161.5632,0.4427
oar,171,0,35,100.195,41.27,153.9955,0.4562
oar,171,0,36,100.59,41.045,146.6591,0.4549
oar,171,0,37,100.96,40.775,141.1488,0.4623
oar,171,0,38,101.3,40.465,134.1171,0.4597
oar,171,0,39,101.6,40.115,127.1171,0.464
oar,171,0,40,102.15,40.37,47.0215,1.2028
oar,171,0,41,102.375,41.03,130.0603,0.5749
oar,171,0,42,101.98,41.445,137.1249,0.5731
oar,171,0,43,101.54,41.805,144.3432,0.5661
oar,171,0,44,101.065,42.105,151.1425,0.5595
oar,171,0,45,100.56,42.35,157.0705,0.5646
oar,171,0,46,100.025,42.535,164.7426,0.5701
oar,171,0,47,99.475,42.66,169.6977,0.559
oar,171,0,48,98.915,42.725,176.9843,0.5708
oar,171,0,49,98.37,42.725,3.3051,0.5209
oar,171,0,50,97.86,42.67,9.0854,0.5064
oar,171,0,51,97.365,42.565,14.8592,0.507
oar,171,0,52,96.885,42.41,20.9549,0.5033
oar,171,0,53,96.43,42.205,27.6014,0.4965
oar,171,0,54,95.995,41.96,31.1602,0.5025
oar,171,0,55,95.585,41.675,38.48,0.4982
oar,171,0,56,95.21,41.345,44.191,0.5021
oar,171,0,57,94.865,40.98,49.0285,0.5033
oar,171,0,58,94.55,40.585,53.8054,0.508
oar,171,0,59,94.27,40.16,59.4207,0.5111
oar,171,0,60,94.03,39.7,65.3782,0.5281
oar,171,0,61,93.835,39.215,70.8662,0.5186
oar,171,0,62,93.685,38.71,75.963,0.536
oar,171,0,63,93.58,38.18,81.5734,0.5459
oar,171,0,64,93.53,37.635,87.9169,0.5504
oar,171,0,65,93.53,37.105,92.2462,0.5104
oar,171,0,66,93.58,36.605,99.273,0.4965
oar,171,0,67,93.68,36.12,104.0362,0.4948
oar,171,0,68,93.825,35.65,110.2823,0.4904
oar,171,0,69,94.02,35.2,116.5643,0.4919
oar,171,0,70,94.255,34.77,120.7637,0.4888
oar,171,0,71,94.525,34.365,126.6332,0.486
oar,171,0,72,94.83,33.985,130.8557,0.4892
oar,171,0,73,95.17,33.635,137.4881,0.4884
oar,171,0,74,95.54,33.325,142.6531,0.478
oar,171,0,75,95.935,33.045,146.6315,0.4909
oar,171,0,76,96.36,32.805,154.4904,0.4875
oar,171,0,77,96.805,32.61,158.1926,0.4847
oar,171,0,78,97.27,32.455,164.8455,0.4973
oar,171,0,79,97.755,32.35,170.7324,0.4965
oar,171,0,80,98.255,32.3,177.7521,0.5104
oar,171,0,81,98.76,32.3,2.2928,0.5004
oar,171,0,82,99.245,32.345,8.472,0.4752
oar,171,0,83,99.71,32.435,13.4469,0.473
oar,171,0,84,100.15,32.57,20.8513,0.4494
oar,171,0,85,100.565,32.745,24.8642,0.4519
oar,171,0,86,100.955,32.96,32.9681,0.441
oar,171,0,87,101.315,33.215,37.6497,0.4421
oar,171,0,88,101.645,33.5,44.0592,0.4314
oar,171,0,89,101.94,33.815,49.6875,0.4328
oar,171,0,90,102.205,34.165,55.9537,0.4465
oar,171,0,91,102.44,34.545,60.5733,0.4478
oar,171,0,92,102.64,34.95,66.8005,0.4569
oar,171,0,93,102.8,35.38,72.35,0.4617
oar,171,0,94,102.92,35.83,77.736,0.4708
oar,171,0,95,103.0,36.3,82.875,0.4837
oar,171,0,96,103.04,36.79,87.7089,0.5004
oar,171,0,97,103.05,37.23,90.0,0.38
oar,171,0,98,101.15,37.42,0.0,3.8
oar,172,0,0,107.77,36.87,12.9942,0.5337
oar,172,0,1,108.26,37.03,23.4995,0.5016
oar,172,0,2,108.695,37.27,34.3275,0.4965
oar,172,0,3,109.065,37.585,46.6875,0.4811
oar,172,0,4,109.37,37.96,55.0056,0.4882
oar,172,0,5,109.605,38.385,67.1097,0.4885
oar,172,0,6,109.765,38.85,74.8475,0.4973
oar,172,0,7,109.85,39.345,85.5148,0.5115
oar,172,0,8,109.825,39.94,97.5399,0.6859
oar,172,0,9,109.66,40.6,110.5554,0.6835
oar,172,0,10,109.345,41.2,124.8545,0.6824
oar,172,0,11,108.885,41.695,140.9473,0.6825
oar,172,0,12,108.3,42.04,157.8898,0.6908
oar,172,0,13,107.64,42.24,168.3652,0.6943
oar,172,0,14,106.955,42.335,175.8564,0.6918
oar,172,0,15,106.265,42.365,179.1689,0.6901
oar,172,0,16,105.145,42.37,0.0,1.55
oar,172,0,17,104.37,37.42,90.0,9.9
oar,172,0,18,105.01,32.47,0.0,1.28
oar,172,0,19,105.65,34.58,90.0,4.22
oar,172,0,20,105.915,36.69,0.0,0.53
oar,172,0,21,107.665,34.58,125.1374,5.1604
oar,172,0,22,109.885,32.47,0.0,1.47
oar,172,0,23,109.065,34.64,125.6248,5.3393
oar,172,1,0,105.82,41.27,0.0,0.34
oar,172,1,1,106.23,41.265,178.8053,0.4801
oar,172,1,2,106.715,41.235,174.175,0.4925
oar,172,1,3,107.19,41.165,168.9267,0.4687
oar,172,1,4,107.635,41.045,160.7661,0.4554
oar,172,1,5,108.035,40.86,149.2681,0.4305
oar,172,1,6,108.365,40.6,134.0302,0.4172
oar,172,1,7,108.605,40.25,115.4066,0.4429
oar,172,1,8,108.735,39.8,97.9696,0.5049
oar,172,1,9,108.735,39.29,82.3335,0.5247
oar,172,1,10,108.615,38.83,66.9719,0.4346
oar,172,1,11,108.39,38.475,47.9107,0.4177
oar,172,1,12,108.075,38.205,33.3085,0.4188
oar,172,1,13,107.695,38.015,20.0984,0.4366
oar,172,1,14,107.26,37.895,11.0733,0.4687
oar,172,1,15,106.79,37.825,5.9455,0.4826
oar,172,1,16,106.305,37.795,1.1703,0.4901
oar,172,1,17,105.855,37.79,0.0,0.41
oar,172,1,18,105.65,39.53,90.0,3.48
oar,173,0,0,118.06,33.755,113.921,2.8115
oar,173,0,1,119.3,32.47,0.0,1.34
oar,173,0,2,117.585,37.675,114.6178,11.4508
oar,173,0,3,112.82,37.675,65.4277,11.4467
oar,173,0,4,111.105,32.47,0.0,1.33
oar,173,0,5,112.34,33.755,66.079,2.8115
oar,173,0,6,115.2,35.04,0.0,4.58
oar,173,1,0,115.205,36.14,0.0,3.55
oar,173,1,1,114.315,38.15,66.2363,4.3924
oar,173,1,2,116.09,38.15,113.883,4.3965
oar,174,0,0,127.015,35.725,66.4801,7.4925
oar,174,0,1,128.52,39.16,0.0,0.02
oar,174,0,2,129.115,35.815,99.92,6.7915
oar,174,0,3,130.34,32.47,0.0,1.28
oar,174,0,4,129.96,37.705,101.0254,10.6669
oar,174,0,5,127.23,39.015,66.4588,8.5627
oar,174,0,6,123.815,39.015,113.4798,8.5587
oar,174,0,7,121.09,37.705,78.9746,10.6669
oar,174,0,8,120.71,32.47,0.0,1.28
oar,174,0,9,121.93,35.8,80.1198,6.7603
oar,174,0,10,122.525,39.13,0.0,0.03
oar,174,0,11,124.03,35.71,113.5414,7.461
oar,175,0,0,61.1,300.245,123.6907,0.1803
oar,175,0,1,60.99,300.39,130.599,0.1844
oar,175,0,2,60.86,300.515,141.8464,0.178
oar,175,0,3,60.72,300.62,144.4606,0.172
oar,175,0,4,60.57,300.705,156.3684,0.1746
oar,175,0,5,60.405,300.77,160.5609,0.1803
oar,175,0,6,60.23,300.815,170.5379,0.1825
oar,175,0,7,60.05,300.835,176.8171,0.1803
oar,175,0,8,59.83,300.83,4.4029,0.2608
oar,175,0,9,59.575,300.79,13.4952,0.2571
oar,175,0,10,59.335,300.715,21.3699,0.247
oar,175,0,11,59.115,300.6,33.6929,0.2524
oar,175,0,12,58.92,300.45,41.6287,0.2408
oar,175,0,13,58.765,300.265,58.243,0.247
oar,175,0,14,58.655,300.045,68.6277,0.247
oar,175,0,15,58.595,299.795,83.6605,0.2717
oar,175,0,16,58.59,299.545,94.9703,0.2308
oar,175,0,17,58.635,299.325,108.4331,0.2214
oar,175,0,18,58.72,299.135,120.4677,0.1972
oar,175,0,19,58.83,298.975,128.6616,0.1921
oar,175,0,20,58.97,298.835,140.9051,0.2062
oar,175,0,21,59.135,298.71,144.7832,0.2081
oar,175,0,22,59.315,298.6,152.2398,0.2147
oar,175,0,23,59.505,298.505,154.655,0.2102
oar,175,0,24,59.76,298.39,156.3684,0.3493
oar,175,0,25,60.065,298.25,154.2333,0.322
oar,175,0,26,60.335,298.09,144.2426,0.3081
oar,175,0,27,60.51,297.94,129.8063,0.1562
oar,175,0,28,60.6,297.815,121.6071,0.1526
oar,175,0,29,60.665,297.675,108.4354,0.1581
oar,175,0,30,60.7,297.51,96.3406,0.1811
oar,175,0,31,60.7,297.33,83.6594,0.1811
oar,175,0,32,60.67,297.155,76.7602,0.1747
oar,175,0,33,60.61,296.99,63.4349,0.1789
oar,175,0,34,60.52,296.84,54.4597,0.172
oar,175,0,35,60.41,296.715,42.5148,0.1628
oar,175,0,36,60.275,296.615,30.9625,0.1749
oar,175,0,37,60.12,296.545,17.3501,0.1676
oar,175,0,38,59.95,296.51,6.3463,0.1811
oar,175,0,39,59.77,296.51,173.6537,0.1811
oar,175,0,40,59.6,296.545,162.6499,0.1676
oar,175,0,41,59.44,296.61,153.43,0.1789
oar,175,0,42,59.295,296.7,142.4376,0.164
oar,175,0,43,59.175,296.815,130.2355,0.1703
oar,175,0,44,59.08,296.96,116.5651,0.1789
oar,175,0,45,59.01,297.125,109.4379,0.1803
oar,175,0,46,58.975,297.305,93.0134,0.1903
oar,175,0,47,58.67,297.335,12.2256,0.6139
oar,175,0,48,58.4,297.135,102.5274,0.2766
oar,175,0,49,58.48,296.875,111.8019,0.2693
oar,175,0,50,58.605,296.64,124.2863,0.2663
oar,175,0,51,58.765,296.435,131.8247,0.2549
oar,175,0,52,58.955,296.265,144.4578,0.2581
oar,175,0,53,59.175,296.135,154.443,0.2549
oar,175,0,54,59.415,296.045,164.3562,0.2596
oar,175,0,55,59.68,296.0,175.9166,0.2807
oar,175,0,56,59.965,296.005,5.9059,0.2915
oar,175,0,57,60.25,296.055,14.0375,0.2886
oar,175,0,58,60.52,296.15,24.7744,0.2864
oar,175,0,59,60.76,296.295,37.6913,0.278
oar,175,0,60,60.96,296.485,49.4016,0.2766
oar,175,0,61,61.12,296.715,60.7513,0.2865
oar,175,0,62,61.23,296.975,73.4954,0.2816
oar,175,0,63,61.29,297.265,82.6474,0.3126
oar,175,0,64,61.295,297.56,96.1153,0.2816
oar,175,0,65,61.25,297.82,104.0371,0.2474
oar,175,0,66,61.165,298.045,117.6436,0.2371
oar,175,0,67,61.04,298.24,127.876,0.228
oar,175,0,68,60.885,298.41,136.7347,0.2335
oar,175,0,69,60.7,298.56,145.0111,0.2441
oar,175,0,70,60.49,298.685,153.4318,0.246
oar,175,0,71,60.26,298.795,155.3791,0.264
oar,175,0,72,59.98,298.915,157.89,0.3454
oar,175,0,73,59.705,299.03,156.5001,0.2508
oar,175,0,74,59.49,299.15,145.0106,0.2441
oar,175,0,75,59.345,299.265,134.9915,0.1273
oar,175,0,76,59.27,299.36,120.9705,0.1166
oar,175,0,77,59.215,299.47,112.6204,0.13
oar,175,0,78,59.185,299.595,94.3995,0.1304
oar,175,0,79,59.185,299.735,86.1857,0.1504
oar,175,0,80,59.215,299.875,68.959,0.1393
oar,175,0,81,59.28,299.995,53.9772,0.136
oar,175,0,82,59.37,300.1,45.0011,0.1414
oar,175,0,83,59.545,300.215,27.4698,0.2818
oar,175,0,84,59.805,300.305,10.4952,0.2746
oar,175,0,85,60.06,300.315,172.8752,0.2419
oar,175,0,86,60.28,300.26,158.1944,0.2154
oar,175,0,87,60.46,300.15,138.8173,0.2126
oar,175,0,88,60.61,299.98,124.9903,0.2441
oar,175,0,89,60.915,300.025,31.6762,0.5523
oar,176,0,0,61.79,298.075,90.0,0.43
oar,176,0,1,62.47,297.86,0.0,1.36
oar,176,0,2,63.15,298.075,90.0,0.43
oar,176,0,3,62.47,298.29,0.0,1.36
oar,177,0,0,65.645,297.53,51.5244,2.4269
oar,177,0,1,66.465,298.59,59.4214,0.2555
oar,177,0,2,66.58,298.82,67.3796,0.26
oar,177,0,3,66.66,299.065,76.5031,0.2571
oar,177,0,4,66.705,299.32,83.4186,0.2617
oar,177,0,5,66.705,299.6,95.71,0.3015
oar,177,0,6,66.65,299.885,106.5054,0.2816
oar,177,0,7,66.54,300.135,121.3274,0.2693
oar,177,0,8,66.385,300.35,130.3668,0.2625
oar,177,0,9,66.195,300.535,141.0077,0.2702
oar,177,0,10,65.97,300.68,153.4357,0.2683
oar,177,0,11,65.715,300.775,165.4639,0.2789
oar,177,0,12,65.44,300.825,173.8847,0.2816
oar,177,0,13,65.15,300.83,3.8177,0.3007
oar,177,0,14,64.865,300.78,16.5015,0.2816
oar,177,0,15,64.61,300.685,24.6269,0.264
oar,177,0,16,64.39,300.55,38.6555,0.2561
oar,177,0,17,64.205,300.37,49.6375,0.2625
oar,177,0,18,64.05,300.15,59.742,0.2778
oar,177,0,19,63.935,299.9,70.9071,0.2751
oar,177,0,20,63.86,299.62,78.6894,0.3059
oar,177,0,21,64.12,299.47,0.0,0.58
oar,177,0,22,64.425,299.555,79.9889,0.1726
oar,177,0,23,64.465,299.72,72.6478,0.1676
oar,177,0,24,64.535,299.875,59.0341,0.1749
oar,177,0,25,64.635,300.015,49.7645,0.1703
oar,177,0,26,64.755,300.13,37.5709,0.164
oar,177,0,27,64.89,300.22,29.7408,0.1612
oar,177,0,28,65.045,300.285,16.3954,0.1772
oar,177,0,29,65.215,300.32,6.706,0.1712
oar,177,0,30,65.385,300.32,173.2937,0.1712
oar,177,0,31,65.555,300.285,163.6046,0.1772
oar,177,0,32,65.72,300.215,150.6438,0.1836
oar,177,0,33,65.865,300.115,139.7668,0.1703
oar,177,0,34,65.985,299.995,130.2355,0.1703
oar,177,0,35,66.085,299.855,120.9638,0.1749
oar,177,0,36,66.16,299.695,109.4402,0.1803
oar,177,0,37,66.2,299.52,96.3394,0.1811
oar,177,0,38,66.19,299.315,80.1344,0.2335
oar,177,0,39,66.12,299.09,65.5565,0.2417
oar,177,0,40,66.005,298.875,58.24,0.247
oar,177,0,41,65.87,298.675,53.6161,0.236
oar,177,0,42,64.785,297.325,51.0354,3.2282
oar,177,0,43,65.245,296.07,0.0,2.95
oar,177,0,44,66.72,296.325,90.0,0.51
oar,177,0,45,65.805,296.58,0.0,1.83
oar,178,0,0,68.875,296.0,5.4374,0.2109
oar,178,0,1,69.08,296.03,11.312,0.204
oar,178,0,2,69.265,296.09,25.2061,0.1879
oar,178,0,3,69.435,296.18,30.4597,0.1972
oar,178,0,4,69.59,296.295,42.8801,0.1911
oar,178,0,5,69.725,296.43,47.1247,0.1911
oar,178,0,6,69.845,296.58,55.4919,0.1942
oar,178,0,7,69.95,296.75,60.9429,0.2059
oar,178,0,8,70.08,297.03,67.1671,0.4123
oar,178,0,9,70.21,297.42,75.9638,0.4123
oar,178,0,10,70.28,297.725,79.215,0.2138
oar,178,0,11,70.315,297.93,81.4701,0.2022
oar,178,0,12,70.335,298.125,86.9866,0.1903
oar,178,0,13,70.34,298.31,90.0,0.18
oar,178,0,14,70.34,298.495,90.0,0.19
oar,178,0,15,70.335,298.685,93.0134,0.1903
oar,178,0,16,70.315,298.88,98.5312,0.2022
oar,178,0,17,70.285,299.085,98.1289,0.2122
oar,178,0,18,70.215,299.39,105.3766,0.4148
oar,178,0,19,70.08,299.785,112.3065,0.4215
oar,178,0,20,69.95,300.07,119.053,0.2059
oar,178,0,21,69.845,300.24,124.5132,0.1941
oar,178,0,22,69.725,300.395,130.9092,0.1985
oar,178,0,23,69.59,300.53,139.3997,0.1844
oar,178,0,24,69.44,300.645,145.4957,0.1942
oar,178,0,25,69.27,300.735,158.7467,0.1931
oar,178,0,26,69.08,300.795,165.9674,0.2062
oar,178,0,27,68.875,300.83,174.5544,0.211
oar,178,0,28,68.665,300.83,5.4456,0.211
oar,178,0,29,68.46,300.795,14.0326,0.2062
oar,178,0,30,68.27,300.735,21.2533,0.1931
oar,178,0,31,68.1,300.645,34.5043,0.1942
oar,178,0,32,67.95,300.53,40.6003,0.1844
oar,178,0,33,67.815,300.395,49.0908,0.1985
oar,178,0,34,67.695,300.24,55.4868,0.1941
oar,178,0,35,67.59,300.07,60.947,0.2059
oar,178,0,36,67.46,299.785,67.6935,0.4215
oar,178,0,37,67.325,299.39,74.6234,0.4148
oar,178,0,38,67.255,299.085,81.8711,0.2122
oar,178,0,39,67.225,298.88,81.4688,0.2022
oar,178,0,40,67.205,298.685,86.9866,0.1903
oar,178,0,41,67.195,298.495,86.9866,0.1903
oar,178,0,42,67.195,298.31,93.1806,0.1803
oar,178,0,43,67.205,298.125,93.0134,0.1903
oar,178,0,44,67.225,297.93,98.5299,0.2022
oar,178,0,45,67.255,297.725,98.1301,0.2121
oar,178,0,46,67.325,297.42,105.3766,0.4148
oar,178,0,47,67.46,297.03,112.8329,0.4123
oar,178,0,48,67.59,296.75,119.0571,0.2059
oar,178,0,49,67.695,296.58,124.5081,0.1942
oar,178,0,50,67.815,296.43,132.8753,0.1911
oar,178,0,51,67.95,296.295,137.1199,0.1911
oar,178,0,52,68.1,296.18,148.0015,0.1887
oar,178,0,53,68.27,296.09,156.0321,0.197
oar,178,0,54,68.46,296.03,168.688,0.204
oar,178,0,55,68.665,296.0,174.5626,0.2109
oar,178,1,0,68.845,300.325,176.1823,0.1503
oar,178,1,1,68.985,300.295,158.9668,0.1393
oar,178,1,2,69.115,300.24,155.2266,0.1432
oar,178,1,3,69.235,300.165,140.7099,0.1421
oar,178,1,4,69.38,300.005,128.0458,0.2921
oar,178,1,5,69.54,299.75,116.5651,0.313
oar,178,1,6,69.665,299.455,109.5369,0.3289
oar,178,1,7,69.75,299.14,100.6203,0.3256
oar,178,1,8,69.8,298.825,97.3526,0.3126
oar,178,1,9,69.825,298.54,92.2016,0.2602
oar,178,1,10,69.825,298.275,87.8802,0.2702
oar,178,1,11,69.8,297.99,82.4049,0.3026
oar,178,1,12,69.75,297.68,79.3797,0.3256
oar,178,1,13,69.665,297.365,70.4631,0.3289
oar,178,1,14,69.54,297.07,63.4349,0.313
oar,178,1,15,69.38,296.82,50.7107,0.2843
oar,178,1,16,69.235,296.665,39.2901,0.1421
oar,178,1,17,69.115,296.585,28.3024,0.1477
oar,178,1,18,68.985,296.53,17.1065,0.136
oar,178,1,19,68.845,296.505,3.8061,0.1503
oar,178,1,20,68.695,296.505,176.1939,0.1503
oar,178,1,21,68.555,296.53,162.8935,0.136
oar,178,1,22,68.425,296.585,151.6976,0.1477
oar,178,1,23,68.305,296.665,140.7099,0.1421
oar,178,1,24,68.16,296.82,129.2893,0.2843
oar,178,1,25,68.0,297.07,116.5651,0.313
oar,178,1,26,67.875,297.365,109.5369,0.3289
oar,178,1,27,67.785,297.68,102.3388,0.3276
oar,178,1,28,67.735,297.99,95.712,0.3015
oar,178,1,29,67.715,298.275,92.1198,0.2702
oar,178,1,30,67.715,298.54,87.7984,0.2602
oar,178,1,31,67.735,298.825,84.4712,0.3114
oar,178,1,32,67.785,299.14,77.6612,0.3276
oar,178,1,33,67.875,299.455,70.4631,0.3289
oar,178,1,34,68.0,299.75,63.4349,0.313
oar,178,1,35,68.16,300.005,51.9542,0.2921
oar,178,1,36,68.305,300.165,39.2901,0.1421
oar,178,1,37,68.425,300.24,24.7734,0.1432
oar,178,1,38,68.555,300.295,21.0332,0.1393
oar,178,1,39,68.695,300.325,3.8177,0.1503
oar,179,0,0,71.26,295.925,67.0113,1.7923
oar,179,0,1,71.085,295.035,159.6228,0.3734
oar,179,0,2,71.68,295.77,62.3007,1.8071
oar,179,0,3,71.855,296.66,159.83,0.522
oar,180,0,0,75.015,296.07,0.0,0.95
oar,180,0,1,75.625,296.075,2.1231,0.2702
oar,180,0,2,75.89,296.095,6.5816,0.2617
oar,180,0,3,76.145,296.13,9.0854,0.2532
oar,180,0,4,76.39,296.18,14.0427,0.2474
oar,180,0,5,76.625,296.25,19.1764,0.2435
oar,180,0,6,76.85,296.34,24.4452,0.2417
oar,180,0,7,77.06,296.45,30.9621,0.2332
oar,180,0,8,77.255,296.575,34.3821,0.2302
oar,180,0,9,77.43,296.72,45.0,0.2263
oar,180,0,10,77.585,296.885,48.5732,0.2267
oar,180,0,11,77.73,297.065,53.6161,0.236
oar,180,0,12,77.855,297.265,62.3529,0.2371
oar,180,0,13,77.95,297.485,70.8231,0.2435
oar,180,0,14,78.025,297.72,73.7392,0.25
oar,180,0,15,78.08,297.975,81.5734,0.273
oar,180,0,16,78.105,298.255,88.0245,0.2902
oar,180,0,17,78.105,298.54,92.0459,0.2802
oar,180,0,18,78.08,298.81,98.746,0.2631
oar,180,0,19,78.025,299.06,106.2608,0.25
oar,180,0,20,77.945,299.29,112.2481,0.2377
oar,180,0,21,77.845,299.505,117.6436,0.2371
oar,180,0,22,77.725,299.7,125.8382,0.222
oar,180,0,23,77.585,299.875,131.4217,0.2267
oar,180,0,24,77.425,300.035,138.5772,0.2267
oar,180,0,25,77.245,300.175,145.619,0.2302
oar,180,0,26,77.05,300.3,149.0369,0.2332
oar,180,0,27,76.845,300.405,156.8029,0.2285
oar,180,0,28,76.625,300.49,160.8236,0.2435
oar,180,0,29,76.39,300.56,165.9642,0.2474
oar,180,0,30,76.15,300.615,168.2278,0.2452
oar,180,0,31,75.9,300.65,175.6036,0.2608
oar,180,0,32,75.64,300.665,177.7953,0.2602
oar,180,0,33,75.025,300.67,0.0,0.97
oar,180,0,34,74.54,298.37,90.0,4.6
oar,180,1,0,75.23,300.16,0.0,0.2
oar,180,1,1,75.44,300.155,177.3949,0.2202
oar,180,1,2,75.655,300.145,177.2793,0.2102
oar,180,1,3,75.865,300.125,171.8702,0.2121
oar,180,1,4,76.07,300.09,168.6875,0.204
oar,180,1,5,76.265,300.045,165.2601,0.1965
oar,180,1,6,76.45,299.985,158.7475,0.1931
oar,180,1,7,76.625,299.91,154.7939,0.1879
oar,180,1,8,76.785,299.82,146.3167,0.1803
oar,180,1,9,76.935,299.715,143.7425,0.186
oar,180,1,10,77.07,299.595,132.7072,0.1769
oar,180,1,11,77.185,299.455,126.2551,0.186
oar,180,1,12,77.29,299.3,122.0064,0.1887
oar,180,1,13,77.375,299.13,111.2512,0.1931
oar,180,1,14,77.44,298.94,106.6976,0.2088
oar,180,1,15,77.485,298.725,97.4317,0.2319
oar,180,1,16,77.51,298.49,94.7642,0.2409
oar,180,1,17,77.51,298.25,85.2352,0.2408
oar,180,1,18,77.485,298.02,82.2352,0.222
oar,180,1,19,77.44,297.81,73.3,0.2088
oar,180,1,20,77.375,297.615,69.7755,0.2025
oar,180,1,21,77.29,297.44,57.9936,0.1887
oar,180,1,22,77.185,297.285,53.7449,0.186
oar,180,1,23,77.07,297.15,45.0073,0.1697
oar,180,1,24,76.935,297.03,38.6584,0.1921
oar,180,1,25,76.785,296.925,30.9625,0.1749
oar,180,1,26,76.625,296.835,27.8966,0.1924
oar,180,1,27,76.45,296.76,18.4342,0.1897
oar,180,1,28,76.265,296.7,17.5247,0.1993
oar,180,1,29,76.07,296.65,11.3125,0.204
oar,180,1,30,75.865,296.62,5.4374,0.2109
oar,180,1,31,75.655,296.6,5.4456,0.211
oar,180,1,32,75.44,296.585,2.5972,0.2202
oar,180,1,33,75.23,296.58,0.0,0.2
oar,180,1,34,75.13,298.37,90.0,3.58
oar,181,0,0,78.53,298.075,90.0,0.43
oar,181,0,1,79.21,297.86,0.0,1.36
oar,181,0,2,79.89,298.075,90.0,0.43
oar,181,0,3,79.21,298.29,0.0,1.36
oar,182,0,0,83.39,300.415,90.0,0.51
oar,182,0,1,82.485,300.67,0.0,1.81
oar,182,0,2,81.225,299.485,73.3229,2.4741
oar,182,0,3,80.925,298.3,0.0,0.11
oar,182,0,4,81.065,298.39,46.6344,0.2476
oar,182,0,5,81.255,298.54,29.744,0.2419
oar,182,0,6,81.48,298.64,18.4322,0.253
oar,182,0,7,81.72,298.695,7.1248,0.2419
oar,182,0,8,81.95,298.7,174.8084,0.2209
oar,182,0,9,82.165,298.66,164.0552,0.2184
oar,182,0,10,82.36,298.575,148.5668,0.211
oar,182,0,11,82.535,298.455,142.601,0.214
oar,182,0,12,82.685,298.31,129.0926,0.2062
oar,182,0,13,82.805,298.135,120.0684,0.2195
oar,182,0,14,82.89,297.94,106.6976,0.2088
oar,182,0,15,82.935,297.73,97.7648,0.222
oar,182,0,16,82.935,297.51,82.2352,0.222
oar,182,0,17,82.89,297.295,74.0546,0.2184
oar,182,0,18,82.81,297.095,62.2421,0.2147
oar,182,0,19,82.69,296.915,50.5248,0.2202
oar,182,0,20,82.54,296.76,41.1882,0.2126
oar,182,0,21,82.365,296.64,27.7597,0.2147
oar,182,0,22,82.165,296.555,18.4368,0.2214
oar,182,0,23,81.945,296.51,4.9671,0.2309
oar,182,0,24,81.75,296.505,176.4203,0.1603
oar,182,0,25,81.595,296.53,165.0657,0.1552
oar,182,0,26,81.44,296.58,159.4443,0.1709
oar,182,0,27,81.29,296.65,150.2592,0.1612
oar,182,0,28,81.15,296.74,144.4606,0.172
oar,182,0,29,81.025,296.85,132.5118,0.1628
oar,182,0,30,80.92,296.975,127.5671,0.164
oar,182,0,31,80.84,297.11,113.2027,0.1523
oar,182,0,32,80.595,296.98,42.9295,0.5873
oar,182,0,33,80.435,296.69,121.4307,0.2109
oar,182,0,34,80.56,296.52,131.1852,0.2126
oar,182,0,35,80.71,296.375,140.9057,0.2062
oar,182,0,36,80.88,296.255,148.5739,0.2109
oar,182,0,37,81.065,296.155,154.6541,0.2102
oar,182,0,38,81.26,296.075,160.7085,0.2119
oar,182,0,39,81.465,296.02,169.2134,0.2138
oar,182,0,40,81.68,295.995,177.3949,0.2202
oar,182,0,41,81.875,295.995,3.3698,0.1703
oar,182,0,42,82.045,296.01,6.7063,0.1712
oar,182,0,43,82.21,296.035,10.6296,0.1628
oar,182,0,44,82.37,296.075,17.3504,0.1676
oar,182,0,45,82.59,296.17,26.5626,0.313
oar,182,0,46,82.855,296.335,37.2352,0.314
oar,182,0,47,83.08,296.55,50.1962,0.3124
oar,182,0,48,83.255,296.805,60.9442,0.3089
oar,182,0,49,83.355,297.02,72.6478,0.1676
oar,182,0,50,83.4,297.18,75.9638,0.1649
oar,182,0,51,83.435,297.345,79.9914,0.1726
oar,182,0,52,83.455,297.52,86.8199,0.1803
oar,182,0,53,83.445,297.765,95.5274,0.3114
oar,182,0,54,83.395,298.065,103.5714,0.2983
oar,182,0,55,83.3,298.35,113.1992,0.3046
oar,182,0,56,83.155,298.61,125.3086,0.2941
oar,182,0,57,82.965,298.83,136.3997,0.29
oar,182,0,58,82.74,299.01,146.3091,0.2884
oar,182,0,59,82.55,299.12,156.8033,0.1523
oar,182,0,60,82.405,299.17,165.065,0.1552
oar,182,0,61,82.255,299.2,172.4096,0.1513
oar,182,0,62,82.095,299.215,176.6302,0.1703
oar,182,0,63,81.85,299.21,3.5744,0.3206
oar,182,0,64,81.835,299.68,73.1915,1.0028
oar,182,0,65,82.685,300.16,0.0,1.41
oar,183,0,0,85.615,296.0,5.4374,0.2109
oar,183,0,1,85.82,296.03,11.312,0.204
oar,183,0,2,86.005,296.09,25.2061,0.1879
oar,183,0,3,86.175,296.18,30.4597,0.1972
oar,183,0,4,86.33,296.295,42.8801,0.1911
oar,183,0,5,86.465,296.43,47.1247,0.1911
oar,183,0,6,86.585,296.58,55.4919,0.1942
oar,183,0,7,86.69,296.75,60.9429,0.2059
oar,183,0,8,86.82,297.03,67.1671,0.4123
oar,183,0,9,86.95,297.42,75.9638,0.4123
oar,183,0,10,87.02,297.725,79.215,0.2138
oar,183,0,11,87.055,297.93,81.4701,0.2022
oar,183,0,12,87.075,298.125,86.9866,0.1903
oar,183,0,13,87.08,298.31,90.0,0.18
oar,183,0,14,87.08,298.495,90.0,0.19
oar,183,0,15,87.075,298.685,93.0134,0.1903
oar,183,0,16,87.055,298.88,98.5312,0.2022
oar,183,0,17,87.025,299.085,98.1289,0.2122
oar,183,0,18,86.955,299.39,105.3766,0.4148
oar,183,0,19,86.82,299.785,112.3065,0.4215
oar,183,0,20,86.69,300.07,119.053,0.2059
oar,183,0,21,86.585,300.24,124.5132,0.1941
oar,183,0,22,86.465,300.395,130.9092,0.1985
oar,183,0,23,86.33,300.53,139.3997,0.1844
oar,183,0,24,86.18,300.645,145.4957,0.1942
oar,183,0,25,86.01,300.735,158.7467,0.1931
oar,183,0,26,85.82,300.795,165.9674,0.2062
oar,183,0,27,85.615,300.83,174.5544,0.211
oar,183,0,28,85.405,300.83,5.4456,0.211
oar,183,0,29,85.2,300.795,14.0326,0.2062
oar,183,0,30,85.01,300.735,21.2533,0.1931
oar,183,0,31,84.84,300.645,34.5043,0.1942
oar,183,0,32,84.69,300.53,40.6003,0.1844
oar,183,0,33,84.555,300.395,49.0908,0.1985
oar,183,0,34,84.435,300.24,55.4868,0.1941
oar,183,0,35,84.33,300.07,60.947,0.2059
oar,183,0,36,84.2,299.785,67.6935,0.4215
oar,183,0,37,84.065,299.39,74.6234,0.4148
oar,183,0,38,83.995,299.085,81.8711,0.2122
oar,183,0,39,83.965,298.88,81.4688,0.2022
oar,183,0,40,83.945,298.685,86.9866,0.1903
oar,183,0,41,83.935,298.495,86.9866,0.1903
oar,183,0,42,83.935,298.31,93.1806,0.1803
oar,183,0,43,83.945,298.125,93.0134,0.1903
oar,183,0,44,83.965,297.93,98.5299,0.2022
oar,183,0,45,83.995,297.725,98.1301,0.2121
oar,183,0,46,84.065,297.42,105.3766,0.4148
oar,183,0,47,84.2,297.03,112.8329,0.4123
oar,183,0,48,84.33,296.75,119.0571,0.2059
oar,183,0,49,84.435,296.58,124.5081,0.1942
oar,183,0,50,84.555,296.43,132.8753,0.1911
oar,183,0,51,84.69,296.295,137.1199,0.1911
oar,183,0,52,84.84,296.18,148.0015,0.1887
oar,183,0,53,85.01,296.09,156.0321,0.197
oar,183,0,54,85.2,296.03,168.688,0.204
oar,183,0,55,85.405,296.0,174.5626,0.2109
oar,183,1,0,85.585,300.325,176.1823,0.1503
oar,183,1,1,85.725,300.295,158.9668,0.1393
oar,183,1,2,85.855,300.24,155.2266,0.1432
oar,183,1,3,85.975,300.165,140.7099,0.1421
oar,183,1,4,86.12,300.005,128.0458,0.2921
oar,183,1,5,86.28,299.75,116.5651,0.313
oar,183,1,6,86.405,299.455,109.5369,0.3289
oar,183,1,7,86.49,299.14,100.6203,0.3256
oar,183,1,8,86.54,298.825,97.3526,0.3126
oar,183,1,9,86.565,298.54,92.2016,0.2602
oar,183,1,10,86.565,298.275,87.8802,0.2702
oar,183,1,11,86.54,297.99,82.4049,0.3026
oar,183,1,12,86.49,297.68,79.3797,0.3256
oar,183,1,13,86.405,297.365,70.4631,0.3289
oar,183,1,14,86.28,297.07,63.4349,0.313
oar,183,1,15,86.12,296.82,50.7107,0.2843
oar,183,1,16,85.975,296.665,39.2901,0.1421
oar,183,1,17,85.855,296.585,28.3024,0.1477
oar,183,1,18,85.725,296.53,17.1065,0.136
oar,183,1,19,85.585,296.505,3.8061,0.1503
oar,183,1,20,85.435,296.505,176.1939,0.1503
oar,183,1,21,85.29,296.53,164.0513,0.1456
oar,183,1,22,85.16,296.585,149.7415,0.1389
oar,183,1,23,85.045,296.665,140.7099,0.1421
oar,183,1,24,84.9,296.82,129.2893,0.2843
oar,183,1,25,84.74,297.07,116.5651,0.313
oar,183,1,26,84.615,297.365,109.5369,0.3289
oar,183,1,27,84.525,297.68,102.3388,0.3276
oar,183,1,28,84.475,297.99,95.712,0.3015
oar,183,1,29,84.45,298.275,94.2354,0.2708
oar,183,1,30,84.45,298.54,85.6017,0.2607
oar,183,1,31,84.475,298.825,84.4712,0.3114
oar,183,1,32,84.525,299.14,77.6612,0.3276
oar,183,1,33,84.615,299.455,70.4631,0.3289
oar,183,1,34,84.74,299.75,63.4349,0.313
oar,183,1,35,84.9,300.005,51.9542,0.2921
oar,183,1,36,85.045,300.165,39.2901,0.1421
oar,183,1,37,85.16,300.24,26.5636,0.1342
oar,183,1,38,85.29,300.295,19.6495,0.1487
oar,183,1,39,85.435,300.325,3.8177,0.1503
oar,184,0,0,42.45,305.145,11.7654,0.2452
oar,184,0,1,42.675,305.215,23.2049,0.2285
oar,184,0,2,42.875,305.325,34.3753,0.2302
oar,184,0,3,43.05,305.47,45.0007,0.2263
oar,184,0,4,43.19,305.645,57.7249,0.2247
oar,184,0,5,43.3,305.845,64.5352,0.2326
oar,184,0,6,43.375,306.06,77.196,0.2256
oar,184,0,7,43.41,306.29,85.2367,0.2409
oar,184,0,8,43.4,306.565,97.3526,0.3126
oar,184,0,9,43.325,306.87,110.1372,0.3195
oar,184,0,10,43.18,307.15,124.6942,0.3162
oar,184,0,11,42.965,307.38,141.3428,0.3201
oar,184,0,12,42.695,307.54,157.516,0.3139
oar,184,0,13,42.39,307.635,167.6649,0.3276
oar,184,0,14,42.07,307.68,176.4202,0.3206
oar,184,0,15,41.75,307.695,178.2138,0.3202
oar,184,0,16,41.23,307.7,0.0,0.72
oar,184,0,17,40.87,305.4,90.0,4.6
oar,184,0,18,41.165,303.1,0.0,0.59
oar,184,0,19,41.46,304.08,90.0,1.96
oar,184,0,20,41.585,305.06,0.0,0.25
oar,184,0,21,42.4,304.08,125.1487,2.3971
oar,184,0,22,43.43,303.1,0.0,0.68
oar,184,0,23,43.05,304.11,125.4841,2.4807
oar,184,1,0,41.54,307.19,0.0,0.16
oar,184,1,1,41.735,307.185,177.508,0.2302
oar,184,1,2,41.96,307.17,174.8084,0.2209
oar,184,1,3,42.18,307.14,169.6929,0.2236
oar,184,1,4,42.39,307.085,160.7082,0.2119
oar,184,1,5,42.575,307.0,149.5332,0.1972
oar,184,1,6,42.725,306.875,130.9149,0.1985
oar,184,1,7,42.835,306.71,116.566,0.2012
oar,184,1,8,42.895,306.505,97.4317,0.232
oar,184,1,9,42.895,306.27,82.8741,0.2419
oar,184,1,10,42.84,306.055,67.1671,0.2062
oar,184,1,11,42.735,305.885,49.0842,0.1985
oar,184,1,12,42.59,305.76,32.007,0.1887
oar,184,1,13,42.415,305.675,20.2269,0.2025
oar,184,1,14,42.21,305.62,10.2993,0.2236
oar,184,1,15,41.99,305.585,7.7648,0.222
oar,184,1,16,41.765,305.57,0.0,0.23
oar,184,1,17,41.555,305.57,0.0,0.19
oar,184,1,18,41.46,306.38,90.0,1.62
oar,185,0,0,44.0,307.7,0.0,0.62
oar,185,0,1,44.65,305.315,111.9256,5.1419
oar,185,0,2,46.265,304.625,68.8718,3.6343
oar,185,0,3,47.575,304.625,111.1282,3.6343
oar,185,0,4,49.195,305.315,67.9711,5.1456
oar,185,0,5,49.845,307.7,0.0,0.63
oar,185,0,6,48.88,306.06,68.3795,3.5282
oar,185,0,7,47.575,306.145,110.7922,3.6904
oar,185,0,8,46.27,306.185,68.9057,3.6121
oar,185,0,9,44.965,306.1,112.2629,3.4578
oar,186,0,0,51.51,304.12,90.0,2.04
oar,186,0,1,51.81,303.1,0.0,0.6
oar,186,0,2,52.11,304.12,90.0,2.04
oar,186,0,3,52.865,306.42,59.466,2.9722
oar,186,0,4,53.29,307.7,0.0,0.66
oar,186,0,5,52.385,306.735,59.2111,2.2466
oar,186,0,6,51.24,306.735,120.5693,2.2415
oar,186,0,7,50.34,307.7,0.0,0.66
oar,186,0,8,50.76,306.42,120.3677,2.9671
oar,187,0,0,56.88,305.145,90.0,4.09
oar,187,0,1,57.135,303.1,0.0,0.51
oar,187,0,2,57.39,305.4,90.0,4.6
oar,187,0,3,56.895,307.7,0.0,0.99
oar,187,0,4,56.24,307.445,57.8943,0.6021
oar,187,0,5,56.48,307.19,0.0,0.8
oar,188,0,0,60.43,305.145,90.0,4.09
oar,188,0,1,60.685,303.1,0.0,0.51
oar,188,0,2,60.94,305.4,90.0,4.6
oar,188,0,3,60.44,307.7,0.0,1.0
oar,188,0,4,59.78,307.445,57.8943,0.6021
oar,188,0,5,60.025,307.19,0.0,0.81
oar,189,0,0,62.78,305.1,90.0,0.42
oar,189,0,1,63.46,304.89,0.0,1.36
oar,189,0,2,64.14,305.1,90.0,0.42
oar,189,0,3,63.46,305.31,0.0,1.36
oar,190,0,0,66.635,304.56,51.5244,2.4269
oar,190,0,1,67.455,305.615,58.24,0.247
oar,190,0,2,67.57,305.84,67.3822,0.26
oar,190,0,3,67.65,306.09,77.0033,0.2668
oar,190,0,4,67.695,306.35,83.4186,0.2617
oar,190,0,5,67.695,306.625,95.9057,0.2916
oar,190,0,6,67.635,306.905,108.4364,0.2846
oar,190,0,7,67.525,307.16,118.4403,0.273
oar,190,0,8,67.375,307.38,130.3668,0.2625
oar,190,0,9,67.185,307.56,142.6963,0.264
oar,190,0,10,66.96,307.7,153.4357,0.2683
oar,190,0,11,66.705,307.8,163.4921,0.2816
oar,190,0,12,66.43,307.855,173.8847,0.2816
oar,190,0,13,66.14,307.855,5.7103,0.3015
oar,190,0,14,65.855,307.805,14.5357,0.2789
oar,190,0,15,65.6,307.71,26.5643,0.2683
oar,190,0,16,65.38,307.57,38.6609,0.2561
oar,190,0,17,65.195,307.39,49.6375,0.2625
oar,190,0,18,65.04,307.175,58.6679,0.2692
oar,190,0,19,64.925,306.925,71.567,0.2846
oar,190,0,20,64.85,306.64,78.6901,0.3059
oar,190,0,21,65.11,306.49,0.0,0.58
oar,190,0,22,65.415,306.575,79.9889,0.1726
oar,190,0,23,65.455,306.745,73.6131,0.1772
oar,190,0,24,65.525,306.9,57.2607,0.1664
oar,190,0,25,65.625,307.035,49.7645,0.1703
oar,190,0,26,65.745,307.155,40.241,0.1703
oar,190,0,27,65.88,307.25,29.7408,0.1612
oar,190,0,28,66.035,307.315,16.3954,0.1772
oar,190,0,29,66.205,307.35,6.706,0.1712
oar,190,0,30,66.375,307.35,173.2937,0.1712
oar,190,0,31,66.545,307.31,160.5605,0.1803
oar,190,0,32,66.71,307.24,153.4306,0.1789
oar,190,0,33,66.855,307.145,139.7668,0.1703
oar,190,0,34,66.975,307.025,130.2355,0.1703
oar,190,0,35,67.075,306.88,119.3562,0.1836
oar,190,0,36,67.15,306.715,109.4402,0.1803
oar,190,0,37,67.19,306.54,96.3394,0.1811
oar,190,0,38,67.18,306.335,80.1344,0.2335
oar,190,0,39,67.11,306.11,65.5535,0.2416
oar,190,0,40,66.995,305.9,56.9783,0.2385
oar,190,0,41,66.855,305.705,51.7099,0.2421
oar,190,0,42,65.77,304.355,51.1736,3.2219
oar,190,0,43,66.235,303.1,0.0,2.95
oar,190,0,44,67.71,303.355,90.0,0.51
oar,190,0,45,66.795,303.61,0.0,1.83
oar,191,0,0,70.085,304.075,53.6065,2.6461
oar,191,0,1,70.96,305.285,58.1733,0.3413
oar,191,0,2,71.125,305.58,63.4338,0.3354
oar,191,0,3,71.225,305.805,71.5659,0.1581
oar,191,0,4,71.275,305.96,72.6454,0.1676
oar,191,0,5,71.31,306.125,83.2918,0.1712
oar,191,0,6,71.325,306.295,86.6325,0.1703
oar,191,0,7,71.315,306.53,95.71,0.3015
oar,191,0,8,71.255,306.82,107.8183,0.2941
oar,191,0,9,71.14,307.085,119.2501,0.2865
oar,191,0,10,70.975,307.32,130.8142,0.2907
oar,191,0,11,70.77,307.52,140.7119,0.2842
oar,191,0,12,70.535,307.68,150.7539,0.2865
oar,191,0,13,70.27,307.795,162.1817,0.2941
oar,191,0,14,69.985,307.855,174.0941,0.2915
oar,191,0,15,69.685,307.855,5.5274,0.3114
oar,191,0,16,69.39,307.795,17.8178,0.2941
oar,191,0,17,69.125,307.68,29.2461,0.2865
oar,191,0,18,68.89,307.515,40.8163,0.2907
oar,191,0,19,68.69,307.31,50.7107,0.2843
oar,191,0,20,68.535,307.07,63.4349,0.2907
oar,191,0,21,68.425,306.795,72.758,0.3036
oar,191,0,22,68.365,306.495,84.4732,0.3115
oar,191,0,23,68.365,306.2,96.1153,0.2816
oar,191,0,24,68.415,305.93,105.0696,0.2692
oar,191,0,25,68.505,305.675,113.7496,0.2731
oar,191,0,26,68.64,305.44,126.0265,0.272
oar,191,0,27,68.815,305.24,136.5497,0.2617
oar,191,0,28,69.02,305.08,147.5262,0.2608
oar,191,0,29,69.255,304.965,160.2019,0.2657
oar,191,0,30,69.515,304.905,173.66,0.2717
oar,191,0,31,69.77,304.895,2.3883,0.2402
oar,191,0,32,69.995,304.94,20.8506,0.2247
oar,191,0,33,70.105,304.97,116.5651,0.0223
oar,191,0,34,69.495,304.15,52.7926,2.0341
oar,191,0,35,69.09,303.175,141.8438,0.5341
oar,191,1,0,69.755,305.41,173.2937,0.1712
oar,191,1,1,69.58,305.445,164.4795,0.1868
oar,191,1,2,69.405,305.515,152.1045,0.1924
oar,191,1,3,69.25,305.62,139.3925,0.1844
oar,191,1,4,69.115,305.75,132.8815,0.191
oar,191,1,5,69.0,305.905,120.4632,0.1972
oar,191,1,6,68.92,306.08,108.4371,0.1897
oar,191,1,7,68.88,306.275,95.4396,0.2109
oar,191,1,8,68.88,306.475,83.9921,0.1911
oar,191,1,9,68.92,306.66,71.5629,0.1897
oar,191,1,10,68.995,306.835,62.1056,0.1924
oar,191,1,11,69.105,306.995,49.0834,0.1985
oar,191,1,12,69.245,307.13,38.6598,0.1921
oar,191,1,13,69.405,307.235,27.8955,0.1924
oar,191,1,14,69.585,307.305,14.7491,0.1965
oar,191,1,15,69.78,307.345,8.5302,0.2022
oar,191,1,16,69.975,307.345,171.0275,0.1923
oar,191,1,17,70.155,307.3,160.5613,0.1803
oar,191,1,18,70.32,307.225,150.6426,0.1836
oar,191,1,19,70.47,307.115,137.1199,0.1911
oar,191,1,20,70.6,306.975,128.6616,0.1921
oar,191,1,21,70.705,306.82,119.3562,0.1836
oar,191,1,22,70.775,306.65,105.5231,0.1868
oar,191,1,23,70.81,306.47,96.3394,0.1811
oar,191,1,24,70.815,306.285,86.9889,0.1903
oar,191,1,25,70.78,306.1,71.5629,0.1897
oar,191,1,26,70.71,305.925,64.8022,0.1879
oar,191,1,27,70.61,305.77,49.3948,0.1844
oar,191,1,28,70.48,305.635,42.8801,0.1911
oar,191,1,29,70.33,305.525,29.3562,0.1836
oar,191,1,30,70.155,305.45,17.5253,0.1992
oar,191,1,31,69.95,305.41,5.1916,0.2209
oar,192,0,0,46.9,115.32,90.0,2.92
oar,192,0,1,46.9,113.765,90.0,0.19
oar,192,0,2,46.9,113.57,90.0,0.2
oar,192,0,3,46.885,113.365,81.8699,0.2121
oar,192,0,4,46.85,113.16,78.6905,0.204
oar,192,0,5,46.79,112.97,66.0362,0.197
oar,192,0,6,46.695,112.81,51.8465,0.1781
oar,192,0,7,46.6,112.715,31.9985,0.0943
oar,192,0,8,46.515,112.67,23.967,0.0985
oar,192,0,9,46.42,112.635,16.6988,0.1044
oar,192,0,10,46.31,112.615,4.7682,0.1204
oar,192,0,11,46.13,112.63,170.5356,0.2433
oar,192,0,12,45.905,112.71,150.256,0.2419
oar,192,0,13,45.655,112.53,58.8599,0.5608
oar,192,0,14,45.595,112.25,154.7939,0.1879
oar,192,0,15,45.765,112.18,160.5609,0.1803
oar,192,0,16,45.94,112.13,167.4686,0.1844
oar,192,0,17,46.13,112.105,177.1435,0.2002
oar,192,0,18,46.325,112.105,3.0066,0.1903
oar,192,0,19,46.51,112.125,9.4619,0.1825
oar,192,0,20,46.675,112.165,18.4415,0.1581
oar,192,0,21,46.82,112.22,23.1973,0.1523
oar,192,0,22,47.0,112.335,37.6968,0.278
oar,192,0,23,47.19,112.535,55.1733,0.2802
oar,192,0,24,47.33,112.78,65.2252,0.2864
oar,192,0,25,47.425,113.06,76.8655,0.308
oar,192,0,26,47.475,113.37,84.6445,0.3214
oar,192,0,27,47.495,113.695,88.2645,0.3301
oar,192,0,28,47.5,115.32,90.0,2.92
oar,192,0,29,47.2,116.78,0.0,0.6
oar,193,0,0,51.305,112.785,114.0071,1.3027
oar,193,0,1,51.88,112.19,0.0,0.62
oar,193,0,2,51.08,114.605,114.6847,5.3158
oar,193,0,3,48.865,114.605,65.4133,5.3116
oar,193,0,4,48.07,112.19,0.0,0.62
oar,193,0,5,48.645,112.785,65.9929,1.3027
oar,193,0,6,49.975,113.38,0.0,2.13
oar,193,1,0,49.975,113.89,0.0,1.65
oar,193,1,1,49.56,114.825,66.3224,2.0419
oar,193,1,2,50.385,114.825,113.9341,2.0459
oar,194,0,0,52.88,112.19,0.0,0.6
oar,194,0,1,53.18,113.92,90.0,3.46
oar,194,0,2,54.88,113.825,132.9691,4.9882
oar,194,0,3,56.58,114.39,90.0,4.78
oar,194,0,4,56.285,116.78,0.0,0.59
oar,194,0,5,55.99,115.105,90.0,3.35
oar,194,0,6,54.285,115.215,133.6868,4.9369
oar,194,0,7,52.58,114.595,90.0,4.81
oar,195,0,0,57.31,115.33,90.0,2.9
oar,195,0,1,57.315,113.785,93.0122,0.1903
oar,195,0,2,57.33,113.6,96.3406,0.1811
oar,195,0,3,57.36,113.42,102.5275,0.1844
oar,195,0,4,57.405,113.25,107.3565,0.1676
oar,195,0,5,57.5,113.015,114.3025,0.3402
oar,195,0,6,57.67,112.73,127.5709,0.328
oar,195,0,7,57.89,112.495,138.8113,0.3189
oar,195,0,8,58.155,112.31,151.1176,0.3312
oar,195,0,9,58.38,112.205,162.64,0.1676
oar,195,0,10,58.55,112.155,164.4795,0.1868
oar,195,0,11,58.73,112.12,173.6535,0.1811
oar,195,0,12,58.915,112.105,176.9935,0.1903
oar,195,0,13,59.105,112.105,3.0066,0.1903
oar,195,0,14,59.295,112.12,6.0149,0.1911
oar,195,0,15,59.475,112.155,16.3856,0.1772
oar,195,0,16,59.64,112.205,17.36,0.1676
oar,195,0,17,59.865,112.31,28.8824,0.3312
oar,195,0,18,60.135,112.495,40.0332,0.3265
oar,195,0,19,60.355,112.73,53.8398,0.322
oar,195,0,20,60.525,113.015,64.1808,0.3444
oar,195,0,21,60.625,113.25,72.6435,0.1676
oar,195,0,22,60.665,113.42,80.5393,0.1825
oar,195,0,23,60.695,113.6,80.5365,0.1825
oar,195,0,24,60.71,113.785,90.0,0.19
oar,195,0,25,60.71,115.33,90.0,2.9
oar,195,0,26,60.415,116.78,0.0,0.59
oar,195,0,27,60.12,115.425,90.0,2.71
oar,195,0,28,60.115,113.93,87.9541,0.2802
oar,195,0,29,60.09,113.66,81.254,0.2631
oar,195,0,30,60.035,113.405,74.3578,0.2596
oar,195,0,31,59.945,113.17,63.4349,0.246
oar,195,0,32,59.82,112.965,53.6161,0.236
oar,195,0,33,59.655,112.8,36.3814,0.236
oar,195,0,34,59.5,112.705,22.6275,0.13
oar,195,0,35,59.375,112.66,17.106,0.136
oar,195,0,36,59.24,112.63,8.1257,0.1414
oar,195,0,37,59.09,112.615,3.5798,0.1603
oar,195,0,38,58.93,112.615,176.4202,0.1603
oar,195,0,39,58.78,112.63,171.8743,0.1414
oar,195,0,40,58.645,112.66,162.894,0.136
oar,195,0,41,58.525,112.705,155.5483,0.1208
oar,195,0,42,58.37,112.8,145.0111,0.2441
oar,195,0,43,58.2,112.965,126.3839,0.236
oar,195,0,44,58.075,113.17,116.5651,0.246
oar,195,0,45,57.985,113.405,105.6422,0.2596
oar,195,0,46,57.935,113.66,96.5814,0.2617
oar,195,0,47,57.91,113.93,94.0857,0.2807
oar,195,0,48,57.9,115.425,90.0,2.71
oar,195,0,49,57.605,116.78,0.0,0.59
oar,196,0,0,64.525,112.785,114.0071,1.3027
oar,196,0,1,65.1,112.19,0.0,0.62
oar,196,0,2,64.305,114.605,114.5867,5.3116
oar,196,0,3,62.09,114.605,65.3153,5.3158
oar,196,0,4,61.29,112.19,0.0,0.62
oar,196,0,5,61.865,112.785,65.9929,1.3027
oar,196,0,6,63.195,113.38,0.0,2.13
oar,196,1,0,63.195,113.89,0.0,1.65
oar,196,1,1,62.785,114.825,66.0659,2.0459
oar,196,1,2,63.61,114.825,113.6777,2.0419
oar,197,0,0,67.38,114.23,14.0358,0.2474
oar,197,0,1,67.61,114.305,22.2481,0.2377
oar,197,0,2,67.815,114.415,34.381,0.2302
oar,197,0,3,67.985,114.56,46.848,0.2193
oar,197,0,4,68.125,114.735,55.6206,0.2302
oar,197,0,5,68.235,114.93,65.7712,0.2193
oar,197,0,6,68.31,115.145,75.3786,0.2377
oar,197,0,7,68.35,115.38,85.237,0.2408
oar,197,0,8,68.34,115.655,97.3526,0.3126
oar,197,0,9,68.265,115.96,110.1353,0.3195
oar,197,0,10,68.115,116.24,126.1564,0.322
oar,197,0,11,67.9,116.47,140.1977,0.3124
oar,197,0,12,67.63,116.63,158.1991,0.3231
oar,197,0,13,67.325,116.72,169.0463,0.3158
oar,197,0,14,67.01,116.765,174.6445,0.3214
oar,197,0,15,66.69,116.78,0.0,0.32
oar,197,0,16,66.165,116.78,0.0,0.73
oar,197,0,17,65.8,114.485,90.0,4.59
oar,197,0,18,66.1,112.19,0.0,0.6
oar,197,0,19,66.4,113.165,90.0,1.95
oar,197,0,20,66.525,114.14,0.0,0.25
oar,197,0,21,67.34,113.165,125.2865,2.3889
oar,197,0,22,68.37,112.19,0.0,0.68
oar,197,0,23,67.985,113.195,125.8062,2.4784
oar,197,1,0,66.48,116.27,0.0,0.16
oar,197,1,1,66.67,116.27,0.0,0.22
oar,197,1,2,66.895,116.255,172.569,0.232
oar,197,1,3,67.115,116.22,169.2134,0.2138
oar,197,1,4,67.32,116.165,160.7085,0.2119
oar,197,1,5,67.505,116.08,149.5327,0.1972
oar,197,1,6,67.66,115.96,135.0031,0.198
oar,197,1,7,67.77,115.8,113.9638,0.197
oar,197,1,8,67.83,115.59,99.46,0.2433
oar,197,1,9,67.835,115.35,82.875,0.2419
oar,197,1,10,67.775,115.135,64.655,0.2102
oar,197,1,11,67.67,114.97,49.3948,0.1844
oar,197,1,12,67.525,114.85,30.4673,0.1972
oar,197,1,13,67.345,114.765,20.2266,0.2025
oar,197,1,14,67.145,114.705,13.3894,0.2159
oar,197,1,15,66.93,114.67,5.1994,0.2209
oar,197,1,16,66.705,114.655,2.4844,0.2302
oar,197,1,17,66.495,114.65,0.0,0.19
oar,197,1,18,66.4,115.46,90.0,1.62
oar,198,0,0,70.15,113.205,90.0,2.03
oar,198,0,1,70.45,112.19,0.0,0.6
oar,198,0,2,70.75,113.205,90.0,2.03
oar,198,0,3,71.505,115.5,59.466,2.9722
oar,198,0,4,71.93,116.78,0.0,0.66
oar,198,0,5,71.025,115.82,59.0801,2.238
oar,198,0,6,69.88,115.82,120.6999,2.2329
oar,198,0,7,68.98,116.78,0.0,0.66
oar,198,0,8,69.4,115.5,120.3677,2.9671
oar,199,0,0,76.155,113.645,51.3774,2.4191
oar,199,0,1,76.975,114.7,59.418,0.2555
oar,199,0,2,77.09,114.93,67.3822,0.26
oar,199,0,3,77.17,115.175,76.5031,0.2571
oar,199,0,4,77.215,115.43,83.4178,0.2617
oar,199,0,5,77.215,115.71,95.71,0.3015
oar,199,0,6,77.155,115.995,108.4364,0.2846
oar,199,0,7,77.045,116.245,119.4742,0.2642
oar,199,0,8,76.895,116.465,128.9918,0.2702
oar,199,0,9,76.705,116.65,142.6963,0.264
oar,199,0,10,76.48,116.79,153.4357,0.2683
oar,199,0,11,76.225,116.89,163.4921,0.2816
oar,199,0,12,75.95,116.94,175.9166,0.2807
oar,199,0,13,75.66,116.94,3.8119,0.3007
oar,199,0,14,75.375,116.895,14.5357,0.2789
oar,199,0,15,75.12,116.8,26.5643,0.2683
oar,199,0,16,74.895,116.66,37.3047,0.264
oar,199,0,17,74.705,116.48,49.6375,0.2625
oar,199,0,18,74.555,116.265,60.5211,0.2642
oar,199,0,19,74.445,116.015,71.567,0.2846
oar,199,0,20,74.37,115.73,78.6901,0.3059
oar,199,0,21,74.63,115.58,0.0,0.58
oar,199,0,22,74.935,115.665,79.9889,0.1726
oar,199,0,23,74.975,115.83,72.6478,0.1676
oar,199,0,24,75.045,115.985,59.0341,0.1749
oar,199,0,25,75.145,116.125,49.7645,0.1703
oar,199,0,26,75.265,116.24,37.5709,0.164
oar,199,0,27,75.4,116.33,29.7503,0.1613
oar,199,0,28,75.55,116.395,17.3497,0.1676
oar,199,0,29,75.72,116.43,6.3367,0.1811
oar,199,0,30,75.895,116.43,173.2937,0.1712
oar,199,0,31,76.065,116.395,163.6141,0.1772
oar,199,0,32,76.225,116.33,151.9227,0.17
oar,199,0,33,76.37,116.235,141.8464,0.178
oar,199,0,34,76.495,116.11,128.1545,0.1781
oar,199,0,35,76.595,115.965,120.9638,0.1749
oar,199,0,36,76.665,115.805,106.3893,0.1772
oar,199,0,37,76.7,115.63,96.3394,0.1811
oar,199,0,38,76.695,115.425,82.5692,0.232
oar,199,0,39,76.63,115.2,65.5535,0.2416
oar,199,0,40,76.515,114.985,58.2437,0.247
oar,199,0,41,76.375,114.785,51.7099,0.2421
oar,199,0,42,75.29,113.44,51.0617,3.2141
oar,199,0,43,75.755,112.19,0.0,2.95
oar,199,0,44,77.23,112.445,90.0,0.51
oar,199,0,45,76.315,112.7,0.0,1.83
oar,200,0,0,79.385,112.11,5.4374,0.2109
oar,200,0,1,79.59,112.14,11.312,0.204
oar,200,0,2,79.775,112.2,25.2061,0.1879
oar,200,0,3,79.94,112.29,31.9997,0.1887
oar,200,0,4,80.095,112.405,40.9152,0.1985
oar,200,0,5,80.235,112.54,47.1247,0.1911
oar,200,0,6,80.355,112.69,55.4919,0.1942
oar,200,0,7,80.46,112.86,60.9429,0.2059
oar,200,0,8,80.59,113.14,67.1671,0.4123
oar,200,0,9,80.72,113.535,76.2934,0.422
oar,200,0,10,80.79,113.84,78.6888,0.2039
oar,200,0,11,80.82,114.04,84.2885,0.201
oar,200,0,12,80.84,114.235,83.9921,0.1911
oar,200,0,13,80.85,114.42,90.0,0.18
oar,200,0,14,80.85,114.605,90.0,0.19
oar,200,0,15,80.84,114.795,96.0079,0.1911
oar,200,0,16,80.82,114.99,95.7123,0.201
oar,200,0,17,80.79,115.195,100.7834,0.2138
oar,200,0,18,80.72,115.505,103.7076,0.422
oar,200,0,19,80.59,115.9,112.8329,0.4123
oar,200,0,20,80.46,116.18,119.053,0.2059
oar,200,0,21,80.355,116.35,124.5132,0.1941
oar,200,0,22,80.235,116.505,130.9092,0.1985
oar,200,0,23,80.1,116.645,137.1266,0.191
oar,200,0,24,79.945,116.76,149.5327,0.1972
oar,200,0,25,79.775,116.85,154.7939,0.1879
oar,200,0,26,79.59,116.915,165.9674,0.2062
oar,200,0,27,79.385,116.945,177.271,0.2102
oar,200,0,28,79.17,116.945,2.6051,0.2202
oar,200,0,29,78.965,116.915,14.7399,0.1965
oar,200,0,30,78.78,116.85,23.9679,0.197
oar,200,0,31,78.61,116.76,32.0064,0.1887
oar,200,0,32,78.46,116.645,42.8734,0.191
oar,200,0,33,78.325,116.505,49.0908,0.1985
oar,200,0,34,78.2,116.35,53.1249,0.2
oar,200,0,35,78.09,116.18,60.9489,0.2059
oar,200,0,36,77.965,115.9,68.4591,0.4085
oar,200,0,37,77.835,115.505,74.9806,0.4245
oar,200,0,38,77.765,115.195,81.8711,0.2122
oar,200,0,39,77.735,114.99,81.4688,0.2022
oar,200,0,40,77.715,114.795,86.9866,0.1903
oar,200,0,41,77.705,114.605,86.9866,0.1903
oar,200,0,42,77.705,114.42,93.1806,0.1803
oar,200,0,43,77.715,114.235,93.0134,0.1903
oar,200,0,44,77.735,114.04,98.5299,0.2022
oar,200,0,45,77.765,113.84,98.5312,0.2022
oar,200,0,46,77.835,113.535,105.0183,0.4245
oar,200,0,47,77.97,113.14,112.8329,0.4123
oar,200,0,48,78.1,112.86,119.0571,0.2059
oar,200,0,49,78.205,112.69,124.5081,0.1942
oar,200,0,50,78.325,112.54,132.8753,0.1911
oar,200,0,51,78.46,112.405,137.1199,0.1911
oar,200,0,52,78.61,112.29,148.0015,0.1887
oar,200,0,53,78.78,112.2,156.0321,0.197
oar,200,0,54,78.97,112.14,168.688,0.204
oar,200,0,55,79.175,112.11,174.5626,0.2109
oar,200,1,0,79.355,116.435,176.1823,0.1503
oar,200,1,1,79.495,116.41,162.9058,0.136
oar,200,1,2,79.62,116.355,149.7415,0.1389
oar,200,1,3,79.735,116.275,140.7119,0.1421
oar,200,1,4,79.885,116.115,129.5576,0.2983
oar,200,1,5,80.05,115.86,116.5651,0.313
oar,200,1,6,80.17,115.565,107.8799,0.3257
oar,200,1,7,80.255,115.25,102.3388,0.3276
oar,200,1,8,80.31,114.94,97.5951,0.3026
oar,200,1,9,80.335,114.655,92.12,0.2702
oar,200,1,10,80.335,114.385,87.8802,0.2702
oar,200,1,11,80.31,114.1,82.4049,0.3026
oar,200,1,12,80.255,113.79,77.6612,0.3276
oar,200,1,13,80.17,113.475,72.1201,0.3257
oar,200,1,14,80.05,113.185,62.5916,0.3041
oar,200,1,15,79.885,112.935,50.4424,0.2983
oar,200,1,16,79.735,112.775,39.2881,0.1421
oar,200,1,17,79.62,112.7,26.5636,0.1342
oar,200,1,18,79.495,112.65,17.1065,0.136
oar,200,1,19,79.355,112.62,7.5904,0.1513
oar,200,1,20,79.205,112.62,172.4096,0.1513
oar,200,1,21,79.06,112.65,164.0513,0.1456
oar,200,1,22,78.93,112.7,153.4364,0.1342
oar,200,1,23,78.815,112.775,140.7099,0.1421
oar,200,1,24,78.67,112.935,128.0458,0.2921
oar,200,1,25,78.505,113.185,119.0558,0.3089
oar,200,1,26,78.38,113.475,107.8786,0.3257
oar,200,1,27,78.295,113.79,102.3388,0.3276
oar,200,1,28,78.245,114.1,95.712,0.3015
oar,200,1,29,78.22,114.385,94.2354,0.2708
oar,200,1,30,78.22,114.655,85.7641,0.2707
oar,200,1,31,78.245,114.94,84.288,0.3015
oar,200,1,32,78.295,115.25,77.6612,0.3276
oar,200,1,33,78.38,115.565,72.1214,0.3257
oar,200,1,34,78.505,115.86,61.8211,0.3176
oar,200,1,35,78.67,116.115,51.9542,0.2921
oar,200,1,36,78.815,116.275,39.2901,0.1421
oar,200,1,37,78.93,116.355,30.2585,0.1389
oar,200,1,38,79.06,116.41,15.9371,0.1456
oar,200,1,39,79.205,116.435,3.8177,0.1503
oar,201,0,0,83.24,113.645,51.5629,2.4129
oar,201,0,1,84.06,114.7,57.5255,0.2607
oar,201,0,2,84.18,114.93,67.3822,0.26
oar,201,0,3,84.26,115.175,76.5031,0.2571
oar,201,0,4,84.3,115.43,85.6017,0.2607
oar,201,0,5,84.295,115.71,95.71,0.3015
oar,201,0,6,84.24,115.995,106.5054,0.2816
oar,201,0,7,84.135,116.245,119.4742,0.2642
oar,201,0,8,83.985,116.465,128.9918,0.2702
oar,201,0,9,83.795,116.65,142.6963,0.264
oar,201,0,10,83.57,116.79,153.4357,0.2683
oar,201,0,11,83.315,116.89,163.4921,0.2816
oar,201,0,12,83.035,116.94,176.057,0.2907
oar,201,0,13,82.74,116.94,3.8119,0.3007
oar,201,0,14,82.455,116.895,14.5361,0.2789
oar,201,0,15,82.2,116.8,26.5636,0.2683
oar,201,0,16,81.98,116.66,38.6609,0.2561
oar,201,0,17,81.795,116.48,49.6375,0.2625
oar,201,0,18,81.645,116.265,60.5211,0.2642
oar,201,0,19,81.53,116.015,69.6785,0.2879
oar,201,0,20,81.455,115.73,80.5382,0.3041
oar,201,0,21,81.715,115.58,0.0,0.57
oar,201,0,22,82.015,115.665,79.9914,0.1726
oar,201,0,23,82.06,115.83,69.4452,0.1709
oar,201,0,24,82.13,115.985,61.926,0.17
oar,201,0,25,82.225,116.125,49.7645,0.1703
oar,201,0,26,82.345,116.24,37.5709,0.164
oar,201,0,27,82.485,116.33,28.0773,0.17
oar,201,0,28,82.64,116.395,17.3497,0.1676
oar,201,0,29,82.805,116.43,6.7063,0.1712
oar,201,0,30,82.98,116.43,173.6633,0.1811
oar,201,0,31,83.155,116.395,163.6141,0.1772
oar,201,0,32,83.315,116.33,151.9227,0.17
oar,201,0,33,83.46,116.235,141.8464,0.178
oar,201,0,34,83.585,116.11,128.1545,0.1781
oar,201,0,35,83.685,115.965,120.9638,0.1749
oar,201,0,36,83.755,115.805,106.3893,0.1772
oar,201,0,37,83.79,115.63,96.3394,0.1811
oar,201,0,38,83.78,115.425,80.1344,0.2335
oar,201,0,39,83.715,115.2,67.7491,0.2377
oar,201,0,40,83.6,114.985,56.3128,0.2524
oar,201,0,41,83.46,114.785,53.6161,0.236
oar,201,0,42,82.38,113.44,51.0617,3.2141
oar,201,0,43,82.84,112.19,0.0,2.94
oar,201,0,44,84.31,112.445,90.0,0.51
oar,201,0,45,83.4,112.7,0.0,1.82
oar,202,0,0,87.79,116.525,90.0,0.51
oar,202,0,1,86.885,116.78,0.0,1.81
oar,202,0,2,85.625,115.6,73.2563,2.4645
oar,202,0,3,85.325,114.42,0.0,0.11
oar,202,0,4,85.465,114.505,45.0013,0.2404
oar,202,0,5,85.655,114.655,31.7606,0.247
oar,202,0,6,85.88,114.76,18.4322,0.253
oar,202,0,7,86.12,114.81,4.7611,0.2408
oar,202,0,8,86.35,114.81,174.8084,0.2209
oar,202,0,9,86.56,114.77,163.3018,0.2088
oar,202,0,10,86.755,114.69,152.2394,0.2147
oar,202,0,11,86.93,114.57,138.8179,0.2126
oar,202,0,12,87.08,114.42,131.1852,0.2126
oar,202,0,13,87.2,114.245,117.7579,0.2147
oar,202,0,14,87.285,114.05,109.2889,0.2119
oar,202,0,15,87.33,113.845,95.4417,0.2109
oar,202,0,16,87.33,113.625,85.0294,0.2309
oar,202,0,17,87.29,113.405,74.0546,0.2184
oar,202,0,18,87.205,113.205,59.9316,0.2195
oar,202,0,19,87.085,113.025,52.5924,0.214
oar,202,0,20,86.94,112.87,41.1882,0.2126
oar,202,0,21,86.765,112.75,27.7597,0.2147
oar,202,0,22,86.565,112.665,18.4368,0.2214
oar,202,0,23,86.345,112.62,4.9671,0.2309
oar,202,0,24,86.15,112.615,176.4203,0.1603
oar,202,0,25,85.99,112.64,165.9605,0.1649
oar,202,0,26,85.835,112.69,158.1996,0.1616
oar,202,0,27,85.685,112.765,149.0375,0.1749
oar,202,0,28,85.545,112.855,145.3054,0.1581
oar,202,0,29,85.425,112.96,132.5118,0.1628
oar,202,0,30,85.32,113.085,127.5671,0.164
oar,202,0,31,85.235,113.22,116.5675,0.1565
oar,202,0,32,84.985,113.09,42.9295,0.5873
oar,202,0,33,84.83,112.8,123.6901,0.2163
oar,202,0,34,84.96,112.635,133.0261,0.2052
oar,202,0,35,85.11,112.49,138.8118,0.2126
oar,202,0,36,85.28,112.365,148.5739,0.2109
oar,202,0,37,85.465,112.265,154.6541,0.2102
oar,202,0,38,85.66,112.185,160.7085,0.2119
oar,202,0,39,85.865,112.13,169.2134,0.2138
oar,202,0,40,86.075,112.105,177.271,0.2102
oar,202,0,41,86.27,112.105,3.1829,0.1803
oar,202,0,42,86.445,112.12,6.7063,0.1712
oar,202,0,43,86.61,112.15,14.0388,0.1649
oar,202,0,44,86.77,112.195,17.3604,0.1676
oar,202,0,45,86.99,112.29,26.5626,0.313
oar,202,0,46,87.255,112.455,37.2352,0.314
oar,202,0,47,87.48,112.665,48.9916,0.3048
oar,202,0,48,87.655,112.92,61.8211,0.3176
oar,202,0,49,87.755,113.135,71.5659,0.1581
oar,202,0,50,87.8,113.29,75.9638,0.1649
oar,202,0,51,87.835,113.455,79.9914,0.1726
oar,202,0,52,87.85,113.63,90.0,0.18
oar,202,0,53,87.84,113.875,93.6908,0.3106
oar,202,0,54,87.79,114.18,104.9323,0.3105
oar,202,0,55,87.69,114.465,113.9638,0.2955
oar,202,0,56,87.55,114.72,123.6871,0.2885
oar,202,0,57,87.365,114.945,135.001,0.297
oar,202,0,58,87.135,115.125,149.0373,0.2915
oar,202,0,59,86.945,115.23,155.2266,0.1432
oar,202,0,60,86.805,115.28,165.065,0.1552
oar,202,0,61,86.655,115.315,168.6906,0.153
oar,202,0,62,86.495,115.335,176.6302,0.1703
oar,202,0,63,86.25,115.33,3.5798,0.3206
oar,202,0,64,86.23,115.795,73.5781,0.9904
oar,202,0,65,87.08,116.27,0.0,1.42
oar,203,0,0,31.875,105.285,114.0071,1.3027
oar,203,0,1,32.45,104.69,0.0,0.62
oar,203,0,2,31.655,107.11,114.542,5.3207
oar,203,0,3,29.44,107.11,65.3601,5.3248
oar,203,0,4,28.64,104.69,0.0,0.62
oar,203,0,5,29.215,105.285,65.9929,1.3027
oar,203,0,6,30.545,105.88,0.0,2.13
oar,203,1,0,30.545,106.39,0.0,1.65
oar,203,1,1,30.135,107.325,66.0659,2.0459
oar,203,1,2,30.96,107.325,113.6776,2.0419
oar,204,0,0,33.45,104.69,0.0,0.6
oar,204,0,1,33.75,106.425,90.0,3.47
oar,204,0,2,35.45,106.33,132.8909,4.9956
oar,204,0,3,37.15,106.895,90.0,4.79
oar,204,0,4,36.855,109.29,0.0,0.59
oar,204,0,5,36.56,107.61,90.0,3.36
oar,204,0,6,34.855,107.72,133.6067,4.9442
oar,204,0,7,33.15,107.1,90.0,4.82
oar,205,0,0,38.265,104.69,0.0,0.59
oar,205,0,1,38.56,106.425,90.0,3.47
oar,205,0,2,40.265,106.33,132.9748,5.0024
oar,205,0,3,41.97,106.895,90.0,4.79
oar,205,0,4,41.67,109.29,0.0,0.6
oar,205,0,5,41.37,107.61,90.0,3.36
oar,205,0,6,39.67,107.72,133.5227,4.9373
oar,205,0,7,37.97,107.1,90.0,4.82
oar,206,0,0,42.69,107.835,90.0,2.91
oar,206,0,1,42.695,106.285,93.0122,0.1903
oar,206,0,2,42.71,106.1,96.3406,0.1811
oar,206,0,3,42.74,105.925,103.2398,0.1747
oar,206,0,4,42.785,105.755,106.3909,0.1772
oar,206,0,5,42.88,105.52,115.0155,0.3311
oar,206,0,6,43.05,105.24,127.5709,0.328
oar,206,0,7,43.27,105.005,138.8113,0.3189
oar,206,0,8,43.535,104.82,151.1176,0.3312
oar,206,0,9,43.765,104.71,160.5605,0.1803
oar,206,0,10,43.935,104.66,166.7569,0.1746
oar,206,0,11,44.11,104.63,173.6535,0.1811
oar,206,0,12,44.295,104.615,176.9935,0.1903
oar,206,0,13,44.49,104.615,2.8565,0.2002
oar,206,0,14,44.68,104.63,6.3465,0.1811
oar,206,0,15,44.855,104.66,13.2431,0.1746
oar,206,0,16,45.02,104.71,20.5553,0.1709
oar,206,0,17,45.25,104.82,28.0686,0.34
oar,206,0,18,45.52,105.005,41.1887,0.3189
oar,206,0,19,45.74,105.24,52.4291,0.328
oar,206,0,20,45.91,105.52,64.9845,0.3311
oar,206,0,21,46.005,105.755,73.6091,0.1772
oar,206,0,22,46.05,105.925,76.7602,0.1747
oar,206,0,23,46.08,106.1,83.6594,0.1811
oar,206,0,24,46.095,106.285,86.9878,0.1903
oar,206,0,25,46.1,107.835,90.0,2.91
oar,206,0,26,45.8,109.29,0.0,0.6
oar,206,0,27,45.5,107.935,90.0,2.71
oar,206,0,28,45.495,106.44,87.9541,0.2802
oar,206,0,29,45.47,106.165,81.5734,0.273
oar,206,0,30,45.415,105.905,74.3578,0.2596
oar,206,0,31,45.33,105.67,65.5565,0.2417
oar,206,0,32,45.205,105.47,50.193,0.2343
oar,206,0,33,45.035,105.31,36.3814,0.236
oar,206,0,34,44.88,105.215,22.6275,0.13
oar,206,0,35,44.76,105.17,18.4382,0.1265
oar,206,0,36,44.625,105.14,7.5906,0.1513
oar,206,0,37,44.47,105.125,3.5798,0.1603
oar,206,0,38,44.315,105.125,176.1823,0.1503
oar,206,0,39,44.165,105.14,172.4094,0.1513
oar,206,0,40,44.025,105.17,162.894,0.136
oar,206,0,41,43.905,105.215,155.5483,0.1208
oar,206,0,42,43.755,105.31,143.6186,0.236
oar,206,0,43,43.585,105.47,129.807,0.2343
oar,206,0,44,43.46,105.67,114.4435,0.2417
oar,206,0,45,43.375,105.905,105.6422,0.2596
oar,206,0,46,43.32,106.165,98.4266,0.273
oar,206,0,47,43.295,106.44,92.0459,0.2802
oar,206,0,48,43.29,107.935,90.0,2.71
oar,206,0,49,42.99,109.29,0.0,0.6
oar,207,0,0,49.905,105.285,114.0071,1.3027
oar,207,0,1,50.48,104.69,0.0,0.62
oar,207,0,2,49.685,107.11,114.542,5.3207
oar,207,0,3,47.475,107.11,65.458,5.3207
oar,207,0,4,46.68,104.69,0.0,0.62
oar,207,0,5,47.255,105.285,65.9928,1.3027
oar,207,0,6,48.58,105.88,0.0,2.12
oar,207,1,0,48.58,106.39,0.0,1.64
oar,207,1,1,48.17,107.325,66.3224,2.0419
oar,207,1,2,48.99,107.325,113.6776,2.0419
oar,208,0,0,51.485,109.29,0.0,0.59
oar,208,0,1,51.19,106.99,90.0,4.6
oar,208,0,2,52.19,104.69,0.0,2.0
oar,208,0,3,53.19,104.945,90.0,0.51
oar,208,0,4,52.485,105.2,0.0,1.41
oar,208,0,5,51.78,107.245,90.0,4.09
oar,209,0,0,56.9,106.735,11.7654,0.2452
oar,209,0,1,57.125,106.81,25.4648,0.2326
oar,209,0,2,57.325,106.925,34.3815,0.2302
oar,209,0,3,57.5,107.07,45.0007,0.2263
oar,209,0,4,57.64,107.24,56.3091,0.2163
oar,209,0,5,57.75,107.435,64.5352,0.2326
oar,209,0,6,57.825,107.655,77.736,0.2354
oar,209,0,7,57.86,107.885,85.0304,0.2309
oar,209,0,8,57.85,108.16,97.1257,0.3225
oar,209,0,9,57.775,108.465,110.7718,0.3102
oar,209,0,10,57.63,108.74,124.6942,0.3162
oar,209,0,11,57.415,108.975,139.9709,0.3265
oar,209,0,12,57.145,109.14,157.5212,0.3138
oar,209,0,13,56.84,109.23,169.3808,0.3256
oar,209,0,14,56.52,109.27,176.4202,0.3206
oar,209,0,15,56.2,109.285,178.2138,0.3202
oar,209,0,16,55.68,109.29,0.0,0.72
oar,209,0,17,55.32,106.99,90.0,4.6
oar,209,0,18,55.62,104.69,0.0,0.6
oar,209,0,19,55.92,105.67,90.0,1.96
oar,209,0,20,56.04,106.65,0.0,0.24
oar,209,0,21,56.85,105.67,125.1487,2.3971
oar,209,0,22,57.88,104.69,0.0,0.68
oar,209,0,23,57.5,105.7,125.4841,2.4807
oar,209,1,0,55.995,108.78,0.0,0.15
oar,209,1,1,56.185,108.775,177.508,0.2302
oar,209,1,2,56.41,108.76,174.8084,0.2209
oar,209,1,3,56.63,108.73,169.6929,0.2236
oar,209,1,4,56.84,108.675,160.7082,0.2119
oar,209,1,5,57.025,108.59,149.5332,0.1972
oar,209,1,6,57.175,108.47,132.8815,0.191
oar,209,1,7,57.285,108.305,115.3459,0.2102
oar,209,1,8,57.345,108.095,97.4317,0.232
oar,209,1,9,57.345,107.86,82.8741,0.2419
oar,209,1,10,57.29,107.645,67.1671,0.2062
oar,209,1,11,57.185,107.48,47.1176,0.191
oar,209,1,12,57.04,107.355,34.5124,0.1942
oar,209,1,13,56.865,107.265,20.2269,0.2025
oar,209,1,14,56.665,107.21,10.7784,0.2138
oar,209,1,15,56.445,107.18,4.9746,0.2309
oar,209,1,16,56.215,107.165,2.4844,0.2302
oar,209,1,17,56.01,107.16,0.0,0.18
oar,209,1,18,55.92,107.97,90.0,1.62
oar,210,0,0,61.675,105.285,114.0071,1.3027
oar,210,0,1,62.25,104.69,0.0,0.62
oar,210,0,2,61.455,107.11,114.542,5.3207
oar,210,0,3,59.245,107.11,65.458,5.3207
oar,210,0,4,58.45,104.69,0.0,0.62
oar,210,0,5,59.025,105.285,65.9928,1.3027
oar,210,0,6,60.35,105.88,0.0,2.12
oar,210,1,0,60.35,106.39,0.0,1.64
oar,210,1,1,59.94,107.325,66.3224,2.0419
oar,210,1,2,60.76,107.325,113.6776,2.0419
oar,211,0,0,64.78,108.78,0.0,1.1
oar,211,0,1,65.33,109.035,90.0,0.51
oar,211,0,2,63.935,109.29,0.0,2.79
oar,211,0,3,62.54,109.035,90.0,0.51
oar,211,0,4,63.09,108.78,0.0,1.1
oar,211,0,5,63.64,106.735,90.0,4.09
oar,211,0,6,63.935,104.69,0.0,0.59
oar,211,0,7,64.23,106.735,90.0,4.09
oar,212,0,0,67.0,104.69,0.0,2.5
oar,212,0,1,68.25,104.945,90.0,0.51
oar,212,0,2,67.3,105.2,0.0,1.9
oar,212,0,3,66.35,106.095,90.0,1.79
oar,212,0,4,67.275,106.99,0.0,1.85
oar,212,0,5,68.2,107.245,90.0,0.51
oar,212,0,6,67.275,107.5,0.0,1.85
oar,212,0,7,66.35,108.14,90.0,1.28
oar,212,0,8,67.3,108.78,0.0,1.9
oar,212,0,9,68.25,109.035,90.0,0.51
oar,212,0,10,67.0,109.29,0.0,2.5
oar,212,0,11,65.75,106.99,90.0,4.6
oar,213,0,0,72.68,109.455,2.3883,0.2402
oar,213,0,1,72.44,109.43,9.457,0.2433
oar,213,0,2,72.205,109.38,14.6206,0.2377
oar,213,0,3,71.98,109.31,19.9869,0.2341
oar,213,0,4,71.765,109.22,25.4648,0.2326
oar,213,0,5,71.56,109.11,30.9631,0.2332
oar,213,0,6,71.365,108.98,36.3809,0.236
oar,213,0,7,71.185,108.83,43.2653,0.2335
oar,213,0,8,71.02,108.665,46.7373,0.2335
oar,213,0,9,70.87,108.49,52.124,0.228
oar,213,0,10,70.735,108.3,56.9783,0.2385
oar,213,0,11,70.62,108.09,65.5548,0.2417
oar,213,0,12,70.53,107.87,70.0183,0.2341
oar,213,0,13,70.46,107.645,75.3767,0.2377
oar,213,0,14,70.41,107.405,80.9095,0.2532
oar,213,0,15,70.385,107.155,87.7106,0.2502
oar,213,0,16,70.385,106.9,92.2013,0.2602
oar,213,0,17,70.41,106.645,99.0905,0.2532
oar,213,0,18,70.46,106.405,104.6214,0.2377
oar,213,0,19,70.53,106.175,109.1792,0.2435
oar,213,0,20,70.62,105.955,115.4656,0.2326
oar,213,0,21,70.73,105.75,120.9612,0.2332
oar,213,0,22,70.86,105.555,126.3839,0.236
oar,213,0,23,71.01,105.375,133.2627,0.2335
oar,213,0,24,71.175,105.215,138.5772,0.2267
oar,213,0,25,71.355,105.07,143.6191,0.236
oar,213,0,26,71.55,104.945,151.1853,0.2283
oar,213,0,27,71.755,104.84,154.5352,0.2326
oar,213,0,28,71.975,104.75,160.8242,0.2435
oar,213,0,29,72.205,104.68,165.3794,0.2377
oar,213,0,30,72.44,104.635,172.8754,0.2419
oar,213,0,31,72.68,104.615,177.6117,0.2402
oar,213,0,32,72.925,104.615,2.2928,0.2502
oar,213,0,33,73.17,104.635,7.1248,0.2419
oar,213,0,34,73.405,104.68,14.6201,0.2377
oar,213,0,35,73.63,104.75,19.9799,0.2341
oar,213,0,36,73.845,104.84,25.4648,0.2326
oar,213,0,37,74.05,104.945,28.8147,0.2283
oar,213,0,38,74.245,105.07,36.3809,0.236
oar,213,0,39,74.425,105.215,41.4228,0.2267
oar,213,0,40,74.59,105.375,46.7373,0.2335
oar,213,0,41,74.74,105.555,53.6161,0.236
oar,213,0,42,74.87,105.75,59.0388,0.2332
oar,213,0,43,74.985,105.955,62.3529,0.2371
oar,213,0,44,75.08,106.175,70.8191,0.2435
oar,213,0,45,75.15,106.405,75.3804,0.2377
oar,213,0,46,75.2,106.645,80.9095,0.2532
oar,213,0,47,75.225,106.9,87.797,0.2602
oar,213,0,48,75.225,107.155,92.2911,0.2502
oar,213,0,49,75.2,107.405,99.0905,0.2532
oar,213,0,50,75.15,107.645,104.6215,0.2377
oar,213,0,51,75.075,107.87,112.2481,0.2377
oar,213,0,52,74.98,108.09,114.4452,0.2417
oar,213,0,53,74.87,108.3,120.9612,0.2332
oar,213,0,54,74.74,108.49,127.876,0.228
oar,213,0,55,74.59,108.665,133.2627,0.2335
oar,213,0,56,74.42,108.83,138.3659,0.2408
oar,213,0,57,74.24,108.98,142.1282,0.228
oar,213,0,58,74.05,109.11,149.0369,0.2332
oar,213,0,59,73.84,109.22,155.5548,0.2417
oar,213,0,60,73.62,109.31,160.0131,0.2341
oar,213,0,61,73.395,109.38,165.3794,0.2377
oar,213,0,62,73.165,109.43,170.1396,0.2335
oar,213,0,63,72.925,109.455,177.7072,0.2502
oar,213,1,0,72.71,105.125,176.8171,0.1803
oar,213,1,1,72.53,105.14,173.6633,0.1811
oar,213,1,2,72.355,105.175,163.6141,0.1772
oar,213,1,3,72.185,105.23,160.5605,0.1803
oar,213,1,4,71.945,105.35,149.8558,0.3585
oar,213,1,5,71.65,105.555,140.6016,0.3623
oar,213,1,6,71.4,105.81,128.1575,0.3561
oar,213,1,7,71.205,106.115,117.2539,0.3712
oar,213,1,8,71.09,106.365,109.4411,0.1803
oar,213,1,9,71.035,106.545,104.7442,0.1965
oar,213,1,10,70.995,106.735,98.9722,0.1924
oar,213,1,11,70.975,106.93,92.8628,0.2003
oar,213,1,12,70.975,107.13,87.1367,0.2002
oar,213,1,13,70.995,107.32,80.5393,0.1825
oar,213,1,14,71.03,107.505,78.1112,0.1942
oar,213,1,15,71.08,107.685,70.5589,0.1803
oar,213,1,16,71.19,107.935,64.1343,0.3668
oar,213,1,17,71.375,108.24,53.1301,0.35
oar,213,1,18,71.615,108.5,41.6327,0.3612
oar,213,1,19,71.905,108.71,30.14,0.3585
oar,213,1,20,72.145,108.83,19.4395,0.1803
oar,213,1,21,72.32,108.885,15.5295,0.1868
oar,213,1,22,72.505,108.925,8.9722,0.1924
oar,213,1,23,72.7,108.945,2.8565,0.2002
oar,213,1,24,72.9,108.945,177.1435,0.2002
oar,213,1,25,73.095,108.925,171.0278,0.1924
oar,213,1,26,73.28,108.885,164.4705,0.1868
oar,213,1,27,73.455,108.83,160.5605,0.1803
oar,213,1,28,73.695,108.71,149.86,0.3585
oar,213,1,29,73.985,108.5,138.3673,0.3612
oar,213,1,30,74.23,108.24,128.1575,0.3561
oar,213,1,31,74.42,107.935,115.8646,0.3668
oar,213,1,32,74.53,107.685,109.4434,0.1803
oar,213,1,33,74.58,107.505,101.8888,0.1942
oar,213,1,34,74.61,107.32,96.3383,0.1811
oar,213,1,35,74.625,107.13,92.8633,0.2002
oar,213,1,36,74.625,106.93,87.1372,0.2003
oar,213,1,37,74.605,106.735,81.0278,0.1924
oar,213,1,38,74.57,106.545,78.1112,0.1942
oar,213,1,39,74.52,106.365,70.5589,0.1803
oar,213,1,40,74.4,106.115,61.3907,0.3759
oar,213,1,41,74.2,105.81,51.8425,0.3561
oar,213,1,42,73.955,105.555,40.4232,0.3547
oar,213,1,43,73.665,105.35,30.1448,0.3585
oar,213,1,44,73.425,105.23,19.4395,0.1803
oar,213,1,45,73.25,105.175,15.5205,0.1868
oar,213,1,46,73.075,105.14,6.7063,0.1712
oar,213,1,47,72.895,105.125,3.0157,0.1903
oar,214,0,0,78.05,109.035,90.0,0.51
oar,214,0,1,76.92,109.29,0.0,2.26
oar,214,0,2,75.79,106.99,90.0,4.6
oar,214,0,3,76.09,104.69,0.0,0.6
oar,214,0,4,76.39,105.84,90.0,2.3
oar,214,0,5,77.19,106.99,0.0,1.6
oar,214,0,6,77.99,107.245,90.0,0.51
oar,214,0,7,77.19,107.5,0.0,1.6
oar,214,0,8,76.39,108.14,90.0,1.28
oar,214,0,9,77.22,108.78,0.0,1.66
oar,215,0,0,83.72,109.225,155.0943,0.3087
oar,215,0,1,83.435,109.34,160.9734,0.3068
oar,215,0,2,83.14,109.415,170.54,0.3041
oar,215,0,3,82.84,109.45,176.188,0.3007
oar,215,0,4,82.565,109.455,2.2859,0.2502
oar,215,0,5,82.315,109.43,9.0922,0.2532
oar,215,0,6,82.075,109.38,14.6201,0.2377
oar,215,0,7,81.845,109.31,19.1831,0.2435
oar,215,0,8,81.62,109.22,24.4386,0.2417
oar,215,0,9,81.41,109.11,30.9621,0.2332
oar,215,0,10,81.215,108.98,36.388,0.236
oar,215,0,11,81.03,108.83,41.6341,0.2408
oar,215,0,12,80.86,108.665,46.7322,0.2334
oar,215,0,13,80.71,108.485,53.6161,0.236
oar,215,0,14,80.575,108.29,56.9783,0.2385
oar,215,0,15,80.46,108.085,64.5361,0.2326
oar,215,0,16,80.37,107.865,70.8214,0.2435
oar,215,0,17,80.295,107.63,73.7392,0.25
oar,215,0,18,80.245,107.385,83.1575,0.2518
oar,215,0,19,80.22,107.135,85.4251,0.2508
oar,215,0,20,80.22,106.885,94.5749,0.2508
oar,215,0,21,80.245,106.635,96.8425,0.2518
oar,215,0,22,80.29,106.395,104.6196,0.2377
oar,215,0,23,80.365,106.17,112.2498,0.2377
oar,215,0,24,80.46,105.955,115.4639,0.2326
oar,215,0,25,80.57,105.75,120.9612,0.2332
oar,215,0,26,80.705,105.56,129.807,0.2343
oar,215,0,27,80.855,105.385,131.4268,0.2267
oar,215,0,28,81.02,105.22,138.3659,0.2408
oar,215,0,29,81.2,105.075,144.1614,0.222
oar,215,0,30,81.39,104.95,149.0369,0.2332
oar,215,0,31,81.6,104.84,155.5548,0.2417
oar,215,0,32,81.82,104.75,160.0131,0.2341
oar,215,0,33,82.045,104.68,165.3799,0.2377
oar,215,0,34,82.28,104.635,172.8752,0.2419
oar,215,0,35,82.52,104.615,177.619,0.2402
oar,215,0,36,82.795,104.62,3.6894,0.3106
oar,215,0,37,83.11,104.66,10.619,0.3256
oar,215,0,38,83.42,104.74,18.4363,0.3162
oar,215,0,39,83.715,104.855,24.1463,0.3178
oar,215,0,40,83.86,105.26,90.0,0.68
oar,215,0,41,83.72,105.5,35.5394,0.3441
oar,215,0,42,83.43,105.32,28.0728,0.34
oar,215,0,43,83.12,105.195,15.708,0.3324
oar,215,0,44,82.79,105.135,5.0423,0.3413
oar,215,0,45,82.525,105.125,176.9843,0.1903
oar,215,0,46,82.34,105.145,170.5381,0.1825
oar,215,0,47,82.16,105.18,167.4686,0.1844
oar,215,0,48,81.99,105.235,156.3771,0.1746
oar,215,0,49,81.755,105.36,149.8558,0.3585
oar,215,0,50,81.465,105.57,138.3673,0.3612
oar,215,0,51,81.22,105.83,128.1575,0.3561
oar,215,0,52,81.03,106.13,116.5651,0.3578
oar,215,0,53,80.92,106.38,108.4349,0.1897
oar,215,0,54,80.87,106.56,102.5296,0.1844
oar,215,0,55,80.835,106.745,98.9722,0.1924
oar,215,0,56,80.815,106.935,93.0134,0.1903
oar,215,0,57,80.815,107.125,86.9866,0.1903
oar,215,0,58,80.835,107.315,81.0278,0.1924
oar,215,0,59,80.87,107.5,77.4704,0.1844
oar,215,0,60,80.92,107.68,71.5651,0.1897
oar,215,0,61,81.03,107.93,63.4349,0.3578
oar,215,0,62,81.22,108.235,52.816,0.364
oar,215,0,63,81.465,108.495,40.4278,0.3547
oar,215,0,64,81.755,108.7,30.14,0.3585
oar,215,0,65,81.995,108.825,22.3825,0.1838
oar,215,0,66,82.17,108.885,15.5205,0.1868
oar,215,0,67,82.35,108.925,9.4619,0.1825
oar,215,0,68,82.54,108.945,2.8652,0.2002
oar,215,0,69,82.8,108.935,174.6444,0.3214
oar,215,0,70,83.12,108.875,164.292,0.3324
oar,215,0,71,83.435,108.755,154.1757,0.3444
oar,215,0,72,83.725,108.585,144.8651,0.3302
oar,215,0,73,83.86,108.825,90.0,0.67
oar,216,0,0,85.12,108.355,90.0,1.87
oar,216,0,1,84.82,109.29,0.0,0.6
oar,216,0,2,84.52,106.99,90.0,4.6
oar,216,0,3,84.82,104.69,0.0,0.6
oar,216,0,4,85.12,105.795,90.0,2.21
oar,216,0,5,86.185,106.9,0.0,2.13
oar,216,0,6,87.25,105.795,90.0,2.21
oar,216,0,7,87.545,104.69,0.0,0.59
oar,216,0,8,87.84,106.99,90.0,4.6
oar,216,0,9,87.545,109.29,0.0,0.59
oar,216,0,10,87.25,108.355,90.0,1.87
oar,216,0,11,86.185,107.42,0.0,2.13
oar,217,0,0,91.685,105.285,114.0071,1.3027
oar,217,0,1,92.26,104.69,0.0,0.62
oar,217,0,2,91.465,107.11,114.542,5.3207
oar,217,0,3,89.255,107.11,65.458,5.3207
oar,217,0,4,88.46,104.69,0.0,0.62
oar,217,0,5,89.035,105.285,65.9929,1.3027
oar,217,0,6,90.36,105.88,0.0,2.12
oar,217,1,0,90.36,106.39,0.0,1.64
oar,217,1,1,89.95,107.325,66.3224,2.0419
oar,217,1,2,90.77,107.325,113.6776,2.0419
oar,218,0,0,93.265,104.69,0.0,0.59
oar,218,0,1,93.56,106.425,90.0,3.47
oar,218,0,2,95.265,106.33,132.9748,5.0024
oar,218,0,3,96.97,106.895,90.0,4.79
oar,218,0,4,96.67,109.29,0.0,0.6
oar,218,0,5,96.37,107.61,90.0,3.36
oar,218,0,6,94.67,107.72,133.5227,4.9373
oar,218,0,7,92.97,107.1,90.0,4.82
oar,219,0,0,100.19,106.735,90.0,0.51
oar,219,0,1,100.775,106.48,0.0,1.17
oar,219,0,2,101.335,106.345,79.509,0.2746
oar,219,0,3,101.26,106.08,68.962,0.2786
oar,219,0,4,101.135,105.835,56.8875,0.2746
oar,219,0,5,100.965,105.62,46.4702,0.2759
oar,219,0,6,100.76,105.435,37.6963,0.278
oar,219,0,7,100.525,105.285,27.4698,0.2818
oar,219,0,8,100.27,105.18,17.106,0.272
oar,219,0,9,100.01,105.13,4.3964,0.2608
oar,219,0,10,99.79,105.125,176.8171,0.1803
oar,219,0,11,99.61,105.145,170.5381,0.1825
oar,219,0,12,99.435,105.185,163.6141,0.1772
oar,219,0,13,99.27,105.24,159.4452,0.1709
oar,219,0,14,99.04,105.365,147.6525,0.3551
oar,219,0,15,98.76,105.575,138.5016,0.3471
oar,219,0,16,98.525,105.83,126.8699,0.35
oar,219,0,17,98.34,106.13,116.5672,0.3578
oar,219,0,18,98.21,106.46,106.3881,0.3544
oar,219,0,19,98.14,106.805,96.5204,0.3523
oar,219,0,20,98.125,107.08,87.1372,0.2003
oar,219,0,21,98.145,107.275,81.0278,0.1924
oar,219,0,22,98.18,107.465,78.1112,0.1942
oar,219,0,23,98.23,107.65,71.5651,0.1897
oar,219,0,24,98.34,107.91,64.7981,0.3758
oar,219,0,25,98.53,108.225,52.8169,0.364
oar,219,0,26,98.775,108.49,41.6319,0.3612
oar,219,0,27,99.06,108.7,30.9631,0.3498
oar,219,0,28,99.295,108.825,22.3816,0.1839
oar,219,0,29,99.47,108.885,15.5295,0.1868
oar,219,0,30,99.65,108.925,9.4619,0.1825
oar,219,0,31,99.83,108.945,3.1732,0.1803
oar,219,0,32,100.025,108.94,174.5626,0.2109
oar,219,0,33,100.23,108.91,168.6875,0.204
oar,219,0,34,100.43,108.855,160.7078,0.2119
oar,219,0,35,100.625,108.775,154.655,0.2102
oar,219,0,36,100.81,108.675,148.5739,0.2109
oar,219,0,37,100.98,108.55,138.8118,0.2126
oar,219,0,38,101.135,108.405,135.0,0.2121
oar,219,0,39,101.275,108.245,127.4092,0.214
oar,219,0,40,101.53,108.36,46.4686,0.5517
oar,219,0,41,101.635,108.665,128.9918,0.2702
oar,219,0,42,101.455,108.86,136.5497,0.2617
oar,219,0,43,101.25,109.025,145.7144,0.2663
oar,219,0,44,101.025,109.165,150.5227,0.2642
oar,219,0,45,100.79,109.28,157.3787,0.26
oar,219,0,46,100.545,109.365,164.3562,0.2596
oar,219,0,47,100.29,109.42,171.2521,0.2631
oar,219,0,48,100.03,109.45,175.6037,0.2608
oar,219,0,49,99.78,109.455,2.3883,0.2402
oar,219,0,50,99.54,109.43,9.4573,0.2433
oar,219,0,51,99.31,109.38,15.2618,0.228
oar,219,0,52,99.09,109.305,22.2481,0.2377
oar,219,0,53,98.875,109.21,25.458,0.2326
oar,219,0,54,98.675,109.1,32.2808,0.2247
oar,219,0,55,98.485,108.965,38.2887,0.2421
oar,219,0,56,98.305,108.81,43.2653,0.2335
oar,219,0,57,98.145,108.645,48.5732,0.2267
oar,219,0,58,98.0,108.46,55.0097,0.2441
oar,219,0,59,97.87,108.26,59.035,0.2332
oar,219,0,60,97.76,108.05,65.5548,0.2417
oar,219,0,61,97.67,107.825,70.8231,0.2435
oar,219,0,62,97.6,107.59,75.962,0.2474
oar,219,0,63,97.555,107.345,83.1575,0.2518
oar,219,0,64,97.53,107.09,85.6022,0.2608
oar,219,0,65,97.53,106.845,94.9687,0.2309
oar,219,0,66,97.555,106.615,97.4317,0.2319
oar,219,0,67,97.6,106.39,105.2563,0.228
oar,219,0,68,97.67,106.17,109.9817,0.2341
oar,219,0,69,97.76,105.96,116.5651,0.2236
oar,219,0,70,97.865,105.76,118.8131,0.2282
oar,219,0,71,97.99,105.57,127.8713,0.2281
oar,219,0,72,98.135,105.395,131.4254,0.2267
oar,219,0,73,98.29,105.235,136.8494,0.2193
oar,219,0,74,98.46,105.09,142.1222,0.228
oar,219,0,75,98.645,104.96,147.7257,0.2247
oar,219,0,76,98.84,104.85,153.4332,0.2236
oar,219,0,77,99.05,104.76,160.0201,0.2341
oar,219,0,78,99.27,104.69,164.7456,0.228
oar,219,0,79,99.495,104.64,170.1319,0.2334
oar,219,0,80,99.725,104.615,177.5081,0.2302
oar,219,0,81,99.955,104.615,2.492,0.2302
oar,219,0,82,100.18,104.635,7.7648,0.222
oar,219,0,83,100.395,104.675,13.3894,0.2159
oar,219,0,84,100.6,104.74,21.8052,0.2154
oar,219,0,85,100.795,104.825,25.3459,0.2102
oar,219,0,86,100.975,104.92,30.4662,0.1972
oar,219,0,87,101.14,105.035,39.089,0.2061
oar,219,0,88,101.295,105.17,43.0278,0.2052
oar,219,0,89,101.435,105.315,49.0851,0.1985
oar,219,0,90,101.56,105.475,54.7839,0.2081
oar,219,0,91,101.67,105.655,62.2421,0.2147
oar,219,0,92,101.76,105.845,67.1661,0.2062
oar,219,0,93,101.83,106.04,73.3,0.2088
oar,219,0,94,101.885,106.25,77.195,0.2256
oar,219,0,95,101.925,106.47,82.2352,0.222
oar,219,0,96,101.945,106.695,87.51,0.2302
oar,219,0,97,101.95,106.9,90.0,0.18
oar,219,0,98,101.07,106.99,0.0,1.76
oar,220,0,0,103.81,104.69,0.0,2.5
oar,220,0,1,105.06,104.945,90.0,0.51
oar,220,0,2,104.11,105.2,0.0,1.9
oar,220,0,3,103.16,106.095,90.0,1.79
oar,220,0,4,104.085,106.99,0.0,1.85
oar,220,0,5,105.01,107.245,90.0,0.51
oar,220,0,6,104.085,107.5,0.0,1.85
oar,220,0,7,103.16,108.14,90.0,1.28
oar,220,0,8,104.11,108.78,0.0,1.9
oar,220,0,9,105.06,109.035,90.0,0.51
oar,220,0,10,103.81,109.29,0.0,2.5
oar,220,0,11,102.56,106.99,90.0,4.6
oar,221,0,0,58.775,97.12,5.4374,0.2109
oar,221,0,1,58.98,97.155,14.0411,0.2062
oar,221,0,2,59.17,97.215,21.2525,0.1931
oar,221,0,3,59.34,97.305,34.505,0.1942
oar,221,0,4,59.49,97.42,40.6003,0.1844
oar,221,0,5,59.625,97.555,49.0842,0.1985
oar,221,0,6,59.745,97.71,55.4919,0.1942
oar,221,0,7,59.85,97.875,59.5368,0.1972
oar,221,0,8,59.98,98.155,67.693,0.4215
oar,221,0,9,60.115,98.55,74.6246,0.4149
oar,221,0,10,60.185,98.85,81.4688,0.2022
oar,221,0,11,60.215,99.05,81.469,0.2022
oar,221,0,12,60.235,99.245,86.9878,0.1903
oar,221,0,13,60.245,99.435,86.9866,0.1903
oar,221,0,14,60.245,99.62,93.1806,0.1803
oar,221,0,15,60.235,99.805,93.0122,0.1903
oar,221,0,16,60.215,100.005,98.1311,0.2121
oar,221,0,17,60.185,100.21,98.5299,0.2022
oar,221,0,18,60.115,100.515,105.0194,0.4245
oar,221,0,19,59.98,100.91,112.8334,0.4123
oar,221,0,20,59.855,101.19,116.5621,0.2013
oar,221,0,21,59.75,101.36,126.8743,0.2
oar,221,0,22,59.625,101.515,130.91,0.1985
oar,221,0,23,59.49,101.655,137.1266,0.191
oar,221,0,24,59.34,101.77,147.993,0.1887
oar,221,0,25,59.17,101.86,156.033,0.197
oar,221,0,26,58.98,101.925,165.9671,0.2062
oar,221,0,27,58.775,101.955,177.271,0.2102
oar,221,0,28,58.565,101.955,2.729,0.2102
oar,221,0,29,58.36,101.925,14.0329,0.2062
oar,221,0,30,58.17,101.86,23.967,0.197
oar,221,0,31,58.0,101.77,32.007,0.1887
oar,221,0,32,57.85,101.655,42.8734,0.191
oar,221,0,33,57.715,101.515,49.09,0.1985
oar,221,0,34,57.595,101.36,55.4868,0.1941
oar,221,0,35,57.49,101.19,60.9489,0.2059
oar,221,0,36,57.36,100.91,67.1666,0.4123
oar,221,0,37,57.23,100.515,76.2919,0.422
oar,221,0,38,57.16,100.21,78.6915,0.204
oar,221,0,39,57.13,100.005,84.5593,0.2109
oar,221,0,40,57.11,99.805,83.9909,0.1911
oar,221,0,41,57.1,99.62,90.0,0.18
oar,221,0,42,57.1,99.435,90.0,0.19
oar,221,0,43,57.11,99.245,96.0091,0.1911
oar,221,0,44,57.13,99.05,95.7104,0.201
oar,221,0,45,57.16,98.85,101.3101,0.2039
oar,221,0,46,57.23,98.55,104.0357,0.4123
oar,221,0,47,57.36,98.155,112.307,0.4215
oar,221,0,48,57.49,97.875,120.4632,0.1972
oar,221,0,49,57.595,97.71,124.5081,0.1942
oar,221,0,50,57.715,97.555,130.9158,0.1985
oar,221,0,51,57.855,97.42,141.3409,0.1921
oar,221,0,52,58.01,97.305,145.495,0.1942
oar,221,0,53,58.175,97.215,157.618,0.1839
oar,221,0,54,58.36,97.155,165.9589,0.2062
oar,221,0,55,58.565,97.12,174.5626,0.2109
oar,221,1,0,58.745,101.445,176.1823,0.1503
oar,221,1,1,58.89,101.42,164.0629,0.1456
oar,221,1,2,59.02,101.365,149.7407,0.1389
oar,221,1,3,59.135,101.285,140.7119,0.1421
oar,221,1,4,59.28,101.125,128.0458,0.2921
oar,221,1,5,59.44,100.87,116.5651,0.313
oar,221,1,6,59.565,100.575,109.5369,0.3289
oar,221,1,7,59.655,100.26,102.3388,0.3276
oar,221,1,8,59.705,99.95,95.7106,0.3015
oar,221,1,9,59.73,99.665,94.2367,0.2707
oar,221,1,10,59.73,99.4,85.6014,0.2608
oar,221,1,11,59.705,99.115,84.4726,0.3114
oar,221,1,12,59.655,98.805,77.2756,0.3178
oar,221,1,13,59.565,98.495,70.4631,0.3289
oar,221,1,14,59.44,98.2,63.4349,0.313
oar,221,1,15,59.28,97.945,51.9542,0.2921
oar,221,1,16,59.135,97.785,39.2881,0.1421
oar,221,1,17,59.02,97.71,26.5643,0.1342
oar,221,1,18,58.89,97.66,15.9487,0.1456
oar,221,1,19,58.745,97.63,7.5904,0.1513
oar,221,1,20,58.595,97.63,172.4096,0.1513
oar,221,1,21,58.455,97.66,162.8935,0.136
oar,221,1,22,58.325,97.71,155.2259,0.1432
oar,221,1,23,58.205,97.785,140.7119,0.1421
oar,221,1,24,58.06,97.945,128.0458,0.2921
oar,221,1,25,57.9,98.2,116.5651,0.313
oar,221,1,26,57.775,98.495,109.5369,0.3289
oar,221,1,27,57.69,98.805,100.9537,0.3158
oar,221,1,28,57.64,99.115,97.3526,0.3126
oar,221,1,29,57.615,99.4,92.203,0.2602
oar,221,1,30,57.615,99.665,87.8784,0.2702
oar,221,1,31,57.64,99.95,82.4049,0.3026
oar,221,1,32,57.69,100.26,79.381,0.3256
oar,221,1,33,57.775,100.575,70.4631,0.3289
oar,221,1,34,57.9,100.87,63.4349,0.313
oar,221,1,35,58.06,101.125,51.9542,0.2921
oar,221,1,36,58.205,101.285,39.2881,0.1421
oar,221,1,37,58.325,101.365,28.3031,0.1477
oar,221,1,38,58.455,101.42,17.0942,0.136
oar,221,1,39,58.595,101.445,3.8177,0.1503
oar,222,0,0,61.255,97.78,8.7414,0.1315
oar,222,0,1,61.135,97.73,36.033,0.136
oar,222,0,2,61.045,97.635,57.5255,0.1304
oar,222,0,3,60.995,97.515,77.0064,0.1334
oar,222,0,4,60.995,97.385,102.9936,0.1334
oar,222,0,5,61.045,97.265,122.4745,0.1304
oar,222,0,6,61.135,97.175,147.5262,0.1304
oar,222,0,7,61.255,97.125,167.006,0.1334
oar,222,0,8,61.385,97.125,12.994,0.1334
oar,222,0,9,61.505,97.175,32.4738,0.1304
oar,222,0,10,61.595,97.265,57.5255,0.1304
oar,222,0,11,61.645,97.385,77.0064,0.1334
oar,222,0,12,61.645,97.515,102.9936,0.1334
oar,222,0,13,61.595,97.635,122.4745,0.1304
oar,222,0,14,61.505,97.73,143.967,0.136
oar,222,0,15,61.385,97.78,171.2586,0.1315
oar,223,0,0,63.77,99.24,90.0,4.08
oar,223,0,1,64.025,97.2,0.0,0.51
oar,223,0,2,64.28,99.495,90.0,4.59
oar,223,0,3,63.785,101.79,0.0,0.99
oar,223,0,4,63.13,101.535,57.8943,0.6021
oar,223,0,5,63.37,101.28,0.0,0.8
oar,224,0,0,66.88,101.765,9.4633,0.4258
oar,224,0,1,66.51,101.62,34.5087,0.3883
oar,224,0,2,66.24,101.345,56.3087,0.3966
oar,224,0,3,66.095,100.97,80.538,0.4258
oar,224,0,4,66.095,100.55,99.4627,0.4258
oar,224,0,5,66.24,100.18,124.5081,0.3883
oar,224,0,6,66.51,99.91,145.4913,0.3883
oar,224,0,7,66.88,99.765,170.5367,0.4258
oar,224,0,8,67.3,99.765,9.4633,0.4258
oar,224,0,9,67.675,99.91,33.6901,0.3966
oar,224,0,10,67.95,100.18,55.4919,0.3883
oar,224,0,11,68.095,100.55,80.5373,0.4258
oar,224,0,12,68.095,100.97,99.462,0.4258
oar,224,0,13,67.95,101.345,123.6913,0.3966
oar,224,0,14,67.675,101.62,146.3099,0.3966
oar,224,0,15,67.3,101.765,170.5367,0.4258
oar,224,1,0,66.985,100.23,169.2134,0.2138
oar,224,1,1,66.79,100.31,146.3111,0.2163
oar,224,1,2,66.64,100.455,125.2209,0.2081
oar,224,1,3,66.56,100.65,100.305,0.2236
oar,224,1,4,66.56,100.87,79.695,0.2236
oar,224,1,5,66.64,101.07,56.3083,0.2163
oar,224,1,6,66.79,101.22,33.6957,0.2163
oar,224,1,7,66.985,101.305,13.3894,0.2159
oar,224,1,8,67.2,101.305,167.1988,0.2256
oar,224,1,9,67.4,101.22,146.3043,0.2163
oar,224,1,10,67.55,101.07,123.6901,0.2163
oar,224,1,11,67.63,100.87,100.305,0.2236
oar,224,1,12,67.63,100.65,79.695,0.2236
oar,224,1,13,67.55,100.455,54.7808,0.2081
oar,224,1,14,67.4,100.31,33.6889,0.2163
oar,224,1,15,67.2,100.23,10.3069,0.2236
oar,225,0,0,70.4,101.79,0.0,0.62
oar,225,0,1,71.05,99.41,111.9673,5.1327
oar,225,0,2,72.665,98.725,68.8721,3.6343
oar,225,0,3,73.975,98.725,111.1279,3.6343
oar,225,0,4,75.595,99.41,67.9293,5.1364
oar,225,0,5,76.245,101.79,0.0,0.63
oar,225,0,6,75.28,100.155,68.3194,3.5189
oar,225,0,7,73.975,100.24,110.8475,3.681
oar,225,0,8,72.665,100.275,68.7579,3.6157
oar,225,0,9,71.36,100.19,112.1094,3.454
oar,226,0,0,291.3,562.37,66.5203,4.819
oar,226,0,1,292.265,564.58,0.0,0.01
oar,226,0,2,292.645,562.43,99.8939,4.3649
oar,226,0,3,293.43,560.28,0.0,0.82
oar,226,0,4,293.19,563.645,100.9328,6.8544
oar,226,0,5,291.44,564.485,66.4598,5.5084
oar,226,0,6,289.24,564.485,113.5402,5.5084
oar,226,0,7,287.485,563.645,78.9851,6.8563
oar,226,0,8,287.245,560.28,0.0,0.83
oar,226,0,9,288.03,562.42,80.1908,4.3435
oar,226,0,10,288.41,564.56,0.0,0.02
oar,226,0,11,289.38,562.36,113.5749,4.8007
oar,227,0,0,298.73,561.105,114.1552,1.8083
oar,227,0,1,299.53,560.28,0.0,0.86
oar,227,0,2,298.425,563.625,114.6501,7.3608
oar,227,0,3,295.36,563.625,65.4207,7.3566
oar,227,0,4,294.26,560.28,0.0,0.86
oar,227,0,5,295.055,561.105,66.1339,1.8043
oar,227,0,6,296.89,561.93,0.0,2.94
oar,227,1,0,296.89,562.64,0.0,2.28
oar,227,1,1,296.32,563.93,66.1616,2.8206
oar,227,1,2,297.46,563.93,113.839,2.8206
oar,228,0,0,302.685,563.11,13.6275,0.3395
oar,228,0,1,303.0,563.21,21.8003,0.3231
oar,228,0,2,303.28,563.365,36.157,0.322
oar,228,0,3,303.52,563.57,45.004,0.3111
oar,228,0,4,303.715,563.81,56.8194,0.3107
oar,228,0,5,303.865,564.08,65.0943,0.3087
oar,228,0,6,303.97,564.375,75.532,0.3202
oar,228,0,7,304.025,564.695,84.8058,0.3314
oar,228,0,8,304.01,565.08,97.7649,0.4441
oar,228,0,9,303.905,565.505,110.0945,0.4366
oar,228,0,10,303.705,565.89,124.7778,0.4383
oar,228,0,11,303.405,566.21,141.3406,0.4482
oar,228,0,12,303.03,566.435,156.9742,0.4346
oar,228,0,13,302.61,566.56,169.6952,0.4472
oar,228,0,14,302.165,566.62,174.9203,0.4518
oar,228,0,15,301.72,566.64,0.0,0.44
oar,228,0,16,301.0,566.64,0.0,1.0
oar,228,0,17,300.5,563.46,90.0,6.36
oar,228,0,18,300.915,560.28,0.0,0.83
oar,228,0,19,301.33,561.635,90.0,2.71
oar,228,0,20,301.5,562.99,0.0,0.34
oar,228,0,21,302.625,561.635,125.1761,3.3155
oar,228,0,22,304.05,560.28,0.0,0.94
oar,228,0,23,303.52,561.675,125.6347,3.4328
oar,228,1,0,301.435,565.94,0.0,0.21
oar,228,1,1,301.695,565.935,178.1527,0.3102
oar,228,1,2,302.01,565.915,174.6442,0.3214
oar,228,1,3,302.32,565.87,168.6908,0.306
oar,228,1,4,302.605,565.795,161.5643,0.2846
oar,228,1,5,302.86,565.675,147.9936,0.283
oar,228,1,6,303.075,565.505,135.0003,0.2687
oar,228,1,7,303.23,565.28,114.7742,0.2864
oar,228,1,8,303.31,564.99,97.1265,0.3225
oar,228,1,9,303.31,564.665,83.0873,0.3324
oar,228,1,10,303.235,564.37,67.0707,0.2823
oar,228,1,11,303.09,564.14,48.0141,0.2691
oar,228,1,12,302.885,563.965,33.11,0.2746
oar,228,1,13,302.64,563.84,21.0369,0.2786
oar,228,1,14,302.36,563.76,11.3103,0.3059
oar,228,1,15,302.055,563.715,5.5277,0.3114
oar,228,1,16,301.745,563.7,0.0,0.31
oar,228,1,17,301.46,563.7,0.0,0.26
oar,228,1,18,301.33,564.82,90.0,2.24
oar,229,0,0,305.525,566.64,0.0,0.83
oar,229,0,1,305.11,563.46,90.0,6.36
oar,229,0,2,305.525,560.28,0.0,0.83
oar,229,0,3,305.94,563.46,90.0,6.36
oar,230,0,0,307.49,560.28,0.0,0.82
oar,230,0,1,307.9,562.68,90.0,4.8
oar,230,0,2,310.26,562.55,133.0089,6.9197
oar,230,0,3,312.62,563.33,90.0,6.62
oar,230,0,4,312.205,566.64,0.0,0.83
oar,230,0,5,311.79,564.32,90.0,4.64
oar,230,0,6,309.435,564.475,133.5767,6.8328
oar,230,0,7,307.08,563.615,90.0,6.67
oar,231,0,0,317.935,561.105,113.8661,1.8043
oar,231,0,1,318.73,560.28,0.0,0.86
oar,231,0,2,317.63,563.625,114.5793,7.3566
oar,231,0,3,314.57,563.625,65.4207,7.3566
oar,231,0,4,313.465,560.28,0.0,0.85
oar,231,0,5,314.26,561.105,65.8448,1.8083
oar,231,0,6,316.1,561.93,0.0,2.94
oar,231,1,0,316.1,562.64,0.0,2.28
oar,231,1,1,315.53,563.93,66.1616,2.8206
oar,231,1,2,316.67,563.93,113.839,2.8206
oar,232,0,0,326.15,562.37,66.5203,4.819
oar,232,0,1,327.115,564.58,0.0,0.01
oar,232,0,2,327.495,562.43,99.8939,4.3649
oar,232,0,3,328.28,560.28,0.0,0.82
oar,232,0,4,328.04,563.645,100.9328,6.8544
oar,232,0,5,326.29,564.485,66.4598,5.5084
oar,232,0,6,324.09,564.485,113.5402,5.5084
oar,232,0,7,322.335,563.645,78.9851,6.8563
oar,232,0,8,322.095,560.28,0.0,0.83
oar,232,0,9,322.88,562.42,80.1908,4.3435
oar,232,0,10,323.26,564.56,0.0,0.02
oar,232,0,11,324.23,562.36,113.5749,4.8007
oar,233,0,0,329.27,564.63,90.0,4.02
oar,233,0,1,329.275,562.49,92.2047,0.2602
oar,233,0,2,329.295,562.235,96.8425,0.2518
oar,233,0,3,329.335,561.99,101.7655,0.2452
oar,233,0,4,329.395,561.755,106.9292,0.2404
oar,233,0,5,329.53,561.43,115.4614,0.4652
oar,233,0,6,329.765,561.04,126.8718,0.45
oar,233,0,7,330.07,560.71,138.5757,0.4534
oar,233,0,8,330.44,560.455,152.3003,0.4518
oar,233,0,9,330.755,560.31,160.8223,0.2435
oar,233,0,10,330.985,560.24,165.3776,0.2377
oar,233,0,11,331.23,560.19,171.254,0.2631
oar,233,0,12,331.49,560.165,177.7979,0.2602
oar,233,0,13,331.755,560.165,2.1208,0.2702
oar,233,0,14,332.015,560.19,9.0905,0.2532
oar,233,0,15,332.26,560.24,14.0371,0.2474
oar,233,0,16,332.495,560.31,19.1777,0.2435
oar,233,0,17,332.81,560.455,27.6997,0.4518
oar,233,0,18,333.18,560.71,41.4243,0.4534
oar,233,0,19,333.485,561.04,53.1282,0.45
oar,233,0,20,333.72,561.43,64.5386,0.4652
oar,233,0,21,333.855,561.755,73.0708,0.2404
oar,233,0,22,333.915,561.99,78.2275,0.2452
oar,233,0,23,333.955,562.235,83.1575,0.2518
oar,233,0,24,333.975,562.49,87.802,0.2602
oar,233,0,25,333.98,564.63,90.0,4.02
oar,233,0,26,333.57,566.64,0.0,0.82
oar,233,0,27,333.16,564.765,90.0,3.75
oar,233,0,28,333.15,562.695,87.0615,0.3905
oar,233,0,29,333.115,562.315,82.3058,0.3734
oar,233,0,30,333.04,561.96,73.6094,0.3544
oar,233,0,31,332.92,561.64,64.981,0.3311
oar,233,0,32,332.745,561.36,51.0734,0.3342
oar,233,0,33,332.51,561.135,36.157,0.322
oar,233,0,34,332.3,561.0,26.5694,0.1789
oar,233,0,35,332.13,560.935,15.522,0.1868
oar,233,0,36,331.94,560.895,8.5323,0.2022
oar,233,0,37,331.73,560.875,2.6021,0.2202
oar,233,0,38,331.51,560.875,177.3979,0.2202
oar,233,0,39,331.305,560.895,171.0267,0.1924
oar,233,0,40,331.12,560.935,164.4755,0.1868
oar,233,0,41,330.95,561.0,153.4349,0.1789
oar,233,0,42,330.735,561.135,144.868,0.3302
oar,233,0,43,330.5,561.36,127.5662,0.328
oar,233,0,44,330.325,561.64,116.5639,0.3354
oar,233,0,45,330.205,561.96,104.826,0.3517
oar,233,0,46,330.135,562.315,97.6988,0.3734
oar,233,0,47,330.1,562.695,92.9341,0.3905
oar,233,0,48,330.09,564.765,90.0,3.75
oar,233,0,49,329.68,566.64,0.0,0.82
oar,234,0,0,335.475,560.28,0.0,0.83
oar,234,0,1,335.89,562.68,90.0,4.8
oar,234,0,2,338.245,562.55,132.9485,6.9129
oar,234,0,3,340.6,563.33,90.0,6.62
oar,234,0,4,340.19,566.64,0.0,0.82
oar,234,0,5,339.78,564.32,90.0,4.64
oar,234,0,6,337.42,564.475,133.6375,6.8397
oar,234,0,7,335.06,563.615,90.0,6.67
oar,235,0,0,342.14,566.64,0.0,0.82
oar,235,0,1,341.73,563.46,90.0,6.36
oar,235,0,2,342.14,560.28,0.0,0.82
oar,235,0,3,342.55,563.46,90.0,6.36
oar,236,0,0,291.3,29.16,66.5202,4.819
oar,236,0,1,292.265,31.37,0.0,0.01
oar,236,0,2,292.645,29.22,99.8939,4.3649
oar,236,0,3,293.43,27.07,0.0,0.82
oar,236,0,4,293.19,30.43,100.9486,6.8446
oar,236,0,5,291.44,31.27,66.4184,5.4993
oar,236,0,6,289.24,31.27,113.5816,5.4993
oar,236,0,7,287.485,30.43,78.9691,6.8465
oar,236,0,8,287.245,27.07,0.0,0.83
oar,236,0,9,288.03,29.21,80.1909,4.3435
oar,236,0,10,288.41,31.35,0.0,0.02
oar,236,0,11,289.38,29.15,113.5747,4.8007
oar,237,0,0,298.73,27.895,114.1549,1.8084
oar,237,0,1,299.53,27.0699,0.0,0.86
oar,237,0,2,298.425,30.4149,114.6501,7.3608
oar,237,0,3,295.36,30.4149,65.4207,7.3566
oar,237,0,4,294.26,27.0699,0.0,0.86
oar,237,0,5,295.055,27.895,66.1342,1.8043
oar,237,0,6,296.89,28.72,0.0,2.94
oar,237,1,0,296.89,29.42,0.0,2.28
oar,237,1,1,296.32,30.715,66.2431,2.8298
oar,237,1,2,297.46,30.715,113.7575,2.8298
oar,238,0,0,302.685,29.895,11.9778,0.3373
oar,238,0,1,303.0,29.995,23.4282,0.327
oar,238,0,2,303.28,30.15,34.6931,0.3162
oar,238,0,3,303.52,30.35,45.0,0.3111
oar,238,0,4,303.715,30.59,56.8204,0.3107
oar,238,0,5,303.865,30.865,65.8565,0.3178
oar,238,0,6,303.97,31.165,75.5319,0.3202
oar,238,0,7,304.025,31.485,84.8051,0.3313
oar,238,0,8,304.01,31.87,97.7648,0.4441
oar,238,0,9,303.905,32.295,110.0929,0.4366
oar,238,0,10,303.705,32.675,125.5396,0.4301
oar,238,0,11,303.405,32.995,140.3525,0.4546
oar,238,0,12,303.03,33.22,158.2016,0.4308
oar,238,0,13,302.61,33.345,168.4366,0.4491
oar,238,0,14,302.165,33.405,176.1898,0.451
oar,238,0,15,301.72,33.425,178.6968,0.4401
oar,238,0,16,301.0,33.43,0.0,1.0
oar,238,0,17,300.5,30.25,90.0,6.36
oar,238,0,18,300.915,27.07,0.0,0.83
oar,238,0,19,301.33,28.425,90.0,2.71
oar,238,0,20,301.5,29.78,0.0,0.34
oar,238,0,21,302.625,28.425,125.1765,3.3154
oar,238,0,22,304.05,27.07,0.0,0.94
oar,238,0,23,303.52,28.465,125.6349,3.4328
oar,238,1,0,301.435,32.72,0.0,0.21
oar,238,1,1,301.695,32.715,178.1506,0.3102
oar,238,1,2,302.01,32.7,176.4311,0.3206
oar,238,1,3,302.32,32.66,168.6912,0.306
oar,238,1,4,302.605,32.58,159.6693,0.2879
oar,238,1,5,302.86,32.46,149.7508,0.2778
oar,238,1,6,303.075,32.295,135.0,0.2687
oar,238,1,7,303.23,32.07,114.7734,0.2864
oar,238,1,8,303.31,31.78,97.1264,0.3225
oar,238,1,9,303.31,31.45,83.2893,0.3424
oar,238,1,10,303.235,31.15,67.0714,0.2823
oar,238,1,11,303.09,30.92,48.007,0.269
oar,238,1,12,302.885,30.75,31.3301,0.2693
oar,238,1,13,302.64,30.63,21.0438,0.2786
oar,238,1,14,302.36,30.55,11.3099,0.3059
oar,238,1,15,302.055,30.505,5.5218,0.3114
oar,238,1,16,301.745,30.485,1.8494,0.3102
oar,238,1,17,301.46,30.48,0.0,0.26
oar,238,1,18,301.33,31.6,90.0,2.24
oar,239,0,0,305.525,33.43,0.0,0.83
oar,239,0,1,305.11,30.25,90.0,6.36
oar,239,0,2,305.525,27.07,0.0,0.83
oar,239,0,3,305.94,30.25,90.0,6.36
oar,240,0,0,307.49,27.07,0.0,0.82
oar,240,0,1,307.9,29.465,90.0,4.79
oar,240,0,2,310.26,29.33,133.0089,6.9197
oar,240,0,3,312.62,30.115,90.0,6.63
oar,240,0,4,312.205,33.43,0.0,0.83
oar,240,0,5,311.79,31.105,90.0,4.65
oar,240,0,6,309.435,31.26,133.5192,6.84
oar,240,0,7,307.08,30.405,90.0,6.67
oar,241,0,0,317.935,27.895,113.8658,1.8043
oar,241,0,1,318.73,27.0699,0.0,0.86
oar,241,0,2,317.63,30.4149,114.5793,7.3566
oar,241,0,3,314.57,30.4149,65.4207,7.3566
oar,241,0,4,313.465,27.0699,0.0,0.85
oar,241,0,5,314.26,27.895,65.8451,1.8084
oar,241,0,6,316.1,28.72,0.0,2.94
oar,241,1,0,316.1,29.42,0.0,2.28
oar,241,1,1,315.53,30.715,66.2431,2.8298
oar,241,1,2,316.67,30.715,113.7575,2.8298
oar,242,0,0,326.15,29.16,66.5202,4.819
oar,242,0,1,327.115,31.37,0.0,0.01
oar,242,0,2,327.495,29.22,99.8939,4.3649
oar,242,0,3,328.28,27.07,0.0,0.82
oar,242,0,4,328.04,30.43,100.9486,6.8446
oar,242,0,5,326.29,31.27,66.4184,5.4993
oar,242,0,6,324.09,31.27,113.5816,5.4993
oar,242,0,7,322.335,30.43,78.9691,6.8465
oar,242,0,8,322.095,27.07,0.0,0.83
oar,242,0,9,322.88,29.21,80.1909,4.3435
oar,242,0,10,323.26,31.35,0.0,0.02
oar,242,0,11,324.23,29.15,113.5747,4.8007
oar,243,0,0,329.27,31.42,90.0,4.02
oar,243,0,1,329.275,29.28,92.2047,0.2602
oar,243,0,2,329.295,29.02,96.583,0.2617
oar,243,0,3,329.335,28.77,101.7631,0.2452
oar,243,0,4,329.395,28.535,106.9305,0.2404
oar,243,0,5,329.53,28.215,116.0028,0.4561
oar,243,0,6,329.765,27.83,126.8683,0.45
oar,243,0,7,330.07,27.5,138.5772,0.4534
oar,243,0,8,330.44,27.24,151.1921,0.4565
oar,243,0,9,330.755,27.09,160.818,0.2435
oar,243,0,10,330.985,27.025,167.7371,0.2354
oar,243,0,11,331.23,26.98,171.2589,0.2631
oar,243,0,12,331.49,26.955,177.7953,0.2602
oar,243,0,13,331.755,26.955,2.1233,0.2702
oar,243,0,14,332.015,26.98,9.0854,0.2532
oar,243,0,15,332.26,27.025,11.766,0.2451
oar,243,0,16,332.495,27.09,19.182,0.2435
oar,243,0,17,332.81,27.24,28.8079,0.4565
oar,243,0,18,333.18,27.5,41.4228,0.4534
oar,243,0,19,333.485,27.83,53.1317,0.45
oar,243,0,20,333.72,28.215,63.9972,0.4561
oar,243,0,21,333.855,28.535,73.0695,0.2404
oar,243,0,22,333.915,28.77,78.23,0.2452
oar,243,0,23,333.955,29.02,83.417,0.2617
oar,243,0,24,333.975,29.28,87.8021,0.2602
oar,243,0,25,333.98,31.42,90.0,4.02
oar,243,0,26,333.57,33.43,0.0,0.82
oar,243,0,27,333.16,31.555,90.0,3.75
oar,243,0,28,333.15,29.485,87.0616,0.3905
oar,243,0,29,333.115,29.105,82.3057,0.3734
oar,243,0,30,333.04,28.75,73.608,0.3544
oar,243,0,31,332.92,28.425,65.693,0.3402
oar,243,0,32,332.745,28.145,49.9709,0.3265
oar,243,0,33,332.51,27.92,37.5692,0.328
oar,243,0,34,332.3,27.785,23.6351,0.1746
oar,243,0,35,332.13,27.725,15.5186,0.1868
oar,243,0,36,331.94,27.685,8.5397,0.2022
oar,243,0,37,331.73,27.665,2.6051,0.2202
oar,243,0,38,331.51,27.665,177.3949,0.2202
oar,243,0,39,331.305,27.685,171.0189,0.1924
oar,243,0,40,331.12,27.725,164.4789,0.1868
oar,243,0,41,330.95,27.785,156.3689,0.1746
oar,243,0,42,330.735,27.92,143.4715,0.336
oar,243,0,43,330.5,28.145,128.6572,0.3201
oar,243,0,44,330.325,28.425,115.8203,0.3444
oar,243,0,45,330.205,28.75,104.8273,0.3517
oar,243,0,46,330.135,29.105,97.6989,0.3734
oar,243,0,47,330.1,29.485,92.934,0.3905
oar,243,0,48,330.09,31.555,90.0,3.75
oar,243,0,49,329.68,33.43,0.0,0.82
oar,244,0,0,335.475,27.07,0.0,0.83
oar,244,0,1,335.89,29.465,90.0,4.79
oar,244,0,2,338.245,29.33,132.9485,6.9129
oar,244,0,3,340.6,30.115,90.0,6.63
oar,244,0,4,340.19,33.43,0.0,0.82
oar,244,0,5,339.78,31.105,90.0,4.65
oar,244,0,6,337.42,31.26,133.58,6.8469
oar,244,0,7,335.06,30.405,90.0,6.67
oar,245,0,0,342.14,33.43,0.0,0.82
oar,245,0,1,341.73,30.25,90.0,6.36
oar,245,0,2,342.14,27.07,0.0,0.82
oar,245,0,3,342.55,30.25,90.0,6.36
oar,246,0,0,180.11,106.045,66.6065,3.4757
oar,246,0,1,180.805,107.64,0.0,0.01
oar,246,0,2,181.08,106.085,99.8501,3.1565
oar,246,0,3,181.65,104.53,0.0,0.6
oar,246,0,4,181.475,106.96,101.0603,4.952
oar,246,0,5,180.21,107.57,66.536,3.9681
oar,246,0,6,178.625,107.57,113.5962,3.9721
oar,246,0,7,177.36,106.96,79.0533,4.9501
oar,246,0,8,177.185,104.53,0.0,0.59
oar,246,0,9,177.75,106.08,80.1185,3.1467
oar,246,0,10,178.025,107.63,0.0,0.01
oar,246,0,11,178.725,106.04,113.6105,3.4705
oar,247,0,0,182.745,109.13,0.0,0.59
oar,247,0,1,182.45,106.83,90.0,4.6
oar,247,0,2,182.745,104.53,0.0,0.59
oar,247,0,3,183.04,106.83,90.0,4.6
oar,248,0,0,185.45,106.575,11.7652,0.2452
oar,248,0,1,185.68,106.65,24.4452,0.2417
oar,248,0,2,185.88,106.765,35.8398,0.222
oar,248,0,3,186.05,106.91,45.0,0.2263
oar,248,0,4,186.195,107.08,54.1634,0.222
oar,248,0,5,186.305,107.275,66.7979,0.2285
oar,248,0,6,186.38,107.495,75.3804,0.2377
oar,248,0,7,186.415,107.725,87.5119,0.2302
oar,248,0,8,186.405,108.0,95.356,0.3214
oar,248,0,9,186.33,108.305,112.478,0.3139
oar,248,0,10,186.18,108.58,124.6953,0.3162
oar,248,0,11,185.965,108.815,139.9709,0.3265
oar,248,0,12,185.695,108.98,157.5209,0.3138
oar,248,0,13,185.39,109.07,169.381,0.3256
oar,248,0,14,185.07,109.11,176.4201,0.3206
oar,248,0,15,184.75,109.125,178.2138,0.3202
oar,248,0,16,184.23,109.13,0.0,0.72
oar,248,0,17,183.87,106.83,90.0,4.6
oar,248,0,18,184.17,104.53,0.0,0.6
oar,248,0,19,184.47,105.51,90.0,1.96
oar,248,0,20,184.59,106.49,0.0,0.24
oar,248,0,21,185.4,105.51,125.1486,2.3971
oar,248,0,22,186.43,104.53,0.0,0.68
oar,248,0,23,186.05,105.54,125.4842,2.4807
oar,248,1,0,184.545,108.62,0.0,0.15
oar,248,1,1,184.735,108.615,177.5081,0.2302
oar,248,1,2,184.96,108.6,174.8084,0.2209
oar,248,1,3,185.18,108.57,169.6931,0.2236
oar,248,1,4,185.39,108.515,160.7078,0.2119
oar,248,1,5,185.575,108.43,149.5327,0.1972
oar,248,1,6,185.725,108.31,132.8832,0.191
oar,248,1,7,185.835,108.145,115.345,0.2102
oar,248,1,8,185.895,107.935,97.4308,0.232
oar,248,1,9,185.895,107.7,82.875,0.2419
oar,248,1,10,185.84,107.485,67.1661,0.2062
oar,248,1,11,185.735,107.32,47.1168,0.191
oar,248,1,12,185.59,107.195,34.5118,0.1942
oar,248,1,13,185.415,107.105,20.2281,0.2025
oar,248,1,14,185.215,107.05,10.7782,0.2138
oar,248,1,15,184.995,107.02,4.9747,0.2309
oar,248,1,16,184.77,107.005,2.5972,0.2202
oar,248,1,17,184.565,107.0,0.0,0.19
oar,248,1,18,184.47,107.81,90.0,1.62
oar,249,0,0,187.5,109.13,0.0,0.6
oar,249,0,1,187.2,106.83,90.0,4.6
oar,249,0,2,188.2,104.53,0.0,2.0
oar,249,0,3,189.2,104.785,90.0,0.51
oar,249,0,4,188.5,105.04,0.0,1.4
oar,249,0,5,187.8,107.085,90.0,4.09
oar,250,0,0,192.91,106.575,11.7652,0.2452
oar,250,0,1,193.14,106.65,24.4452,0.2417
oar,250,0,2,193.34,106.765,35.8398,0.222
oar,250,0,3,193.51,106.91,45.0,0.2263
oar,250,0,4,193.655,107.08,54.1634,0.222
oar,250,0,5,193.765,107.275,66.7979,0.2285
oar,250,0,6,193.84,107.495,75.3804,0.2377
oar,250,0,7,193.875,107.725,87.5119,0.2302
oar,250,0,8,193.865,108.0,95.356,0.3214
oar,250,0,9,193.79,108.305,112.478,0.3139
oar,250,0,10,193.64,108.58,124.6953,0.3162
oar,250,0,11,193.425,108.815,139.9709,0.3265
oar,250,0,12,193.155,108.98,157.5209,0.3138
oar,250,0,13,192.85,109.07,169.381,0.3256
oar,250,0,14,192.53,109.11,176.4201,0.3206
oar,250,0,15,192.21,109.125,178.2138,0.3202
oar,250,0,16,191.69,109.13,0.0,0.72
oar,250,0,17,191.33,106.83,90.0,4.6
oar,250,0,18,191.63,104.53,0.0,0.6
oar,250,0,19,191.93,105.51,90.0,1.96
oar,250,0,20,192.05,106.49,0.0,0.24
oar,250,0,21,192.86,105.51,125.1486,2.3971
oar,250,0,22,193.89,104.53,0.0,0.68
oar,250,0,23,193.51,105.54,125.4842,2.4807
oar,250,1,0,192.005,108.62,0.0,0.15
oar,250,1,1,192.195,108.615,177.5081,0.2302
oar,250,1,2,192.42,108.6,174.8084,0.2209
oar,250,1,3,192.64,108.57,169.6931,0.2236
oar,250,1,4,192.85,108.515,160.7078,0.2119
oar,250,1,5,193.035,108.43,149.5327,0.1972
oar,250,1,6,193.185,108.31,132.8832,0.191
oar,250,1,7,193.295,108.145,115.345,0.2102
oar,250,1,8,193.355,107.935,97.4308,0.232
oar,250,1,9,193.355,107.7,82.875,0.2419
oar,250,1,10,193.3,107.485,67.1661,0.2062
oar,250,1,11,193.195,107.32,47.1168,0.191
oar,250,1,12,193.05,107.195,34.5118,0.1942
oar,250,1,13,192.875,107.105,20.2281,0.2025
oar,250,1,14,192.675,107.05,10.7782,0.2138
oar,250,1,15,192.455,107.02,4.9747,0.2309
oar,250,1,16,192.23,107.005,2.5972,0.2202
oar,250,1,17,192.025,107.0,0.0,0.19
oar,250,1,18,191.93,107.81,90.0,1.62
oar,251,0,0,194.46,107.43,0.0,0.62
oar,251,0,1,194.88,105.94,116.1015,3.3184
oar,251,0,2,196.03,105.43,66.8017,2.1324
oar,251,0,3,196.87,105.43,113.1986,2.1324
oar,251,0,4,198.02,105.94,63.8985,3.3184
oar,251,0,5,198.435,107.43,0.0,0.63
oar,251,0,6,197.705,106.53,65.2449,1.9821
oar,251,0,7,196.87,106.61,113.199,2.1324
oar,251,0,8,196.03,106.61,66.8014,2.1324
oar,251,0,9,195.19,106.53,115.0169,1.9863
oar,252,0,0,199.3,104.005,62.2852,2.4512
oar,252,0,1,199.045,102.92,0.0,0.63
oar,252,0,2,200.53,105.175,62.5777,5.0809
oar,252,0,3,201.39,107.43,0.0,0.62
oar,252,0,4,200.625,106.535,63.0521,2.008
oar,252,0,5,199.685,106.535,118.4532,2.0359
oar,252,0,6,198.875,107.43,0.0,0.65
oar,252,0,7,199.21,106.26,119.4276,2.6866
oar,253,0,0,204.9,106.575,90.0,4.09
oar,253,0,1,205.16,104.53,0.0,0.52
oar,253,0,2,205.42,106.83,90.0,4.6
oar,253,0,3,204.92,109.13,0.0,1.0
oar,253,0,4,204.26,108.875,57.8936,0.6021
oar,253,0,5,204.5,108.62,0.0,0.8
oar,254,0,0,208.45,106.575,90.0,4.09
oar,254,0,1,208.705,104.53,0.0,0.51
oar,254,0,2,208.96,106.83,90.0,4.6
oar,254,0,3,208.46,109.13,0.0,1.0
oar,254,0,4,207.8,108.875,57.8949,0.6021
oar,254,0,5,208.045,108.62,0.0,0.81
oar,255,0,0,210.8,106.535,90.0,0.43
oar,255,0,1,211.48,106.32,0.0,1.36
oar,255,0,2,212.16,106.535,90.0,0.43
oar,255,0,3,211.48,106.75,0.0,1.36
oar,256,0,0,214.66,105.99,51.7097,2.4207
oar,256,0,1,215.475,107.05,59.42,0.2555
oar,256,0,2,215.59,107.28,67.3812,0.26
oar,256,0,3,215.675,107.525,74.3562,0.2596
oar,256,0,4,215.72,107.78,85.6005,0.2608
oar,256,0,5,215.715,108.06,95.7129,0.3015
oar,256,0,6,215.66,108.34,107.1013,0.272
oar,256,0,7,215.555,108.59,118.4418,0.273
oar,256,0,8,215.4,108.81,131.9911,0.2691
oar,256,0,9,215.205,108.995,141.0057,0.2702
oar,256,0,10,214.98,109.14,153.4364,0.2683
oar,256,0,11,214.73,109.235,164.9297,0.2693
oar,256,0,12,214.455,109.285,174.0943,0.2916
oar,256,0,13,214.16,109.285,5.7106,0.3015
oar,256,0,14,213.875,109.235,14.5357,0.2789
oar,256,0,15,213.62,109.145,24.6262,0.264
oar,256,0,16,213.4,109.01,38.6555,0.2561
oar,256,0,17,213.215,108.83,49.6375,0.2625
oar,256,0,18,213.06,108.61,59.7427,0.2778
oar,256,0,19,212.945,108.355,71.567,0.2846
oar,256,0,20,212.875,108.07,80.5367,0.3041
oar,256,0,21,213.135,107.92,0.0,0.57
oar,256,0,22,213.435,108.01,80.5377,0.1825
oar,256,0,23,213.48,108.18,69.4404,0.1709
oar,256,0,24,213.55,108.335,61.9305,0.17
oar,256,0,25,213.645,108.47,47.4882,0.1628
oar,256,0,26,213.765,108.585,40.2394,0.1703
oar,256,0,27,213.905,108.68,28.067,0.17
oar,256,0,28,214.06,108.745,17.3612,0.1676
oar,256,0,29,214.225,108.78,6.7063,0.1712
oar,256,0,30,214.4,108.78,173.6635,0.1811
oar,256,0,31,214.57,108.745,162.6404,0.1676
oar,256,0,32,214.73,108.675,150.6415,0.1836
oar,256,0,33,214.875,108.575,139.7685,0.1703
oar,256,0,34,215.0,108.455,132.7072,0.1769
oar,256,0,35,215.1,108.315,118.074,0.17
oar,256,0,36,215.17,108.155,109.4379,0.1803
oar,256,0,37,215.21,107.98,96.3418,0.1811
oar,256,0,38,215.2,107.775,80.1363,0.2335
oar,256,0,39,215.13,107.545,66.4984,0.2508
oar,256,0,40,215.015,107.33,56.9767,0.2386
oar,256,0,41,214.88,107.135,53.6161,0.236
oar,256,0,42,213.795,105.785,51.0354,3.2282
oar,256,0,43,214.255,104.53,0.0,2.95
oar,256,0,44,215.73,104.785,90.0,0.51
oar,256,0,45,214.82,105.04,0.0,1.82
oar,257,0,0,218.105,105.51,53.4774,2.638
oar,257,0,1,218.98,106.715,58.1744,0.3413
oar,257,0,2,219.145,107.01,63.4349,0.3354
oar,257,0,3,219.245,107.24,72.6454,0.1676
oar,257,0,4,219.295,107.4,72.6454,0.1676
oar,257,0,5,219.335,107.56,79.381,0.1628
oar,257,0,6,219.355,107.73,86.8218,0.1803
oar,257,0,7,219.34,107.97,97.5929,0.3027
oar,257,0,8,219.275,108.255,108.4349,0.2846
oar,257,0,9,219.16,108.52,118.2998,0.2953
oar,257,0,10,219.0,108.76,129.2905,0.2843
oar,257,0,11,218.795,108.96,141.9536,0.2921
oar,257,0,12,218.555,109.115,152.5247,0.2818
oar,257,0,13,218.29,109.225,162.1817,0.2941
oar,257,0,14,218.005,109.285,174.0943,0.2916
oar,257,0,15,217.71,109.285,5.7106,0.3015
oar,257,0,16,217.415,109.225,17.2403,0.3037
oar,257,0,17,217.145,109.11,29.2514,0.2865
oar,257,0,18,216.91,108.95,39.2881,0.2842
oar,257,0,19,216.71,108.745,51.9554,0.2921
oar,257,0,20,216.555,108.5,63.4323,0.2907
oar,257,0,21,216.45,108.225,74.5779,0.3008
oar,257,0,22,216.395,107.925,84.4726,0.3114
oar,257,0,23,216.39,107.635,94.237,0.2708
oar,257,0,24,216.435,107.365,104.5334,0.2789
oar,257,0,25,216.53,107.11,116.568,0.2683
oar,257,0,26,216.665,106.88,124.2856,0.2663
oar,257,0,27,216.835,106.675,135.0,0.2687
oar,257,0,28,217.04,106.51,147.5262,0.2608
oar,257,0,29,217.275,106.395,160.2019,0.2657
oar,257,0,30,217.54,106.335,173.8847,0.2816
oar,257,0,31,217.795,106.33,4.9747,0.2309
oar,257,0,32,218.015,106.375,18.4287,0.2214
oar,257,0,33,218.13,106.405,153.4874,0.0224
oar,257,0,34,217.525,105.585,52.9616,2.042
oar,257,0,35,217.115,104.61,142.028,0.5201
oar,257,1,0,217.78,106.84,173.6635,0.1811
oar,257,1,1,217.6,106.875,164.4699,0.1868
oar,257,1,2,217.43,106.945,150.6438,0.1836
oar,257,1,3,217.275,107.05,141.3402,0.1921
oar,257,1,4,217.135,107.18,132.8832,0.191
oar,257,1,5,217.02,107.335,120.4651,0.1972
oar,257,1,6,216.94,107.515,107.5247,0.1993
oar,257,1,7,216.9,107.71,95.708,0.201
oar,257,1,8,216.9,107.905,83.9943,0.1911
oar,257,1,9,216.94,108.095,72.4753,0.1993
oar,257,1,10,217.015,108.27,60.6397,0.1836
oar,257,1,11,217.125,108.425,49.0867,0.1985
oar,257,1,12,217.265,108.56,38.6641,0.1921
oar,257,1,13,217.425,108.665,27.8966,0.1924
oar,257,1,14,217.605,108.74,17.5247,0.1993
oar,257,1,15,217.8,108.78,5.7076,0.201
oar,257,1,16,217.995,108.78,173.9943,0.1911
oar,257,1,17,218.175,108.74,160.5605,0.1803
oar,257,1,18,218.34,108.66,147.9936,0.1887
oar,257,1,19,218.49,108.545,137.1199,0.1911
oar,257,1,20,218.62,108.41,130.6034,0.1844
oar,257,1,21,218.725,108.255,117.8944,0.1924
oar,257,1,22,218.8,108.08,108.4349,0.1897
oar,257,1,23,218.84,107.9,96.3407,0.1811
oar,257,1,24,218.84,107.715,83.9888,0.191
oar,257,1,25,218.805,107.53,74.4814,0.1868
oar,257,1,26,218.735,107.36,60.6397,0.1836
oar,257,1,27,218.635,107.205,53.7449,0.186
oar,257,1,28,218.505,107.07,38.6598,0.1921
oar,257,1,29,218.35,106.96,32.0064,0.1887
oar,257,1,30,218.175,106.88,17.5247,0.1993
oar,257,1,31,217.975,106.84,5.4376,0.2109
oar,258,0,0,221.87,108.43,0.0,0.46
oar,258,0,1,221.64,106.66,90.0,3.54
oar,258,0,2,222.41,104.89,0.0,1.54
oar,258,0,3,223.18,105.085,90.0,0.39
oar,258,0,4,222.64,105.28,0.0,1.08
oar,258,0,5,222.1,106.855,90.0,3.15
oar,259,0,0,332.5,331.18,90.0,4.08
oar,259,0,1,332.755,329.14,0.0,0.51
oar,259,0,2,333.01,331.435,90.0,4.59
oar,259,0,3,332.515,333.73,0.0,0.99
oar,259,0,4,331.86,333.475,57.8961,0.6021
oar,259,0,5,332.1,333.22,0.0,0.8
oar,260,0,0,336.28,331.35,0.0,0.2
oar,260,0,1,336.475,331.33,168.109,0.1942
oar,260,0,2,336.655,331.275,157.6245,0.1838
oar,260,0,3,336.81,331.19,144.4635,0.1721
oar,260,0,4,336.935,331.075,130.2315,0.1703
oar,260,0,5,337.035,330.93,119.3562,0.1836
oar,260,0,6,337.105,330.76,105.5301,0.1868
oar,260,0,7,337.14,330.565,95.4368,0.211
oar,260,0,8,337.145,330.37,86.8169,0.1803
oar,260,0,9,337.115,330.195,73.6127,0.1772
oar,260,0,10,337.05,330.035,61.9263,0.17
oar,260,0,11,336.955,329.895,49.7618,0.1703
oar,260,0,12,336.84,329.775,42.5157,0.1628
oar,260,0,13,336.7,329.675,29.3562,0.1836
oar,260,0,14,336.54,329.605,17.3497,0.1676
oar,260,0,15,336.365,329.57,6.0148,0.1911
oar,260,0,16,336.19,329.57,172.8683,0.1613
oar,260,0,17,336.03,329.595,169.381,0.1628
oar,260,0,18,335.88,329.64,156.7999,0.1523
oar,260,0,19,335.745,329.715,145.3069,0.1581
oar,260,0,20,335.625,329.81,137.7208,0.1487
oar,260,0,21,335.525,329.925,124.7021,0.1581
oar,260,0,22,335.445,330.06,116.5601,0.1565
oar,260,0,23,335.39,330.21,104.0388,0.1649
oar,260,0,24,335.095,330.29,0.0,0.55
oar,260,0,25,334.84,330.155,98.4227,0.2729
oar,260,0,26,334.905,329.9,110.5537,0.2563
oar,260,0,27,335.02,329.675,123.6939,0.2524
oar,260,0,28,335.175,329.48,133.3617,0.2476
oar,260,0,29,335.365,329.32,146.3099,0.2524
oar,260,0,30,335.59,329.195,155.3784,0.264
oar,260,0,31,335.835,329.11,166.5048,0.2571
oar,260,0,32,336.095,329.065,173.6598,0.2717
oar,260,0,33,336.38,329.065,5.71,0.3015
oar,260,0,34,336.665,329.115,14.5304,0.2789
oar,260,0,35,336.92,329.205,24.6276,0.264
oar,260,0,36,337.15,329.34,36.0278,0.272
oar,260,0,37,337.345,329.52,49.6306,0.2625
oar,260,0,38,337.495,329.74,61.5582,0.273
oar,260,0,39,337.6,329.995,73.4976,0.2816
oar,260,0,40,337.65,330.285,86.305,0.3106
oar,260,0,41,337.655,330.53,93.1831,0.1803
oar,260,0,42,337.64,330.705,96.7057,0.1712
oar,260,0,43,337.605,330.875,106.3968,0.1772
oar,260,0,44,337.55,331.035,111.7974,0.1616
oar,260,0,45,337.475,331.185,120.9638,0.1749
oar,260,0,46,337.38,331.32,129.8084,0.1562
oar,260,0,47,337.265,331.44,137.2928,0.1769
oar,260,0,48,337.125,331.545,149.0362,0.1749
oar,260,0,49,337.165,331.69,41.0095,0.3048
oar,260,0,50,337.36,331.915,57.3802,0.2968
oar,260,0,51,337.47,332.11,66.7999,0.1523
oar,260,0,52,337.52,332.255,75.0787,0.1553
oar,260,0,53,337.555,332.41,79.3704,0.1628
oar,260,0,54,337.575,332.57,86.4305,0.1603
oar,260,0,55,337.565,332.79,96.1153,0.2816
oar,260,0,56,337.515,333.05,106.2605,0.25
oar,260,0,57,337.42,333.28,118.6093,0.2506
oar,260,0,58,337.285,333.48,129.8056,0.2343
oar,260,0,59,337.115,333.64,143.6191,0.236
oar,260,0,60,336.91,333.765,153.4318,0.246
oar,260,0,61,336.675,333.85,166.5048,0.2571
oar,260,0,62,336.415,333.89,175.7658,0.2707
oar,260,0,63,336.145,333.895,2.1165,0.2702
oar,260,0,64,335.89,333.86,14.0362,0.2474
oar,260,0,65,335.66,333.78,24.4452,0.2417
oar,260,0,66,335.455,333.665,34.381,0.2302
oar,260,0,67,335.285,333.52,46.8494,0.2193
oar,260,0,68,335.145,333.34,56.9728,0.2385
oar,260,0,69,335.035,333.12,69.4463,0.2563
oar,260,0,70,334.96,332.865,77.4712,0.2766
oar,260,0,71,335.215,332.73,0.0,0.57
oar,260,0,72,335.515,332.8,77.9044,0.1432
oar,260,0,73,335.56,332.935,65.2266,0.1432
oar,260,0,74,335.625,333.06,59.7399,0.1389
oar,260,0,75,335.705,333.165,45.0,0.1273
oar,260,0,76,335.805,333.25,36.0368,0.136
oar,260,0,77,335.92,333.32,26.5651,0.1342
oar,260,0,78,336.045,333.365,12.9936,0.1334
oar,260,0,79,336.185,333.385,3.8179,0.1503
oar,260,0,80,336.345,333.385,176.6305,0.1703
oar,260,0,81,336.505,333.36,165.065,0.1552
oar,260,0,82,336.65,333.305,153.4449,0.1565
oar,260,0,83,336.78,333.22,140.1916,0.1562
oar,260,0,84,336.885,333.115,129.2842,0.1421
oar,260,0,85,336.97,332.99,119.7435,0.1612
oar,260,0,86,337.03,332.845,104.935,0.1552
oar,260,0,87,337.06,332.685,96.7158,0.1712
oar,260,0,88,337.06,332.505,83.9852,0.1911
oar,260,0,89,337.025,332.33,72.6503,0.1676
oar,260,0,90,336.955,332.185,55.3069,0.1581
oar,260,0,91,336.855,332.07,42.2626,0.1487
oar,260,0,92,336.735,331.985,28.3024,0.1477
oar,260,0,93,336.59,331.925,17.3596,0.1676
oar,260,0,94,336.425,331.885,10.0086,0.1726
oar,260,0,95,336.25,331.865,3.1734,0.1803
oar,260,0,96,336.17,331.605,92.2445,0.5104
oar,261,0,0,339.565,332.83,53.7346,2.6542
oar,261,0,1,338.69,331.625,56.3099,0.3245
oar,261,0,2,338.525,331.34,63.4349,0.3354
oar,261,0,3,338.42,331.115,68.1986,0.1615
oar,261,0,4,338.37,330.96,75.9612,0.1649
oar,261,0,5,338.335,330.795,79.9932,0.1726
oar,261,0,6,338.315,330.625,86.6299,0.1703
oar,261,0,7,338.325,330.39,95.71,0.3015
oar,261,0,8,338.385,330.1,107.8183,0.2941
oar,261,0,9,338.505,329.83,119.9847,0.3002
oar,261,0,10,338.67,329.59,129.2881,0.2842
oar,261,0,11,338.87,329.39,140.7119,0.2842
oar,261,0,12,339.11,329.235,153.4349,0.2907
oar,261,0,13,339.375,329.125,161.5651,0.2846
oar,261,0,14,339.66,329.065,174.2894,0.3015
oar,261,0,15,339.96,329.065,5.71,0.3015
oar,261,0,16,340.25,329.125,17.8183,0.2941
oar,261,0,17,340.52,329.24,28.3052,0.2953
oar,261,0,18,340.755,329.4,40.5972,0.2766
oar,261,0,19,340.95,329.605,51.9554,0.2921
oar,261,0,20,341.11,329.85,61.7,0.2953
oar,261,0,21,341.22,330.125,74.5751,0.3008
oar,261,0,22,341.275,330.425,84.4726,0.3114
oar,261,0,23,341.28,330.72,94.0834,0.2807
oar,261,0,24,341.235,330.99,105.0695,0.2693
oar,261,0,25,341.14,331.245,115.6401,0.2773
oar,261,0,26,341.005,331.48,124.2911,0.2663
oar,261,0,27,340.835,331.68,136.5451,0.2617
oar,261,0,28,340.63,331.84,147.5262,0.2608
oar,261,0,29,340.395,331.955,160.2019,0.2657
oar,261,0,30,340.135,332.015,173.6605,0.2717
oar,261,0,31,339.88,332.015,7.125,0.2419
oar,261,0,32,339.655,331.96,20.8593,0.2247
oar,261,0,33,339.54,331.925,153.4349,0.0224
oar,261,0,34,340.145,332.79,54.4306,2.1146
oar,261,0,35,340.555,333.775,148.6272,0.4802
oar,261,1,0,339.705,329.57,173.9943,0.1911
oar,261,1,1,339.52,329.61,161.568,0.1898
oar,261,1,2,339.345,329.685,152.1013,0.1923
oar,261,1,3,339.19,329.79,139.3956,0.1844
oar,261,1,4,339.055,329.925,130.9099,0.1985
oar,261,1,5,338.945,330.085,117.9067,0.1924
oar,261,1,6,338.87,330.26,108.432,0.1898
oar,261,1,7,338.83,330.45,95.708,0.201
oar,261,1,8,338.83,330.645,83.9943,0.1911
oar,261,1,9,338.875,330.825,67.6193,0.1839
oar,261,1,10,338.955,330.995,62.1013,0.1923
oar,261,1,11,339.06,331.15,49.4028,0.1844
oar,261,1,12,339.195,331.285,40.9108,0.1985
oar,261,1,13,339.355,331.395,27.8987,0.1923
oar,261,1,14,339.53,331.47,18.4349,0.1897
oar,261,1,15,339.71,331.51,6.3359,0.1811
oar,261,1,16,339.89,331.51,173.663,0.1811
oar,261,1,17,340.07,331.475,164.4699,0.1868
oar,261,1,18,340.245,331.405,152.1056,0.1924
oar,261,1,19,340.4,331.3,139.3966,0.1844
oar,261,1,20,340.535,331.165,130.9166,0.1985
oar,261,1,21,340.65,331.005,120.4651,0.1972
oar,261,1,22,340.73,330.825,107.5247,0.1993
oar,261,1,23,340.77,330.625,95.4376,0.2109
oar,261,1,24,340.77,330.425,83.9943,0.1911
oar,261,1,25,340.73,330.24,71.5651,0.1897
oar,261,1,26,340.655,330.07,60.6438,0.1836
oar,261,1,27,340.545,329.915,49.0834,0.1985
oar,261,1,28,340.41,329.785,38.1583,0.1781
oar,261,1,29,340.255,329.685,27.8987,0.1923
oar,261,1,30,340.08,329.61,18.4349,0.1897
oar,261,1,31,339.895,329.57,6.0057,0.1911
oar,262,0,0,331.48,336.63,0.0,2.5
oar,262,0,1,332.73,336.885,90.0,0.51
oar,262,0,2,331.775,337.14,0.0,1.91
oar,262,0,3,330.82,338.035,90.0,1.79
oar,262,0,4,331.745,338.93,0.0,1.85
oar,262,0,5,332.67,339.185,90.0,0.51
oar,262,0,6,331.745,339.44,0.0,1.85
oar,262,0,7,330.82,340.08,90.0,1.28
oar,262,0,8,331.775,340.72,0.0,1.91
oar,262,0,9,332.73,340.975,90.0,0.51
oar,262,0,10,331.48,341.23,0.0,2.5
oar,262,0,11,330.23,338.93,90.0,4.6
oar,263,0,0,333.72,341.23,0.0,0.6
oar,263,0,1,333.42,338.93,90.0,4.6
oar,263,0,2,334.42,336.63,0.0,2.0
oar,263,0,3,335.42,336.885,90.0,0.51
oar,263,0,4,334.72,337.14,0.0,1.4
oar,263,0,5,334.02,339.185,90.0,4.09
oar,264,0,0,337.03,336.63,0.0,2.5
oar,264,0,1,338.28,336.885,90.0,0.51
oar,264,0,2,337.33,337.14,0.0,1.9
oar,264,0,3,336.38,338.035,90.0,1.79
oar,264,0,4,337.305,338.93,0.0,1.85
oar,264,0,5,338.23,339.185,90.0,0.51
oar,264,0,6,337.305,339.44,0.0,1.85
oar,264,0,7,336.38,340.08,90.0,1.28
oar,264,0,8,337.33,340.72,0.0,1.9
oar,264,0,9,338.28,340.975,90.0,0.51
oar,264,0,10,337.03,341.23,0.0,2.5
oar,264,0,11,335.78,338.93,90.0,4.6
oar,265,0,0,338.775,341.23,0.0,0.63
oar,265,0,1,339.465,338.815,112.5947,5.2315
oar,265,0,2,341.465,338.815,67.608,5.2239
oar,265,0,3,342.145,341.23,0.0,0.63
oar,265,0,4,341.15,339.54,68.082,3.6433
oar,265,0,5,339.78,339.54,112.2095,3.6509
oar,266,0,0,122.7,470.985,90.0,4.09
oar,266,0,1,122.955,468.94,0.0,0.51
oar,266,0,2,123.21,471.24,90.0,4.6
oar,266,0,3,122.715,473.54,0.0,0.99
oar,266,0,4,122.06,473.285,57.8939,0.6021
oar,266,0,5,122.3,473.03,0.0,0.8
oar,267,0,0,126.48,471.15,0.0,0.2
oar,267,0,1,126.675,471.135,171.0278,0.1924
oar,267,0,2,126.855,471.085,157.6197,0.1838
oar,267,0,3,127.01,471.0,144.4626,0.172
oar,267,0,4,127.14,470.885,132.709,0.1769
oar,267,0,5,127.24,470.74,116.5661,0.1789
oar,267,0,6,127.305,470.565,104.7421,0.1965
oar,267,0,7,127.34,470.37,95.7119,0.201
oar,267,0,8,127.345,470.175,86.9866,0.1903
oar,267,0,9,127.315,470.0,72.6478,0.1676
oar,267,0,10,127.25,469.84,63.4339,0.1789
oar,267,0,11,127.155,469.695,49.7629,0.1703
oar,267,0,12,127.04,469.575,42.51,0.1628
oar,267,0,13,126.905,469.48,28.0728,0.17
oar,267,0,14,126.745,469.41,19.4395,0.1803
oar,267,0,15,126.565,469.375,3.0134,0.1903
oar,267,0,16,126.39,469.375,176.4228,0.1603
oar,267,0,17,126.23,469.4,165.9663,0.1649
oar,267,0,18,126.08,469.45,156.7995,0.1523
oar,267,0,19,125.945,469.52,148.3914,0.1526
oar,267,0,20,125.825,469.615,135.002,0.1556
oar,267,0,21,125.725,469.73,126.8681,0.15
oar,267,0,22,125.645,469.865,115.0166,0.1655
oar,267,0,23,125.595,470.02,100.6221,0.1628
oar,267,0,24,125.3,470.1,0.0,0.56
oar,267,0,25,125.04,469.965,98.4273,0.2729
oar,267,0,26,125.105,469.705,109.7981,0.2657
oar,267,0,27,125.22,469.475,123.6915,0.2524
oar,267,0,28,125.38,469.28,134.9988,0.2546
oar,267,0,29,125.57,469.12,145.0087,0.2441
oar,267,0,30,125.79,468.995,155.3761,0.264
oar,267,0,31,126.035,468.91,166.5048,0.2571
oar,267,0,32,126.295,468.87,175.7628,0.2707
oar,267,0,33,126.58,468.87,3.8149,0.3007
oar,267,0,34,126.865,468.915,14.5342,0.2789
oar,267,0,35,127.125,469.01,25.6401,0.2773
oar,267,0,36,127.355,469.15,37.3047,0.264
oar,267,0,37,127.545,469.33,49.6353,0.2625
oar,267,0,38,127.695,469.545,60.525,0.2642
oar,267,0,39,127.8,469.8,74.0542,0.2912
oar,267,0,40,127.85,470.09,86.1851,0.3007
oar,267,0,41,127.86,470.33,90.0,0.18
oar,267,0,42,127.845,470.51,99.4643,0.1825
oar,267,0,43,127.805,470.68,107.3522,0.1676
oar,267,0,44,127.75,470.84,110.5581,0.1709
oar,267,0,45,127.675,470.99,122.7329,0.1664
oar,267,0,46,127.58,471.125,127.5688,0.164
oar,267,0,47,127.465,471.245,139.7645,0.1703
oar,267,0,48,127.325,471.35,146.3093,0.1803
oar,267,0,49,127.365,471.5,41.0092,0.3048
oar,267,0,50,127.56,471.72,56.3099,0.2885
oar,267,0,51,127.67,471.91,66.8022,0.1523
oar,267,0,52,127.725,472.055,71.5642,0.1581
oar,267,0,53,127.76,472.21,82.876,0.1612
oar,267,0,54,127.775,472.375,86.6328,0.1703
oar,267,0,55,127.765,472.595,96.3398,0.2717
oar,267,0,56,127.715,472.855,105.6422,0.2596
oar,267,0,57,127.62,473.085,119.7456,0.2419
oar,267,0,58,127.485,473.28,129.8058,0.2343
oar,267,0,59,127.315,473.445,141.7099,0.2421
oar,267,0,60,127.11,473.57,155.5557,0.2417
oar,267,0,61,126.875,473.655,164.3578,0.2596
oar,267,0,62,126.615,473.7,175.7644,0.2707
oar,267,0,63,126.345,473.7,4.2357,0.2707
oar,267,0,64,126.09,473.66,14.0354,0.2474
oar,267,0,65,125.86,473.585,22.2505,0.2377
oar,267,0,66,125.655,473.475,34.3794,0.2302
oar,267,0,67,125.485,473.325,48.577,0.2267
oar,267,0,68,125.345,473.14,56.9763,0.2385
oar,267,0,69,125.235,472.92,69.443,0.2563
oar,267,0,70,125.16,472.67,77.006,0.2668
oar,267,0,71,125.415,472.54,0.0,0.57
oar,267,0,72,125.715,472.61,77.9057,0.1432
oar,267,0,73,125.76,472.745,65.2238,0.1432
oar,267,0,74,125.825,472.865,57.5273,0.1304
oar,267,0,75,125.905,472.97,48.0157,0.1345
oar,267,0,76,126.005,473.055,32.4709,0.1304
oar,267,0,77,126.12,473.12,26.5636,0.1342
oar,267,0,78,126.245,473.165,12.9944,0.1334
oar,267,0,79,126.39,473.19,7.1267,0.1612
oar,267,0,80,126.55,473.19,172.8736,0.1612
oar,267,0,81,126.705,473.16,165.0684,0.1552
oar,267,0,82,126.85,473.105,153.4349,0.1565
oar,267,0,83,126.98,473.025,143.1319,0.15
oar,267,0,84,127.09,472.92,129.8045,0.1562
oar,267,0,85,127.175,472.795,118.3012,0.1476
oar,267,0,86,127.23,472.65,104.0362,0.1649
oar,267,0,87,127.26,472.49,97.124,0.1612
oar,267,0,88,127.26,472.31,84.2905,0.201
oar,267,0,89,127.225,472.135,71.5633,0.1581
oar,267,0,90,127.155,471.995,55.3069,0.1581
oar,267,0,91,127.055,471.88,42.2731,0.1487
oar,267,0,92,126.935,471.79,31.6071,0.1526
oar,267,0,93,126.79,471.725,17.3529,0.1676
oar,267,0,94,126.625,471.685,10.0102,0.1726
oar,267,0,95,126.45,471.665,3.1781,0.1803
oar,267,0,96,126.37,471.405,92.2454,0.5104
oar,268,0,0,129.765,472.64,53.7344,2.6542
oar,268,0,1,128.89,471.43,57.2657,0.3329
oar,268,0,2,128.725,471.14,63.4361,0.3354
oar,268,0,3,128.62,470.915,68.1946,0.1616
oar,268,0,4,128.57,470.76,75.9657,0.1649
oar,268,0,5,128.535,470.595,79.9923,0.1726
oar,268,0,6,128.515,470.425,86.6355,0.1703
oar,268,0,7,128.525,470.19,95.7104,0.3015
oar,268,0,8,128.585,469.9,107.8183,0.2941
oar,268,0,9,128.705,469.635,120.9627,0.2915
oar,268,0,10,128.87,469.4,129.2905,0.2843
oar,268,0,11,129.075,469.2,141.9524,0.2921
oar,268,0,12,129.315,469.04,150.7513,0.2865
oar,268,0,13,129.58,468.93,164.0542,0.2912
oar,268,0,14,129.865,468.875,174.0943,0.2916
oar,268,0,15,130.16,468.875,5.7106,0.3015
oar,268,0,16,130.45,468.93,15.9458,0.2912
oar,268,0,17,130.72,469.04,28.2998,0.2953
oar,268,0,18,130.955,469.205,42.138,0.2832
oar,268,0,19,131.15,469.41,50.7095,0.2843
oar,268,0,20,131.31,469.65,61.6995,0.2953
oar,268,0,21,131.42,469.925,74.5775,0.3008
oar,268,0,22,131.475,470.225,84.4726,0.3114
oar,268,0,23,131.48,470.52,94.0865,0.2807
oar,268,0,24,131.435,470.795,104.5327,0.2789
oar,268,0,25,131.34,471.05,116.5672,0.2683
oar,268,0,26,131.205,471.28,124.2856,0.2663
oar,268,0,27,131.035,471.48,136.5485,0.2617
oar,268,0,28,130.83,471.64,147.5291,0.2608
oar,268,0,29,130.595,471.755,160.2019,0.2657
oar,268,0,30,130.335,471.82,171.573,0.273
oar,268,0,31,130.08,471.825,7.125,0.2419
oar,268,0,32,129.855,471.77,20.8543,0.2247
oar,268,0,33,129.74,471.735,153.4349,0.0224
oar,268,0,34,130.345,472.6,54.4306,2.1146
oar,268,0,35,130.755,473.585,148.6272,0.4802
oar,268,1,0,129.905,469.38,173.9921,0.1911
oar,268,1,1,129.72,469.415,164.4744,0.1868
oar,268,1,2,129.545,469.49,149.5346,0.1972
oar,268,1,3,129.39,469.6,139.3997,0.1844
oar,268,1,4,129.255,469.73,132.8801,0.1911
oar,268,1,5,129.145,469.885,117.8955,0.1924
oar,268,1,6,129.07,470.06,108.4342,0.1897
oar,268,1,7,129.03,470.25,95.7119,0.201
oar,268,1,8,129.03,470.445,83.9898,0.1911
oar,268,1,9,129.075,470.63,68.7517,0.1931
oar,268,1,10,129.155,470.8,60.6426,0.1836
oar,268,1,11,129.265,470.955,49.0848,0.1985
oar,268,1,12,129.4,471.09,40.6021,0.1844
oar,268,1,13,129.555,471.195,27.8966,0.1924
oar,268,1,14,129.73,471.27,18.4335,0.1897
oar,268,1,15,129.91,471.31,6.3418,0.1811
oar,268,1,16,130.09,471.315,176.8196,0.1803
oar,268,1,17,130.27,471.28,161.5651,0.1897
oar,268,1,18,130.445,471.205,152.1014,0.1924
oar,268,1,19,130.605,471.1,141.343,0.1921
oar,268,1,20,130.74,470.965,128.6584,0.1921
oar,268,1,21,130.85,470.805,120.4673,0.1972
oar,268,1,22,130.93,470.625,107.5247,0.1993
oar,268,1,23,130.97,470.425,95.4374,0.2109
oar,268,1,24,130.97,470.225,83.9943,0.1911
oar,268,1,25,130.93,470.04,71.5658,0.1897
oar,268,1,26,130.855,469.87,60.6385,0.1836
oar,268,1,27,130.745,469.72,47.1233,0.191
oar,268,1,28,130.61,469.59,40.6021,0.1844
oar,268,1,29,130.455,469.485,27.8966,0.1924
oar,268,1,30,130.28,469.415,15.5244,0.1868
oar,268,1,31,130.095,469.38,6.0079,0.1911
oar,269,0,0,121.68,476.43,0.0,2.5
oar,269,0,1,122.93,476.69,90.0,0.52
oar,269,0,2,121.975,476.95,0.0,1.91
oar,269,0,3,121.02,477.84,90.0,1.78
oar,269,0,4,121.945,478.73,0.0,1.85
oar,269,0,5,122.87,478.985,90.0,0.51
oar,269,0,6,121.945,479.24,0.0,1.85
oar,269,0,7,121.02,479.88,90.0,1.28
oar,269,0,8,121.975,480.52,0.0,1.91
oar,269,0,9,122.93,480.775,90.0,0.51
oar,269,0,10,121.68,481.03,0.0,2.5
oar,269,0,11,120.43,478.73,90.0,4.6
oar,270,0,0,123.92,481.03,0.0,0.6
oar,270,0,1,123.62,478.73,90.0,4.6
oar,270,0,2,124.62,476.43,0.0,2.0
oar,270,0,3,125.62,476.685,90.0,0.51
oar,270,0,4,124.92,476.94,0.0,1.4
oar,270,0,5,124.22,478.985,90.0,4.09
oar,271,0,0,127.23,476.43,0.0,2.5
oar,271,0,1,128.48,476.69,90.0,0.52
oar,271,0,2,127.53,476.95,0.0,1.9
oar,271,0,3,126.58,477.84,90.0,1.78
oar,271,0,4,127.505,478.73,0.0,1.85
oar,271,0,5,128.43,478.985,90.0,0.51
oar,271,0,6,127.505,479.24,0.0,1.85
oar,271,0,7,126.58,479.88,90.0,1.28
oar,271,0,8,127.53,480.52,0.0,1.9
oar,271,0,9,128.48,480.775,90.0,0.51
oar,271,0,10,127.23,481.03,0.0,2.5
oar,271,0,11,125.98,478.73,90.0,4.6
oar,272,0,0,128.975,481.03,0.0,0.63
oar,272,0,1,129.665,478.615,112.5947,5.2315
oar,272,0,2,131.665,478.615,67.608,5.2239
oar,272,0,3,132.345,481.03,0.0,0.63
oar,272,0,4,131.35,479.34,68.0818,3.6433
oar,272,0,5,129.98,479.34,112.2095,3.6509
oar,273,0,0,202.475,414.425,147.0943,0.2025
oar,273,0,1,202.63,414.3,135.0,0.198
oar,273,0,2,202.75,414.16,125.5394,0.172
oar,273,0,3,202.835,414.005,112.3781,0.1838
oar,273,0,4,202.885,413.835,100.0077,0.1726
oar,273,0,5,202.89,413.66,83.6635,0.1811
oar,273,0,6,202.855,413.48,74.4744,0.1868
oar,273,0,7,202.78,413.295,62.2403,0.2147
oar,273,0,8,202.675,413.13,51.8425,0.178
oar,273,0,9,202.555,413.0,42.7105,0.1769
oar,273,0,10,202.415,412.9,28.0716,0.17
oar,273,0,11,202.26,412.83,20.5548,0.1709
oar,273,0,12,202.095,412.79,6.7113,0.1712
oar,273,0,13,201.925,412.785,176.6353,0.1703
oar,273,0,14,201.755,412.815,163.6093,0.1772
oar,273,0,15,201.585,412.88,154.7981,0.1879
oar,273,0,16,201.435,412.97,142.435,0.164
oar,273,0,17,201.315,413.08,132.5081,0.1628
oar,273,0,18,201.215,413.205,124.6962,0.1581
oar,273,0,19,201.14,413.34,113.1978,0.1523
oar,273,0,20,201.09,413.485,104.9336,0.1553
oar,273,0,21,201.065,413.635,93.8121,0.1503
oar,273,0,22,201.075,413.79,79.381,0.1628
oar,273,0,23,201.115,413.945,71.5633,0.1581
oar,273,0,24,200.905,414.17,147.4498,0.5576
oar,273,0,25,200.615,414.195,66.2504,0.2731
oar,273,0,26,200.535,413.945,78.6894,0.255
oar,273,0,27,200.51,413.695,90.0,0.25
oar,273,0,28,200.535,413.445,101.3106,0.255
oar,273,0,29,200.61,413.205,113.5002,0.2508
oar,273,0,30,200.73,412.98,122.4709,0.2608
oar,273,0,31,200.89,412.775,133.4503,0.2617
oar,273,0,32,201.085,412.6,142.6963,0.264
oar,273,0,33,201.325,412.45,152.5929,0.3041
oar,273,0,34,201.59,412.335,160.9069,0.2751
oar,273,0,35,201.855,412.27,171.5746,0.273
oar,273,0,36,202.125,412.26,4.2342,0.2707
oar,273,0,37,202.385,412.31,17.7451,0.2625
oar,273,0,38,202.625,412.415,29.4756,0.2642
oar,273,0,39,202.85,412.575,40.8153,0.2907
oar,273,0,40,203.055,412.79,51.6333,0.3061
oar,273,0,41,203.195,412.99,60.6397,0.1836
oar,273,0,42,203.275,413.15,66.3735,0.1746
oar,273,0,43,203.335,413.31,72.6454,0.1676
oar,273,0,44,203.375,413.475,79.9923,0.1726
oar,273,0,45,203.39,413.64,90.0,0.16
oar,273,0,46,203.38,413.805,96.7113,0.1712
oar,273,0,47,203.35,413.97,104.0337,0.1649
oar,273,0,48,203.29,414.13,116.5672,0.1789
oar,273,0,49,203.405,414.235,9.163,0.314
oar,273,0,50,203.695,414.32,23.9613,0.2955
oar,273,0,51,203.89,414.42,33.6917,0.1442
oar,273,0,52,204.01,414.51,39.8084,0.1562
oar,273,0,53,204.12,414.62,50.1916,0.1562
oar,273,0,54,204.22,414.75,54.4606,0.172
oar,273,0,55,204.335,414.94,61.5595,0.2729
oar,273,0,56,204.435,415.185,74.3562,0.2596
oar,273,0,57,204.48,415.43,85.2355,0.2408
oar,273,0,58,204.47,415.67,99.4647,0.2433
oar,273,0,59,204.41,415.9,109.9834,0.2341
oar,273,0,60,204.305,416.115,121.7566,0.247
oar,273,0,61,204.155,416.315,131.8243,0.255
oar,273,0,62,203.965,416.49,142.6943,0.264
oar,273,0,63,203.74,416.635,151.5567,0.273
oar,273,0,64,203.5,416.745,159.444,0.2563
oar,273,0,65,203.265,416.805,172.5692,0.232
oar,273,0,66,203.035,416.82,0.0,0.23
oar,273,0,67,202.81,416.79,15.2544,0.228
oar,273,0,68,202.59,416.71,24.4452,0.2417
oar,273,0,69,202.38,416.585,36.8692,0.25
oar,273,0,70,202.185,416.415,45.0,0.2687
oar,273,0,71,202.325,416.165,146.5925,0.563
oar,273,0,72,202.615,416.06,42.2753,0.1487
oar,273,0,73,202.725,416.15,36.0278,0.136
oar,273,0,74,202.845,416.22,24.7734,0.1432
oar,273,0,75,202.97,416.265,14.0362,0.1237
oar,273,0,76,203.1,416.28,0.0,0.14
oar,273,0,77,203.235,416.275,175.5972,0.1304
oar,273,0,78,203.365,416.245,158.9656,0.1393
oar,273,0,79,203.5,416.185,153.4325,0.1565
oar,273,0,80,203.635,416.1,142.435,0.164
oar,273,0,81,203.75,415.99,129.8049,0.1562
oar,273,0,82,203.84,415.865,121.6101,0.1526
oar,273,0,83,203.905,415.73,109.6475,0.1487
oar,273,0,84,203.94,415.585,97.5966,0.1513
oar,273,0,85,203.945,415.43,86.4257,0.1603
oar,273,0,86,203.915,415.275,71.5633,0.1581
oar,273,0,87,203.855,415.125,64.9799,0.1655
oar,273,0,88,203.76,414.975,51.343,0.1921
oar,273,0,89,203.635,414.85,37.565,0.164
oar,273,0,90,203.495,414.765,25.0201,0.1655
oar,273,0,91,203.35,414.72,8.1319,0.1414
oar,273,0,92,203.2,414.715,176.4203,0.1603
oar,273,0,93,203.045,414.74,165.0704,0.1552
oar,273,0,94,202.89,414.795,156.3689,0.1746
oar,273,0,95,202.73,414.875,150.6438,0.1836
oar,273,0,96,202.52,414.7,59.4214,0.5111
oar,274,0,0,206.765,412.62,57.2269,3.6393
oar,274,0,1,205.455,413.155,23.4391,5.0028
oar,274,0,2,204.12,411.545,147.3551,2.2802
oar,274,0,3,204.895,410.645,57.0104,0.6796
oar,274,0,4,204.925,410.22,146.9299,0.5131
oar,274,0,5,205.325,410.37,57.4654,0.688
oar,274,0,6,205.73,410.515,146.6109,0.527
oar,274,0,7,206.09,410.585,56.9299,0.5131
oar,274,0,8,206.005,410.945,147.2009,0.5353
oar,274,1,0,204.8,411.715,147.1601,1.3092
oar,274,1,1,205.31,412.52,23.0029,2.3031
oar,274,1,2,206.375,412.97,0.0,0.01
oar,274,1,3,205.865,412.165,57.3909,1.9113
oar,275,0,0,206.665,410.445,64.2896,0.2997
oar,275,0,1,206.56,410.175,73.4946,0.2816
oar,275,0,2,206.51,409.91,85.6039,0.2608
oar,275,0,3,206.52,409.65,98.7449,0.2631
oar,275,0,4,206.585,409.4,110.5548,0.2563
oar,275,0,5,206.7,409.165,121.3291,0.2693
oar,275,0,6,206.86,408.95,131.9889,0.2691
oar,275,0,7,207.065,408.76,141.9512,0.2921
oar,275,0,8,207.305,408.605,152.5274,0.2818
oar,275,0,9,207.56,408.5,162.8975,0.272
oar,275,0,10,207.825,408.44,171.5709,0.2729
oar,275,0,11,208.09,408.43,4.3995,0.2608
oar,275,0,12,208.345,408.48,17.7451,0.2625
oar,275,0,13,208.585,408.58,27.5523,0.2594
oar,275,0,14,208.805,408.73,40.6037,0.2766
oar,275,0,15,209.005,408.94,51.631,0.3061
oar,275,0,16,209.145,409.14,60.6397,0.1836
oar,275,0,17,209.22,409.3,69.4452,0.1709
oar,275,0,18,209.27,409.465,76.7615,0.1746
oar,275,0,19,209.3,409.635,83.2887,0.1712
oar,275,0,20,209.31,409.8,90.0,0.16
oar,275,0,21,209.29,409.965,103.2434,0.1746
oar,275,0,22,209.24,410.13,110.5548,0.1709
oar,275,0,23,209.16,410.285,123.6887,0.1803
oar,275,0,24,209.275,410.37,3.4689,0.3306
oar,275,0,25,209.585,410.435,20.7728,0.3102
oar,275,0,26,209.795,410.53,31.6071,0.1526
oar,275,0,27,209.92,410.62,39.8041,0.1562
oar,275,0,28,210.04,410.73,45.0036,0.1697
oar,275,0,29,210.15,410.86,54.4606,0.172
oar,275,0,30,210.26,411.055,64.3599,0.2773
oar,275,0,31,210.36,411.305,72.2549,0.2625
oar,275,0,32,210.41,411.555,85.4251,0.2508
oar,275,0,33,210.405,411.805,96.8425,0.2518
oar,275,0,34,210.355,412.05,106.2624,0.25
oar,275,0,35,210.255,412.28,120.5771,0.2555
oar,275,0,36,210.105,412.49,130.3672,0.2625
oar,275,0,37,209.91,412.675,142.3043,0.278
oar,275,0,38,209.68,412.82,153.4335,0.2683
oar,275,0,39,209.435,412.92,162.2549,0.2625
oar,275,0,40,209.18,412.97,175.6036,0.2608
oar,275,0,41,208.925,412.965,6.8425,0.2518
oar,275,0,42,208.685,412.91,19.1786,0.2435
oar,275,0,43,208.46,412.81,28.6093,0.2506
oar,275,0,44,208.25,412.66,41.9865,0.2691
oar,275,0,45,208.06,412.46,50.7119,0.2842
oar,275,0,46,207.93,412.28,60.2544,0.1612
oar,275,0,47,207.86,412.13,69.4452,0.1709
oar,275,0,48,207.81,411.975,75.065,0.1552
oar,275,0,49,207.78,411.825,82.4042,0.1513
oar,275,0,50,207.78,411.595,93.6922,0.3106
oar,275,0,51,207.84,411.29,108.4358,0.3162
oar,275,0,52,207.805,411.15,173.2887,0.1712
oar,275,0,53,207.635,411.155,3.3647,0.1703
oar,275,0,54,207.47,411.13,14.0388,0.1649
oar,275,0,55,207.315,411.08,21.7994,0.1616
oar,275,0,56,207.165,411.005,30.9638,0.1749
oar,275,0,57,207.025,410.905,40.2355,0.1703
oar,275,0,58,206.9,410.785,47.2928,0.1769
oar,275,0,59,206.785,410.65,51.8425,0.178
oar,275,1,0,209.59,412.28,140.1916,0.1562
oar,275,1,1,209.7,412.17,129.8084,0.1562
oar,275,1,2,209.785,412.04,116.5626,0.1565
oar,275,1,3,209.845,411.895,108.4367,0.1581
oar,275,1,4,209.88,411.745,97.5958,0.1513
oar,275,1,5,209.885,411.59,86.4203,0.1603
oar,275,1,6,209.86,411.43,75.965,0.1649
oar,275,1,7,209.805,411.275,64.9821,0.1655
oar,275,1,8,209.72,411.145,47.7291,0.1487
oar,275,1,9,209.61,411.045,36.8699,0.15
oar,275,1,10,209.48,410.965,26.5601,0.1565
oar,275,1,11,209.335,410.91,14.935,0.1552
oar,275,1,12,209.18,410.875,10.619,0.1628
oar,275,1,13,209.02,410.865,176.4254,0.1603
oar,275,1,14,208.865,410.885,168.6856,0.153
oar,275,1,15,208.72,410.935,153.4374,0.1565
oar,275,1,16,208.595,411.015,140.7119,0.1421
oar,275,1,17,208.49,411.125,127.565,0.164
oar,275,1,18,208.405,411.26,116.5675,0.1565
oar,275,1,19,208.35,411.405,104.9296,0.1552
oar,275,1,20,208.32,411.56,97.1264,0.1612
oar,275,1,21,208.31,411.72,90.0,0.16
oar,275,1,22,208.325,411.875,78.6901,0.153
oar,275,1,23,208.37,412.015,65.2266,0.1432
oar,275,1,24,208.455,412.145,49.7645,0.1703
oar,275,1,25,208.57,412.26,39.8041,0.1562
oar,275,1,26,208.7,412.35,29.7456,0.1612
oar,275,1,27,208.845,412.41,14.9336,0.1553
oar,275,1,28,209.0,412.44,7.121,0.1612
oar,275,1,29,209.155,412.445,176.1879,0.1503
oar,275,1,30,209.305,412.42,165.0704,0.1552
oar,275,1,31,209.455,412.365,154.9821,0.1655
oar,275,2,0,208.445,410.485,139.7645,0.1703
oar,275,2,1,208.565,410.365,130.2355,0.1703
oar,275,2,2,208.665,410.225,120.9638,0.1749
oar,275,2,3,208.74,410.07,110.5548,0.1709
oar,275,2,4,208.78,409.91,97.1264,0.1612
oar,275,2,5,208.79,409.745,90.0,0.17
oar,275,2,6,208.77,409.575,76.7615,0.1746
oar,275,2,7,208.71,409.415,61.9284,0.17
oar,275,2,8,208.615,409.275,49.7612,0.1703
oar,275,2,9,208.495,409.155,40.2355,0.1703
oar,275,2,10,208.355,409.065,25.0201,0.1655
oar,275,2,11,208.195,409.005,16.3907,0.1772
oar,275,2,12,208.025,408.975,3.3647,0.1703
oar,275,2,13,207.855,408.975,176.6356,0.1703
oar,275,2,14,207.69,409.005,162.6438,0.1676
oar,275,2,15,207.535,409.065,154.9821,0.1655
oar,275,2,16,207.39,409.155,141.8425,0.178
oar,275,2,17,207.265,409.275,130.2388,0.1703
oar,275,2,18,207.17,409.415,118.0716,0.17
oar,275,2,19,207.1,409.57,110.5548,0.1709
oar,275,2,20,207.06,409.735,96.7063,0.1712
oar,275,2,21,207.05,409.905,90.0,0.17
oar,275,2,22,207.07,410.07,75.9663,0.1649
oar,275,2,23,207.125,410.225,64.9847,0.1655
oar,275,2,24,207.215,410.37,51.8425,0.178
oar,275,2,25,207.34,410.49,35.5394,0.172
oar,275,2,26,207.485,410.58,28.067,0.17
oar,275,2,27,207.64,410.64,14.0388,0.1649
oar,275,2,28,207.805,410.67,6.7113,0.1712
oar,275,2,29,207.975,410.67,173.2887,0.1712
oar,275,2,30,208.14,410.635,162.6454,0.1676
oar,275,2,31,208.3,410.575,156.3715,0.1746
oar,276,0,0,211.425,408.685,147.0943,0.2025
oar,276,0,1,211.58,408.56,135.0,0.198
oar,276,0,2,211.7,408.42,125.5394,0.172
oar,276,0,3,211.78,408.265,109.4395,0.1803
oar,276,0,4,211.825,408.095,100.0077,0.1726
oar,276,0,5,211.835,407.92,86.8221,0.1803
oar,276,0,6,211.8,407.74,71.5607,0.1897
oar,276,0,7,211.725,407.555,64.655,0.2102
oar,276,0,8,211.62,407.39,49.3997,0.1844
oar,276,0,9,211.495,407.26,42.7072,0.1769
oar,276,0,10,211.355,407.16,28.074,0.17
oar,276,0,11,211.2,407.09,20.5548,0.1709
oar,276,0,12,211.04,407.05,7.1264,0.1612
oar,276,0,13,210.87,407.045,176.8218,0.1803
oar,276,0,14,210.695,407.075,163.6093,0.1772
oar,276,0,15,210.53,407.14,153.4349,0.1789
oar,276,0,16,210.385,407.23,142.435,0.164
oar,276,0,17,210.265,407.34,132.5081,0.1628
oar,276,0,18,210.165,407.465,124.6962,0.1581
oar,276,0,19,210.085,407.6,116.5626,0.1565
oar,276,0,20,210.035,407.745,101.3144,0.153
oar,276,0,21,210.015,407.895,93.8121,0.1503
oar,276,0,22,210.02,408.05,82.8736,0.1612
oar,276,0,23,210.06,408.205,68.1986,0.1615
oar,276,0,24,209.855,408.43,147.4498,0.5576
oar,276,0,25,209.565,408.455,66.2504,0.2731
oar,276,0,26,209.485,408.205,78.6894,0.255
oar,276,0,27,209.46,407.955,90.0,0.25
oar,276,0,28,209.485,407.705,101.3106,0.255
oar,276,0,29,209.56,407.465,113.5002,0.2508
oar,276,0,30,209.675,407.24,120.5771,0.2555
oar,276,0,31,209.83,407.035,133.4527,0.2617
oar,276,0,32,210.03,406.86,143.9722,0.272
oar,276,0,33,210.27,406.71,151.6988,0.2953
oar,276,0,34,210.535,406.595,161.566,0.2846
oar,276,0,35,210.805,406.53,171.5746,0.273
oar,276,0,36,211.07,406.52,4.3964,0.2608
oar,276,0,37,211.325,406.57,17.7451,0.2625
oar,276,0,38,211.57,406.675,28.4433,0.273
oar,276,0,39,211.795,406.83,40.6013,0.2766
oar,276,0,40,211.995,407.045,52.7648,0.314
oar,276,0,41,212.135,407.25,60.6438,0.1836
oar,276,0,42,212.22,407.41,63.4349,0.1789
oar,276,0,43,212.285,407.57,72.6454,0.1676
oar,276,0,44,212.32,407.735,83.2887,0.1712
oar,276,0,45,212.335,407.9,86.4257,0.1603
oar,276,0,46,212.33,408.065,96.7113,0.1712
oar,276,0,47,212.295,408.23,107.3546,0.1676
oar,276,0,48,212.235,408.39,113.6285,0.1746
oar,276,0,49,212.35,408.495,9.4628,0.3041
oar,276,0,50,212.635,408.575,22.1673,0.2915
oar,276,0,51,212.835,408.675,34.6931,0.1581
oar,276,0,52,212.955,408.77,42.2753,0.1487
oar,276,0,53,213.065,408.88,47.4882,0.1628
oar,276,0,54,213.17,409.01,54.4606,0.172
oar,276,0,55,213.28,409.2,63.4364,0.2683
oar,276,0,56,213.38,409.445,72.2549,0.2625
oar,276,0,57,213.425,409.69,87.6154,0.2402
oar,276,0,58,213.415,409.93,97.125,0.2419
oar,276,0,59,213.36,410.16,109.9834,0.2341
oar,276,0,60,213.255,410.375,121.7566,0.247
oar,276,0,61,213.105,410.575,131.8243,0.255
oar,276,0,62,212.91,410.75,143.9703,0.272
oar,276,0,63,212.68,410.895,151.5567,0.273
oar,276,0,64,212.445,411.005,158.6298,0.247
oar,276,0,65,212.21,411.065,172.8754,0.2419
oar,276,0,66,211.98,411.075,2.6011,0.2202
oar,276,0,67,211.755,411.045,12.2657,0.2354
oar,276,0,68,211.535,410.97,25.464,0.2326
oar,276,0,69,211.325,410.845,35.5377,0.2581
oar,276,0,70,211.125,410.67,46.468,0.2759
oar,276,0,71,211.27,410.42,147.9941,0.566
oar,276,0,72,211.56,410.32,45.0,0.1414
oar,276,0,73,211.67,410.41,33.6917,0.1442
oar,276,0,74,211.79,410.475,22.6157,0.13
oar,276,0,75,211.915,410.52,17.1056,0.136
oar,276,0,76,212.045,410.54,0.0,0.13
oar,276,0,77,212.175,410.53,171.2513,0.1315
oar,276,0,78,212.31,410.5,164.0571,0.1456
oar,276,0,79,212.445,410.445,151.6976,0.1477
oar,276,0,80,212.575,410.36,142.435,0.164
oar,276,0,81,212.695,410.25,132.5081,0.1628
oar,276,0,82,212.79,410.125,121.6101,0.1526
oar,276,0,83,212.855,409.985,108.4297,0.1581
oar,276,0,84,212.885,409.84,94.0896,0.1404
oar,276,0,85,212.885,409.69,86.4203,0.1603
oar,276,0,86,212.86,409.535,75.0704,0.1552
oar,276,0,87,212.8,409.385,61.926,0.17
oar,276,0,88,212.7,409.235,51.343,0.1921
oar,276,0,89,212.575,409.105,40.2355,0.1703
oar,276,0,90,212.44,409.02,23.1978,0.1523
oar,276,0,91,212.295,408.98,7.5966,0.1513
oar,276,0,92,212.145,408.975,176.1824,0.1503
oar,276,0,93,211.99,409.0,165.965,0.1649
oar,276,0,94,211.83,409.055,156.3689,0.1746
oar,276,0,95,211.675,409.135,149.0388,0.1749
oar,276,0,96,211.47,408.96,59.4214,0.5111
oar,277,0,0,214.51,405.595,28.1296,2.9482
oar,277,0,1,213.48,404.73,147.805,0.6381
oar,277,0,2,214.77,405.105,28.1162,2.3129
oar,277,0,3,215.7,404.505,85.5058,2.2971
oar,277,0,4,215.88,403.19,147.8031,0.6381
oar,277,0,5,216.255,404.475,85.8723,2.9176
oar,277,0,6,217.465,406.43,24.3463,2.4257
oar,277,0,7,218.295,407.105,147.5278,0.6519
oar,277,0,8,217.185,406.905,24.1848,1.8307
oar,277,0,9,216.37,407.425,88.7196,1.7904
oar,277,0,10,216.115,408.5,146.7935,0.6573
oar,277,0,11,215.825,407.485,89.2809,2.3902
oar,278,0,0,220.045,403.08,25.6047,4.5354
oar,278,0,1,218.105,401.85,112.7816,0.5423
oar,278,0,2,220.685,402.79,25.6786,5.4925
oar,278,0,3,221.76,404.88,147.2648,3.3287
oar,278,0,4,220.225,405.565,57.8751,0.5077
oar,278,0,5,221.09,404.705,147.1781,2.3799
oar,279,0,0,225.66,402.075,56.929,0.5131
oar,279,0,1,225.035,402.78,147.3592,1.817
oar,279,0,2,223.33,402.465,40.5761,2.4752
oar,279,0,3,222.44,401.63,149.0388,0.1166
oar,279,0,4,222.61,401.625,11.7652,0.2452
oar,279,0,5,222.85,401.645,177.6153,0.2402
oar,279,0,6,223.09,401.615,168.2313,0.2452
oar,279,0,7,223.325,401.535,154.4395,0.2549
oar,279,0,8,223.525,401.41,140.5274,0.2202
oar,279,0,9,223.675,401.26,129.0969,0.2061
oar,279,0,10,223.795,401.085,120.0684,0.2195
oar,279,0,11,223.88,400.89,106.6976,0.2088
oar,279,0,12,223.925,400.685,98.1301,0.2121
oar,279,0,13,223.935,400.475,87.2753,0.2102
oar,279,0,14,223.9,400.265,74.0546,0.2184
oar,279,0,15,223.825,400.065,64.6513,0.2102
oar,279,0,16,223.705,399.88,50.1968,0.2343
oar,279,0,17,223.55,399.72,41.1852,0.2126
oar,279,0,18,223.375,399.595,30.0684,0.2195
oar,279,0,19,223.175,399.505,18.4337,0.2213
oar,279,0,20,222.965,399.46,5.4413,0.211
oar,279,0,21,222.755,399.455,177.2709,0.2102
oar,279,0,22,222.54,399.49,164.7456,0.228
oar,279,0,23,222.33,399.57,153.4367,0.2236
oar,279,0,24,222.165,399.67,142.4308,0.164
oar,279,0,25,222.045,399.775,135.0,0.1556
oar,279,0,26,221.945,399.9,122.7343,0.1664
oar,279,0,27,221.86,400.045,118.074,0.17
oar,279,0,28,221.79,400.195,111.7994,0.1616
oar,279,0,29,221.74,400.35,104.0388,0.1649
oar,279,0,30,221.72,400.51,90.0,0.16
oar,279,0,31,221.73,400.67,82.8736,0.1612
oar,279,0,32,221.45,400.695,10.7389,0.5903
oar,279,0,33,221.16,400.535,90.0,0.21
oar,279,0,34,221.175,400.325,98.1295,0.2121
oar,279,0,35,221.22,400.12,106.6988,0.2088
oar,279,0,36,221.295,399.925,115.3487,0.2102
oar,279,0,37,221.395,399.74,121.425,0.2109
oar,279,0,38,221.52,399.57,131.191,0.2126
oar,279,0,39,221.665,399.415,134.9971,0.2121
oar,279,0,40,221.83,399.28,146.3099,0.2163
oar,279,0,41,221.995,399.175,149.0388,0.1749
oar,279,0,42,222.145,399.09,151.926,0.17
oar,279,0,43,222.3,399.025,162.6454,0.1676
oar,279,0,44,222.46,398.98,165.9663,0.1649
oar,279,0,45,222.695,398.94,172.646,0.3126
oar,279,0,46,223.005,398.935,5.5274,0.3114
oar,279,0,47,223.31,398.995,16.6984,0.3132
oar,279,0,48,223.595,399.115,29.0557,0.3089
oar,279,0,49,223.795,399.24,37.5683,0.164
oar,279,0,50,223.92,399.345,42.5081,0.1628
oar,279,0,51,224.035,399.465,49.7645,0.1703
oar,279,0,52,224.145,399.6,51.8464,0.178
oar,279,0,53,224.27,399.81,63.4325,0.3131
oar,279,0,54,224.39,400.095,70.9765,0.3068
oar,279,0,55,224.465,400.39,80.5367,0.3041
oar,279,0,56,224.485,400.685,91.9738,0.2902
oar,279,0,57,224.445,400.97,104.0377,0.2886
oar,279,0,58,224.35,401.245,113.9613,0.2955
oar,279,0,59,224.25,401.44,123.6917,0.1442
oar,279,0,60,224.155,401.555,135.0,0.1556
oar,279,0,61,224.045,401.665,135.0,0.1556
oar,279,0,62,223.925,401.765,145.3069,0.1581
oar,279,0,63,223.715,401.89,151.1123,0.3312
oar,279,0,64,223.95,402.295,40.5391,1.0
oar,279,0,65,224.925,402.24,147.4357,1.412
oar,280,0,0,304.535,348.025,19.0331,2.4224
oar,280,0,1,305.795,348.475,25.562,0.2549
oar,280,0,2,306.015,348.6,33.6872,0.2524
oar,280,0,3,306.215,348.76,43.4527,0.2617
oar,280,0,4,306.39,348.955,52.6996,0.264
oar,280,0,5,306.54,349.19,61.6976,0.2953
oar,280,0,6,306.645,349.455,75.4643,0.2789
oar,280,0,7,306.69,349.725,85.7658,0.2707
oar,280,0,8,306.685,349.995,96.3398,0.2717
oar,280,0,9,306.625,350.255,109.7981,0.2657
oar,280,0,10,306.51,350.495,121.3318,0.2693
oar,280,0,11,306.35,350.715,130.5992,0.2766
oar,280,0,12,306.145,350.905,143.5287,0.286
oar,280,0,13,305.895,351.065,150.9481,0.3089
oar,280,0,14,305.63,351.18,162.8975,0.272
oar,280,0,15,305.365,351.235,173.6598,0.2717
oar,280,0,16,305.105,351.24,4.5714,0.2508
oar,280,0,17,304.855,351.19,17.7451,0.2625
oar,280,0,18,304.61,351.09,26.568,0.2683
oar,280,0,19,304.375,350.94,38.0446,0.2921
oar,280,0,20,304.155,350.74,46.3335,0.3041
oar,280,0,21,304.295,350.475,147.6801,0.5798
oar,280,0,22,304.6,350.385,47.2928,0.1769
oar,280,0,23,304.725,350.5,37.565,0.164
oar,280,0,24,304.865,350.59,28.074,0.17
oar,280,0,25,305.02,350.655,17.3546,0.1676
oar,280,0,26,305.185,350.69,6.7107,0.1712
oar,280,0,27,305.355,350.695,176.6299,0.1703
oar,280,0,28,305.52,350.665,162.6454,0.1676
oar,280,0,29,305.675,350.6,151.926,0.17
oar,280,0,30,305.82,350.505,141.8494,0.178
oar,280,0,31,305.945,350.385,130.2315,0.1703
oar,280,0,32,306.045,350.245,120.9698,0.175
oar,280,0,33,306.115,350.085,106.3859,0.1772
oar,280,0,34,306.155,349.915,100.0077,0.1726
oar,280,0,35,306.165,349.74,86.8169,0.1803
oar,280,0,36,306.135,349.565,73.6141,0.1772
oar,280,0,37,306.07,349.4,63.4393,0.1789
oar,280,0,38,305.95,349.23,48.3671,0.2408
oar,280,0,39,305.77,349.075,33.0202,0.2385
oar,280,0,40,305.56,348.96,24.4452,0.2417
oar,280,0,41,305.34,348.87,19.9834,0.2341
oar,280,0,42,303.7,348.32,18.435,3.2255
oar,280,0,43,303.41,347.015,147.3351,2.9459
oar,280,0,44,304.785,346.435,57.8765,0.5077
oar,280,0,45,304.155,347.14,147.3596,1.8169
oar,281,0,0,307.175,345.755,21.0374,2.6464
oar,281,0,1,308.565,346.3,24.3046,0.3401
oar,281,0,2,308.86,346.455,31.2636,0.3276
oar,281,0,3,309.07,346.59,35.5365,0.1721
oar,281,0,4,309.2,346.7,45.0,0.1697
oar,281,0,5,309.315,346.82,47.4958,0.1628
oar,281,0,6,309.425,346.95,51.8386,0.1781
oar,281,0,7,309.545,347.155,64.2883,0.2997
oar,281,0,8,309.645,347.43,75.9682,0.2886
oar,281,0,9,309.69,347.715,86.0511,0.2907
oar,281,0,10,309.68,348.005,97.8551,0.2927
oar,281,0,11,309.615,348.285,108.434,0.2846
oar,281,0,12,309.5,348.545,119.2514,0.2865
oar,281,0,13,309.34,348.78,129.2881,0.2842
oar,281,0,14,309.135,348.985,140.4413,0.2983
oar,281,0,15,308.88,349.15,153.4349,0.313
oar,281,0,16,308.6,349.255,165.9652,0.2886
oar,281,0,17,308.315,349.3,176.0537,0.2907
oar,281,0,18,308.03,349.29,8.1288,0.2828
oar,281,0,19,307.755,349.225,18.4359,0.2846
oar,281,0,20,307.49,349.11,28.3026,0.2953
oar,281,0,21,307.25,348.94,42.2731,0.2973
oar,281,0,22,307.04,348.715,51.3385,0.3202
oar,281,0,23,306.88,348.47,63.4349,0.2683
oar,281,0,24,306.775,348.22,70.9079,0.2751
oar,281,0,25,306.715,347.955,83.6602,0.2717
oar,281,0,26,306.705,347.685,92.1168,0.2702
oar,281,0,27,306.74,347.42,102.9936,0.2668
oar,281,0,28,306.825,347.175,115.5636,0.255
oar,281,0,29,306.96,346.95,126.0278,0.272
oar,281,0,30,307.145,346.755,141.0082,0.2702
oar,281,0,31,307.355,346.615,152.3529,0.2371
oar,281,0,32,307.57,346.53,164.7456,0.228
oar,281,0,33,307.68,346.495,90.0,0.01
oar,281,0,34,306.725,346.135,20.3916,2.0377
oar,281,0,35,305.855,345.53,108.7794,0.5281
oar,281,1,0,307.62,347.055,141.8455,0.1781
oar,281,1,1,307.49,347.18,130.6003,0.1844
oar,281,1,2,307.385,347.33,119.3562,0.1836
oar,281,1,3,307.31,347.5,108.4349,0.1897
oar,281,1,4,307.265,347.685,98.9722,0.1924
oar,281,1,5,307.255,347.88,87.1348,0.2002
oar,281,1,6,307.28,348.075,78.1178,0.1942
oar,281,1,7,307.345,348.26,63.4291,0.2013
oar,281,1,8,307.455,348.425,49.0901,0.1985
oar,281,1,9,307.595,348.56,38.6541,0.1921
oar,281,1,10,307.755,348.665,27.8987,0.1923
oar,281,1,11,307.93,348.74,18.4393,0.1897
oar,281,1,12,308.115,348.78,6.0057,0.1911
oar,281,1,13,308.31,348.78,174.2929,0.201
oar,281,1,14,308.505,348.745,165.2558,0.1965
oar,281,1,15,308.69,348.67,150.9429,0.2059
oar,281,1,16,308.85,348.565,141.8455,0.1781
oar,281,1,17,308.975,348.435,126.2513,0.186
oar,281,1,18,309.075,348.275,117.8966,0.1924
oar,281,1,19,309.145,348.1,105.5289,0.1868
oar,281,1,20,309.18,347.915,96.0057,0.1911
oar,281,1,21,309.18,347.73,83.663,0.1811
oar,281,1,22,309.145,347.55,74.4711,0.1868
oar,281,1,23,309.08,347.375,64.8023,0.1879
oar,281,1,24,308.98,347.215,51.3402,0.1921
oar,281,1,25,308.85,347.08,40.5972,0.1844
oar,281,1,26,308.7,346.975,29.3603,0.1836
oar,281,1,27,308.535,346.895,22.3799,0.1838
oar,281,1,28,308.355,346.85,6.0102,0.1911
oar,281,1,29,308.165,346.845,176.9843,0.1903
oar,281,1,30,307.975,346.875,165.2601,0.1965
oar,281,1,31,307.785,346.95,152.2403,0.2147
oar,282,0,0,309.405,343.07,152.2403,0.2147
oar,282,0,1,309.595,342.99,162.4753,0.1993
oar,282,0,2,309.785,342.945,171.0278,0.1924
oar,282,0,3,309.975,342.925,176.9889,0.1903
oar,282,0,4,310.165,342.935,8.9722,0.1924
oar,282,0,5,310.355,342.975,14.7442,0.1965
oar,282,0,6,310.54,343.04,23.9638,0.197
oar,282,0,7,310.72,343.125,26.5651,0.2012
oar,282,0,8,310.98,343.29,35.2168,0.4162
oar,282,0,9,311.3,343.55,43.0248,0.4104
oar,282,0,10,311.52,343.765,46.977,0.2052
oar,282,0,11,311.655,343.92,50.9057,0.2062
oar,282,0,12,311.78,344.075,51.3402,0.1921
oar,282,0,13,311.89,344.225,56.3072,0.1803
oar,282,0,14,311.99,344.38,57.9936,0.1887
oar,282,0,15,312.085,344.545,62.1034,0.1924
oar,282,0,16,312.175,344.72,63.4369,0.2013
oar,282,0,17,312.26,344.91,68.2016,0.2154
oar,282,0,18,312.365,345.21,71.9949,0.4206
oar,282,0,19,312.47,345.61,78.688,0.4079
oar,282,0,20,312.515,345.915,87.2792,0.2102
oar,282,0,21,312.515,346.12,92.8563,0.2003
oar,282,0,22,312.495,346.315,98.9729,0.1923
oar,282,0,23,312.455,346.5,105.5289,0.1868
oar,282,0,24,312.39,346.68,113.9598,0.197
oar,282,0,25,312.295,346.85,124.5118,0.1942
oar,282,0,26,312.17,347.005,133.0201,0.2052
oar,282,0,27,312.015,347.145,142.599,0.214
oar,282,0,28,311.835,347.26,152.2403,0.2147
oar,282,0,29,311.645,347.34,162.4753,0.1993
oar,282,0,30,311.455,347.385,171.0278,0.1924
oar,282,0,31,311.265,347.4,0.0,0.19
oar,282,0,32,311.075,347.385,8.9736,0.1923
oar,282,0,33,310.885,347.345,14.7442,0.1965
oar,282,0,34,310.7,347.28,23.9602,0.197
oar,282,0,35,310.52,347.195,26.5651,0.2012
oar,282,0,36,310.26,347.03,35.2185,0.4162
oar,282,0,37,309.935,346.765,43.0904,0.4245
oar,282,0,38,309.71,346.545,46.9708,0.2052
oar,282,0,39,309.575,346.39,50.9123,0.2061
oar,282,0,40,309.45,346.235,51.3359,0.1921
oar,282,0,41,309.34,346.08,57.999,0.1887
oar,282,0,42,309.24,345.925,56.3099,0.1803
oar,282,0,43,309.145,345.765,62.1034,0.1924
oar,282,0,44,309.06,345.59,66.0321,0.197
oar,282,0,45,308.98,345.405,67.17,0.2062
oar,282,0,46,308.875,345.11,71.9956,0.4206
oar,282,0,47,308.77,344.705,78.9606,0.4177
oar,282,0,48,308.725,344.4,87.135,0.2003
oar,282,0,49,308.725,344.2,92.8652,0.2002
oar,282,0,50,308.745,344.005,98.9722,0.1924
oar,282,0,51,308.79,343.82,108.4349,0.1897
oar,282,0,52,308.86,343.645,115.1977,0.1879
oar,282,0,53,308.95,343.48,122.0064,0.1887
oar,282,0,54,309.07,343.325,133.023,0.2052
oar,282,0,55,309.225,343.185,142.5958,0.214
oar,282,1,0,311.715,346.73,137.7208,0.1487
oar,282,1,1,311.82,346.63,135.0044,0.1414
oar,282,1,2,311.9,346.515,114.7734,0.1432
oar,282,1,3,311.955,346.385,111.0438,0.1393
oar,282,1,4,311.995,346.175,95.906,0.2915
oar,282,1,5,311.995,345.87,84.6445,0.3214
oar,282,1,6,311.94,345.555,75.5266,0.3202
oar,282,1,7,311.84,345.245,68.8394,0.3324
oar,282,1,8,311.715,344.95,65.0943,0.3087
oar,282,1,9,311.58,344.695,58.6737,0.2692
oar,282,1,10,311.435,344.475,54.4588,0.2581
oar,282,1,11,311.265,344.25,51.6328,0.3061
oar,282,1,12,311.055,344.015,45.0019,0.3253
oar,282,1,13,310.81,343.8,37.5671,0.328
oar,282,1,14,310.545,343.62,30.6523,0.3138
oar,282,1,15,310.27,343.495,17.8183,0.2941
oar,282,1,16,310.06,343.44,8.131,0.1414
oar,282,1,17,309.925,343.44,171.2523,0.1315
oar,282,1,18,309.79,343.465,167.9044,0.1432
oar,282,1,19,309.655,343.515,151.7029,0.1476
oar,282,1,20,309.53,343.595,143.1254,0.15
oar,282,1,21,309.425,343.695,129.2881,0.1421
oar,282,1,22,309.345,343.81,120.2601,0.1389
oar,282,1,23,309.285,343.94,109.6495,0.1487
oar,282,1,24,309.245,344.155,95.906,0.2915
oar,282,1,25,309.245,344.455,84.4729,0.3115
oar,282,1,26,309.3,344.765,75.5319,0.3202
oar,282,1,27,309.4,345.075,68.8394,0.3324
oar,282,1,28,309.525,345.365,64.2896,0.2997
oar,282,1,29,309.655,345.615,60.5227,0.2642
oar,282,1,30,309.8,345.84,53.9722,0.272
oar,282,1,31,309.975,346.07,51.6328,0.3061
oar,282,1,32,310.185,346.305,45.0019,0.3253
oar,282,1,33,310.43,346.525,38.9254,0.3342
oar,282,1,34,310.695,346.71,30.6523,0.3138
oar,282,1,35,310.97,346.835,17.8183,0.2941
oar,282,1,36,311.18,346.885,4.0892,0.1404
oar,282,1,37,311.32,346.885,175.9099,0.1403
oar,282,1,38,311.455,346.86,162.9006,0.136
oar,282,1,39,311.59,346.81,156.8044,0.1523
oar,283,0,0,311.845,342.285,158.962,0.1393
oar,283,0,1,311.715,342.31,0.0,0.13
oar,283,0,2,311.59,342.285,22.6219,0.13
oar,283,0,3,311.485,342.21,48.0157,0.1345
oar,283,0,4,311.415,342.1,67.3843,0.13
oar,283,0,5,311.39,341.975,90.0,0.13
oar,283,0,6,311.415,341.85,112.6157,0.13
oar,283,0,7,311.49,341.74,135.0,0.1414
oar,283,0,8,311.605,341.665,158.9679,0.1393
oar,283,0,9,311.735,341.645,4.3961,0.1304
oar,283,0,10,311.86,341.675,22.6219,0.13
oar,283,0,11,311.965,341.745,45.0,0.1273
oar,283,0,12,312.035,341.855,68.9679,0.1393
oar,283,0,13,312.06,341.985,90.0,0.13
oar,283,0,14,312.035,342.11,112.6131,0.13
oar,283,0,15,311.96,342.215,138.0157,0.1345
oar,284,0,0,313.875,340.2,152.2403,0.2147
oar,284,0,1,314.065,340.12,162.4753,0.1993
oar,284,0,2,314.255,340.07,168.1134,0.1942
oar,284,0,3,314.445,340.05,0.0,0.19
oar,284,0,4,314.635,340.065,8.9722,0.1924
oar,284,0,5,314.825,340.105,14.7442,0.1965
oar,284,0,6,315.01,340.17,23.9638,0.197
oar,284,0,7,315.19,340.255,26.5651,0.2012
oar,284,0,8,315.45,340.42,35.2168,0.4162
oar,284,0,9,315.775,340.68,42.0908,0.4177
oar,284,0,10,316.0,340.895,46.9708,0.2052
oar,284,0,11,316.13,341.05,53.1319,0.2
oar,284,0,12,316.25,341.205,51.3402,0.1921
oar,284,0,13,316.36,341.355,56.3072,0.1803
oar,284,0,14,316.46,341.51,57.9936,0.1887
oar,284,0,15,316.555,341.675,62.1034,0.1924
oar,284,0,16,316.645,341.85,63.4369,0.2013
oar,284,0,17,316.73,342.035,67.17,0.2062
oar,284,0,18,316.835,342.33,71.9949,0.4206
oar,284,0,19,316.94,342.735,78.9569,0.4177
oar,284,0,20,316.985,343.045,87.2792,0.2102
oar,284,0,21,316.985,343.25,92.8563,0.2003
oar,284,0,22,316.965,343.445,98.9729,0.1923
oar,284,0,23,316.925,343.63,105.5289,0.1868
oar,284,0,24,316.86,343.81,113.9598,0.197
oar,284,0,25,316.765,343.98,124.5118,0.1942
oar,284,0,26,316.645,344.135,130.9137,0.1985
oar,284,0,27,316.49,344.275,144.1634,0.222
oar,284,0,28,316.31,344.39,150.9429,0.2059
oar,284,0,29,316.12,344.47,163.3024,0.2088
oar,284,0,30,315.925,344.515,171.0278,0.1924
oar,284,0,31,315.735,344.53,0.0,0.19
oar,284,0,32,315.545,344.515,8.9736,0.1923
oar,284,0,33,315.355,344.475,14.7442,0.1965
oar,284,0,34,315.17,344.41,23.9602,0.197
oar,284,0,35,314.99,344.325,26.5651,0.2012
oar,284,0,36,314.73,344.16,35.2185,0.4162
oar,284,0,37,314.405,343.895,43.0904,0.4245
oar,284,0,38,314.18,343.675,46.9708,0.2052
oar,284,0,39,314.045,343.52,50.9123,0.2061
oar,284,0,40,313.925,343.365,53.7439,0.186
oar,284,0,41,313.815,343.21,55.4931,0.1941
oar,284,0,42,313.715,343.055,59.0388,0.1749
oar,284,0,43,313.625,342.895,62.0954,0.1924
oar,284,0,44,313.535,342.72,63.4349,0.2012
oar,284,0,45,313.45,342.535,67.17,0.2062
oar,284,0,46,313.345,342.24,71.9956,0.4206
oar,284,0,47,313.245,341.835,80.31,0.4159
oar,284,0,48,313.205,341.53,87.1437,0.2003
oar,284,0,49,313.2,341.33,90.0,0.2
oar,284,0,50,313.215,341.135,98.9722,0.1924
oar,284,0,51,313.26,340.95,108.4349,0.1897
oar,284,0,52,313.33,340.775,115.1977,0.1879
oar,284,0,53,313.425,340.61,124.5118,0.1942
oar,284,0,54,313.545,340.455,130.9099,0.1985
oar,284,0,55,313.695,340.315,142.5958,0.214
oar,284,1,0,316.19,343.86,140.1916,0.1562
oar,284,1,1,316.295,343.755,129.2881,0.1421
oar,284,1,2,316.37,343.64,116.5651,0.1342
oar,284,1,3,316.425,343.515,111.0438,0.1393
oar,284,1,4,316.465,343.305,95.906,0.2915
oar,284,1,5,316.465,343.0,84.6445,0.3214
oar,284,1,6,316.41,342.685,75.5266,0.3202
oar,284,1,7,316.31,342.375,68.8394,0.3324
oar,284,1,8,316.185,342.08,65.0943,0.3087
oar,284,1,9,316.055,341.825,60.5227,0.2642
oar,284,1,10,315.91,341.605,52.6963,0.264
oar,284,1,11,315.735,341.38,51.6328,0.3061
oar,284,1,12,315.525,341.145,45.0019,0.3253
oar,284,1,13,315.285,340.93,38.6594,0.3202
oar,284,1,14,315.02,340.75,29.7456,0.3225
oar,284,1,15,314.745,340.625,18.433,0.2846
oar,284,1,16,314.54,340.57,8.1327,0.1414
oar,284,1,17,314.4,340.565,175.9108,0.1404
oar,284,1,18,314.26,340.59,164.0554,0.1456
oar,284,1,19,314.125,340.645,151.7029,0.1476
oar,284,1,20,314.0,340.725,143.1254,0.15
oar,284,1,21,313.895,340.825,129.2881,0.1421
oar,284,1,22,313.815,340.94,120.2601,0.1389
oar,284,1,23,313.76,341.07,105.9487,0.1456
oar,284,1,24,313.72,341.285,97.8492,0.2927
oar,284,1,25,313.72,341.585,82.6519,0.3126
oar,284,1,26,313.78,341.895,75.5266,0.3202
oar,284,1,27,313.875,342.205,70.4656,0.3289
oar,284,1,28,313.995,342.495,64.2896,0.2997
oar,284,1,29,314.125,342.745,60.5227,0.2642
oar,284,1,30,314.27,342.97,53.9722,0.272
oar,284,1,31,314.445,343.2,51.6328,0.3061
oar,284,1,32,314.655,343.435,45.0019,0.3253
oar,284,1,33,314.9,343.65,37.5671,0.328
oar,284,1,34,315.165,343.835,32.1965,0.3191
oar,284,1,35,315.44,343.965,17.8183,0.2941
oar,284,1,36,315.65,344.015,4.0892,0.1404
oar,284,1,37,315.79,344.015,175.9099,0.1403
oar,284,1,38,315.93,343.99,164.0587,0.1456
oar,284,1,39,316.065,343.94,155.2266,0.1432
oar,285,0,0,318.735,342.6,157.6941,0.4216
oar,285,0,1,318.345,342.68,0.0,0.39
oar,285,0,2,317.97,342.6,23.962,0.394
oar,285,0,3,317.645,342.36,47.8184,0.4318
oar,285,0,4,317.42,342.005,67.6933,0.4215
oar,285,0,5,317.34,341.615,90.0,0.39
oar,285,0,6,317.42,341.245,114.5682,0.3848
oar,285,0,7,317.655,340.925,136.9081,0.4245
oar,285,0,8,318.01,340.695,156.9744,0.4346
oar,285,0,9,318.405,340.61,0.0,0.39
oar,285,0,10,318.775,340.69,24.5692,0.3848
oar,285,0,11,319.095,340.925,46.9081,0.4245
oar,285,0,12,319.325,341.28,66.9734,0.4346
oar,285,0,13,319.41,341.675,90.0,0.39
oar,285,0,14,319.33,342.05,113.9629,0.394
oar,285,0,15,319.09,342.375,137.8169,0.4319
oar,285,1,0,317.99,341.255,136.8494,0.2193
oar,285,1,1,317.87,341.425,112.8378,0.2062
oar,285,1,2,317.825,341.63,92.5972,0.2202
oar,285,1,3,317.86,341.84,68.2016,0.2154
oar,285,1,4,317.98,342.02,45.0,0.2263
oar,285,1,5,318.16,342.145,24.2288,0.2193
oar,285,1,6,318.365,342.195,2.7245,0.2103
oar,285,1,7,318.57,342.16,158.2001,0.2154
oar,285,1,8,318.75,342.045,136.8465,0.2193
oar,285,1,9,318.875,341.87,114.2272,0.2193
oar,285,1,10,318.92,341.66,90.0,0.22
oar,285,1,11,318.88,341.445,69.148,0.2247
oar,285,1,12,318.765,341.26,46.8494,0.2193
oar,285,1,13,318.59,341.14,21.8007,0.2154
oar,285,1,14,318.38,341.1,0.0,0.22
oar,285,1,15,318.17,341.14,158.1963,0.2154
oar,286,0,0,131.845,459.55,57.2816,4.0887
oar,286,0,1,130.955,457.695,147.8751,0.5077
oar,286,0,2,132.415,459.495,57.2423,4.6019
oar,286,0,3,133.24,461.695,147.7504,0.9932
oar,286,0,4,132.55,461.835,24.8427,0.5951
oar,286,0,5,132.615,461.49,146.7062,0.8016
oar,287,0,0,134.83,457.64,57.3997,4.0833
oar,287,0,1,133.945,455.78,146.929,0.5131
oar,287,0,2,135.4,457.575,57.347,4.5964
oar,287,0,3,136.22,459.78,147.2647,0.9986
oar,287,0,4,135.53,459.92,25.7111,0.5993
oar,287,0,5,135.595,459.575,147.3084,0.7961
oar,288,0,0,136.935,453.77,152.2403,0.2147
oar,288,0,1,137.125,453.685,159.7775,0.2025
oar,288,0,2,137.315,453.635,171.0278,0.1924
oar,288,0,3,137.505,453.62,0.0,0.19
oar,288,0,4,137.695,453.635,8.9722,0.1924
oar,288,0,5,137.88,453.675,15.5244,0.1868
oar,288,0,6,138.065,453.74,22.8339,0.2062
oar,288,0,7,138.25,453.825,26.5651,0.2012
oar,288,0,8,138.51,453.99,35.2168,0.4162
oar,288,0,9,138.83,454.25,43.0262,0.4104
oar,288,0,10,139.05,454.465,46.9739,0.2052
oar,288,0,11,139.185,454.615,49.0834,0.1985
oar,288,0,12,139.31,454.77,53.1319,0.2
oar,288,0,13,139.42,454.925,56.3072,0.1803
oar,288,0,14,139.52,455.08,57.9976,0.1887
oar,288,0,15,139.615,455.245,62.0994,0.1924
oar,288,0,16,139.705,455.42,63.4369,0.2013
oar,288,0,17,139.79,455.605,67.1661,0.2062
oar,288,0,18,139.895,455.9,71.9969,0.4206
oar,288,0,19,139.995,456.305,80.3103,0.4159
oar,288,0,20,140.04,456.61,84.2881,0.201
oar,288,0,21,140.045,456.81,92.8652,0.2002
oar,288,0,22,140.025,457.01,98.5306,0.2022
oar,288,0,23,139.985,457.2,105.5244,0.1868
oar,288,0,24,139.92,457.38,113.9638,0.197
oar,288,0,25,139.825,457.55,124.5081,0.1942
oar,288,0,26,139.7,457.7,135.0,0.198
oar,288,0,27,139.545,457.835,142.5933,0.214
oar,288,0,28,139.365,457.95,152.2439,0.2147
oar,288,0,29,139.175,458.035,159.7719,0.2025
oar,288,0,30,138.985,458.085,171.0278,0.1924
oar,288,0,31,138.795,458.1,0.0,0.19
oar,288,0,32,138.605,458.085,8.9722,0.1924
oar,288,0,33,138.415,458.045,14.7442,0.1965
oar,288,0,34,138.23,457.98,23.9638,0.197
oar,288,0,35,138.05,457.89,29.0513,0.2059
oar,288,0,36,137.79,457.72,35.2185,0.4162
oar,288,0,37,137.465,457.46,42.0893,0.4177
oar,288,0,38,137.24,457.245,46.9739,0.2052
oar,288,0,39,137.105,457.09,50.9057,0.2062
oar,288,0,40,136.98,456.93,53.1319,0.2
oar,288,0,41,136.87,456.775,56.3072,0.1803
oar,288,0,42,136.77,456.62,57.9976,0.1887
oar,288,0,43,136.675,456.455,62.0994,0.1924
oar,288,0,44,136.59,456.28,66.042,0.197
oar,288,0,45,136.51,456.095,67.1661,0.2062
oar,288,0,46,136.405,455.805,71.5644,0.4111
oar,288,0,47,136.3,455.405,78.9585,0.4177
oar,288,0,48,136.255,455.1,87.1393,0.2003
oar,288,0,49,136.255,454.9,92.8609,0.2002
oar,288,0,50,136.275,454.705,98.9722,0.1924
oar,288,0,51,136.315,454.52,105.5256,0.1868
oar,288,0,52,136.38,454.34,113.962,0.197
oar,288,0,53,136.475,454.17,124.5106,0.1942
oar,288,0,54,136.6,454.02,135.0,0.198
oar,288,0,55,136.755,453.885,142.5933,0.214
oar,288,1,0,139.245,457.425,140.7119,0.1421
oar,288,1,1,139.345,457.325,129.2881,0.1421
oar,288,1,2,139.425,457.21,120.2546,0.1389
oar,288,1,3,139.485,457.085,111.038,0.1393
oar,288,1,4,139.525,456.87,95.7103,0.3015
oar,288,1,5,139.525,456.565,84.4726,0.3114
oar,288,1,6,139.465,456.25,74.2916,0.3324
oar,288,1,7,139.365,455.94,69.8638,0.3195
oar,288,1,8,139.245,455.65,65.0943,0.3087
oar,288,1,9,139.11,455.395,58.6709,0.2693
oar,288,1,10,138.965,455.17,55.7144,0.2663
oar,288,1,11,138.79,454.945,48.9927,0.3048
oar,288,1,12,138.58,454.715,46.2723,0.3183
oar,288,1,13,138.34,454.495,38.9254,0.3342
oar,288,1,14,138.075,454.315,29.0571,0.3089
oar,288,1,15,137.8,454.195,17.8183,0.2941
oar,288,1,16,137.59,454.14,8.131,0.1414
oar,288,1,17,137.455,454.135,175.5967,0.1304
oar,288,1,18,137.32,454.16,164.0571,0.1456
oar,288,1,19,137.185,454.215,151.7029,0.1476
oar,288,1,20,137.06,454.295,143.1254,0.15
oar,288,1,21,136.955,454.395,129.2881,0.1421
oar,288,1,22,136.875,454.51,120.2601,0.1389
oar,288,1,23,136.815,454.635,111.038,0.1393
oar,288,1,24,136.775,454.845,95.906,0.2915
oar,288,1,25,136.775,455.15,84.6445,0.3214
oar,288,1,26,136.83,455.465,75.5293,0.3202
oar,288,1,27,136.93,455.775,68.8394,0.3324
oar,288,1,28,137.055,456.065,64.2896,0.2997
oar,288,1,29,137.185,456.315,60.5227,0.2642
oar,288,1,30,137.33,456.54,53.9722,0.272
oar,288,1,31,137.505,456.765,50.4417,0.2983
oar,288,1,32,137.715,457.0,46.2182,0.3324
oar,288,1,33,137.96,457.22,37.5688,0.328
oar,288,1,34,138.225,457.4,30.6508,0.3139
oar,288,1,35,138.5,457.53,19.6522,0.2973
oar,288,1,36,138.71,457.585,4.0896,0.1404
oar,288,1,37,138.85,457.585,175.9104,0.1404
oar,288,1,38,138.985,457.56,162.9006,0.136
oar,288,1,39,139.12,457.505,153.4325,0.1565
oar,289,0,0,139.375,452.985,158.962,0.1393
oar,289,0,1,139.245,453.01,0.0,0.13
oar,289,0,2,139.12,452.98,26.5621,0.1342
oar,289,0,3,139.015,452.905,45.0049,0.1273
oar,289,0,4,138.945,452.795,68.9598,0.1393
oar,289,0,5,138.92,452.665,90.0,0.13
oar,289,0,6,138.945,452.54,112.6219,0.13
oar,289,0,7,139.02,452.435,138.0109,0.1345
oar,289,0,8,139.135,452.365,158.9656,0.1393
oar,289,0,9,139.265,452.34,0.0,0.13
oar,289,0,10,139.39,452.365,22.6157,0.13
oar,289,0,11,139.495,452.44,48.0109,0.1345
oar,289,0,12,139.565,452.55,67.3843,0.13
oar,289,0,13,139.585,452.68,94.0834,0.1404
oar,289,0,14,139.555,452.81,112.6193,0.13
oar,289,0,15,139.485,452.915,135.0,0.1273
oar,290,0,0,141.405,450.9,152.2403,0.2147
oar,290,0,1,141.595,450.815,159.7775,0.2025
oar,290,0,2,141.785,450.765,171.0278,0.1924
oar,290,0,3,141.975,450.75,0.0,0.19
oar,290,0,4,142.165,450.765,8.9722,0.1924
oar,290,0,5,142.355,450.805,14.7442,0.1965
oar,290,0,6,142.54,450.87,23.962,0.197
oar,290,0,7,142.72,450.955,26.5651,0.2012
oar,290,0,8,142.98,451.12,35.2168,0.4162
oar,290,0,9,143.305,451.38,42.0908,0.4177
oar,290,0,10,143.525,451.595,49.0834,0.1985
oar,290,0,11,143.655,451.745,49.0834,0.1985
oar,290,0,12,143.78,451.9,53.1319,0.2
oar,290,0,13,143.89,452.055,56.3072,0.1803
oar,290,0,14,143.99,452.21,57.9976,0.1887
oar,290,0,15,144.085,452.375,62.0994,0.1924
oar,290,0,16,144.175,452.55,63.4369,0.2013
oar,290,0,17,144.26,452.735,67.1661,0.2062
oar,290,0,18,144.365,453.03,71.9969,0.4206
oar,290,0,19,144.47,453.435,78.9589,0.4177
oar,290,0,20,144.515,453.74,87.1348,0.2002
oar,290,0,21,144.515,453.94,92.8652,0.2002
oar,290,0,22,144.495,454.14,98.5306,0.2022
oar,290,0,23,144.455,454.33,105.5244,0.1868
oar,290,0,24,144.39,454.51,113.9638,0.197
oar,290,0,25,144.295,454.68,124.5081,0.1942
oar,290,0,26,144.17,454.83,135.0,0.198
oar,290,0,27,144.015,454.965,142.5933,0.214
oar,290,0,28,143.835,455.08,152.2439,0.2147
oar,290,0,29,143.645,455.165,159.7719,0.2025
oar,290,0,30,143.455,455.215,171.0278,0.1924
oar,290,0,31,143.265,455.23,0.0,0.19
oar,290,0,32,143.075,455.215,8.9722,0.1924
oar,290,0,33,142.885,455.175,14.7442,0.1965
oar,290,0,34,142.7,455.11,23.9638,0.197
oar,290,0,35,142.52,455.02,29.0513,0.2059
oar,290,0,36,142.26,454.85,35.2185,0.4162
oar,290,0,37,141.935,454.59,42.0893,0.4177
oar,290,0,38,141.71,454.375,46.9739,0.2052
oar,290,0,39,141.575,454.22,50.9057,0.2062
oar,290,0,40,141.45,454.06,53.1319,0.2
oar,290,0,41,141.34,453.905,56.3072,0.1803
oar,290,0,42,141.245,453.75,60.6438,0.1836
oar,290,0,43,141.15,453.585,59.5327,0.1972
oar,290,0,44,141.06,453.41,66.042,0.197
oar,290,0,45,140.98,453.225,67.1661,0.2062
oar,290,0,46,140.875,452.935,71.5644,0.4111
oar,290,0,47,140.775,452.535,80.31,0.4159
oar,290,0,48,140.73,452.23,84.2929,0.201
oar,290,0,49,140.725,452.03,92.8609,0.2002
oar,290,0,50,140.745,451.835,98.9722,0.1924
oar,290,0,51,140.79,451.65,108.4349,0.1897
oar,290,0,52,140.86,451.47,113.962,0.197
oar,290,0,53,140.95,451.3,122.0088,0.1887
oar,290,0,54,141.07,451.15,135.0,0.198
oar,290,0,55,141.225,451.015,142.5933,0.214
oar,290,1,0,143.72,454.555,143.1301,0.15
oar,290,1,1,143.825,454.455,129.2881,0.1421
oar,290,1,2,143.9,454.34,116.5651,0.1342
oar,290,1,3,143.955,454.215,111.038,0.1393
oar,290,1,4,143.995,454.0,95.7103,0.3015
oar,290,1,5,143.995,453.695,84.4726,0.3114
oar,290,1,6,143.94,453.38,75.9631,0.3298
oar,290,1,7,143.84,453.07,68.1996,0.3231
oar,290,1,8,143.715,452.78,65.0943,0.3087
oar,290,1,9,143.585,452.525,60.5256,0.2642
oar,290,1,10,143.44,452.3,53.9722,0.272
oar,290,1,11,143.265,452.075,50.4413,0.2983
oar,290,1,12,143.055,451.845,45.0,0.3253
oar,290,1,13,142.81,451.625,38.9254,0.3342
oar,290,1,14,142.545,451.445,29.0571,0.3089
oar,290,1,15,142.275,451.325,18.434,0.2846
oar,290,1,16,142.07,451.27,8.1319,0.1414
oar,290,1,17,141.93,451.265,175.9104,0.1404
oar,290,1,18,141.79,451.29,164.0571,0.1456
oar,290,1,19,141.655,451.345,151.7029,0.1476
oar,290,1,20,141.53,451.425,143.1254,0.15
oar,290,1,21,141.425,451.525,129.2881,0.1421
oar,290,1,22,141.345,451.64,120.2601,0.1389
oar,290,1,23,141.29,451.765,107.0994,0.136
oar,290,1,24,141.25,451.975,97.8551,0.2927
oar,290,1,25,141.245,452.28,84.6445,0.3214
oar,290,1,26,141.3,452.595,75.5293,0.3202
oar,290,1,27,141.4,452.905,68.8394,0.3324
oar,290,1,28,141.525,453.195,64.2896,0.2997
oar,290,1,29,141.655,453.445,60.5227,0.2642
oar,290,1,30,141.8,453.67,53.9722,0.272
oar,290,1,31,141.975,453.895,50.4417,0.2983
oar,290,1,32,142.185,454.13,46.2182,0.3324
oar,290,1,33,142.43,454.35,37.5688,0.328
oar,290,1,34,142.695,454.53,30.6508,0.3139
oar,290,1,35,142.97,454.66,19.6522,0.2973
oar,290,1,36,143.18,454.715,4.0896,0.1404
oar,290,1,37,143.32,454.715,175.9104,0.1404
oar,290,1,38,143.455,454.69,162.9006,0.136
oar,290,1,39,143.59,454.635,153.4325,0.1565
oar,291,0,0,146.265,453.3,157.6933,0.4215
oar,291,0,1,145.875,453.375,1.4702,0.3901
oar,291,0,2,145.5,453.29,23.9609,0.394
oar,291,0,3,145.175,453.055,46.911,0.4245
oar,291,0,4,144.95,452.705,67.6933,0.4215
oar,291,0,5,144.87,452.315,90.0,0.39
oar,291,0,6,144.95,451.94,113.9629,0.394
oar,291,0,7,145.185,451.62,137.9107,0.4177
oar,291,0,8,145.54,451.395,156.9744,0.4346
oar,291,0,9,145.935,451.31,0.0,0.39
oar,291,0,10,146.305,451.39,24.5673,0.3848
oar,291,0,11,146.625,451.625,46.9096,0.4245
oar,291,0,12,146.855,451.975,66.4479,0.4254
oar,291,0,13,146.94,452.37,90.0,0.4
oar,291,0,14,146.855,452.75,115.2774,0.3981
oar,291,0,15,146.615,453.075,136.9096,0.4245
oar,291,1,0,145.52,451.955,136.8494,0.2193
oar,291,1,1,145.4,452.125,112.8339,0.2062
oar,291,1,2,145.355,452.325,92.7247,0.2102
oar,291,1,3,145.39,452.535,69.1443,0.2247
oar,291,1,4,145.51,452.72,45.0,0.2263
oar,291,1,5,145.69,452.845,24.2272,0.2193
oar,291,1,6,145.895,452.89,0.0,0.21
oar,291,1,7,146.1,452.855,160.7131,0.2119
oar,291,1,8,146.28,452.74,134.9973,0.2263
oar,291,1,9,146.405,452.56,114.2308,0.2193
oar,291,1,10,146.45,452.355,90.0,0.21
oar,291,1,11,146.41,452.145,69.1443,0.2247
oar,291,1,12,146.295,451.96,46.8465,0.2193
oar,291,1,13,146.12,451.84,21.8022,0.2154
oar,291,1,14,145.91,451.8,0.0,0.22
oar,291,1,15,145.7,451.84,158.1978,0.2154
oar,292,0,0,191.365,285.97,124.5081,0.1942
oar,292,0,1,191.25,286.115,132.7072,0.1769
oar,292,0,2,191.125,286.24,137.2928,0.1769
oar,292,0,3,190.985,286.345,149.0362,0.1749
oar,292,0,4,190.83,286.43,153.4393,0.1789
oar,292,0,5,190.67,286.495,162.6404,0.1676
oar,292,0,6,190.5,286.54,167.4681,0.1844
oar,292,0,7,190.315,286.565,176.9935,0.1903
oar,292,0,8,190.09,286.56,4.3961,0.2608
oar,292,0,9,189.835,286.52,13.4952,0.2571
oar,292,0,10,189.595,286.44,23.5002,0.2508
oar,292,0,11,189.375,286.325,31.7615,0.247
oar,292,0,12,189.185,286.175,44.9949,0.2404
oar,292,0,13,189.03,285.99,55.0097,0.2441
oar,292,0,14,188.92,285.77,71.5672,0.253
oar,292,0,15,188.865,285.515,83.6573,0.2717
oar,292,0,16,188.86,285.265,94.9712,0.2308
oar,292,0,17,188.9,285.05,106.6976,0.2088
oar,292,0,18,188.98,284.865,120.4696,0.1972
oar,292,0,19,189.095,284.7,129.0943,0.2062
oar,292,0,20,189.235,284.555,139.0834,0.1985
oar,292,0,21,189.395,284.435,147.0907,0.2025
oar,292,0,22,189.575,284.33,152.2475,0.2147
oar,292,0,23,189.77,284.23,153.4332,0.2236
oar,292,0,24,190.025,284.115,157.2481,0.3362
oar,292,0,25,190.325,283.98,154.229,0.322
oar,292,0,26,190.6,283.82,145.3054,0.3162
oar,292,0,27,190.78,283.67,129.8084,0.1562
oar,292,0,28,190.87,283.545,121.6071,0.1526
oar,292,0,29,190.935,283.405,108.4315,0.1581
oar,292,0,30,190.965,283.24,93.1831,0.1803
oar,292,0,31,190.965,283.06,86.8175,0.1803
oar,292,0,32,190.935,282.88,74.4789,0.1868
oar,292,0,33,190.875,282.715,64.9799,0.1655
oar,292,0,34,190.79,282.57,54.4676,0.1721
oar,292,0,35,190.675,282.445,40.2315,0.1703
oar,292,0,36,190.54,282.345,32.7343,0.1664
oar,292,0,37,190.39,282.27,20.5548,0.1709
oar,292,0,38,190.22,282.235,3.1831,0.1803
oar,292,0,39,190.04,282.235,176.8172,0.1803
oar,292,0,40,189.865,282.265,163.6141,0.1772
oar,292,0,41,189.705,282.33,151.9215,0.17
oar,292,0,42,189.56,282.425,141.8464,0.178
oar,292,0,43,189.435,282.545,130.2355,0.1703
oar,292,0,44,189.34,282.685,118.074,0.17
oar,292,0,45,189.275,282.85,105.5256,0.1868
oar,292,0,46,189.24,283.03,96.3407,0.1811
oar,292,0,47,188.935,283.06,11.499,0.6021
oar,292,0,48,188.67,282.86,102.0943,0.2864
oar,292,0,49,188.75,282.6,112.6219,0.26
oar,292,0,50,188.87,282.37,122.4709,0.2608
oar,292,0,51,189.03,282.165,133.4503,0.2617
oar,292,0,52,189.22,281.995,143.1308,0.25
oar,292,0,53,189.435,281.865,154.4441,0.255
oar,292,0,54,189.68,281.775,164.9297,0.2693
oar,292,0,55,189.945,281.73,175.7596,0.2707
oar,292,0,56,190.23,281.73,3.8177,0.3007
oar,292,0,57,190.52,281.78,15.9429,0.2912
oar,292,0,58,190.785,281.88,25.6401,0.2773
oar,292,0,59,191.02,282.025,37.6963,0.278
oar,292,0,60,191.22,282.215,49.3987,0.2766
oar,292,0,61,191.38,282.44,59.7458,0.2779
oar,292,0,62,191.495,282.7,72.1817,0.2941
oar,292,0,63,191.555,282.995,84.4726,0.3114
oar,292,0,64,191.56,283.29,94.0834,0.2807
oar,292,0,65,191.515,283.55,106.2624,0.25
oar,292,0,66,191.425,283.775,117.6471,0.2371
oar,292,0,67,191.3,283.97,127.8713,0.2281
oar,292,0,68,191.145,284.14,136.7402,0.2334
oar,292,0,69,190.965,284.285,145.619,0.2302
oar,292,0,70,190.76,284.41,151.3907,0.2506
oar,292,0,71,190.53,284.52,157.3781,0.26
oar,292,0,72,190.245,284.64,157.0092,0.3585
oar,292,0,73,189.97,284.76,155.5548,0.2417
oar,292,0,74,189.755,284.88,146.3138,0.2524
oar,292,0,75,189.61,284.995,131.6353,0.1204
oar,292,0,76,189.535,285.09,124.9873,0.1221
oar,292,0,77,189.48,285.195,109.9895,0.117
oar,292,0,78,189.45,285.315,98.7411,0.1315
oar,292,0,79,189.45,285.455,82.4107,0.1514
oar,292,0,80,189.485,285.595,68.9575,0.1393
oar,292,0,81,189.55,285.72,56.315,0.1442
oar,292,0,82,189.64,285.83,44.9913,0.1414
oar,292,0,83,189.81,285.945,28.4448,0.2729
oar,292,0,84,190.07,286.035,10.1283,0.2844
oar,292,0,85,190.325,286.045,172.5692,0.232
oar,292,0,86,190.54,285.985,155.7655,0.2193
oar,292,0,87,190.725,285.87,140.5304,0.2202
oar,292,0,88,190.875,285.705,124.381,0.2302
oar,292,0,89,191.18,285.75,30.2566,0.5557
oar,293,0,0,193.96,285.89,0.0,1.1
oar,293,0,1,194.51,286.145,90.0,0.51
oar,293,0,2,193.115,286.4,0.0,2.79
oar,293,0,3,191.72,286.145,90.0,0.51
oar,293,0,4,192.27,285.89,0.0,1.1
oar,293,0,5,192.82,283.845,90.0,4.09
oar,293,0,6,193.115,281.8,0.0,0.59
oar,293,0,7,193.41,283.845,90.0,4.09
oar,294,0,0,197.965,282.395,114.0071,1.3027
oar,294,0,1,198.54,281.8,0.0,0.62
oar,294,0,2,197.74,284.215,114.6847,5.3158
oar,294,0,3,195.525,284.215,65.4134,5.3116
oar,294,0,4,194.73,281.8,0.0,0.62
oar,294,0,5,195.305,282.395,65.9929,1.3027
oar,294,0,6,196.635,282.99,0.0,2.13
oar,294,1,0,196.635,283.5,0.0,1.65
oar,294,1,1,196.22,284.435,66.3226,2.0419
oar,294,1,2,197.045,284.435,113.9342,2.0459
oar,295,0,0,201.065,285.89,0.0,1.09
oar,295,0,1,201.61,286.145,90.0,0.51
oar,295,0,2,200.215,286.4,0.0,2.79
oar,295,0,3,198.82,286.145,90.0,0.51
oar,295,0,4,199.37,285.89,0.0,1.1
oar,295,0,5,199.92,283.845,90.0,4.09
oar,295,0,6,200.22,281.8,0.0,0.6
oar,295,0,7,200.52,283.845,90.0,4.09
oar,296,0,0,202.335,286.4,0.0,0.59
oar,296,0,1,202.04,284.1,90.0,4.6
oar,296,0,2,202.335,281.8,0.0,0.59
oar,296,0,3,202.63,284.1,90.0,4.6
oar,297,0,0,205.42,286.56,4.7609,0.2408
oar,297,0,1,205.18,286.535,7.125,0.2419
oar,297,0,2,204.945,286.49,14.6196,0.2377
oar,297,0,3,204.72,286.42,19.9882,0.2341
oar,297,0,4,204.505,286.33,25.464,0.2326
oar,297,0,5,204.3,286.22,30.9631,0.2332
oar,297,0,6,204.105,286.09,36.3809,0.236
oar,297,0,7,203.925,285.94,43.2653,0.2335
oar,297,0,8,203.76,285.775,46.7373,0.2335
oar,297,0,9,203.61,285.595,53.6161,0.236
oar,297,0,10,203.475,285.4,56.9728,0.2385
oar,297,0,11,203.36,285.195,64.541,0.2326
oar,297,0,12,203.27,284.98,70.0166,0.2341
oar,297,0,13,203.2,284.75,75.9638,0.2474
oar,297,0,14,203.15,284.51,80.5353,0.2433
oar,297,0,15,203.125,284.265,87.7106,0.2502
oar,297,0,16,203.125,284.01,92.2013,0.2602
oar,297,0,17,203.15,283.755,99.0922,0.2532
oar,297,0,18,203.2,283.51,104.0362,0.2474
oar,297,0,19,203.27,283.28,109.9834,0.2341
oar,297,0,20,203.36,283.06,114.4419,0.2417
oar,297,0,21,203.47,282.85,120.9644,0.2333
oar,297,0,22,203.6,282.66,127.876,0.228
oar,297,0,23,203.75,282.485,133.26,0.2335
oar,297,0,24,203.92,282.325,140.1968,0.2343
oar,297,0,25,204.1,282.18,142.127,0.228
oar,297,0,26,204.29,282.05,149.0388,0.2332
oar,297,0,27,204.495,281.945,156.7944,0.2285
oar,297,0,28,204.715,281.86,160.8236,0.2435
oar,297,0,29,204.945,281.79,165.3804,0.2377
oar,297,0,30,205.18,281.745,172.875,0.2419
oar,297,0,31,205.42,281.725,177.6118,0.2402
oar,297,0,32,205.665,281.725,2.2928,0.2502
oar,297,0,33,205.91,281.745,7.1246,0.2419
oar,297,0,34,206.145,281.79,14.6206,0.2377
oar,297,0,35,206.37,281.86,19.9799,0.2341
oar,297,0,36,206.585,281.945,23.2056,0.2285
oar,297,0,37,206.79,282.05,30.9612,0.2332
oar,297,0,38,206.985,282.18,36.3831,0.236
oar,297,0,39,207.165,282.325,41.4203,0.2267
oar,297,0,40,207.33,282.485,46.74,0.2335
oar,297,0,41,207.48,282.66,52.124,0.228
oar,297,0,42,207.61,282.85,59.0356,0.2333
oar,297,0,43,207.725,283.06,63.4349,0.246
oar,297,0,44,207.82,283.28,70.0166,0.2341
oar,297,0,45,207.89,283.51,75.9638,0.2474
oar,297,0,46,207.94,283.755,80.9112,0.2532
oar,297,0,47,207.965,284.01,87.7987,0.2602
oar,297,0,48,207.965,284.265,92.2894,0.2502
oar,297,0,49,207.94,284.51,99.4611,0.2433
oar,297,0,50,207.89,284.75,104.0362,0.2474
oar,297,0,51,207.815,284.98,112.2515,0.2377
oar,297,0,52,207.72,285.195,115.459,0.2326
oar,297,0,53,207.61,285.4,120.9683,0.2332
oar,297,0,54,207.48,285.595,126.3839,0.236
oar,297,0,55,207.33,285.775,133.26,0.2335
oar,297,0,56,207.16,285.94,138.3671,0.2408
oar,297,0,57,206.98,286.09,142.127,0.228
oar,297,0,58,206.79,286.22,149.0388,0.2332
oar,297,0,59,206.585,286.33,154.5344,0.2326
oar,297,0,60,206.365,286.42,160.8169,0.2435
oar,297,0,61,206.135,286.49,165.3804,0.2377
oar,297,0,62,205.905,286.535,172.5688,0.2319
oar,297,0,63,205.665,286.56,175.4286,0.2508
oar,297,1,0,205.45,282.23,0.0,0.18
oar,297,1,1,205.27,282.245,170.5385,0.1825
oar,297,1,2,205.095,282.285,163.6141,0.1772
oar,297,1,3,204.925,282.34,160.5605,0.1803
oar,297,1,4,204.685,282.46,149.8552,0.3585
oar,297,1,5,204.395,282.665,139.5768,0.3547
oar,297,1,6,204.145,282.92,129.4003,0.3623
oar,297,1,7,203.945,283.225,117.2539,0.3712
oar,297,1,8,203.83,283.475,109.4457,0.1803
oar,297,1,9,203.775,283.655,104.7399,0.1965
oar,297,1,10,203.735,283.845,98.9766,0.1924
oar,297,1,11,203.715,284.04,92.8607,0.2003
oar,297,1,12,203.715,284.235,86.9889,0.1903
oar,297,1,13,203.735,284.425,81.0234,0.1924
oar,297,1,14,203.77,284.61,77.4727,0.1844
oar,297,1,15,203.82,284.79,71.5651,0.1897
oar,297,1,16,203.93,285.04,63.4349,0.3578
oar,297,1,17,204.115,285.345,54.0922,0.3581
oar,297,1,18,204.355,285.605,40.4232,0.3547
oar,297,1,19,204.645,285.81,30.1406,0.3585
oar,297,1,20,204.885,285.935,22.3825,0.1838
oar,297,1,21,205.065,285.995,14.7485,0.1965
oar,297,1,22,205.25,286.035,9.4615,0.1825
oar,297,1,23,205.44,286.055,2.8565,0.2002
oar,297,1,24,205.64,286.055,177.1435,0.2002
oar,297,1,25,205.835,286.035,171.0278,0.1924
oar,297,1,26,206.02,285.995,164.4711,0.1868
oar,297,1,27,206.195,285.935,157.6175,0.1838
oar,297,1,28,206.435,285.81,149.8594,0.3585
oar,297,1,29,206.725,285.605,139.5768,0.3547
oar,297,1,30,206.97,285.345,127.1821,0.364
oar,297,1,31,207.16,285.04,116.5651,0.3578
oar,297,1,32,207.27,284.79,108.4349,0.1897
oar,297,1,33,207.32,284.61,102.5319,0.1844
oar,297,1,34,207.35,284.425,96.0102,0.1911
oar,297,1,35,207.365,284.235,93.0111,0.1903
oar,297,1,36,207.365,284.04,87.1393,0.2003
oar,297,1,37,207.35,283.845,83.9898,0.1911
oar,297,1,38,207.315,283.655,75.2558,0.1965
oar,297,1,39,207.26,283.475,70.5589,0.1803
oar,297,1,40,207.14,283.225,61.3897,0.3759
oar,297,1,41,206.94,282.92,51.8425,0.3561
oar,297,1,42,206.695,282.665,40.4248,0.3547
oar,297,1,43,206.405,282.46,30.1448,0.3585
oar,297,1,44,206.165,282.34,19.4379,0.1803
oar,297,1,45,205.995,282.285,16.3859,0.1772
oar,297,1,46,205.82,282.245,9.4623,0.1825
oar,297,1,47,205.635,282.23,0.0,0.19
oar,298,0,0,208.83,281.8,0.0,0.6
oar,298,0,1,209.13,283.53,90.0,3.46
oar,298,0,2,210.83,283.435,132.9691,4.9882
oar,298,0,3,212.53,284.005,90.0,4.79
oar,298,0,4,212.235,286.4,0.0,0.59
oar,298,0,5,211.94,284.72,90.0,3.36
oar,298,0,6,210.235,284.83,133.6067,4.9442
oar,298,0,7,208.53,284.21,90.0,4.82
oar,299,0,0,197.87,293.635,90.0,0.51
oar,299,0,1,196.74,293.89,0.0,2.26
oar,299,0,2,195.61,291.59,90.0,4.6
oar,299,0,3,195.91,289.29,0.0,0.6
oar,299,0,4,196.21,290.44,90.0,2.3
oar,299,0,5,197.01,291.59,0.0,1.6
oar,299,0,6,197.81,291.845,90.0,0.51
oar,299,0,7,197.01,292.1,0.0,1.6
oar,299,0,8,196.21,292.74,90.0,1.28
oar,299,0,9,197.04,293.38,0.0,1.66
oar,300,0,0,198.815,293.89,0.0,0.59
oar,300,0,1,198.52,291.59,90.0,4.6
oar,300,0,2,198.815,289.29,0.0,0.59
oar,300,0,3,199.11,291.59,90.0,4.6
oar,301,0,0,201.52,291.335,11.7652,0.2452
oar,301,0,1,201.745,291.41,25.4656,0.2326
oar,301,0,2,201.945,291.525,34.381,0.2302
oar,301,0,3,202.12,291.67,45.0,0.2263
oar,301,0,4,202.26,291.845,57.7257,0.2247
oar,301,0,5,202.37,292.04,63.4315,0.2236
oar,301,0,6,202.445,292.255,77.7351,0.2354
oar,301,0,7,202.48,292.485,85.0332,0.2309
oar,301,0,8,202.47,292.76,97.1243,0.3225
oar,301,0,9,202.395,293.07,110.1353,0.3195
oar,301,0,10,202.25,293.345,125.7551,0.3081
oar,301,0,11,202.035,293.575,139.9709,0.3265
oar,301,0,12,201.765,293.74,157.5209,0.3138
oar,301,0,13,201.46,293.83,169.381,0.3256
oar,301,0,14,201.14,293.875,174.6443,0.3214
oar,301,0,15,200.82,293.89,0.0,0.32
oar,301,0,16,200.3,293.89,0.0,0.72
oar,301,0,17,199.94,291.59,90.0,4.6
oar,301,0,18,200.235,289.29,0.0,0.59
oar,301,0,19,200.53,290.27,90.0,1.96
oar,301,0,20,200.655,291.25,0.0,0.25
oar,301,0,21,201.47,290.27,125.1486,2.3971
oar,301,0,22,202.5,289.29,0.0,0.68
oar,301,0,23,202.12,290.3,125.4842,2.4807
oar,301,1,0,200.61,293.38,0.0,0.16
oar,301,1,1,200.8,293.375,177.3949,0.2202
oar,301,1,2,201.025,293.36,175.0332,0.2309
oar,301,1,3,201.25,293.33,169.6931,0.2236
oar,301,1,4,201.46,293.275,160.7078,0.2119
oar,301,1,5,201.645,293.19,149.5327,0.1972
oar,301,1,6,201.795,293.07,132.8832,0.191
oar,301,1,7,201.905,292.91,116.5651,0.2012
oar,301,1,8,201.965,292.7,97.1241,0.2419
oar,301,1,9,201.965,292.46,82.875,0.2419
oar,301,1,10,201.91,292.245,67.1661,0.2062
oar,301,1,11,201.805,292.08,47.1168,0.191
oar,301,1,12,201.66,291.955,34.5118,0.1942
oar,301,1,13,201.485,291.865,20.2281,0.2025
oar,301,1,14,201.28,291.81,10.2993,0.2236
oar,301,1,15,201.06,291.78,5.1994,0.2209
oar,301,1,16,200.835,291.765,2.4844,0.2302
oar,301,1,17,200.625,291.76,0.0,0.19
oar,301,1,18,200.53,292.57,90.0,1.62
oar,302,0,0,204.52,289.29,0.0,2.5
oar,302,0,1,205.77,289.545,90.0,0.51
oar,302,0,2,204.815,289.8,0.0,1.91
oar,302,0,3,203.86,290.695,90.0,1.79
oar,302,0,4,204.785,291.59,0.0,1.85
oar,302,0,5,205.71,291.845,90.0,0.51
oar,302,0,6,204.785,292.1,0.0,1.85
oar,302,0,7,203.86,292.74,90.0,1.28
oar,302,0,8,204.815,293.38,0.0,1.91
oar,302,0,9,205.77,293.635,90.0,0.51
oar,302,0,10,204.52,293.89,0.0,2.5
oar,302,0,11,203.27,291.59,90.0,4.6
oar,303,0,0,224.18,302.475,90.0,1.87
oar,303,0,1,223.885,303.41,0.0,0.59
oar,303,0,2,223.59,301.11,90.0,4.6
oar,303,0,3,223.885,298.81,0.0,0.59
oar,303,0,4,224.18,299.92,90.0,2.22
oar,303,0,5,225.245,301.03,0.0,2.13
oar,303,0,6,226.31,299.92,90.0,2.22
oar,303,0,7,226.61,298.81,0.0,0.6
oar,303,0,8,226.91,301.11,90.0,4.6
oar,303,0,9,226.61,303.41,0.0,0.6
oar,303,0,10,226.31,302.475,90.0,1.87
oar,303,0,11,225.245,301.54,0.0,2.13
oar,304,0,0,230.755,299.405,114.0071,1.3027
oar,304,0,1,231.33,298.81,0.0,0.62
oar,304,0,2,230.535,301.23,114.5419,5.3207
oar,304,0,3,228.32,301.23,65.3601,5.3248
oar,304,0,4,227.52,298.81,0.0,0.62
oar,304,0,5,228.095,299.405,65.9929,1.3027
oar,304,0,6,229.425,300.0,0.0,2.13
oar,304,1,0,229.425,300.52,0.0,1.65
oar,304,1,1,229.015,301.455,66.0662,2.0459
oar,304,1,2,229.84,301.455,113.6771,2.0419
oar,305,0,0,232.33,298.81,0.0,0.6
oar,305,0,1,232.63,300.545,90.0,3.47
oar,305,0,2,234.33,300.45,132.8908,4.9956
oar,305,0,3,236.03,301.015,90.0,4.79
oar,305,0,4,235.735,303.41,0.0,0.59
oar,305,0,5,235.44,301.735,90.0,3.35
oar,305,0,6,233.735,301.845,133.6868,4.9369
oar,305,0,7,232.03,301.22,90.0,4.82
oar,306,0,0,239.25,300.855,90.0,0.51
oar,306,0,1,239.835,300.6,0.0,1.17
oar,306,0,2,240.4,300.465,81.5741,0.2729
oar,306,0,3,240.33,300.2,68.962,0.2786
oar,306,0,4,240.205,299.955,56.8875,0.2746
oar,306,0,5,240.035,299.74,46.4702,0.2759
oar,306,0,6,239.825,299.555,36.4719,0.286
oar,306,0,7,239.59,299.41,26.5636,0.2683
oar,306,0,8,239.34,299.31,17.1004,0.272
oar,306,0,9,239.075,299.255,6.3398,0.2717
oar,306,0,10,238.85,299.245,176.8172,0.1803
oar,306,0,11,238.675,299.265,169.9923,0.1726
oar,306,0,12,238.505,299.305,163.6141,0.1772
oar,306,0,13,238.34,299.365,156.3689,0.1746
oar,306,0,14,238.11,299.49,149.0362,0.3498
oar,306,0,15,237.83,299.695,138.5032,0.3471
oar,306,0,16,237.59,299.95,128.1575,0.3561
oar,306,0,17,237.4,300.25,116.5651,0.3577
oar,306,0,18,237.27,300.58,106.3893,0.3544
oar,306,0,19,237.205,300.925,94.8992,0.3513
oar,306,0,20,237.195,301.2,87.1393,0.2003
oar,306,0,21,237.21,301.4,84.2885,0.201
oar,306,0,22,237.245,301.595,75.2535,0.1964
oar,306,0,23,237.3,301.78,71.568,0.1898
oar,306,0,24,237.41,302.035,64.1322,0.3667
oar,306,0,25,237.6,302.345,52.816,0.364
oar,306,0,26,237.84,302.61,42.7088,0.3538
oar,306,0,27,238.125,302.82,30.1406,0.3585
oar,306,0,28,238.365,302.945,22.3825,0.1838
oar,306,0,29,238.535,303.005,16.3954,0.1772
oar,306,0,30,238.71,303.045,9.4615,0.1825
oar,306,0,31,238.895,303.065,3.0065,0.1903
oar,306,0,32,239.095,303.065,177.2792,0.2102
oar,306,0,33,239.3,303.035,165.9586,0.2062
oar,306,0,34,239.5,302.975,160.7092,0.2119
oar,306,0,35,239.695,302.895,154.6532,0.2102
oar,306,0,36,239.875,302.795,147.1003,0.2025
oar,306,0,37,240.045,302.67,140.5243,0.2202
oar,306,0,38,240.205,302.525,135.0,0.2121
oar,306,0,39,240.345,302.365,127.4092,0.214
oar,306,0,40,240.6,302.48,46.4691,0.5517
oar,306,0,41,240.705,302.785,128.9918,0.2702
oar,306,0,42,240.52,302.98,138.0135,0.2691
oar,306,0,43,240.315,303.145,144.4623,0.2581
oar,306,0,44,240.095,303.285,150.5244,0.2642
oar,306,0,45,239.86,303.4,157.3781,0.26
oar,306,0,46,239.615,303.485,164.3562,0.2596
oar,306,0,47,239.36,303.545,169.1175,0.2648
oar,306,0,48,239.1,303.575,177.7952,0.2602
oar,306,0,49,238.845,303.575,2.2928,0.2502
oar,306,0,50,238.605,303.55,9.8607,0.2334
oar,306,0,51,238.375,303.5,14.6268,0.2377
oar,306,0,52,238.155,303.43,20.852,0.2247
oar,306,0,53,237.945,303.335,27.6421,0.2371
oar,306,0,54,237.74,303.22,30.9695,0.2332
oar,306,0,55,237.55,303.09,37.873,0.228
oar,306,0,56,237.375,302.935,45.0,0.2404
oar,306,0,57,237.215,302.765,48.5746,0.2267
oar,306,0,58,237.07,302.585,53.6161,0.236
oar,306,0,59,236.94,302.385,60.2551,0.2419
oar,306,0,60,236.83,302.17,65.5548,0.2417
oar,306,0,61,236.74,301.945,70.8214,0.2435
oar,306,0,62,236.67,301.71,75.9638,0.2474
oar,306,0,63,236.62,301.465,80.9112,0.2532
oar,306,0,64,236.595,301.21,87.7953,0.2602
oar,306,0,65,236.595,300.965,92.4919,0.2302
oar,306,0,66,236.62,300.735,99.865,0.2334
oar,306,0,67,236.67,300.51,105.2544,0.228
oar,306,0,68,236.735,300.29,107.6518,0.2309
oar,306,0,69,236.82,300.08,116.5616,0.2236
oar,306,0,70,236.93,299.88,120.9683,0.2332
oar,306,0,71,237.055,299.69,125.832,0.222
oar,306,0,72,237.195,299.515,131.4283,0.2267
oar,306,0,73,237.355,299.355,138.5772,0.2267
oar,306,0,74,237.53,299.21,142.121,0.228
oar,306,0,75,237.715,299.08,147.7257,0.2247
oar,306,0,76,237.91,298.97,153.4332,0.2236
oar,306,0,77,238.115,298.88,159.1494,0.2247
oar,306,0,78,238.33,298.81,164.7456,0.228
oar,306,0,79,238.555,298.76,170.1319,0.2334
oar,306,0,80,238.79,298.735,177.6118,0.2402
oar,306,0,81,239.025,298.735,2.492,0.2302
oar,306,0,82,239.25,298.755,7.7648,0.222
oar,306,0,83,239.465,298.795,13.3889,0.2159
oar,306,0,84,239.67,298.86,21.8059,0.2154
oar,306,0,85,239.865,298.945,25.345,0.2102
oar,306,0,86,240.045,299.045,32.902,0.2025
oar,306,0,87,240.21,299.16,36.8708,0.2
oar,306,0,88,240.365,299.29,43.0263,0.2052
oar,306,0,89,240.505,299.44,50.9057,0.2062
oar,306,0,90,240.625,299.605,57.0956,0.2025
oar,306,0,91,240.73,299.78,60.947,0.2059
oar,306,0,92,240.825,299.965,64.655,0.2102
oar,306,0,93,240.9,300.165,74.0546,0.2184
oar,306,0,94,240.955,300.375,76.6062,0.2159
oar,306,0,95,240.995,300.59,82.2352,0.222
oar,306,0,96,241.015,300.815,87.5081,0.2302
oar,306,0,97,241.02,301.02,90.0,0.18
oar,306,0,98,240.135,301.11,0.0,1.77
oar,307,0,0,244.655,299.405,114.0071,1.3027
oar,307,0,1,245.23,298.81,0.0,0.62
oar,307,0,2,244.435,301.23,114.5419,5.3207
oar,307,0,3,242.225,301.23,65.4579,5.3207
oar,307,0,4,241.43,298.81,0.0,0.62
oar,307,0,5,242.005,299.405,65.9929,1.3027
oar,307,0,6,243.33,300.0,0.0,2.12
oar,307,1,0,243.33,300.52,0.0,1.64
oar,307,1,1,242.92,301.455,66.3225,2.0419
oar,307,1,2,243.74,301.455,113.6771,2.0419
oar,308,0,0,247.515,300.855,11.3072,0.2549
oar,308,0,1,247.745,300.93,25.464,0.2326
oar,308,0,2,247.945,301.045,34.3831,0.2302
oar,308,0,3,248.12,301.19,45.0,0.2263
oar,308,0,4,248.26,301.365,57.7257,0.2247
oar,308,0,5,248.365,301.56,65.7675,0.2193
oar,308,0,6,248.44,301.775,75.3804,0.2377
oar,308,0,7,248.48,302.005,85.0294,0.2309
oar,308,0,8,248.47,302.28,97.127,0.3225
oar,308,0,9,248.395,302.59,110.1353,0.3195
oar,308,0,10,248.25,302.865,125.7528,0.3081
oar,308,0,11,248.035,303.095,139.9709,0.3265
oar,308,0,12,247.765,303.26,157.522,0.3139
oar,308,0,13,247.46,303.35,169.3805,0.3256
oar,308,0,14,247.14,303.395,174.6445,0.3214
oar,308,0,15,246.82,303.41,0.0,0.32
oar,308,0,16,246.3,303.41,0.0,0.72
oar,308,0,17,245.94,301.11,90.0,4.6
oar,308,0,18,246.235,298.81,0.0,0.59
oar,308,0,19,246.53,299.79,90.0,1.96
oar,308,0,20,246.655,300.77,0.0,0.25
oar,308,0,21,247.47,299.79,125.1489,2.3971
oar,308,0,22,248.5,298.81,0.0,0.68
oar,308,0,23,248.115,299.82,125.6717,2.4865
oar,308,1,0,246.61,302.9,0.0,0.16
oar,308,1,1,246.8,302.895,177.3949,0.2202
oar,308,1,2,247.025,302.88,175.0329,0.2309
oar,308,1,3,247.25,302.85,169.6931,0.2236
oar,308,1,4,247.455,302.795,159.7734,0.2025
oar,308,1,5,247.64,302.71,150.9429,0.2059
oar,308,1,6,247.795,302.59,132.8832,0.191
oar,308,1,7,247.905,302.425,115.345,0.2102
oar,308,1,8,247.965,302.215,97.4308,0.232
oar,308,1,9,247.965,301.98,82.875,0.2419
oar,308,1,10,247.91,301.765,67.1661,0.2062
oar,308,1,11,247.805,301.6,47.1201,0.191
oar,308,1,12,247.66,301.475,34.5118,0.1942
oar,308,1,13,247.485,301.385,20.2266,0.2025
oar,308,1,14,247.28,301.33,10.2993,0.2236
oar,308,1,15,247.06,301.3,5.1994,0.2209
oar,308,1,16,246.835,301.285,2.4844,0.2302
oar,308,1,17,246.625,301.28,0.0,0.19
oar,308,1,18,246.53,302.09,90.0,1.62
oar,309,0,0,172.01,249.555,90.0,1.87
oar,309,0,1,171.71,250.49,0.0,0.6
oar,309,0,2,171.41,248.195,90.0,4.59
oar,309,0,3,171.71,245.9,0.0,0.6
oar,309,0,4,172.01,247.005,90.0,2.21
oar,309,0,5,173.075,248.11,0.0,2.13
oar,309,0,6,174.14,247.005,90.0,2.21
oar,309,0,7,174.435,245.9,0.0,0.59
oar,309,0,8,174.73,248.195,90.0,4.59
oar,309,0,9,174.435,250.49,0.0,0.59
oar,309,0,10,174.14,249.555,90.0,1.87
oar,309,0,11,173.075,248.62,0.0,2.13
oar,310,0,0,178.585,246.495,114.0071,1.3027
oar,310,0,1,179.16,245.9,0.0,0.62
oar,310,0,2,178.36,248.315,114.6847,5.3158
oar,310,0,3,176.145,248.315,65.4134,5.3116
oar,310,0,4,175.35,245.9,0.0,0.62
oar,310,0,5,175.925,246.495,65.9929,1.3027
oar,310,0,6,177.255,247.09,0.0,2.13
oar,310,1,0,177.255,247.6,0.0,1.65
oar,310,1,1,176.84,248.535,66.3226,2.0419
oar,310,1,2,177.665,248.535,113.9342,2.0459
oar,311,0,0,180.16,245.9,0.0,0.6
oar,311,0,1,180.46,247.63,90.0,3.46
oar,311,0,2,182.16,247.535,132.9691,4.9882
oar,311,0,3,183.86,248.1,90.0,4.78
oar,311,0,4,183.56,250.49,0.0,0.6
oar,311,0,5,183.26,248.815,90.0,3.35
oar,311,0,6,181.56,248.93,133.5226,4.9373
oar,311,0,7,179.86,248.31,90.0,4.82
oar,312,0,0,187.08,247.945,90.0,0.51
oar,312,0,1,187.665,247.69,0.0,1.17
oar,312,0,2,188.225,247.55,79.8747,0.2844
oar,312,0,3,188.15,247.285,68.2004,0.2693
oar,312,0,4,188.025,247.045,56.8848,0.2746
oar,312,0,5,187.855,246.825,47.865,0.2832
oar,312,0,6,187.65,246.64,36.0297,0.272
oar,312,0,7,187.415,246.495,27.4698,0.2818
oar,312,0,8,187.16,246.39,17.1056,0.272
oar,312,0,9,186.9,246.335,6.5818,0.2617
oar,312,0,10,186.68,246.325,176.8172,0.1803
oar,312,0,11,186.5,246.345,170.5377,0.1825
oar,312,0,12,186.325,246.385,163.6141,0.1772
oar,312,0,13,186.16,246.445,156.3689,0.1746
oar,312,0,14,185.93,246.57,149.0375,0.3499
oar,312,0,15,185.65,246.78,137.2875,0.3538
oar,312,0,16,185.415,247.04,126.8709,0.35
oar,312,0,17,185.23,247.335,117.2981,0.3488
oar,312,0,18,185.1,247.66,106.3907,0.3544
oar,312,0,19,185.03,248.005,96.5211,0.3523
oar,312,0,20,185.015,248.285,87.2709,0.2102
oar,312,0,21,185.035,248.485,81.0278,0.1924
oar,312,0,22,185.07,248.675,78.1134,0.1942
oar,312,0,23,185.12,248.86,71.5607,0.1897
oar,312,0,24,185.235,249.12,63.4349,0.3801
oar,312,0,25,185.425,249.435,54.0922,0.3581
oar,312,0,26,185.665,249.7,41.6319,0.3612
oar,312,0,27,185.955,249.91,30.1406,0.3585
oar,312,0,28,186.19,250.035,23.6311,0.1746
oar,312,0,29,186.36,250.09,12.5319,0.1844
oar,312,0,30,186.54,250.125,9.4615,0.1825
oar,312,0,31,186.725,250.145,3.0157,0.1903
oar,312,0,32,186.92,250.145,177.1348,0.2002
oar,312,0,33,187.12,250.12,168.6875,0.204
oar,312,0,34,187.32,250.065,160.7078,0.2119
oar,312,0,35,187.515,249.985,154.655,0.2102
oar,312,0,36,187.7,249.88,146.3122,0.2163
oar,312,0,37,187.87,249.755,140.9031,0.2061
oar,312,0,38,188.025,249.61,133.1535,0.2193
oar,312,0,39,188.17,249.445,129.4752,0.2202
oar,312,0,40,188.425,249.565,47.9363,0.5523
oar,312,0,41,188.525,249.87,130.3668,0.2625
oar,312,0,42,188.345,250.06,136.5448,0.2617
oar,312,0,43,188.14,250.23,143.9774,0.272
oar,312,0,44,187.92,250.375,149.42,0.2555
oar,312,0,45,187.685,250.485,160.2019,0.2657
oar,312,0,46,187.435,250.57,162.2518,0.2625
oar,312,0,47,187.18,250.63,171.2518,0.2631
oar,312,0,48,186.92,250.655,177.8019,0.2602
oar,312,0,49,186.67,250.655,2.3809,0.2402
oar,312,0,50,186.435,250.63,9.8681,0.2334
oar,312,0,51,186.205,250.58,14.6196,0.2377
oar,312,0,52,185.98,250.51,19.9869,0.2341
oar,312,0,53,185.765,250.42,25.4588,0.2326
oar,312,0,54,185.565,250.305,34.381,0.2302
oar,312,0,55,185.38,250.17,37.879,0.228
oar,312,0,56,185.205,250.02,43.2627,0.2335
oar,312,0,57,185.04,249.85,48.3674,0.2408
oar,312,0,58,184.89,249.665,53.6161,0.236
oar,312,0,59,184.765,249.465,62.3529,0.2371
oar,312,0,60,184.655,249.255,62.3529,0.2371
oar,312,0,61,184.56,249.035,70.8214,0.2435
oar,312,0,62,184.49,248.795,76.5048,0.2571
oar,312,0,63,184.445,248.545,83.1575,0.2518
oar,312,0,64,184.425,248.295,87.7072,0.2502
oar,312,0,65,184.425,248.05,92.3884,0.2402
oar,312,0,66,184.445,247.815,97.4308,0.232
oar,312,0,67,184.49,247.59,105.2544,0.228
oar,312,0,68,184.56,247.375,110.8557,0.2247
oar,312,0,69,184.65,247.165,115.459,0.2326
oar,312,0,70,184.76,246.965,122.2817,0.2247
oar,312,0,71,184.885,246.78,125.832,0.222
oar,312,0,72,185.025,246.605,131.4283,0.2267
oar,312,0,73,185.18,246.44,134.9973,0.2263
oar,312,0,74,185.35,246.295,144.1625,0.222
oar,312,0,75,185.535,246.165,145.619,0.2302
oar,312,0,76,185.735,246.05,154.5344,0.2326
oar,312,0,77,185.945,245.96,159.1494,0.2247
oar,312,0,78,186.16,245.89,164.7456,0.228
oar,312,0,79,186.385,245.845,172.5688,0.2319
oar,312,0,80,186.615,245.82,175.0253,0.2309
oar,312,0,81,186.845,245.815,2.4919,0.2302
oar,312,0,82,187.07,245.84,10.3069,0.2236
oar,312,0,83,187.29,245.885,12.8012,0.2256
oar,312,0,84,187.495,245.945,20.2281,0.2025
oar,312,0,85,187.685,246.025,25.345,0.2102
oar,312,0,86,187.865,246.125,32.9093,0.2025
oar,312,0,87,188.035,246.245,37.4002,0.214
oar,312,0,88,188.19,246.38,45.0031,0.198
oar,312,0,89,188.325,246.525,49.0834,0.1985
oar,312,0,90,188.45,246.685,54.7856,0.2081
oar,312,0,91,188.56,246.86,60.9429,0.2059
oar,312,0,92,188.65,247.05,68.1993,0.2154
oar,312,0,93,188.725,247.25,70.7103,0.2119
oar,312,0,94,188.78,247.455,79.213,0.2138
oar,312,0,95,188.815,247.675,82.5692,0.232
oar,312,0,96,188.835,247.905,87.5119,0.2302
oar,312,0,97,188.84,248.11,90.0,0.18
oar,312,0,98,187.96,248.2,0.0,1.76
oar,313,0,0,192.485,246.495,114.0071,1.3027
oar,313,0,1,193.06,245.9,0.0,0.62
oar,313,0,2,192.265,248.315,114.5866,5.3116
oar,313,0,3,190.05,248.315,65.3153,5.3158
oar,313,0,4,189.25,245.9,0.0,0.62
oar,313,0,5,189.825,246.495,65.9929,1.3027
oar,313,0,6,191.155,247.09,0.0,2.13
oar,313,1,0,191.155,247.6,0.0,1.65
oar,313,1,1,190.745,248.535,66.0658,2.0459
oar,313,1,2,191.57,248.535,113.6774,2.0419
oar,314,0,0,195.34,247.94,14.0354,0.2474
oar,314,0,1,195.57,248.015,22.2481,0.2377
oar,314,0,2,195.77,248.125,35.8398,0.222
oar,314,0,3,195.94,248.27,45.0,0.2263
oar,314,0,4,196.085,248.445,55.6221,0.2302
oar,314,0,5,196.195,248.645,66.7979,0.2285
oar,314,0,6,196.27,248.86,74.7456,0.228
oar,314,0,7,196.31,249.09,85.2352,0.2408
oar,314,0,8,196.3,249.365,97.354,0.3126
oar,314,0,9,196.225,249.67,110.1353,0.3195
oar,314,0,10,196.075,249.95,126.1575,0.322
oar,314,0,11,195.86,250.18,140.1959,0.3124
oar,314,0,12,195.59,250.34,158.1996,0.3231
oar,314,0,13,195.285,250.435,167.2743,0.3178
oar,314,0,14,194.965,250.48,176.5337,0.3306
oar,314,0,15,194.64,250.49,0.0,0.32
oar,314,0,16,194.12,250.49,0.0,0.72
oar,314,0,17,193.76,248.195,90.0,4.59
oar,314,0,18,194.06,245.9,0.0,0.6
oar,314,0,19,194.36,246.88,90.0,1.96
oar,314,0,20,194.48,247.86,0.0,0.24
oar,314,0,21,195.29,246.88,125.1482,2.3971
oar,314,0,22,196.325,245.9,0.0,0.69
oar,314,0,23,195.945,246.905,125.8062,2.4784
oar,314,1,0,194.44,249.98,0.0,0.16
oar,314,1,1,194.63,249.98,0.0,0.22
oar,314,1,2,194.85,249.97,174.8006,0.2209
oar,314,1,3,195.07,249.935,167.1988,0.2256
oar,314,1,4,195.28,249.88,163.3012,0.2088
oar,314,1,5,195.465,249.795,147.0907,0.2025
oar,314,1,6,195.62,249.67,135.0031,0.198
oar,314,1,7,195.73,249.51,113.9638,0.197
oar,314,1,8,195.79,249.3,99.46,0.2433
oar,314,1,9,195.795,249.06,82.875,0.2419
oar,314,1,10,195.735,248.85,63.4349,0.2012
oar,314,1,11,195.63,248.685,51.3402,0.1921
oar,314,1,12,195.485,248.56,30.4651,0.1972
oar,314,1,13,195.305,248.475,20.2281,0.2025
oar,314,1,14,195.105,248.415,13.3889,0.2159
oar,314,1,15,194.885,248.38,4.9747,0.2309
oar,314,1,16,194.66,248.37,0.0,0.22
oar,314,1,17,194.455,248.37,0.0,0.19
oar,314,1,18,194.36,249.175,90.0,1.61
oar,315,0,0,54.4,441.07,0.0,0.2
oar,315,0,1,54.595,441.055,171.0277,0.1924
oar,315,0,2,54.775,441.005,157.618,0.1839
oar,315,0,3,54.93,440.92,144.4647,0.172
oar,315,0,4,55.055,440.805,130.2355,0.1703
oar,315,0,5,55.155,440.66,119.3572,0.1836
oar,315,0,6,55.225,440.485,104.7443,0.1965
oar,315,0,7,55.26,440.29,95.7104,0.201
oar,315,0,8,55.26,440.095,83.9909,0.1911
oar,315,0,9,55.23,439.915,76.7591,0.1746
oar,315,0,10,55.17,439.755,61.9271,0.17
oar,315,0,11,55.075,439.615,49.7645,0.1703
oar,315,0,12,54.955,439.495,40.2363,0.1703
oar,315,0,13,54.815,439.4,28.0728,0.17
oar,315,0,14,54.655,439.33,19.4395,0.1803
oar,315,0,15,54.48,439.295,3.1781,0.1803
oar,315,0,16,54.31,439.295,176.4256,0.1603
oar,315,0,17,54.15,439.32,165.9609,0.1649
oar,315,0,18,54.0,439.37,156.8022,0.1523
oar,315,0,19,53.865,439.44,148.3921,0.1526
oar,315,0,20,53.74,439.535,137.4891,0.1628
oar,315,0,21,53.635,439.65,126.8711,0.15
oar,315,0,22,53.56,439.78,113.1992,0.1523
oar,315,0,23,53.51,439.935,103.2409,0.1746
oar,315,0,24,53.215,440.02,0.0,0.55
oar,315,0,25,52.96,439.885,98.427,0.273
oar,315,0,26,53.025,439.625,109.7989,0.2657
oar,315,0,27,53.14,439.395,123.691,0.2524
oar,315,0,28,53.295,439.2,133.3625,0.2476
oar,315,0,29,53.485,439.04,146.3099,0.2524
oar,315,0,30,53.71,438.915,155.3761,0.264
oar,315,0,31,53.955,438.83,166.5048,0.2571
oar,315,0,32,54.215,438.79,175.7659,0.2707
oar,315,0,33,54.5,438.79,3.812,0.3007
oar,315,0,34,54.785,438.835,14.5359,0.2789
oar,315,0,35,55.04,438.93,26.564,0.2683
oar,315,0,36,55.265,439.07,37.3047,0.264
oar,315,0,37,55.46,439.25,48.0123,0.2691
oar,315,0,38,55.61,439.465,62.447,0.2594
oar,315,0,39,55.71,439.72,74.0542,0.2912
oar,315,0,40,55.765,440.01,84.2897,0.3015
oar,315,0,41,55.775,440.25,93.1792,0.1803
oar,315,0,42,55.76,440.43,96.3406,0.1811
oar,315,0,43,55.725,440.6,107.3534,0.1676
oar,315,0,44,55.665,440.76,113.6288,0.1746
oar,315,0,45,55.59,440.91,119.7456,0.1612
oar,315,0,46,55.495,441.045,130.2388,0.1703
oar,315,0,47,55.38,441.165,137.4891,0.1628
oar,315,0,48,55.245,441.27,146.3086,0.1803
oar,315,0,49,55.285,441.42,41.0087,0.3048
oar,315,0,50,55.48,441.64,56.3106,0.2884
oar,315,0,51,55.59,441.83,66.8008,0.1523
oar,315,0,52,55.64,441.975,75.0677,0.1552
oar,315,0,53,55.675,442.13,79.381,0.1628
oar,315,0,54,55.695,442.29,86.423,0.1603
oar,315,0,55,55.685,442.51,96.1161,0.2816
oar,315,0,56,55.635,442.775,105.6422,0.2596
oar,315,0,57,55.54,443.005,119.7457,0.2419
oar,315,0,58,55.405,443.2,129.8046,0.2343
oar,315,0,59,55.23,443.36,145.0077,0.2441
oar,315,0,60,55.02,443.485,153.4349,0.246
oar,315,0,61,54.79,443.575,163.7416,0.25
oar,315,0,62,54.535,443.62,175.7627,0.2707
oar,315,0,63,54.265,443.62,4.2373,0.2707
oar,315,0,64,54.005,443.58,13.4952,0.2571
oar,315,0,65,53.775,443.505,23.1975,0.2285
oar,315,0,66,53.575,443.395,34.3815,0.2302
oar,315,0,67,53.4,443.245,46.7354,0.2335
oar,315,0,68,53.26,443.06,59.0361,0.2332
oar,315,0,69,53.155,442.84,69.4444,0.2563
oar,315,0,70,53.08,442.585,77.4704,0.2766
oar,315,0,71,53.335,442.45,0.0,0.57
oar,315,0,72,53.635,442.525,78.6901,0.153
oar,315,0,73,53.675,442.665,68.962,0.1393
oar,315,0,74,53.74,442.785,53.9735,0.136
oar,315,0,75,53.825,442.89,48.0101,0.1345
oar,315,0,76,53.92,442.975,34.9952,0.1221
oar,315,0,77,54.035,443.04,24.7741,0.1432
oar,315,0,78,54.165,443.085,12.994,0.1334
oar,315,0,79,54.305,443.11,7.5962,0.1513
oar,315,0,80,54.465,443.11,173.2887,0.1712
oar,315,0,81,54.625,443.08,165.0711,0.1552
oar,315,0,82,54.77,443.025,153.4325,0.1565
oar,315,0,83,54.9,442.945,143.131,0.15
oar,315,0,84,55.005,442.84,126.8711,0.15
oar,315,0,85,55.09,442.715,121.6071,0.1526
oar,315,0,86,55.15,442.57,104.035,0.1649
oar,315,0,87,55.18,442.41,97.125,0.1612
oar,315,0,88,55.18,442.23,84.2892,0.201
oar,315,0,89,55.14,442.05,69.4452,0.1709
oar,315,0,90,55.07,441.91,56.3083,0.1442
oar,315,0,91,54.975,441.8,42.2753,0.1487
oar,315,0,92,54.85,441.71,29.7408,0.1612
oar,315,0,93,54.705,441.645,18.4363,0.1581
oar,315,0,94,54.545,441.605,10.0075,0.1726
oar,315,0,95,54.37,441.585,3.1829,0.1803
oar,315,0,96,54.29,441.325,92.2458,0.5104
oar,316,0,0,57.685,442.56,53.7346,2.6541
oar,316,0,1,56.81,441.35,57.2646,0.3329
oar,316,0,2,56.645,441.06,63.4349,0.3354
oar,316,0,3,56.54,440.835,68.1986,0.1615
oar,316,0,4,56.49,440.68,75.9638,0.1649
oar,316,0,5,56.455,440.515,79.9923,0.1726
oar,316,0,6,56.435,440.345,86.6328,0.1703
oar,316,0,7,56.445,440.11,95.711,0.3015
oar,316,0,8,56.505,439.82,107.819,0.2941
oar,316,0,9,56.62,439.555,119.2487,0.2865
oar,316,0,10,56.785,439.32,130.8147,0.2907
oar,316,0,11,56.99,439.12,140.7095,0.2843
oar,316,0,12,57.23,438.96,151.6992,0.2953
oar,316,0,13,57.495,438.85,163.4953,0.2816
oar,316,0,14,57.78,438.795,174.2896,0.3015
oar,316,0,15,58.08,438.795,5.7104,0.3015
oar,316,0,16,58.37,438.85,15.9456,0.2912
oar,316,0,17,58.635,438.96,29.2487,0.2865
oar,316,0,18,58.87,439.125,40.8158,0.2907
oar,316,0,19,59.07,439.33,50.7107,0.2843
oar,316,0,20,59.23,439.57,61.6996,0.2953
oar,316,0,21,59.34,439.845,74.5779,0.3008
oar,316,0,22,59.395,440.145,84.4726,0.3114
oar,316,0,23,59.4,440.44,94.0857,0.2807
oar,316,0,24,59.35,440.71,107.1017,0.272
oar,316,0,25,59.255,440.965,113.7496,0.2731
oar,316,0,26,59.125,441.2,124.2882,0.2663
oar,316,0,27,58.955,441.4,136.5473,0.2617
oar,316,0,28,58.75,441.56,147.5291,0.2608
oar,316,0,29,58.515,441.675,160.2019,0.2657
oar,316,0,30,58.255,441.735,173.66,0.2717
oar,316,0,31,58.0,441.735,7.1247,0.2419
oar,316,0,32,57.77,441.685,17.6482,0.2309
oar,316,0,33,57.655,441.655,135.0109,0.0141
oar,316,0,34,58.265,442.52,54.4309,2.1145
oar,316,0,35,58.675,443.505,148.627,0.4802
oar,316,1,0,57.825,439.3,173.9943,0.1911
oar,316,1,1,57.64,439.335,164.4747,0.1868
oar,316,1,2,57.465,439.405,152.1,0.1924
oar,316,1,3,57.305,439.515,139.0882,0.1985
oar,316,1,4,57.17,439.65,130.6012,0.1844
oar,316,1,5,57.065,439.805,117.8976,0.1924
oar,316,1,6,56.99,439.98,108.4335,0.1897
oar,316,1,7,56.95,440.17,95.7108,0.201
oar,316,1,8,56.95,440.365,83.9909,0.1911
oar,316,1,9,56.99,440.55,71.5651,0.1897
oar,316,1,10,57.07,440.72,57.9946,0.1887
oar,316,1,11,57.18,440.875,51.3421,0.1921
oar,316,1,12,57.315,441.01,38.6591,0.1921
oar,316,1,13,57.475,441.115,27.896,0.1924
oar,316,1,14,57.645,441.19,19.4395,0.1803
oar,316,1,15,57.825,441.23,6.0102,0.1911
oar,316,1,16,58.01,441.23,173.6585,0.1811
oar,316,1,17,58.19,441.195,164.475,0.1868
oar,316,1,18,58.365,441.125,152.1034,0.1924
oar,316,1,19,58.52,441.02,139.3997,0.1844
oar,316,1,20,58.655,440.885,130.9129,0.1985
oar,316,1,21,58.77,440.725,120.4654,0.1972
oar,316,1,22,58.85,440.545,107.5271,0.1992
oar,316,1,23,58.89,440.345,95.4403,0.211
oar,316,1,24,58.89,440.145,83.9909,0.1911
oar,316,1,25,58.85,439.96,71.564,0.1897
oar,316,1,26,58.775,439.79,60.6428,0.1836
oar,316,1,27,58.665,439.64,47.1216,0.191
oar,316,1,28,58.53,439.51,40.6003,0.1844
oar,316,1,29,58.375,439.405,27.9,0.1924
oar,316,1,30,58.2,439.335,15.525,0.1868
oar,316,1,31,58.015,439.3,6.0058,0.191
oar,317,0,0,60.815,443.43,11.0412,0.4177
oar,317,0,1,60.445,443.28,33.6901,0.3966
oar,317,0,2,60.175,443.005,57.5291,0.3912
oar,317,0,3,60.03,442.63,79.2159,0.4275
oar,317,0,4,60.03,442.215,101.0406,0.4177
oar,317,0,5,60.175,441.845,122.4721,0.3911
oar,317,0,6,60.445,441.575,147.5281,0.3912
oar,317,0,7,60.815,441.43,168.9588,0.4177
oar,317,0,8,61.235,441.43,10.5394,0.4374
oar,317,0,9,61.615,441.575,32.4722,0.3912
oar,317,0,10,61.885,441.845,57.5274,0.3911
oar,317,0,11,62.03,442.215,78.9594,0.4177
oar,317,0,12,62.03,442.63,100.7841,0.4275
oar,317,0,13,61.885,443.005,122.4714,0.3912
oar,317,0,14,61.615,443.28,146.3096,0.3966
oar,317,0,15,61.235,443.43,169.4606,0.4374
oar,317,1,0,60.915,441.89,169.2134,0.2138
oar,317,1,1,60.725,441.97,144.7838,0.2081
oar,317,1,2,60.58,442.12,123.6887,0.2163
oar,317,1,3,60.495,442.315,103.3928,0.2159
oar,317,1,4,60.495,442.53,77.196,0.2256
oar,317,1,5,60.58,442.73,56.3113,0.2163
oar,317,1,6,60.725,442.88,35.2162,0.2081
oar,317,1,7,60.915,442.965,13.3933,0.2159
oar,317,1,8,61.13,442.965,167.195,0.2256
oar,317,1,9,61.33,442.88,146.3111,0.2163
oar,317,1,10,61.48,442.73,123.6887,0.2163
oar,317,1,11,61.565,442.53,102.804,0.2256
oar,317,1,12,61.565,442.315,76.6072,0.2159
oar,317,1,13,61.48,442.12,56.3113,0.2163
oar,317,1,14,61.33,441.97,33.6889,0.2163
oar,317,1,15,61.13,441.89,10.3069,0.2236
oar,318,0,0,65.14,441.87,90.0,3.64
oar,318,0,1,63.745,441.615,56.0874,5.0007
oar,318,0,2,63.49,439.54,0.0,2.28
oar,318,0,3,64.63,439.2,90.0,0.68
oar,318,0,4,64.885,438.86,0.0,0.51
oar,318,0,5,65.14,439.2,90.0,0.68
oar,318,0,6,65.405,439.54,0.0,0.53
oar,318,0,7,65.67,439.795,90.0,0.51
oar,318,0,8,65.405,440.05,0.0,0.53
oar,318,1,0,63.975,440.05,0.0,1.31
oar,318,1,1,63.97,441.005,55.7597,2.3104
oar,318,1,2,64.625,441.96,0.0,0.01
oar,318,1,3,64.63,441.005,90.0,1.91
oar,319,0,0,67.41,440.905,90.0,4.09
oar,319,0,1,67.665,438.86,0.0,0.51
oar,319,0,2,67.92,441.16,90.0,4.6
oar,319,0,3,67.42,443.46,0.0,1.0
oar,319,0,4,66.765,443.205,58.7063,0.5968
oar,319,0,5,67.01,442.95,0.0,0.8
oar,320,0,0,70.205,439.445,12.9944,0.1334
oar,320,0,1,70.085,439.39,36.0278,0.136
oar,320,0,2,69.995,439.3,55.0097,0.1221
oar,320,0,3,69.945,439.185,77.0049,0.1334
oar,320,0,4,69.945,439.05,102.0943,0.1432
oar,320,0,5,69.995,438.925,122.4709,0.1304
oar,320,0,6,70.085,438.835,147.5262,0.1304
oar,320,0,7,70.205,438.79,171.2584,0.1315
oar,320,0,8,70.335,438.79,8.7416,0.1315
oar,320,0,9,70.455,438.835,32.4738,0.1304
oar,320,0,10,70.545,438.925,57.5291,0.1304
oar,320,0,11,70.595,439.05,77.9057,0.1432
oar,320,0,12,70.595,439.185,102.9951,0.1334
oar,320,0,13,70.545,439.3,124.9903,0.1221
oar,320,0,14,70.455,439.39,143.9722,0.136
oar,320,0,15,70.335,439.445,167.0056,0.1334
oar,321,0,0,73.045,438.785,2.7248,0.2102
oar,321,0,1,73.245,438.815,14.7442,0.1965
oar,321,0,2,73.43,438.88,23.9629,0.197
oar,321,0,3,73.6,438.97,32.0076,0.1887
oar,321,0,4,73.755,439.08,38.6584,0.1921
oar,321,0,5,73.89,439.215,51.3384,0.1921
oar,321,0,6,74.01,439.37,53.1319,0.2
oar,321,0,7,74.12,439.54,60.945,0.2059
oar,321,0,8,74.245,439.82,68.4593,0.4085
oar,321,0,9,74.375,440.21,74.624,0.4149
oar,321,0,10,74.45,440.51,78.6896,0.204
oar,321,0,11,74.48,440.71,84.2881,0.201
oar,321,0,12,74.5,440.91,84.2903,0.201
oar,321,0,13,74.51,441.1,90.0,0.18
oar,321,0,14,74.51,441.28,90.0,0.18
oar,321,0,15,74.5,441.47,95.7097,0.201
oar,321,0,16,74.48,441.67,95.7115,0.201
oar,321,0,17,74.45,441.87,101.3104,0.204
oar,321,0,18,74.38,442.175,103.7066,0.422
oar,321,0,19,74.25,442.575,112.3057,0.4215
oar,321,0,20,74.12,442.855,120.4673,0.1972
oar,321,0,21,74.015,443.025,122.9057,0.2025
oar,321,0,22,73.895,443.18,132.8784,0.191
oar,321,0,23,73.755,443.315,139.0848,0.1985
oar,321,0,24,73.6,443.43,147.9963,0.1887
oar,321,0,25,73.43,443.52,156.0371,0.197
oar,321,0,26,73.245,443.585,165.2558,0.1965
oar,321,0,27,73.045,443.62,174.5585,0.2109
oar,321,0,28,72.83,443.62,5.1955,0.2209
oar,321,0,29,72.625,443.585,14.7442,0.1965
oar,321,0,30,72.44,443.52,23.9638,0.197
oar,321,0,31,72.27,443.43,32.0024,0.1887
oar,321,0,32,72.115,443.315,40.9152,0.1985
oar,321,0,33,71.975,443.18,47.1216,0.191
oar,321,0,34,71.855,443.025,57.0943,0.2025
oar,321,0,35,71.75,442.855,59.5346,0.1972
oar,321,0,36,71.625,442.575,68.9623,0.4179
oar,321,0,37,71.495,442.175,74.9817,0.4245
oar,321,0,38,71.42,441.87,78.6896,0.204
oar,321,0,39,71.39,441.67,84.2907,0.201
oar,321,0,40,71.375,441.47,87.1369,0.2002
oar,321,0,41,71.365,441.28,86.8194,0.1803
oar,321,0,42,71.365,441.1,93.1804,0.1803
oar,321,0,43,71.375,440.91,92.8631,0.2002
oar,321,0,44,71.39,440.71,95.7097,0.201
oar,321,0,45,71.42,440.51,101.3104,0.204
oar,321,0,46,71.495,440.21,105.376,0.4149
oar,321,0,47,71.625,439.82,111.5417,0.4085
oar,321,0,48,71.75,439.54,119.0532,0.2059
oar,321,0,49,71.86,439.37,126.8699,0.2
oar,321,0,50,71.985,439.215,130.9149,0.1985
oar,321,0,51,72.12,439.08,139.3997,0.1844
oar,321,0,52,72.27,438.97,147.9936,0.1887
oar,321,0,53,72.44,438.88,156.0362,0.197
oar,321,0,54,72.625,438.815,165.2558,0.1965
oar,321,0,55,72.83,438.785,177.3989,0.2202
oar,321,1,0,73.01,443.11,171.8743,0.1414
oar,321,1,1,73.15,443.08,164.0513,0.1456
oar,321,1,2,73.28,443.025,149.747,0.1389
oar,321,1,3,73.395,442.95,143.9722,0.136
oar,321,1,4,73.545,442.795,129.5576,0.2983
oar,321,1,5,73.71,442.54,116.5651,0.313
oar,321,1,6,73.83,442.24,107.3554,0.3353
oar,321,1,7,73.915,441.925,102.7244,0.3178
oar,321,1,8,73.97,441.615,97.3522,0.3126
oar,321,1,9,73.995,441.325,92.12,0.2702
oar,321,1,10,73.995,441.06,87.7987,0.2602
oar,321,1,11,73.97,440.78,82.4049,0.3026
oar,321,1,12,73.915,440.47,77.6612,0.3276
oar,321,1,13,73.83,440.155,72.1201,0.3257
oar,321,1,14,73.71,439.86,63.4349,0.313
oar,321,1,15,73.545,439.605,50.4406,0.2983
oar,321,1,16,73.395,439.45,36.0278,0.136
oar,321,1,17,73.28,439.375,30.2585,0.1389
oar,321,1,18,73.15,439.32,15.9429,0.1456
oar,321,1,19,73.01,439.295,4.0896,0.1404
oar,321,1,20,72.865,439.295,176.1823,0.1503
oar,321,1,21,72.72,439.32,164.0571,0.1456
oar,321,1,22,72.59,439.375,149.7415,0.1389
oar,321,1,23,72.475,439.45,143.9703,0.136
oar,321,1,24,72.325,439.605,129.5606,0.2983
oar,321,1,25,72.16,439.86,116.5651,0.313
oar,321,1,26,72.04,440.155,107.8786,0.3257
oar,321,1,27,71.955,440.47,102.3388,0.3276
oar,321,1,28,71.9,440.78,97.5951,0.3026
oar,321,1,29,71.875,441.06,92.203,0.2602
oar,321,1,30,71.875,441.325,87.8784,0.2702
oar,321,1,31,71.9,441.615,82.6478,0.3126
oar,321,1,32,71.955,441.925,77.2756,0.3178
oar,321,1,33,72.04,442.24,72.6458,0.3353
oar,321,1,34,72.16,442.54,63.4349,0.313
oar,321,1,35,72.325,442.795,50.4413,0.2983
oar,321,1,36,72.475,442.95,36.0297,0.136
oar,321,1,37,72.59,443.025,30.253,0.1389
oar,321,1,38,72.72,443.08,15.9487,0.1456
oar,321,1,39,72.865,443.11,7.5904,0.1513
oar,322,0,0,75.25,442.805,67.0113,1.7923
oar,322,0,1,75.08,441.91,158.7496,0.3863
oar,322,0,2,75.68,442.64,62.3005,1.8071
oar,322,0,3,75.85,443.535,159.193,0.5349
oar,323,0,0,77.155,438.86,0.0,0.59
oar,323,0,1,77.45,440.59,90.0,3.46
oar,323,0,2,79.155,440.495,133.053,4.9951
oar,323,0,3,80.86,441.065,90.0,4.79
oar,323,0,4,80.56,443.46,0.0,0.6
oar,323,0,5,80.26,441.78,90.0,3.36
oar,323,0,6,78.56,441.89,133.5228,4.9372
oar,323,0,7,76.86,441.27,90.0,4.82
oar,324,0,0,54.4,222.46,0.0,0.2
oar,324,0,1,54.595,222.445,171.0277,0.1924
oar,324,0,2,54.775,222.395,157.618,0.1839
oar,324,0,3,54.93,222.31,144.4606,0.172
oar,324,0,4,55.055,222.195,130.2421,0.1703
oar,324,0,5,55.155,222.05,119.3572,0.1836
oar,324,0,6,55.225,221.875,104.7432,0.1965
oar,324,0,7,55.26,221.68,95.7104,0.201
oar,324,0,8,55.26,221.485,83.9909,0.1911
oar,324,0,9,55.23,221.31,75.9638,0.1649
oar,324,0,10,55.17,221.15,63.436,0.1789
oar,324,0,11,55.075,221.005,49.7579,0.1703
oar,324,0,12,54.955,220.885,40.2402,0.1703
oar,324,0,13,54.815,220.79,28.0683,0.17
oar,324,0,14,54.655,220.72,19.4395,0.1803
oar,324,0,15,54.48,220.685,3.1829,0.1803
oar,324,0,16,54.31,220.685,176.4202,0.1603
oar,324,0,17,54.15,220.71,165.9711,0.1649
oar,324,0,18,54.0,220.76,156.8022,0.1523
oar,324,0,19,53.865,220.83,148.3872,0.1527
oar,324,0,20,53.74,220.925,137.4931,0.1628
oar,324,0,21,53.635,221.04,126.8641,0.15
oar,324,0,22,53.56,221.175,111.8027,0.1615
oar,324,0,23,53.51,221.33,104.0362,0.1649
oar,324,0,24,53.215,221.41,0.0,0.55
oar,324,0,25,52.96,221.275,98.4266,0.273
oar,324,0,26,53.025,221.015,109.7989,0.2657
oar,324,0,27,53.14,220.785,123.691,0.2524
oar,324,0,28,53.295,220.59,133.3649,0.2476
oar,324,0,29,53.485,220.43,146.3071,0.2524
oar,324,0,30,53.71,220.305,155.3791,0.264
oar,324,0,31,53.955,220.22,166.5048,0.2571
oar,324,0,32,54.215,220.18,175.7595,0.2707
oar,324,0,33,54.5,220.18,3.8178,0.3007
oar,324,0,34,54.785,220.225,14.5298,0.2789
oar,324,0,35,55.04,220.32,26.5698,0.2683
oar,324,0,36,55.265,220.46,37.2994,0.264
oar,324,0,37,55.46,220.64,48.0145,0.2691
oar,324,0,38,55.61,220.855,62.4485,0.2594
oar,324,0,39,55.71,221.11,74.0542,0.2912
oar,324,0,40,55.765,221.4,84.2894,0.3015
oar,324,0,41,55.775,221.64,93.1794,0.1803
oar,324,0,42,55.76,221.82,96.3395,0.1811
oar,324,0,43,55.725,221.99,107.3565,0.1676
oar,324,0,44,55.665,222.15,113.6288,0.1746
oar,324,0,45,55.59,222.3,119.7429,0.1613
oar,324,0,46,55.495,222.435,130.2355,0.1703
oar,324,0,47,55.38,222.555,137.4931,0.1628
oar,324,0,48,55.245,222.66,146.3086,0.1803
oar,324,0,49,55.285,222.81,41.0109,0.3048
oar,324,0,50,55.48,223.03,56.3089,0.2884
oar,324,0,51,55.59,223.22,66.7986,0.1523
oar,324,0,52,55.64,223.365,75.0706,0.1553
oar,324,0,53,55.675,223.52,79.381,0.1628
oar,324,0,54,55.695,223.685,86.6325,0.1703
oar,324,0,55,55.685,223.905,96.341,0.2717
oar,324,0,56,55.635,224.165,105.6422,0.2596
oar,324,0,57,55.54,224.395,119.7421,0.2419
oar,324,0,58,55.405,224.59,129.807,0.2343
oar,324,0,59,55.23,224.755,143.1308,0.25
oar,324,0,60,55.02,224.88,155.5548,0.2417
oar,324,0,61,54.79,224.965,163.7383,0.25
oar,324,0,62,54.535,225.01,175.7659,0.2707
oar,324,0,63,54.265,225.01,4.2341,0.2707
oar,324,0,64,54.005,224.97,13.4952,0.2571
oar,324,0,65,53.775,224.895,23.1975,0.2285
oar,324,0,66,53.575,224.785,34.3815,0.2302
oar,324,0,67,53.4,224.635,46.738,0.2335
oar,324,0,68,53.26,224.45,59.0342,0.2332
oar,324,0,69,53.155,224.23,69.4456,0.2563
oar,324,0,70,53.08,223.98,77.0041,0.2668
oar,324,0,71,53.335,223.85,0.0,0.57
oar,324,0,72,53.635,223.92,77.9044,0.1432
oar,324,0,73,53.675,224.055,68.962,0.1393
oar,324,0,74,53.74,224.175,53.9697,0.136
oar,324,0,75,53.825,224.28,48.0145,0.1345
oar,324,0,76,53.92,224.365,34.9952,0.1221
oar,324,0,77,54.035,224.43,24.7741,0.1432
oar,324,0,78,54.165,224.48,17.106,0.136
oar,324,0,79,54.305,224.505,3.8061,0.1503
oar,324,0,80,54.465,224.5,173.2937,0.1712
oar,324,0,81,54.625,224.47,165.0657,0.1552
oar,324,0,82,54.77,224.415,153.4424,0.1565
oar,324,0,83,54.9,224.335,143.1217,0.15
oar,324,0,84,55.005,224.23,126.8711,0.15
oar,324,0,85,55.09,224.105,121.6071,0.1526
oar,324,0,86,55.15,223.96,104.0375,0.1649
oar,324,0,87,55.18,223.8,97.125,0.1612
oar,324,0,88,55.18,223.62,84.2896,0.201
oar,324,0,89,55.14,223.445,68.1986,0.1615
oar,324,0,90,55.07,223.305,58.3929,0.1526
oar,324,0,91,54.975,223.19,42.2753,0.1487
oar,324,0,92,54.85,223.1,29.7408,0.1612
oar,324,0,93,54.705,223.035,18.4415,0.1581
oar,324,0,94,54.545,222.995,10.0075,0.1726
oar,324,0,95,54.37,222.975,3.1732,0.1803
oar,324,0,96,54.29,222.715,92.2458,0.5104
oar,325,0,0,57.685,223.95,53.7347,2.6542
oar,325,0,1,56.81,222.74,57.2646,0.3329
oar,325,0,2,56.645,222.45,63.4338,0.3354
oar,325,0,3,56.54,222.225,68.1986,0.1615
oar,325,0,4,56.49,222.07,75.9638,0.1649
oar,325,0,5,56.455,221.905,79.9932,0.1726
oar,325,0,6,56.435,221.735,86.6325,0.1703
oar,325,0,7,56.445,221.5,95.7107,0.3015
oar,325,0,8,56.505,221.21,107.819,0.2941
oar,325,0,9,56.62,220.945,119.2487,0.2865
oar,325,0,10,56.785,220.71,130.8147,0.2907
oar,325,0,11,56.99,220.51,140.7119,0.2842
oar,325,0,12,57.23,220.35,151.7018,0.2953
oar,325,0,13,57.495,220.24,163.4923,0.2816
oar,325,0,14,57.78,220.185,174.2896,0.3015
oar,325,0,15,58.08,220.185,5.7104,0.3015
oar,325,0,16,58.37,220.24,15.9485,0.2912
oar,325,0,17,58.635,220.35,29.2461,0.2865
oar,325,0,18,58.87,220.515,40.8158,0.2907
oar,325,0,19,59.07,220.72,50.7107,0.2843
oar,325,0,20,59.23,220.96,61.6996,0.2953
oar,325,0,21,59.34,221.235,74.5771,0.3008
oar,325,0,22,59.395,221.535,84.4732,0.3115
oar,325,0,23,59.4,221.83,94.0857,0.2807
oar,325,0,24,59.35,222.105,106.5046,0.2816
oar,325,0,25,59.255,222.36,114.6246,0.264
oar,325,0,26,59.125,222.59,124.2863,0.2663
oar,325,0,27,58.955,222.79,136.5497,0.2617
oar,325,0,28,58.75,222.95,147.5262,0.2608
oar,325,0,29,58.515,223.065,160.2019,0.2657
oar,325,0,30,58.255,223.13,171.5712,0.2729
oar,325,0,31,58.0,223.135,7.1247,0.2419
oar,325,0,32,57.77,223.08,19.9869,0.2341
oar,325,0,33,57.655,223.045,134.9672,0.0141
oar,325,0,34,58.265,223.91,54.4309,2.1145
oar,325,0,35,58.675,224.895,148.627,0.4802
oar,325,1,0,57.825,220.69,173.9943,0.1911
oar,325,1,1,57.64,220.725,164.4702,0.1868
oar,325,1,2,57.465,220.8,149.5409,0.1972
oar,325,1,3,57.305,220.91,141.3345,0.1921
oar,325,1,4,57.17,221.04,130.6043,0.1844
oar,325,1,5,57.065,221.195,117.8954,0.1924
oar,325,1,6,56.99,221.37,108.4349,0.1897
oar,325,1,7,56.95,221.56,95.7104,0.201
oar,325,1,8,56.95,221.755,83.99,0.191
oar,325,1,9,56.99,221.94,71.568,0.1898
oar,325,1,10,57.07,222.11,57.9946,0.1887
oar,325,1,11,57.18,222.265,51.3393,0.1921
oar,325,1,12,57.315,222.4,38.6591,0.1921
oar,325,1,13,57.475,222.505,27.896,0.1924
oar,325,1,14,57.645,222.58,19.4395,0.1803
oar,325,1,15,57.825,222.62,6.0057,0.1911
oar,325,1,16,58.01,222.625,176.8268,0.1803
oar,325,1,17,58.19,222.59,161.5658,0.1897
oar,325,1,18,58.365,222.515,152.1034,0.1924
oar,325,1,19,58.52,222.41,139.3925,0.1844
oar,325,1,20,58.655,222.275,130.9158,0.1985
oar,325,1,21,58.77,222.115,120.4677,0.1972
oar,325,1,22,58.85,221.935,107.5257,0.1993
oar,325,1,23,58.89,221.735,95.4399,0.211
oar,325,1,24,58.89,221.535,83.99,0.191
oar,325,1,25,58.85,221.35,71.5669,0.1898
oar,325,1,26,58.775,221.18,60.6428,0.1836
oar,325,1,27,58.665,221.03,47.1185,0.191
oar,325,1,28,58.53,220.9,40.6003,0.1844
oar,325,1,29,58.375,220.795,27.896,0.1924
oar,325,1,30,58.2,220.725,15.5295,0.1868
oar,325,1,31,58.015,220.69,6.0058,0.191
oar,326,0,0,60.815,224.82,11.0391,0.4177
oar,326,0,1,60.445,224.67,33.6901,0.3966
oar,326,0,2,60.175,224.395,57.5303,0.3912
oar,326,0,3,60.03,224.02,79.2155,0.4275
oar,326,0,4,60.03,223.605,101.0406,0.4177
oar,326,0,5,60.175,223.235,122.4697,0.3912
oar,326,0,6,60.445,222.965,147.53,0.3911
oar,326,0,7,60.815,222.82,168.9609,0.4177
oar,326,0,8,61.235,222.82,10.5374,0.4374
oar,326,0,9,61.615,222.965,32.4703,0.3911
oar,326,0,10,61.885,223.235,57.5298,0.3912
oar,326,0,11,62.03,223.605,78.9594,0.4177
oar,326,0,12,62.03,224.02,100.7845,0.4275
oar,326,0,13,61.885,224.395,122.4702,0.3912
oar,326,0,14,61.615,224.67,146.3096,0.3966
oar,326,0,15,61.235,224.82,169.4626,0.4374
oar,326,1,0,60.915,223.285,166.6027,0.2159
oar,326,1,1,60.725,223.365,147.0985,0.2025
oar,326,1,2,60.58,223.51,123.6909,0.2163
oar,326,1,3,60.495,223.705,103.391,0.2159
oar,326,1,4,60.495,223.92,77.196,0.2256
oar,326,1,5,60.58,224.12,56.3091,0.2163
oar,326,1,6,60.725,224.27,35.2162,0.2081
oar,326,1,7,60.915,224.355,13.3894,0.2159
oar,326,1,8,61.13,224.355,167.1988,0.2256
oar,326,1,9,61.33,224.27,146.3111,0.2163
oar,326,1,10,61.48,224.12,123.6909,0.2163
oar,326,1,11,61.565,223.92,102.804,0.2256
oar,326,1,12,61.565,223.705,76.609,0.2159
oar,326,1,13,61.48,223.51,56.3091,0.2163
oar,326,1,14,61.33,223.365,31.4261,0.2109
oar,326,1,15,61.13,223.285,12.8087,0.2256
oar,327,0,0,65.14,223.26,90.0,3.64
oar,327,0,1,63.745,223.005,56.0876,5.0007
oar,327,0,2,63.49,220.93,0.0,2.28
oar,327,0,3,64.63,220.59,90.0,0.68
oar,327,0,4,64.885,220.25,0.0,0.51
oar,327,0,5,65.14,220.59,90.0,0.68
oar,327,0,6,65.405,220.93,0.0,0.53
oar,327,0,7,65.67,221.185,90.0,0.51
oar,327,0,8,65.405,221.44,0.0,0.53
oar,327,1,0,63.975,221.44,0.0,1.31
oar,327,1,1,63.97,222.395,55.7597,2.3104
oar,327,1,2,64.625,223.35,0.0,0.01
oar,327,1,3,64.63,222.395,90.0,1.91
oar,328,0,0,67.725,220.175,2.729,0.2102
oar,328,0,1,67.93,220.205,14.0326,0.2062
oar,328,0,2,68.12,220.27,23.9679,0.197
oar,328,0,3,68.29,220.36,31.9985,0.1887
oar,328,0,4,68.44,220.47,40.6003,0.1844
oar,328,0,5,68.575,220.605,49.0908,0.1985
oar,328,0,6,68.695,220.76,55.4919,0.1942
oar,328,0,7,68.8,220.93,60.9429,0.2059
oar,328,0,8,68.93,221.21,67.1671,0.4123
oar,328,0,9,69.065,221.6,74.6234,0.4148
oar,328,0,10,69.135,221.9,81.4688,0.2022
oar,328,0,11,69.165,222.1,81.4701,0.2022
oar,328,0,12,69.185,222.3,87.1372,0.2003
oar,328,0,13,69.195,222.49,86.8194,0.1803
oar,328,0,14,69.195,222.67,93.1806,0.1803
oar,328,0,15,69.185,222.86,92.8628,0.2003
oar,328,0,16,69.165,223.06,98.5312,0.2022
oar,328,0,17,69.135,223.26,98.5299,0.2022
oar,328,0,18,69.065,223.565,105.0183,0.4245
oar,328,0,19,68.935,223.965,111.0385,0.4178
oar,328,0,20,68.81,224.245,120.4632,0.1972
oar,328,0,21,68.7,224.415,125.2209,0.2081
oar,328,0,22,68.575,224.57,132.8753,0.1911
oar,328,0,23,68.44,224.705,137.1199,0.1911
oar,328,0,24,68.29,224.82,147.9936,0.1887
oar,328,0,25,68.12,224.91,156.0402,0.197
oar,328,0,26,67.935,224.975,165.2601,0.1965
oar,328,0,27,67.73,225.01,174.8006,0.2209
oar,328,0,28,67.515,225.01,5.4456,0.211
oar,328,0,29,67.31,224.975,14.0326,0.2062
oar,328,0,30,67.12,224.91,23.9598,0.197
oar,328,0,31,66.95,224.82,32.0064,0.1887
oar,328,0,32,66.8,224.705,42.8801,0.1911
oar,328,0,33,66.665,224.57,47.1247,0.1911
oar,328,0,34,66.545,224.415,57.092,0.2025
oar,328,0,35,66.44,224.245,59.5349,0.1972
oar,328,0,36,66.31,223.965,67.6935,0.4215
oar,328,0,37,66.18,223.565,76.2934,0.422
oar,328,0,38,66.11,223.26,78.6905,0.204
oar,328,0,39,66.08,223.06,84.2877,0.201
oar,328,0,40,66.06,222.86,84.2907,0.201
oar,328,0,41,66.05,222.67,90.0,0.18
oar,328,0,42,66.05,222.49,90.0,0.18
oar,328,0,43,66.06,222.3,95.7093,0.201
oar,328,0,44,66.08,222.1,95.7115,0.201
oar,328,0,45,66.11,221.9,101.3112,0.2039
oar,328,0,46,66.18,221.6,104.0362,0.4123
oar,328,0,47,66.31,221.21,112.8329,0.4123
oar,328,0,48,66.44,220.93,119.0571,0.2059
oar,328,0,49,66.545,220.76,124.5081,0.1942
oar,328,0,50,66.665,220.605,130.9092,0.1985
oar,328,0,51,66.805,220.47,141.3416,0.1921
oar,328,0,52,66.96,220.36,148.0003,0.1887
oar,328,0,53,67.125,220.27,154.7939,0.1879
oar,328,0,54,67.31,220.205,165.9674,0.2062
oar,328,0,55,67.515,220.175,177.271,0.2102
oar,328,1,0,67.695,224.5,172.4096,0.1513
oar,328,1,1,67.84,224.47,164.0513,0.1456
oar,328,1,2,67.97,224.415,149.7415,0.1389
oar,328,1,3,68.085,224.34,143.9755,0.136
oar,328,1,4,68.23,224.185,128.0458,0.2921
oar,328,1,5,68.395,223.93,118.1789,0.3176
oar,328,1,6,68.52,223.635,107.8786,0.3257
oar,328,1,7,68.605,223.32,102.3388,0.3276
oar,328,1,8,68.655,223.005,95.5288,0.3114
oar,328,1,9,68.68,222.72,94.3983,0.2607
oar,328,1,10,68.68,222.455,85.7646,0.2708
oar,328,1,11,68.655,222.17,84.288,0.3015
oar,328,1,12,68.605,221.86,77.6612,0.3276
oar,328,1,13,68.52,221.545,72.1214,0.3257
oar,328,1,14,68.395,221.25,61.8211,0.3176
oar,328,1,15,68.23,220.995,51.9542,0.2921
oar,328,1,16,68.085,220.84,36.0245,0.136
oar,328,1,17,67.97,220.765,30.2585,0.1389
oar,328,1,18,67.84,220.71,15.9487,0.1456
oar,328,1,19,67.695,220.685,3.8061,0.1503
oar,328,1,20,67.545,220.685,176.1939,0.1503
oar,328,1,21,67.405,220.71,162.8935,0.136
oar,328,1,22,67.275,220.765,151.6976,0.1477
oar,328,1,23,67.155,220.84,143.9755,0.136
oar,328,1,24,67.01,220.995,128.0458,0.2921
oar,328,1,25,66.85,221.25,116.5651,0.313
oar,328,1,26,66.73,221.545,107.8799,0.3257
oar,328,1,27,66.645,221.86,102.3388,0.3276
oar,328,1,28,66.59,222.17,97.5951,0.3026
oar,328,1,29,66.565,222.455,92.1198,0.2702
oar,328,1,30,66.565,222.72,87.7984,0.2602
oar,328,1,31,66.59,223.005,82.6474,0.3126
oar,328,1,32,66.645,223.32,77.6612,0.3276
oar,328,1,33,66.73,223.635,72.1201,0.3257
oar,328,1,34,66.85,223.93,63.4349,0.313
oar,328,1,35,67.01,224.185,51.9542,0.2921
oar,328,1,36,67.155,224.34,36.0245,0.136
oar,328,1,37,67.275,224.415,28.3024,0.1477
oar,328,1,38,67.405,224.47,17.1065,0.136
oar,328,1,39,67.545,224.5,7.5904,0.1513
oar,329,0,0,70.205,220.835,12.9944,0.1334
oar,329,0,1,70.085,220.78,36.0226,0.136
oar,329,0,2,69.995,220.69,55.0097,0.1221
oar,329,0,3,69.945,220.575,77.0064,0.1334
oar,329,0,4,69.945,220.44,102.0931,0.1432
oar,329,0,5,69.995,220.32,124.9985,0.122
oar,329,0,6,70.085,220.23,143.967,0.136
oar,329,0,7,70.205,220.18,171.2584,0.1315
oar,329,0,8,70.335,220.18,8.7416,0.1315
oar,329,0,9,70.455,220.23,36.033,0.136
oar,329,0,10,70.545,220.32,55.0015,0.122
oar,329,0,11,70.595,220.44,77.9069,0.1432
oar,329,0,12,70.595,220.575,102.9936,0.1334
oar,329,0,13,70.545,220.69,124.9903,0.1221
oar,329,0,14,70.455,220.78,143.9774,0.136
oar,329,0,15,70.335,220.835,167.0056,0.1334
oar,330,0,0,74.36,224.595,90.0,0.51
oar,330,0,1,73.455,224.85,0.0,1.81
oar,330,0,2,72.195,223.665,73.3229,2.4741
oar,330,0,3,71.895,222.48,0.0,0.11
oar,330,0,4,72.035,222.565,44.9961,0.2404
oar,330,0,5,72.225,222.715,31.7606,0.247
oar,330,0,6,72.45,222.82,18.4322,0.253
oar,330,0,7,72.69,222.875,7.1248,0.2419
oar,330,0,8,72.92,222.88,174.8084,0.2209
oar,330,0,9,73.135,222.835,161.5632,0.2214
oar,330,0,10,73.33,222.75,150.944,0.2059
oar,330,0,11,73.505,222.635,142.601,0.214
oar,330,0,12,73.655,222.485,127.4026,0.214
oar,330,0,13,73.775,222.31,121.4307,0.2109
oar,330,0,14,73.86,222.12,106.6976,0.2088
oar,330,0,15,73.9,221.91,95.1955,0.2209
oar,330,0,16,73.9,221.69,84.8045,0.2209
oar,330,0,17,73.86,221.475,74.0546,0.2184
oar,330,0,18,73.78,221.275,62.2421,0.2147
oar,330,0,19,73.66,221.095,50.5248,0.2202
oar,330,0,20,73.51,220.94,41.1882,0.2126
oar,330,0,21,73.335,220.82,27.7597,0.2147
oar,330,0,22,73.135,220.735,18.4368,0.2214
oar,330,0,23,72.915,220.69,4.9671,0.2309
oar,330,0,24,72.72,220.685,176.4203,0.1603
oar,330,0,25,72.565,220.71,165.0657,0.1552
oar,330,0,26,72.41,220.76,159.4443,0.1709
oar,330,0,27,72.26,220.83,150.2592,0.1612
oar,330,0,28,72.12,220.92,144.4606,0.172
oar,330,0,29,71.995,221.03,132.5118,0.1628
oar,330,0,30,71.89,221.155,127.5671,0.164
oar,330,0,31,71.81,221.29,113.2027,0.1523
oar,330,0,32,71.565,221.16,42.9295,0.5873
oar,330,0,33,71.405,220.87,121.4307,0.2109
oar,330,0,34,71.53,220.7,131.1852,0.2126
oar,330,0,35,71.68,220.555,140.9057,0.2062
oar,330,0,36,71.85,220.43,146.3111,0.2163
oar,330,0,37,72.035,220.325,154.6541,0.2102
oar,330,0,38,72.23,220.25,163.3018,0.2088
oar,330,0,39,72.435,220.2,169.2134,0.2138
oar,330,0,40,72.65,220.175,177.3949,0.2202
oar,330,0,41,72.845,220.17,0.0,0.17
oar,330,0,42,73.015,220.185,10.0077,0.1726
oar,330,0,43,73.18,220.215,10.6296,0.1628
oar,330,0,44,73.34,220.255,17.3504,0.1676
oar,330,0,45,73.56,220.35,26.5626,0.313
oar,330,0,46,73.825,220.515,37.2352,0.314
oar,330,0,47,74.05,220.73,50.1962,0.3124
oar,330,0,48,74.225,220.985,60.9442,0.3089
oar,330,0,49,74.325,221.195,71.5659,0.1581
oar,330,0,50,74.37,221.355,76.7602,0.1747
oar,330,0,51,74.405,221.525,79.9914,0.1726
oar,330,0,52,74.425,221.695,86.6331,0.1703
oar,330,0,53,74.415,221.935,95.5274,0.3114
oar,330,0,54,74.365,222.24,103.1345,0.308
oar,330,0,55,74.27,222.53,113.1992,0.3046
oar,330,0,56,74.125,222.79,125.3086,0.2941
oar,330,0,57,73.935,223.01,136.3997,0.29
oar,330,0,58,73.71,223.19,146.3091,0.2884
oar,330,0,59,73.52,223.295,160.3404,0.1487
oar,330,0,60,73.375,223.345,161.5685,0.1581
oar,330,0,61,73.225,223.38,172.4096,0.1513
oar,330,0,62,73.065,223.395,176.6302,0.1703
oar,330,0,63,72.82,223.39,3.5744,0.3206
oar,330,0,64,72.805,223.86,73.1915,1.0028
oar,330,0,65,73.655,224.34,0.0,1.41
oar,331,0,0,75.25,224.195,67.0113,1.7923
oar,331,0,1,75.08,223.3,158.7475,0.3863
oar,331,0,2,75.68,224.03,62.3007,1.8071
oar,331,0,3,75.85,224.925,159.193,0.5349
oar,332,0,0,77.155,220.25,0.0,0.59
oar,332,0,1,77.45,221.985,90.0,3.47
oar,332,0,2,79.155,221.89,132.9748,5.0024
oar,332,0,3,80.86,222.455,90.0,4.79
oar,332,0,4,80.56,224.85,0.0,0.6
oar,332,0,5,80.26,223.17,90.0,3.36
oar,332,0,6,78.56,223.28,133.5227,4.9373
oar,332,0,7,76.86,222.66,90.0,4.82
oar,333,0,0,100.13,541.605,90.0,4.09
oar,333,0,1,100.385,539.56,0.0,0.51
oar,333,0,2,100.64,541.86,90.0,4.6
oar,333,0,3,100.145,544.16,0.0,0.99
oar,333,0,4,99.49,543.905,57.8937,0.6021
oar,333,0,5,99.73,543.65,0.0,0.8
oar,334,0,0,104.31,541.02,51.7099,2.4207
oar,334,0,1,105.125,542.08,59.421,0.2555
oar,334,0,2,105.24,542.31,67.379,0.26
oar,334,0,3,105.325,542.555,74.3578,0.2596
oar,334,0,4,105.37,542.81,85.602,0.2608
oar,334,0,5,105.365,543.09,95.7104,0.3015
oar,334,0,6,105.31,543.37,107.103,0.272
oar,334,0,7,105.205,543.62,118.4426,0.2729
oar,334,0,8,105.05,543.84,131.9872,0.2691
oar,334,0,9,104.855,544.025,141.0086,0.2702
oar,334,0,10,104.63,544.17,153.4357,0.2683
oar,334,0,11,104.38,544.265,164.9313,0.2693
oar,334,0,12,104.105,544.315,174.0934,0.2915
oar,334,0,13,103.81,544.315,5.711,0.3015
oar,334,0,14,103.525,544.265,14.5346,0.2789
oar,334,0,15,103.27,544.175,24.6232,0.264
oar,334,0,16,103.05,544.04,38.6602,0.2561
oar,334,0,17,102.865,543.86,49.6359,0.2625
oar,334,0,18,102.71,543.64,59.7434,0.2778
oar,334,0,19,102.595,543.385,71.5643,0.2846
oar,334,0,20,102.525,543.1,80.5385,0.3041
oar,334,0,21,102.785,542.95,0.0,0.57
oar,334,0,22,103.085,543.04,80.5381,0.1825
oar,334,0,23,103.13,543.21,69.4447,0.1709
oar,334,0,24,103.2,543.365,61.9266,0.17
oar,334,0,25,103.295,543.505,49.7637,0.1703
oar,334,0,26,103.415,543.62,37.5688,0.164
oar,334,0,27,103.555,543.71,28.0728,0.17
oar,334,0,28,103.71,543.775,17.3534,0.1676
oar,334,0,29,103.875,543.81,6.7101,0.1712
oar,334,0,30,104.05,543.81,173.6597,0.1811
oar,334,0,31,104.22,543.775,162.6458,0.1676
oar,334,0,32,104.38,543.705,150.6428,0.1836
oar,334,0,33,104.525,543.605,139.7629,0.1703
oar,334,0,34,104.65,543.485,132.7098,0.1769
oar,334,0,35,104.75,543.345,118.0734,0.17
oar,334,0,36,104.82,543.185,109.4391,0.1803
oar,334,0,37,104.86,543.01,96.3391,0.1811
oar,334,0,38,104.85,542.805,80.134,0.2335
oar,334,0,39,104.78,542.58,65.5561,0.2417
oar,334,0,40,104.665,542.365,58.2414,0.247
oar,334,0,41,104.53,542.165,53.6156,0.236
oar,334,0,42,103.445,540.815,51.0353,3.2282
oar,334,0,43,103.905,539.56,0.0,2.95
oar,334,0,44,105.38,539.815,90.0,0.51
oar,334,0,45,104.47,540.07,0.0,1.82
oar,335,0,0,107.22,541.605,90.0,4.09
oar,335,0,1,107.475,539.56,0.0,0.51
oar,335,0,2,107.73,541.86,90.0,4.6
oar,335,0,3,107.23,544.16,0.0,1.0
oar,335,0,4,106.575,543.905,58.7065,0.5968
oar,335,0,5,106.82,543.65,0.0,0.8
oar,336,0,0,110.325,544.13,11.0411,0.4177
oar,336,0,1,109.955,543.985,32.4715,0.3911
oar,336,0,2,109.685,543.715,57.5288,0.3911
oar,336,0,3,109.54,543.34,79.2155,0.4276
oar,336,0,4,109.54,542.92,100.7846,0.4275
oar,336,0,5,109.685,542.545,122.4709,0.3912
oar,336,0,6,109.955,542.275,147.5285,0.3911
oar,336,0,7,110.325,542.13,168.9589,0.4177
oar,336,0,8,110.745,542.13,10.5394,0.4374
oar,336,0,9,111.125,542.275,32.4709,0.3912
oar,336,0,10,111.395,542.545,57.5291,0.3912
oar,336,0,11,111.54,542.92,79.2154,0.4275
oar,336,0,12,111.54,543.34,100.7845,0.4276
oar,336,0,13,111.395,543.715,122.4712,0.3911
oar,336,0,14,111.125,543.985,147.5291,0.3912
oar,336,0,15,110.745,544.13,169.4606,0.4374
oar,336,1,0,110.425,542.595,166.6076,0.2159
oar,336,1,1,110.235,542.675,147.0943,0.2025
oar,336,1,2,110.09,542.82,123.6906,0.2163
oar,336,1,3,110.005,543.02,102.8052,0.2256
oar,336,1,4,110.005,543.235,76.6067,0.2159
oar,336,1,5,110.09,543.43,56.3094,0.2163
oar,336,1,6,110.235,543.58,35.2185,0.2081
oar,336,1,7,110.425,543.665,13.3924,0.2159
oar,336,1,8,110.64,543.665,167.196,0.2256
oar,336,1,9,110.84,543.58,146.3094,0.2163
oar,336,1,10,110.99,543.43,123.6889,0.2163
oar,336,1,11,111.075,543.235,103.3933,0.2159
oar,336,1,12,111.075,543.02,77.1948,0.2256
oar,336,1,13,110.99,542.82,56.3111,0.2163
oar,336,1,14,110.84,542.675,31.4297,0.211
oar,336,1,15,110.64,542.595,12.804,0.2256
oar,337,0,0,114.65,542.575,90.0,3.65
oar,337,0,1,113.255,542.32,56.1513,5.009
oar,337,0,2,113.0,540.24,0.0,2.28
oar,337,0,3,114.14,539.9,90.0,0.68
oar,337,0,4,114.395,539.56,0.0,0.51
oar,337,0,5,114.65,539.9,90.0,0.68
oar,337,0,6,114.915,540.24,0.0,0.53
oar,337,0,7,115.18,540.495,90.0,0.51
oar,337,0,8,114.915,540.75,0.0,0.53
oar,337,1,0,113.485,540.75,0.0,1.31
oar,337,1,1,113.48,541.705,55.7596,2.3104
oar,337,1,2,114.135,542.66,0.0,0.01
oar,337,1,3,114.14,541.705,90.0,1.91
oar,338,0,0,116.895,543.26,53.7346,2.6541
oar,338,0,1,116.02,542.05,57.2646,0.3329
oar,338,0,2,115.855,541.765,62.65,0.3265
oar,338,0,3,115.75,541.54,69.4447,0.1709
oar,338,0,4,115.7,541.38,75.9634,0.1649
oar,338,0,5,115.665,541.215,79.9925,0.1726
oar,338,0,6,115.645,541.045,86.6328,0.1703
oar,338,0,7,115.655,540.81,95.7104,0.3015
oar,338,0,8,115.715,540.52,107.8195,0.2941
oar,338,0,9,115.835,540.255,120.964,0.2915
oar,338,0,10,116.0,540.02,129.2898,0.2843
oar,338,0,11,116.205,539.82,141.9524,0.2921
oar,338,0,12,116.445,539.66,150.7513,0.2865
oar,338,0,13,116.71,539.55,164.0542,0.2912
oar,338,0,14,116.995,539.495,174.0941,0.2915
oar,338,0,15,117.29,539.495,5.7103,0.3015
oar,338,0,16,117.58,539.555,17.819,0.2941
oar,338,0,17,117.85,539.665,26.5651,0.2907
oar,338,0,18,118.085,539.825,42.1375,0.2832
oar,338,0,19,118.28,540.035,51.9529,0.2921
oar,338,0,20,118.44,540.275,60.7513,0.2865
oar,338,0,21,118.55,540.545,74.5775,0.3008
oar,338,0,22,118.605,540.845,84.4726,0.3114
oar,338,0,23,118.61,541.14,94.0864,0.2807
oar,338,0,24,118.565,541.415,104.5344,0.2789
oar,338,0,25,118.47,541.67,116.5643,0.2683
oar,338,0,26,118.335,541.9,124.287,0.2663
oar,338,0,27,118.165,542.1,136.5485,0.2617
oar,338,0,28,117.96,542.26,147.5291,0.2608
oar,338,0,29,117.725,542.375,160.2011,0.2657
oar,338,0,30,117.465,542.44,171.5727,0.2729
oar,338,0,31,117.21,542.445,7.1257,0.2419
oar,338,0,32,116.985,542.39,20.8534,0.2247
oar,338,0,33,116.87,542.355,153.4349,0.0224
oar,338,0,34,117.475,543.22,54.4308,2.1145
oar,338,0,35,117.885,544.205,148.6272,0.4802
oar,338,1,0,117.035,540.0,173.9907,0.191
oar,338,1,1,116.85,540.04,161.5658,0.1897
oar,338,1,2,116.675,540.115,152.1014,0.1924
oar,338,1,3,116.52,540.22,139.4004,0.1844
oar,338,1,4,116.385,540.35,132.8784,0.191
oar,338,1,5,116.275,540.505,117.8966,0.1924
oar,338,1,6,116.2,540.685,107.5268,0.1993
oar,338,1,7,116.16,540.875,96.008,0.191
oar,338,1,8,116.16,541.065,83.9921,0.1911
oar,338,1,9,116.205,541.25,68.7492,0.1931
oar,338,1,10,116.285,541.42,60.6411,0.1836
oar,338,1,11,116.39,541.575,51.3416,0.1921
oar,338,1,12,116.525,541.71,38.6593,0.1921
oar,338,1,13,116.685,541.815,27.8976,0.1924
oar,338,1,14,116.86,541.89,18.4353,0.1897
oar,338,1,15,117.04,541.935,9.4619,0.1825
oar,338,1,16,117.22,541.94,173.6597,0.1811
oar,338,1,17,117.4,541.9,161.5658,0.1897
oar,338,1,18,117.575,541.825,152.1035,0.1924
oar,338,1,19,117.735,541.72,141.3393,0.1921
oar,338,1,20,117.87,541.59,130.6013,0.1844
oar,338,1,21,117.98,541.43,119.0542,0.2059
oar,338,1,22,118.06,541.245,107.5271,0.1992
oar,338,1,23,118.1,541.045,95.4394,0.2109
oar,338,1,24,118.1,540.845,83.9921,0.1911
oar,338,1,25,118.06,540.66,71.5632,0.1897
oar,338,1,26,117.985,540.49,60.6432,0.1836
oar,338,1,27,117.875,540.34,47.1207,0.1911
oar,338,1,28,117.74,540.21,40.6012,0.1844
oar,338,1,29,117.585,540.105,27.8976,0.1924
oar,338,1,30,117.41,540.035,15.5239,0.1868
oar,338,1,31,117.225,540.0,6.0091,0.1911
oar,339,0,0,119.715,540.145,12.9944,0.1334
oar,339,0,1,119.595,540.095,32.4709,0.1304
oar,339,0,2,119.505,540.005,57.5291,0.1304
oar,339,0,3,119.455,539.885,77.006,0.1334
oar,339,0,4,119.455,539.75,102.0943,0.1432
oar,339,0,5,119.505,539.63,124.9913,0.1221
oar,339,0,6,119.595,539.54,143.9735,0.136
oar,339,0,7,119.715,539.49,171.2535,0.1315
oar,339,0,8,119.845,539.49,8.7465,0.1315
oar,339,0,9,119.965,539.54,36.0265,0.136
oar,339,0,10,120.055,539.63,55.0087,0.1221
oar,339,0,11,120.105,539.75,77.9057,0.1432
oar,339,0,12,120.105,539.885,102.994,0.1334
oar,339,0,13,120.055,540.005,122.4709,0.1304
oar,339,0,14,119.965,540.095,147.5291,0.1304
oar,339,0,15,119.845,540.145,167.0056,0.1334
oar,340,0,0,122.555,539.485,2.7259,0.2102
oar,340,0,1,122.755,539.515,14.7442,0.1965
oar,340,0,2,122.94,539.58,23.9619,0.197
oar,340,0,3,123.11,539.67,32.0066,0.1887
oar,340,0,4,123.265,539.785,40.9135,0.1985
oar,340,0,5,123.4,539.92,49.3979,0.1844
oar,340,0,6,123.52,540.07,53.1312,0.2
oar,340,0,7,123.63,540.24,60.944,0.2059
oar,340,0,8,123.76,540.52,67.1669,0.4123
oar,340,0,9,123.89,540.91,75.964,0.4123
oar,340,0,10,123.96,541.215,79.2154,0.2138
oar,340,0,11,123.99,541.42,84.2882,0.201
oar,340,0,12,124.01,541.615,83.992,0.191
oar,340,0,13,124.02,541.8,90.0,0.18
oar,340,0,14,124.02,541.985,90.0,0.19
oar,340,0,15,124.01,542.175,96.0079,0.1911
oar,340,0,16,123.99,542.37,95.7118,0.201
oar,340,0,17,123.96,542.57,101.3104,0.204
oar,340,0,18,123.89,542.875,103.7068,0.422
oar,340,0,19,123.76,543.275,112.3055,0.4215
oar,340,0,20,123.63,543.56,119.0566,0.2059
oar,340,0,21,123.525,543.73,124.5081,0.1942
oar,340,0,22,123.405,543.885,130.9142,0.1985
oar,340,0,23,123.265,544.02,141.3407,0.1921
oar,340,0,24,123.11,544.135,145.4907,0.1942
oar,340,0,25,122.945,544.225,157.6197,0.1838
oar,340,0,26,122.76,544.285,165.9632,0.2062
oar,340,0,27,122.555,544.32,174.5606,0.2109
oar,340,0,28,122.34,544.32,5.1935,0.2209
oar,340,0,29,122.135,544.285,14.7442,0.1965
oar,340,0,30,121.95,544.225,21.2512,0.1931
oar,340,0,31,121.78,544.135,34.5081,0.1942
oar,340,0,32,121.625,544.02,38.6593,0.1921
oar,340,0,33,121.49,543.885,51.3409,0.1921
oar,340,0,34,121.37,543.73,53.1301,0.2
oar,340,0,35,121.26,543.56,60.9453,0.2059
oar,340,0,36,121.135,543.275,68.9625,0.4179
oar,340,0,37,121.005,542.875,74.9816,0.4245
oar,340,0,38,120.93,542.57,78.6896,0.204
oar,340,0,39,120.9,542.37,84.2904,0.201
oar,340,0,40,120.885,542.175,86.9866,0.1903
oar,340,0,41,120.875,541.985,86.9865,0.1903
oar,340,0,42,120.875,541.8,93.1805,0.1803
oar,340,0,43,120.885,541.615,93.0135,0.1903
oar,340,0,44,120.905,541.42,98.5304,0.2022
oar,340,0,45,120.935,541.215,98.1298,0.2121
oar,340,0,46,121.005,540.91,105.3763,0.4149
oar,340,0,47,121.135,540.52,111.5411,0.4085
oar,340,0,48,121.26,540.24,119.0542,0.2059
oar,340,0,49,121.37,540.07,126.8706,0.2
oar,340,0,50,121.495,539.92,132.8784,0.191
oar,340,0,51,121.63,539.785,137.1216,0.191
oar,340,0,52,121.78,539.67,147.9946,0.1887
oar,340,0,53,121.95,539.58,156.0372,0.197
oar,340,0,54,122.135,539.515,165.2558,0.1965
oar,340,0,55,122.34,539.485,177.3979,0.2202
oar,340,1,0,122.525,543.81,172.4053,0.1513
oar,340,1,1,122.665,543.78,162.8966,0.136
oar,340,1,2,122.79,543.73,153.4364,0.1342
oar,340,1,3,122.905,543.655,140.7107,0.1421
oar,340,1,4,123.055,543.495,129.559,0.2983
oar,340,1,5,123.22,543.24,116.5647,0.3131
oar,340,1,6,123.34,542.945,107.8799,0.3257
oar,340,1,7,123.425,542.63,102.339,0.3276
oar,340,1,8,123.48,542.315,97.3525,0.3126
oar,340,1,9,123.505,542.03,92.2014,0.2602
oar,340,1,10,123.505,541.765,87.88,0.2702
oar,340,1,11,123.48,541.48,82.4053,0.3027
oar,340,1,12,123.425,541.17,77.661,0.3276
oar,340,1,13,123.34,540.855,72.1201,0.3257
oar,340,1,14,123.22,540.56,63.4353,0.3131
oar,340,1,15,123.055,540.31,49.1854,0.2907
oar,340,1,16,122.905,540.155,39.2893,0.1421
oar,340,1,17,122.79,540.075,30.2558,0.1389
oar,340,1,18,122.665,540.02,17.1034,0.136
oar,340,1,19,122.525,539.995,3.8148,0.1503
oar,340,1,20,122.375,539.995,176.1852,0.1503
oar,340,1,21,122.23,540.02,164.0542,0.1456
oar,340,1,22,122.1,540.075,149.7442,0.1389
oar,340,1,23,121.985,540.155,140.7088,0.1421
oar,340,1,24,121.835,540.31,130.8158,0.2907
oar,340,1,25,121.67,540.56,116.5647,0.3131
oar,340,1,26,121.55,540.855,107.8786,0.3257
oar,340,1,27,121.465,541.17,102.339,0.3276
oar,340,1,28,121.41,541.48,97.5947,0.3027
oar,340,1,29,121.385,541.765,92.1216,0.2702
oar,340,1,30,121.385,542.03,87.7969,0.2602
oar,340,1,31,121.41,542.315,82.6475,0.3126
oar,340,1,32,121.465,542.63,77.661,0.3276
oar,340,1,33,121.55,542.945,72.1214,0.3257
oar,340,1,34,121.67,543.24,63.4353,0.3131
oar,340,1,35,121.835,543.495,50.4399,0.2983
oar,340,1,36,121.985,543.655,39.2912,0.1421
oar,340,1,37,122.1,543.73,26.5636,0.1342
oar,340,1,38,122.23,543.78,15.9458,0.1456
oar,340,1,39,122.375,543.81,7.5947,0.1513
oar,341,0,0,124.76,543.505,67.0114,1.7923
oar,341,0,1,124.59,542.61,158.7496,0.3863
oar,341,0,2,125.19,543.34,62.3007,1.8071
oar,341,0,3,125.36,544.235,159.1933,0.5349
oar,342,0,0,126.17,544.16,0.0,0.62
oar,342,0,1,126.82,541.775,111.9256,5.1419
oar,342,0,2,128.435,541.085,68.8721,3.6343
oar,342,0,3,129.745,541.085,111.1283,3.6343
oar,342,0,4,131.365,541.775,67.9712,5.1457
oar,342,0,5,132.015,544.16,0.0,0.63
oar,342,0,6,131.05,542.525,68.3197,3.5189
oar,342,0,7,129.745,542.61,110.8477,3.681
oar,342,0,8,128.44,542.645,68.9056,3.612
oar,342,0,9,127.135,542.56,112.2629,3.4578
oar,343,0,0,276.2,541.605,90.0,4.09
oar,343,0,1,276.455,539.56,0.0,0.51
oar,343,0,2,276.71,541.86,90.0,4.6
oar,343,0,3,276.21,544.16,0.0,1.0
oar,343,0,4,275.55,543.905,57.8931,0.6021
oar,343,0,5,275.795,543.65,0.0,0.81
oar,344,0,0,280.37,541.02,51.7099,2.4207
oar,344,0,1,281.19,542.08,57.5258,0.2608
oar,344,0,2,281.31,542.31,67.3852,0.26
oar,344,0,3,281.39,542.555,76.5048,0.2571
oar,344,0,4,281.43,542.81,85.597,0.2608
oar,344,0,5,281.425,543.09,95.7104,0.3015
oar,344,0,6,281.37,543.37,107.106,0.272
oar,344,0,7,281.265,543.62,118.444,0.2729
oar,344,0,8,281.115,543.84,130.3616,0.2625
oar,344,0,9,280.925,544.025,141.0075,0.2702
oar,344,0,10,280.7,544.17,153.4371,0.2683
oar,344,0,11,280.445,544.265,165.465,0.2789
oar,344,0,12,280.165,544.315,174.0935,0.2916
oar,344,0,13,279.87,544.315,5.7113,0.3015
oar,344,0,14,279.585,544.265,14.5334,0.2789
oar,344,0,15,279.335,544.175,25.562,0.2549
oar,344,0,16,279.115,544.04,37.305,0.264
oar,344,0,17,278.925,543.86,49.6333,0.2625
oar,344,0,18,278.775,543.64,61.556,0.2729
oar,344,0,19,278.66,543.385,69.6758,0.2879
oar,344,0,20,278.585,543.1,80.5399,0.3041
oar,344,0,21,278.85,542.95,0.0,0.58
oar,344,0,22,279.15,543.04,83.6537,0.1811
oar,344,0,23,279.19,543.21,69.4447,0.1709
oar,344,0,24,279.265,543.365,59.0369,0.1749
oar,344,0,25,279.36,543.505,52.4299,0.164
oar,344,0,26,279.475,543.62,37.5671,0.164
oar,344,0,27,279.615,543.71,28.074,0.17
oar,344,0,28,279.77,543.775,17.3534,0.1676
oar,344,0,29,279.935,543.81,6.7107,0.1712
oar,344,0,30,280.11,543.81,173.6594,0.1811
oar,344,0,31,280.285,543.775,163.6119,0.1772
oar,344,0,32,280.445,543.705,149.0352,0.1749
oar,344,0,33,280.59,543.605,141.8455,0.1781
oar,344,0,34,280.715,543.485,130.2324,0.1703
oar,344,0,35,280.815,543.345,120.9631,0.1749
oar,344,0,36,280.885,543.185,106.395,0.1772
oar,344,0,37,280.92,543.01,96.3367,0.1811
oar,344,0,38,280.91,542.805,80.1321,0.2335
oar,344,0,39,280.845,542.58,67.7516,0.2377
oar,344,0,40,280.735,542.365,58.2399,0.247
oar,344,0,41,280.595,542.165,51.7108,0.2421
oar,344,0,42,279.51,540.815,51.1737,3.2219
oar,344,0,43,279.97,539.56,0.0,2.94
oar,344,0,44,281.44,539.815,90.0,0.51
oar,344,0,45,280.53,540.07,0.0,1.82
oar,345,0,0,283.28,541.605,90.0,4.09
oar,345,0,1,283.535,539.56,0.0,0.51
oar,345,0,2,283.79,541.86,90.0,4.6
oar,345,0,3,283.295,544.16,0.0,0.99
oar,345,0,4,282.64,543.905,57.8955,0.6021
oar,345,0,5,282.88,543.65,0.0,0.8
oar,346,0,0,286.39,544.13,10.7842,0.4276
oar,346,0,1,286.02,543.985,33.2767,0.3827
oar,346,0,2,285.75,543.715,56.3096,0.3966
oar,346,0,3,285.605,543.34,80.5367,0.4258
oar,346,0,4,285.605,542.92,99.4633,0.4258
oar,346,0,5,285.75,542.545,123.6901,0.3966
oar,346,0,6,286.02,542.275,146.7233,0.3827
oar,346,0,7,286.39,542.13,169.2158,0.4276
oar,346,0,8,286.81,542.13,10.7842,0.4276
oar,346,0,9,287.185,542.275,32.4721,0.3911
oar,346,0,10,287.46,542.545,56.3099,0.3966
oar,346,0,11,287.605,542.92,80.5367,0.4258
oar,346,0,12,287.605,543.34,99.4633,0.4258
oar,346,0,13,287.46,543.715,123.6904,0.3966
oar,346,0,14,287.185,543.985,147.5279,0.3911
oar,346,0,15,286.81,544.13,169.2158,0.4276
oar,346,1,0,286.495,542.595,166.6072,0.2159
oar,346,1,1,286.3,542.675,148.5736,0.211
oar,346,1,2,286.15,542.82,123.6889,0.2163
oar,346,1,3,286.07,543.02,100.2994,0.2236
oar,346,1,4,286.07,543.235,79.2214,0.2138
oar,346,1,5,286.15,543.43,56.3111,0.2163
oar,346,1,6,286.3,543.58,33.6873,0.2164
oar,346,1,7,286.495,543.665,13.3928,0.2159
oar,346,1,8,286.71,543.665,167.196,0.2256
oar,346,1,9,286.91,543.58,146.3083,0.2163
oar,346,1,10,287.06,543.43,123.6889,0.2163
oar,346,1,11,287.14,543.235,100.7866,0.2138
oar,346,1,12,287.14,543.02,79.6929,0.2236
oar,346,1,13,287.06,542.82,56.3111,0.2163
oar,346,1,14,286.91,542.675,31.4307,0.2109
oar,346,1,15,286.71,542.595,12.804,0.2256
oar,347,0,0,290.72,542.575,90.0,3.65
oar,347,0,1,289.325,542.32,56.1512,5.009
oar,347,0,2,289.07,540.24,0.0,2.28
oar,347,0,3,290.21,539.9,90.0,0.68
oar,347,0,4,290.465,539.56,0.0,0.51
oar,347,0,5,290.72,539.9,90.0,0.68
oar,347,0,6,290.985,540.24,0.0,0.53
oar,347,0,7,291.25,540.495,90.0,0.51
oar,347,0,8,290.985,540.75,0.0,0.53
oar,347,1,0,289.555,540.75,0.0,1.31
oar,347,1,1,289.545,541.705,55.965,2.3048
oar,347,1,2,290.2,542.66,0.0,0.02
oar,347,1,3,290.21,541.705,90.0,1.91
oar,348,0,0,294.62,543.905,90.0,0.51
oar,348,0,1,293.715,544.16,0.0,1.81
oar,348,0,2,292.455,542.975,73.3231,2.4741
oar,348,0,3,292.155,541.79,0.0,0.11
oar,348,0,4,292.295,541.88,46.6344,0.2476
oar,348,0,5,292.485,542.03,29.7457,0.2419
oar,348,0,6,292.71,542.13,18.436,0.253
oar,348,0,7,292.95,542.185,7.1241,0.2419
oar,348,0,8,293.18,542.19,174.8055,0.2209
oar,348,0,9,293.395,542.145,161.5644,0.2214
oar,348,0,10,293.59,542.06,150.9448,0.2059
oar,348,0,11,293.765,541.945,142.5966,0.214
oar,348,0,12,293.915,541.8,129.0884,0.2061
oar,348,0,13,294.035,541.625,120.0723,0.2196
oar,348,0,14,294.12,541.43,106.6985,0.2088
oar,348,0,15,294.165,541.22,97.7648,0.222
oar,348,0,16,294.165,541.0,82.2351,0.222
oar,348,0,17,294.12,540.785,74.0554,0.2184
oar,348,0,18,294.04,540.585,62.2398,0.2147
oar,348,0,19,293.92,540.405,50.5311,0.2202
oar,348,0,20,293.77,540.25,41.1852,0.2126
oar,348,0,21,293.595,540.13,27.7579,0.2147
oar,348,0,22,293.395,540.045,18.4356,0.2214
oar,348,0,23,293.175,540.0,4.9696,0.2309
oar,348,0,24,292.98,539.995,176.4243,0.1603
oar,348,0,25,292.825,540.02,165.0677,0.1552
oar,348,0,26,292.67,540.07,159.444,0.1709
oar,348,0,27,292.52,540.14,150.2583,0.1613
oar,348,0,28,292.38,540.23,144.4586,0.172
oar,348,0,29,292.255,540.34,132.5148,0.1628
oar,348,0,30,292.15,540.465,127.5616,0.164
oar,348,0,31,292.07,540.6,113.1978,0.1523
oar,348,0,32,291.825,540.47,42.9285,0.5873
oar,348,0,33,291.665,540.18,121.4332,0.211
oar,348,0,34,291.79,540.01,131.1827,0.2126
oar,348,0,35,291.94,539.865,140.9074,0.2062
oar,348,0,36,292.11,539.74,146.3083,0.2163
oar,348,0,37,292.295,539.64,157.1671,0.2062
oar,348,0,38,292.49,539.565,160.7111,0.2119
oar,348,0,39,292.695,539.51,169.215,0.2138
oar,348,0,40,292.91,539.485,177.3979,0.2202
oar,348,0,41,293.105,539.48,0.0,0.17
oar,348,0,42,293.275,539.495,10.0086,0.1726
oar,348,0,43,293.44,539.525,10.619,0.1628
oar,348,0,44,293.6,539.565,17.3534,0.1676
oar,348,0,45,293.82,539.66,26.5657,0.313
oar,348,0,46,294.085,539.825,37.2346,0.314
oar,348,0,47,294.31,540.04,50.1925,0.3124
oar,348,0,48,294.485,540.295,60.9464,0.3089
oar,348,0,49,294.585,540.51,72.6499,0.1676
oar,348,0,50,294.63,540.67,75.9609,0.1649
oar,348,0,51,294.665,540.835,79.9925,0.1726
oar,348,0,52,294.685,541.005,86.6302,0.1703
oar,348,0,53,294.675,541.25,95.3556,0.3214
oar,348,0,54,294.625,541.555,103.5718,0.2983
oar,348,0,55,294.53,541.84,113.1976,0.3046
oar,348,0,56,294.385,542.1,125.3136,0.2941
oar,348,0,57,294.195,542.32,136.3959,0.29
oar,348,0,58,293.97,542.5,146.3089,0.2884
oar,348,0,59,293.78,542.61,156.8031,0.1523
oar,348,0,60,293.635,542.66,165.069,0.1552
oar,348,0,61,293.485,542.69,172.4049,0.1513
oar,348,0,62,293.325,542.705,176.6331,0.1703
oar,348,0,63,293.08,542.7,3.5763,0.3206
oar,348,0,64,293.065,543.17,73.1908,1.0028
oar,348,0,65,293.915,543.65,0.0,1.41
oar,349,0,0,295.78,540.145,12.0931,0.1432
oar,349,0,1,295.66,540.095,34.9985,0.122
oar,349,0,2,295.57,540.005,53.967,0.136
oar,349,0,3,295.52,539.885,81.2586,0.1315
oar,349,0,4,295.52,539.75,98.1257,0.1414
oar,349,0,5,295.57,539.63,128.6651,0.1281
oar,349,0,6,295.66,539.54,141.3341,0.128
oar,349,0,7,295.78,539.49,171.8706,0.1414
oar,349,0,8,295.915,539.49,8.746,0.1315
oar,349,0,9,296.035,539.54,36.0303,0.136
oar,349,0,10,296.125,539.63,55.0058,0.1221
oar,349,0,11,296.175,539.75,77.9057,0.1432
oar,349,0,12,296.175,539.885,102.994,0.1334
oar,349,0,13,296.125,540.005,122.4738,0.1304
oar,349,0,14,296.035,540.095,147.5255,0.1304
oar,349,0,15,295.915,540.145,167.0064,0.1334
oar,350,0,0,299.94,543.905,90.0,0.51
oar,350,0,1,299.03,544.16,0.0,1.82
oar,350,0,2,297.765,542.975,73.3231,2.4741
oar,350,0,3,297.465,541.79,0.0,0.11
oar,350,0,4,297.61,541.88,44.9964,0.2546
oar,350,0,5,297.805,542.03,29.7457,0.2419
oar,350,0,6,298.025,542.13,19.1786,0.2435
oar,350,0,7,298.265,542.185,6.8425,0.2518
oar,350,0,8,298.495,542.19,174.5593,0.2109
oar,350,0,9,298.705,542.145,161.5644,0.2214
oar,350,0,10,298.905,542.06,152.2421,0.2147
oar,350,0,11,299.08,541.945,140.9066,0.2062
oar,350,0,12,299.23,541.8,131.1827,0.2126
oar,350,0,13,299.35,541.625,117.7602,0.2147
oar,350,0,14,299.435,541.43,109.2918,0.2119
oar,350,0,15,299.48,541.22,95.1916,0.2209
oar,350,0,16,299.48,541.0,84.8083,0.2209
oar,350,0,17,299.435,540.785,71.5635,0.2214
oar,350,0,18,299.35,540.585,62.2398,0.2147
oar,350,0,19,299.235,540.405,52.6004,0.214
oar,350,0,20,299.085,540.25,39.4701,0.2202
oar,350,0,21,298.905,540.13,27.7579,0.2147
oar,350,0,22,298.705,540.045,18.4356,0.2214
oar,350,0,23,298.485,540.0,4.9696,0.2309
oar,350,0,24,298.295,539.995,176.1864,0.1503
oar,350,0,25,298.14,540.02,165.9638,0.1649
oar,350,0,26,297.985,540.07,158.1973,0.1615
oar,350,0,27,297.835,540.14,151.9271,0.17
oar,350,0,28,297.695,540.23,142.4318,0.164
oar,350,0,29,297.57,540.34,134.9991,0.1697
oar,350,0,30,297.465,540.465,124.6938,0.1581
oar,350,0,31,297.385,540.6,116.5675,0.1565
oar,350,0,32,297.135,540.47,42.9306,0.5873
oar,350,0,33,296.98,540.18,123.6889,0.2163
oar,350,0,34,297.11,540.01,131.1827,0.2126
oar,350,0,35,297.26,539.865,140.9074,0.2062
oar,350,0,36,297.425,539.74,144.7839,0.2081
oar,350,0,37,297.61,539.64,158.1973,0.2154
oar,350,0,38,297.81,539.565,160.7111,0.2119
oar,350,0,39,298.015,539.51,169.215,0.2138
oar,350,0,40,298.225,539.485,177.2744,0.2103
oar,350,0,41,298.42,539.48,0.0,0.18
oar,350,0,42,298.595,539.495,10.0086,0.1726
oar,350,0,43,298.76,539.525,10.619,0.1628
oar,350,0,44,298.915,539.565,18.4354,0.1581
oar,350,0,45,299.135,539.66,25.7692,0.322
oar,350,0,46,299.4,539.825,38.3684,0.3061
oar,350,0,47,299.62,540.04,50.1925,0.3124
oar,350,0,48,299.795,540.295,60.9464,0.3089
oar,350,0,49,299.9,540.51,69.4447,0.1709
oar,350,0,50,299.95,540.67,75.9609,0.1649
oar,350,0,51,299.98,540.835,83.2939,0.1712
oar,350,0,52,299.995,541.005,86.6302,0.1703
oar,350,0,53,299.99,541.25,93.5744,0.3206
oar,350,0,54,299.94,541.555,105.4253,0.3008
oar,350,0,55,299.84,541.84,113.1976,0.3046
oar,350,0,56,299.7,542.1,123.6909,0.2884
oar,350,0,57,299.515,542.32,136.3959,0.29
oar,350,0,58,299.285,542.5,147.3808,0.2968
oar,350,0,59,299.09,542.61,156.8031,0.1523
oar,350,0,60,298.95,542.66,164.054,0.1456
oar,350,0,61,298.8,542.69,172.875,0.1612
oar,350,0,62,298.64,542.705,176.423,0.1603
oar,350,0,63,298.395,542.7,3.4684,0.3306
oar,350,0,64,298.375,543.17,73.1925,1.0028
oar,350,0,65,299.23,543.65,0.0,1.42
oar,351,0,0,300.825,543.505,67.3062,1.7885
oar,351,0,1,300.655,542.61,158.199,0.377
oar,351,0,2,301.25,543.34,62.3007,1.8071
oar,351,0,3,301.42,544.235,159.1933,0.5349
oar,352,0,0,302.235,544.16,0.0,0.63
oar,352,0,1,302.885,541.775,112.0288,5.1457
oar,352,0,2,304.505,541.085,68.872,3.6343
oar,352,0,3,305.815,541.085,111.1285,3.6343
oar,352,0,4,307.43,541.775,68.0746,5.1419
oar,352,0,5,308.075,544.16,0.0,0.63
oar,352,0,6,307.115,542.525,68.4713,3.5152
oar,352,0,7,305.815,542.61,110.8479,3.681
oar,352,0,8,304.505,542.645,68.7577,3.6157
oar,352,0,9,303.2,542.56,112.1093,3.454
oar,353,0,0,87.04,355.985,90.0,1.87
oar,353,0,1,86.74,356.92,0.0,0.6
oar,353,0,2,86.44,354.62,90.0,4.6
oar,353,0,3,86.74,352.32,0.0,0.6
oar,353,0,4,87.04,353.43,90.0,2.22
oar,353,0,5,88.1,354.54,0.0,2.12
oar,353,0,6,89.16,353.43,90.0,2.22
oar,353,0,7,89.46,352.32,0.0,0.6
oar,353,0,8,89.76,354.62,90.0,4.6
oar,353,0,9,89.46,356.92,0.0,0.6
oar,353,0,10,89.16,355.985,90.0,1.87
oar,353,0,11,88.1,355.05,0.0,2.12
oar,354,0,0,93.605,352.92,113.8295,1.3118
oar,354,0,1,94.18,352.32,0.0,0.62
oar,354,0,2,93.385,354.74,114.542,5.3207
oar,354,0,3,91.175,354.74,65.458,5.3207
oar,354,0,4,90.38,352.32,0.0,0.62
oar,354,0,5,90.955,352.92,66.1705,1.3118
oar,354,0,6,92.28,353.52,0.0,2.12
oar,354,1,0,92.28,354.03,0.0,1.64
oar,354,1,1,91.87,354.965,66.3225,2.0419
oar,354,1,2,92.69,354.965,113.6775,2.0419
oar,355,0,0,95.185,352.32,0.0,0.59
oar,355,0,1,95.48,354.055,90.0,3.47
oar,355,0,2,97.185,353.965,133.0531,4.9951
oar,355,0,3,98.89,354.53,90.0,4.78
oar,355,0,4,98.59,356.92,0.0,0.6
oar,355,0,5,98.29,355.245,90.0,3.35
oar,355,0,6,96.59,355.355,133.6028,4.93
oar,355,0,7,94.89,354.73,90.0,4.82
oar,356,0,0,102.11,354.365,90.0,0.51
oar,356,0,1,102.69,354.11,0.0,1.16
oar,356,0,2,103.25,353.975,81.573,0.273
oar,356,0,3,103.18,353.71,68.9609,0.2786
oar,356,0,4,103.055,353.465,56.891,0.2746
oar,356,0,5,102.885,353.25,46.468,0.2759
oar,356,0,6,102.675,353.065,36.4685,0.286
oar,356,0,7,102.44,352.92,26.5643,0.2683
oar,356,0,8,102.19,352.82,17.103,0.272
oar,356,0,9,101.925,352.765,6.34,0.2717
oar,356,0,10,101.7,352.755,176.8219,0.1803
oar,356,0,11,101.525,352.775,169.9923,0.1726
oar,356,0,12,101.355,352.815,163.6093,0.1772
oar,356,0,13,101.19,352.875,156.3735,0.1746
oar,356,0,14,100.96,353.0,149.0354,0.3499
oar,356,0,15,100.68,353.205,138.5035,0.3471
oar,356,0,16,100.445,353.465,125.9088,0.3581
oar,356,0,17,100.26,353.765,117.3003,0.3489
oar,356,0,18,100.125,354.09,107.9282,0.3573
oar,356,0,19,100.055,354.435,94.8988,0.3513
oar,356,0,20,100.045,354.71,87.1369,0.2002
oar,356,0,21,100.065,354.91,81.4694,0.2022
oar,356,0,22,100.1,355.105,78.1112,0.1942
oar,356,0,23,100.15,355.29,71.5651,0.1897
oar,356,0,24,100.26,355.545,64.1333,0.3667
oar,356,0,25,100.45,355.855,52.8169,0.364
oar,356,0,26,100.695,356.12,41.6319,0.3612
oar,356,0,27,100.98,356.335,32.3482,0.3551
oar,356,0,28,101.215,356.46,19.4387,0.1803
oar,356,0,29,101.385,356.515,16.3907,0.1772
oar,356,0,30,101.565,356.555,8.9722,0.1924
oar,356,0,31,101.75,356.575,3.1829,0.1803
oar,356,0,32,101.945,356.575,177.271,0.2102
oar,356,0,33,102.15,356.545,165.9627,0.2062
oar,356,0,34,102.35,356.49,163.3012,0.2088
oar,356,0,35,102.545,356.41,152.2439,0.2147
oar,356,0,36,102.73,356.305,148.5703,0.211
oar,356,0,37,102.9,356.18,138.8148,0.2126
oar,356,0,38,103.055,356.035,134.9971,0.2121
oar,356,0,39,103.195,355.875,127.4067,0.214
oar,356,0,40,103.45,355.995,47.1752,0.559
oar,356,0,41,103.555,356.3,130.3647,0.2625
oar,356,0,42,103.37,356.49,138.0111,0.2691
oar,356,0,43,103.165,356.655,144.4643,0.2581
oar,356,0,44,102.945,356.795,150.5227,0.2642
oar,356,0,45,102.71,356.91,157.3818,0.26
oar,356,0,46,102.465,356.995,164.3562,0.2596
oar,356,0,47,102.21,357.055,169.1139,0.2648
oar,356,0,48,101.95,357.085,177.7986,0.2602
oar,356,0,49,101.7,357.085,2.3847,0.2402
oar,356,0,50,101.46,357.06,9.4644,0.2433
oar,356,0,51,101.23,357.01,15.2544,0.228
oar,356,0,52,101.01,356.94,19.9834,0.2341
oar,356,0,53,100.795,356.845,27.6462,0.2371
oar,356,0,54,100.595,356.73,32.2743,0.2247
oar,356,0,55,100.405,356.6,36.3839,0.236
oar,356,0,56,100.225,356.45,43.2653,0.2335
oar,356,0,57,100.065,356.28,50.193,0.2343
oar,356,0,58,99.92,356.095,53.6161,0.236
oar,356,0,59,99.79,355.895,60.2569,0.2419
oar,356,0,60,99.68,355.68,65.5548,0.2417
oar,356,0,61,99.59,355.455,70.822,0.2435
oar,356,0,62,99.52,355.22,75.9629,0.2474
oar,356,0,63,99.475,354.975,83.1575,0.2518
oar,356,0,64,99.45,354.72,85.6019,0.2608
oar,356,0,65,99.45,354.475,94.969,0.2309
oar,356,0,66,99.475,354.245,97.4308,0.232
oar,356,0,67,99.52,354.02,105.2563,0.228
oar,356,0,68,99.59,353.8,109.9829,0.2341
oar,356,0,69,99.68,353.59,116.5651,0.2236
oar,356,0,70,99.785,353.395,120.0684,0.2195
oar,356,0,71,99.91,353.205,126.3861,0.236
oar,356,0,72,100.055,353.025,131.4228,0.2267
oar,356,0,73,100.21,352.865,136.8465,0.2193
oar,356,0,74,100.38,352.72,142.1252,0.228
oar,356,0,75,100.565,352.59,147.7257,0.2247
oar,356,0,76,100.76,352.48,153.4332,0.2236
oar,356,0,77,100.97,352.39,160.0166,0.2341
oar,356,0,78,101.19,352.32,164.7456,0.228
oar,356,0,79,101.41,352.27,169.6969,0.2236
oar,356,0,80,101.64,352.245,177.6117,0.2402
oar,356,0,81,101.875,352.245,2.492,0.2302
oar,356,0,82,102.1,352.265,7.7648,0.222
oar,356,0,83,102.315,352.31,15.9448,0.2184
oar,356,0,84,102.52,352.375,19.2876,0.2119
oar,356,0,85,102.715,352.455,25.3496,0.2102
oar,356,0,86,102.895,352.555,32.9045,0.2025
oar,356,0,87,103.06,352.67,36.8695,0.2
oar,356,0,88,103.215,352.8,43.0247,0.2052
oar,356,0,89,103.355,352.95,50.9074,0.2062
oar,356,0,90,103.48,353.115,54.7815,0.2081
oar,356,0,91,103.59,353.29,60.9448,0.2059
oar,356,0,92,103.68,353.475,67.1661,0.2062
oar,356,0,93,103.75,353.675,74.0557,0.2184
oar,356,0,94,103.805,353.885,76.6062,0.2159
oar,356,0,95,103.845,354.1,82.2352,0.222
oar,356,0,96,103.865,354.325,87.51,0.2302
oar,356,0,97,103.87,354.53,90.0,0.18
oar,356,0,98,102.99,354.62,0.0,1.76
oar,357,0,0,107.515,352.92,113.8295,1.3118
oar,357,0,1,108.09,352.32,0.0,0.62
oar,357,0,2,107.29,354.74,114.6399,5.3248
oar,357,0,3,105.075,354.74,65.458,5.3207
oar,357,0,4,104.28,352.32,0.0,0.62
oar,357,0,5,104.855,352.92,66.1702,1.3118
oar,357,0,6,106.185,353.52,0.0,2.13
oar,357,1,0,106.185,354.03,0.0,1.65
oar,357,1,1,105.77,354.965,66.3225,2.0419
oar,357,1,2,106.595,354.965,113.934,2.0459
oar,358,0,0,110.37,354.37,14.0358,0.2474
oar,358,0,1,110.595,354.445,23.1978,0.2285
oar,358,0,2,110.795,354.555,34.381,0.2302
oar,358,0,3,110.97,354.7,45.0,0.2263
oar,358,0,4,111.115,354.875,55.6206,0.2302
oar,358,0,5,111.225,355.07,65.7728,0.2193
oar,358,0,6,111.295,355.285,77.7343,0.2354
oar,358,0,7,111.33,355.515,85.031,0.2309
oar,358,0,8,111.32,355.79,97.1237,0.3225
oar,358,0,9,111.245,356.1,110.1362,0.3195
oar,358,0,10,111.1,356.38,124.6958,0.3162
oar,358,0,11,110.885,356.61,141.3406,0.3202
oar,358,0,12,110.615,356.77,157.5189,0.3139
oar,358,0,13,110.31,356.86,169.3808,0.3256
oar,358,0,14,109.99,356.905,174.6444,0.3214
oar,358,0,15,109.67,356.92,0.0,0.32
oar,358,0,16,109.15,356.92,0.0,0.72
oar,358,0,17,108.79,354.62,90.0,4.6
oar,358,0,18,109.09,352.32,0.0,0.6
oar,358,0,19,109.39,353.3,90.0,1.96
oar,358,0,20,109.51,354.28,0.0,0.24
oar,358,0,21,110.32,353.3,125.1487,2.3971
oar,358,0,22,111.35,352.32,0.0,0.68
oar,358,0,23,110.97,353.33,125.484,2.4807
oar,358,1,0,109.465,356.41,0.0,0.15
oar,358,1,1,109.655,356.405,177.508,0.2302
oar,358,1,2,109.88,356.39,174.8045,0.2209
oar,358,1,3,110.1,356.36,169.6969,0.2236
oar,358,1,4,110.31,356.305,160.7085,0.2119
oar,358,1,5,110.495,356.22,149.5365,0.1972
oar,358,1,6,110.645,356.1,132.8784,0.191
oar,358,1,7,110.755,355.94,116.5651,0.2013
oar,358,1,8,110.815,355.73,97.125,0.2419
oar,358,1,9,110.815,355.49,82.8754,0.2419
oar,358,1,10,110.76,355.275,67.1661,0.2062
oar,358,1,11,110.655,355.11,47.1199,0.1911
oar,358,1,12,110.51,354.99,32.0037,0.1887
oar,358,1,13,110.335,354.9,22.8339,0.2062
oar,358,1,14,110.135,354.84,10.7866,0.2138
oar,358,1,15,109.915,354.81,4.9671,0.2309
oar,358,1,16,109.685,354.795,2.4919,0.2302
oar,358,1,17,109.48,354.79,0.0,0.18
oar,358,1,18,109.39,355.6,90.0,1.62
oar,359,0,0,114.635,356.495,126.2551,0.186
oar,359,0,1,114.52,356.64,130.6021,0.1844
oar,359,0,2,114.395,356.765,139.7629,0.1703
oar,359,0,3,114.26,356.87,144.4606,0.172
oar,359,0,4,114.11,356.955,156.3689,0.1746
oar,359,0,5,113.945,357.02,160.5605,0.1803
oar,359,0,6,113.77,357.065,170.5381,0.1825
oar,359,0,7,113.585,357.085,176.9888,0.1903
oar,359,0,8,113.36,357.08,4.3996,0.2608
oar,359,0,9,113.105,357.04,13.4952,0.2571
oar,359,0,10,112.865,356.965,21.3695,0.247
oar,359,0,11,112.65,356.855,33.0253,0.2385
oar,359,0,12,112.46,356.705,43.3631,0.2476
oar,359,0,13,112.305,356.515,58.24,0.247
oar,359,0,14,112.195,356.295,68.6294,0.247
oar,359,0,15,112.135,356.045,83.6598,0.2717
oar,359,0,16,112.13,355.795,94.9687,0.2309
oar,359,0,17,112.17,355.58,106.7008,0.2088
oar,359,0,18,112.25,355.39,119.0552,0.2059
oar,359,0,19,112.365,355.225,130.9121,0.1985
oar,359,0,20,112.505,355.085,139.0882,0.1985
oar,359,0,21,112.67,354.96,146.3077,0.2163
oar,359,0,22,112.85,354.85,150.9477,0.2059
oar,359,0,23,113.04,354.755,155.7692,0.2193
oar,359,0,24,113.3,354.64,156.3707,0.3493
oar,359,0,25,113.605,354.5,154.2308,0.322
oar,359,0,26,113.875,354.34,144.2472,0.3081
oar,359,0,27,114.05,354.195,132.2753,0.1487
oar,359,0,28,114.14,354.07,119.7432,0.1612
oar,359,0,29,114.205,353.925,108.4349,0.1581
oar,359,0,30,114.24,353.76,96.3394,0.1811
oar,359,0,31,114.24,353.58,83.6606,0.1811
oar,359,0,32,114.205,353.405,73.6107,0.1772
oar,359,0,33,114.145,353.24,66.3692,0.1746
oar,359,0,34,114.06,353.095,52.4329,0.164
oar,359,0,35,113.945,352.97,42.7088,0.1769
oar,359,0,36,113.81,352.865,32.7387,0.1664
oar,359,0,37,113.66,352.795,17.3497,0.1676
oar,359,0,38,113.49,352.76,6.3415,0.1811
oar,359,0,39,113.31,352.76,173.6585,0.1811
oar,359,0,40,113.135,352.795,163.6141,0.1772
oar,359,0,41,112.975,352.86,151.9272,0.17
oar,359,0,42,112.835,352.95,142.4291,0.164
oar,359,0,43,112.715,353.07,128.1575,0.178
oar,359,0,44,112.615,353.215,120.9659,0.1749
oar,359,0,45,112.545,353.375,106.3883,0.1772
oar,359,0,46,112.51,353.555,96.0102,0.1911
oar,359,0,47,112.205,353.585,12.4251,0.6041
oar,359,0,48,111.94,353.385,102.5281,0.2766
oar,359,0,49,112.02,353.125,111.8011,0.2693
oar,359,0,50,112.14,352.89,122.4709,0.2608
oar,359,0,51,112.3,352.69,134.9988,0.2546
oar,359,0,52,112.49,352.525,143.1319,0.25
oar,359,0,53,112.71,352.39,153.4357,0.2683
oar,359,0,54,112.955,352.295,164.3562,0.2596
oar,359,0,55,113.215,352.25,175.766,0.2707
oar,359,0,56,113.5,352.255,5.7104,0.3015
oar,359,0,57,113.79,352.305,14.0348,0.2886
oar,359,0,58,114.055,352.405,27.4753,0.2818
oar,359,0,59,114.29,352.55,36.0278,0.272
oar,359,0,60,114.495,352.735,47.8609,0.2832
oar,359,0,61,114.66,352.965,60.7513,0.2865
oar,359,0,62,114.77,353.225,73.4955,0.2816
oar,359,0,63,114.825,353.515,84.4726,0.3114
oar,359,0,64,114.83,353.81,94.0865,0.2807
oar,359,0,65,114.785,354.07,106.2598,0.25
oar,359,0,66,114.7,354.295,115.4639,0.2326
oar,359,0,67,114.58,354.49,127.8736,0.228
oar,359,0,68,114.425,354.66,136.7347,0.2335
oar,359,0,69,114.24,354.81,145.0087,0.2441
oar,359,0,70,114.03,354.935,153.4342,0.246
oar,359,0,71,113.8,355.045,155.3798,0.264
oar,359,0,72,113.515,355.165,158.4975,0.3547
oar,359,0,73,113.24,355.28,155.5548,0.2417
oar,359,0,74,113.03,355.4,145.0087,0.2441
oar,359,0,75,112.885,355.515,135.0,0.1273
oar,359,0,76,112.805,355.61,124.9903,0.1221
oar,359,0,77,112.75,355.72,108.436,0.1265
oar,359,0,78,112.72,355.845,98.7477,0.1315
oar,359,0,79,112.72,355.985,82.4034,0.1513
oar,359,0,80,112.755,356.125,68.965,0.1393
oar,359,0,81,112.82,356.245,53.9722,0.136
oar,359,0,82,112.91,356.35,44.9978,0.1414
oar,359,0,83,113.085,356.465,27.4753,0.2818
oar,359,0,84,113.345,356.555,10.4919,0.2746
oar,359,0,85,113.6,356.565,172.8752,0.2419
oar,359,0,86,113.815,356.51,157.1661,0.2062
oar,359,0,87,113.995,356.4,140.5274,0.2202
oar,359,0,88,114.15,356.235,126.3839,0.236
oar,359,0,89,114.455,356.28,30.784,0.5471
oar,360,0,0,131.86,318.245,90.0,1.87
oar,360,0,1,131.56,319.18,0.0,0.6
oar,360,0,2,131.26,316.885,90.0,4.59
oar,360,0,3,131.56,314.59,0.0,0.6
oar,360,0,4,131.86,315.695,90.0,2.21
oar,360,0,5,132.925,316.8,0.0,2.13
oar,360,0,6,133.99,315.695,90.0,2.21
oar,360,0,7,134.29,314.59,0.0,0.6
oar,360,0,8,134.59,316.885,90.0,4.59
oar,360,0,9,134.29,319.18,0.0,0.6
oar,360,0,10,133.99,318.245,90.0,1.87
oar,360,0,11,132.925,317.31,0.0,2.13
oar,361,0,0,138.435,315.185,114.0071,1.3027
oar,361,0,1,139.01,314.59,0.0,0.62
oar,361,0,2,138.215,317.005,114.5866,5.3116
oar,361,0,3,136.0,317.005,65.3153,5.3158
oar,361,0,4,135.2,314.59,0.0,0.62
oar,361,0,5,135.775,315.185,65.9929,1.3027
oar,361,0,6,137.105,315.78,0.0,2.13
oar,361,1,0,137.105,316.29,0.0,1.65
oar,361,1,1,136.695,317.225,66.0658,2.0459
oar,361,1,2,137.52,317.225,113.6774,2.0419
oar,362,0,0,140.01,314.59,0.0,0.6
oar,362,0,1,140.31,316.32,90.0,3.46
oar,362,0,2,142.01,316.225,132.9691,4.9882
oar,362,0,3,143.71,316.79,90.0,4.78
oar,362,0,4,143.415,319.18,0.0,0.59
oar,362,0,5,143.12,317.505,90.0,3.35
oar,362,0,6,141.415,317.615,133.6868,4.9369
oar,362,0,7,139.71,316.995,90.0,4.81
oar,363,0,0,146.93,316.625,90.0,0.51
oar,363,0,1,147.515,316.37,0.0,1.17
oar,363,0,2,148.08,316.235,81.5741,0.2729
oar,363,0,3,148.01,315.97,68.962,0.2786
oar,363,0,4,147.885,315.725,56.8875,0.2746
oar,363,0,5,147.71,315.51,45.0,0.2829
oar,363,0,6,147.5,315.325,37.6982,0.278
oar,363,0,7,147.265,315.18,25.6401,0.2773
oar,363,0,8,147.01,315.08,17.0994,0.272
oar,363,0,9,146.75,315.025,6.5818,0.2617
oar,363,0,10,146.53,315.015,176.8172,0.1803
oar,363,0,11,146.35,315.035,170.5377,0.1825
oar,363,0,12,146.175,315.075,163.6141,0.1772
oar,363,0,13,146.01,315.135,156.3689,0.1746
oar,363,0,14,145.785,315.26,148.173,0.3413
oar,363,0,15,145.51,315.47,137.2928,0.3538
oar,363,0,16,145.27,315.73,128.1575,0.3561
oar,363,0,17,145.08,316.025,117.2981,0.3488
oar,363,0,18,144.95,316.35,106.3893,0.3544
oar,363,0,19,144.88,316.695,96.5216,0.3523
oar,363,0,20,144.865,316.97,87.135,0.2003
oar,363,0,21,144.885,317.17,81.4701,0.2022
oar,363,0,22,144.92,317.365,78.1116,0.1941
oar,363,0,23,144.97,317.55,71.5636,0.1898
oar,363,0,24,145.085,317.805,62.744,0.3712
oar,363,0,25,145.28,318.115,52.816,0.364
oar,363,0,26,145.52,318.385,43.8773,0.3607
oar,363,0,27,145.805,318.6,30.1406,0.3585
oar,363,0,28,146.045,318.72,19.4395,0.1803
oar,363,0,29,146.215,318.775,16.3954,0.1772
oar,363,0,30,146.39,318.815,9.4615,0.1825
oar,363,0,31,146.575,318.835,3.0065,0.1903
oar,363,0,32,146.77,318.835,177.1435,0.2002
oar,363,0,33,146.975,318.81,169.213,0.2138
oar,363,0,34,147.175,318.755,159.7734,0.2025
oar,363,0,35,147.365,318.67,152.2403,0.2147
oar,363,0,36,147.55,318.565,148.575,0.2109
oar,363,0,37,147.725,318.44,140.5243,0.2202
oar,363,0,38,147.885,318.295,135.0,0.2121
oar,363,0,39,148.025,318.135,127.4092,0.214
oar,363,0,40,148.28,318.255,47.1737,0.559
oar,363,0,41,148.38,318.56,131.9843,0.2691
oar,363,0,42,148.195,318.75,136.5497,0.2617
oar,363,0,43,147.995,318.92,142.6943,0.264
oar,363,0,44,147.775,319.06,152.4493,0.2594
oar,363,0,45,147.54,319.17,157.3781,0.26
oar,363,0,46,147.29,319.255,164.9305,0.2693
oar,363,0,47,147.035,319.315,168.6928,0.2549
oar,363,0,48,146.775,319.345,177.8767,0.2702
oar,363,0,49,146.52,319.345,2.3882,0.2402
oar,363,0,50,146.285,319.32,9.8607,0.2334
oar,363,0,51,146.055,319.27,14.6268,0.2377
oar,363,0,52,145.83,319.2,19.9799,0.2341
oar,363,0,53,145.62,319.105,28.8079,0.2282
oar,363,0,54,145.42,318.99,30.9695,0.2332
oar,363,0,55,145.23,318.86,37.873,0.228
oar,363,0,56,145.055,318.71,43.2627,0.2335
oar,363,0,57,144.89,318.54,48.3674,0.2408
oar,363,0,58,144.745,318.355,55.619,0.2302
oar,363,0,59,144.62,318.155,60.2551,0.2419
oar,363,0,60,144.51,317.94,65.5548,0.2417
oar,363,0,61,144.42,317.715,70.8214,0.2435
oar,363,0,62,144.35,317.48,75.9638,0.2474
oar,363,0,63,144.3,317.235,80.9112,0.2532
oar,363,0,64,144.275,316.98,87.7953,0.2602
oar,363,0,65,144.275,316.735,92.4919,0.2302
oar,363,0,66,144.3,316.505,99.865,0.2334
oar,363,0,67,144.345,316.28,102.805,0.2256
oar,363,0,68,144.41,316.065,110.8529,0.2247
oar,363,0,69,144.5,315.855,115.4622,0.2326
oar,363,0,70,144.61,315.655,122.2775,0.2247
oar,363,0,71,144.735,315.465,124.3779,0.2302
oar,363,0,72,144.875,315.285,131.4283,0.2267
oar,363,0,73,145.035,315.125,138.5772,0.2267
oar,363,0,74,145.21,314.98,142.121,0.228
oar,363,0,75,145.395,314.85,147.7257,0.2247
oar,363,0,76,145.59,314.74,153.4332,0.2236
oar,363,0,77,145.795,314.65,159.1494,0.2247
oar,363,0,78,146.01,314.58,164.7456,0.228
oar,363,0,79,146.235,314.53,170.1319,0.2334
oar,363,0,80,146.465,314.505,177.508,0.2302
oar,363,0,81,146.7,314.505,2.3882,0.2402
oar,363,0,82,146.93,314.525,7.7648,0.222
oar,363,0,83,147.145,314.57,15.9443,0.2184
oar,363,0,84,147.35,314.635,19.2922,0.2119
oar,363,0,85,147.54,314.715,26.5651,0.2012
oar,363,0,86,147.72,314.815,31.425,0.2109
oar,363,0,87,147.89,314.93,36.8708,0.2
oar,363,0,88,148.04,315.06,45.0031,0.198
oar,363,0,89,148.175,315.21,50.9057,0.2062
oar,363,0,90,148.3,315.375,54.7808,0.2081
oar,363,0,91,148.41,315.55,60.947,0.2059
oar,363,0,92,148.5,315.735,67.1661,0.2062
oar,363,0,93,148.575,315.935,71.5663,0.2213
oar,363,0,94,148.635,316.145,76.6062,0.2159
oar,363,0,95,148.675,316.36,82.2352,0.222
oar,363,0,96,148.695,316.59,87.6116,0.2402
oar,363,0,97,148.7,316.795,90.0,0.17
oar,363,0,98,147.815,316.88,0.0,1.77
oar,364,0,0,152.335,315.185,114.0071,1.3027
oar,364,0,1,152.91,314.59,0.0,0.62
oar,364,0,2,152.115,317.005,114.5866,5.3116
oar,364,0,3,149.9,317.005,65.3153,5.3158
oar,364,0,4,149.105,314.59,0.0,0.63
oar,364,0,5,149.68,315.185,66.3964,1.2987
oar,364,0,6,151.005,315.78,0.0,2.13
oar,364,1,0,151.005,316.29,0.0,1.65
oar,364,1,1,150.595,317.225,66.0658,2.0459
oar,364,1,2,151.42,317.225,113.6774,2.0419
oar,365,0,0,155.19,316.63,14.0354,0.2474
oar,365,0,1,155.42,316.705,22.2481,0.2377
oar,365,0,2,155.625,316.815,34.3831,0.2302
oar,365,0,3,155.795,316.96,46.8465,0.2193
oar,365,0,4,155.935,317.135,55.6221,0.2302
oar,365,0,5,156.045,317.335,66.7979,0.2285
oar,365,0,6,156.12,317.55,74.7456,0.228
oar,365,0,7,156.16,317.78,85.2352,0.2408
oar,365,0,8,156.15,318.055,97.354,0.3126
oar,365,0,9,156.075,318.36,110.1353,0.3195
oar,365,0,10,155.93,318.64,124.6931,0.3162
oar,365,0,11,155.715,318.87,141.3428,0.3201
oar,365,0,12,155.44,319.03,158.1996,0.3231
oar,365,0,13,155.135,319.12,169.0463,0.3158
oar,365,0,14,154.82,319.165,174.6445,0.3214
oar,365,0,15,154.5,319.18,0.0,0.32
oar,365,0,16,153.975,319.18,0.0,0.73
oar,365,0,17,153.61,316.885,90.0,4.59
oar,365,0,18,153.91,314.59,0.0,0.6
oar,365,0,19,154.21,315.565,90.0,1.95
oar,365,0,20,154.335,316.54,0.0,0.25
oar,365,0,21,155.15,315.565,125.2867,2.3889
oar,365,0,22,156.18,314.59,0.0,0.68
oar,365,0,23,155.795,315.595,125.8062,2.4784
oar,365,1,0,154.29,318.67,0.0,0.16
oar,365,1,1,154.48,318.67,0.0,0.22
oar,365,1,2,154.705,318.66,175.0253,0.2309
oar,365,1,3,154.925,318.625,166.6111,0.2159
oar,365,1,4,155.13,318.565,160.7078,0.2119
oar,365,1,5,155.315,318.48,149.5327,0.1972
oar,365,1,6,155.47,318.36,135.0031,0.198
oar,365,1,7,155.585,318.2,116.5651,0.2012
oar,365,1,8,155.645,317.99,97.1241,0.2419
oar,365,1,9,155.645,317.75,82.875,0.2419
oar,365,1,10,155.59,317.535,67.1661,0.2062
oar,365,1,11,155.485,317.37,47.1201,0.191
oar,365,1,12,155.335,317.25,30.4651,0.1972
oar,365,1,13,155.155,317.165,20.2281,0.2025
oar,365,1,14,154.955,317.105,13.3889,0.2159
oar,365,1,15,154.74,317.07,5.1994,0.2209
oar,365,1,16,154.515,317.055,2.4844,0.2302
oar,365,1,17,154.305,317.05,0.0,0.19
oar,365,1,18,154.21,317.86,90.0,1.62
oar,366,0,0,159.465,318.755,126.2551,0.186
oar,366,0,1,159.35,318.9,130.5972,0.1844
oar,366,0,2,159.225,319.025,139.7685,0.1703
oar,366,0,3,159.085,319.13,146.3072,0.1803
oar,366,0,4,158.93,319.215,156.3689,0.1746
oar,366,0,5,158.765,319.28,160.5605,0.1803
oar,366,0,6,158.59,319.325,170.5385,0.1825
oar,366,0,7,158.41,319.345,176.8169,0.1803
oar,366,0,8,158.19,319.34,4.4028,0.2608
oar,366,0,9,157.935,319.3,13.4952,0.2571
oar,366,0,10,157.695,319.225,21.3702,0.247
oar,366,0,11,157.475,319.115,31.7615,0.247
oar,366,0,12,157.28,318.965,43.3593,0.2476
oar,366,0,13,157.125,318.775,58.2422,0.247
oar,366,0,14,157.015,318.555,68.6285,0.247
oar,366,0,15,156.955,318.305,83.6605,0.2717
oar,366,0,16,156.955,318.055,97.4317,0.2319
oar,366,0,17,157.0,317.84,106.6976,0.2088
oar,366,0,18,157.08,317.65,119.0571,0.2059
oar,366,0,19,157.195,317.485,130.9166,0.1985
oar,366,0,20,157.335,317.345,139.0834,0.1985
oar,366,0,21,157.495,317.22,144.7832,0.2081
oar,366,0,22,157.675,317.11,152.2403,0.2147
oar,366,0,23,157.865,317.015,154.655,0.2102
oar,366,0,24,158.12,316.9,156.3679,0.3493
oar,366,0,25,158.425,316.76,154.2339,0.322
oar,366,0,26,158.695,316.6,144.2426,0.3081
oar,366,0,27,158.875,316.455,135.004,0.1556
oar,366,0,28,158.965,316.335,118.2971,0.1476
oar,366,0,29,159.025,316.19,107.3546,0.1676
oar,366,0,30,159.06,316.02,96.3418,0.1811
oar,366,0,31,159.065,315.84,86.8169,0.1803
oar,366,0,32,159.035,315.665,73.6155,0.1772
oar,366,0,33,158.97,315.5,63.4349,0.1789
oar,366,0,34,158.88,315.355,52.4308,0.164
oar,366,0,35,158.77,315.23,45.0,0.1697
oar,366,0,36,158.64,315.13,29.7408,0.1612
oar,366,0,37,158.485,315.06,19.4395,0.1803
oar,366,0,38,158.315,315.02,6.7164,0.1712
oar,366,0,39,158.14,315.02,173.6539,0.1811
oar,366,0,40,157.965,315.055,163.6141,0.1772
oar,366,0,41,157.8,315.12,153.4306,0.1789
oar,366,0,42,157.655,315.21,142.436,0.164
oar,366,0,43,157.535,315.33,128.1545,0.1781
oar,366,0,44,157.44,315.475,118.074,0.17
oar,366,0,45,157.375,315.635,106.3893,0.1772
oar,366,0,46,157.34,315.815,96.0102,0.1911
oar,366,0,47,157.03,315.845,12.2257,0.6139
oar,366,0,48,156.76,315.645,102.5274,0.2766
oar,366,0,49,156.845,315.385,113.7496,0.2731
oar,366,0,50,156.97,315.15,122.4709,0.2608
oar,366,0,51,157.125,314.95,133.3643,0.2476
oar,366,0,52,157.315,314.785,144.4623,0.2581
oar,366,0,53,157.535,314.65,152.4493,0.2594
oar,366,0,54,157.775,314.555,164.3562,0.2596
oar,366,0,55,158.04,314.51,175.9166,0.2807
oar,366,0,56,158.33,314.515,5.7103,0.3015
oar,366,0,57,158.62,314.565,14.0377,0.2886
oar,366,0,58,158.885,314.665,27.4698,0.2818
oar,366,0,59,159.12,314.81,36.0278,0.272
oar,366,0,60,159.32,314.995,49.4028,0.2766
oar,366,0,61,159.48,315.225,60.7513,0.2865
oar,366,0,62,159.595,315.49,72.1817,0.2941
oar,366,0,63,159.655,315.78,84.2894,0.3015
oar,366,0,64,159.655,316.07,96.1153,0.2816
oar,366,0,65,159.61,316.33,104.0362,0.2474
oar,366,0,66,159.525,316.555,117.6436,0.2371
oar,366,0,67,159.4,316.75,127.876,0.228
oar,366,0,68,159.245,316.92,136.7347,0.2335
oar,366,0,69,159.06,317.07,145.0106,0.2441
oar,366,0,70,158.85,317.2,151.3907,0.2506
oar,366,0,71,158.625,317.31,156.4998,0.2508
oar,366,0,72,158.345,317.425,158.4979,0.3547
oar,366,0,73,158.07,317.54,155.5548,0.2417
oar,366,0,74,157.855,317.66,146.3138,0.2524
oar,366,0,75,157.71,317.775,131.6257,0.1204
oar,366,0,76,157.635,317.87,124.9955,0.122
oar,366,0,77,157.575,317.98,112.6219,0.13
oar,366,0,78,157.545,318.105,94.3961,0.1304
oar,366,0,79,157.55,318.245,82.4107,0.1514
oar,366,0,80,157.585,318.385,68.9575,0.1393
oar,366,0,81,157.645,318.505,57.5298,0.1304
oar,366,0,82,157.73,318.61,45.0044,0.1414
oar,366,0,83,157.905,318.73,29.2461,0.2865
oar,366,0,84,158.165,318.82,8.4286,0.273
oar,366,0,85,158.42,318.825,172.8754,0.2419
oar,366,0,86,158.64,318.77,158.1941,0.2154
oar,366,0,87,158.82,318.66,138.8179,0.2126
oar,366,0,88,158.97,318.495,126.3839,0.236
oar,366,0,89,159.28,318.54,30.2566,0.5557
oar,367,0,0,170.28,169.705,90.0,1.87
oar,367,0,1,169.98,170.64,0.0,0.6
oar,367,0,2,169.68,168.345,90.0,4.59
oar,367,0,3,169.98,166.05,0.0,0.6
oar,367,0,4,170.28,167.155,90.0,2.21
oar,367,0,5,171.345,168.26,0.0,2.13
oar,367,0,6,172.41,167.155,90.0,2.21
oar,367,0,7,172.705,166.05,0.0,0.59
oar,367,0,8,173.0,168.345,90.0,4.59
oar,367,0,9,172.705,170.64,0.0,0.59
oar,367,0,10,172.41,169.705,90.0,1.87
oar,367,0,11,171.345,168.77,0.0,2.13
oar,368,0,0,176.85,166.645,113.6042,1.2987
oar,368,0,1,177.425,166.05,0.0,0.63
oar,368,0,2,176.63,168.465,114.6847,5.3158
oar,368,0,3,174.415,168.465,65.4134,5.3116
oar,368,0,4,173.62,166.05,0.0,0.62
oar,368,0,5,174.195,166.645,65.9929,1.3027
oar,368,0,6,175.525,167.24,0.0,2.13
oar,368,1,0,175.525,167.75,0.0,1.65
oar,368,1,1,175.11,168.685,66.3226,2.0419
oar,368,1,2,175.935,168.685,113.9342,2.0459
oar,369,0,0,178.425,166.05,0.0,0.59
oar,369,0,1,178.72,167.78,90.0,3.46
oar,369,0,2,180.425,167.685,133.0531,4.9951
oar,369,0,3,182.13,168.25,90.0,4.78
oar,369,0,4,181.83,170.64,0.0,0.6
oar,369,0,5,181.53,168.965,90.0,3.35
oar,369,0,6,179.83,169.075,133.6027,4.93
oar,369,0,7,178.13,168.455,90.0,4.81
oar,370,0,0,185.35,168.09,90.0,0.52
oar,370,0,1,185.935,167.83,0.0,1.17
oar,370,0,2,186.495,167.695,79.5086,0.2746
oar,370,0,3,186.42,167.435,68.2004,0.2693
oar,370,0,4,186.295,167.19,57.992,0.283
oar,370,0,5,186.125,166.97,46.4702,0.2759
oar,370,0,6,185.92,166.79,36.0297,0.272
oar,370,0,7,185.685,166.645,27.4698,0.2818
oar,370,0,8,185.43,166.54,17.1056,0.272
oar,370,0,9,185.17,166.485,6.5818,0.2617
oar,370,0,10,184.95,166.475,176.8172,0.1803
oar,370,0,11,184.77,166.495,170.5377,0.1825
oar,370,0,12,184.595,166.535,163.6141,0.1772
oar,370,0,13,184.43,166.595,156.3689,0.1746
oar,370,0,14,184.2,166.72,149.0375,0.3499
oar,370,0,15,183.92,166.93,137.2875,0.3538
oar,370,0,16,183.685,167.19,126.8709,0.35
oar,370,0,17,183.5,167.485,117.2981,0.3488
oar,370,0,18,183.37,167.81,106.3907,0.3544
oar,370,0,19,183.3,168.155,96.5211,0.3523
oar,370,0,20,183.285,168.43,87.1345,0.2002
oar,370,0,21,183.305,168.63,81.4701,0.2022
oar,370,0,22,183.34,168.825,78.1134,0.1942
oar,370,0,23,183.39,169.01,71.5607,0.1897
oar,370,0,24,183.5,169.265,64.1344,0.3667
oar,370,0,25,183.69,169.58,53.7477,0.372
oar,370,0,26,183.935,169.85,41.6319,0.3612
oar,370,0,27,184.225,170.06,30.1406,0.3585
oar,370,0,28,184.46,170.18,20.5548,0.1709
oar,370,0,29,184.63,170.235,15.5301,0.1868
oar,370,0,30,184.81,170.275,9.4615,0.1825
oar,370,0,31,184.99,170.295,3.1831,0.1803
oar,370,0,32,185.185,170.295,177.2711,0.2102
oar,370,0,33,185.39,170.27,168.6875,0.204
oar,370,0,34,185.59,170.215,160.7078,0.2119
oar,370,0,35,185.785,170.135,154.655,0.2102
oar,370,0,36,185.97,170.03,146.3122,0.2163
oar,370,0,37,186.14,169.905,140.9031,0.2061
oar,370,0,38,186.295,169.76,133.1535,0.2193
oar,370,0,39,186.435,169.595,127.4059,0.214
oar,370,0,40,186.69,169.715,47.1746,0.559
oar,370,0,41,186.795,170.02,130.3668,0.2625
oar,370,0,42,186.615,170.21,136.5448,0.2617
oar,370,0,43,186.41,170.38,143.9774,0.272
oar,370,0,44,186.185,170.52,152.4417,0.2594
oar,370,0,45,185.95,170.63,157.3856,0.26
oar,370,0,46,185.705,170.72,162.2518,0.2625
oar,370,0,47,185.45,170.78,171.2518,0.2631
oar,370,0,48,185.19,170.805,177.8019,0.2602
oar,370,0,49,184.94,170.805,2.3809,0.2402
oar,370,0,50,184.705,170.78,9.8681,0.2334
oar,370,0,51,184.475,170.73,14.6196,0.2377
oar,370,0,52,184.25,170.66,19.9869,0.2341
oar,370,0,53,184.035,170.57,25.4588,0.2326
oar,370,0,54,183.835,170.455,34.381,0.2302
oar,370,0,55,183.645,170.32,36.3869,0.236
oar,370,0,56,183.47,170.17,45.0,0.2263
oar,370,0,57,183.31,170.0,48.3674,0.2408
oar,370,0,58,183.16,169.815,53.6161,0.236
oar,370,0,59,183.03,169.615,60.252,0.2419
oar,370,0,60,182.92,169.4,65.5581,0.2417
oar,370,0,61,182.83,169.175,70.8214,0.2435
oar,370,0,62,182.76,168.94,75.9638,0.2474
oar,370,0,63,182.715,168.695,83.1575,0.2518
oar,370,0,64,182.695,168.445,87.7072,0.2502
oar,370,0,65,182.695,168.2,92.3884,0.2402
oar,370,0,66,182.715,167.965,97.4308,0.232
oar,370,0,67,182.76,167.74,105.2544,0.228
oar,370,0,68,182.83,167.525,110.8557,0.2247
oar,370,0,69,182.92,167.315,115.459,0.2326
oar,370,0,70,183.025,167.115,120.0724,0.2195
oar,370,0,71,183.15,166.925,126.3839,0.236
oar,370,0,72,183.295,166.75,133.1535,0.2193
oar,370,0,73,183.45,166.59,134.9973,0.2263
oar,370,0,74,183.62,166.44,142.1233,0.2281
oar,370,0,75,183.805,166.31,147.7257,0.2247
oar,370,0,76,184.005,166.2,154.5344,0.2326
oar,370,0,77,184.215,166.11,159.1494,0.2247
oar,370,0,78,184.43,166.04,164.7456,0.228
oar,370,0,79,184.655,165.99,170.1319,0.2334
oar,370,0,80,184.885,165.965,177.508,0.2302
oar,370,0,81,185.115,165.965,2.4919,0.2302
oar,370,0,82,185.34,165.99,10.3069,0.2236
oar,370,0,83,185.56,166.035,12.8012,0.2256
oar,370,0,84,185.765,166.095,20.2281,0.2025
oar,370,0,85,185.955,166.175,25.345,0.2102
oar,370,0,86,186.135,166.275,32.9093,0.2025
oar,370,0,87,186.3,166.39,36.8681,0.2
oar,370,0,88,186.455,166.525,45.0,0.2121
oar,370,0,89,186.595,166.675,49.0834,0.1985
oar,370,0,90,186.72,166.835,54.7856,0.2081
oar,370,0,91,186.83,167.01,60.9429,0.2059
oar,370,0,92,186.92,167.195,67.1661,0.2062
oar,370,0,93,186.995,167.395,71.5663,0.2213
oar,370,0,94,187.05,167.605,79.213,0.2138
oar,370,0,95,187.085,167.825,82.5692,0.232
oar,370,0,96,187.105,168.055,87.5119,0.2302
oar,370,0,97,187.11,168.26,90.0,0.18
oar,370,0,98,186.23,168.35,0.0,1.76
oar,371,0,0,190.755,166.645,114.0071,1.3027
oar,371,0,1,191.33,166.05,0.0,0.62
oar,371,0,2,190.53,168.465,114.6847,5.3158
oar,371,0,3,188.315,168.465,65.4134,5.3116
oar,371,0,4,187.52,166.05,0.0,0.62
oar,371,0,5,188.095,166.645,65.9929,1.3027
oar,371,0,6,189.425,167.24,0.0,2.13
oar,371,1,0,189.425,167.75,0.0,1.65
oar,371,1,1,189.01,168.685,66.3226,2.0419
oar,371,1,2,189.835,168.685,113.9342,2.0459
oar,372,0,0,193.61,168.09,14.0354,0.2474
oar,372,0,1,193.84,168.165,22.2481,0.2377
oar,372,0,2,194.04,168.275,35.8398,0.222
oar,372,0,3,194.21,168.42,45.0,0.2263
oar,372,0,4,194.355,168.595,55.6221,0.2302
oar,372,0,5,194.465,168.795,66.7979,0.2285
oar,372,0,6,194.54,169.01,74.7456,0.228
oar,372,0,7,194.58,169.24,85.2352,0.2408
oar,372,0,8,194.57,169.515,97.354,0.3126
oar,372,0,9,194.49,169.82,111.7994,0.3231
oar,372,0,10,194.34,170.1,124.6953,0.3162
oar,372,0,11,194.13,170.33,140.1959,0.3124
oar,372,0,12,193.86,170.49,158.1996,0.3231
oar,372,0,13,193.555,170.585,167.2743,0.3178
oar,372,0,14,193.235,170.63,176.5337,0.3306
oar,372,0,15,192.91,170.64,0.0,0.32
oar,372,0,16,192.39,170.64,0.0,0.72
oar,372,0,17,192.03,168.345,90.0,4.59
oar,372,0,18,192.33,166.05,0.0,0.6
oar,372,0,19,192.63,167.025,90.0,1.95
oar,372,0,20,192.75,168.0,0.0,0.24
oar,372,0,21,193.56,167.025,125.2864,2.3889
oar,372,0,22,194.59,166.05,0.0,0.68
oar,372,0,23,194.21,167.055,125.6184,2.4726
oar,372,1,0,192.71,170.13,0.0,0.16
oar,372,1,1,192.9,170.13,0.0,0.22
oar,372,1,2,193.12,170.12,174.8006,0.2209
oar,372,1,3,193.34,170.085,167.1988,0.2256
oar,372,1,4,193.55,170.03,163.3012,0.2088
oar,372,1,5,193.735,169.945,147.0907,0.2025
oar,372,1,6,193.89,169.82,135.0031,0.198
oar,372,1,7,194.0,169.66,113.9638,0.197
oar,372,1,8,194.055,169.45,97.1241,0.2419
oar,372,1,9,194.06,169.21,85.2352,0.2408
oar,372,1,10,194.005,169.0,63.4349,0.2012
oar,372,1,11,193.9,168.835,51.3402,0.1921
oar,372,1,12,193.755,168.71,30.4651,0.1972
oar,372,1,13,193.575,168.625,20.2281,0.2025
oar,372,1,14,193.375,168.565,13.3889,0.2159
oar,372,1,15,193.155,168.53,4.9747,0.2309
oar,372,1,16,192.93,168.52,0.0,0.22
oar,372,1,17,192.725,168.52,0.0,0.19
oar,372,1,18,192.63,169.325,90.0,1.61
oar,373,0,0,197.88,170.215,123.6928,0.1803
oar,373,0,1,197.77,170.36,130.5972,0.1844
oar,373,0,2,197.64,170.485,141.8464,0.178
oar,373,0,3,197.5,170.59,144.4606,0.172
oar,373,0,4,197.35,170.68,153.4393,0.1789
oar,373,0,5,197.185,170.745,163.6046,0.1772
oar,373,0,6,197.01,170.785,170.5377,0.1825
oar,373,0,7,196.825,170.805,176.9843,0.1903
oar,373,0,8,196.605,170.8,4.5784,0.2508
oar,373,0,9,196.355,170.765,11.3072,0.2549
oar,373,0,10,196.11,170.69,22.6206,0.26
oar,373,0,11,195.89,170.575,33.0253,0.2385
oar,373,0,12,195.7,170.425,43.3593,0.2476
oar,373,0,13,195.545,170.24,56.9798,0.2385
oar,373,0,14,195.435,170.02,69.444,0.2563
oar,373,0,15,195.375,169.765,83.6573,0.2717
oar,373,0,16,195.37,169.515,94.9712,0.2308
oar,373,0,17,195.415,169.3,109.2908,0.2119
oar,373,0,18,195.495,169.11,116.5651,0.2012
oar,373,0,19,195.605,168.945,130.9166,0.1985
oar,373,0,20,195.75,168.805,140.9031,0.2061
oar,373,0,21,195.915,168.68,144.7856,0.2081
oar,373,0,22,196.095,168.57,152.2384,0.2147
oar,373,0,23,196.285,168.475,154.655,0.2102
oar,373,0,24,196.54,168.36,156.3689,0.3493
oar,373,0,25,196.845,168.22,154.2327,0.322
oar,373,0,26,197.115,168.06,144.2426,0.3081
oar,373,0,27,197.29,167.915,132.2792,0.1487
oar,373,0,28,197.38,167.795,121.6071,0.1526
oar,373,0,29,197.445,167.65,107.3497,0.1676
oar,373,0,30,197.48,167.485,96.7119,0.1712
oar,373,0,31,197.48,167.305,83.9898,0.1911
oar,373,0,32,197.45,167.125,76.7626,0.1747
oar,373,0,33,197.39,166.965,61.926,0.17
oar,373,0,34,197.3,166.82,54.4676,0.1721
oar,373,0,35,197.19,166.69,44.9964,0.1697
oar,373,0,36,197.055,166.59,28.0695,0.17
oar,373,0,37,196.9,166.52,20.5548,0.1709
oar,373,0,38,196.73,166.48,6.3466,0.1811
oar,373,0,39,196.55,166.48,173.6539,0.1811
oar,373,0,40,196.375,166.515,163.6141,0.1772
oar,373,0,41,196.215,166.58,151.9215,0.17
oar,373,0,42,196.075,166.675,139.7685,0.1703
oar,373,0,43,195.955,166.795,130.2355,0.1703
oar,373,0,44,195.855,166.935,120.9638,0.1749
oar,373,0,45,195.785,167.095,106.3893,0.1772
oar,373,0,46,195.755,167.275,93.0111,0.1903
oar,373,0,47,195.45,167.305,12.2254,0.6139
oar,373,0,48,195.18,167.105,102.5274,0.2766
oar,373,0,49,195.26,166.845,111.8026,0.2693
oar,373,0,50,195.38,166.615,123.691,0.2524
oar,373,0,51,195.54,166.415,133.4503,0.2617
oar,373,0,52,195.735,166.245,144.4643,0.2581
oar,373,0,53,195.955,166.115,154.4426,0.2549
oar,373,0,54,196.195,166.025,164.3562,0.2596
oar,373,0,55,196.455,165.975,173.6602,0.2717
oar,373,0,56,196.74,165.975,5.7103,0.3015
oar,373,0,57,197.03,166.025,14.0377,0.2886
oar,373,0,58,197.3,166.125,26.561,0.2907
oar,373,0,59,197.54,166.275,37.6963,0.278
oar,373,0,60,197.74,166.46,48.0157,0.2691
oar,373,0,61,197.9,166.685,60.7513,0.2865
oar,373,0,62,198.01,166.95,74.0542,0.2912
oar,373,0,63,198.065,167.245,84.4726,0.3114
oar,373,0,64,198.07,167.535,94.2342,0.2707
oar,373,0,65,198.025,167.79,106.2624,0.25
oar,373,0,66,197.94,168.015,115.459,0.2326
oar,373,0,67,197.82,168.215,126.3839,0.236
oar,373,0,68,197.665,168.385,138.5797,0.2267
oar,373,0,69,197.48,168.53,145.0106,0.2441
oar,373,0,70,197.27,168.66,151.3907,0.2506
oar,373,0,71,197.04,168.77,157.3781,0.26
oar,373,0,72,196.755,168.885,158.4979,0.3547
oar,373,0,73,196.48,169.0,155.5548,0.2417
oar,373,0,74,196.27,169.125,143.1308,0.25
oar,373,0,75,196.125,169.24,138.364,0.1204
oar,373,0,76,196.05,169.33,120.9689,0.1166
oar,373,0,77,195.995,169.44,112.6219,0.13
oar,373,0,78,195.965,169.565,94.3961,0.1304
oar,373,0,79,195.965,169.705,86.1886,0.1504
oar,373,0,80,195.995,169.845,68.9575,0.1393
oar,373,0,81,196.06,169.97,56.315,0.1442
oar,373,0,82,196.15,170.075,41.9843,0.1345
oar,373,0,83,196.325,170.19,29.2461,0.2865
oar,373,0,84,196.585,170.28,8.4291,0.2729
oar,373,0,85,196.84,170.29,175.2391,0.2408
oar,373,0,86,197.06,170.235,155.7655,0.2193
oar,373,0,87,197.24,170.12,138.8179,0.2126
oar,373,0,88,197.39,169.955,126.3839,0.236
oar,373,0,89,197.695,170.0,30.784,0.5471
oar,374,0,0,23.18,520.385,90.0,4.09
oar,374,0,1,23.435,518.34,0.0,0.51
oar,374,0,2,23.69,520.64,90.0,4.6
oar,374,0,3,23.19,522.94,0.0,1.0
oar,374,0,4,22.535,522.685,58.7071,0.5968
oar,374,0,5,22.78,522.43,0.0,0.8
oar,375,0,0,27.355,519.8,51.5246,2.427
oar,375,0,1,28.175,520.86,59.4211,0.2555
oar,375,0,2,28.29,521.09,67.3799,0.26
oar,375,0,3,28.37,521.335,76.5044,0.2571
oar,375,0,4,28.41,521.59,85.6012,0.2608
oar,375,0,5,28.41,521.87,93.8142,0.3007
oar,375,0,6,28.355,522.15,109.093,0.2751
oar,375,0,7,28.245,522.4,118.4433,0.2729
oar,375,0,8,28.095,522.62,130.3639,0.2625
oar,375,0,9,27.905,522.805,141.0092,0.2702
oar,375,0,10,27.68,522.95,153.4346,0.2683
oar,375,0,11,27.425,523.045,165.4655,0.2789
oar,375,0,12,27.15,523.095,173.8848,0.2816
oar,375,0,13,26.86,523.095,5.7104,0.3015
oar,375,0,14,26.575,523.045,14.5344,0.2789
oar,375,0,15,26.32,522.955,24.6237,0.264
oar,375,0,16,26.095,522.82,37.3045,0.264
oar,375,0,17,25.905,522.64,49.635,0.2625
oar,375,0,18,25.755,522.42,61.5578,0.273
oar,375,0,19,25.645,522.165,71.5648,0.2846
oar,375,0,20,25.57,521.88,78.6903,0.3059
oar,375,0,21,25.83,521.73,0.0,0.58
oar,375,0,22,26.135,521.82,80.5381,0.1825
oar,375,0,23,26.175,521.99,72.646,0.1676
oar,375,0,24,26.245,522.145,59.0365,0.1749
oar,375,0,25,26.345,522.28,47.4887,0.1628
oar,375,0,26,26.465,522.395,40.2363,0.1703
oar,375,0,27,26.6,522.49,29.7456,0.1612
oar,375,0,28,26.75,522.555,17.355,0.1676
oar,375,0,29,26.92,522.59,6.3391,0.1811
oar,375,0,30,27.095,522.59,173.2913,0.1712
oar,375,0,31,27.265,522.555,163.6095,0.1772
oar,375,0,32,27.425,522.485,149.0351,0.1749
oar,375,0,33,27.57,522.385,141.8444,0.178
oar,375,0,34,27.695,522.265,130.2355,0.1703
oar,375,0,35,27.795,522.125,120.9635,0.1749
oar,375,0,36,27.865,521.965,106.3895,0.1772
oar,375,0,37,27.9,521.79,96.3403,0.1811
oar,375,0,38,27.895,521.585,82.5688,0.2319
oar,375,0,39,27.83,521.355,66.5017,0.2508
oar,375,0,40,27.715,521.14,56.9755,0.2385
oar,375,0,41,27.575,520.945,51.7103,0.2421
oar,375,0,42,26.49,519.595,51.1736,3.2219
oar,375,0,43,26.95,518.34,0.0,2.94
oar,375,0,44,28.42,518.595,90.0,0.51
oar,375,0,45,27.51,518.85,0.0,1.82
oar,376,0,0,30.895,519.8,51.5246,2.427
oar,376,0,1,31.715,520.86,59.4211,0.2555
oar,376,0,2,31.83,521.09,67.3799,0.26
oar,376,0,3,31.915,521.335,74.3578,0.2596
oar,376,0,4,31.96,521.59,85.6012,0.2608
oar,376,0,5,31.955,521.87,95.7108,0.3015
oar,376,0,6,31.9,522.15,107.1026,0.272
oar,376,0,7,31.795,522.4,118.443,0.2729
oar,376,0,8,31.64,522.62,131.9866,0.2691
oar,376,0,9,31.445,522.805,141.0092,0.2702
oar,376,0,10,31.22,522.95,153.4346,0.2683
oar,376,0,11,30.97,523.045,164.9315,0.2693
oar,376,0,12,30.695,523.095,174.0941,0.2915
oar,376,0,13,30.4,523.095,5.7104,0.3015
oar,376,0,14,30.115,523.045,14.5344,0.2789
oar,376,0,15,29.86,522.955,24.6237,0.264
oar,376,0,16,29.64,522.82,38.6603,0.2561
oar,376,0,17,29.455,522.64,49.635,0.2625
oar,376,0,18,29.3,522.42,59.7442,0.2779
oar,376,0,19,29.185,522.165,71.5648,0.2846
oar,376,0,20,29.11,521.88,78.6903,0.3059
oar,376,0,21,29.37,521.73,0.0,0.58
oar,376,0,22,29.675,521.82,80.5381,0.1825
oar,376,0,23,29.72,521.99,69.444,0.1709
oar,376,0,24,29.79,522.145,61.9278,0.17
oar,376,0,25,29.885,522.28,47.4887,0.1628
oar,376,0,26,30.005,522.395,40.2363,0.1703
oar,376,0,27,30.145,522.49,28.0731,0.17
oar,376,0,28,30.3,522.555,17.355,0.1676
oar,376,0,29,30.465,522.59,6.7087,0.1712
oar,376,0,30,30.64,522.59,173.6609,0.1811
oar,376,0,31,30.81,522.555,162.645,0.1676
oar,376,0,32,30.97,522.485,150.6411,0.1836
oar,376,0,33,31.115,522.385,139.7657,0.1703
oar,376,0,34,31.24,522.265,132.7081,0.1769
oar,376,0,35,31.34,522.125,118.0722,0.17
oar,376,0,36,31.41,521.965,109.4401,0.1803
oar,376,0,37,31.45,521.79,96.3403,0.1811
oar,376,0,38,31.44,521.585,80.1343,0.2334
oar,376,0,39,31.37,521.355,66.5017,0.2508
oar,376,0,40,31.255,521.14,56.9755,0.2385
oar,376,0,41,31.12,520.945,53.6161,0.236
oar,376,0,42,30.035,519.595,51.0353,3.2282
oar,376,0,43,30.495,518.34,0.0,2.95
oar,376,0,44,31.97,518.595,90.0,0.51
oar,376,0,45,31.055,518.85,0.0,1.83
oar,377,0,0,33.06,518.925,12.0943,0.1432
oar,377,0,1,32.94,518.875,34.9913,0.1221
oar,377,0,2,32.85,518.785,53.9735,0.136
oar,377,0,3,32.8,518.665,81.2535,0.1315
oar,377,0,4,32.8,518.53,98.1299,0.1414
oar,377,0,5,32.85,518.41,128.6595,0.1281
oar,377,0,6,32.94,518.32,141.3402,0.1281
oar,377,0,7,33.06,518.27,171.8712,0.1414
oar,377,0,8,33.195,518.27,8.7446,0.1315
oar,377,0,9,33.315,518.32,36.0278,0.136
oar,377,0,10,33.405,518.41,55.0077,0.1221
oar,377,0,11,33.455,518.53,77.9063,0.1432
oar,377,0,12,33.455,518.665,102.9944,0.1334
oar,377,0,13,33.405,518.785,122.4709,0.1304
oar,377,0,14,33.315,518.875,147.5291,0.1304
oar,377,0,15,33.195,518.925,167.006,0.1334
oar,378,0,0,35.495,520.5,58.2354,4.54
oar,378,0,1,34.525,518.415,145.4377,0.5464
oar,378,0,2,36.185,520.6,58.4814,5.4899
oar,378,0,3,35.96,522.94,0.0,3.32
oar,378,0,4,34.3,522.685,90.0,0.51
oar,378,0,5,35.495,522.43,0.0,2.39
oar,379,0,0,25.325,530.365,154.2899,0.2997
oar,379,0,1,25.045,530.48,160.9746,0.3068
oar,379,0,2,24.75,530.555,170.5379,0.3041
oar,379,0,3,24.445,530.59,176.3085,0.3106
oar,379,0,4,24.165,530.595,2.2902,0.2502
oar,379,0,5,23.92,530.57,9.4625,0.2433
oar,379,0,6,23.68,530.525,11.7681,0.2452
oar,379,0,7,23.445,530.46,19.1793,0.2435
oar,379,0,8,23.225,530.365,27.6462,0.2371
oar,379,0,9,23.015,530.25,29.7448,0.2419
oar,379,0,10,22.815,530.125,34.3805,0.2302
oar,379,0,11,22.63,529.98,41.6335,0.2408
oar,379,0,12,22.46,529.815,46.7354,0.2335
oar,379,0,13,22.31,529.635,53.6161,0.236
oar,379,0,14,22.18,529.44,59.0357,0.2332
oar,379,0,15,22.065,529.23,63.4349,0.246
oar,379,0,16,21.97,529.005,70.8213,0.2435
oar,379,0,17,21.9,528.775,75.379,0.2377
oar,379,0,18,21.85,528.535,80.9095,0.2532
oar,379,0,19,21.825,528.28,87.7978,0.2602
oar,379,0,20,21.825,528.025,92.2902,0.2502
oar,379,0,21,21.85,527.78,99.4626,0.2433
oar,379,0,22,21.9,527.54,104.0362,0.2474
oar,379,0,23,21.97,527.31,109.983,0.2341
oar,379,0,24,22.06,527.095,115.4635,0.2326
oar,379,0,25,22.175,526.89,123.0235,0.2385
oar,379,0,26,22.31,526.7,127.8748,0.228
oar,379,0,27,22.46,526.525,133.2646,0.2335
oar,379,0,28,22.625,526.365,138.5761,0.2267
oar,379,0,29,22.805,526.22,143.6158,0.236
oar,379,0,30,23.0,526.09,149.0371,0.2332
oar,379,0,31,23.205,525.98,154.5354,0.2326
oar,379,0,32,23.42,525.895,162.3499,0.2309
oar,379,0,33,23.645,525.83,165.3797,0.2377
oar,379,0,34,23.88,525.78,170.5375,0.2433
oar,379,0,35,24.125,525.755,177.7089,0.2502
oar,379,0,36,24.405,525.76,3.6922,0.3106
oar,379,0,37,24.715,525.8,10.9536,0.3158
oar,379,0,38,25.025,525.88,17.8785,0.3257
oar,379,0,39,25.32,526.0,26.5649,0.313
oar,379,0,40,25.46,526.41,90.0,0.68
oar,379,0,41,25.325,526.645,37.8748,0.3421
oar,379,0,42,25.035,526.465,25.8213,0.3444
oar,379,0,43,24.72,526.34,17.3538,0.3353
oar,379,0,44,24.395,526.275,5.1942,0.3314
oar,379,0,45,24.135,526.265,176.9866,0.1903
oar,379,0,46,23.945,526.285,171.0278,0.1924
oar,379,0,47,23.765,526.325,163.6095,0.1772
oar,379,0,48,23.595,526.38,160.5607,0.1803
oar,379,0,49,23.355,526.5,149.8585,0.3585
oar,379,0,50,23.065,526.71,138.3668,0.3612
oar,379,0,51,22.825,526.97,126.8699,0.35
oar,379,0,52,22.635,527.275,117.2552,0.3712
oar,379,0,53,22.52,527.525,109.4401,0.1803
oar,379,0,54,22.47,527.7,102.5291,0.1844
oar,379,0,55,22.435,527.885,98.9727,0.1924
oar,379,0,56,22.415,528.075,93.0122,0.1903
oar,379,0,57,22.415,528.265,86.9876,0.1903
oar,379,0,58,22.435,528.455,81.0273,0.1924
oar,379,0,59,22.47,528.64,77.4709,0.1844
oar,379,0,60,22.52,528.82,71.5652,0.1897
oar,379,0,61,22.635,529.075,62.7448,0.3712
oar,379,0,62,22.83,529.38,51.8427,0.3561
oar,379,0,63,23.075,529.64,41.6332,0.3612
oar,379,0,64,23.365,529.85,30.1415,0.3585
oar,379,0,65,23.605,529.97,19.4393,0.1803
oar,379,0,66,23.775,530.025,16.3905,0.1772
oar,379,0,67,23.955,530.065,8.9722,0.1924
oar,379,0,68,24.145,530.085,3.0134,0.1903
oar,379,0,69,24.405,530.075,174.8051,0.3314
oar,379,0,70,24.73,530.015,164.2913,0.3324
oar,379,0,71,25.04,529.9,154.9831,0.3311
oar,379,0,72,25.325,529.73,143.4716,0.336
oar,379,0,73,25.46,529.965,90.0,0.67
oar,380,0,0,27.95,529.92,0.0,1.1
oar,380,0,1,28.5,530.175,90.0,0.51
oar,380,0,2,27.105,530.43,0.0,2.79
oar,380,0,3,25.71,530.175,90.0,0.51
oar,380,0,4,26.26,529.92,0.0,1.1
oar,380,0,5,26.81,527.88,90.0,4.08
oar,380,0,6,27.105,525.84,0.0,0.59
oar,380,0,7,27.4,527.88,90.0,4.08
oar,381,0,0,31.945,526.435,114.0071,1.3027
oar,381,0,1,32.52,525.84,0.0,0.62
oar,381,0,2,31.725,528.255,114.5868,5.3116
oar,381,0,3,29.515,528.255,65.4132,5.3116
oar,381,0,4,28.72,525.84,0.0,0.62
oar,381,0,5,29.295,526.435,65.9929,1.3027
oar,381,0,6,30.62,527.03,0.0,2.12
oar,381,1,0,30.625,527.54,0.0,1.65
oar,381,1,1,30.21,528.475,66.3224,2.0419
oar,381,1,2,31.035,528.475,113.9341,2.0459
oar,382,0,0,35.48,530.175,90.0,0.51
oar,382,0,1,34.355,530.43,0.0,2.25
oar,382,0,2,33.23,528.135,90.0,4.59
oar,382,0,3,33.525,525.84,0.0,0.59
oar,382,0,4,33.82,526.985,90.0,2.29
oar,382,0,5,34.625,528.13,0.0,1.61
oar,382,0,6,35.43,528.385,90.0,0.51
oar,382,0,7,34.625,528.64,0.0,1.61
oar,382,0,8,33.82,529.28,90.0,1.28
oar,382,0,9,34.65,529.92,0.0,1.66
oar,383,0,0,37.15,528.185,66.5301,6.3776
oar,383,0,1,36.095,525.16,155.0556,0.4742
oar,383,0,2,37.585,528.01,66.6258,6.4275
oar,383,0,3,38.64,531.035,161.1751,0.4649
oar,384,0,0,39.43,528.98,90.0,2.9
oar,384,0,1,39.43,527.435,90.0,0.19
oar,384,0,2,39.445,527.25,99.4619,0.1825
oar,384,0,3,39.475,527.07,99.4631,0.1825
oar,384,0,4,39.515,526.9,107.3534,0.1676
oar,384,0,5,39.615,526.665,115.8208,0.3444
oar,384,0,6,39.785,526.38,126.1583,0.322
oar,384,0,7,40.005,526.145,139.9699,0.3265
oar,384,0,8,40.275,525.96,151.1129,0.3312
oar,384,0,9,40.5,525.855,162.6475,0.1676
oar,384,0,10,40.665,525.81,166.7591,0.1746
oar,384,0,11,40.845,525.775,171.0277,0.1924
oar,384,0,12,41.035,525.755,176.9866,0.1903
oar,384,0,13,41.225,525.755,3.0135,0.1903
oar,384,0,14,41.41,525.775,9.4619,0.1825
oar,384,0,15,41.59,525.81,12.5291,0.1844
oar,384,0,16,41.76,525.855,17.3525,0.1676
oar,384,0,17,41.985,525.96,28.8871,0.3312
oar,384,0,18,42.25,526.145,41.1861,0.3189
oar,384,0,19,42.47,526.38,52.4315,0.328
oar,384,0,20,42.64,526.665,65.6954,0.3401
oar,384,0,21,42.735,526.9,72.6454,0.1676
oar,384,0,22,42.78,527.07,77.4721,0.1844
oar,384,0,23,42.81,527.25,83.6597,0.1811
oar,384,0,24,42.825,527.435,86.9865,0.1903
oar,384,0,25,42.83,528.98,90.0,2.9
oar,384,0,26,42.535,530.43,0.0,0.59
oar,384,0,27,42.24,529.075,90.0,2.71
oar,384,0,28,42.23,527.58,85.9143,0.2807
oar,384,0,29,42.205,527.31,83.4175,0.2617
oar,384,0,30,42.155,527.055,74.3578,0.2596
oar,384,0,31,42.065,526.82,63.4357,0.246
oar,384,0,32,41.94,526.615,53.6154,0.236
oar,384,0,33,41.77,526.45,34.9923,0.2441
oar,384,0,34,41.615,526.355,24.4419,0.1208
oar,384,0,35,41.495,526.31,17.103,0.136
oar,384,0,36,41.36,526.28,8.1319,0.1414
oar,384,0,37,41.21,526.265,3.5744,0.1603
oar,384,0,38,41.05,526.265,176.4256,0.1603
oar,384,0,39,40.9,526.28,171.8681,0.1414
oar,384,0,40,40.765,526.31,162.897,0.136
oar,384,0,41,40.64,526.355,157.3818,0.13
oar,384,0,42,40.485,526.45,143.6161,0.236
oar,384,0,43,40.315,526.615,128.2894,0.2421
oar,384,0,44,40.19,526.82,114.4443,0.2417
oar,384,0,45,40.105,527.055,105.6422,0.2596
oar,384,0,46,40.05,527.31,98.7463,0.2631
oar,384,0,47,40.025,527.58,92.0451,0.2802
oar,384,0,48,40.02,529.075,90.0,2.71
oar,384,0,49,39.725,530.43,0.0,0.59
oar,385,0,0,43.91,525.84,0.0,0.6
oar,385,0,1,44.21,527.57,90.0,3.46
oar,385,0,2,45.91,527.475,132.9691,4.9882
oar,385,0,3,47.61,528.04,90.0,4.78
oar,385,0,4,47.315,530.43,0.0,0.59
oar,385,0,5,47.02,528.755,90.0,3.35
oar,385,0,6,45.315,528.865,133.6868,4.9369
oar,385,0,7,43.61,528.245,90.0,4.81
oar,386,0,0,48.72,530.43,0.0,0.6
oar,386,0,1,48.42,528.135,90.0,4.59
oar,386,0,2,48.72,525.84,0.0,0.6
oar,386,0,3,49.02,528.135,90.0,4.59
oar,387,0,0,53.095,530.365,154.2899,0.2997
oar,387,0,1,52.815,530.48,160.9747,0.3068
oar,387,0,2,52.52,530.555,170.5378,0.3041
oar,387,0,3,52.22,530.59,176.1858,0.3007
oar,387,0,4,51.945,530.595,2.2902,0.2502
oar,387,0,5,51.695,530.57,9.0905,0.2532
oar,387,0,6,51.45,530.525,11.768,0.2452
oar,387,0,7,51.22,530.46,19.9837,0.2341
oar,387,0,8,51.0,530.365,26.5651,0.246
oar,387,0,9,50.79,530.25,30.9634,0.2332
oar,387,0,10,50.595,530.125,34.3808,0.2302
oar,387,0,11,50.41,529.98,41.6335,0.2408
oar,387,0,12,50.24,529.815,46.7354,0.2335
oar,387,0,13,50.09,529.635,53.6161,0.236
oar,387,0,14,49.955,529.44,56.9755,0.2385
oar,387,0,15,49.84,529.23,65.5565,0.2417
oar,387,0,16,49.745,529.005,68.6296,0.247
oar,387,0,17,49.67,528.775,75.3785,0.2377
oar,387,0,18,49.62,528.535,80.9095,0.2532
oar,387,0,19,49.595,528.28,87.7978,0.2602
oar,387,0,20,49.595,528.025,92.2902,0.2502
oar,387,0,21,49.62,527.78,99.4626,0.2433
oar,387,0,22,49.67,527.54,104.0367,0.2474
oar,387,0,23,49.74,527.31,109.9825,0.2341
oar,387,0,24,49.835,527.095,117.6462,0.2371
oar,387,0,25,49.95,526.89,120.963,0.2332
oar,387,0,26,50.08,526.7,127.8756,0.228
oar,387,0,27,50.23,526.525,133.2639,0.2334
oar,387,0,28,50.395,526.365,138.5764,0.2267
oar,387,0,29,50.575,526.22,143.6156,0.236
oar,387,0,30,50.77,526.09,149.0374,0.2332
oar,387,0,31,50.975,525.98,154.5352,0.2326
oar,387,0,32,51.195,525.895,163.0728,0.2404
oar,387,0,33,51.425,525.83,165.3797,0.2377
oar,387,0,34,51.66,525.78,170.5374,0.2433
oar,387,0,35,51.9,525.755,177.6136,0.2402
oar,387,0,36,52.175,525.76,3.6922,0.3106
oar,387,0,37,52.485,525.8,10.9536,0.3158
oar,387,0,38,52.795,525.88,17.8784,0.3257
oar,387,0,39,53.09,526.0,26.5651,0.313
oar,387,0,40,53.23,526.41,90.0,0.68
oar,387,0,41,53.095,526.645,37.8748,0.3421
oar,387,0,42,52.81,526.465,26.5653,0.3354
oar,387,0,43,52.5,526.34,17.3538,0.3353
oar,387,0,44,52.17,526.275,5.0422,0.3413
oar,387,0,45,51.905,526.265,176.9865,0.1903
oar,387,0,46,51.72,526.285,170.5381,0.1825
oar,387,0,47,51.54,526.325,164.475,0.1868
oar,387,0,48,51.365,526.38,160.5609,0.1803
oar,387,0,49,51.125,526.5,149.8584,0.3585
oar,387,0,50,50.84,526.71,137.2911,0.3538
oar,387,0,51,50.6,526.97,128.1575,0.3561
oar,387,0,52,50.41,527.275,115.8662,0.3667
oar,387,0,53,50.3,527.525,109.4395,0.1803
oar,387,0,54,50.245,527.7,105.5239,0.1868
oar,387,0,55,50.21,527.885,96.0091,0.1911
oar,387,0,56,50.195,528.075,93.0134,0.1903
oar,387,0,57,50.195,528.265,86.9865,0.1903
oar,387,0,58,50.21,528.455,83.9909,0.1911
oar,387,0,59,50.245,528.64,74.4761,0.1868
oar,387,0,60,50.3,528.82,71.5658,0.1897
oar,387,0,61,50.41,529.075,64.1338,0.3667
oar,387,0,62,50.6,529.38,51.8425,0.3561
oar,387,0,63,50.845,529.64,41.6332,0.3612
oar,387,0,64,51.135,529.85,30.1413,0.3585
oar,387,0,65,51.375,529.97,19.4395,0.1803
oar,387,0,66,51.55,530.025,15.525,0.1868
oar,387,0,67,51.73,530.065,9.4619,0.1825
oar,387,0,68,51.915,530.085,3.0135,0.1903
oar,387,0,69,52.175,530.075,174.8052,0.3314
oar,387,0,70,52.5,530.015,164.2913,0.3324
oar,387,0,71,52.81,529.9,154.9831,0.3311
oar,387,0,72,53.095,529.73,143.4716,0.336
oar,387,0,73,53.23,529.965,90.0,0.67
oar,388,0,0,55.86,530.595,2.3855,0.2402
oar,388,0,1,55.62,530.57,9.4626,0.2433
oar,388,0,2,55.385,530.525,12.2646,0.2354
oar,388,0,3,55.16,530.455,22.2489,0.2377
oar,388,0,4,54.945,530.36,25.464,0.2326
oar,388,0,5,54.74,530.25,30.9634,0.2332
oar,388,0,6,54.545,530.12,36.3844,0.236
oar,388,0,7,54.365,529.975,41.4229,0.2267
oar,388,0,8,54.2,529.815,46.7367,0.2335
oar,388,0,9,54.05,529.635,53.615,0.236
oar,388,0,10,53.92,529.44,59.037,0.2332
oar,388,0,11,53.805,529.235,62.3538,0.2371
oar,388,0,12,53.71,529.015,70.8203,0.2435
oar,388,0,13,53.64,528.785,75.3799,0.2377
oar,388,0,14,53.59,528.55,80.5374,0.2433
oar,388,0,15,53.565,528.305,87.7089,0.2502
oar,388,0,16,53.565,528.05,92.2031,0.2602
oar,388,0,17,53.59,527.795,99.0905,0.2532
oar,388,0,18,53.64,527.55,104.0358,0.2474
oar,388,0,19,53.71,527.315,109.1792,0.2435
oar,388,0,20,53.8,527.095,115.4631,0.2326
oar,388,0,21,53.915,526.89,123.0245,0.2385
oar,388,0,22,54.05,526.7,127.8748,0.228
oar,388,0,23,54.195,526.525,131.423,0.2267
oar,388,0,24,54.36,526.36,138.3672,0.2408
oar,388,0,25,54.54,526.215,144.163,0.222
oar,388,0,26,54.73,526.09,149.0353,0.2332
oar,388,0,27,54.94,525.98,155.5565,0.2417
oar,388,0,28,55.16,525.89,160.0166,0.2341
oar,388,0,29,55.385,525.825,167.7345,0.2354
oar,388,0,30,55.62,525.78,170.5392,0.2433
oar,388,0,31,55.86,525.755,177.6136,0.2402
oar,388,0,32,56.105,525.755,2.2911,0.2502
oar,388,0,33,56.35,525.78,9.4607,0.2433
oar,388,0,34,56.585,525.825,12.2655,0.2354
oar,388,0,35,56.81,525.89,19.9837,0.2341
oar,388,0,36,57.025,525.98,25.4627,0.2326
oar,388,0,37,57.23,526.09,30.9647,0.2332
oar,388,0,38,57.425,526.215,34.3794,0.2302
oar,388,0,39,57.605,526.36,43.2639,0.2334
oar,388,0,40,57.77,526.525,46.7367,0.2335
oar,388,0,41,57.92,526.7,52.1252,0.228
oar,388,0,42,58.05,526.89,59.0353,0.2332
oar,388,0,43,58.165,527.095,62.3538,0.2371
oar,388,0,44,58.26,527.315,70.8217,0.2435
oar,388,0,45,58.33,527.55,75.9633,0.2474
oar,388,0,46,58.38,527.795,80.9095,0.2532
oar,388,0,47,58.405,528.05,87.7978,0.2602
oar,388,0,48,58.405,528.305,92.2902,0.2502
oar,388,0,49,58.38,528.55,99.4626,0.2433
oar,388,0,50,58.33,528.785,104.621,0.2377
oar,388,0,51,58.26,529.015,109.1789,0.2435
oar,388,0,52,58.165,529.235,117.6462,0.2371
oar,388,0,53,58.05,529.44,120.9638,0.2332
oar,388,0,54,57.92,529.635,126.385,0.236
oar,388,0,55,57.77,529.815,133.2633,0.2335
oar,388,0,56,57.605,529.975,138.5765,0.2267
oar,388,0,57,57.425,530.12,143.6161,0.236
oar,388,0,58,57.23,530.25,149.0361,0.2332
oar,388,0,59,57.025,530.36,154.5365,0.2326
oar,388,0,60,56.81,530.455,157.7507,0.2377
oar,388,0,61,56.585,530.525,167.7354,0.2354
oar,388,0,62,56.35,530.57,170.5375,0.2433
oar,388,0,63,56.105,530.595,177.7098,0.2502
oar,388,1,0,55.89,526.265,176.8219,0.1803
oar,388,1,1,55.71,526.285,170.5381,0.1825
oar,388,1,2,55.535,526.325,163.6093,0.1772
oar,388,1,3,55.365,526.38,160.5609,0.1803
oar,388,1,4,55.125,526.495,151.2592,0.3536
oar,388,1,5,54.835,526.695,139.5745,0.3547
oar,388,1,6,54.585,526.955,128.4179,0.3701
oar,388,1,7,54.385,527.26,117.9798,0.3624
oar,388,1,8,54.27,527.51,108.4353,0.1897
oar,388,1,9,54.215,527.69,105.5239,0.1868
oar,388,1,10,54.175,527.88,98.5306,0.2022
oar,388,1,11,54.155,528.08,92.863,0.2003
oar,388,1,12,54.155,528.275,86.9865,0.1903
oar,388,1,13,54.175,528.465,81.0278,0.1924
oar,388,1,14,54.21,528.65,77.4709,0.1844
oar,388,1,15,54.26,528.83,71.5647,0.1897
oar,388,1,16,54.37,529.08,63.4349,0.3578
oar,388,1,17,54.555,529.385,54.0905,0.3581
oar,388,1,18,54.795,529.645,40.4264,0.3547
oar,388,1,19,55.085,529.85,30.1406,0.3585
oar,388,1,20,55.325,529.97,19.4414,0.1803
oar,388,1,21,55.505,530.025,14.7434,0.1965
oar,388,1,22,55.695,530.065,8.9722,0.1924
oar,388,1,23,55.885,530.085,3.0135,0.1903
oar,388,1,24,56.08,530.085,177.137,0.2003
oar,388,1,25,56.275,530.065,171.0277,0.1924
oar,388,1,26,56.46,530.025,164.4761,0.1868
oar,388,1,27,56.635,529.97,160.5586,0.1803
oar,388,1,28,56.88,529.85,150.6432,0.3671
oar,388,1,29,57.17,529.645,138.5029,0.3471
oar,388,1,30,57.41,529.385,127.1848,0.364
oar,388,1,31,57.6,529.08,116.5651,0.3578
oar,388,1,32,57.71,528.83,108.4342,0.1897
oar,388,1,33,57.76,528.65,102.5291,0.1844
oar,388,1,34,57.795,528.465,98.9733,0.1924
oar,388,1,35,57.81,528.275,90.0,0.19
oar,388,1,36,57.805,528.08,87.137,0.2003
oar,388,1,37,57.79,527.88,84.2892,0.201
oar,388,1,38,57.755,527.69,74.4761,0.1868
oar,388,1,39,57.7,527.51,71.5647,0.1897
oar,388,1,40,57.585,527.26,62.0208,0.3624
oar,388,1,41,57.385,526.955,51.5821,0.3701
oar,388,1,42,57.135,526.695,40.4255,0.3547
oar,388,1,43,56.845,526.495,28.7405,0.3536
oar,388,1,44,56.605,526.38,19.4395,0.1803
oar,388,1,45,56.435,526.325,16.3903,0.1772
oar,388,1,46,56.26,526.285,9.4619,0.1825
oar,388,1,47,56.075,526.265,3.0112,0.1903
oar,389,0,0,61.855,527.345,66.4555,3.4797
oar,389,0,1,62.555,528.94,0.0,0.01
oar,389,0,2,62.83,527.39,99.8813,3.1467
oar,389,0,3,63.395,525.84,0.0,0.59
oar,389,0,4,63.22,528.27,100.9467,4.9501
oar,389,0,5,61.955,528.875,66.4613,3.9813
oar,389,0,6,60.365,528.875,113.5387,3.9813
oar,389,0,7,59.1,528.27,79.0533,4.9501
oar,389,0,8,58.925,525.84,0.0,0.59
oar,389,0,9,59.49,527.385,80.0873,3.1368
oar,389,0,10,59.765,528.93,0.0,0.01
oar,389,0,11,60.465,527.34,113.6105,3.4705
oar,390,0,0,23.18,535.375,90.0,4.09
oar,390,0,1,23.435,533.33,0.0,0.51
oar,390,0,2,23.69,535.63,90.0,4.6
oar,390,0,3,23.19,537.93,0.0,1.0
oar,390,0,4,22.535,537.675,58.7069,0.5968
oar,390,0,5,22.78,537.42,0.0,0.8
oar,391,0,0,26.955,535.54,0.0,0.21
oar,391,0,1,27.155,535.525,171.0278,0.1924
oar,391,0,2,27.33,535.475,156.3707,0.1746
oar,391,0,3,27.48,535.385,141.8429,0.178
oar,391,0,4,27.61,535.265,132.7089,0.1769
oar,391,0,5,27.715,535.125,120.9635,0.1749
oar,391,0,6,27.785,534.955,104.7434,0.1965
oar,391,0,7,27.82,534.76,95.7107,0.201
oar,391,0,8,27.82,534.565,83.9908,0.191
oar,391,0,9,27.785,534.385,73.6109,0.1772
oar,391,0,10,27.72,534.225,61.9272,0.17
oar,391,0,11,27.63,534.085,52.4315,0.164
oar,391,0,12,27.515,533.965,40.2367,0.1703
oar,391,0,13,27.375,533.87,28.072,0.17
oar,391,0,14,27.215,533.8,19.4404,0.1803
oar,391,0,15,27.04,533.765,3.1793,0.1803
oar,391,0,16,26.865,533.765,176.6341,0.1703
oar,391,0,17,26.705,533.79,165.0682,0.1552
oar,391,0,18,26.555,533.84,158.1983,0.1616
oar,391,0,19,26.415,533.91,148.393,0.1526
oar,391,0,20,26.295,534.005,135.0,0.1556
oar,391,0,21,26.195,534.12,126.8702,0.15
oar,391,0,22,26.12,534.25,113.1985,0.1523
oar,391,0,23,26.07,534.4,104.0359,0.1649
oar,391,0,24,25.77,534.48,0.0,0.56
oar,391,0,25,25.51,534.345,98.4271,0.2729
oar,391,0,26,25.58,534.09,112.6201,0.26
oar,391,0,27,25.695,533.865,121.7594,0.247
oar,391,0,28,25.85,533.67,135.0,0.2546
oar,391,0,29,26.045,533.51,146.3099,0.2524
oar,391,0,30,26.265,533.385,154.4401,0.255
oar,391,0,31,26.51,533.3,167.0051,0.2668
oar,391,0,32,26.77,533.26,175.6012,0.2608
oar,391,0,33,27.05,533.26,3.8141,0.3007
oar,391,0,34,27.34,533.305,14.0362,0.2886
oar,391,0,35,27.6,533.4,26.5647,0.2683
oar,391,0,36,27.825,533.54,37.3047,0.264
oar,391,0,37,28.015,533.72,49.635,0.2625
oar,391,0,38,28.165,533.935,60.5242,0.2642
oar,391,0,39,28.27,534.185,73.4953,0.2816
oar,391,0,40,28.325,534.475,84.4727,0.3114
oar,391,0,41,28.335,534.72,93.1799,0.1803
oar,391,0,42,28.315,534.9,99.4619,0.1825
oar,391,0,43,28.28,535.07,104.0366,0.1649
oar,391,0,44,28.225,535.23,113.6293,0.1746
oar,391,0,45,28.15,535.38,119.745,0.1612
oar,391,0,46,28.055,535.515,130.2363,0.1703
oar,391,0,47,27.935,535.635,139.7633,0.1703
oar,391,0,48,27.795,535.74,146.3103,0.1803
oar,391,0,49,27.835,535.89,41.0093,0.3048
oar,391,0,50,28.035,536.11,54.6885,0.2941
oar,391,0,51,28.15,536.3,66.8021,0.1523
oar,391,0,52,28.2,536.445,75.068,0.1552
oar,391,0,53,28.235,536.6,79.3808,0.1628
oar,391,0,54,28.25,536.76,90.0,0.16
oar,391,0,55,28.24,536.98,94.0857,0.2807
oar,391,0,56,28.195,537.245,105.6422,0.2596
oar,391,0,57,28.1,537.475,119.7448,0.2419
oar,391,0,58,27.96,537.67,131.6335,0.2408
oar,391,0,59,27.785,537.83,143.6158,0.236
oar,391,0,60,27.58,537.955,153.4348,0.246
oar,391,0,61,27.35,538.04,165.9644,0.2474
oar,391,0,62,27.095,538.085,173.6592,0.2717
oar,391,0,63,26.825,538.09,4.2365,0.2707
oar,391,0,64,26.565,538.05,13.496,0.2571
oar,391,0,65,26.335,537.975,23.1985,0.2285
oar,391,0,66,26.135,537.865,34.3808,0.2302
oar,391,0,67,25.96,537.715,46.7354,0.2335
oar,391,0,68,25.82,537.53,59.0362,0.2332
oar,391,0,69,25.71,537.31,67.3799,0.26
oar,391,0,70,25.63,537.055,77.4713,0.2766
oar,391,0,71,25.885,536.92,0.0,0.57
oar,391,0,72,26.19,536.995,75.068,0.1552
oar,391,0,73,26.235,537.135,68.9629,0.1393
oar,391,0,74,26.295,537.255,57.5291,0.1304
oar,391,0,75,26.375,537.355,45.0,0.1273
oar,391,0,76,26.475,537.44,36.0265,0.136
oar,391,0,77,26.59,537.51,26.5658,0.1342
oar,391,0,78,26.72,537.555,12.0942,0.1432
oar,391,0,79,26.865,537.58,7.5948,0.1513
oar,391,0,80,27.025,537.58,173.29,0.1712
oar,391,0,81,27.185,537.55,165.0696,0.1552
oar,391,0,82,27.33,537.495,153.4337,0.1565
oar,391,0,83,27.455,537.41,137.7269,0.1487
oar,391,0,84,27.56,537.305,132.2736,0.1487
oar,391,0,85,27.645,537.185,118.3012,0.1476
oar,391,0,86,27.705,537.04,107.3534,0.1676
oar,391,0,87,27.735,536.88,93.5764,0.1603
oar,391,0,88,27.73,536.7,84.2897,0.201
oar,391,0,89,27.695,536.52,72.6456,0.1676
oar,391,0,90,27.63,536.38,56.3106,0.1442
oar,391,0,91,27.535,536.27,42.2731,0.1487
oar,391,0,92,27.41,536.18,29.7456,0.1612
oar,391,0,93,27.265,536.115,18.4347,0.1581
oar,391,0,94,27.105,536.075,10.0076,0.1726
oar,391,0,95,26.93,536.055,3.1805,0.1803
oar,391,0,96,26.845,535.795,91.1233,0.5101
oar,392,0,0,31.54,536.34,90.0,3.64
oar,392,0,1,30.145,536.085,56.0875,5.0007
oar,392,0,2,29.89,534.01,0.0,2.28
oar,392,0,3,31.03,533.67,90.0,0.68
oar,392,0,4,31.285,533.33,0.0,0.51
oar,392,0,5,31.54,533.67,90.0,0.68
oar,392,0,6,31.805,534.01,0.0,0.53
oar,392,0,7,32.07,534.265,90.0,0.51
oar,392,0,8,31.805,534.52,0.0,0.53
oar,392,1,0,30.375,534.52,0.0,1.31
oar,392,1,1,30.37,535.475,55.7597,2.3104
oar,392,1,2,31.025,536.43,0.0,0.01
oar,392,1,3,31.03,535.475,90.0,1.91
oar,393,0,0,33.06,533.915,12.0943,0.1432
oar,393,0,1,32.94,533.86,38.6598,0.1281
oar,393,0,2,32.85,533.765,53.9735,0.136
oar,393,0,3,32.8,533.645,81.2535,0.1315
oar,393,0,4,32.8,533.515,98.7463,0.1315
oar,393,0,5,32.85,533.395,126.0265,0.136
oar,393,0,6,32.94,533.305,145.0087,0.1221
oar,393,0,7,33.06,533.26,171.8697,0.1414
oar,393,0,8,33.195,533.26,8.7463,0.1315
oar,393,0,9,33.315,533.305,32.4709,0.1304
oar,393,0,10,33.405,533.395,57.5291,0.1304
oar,393,0,11,33.455,533.515,77.006,0.1334
oar,393,0,12,33.455,533.645,102.9944,0.1334
oar,393,0,13,33.405,533.765,122.4709,0.1304
oar,393,0,14,33.315,533.86,143.9722,0.136
oar,393,0,15,33.195,533.915,167.006,0.1334
oar,394,0,0,35.895,533.255,2.7259,0.2102
oar,394,0,1,36.1,533.285,14.037,0.2062
oar,394,0,2,36.29,533.35,23.9619,0.197
oar,394,0,3,36.46,533.44,32.006,0.1887
oar,394,0,4,36.61,533.55,40.6012,0.1844
oar,394,0,5,36.745,533.685,49.085,0.1985
oar,394,0,6,36.865,533.84,55.4913,0.1942
oar,394,0,7,36.97,534.01,60.9458,0.2059
oar,394,0,8,37.1,534.29,67.1664,0.4123
oar,394,0,9,37.235,534.68,74.6237,0.4149
oar,394,0,10,37.305,534.98,81.4696,0.2022
oar,394,0,11,37.335,535.18,81.4684,0.2022
oar,394,0,12,37.355,535.375,86.9878,0.1903
oar,394,0,13,37.365,535.565,86.9865,0.1903
oar,394,0,14,37.365,535.75,93.1805,0.1803
oar,394,0,15,37.355,535.94,92.8619,0.2003
oar,394,0,16,37.335,536.14,98.5315,0.2022
oar,394,0,17,37.305,536.34,98.5306,0.2022
oar,394,0,18,37.235,536.645,105.0184,0.4245
oar,394,0,19,37.105,537.045,111.0371,0.4179
oar,394,0,20,36.98,537.325,120.4664,0.1972
oar,394,0,21,36.87,537.495,125.217,0.2081
oar,394,0,22,36.745,537.65,132.8793,0.1911
oar,394,0,23,36.61,537.785,137.1216,0.191
oar,394,0,24,36.46,537.9,147.994,0.1887
oar,394,0,25,36.29,537.99,156.0381,0.197
oar,394,0,26,36.105,538.055,165.2555,0.1965
oar,394,0,27,35.9,538.09,174.8065,0.2209
oar,394,0,28,35.685,538.09,5.4394,0.2109
oar,394,0,29,35.48,538.055,14.037,0.2062
oar,394,0,30,35.29,537.99,23.9619,0.197
oar,394,0,31,35.12,537.9,32.006,0.1887
oar,394,0,32,34.97,537.785,42.8784,0.191
oar,394,0,33,34.835,537.65,47.1207,0.1911
oar,394,0,34,34.715,537.495,57.0949,0.2025
oar,394,0,35,34.61,537.325,59.5346,0.1972
oar,394,0,36,34.48,537.045,67.694,0.4215
oar,394,0,37,34.35,536.645,76.2927,0.422
oar,394,0,38,34.28,536.34,78.6907,0.204
oar,394,0,39,34.25,536.14,84.2893,0.201
oar,394,0,40,34.23,535.94,84.2893,0.201
oar,394,0,41,34.22,535.75,90.0,0.18
oar,394,0,42,34.22,535.565,90.0,0.19
oar,394,0,43,34.23,535.375,96.0091,0.1911
oar,394,0,44,34.25,535.18,95.7108,0.201
oar,394,0,45,34.28,534.98,101.3091,0.204
oar,394,0,46,34.35,534.68,104.0365,0.4123
oar,394,0,47,34.48,534.29,112.8336,0.4123
oar,394,0,48,34.61,534.01,119.0542,0.2059
oar,394,0,49,34.715,533.84,124.5087,0.1942
oar,394,0,50,34.835,533.685,130.915,0.1985
oar,394,0,51,34.975,533.55,141.34,0.1921
oar,394,0,52,35.13,533.44,147.994,0.1887
oar,394,0,53,35.295,533.35,154.7997,0.1879
oar,394,0,54,35.48,533.285,165.963,0.2062
oar,394,0,55,35.685,533.255,177.2741,0.2102
oar,394,1,0,35.865,537.58,172.4053,0.1513
oar,394,1,1,36.01,537.55,164.0542,0.1456
oar,394,1,2,36.14,537.495,149.7434,0.1389
oar,394,1,3,36.255,537.42,143.9735,0.136
oar,394,1,4,36.4,537.265,128.0471,0.2921
oar,394,1,5,36.565,537.01,118.178,0.3176
oar,394,1,6,36.69,536.71,107.3544,0.3353
oar,394,1,7,36.775,536.39,102.339,0.3276
oar,394,1,8,36.825,536.08,95.7104,0.3015
oar,394,1,9,36.85,535.795,94.2365,0.2707
oar,394,1,10,36.85,535.53,85.6012,0.2608
oar,394,1,11,36.825,535.25,84.2897,0.3015
oar,394,1,12,36.775,534.94,77.661,0.3276
oar,394,1,13,36.69,534.625,72.1208,0.3257
oar,394,1,14,36.565,534.33,61.822,0.3176
oar,394,1,15,36.4,534.075,51.9529,0.2921
oar,394,1,16,36.255,533.92,36.0265,0.136
oar,394,1,17,36.14,533.845,30.2566,0.1389
oar,394,1,18,36.01,533.79,15.9458,0.1456
oar,394,1,19,35.865,533.765,3.8148,0.1503
oar,394,1,20,35.715,533.765,176.1852,0.1503
oar,394,1,21,35.575,533.79,162.8966,0.136
oar,394,1,22,35.445,533.845,151.6995,0.1476
oar,394,1,23,35.33,533.92,141.3405,0.1281
oar,394,1,24,35.185,534.075,129.5601,0.2983
oar,394,1,25,35.02,534.33,116.5647,0.3131
oar,394,1,26,34.9,534.625,107.8786,0.3257
oar,394,1,27,34.815,534.94,102.339,0.3276
oar,394,1,28,34.76,535.25,97.5947,0.3027
oar,394,1,29,34.735,535.53,92.2031,0.2602
oar,394,1,30,34.735,535.795,87.8785,0.2702
oar,394,1,31,34.76,536.08,82.4052,0.3027
oar,394,1,32,34.815,536.39,77.661,0.3276
oar,394,1,33,34.9,536.71,72.6462,0.3353
oar,394,1,34,35.02,537.01,63.4353,0.3131
oar,394,1,35,35.185,537.265,50.4399,0.2983
oar,394,1,36,35.33,537.42,38.6595,0.1281
oar,394,1,37,35.445,537.495,28.3005,0.1476
oar,394,1,38,35.575,537.55,17.1034,0.136
oar,394,1,39,35.715,537.58,7.5947,0.1513
oar,395,0,0,39.755,534.79,51.5246,2.427
oar,395,0,1,40.575,535.845,58.2402,0.247
oar,395,0,2,40.69,536.07,67.3795,0.26
oar,395,0,3,40.77,536.32,77.006,0.2668
oar,395,0,4,40.81,536.58,85.6012,0.2608
oar,395,0,5,40.81,536.855,93.9453,0.2907
oar,395,0,6,40.755,537.135,108.4349,0.2846
oar,395,0,7,40.645,537.39,118.4426,0.2729
oar,395,0,8,40.495,537.61,130.3648,0.2625
oar,395,0,9,40.305,537.79,142.696,0.264
oar,395,0,10,40.08,537.935,151.557,0.2729
oar,395,0,11,39.825,538.035,165.4656,0.2789
oar,395,0,12,39.55,538.085,173.8839,0.2816
oar,395,0,13,39.26,538.085,5.7111,0.3015
oar,395,0,14,38.975,538.035,14.5344,0.2789
oar,395,0,15,38.72,537.94,26.5647,0.2683
oar,395,0,16,38.495,537.8,37.304,0.264
oar,395,0,17,38.305,537.625,48.1805,0.255
oar,395,0,18,38.155,537.41,61.5567,0.2729
oar,395,0,19,38.045,537.155,71.5651,0.2846
oar,395,0,20,37.97,536.87,78.6898,0.3059
oar,395,0,21,38.23,536.72,0.0,0.58
oar,395,0,22,38.535,536.81,80.5381,0.1825
oar,395,0,23,38.575,536.98,72.6462,0.1676
oar,395,0,24,38.645,537.13,57.2646,0.1664
oar,395,0,25,38.745,537.265,49.7637,0.1703
oar,395,0,26,38.865,537.385,40.2353,0.1703
oar,395,0,27,39.0,537.48,29.7456,0.1612
oar,395,0,28,39.15,537.545,17.3538,0.1676
oar,395,0,29,39.32,537.58,6.3403,0.1811
oar,395,0,30,39.495,537.58,173.2901,0.1712
oar,395,0,31,39.665,537.54,160.5594,0.1803
oar,395,0,32,39.825,537.47,151.9283,0.17
oar,395,0,33,39.97,537.375,141.8425,0.178
oar,395,0,34,40.095,537.255,130.2363,0.1703
oar,395,0,35,40.195,537.11,119.3578,0.1836
oar,395,0,36,40.265,536.945,106.3895,0.1772
oar,395,0,37,40.3,536.77,96.3403,0.1811
oar,395,0,38,40.295,536.565,82.5679,0.2319
oar,395,0,39,40.23,536.34,65.5565,0.2417
oar,395,0,40,40.115,536.13,56.976,0.2385
oar,395,0,41,39.975,535.935,51.7101,0.2421
oar,395,0,42,38.89,534.585,51.1735,3.2219
oar,395,0,43,39.35,533.33,0.0,2.94
oar,395,0,44,40.82,533.585,90.0,0.51
oar,395,0,45,39.91,533.84,0.0,1.82
oar,396,0,0,44.31,537.675,90.0,0.51
oar,396,0,1,43.4,537.93,0.0,1.82
oar,396,0,2,42.135,536.745,73.323,2.4741
oar,396,0,3,41.835,535.56,0.0,0.11
oar,396,0,4,41.975,535.645,45.0,0.2404
oar,396,0,5,42.17,535.795,30.5786,0.2555
oar,396,0,6,42.395,535.9,19.1795,0.2435
oar,396,0,7,42.63,535.955,7.1248,0.2419
oar,396,0,8,42.86,535.96,174.8055,0.2209
oar,396,0,9,43.075,535.915,161.5651,0.2214
oar,396,0,10,43.27,535.83,150.9458,0.2059
oar,396,0,11,43.445,535.715,142.5947,0.214
oar,396,0,12,43.595,535.565,127.4051,0.214
oar,396,0,13,43.715,535.39,121.4297,0.211
oar,396,0,14,43.8,535.2,106.6995,0.2088
oar,396,0,15,43.845,534.99,97.7648,0.222
oar,396,0,16,43.845,534.77,82.2351,0.222
oar,396,0,17,43.8,534.555,74.0545,0.2184
oar,396,0,18,43.72,534.35,63.4349,0.2236
oar,396,0,19,43.6,534.17,48.8148,0.2126
oar,396,0,20,43.45,534.02,41.1858,0.2126
oar,396,0,21,43.275,533.895,30.0684,0.2195
oar,396,0,22,43.075,533.81,15.9448,0.2184
oar,396,0,23,42.855,533.77,4.9699,0.2309
oar,396,0,24,42.665,533.765,176.1866,0.1503
oar,396,0,25,42.51,533.79,165.9634,0.1649
oar,396,0,26,42.35,533.84,159.4435,0.1709
oar,396,0,27,42.2,533.91,150.2556,0.1612
oar,396,0,28,42.065,534.0,142.431,0.164
oar,396,0,29,41.94,534.11,135.0,0.1697
oar,396,0,30,41.835,534.23,126.8702,0.15
oar,396,0,31,41.755,534.365,115.0166,0.1655
oar,396,0,32,41.505,534.235,43.636,0.5941
oar,396,0,33,41.345,533.945,122.9051,0.2025
oar,396,0,34,41.47,533.78,131.1858,0.2126
oar,396,0,35,41.62,533.63,138.8142,0.2126
oar,396,0,36,41.79,533.505,148.5703,0.211
oar,396,0,37,41.975,533.405,154.6536,0.2102
oar,396,0,38,42.175,533.33,164.0554,0.2184
oar,396,0,39,42.385,533.28,169.2154,0.2138
oar,396,0,40,42.595,533.255,177.2741,0.2102
oar,396,0,41,42.785,533.25,0.0,0.17
oar,396,0,42,42.955,533.26,6.7088,0.1712
oar,396,0,43,43.125,533.29,13.2407,0.1746
oar,396,0,44,43.285,533.335,18.4349,0.1581
oar,396,0,45,43.5,533.43,26.5654,0.3131
oar,396,0,46,43.765,533.595,37.2346,0.314
oar,396,0,47,43.99,533.805,48.9913,0.3048
oar,396,0,48,44.165,534.06,61.8211,0.3176
oar,396,0,49,44.27,534.275,68.1983,0.1616
oar,396,0,50,44.315,534.43,79.3808,0.1628
oar,396,0,51,44.345,534.595,79.9923,0.1726
oar,396,0,52,44.365,534.77,86.8195,0.1803
oar,396,0,53,44.355,535.015,95.528,0.3114
oar,396,0,54,44.305,535.32,103.134,0.3081
oar,396,0,55,44.21,535.61,113.1982,0.3046
oar,396,0,56,44.065,535.87,125.3118,0.2941
oar,396,0,57,43.88,536.09,134.9995,0.2828
oar,396,0,58,43.655,536.27,147.3808,0.2968
oar,396,0,59,43.46,536.375,160.3464,0.1487
oar,396,0,60,43.315,536.42,165.0684,0.1552
oar,396,0,61,43.165,536.455,168.6906,0.153
oar,396,0,62,43.01,536.475,176.4229,0.1603
oar,396,0,63,42.765,536.47,3.4683,0.3306
oar,396,0,64,42.745,536.94,73.1912,1.0028
oar,396,0,65,43.6,537.42,0.0,1.42
oar,397,0,0,25.105,541.415,114.0072,1.3027
oar,397,0,1,25.68,540.82,0.0,0.62
oar,397,0,2,24.88,543.24,114.6399,5.3248
oar,397,0,3,22.665,543.24,65.458,5.3207
oar,397,0,4,21.87,540.82,0.0,0.62
oar,397,0,5,22.445,541.415,65.9929,1.3027
oar,397,0,6,23.775,542.01,0.0,2.13
oar,397,1,0,23.775,542.53,0.0,1.65
oar,397,1,1,23.36,543.465,66.3224,2.0419
oar,397,1,2,24.185,543.465,113.9341,2.0459
oar,398,0,0,26.185,545.42,0.0,0.63
oar,398,0,1,26.835,543.035,112.0288,5.1457
oar,398,0,2,28.455,542.345,68.8719,3.6343
oar,398,0,3,29.765,542.345,111.1281,3.6343
oar,398,0,4,31.38,543.035,68.0744,5.1419
oar,398,0,5,32.025,545.42,0.0,0.63
oar,398,0,6,31.065,543.785,68.471,3.5153
oar,398,0,7,29.765,543.87,110.8475,3.681
oar,398,0,8,28.455,543.905,68.7577,3.6157
oar,398,0,9,27.15,543.82,112.1094,3.454
oar,399,0,0,34.64,545.585,2.3855,0.2402
oar,399,0,1,34.4,545.56,9.4626,0.2433
oar,399,0,2,34.165,545.51,14.6212,0.2377
oar,399,0,3,33.94,545.44,19.9825,0.2341
oar,399,0,4,33.725,545.35,25.464,0.2326
oar,399,0,5,33.52,545.24,30.9634,0.2332
oar,399,0,6,33.325,545.11,36.3844,0.236
oar,399,0,7,33.145,544.965,41.4236,0.2267
oar,399,0,8,32.98,544.8,48.3665,0.2408
oar,399,0,9,32.83,544.62,52.1252,0.228
oar,399,0,10,32.695,544.43,56.9755,0.2385
oar,399,0,11,32.58,544.225,64.5373,0.2326
oar,399,0,12,32.49,544.005,70.8205,0.2435
oar,399,0,13,32.42,543.775,75.3797,0.2377
oar,399,0,14,32.37,543.54,80.5374,0.2433
oar,399,0,15,32.345,543.29,87.7969,0.2602
oar,399,0,16,32.345,543.035,92.2911,0.2502
oar,399,0,17,32.37,542.785,99.0905,0.2532
oar,399,0,18,32.42,542.54,104.0358,0.2474
oar,399,0,19,32.49,542.305,109.1792,0.2435
oar,399,0,20,32.58,542.085,115.4631,0.2326
oar,399,0,21,32.69,541.88,120.9642,0.2332
oar,399,0,22,32.82,541.685,126.3844,0.236
oar,399,0,23,32.97,541.505,133.2646,0.2335
oar,399,0,24,33.135,541.345,138.5757,0.2267
oar,399,0,25,33.315,541.2,143.6161,0.236
oar,399,0,26,33.51,541.075,151.1887,0.2283
oar,399,0,27,33.715,540.97,154.5373,0.2326
oar,399,0,28,33.935,540.88,160.8205,0.2435
oar,399,0,29,34.165,540.81,165.3788,0.2377
oar,399,0,30,34.4,540.765,172.8752,0.2419
oar,399,0,31,34.64,540.745,177.6145,0.2402
oar,399,0,32,34.885,540.745,2.2902,0.2502
oar,399,0,33,35.13,540.765,7.1247,0.2419
oar,399,0,34,35.365,540.81,14.6212,0.2377
oar,399,0,35,35.59,540.88,19.9837,0.2341
oar,399,0,36,35.805,540.97,25.4627,0.2326
oar,399,0,37,36.01,541.075,28.8113,0.2283
oar,399,0,38,36.205,541.2,36.3839,0.236
oar,399,0,39,36.385,541.345,41.4243,0.2267
oar,399,0,40,36.55,541.505,46.7354,0.2335
oar,399,0,41,36.7,541.685,53.6156,0.236
oar,399,0,42,36.83,541.88,59.0358,0.2332
oar,399,0,43,36.945,542.085,62.3538,0.2371
oar,399,0,44,37.04,542.305,70.8217,0.2435
oar,399,0,45,37.11,542.54,75.9633,0.2474
oar,399,0,46,37.16,542.785,80.9095,0.2532
oar,399,0,47,37.185,543.035,87.7098,0.2502
oar,399,0,48,37.185,543.29,92.2022,0.2602
oar,399,0,49,37.16,543.54,99.4626,0.2433
oar,399,0,50,37.11,543.775,104.6212,0.2377
oar,399,0,51,37.035,544.005,111.3707,0.247
oar,399,0,52,36.94,544.225,115.4627,0.2326
oar,399,0,53,36.83,544.43,120.9647,0.2332
oar,399,0,54,36.7,544.62,127.8748,0.228
oar,399,0,55,36.55,544.8,131.6335,0.2408
oar,399,0,56,36.38,544.965,140.1942,0.2343
oar,399,0,57,36.2,545.11,142.1252,0.228
oar,399,0,58,36.01,545.24,149.0361,0.2332
oar,399,0,59,35.805,545.35,154.5365,0.2326
oar,399,0,60,35.585,545.44,160.8214,0.2435
oar,399,0,61,35.355,545.51,165.3788,0.2377
oar,399,0,62,35.125,545.56,170.134,0.2335
oar,399,0,63,34.885,545.585,177.7098,0.2502
oar,399,1,0,34.67,541.255,176.8207,0.1803
oar,399,1,1,34.49,541.275,170.5369,0.1825
oar,399,1,2,34.315,541.31,166.7603,0.1746
oar,399,1,3,34.145,541.365,157.6191,0.1839
oar,399,1,4,33.905,541.485,151.2603,0.3536
oar,399,1,5,33.615,541.685,139.574,0.3547
oar,399,1,6,33.365,541.94,129.4003,0.3624
oar,399,1,7,33.165,542.245,117.2557,0.3712
oar,399,1,8,33.05,542.5,108.4353,0.1897
oar,399,1,9,32.995,542.68,105.5239,0.1868
oar,399,1,10,32.955,542.865,98.9723,0.1924
oar,399,1,11,32.935,543.06,92.863,0.2003
oar,399,1,12,32.935,543.26,87.137,0.2003
oar,399,1,13,32.955,543.455,81.0277,0.1924
oar,399,1,14,32.99,543.64,77.4709,0.1844
oar,399,1,15,33.04,543.815,70.5598,0.1803
oar,399,1,16,33.15,544.065,64.1335,0.3667
oar,399,1,17,33.335,544.37,53.1301,0.35
oar,399,1,18,33.575,544.63,41.6337,0.3612
oar,399,1,19,33.865,544.84,30.1416,0.3585
oar,399,1,20,34.105,544.96,19.4402,0.1803
oar,399,1,21,34.28,545.015,15.5239,0.1868
oar,399,1,22,34.465,545.055,8.9723,0.1924
oar,399,1,23,34.66,545.075,2.863,0.2003
oar,399,1,24,34.86,545.075,177.137,0.2003
oar,399,1,25,35.055,545.055,171.0277,0.1924
oar,399,1,26,35.24,545.015,164.4761,0.1868
oar,399,1,27,35.415,544.96,160.5598,0.1803
oar,399,1,28,35.655,544.84,149.8584,0.3585
oar,399,1,29,35.945,544.63,138.3663,0.3612
oar,399,1,30,36.19,544.37,128.1575,0.3561
oar,399,1,31,36.38,544.065,115.8665,0.3667
oar,399,1,32,36.49,543.815,109.4391,0.1803
oar,399,1,33,36.54,543.64,102.5291,0.1844
oar,399,1,34,36.57,543.455,96.0092,0.191
oar,399,1,35,36.585,543.26,92.863,0.2003
oar,399,1,36,36.585,543.06,87.137,0.2003
oar,399,1,37,36.565,542.865,81.0277,0.1924
oar,399,1,38,36.53,542.68,77.4709,0.1844
oar,399,1,39,36.48,542.5,71.5647,0.1897
oar,399,1,40,36.36,542.245,61.3894,0.3759
oar,399,1,41,36.16,541.94,51.8434,0.3561
oar,399,1,42,35.915,541.685,40.426,0.3547
oar,399,1,43,35.625,541.485,28.7394,0.3536
oar,399,1,44,35.385,541.365,22.3814,0.1838
oar,399,1,45,35.215,541.31,13.2394,0.1746
oar,399,1,46,35.04,541.275,9.4631,0.1825
oar,399,1,47,34.855,541.255,3.0123,0.1903
oar,400,0,0,40.27,544.995,123.6894,0.1803
oar,400,0,1,40.16,545.14,130.6021,0.1844
oar,400,0,2,40.035,545.265,139.7629,0.1703
oar,400,0,3,39.895,545.37,146.3106,0.1803
oar,400,0,4,39.74,545.455,156.3707,0.1746
oar,400,0,5,39.575,545.52,160.5598,0.1803
oar,400,0,6,39.4,545.565,170.5379,0.1825
oar,400,0,7,39.22,545.585,176.8207,0.1803
oar,400,0,8,39.0,545.58,4.3979,0.2608
oar,400,0,9,38.745,545.54,13.496,0.2571
oar,400,0,10,38.505,545.465,21.3707,0.247
oar,400,0,11,38.285,545.35,33.6901,0.2524
oar,400,0,12,38.09,545.2,41.6335,0.2408
oar,400,0,13,37.935,545.015,58.2402,0.247
oar,400,0,14,37.825,544.795,68.6296,0.247
oar,400,0,15,37.765,544.545,83.66,0.2717
oar,400,0,16,37.76,544.295,94.9698,0.2309
oar,400,0,17,37.805,544.075,108.4349,0.2214
oar,400,0,18,37.89,543.885,120.4654,0.1972
oar,400,0,19,38.005,543.725,130.9143,0.1985
oar,400,0,20,38.145,543.585,139.0857,0.1985
oar,400,0,21,38.305,543.46,144.7824,0.2081
oar,400,0,22,38.485,543.35,152.2416,0.2147
oar,400,0,23,38.675,543.255,154.6541,0.2102
oar,400,0,24,38.93,543.14,156.3707,0.3493
oar,400,0,25,39.235,543.0,154.2302,0.322
oar,400,0,26,39.505,542.84,144.2466,0.3081
oar,400,0,27,39.68,542.69,129.8045,0.1562
oar,400,0,28,39.77,542.565,121.6086,0.1526
oar,400,0,29,39.835,542.425,108.4345,0.1581
oar,400,0,30,39.87,542.26,96.3403,0.1811
oar,400,0,31,39.87,542.08,83.6597,0.1811
oar,400,0,32,39.84,541.905,76.7591,0.1746
oar,400,0,33,39.78,541.74,63.4344,0.1789
oar,400,0,34,39.69,541.59,54.4634,0.172
oar,400,0,35,39.58,541.465,42.5099,0.1628
oar,400,0,36,39.45,541.365,32.7354,0.1664
oar,400,0,37,39.295,541.295,16.3903,0.1772
oar,400,0,38,39.125,541.26,6.7088,0.1712
oar,400,0,39,38.95,541.26,173.6609,0.1811
oar,400,0,40,38.775,541.295,163.6097,0.1772
oar,400,0,41,38.61,541.36,153.4355,0.1789
oar,400,0,42,38.465,541.45,142.4302,0.164
oar,400,0,43,38.345,541.565,130.2371,0.1703
oar,400,0,44,38.25,541.71,116.5656,0.1789
oar,400,0,45,38.185,541.875,106.3891,0.1772
oar,400,0,46,38.15,542.055,96.0092,0.191
oar,400,0,47,37.84,542.085,12.2253,0.6139
oar,400,0,48,37.57,541.885,102.5285,0.2766
oar,400,0,49,37.655,541.625,113.7496,0.2731
oar,400,0,50,37.78,541.39,122.4709,0.2608
oar,400,0,51,37.935,541.185,131.8201,0.255
oar,400,0,52,38.125,541.015,144.4626,0.2581
oar,400,0,53,38.345,540.885,154.4399,0.255
oar,400,0,54,38.585,540.795,164.3578,0.2596
oar,400,0,55,38.85,540.75,175.9143,0.2807
oar,400,0,56,39.14,540.755,5.7103,0.3015
oar,400,0,57,39.43,540.805,14.0362,0.2886
oar,400,0,58,39.695,540.9,25.6415,0.2773
oar,400,0,59,39.93,541.045,37.6938,0.278
oar,400,0,60,40.13,541.235,49.3985,0.2766
oar,400,0,61,40.29,541.465,60.7513,0.2865
oar,400,0,62,40.405,541.725,71.5651,0.2846
oar,400,0,63,40.465,542.015,84.4727,0.3114
oar,400,0,64,40.465,542.31,96.1153,0.2816
oar,400,0,65,40.42,542.57,104.0365,0.2474
oar,400,0,66,40.335,542.795,117.6462,0.2371
oar,400,0,67,40.21,542.99,127.8748,0.228
oar,400,0,68,40.055,543.16,136.7354,0.2335
oar,400,0,69,39.87,543.31,145.0082,0.2441
oar,400,0,70,39.66,543.435,153.4349,0.246
oar,400,0,71,39.435,543.545,154.4399,0.255
oar,400,0,72,39.155,543.665,158.4985,0.3547
oar,400,0,73,38.88,543.78,155.5561,0.2417
oar,400,0,74,38.665,543.9,146.3099,0.2524
oar,400,0,75,38.52,544.015,131.6341,0.1204
oar,400,0,76,38.445,544.11,124.9913,0.1221
oar,400,0,77,38.385,544.22,112.6197,0.13
oar,400,0,78,38.355,544.345,94.3996,0.1304
oar,400,0,79,38.36,544.485,82.4051,0.1513
oar,400,0,80,38.395,544.625,68.9629,0.1393
oar,400,0,81,38.455,544.745,57.5291,0.1304
oar,400,0,82,38.54,544.85,44.9989,0.1414
oar,400,0,83,38.715,544.965,27.4746,0.2818
oar,400,0,84,38.975,545.055,10.4913,0.2746
oar,400,0,85,39.23,545.065,172.8752,0.2419
oar,400,0,86,39.45,545.01,158.1982,0.2154
oar,400,0,87,39.63,544.9,138.8142,0.2126
oar,400,0,88,39.78,544.73,124.9918,0.2441
oar,400,0,89,40.085,544.775,31.6755,0.5523
oar,401,0,0,40.96,542.825,90.0,0.43
oar,401,0,1,41.64,542.61,0.0,1.36
oar,401,0,2,42.32,542.825,90.0,0.43
oar,401,0,3,41.64,543.04,0.0,1.36
oar,402,0,0,44.42,543.04,0.0,0.2
oar,402,0,1,44.615,543.02,168.111,0.1942
oar,402,0,2,44.795,542.965,157.6202,0.1838
oar,402,0,3,44.95,542.88,144.4626,0.172
oar,402,0,4,45.075,542.765,130.2363,0.1703
oar,402,0,5,45.175,542.62,119.3578,0.1836
oar,402,0,6,45.245,542.45,105.5239,0.1868
oar,402,0,7,45.28,542.255,95.4405,0.2109
oar,402,0,8,45.285,542.06,86.8195,0.1803
oar,402,0,9,45.255,541.885,73.6109,0.1772
oar,402,0,10,45.19,541.72,63.4355,0.1789
oar,402,0,11,45.095,541.575,49.7629,0.1703
oar,402,0,12,44.98,541.455,42.51,0.1628
oar,402,0,13,44.84,541.36,26.5656,0.1789
oar,402,0,14,44.675,541.295,16.3895,0.1772
oar,402,0,15,44.5,541.26,6.3403,0.1811
oar,402,0,16,44.33,541.255,176.4229,0.1603
oar,402,0,17,44.17,541.28,165.9647,0.1649
oar,402,0,18,44.02,541.33,156.8008,0.1523
oar,402,0,19,43.885,541.4,148.3921,0.1526
oar,402,0,20,43.765,541.495,135.001,0.1556
oar,402,0,21,43.66,541.61,129.8045,0.1562
oar,402,0,22,43.58,541.745,111.8022,0.1616
oar,402,0,23,43.53,541.9,104.0366,0.1649
oar,402,0,24,43.235,541.98,0.0,0.55
oar,402,0,25,42.98,541.845,98.4271,0.2729
oar,402,0,26,43.045,541.59,110.5562,0.2563
oar,402,0,27,43.16,541.36,122.4709,0.2608
oar,402,0,28,43.315,541.165,135.0006,0.2404
oar,402,0,29,43.505,541.005,144.4619,0.2581
oar,402,0,30,43.73,540.88,157.3803,0.26
oar,402,0,31,43.975,540.795,164.3578,0.2596
oar,402,0,32,44.235,540.75,175.7635,0.2707
oar,402,0,33,44.52,540.75,3.8142,0.3007
oar,402,0,34,44.805,540.795,14.5344,0.2789
oar,402,0,35,45.06,540.89,26.5647,0.2683
oar,402,0,36,45.285,541.03,37.304,0.264
oar,402,0,37,45.48,541.21,48.0128,0.2691
oar,402,0,38,45.63,541.43,63.4349,0.2683
oar,402,0,39,45.73,541.685,73.4953,0.2816
oar,402,0,40,45.785,541.97,84.2897,0.3015
oar,402,0,41,45.795,542.215,93.0123,0.1903
oar,402,0,42,45.78,542.395,96.7101,0.1712
oar,402,0,43,45.745,542.565,106.3891,0.1772
oar,402,0,44,45.69,542.725,111.8022,0.1616
oar,402,0,45,45.615,542.87,122.7347,0.1664
oar,402,0,46,45.515,543.005,130.2371,0.1703
oar,402,0,47,45.4,543.125,137.4891,0.1628
oar,402,0,48,45.265,543.23,146.3096,0.1803
oar,402,0,49,45.305,543.38,41.0087,0.3048
oar,402,0,50,45.5,543.605,57.3808,0.2968
oar,402,0,51,45.61,543.8,66.8014,0.1523
oar,402,0,52,45.66,543.94,74.0542,0.1456
oar,402,0,53,45.695,544.09,79.3808,0.1628
oar,402,0,54,45.715,544.255,86.6328,0.1703
oar,402,0,55,45.705,544.475,96.3407,0.2717
oar,402,0,56,45.655,544.735,105.6422,0.2596
oar,402,0,57,45.56,544.965,119.7448,0.2419
oar,402,0,58,45.425,545.16,129.8058,0.2343
oar,402,0,59,45.255,545.325,141.7094,0.2421
oar,402,0,60,45.05,545.45,155.5565,0.2417
oar,402,0,61,44.815,545.535,164.3578,0.2596
oar,402,0,62,44.555,545.58,175.7635,0.2707
oar,402,0,63,44.285,545.58,4.2365,0.2707
oar,402,0,64,44.03,545.54,14.0356,0.2474
oar,402,0,65,43.8,545.465,22.2489,0.2377
oar,402,0,66,43.595,545.355,34.3808,0.2302
oar,402,0,67,43.42,545.205,46.7354,0.2335
oar,402,0,68,43.28,545.02,59.0366,0.2332
oar,402,0,69,43.175,544.805,68.6293,0.247
oar,402,0,70,43.1,544.555,77.4709,0.2766
oar,402,0,71,43.355,544.42,0.0,0.57
oar,402,0,72,43.655,544.49,77.9057,0.1432
oar,402,0,73,43.695,544.625,68.9615,0.1393
oar,402,0,74,43.76,544.745,53.9725,0.136
oar,402,0,75,43.845,544.85,48.0134,0.1345
oar,402,0,76,43.94,544.94,38.6595,0.1281
oar,402,0,77,44.055,545.005,21.0385,0.1393
oar,402,0,78,44.185,545.05,17.1014,0.136
oar,402,0,79,44.325,545.075,3.8148,0.1503
oar,402,0,80,44.485,545.07,173.2899,0.1712
oar,402,0,81,44.645,545.04,165.0684,0.1552
oar,402,0,82,44.79,544.985,153.4349,0.1565
oar,402,0,83,44.92,544.905,143.1298,0.15
oar,402,0,84,45.025,544.8,126.8702,0.15
oar,402,0,85,45.11,544.675,121.6079,0.1526
oar,402,0,86,45.17,544.535,104.9302,0.1552
oar,402,0,87,45.2,544.375,96.7101,0.1712
oar,402,0,88,45.2,544.195,83.9908,0.191
oar,402,0,89,45.16,544.02,69.4447,0.1709
oar,402,0,90,45.09,543.875,58.3921,0.1526
oar,402,0,91,44.995,543.76,42.2742,0.1487
oar,402,0,92,44.87,543.67,29.7444,0.1612
oar,402,0,93,44.725,543.61,14.932,0.1552
oar,402,0,94,44.565,543.575,10.0075,0.1726
oar,402,0,95,44.39,543.555,3.1805,0.1803
oar,402,0,96,44.31,543.295,92.2458,0.5104
oar,403,0,0,47.39,542.78,0.0,0.34
oar,403,0,1,47.725,542.79,3.4683,0.3306
oar,403,0,2,48.04,542.825,9.4621,0.3041
oar,403,0,3,48.325,542.9,20.3228,0.2879
oar,403,0,4,48.58,543.02,30.2572,0.2778
oar,403,0,5,48.8,543.18,41.9872,0.2691
oar,403,0,6,48.975,543.385,56.8883,0.2746
oar,403,0,7,49.075,543.565,68.9624,0.1393
oar,403,0,8,49.12,543.705,75.0698,0.1552
oar,403,0,9,49.155,543.855,78.6892,0.153
oar,403,0,10,49.175,544.02,86.8207,0.1803
oar,403,0,11,49.17,544.255,93.9453,0.2907
oar,403,0,12,49.125,544.53,105.0683,0.2693
oar,403,0,13,49.03,544.775,117.5526,0.2594
oar,403,0,14,48.88,544.98,135.0,0.2546
oar,403,0,15,48.73,545.11,146.3104,0.1442
oar,403,0,16,48.605,545.185,151.6995,0.1476
oar,403,0,17,48.46,545.25,159.4435,0.1709
oar,403,0,18,48.295,545.305,163.6105,0.1772
oar,403,0,19,48.115,545.35,168.1112,0.1942
oar,403,0,20,47.91,545.385,172.2351,0.222
oar,403,0,21,47.685,545.405,177.51,0.2302
oar,403,0,22,47.44,545.415,177.7978,0.2602
oar,403,0,23,46.965,545.42,0.0,0.69
oar,403,0,24,46.62,543.12,90.0,4.6
oar,403,0,25,46.92,540.82,0.0,0.6
oar,403,0,26,47.22,541.8,90.0,1.96
oar,403,1,0,47.3,544.91,0.0,0.16
oar,403,1,1,47.49,544.905,177.3969,0.2202
oar,403,1,2,47.71,544.895,177.3978,0.2202
oar,403,1,3,47.93,544.87,169.695,0.2236
oar,403,1,4,48.14,544.815,160.7101,0.2119
oar,403,1,5,48.325,544.73,149.5346,0.1972
oar,403,1,6,48.48,544.61,135.0,0.198
oar,403,1,7,48.575,544.495,119.0542,0.103
oar,403,1,8,48.615,544.405,108.4349,0.0949
oar,403,1,9,48.645,544.3,104.0354,0.1237
oar,403,1,10,48.665,544.18,94.7647,0.1204
oar,403,1,11,48.665,544.055,85.6004,0.1304
oar,403,1,12,48.65,543.935,79.695,0.1118
oar,403,1,13,48.62,543.83,68.1997,0.1077
oar,403,1,14,48.575,543.735,60.9458,0.103
oar,403,1,15,48.49,543.615,51.3398,0.1921
oar,403,1,16,48.345,543.49,30.4654,0.1972
oar,403,1,17,48.165,543.4,22.8329,0.2062
oar,403,1,18,47.965,543.34,10.7846,0.2138
oar,403,1,19,47.745,543.31,4.9699,0.2309
oar,403,1,20,47.52,543.295,2.6031,0.2202
oar,403,1,21,47.315,543.29,0.0,0.19
oar,403,1,22,47.22,544.1,90.0,1.62
oar,404,0,0,51.48,544.91,0.0,1.1
oar,404,0,1,52.03,545.165,90.0,0.51
oar,404,0,2,50.635,545.42,0.0,2.79
oar,404,0,3,49.24,545.165,90.0,0.51
oar,404,0,4,49.79,544.91,0.0,1.1
oar,404,0,5,50.34,542.865,90.0,4.09
oar,404,0,6,50.635,540.82,0.0,0.59
oar,404,0,7,50.93,542.865,90.0,4.09
oar,405,0,0,40.93,522.42,0.0,0.46
oar,405,0,1,40.7,520.65,90.0,3.54
oar,405,0,2,41.47,518.88,0.0,1.54
oar,405,0,3,42.24,519.075,90.0,0.39
oar,405,0,4,41.7,519.27,0.0,1.08
oar,405,0,5,41.16,520.845,90.0,3.15
oar,406,0,0,20.21,565.125,51.5627,2.4129
oar,406,0,1,21.025,566.18,59.4211,0.2555
oar,406,0,2,21.14,566.41,67.38,0.26
oar,406,0,3,21.225,566.655,74.3578,0.2596
oar,406,0,4,21.27,566.91,85.6012,0.2608
oar,406,0,5,21.265,567.19,95.7104,0.3015
oar,406,0,6,21.21,567.475,106.5047,0.2816
oar,406,0,7,21.105,567.725,119.4758,0.2642
oar,406,0,8,20.95,567.945,130.6015,0.2766
oar,406,0,9,20.755,568.13,142.6956,0.264
oar,406,0,10,20.53,568.27,153.4351,0.2683
oar,406,0,11,20.28,568.37,162.8973,0.272
oar,406,0,12,20.005,568.42,176.0547,0.2907
oar,406,0,13,19.71,568.42,3.8142,0.3007
oar,406,0,14,19.425,568.375,14.5344,0.2789
oar,406,0,15,19.17,568.28,26.5649,0.2683
oar,406,0,16,18.95,568.14,38.6597,0.2561
oar,406,0,17,18.765,567.96,49.6356,0.2625
oar,406,0,18,18.615,567.745,60.5242,0.2642
oar,406,0,19,18.5,567.495,69.6768,0.2879
oar,406,0,20,18.425,567.21,80.5378,0.3041
oar,406,0,21,18.685,567.06,0.0,0.57
oar,406,0,22,18.985,567.145,79.9917,0.1726
oar,406,0,23,19.03,567.31,69.4441,0.1709
oar,406,0,24,19.1,567.465,61.9278,0.17
oar,406,0,25,19.195,567.605,49.7633,0.1703
oar,406,0,26,19.315,567.72,37.5689,0.164
oar,406,0,27,19.455,567.81,28.0725,0.17
oar,406,0,28,19.61,567.875,17.3538,0.1676
oar,406,0,29,19.775,567.91,6.71,0.1712
oar,406,0,30,19.95,567.91,173.6597,0.1811
oar,406,0,31,20.12,567.875,162.6462,0.1676
oar,406,0,32,20.28,567.81,153.4349,0.1789
oar,406,0,33,20.425,567.715,139.7637,0.1703
oar,406,0,34,20.55,567.59,130.6012,0.1844
oar,406,0,35,20.65,567.445,118.0725,0.17
oar,406,0,36,20.72,567.285,109.4404,0.1803
oar,406,0,37,20.76,567.11,96.3397,0.1811
oar,406,0,38,20.75,566.905,80.1344,0.2335
oar,406,0,39,20.68,566.68,65.5561,0.2417
oar,406,0,40,20.565,566.465,58.2406,0.247
oar,406,0,41,20.43,566.265,53.6155,0.236
oar,406,0,42,19.345,564.92,50.9234,3.2204
oar,406,0,43,19.805,563.67,0.0,2.95
oar,406,0,44,21.28,563.925,90.0,0.51
oar,406,0,45,20.37,564.18,0.0,1.82
oar,407,0,0,24.76,568.005,90.0,0.51
oar,407,0,1,23.85,568.26,0.0,1.82
oar,407,0,2,22.585,567.08,73.2562,2.4645
oar,407,0,3,22.285,565.9,0.0,0.11
oar,407,0,4,22.43,565.985,43.3634,0.2476
oar,407,0,5,22.625,566.135,31.7598,0.247
oar,407,0,6,22.845,566.24,19.1789,0.2435
oar,407,0,7,23.085,566.29,4.5736,0.2508
oar,407,0,8,23.32,566.29,174.8059,0.2209
oar,407,0,9,23.53,566.25,163.3005,0.2088
oar,407,0,10,23.725,566.17,152.2416,0.2147
oar,407,0,11,23.9,566.05,138.8138,0.2126
oar,407,0,12,24.05,565.9,131.1862,0.2126
oar,407,0,13,24.17,565.725,117.7584,0.2147
oar,407,0,14,24.255,565.53,109.2904,0.2119
oar,407,0,15,24.3,565.325,95.4399,0.211
oar,407,0,16,24.3,565.105,85.0306,0.2309
oar,407,0,17,24.255,564.885,71.5646,0.2214
oar,407,0,18,24.17,564.685,62.2419,0.2147
oar,407,0,19,24.055,564.505,52.5944,0.214
oar,407,0,20,23.905,564.35,39.4723,0.2202
oar,407,0,21,23.725,564.23,27.7588,0.2147
oar,407,0,22,23.525,564.145,18.4348,0.2214
oar,407,0,23,23.31,564.1,5.1946,0.2209
oar,407,0,24,23.12,564.095,176.4236,0.1603
oar,407,0,25,22.96,564.12,165.9641,0.1649
oar,407,0,26,22.805,564.17,158.1983,0.1616
oar,407,0,27,22.655,564.24,151.9275,0.17
oar,407,0,28,22.515,564.33,142.4311,0.164
oar,407,0,29,22.39,564.44,135.0005,0.1697
oar,407,0,30,22.285,564.565,124.695,0.1581
oar,407,0,31,22.205,564.7,116.5651,0.1565
oar,407,0,32,21.955,564.57,42.9301,0.5873
oar,407,0,33,21.8,564.28,123.6905,0.2163
oar,407,0,34,21.93,564.115,133.025,0.2052
oar,407,0,35,22.08,563.97,138.8138,0.2126
oar,407,0,36,22.245,563.845,147.0951,0.2025
oar,407,0,37,22.43,563.745,155.7723,0.2193
oar,407,0,38,22.63,563.665,160.7099,0.2119
oar,407,0,39,22.835,563.61,169.2155,0.2138
oar,407,0,40,23.045,563.585,177.2736,0.2102
oar,407,0,41,23.24,563.585,3.1799,0.1803
oar,407,0,42,23.415,563.6,6.71,0.1712
oar,407,0,43,23.58,563.63,14.0359,0.1649
oar,407,0,44,23.735,563.675,18.4354,0.1581
oar,407,0,45,23.955,563.77,25.7692,0.322
oar,407,0,46,24.22,563.935,38.3676,0.3061
oar,407,0,47,24.44,564.145,48.9907,0.3048
oar,407,0,48,24.615,564.4,61.8215,0.3176
oar,407,0,49,24.72,564.615,68.1987,0.1616
oar,407,0,50,24.77,564.77,75.9634,0.1649
oar,407,0,51,24.8,564.935,83.2906,0.1712
oar,407,0,52,24.815,565.11,86.8201,0.1803
oar,407,0,53,24.81,565.355,93.6911,0.3106
oar,407,0,54,24.76,565.66,104.9318,0.3105
oar,407,0,55,24.66,565.945,113.9623,0.2955
oar,407,0,56,24.52,566.2,123.6901,0.2884
oar,407,0,57,24.335,566.425,135.0,0.297
oar,407,0,58,24.105,566.605,149.0363,0.2915
oar,407,0,59,23.91,566.71,156.8015,0.1523
oar,407,0,60,23.77,566.76,164.0542,0.1456
oar,407,0,61,23.62,566.795,169.3808,0.1628
oar,407,0,62,23.46,566.81,0.0,0.16
oar,407,0,63,23.215,566.805,1.7357,0.3302
oar,407,0,64,23.195,567.275,73.0245,0.9933
oar,407,0,65,24.05,567.75,0.0,1.42
oar,408,0,0,26.66,565.71,90.0,4.08
oar,408,0,1,26.915,563.67,0.0,0.51
oar,408,0,2,27.17,565.965,90.0,4.59
oar,408,0,3,26.675,568.26,0.0,0.99
oar,408,0,4,26.02,568.005,57.8938,0.6021
oar,408,0,5,26.26,567.75,0.0,0.8
oar,409,0,0,30.175,567.36,53.7346,2.6541
oar,409,0,1,29.305,566.15,58.7363,0.3276
oar,409,0,2,29.145,565.865,62.6501,0.3265
oar,409,0,3,29.04,565.64,69.4435,0.1709
oar,409,0,4,28.99,565.48,75.9642,0.1649
oar,409,0,5,28.955,565.32,79.3801,0.1628
oar,409,0,6,28.935,565.15,86.8201,0.1803
oar,409,0,7,28.945,564.91,95.7107,0.3015
oar,409,0,8,29.005,564.62,107.8189,0.2941
oar,409,0,9,29.12,564.355,119.2487,0.2865
oar,409,0,10,29.285,564.12,130.8153,0.2907
oar,409,0,11,29.49,563.92,140.7105,0.2843
oar,409,0,12,29.725,563.765,152.5257,0.2818
oar,409,0,13,29.99,563.655,162.1811,0.2941
oar,409,0,14,30.275,563.595,174.0937,0.2915
oar,409,0,15,30.575,563.595,5.5276,0.3114
oar,409,0,16,30.87,563.655,17.819,0.2941
oar,409,0,17,31.135,563.77,29.2487,0.2865
oar,409,0,18,31.37,563.93,39.2893,0.2843
oar,409,0,19,31.57,564.135,51.9529,0.2921
oar,409,0,20,31.725,564.38,63.4351,0.2907
oar,409,0,21,31.835,564.655,72.7585,0.3036
oar,409,0,22,31.895,564.955,84.4724,0.3114
oar,409,0,23,31.895,565.245,96.3403,0.2717
oar,409,0,24,31.845,565.515,104.5345,0.2789
oar,409,0,25,31.755,565.775,113.7496,0.2731
oar,409,0,26,31.62,566.005,127.3038,0.264
oar,409,0,27,31.45,566.205,133.4521,0.2617
oar,409,0,28,31.25,566.37,147.5285,0.2608
oar,409,0,29,31.015,566.485,160.2011,0.2657
oar,409,0,30,30.75,566.545,173.8848,0.2816
oar,409,0,31,30.495,566.545,7.4311,0.2319
oar,409,0,32,30.27,566.49,19.9831,0.2341
oar,409,0,33,30.155,566.455,135.0,0.0141
oar,409,0,34,30.765,567.32,54.4308,2.1145
oar,409,0,35,31.17,568.305,149.2373,0.4888
oar,409,1,0,30.32,564.1,174.2892,0.201
oar,409,1,1,30.13,564.14,161.5652,0.1897
oar,409,1,2,29.96,564.215,150.6422,0.1836
oar,409,1,3,29.805,564.32,141.3399,0.1921
oar,409,1,4,29.67,564.455,128.6601,0.1921
oar,409,1,5,29.565,564.61,119.3578,0.1836
oar,409,1,6,29.49,564.785,107.5254,0.1992
oar,409,1,7,29.45,564.98,95.7108,0.201
oar,409,1,8,29.45,565.17,83.6597,0.1811
oar,409,1,9,29.49,565.35,71.5652,0.1897
oar,409,1,10,29.57,565.525,59.5344,0.1972
oar,409,1,11,29.68,565.68,49.3984,0.1844
oar,409,1,12,29.815,565.815,40.9147,0.1985
oar,409,1,13,29.97,565.925,29.3578,0.1836
oar,409,1,14,30.14,566.0,18.4348,0.1897
oar,409,1,15,30.325,566.04,6.0086,0.191
oar,409,1,16,30.51,566.04,173.6603,0.1811
oar,409,1,17,30.69,566.0,161.5652,0.1897
oar,409,1,18,30.86,565.925,150.6422,0.1836
oar,409,1,19,31.015,565.825,143.7459,0.186
oar,409,1,20,31.155,565.695,130.9147,0.1985
oar,409,1,21,31.265,565.535,117.8973,0.1924
oar,409,1,22,31.345,565.355,110.2247,0.2025
oar,409,1,23,31.39,565.15,95.1946,0.2209
oar,409,1,24,31.39,564.945,83.9909,0.1911
oar,409,1,25,31.35,564.765,70.5601,0.1803
oar,409,1,26,31.27,564.595,59.5344,0.1972
oar,409,1,27,31.16,564.44,49.3984,0.1844
oar,409,1,28,31.025,564.31,38.6601,0.1921
oar,409,1,29,30.87,564.21,26.5651,0.1789
oar,409,1,30,30.7,564.14,18.4348,0.1897
oar,409,1,31,30.515,564.1,6.0091,0.1911
oar,410,0,0,33.985,565.88,0.0,0.21
oar,410,0,1,34.18,565.86,167.4709,0.1844
oar,410,0,2,34.355,565.805,157.6202,0.1838
oar,410,0,3,34.51,565.72,144.4626,0.172
oar,410,0,4,34.64,565.605,132.7089,0.1769
oar,410,0,5,34.74,565.46,116.5656,0.1789
oar,410,0,6,34.81,565.29,108.4342,0.1897
oar,410,0,7,34.85,565.095,95.4405,0.2109
oar,410,0,8,34.85,564.9,83.6597,0.1811
oar,410,0,9,34.815,564.725,73.6107,0.1772
oar,410,0,10,34.75,564.565,61.928,0.17
oar,410,0,11,34.66,564.42,54.462,0.172
oar,410,0,12,34.545,564.295,40.2358,0.1703
oar,410,0,13,34.405,564.2,28.0728,0.17
oar,410,0,14,34.245,564.135,16.3897,0.1772
oar,410,0,15,34.065,564.1,6.0092,0.191
oar,410,0,16,33.89,564.095,176.4236,0.1603
oar,410,0,17,33.73,564.12,165.9634,0.1649
oar,410,0,18,33.58,564.17,156.8015,0.1523
oar,410,0,19,33.445,564.245,145.305,0.1581
oar,410,0,20,33.325,564.34,137.7264,0.1487
oar,410,0,21,33.225,564.455,124.6954,0.1581
oar,410,0,22,33.145,564.59,116.5647,0.1565
oar,410,0,23,33.095,564.74,100.6192,0.1628
oar,410,0,24,32.8,564.82,0.0,0.56
oar,410,0,25,32.54,564.685,98.4271,0.2729
oar,410,0,26,32.605,564.43,110.5561,0.2563
oar,410,0,27,32.72,564.205,123.6898,0.2524
oar,410,0,28,32.88,564.01,135.0003,0.2546
oar,410,0,29,33.07,563.845,143.1299,0.25
oar,410,0,30,33.29,563.72,157.3803,0.26
oar,410,0,31,33.535,563.635,164.3574,0.2596
oar,410,0,32,33.795,563.59,175.7639,0.2707
oar,410,0,33,34.08,563.59,3.8138,0.3007
oar,410,0,34,34.365,563.64,16.5043,0.2816
oar,410,0,35,34.625,563.735,23.7496,0.2731
oar,410,0,36,34.855,563.87,37.3035,0.264
oar,410,0,37,35.045,564.05,49.6359,0.2625
oar,410,0,38,35.195,564.27,61.5569,0.2729
oar,410,0,39,35.3,564.525,73.4961,0.2816
oar,410,0,40,35.355,564.815,84.472,0.3114
oar,410,0,41,35.365,565.06,93.1805,0.1803
oar,410,0,42,35.345,565.235,100.0076,0.1726
oar,410,0,43,35.305,565.405,106.3893,0.1772
oar,410,0,44,35.25,565.565,111.8019,0.1616
oar,410,0,45,35.175,565.71,122.7354,0.1664
oar,410,0,46,35.08,565.845,127.5679,0.164
oar,410,0,47,34.965,565.97,137.2911,0.1769
oar,410,0,48,34.825,566.075,149.0365,0.1749
oar,410,0,49,34.865,566.22,41.0093,0.3048
oar,410,0,50,35.065,566.445,55.784,0.3023
oar,410,0,51,35.18,566.64,66.8008,0.1523
oar,410,0,52,35.23,566.785,75.0696,0.1552
oar,410,0,53,35.26,566.935,82.4052,0.1513
oar,410,0,54,35.275,567.095,86.6328,0.1703
oar,410,0,55,35.265,567.32,96.116,0.2816
oar,410,0,56,35.215,567.58,106.2602,0.25
oar,410,0,57,35.12,567.81,118.6101,0.2506
oar,410,0,58,34.985,568.01,129.8061,0.2343
oar,410,0,59,34.815,568.17,143.6152,0.236
oar,410,0,60,34.61,568.295,153.4353,0.246
oar,410,0,61,34.375,568.38,166.504,0.2571
oar,410,0,62,34.115,568.42,175.7639,0.2707
oar,410,0,63,33.845,568.42,4.2361,0.2707
oar,410,0,64,33.59,568.385,11.7685,0.2452
oar,410,0,65,33.36,568.31,24.4435,0.2417
oar,410,0,66,33.155,568.195,34.3808,0.2302
oar,410,0,67,32.985,568.05,46.8473,0.2193
oar,410,0,68,32.845,567.865,58.2412,0.247
oar,410,0,69,32.735,567.645,68.6293,0.247
oar,410,0,70,32.66,567.395,77.4709,0.2766
oar,410,0,71,32.915,567.26,0.0,0.57
oar,410,0,72,33.215,567.33,77.9058,0.1432
oar,410,0,73,33.26,567.465,65.2242,0.1432
oar,410,0,74,33.325,567.585,57.5291,0.1304
oar,410,0,75,33.405,567.69,48.0128,0.1345
oar,410,0,76,33.505,567.78,36.0272,0.136
oar,410,0,77,33.62,567.845,22.6197,0.13
oar,410,0,78,33.75,567.89,15.9458,0.1456
oar,410,0,79,33.895,567.915,3.8141,0.1503
oar,410,0,80,34.05,567.915,176.4236,0.1603
oar,410,0,81,34.21,567.885,162.6456,0.1676
oar,410,0,82,34.355,567.825,151.6995,0.1476
oar,410,0,83,34.48,567.745,143.1298,0.15
oar,410,0,84,34.59,567.645,132.2731,0.1487
oar,410,0,85,34.675,567.52,116.5663,0.1565
oar,410,0,86,34.73,567.375,104.9304,0.1552
oar,410,0,87,34.76,567.215,96.71,0.1712
oar,410,0,88,34.76,567.035,83.9909,0.1911
oar,410,0,89,34.725,566.86,72.6462,0.1676
oar,410,0,90,34.655,566.715,55.3046,0.1581
oar,410,0,91,34.555,566.6,42.2736,0.1487
oar,410,0,92,34.435,566.515,28.3012,0.1476
oar,410,0,93,34.29,566.455,17.3544,0.1676
oar,410,0,94,34.125,566.415,10.0075,0.1726
oar,410,0,95,33.95,566.395,3.1799,0.1803
oar,410,0,96,33.87,566.135,92.2458,0.5104
oar,411,0,0,20.21,27.08,51.7102,2.4208
oar,411,0,1,21.025,28.14,59.4176,0.2555
oar,411,0,2,21.14,28.37,67.3792,0.26
oar,411,0,3,21.225,28.615,74.3578,0.2596
oar,411,0,4,21.27,28.87,85.6014,0.2608
oar,411,0,5,21.265,29.15,95.7106,0.3015
oar,411,0,6,21.21,29.435,106.5036,0.2816
oar,411,0,7,21.105,29.685,119.4778,0.2642
oar,411,0,8,20.95,29.905,130.5984,0.2766
oar,411,0,9,20.755,30.09,142.7006,0.264
oar,411,0,10,20.53,30.23,153.4359,0.2683
oar,411,0,11,20.28,30.33,162.8938,0.272
oar,411,0,12,20.005,30.38,176.051,0.2907
oar,411,0,13,19.71,30.38,3.8178,0.3007
oar,411,0,14,19.425,30.33,16.5077,0.2816
oar,411,0,15,19.17,30.235,24.6207,0.264
oar,411,0,16,18.95,30.1,38.655,0.2561
oar,411,0,17,18.765,29.92,49.6372,0.2625
oar,411,0,18,18.615,29.7,61.5562,0.2729
oar,411,0,19,18.5,29.45,68.9631,0.2786
oar,411,0,20,18.425,29.17,80.5374,0.3041
oar,411,0,21,18.685,29.02,0.0,0.57
oar,411,0,22,18.985,29.105,79.9908,0.1726
oar,411,0,23,19.03,29.27,69.441,0.1709
oar,411,0,24,19.1,29.425,61.9314,0.17
oar,411,0,25,19.195,29.565,49.7645,0.1703
oar,411,0,26,19.315,29.68,37.562,0.164
oar,411,0,27,19.455,29.77,28.0776,0.17
oar,411,0,28,19.61,29.835,17.3501,0.1676
oar,411,0,29,19.775,29.87,6.7163,0.1712
oar,411,0,30,19.95,29.87,173.6537,0.1811
oar,411,0,31,20.12,29.835,162.6499,0.1676
oar,411,0,32,20.28,29.77,153.43,0.1789
oar,411,0,33,20.425,29.675,139.7676,0.1703
oar,411,0,34,20.55,29.55,130.5981,0.1844
oar,411,0,35,20.65,29.405,118.0783,0.17
oar,411,0,36,20.72,29.245,109.4423,0.1803
oar,411,0,37,20.76,29.07,96.3379,0.1812
oar,411,0,38,20.75,28.865,80.1336,0.2334
oar,411,0,39,20.68,28.64,65.5531,0.2416
oar,411,0,40,20.565,28.425,58.2434,0.247
oar,411,0,41,20.43,28.225,53.6157,0.236
oar,411,0,42,19.345,26.875,51.0354,3.2282
oar,411,0,43,19.805,25.62,0.0,2.95
oar,411,0,44,21.28,25.875,90.0,0.51
oar,411,0,45,20.37,26.13,0.0,1.82
oar,412,0,0,24.76,29.965,90.0,0.51
oar,412,0,1,23.85,30.22,0.0,1.82
oar,412,0,2,22.585,29.04,73.2561,2.4645
oar,412,0,3,22.285,27.86,0.0,0.11
oar,412,0,4,22.43,27.945,43.3605,0.2476
oar,412,0,5,22.625,28.09,29.744,0.2419
oar,412,0,6,22.845,28.195,21.3763,0.247
oar,412,0,7,23.085,28.25,4.5645,0.2508
oar,412,0,8,23.32,28.25,174.8163,0.2209
oar,412,0,9,23.53,28.21,163.2854,0.2088
oar,412,0,10,23.725,28.125,149.9345,0.2195
oar,412,0,11,23.9,28.005,140.9051,0.2062
oar,412,0,12,24.05,27.86,131.191,0.2126
oar,412,0,13,24.17,27.685,117.7579,0.2147
oar,412,0,14,24.255,27.49,109.2894,0.2119
oar,412,0,15,24.3,27.28,95.1947,0.2209
oar,412,0,16,24.3,27.06,84.8067,0.2209
oar,412,0,17,24.255,26.845,71.5615,0.2213
oar,412,0,18,24.17,26.6451,62.2421,0.2147
oar,412,0,19,24.055,26.465,52.6016,0.214
oar,412,0,20,23.905,26.31,39.4631,0.2202
oar,412,0,21,23.725,26.19,27.7674,0.2147
oar,412,0,22,23.525,26.105,18.4367,0.2214
oar,412,0,23,23.31,26.06,5.1837,0.2209
oar,412,0,24,23.12,26.055,176.442,0.1603
oar,412,0,25,22.96,26.08,165.9506,0.1649
oar,412,0,26,22.805,26.13,158.1996,0.1616
oar,412,0,27,22.655,26.2,151.9224,0.17
oar,412,0,28,22.515,26.29,142.438,0.164
oar,412,0,29,22.39,26.4,135.0014,0.1697
oar,412,0,30,22.285,26.525,124.6942,0.1581
oar,412,0,31,22.205,26.66,116.5626,0.1565
oar,412,0,32,21.955,26.53,42.9317,0.5873
oar,412,0,33,21.8,26.24,123.6913,0.2163
oar,412,0,34,21.93,26.07,131.1906,0.2126
oar,412,0,35,22.08,25.925,140.9051,0.2062
oar,412,0,36,22.245,25.805,147.0838,0.2025
oar,412,0,37,22.43,25.705,155.7805,0.2193
oar,412,0,38,22.63,25.625,160.708,0.2119
oar,412,0,39,22.835,25.57,169.2215,0.2138
oar,412,0,40,23.045,25.545,177.271,0.2102
oar,412,0,41,23.24,25.545,3.1829,0.1803
oar,412,0,42,23.415,25.56,6.696,0.1712
oar,412,0,43,23.58,25.59,14.0494,0.1649
oar,412,0,44,23.735,25.635,18.4308,0.1581
oar,412,0,45,23.955,25.73,25.7716,0.322
oar,412,0,46,24.22,25.8951,38.3679,0.3061
oar,412,0,47,24.44,26.105,48.9884,0.3048
oar,412,0,48,24.615,26.36,61.8188,0.3176
oar,412,0,49,24.72,26.575,68.202,0.1616
oar,412,0,50,24.77,26.73,75.9612,0.1649
oar,412,0,51,24.8,26.895,83.2924,0.1712
oar,412,0,52,24.815,27.07,86.82,0.1803
oar,412,0,53,24.81,27.315,93.6911,0.3106
oar,412,0,54,24.76,27.62,104.9323,0.3105
oar,412,0,55,24.66,27.905,113.9608,0.2955
oar,412,0,56,24.52,28.16,123.6911,0.2884
oar,412,0,57,24.335,28.385,134.9971,0.297
oar,412,0,58,24.105,28.565,149.0424,0.2915
oar,412,0,59,23.91,28.67,156.8022,0.1523
oar,412,0,60,23.77,28.72,164.0398,0.1456
oar,412,0,61,23.62,28.75,172.8896,0.1612
oar,412,0,62,23.46,28.765,176.4202,0.1603
oar,412,0,63,23.215,28.765,1.7374,0.3302
oar,412,0,64,23.195,29.235,73.0247,0.9933
oar,412,0,65,24.05,29.71,0.0,1.42
oar,413,0,0,26.66,27.665,90.0,4.09
oar,413,0,1,26.915,25.62,0.0,0.51
oar,413,0,2,27.17,27.92,90.0,4.6
oar,413,0,3,26.675,30.22,0.0,0.99
oar,413,0,4,26.02,29.965,57.8943,0.6021
oar,413,0,5,26.26,29.71,0.0,0.8
oar,414,0,0,30.175,29.32,53.7347,2.6542
oar,414,0,1,29.305,28.11,58.7334,0.3275
oar,414,0,2,29.145,27.825,62.6533,0.3265
oar,414,0,3,29.04,27.6,69.4404,0.1709
oar,414,0,4,28.99,27.44,75.967,0.165
oar,414,0,5,28.955,27.28,79.3784,0.1628
oar,414,0,6,28.935,27.11,86.82,0.1803
oar,414,0,7,28.945,26.87,95.711,0.3015
oar,414,0,8,29.005,26.58,107.8172,0.2941
oar,414,0,9,29.12,26.315,119.2487,0.2865
oar,414,0,10,29.285,26.08,130.8189,0.2907
oar,414,0,11,29.49,25.88,140.7116,0.2842
oar,414,0,12,29.725,25.72,150.7486,0.2865
oar,414,0,13,29.99,25.61,164.0514,0.2912
oar,414,0,14,30.275,25.555,174.1,0.2915
oar,414,0,15,30.575,25.555,5.5217,0.3114
oar,414,0,16,30.87,25.615,17.8239,0.2941
oar,414,0,17,31.135,25.73,29.2407,0.2865
oar,414,0,18,31.37,25.89,39.2976,0.2843
oar,414,0,19,31.57,26.095,51.9505,0.292
oar,414,0,20,31.725,26.34,63.436,0.2907
oar,414,0,21,31.835,26.61,72.1792,0.2941
oar,414,0,22,31.895,26.91,84.6442,0.3214
oar,414,0,23,31.895,27.205,96.3399,0.2717
oar,414,0,24,31.845,27.475,104.5365,0.2789
oar,414,0,25,31.755,27.735,113.7496,0.2731
oar,414,0,26,31.62,27.965,127.301,0.264
oar,414,0,27,31.45,28.165,133.4515,0.2617
oar,414,0,28,31.25,28.33,147.526,0.2608
oar,414,0,29,31.015,28.445,160.2081,0.2657
oar,414,0,30,30.75,28.505,173.8786,0.2816
oar,414,0,31,30.495,28.505,7.4386,0.232
oar,414,0,32,30.27,28.45,19.9731,0.2341
oar,414,0,33,30.155,28.415,134.9727,0.0141
oar,414,0,34,30.765,29.28,54.4304,2.1145
oar,414,0,35,31.17,30.265,149.2373,0.4888
oar,414,1,0,30.32,26.06,174.2838,0.201
oar,414,1,1,30.13,26.1,161.5658,0.1897
oar,414,1,2,29.96,26.175,150.6349,0.1836
oar,414,1,3,29.805,26.28,141.3413,0.1921
oar,414,1,4,29.67,26.415,128.6668,0.1921
oar,414,1,5,29.565,26.57,119.3526,0.1836
oar,414,1,6,29.49,26.745,107.5252,0.1993
oar,414,1,7,29.45,26.935,96.0091,0.1911
oar,414,1,8,29.45,27.125,83.9909,0.1911
oar,414,1,9,29.49,27.31,71.5645,0.1897
oar,414,1,10,29.57,27.485,59.5318,0.1972
oar,414,1,11,29.68,27.64,49.4015,0.1844
oar,414,1,12,29.815,27.77,38.6587,0.1921
oar,414,1,13,29.97,27.88,31.9991,0.1887
oar,414,1,14,30.14,27.96,18.4342,0.1897
oar,414,1,15,30.325,28.0,6.0149,0.1911
oar,414,1,16,30.51,28.0,173.6537,0.1811
oar,414,1,17,30.69,27.96,161.5658,0.1897
oar,414,1,18,30.86,27.885,150.6515,0.1836
oar,414,1,19,31.015,27.78,141.3413,0.1921
oar,414,1,20,31.155,27.65,132.8761,0.1911
oar,414,1,21,31.265,27.495,117.8997,0.1923
oar,414,1,22,31.345,27.31,109.2889,0.2119
oar,414,1,23,31.39,27.105,95.4399,0.211
oar,414,1,24,31.39,26.905,83.9909,0.1911
oar,414,1,25,31.35,26.72,71.5645,0.1897
oar,414,1,26,31.27,26.55,57.9902,0.1887
oar,414,1,27,31.16,26.4,49.4015,0.1844
oar,414,1,28,31.025,26.27,38.6587,0.1921
oar,414,1,29,30.87,26.17,26.57,0.1789
oar,414,1,30,30.7,26.1,18.4342,0.1897
oar,414,1,31,30.515,26.06,6.0148,0.1911
oar,415,0,0,33.985,27.84,0.0,0.21
oar,415,0,1,34.18,27.82,167.4779,0.1844
oar,415,0,2,34.355,27.765,157.618,0.1839
oar,415,0,3,34.51,27.68,144.4523,0.1721
oar,415,0,4,34.64,27.565,132.7081,0.1769
oar,415,0,5,34.74,27.42,116.5694,0.1789
oar,415,0,6,34.81,27.25,108.4349,0.1897
oar,415,0,7,34.85,27.055,95.4399,0.211
oar,415,0,8,34.85,26.86,83.6594,0.1811
oar,415,0,9,34.815,26.685,73.6091,0.1772
oar,415,0,10,34.75,26.525,61.932,0.17
oar,415,0,11,34.66,26.38,54.4645,0.1721
oar,415,0,12,34.545,26.255,40.2324,0.1703
oar,415,0,13,34.405,26.16,28.0598,0.17
oar,415,0,14,34.245,26.095,16.4045,0.1772
oar,415,0,15,34.065,26.06,5.9967,0.191
oar,415,0,16,33.89,26.055,176.442,0.1603
oar,415,0,17,33.73,26.08,165.9506,0.1649
oar,415,0,18,33.58,26.13,156.8022,0.1523
oar,415,0,19,33.445,26.205,145.3153,0.1581
oar,415,0,20,33.325,26.3,137.716,0.1487
oar,415,0,21,33.225,26.415,124.6942,0.1581
oar,415,0,22,33.145,26.55,116.5626,0.1565
oar,415,0,23,33.095,26.7,100.621,0.1628
oar,415,0,24,32.8,26.78,0.0,0.56
oar,415,0,25,32.54,26.645,98.4266,0.273
oar,415,0,26,32.605,26.39,110.5568,0.2563
oar,415,0,27,32.72,26.16,122.4745,0.2607
oar,415,0,28,32.88,25.965,136.6292,0.2476
oar,415,0,29,33.07,25.805,143.1369,0.25
oar,415,0,30,33.29,25.68,157.3725,0.26
oar,415,0,31,33.535,25.595,164.3562,0.2596
oar,415,0,32,33.795,25.55,175.7724,0.2707
oar,415,0,33,34.08,25.55,3.8062,0.3007
oar,415,0,34,34.365,25.595,14.5359,0.2789
oar,415,0,35,34.625,25.69,25.6401,0.2773
oar,415,0,36,34.855,25.83,37.3095,0.264
oar,415,0,37,35.045,26.01,49.6375,0.2625
oar,415,0,38,35.195,26.23,61.5559,0.2729
oar,415,0,39,35.3,26.485,73.4972,0.2816
oar,415,0,40,35.355,26.7751,84.4719,0.3114
oar,415,0,41,35.365,27.0201,93.1806,0.1803
oar,415,0,42,35.345,27.195,100.0086,0.1726
oar,415,0,43,35.305,27.365,106.3909,0.1772
oar,415,0,44,35.25,27.525,111.7986,0.1616
oar,415,0,45,35.175,27.67,122.7325,0.1664
oar,415,0,46,35.08,27.8051,127.5671,0.164
oar,415,0,47,34.965,27.925,139.7676,0.1703
oar,415,0,48,34.825,28.03,146.3167,0.1803
oar,415,0,49,34.865,28.18,41.0109,0.3048
oar,415,0,50,35.065,28.405,55.784,0.3023
oar,415,0,51,35.18,28.6,66.8031,0.1523
oar,415,0,52,35.23,28.745,75.0661,0.1552
oar,415,0,53,35.26,28.895,82.4064,0.1514
oar,415,0,54,35.275,29.055,86.6325,0.1703
oar,415,0,55,35.265,29.28,96.1154,0.2816
oar,415,0,56,35.215,29.54,106.2608,0.25
oar,415,0,57,35.12,29.765,119.7421,0.2419
oar,415,0,58,34.985,29.9601,129.807,0.2343
oar,415,0,59,34.815,30.125,141.7164,0.2421
oar,415,0,60,34.61,30.25,155.5483,0.2417
oar,415,0,61,34.375,30.3351,164.3562,0.2596
oar,415,0,62,34.115,30.38,175.7724,0.2707
oar,415,0,63,33.845,30.38,4.2277,0.2707
oar,415,0,64,33.59,30.345,11.7794,0.2452
oar,415,0,65,33.36,30.27,24.4386,0.2417
oar,415,0,66,33.155,30.155,34.3815,0.2302
oar,415,0,67,32.985,30.005,48.5732,0.2267
oar,415,0,68,32.845,29.82,56.9783,0.2385
oar,415,0,69,32.735,29.605,68.6277,0.247
oar,415,0,70,32.66,29.355,77.4718,0.2766
oar,415,0,71,32.915,29.22,0.0,0.57
oar,415,0,72,33.215,29.29,77.9069,0.1432
oar,415,0,73,33.26,29.425,65.2252,0.1432
oar,415,0,74,33.325,29.545,57.5255,0.1304
oar,415,0,75,33.405,29.65,48.0058,0.1345
oar,415,0,76,33.505,29.74,36.033,0.136
oar,415,0,77,33.62,29.805,22.6151,0.13
oar,415,0,78,33.75,29.85,15.9602,0.1456
oar,415,0,79,33.895,29.875,3.7945,0.1503
oar,415,0,80,34.05,29.875,176.442,0.1603
oar,415,0,81,34.21,29.845,162.63,0.1676
oar,415,0,82,34.355,29.785,151.6969,0.1477
oar,415,0,83,34.48,29.705,143.1403,0.15
oar,415,0,84,34.59,29.6,129.8063,0.1562
oar,415,0,85,34.675,29.475,118.3011,0.1477
oar,415,0,86,34.73,29.335,104.9281,0.1553
oar,415,0,87,34.76,29.175,96.7107,0.1712
oar,415,0,88,34.76,28.995,83.9909,0.1911
oar,415,0,89,34.725,28.82,72.6435,0.1676
oar,415,0,90,34.655,28.675,55.3058,0.1581
oar,415,0,91,34.555,28.56,42.284,0.1487
oar,415,0,92,34.435,28.475,28.3038,0.1476
oar,415,0,93,34.29,28.415,17.3501,0.1676
oar,415,0,94,34.125,28.375,9.9975,0.1726
oar,415,0,95,33.95,28.355,3.1829,0.1803
oar,415,0,96,33.87,28.095,92.2458,0.5104
oar,416,0,0,260.9,401.09,90.0,23.64
oar,416,0,1,271.71,389.27,0.0,21.62
oar,416,0,2,282.52,401.09,90.0,23.64
oar,416,0,3,271.71,412.91,0.0,21.62
oar,417,0,0,266.74,410.785,90.0,0.59
oar,417,0,1,265.435,411.08,0.0,2.61
oar,417,0,2,264.13,408.425,90.0,5.31
oar,417,0,3,264.475,405.77,0.0,0.69
oar,417,0,4,264.82,407.095,90.0,2.65
oar,417,0,5,265.745,408.42,0.0,1.85
oar,417,0,6,266.67,408.715,90.0,0.59
oar,417,0,7,265.745,409.01,0.0,1.85
oar,417,0,8,264.82,409.75,90.0,1.48
oar,417,0,9,265.78,410.49,0.0,1.92
oar,418,0,0,267.825,411.08,0.0,0.69
oar,418,0,1,267.48,408.425,90.0,5.31
oar,418,0,2,267.825,405.77,0.0,0.69
oar,418,0,3,268.17,408.425,90.0,5.31
oar,419,0,0,270.565,405.77,0.0,2.89
oar,419,0,1,272.01,406.065,90.0,0.59
oar,419,0,2,270.91,406.36,0.0,2.2
oar,419,0,3,269.81,407.39,90.0,2.06
oar,419,0,4,270.88,408.42,0.0,2.14
oar,419,0,5,271.95,408.715,90.0,0.59
oar,419,0,6,270.88,409.01,0.0,2.14
oar,419,0,7,269.81,409.75,90.0,1.48
oar,419,0,8,270.91,410.49,0.0,2.2
oar,419,0,9,272.01,410.785,90.0,0.59
oar,419,0,10,270.565,411.08,0.0,2.89
oar,419,0,11,269.12,408.425,90.0,5.31
oar,420,0,0,273.155,411.08,0.0,0.69
oar,420,0,1,272.81,408.425,90.0,5.31
oar,420,0,2,273.965,405.77,0.0,2.31
oar,420,0,3,275.12,406.065,90.0,0.59
oar,420,0,4,274.31,406.36,0.0,1.62
oar,420,0,5,273.5,408.72,90.0,4.72
oar,421,0,0,276.08,405.77,0.0,1.1
oar,421,0,1,276.785,405.775,1.8466,0.3102
oar,421,0,2,277.095,405.795,5.5274,0.3114
oar,421,0,3,277.395,405.835,9.7827,0.2943
oar,421,0,4,277.675,405.895,14.5365,0.2789
oar,421,0,5,277.945,405.98,20.3222,0.2879
oar,421,0,6,278.205,406.085,23.7496,0.2731
oar,421,0,7,278.445,406.205,29.4756,0.2642
oar,421,0,8,278.665,406.35,37.3057,0.264
oar,421,0,9,278.87,406.515,40.3625,0.2625
oar,421,0,10,279.055,406.7,49.6379,0.2625
oar,421,0,11,279.215,406.91,55.7089,0.2663
oar,421,0,12,279.355,407.14,61.5567,0.273
oar,421,0,13,279.47,407.395,69.6807,0.2879
oar,421,0,14,279.56,407.67,74.0513,0.2912
oar,421,0,15,279.62,407.965,82.6519,0.3126
oar,421,0,16,279.65,408.285,86.5283,0.3306
oar,421,0,17,279.65,408.61,93.5797,0.3206
oar,421,0,18,279.62,408.925,97.3484,0.3126
oar,421,0,19,279.56,409.215,106.5074,0.2816
oar,421,0,20,279.47,409.48,111.0332,0.2786
oar,421,0,21,279.355,409.73,118.4433,0.273
oar,421,0,22,279.215,409.955,125.5432,0.2581
oar,421,0,23,279.05,410.16,131.9843,0.2691
oar,421,0,24,278.865,410.345,138.1805,0.255
oar,421,0,25,278.66,410.505,145.7144,0.2663
oar,421,0,26,278.435,410.645,150.5211,0.2642
oar,421,0,27,278.195,410.77,154.3599,0.2773
oar,421,0,28,277.94,410.875,160.9079,0.2751
oar,421,0,29,277.675,410.955,165.4635,0.2789
oar,421,0,30,277.395,411.015,170.2173,0.2943
oar,421,0,31,277.105,411.055,174.0943,0.2916
oar,421,0,32,276.81,411.075,178.0918,0.3002
oar,421,0,33,276.095,411.08,0.0,1.13
oar,421,0,34,275.53,408.425,90.0,5.31
oar,421,1,0,276.335,410.49,0.0,0.23
oar,421,1,1,276.575,410.485,177.7106,0.2502
oar,421,1,2,276.825,410.47,175.4251,0.2508
oar,421,1,3,277.07,410.445,172.875,0.2419
oar,421,1,4,277.3,410.405,167.195,0.2256
oar,421,1,5,277.52,410.35,164.7456,0.228
oar,421,1,6,277.735,410.28,159.1443,0.2247
oar,421,1,7,277.94,410.195,155.7744,0.2193
oar,421,1,8,278.13,410.095,148.5693,0.2109
oar,421,1,9,278.3,409.975,140.9057,0.2062
oar,421,1,10,278.455,409.835,135.0,0.2121
oar,421,1,11,278.595,409.675,127.4067,0.214
oar,421,1,12,278.715,409.495,120.065,0.2195
oar,421,1,13,278.81,409.295,110.8579,0.2247
oar,421,1,14,278.885,409.075,106.9295,0.2404
oar,421,1,15,278.94,408.83,98.7411,0.2631
oar,421,1,16,278.965,408.56,92.0474,0.2802
oar,421,1,17,278.965,408.28,87.9526,0.2802
oar,421,1,18,278.94,408.015,80.9146,0.2532
oar,421,1,19,278.885,407.775,73.0705,0.2404
oar,421,1,20,278.81,407.555,69.1421,0.2247
oar,421,1,21,278.715,407.355,59.933,0.2195
oar,421,1,22,278.595,407.175,52.5933,0.214
oar,421,1,23,278.455,407.015,45.0029,0.2121
oar,421,1,24,278.3,406.875,39.0943,0.2062
oar,421,1,25,278.13,406.755,31.4307,0.2109
oar,421,1,26,277.94,406.65,26.5616,0.2236
oar,421,1,27,277.735,406.565,18.4374,0.2214
oar,421,1,28,277.52,406.495,17.6482,0.2309
oar,421,1,29,277.3,406.44,10.3069,0.2236
oar,421,1,30,277.07,406.405,7.125,0.2419
oar,421,1,31,276.825,406.38,4.5714,0.2508
oar,421,1,32,276.575,406.365,2.2928,0.2502
oar,421,1,33,276.335,406.36,0.0,0.23
oar,421,1,34,276.22,408.425,90.0,4.13
oar,422,0,0,266.51,398.35,0.0,2.88
oar,422,0,1,267.95,398.645,90.0,0.59
oar,422,0,2,266.855,398.94,0.0,2.19
oar,422,0,3,265.76,399.97,90.0,2.06
oar,422,0,4,266.825,401.0,0.0,2.13
oar,422,0,5,267.89,401.295,90.0,0.59
oar,422,0,6,266.825,401.59,0.0,2.13
oar,422,0,7,265.76,402.325,90.0,1.47
oar,422,0,8,266.855,403.06,0.0,2.19
oar,422,0,9,267.95,403.355,90.0,0.59
oar,422,0,10,266.51,403.65,0.0,2.88
oar,422,0,11,265.07,401.0,90.0,5.3
oar,423,0,0,269.095,403.65,0.0,0.69
oar,423,0,1,268.75,401.0,90.0,5.3
oar,423,0,2,269.905,398.35,0.0,2.31
oar,423,0,3,271.06,398.645,90.0,0.59
oar,423,0,4,270.25,398.94,0.0,1.62
oar,423,0,5,269.44,401.295,90.0,4.71
oar,424,0,0,272.92,398.35,0.0,2.88
oar,424,0,1,274.36,398.645,90.0,0.59
oar,424,0,2,273.26,398.94,0.0,2.2
oar,424,0,3,272.16,399.97,90.0,2.06
oar,424,0,4,273.23,401.0,0.0,2.14
oar,424,0,5,274.3,401.295,90.0,0.59
oar,424,0,6,273.23,401.59,0.0,2.14
oar,424,0,7,272.16,402.325,90.0,1.47
oar,424,0,8,273.26,403.06,0.0,2.2
oar,424,0,9,274.36,403.355,90.0,0.59
oar,424,0,10,272.92,403.65,0.0,2.88
oar,424,0,11,271.48,401.0,90.0,5.3
oar,425,0,0,274.935,403.65,0.0,0.73
oar,425,0,1,275.725,400.865,112.5248,6.03
oar,425,0,2,278.035,400.865,67.4749,6.03
oar,425,0,3,278.825,403.65,0.0,0.73
oar,425,0,4,277.67,401.7,67.9455,4.2079
oar,425,0,5,276.09,401.7,112.0541,4.2079
oar,426,0,0,267.11,392.89,90.0,4.72
oar,426,0,1,267.405,390.53,0.0,0.59
oar,426,0,2,267.7,393.185,90.0,5.31
oar,426,0,3,267.125,395.84,0.0,1.15
oar,426,0,4,266.365,395.545,57.9076,0.6964
oar,426,0,5,266.645,395.25,0.0,0.93
oar,427,0,0,271.47,393.085,177.6153,0.2402
oar,427,0,1,271.695,393.06,169.2146,0.2138
oar,427,0,2,271.9,393.0,158.1963,0.2154
oar,427,0,3,272.08,392.905,145.4919,0.1942
oar,427,0,4,272.225,392.77,129.0969,0.2061
oar,427,0,5,272.34,392.6,119.055,0.2059
oar,427,0,6,272.42,392.405,105.9454,0.2184
oar,427,0,7,272.465,392.18,97.1246,0.2419
oar,427,0,8,272.47,391.955,84.5546,0.211
oar,427,0,9,272.43,391.755,72.474,0.1992
oar,427,0,10,272.355,391.57,63.4369,0.2013
oar,427,0,11,272.25,391.405,51.3402,0.1921
oar,427,0,12,272.115,391.265,40.9166,0.1985
oar,427,0,13,271.955,391.15,30.4651,0.1972
oar,427,0,14,271.77,391.07,16.7,0.2088
oar,427,0,15,271.565,391.03,5.4409,0.211
oar,427,0,16,271.365,391.03,173.9888,0.191
oar,427,0,17,271.18,391.06,167.4702,0.1844
oar,427,0,18,271.005,391.115,157.6201,0.1838
oar,427,0,19,270.845,391.2,146.3072,0.1803
oar,427,0,20,270.71,391.31,135.0073,0.1697
oar,427,0,21,270.595,391.44,128.1536,0.178
oar,427,0,22,270.505,391.595,112.3825,0.1838
oar,427,0,23,270.445,391.77,105.5199,0.1868
oar,427,0,24,270.1,391.86,0.0,0.64
oar,427,0,25,269.805,391.705,99.1657,0.314
oar,427,0,26,269.885,391.41,111.4442,0.3008
oar,427,0,27,270.015,391.15,122.0054,0.283
oar,427,0,28,270.195,390.925,135.0021,0.297
oar,427,0,29,270.42,390.74,146.3108,0.2884
oar,427,0,30,270.675,390.595,154.2883,0.2997
oar,427,0,31,270.955,390.495,166.4286,0.2983
oar,427,0,32,271.255,390.445,174.4726,0.3114
oar,427,0,33,271.58,390.445,5.0423,0.3413
oar,427,0,34,271.91,390.5,14.0362,0.3299
oar,427,0,35,272.21,390.61,26.5651,0.313
oar,427,0,36,272.47,390.77,36.8722,0.3
oar,427,0,37,272.69,390.975,48.9887,0.3048
oar,427,0,38,272.865,391.23,61.8223,0.3176
oar,427,0,39,272.985,391.525,73.8113,0.3228
oar,427,0,40,273.05,391.855,83.4789,0.3523
oar,427,0,41,273.06,392.135,95.4376,0.2109
oar,427,0,42,273.035,392.34,98.5299,0.2022
oar,427,0,43,272.995,392.535,104.7497,0.1965
oar,427,0,44,272.935,392.72,111.2517,0.1931
oar,427,0,45,272.85,392.895,120.4597,0.1972
oar,427,0,46,272.735,393.055,130.9166,0.1985
oar,427,0,47,272.6,393.195,137.123,0.1911
oar,427,0,48,272.445,393.315,147.092,0.2025
oar,427,0,49,272.49,393.485,41.4982,0.3471
oar,427,0,50,272.715,393.74,55.8398,0.3384
oar,427,0,51,272.845,393.96,66.3689,0.1746
oar,427,0,52,272.905,394.125,73.6141,0.1772
oar,427,0,53,272.945,394.3,80.5385,0.1825
oar,427,0,54,272.965,394.49,87.1348,0.2002
oar,427,0,55,272.955,394.75,95.3555,0.3214
oar,427,0,56,272.895,395.05,107.8183,0.2941
oar,427,0,57,272.785,395.315,117.4753,0.2818
oar,427,0,58,272.63,395.54,131.9865,0.2691
oar,427,0,59,272.43,395.725,142.3062,0.278
oar,427,0,60,272.19,395.87,155.2266,0.2864
oar,427,0,61,271.92,395.97,164.0542,0.2912
oar,427,0,62,271.625,396.02,176.3078,0.3106
oar,427,0,63,271.315,396.02,3.6922,0.3106
oar,427,0,64,271.02,395.975,14.0348,0.2886
oar,427,0,65,270.755,395.89,21.8026,0.2693
oar,427,0,66,270.52,395.765,34.2856,0.2663
oar,427,0,67,270.32,395.59,48.0157,0.2691
oar,427,0,68,270.155,395.375,56.8892,0.2746
oar,427,0,69,270.03,395.125,69.676,0.2879
oar,427,0,70,269.945,394.835,77.2743,0.3178
oar,427,0,71,270.24,394.68,0.0,0.66
oar,427,0,72,270.59,394.76,75.9612,0.1649
oar,427,0,73,270.64,394.915,68.1986,0.1615
oar,427,0,74,270.71,395.055,58.3978,0.1526
oar,427,0,75,270.805,395.175,44.996,0.1556
oar,427,0,76,270.92,395.275,36.8699,0.15
oar,427,0,77,271.05,395.355,26.57,0.1565
oar,427,0,78,271.2,395.41,14.0337,0.1649
oar,427,0,79,271.365,395.435,3.3695,0.1703
oar,427,0,80,271.545,395.435,176.9843,0.1903
oar,427,0,81,271.73,395.405,164.4744,0.1868
oar,427,0,82,271.9,395.34,153.4393,0.1789
oar,427,0,83,272.045,395.245,139.7645,0.1703
oar,427,0,84,272.165,395.125,130.2315,0.1703
oar,427,0,85,272.265,394.98,119.3562,0.1836
oar,427,0,86,272.335,394.81,105.5301,0.1868
oar,427,0,87,272.37,394.625,96.0057,0.1911
oar,427,0,88,272.37,394.42,84.8084,0.2209
oar,427,0,89,272.325,394.22,68.7483,0.1931
oar,427,0,90,272.245,394.055,59.0362,0.1749
oar,427,0,91,272.135,393.92,42.7072,0.1769
oar,427,0,92,271.99,393.82,26.5651,0.1789
oar,427,0,93,271.825,393.75,19.4411,0.1803
oar,427,0,94,271.64,393.705,8.5299,0.2022
oar,427,0,95,271.435,393.68,5.4417,0.2109
oar,427,0,96,271.34,393.38,91.9738,0.5803
oar,428,0,0,275.19,393.025,58.1917,5.2364
oar,428,0,1,274.07,390.615,144.5669,0.6382
oar,428,0,2,275.99,393.135,58.4637,6.3475
oar,428,0,3,275.73,395.84,0.0,3.84
oar,428,0,4,273.81,395.545,90.0,0.59
oar,428,0,5,275.19,395.25,0.0,2.76
oar,429,0,0,18.04,296.915,90.0,504.39
oar,429,0,1,193.68,44.72,0.0,351.28
oar,429,0,2,369.32,296.915,90.0,504.39
oar,429,0,3,193.68,549.11,0.0,351.28
oar,430,0,0,326.04,325.045,57.0613,2.538
oar,430,0,1,324.94,324.24,147.6186,0.971
oar,430,0,2,321.575,326.4,147.2598,7.0262
oar,430,0,3,263.02,363.98,147.3106,132.1276
oar,430,0,4,204.26,401.69,147.2832,7.5117
oar,430,0,5,158.675,430.955,147.3013,100.8291
oar,430,0,6,115.185,458.87,147.4419,2.5272
oar,430,0,7,113.675,459.835,147.3628,1.0569
oar,430,0,8,114.79,462.525,57.0307,5.7333
oar,430,0,9,116.79,464.65,147.5284,1.0431
oar,430,0,10,222.845,396.58,147.3052,250.9981
oar,431,0,0,78.47,396.285,148.434,9.9526
oar,431,0,1,83.175,393.39,148.0504,1.096
oar,431,0,2,80.58,388.165,58.1986,11.6134
oar,431,0,3,76.9,383.61,148.4954,1.4544
oar,431,0,4,72.195,386.5,148.4317,9.589
oar,431,0,5,68.28,389.29,58.7359,0.6551
oar,431,0,6,67.52,390.14,148.4954,2.1816
oar,431,0,7,68.875,394.39,58.1628,8.6634
oar,431,0,8,72.09,397.5,148.4958,2.1816
oar,432,0,0,125.94,372.595,147.4991,1.4703
oar,432,0,1,128.56,370.93,147.5844,4.7383
oar,432,0,2,129.635,368.22,57.2851,3.423
oar,432,0,3,126.795,368.0,147.4998,4.5412
oar,432,0,4,124.26,369.615,147.4986,1.4703
oar,432,0,5,111.09,378.0,147.517,29.7552
oar,432,0,6,99.465,387.43,57.285,3.423
oar,433,0,0,128.495,377.125,147.2886,1.4618
oar,433,0,1,126.86,378.175,147.2928,2.4244
oar,433,0,2,126.795,380.31,57.167,3.5227
oar,433,0,3,131.54,379.355,147.2801,9.0096
oar,433,0,4,134.375,375.44,57.1671,3.5227
oar,434,0,0,239.39,315.445,57.3362,4.3357
oar,434,0,1,233.835,316.415,147.4866,10.4
oar,434,0,2,228.86,319.585,147.5601,1.3982
oar,434,0,3,221.37,324.36,147.4752,16.367
oar,434,0,4,215.645,330.585,57.2254,4.3411
oar,434,0,5,223.72,328.01,147.4751,16.3671
oar,434,0,6,231.21,323.235,147.5604,1.3982
oar,434,0,7,236.18,320.065,147.4569,10.3916
oar,435,0,0,177.085,332.47,147.0535,10.26
oar,435,0,1,178.35,325.035,56.7966,11.1027
oar,435,0,2,172.78,322.025,147.1277,6.0246
oar,435,0,3,168.42,324.85,146.9651,4.3658
oar,435,0,4,165.76,326.575,147.1949,1.975
oar,435,0,5,167.97,331.755,56.7966,11.1027
oar,436,0,0,223.09,260.32,57.3889,9.426
oar,436,0,1,216.77,258.745,147.6417,8.9497
oar,436,0,2,212.35,261.55,147.3551,1.5201
oar,436,0,3,214.25,265.93,57.3888,9.426
oar,437,0,0,222.665,212.57,147.9471,8.9315
oar,437,0,1,217.57,196.15,57.7059,33.242
oar,437,0,2,204.905,184.47,147.947,8.9315
oar,438,0,0,192.57,202.285,57.0525,26.1092
oar,438,0,1,181.755,193.715,147.3,8.8294
oar,438,0,2,180.43,199.79,57.069,8.7928
oar,438,0,3,181.475,204.345,147.2537,3.1983
oar,438,0,4,182.615,209.05,57.0916,9.1479
oar,438,0,5,186.445,212.025,147.2542,3.1983
oar,438,0,6,190.015,214.59,57.0289,8.1769
oar,439,0,0,133.345,354.495,57.4375,5.7783
oar,439,0,1,132.92,351.345,147.6765,2.6744
oar,439,0,2,135.52,352.935,57.4725,5.4677
oar,439,0,3,141.46,352.41,147.6617,10.5811
oar,439,0,4,145.625,349.105,57.2952,1.129
oar,439,0,5,144.155,346.8,57.5187,4.3387
oar,439,0,6,140.465,341.015,57.4445,9.3846
oar,439,0,7,130.355,341.86,147.6732,17.9524
oar,439,0,8,125.295,350.62,57.4774,9.393
oar,439,0,9,129.37,357.01,57.4678,5.7645
oar,439,0,10,132.91,358.185,147.7623,4.7054
oar,440,0,0,242.165,279.8,59.6287,2.1558
oar,440,0,1,241.015,277.85,59.3262,2.3719
oar,440,0,2,239.32,277.465,149.7764,2.5229
oar,440,0,3,237.875,277.495,59.5962,1.4029
oar,440,0,4,236.85,277.28,149.7967,1.5505
oar,440,0,5,237.69,280.225,59.4169,5.9357
oar,440,0,6,239.87,282.39,149.7967,1.5505
oar,440,0,7,241.625,281.365,149.6617,2.5143
oar,441,0,0,234.97,279.67,157.8907,3.454
oar,441,0,1,233.38,279.985,91.7102,0.6703
oar,441,0,2,233.255,279.35,65.7721,0.658
oar,442,0,0,138.815,334.17,102.9075,3.4471
oar,442,0,1,139.465,332.685,36.3464,0.658
oar,442,0,2,140.06,332.945,11.1432,0.6727
oar,443,0,0,181.155,190.805,90.166,3.45
oar,443,0,1,181.465,189.21,23.0859,0.6631
oar,443,0,2,182.1,189.335,179.1311,0.6601
oar,444,0,0,202.815,183.42,19.6427,3.4508
oar,444,0,1,201.415,182.595,132.5637,0.6653
oar,444,0,2,201.745,182.035,108.4354,0.6641
oar,445,0,0,209.645,261.21,17.5424,3.4505
oar,445,0,1,208.215,260.44,130.695,0.6595
oar,445,0,2,208.525,259.87,106.5354,0.6676
oar,446,0,0,163.39,329.82,15.8085,3.4505
oar,446,0,1,161.94,329.095,129.4728,0.6607
oar,446,0,2,162.235,328.515,104.6567,0.6719
oar,447,0,0,228.85,317.345,104.0764,3.4537
oar,447,0,1,229.535,315.875,37.7253,0.6701
oar,447,0,2,230.125,316.15,12.156,0.6649
oar,448,0,0,134.7,372.235,110.3809,3.4457
oar,448,0,1,135.54,370.85,43.7808,0.6648
oar,448,0,2,136.095,371.185,18.4354,0.6641
oar,449,0,0,111.68,375.295,45.3529,3.4437
oar,449,0,1,110.78,373.95,158.8381,0.6648
oar,449,0,2,111.32,373.59,133.7818,0.6648
oar,450,0,0,80.705,383.68,115.9706,3.4482
oar,450,0,1,81.68,382.385,49.2151,0.6736
oar,450,0,2,82.2,382.775,24.2267,0.658
oar,451,0,0,224.23,281.495,168.6513,20.2765
oar,452,0,0,142.345,326.95,113.7567,14.4221
oar,453,0,0,183.34,181.17,100.9003,17.5568
oar,454,0,0,193.585,177.61,30.5151,19.9305
oar,455,0,0,201.255,256.31,28.4067,17.9515
oar,456,0,0,154.045,324.765,26.6562,19.6819
oar,457,0,0,232.28,310.745,114.9402,13.0907
oar,458,0,0,143.78,357.81,121.1178,31.8886
oar,459,0,0,105.96,366.13,56.2621,19.9137
oar,460,0,0,91.085,370.345,126.7928,31.206
oar,461,0,0,148.635,332.255,74.1277,24.7538
oar,462,0,0,253.39,421.32,0.0,7.92
oar,463,0,0,249.43,421.36,90.0,6.12
oar,464,0,0,221.745,428.645,166.2015,9.9368
oar,464,0,1,221.78,426.595,10.2365,9.7349
oar,464,0,2,217.28,425.87,25.7697,0.644
oar,464,0,3,217.71,426.195,52.884,0.464
oar,464,0,4,217.96,426.63,66.2504,0.5463
oar,464,0,5,218.145,427.095,70.7679,0.4554
oar,464,0,6,218.22,427.67,90.0,0.72
oar,464,0,7,218.18,428.285,98.915,0.5162
oar,464,0,8,218.035,428.755,116.0307,0.4785
oar,464,0,9,217.75,429.15,135.0,0.5091
oar,464,0,10,217.35,429.51,140.7097,0.5685
oar,465,0,0,216.485,428.795,67.2037,2.2454
oar,465,0,1,216.52,426.745,114.8468,2.2371
oar,466,0,0,213.745,427.67,0.0,2.59
oar,467,0,0,214.465,429.475,155.0503,2.0625
oar,468,0,0,215.98,430.625,131.9629,1.7348
oar,469,0,0,214.725,426.05,20.9457,2.2379
oar,470,0,0,215.765,424.9,43.4027,1.7755
oar,471,0,0,308.75,329.535,169.8527,3.5759
oar,471,0,1,305.52,328.825,34.8875,3.5842
oar,471,0,2,303.735,326.04,79.8527,3.5759
oar,471,0,3,304.44,322.81,124.756,3.5784
oar,471,0,4,307.225,321.025,169.8809,3.5858
oar,471,0,5,310.46,321.73,34.756,3.5784
oar,471,0,6,312.245,324.515,79.8813,3.5858
oar,471,0,7,311.535,327.75,124.8871,3.5841
oar,472,0,0,232.81,391.76,177.3369,3.4437
oar,472,0,1,234.415,391.99,110.3526,0.6613
oar,472,0,2,234.325,392.63,85.6687,0.6619
oar,473,0,0,246.86,394.075,8.0472,28.3593
oar,474,0,0,308.535,325.075,57.8012,0.3191
oar,474,0,1,308.695,325.34,60.0203,0.3002
oar,474,0,2,308.825,325.605,67.8355,0.2915
oar,474,0,3,308.91,325.87,77.0064,0.2668
oar,474,0,4,308.95,326.125,85.4216,0.2508
oar,474,0,5,308.935,326.37,101.7729,0.2451
oar,474,0,6,308.86,326.605,113.4988,0.2508
oar,474,0,7,308.77,326.775,126.0189,0.136
oar,474,0,8,308.685,326.885,129.292,0.1421
oar,474,0,9,308.585,326.985,140.7158,0.1421
oar,474,0,10,308.465,327.08,142.4243,0.164
oar,474,0,11,308.28,327.195,151.5582,0.273
oar,474,0,12,308.04,327.295,163.7376,0.25
oar,474,0,13,307.805,327.34,175.0332,0.2309
oar,474,0,14,307.57,327.325,11.7729,0.2451
oar,474,0,15,307.39,327.275,22.6157,0.13
oar,474,0,16,307.27,327.215,30.2601,0.1389
oar,474,0,17,307.15,327.14,33.6867,0.1442
oar,474,0,18,307.03,327.045,42.5085,0.1628
oar,474,0,19,306.905,326.925,45.0,0.1838
oar,474,0,20,306.775,326.78,50.9057,0.2062
oar,474,0,21,306.645,326.615,52.5958,0.214
oar,474,0,22,306.515,326.43,56.9728,0.2385
oar,474,0,23,306.28,326.065,57.3212,0.6297
oar,474,0,24,307.895,324.655,147.3219,4.2413
oar,474,0,25,309.825,323.74,57.7727,0.5438
oar,474,0,26,309.21,324.455,147.4555,1.8031
oar,474,1,0,306.84,326.065,58.3978,0.1526
oar,474,1,1,306.935,326.215,57.0884,0.2025
oar,474,1,2,307.055,326.38,50.9057,0.2062
oar,474,1,3,307.19,326.535,46.9828,0.2052
oar,474,1,4,307.335,326.67,38.6598,0.1921
oar,474,1,5,307.49,326.775,29.3562,0.1836
oar,474,1,6,307.66,326.835,9.4623,0.1825
oar,474,1,7,307.795,326.85,0.0,0.09
oar,474,1,8,307.885,326.84,167.4774,0.0922
oar,474,1,9,307.98,326.81,158.1895,0.1077
oar,474,1,10,308.08,326.76,149.0388,0.1166
oar,474,1,11,308.18,326.695,145.0068,0.1221
oar,474,1,12,308.27,326.625,138.8063,0.1063
oar,474,1,13,308.34,326.55,126.8874,0.1
oar,474,1,14,308.39,326.47,116.5476,0.0894
oar,474,1,15,308.435,326.345,106.3968,0.1772
oar,474,1,16,308.46,326.17,90.0,0.18
oar,474,1,17,308.44,325.99,77.4702,0.1844
oar,474,1,18,308.385,325.805,69.7734,0.2025
oar,474,1,19,308.305,325.615,64.655,0.2102
oar,474,1,20,308.205,325.435,57.0956,0.2025
oar,474,1,21,308.105,325.275,59.0277,0.1749
oar,474,1,22,307.43,325.6,147.5877,1.4925
oar,475,0,0,66.74,153.365,90.0,69.89
oar,476,0,0,76.79,151.17,72.9403,68.5147
oar,477,0,0,85.435,179.345,72.9281,9.5718
oar,477,0,1,84.32,174.91,25.7695,0.644
oar,477,0,2,84.865,175.125,16.3888,0.5316
oar,477,0,3,85.37,175.2,0.0,0.5
oar,477,0,4,85.73,175.165,162.3482,0.2309
oar,477,0,5,86.055,175.02,152.9043,0.483
oar,477,0,6,86.235,176.025,91.7979,2.2311
oar,477,0,7,86.235,178.26,88.2101,2.2411
oar,477,0,8,86.375,180.17,82.4292,1.5939
oar,478,0,0,67.965,180.64,47.3534,3.6164
oar,478,0,1,68.47,183.7,112.5963,3.7477
oar,478,0,2,67.245,187.7,102.5422,4.651
oar,478,0,3,66.27,187.7,78.3023,4.6363
oar,478,0,4,65.045,183.7,66.4228,3.7751
oar,479,0,0,114.79,462.525,57.0306,5.7333
oar,479,0,1,112.835,459.51,57.0753,1.4534
oar,479,0,2,97.18,468.695,147.3046,36.2662
oar,479,0,3,84.34,482.225,57.0598,8.9009
oar,479,0,4,102.02,476.165,147.3047,36.2662
oar,479,0,5,116.815,465.65,57.1443,1.7142
oar,480,0,0,73.76,134.075,73.4128,0.4904
oar,480,0,1,75.69,134.035,5.5689,4.019
oar,480,0,2,76.14,135.505,140.5601,4.014
oar,480,0,3,74.52,136.55,73.0723,0.4808
oar,480,0,4,75.54,135.435,140.9256,2.8081
oar,480,0,5,75.23,134.43,4.8989,2.8103
oar,481,0,0,78.315,138.43,6.911,0.9972
oar,481,0,1,78.88,138.72,73.0723,0.4808
oar,481,0,2,76.925,138.68,7.5943,4.0858
oar,481,0,3,76.425,137.05,138.2733,4.0867
oar,481,0,4,78.02,135.92,73.0723,0.4808
oar,481,0,5,77.715,136.475,139.0859,0.9925
oar,481,0,6,77.58,137.585,72.9999,1.6417
oar,481,1,0,77.2,137.705,72.5651,1.2683
oar,481,1,1,76.42,137.61,139.16,1.5597
oar,481,1,2,76.61,138.215,6.9442,1.5715
oar,482,0,0,77.895,140.855,86.9866,0.1903
oar,482,0,1,77.89,141.04,96.3418,0.1811
oar,482,0,2,77.855,141.215,106.3869,0.1772
oar,482,0,3,77.79,141.375,118.074,0.17
oar,482,0,4,77.695,141.52,128.1605,0.178
oar,482,0,5,77.57,141.645,141.8386,0.1781
oar,482,0,6,77.425,141.745,149.0375,0.1749
oar,482,0,7,77.265,141.825,157.6175,0.1838
oar,482,0,8,77.06,141.88,170.5356,0.2433
oar,482,0,9,76.82,141.895,2.3882,0.2402
oar,482,0,10,76.585,141.85,19.1831,0.2435
oar,482,0,11,76.365,141.745,31.7545,0.247
oar,482,0,12,76.185,141.585,51.7099,0.2421
oar,482,0,13,76.05,141.38,61.3891,0.2506
oar,482,0,14,75.945,141.155,68.6311,0.247
oar,482,0,15,75.86,140.92,71.564,0.253
oar,482,0,16,75.74,140.535,73.2012,0.5536
oar,482,0,17,77.35,139.75,162.8972,3.5364
oar,482,0,18,79.11,139.45,72.35,0.4617
oar,482,0,19,78.46,139.89,163.0091,1.5057
oar,482,0,20,77.765,140.205,75.2558,0.1965
oar,482,0,21,78.665,140.585,18.0405,1.8405
oar,482,0,22,79.62,141.12,72.2557,0.525
oar,482,0,23,78.795,141.065,18.6243,1.91
oar,482,1,0,76.19,140.655,70.0191,0.1171
oar,482,1,1,76.235,140.79,72.6422,0.1676
oar,482,1,2,76.295,140.95,66.3712,0.1746
oar,482,1,3,76.37,141.105,61.9331,0.17
oar,482,1,4,76.455,141.245,55.2984,0.1581
oar,482,1,5,76.56,141.365,42.5139,0.1628
oar,482,1,6,76.685,141.455,28.3038,0.1476
oar,482,1,7,76.83,141.5,7.1213,0.1612
oar,482,1,8,77.0,141.495,170.5381,0.1825
oar,482,1,9,77.17,141.44,153.4393,0.1789
oar,482,1,10,77.315,141.35,142.4291,0.164
oar,482,1,11,77.415,141.235,118.2998,0.1477
oar,482,1,12,77.47,141.1,105.9442,0.1456
oar,482,1,13,77.495,140.95,93.577,0.1603
oar,482,1,14,77.49,140.79,82.8723,0.1612
oar,482,1,15,77.465,140.625,79.9932,0.1726
oar,482,1,16,77.425,140.455,73.6131,0.1772
oar,482,1,17,77.38,140.3,74.0525,0.1456
oar,482,1,18,76.765,140.415,162.7285,1.2462
oar,483,0,0,78.94,144.26,162.9507,3.1379
oar,483,0,1,80.5,143.985,72.0316,0.389
oar,483,0,2,78.87,144.69,162.8976,3.5364
oar,483,0,3,77.065,144.845,72.5119,0.7654
oar,483,0,4,77.105,144.305,131.5311,0.4675
oar,483,0,5,77.35,144.425,73.0337,0.6168
oar,484,0,0,80.31,147.2,124.5399,1.8696
oar,484,0,1,79.715,148.04,132.8832,0.191
oar,484,0,2,79.575,148.175,139.0834,0.1985
oar,484,0,3,79.415,148.29,149.5338,0.1972
oar,484,0,4,79.235,148.38,157.1692,0.2061
oar,484,0,5,79.03,148.44,169.6931,0.2236
oar,484,0,6,78.81,148.46,0.0,0.22
oar,484,0,7,78.6,148.44,11.3125,0.204
oar,484,0,8,78.405,148.38,22.83,0.2062
oar,484,0,9,78.225,148.28,35.2168,0.2081
oar,484,0,10,78.07,148.145,46.9739,0.2052
oar,484,0,11,77.94,147.98,56.3127,0.2164
oar,484,0,12,77.84,147.79,68.1963,0.2154
oar,484,0,13,77.775,147.575,77.7369,0.2354
oar,484,0,14,77.745,147.355,87.273,0.2102
oar,484,0,15,77.755,147.15,98.5299,0.2022
oar,484,0,16,77.81,146.955,112.8339,0.2062
oar,484,0,17,77.9,146.775,120.4677,0.1972
oar,484,0,18,78.025,146.615,134.9956,0.2122
oar,484,0,19,78.185,146.475,142.5998,0.214
oar,484,0,20,78.375,146.355,152.3505,0.2371
oar,484,0,21,78.545,146.51,72.8023,0.4397
oar,484,0,22,78.55,146.75,153.4349,0.1342
oar,484,0,23,78.435,146.82,143.9774,0.136
oar,484,0,24,78.335,146.91,131.9867,0.1345
oar,484,0,25,78.255,147.015,122.4673,0.1304
oar,484,0,26,78.2,147.13,108.436,0.1265
oar,484,0,27,78.165,147.25,104.0362,0.1237
oar,484,0,28,78.15,147.375,90.0,0.13
oar,484,0,29,78.165,147.505,77.0064,0.1334
oar,484,0,30,78.205,147.635,68.9575,0.1393
oar,484,0,31,78.27,147.755,53.9759,0.136
oar,484,0,32,78.355,147.855,45.0,0.1273
oar,484,0,33,78.455,147.94,36.0226,0.136
oar,484,0,34,78.575,148.005,21.0438,0.1393
oar,484,0,35,78.705,148.045,12.9944,0.1334
oar,484,0,36,78.84,148.06,0.0,0.14
oar,484,0,37,78.975,148.05,171.2452,0.1315
oar,484,0,38,79.125,148.0,154.8033,0.1879
oar,484,0,39,79.28,147.9,139.3997,0.1844
oar,484,0,40,79.41,147.765,128.6598,0.1921
oar,484,0,41,79.52,147.615,123.6874,0.1803
oar,484,0,42,80.265,146.515,124.1393,2.4768
oar,484,0,43,81.295,146.575,72.8418,2.2711
oar,484,0,44,81.44,147.715,163.8576,0.3956
oar,484,0,45,81.045,147.1,72.9873,1.4013
oar,485,0,0,81.445,148.59,84.2885,0.1005
oar,485,0,1,81.455,148.49,106.6976,0.1044
oar,485,0,2,81.5,148.4,126.8769,0.1
oar,485,0,3,81.575,148.34,156.0321,0.0985
oar,485,0,4,81.675,148.315,174.8163,0.1105
oar,485,0,5,81.775,148.32,12.5216,0.0922
oar,485,0,6,81.86,148.365,41.191,0.1063
oar,485,0,7,81.925,148.445,60.9429,0.103
oar,485,0,8,81.955,148.54,84.2885,0.1005
oar,485,0,9,81.945,148.64,106.7025,0.1044
oar,485,0,10,81.9,148.73,126.8664,0.1
oar,485,0,11,81.825,148.795,150.9503,0.1029
oar,485,0,12,81.73,148.825,174.2838,0.1005
oar,485,0,13,81.63,148.815,16.6976,0.1044
oar,485,0,14,81.54,148.765,41.191,0.1063
oar,485,0,15,81.475,148.685,60.9429,0.103
oar,486,0,0,80.835,150.735,131.0468,3.4873
oar,486,0,1,82.15,149.55,37.4067,0.428
oar,486,0,2,80.92,151.265,131.4536,4.2295
oar,486,0,3,79.145,151.63,72.9138,2.5527
oar,486,0,4,78.96,150.35,162.475,0.3985
oar,486,0,5,79.42,151.17,72.9431,1.841
oar,487,0,0,79.78,153.63,82.875,0.3225
oar,487,0,1,79.805,153.325,107.2434,0.3036
oar,487,0,2,79.945,153.065,129.5576,0.2983
oar,487,0,3,80.19,152.875,153.4361,0.3354
oar,487,0,4,80.5,152.78,172.8735,0.3225
oar,487,0,5,80.805,152.8,15.4196,0.3008
oar,487,0,6,81.065,152.935,39.5606,0.2983
oar,487,0,7,81.255,153.175,62.6506,0.3265
oar,487,0,8,81.35,153.485,83.0883,0.3324
oar,487,0,9,81.33,153.795,105.4221,0.3008
oar,487,0,10,81.19,154.055,131.0073,0.3048
oar,487,0,11,80.945,154.245,152.6511,0.3265
oar,487,0,12,80.64,154.34,172.8735,0.3225
oar,487,0,13,80.335,154.32,15.4253,0.3008
oar,487,0,14,80.07,154.18,39.8032,0.3124
oar,487,0,15,79.875,153.935,62.6506,0.3265
oar,487,1,0,80.935,153.355,64.9868,0.1656
oar,487,1,1,80.835,153.23,37.5624,0.164
oar,487,1,2,80.69,153.155,17.3596,0.1676
oar,487,1,3,80.525,153.14,173.2937,0.1712
oar,487,1,4,80.365,153.19,151.9227,0.17
oar,487,1,5,80.24,153.295,127.5671,0.164
oar,487,1,6,80.165,153.44,107.3546,0.1676
oar,487,1,7,80.145,153.6,86.423,0.1603
oar,487,1,8,80.195,153.755,59.0341,0.1749
oar,487,1,9,80.305,153.885,40.2332,0.1703
oar,487,1,10,80.45,153.965,17.3596,0.1676
oar,487,1,11,80.615,153.98,173.2836,0.1712
oar,487,1,12,80.775,153.93,151.9317,0.17
oar,487,1,13,80.9,153.825,127.5671,0.164
oar,487,1,14,80.97,153.68,104.0362,0.1649
oar,487,1,15,80.98,153.515,83.2881,0.1712
oar,488,0,0,85.06,158.85,73.0725,1.9233
oar,488,0,1,85.155,159.83,162.0313,0.389
oar,488,0,2,84.755,159.19,72.926,1.4645
oar,488,0,3,83.88,158.69,163.1418,1.3793
oar,488,0,4,83.43,159.57,72.8383,1.4234
oar,488,0,5,83.455,160.31,162.0317,0.389
oar,488,0,6,83.06,159.69,72.8383,1.4234
oar,488,0,7,82.38,159.15,163.4128,0.9808
oar,488,0,8,82.125,159.995,73.0402,1.4741
oar,488,0,9,82.15,160.755,163.8533,0.3956
oar,488,0,10,81.68,159.89,73.0725,1.9233
oar,488,0,11,83.09,158.45,162.8971,3.5364
oar,489,0,0,330.09,322.495,108.8093,2.4192
oar,489,0,1,329.645,323.755,115.5651,0.2549
oar,489,0,2,329.515,323.975,125.5337,0.2581
oar,489,0,3,329.35,324.175,133.4503,0.2617
oar,489,0,4,329.155,324.35,142.6996,0.264
oar,489,0,5,328.92,324.5,151.6976,0.2953
oar,489,0,6,328.655,324.605,165.4635,0.2789
oar,489,0,7,328.385,324.65,175.7662,0.2708
oar,489,0,8,328.115,324.64,8.4291,0.2729
oar,489,0,9,327.855,324.58,17.7419,0.2625
oar,489,0,10,327.615,324.47,31.3301,0.2693
oar,489,0,11,327.395,324.305,42.1391,0.2832
oar,489,0,12,327.205,324.1,52.3049,0.278
oar,489,0,13,327.05,323.855,62.5917,0.3042
oar,489,0,14,326.935,323.59,70.9079,0.2751
oar,489,0,15,326.875,323.325,83.6598,0.2717
oar,489,0,16,326.87,323.06,94.3961,0.2608
oar,489,0,17,326.92,322.805,107.7482,0.2625
oar,489,0,18,327.025,322.565,119.4731,0.2642
oar,489,0,19,327.175,322.335,126.4701,0.286
oar,489,0,20,327.37,322.115,136.3335,0.3041
oar,489,0,21,327.64,322.255,56.8519,0.5852
oar,489,0,22,327.73,322.555,141.8417,0.1781
oar,489,0,23,327.61,322.68,125.5424,0.172
oar,489,0,24,327.52,322.825,118.0695,0.17
oar,489,0,25,327.455,322.98,107.3497,0.1676
oar,489,0,26,327.42,323.145,96.7158,0.1712
oar,489,0,27,327.42,323.31,82.8683,0.1613
oar,489,0,28,327.45,323.475,76.7652,0.1746
oar,489,0,29,327.51,323.635,61.9215,0.17
oar,489,0,30,327.605,323.78,51.8494,0.178
oar,489,0,31,327.725,323.905,40.2315,0.1703
oar,489,0,32,327.87,324.005,29.3645,0.1836
oar,489,0,33,328.03,324.075,17.3497,0.1676
oar,489,0,34,328.2,324.11,6.337,0.1811
oar,489,0,35,328.375,324.115,176.6408,0.1703
oar,489,0,36,328.545,324.09,166.7555,0.1746
oar,489,0,37,328.715,324.03,154.8043,0.1879
oar,489,0,38,328.885,323.91,136.7322,0.2334
oar,489,0,39,329.035,323.73,123.0233,0.2386
oar,489,0,40,329.155,323.52,116.5682,0.246
oar,489,0,41,329.25,323.3,109.9799,0.2341
oar,489,0,42,329.8,321.66,108.4348,3.2255
oar,489,0,43,331.105,321.37,57.3346,2.946
oar,489,0,44,331.685,322.745,147.8774,0.5078
oar,489,0,45,330.975,322.115,57.095,1.8224
oar,490,0,0,332.36,325.135,110.8352,2.6428
oar,490,0,1,331.815,326.525,115.8203,0.3444
oar,490,0,2,331.655,326.82,121.2659,0.3276
oar,490,0,3,331.52,327.03,125.5282,0.172
oar,490,0,4,331.415,327.16,132.5157,0.1628
oar,490,0,5,331.295,327.275,139.7685,0.1703
oar,490,0,6,331.16,327.38,144.4576,0.172
oar,490,0,7,330.955,327.5,152.5917,0.3042
oar,490,0,8,330.68,327.605,165.9682,0.2886
oar,490,0,9,330.395,327.65,176.0507,0.2907
oar,490,0,10,330.11,327.64,8.1319,0.2828
oar,490,0,11,329.83,327.575,17.8165,0.2941
oar,490,0,12,329.565,327.46,29.2514,0.2865
oar,490,0,13,329.33,327.3,39.292,0.2842
oar,490,0,14,329.13,327.095,51.9507,0.2921
oar,490,0,15,328.97,326.84,63.4374,0.313
oar,490,0,16,328.86,326.56,74.0513,0.2912
oar,490,0,17,328.81,326.275,86.0567,0.2907
oar,490,0,18,328.82,325.99,98.1319,0.2828
oar,490,0,19,328.885,325.715,108.433,0.2846
oar,490,0,20,329.005,325.45,119.9826,0.3001
oar,490,0,21,329.175,325.205,129.5587,0.2983
oar,490,0,22,329.395,324.995,142.7648,0.314
oar,490,0,23,329.645,324.835,152.5247,0.2818
oar,490,0,24,329.9,324.73,162.9006,0.272
oar,490,0,25,330.16,324.67,171.2513,0.263
oar,490,0,26,330.425,324.66,4.2338,0.2708
oar,490,0,27,330.69,324.695,10.8903,0.2647
oar,490,0,28,330.94,324.78,26.5621,0.2683
oar,490,0,29,331.165,324.92,37.3057,0.264
oar,490,0,30,331.355,325.105,51.0107,0.2702
oar,490,0,31,331.495,325.315,62.3497,0.2371
oar,490,0,32,331.58,325.53,74.7456,0.228
oar,490,0,33,331.62,325.64,0.0,0.02
oar,490,0,34,331.98,324.685,110.1278,2.0342
oar,490,0,35,332.58,323.815,18.7794,0.5281
oar,490,1,0,331.06,325.58,49.4028,0.1844
oar,490,1,1,330.93,325.45,40.5972,0.1844
oar,490,1,2,330.78,325.345,29.3562,0.1836
oar,490,1,3,330.61,325.27,18.4349,0.1897
oar,490,1,4,330.425,325.225,8.9722,0.1924
oar,490,1,5,330.235,325.21,0.0,0.19
oar,490,1,6,330.045,325.235,165.2601,0.1965
oar,490,1,7,329.855,325.305,154.6475,0.2103
oar,490,1,8,329.685,325.415,139.0901,0.1985
oar,490,1,9,329.55,325.55,130.5972,0.1844
oar,490,1,10,329.445,325.705,117.8944,0.1924
oar,490,1,11,329.375,325.885,104.7508,0.1964
oar,490,1,12,329.34,326.075,96.0057,0.1911
oar,490,1,13,329.335,326.265,86.9843,0.1903
oar,490,1,14,329.37,326.46,73.3024,0.2088
oar,490,1,15,329.445,326.65,63.4349,0.2012
oar,490,1,16,329.55,326.81,49.4028,0.1844
oar,490,1,17,329.68,326.935,38.1506,0.178
oar,490,1,18,329.835,327.035,27.8987,0.1923
oar,490,1,19,330.01,327.105,15.5301,0.1868
oar,490,1,20,330.195,327.14,6.0057,0.1911
oar,490,1,21,330.385,327.14,173.9943,0.1911
oar,490,1,22,330.57,327.105,164.4699,0.1868
oar,490,1,23,330.74,327.04,153.4393,0.1789
oar,490,1,24,330.895,326.94,141.3459,0.1921
oar,490,1,25,331.03,326.81,130.5972,0.1844
oar,490,1,26,331.14,326.66,121.9985,0.1887
oar,490,1,27,331.22,326.495,109.4503,0.1803
oar,490,1,28,331.265,326.315,98.9722,0.1924
oar,490,1,29,331.27,326.125,83.9852,0.1911
oar,490,1,30,331.235,325.935,75.2601,0.1965
oar,490,1,31,331.165,325.745,64.655,0.2102
oar,491,0,0,81.83,485.54,147.3997,4.0833
oar,491,0,1,79.975,486.425,57.8753,0.5077
oar,491,0,2,81.775,484.97,147.3472,4.5964
oar,491,0,3,83.975,484.15,57.75,0.9932
oar,491,0,4,84.115,484.84,114.8424,0.5951
oar,491,0,5,83.77,484.775,56.7062,0.8016
oar,492,0,0,79.92,482.555,147.2816,4.0887
oar,492,0,1,78.06,483.445,56.9295,0.5131
oar,492,0,2,79.855,481.99,147.3472,4.5964
oar,492,0,3,82.06,481.17,57.2646,0.9986
oar,492,0,4,82.2,481.86,115.7101,0.5993
oar,492,0,5,81.855,481.79,57.6927,0.8045
oar,493,0,0,263.91,319.715,81.1866,1.3054
oar,493,0,1,264.07,318.9,146.8228,0.6213
oar,493,0,2,264.705,321.365,81.9004,5.3231
oar,493,0,3,262.845,322.56,32.7935,5.3175
oar,493,0,4,260.87,320.955,147.5983,0.6159
oar,493,0,5,261.675,321.15,33.4469,1.3063
oar,493,0,6,263.115,320.935,147.2812,2.1276
oar,493,1,0,263.385,321.365,147.3689,1.6505
oar,493,1,1,263.545,322.375,33.4565,2.0496
oar,493,1,2,264.24,321.93,80.998,2.0452
oar,494,0,0,262.92,292.03,57.2009,1.0707
oar,494,0,1,263.28,292.605,60.7486,0.2865
oar,494,0,2,263.405,292.86,67.0714,0.2823
oar,494,0,3,263.495,293.13,75.9623,0.2886
oar,494,0,4,263.535,293.405,87.8767,0.2702
oar,494,0,5,263.52,293.675,98.4281,0.273
oar,494,0,6,263.45,293.935,111.8026,0.2693
oar,494,0,7,263.36,294.12,123.6867,0.1442
oar,494,0,8,263.275,294.235,129.292,0.1421
oar,494,0,9,263.17,294.345,137.4843,0.1628
oar,494,0,10,263.045,294.45,142.4308,0.164
oar,494,0,11,262.89,294.545,153.4349,0.2012
oar,494,0,12,262.7,294.62,163.3024,0.2088
oar,494,0,13,262.5,294.665,171.4701,0.2022
oar,494,0,14,262.3,294.68,0.0,0.2
oar,494,0,15,262.105,294.665,8.9722,0.1924
oar,494,0,16,261.915,294.615,20.2266,0.2025
oar,494,0,17,261.735,294.53,30.4651,0.1972
oar,494,0,18,261.575,294.415,40.9166,0.1985
oar,494,0,19,261.495,294.35,0.0,0.01
oar,494,0,20,261.49,294.48,90.0,0.26
oar,494,0,21,261.44,294.735,111.7966,0.2692
oar,494,0,22,261.315,294.97,124.2911,0.2663
oar,494,0,23,261.14,295.165,139.6306,0.2625
oar,494,0,24,260.96,295.295,150.6438,0.1836
oar,494,0,25,260.8,295.375,156.3781,0.1746
oar,494,0,26,260.645,295.43,165.065,0.1552
oar,494,0,27,260.5,295.465,167.9069,0.1432
oar,494,0,28,260.295,295.475,2.1168,0.2702
oar,494,0,29,260.035,295.425,19.8043,0.2657
oar,494,0,30,259.795,295.31,31.3246,0.2693
oar,494,0,31,259.57,295.145,40.8153,0.2907
oar,494,0,32,259.365,294.935,50.4458,0.2983
oar,494,0,33,259.18,294.69,55.2993,0.3162
oar,494,0,34,258.93,294.315,56.856,0.5852
oar,494,0,35,260.7,292.825,147.1748,4.5934
oar,494,1,0,259.565,294.365,55.3069,0.1581
oar,494,1,1,259.665,294.505,53.7487,0.186
oar,494,1,2,259.775,294.65,51.8417,0.1781
oar,494,1,3,259.89,294.78,45.0,0.1697
oar,494,1,4,260.02,294.88,29.7435,0.1612
oar,494,1,5,260.16,294.94,15.947,0.1456
oar,494,1,6,260.31,294.96,0.0,0.16
oar,494,1,7,260.48,294.94,167.4681,0.1844
oar,494,1,8,260.665,294.865,149.935,0.2195
oar,494,1,9,260.85,294.745,144.1602,0.222
oar,494,1,10,261.0,294.605,128.6598,0.1921
oar,494,1,11,261.09,294.455,111.7974,0.1616
oar,494,1,12,261.13,294.305,97.6023,0.1513
oar,494,1,13,261.13,294.15,82.8683,0.1613
oar,494,1,14,261.095,293.99,72.6503,0.1676
oar,494,1,15,261.03,293.83,63.4262,0.1789
oar,494,1,16,260.94,293.665,59.5425,0.1972
oar,494,1,17,260.85,293.525,53.9632,0.136
oar,494,1,18,260.165,293.885,147.2423,1.5339
oar,494,2,0,261.265,293.375,56.7687,0.3467
oar,494,2,1,261.41,293.595,56.3153,0.1803
oar,494,2,2,261.52,293.745,51.3331,0.1921
oar,494,2,3,261.65,293.885,42.8832,0.191
oar,494,2,4,261.8,294.0,32.0064,0.1887
oar,494,2,5,261.965,294.085,22.3807,0.1839
oar,494,2,6,262.14,294.135,9.4623,0.1825
oar,494,2,7,262.325,294.13,168.109,0.1942
oar,494,2,8,262.52,294.065,155.7712,0.2193
oar,494,2,9,262.71,293.945,140.1992,0.2343
oar,494,2,10,262.855,293.795,126.2513,0.186
oar,494,2,11,262.945,293.635,112.3807,0.1839
oar,494,2,12,262.99,293.465,96.7057,0.1712
oar,494,2,13,262.99,293.295,83.2931,0.1712
oar,494,2,14,262.95,293.125,70.5621,0.1803
oar,494,2,15,262.885,292.955,67.6157,0.1838
oar,494,2,16,262.8,292.785,59.5349,0.1972
oar,494,2,17,262.64,292.525,57.848,0.4134
oar,494,2,18,261.85,292.79,147.0943,1.6199
oar,495,0,0,203.5,358.485,81.1872,1.3054
oar,495,0,1,203.66,357.675,147.6002,0.6159
oar,495,0,2,204.295,360.14,81.8851,5.3132
oar,495,0,3,202.435,361.335,32.7028,5.312
oar,495,0,4,200.46,359.73,146.82,0.6213
oar,495,0,5,201.265,359.92,33.4465,1.3063
oar,495,0,6,202.705,359.705,147.281,2.1276
oar,495,1,0,202.975,360.135,147.3694,1.6505
oar,495,1,1,203.135,361.145,33.4575,2.0496
oar,495,1,2,203.83,360.7,80.9985,2.0452
oar,496,0,0,196.555,386.45,171.1872,1.3054
oar,496,0,1,197.37,386.61,56.8208,0.6213
oar,496,0,2,194.91,387.255,171.6719,5.3161
oar,496,0,3,193.705,385.395,122.4052,5.3181
oar,496,0,4,195.3,383.41,56.8212,0.6213
oar,496,0,5,195.115,384.22,122.8399,1.3092
oar,496,0,6,195.335,385.66,57.1349,2.1192
oar,496,1,0,194.905,385.935,57.3691,1.6505
oar,496,1,1,193.9,386.095,123.224,2.0441
oar,496,1,2,194.345,386.79,170.9545,2.0353
oar,497,0,0,197.47,389.455,108.8094,2.4192
oar,497,0,1,197.03,390.715,113.4988,0.2508
oar,497,0,2,196.905,390.935,125.5377,0.2581
oar,497,0,3,196.74,391.135,133.4527,0.2617
oar,497,0,4,196.545,391.31,142.6943,0.264
oar,497,0,5,196.31,391.46,151.6988,0.2953
oar,497,0,6,196.045,391.57,163.4955,0.2816
oar,497,0,7,195.775,391.62,175.7628,0.2707
oar,497,0,8,195.505,391.61,8.4286,0.273
oar,497,0,9,195.245,391.545,19.7981,0.2657
oar,497,0,10,195.005,391.435,29.4773,0.2642
oar,497,0,11,194.785,391.275,42.1391,0.2832
oar,497,0,12,194.595,391.07,52.3037,0.278
oar,497,0,13,194.435,390.825,60.9454,0.3089
oar,497,0,14,194.32,390.56,72.8975,0.272
oar,497,0,15,194.265,390.295,83.6598,0.2717
oar,497,0,16,194.26,390.035,94.5749,0.2508
oar,497,0,17,194.305,389.785,105.6406,0.2596
oar,497,0,18,194.405,389.54,118.4433,0.273
oar,497,0,19,194.555,389.305,126.4694,0.286
oar,497,0,20,194.75,389.085,136.3315,0.3041
oar,497,0,21,195.02,389.225,56.8527,0.5852
oar,497,0,22,195.115,389.525,139.7645,0.1703
oar,497,0,23,194.995,389.65,128.1575,0.178
oar,497,0,24,194.9,389.795,118.074,0.17
oar,497,0,25,194.84,389.95,104.0337,0.1649
oar,497,0,26,194.81,390.115,96.7113,0.1712
oar,497,0,27,194.805,390.28,86.4257,0.1603
oar,497,0,28,194.835,390.445,73.6093,0.1772
oar,497,0,29,194.895,390.605,64.9799,0.1655
oar,497,0,30,194.99,390.75,49.3997,0.1844
oar,497,0,31,195.115,390.875,40.2355,0.1703
oar,497,0,32,195.26,390.97,26.5672,0.1789
oar,497,0,33,195.42,391.04,20.5548,0.1709
oar,497,0,34,195.59,391.08,6.3413,0.1811
oar,497,0,35,195.765,391.085,176.6353,0.1703
oar,497,0,36,195.935,391.055,163.6093,0.1772
oar,497,0,37,196.1,390.99,153.4349,0.1789
oar,497,0,38,196.27,390.875,140.1944,0.2343
oar,497,0,39,196.425,390.695,121.7596,0.247
oar,497,0,40,196.54,390.48,114.4419,0.2417
oar,497,0,41,196.63,390.26,109.9834,0.2341
oar,497,0,42,197.175,388.62,108.2664,3.2224
oar,497,0,43,198.48,388.325,57.0661,2.9429
oar,497,0,44,199.065,389.7,146.929,0.5131
oar,497,0,45,198.355,389.075,57.0946,1.8224
oar,498,0,0,318.555,316.44,171.1866,1.3054
oar,498,0,1,319.37,316.6,56.8228,0.6213
oar,498,0,2,316.91,317.245,171.6719,5.3161
oar,498,0,3,315.705,315.385,122.4052,5.3181
oar,498,0,4,317.3,313.4,56.8212,0.6213
oar,498,0,5,317.115,314.21,122.8399,1.3092
oar,498,0,6,317.335,315.65,57.1349,2.1192
oar,498,1,0,316.91,315.925,57.0767,1.6559
oar,498,1,1,315.9,316.085,123.2236,2.0441
oar,498,1,2,316.35,316.78,170.9981,2.0452
oar,499,0,0,318.635,319.23,147.0878,4.0857
oar,499,0,1,320.49,318.335,56.929,0.5131
oar,499,0,2,318.7,319.8,147.07,4.5989
oar,499,0,3,316.5,320.63,57.2642,0.9986
oar,499,0,4,316.36,319.935,115.3027,0.6084
oar,499,0,5,316.705,320.0,57.6928,0.8045
oar,500,0,0,235.17,249.24,57.2002,1.0707
oar,500,0,1,235.53,249.815,60.7513,0.2865
oar,500,0,2,235.655,250.07,67.0686,0.2823
oar,500,0,3,235.745,250.335,75.4666,0.2789
oar,500,0,4,235.785,250.61,87.9526,0.2802
oar,500,0,5,235.77,250.88,98.7477,0.2631
oar,500,0,6,235.7,251.14,111.035,0.2786
oar,500,0,7,235.61,251.33,123.6917,0.1442
oar,500,0,8,235.525,251.445,129.292,0.1421
oar,500,0,9,235.42,251.555,137.4879,0.1628
oar,500,0,10,235.29,251.66,144.4606,0.172
oar,500,0,11,235.13,251.755,153.4349,0.2012
oar,500,0,12,234.945,251.83,162.4753,0.1993
oar,500,0,13,234.75,251.875,171.4694,0.2022
oar,500,0,14,234.55,251.89,0.0,0.2
oar,500,0,15,234.355,251.875,8.9722,0.1924
oar,500,0,16,234.165,251.825,20.2266,0.2025
oar,500,0,17,233.985,251.74,30.4673,0.1972
oar,500,0,18,233.825,251.625,40.9137,0.1985
oar,500,0,19,233.745,251.56,0.0,0.01
oar,500,0,20,233.74,251.69,90.0,0.26
oar,500,0,21,233.69,251.945,111.8026,0.2693
oar,500,0,22,233.56,252.18,126.0252,0.272
oar,500,0,23,233.385,252.375,138.1779,0.255
oar,500,0,24,233.205,252.505,152.1034,0.1924
oar,500,0,25,233.045,252.585,154.9917,0.1655
oar,500,0,26,232.895,252.64,165.065,0.1552
oar,500,0,27,232.75,252.675,167.9057,0.1432
oar,500,0,28,232.545,252.685,2.1167,0.2702
oar,500,0,29,232.285,252.635,19.8043,0.2657
oar,500,0,30,232.045,252.52,31.3263,0.2692
oar,500,0,31,231.82,252.355,40.8153,0.2907
oar,500,0,32,231.615,252.145,50.4413,0.2983
oar,500,0,33,231.43,251.9,55.3038,0.3162
oar,500,0,34,231.18,251.525,56.8535,0.5853
oar,500,0,35,232.95,250.035,147.1749,4.5934
oar,500,1,0,231.815,251.575,55.3069,0.1581
oar,500,1,1,231.915,251.715,53.7449,0.186
oar,500,1,2,232.025,251.86,51.8455,0.1781
oar,500,1,3,232.14,251.99,44.9964,0.1697
oar,500,1,4,232.27,252.09,29.7408,0.1612
oar,500,1,5,232.41,252.15,15.9487,0.1456
oar,500,1,6,232.56,252.17,0.0,0.16
oar,500,1,7,232.73,252.15,167.4691,0.1844
oar,500,1,8,232.915,252.075,149.935,0.2195
oar,500,1,9,233.1,251.955,144.1602,0.222
oar,500,1,10,233.25,251.815,128.6598,0.1921
oar,500,1,11,233.34,251.665,111.8024,0.1616
oar,500,1,12,233.38,251.515,97.5908,0.1513
oar,500,1,13,233.38,251.36,82.879,0.1612
oar,500,1,14,233.345,251.2,72.6454,0.1676
oar,500,1,15,233.28,251.04,63.4306,0.1789
oar,500,1,16,233.19,250.875,59.5349,0.1972
oar,500,1,17,233.1,250.735,53.9684,0.136
oar,500,1,18,232.415,251.095,147.2426,1.5339
oar,500,2,0,233.51,250.585,58.1722,0.3413
oar,500,2,1,233.655,250.805,53.7449,0.186
oar,500,2,2,233.77,250.955,51.3402,0.1921
oar,500,2,3,233.9,251.095,42.8801,0.1911
oar,500,2,4,234.05,251.21,32.0064,0.1887
oar,500,2,5,234.21,251.295,23.6311,0.1746
oar,500,2,6,234.38,251.345,9.4623,0.1825
oar,500,2,7,234.57,251.34,168.6875,0.204
oar,500,2,8,234.77,251.275,155.7744,0.2193
oar,500,2,9,234.96,251.155,140.1944,0.2343
oar,500,2,10,235.105,251.005,126.2551,0.186
oar,500,2,11,235.195,250.845,112.3807,0.1839
oar,500,2,12,235.24,250.675,96.7057,0.1712
oar,500,2,13,235.24,250.505,83.2931,0.1712
oar,500,2,14,235.2,250.335,70.5575,0.1803
oar,500,2,15,235.135,250.165,67.6201,0.1838
oar,500,2,16,235.05,249.995,59.5349,0.1972
oar,500,2,17,234.885,249.735,56.6903,0.4188
oar,500,2,18,234.095,250.0,146.9016,1.6115
oar,501,0,0,222.94,230.19,57.2002,1.0707
oar,501,0,1,223.305,230.765,59.0373,0.2915
oar,501,0,2,223.43,231.02,68.962,0.2786
oar,501,0,3,223.515,231.29,75.9652,0.2886
oar,501,0,4,223.56,231.565,85.7625,0.2707
oar,501,0,5,223.55,231.835,98.425,0.273
oar,501,0,6,223.475,232.095,113.7496,0.2731
oar,501,0,7,223.385,232.28,120.2601,0.1389
oar,501,0,8,223.3,232.395,132.2749,0.1486
oar,501,0,9,223.19,232.505,137.4879,0.1628
oar,501,0,10,223.065,232.61,142.4275,0.164
oar,501,0,11,222.91,232.705,153.4369,0.2013
oar,501,0,12,222.725,232.78,162.4753,0.1993
oar,501,0,13,222.53,232.825,171.4694,0.2022
oar,501,0,14,222.33,232.84,0.0,0.2
oar,501,0,15,222.13,232.825,8.5306,0.2022
oar,501,0,16,221.935,232.775,20.2266,0.2025
oar,501,0,17,221.755,232.69,30.4673,0.1972
oar,501,0,18,221.6,232.575,42.8801,0.1911
oar,501,0,19,221.525,232.51,0.0,0.01
oar,501,0,20,221.515,232.64,92.2013,0.2602
oar,501,0,21,221.465,232.895,109.7981,0.2657
oar,501,0,22,221.34,233.13,126.0278,0.272
oar,501,0,23,221.16,233.325,139.6328,0.2625
oar,501,0,24,220.98,233.455,150.6438,0.1836
oar,501,0,25,220.82,233.535,156.3781,0.1746
oar,501,0,26,220.665,233.59,165.065,0.1552
oar,501,0,27,220.52,233.625,167.9057,0.1432
oar,501,0,28,220.315,233.635,2.1167,0.2702
oar,501,0,29,220.055,233.585,19.8043,0.2657
oar,501,0,30,219.815,233.47,31.3263,0.2692
oar,501,0,31,219.595,233.305,42.137,0.2832
oar,501,0,32,219.39,233.095,48.9927,0.3048
oar,501,0,33,219.2,232.85,55.3038,0.3162
oar,501,0,34,218.95,232.475,56.8535,0.5853
oar,501,0,35,220.72,230.985,147.1749,4.5934
oar,501,1,0,219.59,232.525,58.3929,0.1526
oar,501,1,1,219.685,232.665,53.7449,0.186
oar,501,1,2,219.795,232.81,51.8455,0.1781
oar,501,1,3,219.915,232.94,42.7072,0.1769
oar,501,1,4,220.045,233.04,31.6022,0.1526
oar,501,1,5,220.185,233.1,14.935,0.1552
oar,501,1,6,220.34,233.12,0.0,0.16
oar,501,1,7,220.505,233.1,166.7566,0.1746
oar,501,1,8,220.69,233.025,151.1921,0.2282
oar,501,1,9,220.875,232.905,142.5933,0.214
oar,501,1,10,221.02,232.765,128.6598,0.1921
oar,501,1,11,221.11,232.615,111.8024,0.1616
oar,501,1,12,221.15,232.465,97.5908,0.1513
oar,501,1,13,221.15,232.31,82.879,0.1612
oar,501,1,14,221.115,232.15,72.6454,0.1676
oar,501,1,15,221.05,231.99,63.4306,0.1789
oar,501,1,16,220.96,231.825,59.5349,0.1972
oar,501,1,17,220.87,231.685,53.9684,0.136
oar,501,1,18,220.19,232.045,147.0395,1.5255
oar,501,2,0,221.285,231.535,56.7687,0.3467
oar,501,2,1,221.43,231.755,56.3072,0.1803
oar,501,2,2,221.545,231.905,49.0834,0.1985
oar,501,2,3,221.68,232.045,42.8801,0.1911
oar,501,2,4,221.825,232.16,33.6928,0.1803
oar,501,2,5,221.985,232.245,22.3825,0.1838
oar,501,2,6,222.16,232.295,9.4615,0.1825
oar,501,2,7,222.345,232.29,168.1081,0.1942
oar,501,2,8,222.54,232.225,155.7744,0.2193
oar,501,2,9,222.73,232.105,140.1944,0.2343
oar,501,2,10,222.88,231.955,128.6598,0.1921
oar,501,2,11,222.97,231.795,109.4425,0.1803
oar,501,2,12,223.01,231.625,96.7057,0.1712
oar,501,2,13,223.01,231.455,83.2931,0.1712
oar,501,2,14,222.975,231.285,73.6107,0.1772
oar,501,2,15,222.91,231.115,64.7962,0.1879
oar,501,2,16,222.82,230.945,59.5349,0.1972
oar,501,2,17,222.66,230.685,57.848,0.4134
oar,501,2,18,221.87,230.95,147.0946,1.6199
oar,502,0,0,112.165,452.3,171.1872,1.3054
oar,502,0,1,112.975,452.46,57.6002,0.6159
oar,502,0,2,110.51,453.105,171.6719,5.3161
oar,502,0,3,109.31,451.245,122.496,5.3235
oar,502,0,4,110.91,449.265,57.3197,0.6297
oar,502,0,5,110.72,450.075,123.4469,1.3063
oar,502,0,6,110.94,451.51,56.9082,2.1246
oar,502,1,0,110.51,451.79,56.8887,1.6475
oar,502,1,1,109.5,451.95,123.3779,2.0358
oar,502,1,2,109.95,452.64,170.9985,2.0452
oar,503,0,0,112.23,455.38,56.3083,0.2163
oar,503,0,1,112.355,455.535,45.0017,0.1838
oar,503,0,2,112.495,455.65,33.6914,0.1803
oar,503,0,3,112.65,455.735,23.6275,0.1746
oar,503,0,4,112.815,455.78,6.711,0.1712
oar,503,0,5,112.99,455.785,176.8219,0.1803
oar,503,0,6,113.17,455.755,164.4744,0.1868
oar,503,0,7,113.355,455.68,152.2403,0.2147
oar,503,0,8,113.52,455.575,141.8425,0.178
oar,503,0,9,113.65,455.45,130.6021,0.1844
oar,503,0,10,113.75,455.305,118.074,0.17
oar,503,0,11,113.82,455.15,110.5548,0.1709
oar,503,0,12,113.86,454.99,97.1237,0.1612
oar,503,0,13,113.865,454.82,86.8218,0.1803
oar,503,0,14,113.835,454.645,73.6093,0.1772
oar,503,0,15,113.765,454.48,60.6438,0.1836
oar,503,0,16,113.675,454.335,55.3047,0.1581
oar,503,0,17,113.57,454.215,42.51,0.1628
oar,503,0,18,113.445,454.115,34.6946,0.1581
oar,503,0,19,113.31,454.04,23.1978,0.1523
oar,503,0,20,113.165,453.99,14.9343,0.1552
oar,503,0,21,113.015,453.965,3.8119,0.1503
oar,503,0,22,112.86,453.975,169.3805,0.1628
oar,503,0,23,112.705,454.015,161.5642,0.1581
oar,503,0,24,112.475,453.81,56.0241,0.5547
oar,503,0,25,112.445,453.52,154.3599,0.2773
oar,503,0,26,112.7,453.435,169.1139,0.2648
oar,503,0,27,112.955,453.41,0.0,0.25
oar,503,0,28,113.2,453.435,11.7691,0.2452
oar,503,0,29,113.44,453.51,22.6213,0.26
oar,503,0,30,113.665,453.63,33.6901,0.2524
oar,503,0,31,113.87,453.785,40.3636,0.2625
oar,503,0,32,114.05,453.98,53.9735,0.272
oar,503,0,33,114.2,454.22,61.6988,0.2953
oar,503,0,34,114.315,454.485,71.5646,0.2846
oar,503,0,35,114.38,454.755,81.573,0.273
oar,503,0,36,114.39,455.02,94.3997,0.2608
oar,503,0,37,114.34,455.275,107.7451,0.2625
oar,503,0,38,114.235,455.52,118.4419,0.273
oar,503,0,39,114.08,455.745,130.6025,0.2766
oar,503,0,40,113.87,455.945,141.6319,0.3061
oar,503,0,41,113.67,456.09,147.9936,0.1887
oar,503,0,42,113.51,456.175,156.3725,0.1746
oar,503,0,43,113.345,456.235,163.61,0.1772
oar,503,0,44,113.18,456.275,169.3805,0.1628
oar,503,0,45,113.015,456.29,0.0,0.17
oar,503,0,46,112.85,456.28,7.1264,0.1612
oar,503,0,47,112.685,456.25,13.2385,0.1746
oar,503,0,48,112.52,456.195,23.6311,0.1746
oar,503,0,49,112.42,456.31,97.5933,0.3027
oar,503,0,50,112.34,456.595,113.9626,0.2955
oar,503,0,51,112.24,456.795,121.6071,0.1526
oar,503,0,52,112.15,456.915,132.2771,0.1486
oar,503,0,53,112.04,457.025,137.49,0.1628
oar,503,0,54,111.91,457.13,144.4606,0.172
oar,503,0,55,111.72,457.24,153.4357,0.2683
oar,503,0,56,111.475,457.34,162.2549,0.2625
oar,503,0,57,111.23,457.385,177.6117,0.2402
oar,503,0,58,110.99,457.375,7.1246,0.2419
oar,503,0,59,110.76,457.32,19.9841,0.2341
oar,503,0,60,110.545,457.215,31.7596,0.247
oar,503,0,61,110.345,457.065,41.8206,0.2549
oar,503,0,62,110.17,456.875,52.6963,0.264
oar,503,0,63,110.025,456.65,61.5566,0.2729
oar,503,0,64,109.915,456.41,69.4436,0.2563
oar,503,0,65,109.85,456.175,80.1356,0.2334
oar,503,0,66,109.835,455.945,92.4881,0.2302
oar,503,0,67,109.865,455.72,102.8058,0.2256
oar,503,0,68,109.94,455.505,115.4623,0.2326
oar,503,0,69,110.065,455.295,125.5371,0.2581
oar,503,0,70,110.235,455.095,135.0023,0.2687
oar,503,0,71,110.485,455.235,56.5916,0.563
oar,503,0,72,110.59,455.525,132.2731,0.1487
oar,503,0,73,110.5,455.635,126.0278,0.136
oar,503,0,74,110.435,455.755,111.038,0.1393
oar,503,0,75,110.395,455.88,104.0362,0.1237
oar,503,0,76,110.375,456.01,94.0865,0.1404
oar,503,0,77,110.38,456.145,81.2523,0.1315
oar,503,0,78,110.41,456.275,72.8975,0.136
oar,503,0,79,110.47,456.41,60.2568,0.1612
oar,503,0,80,110.56,456.545,52.4308,0.164
oar,503,0,81,110.67,456.66,39.8041,0.1562
oar,503,0,82,110.795,456.75,31.6071,0.1526
oar,503,0,83,110.93,456.815,19.655,0.1487
oar,503,0,84,111.075,456.85,7.5962,0.1513
oar,503,0,85,111.225,456.85,172.4034,0.1513
oar,503,0,86,111.38,456.82,165.9612,0.1649
oar,503,0,87,111.535,456.76,151.9272,0.17
oar,503,0,88,111.685,456.66,141.3402,0.1921
oar,503,0,89,111.81,456.535,127.5692,0.164
oar,503,0,90,111.89,456.4,113.1978,0.1523
oar,503,0,91,111.935,456.255,101.3099,0.153
oar,503,0,92,111.945,456.105,86.185,0.1503
oar,503,0,93,111.915,455.95,72.6478,0.1676
oar,503,0,94,111.86,455.79,69.4452,0.1709
oar,503,0,95,111.785,455.635,59.0341,0.1749
oar,503,0,96,111.955,455.425,147.8746,0.5077
oar,504,0,0,140.67,398.815,81.1872,1.3054
oar,504,0,1,140.83,398.0,146.8208,0.6213
oar,504,0,2,141.465,400.465,81.9003,5.3231
oar,504,0,3,139.605,401.66,32.7935,5.3175
oar,504,0,4,137.63,400.055,147.5995,0.6159
oar,504,0,5,138.435,400.245,33.0792,1.3009
oar,504,0,6,139.875,400.03,147.508,2.1222
oar,504,1,0,140.15,400.455,147.181,1.6421
oar,504,1,1,140.31,401.465,33.6124,2.0413
oar,504,1,2,141.0,401.02,80.9985,2.0452
oar,505,0,0,84.15,481.43,16.699,0.8352
oar,506,0,0,84.495,481.96,97.6405,0.8273
oar,507,0,0,84.76,479.04,16.574,5.2585
oar,508,0,0,86.88,482.655,97.9481,5.7856
oar,509,0,0,87.495,477.29,16.543,5.2681
oar,510,0,0,89.565,481.245,98.0801,6.4743
oar,511,0,0,90.225,475.53,16.543,5.2681
oar,512,0,0,92.3,479.485,97.9924,6.4729
oar,513,0,0,92.955,473.78,16.543,5.2681
oar,514,0,0,95.03,477.735,97.9924,6.4729
oar,515,0,0,95.695,472.025,16.6472,5.2709
oar,516,0,0,97.765,475.985,98.0801,6.4743
oar,517,0,0,98.425,470.27,16.543,5.2681
oar,518,0,0,100.495,474.225,98.0801,6.4743
oar,519,0,0,101.155,468.52,16.543,5.2681
oar,520,0,0,103.23,472.475,97.9924,6.4729
oar,521,0,0,103.885,466.76,16.543,5.2681
oar,522,0,0,105.96,470.715,97.9924,6.4729
oar,523,0,0,106.625,465.01,16.543,5.2681
oar,524,0,0,108.695,468.965,98.0801,6.4743
oar,525,0,0,109.355,463.255,16.6471,5.2709
oar,526,0,0,111.43,467.21,98.0047,6.463
oar,527,0,0,112.085,461.5,16.543,5.2681
oar,528,0,0,114.16,465.455,97.9924,6.4729
oar,529,0,0,214.875,309.375,58.3717,1.7734
oar,529,0,1,213.545,308.475,9.5153,1.7541
oar,529,0,2,213.29,307.68,133.1813,1.7828
oar,529,0,3,213.83,306.13,85.5526,1.8054
oar,529,0,4,214.55,305.59,24.4986,1.7363
oar,529,0,5,216.135,305.625,157.7652,1.7177
oar,529,0,6,216.855,306.165,94.9553,1.7365
oar,529,0,7,217.36,307.68,48.2575,1.7423
oar,529,0,8,217.075,308.475,170.4847,1.7541
oar,530,0,0,216.17,307.81,112.3803,0.7354
oar,530,0,1,215.685,308.295,157.2029,0.7485
oar,530,0,2,215.0,308.295,23.0977,0.7393
oar,530,0,3,214.515,307.81,66.9023,0.7393
oar,530,0,4,214.515,307.125,112.7971,0.7485
oar,530,0,5,215.0,306.64,157.6197,0.7354
oar,530,0,6,215.685,306.64,22.087,0.7446
oar,530,0,7,216.17,307.125,67.913,0.7446
oar,531,0,0,226.69,391.69,112.3067,0.8431
oar,531,0,1,226.14,392.24,157.6933,0.8431
oar,531,0,2,225.365,392.24,22.5678,0.8338
oar,531,0,3,224.82,391.69,67.6933,0.8431
oar,531,0,4,224.82,390.915,112.5674,0.8339
oar,531,0,5,225.365,390.37,157.4332,0.8338
oar,531,0,6,226.14,390.37,22.3057,0.8431
oar,531,0,7,226.69,390.915,67.4326,0.8339
oar,532,0,0,8.85,359.6167,0.0,7.7
oar,532,0,1,8.85,359.6167,0.0,7.7
oar,533,0,0,5.0,299.3083,90.0,120.6167
oar,533,0,1,8.85,239.0,0.0,7.7
oar,533,0,2,12.7,299.3083,90.0,120.6167
oar,533,0,3,8.85,359.6167,0.0,7.7
oar,534,0,0,378.21,239.0,0.0,7.7
oar,534,0,1,378.21,239.0,0.0,7.7
oar,535,0,0,382.06,299.3083,90.0,120.6167
oar,535,0,1,378.56,359.6167,0.0,7.0
oar,535,0,2,375.06,299.3083,90.0,120.6167
oar,535,0,3,378.56,239.0,0.0,7.0
