airport,object_id,subpath_index,edge_index,mid_x,mid_y,angle,length
mcw,0,0,0,283.38,295.19,90.0,0.12
mcw,0,0,1,283.38,295.19,90.0,0.12
mcw,1,0,0,283.33,296.925,91.7099,3.3515
mcw,1,0,1,283.33,302.225,89.2097,7.2507
mcw,1,0,2,282.66,304.81,55.305,2.5298
mcw,1,0,3,281.51,303.2,52.9697,1.428
mcw,1,0,4,280.535,302.125,42.8179,1.486
mcw,1,0,5,278.79,300.97,28.4428,2.7295
mcw,1,0,6,273.55,298.025,29.5996,9.2927
mcw,1,0,7,267.81,294.73,30.4656,3.9446
mcw,1,0,8,265.715,293.475,32.8453,0.9403
mcw,1,0,9,264.64,292.785,32.6068,1.6145
mcw,1,0,10,263.425,292.025,31.278,1.2519
mcw,1,0,11,262.515,291.525,25.0173,0.8276
mcw,1,0,12,262.075,291.365,167.0064,0.1334
mcw,1,0,13,261.96,291.41,149.0388,0.1166
mcw,1,0,14,261.85,291.49,140.1916,0.1562
mcw,1,0,15,261.64,291.69,135.0029,0.4243
mcw,1,0,16,261.395,292.365,100.2552,1.0671
mcw,1,0,17,261.285,293.43,91.5911,1.0804
mcw,1,0,18,261.21,382.47,90.0389,177.0
mcw,1,0,19,261.16,472.755,89.6787,3.57
mcw,1,0,20,261.17,476.065,90.0,3.05
mcw,1,0,21,261.67,479.48,75.1818,3.91
mcw,1,0,22,263.52,483.095,51.9532,4.3809
mcw,1,0,23,266.34,486.24,44.0088,4.0877
mcw,1,0,24,268.995,488.84,44.8789,3.3446
mcw,1,0,25,270.92,490.68,41.7291,1.9831
mcw,1,0,26,272.675,491.96,31.4183,2.3788
mcw,1,0,27,274.465,492.965,26.4173,1.7307
mcw,1,0,28,276.515,493.525,7.815,2.5739
mcw,1,0,29,278.635,493.67,177.9668,1.6911
mcw,1,0,30,280.04,493.315,149.8711,1.2949
mcw,1,0,31,281.085,492.575,139.4474,1.2766
mcw,1,0,32,281.905,491.79,132.1569,0.9982
mcw,1,0,33,282.38,491.24,127.8778,0.4561
mcw,1,0,34,282.6,490.905,117.2958,0.3488
mcw,1,0,35,282.645,494.47,90.5389,7.4403
mcw,1,0,36,281.255,498.11,3.3789,2.7147
mcw,1,0,37,278.505,497.99,1.6425,2.7911
mcw,1,0,38,275.715,497.785,6.7456,2.8095
mcw,1,0,39,272.945,497.075,21.6215,2.9581
mcw,1,0,40,270.355,495.72,33.6901,2.9205
mcw,1,0,41,268.15,494.085,39.8056,2.5774
mcw,1,0,42,265.135,491.285,44.2839,5.6573
mcw,1,0,43,261.405,487.49,46.8685,4.9878
mcw,1,0,44,258.755,483.91,61.7671,3.9953
mcw,1,0,45,257.365,480.835,71.3043,2.7765
mcw,1,0,46,256.78,477.94,84.9364,3.1724
mcw,1,0,47,256.66,474.67,90.6777,3.3802
mcw,1,0,48,256.815,384.055,90.087,177.8502
mcw,1,0,49,256.95,295.01,90.0,0.24
mcw,1,0,50,256.89,292.47,88.5798,4.8415
mcw,1,0,51,256.71,289.61,74.7432,0.9121
mcw,1,0,52,256.39,288.775,63.1462,0.8855
mcw,1,0,53,256.045,288.26,39.6102,0.3764
mcw,1,0,54,255.44,287.8,36.4702,1.144
mcw,1,0,55,254.46,287.08,36.1572,1.2881
mcw,1,0,56,253.305,286.325,30.5642,1.4749
mcw,1,0,57,251.84,285.385,34.2441,2.0081
mcw,1,0,58,209.11,260.665,29.9631,96.728
mcw,1,0,59,165.585,235.575,29.9154,3.7496
mcw,1,0,60,162.945,234.435,11.4186,2.071
mcw,1,0,61,160.835,234.275,177.6468,2.1919
mcw,1,0,62,158.86,233.59,39.6778,2.2868
mcw,1,0,63,158.74,232.155,137.1504,2.0733
mcw,1,0,64,163.135,229.075,146.8406,8.6842
mcw,1,0,65,166.87,226.76,30.9631,0.2332
mcw,1,0,66,167.095,227.065,62.9687,0.5501
mcw,1,0,67,167.215,227.77,90.6224,0.9201
mcw,1,0,68,167.08,228.405,126.606,0.436
mcw,1,0,69,166.975,229.985,88.9809,2.8104
mcw,1,0,70,174.855,235.94,30.0814,18.1553
mcw,1,0,71,218.275,261.025,30.0019,82.1354
mcw,1,0,72,256.965,283.35,29.8042,7.2027
mcw,1,0,73,268.25,289.89,30.204,18.8837
mcw,1,0,74,277.835,295.47,30.2185,3.2982
mcw,1,0,75,280.26,296.26,177.7098,2.0016
mcw,1,0,76,282.005,295.47,134.8082,2.1143
mcw,1,0,77,282.985,294.74,4.8655,0.4717
mcw,1,0,78,283.3,295.005,71.9158,0.5155
mcw,2,0,0,160.75,191.205,140.8644,1.315
mcw,2,0,1,159.92,192.27,116.211,1.449
mcw,2,0,2,159.585,193.64,91.1934,1.4403
mcw,2,0,3,159.825,194.965,67.1446,1.3131
mcw,2,0,4,160.55,196.03,44.3847,1.3153
mcw,2,0,5,161.7,196.74,20.1858,1.449
mcw,2,0,6,163.1,196.925,174.8413,1.4459
mcw,2,0,7,164.395,196.535,150.5245,1.321
mcw,2,0,8,169.5,193.01,144.7624,11.0925
mcw,2,0,9,174.815,190.97,55.9131,2.8013
mcw,2,0,10,174.975,192.57,144.8543,1.5287
mcw,2,0,11,170.29,196.075,142.9499,10.174
mcw,2,0,12,164.905,200.67,130.8929,4.048
mcw,2,0,13,163.5,204.005,92.5378,3.6135
mcw,2,0,14,163.295,205.815,177.7072,0.2502
mcw,2,0,15,163.325,209.41,87.5278,7.1867
mcw,2,0,16,163.47,213.595,90.9631,1.1902
mcw,2,0,17,163.44,214.485,93.8779,0.5914
mcw,2,0,18,163.53,215.7,83.1817,1.8531
mcw,2,0,19,163.95,217.145,59.4398,1.2194
mcw,2,0,20,164.78,217.955,28.7266,1.186
mcw,2,0,21,165.875,218.325,8.408,1.1625
mcw,2,0,22,167.215,218.27,169.6293,1.5554
mcw,2,0,23,167.41,218.905,126.3335,1.9241
mcw,2,0,24,162.93,222.445,144.7337,9.5777
mcw,2,0,25,158.83,225.02,44.9988,0.5374
mcw,2,0,26,158.46,224.55,57.2646,0.6657
mcw,2,0,27,158.655,223.935,138.224,1.0057
mcw,2,0,28,159.16,223.39,121.76,0.4939
mcw,2,0,29,159.375,222.93,108.7778,0.5281
mcw,2,0,30,159.47,222.395,92.01,0.5704
mcw,2,0,31,159.39,219.935,87.6304,4.3537
mcw,2,0,32,159.225,215.345,88.2213,4.8323
mcw,2,0,33,159.025,210.19,87.388,5.4857
mcw,2,0,34,158.895,207.28,88.3162,0.3401
mcw,2,0,35,158.86,203.805,89.48,6.6103
mcw,2,0,36,158.295,200.095,37.1258,1.342
mcw,2,0,37,157.315,199.62,8.9386,0.9009
mcw,2,0,38,153.88,201.6,145.5649,7.2505
mcw,2,0,39,95.875,241.985,145.1308,134.1078
mcw,2,0,40,40.31,280.98,129.8054,1.7183
mcw,2,0,41,39.5,282.43,108.2171,1.6634
mcw,2,0,42,39.13,283.92,98.9305,1.4172
mcw,2,0,43,38.785,285.74,101.8501,2.2888
mcw,2,0,44,38.29,288.735,97.8947,3.7859
mcw,2,0,45,37.46,293.2,102.4116,5.304
mcw,2,0,46,36.72,297.24,96.6869,2.9199
mcw,2,0,47,36.425,299.425,99.6518,1.4911
mcw,2,0,48,36.19,300.935,98.0785,1.5655
mcw,2,0,49,36.245,302.685,80.3948,1.9777
mcw,2,0,50,36.905,304.305,52.4961,1.6261
mcw,2,0,51,38.065,305.44,36.3846,1.6521
mcw,2,0,52,39.225,306.32,38.2328,1.2603
mcw,2,0,53,40.29,306.85,13.8009,1.1739
mcw,2,0,54,38.42,308.81,143.2808,6.088
mcw,2,0,55,34.14,307.885,56.1656,6.6093
mcw,2,0,56,32.1,303.15,84.261,4.0001
mcw,2,0,57,31.93,300.385,92.2167,1.5511
mcw,2,0,58,32.11,298.65,98.8807,1.9433
mcw,2,0,59,32.355,297.045,98.3787,1.3039
mcw,2,0,60,32.575,295.365,96.8865,2.085
mcw,2,0,61,33.835,288.32,100.6944,12.2325
mcw,2,0,62,35.335,281.095,106.721,2.5373
mcw,2,0,63,36.31,279.005,124.882,2.1333
mcw,2,0,64,37.795,277.4,140.1624,2.2791
mcw,2,0,65,39.685,275.94,144.2754,2.5005
mcw,2,0,66,41.225,274.825,143.7464,1.3021
mcw,2,0,67,85.23,244.18,145.1639,105.9467
mcw,2,0,68,138.24,207.275,145.113,23.2359
mcw,2,0,69,148.085,200.35,138.3668,0.8429
mcw,2,0,70,149.27,199.505,146.9993,2.0747
mcw,2,0,71,150.345,198.56,118.3457,0.8635
mcw,2,0,72,150.79,197.31,105.4223,1.805
mcw,2,0,73,151.105,195.62,95.2258,1.6468
mcw,2,0,74,151.14,194.545,81.085,0.5162
mcw,2,0,75,150.905,193.945,60.5242,0.7926
mcw,2,0,76,150.375,193.435,26.2211,0.7469
mcw,2,0,77,149.45,193.245,2.4272,1.1811
mcw,2,0,78,148.045,193.26,177.1896,1.632
mcw,2,0,79,146.54,193.345,176.2688,1.3829
mcw,2,0,80,145.81,192.13,88.1817,2.5213
mcw,2,0,81,145.69,188.8,87.7869,4.1431
mcw,2,0,82,145.49,184.17,87.3162,5.1256
mcw,2,0,83,145.205,178.81,86.6275,5.6097
mcw,2,0,84,147.675,175.99,179.565,5.2702
mcw,2,0,85,150.34,175.635,95.1172,0.6727
mcw,2,0,86,154.76,175.13,177.7824,8.7866
mcw,2,0,87,160.45,174.95,179.5588,2.6001
mcw,2,0,88,161.75,175.455,90.0,1.03
mcw,2,0,89,163.885,175.96,179.7318,4.27
mcw,2,0,90,166.735,175.93,178.3974,1.4306
mcw,2,0,91,167.71,175.87,171.2554,0.5261
mcw,2,0,92,168.41,175.58,150.3953,1.0121
mcw,2,0,93,168.79,173.8,87.7543,3.0623
mcw,2,0,94,168.865,172.165,142.1226,0.3421
mcw,2,0,95,169.425,171.825,151.0597,0.9713
mcw,2,0,96,170.805,170.845,142.0423,2.4224
mcw,2,0,97,173.245,169.08,145.5159,3.6031
mcw,2,0,98,175.855,167.325,146.8421,2.6876
mcw,2,0,99,177.58,166.145,143.4373,1.494
mcw,2,0,100,179.94,164.44,144.4009,4.3291
mcw,2,0,101,184.98,160.81,144.1495,8.0933
mcw,2,0,102,187.53,157.46,53.3174,2.444
mcw,2,0,103,186.69,156.55,147.5262,0.2608
mcw,2,0,104,184.6,154.01,52.8155,6.5521
mcw,2,0,105,185.125,149.685,145.6033,6.0716
mcw,2,0,106,189.385,150.325,53.3057,5.8741
mcw,2,0,107,194.905,150.075,145.3206,9.1567
mcw,2,0,108,201.545,151.605,55.1898,10.0725
mcw,2,0,109,202.675,156.95,145.2624,4.2469
mcw,2,0,110,200.36,157.32,55.8402,2.0303
mcw,2,0,111,199.41,156.905,131.8001,1.1402
mcw,2,0,112,198.935,157.815,101.0827,0.9884
mcw,2,0,113,199.03,158.95,73.7056,1.3544
mcw,2,0,114,199.44,159.85,48.6521,0.666
mcw,2,0,115,198.965,160.585,145.0913,1.695
mcw,2,0,116,198.215,160.98,58.5728,0.2109
mcw,2,0,117,197.6,160.275,47.68,1.6635
mcw,2,0,118,196.805,159.59,16.5855,0.4904
mcw,2,0,119,196.16,159.545,176.5115,0.8215
mcw,2,0,120,195.52,159.595,173.7981,0.4627
mcw,2,0,121,195.15,159.7,150.2544,0.3225
mcw,2,0,122,195.63,160.59,52.5682,2.0401
mcw,2,0,123,194.43,162.625,146.0563,4.3877
mcw,2,0,124,185.085,169.245,144.3616,18.5183
mcw,2,0,125,173.605,177.335,145.729,9.5718
mcw,2,0,126,169.275,180.425,133.5118,1.0893
mcw,2,0,127,168.74,181.145,116.211,0.7245
mcw,2,0,128,168.565,181.58,97.7687,0.222
mcw,2,0,129,169.345,182.86,55.8042,2.8291
mcw,2,0,130,167.305,186.04,144.6634,6.9505
mcw,2,0,131,162.865,189.42,139.5167,4.2204
mcw,3,0,0,192.765,130.44,78.2315,1.7161
mcw,3,0,1,194.27,124.5,108.2325,10.7392
mcw,3,0,2,196.085,118.965,107.2418,0.9109
mcw,3,0,3,196.215,118.29,88.8072,0.4801
mcw,3,0,4,196.085,117.77,65.9426,0.6133
mcw,3,0,5,195.735,117.29,41.6333,0.6021
mcw,3,0,6,195.28,107.575,88.6153,19.0356
mcw,3,0,7,198.065,97.97,178.2903,6.0327
mcw,3,0,8,201.27,105.42,88.5565,15.0848
mcw,3,0,9,202.76,115.155,59.3638,5.1022
mcw,3,0,10,203.97,117.355,176.8266,0.1803
mcw,3,0,11,202.17,117.87,163.3927,3.5689
mcw,3,0,12,199.48,119.69,126.8,3.272
mcw,3,0,13,197.76,122.72,113.2789,3.7449
mcw,3,0,14,196.845,125.025,106.6548,1.2212
mcw,3,0,15,196.505,125.85,124.5081,0.5825
mcw,3,0,16,196.29,126.41,98.8797,0.6478
mcw,3,0,17,196.33,127.04,73.8113,0.6456
mcw,3,0,18,196.615,127.57,48.4476,0.588
mcw,3,0,19,197.075,127.915,25.2532,0.586
mcw,3,0,20,197.66,128.045,0.8933,0.6401
mcw,3,0,21,198.27,127.91,154.2308,0.6441
mcw,3,0,22,198.75,127.55,130.8153,0.5814
mcw,3,0,23,202.845,124.605,145.0918,9.5236
mcw,3,0,24,207.525,123.19,59.3912,3.0442
mcw,3,0,25,203.675,127.735,145.0288,11.2882
mcw,3,0,26,199.985,132.305,54.9935,3.2597
mcw,3,0,27,205.41,130.425,144.396,11.0447
mcw,3,0,28,210.69,128.54,59.2901,3.0939
mcw,3,0,29,209.28,131.38,145.5359,5.3367
mcw,3,0,30,207.065,132.87,53.1161,0.05
mcw,3,0,31,204.615,134.43,147.0216,5.8054
mcw,3,0,32,201.535,136.5,142.7772,1.62
mcw,3,0,33,200.66,137.235,133.1895,0.6721
mcw,3,0,34,200.385,137.79,98.2606,0.6265
mcw,3,0,35,202.76,141.8,56.8131,8.8423
mcw,3,0,36,206.17,144.765,143.4088,2.466
mcw,3,0,37,206.63,143.335,52.6716,1.7481
mcw,3,0,38,206.335,142.405,135.0019,0.6647
mcw,3,0,39,206.31,141.53,67.8908,1.3816
mcw,3,0,40,206.075,140.435,93.1452,0.9113
mcw,3,0,41,206.29,139.62,117.8234,0.8141
mcw,3,0,42,207.99,138.14,143.4346,3.7601
mcw,3,0,43,209.565,136.79,105.7816,0.478
mcw,3,0,44,209.42,136.335,46.9758,0.6156
mcw,3,0,45,209.695,135.71,140.4866,1.2573
mcw,3,0,46,210.055,135.105,58.6272,0.4802
mcw,3,0,47,211.535,133.785,145.2123,3.9086
mcw,3,0,48,214.015,134.15,59.4077,3.4386
mcw,3,0,49,211.51,138.055,144.3422,8.3199
mcw,3,0,50,208.24,140.66,58.5693,0.4219
mcw,3,0,51,207.935,141.125,145.5205,1.0069
mcw,3,0,52,208.07,142.125,52.4315,1.8041
mcw,3,0,53,209.65,142.055,142.6877,2.5901
mcw,3,0,54,210.565,141.145,47.3846,0.3397
mcw,3,0,55,213.15,139.13,145.008,6.5915
mcw,3,0,56,216.535,138.395,59.329,2.6857
mcw,3,0,57,212.805,142.625,145.1431,10.7607
mcw,3,0,58,210.28,148.42,55.2064,6.6244
mcw,3,0,59,211.235,151.79,145.1937,2.2775
mcw,3,0,60,211.64,154.0,49.3381,4.113
mcw,3,0,61,212.99,155.565,26.6,0.0224
mcw,3,0,62,211.79,156.935,131.5555,3.6482
mcw,3,0,63,210.905,158.685,49.8307,1.0077
mcw,3,0,64,210.775,158.75,35.1191,1.1125
mcw,3,0,65,209.74,158.285,14.0352,1.1957
mcw,3,0,66,208.57,158.225,171.8028,1.1922
mcw,3,0,67,207.495,158.58,150.8945,1.1102
mcw,3,0,68,202.55,161.695,147.4665,10.5803
mcw,3,0,69,197.53,163.885,49.4709,1.7235
mcw,3,0,70,198.04,162.32,139.6198,2.8093
mcw,3,0,71,198.905,161.09,57.3557,0.7601
mcw,3,0,72,199.18,160.435,145.089,1.1707
mcw,3,0,73,199.44,159.85,48.6521,0.666
mcw,3,0,74,199.03,158.95,73.706,1.3544
mcw,3,0,75,198.935,157.815,101.0827,0.9884
mcw,3,0,76,199.41,156.905,131.8016,1.1402
mcw,3,0,77,200.36,157.32,55.8402,2.0303
mcw,3,0,78,202.675,156.95,145.262,4.2469
mcw,3,0,79,201.64,151.745,55.1671,9.7341
mcw,3,0,80,199.38,147.375,144.2028,1.2822
mcw,3,0,81,200.42,147.73,54.5367,1.7925
mcw,3,0,82,202.245,147.54,144.817,3.1934
mcw,3,0,83,198.51,139.305,55.4333,17.7664
mcw,3,0,84,193.205,131.635,53.2592,0.886
mcw,4,0,0,210.905,158.685,49.8303,1.0077
mcw,4,0,1,211.79,156.935,131.5551,3.6482
mcw,4,0,2,214.735,156.96,38.7,4.4463
mcw,4,0,3,218.465,157.775,163.922,4.1524
mcw,4,0,4,223.575,154.995,144.7067,7.6329
mcw,4,0,5,227.78,151.69,134.7381,3.0972
mcw,4,0,6,230.105,148.45,119.9894,4.9416
mcw,4,0,7,231.635,144.66,100.1367,3.3523
mcw,4,0,8,231.05,140.815,68.1537,4.7297
mcw,4,0,9,229.75,137.93,58.6709,1.6155
mcw,4,0,10,230.025,136.46,131.7013,2.0894
mcw,4,0,11,231.9,137.38,55.235,4.1388
mcw,4,0,12,234.88,138.96,176.1856,3.608
mcw,4,0,13,237.285,138.42,145.2313,1.473
mcw,4,0,14,237.82,137.9,55.0056,0.2441
mcw,4,0,15,239.16,136.795,144.5198,3.463
mcw,4,0,16,244.755,132.995,146.2626,10.065
mcw,4,0,17,251.285,128.325,141.3551,6.0049
mcw,4,0,18,254.49,125.82,143.7746,2.1321
mcw,4,0,19,256.225,124.82,157.079,1.9
mcw,4,0,20,258.225,124.37,175.9324,2.2557
mcw,4,0,21,263.12,124.31,0.304,7.5401
mcw,4,0,22,279.08,124.46,0.611,24.3814
mcw,4,0,23,294.805,129.255,52.8462,11.7062
mcw,4,0,24,295.925,135.615,144.9364,5.9009
mcw,4,0,25,292.79,137.995,136.4272,1.9876
mcw,4,0,26,291.495,139.4,128.6118,1.8429
mcw,4,0,27,290.63,140.695,116.763,1.288
mcw,4,0,28,289.965,141.445,154.9846,0.8276
mcw,4,0,29,289.365,141.765,147.1986,0.5353
mcw,4,0,30,285.99,137.54,54.2149,10.7739
mcw,4,0,31,282.675,132.745,68.783,0.9118
mcw,4,0,32,281.76,131.175,56.7744,2.7375
mcw,4,0,33,280.355,129.745,23.5137,1.4286
mcw,4,0,34,278.645,129.235,12.0393,2.1575
mcw,4,0,35,276.775,128.81,13.7876,1.6784
mcw,4,0,36,274.635,128.69,176.5447,2.6548
mcw,4,0,37,266.45,128.77,0.0,13.72
mcw,4,0,38,258.185,129.2,162.9835,2.9386
mcw,4,0,39,256.15,130.165,139.6619,1.653
mcw,4,0,40,254.095,131.72,144.4051,3.5049
mcw,4,0,41,251.65,133.35,149.1188,2.377
mcw,4,0,42,246.675,136.775,144.5585,9.709
mcw,4,0,43,242.245,139.935,144.0088,1.1741
mcw,4,0,44,239.05,142.33,142.9954,6.812
mcw,4,0,45,234.015,148.64,118.5209,9.6968
mcw,4,0,46,213.7,165.445,145.1256,43.8806
mcw,4,0,47,185.65,185.06,144.8743,24.5754
mcw,4,0,48,174.815,190.97,55.9131,2.8013
mcw,4,0,49,178.465,186.68,144.7876,10.8565
mcw,4,0,50,183.7,182.535,128.2445,2.5847
mcw,4,0,51,184.57,180.6,94.351,1.8453
mcw,4,0,52,184.16,178.895,58.5551,1.8402
mcw,4,0,53,182.83,177.745,23.2396,1.8501
mcw,4,0,54,181.08,177.58,167.4714,1.8439
mcw,4,0,55,179.715,177.915,163.8096,0.9684
mcw,4,0,56,177.475,179.07,150.1166,4.0944
mcw,4,0,57,172.92,182.06,144.6773,6.8145
mcw,4,0,58,169.345,182.86,55.8042,2.8291
mcw,4,0,59,168.565,181.58,97.7648,0.222
mcw,4,0,60,168.74,181.145,116.2121,0.7245
mcw,4,0,61,169.275,180.425,133.5118,1.0893
mcw,4,0,62,173.605,177.335,145.729,9.5718
mcw,4,0,63,185.085,169.245,144.3616,18.5183
mcw,4,0,64,194.43,162.625,146.0563,4.3877
mcw,4,0,65,195.63,160.59,52.5682,2.0401
mcw,4,0,66,195.15,159.7,150.2544,0.3225
mcw,4,0,67,195.52,159.595,173.7981,0.4627
mcw,4,0,68,196.16,159.545,176.5115,0.8215
mcw,4,0,69,196.805,159.59,16.5855,0.4904
mcw,4,0,70,197.6,160.275,47.68,1.6635
mcw,4,0,71,198.215,160.98,58.5728,0.2109
mcw,4,0,72,198.485,160.92,145.0991,0.5243
mcw,4,0,73,198.905,161.09,57.3545,0.7601
mcw,4,0,74,198.04,162.32,139.6198,2.8093
mcw,4,0,75,197.53,163.885,49.4709,1.7235
mcw,4,0,76,194.655,166.95,144.9464,8.3922
mcw,4,0,77,189.76,170.585,140.0023,3.8117
mcw,4,0,78,187.805,172.225,140.0232,1.2919
mcw,4,0,79,186.99,173.275,116.7454,1.4221
mcw,4,0,80,186.65,174.62,91.6139,1.4206
mcw,4,0,81,186.875,175.93,67.7876,1.2962
mcw,4,0,82,187.575,176.99,45.3134,1.294
mcw,4,0,83,188.69,177.71,21.5011,1.4187
mcw,4,0,84,190.06,177.935,177.1775,1.4217
mcw,4,0,85,191.35,177.605,153.0414,1.3014
mcw,4,0,86,197.27,173.59,145.1378,13.016
mcw,4,0,87,206.6,166.935,143.6622,9.9064
mcw,4,0,88,211.085,163.54,137.0996,1.3515
mcw,4,0,89,211.85,162.385,111.2302,1.4912
mcw,4,0,90,212.035,160.945,83.4911,1.4997
mcw,4,0,91,211.59,159.635,57.4961,1.3399
mcw,5,0,0,223.125,122.21,175.8025,3.2788
mcw,5,0,1,224.765,122.09,0.0,0.01
mcw,5,0,2,229.965,118.475,145.1674,12.658
mcw,5,0,3,235.185,112.96,90.7539,3.8003
mcw,5,0,4,234.215,111.045,0.8637,1.9902
mcw,5,0,5,233.22,108.685,90.0,4.69
mcw,5,0,6,232.625,106.34,0.0,1.19
mcw,5,0,7,232.035,106.3,97.1304,0.0806
mcw,5,0,8,233.61,106.29,1.0946,3.1406
mcw,5,0,9,235.21,104.485,90.9366,3.6705
mcw,5,0,10,234.115,102.63,1.0187,2.2504
mcw,5,0,11,232.99,102.605,90.0,0.01
mcw,5,0,12,233.165,102.605,1.6381,0.3501
mcw,5,0,13,233.305,99.965,89.2418,5.2905
mcw,5,0,14,230.93,97.325,179.8775,4.68
mcw,5,0,15,228.535,96.725,84.8055,1.215
mcw,5,0,16,228.35,96.01,40.2355,0.3406
mcw,5,0,17,228.22,95.42,90.0,0.96
mcw,5,0,18,231.68,94.965,0.4141,6.9202
mcw,5,0,19,235.17,90.715,90.4022,8.5502
mcw,5,0,20,236.06,86.475,2.3308,1.7214
mcw,5,0,21,236.79,89.455,92.5276,5.8958
mcw,5,0,22,239.43,92.445,0.9307,5.5407
mcw,5,0,23,242.22,94.985,89.5408,4.9902
mcw,5,0,24,239.54,97.49,179.7876,5.4
mcw,5,0,25,236.82,98.37,91.3172,1.7405
mcw,5,0,26,239.645,99.305,1.3089,5.6915
mcw,5,0,27,242.615,99.35,170.9078,0.2532
mcw,5,0,28,242.755,101.33,89.5703,4.0001
mcw,5,0,29,242.77,103.78,90.0,0.9
mcw,5,0,30,239.915,104.28,178.9966,5.7109
mcw,5,0,31,236.915,107.015,93.0911,5.3778
mcw,5,0,32,237.405,109.735,3.1552,1.2719
mcw,5,0,33,238.02,110.135,93.137,0.7311
mcw,5,0,34,237.815,110.49,3.0971,0.3705
mcw,5,0,35,237.6,111.0,93.3017,1.0417
mcw,5,0,36,238.485,111.565,2.8154,1.8322
mcw,5,0,37,239.4,113.22,90.0,3.22
mcw,5,0,38,238.485,114.785,2.8154,1.8322
mcw,5,0,39,237.415,115.015,119.4075,0.6313
mcw,5,0,40,237.835,116.115,55.1247,2.0112
mcw,5,0,41,237.02,117.93,144.5402,3.413
mcw,5,0,42,235.25,118.41,53.3102,1.272
mcw,5,0,43,234.41,118.24,143.531,1.144
mcw,5,0,44,233.935,118.845,93.2396,0.5308
mcw,5,0,45,235.49,121.365,55.1534,5.4954
mcw,5,0,46,236.55,123.98,144.7821,1.2485
mcw,5,0,47,235.905,124.145,55.3054,0.4744
mcw,5,0,48,235.745,123.965,149.0388,0.0583
mcw,5,0,49,234.57,122.285,55.8445,4.0966
mcw,5,0,50,231.76,121.675,146.8311,3.9663
mcw,5,0,51,231.28,124.3,52.5396,3.8802
mcw,5,0,52,232.01,126.155,145.008,1.0986
mcw,5,0,53,230.435,124.975,53.0386,3.742
mcw,5,0,54,227.905,124.435,145.7955,3.3977
mcw,5,0,55,226.325,125.105,58.4496,0.6689
mcw,5,0,56,225.875,124.72,19.9813,0.5852
mcw,5,0,57,225.33,125.28,112.2491,1.4262
mcw,5,0,58,225.04,126.51,92.01,1.1407
mcw,5,0,59,225.4,127.865,64.1697,1.7443
mcw,5,0,60,226.025,128.71,13.7601,0.5045
mcw,5,0,61,226.99,128.265,144.9544,1.7589
mcw,5,0,62,227.915,128.04,53.7902,0.694
mcw,5,0,63,227.48,128.765,145.1882,1.559
mcw,5,0,64,226.685,129.435,124.5647,0.5464
mcw,5,0,65,228.625,132.67,55.1616,7.3346
mcw,5,0,66,230.025,136.46,131.7019,2.0894
mcw,5,0,67,228.835,136.435,58.4129,1.89
mcw,5,0,68,228.09,135.4,42.6135,0.6794
mcw,5,0,69,227.43,134.895,33.8502,0.9874
mcw,5,0,70,226.16,134.44,11.822,1.7573
mcw,5,0,71,224.695,134.545,154.7756,1.3375
mcw,5,0,72,223.265,135.37,146.7939,1.972
mcw,5,0,73,219.83,137.73,145.1111,6.3638
mcw,5,0,74,216.535,138.395,59.329,2.6857
mcw,5,0,75,219.33,134.795,144.9086,8.5061
mcw,5,0,76,222.9,132.485,56.3129,0.3245
mcw,5,0,77,223.785,132.095,146.5596,1.9054
mcw,5,0,78,224.7,131.27,111.8027,0.6462
mcw,5,0,79,224.76,130.705,77.2437,0.5434
mcw,5,0,80,224.44,130.26,34.6938,0.6325
mcw,5,0,81,223.78,130.21,161.9953,0.8412
mcw,5,0,82,223.075,130.555,144.8198,0.7463
mcw,5,0,83,222.58,130.51,53.8409,0.644
mcw,5,0,84,218.64,132.94,144.347,9.2301
mcw,5,0,85,214.015,134.15,59.4077,3.4386
mcw,5,0,86,216.665,130.22,145.1994,8.5856
mcw,5,0,87,220.34,127.96,51.7099,0.4842
mcw,5,0,88,220.92,127.76,137.7928,1.161
mcw,5,0,89,221.49,126.93,107.65,0.9235
mcw,5,0,90,221.43,125.985,68.395,1.0863
mcw,5,0,91,220.83,125.14,40.3641,1.0499
mcw,5,0,92,219.965,124.83,176.3088,0.9319
mcw,5,0,93,219.115,125.11,147.0019,0.9181
mcw,5,0,94,218.615,125.21,52.5214,0.378
mcw,5,0,95,214.99,127.465,145.5816,8.5098
mcw,5,0,96,210.69,128.54,59.2903,3.0939
mcw,5,0,97,213.265,124.805,144.4462,8.2722
mcw,5,0,98,215.765,121.135,55.6359,3.0649
mcw,5,0,99,211.6,122.185,144.9498,8.0621
mcw,5,0,100,207.525,123.19,59.3915,3.0442
mcw,5,0,101,208.555,120.62,145.0827,4.4026
mcw,5,0,102,210.72,119.02,136.6369,0.9903
mcw,5,0,103,211.08,118.185,90.0,0.99
mcw,5,0,104,210.73,117.34,44.9994,0.9899
mcw,5,0,105,209.885,117.0,178.8433,0.9902
mcw,5,0,106,206.725,117.18,176.3501,5.3408
mcw,5,0,107,202.76,115.155,59.3636,5.1021
mcw,5,0,108,203.715,112.915,178.8568,4.5109
mcw,5,0,109,205.905,110.77,88.2273,4.202
mcw,5,0,110,205.81,106.58,89.1775,4.1804
mcw,5,0,111,205.67,101.17,88.1023,6.6437
mcw,5,0,112,206.805,97.835,179.3098,2.4902
mcw,5,0,113,208.095,101.285,89.256,6.9306
mcw,5,0,114,208.41,107.77,84.891,6.0641
mcw,5,0,115,209.01,112.33,77.9052,3.1499
mcw,5,0,116,210.895,114.32,16.1398,3.2376
mcw,5,0,117,214.1,114.65,175.8405,3.3087
mcw,5,0,118,218.62,118.43,53.6507,9.6844
mcw,6,0,0,143.395,191.75,178.7055,5.3114
mcw,6,0,1,140.445,184.325,87.743,14.9816
mcw,6,0,2,142.62,176.8,179.0724,4.9406
mcw,6,0,3,145.23,179.17,86.6752,4.8281
mcw,7,0,0,139.03,181.13,179.5561,2.5801
mcw,7,0,1,137.66,179.01,87.849,4.263
mcw,7,0,2,138.865,176.86,179.1081,2.5703
mcw,8,0,0,205.965,142.485,48.9445,0.4111
mcw,8,0,1,205.745,142.31,13.2434,0.1746
mcw,8,0,2,205.58,142.29,0.0,0.16
mcw,8,0,3,205.425,142.33,151.9215,0.17
mcw,8,0,4,205.065,142.74,127.6067,0.9341
mcw,8,0,5,204.755,143.335,96.3385,0.4528
mcw,8,0,6,204.785,143.76,74.6234,0.4148
mcw,8,0,7,204.93,144.25,72.7588,0.6073
mcw,8,0,8,205.15,144.775,61.0496,0.5371
mcw,8,0,9,205.41,145.125,41.4968,0.3471
mcw,8,0,10,205.36,145.37,144.1646,0.4441
mcw,8,0,11,203.86,143.485,56.7717,4.8177
mcw,8,0,12,205.645,139.365,145.8651,7.5025
mcw,8,0,13,209.19,136.91,141.5002,1.1244
mcw,8,0,14,209.56,136.795,106.5872,0.4904
mcw,8,0,15,207.985,138.145,143.4668,3.746
mcw,8,0,16,206.29,139.625,117.4991,0.823
mcw,8,0,17,206.075,140.43,93.2521,0.8814
mcw,8,0,18,206.31,141.52,68.1982,1.4001
mcw,9,0,0,233.945,91.775,1.6502,2.431
mcw,9,0,1,232.71,89.71,89.4354,4.0602
mcw,9,0,2,230.705,87.68,0.0,3.97
mcw,9,0,3,228.72,86.975,90.0,1.41
mcw,9,0,4,231.855,86.255,179.7259,6.2701
mcw,9,0,5,235.095,86.34,43.6057,0.29
mcw,10,0,0,239.81,92.455,1.0002,6.301
mcw,10,0,1,242.96,92.325,90.0,0.37
mcw,10,0,2,243.425,92.135,179.3852,0.93
mcw,10,0,3,243.89,91.73,90.0,0.8
mcw,10,0,4,241.505,91.33,0.0,4.77
mcw,10,0,5,239.1,89.13,89.479,4.4002
mcw,10,0,6,241.53,86.92,179.7663,4.9
mcw,10,0,7,243.98,86.385,90.0,1.05
mcw,10,0,8,240.455,85.8,0.9751,7.051
mcw,10,0,9,236.925,86.125,90.7448,0.7701
mcw,11,0,0,139.595,175.54,87.5958,2.6223
mcw,11,0,1,137.965,174.23,0.0,3.15
mcw,11,0,2,136.345,172.8,88.1974,2.8614
mcw,11,0,3,138.695,171.35,179.5218,4.7902
mcw,11,0,4,141.07,170.83,87.7089,1.0008
mcw,11,0,5,145.51,170.255,179.0364,8.9213
mcw,11,0,6,150.06,173.075,88.2194,5.7928
mcw,11,0,7,147.595,175.99,179.5514,5.1102
mcw,11,0,8,145.065,176.385,86.1857,0.7517
mcw,12,0,0,204.095,112.19,179.0735,3.7105
mcw,12,0,1,202.09,105.06,88.7999,14.3231
mcw,12,0,2,203.75,97.89,179.6836,3.6201
mcw,13,0,0,230.77,91.73,0.2922,3.92
mcw,13,0,1,228.805,89.7,89.8583,4.04
mcw,13,0,2,230.745,87.68,0.0,3.89
mcw,14,0,0,239.1,89.13,89.4792,4.4002
mcw,14,0,1,241.53,86.92,179.7659,4.9
mcw,14,0,2,243.935,89.12,91.1664,4.4209
mcw,15,0,0,123.295,351.79,5.4415,0.2109
mcw,15,0,1,123.495,351.82,11.8866,0.1942
mcw,15,0,2,123.68,351.88,23.9629,0.197
mcw,15,0,3,123.85,351.97,32.0076,0.1887
mcw,15,0,4,124.0,352.085,42.8767,0.191
mcw,15,0,5,124.135,352.22,47.1199,0.1911
mcw,15,0,6,124.26,352.37,53.1319,0.2
mcw,15,0,7,124.37,352.54,60.945,0.2059
mcw,15,0,8,124.495,352.82,68.4593,0.4085
mcw,15,0,9,124.625,353.215,74.9817,0.4245
mcw,15,0,10,124.7,353.52,78.6896,0.204
mcw,15,0,11,124.73,353.72,84.2881,0.201
mcw,15,0,12,124.745,353.915,86.9889,0.1903
mcw,15,0,13,124.755,354.1,86.8196,0.1803
mcw,15,0,14,124.76,354.285,90.0,0.19
mcw,15,0,15,124.75,354.475,96.0084,0.191
mcw,15,0,16,124.73,354.67,95.7115,0.201
mcw,15,0,17,124.7,354.875,100.785,0.2138
mcw,15,0,18,124.63,355.18,104.0357,0.4123
mcw,15,0,19,124.5,355.575,112.3057,0.4215
mcw,15,0,20,124.37,355.86,119.0571,0.2059
mcw,15,0,21,124.265,356.03,124.5081,0.1942
mcw,15,0,22,124.145,356.185,130.9149,0.1985
mcw,15,0,23,124.005,356.325,139.0848,0.1985
mcw,15,0,24,123.85,356.44,147.9924,0.1887
mcw,15,0,25,123.68,356.53,156.0411,0.197
mcw,15,0,26,123.495,356.59,168.109,0.1942
mcw,15,0,27,123.295,356.62,174.5585,0.2109
mcw,15,0,28,123.08,356.62,5.1955,0.2209
mcw,15,0,29,122.875,356.59,11.891,0.1942
mcw,15,0,30,122.69,356.53,23.9598,0.197
mcw,15,0,31,122.52,356.44,32.0064,0.1887
mcw,15,0,32,122.365,356.325,40.9152,0.1985
mcw,15,0,33,122.225,356.185,49.0851,0.1985
mcw,15,0,34,122.105,356.03,55.4919,0.1942
mcw,15,0,35,122.0,355.86,60.9448,0.2059
mcw,15,0,36,121.87,355.575,67.6933,0.4215
mcw,15,0,37,121.74,355.18,75.9643,0.4123
mcw,15,0,38,121.67,354.875,79.215,0.2138
mcw,15,0,39,121.64,354.67,84.2907,0.201
mcw,15,0,40,121.62,354.475,83.9893,0.191
mcw,15,0,41,121.61,354.285,90.0,0.19
mcw,15,0,42,121.61,354.1,90.0,0.18
mcw,15,0,43,121.62,353.915,96.0102,0.1911
mcw,15,0,44,121.64,353.72,95.7097,0.201
mcw,15,0,45,121.67,353.52,101.3104,0.204
mcw,15,0,46,121.745,353.215,105.0183,0.4245
mcw,15,0,47,121.875,352.82,111.5417,0.4085
mcw,15,0,48,122.0,352.54,119.0532,0.2059
mcw,15,0,49,122.11,352.37,126.8699,0.2
mcw,15,0,50,122.235,352.22,132.8784,0.191
mcw,15,0,51,122.37,352.085,137.1233,0.191
mcw,15,0,52,122.52,351.97,147.9936,0.1887
mcw,15,0,53,122.69,351.88,156.0362,0.197
mcw,15,0,54,122.875,351.82,168.1134,0.1942
mcw,15,0,55,123.08,351.79,174.8045,0.2209
mcw,15,1,0,123.26,356.115,175.9166,0.1404
mcw,15,1,1,123.4,356.085,160.345,0.1487
mcw,15,1,2,123.53,356.03,153.4364,0.1342
mcw,15,1,3,123.645,355.955,140.7119,0.1421
mcw,15,1,4,123.795,355.795,129.5576,0.2983
mcw,15,1,5,123.96,355.54,116.5651,0.313
mcw,15,1,6,124.08,355.245,107.8799,0.3257
mcw,15,1,7,124.165,354.93,102.3393,0.3276
mcw,15,1,8,124.22,354.62,97.5947,0.3027
mcw,15,1,9,124.245,354.335,92.1199,0.2702
mcw,15,1,10,124.245,354.065,87.8801,0.2702
mcw,15,1,11,124.22,353.78,82.4049,0.3026
mcw,15,1,12,124.165,353.47,77.6612,0.3276
mcw,15,1,13,124.08,353.155,72.1201,0.3257
mcw,15,1,14,123.96,352.86,63.4349,0.313
mcw,15,1,15,123.795,352.61,49.1858,0.2907
mcw,15,1,16,123.645,352.455,39.2881,0.1421
mcw,15,1,17,123.53,352.38,26.5636,0.1342
mcw,15,1,18,123.4,352.325,19.655,0.1487
mcw,15,1,19,123.26,352.295,4.0896,0.1404
mcw,15,1,20,123.115,352.295,176.1823,0.1503
mcw,15,1,21,122.97,352.325,160.345,0.1487
mcw,15,1,22,122.84,352.38,153.4364,0.1342
mcw,15,1,23,122.725,352.455,140.7099,0.1421
mcw,15,1,24,122.575,352.61,130.8153,0.2907
mcw,15,1,25,122.41,352.86,116.5651,0.313
mcw,15,1,26,122.29,353.155,107.8786,0.3257
mcw,15,1,27,122.205,353.47,102.3388,0.3276
mcw,15,1,28,122.15,353.78,97.5951,0.3026
mcw,15,1,29,122.125,354.065,92.1215,0.2702
mcw,15,1,30,122.125,354.335,87.8785,0.2702
mcw,15,1,31,122.15,354.62,82.4053,0.3027
mcw,15,1,32,122.205,354.93,77.6607,0.3276
mcw,15,1,33,122.29,355.245,72.1214,0.3257
mcw,15,1,34,122.41,355.54,63.4349,0.313
mcw,15,1,35,122.575,355.795,50.4413,0.2983
mcw,15,1,36,122.725,355.955,39.2901,0.1421
mcw,15,1,37,122.84,356.03,26.5636,0.1342
mcw,15,1,38,122.97,356.085,19.655,0.1487
mcw,15,1,39,123.115,356.115,3.8119,0.1503
mcw,16,0,0,125.84,352.445,12.0943,0.1432
mcw,16,0,1,125.72,352.395,34.9952,0.1221
mcw,16,0,2,125.63,352.305,53.9722,0.136
mcw,16,0,3,125.58,352.185,81.2546,0.1315
mcw,16,0,4,125.58,352.055,98.7444,0.1315
mcw,16,0,5,125.63,351.935,126.0278,0.136
mcw,16,0,6,125.72,351.845,145.0106,0.1221
mcw,16,0,7,125.84,351.795,167.9057,0.1432
mcw,16,0,8,125.975,351.795,12.9944,0.1334
mcw,16,0,9,126.095,351.845,32.4681,0.1304
mcw,16,0,10,126.185,351.935,57.5291,0.1304
mcw,16,0,11,126.235,352.055,77.0064,0.1334
mcw,16,0,12,126.235,352.185,102.9951,0.1334
mcw,16,0,13,126.185,352.305,122.4709,0.1304
mcw,16,0,14,126.095,352.395,147.5262,0.1304
mcw,16,0,15,125.975,352.445,167.0056,0.1334
mcw,17,0,0,128.43,353.905,90.0,4.09
mcw,17,0,1,128.685,351.86,0.0,0.51
mcw,17,0,2,128.94,354.16,90.0,4.6
mcw,17,0,3,128.445,356.46,0.0,0.99
mcw,17,0,4,127.79,356.205,57.8935,0.6021
mcw,17,0,5,128.03,355.95,0.0,0.8
mcw,18,0,0,131.61,356.43,10.7846,0.4275
mcw,18,0,1,131.24,356.285,33.2732,0.3828
mcw,18,0,2,130.97,356.015,56.3099,0.3966
mcw,18,0,3,130.825,355.64,80.5387,0.4258
mcw,18,0,4,130.825,355.22,99.461,0.4258
mcw,18,0,5,130.97,354.845,123.6913,0.3966
mcw,18,0,6,131.24,354.575,146.7249,0.3828
mcw,18,0,7,131.61,354.435,170.5367,0.4258
mcw,18,0,8,132.03,354.435,9.4633,0.4258
mcw,18,0,9,132.405,354.575,32.4719,0.3912
mcw,18,0,10,132.68,354.845,56.3087,0.3966
mcw,18,0,11,132.825,355.22,80.539,0.4258
mcw,18,0,12,132.825,355.64,99.4613,0.4258
mcw,18,0,13,132.68,356.015,123.6901,0.3966
mcw,18,0,14,132.405,356.285,147.53,0.3911
mcw,18,0,15,132.03,356.43,169.2154,0.4275
mcw,18,1,0,131.715,354.9,169.2178,0.2138
mcw,18,1,1,131.52,354.98,146.3066,0.2163
mcw,18,1,2,131.37,355.125,125.2168,0.2081
mcw,18,1,3,131.29,355.32,100.3069,0.2236
mcw,18,1,4,131.29,355.54,79.6924,0.2236
mcw,18,1,5,131.37,355.74,56.3122,0.2163
mcw,18,1,6,131.52,355.89,33.6901,0.2163
mcw,18,1,7,131.715,355.97,10.7862,0.2138
mcw,18,1,8,131.93,355.97,169.6931,0.2236
mcw,18,1,9,132.13,355.89,146.3099,0.2163
mcw,18,1,10,132.28,355.74,123.6912,0.2163
mcw,18,1,11,132.36,355.54,100.3038,0.2236
mcw,18,1,12,132.36,355.32,79.6969,0.2236
mcw,18,1,13,132.28,355.125,54.7798,0.2081
mcw,18,1,14,132.13,354.98,33.6934,0.2163
mcw,18,1,15,131.93,354.9,10.3031,0.2236
mcw,19,0,0,135.275,356.46,0.0,0.63
mcw,19,0,1,135.92,354.075,111.9255,5.1419
mcw,19,0,2,137.535,353.385,68.8717,3.6343
mcw,19,0,3,138.845,353.385,111.128,3.6343
mcw,19,0,4,140.465,354.075,67.9712,5.1457
mcw,19,0,5,141.115,356.46,0.0,0.63
mcw,19,0,6,140.15,354.825,68.3195,3.5189
mcw,19,0,7,138.845,354.91,110.8475,3.681
mcw,19,0,8,137.54,354.945,68.9055,3.612
mcw,19,0,9,136.24,354.86,112.1095,3.454
mcw,20,0,0,95.845,358.765,114.0071,1.3027
mcw,20,0,1,96.42,358.17,0.0,0.62
mcw,20,0,2,95.625,360.585,114.5868,5.3116
mcw,20,0,3,93.415,360.585,65.4132,5.3116
mcw,20,0,4,92.62,358.17,0.0,0.62
mcw,20,0,5,93.195,358.765,65.9929,1.3027
mcw,20,0,6,94.52,359.36,0.0,2.12
mcw,20,1,0,94.515,359.87,0.0,1.65
mcw,20,1,1,94.105,360.805,66.066,2.0459
mcw,20,1,2,94.93,360.805,113.6775,2.0419
mcw,21,0,0,97.495,358.17,0.0,0.59
mcw,21,0,1,97.79,359.9,90.0,3.46
mcw,21,0,2,99.495,359.805,133.053,4.9951
mcw,21,0,3,101.2,360.37,90.0,4.78
mcw,21,0,4,100.9,362.76,0.0,0.6
mcw,21,0,5,100.6,361.085,90.0,3.35
mcw,21,0,6,98.9,361.195,133.6029,4.93
mcw,21,0,7,97.2,360.575,90.0,4.81
mcw,22,0,0,102.38,358.17,0.0,0.6
mcw,22,0,1,102.68,359.9,90.0,3.46
mcw,22,0,2,104.38,359.805,132.969,4.9882
mcw,22,0,3,106.08,360.37,90.0,4.78
mcw,22,0,4,105.785,362.76,0.0,0.59
mcw,22,0,5,105.49,361.085,90.0,3.35
mcw,22,0,6,103.785,361.195,133.687,4.9369
mcw,22,0,7,102.08,360.575,90.0,4.81
mcw,23,0,0,106.88,361.31,90.0,2.9
mcw,23,0,1,106.885,359.765,93.0134,0.1903
mcw,23,0,2,106.9,359.58,96.3389,0.1811
mcw,23,0,3,106.93,359.4,102.5296,0.1844
mcw,23,0,4,106.975,359.23,107.3546,0.1676
mcw,23,0,5,107.07,358.995,114.3046,0.3401
mcw,23,0,6,107.24,358.71,127.5688,0.328
mcw,23,0,7,107.46,358.475,138.8129,0.3189
mcw,23,0,8,107.725,358.29,151.1129,0.3312
mcw,23,0,9,107.955,358.185,163.61,0.1772
mcw,23,0,10,108.125,358.14,166.7615,0.1746
mcw,23,0,11,108.3,358.105,170.5381,0.1825
mcw,23,0,12,108.485,358.085,176.9888,0.1903
mcw,23,0,13,108.68,358.085,2.8608,0.2003
mcw,23,0,14,108.87,358.105,9.4619,0.1825
mcw,23,0,15,109.045,358.14,13.2385,0.1746
mcw,23,0,16,109.21,358.185,17.3546,0.1676
mcw,23,0,17,109.44,358.29,28.0734,0.34
mcw,23,0,18,109.71,358.475,41.1871,0.3189
mcw,23,0,19,109.93,358.71,52.4302,0.328
mcw,23,0,20,110.1,358.995,65.6954,0.3401
mcw,23,0,21,110.195,359.23,72.6478,0.1676
mcw,23,0,22,110.24,359.4,77.4704,0.1844
mcw,23,0,23,110.27,359.58,83.6587,0.1811
mcw,23,0,24,110.285,359.765,86.9866,0.1903
mcw,23,0,25,110.29,361.31,90.0,2.9
mcw,23,0,26,109.99,362.76,0.0,0.6
mcw,23,0,27,109.69,361.405,90.0,2.71
mcw,23,0,28,109.685,359.91,87.9557,0.2802
mcw,23,0,29,109.66,359.64,81.2535,0.2631
mcw,23,0,30,109.605,359.385,74.3578,0.2596
mcw,23,0,31,109.52,359.15,65.5548,0.2417
mcw,23,0,32,109.395,358.945,51.7113,0.2421
mcw,23,0,33,109.225,358.78,36.3839,0.236
mcw,23,0,34,109.07,358.685,22.6206,0.13
mcw,23,0,35,108.945,358.64,17.1004,0.136
mcw,23,0,36,108.81,358.61,8.1319,0.1414
mcw,23,0,37,108.66,358.595,3.5743,0.1603
mcw,23,0,38,108.505,358.595,176.1879,0.1503
mcw,23,0,39,108.355,358.61,172.4038,0.1513
mcw,23,0,40,108.215,358.64,162.9006,0.136
mcw,23,0,41,108.095,358.685,155.5534,0.1208
mcw,23,0,42,107.945,358.78,143.6161,0.236
mcw,23,0,43,107.775,358.945,128.2901,0.2421
mcw,23,0,44,107.645,359.15,116.5651,0.246
mcw,23,0,45,107.56,359.385,103.4952,0.2571
mcw,23,0,46,107.51,359.64,98.7465,0.2631
mcw,23,0,47,107.485,359.91,92.0459,0.2802
mcw,23,0,48,107.48,361.405,90.0,2.71
mcw,23,0,49,107.18,362.76,0.0,0.6
mcw,24,0,0,114.17,358.765,113.6039,1.2987
mcw,24,0,1,114.745,358.17,0.0,0.63
mcw,24,0,2,113.95,360.585,114.6848,5.3158
mcw,24,0,3,111.735,360.585,65.4132,5.3116
mcw,24,0,4,110.94,358.17,0.0,0.62
mcw,24,0,5,111.515,358.765,65.9926,1.3027
mcw,24,0,6,112.845,359.36,0.0,2.13
mcw,24,1,0,112.845,359.87,0.0,1.65
mcw,24,1,1,112.43,360.805,66.3225,2.0419
mcw,24,1,2,113.255,360.805,113.934,2.0459
mcw,25,0,0,115.82,362.76,0.0,0.6
mcw,25,0,1,115.52,360.465,90.0,4.59
mcw,25,0,2,116.52,358.17,0.0,2.0
mcw,25,0,3,117.52,358.425,90.0,0.51
mcw,25,0,4,116.82,358.68,0.0,1.4
mcw,25,0,5,116.12,360.72,90.0,4.08
mcw,26,0,0,121.375,360.21,13.4952,0.2571
mcw,26,0,1,121.605,360.285,23.1978,0.2285
mcw,26,0,2,121.805,360.395,34.381,0.2302
mcw,26,0,3,121.98,360.54,45.0014,0.2263
mcw,26,0,4,122.12,360.715,57.7241,0.2247
mcw,26,0,5,122.225,360.915,66.8014,0.2285
mcw,26,0,6,122.3,361.13,74.7437,0.228
mcw,26,0,7,122.34,361.36,85.2373,0.2408
mcw,26,0,8,122.33,361.635,97.3526,0.3126
mcw,26,0,9,122.255,361.94,110.1362,0.3195
mcw,26,0,10,122.11,362.22,124.6958,0.3162
mcw,26,0,11,121.895,362.45,141.3406,0.3202
mcw,26,0,12,121.62,362.61,158.1966,0.3231
mcw,26,0,13,121.315,362.7,169.0463,0.3158
mcw,26,0,14,121.0,362.745,174.6445,0.3214
mcw,26,0,15,120.68,362.76,0.0,0.32
mcw,26,0,16,120.16,362.76,0.0,0.72
mcw,26,0,17,119.8,360.465,90.0,4.59
mcw,26,0,18,120.095,358.17,0.0,0.59
mcw,26,0,19,120.39,359.145,90.0,1.95
mcw,26,0,20,120.515,360.12,0.0,0.25
mcw,26,0,21,121.33,359.145,125.2867,2.3889
mcw,26,0,22,122.36,358.17,0.0,0.68
mcw,26,0,23,121.975,359.175,125.8064,2.4784
mcw,26,1,0,120.47,362.25,0.0,0.16
mcw,26,1,1,120.66,362.25,0.0,0.22
mcw,26,1,2,120.885,362.24,175.0293,0.2309
mcw,26,1,3,121.105,362.205,166.6067,0.2159
mcw,26,1,4,121.31,362.145,160.7085,0.2119
mcw,26,1,5,121.5,362.06,150.9466,0.2059
mcw,26,1,6,121.655,361.94,132.8801,0.1911
mcw,26,1,7,121.765,361.78,116.5631,0.2013
mcw,26,1,8,121.825,361.57,97.125,0.2419
mcw,26,1,9,121.825,361.33,82.8754,0.2419
mcw,26,1,10,121.77,361.115,67.1681,0.2062
mcw,26,1,11,121.665,360.95,47.1199,0.1911
mcw,26,1,12,121.52,360.83,32.0037,0.1887
mcw,26,1,13,121.345,360.745,20.2266,0.2025
mcw,26,1,14,121.14,360.685,12.805,0.2256
mcw,26,1,15,120.92,360.65,5.1916,0.2209
mcw,26,1,16,120.695,360.635,2.492,0.2302
mcw,26,1,17,120.485,360.63,0.0,0.19
mcw,26,1,18,120.39,361.44,90.0,1.62
mcw,27,0,0,126.225,358.765,114.0071,1.3027
mcw,27,0,1,126.8,358.17,0.0,0.62
mcw,27,0,2,126.005,360.585,114.5868,5.3116
mcw,27,0,3,123.795,360.585,65.4132,5.3116
mcw,27,0,4,123.0,358.17,0.0,0.62
mcw,27,0,5,123.575,358.765,65.9929,1.3027
mcw,27,0,6,124.9,359.36,0.0,2.12
mcw,27,1,0,124.9,359.87,0.0,1.64
mcw,27,1,1,124.49,360.805,66.3225,2.0419
mcw,27,1,2,125.31,360.805,113.6775,2.0419
mcw,28,0,0,129.4,362.25,0.0,1.1
mcw,28,0,1,129.95,362.505,90.0,0.51
mcw,28,0,2,128.555,362.76,0.0,2.79
mcw,28,0,3,127.16,362.505,90.0,0.51
mcw,28,0,4,127.71,362.25,0.0,1.1
mcw,28,0,5,128.26,360.21,90.0,4.08
mcw,28,0,6,128.555,358.17,0.0,0.59
mcw,28,0,7,128.85,360.21,90.0,4.08
mcw,29,0,0,131.695,358.17,0.0,2.51
mcw,29,0,1,132.95,358.425,90.0,0.51
mcw,29,0,2,131.995,358.68,0.0,1.91
mcw,29,0,3,131.04,359.57,90.0,1.78
mcw,29,0,4,131.965,360.46,0.0,1.85
mcw,29,0,5,132.89,360.715,90.0,0.51
mcw,29,0,6,131.965,360.97,0.0,1.85
mcw,29,0,7,131.04,361.61,90.0,1.28
mcw,29,0,8,131.995,362.25,0.0,1.91
mcw,29,0,9,132.95,362.505,90.0,0.51
mcw,29,0,10,131.695,362.76,0.0,2.51
mcw,29,0,11,130.44,360.465,90.0,4.59
mcw,30,0,0,137.52,362.925,2.3846,0.2402
mcw,30,0,1,137.28,362.9,9.4647,0.2433
mcw,30,0,2,137.045,362.855,12.2649,0.2354
mcw,30,0,3,136.82,362.785,22.2495,0.2377
mcw,30,0,4,136.6,362.69,24.4419,0.2417
mcw,30,0,5,136.39,362.58,30.9644,0.2333
mcw,30,0,6,136.2,362.45,37.876,0.228
mcw,30,0,7,136.02,362.305,39.8032,0.2343
mcw,30,0,8,135.855,362.145,48.5772,0.2267
mcw,30,0,9,135.705,361.965,51.7113,0.2421
mcw,30,0,10,135.57,361.77,59.0337,0.2332
mcw,30,0,11,135.46,361.565,64.5394,0.2326
mcw,30,0,12,135.365,361.345,68.6265,0.247
mcw,30,0,13,135.29,361.115,75.3794,0.2377
mcw,30,0,14,135.245,360.88,82.8754,0.2419
mcw,30,0,15,135.22,360.635,85.4286,0.2508
mcw,30,0,16,135.22,360.38,94.3964,0.2608
mcw,30,0,17,135.245,360.125,96.8425,0.2518
mcw,30,0,18,135.29,359.88,104.0354,0.2474
mcw,30,0,19,135.365,359.645,111.3735,0.247
mcw,30,0,20,135.46,359.425,115.4606,0.2326
mcw,30,0,21,135.57,359.22,120.9663,0.2332
mcw,30,0,22,135.7,359.03,127.8736,0.228
mcw,30,0,23,135.85,358.855,133.2625,0.2334
mcw,30,0,24,136.015,358.69,136.7373,0.2335
mcw,30,0,25,136.195,358.545,145.62,0.2302
mcw,30,0,26,136.39,358.42,149.0356,0.2333
mcw,30,0,27,136.595,358.31,154.5378,0.2326
mcw,30,0,28,136.81,358.22,160.0166,0.2341
mcw,30,0,29,137.035,358.155,167.7343,0.2354
mcw,30,0,30,137.27,358.11,170.5394,0.2433
mcw,30,0,31,137.515,358.085,177.7072,0.2502
mcw,30,0,32,137.76,358.085,2.3882,0.2402
mcw,30,0,33,138.0,358.11,9.4611,0.2433
mcw,30,0,34,138.24,358.155,11.7687,0.2452
mcw,30,0,35,138.47,358.22,19.9834,0.2341
mcw,30,0,36,138.685,358.31,25.4622,0.2326
mcw,30,0,37,138.89,358.42,30.9644,0.2333
mcw,30,0,38,139.085,358.545,34.38,0.2302
mcw,30,0,39,139.265,358.69,43.2627,0.2335
mcw,30,0,40,139.43,358.855,46.7375,0.2334
mcw,30,0,41,139.58,359.03,52.1264,0.228
mcw,30,0,42,139.71,359.22,59.0337,0.2332
mcw,30,0,43,139.82,359.425,64.5394,0.2326
mcw,30,0,44,139.915,359.645,68.6265,0.247
mcw,30,0,45,139.99,359.88,75.9646,0.2474
mcw,30,0,46,140.035,360.125,83.1575,0.2518
mcw,30,0,47,140.06,360.38,85.6036,0.2608
mcw,30,0,48,140.06,360.635,94.5714,0.2508
mcw,30,0,49,140.035,360.88,97.1246,0.2419
mcw,30,0,50,139.985,361.115,106.9295,0.2404
mcw,30,0,51,139.91,361.345,109.1797,0.2435
mcw,30,0,52,139.82,361.565,115.4606,0.2326
mcw,30,0,53,139.705,361.77,123.0253,0.2385
mcw,30,0,54,139.57,361.965,126.3839,0.236
mcw,30,0,55,139.425,362.145,131.4228,0.2267
mcw,30,0,56,139.26,362.305,140.1968,0.2343
mcw,30,0,57,139.075,362.45,143.6161,0.236
mcw,30,0,58,138.88,362.58,149.0337,0.2332
mcw,30,0,59,138.675,362.69,154.5394,0.2326
mcw,30,0,60,138.46,362.785,157.7505,0.2377
mcw,30,0,61,138.235,362.855,167.7351,0.2354
mcw,30,0,62,138.0,362.9,170.5353,0.2433
mcw,30,0,63,137.76,362.925,177.6154,0.2402
mcw,30,1,0,137.55,358.595,176.8218,0.1803
mcw,30,1,1,137.37,358.615,170.5385,0.1825
mcw,30,1,2,137.19,358.655,164.4744,0.1868
mcw,30,1,3,137.02,358.71,159.4452,0.1709
mcw,30,1,4,136.78,358.825,152.0213,0.3624
mcw,30,1,5,136.485,359.025,139.5714,0.3547
mcw,30,1,6,136.24,359.285,127.1855,0.364
mcw,30,1,7,136.045,359.59,117.9787,0.3624
mcw,30,1,8,135.925,359.84,111.2533,0.1931
mcw,30,1,9,135.87,360.02,102.5273,0.1844
mcw,30,1,10,135.835,360.21,98.5342,0.2023
mcw,30,1,11,135.815,360.41,92.8609,0.2002
mcw,30,1,12,135.815,360.605,86.9889,0.1903
mcw,30,1,13,135.83,360.795,83.9898,0.1911
mcw,30,1,14,135.865,360.98,74.4744,0.1868
mcw,30,1,15,135.915,361.16,74.4756,0.1868
mcw,30,1,16,136.02,361.41,63.4339,0.3578
mcw,30,1,17,136.21,361.715,52.8164,0.364
mcw,30,1,18,136.455,361.975,40.427,0.3547
mcw,30,1,19,136.745,362.18,30.1406,0.3585
mcw,30,1,20,136.985,362.305,22.3825,0.1838
mcw,30,1,21,137.16,362.36,12.5262,0.1844
mcw,30,1,22,137.345,362.395,8.9722,0.1924
mcw,30,1,23,137.54,362.415,2.8652,0.2002
mcw,30,1,24,137.74,362.415,177.1348,0.2002
mcw,30,1,25,137.935,362.395,171.0278,0.1924
mcw,30,1,26,138.12,362.36,167.4738,0.1844
mcw,30,1,27,138.295,362.305,157.6175,0.1838
mcw,30,1,28,138.535,362.18,149.8594,0.3585
mcw,30,1,29,138.825,361.975,139.573,0.3547
mcw,30,1,30,139.065,361.715,125.9092,0.358
mcw,30,1,31,139.255,361.41,117.9798,0.3623
mcw,30,1,32,139.365,361.16,105.5244,0.1868
mcw,30,1,33,139.415,360.98,105.5256,0.1868
mcw,30,1,34,139.45,360.795,96.0102,0.1911
mcw,30,1,35,139.465,360.605,93.0111,0.1903
mcw,30,1,36,139.465,360.41,87.1391,0.2002
mcw,30,1,37,139.445,360.21,81.4658,0.2023
mcw,30,1,38,139.41,360.02,77.4727,0.1844
mcw,30,1,39,139.355,359.84,68.7467,0.1931
mcw,30,1,40,139.235,359.59,62.0213,0.3624
mcw,30,1,41,139.04,359.285,52.8145,0.364
mcw,30,1,42,138.79,359.025,39.4021,0.3624
mcw,30,1,43,138.495,358.825,28.7397,0.3536
mcw,30,1,44,138.26,358.71,20.5548,0.1709
mcw,30,1,45,138.09,358.655,15.5256,0.1868
mcw,30,1,46,137.91,358.615,9.4615,0.1825
mcw,30,1,47,137.73,358.595,3.1782,0.1803
mcw,31,0,0,142.96,362.505,90.0,0.51
mcw,31,0,1,141.83,362.76,0.0,2.26
mcw,31,0,2,140.7,360.465,90.0,4.59
mcw,31,0,3,141.0,358.17,0.0,0.6
mcw,31,0,4,141.3,359.315,90.0,2.29
mcw,31,0,5,142.1,360.46,0.0,1.6
mcw,31,0,6,142.9,360.715,90.0,0.51
mcw,31,0,7,142.1,360.97,0.0,1.6
mcw,31,0,8,141.3,361.61,90.0,1.28
mcw,31,0,9,142.13,362.25,0.0,1.66
mcw,32,0,0,148.775,362.7,152.5929,0.3041
mcw,32,0,1,148.495,362.815,162.7588,0.3036
mcw,32,0,2,148.2,362.885,170.5372,0.3041
mcw,32,0,3,147.9,362.92,176.1852,0.3007
mcw,32,0,4,147.62,362.925,2.2048,0.2602
mcw,32,0,5,147.37,362.9,9.4606,0.2433
mcw,32,0,6,147.13,362.855,11.7695,0.2451
mcw,32,0,7,146.895,362.79,19.1786,0.2435
mcw,32,0,8,146.675,362.7,25.4622,0.2326
mcw,32,0,9,146.465,362.585,31.7596,0.247
mcw,32,0,10,146.265,362.455,34.381,0.2302
mcw,32,0,11,146.085,362.31,43.2625,0.2334
mcw,32,0,12,145.92,362.145,46.7373,0.2335
mcw,32,0,13,145.765,361.965,51.7091,0.2421
mcw,32,0,14,145.63,361.77,59.0388,0.2332
mcw,32,0,15,145.515,361.56,63.4334,0.246
mcw,32,0,16,145.42,361.335,70.8214,0.2435
mcw,32,0,17,145.35,361.105,75.3794,0.2377
mcw,32,0,18,145.3,360.865,80.9078,0.2532
mcw,32,0,19,145.275,360.61,87.7986,0.2602
mcw,32,0,20,145.275,360.355,92.2894,0.2502
mcw,32,0,21,145.3,360.11,99.4641,0.2433
mcw,32,0,22,145.35,359.87,104.0354,0.2474
mcw,32,0,23,145.42,359.64,109.9834,0.2341
mcw,32,0,24,145.515,359.425,117.6471,0.2371
mcw,32,0,25,145.63,359.22,120.9631,0.2332
mcw,32,0,26,145.76,359.03,127.8736,0.228
mcw,32,0,27,145.91,358.855,133.2653,0.2335
mcw,32,0,28,146.075,358.695,138.5772,0.2267
mcw,32,0,29,146.255,358.55,143.6161,0.236
mcw,32,0,30,146.45,358.42,149.0337,0.2332
mcw,32,0,31,146.655,358.31,154.5394,0.2326
mcw,32,0,32,146.87,358.225,162.3482,0.2309
mcw,32,0,33,147.095,358.16,165.3794,0.2377
mcw,32,0,34,147.33,358.11,170.5389,0.2433
mcw,32,0,35,147.575,358.085,177.7072,0.2502
mcw,32,0,36,147.855,358.09,3.692,0.3107
mcw,32,0,37,148.165,358.13,10.9537,0.3158
mcw,32,0,38,148.475,358.21,17.8799,0.3257
mcw,32,0,39,148.77,358.33,26.5651,0.313
mcw,32,0,40,148.91,358.74,90.0,0.68
mcw,32,0,41,148.775,358.975,37.8734,0.3421
mcw,32,0,42,148.49,358.795,26.5662,0.3354
mcw,32,0,43,148.175,358.67,16.8576,0.3448
mcw,32,0,44,147.845,358.605,5.1942,0.3314
mcw,32,0,45,147.585,358.595,176.9889,0.1903
mcw,32,0,46,147.395,358.615,171.0278,0.1924
mcw,32,0,47,147.215,358.655,163.6093,0.1772
mcw,32,0,48,147.045,358.71,160.5605,0.1803
mcw,32,0,49,146.805,358.83,149.8594,0.3585
mcw,32,0,50,146.515,359.04,138.3663,0.3613
mcw,32,0,51,146.275,359.3,126.8709,0.35
mcw,32,0,52,146.085,359.605,117.2549,0.3712
mcw,32,0,53,145.97,359.855,109.4395,0.1803
mcw,32,0,54,145.92,360.03,102.5262,0.1844
mcw,32,0,55,145.885,360.215,98.9729,0.1923
mcw,32,0,56,145.865,360.405,93.0157,0.1903
mcw,32,0,57,145.865,360.595,86.9843,0.1903
mcw,32,0,58,145.885,360.785,81.0278,0.1924
mcw,32,0,59,145.92,360.97,77.4727,0.1844
mcw,32,0,60,145.97,361.15,71.5665,0.1897
mcw,32,0,61,146.085,361.405,62.7451,0.3712
mcw,32,0,62,146.28,361.71,51.8425,0.3561
mcw,32,0,63,146.525,361.97,41.6337,0.3613
mcw,32,0,64,146.815,362.18,30.1406,0.3585
mcw,32,0,65,147.055,362.3,19.4395,0.1803
mcw,32,0,66,147.225,362.355,16.3907,0.1772
mcw,32,0,67,147.405,362.395,8.9722,0.1924
mcw,32,0,68,147.595,362.415,3.0111,0.1903
mcw,32,0,69,147.855,362.405,174.8058,0.3314
mcw,32,0,70,148.18,362.345,164.2916,0.3324
mcw,32,0,71,148.49,362.23,154.9834,0.3311
mcw,32,0,72,148.775,362.06,143.472,0.336
mcw,32,0,73,148.91,362.295,90.0,0.67
mcw,33,0,0,150.24,361.825,90.0,1.87
mcw,33,0,1,149.945,362.76,0.0,0.59
mcw,33,0,2,149.65,360.465,90.0,4.59
mcw,33,0,3,149.945,358.17,0.0,0.59
mcw,33,0,4,150.24,359.275,90.0,2.21
mcw,33,0,5,151.305,360.38,0.0,2.13
mcw,33,0,6,152.37,359.275,90.0,2.21
mcw,33,0,7,152.67,358.17,0.0,0.6
mcw,33,0,8,152.97,360.465,90.0,4.59
mcw,33,0,9,152.67,362.76,0.0,0.6
mcw,33,0,10,152.37,361.825,90.0,1.87
mcw,33,0,11,151.305,360.89,0.0,2.13
mcw,34,0,0,156.885,358.765,114.0071,1.3027
mcw,34,0,1,157.46,358.17,0.0,0.62
mcw,34,0,2,156.665,360.585,114.5867,5.3116
mcw,34,0,3,154.455,360.585,65.4132,5.3116
mcw,34,0,4,153.66,358.17,0.0,0.62
mcw,34,0,5,154.23,358.765,66.3964,1.2987
mcw,34,0,6,155.555,359.36,0.0,2.13
mcw,34,1,0,155.555,359.87,0.0,1.65
mcw,34,1,1,155.145,360.805,66.066,2.0459
mcw,34,1,2,155.97,360.805,113.6773,2.0419
mcw,35,0,0,158.535,358.17,0.0,0.59
mcw,35,0,1,158.83,359.9,90.0,3.46
mcw,35,0,2,160.535,359.805,133.053,4.9951
mcw,35,0,3,162.24,360.37,90.0,4.78
mcw,35,0,4,161.94,362.76,0.0,0.6
mcw,35,0,5,161.64,361.085,90.0,3.35
mcw,35,0,6,159.94,361.195,133.6028,4.93
mcw,35,0,7,158.24,360.575,90.0,4.81
mcw,36,0,0,165.53,360.205,90.0,0.51
mcw,36,0,1,166.115,359.95,0.0,1.17
mcw,36,0,2,166.68,359.815,81.5746,0.273
mcw,36,0,3,166.605,359.55,67.0674,0.2823
mcw,36,0,4,166.475,359.305,56.8883,0.2746
mcw,36,0,5,166.305,359.09,46.468,0.2759
mcw,36,0,6,166.1,358.905,37.6957,0.278
mcw,36,0,7,165.865,358.76,25.6401,0.2773
mcw,36,0,8,165.61,358.66,17.1025,0.272
mcw,36,0,9,165.35,358.605,6.5818,0.2617
mcw,36,0,10,165.13,358.595,176.8221,0.1803
mcw,36,0,11,164.95,358.615,170.5377,0.1825
mcw,36,0,12,164.775,358.655,163.6093,0.1772
mcw,36,0,13,164.61,358.715,156.3735,0.1746
mcw,36,0,14,164.38,358.84,149.0354,0.3499
mcw,36,0,15,164.1,359.05,137.2894,0.3538
mcw,36,0,16,163.865,359.31,126.8709,0.35
mcw,36,0,17,163.68,359.605,117.2981,0.3488
mcw,36,0,18,163.55,359.93,106.3907,0.3544
mcw,36,0,19,163.48,360.275,96.5211,0.3523
mcw,36,0,20,163.465,360.55,87.1348,0.2002
mcw,36,0,21,163.485,360.75,81.4694,0.2022
mcw,36,0,22,163.52,360.945,78.1134,0.1942
mcw,36,0,23,163.57,361.13,71.5607,0.1897
mcw,36,0,24,163.685,361.385,62.7451,0.3712
mcw,36,0,25,163.875,361.7,55.0093,0.3662
mcw,36,0,26,164.115,361.97,41.6337,0.3613
mcw,36,0,27,164.405,362.18,30.1406,0.3585
mcw,36,0,28,164.64,362.3,20.5548,0.1709
mcw,36,0,29,164.81,362.355,15.5256,0.1868
mcw,36,0,30,164.99,362.395,9.4615,0.1825
mcw,36,0,31,165.175,362.415,3.0157,0.1903
mcw,36,0,32,165.37,362.415,177.1348,0.2002
mcw,36,0,33,165.57,362.39,168.6917,0.204
mcw,36,0,34,165.77,362.335,160.7078,0.2119
mcw,36,0,35,165.965,362.25,152.2439,0.2147
mcw,36,0,36,166.15,362.145,148.5714,0.211
mcw,36,0,37,166.32,362.02,138.8121,0.2126
mcw,36,0,38,166.475,361.875,135.0,0.2121
mcw,36,0,39,166.62,361.715,129.4726,0.2202
mcw,36,0,40,166.875,361.835,47.9363,0.5523
mcw,36,0,41,166.975,362.14,130.3647,0.2625
mcw,36,0,42,166.795,362.33,136.5473,0.2617
mcw,36,0,43,166.59,362.5,143.9748,0.272
mcw,36,0,44,166.37,362.64,151.3876,0.2506
mcw,36,0,45,166.135,362.75,158.2004,0.2693
mcw,36,0,46,165.885,362.835,164.3562,0.2596
mcw,36,0,47,165.63,362.895,169.1136,0.2648
mcw,36,0,48,165.37,362.925,177.7986,0.2602
mcw,36,0,49,165.12,362.925,2.3846,0.2402
mcw,36,0,50,164.885,362.9,9.8681,0.2334
mcw,36,0,51,164.655,362.85,14.6196,0.2377
mcw,36,0,52,164.43,362.78,19.9834,0.2341
mcw,36,0,53,164.215,362.685,27.6471,0.2371
mcw,36,0,54,164.015,362.57,32.2743,0.2247
mcw,36,0,55,163.83,362.44,37.876,0.228
mcw,36,0,56,163.655,362.29,43.2627,0.2335
mcw,36,0,57,163.49,362.12,48.3674,0.2408
mcw,36,0,58,163.345,361.935,55.619,0.2302
mcw,36,0,59,163.22,361.735,60.2569,0.2419
mcw,36,0,60,163.105,361.52,63.4349,0.246
mcw,36,0,61,163.01,361.295,70.8203,0.2435
mcw,36,0,62,162.94,361.06,75.9646,0.2474
mcw,36,0,63,162.895,360.815,83.1575,0.2518
mcw,36,0,64,162.875,360.56,87.7952,0.2602
mcw,36,0,65,162.875,360.315,92.492,0.2302
mcw,36,0,66,162.895,360.085,97.4308,0.232
mcw,36,0,67,162.94,359.86,105.2544,0.228
mcw,36,0,68,163.01,359.645,110.8557,0.2247
mcw,36,0,69,163.1,359.435,115.4606,0.2326
mcw,36,0,70,163.21,359.235,122.2775,0.2247
mcw,36,0,71,163.335,359.045,124.38,0.2302
mcw,36,0,72,163.475,358.87,133.1535,0.2193
mcw,36,0,73,163.63,358.71,134.9973,0.2263
mcw,36,0,74,163.8,358.56,142.1264,0.228
mcw,36,0,75,163.985,358.43,147.7257,0.2247
mcw,36,0,76,164.185,358.32,154.5344,0.2326
mcw,36,0,77,164.395,358.23,159.1457,0.2247
mcw,36,0,78,164.61,358.16,164.7456,0.228
mcw,36,0,79,164.835,358.11,170.1356,0.2334
mcw,36,0,80,165.065,358.085,177.508,0.2302
mcw,36,0,81,165.295,358.085,2.4919,0.2302
mcw,36,0,82,165.525,358.105,7.4312,0.2319
mcw,36,0,83,165.745,358.15,15.9443,0.2184
mcw,36,0,84,165.95,358.215,19.2883,0.2119
mcw,36,0,85,166.14,358.295,26.5689,0.2012
mcw,36,0,86,166.32,358.395,31.4286,0.211
mcw,36,0,87,166.49,358.51,36.8708,0.2
mcw,36,0,88,166.64,358.64,45.0,0.198
mcw,36,0,89,166.775,358.79,50.9057,0.2062
mcw,36,0,90,166.9,358.955,54.7832,0.2081
mcw,36,0,91,167.01,359.13,60.9429,0.2059
mcw,36,0,92,167.1,359.315,67.1661,0.2062
mcw,36,0,93,167.175,359.515,71.5675,0.2214
mcw,36,0,94,167.23,359.725,79.213,0.2138
mcw,36,0,95,167.265,359.945,82.5692,0.232
mcw,36,0,96,167.285,360.175,87.5118,0.2302
mcw,36,0,97,167.29,360.375,90.0,0.17
mcw,36,0,98,166.41,360.46,0.0,1.76
mcw,37,0,0,169.23,358.17,0.0,2.5
mcw,37,0,1,170.48,358.425,90.0,0.51
mcw,37,0,2,169.525,358.68,0.0,1.91
mcw,37,0,3,168.57,359.57,90.0,1.78
mcw,37,0,4,169.495,360.46,0.0,1.85
mcw,37,0,5,170.42,360.715,90.0,0.51
mcw,37,0,6,169.495,360.97,0.0,1.85
mcw,37,0,7,168.57,361.61,90.0,1.28
mcw,37,0,8,169.525,362.25,0.0,1.91
mcw,37,0,9,170.48,362.505,90.0,0.51
mcw,37,0,10,169.23,362.76,0.0,2.5
mcw,37,0,11,167.98,360.465,90.0,4.59
mcw,38,0,0,111.2,367.605,90.0,2.91
mcw,38,0,1,111.2,366.055,90.0,0.19
mcw,38,0,2,111.195,365.855,87.273,0.2102
mcw,38,0,3,111.18,365.645,84.5607,0.211
mcw,38,0,4,111.15,365.44,78.6896,0.204
mcw,38,0,5,111.09,365.25,66.0362,0.197
mcw,38,0,6,110.99,365.09,49.3997,0.1844
mcw,38,0,7,110.895,364.995,35.5394,0.086
mcw,38,0,8,110.815,364.95,23.9661,0.0985
mcw,38,0,9,110.72,364.915,16.6988,0.1044
mcw,38,0,10,110.61,364.895,4.7609,0.1204
mcw,38,0,11,110.43,364.91,170.5392,0.2433
mcw,38,0,12,110.2,364.99,151.3876,0.2506
mcw,38,0,13,109.95,364.81,59.7442,0.5557
mcw,38,0,14,109.89,364.53,153.4339,0.1789
mcw,38,0,15,110.06,364.46,161.5658,0.1897
mcw,38,0,16,110.24,364.41,167.4732,0.1844
mcw,38,0,17,110.43,364.385,177.1392,0.2003
mcw,38,0,18,110.625,364.385,3.0112,0.1903
mcw,38,0,19,110.81,364.405,9.4619,0.1825
mcw,38,0,20,110.975,364.445,18.4358,0.1581
mcw,38,0,21,111.12,364.5,23.1978,0.1523
mcw,38,0,22,111.3,364.615,37.6938,0.278
mcw,38,0,23,111.49,364.815,55.1744,0.2802
mcw,38,0,24,111.625,365.06,67.0686,0.2823
mcw,38,0,25,111.715,365.34,76.8655,0.308
mcw,38,0,26,111.77,365.65,82.8763,0.3225
mcw,38,0,27,111.795,365.98,88.3149,0.3401
mcw,38,0,28,111.8,367.605,90.0,2.91
mcw,38,0,29,111.5,369.06,0.0,0.6
mcw,39,0,0,115.675,365.065,114.0071,1.3027
mcw,39,0,1,116.25,364.47,0.0,0.62
mcw,39,0,2,115.45,366.885,114.6848,5.3158
mcw,39,0,3,113.235,366.885,65.4132,5.3116
mcw,39,0,4,112.44,364.47,0.0,0.62
mcw,39,0,5,113.015,365.065,65.9926,1.3027
mcw,39,0,6,114.345,365.66,0.0,2.13
mcw,39,1,0,114.345,366.17,0.0,1.65
mcw,39,1,1,113.93,367.105,66.3225,2.0419
mcw,39,1,2,114.755,367.105,113.934,2.0459
mcw,40,0,0,117.32,364.47,0.0,0.6
mcw,40,0,1,117.62,366.2,90.0,3.46
mcw,40,0,2,119.32,366.105,132.969,4.9882
mcw,40,0,3,121.02,366.67,90.0,4.78
mcw,40,0,4,120.725,369.06,0.0,0.59
mcw,40,0,5,120.43,367.385,90.0,3.35
mcw,40,0,6,118.725,367.495,133.687,4.9369
mcw,40,0,7,117.02,366.875,90.0,4.81
mcw,41,0,0,121.82,367.61,90.0,2.9
mcw,41,0,1,121.825,366.065,93.0134,0.1903
mcw,41,0,2,121.84,365.88,96.3389,0.1811
mcw,41,0,3,121.87,365.7,102.5296,0.1844
mcw,41,0,4,121.915,365.53,107.3546,0.1676
mcw,41,0,5,122.01,365.3,115.0166,0.3311
mcw,41,0,6,122.18,365.02,127.5688,0.328
mcw,41,0,7,122.4,364.78,137.4891,0.3256
mcw,41,0,8,122.665,364.595,152.6511,0.3265
mcw,41,0,9,122.895,364.49,160.5567,0.1803
mcw,41,0,10,123.065,364.44,166.7615,0.1746
mcw,41,0,11,123.24,364.405,170.5381,0.1825
mcw,41,0,12,123.425,364.385,176.9888,0.1903
mcw,41,0,13,123.62,364.385,2.8608,0.2003
mcw,41,0,14,123.81,364.405,9.4619,0.1825
mcw,41,0,15,123.985,364.44,13.2385,0.1746
mcw,41,0,16,124.15,364.49,20.5596,0.1709
mcw,41,0,17,124.38,364.595,26.5645,0.3354
mcw,41,0,18,124.65,364.78,42.5109,0.3256
mcw,41,0,19,124.87,365.02,52.4302,0.328
mcw,41,0,20,125.04,365.3,64.9834,0.3311
mcw,41,0,21,125.135,365.53,72.6478,0.1676
mcw,41,0,22,125.18,365.7,77.4704,0.1844
mcw,41,0,23,125.21,365.88,83.6587,0.1811
mcw,41,0,24,125.225,366.065,86.9866,0.1903
mcw,41,0,25,125.23,367.61,90.0,2.9
mcw,41,0,26,124.93,369.06,0.0,0.6
mcw,41,0,27,124.63,367.71,90.0,2.7
mcw,41,0,28,124.625,366.215,88.0262,0.2902
mcw,41,0,29,124.6,365.94,81.2535,0.2631
mcw,41,0,30,124.545,365.685,74.3578,0.2596
mcw,41,0,31,124.46,365.45,65.5548,0.2417
mcw,41,0,32,124.335,365.25,50.1944,0.2343
mcw,41,0,33,124.165,365.085,38.2915,0.2421
mcw,41,0,34,124.01,364.985,22.6206,0.13
mcw,41,0,35,123.89,364.94,18.4328,0.1265
mcw,41,0,36,123.755,364.91,7.5962,0.1513
mcw,41,0,37,123.6,364.895,3.5743,0.1603
mcw,41,0,38,123.445,364.895,176.1879,0.1503
mcw,41,0,39,123.295,364.91,172.4038,0.1513
mcw,41,0,40,123.155,364.94,162.9006,0.136
mcw,41,0,41,123.035,364.985,155.5534,0.1208
mcw,41,0,42,122.885,365.085,141.7085,0.2421
mcw,41,0,43,122.715,365.25,129.807,0.2343
mcw,41,0,44,122.59,365.45,114.4435,0.2417
mcw,41,0,45,122.505,365.685,105.6422,0.2596
mcw,41,0,46,122.45,365.94,98.7465,0.2631
mcw,41,0,47,122.425,366.215,91.9753,0.2902
mcw,41,0,48,122.42,367.71,90.0,2.7
mcw,41,0,49,122.12,369.06,0.0,0.6
mcw,42,0,0,129.11,365.065,113.6042,1.2987
mcw,42,0,1,129.685,364.47,0.0,0.63
mcw,42,0,2,128.89,366.885,114.6847,5.3158
mcw,42,0,3,126.675,366.885,65.4132,5.3116
mcw,42,0,4,125.88,364.47,0.0,0.62
mcw,42,0,5,126.455,365.065,65.9926,1.3027
mcw,42,0,6,127.785,365.66,0.0,2.13
mcw,42,1,0,127.785,366.17,0.0,1.65
mcw,42,1,1,127.37,367.105,66.3225,2.0419
mcw,42,1,2,128.195,367.105,113.9338,2.0459
mcw,43,0,0,132.04,366.51,14.0354,0.2474
mcw,43,0,1,132.27,366.585,22.2481,0.2377
mcw,43,0,2,132.47,366.695,35.8398,0.222
mcw,43,0,3,132.64,366.84,45.0,0.2263
mcw,43,0,4,132.785,367.015,55.6221,0.2302
mcw,43,0,5,132.895,367.215,66.7979,0.2285
mcw,43,0,6,132.97,367.43,74.7456,0.228
mcw,43,0,7,133.01,367.66,85.2355,0.2408
mcw,43,0,8,133.0,367.935,97.354,0.3126
mcw,43,0,9,132.92,368.24,111.8004,0.3231
mcw,43,0,10,132.77,368.52,124.6969,0.3162
mcw,43,0,11,132.56,368.75,140.1937,0.3124
mcw,43,0,12,132.29,368.91,158.1971,0.3231
mcw,43,0,13,131.985,369.005,167.2769,0.3178
mcw,43,0,14,131.665,369.05,176.5311,0.3306
mcw,43,0,15,131.34,369.06,0.0,0.32
mcw,43,0,16,130.82,369.06,0.0,0.72
mcw,43,0,17,130.46,366.765,90.0,4.59
mcw,43,0,18,130.76,364.47,0.0,0.6
mcw,43,0,19,131.06,365.445,90.0,1.95
mcw,43,0,20,131.18,366.42,0.0,0.24
mcw,43,0,21,131.99,365.445,125.2866,2.3889
mcw,43,0,22,133.02,364.47,0.0,0.68
mcw,43,0,23,132.64,365.475,125.6186,2.4726
mcw,43,1,0,131.135,368.55,0.0,0.15
mcw,43,1,1,131.325,368.55,0.0,0.23
mcw,43,1,2,131.55,368.54,174.8045,0.2209
mcw,43,1,3,131.77,368.505,167.195,0.2256
mcw,43,1,4,131.98,368.45,163.3012,0.2088
mcw,43,1,5,132.165,368.365,147.0943,0.2025
mcw,43,1,6,132.32,368.24,135.0,0.198
mcw,43,1,7,132.43,368.08,113.962,0.197
mcw,43,1,8,132.485,367.87,97.125,0.2419
mcw,43,1,9,132.485,367.63,82.8754,0.2419
mcw,43,1,10,132.43,367.42,66.0362,0.197
mcw,43,1,11,132.33,367.255,51.343,0.1921
mcw,43,1,12,132.185,367.13,30.4613,0.1972
mcw,43,1,13,132.005,367.045,20.2281,0.2025
mcw,43,1,14,131.805,366.985,13.3929,0.2159
mcw,43,1,15,131.585,366.95,4.9671,0.2309
mcw,43,1,16,131.36,366.94,0.0,0.22
mcw,43,1,17,131.155,366.94,0.0,0.19
mcw,43,1,18,131.06,367.745,90.0,1.61
mcw,44,0,0,134.88,365.49,90.0,2.04
mcw,44,0,1,135.18,364.47,0.0,0.6
mcw,44,0,2,135.48,365.49,90.0,2.04
mcw,44,0,3,136.235,367.785,59.3679,2.9635
mcw,44,0,4,136.66,369.06,0.0,0.66
mcw,44,0,5,135.755,368.1,59.0803,2.2381
mcw,44,0,6,134.61,368.1,120.6997,2.2329
mcw,44,0,7,133.71,369.06,0.0,0.66
mcw,44,0,8,134.13,367.785,120.4655,2.9585
mcw,45,0,0,141.03,365.93,51.7097,2.4207
mcw,45,0,1,141.845,366.985,58.2404,0.247
mcw,45,0,2,141.96,367.21,67.3825,0.26
mcw,45,0,3,142.045,367.455,74.3562,0.2596
mcw,45,0,4,142.09,367.715,85.7625,0.2707
mcw,45,0,5,142.085,367.995,95.9087,0.2916
mcw,45,0,6,142.03,368.275,106.5024,0.2816
mcw,45,0,7,141.925,368.53,118.4433,0.273
mcw,45,0,8,141.77,368.75,131.9889,0.2691
mcw,45,0,9,141.575,368.93,142.6943,0.264
mcw,45,0,10,141.35,369.07,153.4364,0.2683
mcw,45,0,11,141.1,369.17,162.8966,0.272
mcw,45,0,12,140.825,369.22,176.0541,0.2907
mcw,45,0,13,140.53,369.22,3.815,0.3007
mcw,45,0,14,140.245,369.175,14.5327,0.2789
mcw,45,0,15,139.99,369.08,26.5665,0.2683
mcw,45,0,16,139.77,368.94,38.6582,0.2561
mcw,45,0,17,139.585,368.76,49.6375,0.2625
mcw,45,0,18,139.435,368.545,60.5227,0.2642
mcw,45,0,19,139.32,368.295,69.6789,0.2879
mcw,45,0,20,139.245,368.01,80.5367,0.3041
mcw,45,0,21,139.505,367.86,0.0,0.57
mcw,45,0,22,139.805,367.945,79.9923,0.1726
mcw,45,0,23,139.85,368.11,69.4404,0.1709
mcw,45,0,24,139.92,368.265,61.9305,0.17
mcw,45,0,25,140.015,368.405,49.7645,0.1703
mcw,45,0,26,140.135,368.525,40.2355,0.1703
mcw,45,0,27,140.275,368.62,28.067,0.17
mcw,45,0,28,140.43,368.685,17.3562,0.1676
mcw,45,0,29,140.595,368.715,3.3698,0.1703
mcw,45,0,30,140.77,368.71,173.6587,0.1811
mcw,45,0,31,140.94,368.675,162.6454,0.1676
mcw,45,0,32,141.1,368.61,153.4328,0.1789
mcw,45,0,33,141.245,368.515,139.7645,0.1703
mcw,45,0,34,141.37,368.39,130.6003,0.1844
mcw,45,0,35,141.47,368.245,118.074,0.17
mcw,45,0,36,141.54,368.085,109.4395,0.1803
mcw,45,0,37,141.58,367.91,96.3413,0.1811
mcw,45,0,38,141.57,367.705,80.1356,0.2334
mcw,45,0,39,141.5,367.48,65.5548,0.2417
mcw,45,0,40,141.385,367.265,58.2404,0.247
mcw,45,0,41,141.25,367.07,52.124,0.228
mcw,45,0,42,140.165,365.725,51.0352,3.2282
mcw,45,0,43,140.625,364.47,0.0,2.95
mcw,45,0,44,142.1,364.725,90.0,0.51
mcw,45,0,45,141.19,364.98,0.0,1.82
mcw,46,0,0,144.33,364.39,5.1955,0.2209
mcw,46,0,1,144.535,364.425,14.7442,0.1965
mcw,46,0,2,144.72,364.485,21.2491,0.1931
mcw,46,0,3,144.89,364.575,34.5081,0.1942
mcw,46,0,4,145.04,364.69,40.6003,0.1844
mcw,46,0,5,145.175,364.825,49.0863,0.1985
mcw,46,0,6,145.3,364.98,53.1292,0.2
mcw,46,0,7,145.405,365.145,62.1056,0.1924
mcw,46,0,8,145.53,365.425,67.6933,0.4215
mcw,46,0,9,145.665,365.82,74.6234,0.4148
mcw,46,0,10,145.74,366.12,78.6917,0.204
mcw,46,0,11,145.77,366.32,84.2881,0.201
mcw,46,0,12,145.785,366.515,86.9843,0.1903
mcw,46,0,13,145.795,366.705,86.9889,0.1903
mcw,46,0,14,145.795,366.89,93.1779,0.1803
mcw,46,0,15,145.785,367.075,93.0159,0.1903
mcw,46,0,16,145.77,367.27,95.7115,0.201
mcw,46,0,17,145.74,367.475,100.783,0.2138
mcw,46,0,18,145.665,367.785,105.0183,0.4245
mcw,46,0,19,145.535,368.18,111.5399,0.4085
mcw,46,0,20,145.41,368.46,119.0571,0.2059
mcw,46,0,21,145.3,368.63,126.8681,0.2
mcw,46,0,22,145.18,368.785,128.6634,0.1921
mcw,46,0,23,145.045,368.925,139.0834,0.1985
mcw,46,0,24,144.89,369.04,147.9936,0.1887
mcw,46,0,25,144.72,369.13,156.0402,0.197
mcw,46,0,26,144.535,369.195,165.2558,0.1965
mcw,46,0,27,144.33,369.225,177.3949,0.2202
mcw,46,0,28,144.115,369.225,2.7289,0.2102
mcw,46,0,29,143.91,369.195,14.0373,0.2062
mcw,46,0,30,143.725,369.13,25.1977,0.1879
mcw,46,0,31,143.56,369.04,32.0064,0.1887
mcw,46,0,32,143.405,368.925,40.9166,0.1985
mcw,46,0,33,143.265,368.785,49.0834,0.1985
mcw,46,0,34,143.145,368.63,55.4919,0.1942
mcw,46,0,35,143.04,368.46,60.9466,0.2059
mcw,46,0,36,142.91,368.18,67.1661,0.4123
mcw,46,0,37,142.78,367.785,76.2924,0.422
mcw,46,0,38,142.71,367.475,79.217,0.2138
mcw,46,0,39,142.68,367.27,84.2885,0.201
mcw,46,0,40,142.66,367.075,83.9893,0.191
mcw,46,0,41,142.65,366.89,90.0,0.18
mcw,46,0,42,142.65,366.705,90.0,0.19
mcw,46,0,43,142.66,366.515,96.0102,0.1911
mcw,46,0,44,142.68,366.32,95.7119,0.201
mcw,46,0,45,142.71,366.12,101.3083,0.204
mcw,46,0,46,142.785,365.82,105.3766,0.4148
mcw,46,0,47,142.915,365.425,111.0387,0.4179
mcw,46,0,48,143.04,365.145,120.4613,0.1972
mcw,46,0,49,143.15,364.98,126.8743,0.2
mcw,46,0,50,143.27,364.825,128.657,0.1921
mcw,46,0,51,143.405,364.69,141.3402,0.1921
mcw,46,0,52,143.56,364.575,145.4919,0.1942
mcw,46,0,53,143.73,364.485,158.7525,0.1931
mcw,46,0,54,143.915,364.425,165.2546,0.1965
mcw,46,0,55,144.115,364.39,174.5587,0.211
mcw,46,1,0,144.295,368.715,176.1879,0.1503
mcw,46,1,1,144.44,368.69,164.0513,0.1456
mcw,46,1,2,144.57,368.635,149.7485,0.1389
mcw,46,1,3,144.685,368.555,140.7119,0.1421
mcw,46,1,4,144.835,368.395,129.5587,0.2983
mcw,46,1,5,145.0,368.14,116.5651,0.313
mcw,46,1,6,145.12,367.845,107.8773,0.3257
mcw,46,1,7,145.205,367.53,102.3406,0.3276
mcw,46,1,8,145.26,367.22,97.5933,0.3027
mcw,46,1,9,145.285,366.935,92.1231,0.2702
mcw,46,1,10,145.285,366.67,87.7952,0.2602
mcw,46,1,11,145.26,366.385,82.6488,0.3126
mcw,46,1,12,145.205,366.075,77.2749,0.3178
mcw,46,1,13,145.12,365.765,72.1227,0.3257
mcw,46,1,14,145.0,365.47,63.4349,0.313
mcw,46,1,15,144.835,365.215,50.4394,0.2983
mcw,46,1,16,144.685,365.055,39.2881,0.1421
mcw,46,1,17,144.57,364.98,26.5621,0.1342
mcw,46,1,18,144.44,364.93,15.9487,0.1456
mcw,46,1,19,144.295,364.9,7.5966,0.1513
mcw,46,1,20,144.145,364.9,172.4034,0.1513
mcw,46,1,21,144.005,364.93,162.8944,0.136
mcw,46,1,22,143.88,364.98,153.4349,0.1342
mcw,46,1,23,143.765,365.055,140.7119,0.1421
mcw,46,1,24,143.615,365.215,129.5606,0.2983
mcw,46,1,25,143.45,365.47,116.5651,0.313
mcw,46,1,26,143.33,365.765,107.8799,0.3257
mcw,46,1,27,143.245,366.075,102.7225,0.3178
mcw,46,1,28,143.19,366.385,97.354,0.3126
mcw,46,1,29,143.165,366.67,92.2014,0.2602
mcw,46,1,30,143.165,366.935,87.8801,0.2702
mcw,46,1,31,143.19,367.22,82.4038,0.3027
mcw,46,1,32,143.245,367.53,77.662,0.3276
mcw,46,1,33,143.33,367.845,72.1201,0.3257
mcw,46,1,34,143.45,368.14,63.4349,0.313
mcw,46,1,35,143.615,368.395,50.4413,0.2983
mcw,46,1,36,143.765,368.555,39.2881,0.1421
mcw,46,1,37,143.88,368.635,30.2546,0.1389
mcw,46,1,38,144.005,368.69,17.1056,0.136
mcw,46,1,39,144.145,368.715,3.8121,0.1503
mcw,47,0,0,148.26,365.93,51.7097,2.4207
mcw,47,0,1,149.075,366.985,58.2404,0.247
mcw,47,0,2,149.19,367.21,67.3825,0.26
mcw,47,0,3,149.275,367.455,74.3562,0.2596
mcw,47,0,4,149.32,367.715,85.7625,0.2707
mcw,47,0,5,149.315,367.995,95.9087,0.2916
mcw,47,0,6,149.26,368.275,106.5024,0.2816
mcw,47,0,7,149.155,368.53,118.4433,0.273
mcw,47,0,8,149.0,368.75,131.9889,0.2691
mcw,47,0,9,148.805,368.93,142.6943,0.264
mcw,47,0,10,148.58,369.07,153.4364,0.2683
mcw,47,0,11,148.33,369.17,162.8966,0.272
mcw,47,0,12,148.055,369.22,176.0541,0.2907
mcw,47,0,13,147.76,369.22,3.815,0.3007
mcw,47,0,14,147.475,369.175,14.5327,0.2789
mcw,47,0,15,147.22,369.08,26.5665,0.2683
mcw,47,0,16,147.0,368.94,38.6582,0.2561
mcw,47,0,17,146.815,368.76,49.6375,0.2625
mcw,47,0,18,146.665,368.545,60.5227,0.2642
mcw,47,0,19,146.55,368.295,69.6789,0.2879
mcw,47,0,20,146.475,368.01,80.5367,0.3041
mcw,47,0,21,146.735,367.86,0.0,0.57
mcw,47,0,22,147.035,367.945,79.9923,0.1726
mcw,47,0,23,147.08,368.11,69.4404,0.1709
mcw,47,0,24,147.15,368.265,61.9305,0.17
mcw,47,0,25,147.245,368.405,49.7645,0.1703
mcw,47,0,26,147.365,368.525,40.2355,0.1703
mcw,47,0,27,147.505,368.62,28.067,0.17
mcw,47,0,28,147.66,368.685,17.3562,0.1676
mcw,47,0,29,147.825,368.715,3.3698,0.1703
mcw,47,0,30,148.0,368.71,173.6587,0.1811
mcw,47,0,31,148.17,368.675,162.6454,0.1676
mcw,47,0,32,148.33,368.61,153.4328,0.1789
mcw,47,0,33,148.475,368.515,139.7645,0.1703
mcw,47,0,34,148.6,368.39,130.6003,0.1844
mcw,47,0,35,148.7,368.245,118.074,0.17
mcw,47,0,36,148.77,368.085,109.4395,0.1803
mcw,47,0,37,148.81,367.91,96.3413,0.1811
mcw,47,0,38,148.8,367.705,80.1356,0.2334
mcw,47,0,39,148.73,367.48,65.5548,0.2417
mcw,47,0,40,148.615,367.265,58.2404,0.247
mcw,47,0,41,148.48,367.07,52.124,0.228
mcw,47,0,42,147.395,365.725,51.0352,3.2282
mcw,47,0,43,147.855,364.47,0.0,2.95
mcw,47,0,44,149.33,364.725,90.0,0.51
mcw,47,0,45,148.42,364.98,0.0,1.82
mcw,48,0,0,152.88,368.805,90.0,0.51
mcw,48,0,1,151.975,369.06,0.0,1.81
mcw,48,0,2,150.715,367.88,73.2561,2.4645
mcw,48,0,3,150.415,366.7,0.0,0.11
mcw,48,0,4,150.555,366.785,45.0026,0.2404
mcw,48,0,5,150.745,366.935,31.7566,0.247
mcw,48,0,6,150.97,367.04,18.4349,0.253
mcw,48,0,7,151.21,367.095,7.125,0.2419
mcw,48,0,8,151.44,367.095,172.2352,0.222
mcw,48,0,9,151.65,367.05,163.3012,0.2088
mcw,48,0,10,151.845,366.97,152.2403,0.2147
mcw,48,0,11,152.02,366.85,138.8148,0.2126
mcw,48,0,12,152.17,366.7,131.1879,0.2126
mcw,48,0,13,152.29,366.53,119.055,0.2059
mcw,48,0,14,152.375,366.335,108.4325,0.2214
mcw,48,0,15,152.42,366.125,95.4417,0.2109
mcw,48,0,16,152.42,365.905,85.0291,0.2309
mcw,48,0,17,152.38,365.685,74.0557,0.2184
mcw,48,0,18,152.295,365.485,59.9316,0.2195
mcw,48,0,19,152.175,365.305,52.5933,0.214
mcw,48,0,20,152.03,365.155,39.0969,0.2061
mcw,48,0,21,151.855,365.035,30.0684,0.2195
mcw,48,0,22,151.655,364.95,15.9443,0.2184
mcw,48,0,23,151.435,364.905,7.4312,0.2319
mcw,48,0,24,151.24,364.9,172.8736,0.1612
mcw,48,0,25,151.08,364.925,169.381,0.1628
mcw,48,0,26,150.925,364.975,154.9799,0.1655
mcw,48,0,27,150.775,365.05,151.9305,0.17
mcw,48,0,28,150.635,365.14,142.4308,0.164
mcw,48,0,29,150.515,365.245,135.0,0.1556
mcw,48,0,30,150.41,365.365,127.5692,0.164
mcw,48,0,31,150.325,365.5,116.5626,0.1565
mcw,48,0,32,150.075,365.37,42.9301,0.5873
mcw,48,0,33,149.92,365.08,123.6934,0.2163
mcw,48,0,34,150.05,364.915,133.0232,0.2052
mcw,48,0,35,150.2,364.77,138.8121,0.2126
mcw,48,0,36,150.37,364.645,148.5714,0.211
mcw,48,0,37,150.555,364.545,154.655,0.2102
mcw,48,0,38,150.75,364.47,163.3012,0.2088
mcw,48,0,39,150.955,364.42,169.217,0.2138
mcw,48,0,40,151.165,364.39,174.5587,0.211
mcw,48,0,41,151.36,364.385,3.1779,0.1803
mcw,48,0,42,151.535,364.4,6.7113,0.1712
mcw,48,0,43,151.7,364.43,14.035,0.1649
mcw,48,0,44,151.86,364.475,17.3546,0.1676
mcw,48,0,45,152.08,364.57,26.5651,0.313
mcw,48,0,46,152.345,364.735,37.2352,0.314
mcw,48,0,47,152.57,364.945,48.9908,0.3048
mcw,48,0,48,152.745,365.2,61.8199,0.3177
mcw,48,0,49,152.845,365.415,71.5651,0.1581
mcw,48,0,50,152.89,365.57,75.9663,0.1649
mcw,48,0,51,152.925,365.735,79.9923,0.1726
mcw,48,0,52,152.94,365.91,90.0,0.18
mcw,48,0,53,152.93,366.155,93.6922,0.3106
mcw,48,0,54,152.88,366.46,104.9289,0.3105
mcw,48,0,55,152.78,366.745,113.964,0.2955
mcw,48,0,56,152.64,367.005,122.6198,0.2968
mcw,48,0,57,152.455,367.23,136.3965,0.29
mcw,48,0,58,152.225,367.405,149.0373,0.2915
mcw,48,0,59,152.035,367.51,155.221,0.1432
mcw,48,0,60,151.895,367.56,165.0704,0.1552
mcw,48,0,61,151.745,367.595,168.6912,0.153
mcw,48,0,62,151.585,367.615,176.6302,0.1703
mcw,48,0,63,151.34,367.61,3.5772,0.3206
mcw,48,0,64,151.32,368.075,73.5778,0.9904
mcw,48,0,65,152.17,368.55,0.0,1.42
mcw,49,0,0,128.43,412.445,90.0,69.89
mcw,50,0,0,138.485,410.25,72.9323,68.5176
mcw,51,0,0,147.13,438.425,72.8708,9.5747
mcw,51,0,1,146.01,433.995,26.5644,0.6485
mcw,51,0,2,146.555,434.21,15.3498,0.5289
mcw,51,0,3,147.06,434.28,0.0,0.5
mcw,51,0,4,147.42,434.245,162.3518,0.2309
mcw,51,0,5,147.745,434.1,152.9039,0.483
mcw,51,0,6,147.925,435.105,91.7977,2.2311
mcw,51,0,7,147.925,437.34,88.2103,2.2411
mcw,51,0,8,148.065,439.25,82.4288,1.5939
mcw,52,0,0,129.655,439.72,47.3534,3.6164
mcw,52,0,1,130.16,442.78,112.5964,3.7477
mcw,52,0,2,128.935,446.78,102.5421,4.651
mcw,52,0,3,127.96,446.78,78.3023,4.6363
mcw,52,0,4,126.735,442.78,66.4228,3.7751
mcw,53,0,0,135.85,395.18,73.0728,0.4808
mcw,53,0,1,137.78,395.14,5.4269,4.018
mcw,53,0,2,138.23,396.61,140.45,4.0204
mcw,53,0,3,136.61,397.66,73.0723,0.4808
mcw,53,0,4,137.63,396.545,140.926,2.8081
mcw,53,0,5,137.32,395.535,5.1022,2.8111
mcw,54,0,0,140.405,399.53,6.9109,0.9973
mcw,54,0,1,140.97,399.82,73.0728,0.4808
mcw,54,0,2,139.015,399.78,7.5948,4.0858
mcw,54,0,3,138.515,398.15,138.2735,4.0867
mcw,54,0,4,140.11,397.02,73.0723,0.4808
mcw,54,0,5,139.805,397.58,138.6521,0.9991
mcw,54,0,6,139.67,398.69,72.8974,1.6322
mcw,54,1,0,139.295,398.805,72.9968,1.2653
mcw,54,1,1,138.515,398.715,139.1224,1.5738
mcw,54,1,2,138.7,399.32,6.5822,1.5704
mcw,55,0,0,139.985,401.965,86.9889,0.1903
mcw,55,0,1,139.98,402.15,96.337,0.1811
mcw,55,0,2,139.945,402.32,107.3546,0.1676
mcw,55,0,3,139.88,402.475,118.074,0.17
mcw,55,0,4,139.785,402.62,128.1545,0.1781
mcw,55,0,5,139.665,402.745,139.7685,0.1703
mcw,55,0,6,139.52,402.85,147.9912,0.1887
mcw,55,0,7,139.355,402.93,160.5621,0.1803
mcw,55,0,8,139.15,402.985,168.2305,0.2451
mcw,55,0,9,138.91,403.0,4.7645,0.2408
mcw,55,0,10,138.675,402.955,16.926,0.2404
mcw,55,0,11,138.455,402.85,33.6891,0.2524
mcw,55,0,12,138.275,402.685,51.7113,0.2421
mcw,55,0,13,138.14,402.48,61.3907,0.2506
mcw,55,0,14,138.035,402.255,68.6265,0.247
mcw,55,0,15,137.95,402.025,70.8214,0.2435
mcw,55,0,16,137.83,401.645,73.2027,0.5536
mcw,55,0,17,139.44,400.86,162.8973,3.5364
mcw,55,0,18,141.2,400.56,72.35,0.4617
mcw,55,0,19,140.55,401.0,163.0089,1.5057
mcw,55,0,20,139.855,401.31,74.4789,0.1868
mcw,55,0,21,140.755,401.685,18.0414,1.8405
mcw,55,0,22,141.71,402.22,72.2549,0.525
mcw,55,0,23,140.885,402.17,18.3401,1.9069
mcw,55,1,0,138.28,401.76,71.5607,0.1265
mcw,55,1,1,138.325,401.9,72.6503,0.1676
mcw,55,1,2,138.385,402.06,66.3689,0.1746
mcw,55,1,3,138.46,402.215,61.926,0.17
mcw,55,1,4,138.545,402.355,55.3069,0.1581
mcw,55,1,5,138.65,402.47,39.8041,0.1562
mcw,55,1,6,138.775,402.555,28.3024,0.1477
mcw,55,1,7,138.92,402.6,7.1264,0.1612
mcw,55,1,8,139.09,402.595,170.5377,0.1825
mcw,55,1,9,139.265,402.545,157.6175,0.1838
mcw,55,1,10,139.41,402.455,137.4919,0.1628
mcw,55,1,11,139.505,402.34,120.2546,0.1389
mcw,55,1,12,139.56,402.205,104.9336,0.1553
mcw,55,1,13,139.585,402.055,93.8121,0.1503
mcw,55,1,14,139.58,401.895,83.2887,0.1712
mcw,55,1,15,139.555,401.725,79.9923,0.1726
mcw,55,1,16,139.515,401.555,73.6093,0.1772
mcw,55,1,17,139.47,401.4,74.0571,0.1456
mcw,55,1,18,138.855,401.515,162.7285,1.2462
mcw,56,0,0,143.06,406.42,75.9663,0.1649
mcw,56,0,1,143.085,406.58,86.4203,0.1603
mcw,56,0,2,143.08,406.73,98.1319,0.1414
mcw,56,0,3,143.05,406.875,104.9296,0.1552
mcw,56,0,4,143.0,407.015,114.779,0.1432
mcw,56,0,5,142.93,407.145,121.6053,0.1526
mcw,56,0,6,142.845,407.27,126.8711,0.15
mcw,56,0,7,142.745,407.385,135.0,0.1556
mcw,56,0,8,142.57,407.54,140.1937,0.3124
mcw,56,0,9,142.315,407.725,147.805,0.3191
mcw,56,0,10,142.11,407.845,153.4374,0.1565
mcw,56,0,11,141.97,407.915,153.4325,0.1565
mcw,56,0,12,141.83,407.975,160.345,0.1487
mcw,56,0,13,141.69,408.025,160.345,0.1487
mcw,56,0,14,141.555,408.065,167.0064,0.1334
mcw,56,0,15,141.415,408.1,165.0704,0.1552
mcw,56,0,16,141.265,408.13,172.4042,0.1513
mcw,56,0,17,141.11,408.15,172.873,0.1612
mcw,56,0,18,140.87,408.17,176.4257,0.3206
mcw,56,0,19,140.55,408.165,5.3557,0.3214
mcw,56,0,20,140.31,408.135,10.619,0.1628
mcw,56,0,21,140.16,408.095,19.655,0.1487
mcw,56,0,22,140.02,408.04,23.1978,0.1523
mcw,56,0,23,139.885,407.97,31.6071,0.1526
mcw,56,0,24,139.765,407.885,39.2881,0.1421
mcw,56,0,25,139.66,407.78,50.1959,0.1562
mcw,56,0,26,139.575,407.655,61.6976,0.1477
mcw,56,0,27,139.505,407.515,64.9799,0.1655
mcw,56,0,28,139.455,407.36,79.381,0.1628
mcw,56,0,29,139.435,407.2,86.4257,0.1603
mcw,56,0,30,139.44,407.045,97.5966,0.1513
mcw,56,0,31,139.47,406.9,105.9429,0.1456
mcw,56,0,32,139.52,406.765,114.7734,0.1432
mcw,56,0,33,139.59,406.635,121.6071,0.1526
mcw,56,0,34,139.675,406.51,126.8699,0.15
mcw,56,0,35,139.775,406.395,135.0,0.1556
mcw,56,0,36,139.955,406.235,139.9688,0.3265
mcw,56,0,37,140.215,406.045,147.805,0.3191
mcw,56,0,38,140.425,405.925,154.9869,0.1655
mcw,56,0,39,140.57,405.86,156.8022,0.1523
mcw,56,0,40,140.71,405.8,156.7969,0.1523
mcw,56,0,41,140.845,405.75,162.8987,0.136
mcw,56,0,42,140.98,405.71,164.0571,0.1456
mcw,56,0,43,141.12,405.675,167.9057,0.1432
mcw,56,0,44,141.265,405.645,168.6856,0.153
mcw,56,0,45,141.42,405.62,172.879,0.1612
mcw,56,0,46,141.66,405.605,178.2083,0.3201
mcw,56,0,47,141.98,405.615,5.3555,0.3214
mcw,56,0,48,142.215,405.645,11.3155,0.153
mcw,56,0,49,142.365,405.685,18.4315,0.1581
mcw,56,0,50,142.505,405.74,24.7734,0.1432
mcw,56,0,51,142.635,405.81,31.6071,0.1526
mcw,56,0,52,142.755,405.895,39.2929,0.1421
mcw,56,0,53,142.855,406.0,53.1301,0.15
mcw,56,0,54,142.94,406.125,58.3929,0.1526
mcw,56,0,55,143.01,406.265,68.1986,0.1615
mcw,56,1,0,139.87,407.375,70.0131,0.1171
mcw,56,1,1,139.925,407.475,52.127,0.114
mcw,56,1,2,139.995,407.555,45.0,0.099
mcw,56,1,3,140.075,407.62,33.6901,0.1082
mcw,56,1,4,140.225,407.695,23.1986,0.2285
mcw,56,1,5,140.45,407.76,9.4641,0.2433
mcw,56,1,6,140.695,407.785,2.2894,0.2502
mcw,56,1,7,140.945,407.775,173.1575,0.2518
mcw,56,1,8,141.185,407.74,170.1356,0.2334
mcw,56,1,9,141.4,407.695,165.9638,0.2062
mcw,56,1,10,141.6,407.635,160.7078,0.2119
mcw,56,1,11,141.805,407.555,156.8014,0.2285
mcw,56,1,12,142.02,407.445,149.42,0.2555
mcw,56,1,13,142.23,407.31,145.0077,0.2441
mcw,56,1,14,142.42,407.155,136.6381,0.2476
mcw,56,1,15,142.57,406.975,122.2743,0.2247
mcw,56,1,16,142.65,406.83,111.8074,0.1077
mcw,56,1,17,142.68,406.73,101.3032,0.102
mcw,56,1,18,142.69,406.625,90.0,0.11
mcw,56,1,19,142.68,406.515,79.7007,0.1118
mcw,56,1,20,142.645,406.405,65.5548,0.1208
mcw,56,1,21,142.59,406.305,56.3099,0.1082
mcw,56,1,22,142.525,406.225,44.9938,0.099
mcw,56,1,23,142.445,406.155,37.879,0.114
mcw,56,1,24,142.295,406.08,20.8543,0.2247
mcw,56,1,25,142.07,406.02,9.4611,0.2433
mcw,56,1,26,141.825,405.995,2.2928,0.2502
mcw,56,1,27,141.575,406.0,175.4251,0.2508
mcw,56,1,28,141.335,406.03,170.1326,0.2335
mcw,56,1,29,141.12,406.08,163.3012,0.2088
mcw,56,1,30,140.925,406.14,162.4753,0.1993
mcw,56,1,31,140.72,406.22,155.5566,0.2416
mcw,56,1,32,140.505,406.33,150.2538,0.2419
mcw,56,1,33,140.295,406.465,144.4643,0.2581
mcw,56,1,34,140.1,406.625,136.6357,0.2476
mcw,56,1,35,139.95,406.8,123.6878,0.2163
mcw,56,1,36,139.87,406.945,109.9869,0.1171
mcw,56,1,37,139.84,407.05,101.3133,0.102
mcw,56,1,38,139.83,407.155,90.0,0.11
mcw,56,1,39,139.84,407.265,79.6931,0.1118
mcw,57,0,0,143.135,408.39,84.2929,0.1005
mcw,57,0,1,143.145,408.29,106.7,0.1044
mcw,57,0,2,143.19,408.205,130.5972,0.0922
mcw,57,0,3,143.265,408.145,150.9429,0.103
mcw,57,0,4,143.365,408.115,174.8084,0.1105
mcw,57,0,5,143.465,408.125,18.4349,0.0949
mcw,57,0,6,143.55,408.17,36.8681,0.1
mcw,57,0,7,143.615,408.245,60.947,0.103
mcw,57,0,8,143.645,408.34,84.292,0.1005
mcw,57,0,9,143.635,408.44,106.6976,0.1044
mcw,57,0,10,143.59,408.53,126.8681,0.1
mcw,57,0,11,143.515,408.595,150.9503,0.1029
mcw,57,0,12,143.42,408.625,174.2842,0.1005
mcw,57,0,13,143.32,408.615,16.7,0.1044
mcw,57,0,14,143.23,408.57,36.8681,0.1
mcw,57,0,15,143.165,408.49,63.4349,0.1118
mcw,58,0,0,142.63,410.575,162.7767,3.1408
mcw,58,0,1,144.19,410.3,72.4747,0.3985
mcw,58,0,2,142.56,411.01,162.8971,3.5364
mcw,58,0,3,140.755,411.16,72.7335,0.7749
mcw,58,0,4,140.795,410.615,131.5325,0.4676
mcw,58,0,5,141.04,410.74,73.3016,0.6264
mcw,59,0,0,141.475,413.43,84.6445,0.3214
mcw,59,0,1,141.5,413.125,105.4228,0.3008
mcw,59,0,2,141.64,412.865,131.0092,0.3048
mcw,59,0,3,141.885,412.675,152.6482,0.3265
mcw,59,0,4,142.19,412.58,172.8763,0.3225
mcw,59,0,5,142.495,412.6,15.4228,0.3008
mcw,59,0,6,142.755,412.735,39.5587,0.2983
mcw,59,0,7,142.945,412.975,62.6505,0.3265
mcw,59,0,8,143.04,413.285,83.0873,0.3324
mcw,59,0,9,143.02,413.595,105.4228,0.3008
mcw,59,0,10,142.88,413.855,131.0095,0.3048
mcw,59,0,11,142.635,414.045,152.6505,0.3265
mcw,59,0,12,142.33,414.14,172.8736,0.3225
mcw,59,0,13,142.025,414.12,15.4228,0.3008
mcw,59,0,14,141.76,413.985,38.3672,0.3061
mcw,59,0,15,141.565,413.74,63.4361,0.3354
mcw,59,1,0,142.63,413.16,60.2592,0.1612
mcw,59,1,1,142.525,413.035,40.2355,0.1703
mcw,59,1,2,142.38,412.955,17.3546,0.1676
mcw,59,1,3,142.215,412.94,173.2887,0.1712
mcw,59,1,4,142.055,412.99,151.926,0.17
mcw,59,1,5,141.93,413.095,127.5692,0.164
mcw,59,1,6,141.855,413.24,107.3562,0.1676
mcw,59,1,7,141.835,413.4,86.4203,0.1603
mcw,59,1,8,141.885,413.555,59.0362,0.1749
mcw,59,1,9,141.995,413.685,40.2355,0.1703
mcw,59,1,10,142.14,413.765,17.3562,0.1676
mcw,59,1,11,142.305,413.78,173.2887,0.1712
mcw,59,1,12,142.465,413.73,151.933,0.17
mcw,59,1,13,142.59,413.625,127.565,0.164
mcw,59,1,14,142.66,413.48,104.0388,0.1649
mcw,59,1,15,142.675,413.315,86.6302,0.1703
mcw,60,0,0,146.355,417.35,72.7877,1.9263
mcw,60,0,1,146.45,418.33,162.4732,0.3985
mcw,60,0,2,146.045,417.69,72.9258,1.4646
mcw,60,0,3,145.175,417.19,163.0199,1.3697
mcw,60,0,4,144.725,418.07,73.2234,1.4205
mcw,60,0,5,144.745,418.81,162.0313,0.389
mcw,60,0,6,144.35,418.185,72.9561,1.4329
mcw,60,0,7,143.67,417.645,162.8549,0.9837
mcw,60,0,8,143.415,418.49,72.9262,1.4645
mcw,60,0,9,143.445,419.25,162.0292,0.389
mcw,60,0,10,142.975,418.39,72.7878,1.9263
mcw,60,0,11,144.38,416.95,162.8974,3.5364
mcw,61,0,0,18.04,296.915,90.0,504.39
mcw,61,0,1,193.68,44.72,0.0,351.28
mcw,61,0,2,369.32,296.915,90.0,504.39
mcw,61,0,3,193.68,549.11,0.0,351.28
mcw,62,0,0,185.03,154.605,52.4313,5.0844
mcw,62,0,1,186.69,156.55,147.5319,0.2608
mcw,62,0,2,187.52,157.45,53.4145,2.416
mcw,62,0,3,187.59,158.96,140.2805,1.6901
mcw,62,0,4,186.475,158.89,52.6817,1.5341
mcw,62,0,5,184.135,159.685,143.1546,4.686
mcw,62,0,6,181.0,159.36,53.9331,4.2804
mcw,62,0,7,179.595,157.775,135.0015,0.4101
mcw,62,0,8,178.91,157.2,53.1295,1.8
mcw,63,0,0,215.26,135.365,144.3446,17.5499
mcw,63,0,1,222.97,131.04,53.7149,1.9601
mcw,63,0,2,216.305,136.91,144.9629,17.6971
mcw,64,0,0,212.665,129.06,145.5686,14.1488
mcw,64,0,1,219.475,126.32,52.2669,3.1864
mcw,64,0,2,214.54,131.69,145.184,14.3972
mcw,65,0,0,208.775,128.02,144.4175,19.3169
mcw,65,0,1,215.765,121.135,55.6357,3.0649
mcw,65,0,2,206.975,125.42,144.9959,19.3502
mcw,66,0,0,227.725,124.56,145.7299,3.8359
mcw,66,0,1,230.5,125.065,53.1013,3.964
mcw,66,0,2,230.14,127.8,143.4272,3.86
mcw,67,0,0,237.02,117.925,144.6979,4.2396
mcw,67,0,1,239.65,117.96,54.4627,3.0968
mcw,67,0,2,238.82,120.485,143.8252,4.2863
mcw,68,0,0,239.4,112.955,90.0,4.75
mcw,68,0,1,241.74,110.58,0.0,4.68
mcw,68,0,2,244.08,112.995,90.0,4.83
mcw,69,0,0,231.76,121.675,146.8307,3.9663
mcw,69,0,1,234.57,122.285,55.8447,4.0966
mcw,69,0,2,234.21,125.06,144.4263,3.7129
mcw,70,0,0,230.575,111.06,0.6498,5.2903
mcw,70,0,1,227.9,108.685,89.2669,4.6904
mcw,70,0,2,230.545,106.34,0.0,5.35
mcw,71,0,0,230.92,102.59,0.4736,4.8402
mcw,71,0,1,228.54,99.95,90.8747,5.2406
mcw,71,0,2,230.925,97.325,179.8777,4.69
mcw,72,0,0,118.455,201.575,119.1218,3.3082
mcw,72,0,1,118.66,199.795,29.1755,1.3744
mcw,72,0,2,118.815,198.105,119.1263,3.1023
mcw,72,0,3,122.025,198.12,29.1634,5.6228
mcw,72,0,4,123.64,200.995,119.1675,3.4471
mcw,72,0,5,122.405,202.28,29.1163,0.9043
mcw,72,0,6,121.29,203.355,119.0735,2.9634
mcw,73,0,0,190.095,146.185,144.4291,8.0281
mcw,73,0,1,195.265,146.515,54.4421,6.5517
mcw,73,0,2,193.9,151.515,144.4707,8.0362
mcw,74,0,0,238.7,95.035,90.0,4.11
mcw,74,0,1,240.535,92.98,0.0,3.67
mcw,74,0,2,242.37,95.035,90.0,4.11
mcw,75,0,0,238.65,101.825,90.0,3.91
mcw,75,0,1,240.745,99.87,0.0,4.19
mcw,75,0,2,242.84,101.825,90.0,3.91
mcw,76,0,0,170.55,227.02,145.0858,316.2402
mcw,76,0,1,297.58,132.88,54.1508,8.9814
mcw,76,0,2,165.325,219.74,145.0785,316.1828
mcw,77,0,0,291.385,311.4,90.0997,373.6806
mcw,77,0,1,286.81,498.205,0.4719,8.5003
mcw,77,0,2,282.775,311.365,90.0659,373.6102
mcw,78,0,0,303.1,109.21,90.0,2.88
mcw,79,0,0,277.52,109.21,90.0,2.88
mcw,80,0,0,252.01,109.21,90.0,2.88
mcw,81,0,0,226.43,109.21,90.0,2.88
mcw,82,0,0,175.27,109.21,90.0,2.88
mcw,83,0,0,149.69,109.21,90.0,2.88
mcw,84,0,0,124.18,109.21,90.0,2.88
mcw,85,0,0,98.6,109.21,90.0,2.88
mcw,86,0,0,47.44,109.21,90.0,2.88
mcw,87,0,0,21.86,109.21,90.0,2.88
mcw,88,0,0,303.1,458.39,90.0,2.88
mcw,89,0,0,277.52,458.39,90.0,2.88
mcw,90,0,0,251.94,458.39,90.0,2.88
mcw,91,0,0,226.43,458.39,90.0,2.88
mcw,92,0,0,175.27,458.39,90.0,2.88
mcw,93,0,0,149.76,458.39,90.0,2.88
mcw,94,0,0,124.18,458.39,90.0,2.88
mcw,95,0,0,98.6,458.39,90.0,2.88
mcw,96,0,0,47.51,458.39,90.0,2.88
mcw,97,0,0,21.93,458.39,90.0,2.88
mcw,98,0,0,327.235,72.89,0.0,2.89
mcw,99,0,0,327.235,142.72,0.0,2.89
mcw,100,0,0,327.235,177.59,0.0,2.89
mcw,101,0,0,327.235,212.54,0.0,2.89
mcw,102,0,0,327.235,247.41,0.0,2.89
mcw,103,0,0,327.235,317.23,0.0,2.89
mcw,104,0,0,327.235,352.18,0.0,2.89
mcw,105,0,0,327.235,387.13,0.0,2.89
mcw,106,0,0,327.235,422.0,0.0,2.89
mcw,107,0,0,327.16,491.83,0.0,2.88
mcw,108,0,0,327.16,526.77,0.0,2.88
mcw,109,0,0,71.58,72.89,0.0,2.88
mcw,110,0,0,71.58,142.72,0.0,2.88
mcw,111,0,0,71.58,177.59,0.0,2.88
mcw,112,0,0,71.58,212.54,0.0,2.88
mcw,113,0,0,71.58,247.41,0.0,2.88
mcw,114,0,0,71.58,317.23,0.0,2.88
mcw,115,0,0,71.58,352.18,0.0,2.88
mcw,116,0,0,71.58,387.13,0.0,2.88
mcw,117,0,0,71.58,422.0,0.0,2.88
mcw,118,0,0,71.65,491.83,0.0,2.88
mcw,119,0,0,177.0,148.445,51.2144,7.12
mcw,120,0,0,191.58,130.72,24.6791,25.0038
mcw,121,0,0,189.255,124.425,9.6459,17.964
mcw,122,0,0,71.22,282.36,0.0,3.6
mcw,123,0,0,74.825,282.36,0.0,3.61
mcw,124,0,0,326.875,282.36,0.0,3.61
mcw,125,0,0,330.48,282.36,0.0,3.6
mcw,126,0,0,200.85,458.75,90.0,3.6
mcw,127,0,0,200.85,455.15,90.0,3.6
mcw,128,0,0,200.85,109.57,90.0,3.6
mcw,129,0,0,200.85,105.97,90.0,3.6
mcw,130,0,0,200.85,109.57,90.0,3.6
mcw,131,0,0,200.85,105.97,90.0,3.6
mcw,132,0,0,175.845,456.95,0.0,315.61
mcw,133,0,0,176.06,107.77,0.0,316.04
mcw,134,0,0,297.155,215.635,78.89,3.3732
mcw,134,0,1,297.115,214.05,13.7978,0.5869
mcw,134,0,2,297.76,213.975,158.0631,0.7762
mcw,135,0,0,61.35,286.54,142.8905,6.6961
mcw,136,0,0,240.95,184.615,133.3848,3.2611
mcw,136,0,1,242.21,183.68,60.7513,0.5731
mcw,136,0,2,242.64,184.11,31.8263,0.6826
mcw,137,0,0,278.13,217.94,79.0887,3.3811
mcw,137,0,1,278.095,216.355,14.7428,0.5894
mcw,137,0,2,278.705,216.32,161.3008,0.6862
mcw,138,0,0,179.665,152.265,40.7288,3.4178
mcw,138,0,1,178.655,151.005,153.0357,0.6395
mcw,138,0,2,179.16,150.605,130.7854,0.6736
mcw,139,0,0,203.875,136.7,15.854,3.4409
mcw,139,0,1,202.4,135.98,125.7539,0.6161
mcw,139,0,2,202.725,135.44,116.5651,0.6484
mcw,140,0,0,199.155,126.395,178.8169,3.3907
mcw,140,0,1,197.535,126.14,104.4992,0.5991
mcw,140,0,2,197.645,125.53,96.2427,0.6438
mcw,141,0,0,232.81,166.065,134.1696,3.4157
mcw,141,0,1,234.14,165.16,66.3712,0.6986
mcw,141,0,2,234.535,165.7,40.7863,0.6736
mcw,142,0,0,65.025,284.16,131.6198,3.478
mcw,142,0,1,63.725,285.17,63.4359,0.6485
mcw,142,0,2,63.33,284.665,40.695,0.6595
mcw,143,0,0,295.03,463.76,77.9747,3.4558
mcw,143,0,1,295.03,465.38,11.0035,0.7335
mcw,143,0,2,294.38,465.38,166.4293,0.5966
mcw,144,0,0,71.65,526.7,0.0,2.88
mcw,145,0,0,141.41,167.53,75.885,3.5265
mcw,145,0,1,141.295,165.9,14.2502,0.65
mcw,145,0,2,141.96,165.905,167.9057,0.7159
mcw,146,0,0,73.055,305.29,89.9918,486.78
mcw,147,0,0,73.02,47.285,90.0,5.13
mcw,148,0,0,328.68,47.755,90.0,6.07
mcw,149,0,0,328.67,115.35,90.0112,102.56
mcw,150,0,0,328.63,357.87,90.009,382.48
mcw,151,0,0,367.77,456.95,0.0,3.1
mcw,152,0,0,367.735,107.77,0.0,3.17
mcw,153,0,0,174.37,158.315,58.0972,1.7787
mcw,153,0,1,173.035,157.415,9.5153,1.7541
mcw,153,0,2,172.785,156.62,133.4146,1.7897
mcw,153,0,3,173.325,155.07,85.2365,1.8062
mcw,153,0,4,174.045,154.53,24.3625,1.7454
mcw,153,0,5,175.63,154.565,157.6383,1.7085
mcw,153,0,6,176.35,155.105,94.6266,1.7356
mcw,153,0,7,176.855,156.62,48.5041,1.7357
mcw,153,0,8,176.565,157.415,170.4847,1.7541
mcw,154,0,0,175.695,156.78,113.0966,0.7392
mcw,154,0,1,175.21,157.265,156.9028,0.7393
mcw,154,0,2,174.525,157.265,22.7971,0.7485
mcw,154,0,3,174.04,156.78,67.6197,0.7354
mcw,154,0,4,174.04,156.095,112.087,0.7446
mcw,154,0,5,174.525,155.61,157.913,0.7446
mcw,154,0,6,175.21,155.61,22.3798,0.7354
mcw,154,0,7,175.695,156.095,67.204,0.7485
mcw,155,0,0,236.665,163.815,145.1121,6.766
mcw,156,0,0,245.005,181.905,142.8572,7.1381
mcw,157,0,0,294.755,470.11,89.2797,10.3408
mcw,158,0,0,278.415,212.265,89.2959,8.9507
mcw,159,0,0,297.325,209.835,89.3022,9.0307
mcw,160,0,0,296.32,110.615,110.3695,19.766
mcw,161,0,0,292.07,120.99,99.7368,3.4294
mcw,161,0,1,292.65,119.48,31.8278,0.6827
mcw,161,0,2,293.265,119.695,6.1447,0.6537
mcw,162,0,0,141.295,160.11,86.4183,13.286
mcw,163,0,0,111.535,191.6,41.8754,11.805
mcw,164,0,0,116.14,196.165,30.8781,3.4488
mcw,164,0,1,114.93,195.085,144.1614,0.6661
mcw,164,0,2,115.365,194.6,119.6391,0.6673
mcw,165,0,0,287.83,491.385,112.5676,0.8338
mcw,165,0,1,287.285,491.93,157.4327,0.8338
mcw,165,0,2,286.51,491.93,22.3062,0.8431
mcw,165,0,3,285.96,491.385,67.4324,0.8338
mcw,165,0,4,285.96,490.61,112.3067,0.8431
mcw,165,0,5,286.51,490.06,157.6938,0.8431
mcw,165,0,6,287.285,490.06,22.5673,0.8338
mcw,165,0,7,287.83,490.61,67.6933,0.8431
mcw,166,0,0,274.96,507.36,130.673,13.8706
mcw,167,0,0,280.505,501.395,119.4384,3.4792
mcw,167,0,1,279.45,502.655,51.893,0.6481
mcw,167,0,2,278.955,502.245,27.7172,0.6665
mcw,168,0,0,189.04,116.54,148.5999,20.2683
mcw,169,0,0,198.78,110.925,137.5102,3.3903
mcw,169,0,1,197.395,111.805,63.0037,0.5948
mcw,169,0,2,197.075,111.275,55.0809,0.6464
mcw,170,0,0,30.57,515.77,135.0055,0.0283
mcw,170,0,1,27.695,515.76,0.0,5.77
mcw,170,0,2,24.805,515.77,116.5694,0.0224
mcw,170,0,3,24.415,515.62,22.567,0.8338
mcw,170,0,4,23.875,515.08,67.8098,0.8208
mcw,170,0,5,23.725,514.685,108.436,0.0316
mcw,170,0,6,23.73,512.365,90.0,4.61
mcw,170,0,7,23.725,510.075,108.436,0.0316
mcw,170,0,8,23.755,509.89,99.9264,0.4061
mcw,170,0,9,23.91,509.505,122.9692,0.441
mcw,170,0,10,24.215,509.2,147.0309,0.441
mcw,170,0,11,24.6,509.045,170.0738,0.4061
mcw,170,0,12,24.805,508.995,108.4317,0.0316
mcw,170,0,13,27.695,508.98,0.0,5.77
mcw,170,0,14,30.57,508.995,123.685,0.0361
mcw,170,0,15,30.94,509.165,22.1901,0.8208
mcw,170,0,16,31.48,509.705,67.4329,0.8338
mcw,170,0,17,31.65,510.075,123.6917,0.0361
mcw,170,0,18,31.66,512.365,90.0,4.61
mcw,170,0,19,31.65,514.685,123.6917,0.0361
mcw,170,0,20,31.605,514.9,99.9262,0.4061
mcw,170,0,21,31.445,515.28,124.7778,0.4383
mcw,170,0,22,30.94,515.62,157.1664,0.8246
mcw,171,0,0,26.58,510.06,0.0,0.96
mcw,171,0,1,27.19,510.065,2.2031,0.2602
mcw,171,0,2,27.455,510.085,6.3399,0.2717
mcw,171,0,3,27.715,510.12,9.0905,0.2532
mcw,171,0,4,27.96,510.17,14.0357,0.2474
mcw,171,0,5,28.195,510.24,19.1793,0.2435
mcw,171,0,6,28.415,510.33,25.4631,0.2326
mcw,171,0,7,28.62,510.44,30.9642,0.2332
mcw,171,0,8,28.815,510.565,34.38,0.2302
mcw,171,0,9,28.995,510.71,43.2649,0.2335
mcw,171,0,10,29.155,510.875,48.5761,0.2267
mcw,171,0,11,29.295,511.055,55.6187,0.2302
mcw,171,0,12,29.415,511.255,62.3546,0.2371
mcw,171,0,13,29.515,511.475,68.629,0.247
mcw,171,0,14,29.59,511.71,75.9638,0.2474
mcw,171,0,15,29.64,511.965,81.5734,0.273
mcw,171,0,16,29.67,512.245,86.0547,0.2907
mcw,171,0,17,29.67,512.53,94.0857,0.2807
mcw,171,0,18,29.64,512.8,98.7459,0.2631
mcw,171,0,19,29.59,513.05,104.0362,0.2474
mcw,171,0,20,29.515,513.28,112.2489,0.2377
mcw,171,0,21,29.415,513.495,117.6462,0.2371
mcw,171,0,22,29.29,513.69,127.8748,0.228
mcw,171,0,23,29.145,513.865,131.4243,0.2267
mcw,171,0,24,28.985,514.025,138.5761,0.2267
mcw,171,0,25,28.81,514.165,144.1627,0.222
mcw,171,0,26,28.62,514.29,149.0358,0.2332
mcw,171,0,27,28.41,514.395,157.7517,0.2377
mcw,171,0,28,28.185,514.48,160.8207,0.2435
mcw,171,0,29,27.955,514.55,165.3797,0.2377
mcw,171,0,30,27.715,514.605,168.6894,0.255
mcw,171,0,31,27.465,514.64,175.4268,0.2508
mcw,171,0,32,27.205,514.655,177.8785,0.2702
mcw,171,0,33,26.585,514.66,0.0,0.97
mcw,171,0,34,26.1,512.36,90.0,4.6
mcw,171,1,0,26.8,514.15,0.0,0.2
mcw,171,1,1,27.005,514.145,177.2752,0.2102
mcw,171,1,2,27.22,514.135,177.3969,0.2202
mcw,171,1,3,27.43,514.115,171.4696,0.2022
mcw,171,1,4,27.63,514.08,168.6898,0.204
mcw,171,1,5,27.825,514.035,165.2556,0.1965
mcw,171,1,6,28.01,513.975,158.7496,0.1931
mcw,171,1,7,28.185,513.9,154.8005,0.1879
mcw,171,1,8,28.35,513.81,147.993,0.1887
mcw,171,1,9,28.5,513.705,141.8425,0.178
mcw,171,1,10,28.635,513.585,135.0008,0.1838
mcw,171,1,11,28.755,513.445,126.2537,0.186
mcw,171,1,12,28.855,513.29,119.3579,0.1836
mcw,171,1,13,28.94,513.12,113.9624,0.197
mcw,171,1,14,29.005,512.93,104.0362,0.2062
mcw,171,1,15,29.05,512.715,99.8657,0.2334
mcw,171,1,16,29.075,512.48,92.386,0.2402
mcw,171,1,17,29.075,512.24,87.6141,0.2402
mcw,171,1,18,29.05,512.01,79.6955,0.2236
mcw,171,1,19,29.005,511.8,75.9632,0.2062
mcw,171,1,20,28.94,511.605,67.1666,0.2062
mcw,171,1,21,28.855,511.43,60.6421,0.1836
mcw,171,1,22,28.755,511.275,53.7463,0.186
mcw,171,1,23,28.635,511.14,42.7098,0.1769
mcw,171,1,24,28.5,511.02,40.6003,0.1844
mcw,171,1,25,28.35,510.915,29.3589,0.1836
mcw,171,1,26,28.185,510.825,27.8963,0.1924
mcw,171,1,27,28.01,510.75,18.4342,0.1897
mcw,171,1,28,27.825,510.69,17.5269,0.1993
mcw,171,1,29,27.63,510.64,11.3102,0.204
mcw,171,1,30,27.43,510.605,8.5304,0.2022
mcw,171,1,31,27.22,510.585,2.6031,0.2202
mcw,171,1,32,27.005,510.575,2.7248,0.2102
mcw,171,1,33,26.8,510.57,0.0,0.2
mcw,171,1,34,26.7,512.36,90.0,3.58
mcw,172,0,0,308.47,170.275,59.5518,20.0096
mcw,173,0,0,314.78,178.9,0.0,20.38
mcw,173,0,1,324.97,184.885,90.0,11.97
mcw,173,0,2,314.78,190.87,0.0,20.38
mcw,173,0,3,304.59,184.885,90.0,11.97
mcw,173,1,0,306.54,184.88,90.0,8.08
mcw,173,1,1,314.78,188.92,0.0,16.48
mcw,173,1,2,323.02,184.88,90.0,8.08
mcw,173,1,3,314.78,180.84,0.0,16.48
mcw,174,0,0,316.795,142.3,101.2595,11.1139
mcw,174,0,1,312.62,152.37,123.7758,11.1162
mcw,174,0,2,304.91,160.08,146.224,11.1162
mcw,174,0,3,294.84,164.255,168.7407,11.1139
mcw,174,0,4,283.935,164.255,11.2492,11.1237
mcw,174,0,5,273.86,160.08,33.7759,11.1162
mcw,174,0,6,266.15,152.37,56.2242,11.1162
mcw,174,0,7,261.975,142.3,78.7407,11.1139
mcw,174,0,8,261.975,131.395,101.2492,11.1237
mcw,174,0,9,266.15,121.32,123.7758,11.1162
mcw,174,0,10,273.86,113.61,146.2243,11.1162
mcw,174,0,11,283.935,109.44,168.8012,11.1218
mcw,174,0,12,294.84,109.44,11.2088,11.112
mcw,174,0,13,304.91,113.61,33.7758,11.1162
mcw,174,0,14,312.62,121.32,56.2242,11.1162
mcw,174,0,15,316.795,131.395,78.7506,11.1237
mcw,175,0,0,248.8,524.435,90.0,23.63
mcw,175,0,1,259.61,512.62,0.0,21.62
mcw,175,0,2,270.42,524.435,90.0,23.63
mcw,175,0,3,259.61,536.25,0.0,21.62
mcw,176,0,0,309.88,186.15,90.0,1.88
mcw,176,0,1,309.585,187.09,0.0,0.59
mcw,176,0,2,309.29,184.79,90.0,4.6
mcw,176,0,3,309.585,182.49,0.0,0.59
mcw,176,0,4,309.88,183.595,90.0,2.21
mcw,176,0,5,310.945,184.7,0.0,2.13
mcw,176,0,6,312.01,183.595,90.0,2.21
mcw,176,0,7,312.31,182.49,0.0,0.6
mcw,176,0,8,312.61,184.79,90.0,4.6
mcw,176,0,9,312.31,187.09,0.0,0.6
mcw,176,0,10,312.01,186.15,90.0,1.88
mcw,176,0,11,310.945,185.21,0.0,2.13
mcw,177,0,0,316.16,186.66,122.0064,0.1887
mcw,177,0,1,316.05,186.805,132.7072,0.1769
mcw,177,0,2,315.92,186.93,139.3966,0.1844
mcw,177,0,3,315.78,187.035,147.2686,0.1664
mcw,177,0,4,315.63,187.12,153.4393,0.1789
mcw,177,0,5,315.465,187.185,163.6032,0.1772
mcw,177,0,6,315.29,187.23,167.4702,0.1844
mcw,177,0,7,315.105,187.255,176.9935,0.1903
mcw,177,0,8,314.885,187.25,4.5714,0.2508
mcw,177,0,9,314.635,187.21,13.4952,0.2571
mcw,177,0,10,314.39,187.13,22.6219,0.26
mcw,177,0,11,314.17,187.015,33.0233,0.2386
mcw,177,0,12,313.98,186.865,43.3617,0.2476
mcw,177,0,13,313.825,186.68,56.9767,0.2386
mcw,177,0,14,313.715,186.46,69.444,0.2563
mcw,177,0,15,313.655,186.205,83.6605,0.2717
mcw,177,0,16,313.65,185.955,94.975,0.2309
mcw,177,0,17,313.695,185.74,109.283,0.2119
mcw,177,0,18,313.775,185.555,117.8987,0.1923
mcw,177,0,19,313.885,185.39,129.0943,0.2062
mcw,177,0,20,314.03,185.245,140.9057,0.2062
mcw,177,0,21,314.195,185.125,147.0931,0.2025
mcw,177,0,22,314.375,185.02,152.2475,0.2147
mcw,177,0,23,314.565,184.92,152.2403,0.2147
mcw,177,0,24,314.82,184.805,157.8884,0.3454
mcw,177,0,25,315.125,184.67,154.229,0.322
mcw,177,0,26,315.395,184.505,142.7648,0.314
mcw,177,0,27,315.57,184.355,132.2792,0.1487
mcw,177,0,28,315.66,184.235,121.6022,0.1526
mcw,177,0,29,315.725,184.095,108.4419,0.1581
mcw,177,0,30,315.76,183.93,96.337,0.1811
mcw,177,0,31,315.76,183.75,83.6641,0.1811
mcw,177,0,32,315.73,183.57,77.4681,0.1844
mcw,177,0,33,315.67,183.405,61.9305,0.17
mcw,177,0,34,315.58,183.26,54.4635,0.1721
mcw,177,0,35,315.47,183.135,42.5078,0.1628
mcw,177,0,36,315.335,183.035,30.9586,0.1749
mcw,177,0,37,315.18,182.96,20.5584,0.1709
mcw,177,0,38,315.01,182.925,3.1825,0.1803
mcw,177,0,39,314.83,182.925,176.8169,0.1803
mcw,177,0,40,314.655,182.955,163.6155,0.1772
mcw,177,0,41,314.495,183.02,151.9215,0.17
mcw,177,0,42,314.355,183.115,139.7685,0.1703
mcw,177,0,43,314.235,183.235,130.2315,0.1703
mcw,177,0,44,314.135,183.375,120.9638,0.1749
mcw,177,0,45,314.065,183.54,105.5301,0.1868
mcw,177,0,46,314.035,183.72,93.1728,0.1803
mcw,177,0,47,313.73,183.75,11.3122,0.6119
mcw,177,0,48,313.46,183.55,102.0943,0.2864
mcw,177,0,49,313.54,183.29,112.6219,0.26
mcw,177,0,50,313.66,183.06,122.4681,0.2608
mcw,177,0,51,313.82,182.855,133.4552,0.2617
mcw,177,0,52,314.015,182.685,144.4623,0.2581
mcw,177,0,53,314.235,182.555,154.4441,0.255
mcw,177,0,54,314.475,182.465,164.3562,0.2596
mcw,177,0,55,314.735,182.42,175.7593,0.2707
mcw,177,0,56,315.02,182.42,3.8179,0.3007
mcw,177,0,57,315.31,182.47,15.9429,0.2912
mcw,177,0,58,315.58,182.57,24.7734,0.2864
mcw,177,0,59,315.82,182.715,37.6963,0.278
mcw,177,0,60,316.02,182.905,49.3987,0.2766
mcw,177,0,61,316.18,183.13,59.7431,0.2779
mcw,177,0,62,316.29,183.39,74.0571,0.2912
mcw,177,0,63,316.345,183.685,84.4726,0.3114
mcw,177,0,64,316.35,183.98,94.0834,0.2807
mcw,177,0,65,316.305,184.24,106.2624,0.25
mcw,177,0,66,316.22,184.465,115.4656,0.2326
mcw,177,0,67,316.1,184.66,127.8683,0.228
mcw,177,0,68,315.945,184.83,136.7428,0.2334
mcw,177,0,69,315.76,184.975,146.9728,0.2385
mcw,177,0,70,315.55,185.1,151.3907,0.2506
mcw,177,0,71,315.32,185.21,157.3807,0.26
mcw,177,0,72,315.035,185.33,157.0083,0.3585
mcw,177,0,73,314.76,185.45,155.5548,0.2417
mcw,177,0,74,314.55,185.57,145.0127,0.2441
mcw,177,0,75,314.405,185.685,135.0,0.1273
mcw,177,0,76,314.33,185.78,120.9612,0.1166
mcw,177,0,77,314.275,185.885,114.4416,0.1208
mcw,177,0,78,314.245,186.005,94.4028,0.1304
mcw,177,0,79,314.245,186.145,86.1828,0.1504
mcw,177,0,80,314.275,186.285,68.9634,0.1393
mcw,177,0,81,314.34,186.41,56.3099,0.1443
mcw,177,0,82,314.43,186.52,45.0,0.1414
mcw,177,0,83,314.605,186.635,27.4753,0.2818
mcw,177,0,84,314.865,186.725,10.4945,0.2746
mcw,177,0,85,315.12,186.735,172.875,0.2419
mcw,177,0,86,315.34,186.675,155.7672,0.2193
mcw,177,0,87,315.52,186.56,138.8179,0.2126
mcw,177,0,88,315.67,186.395,126.3809,0.236
mcw,177,0,89,315.975,186.44,30.784,0.5471
mcw,178,0,0,320.24,184.535,90.0,4.09
mcw,178,0,1,320.495,182.49,0.0,0.51
mcw,178,0,2,320.75,184.79,90.0,4.6
mcw,178,0,3,320.255,187.09,0.0,0.99
mcw,178,0,4,319.6,186.835,57.8961,0.6021
mcw,178,0,5,319.84,186.58,0.0,0.8
mcw,179,0,0,25.63,554.43,114.004,2.8024
mcw,179,0,1,26.87,553.15,0.0,1.34
mcw,179,0,2,25.155,558.355,114.6179,11.4508
mcw,179,0,3,20.385,558.355,65.3821,11.4508
mcw,179,0,4,18.67,553.15,0.0,1.34
mcw,179,0,5,19.91,554.43,65.996,2.8024
mcw,179,0,6,22.77,555.71,0.0,4.58
mcw,179,1,0,22.775,556.81,0.0,3.55
mcw,179,1,1,21.885,558.825,66.2886,4.4016
mcw,179,1,2,23.66,558.825,113.8304,4.4056
mcw,180,0,0,29.03,563.05,0.0,1.28
mcw,180,0,1,28.39,558.1,90.0,9.9
mcw,180,0,2,29.03,553.15,0.0,1.28
mcw,180,0,3,29.67,558.1,90.0,9.9
mcw,181,0,0,34.85,557.545,11.9442,0.5315
mcw,181,0,1,35.34,557.705,24.5377,0.5057
mcw,181,0,2,35.775,557.95,34.3301,0.4965
mcw,181,0,3,36.15,558.26,45.0,0.4808
mcw,181,0,4,36.455,558.635,56.6336,0.4909
mcw,181,0,5,36.685,559.06,66.6447,0.4793
mcw,181,0,6,36.845,559.525,75.1412,0.5069
mcw,181,0,7,36.93,560.02,85.426,0.5016
mcw,181,0,8,36.91,560.61,96.71,0.6847
mcw,181,0,9,36.745,561.27,111.3369,0.6871
mcw,181,0,10,36.425,561.87,124.8543,0.6824
mcw,181,0,11,35.965,562.37,140.3008,0.6888
mcw,181,0,12,35.38,562.72,157.8905,0.6908
mcw,181,0,13,34.725,562.915,169.0195,0.6825
mcw,181,0,14,34.04,563.01,175.101,0.7026
mcw,181,0,15,33.345,563.045,179.1697,0.6901
mcw,181,0,16,32.225,563.05,0.0,1.55
mcw,181,0,17,31.45,558.1,90.0,9.9
mcw,181,0,18,32.09,553.15,0.0,1.28
mcw,181,0,19,32.73,555.255,90.0,4.21
mcw,181,0,20,32.995,557.36,0.0,0.53
mcw,181,0,21,34.75,555.255,125.2924,5.158
mcw,181,0,22,36.97,553.15,0.0,1.46
mcw,181,0,23,36.145,555.32,125.625,5.3393
mcw,181,1,0,32.9,561.95,0.0,0.34
mcw,181,1,1,33.31,561.94,177.614,0.4804
mcw,181,1,2,33.795,561.91,175.3335,0.4916
mcw,181,1,3,34.27,561.845,168.9298,0.4687
mcw,181,1,4,34.715,561.725,160.7692,0.4554
mcw,181,1,5,35.115,561.54,149.2643,0.4305
mcw,181,1,6,35.445,561.28,134.0291,0.4173
mcw,181,1,7,35.685,560.93,115.4077,0.4428
mcw,181,1,8,35.815,560.475,97.8152,0.5148
mcw,181,1,9,35.815,559.965,82.1847,0.5148
mcw,181,1,10,35.695,559.505,67.4796,0.4438
mcw,181,1,11,35.47,559.145,47.9111,0.4177
mcw,181,1,12,35.155,558.88,32.1523,0.4134
mcw,181,1,13,34.775,558.695,20.095,0.4366
mcw,181,1,14,34.34,558.57,12.2651,0.4707
mcw,181,1,15,33.87,558.495,5.9468,0.4826
mcw,181,1,16,33.385,558.465,1.1689,0.4901
mcw,181,1,17,32.935,558.46,0.0,0.41
mcw,181,1,18,32.73,560.205,90.0,3.49
mcw,182,0,0,40.265,557.36,0.0,0.73
mcw,182,0,1,40.985,557.38,3.2246,0.7111
mcw,182,0,2,41.665,557.46,10.4598,0.661
mcw,182,0,3,42.29,557.62,18.4351,0.6325
mcw,182,0,4,42.845,557.87,30.4654,0.5917
mcw,182,0,5,43.315,558.215,42.2072,0.5805
mcw,182,0,6,43.69,558.655,56.8531,0.5852
mcw,182,0,7,43.905,559.045,69.2277,0.3102
mcw,182,0,8,44.005,559.345,73.8106,0.3228
mcw,182,0,9,44.075,559.675,81.8701,0.3536
mcw,182,0,10,44.11,560.035,86.9059,0.3705
mcw,182,0,11,44.095,560.535,94.538,0.632
mcw,182,0,12,44.0,561.13,104.0362,0.5772
mcw,182,0,13,43.8,561.65,118.4428,0.5459
mcw,182,0,14,43.475,562.095,133.5677,0.5659
mcw,182,0,15,43.155,562.385,145.7843,0.3023
mcw,182,0,16,42.885,562.545,152.6503,0.3265
mcw,182,0,17,42.575,562.685,158.4988,0.3547
mcw,182,0,18,42.225,562.8,164.8759,0.3833
mcw,182,0,19,41.83,562.895,167.9052,0.4295
mcw,182,0,20,41.39,562.97,172.5687,0.4639
mcw,182,0,21,40.905,563.015,176.6335,0.5109
mcw,182,0,22,40.37,563.04,177.9545,0.5604
mcw,182,0,23,39.355,563.05,0.0,1.47
mcw,182,0,24,38.62,558.1,90.0,9.9
mcw,182,0,25,39.26,553.15,0.0,1.28
mcw,182,0,26,39.9,555.255,90.0,4.21
mcw,182,1,0,40.07,561.95,0.0,0.34
mcw,182,1,1,40.48,561.94,177.614,0.4804
mcw,182,1,2,40.965,561.91,175.3331,0.4916
mcw,182,1,3,41.44,561.85,170.1344,0.4669
mcw,182,1,4,41.885,561.74,161.9658,0.4522
mcw,182,1,5,42.285,561.56,149.2643,0.4305
mcw,182,1,6,42.615,561.3,134.0291,0.4173
mcw,182,1,7,42.815,561.055,120.0684,0.2195
mcw,182,1,8,42.91,560.855,110.8541,0.2247
mcw,182,1,9,42.975,560.63,101.7682,0.2452
mcw,182,1,10,43.01,560.375,94.2365,0.2707
mcw,182,1,11,43.01,560.105,85.7635,0.2707
mcw,182,1,12,42.975,559.845,78.6902,0.255
mcw,182,1,13,42.915,559.61,72.35,0.2309
mcw,182,1,14,42.83,559.405,62.2416,0.2147
mcw,182,1,15,42.64,559.155,47.9107,0.4177
mcw,182,1,16,42.325,558.885,33.3107,0.4188
mcw,182,1,17,41.945,558.695,20.0954,0.4366
mcw,182,1,18,41.51,558.57,12.2646,0.4707
mcw,182,1,19,41.04,558.495,5.9468,0.4826
mcw,182,1,20,40.555,558.465,1.1694,0.4901
mcw,182,1,21,40.105,558.46,0.0,0.41
mcw,182,1,22,39.9,560.205,90.0,3.49
mcw,183,0,0,49.38,563.4,2.2026,0.5204
mcw,183,0,1,48.865,563.35,8.9149,0.5162
mcw,183,0,2,48.36,563.245,14.5741,0.5166
mcw,183,0,3,47.87,563.095,19.5025,0.5092
mcw,183,0,4,47.405,562.9,26.0536,0.5009
mcw,183,0,5,46.965,562.66,31.1591,0.5025
mcw,183,0,6,46.545,562.38,36.1933,0.508
mcw,183,0,7,46.155,562.065,41.7294,0.4958
mcw,183,0,8,45.8,561.715,47.4194,0.5025
mcw,183,0,9,45.48,561.325,53.8069,0.508
mcw,183,0,10,45.195,560.905,57.875,0.5077
mcw,183,0,11,44.95,560.465,63.9466,0.5009
mcw,183,0,12,44.75,559.995,69.8294,0.522
mcw,183,0,13,44.595,559.5,75.4257,0.5166
mcw,183,0,14,44.49,558.99,81.2541,0.5261
mcw,183,0,15,44.435,558.46,86.8199,0.5408
mcw,183,0,16,44.435,557.91,93.0668,0.5608
mcw,183,0,17,44.49,557.36,98.4267,0.5459
mcw,183,0,18,44.595,556.835,104.3003,0.5263
mcw,183,0,19,44.745,556.335,109.1335,0.5186
mcw,183,0,20,44.94,555.86,115.5601,0.5099
mcw,183,0,21,45.185,555.415,122.125,0.5077
mcw,183,0,22,45.47,555.0,126.8697,0.5
mcw,183,0,23,45.79,554.62,133.3634,0.4952
mcw,183,0,24,46.145,554.275,138.2706,0.4958
mcw,183,0,25,46.535,553.96,143.8069,0.508
mcw,183,0,26,46.955,553.685,149.8265,0.4974
mcw,183,0,27,47.395,553.455,154.9828,0.4966
mcw,183,0,28,47.86,553.265,160.4977,0.5092
mcw,183,0,29,48.35,553.12,166.5044,0.5142
mcw,183,0,30,48.855,553.025,172.1848,0.5148
mcw,183,0,31,49.375,552.975,176.76,0.5308
mcw,183,0,32,49.905,552.975,3.24,0.5308
mcw,183,0,33,50.43,553.025,7.6668,0.5247
mcw,183,0,34,50.94,553.12,13.4956,0.5142
mcw,183,0,35,51.43,553.265,19.5023,0.5092
mcw,183,0,36,51.895,553.455,25.0172,0.4966
mcw,183,0,37,52.335,553.685,30.1735,0.4974
mcw,183,0,38,52.755,553.96,36.1931,0.508
mcw,183,0,39,53.145,554.275,41.7294,0.4958
mcw,183,0,40,53.5,554.62,46.6366,0.4952
mcw,183,0,41,53.82,555.0,53.1299,0.5
mcw,183,0,42,54.1,555.415,58.8409,0.5025
mcw,183,0,43,54.345,555.86,63.4349,0.5143
mcw,183,0,44,54.545,556.335,70.8665,0.5186
mcw,183,0,45,54.695,556.835,75.6997,0.5263
mcw,183,0,46,54.8,557.36,81.5729,0.5459
mcw,183,0,47,54.855,557.91,86.9336,0.5608
mcw,183,0,48,54.855,558.46,93.1797,0.5408
mcw,183,0,49,54.8,558.99,98.7464,0.5261
mcw,183,0,50,54.695,559.5,104.5743,0.5166
mcw,183,0,51,54.54,559.995,110.1702,0.522
mcw,183,0,52,54.34,560.465,116.0538,0.5009
mcw,183,0,53,54.095,560.905,122.125,0.5077
mcw,183,0,54,53.81,561.325,126.1931,0.508
mcw,183,0,55,53.49,561.715,132.5803,0.5025
mcw,183,0,56,53.13,562.065,139.0285,0.5033
mcw,183,0,57,52.74,562.38,143.1298,0.5
mcw,183,0,58,52.325,562.66,148.8409,0.5025
mcw,183,0,59,51.88,562.9,154.4401,0.5099
mcw,183,0,60,51.415,563.095,160.1147,0.4998
mcw,183,0,61,50.93,563.245,165.4259,0.5166
mcw,183,0,62,50.425,563.35,171.0851,0.5162
mcw,183,0,63,49.905,563.4,177.8389,0.5304
mcw,183,1,0,49.445,554.07,177.0648,0.3905
mcw,183,1,1,49.055,554.11,171.2536,0.3946
mcw,183,1,2,48.675,554.19,164.8758,0.3833
mcw,183,1,3,48.31,554.31,158.7494,0.3863
mcw,183,1,4,47.795,554.565,151.091,0.7654
mcw,183,1,5,47.165,555.0,139.7201,0.7734
mcw,183,1,6,46.63,555.555,128.1986,0.7762
mcw,183,1,7,46.205,556.21,117.8596,0.7918
mcw,183,1,8,45.95,556.75,110.2249,0.405
mcw,183,1,9,45.83,557.14,104.0365,0.4123
mcw,183,1,10,45.75,557.55,98.1298,0.4243
mcw,183,1,11,45.71,557.975,92.6631,0.4305
mcw,183,1,12,45.71,558.395,87.2072,0.4105
mcw,183,1,13,45.75,558.805,81.6747,0.4144
mcw,183,1,14,45.825,559.205,77.0053,0.4002
mcw,183,1,15,45.93,559.59,72.4746,0.3985
mcw,183,1,16,46.165,560.13,63.4348,0.7826
mcw,183,1,17,46.57,560.785,52.9802,0.764
mcw,183,1,18,47.09,561.345,41.3253,0.7723
mcw,183,1,19,47.715,561.79,29.5605,0.7703
mcw,183,1,20,48.235,562.05,20.7255,0.3956
mcw,183,1,21,48.615,562.175,15.7513,0.4052
mcw,183,1,22,49.015,562.26,8.3255,0.4144
mcw,183,1,23,49.43,562.3,2.7264,0.4205
mcw,183,1,24,49.855,562.3,177.3369,0.4305
mcw,183,1,25,50.275,562.26,171.6744,0.4144
mcw,183,1,26,50.675,562.175,164.2487,0.4052
mcw,183,1,27,51.055,562.05,159.2745,0.3956
mcw,183,1,28,51.575,561.79,150.4396,0.7703
mcw,183,1,29,52.2,561.345,138.6745,0.7723
mcw,183,1,30,52.72,560.785,127.02,0.764
mcw,183,1,31,53.125,560.13,116.5649,0.7826
mcw,183,1,32,53.36,559.59,107.5254,0.3985
mcw,183,1,33,53.465,559.205,102.9947,0.4002
mcw,183,1,34,53.54,558.805,98.3258,0.4144
mcw,183,1,35,53.58,558.395,92.7928,0.4105
mcw,183,1,36,53.58,557.975,87.3369,0.4305
mcw,183,1,37,53.535,557.55,80.5377,0.4258
mcw,183,1,38,53.455,557.14,77.3196,0.41
mcw,183,1,39,53.34,556.75,69.7751,0.405
mcw,183,1,40,53.085,556.21,62.1402,0.7918
mcw,183,1,41,52.66,555.555,51.8014,0.7762
mcw,183,1,42,52.125,555.0,40.2799,0.7734
mcw,183,1,43,51.495,554.565,28.9092,0.7654
mcw,183,1,44,50.98,554.31,21.2504,0.3863
mcw,183,1,45,50.615,554.19,15.1244,0.3833
mcw,183,1,46,50.235,554.11,8.7464,0.3946
mcw,183,1,47,49.84,554.07,2.8619,0.4005
mcw,184,0,0,59.485,557.545,11.7252,0.5413
mcw,184,0,1,59.98,557.705,24.5375,0.5057
mcw,184,0,2,60.41,557.95,34.9921,0.4883
mcw,184,0,3,60.78,558.26,45.0,0.4808
mcw,184,0,4,61.085,558.635,56.6336,0.4909
mcw,184,0,5,61.32,559.06,65.5561,0.4833
mcw,184,0,6,61.48,559.525,76.2393,0.5045
mcw,184,0,7,61.565,560.02,84.2895,0.5025
mcw,184,0,8,61.545,560.61,97.5395,0.6859
mcw,184,0,9,61.38,561.27,110.5559,0.6835
mcw,184,0,10,61.065,561.87,124.8543,0.6824
mcw,184,0,11,60.605,562.37,140.301,0.6888
mcw,184,0,12,60.02,562.72,157.8905,0.6908
mcw,184,0,13,59.36,562.915,169.1771,0.6923
mcw,184,0,14,58.675,563.01,175.0303,0.6926
mcw,184,0,15,57.985,563.045,179.1697,0.6901
mcw,184,0,16,56.86,563.05,0.0,1.56
mcw,184,0,17,56.08,558.1,90.0,9.9
mcw,184,0,18,56.725,553.15,0.0,1.29
mcw,184,0,19,57.37,555.255,90.0,4.21
mcw,184,0,20,57.635,557.36,0.0,0.53
mcw,184,0,21,59.385,555.255,125.2016,5.1522
mcw,184,0,22,61.605,553.15,0.0,1.47
mcw,184,0,23,60.78,555.32,125.7121,5.3451
mcw,184,1,0,57.54,561.95,0.0,0.34
mcw,184,1,1,57.95,561.94,177.614,0.4804
mcw,184,1,2,58.43,561.91,175.2367,0.4817
mcw,184,1,3,58.905,561.845,169.1596,0.4785
mcw,184,1,4,59.355,561.725,160.7692,0.4554
mcw,184,1,5,59.755,561.54,149.2646,0.4305
mcw,184,1,6,60.085,561.28,134.0288,0.4173
mcw,184,1,7,60.325,560.93,115.4081,0.4428
mcw,184,1,8,60.455,560.475,97.8152,0.5148
mcw,184,1,9,60.455,559.965,82.1847,0.5148
mcw,184,1,10,60.33,559.505,66.2973,0.4478
mcw,184,1,11,60.105,559.145,48.9453,0.4111
mcw,184,1,12,59.795,558.88,32.1526,0.4134
mcw,184,1,13,59.41,558.695,19.6535,0.446
mcw,184,1,14,58.975,558.57,12.5291,0.461
mcw,184,1,15,58.505,558.495,5.8263,0.4925
mcw,184,1,16,58.02,558.465,1.1933,0.4801
mcw,184,1,17,57.575,558.46,0.0,0.41
mcw,184,1,18,57.37,560.205,90.0,3.49
mcw,185,0,0,67.185,561.95,0.0,2.37
mcw,185,0,1,68.37,562.5,90.0,1.1
mcw,185,0,2,65.365,563.05,0.0,6.01
mcw,185,0,3,62.36,562.5,90.0,1.1
mcw,185,0,4,63.54,561.95,0.0,2.36
mcw,185,0,5,64.72,557.55,90.0,8.8
mcw,185,0,6,65.36,553.15,0.0,1.28
mcw,185,0,7,66.0,557.55,90.0,8.8
mcw,186,0,0,74.12,553.15,0.0,2.06
mcw,186,0,1,75.435,553.155,1.0049,0.5701
mcw,186,0,2,76.005,553.19,6.0091,0.5731
mcw,186,0,3,76.56,553.265,9.4623,0.5474
mcw,186,0,4,77.09,553.38,15.0683,0.5385
mcw,186,0,5,77.595,553.535,19.1339,0.5187
mcw,186,0,6,78.07,553.725,24.5377,0.5057
mcw,186,0,7,78.52,553.955,29.6043,0.5061
mcw,186,0,8,78.94,554.225,35.9421,0.4941
mcw,186,0,9,79.32,554.535,42.5102,0.4884
mcw,186,0,10,79.665,554.885,48.2709,0.4958
mcw,186,0,11,79.97,555.275,55.6701,0.4965
mcw,186,0,12,80.23,555.705,61.9268,0.51
mcw,186,0,13,80.445,556.175,68.8065,0.5255
mcw,186,0,14,80.605,556.69,76.4637,0.5554
mcw,186,0,15,80.715,557.245,81.0277,0.5771
mcw,186,0,16,80.775,557.84,87.2299,0.6207
mcw,186,0,17,80.775,558.45,92.8623,0.6007
mcw,186,0,18,80.715,559.03,99.1298,0.5672
mcw,186,0,19,80.6,559.57,105.0684,0.5385
mcw,186,0,20,80.435,560.07,111.5956,0.5162
mcw,186,0,21,80.22,560.535,118.0722,0.51
mcw,186,0,22,79.96,560.96,124.9918,0.4883
mcw,186,0,23,79.655,561.34,132.5109,0.4884
mcw,186,0,24,79.305,561.68,139.1449,0.4892
mcw,186,0,25,78.92,561.985,144.0579,0.4941
mcw,186,0,26,78.505,562.25,150.8322,0.4924
mcw,186,0,27,78.06,562.475,155.4623,0.5057
mcw,186,0,28,77.585,562.665,160.8663,0.5187
mcw,186,0,29,77.085,562.815,165.6999,0.5263
mcw,186,0,30,76.565,562.925,170.3624,0.5376
mcw,186,0,31,76.025,563.0,173.774,0.5533
mcw,186,0,32,75.465,563.04,177.9906,0.5704
mcw,186,0,33,74.135,563.05,0.0,2.09
mcw,186,0,34,73.09,558.1,90.0,9.9
mcw,186,1,0,74.585,561.95,0.0,0.43
mcw,186,1,1,75.035,561.94,177.5633,0.4704
mcw,186,1,2,75.5,561.915,176.2687,0.461
mcw,186,1,3,75.95,561.87,172.2347,0.4441
mcw,186,1,4,76.385,561.795,168.1785,0.4393
mcw,186,1,5,76.805,561.695,164.9814,0.4245
mcw,186,1,6,77.205,561.565,158.9628,0.4179
mcw,186,1,7,77.58,561.405,154.7221,0.3981
mcw,186,1,8,77.93,561.215,148.299,0.3996
mcw,186,1,9,78.255,560.99,142.2532,0.392
mcw,186,1,10,78.545,560.73,133.9578,0.389
mcw,186,1,11,78.8,560.435,127.7477,0.392
mcw,186,1,12,79.025,560.105,120.9635,0.4082
mcw,186,1,13,79.21,559.73,111.801,0.4308
mcw,186,1,14,79.35,559.315,105.5931,0.4464
mcw,186,1,15,79.445,558.86,98.2971,0.4851
mcw,186,1,16,79.495,558.36,93.3017,0.5209
mcw,186,1,17,79.495,557.835,86.7604,0.5309
mcw,186,1,18,79.445,557.335,81.5288,0.4752
mcw,186,1,19,79.35,556.88,74.7446,0.4561
mcw,186,1,20,79.21,556.465,67.6943,0.4215
mcw,186,1,21,79.025,556.095,59.0362,0.4082
mcw,186,1,22,78.8,555.76,53.1294,0.4
mcw,186,1,23,78.545,555.46,46.0422,0.389
mcw,186,1,24,78.255,555.2,37.7468,0.392
mcw,186,1,25,77.93,554.975,31.701,0.3996
mcw,186,1,26,77.58,554.785,25.2779,0.3981
mcw,186,1,27,77.205,554.625,21.0372,0.4179
mcw,186,1,28,76.805,554.495,15.0186,0.4245
mcw,186,1,29,76.385,554.395,11.8215,0.4393
mcw,186,1,30,75.95,554.32,7.7653,0.4441
mcw,186,1,31,75.5,554.27,4.9699,0.4617
mcw,186,1,32,75.035,554.245,1.2187,0.4701
mcw,186,1,33,74.585,554.24,0.0,0.43
mcw,186,1,34,74.37,558.095,90.0,7.71
mcw,187,0,0,82.51,563.05,0.0,1.28
mcw,187,0,1,81.87,558.1,90.0,9.9
mcw,187,0,2,82.51,553.15,0.0,1.28
mcw,187,0,3,83.15,558.1,90.0,9.9
mcw,188,0,0,91.46,554.43,114.004,2.8024
mcw,188,0,1,92.695,553.15,0.0,1.33
mcw,188,0,2,90.98,558.355,114.5724,11.4466
mcw,188,0,3,86.215,558.355,65.3821,11.4508
mcw,188,0,4,84.5,553.15,0.0,1.34
mcw,188,0,5,85.74,554.43,65.996,2.8024
mcw,188,0,6,88.6,555.71,0.0,4.58
mcw,188,1,0,88.595,556.81,0.0,3.55
mcw,188,1,1,87.71,558.825,66.1696,4.4056
mcw,188,1,2,89.485,558.825,113.7114,4.4016
mcw,189,0,0,99.4,557.545,90.0,1.11
mcw,189,0,1,100.655,556.99,0.0,2.51
mcw,189,0,2,101.865,556.7,81.1792,0.5869
mcw,189,0,3,101.71,556.135,68.1986,0.5924
mcw,189,0,4,101.44,555.61,57.3808,0.5936
mcw,189,0,5,101.075,555.14,47.0216,0.6014
mcw,189,0,6,100.625,554.74,36.3047,0.608
mcw,189,0,7,100.115,554.425,26.9956,0.5948
mcw,189,0,8,99.57,554.205,16.8867,0.5852
mcw,189,0,9,99.01,554.09,6.1157,0.5632
mcw,189,0,10,98.535,554.07,177.0643,0.3905
mcw,189,0,11,98.15,554.115,169.5627,0.3864
mcw,189,0,12,97.78,554.2,164.4756,0.3736
mcw,189,0,13,97.425,554.325,156.8016,0.3808
mcw,189,0,14,96.93,554.595,148.6429,0.7495
mcw,189,0,15,96.33,555.045,137.6752,0.7574
mcw,189,0,16,95.82,555.6,127.4762,0.756
mcw,189,0,17,95.415,556.24,117.235,0.7648
mcw,189,0,18,95.13,556.945,106.7713,0.7624
mcw,189,0,19,94.985,557.69,95.2624,0.7632
mcw,189,0,20,94.955,558.285,88.6685,0.4301
mcw,189,0,21,94.99,558.71,81.8692,0.4243
mcw,189,0,22,95.07,559.125,76.2932,0.422
mcw,189,0,23,95.185,559.525,71.5654,0.4111
mcw,189,0,24,95.425,560.08,64.0752,0.8006
mcw,189,0,25,95.835,560.755,53.2759,0.786
mcw,189,0,26,96.355,561.33,42.3736,0.7716
mcw,189,0,27,96.97,561.785,30.579,0.7666
mcw,189,0,28,97.48,562.05,21.2504,0.3863
mcw,189,0,29,97.85,562.175,16.1445,0.3956
mcw,189,0,30,98.235,562.26,8.7461,0.3946
mcw,189,0,31,98.63,562.3,2.8622,0.4005
mcw,189,0,32,99.05,562.295,176.0997,0.441
mcw,189,0,33,99.49,562.235,168.4397,0.4491
mcw,189,0,34,99.92,562.115,160.3465,0.446
mcw,189,0,35,100.335,561.94,153.9966,0.4562
mcw,189,0,36,100.735,561.72,148.3923,0.4579
mcw,189,0,37,101.105,561.455,140.3556,0.4545
mcw,189,0,38,101.44,561.14,133.2643,0.4669
mcw,189,0,39,101.745,560.79,128.8534,0.4623
mcw,189,0,40,102.295,561.045,47.0453,1.1887
mcw,189,0,41,102.515,561.7,130.0611,0.5749
mcw,189,0,42,102.12,562.115,137.121,0.5731
mcw,189,0,43,101.68,562.475,144.3445,0.5661
mcw,189,0,44,101.205,562.78,150.2555,0.5644
mcw,189,0,45,100.7,563.025,158.0086,0.5608
mcw,189,0,46,100.17,563.21,163.4957,0.5632
mcw,189,0,47,99.62,563.335,170.8698,0.5672
mcw,189,0,48,99.06,563.395,176.9337,0.5608
mcw,189,0,49,98.52,563.395,3.3018,0.5209
mcw,189,0,50,98.005,563.34,8.9149,0.5162
mcw,189,0,51,97.51,563.235,15.1543,0.4973
mcw,189,0,52,97.035,563.08,20.9558,0.5033
mcw,189,0,53,96.575,562.88,26.0532,0.5009
mcw,189,0,54,96.14,562.635,32.7354,0.4993
mcw,189,0,55,95.73,562.345,37.7755,0.5061
mcw,189,0,56,95.35,562.02,43.3634,0.4952
mcw,189,0,57,95.005,561.66,49.0288,0.5033
mcw,189,0,58,94.69,561.26,54.4619,0.5161
mcw,189,0,59,94.41,560.83,59.4207,0.5111
mcw,189,0,60,94.175,560.375,65.9245,0.5148
mcw,189,0,61,93.98,559.89,70.2011,0.5314
mcw,189,0,62,93.83,559.38,77.0059,0.5337
mcw,189,0,63,93.73,558.855,81.4162,0.536
mcw,189,0,64,93.675,558.31,86.9336,0.5608
mcw,189,0,65,93.675,557.78,93.4335,0.5009
mcw,189,0,66,93.725,557.28,97.9696,0.5049
mcw,189,0,67,93.825,556.795,105.4609,0.4876
mcw,189,0,68,93.975,556.325,109.8851,0.4998
mcw,189,0,69,94.165,555.87,115.5145,0.4875
mcw,189,0,70,94.395,555.44,120.7628,0.4888
mcw,189,0,71,94.665,555.035,126.6335,0.486
mcw,189,0,72,94.97,554.66,131.6341,0.4817
mcw,189,0,73,95.31,554.315,137.4888,0.4884
mcw,189,0,74,95.68,554.0,141.7103,0.4842
mcw,189,0,75,96.075,553.72,147.6189,0.4855
mcw,189,0,76,96.5,553.48,153.4353,0.4919
mcw,189,0,77,96.95,553.285,159.7172,0.4904
mcw,189,0,78,97.415,553.135,164.5391,0.4876
mcw,189,0,79,97.895,553.03,170.7271,0.4965
mcw,189,0,80,98.395,552.975,176.6337,0.5109
mcw,189,0,81,98.9,552.975,3.4335,0.5009
mcw,189,0,82,99.385,553.025,8.4711,0.4752
mcw,189,0,83,99.85,553.115,13.4487,0.473
mcw,189,0,84,100.295,553.245,19.2308,0.4554
mcw,189,0,85,100.71,553.42,26.5646,0.4472
mcw,189,0,86,101.095,553.635,31.8667,0.4357
mcw,189,0,87,101.455,553.885,37.6468,0.442
mcw,189,0,88,101.785,554.175,45.0004,0.4384
mcw,189,0,89,102.085,554.495,48.6915,0.4393
mcw,189,0,90,102.35,554.84,56.3099,0.4327
mcw,189,0,91,102.58,555.22,61.1892,0.4565
mcw,189,0,92,102.78,555.625,66.2973,0.4478
mcw,189,0,93,102.94,556.05,72.3499,0.4617
mcw,189,0,94,103.06,556.5,77.7355,0.4707
mcw,189,0,95,103.14,556.97,82.8753,0.4837
mcw,189,0,96,103.185,557.46,86.5656,0.5009
mcw,189,0,97,103.2,557.905,90.0,0.39
mcw,189,0,98,101.3,558.1,0.0,3.8
mcw,190,0,0,107.91,557.545,11.9443,0.5315
mcw,190,0,1,108.4,557.705,24.5373,0.5057
mcw,190,0,2,108.835,557.95,34.3304,0.4965
mcw,190,0,3,109.21,558.26,44.9997,0.4808
mcw,190,0,4,109.515,558.635,56.634,0.4909
mcw,190,0,5,109.75,559.06,65.5565,0.4833
mcw,190,0,6,109.91,559.525,76.2389,0.5045
mcw,190,0,7,109.99,560.02,85.426,0.5016
mcw,190,0,8,109.97,560.61,96.71,0.6847
mcw,190,0,9,109.81,561.27,110.5559,0.6835
mcw,190,0,10,109.49,561.87,125.5377,0.6882
mcw,190,0,11,109.025,562.37,140.3008,0.6888
mcw,190,0,12,108.44,562.72,157.8905,0.6908
mcw,190,0,13,107.785,562.915,169.0194,0.6825
mcw,190,0,14,107.1,563.01,175.101,0.7026
mcw,190,0,15,106.405,563.045,179.1697,0.6901
mcw,190,0,16,105.285,563.05,0.0,1.55
mcw,190,0,17,104.51,558.1,90.0,9.9
mcw,190,0,18,105.15,553.15,0.0,1.28
mcw,190,0,19,105.79,555.255,90.0,4.21
mcw,190,0,20,106.055,557.36,0.0,0.53
mcw,190,0,21,107.81,555.255,125.2924,5.158
mcw,190,0,22,110.03,553.15,0.0,1.46
mcw,190,0,23,109.205,555.32,125.625,5.3393
mcw,190,1,0,105.96,561.95,0.0,0.34
mcw,190,1,1,106.37,561.94,177.614,0.4804
mcw,190,1,2,106.855,561.91,175.3335,0.4916
mcw,190,1,3,107.33,561.845,168.9299,0.4687
mcw,190,1,4,107.775,561.725,160.7688,0.4554
mcw,190,1,5,108.175,561.54,149.2646,0.4305
mcw,190,1,6,108.505,561.28,134.0291,0.4173
mcw,190,1,7,108.745,560.93,115.4081,0.4428
mcw,190,1,8,108.875,560.475,97.8152,0.5148
mcw,190,1,9,108.88,559.965,83.2896,0.5135
mcw,190,1,10,108.76,559.505,66.2973,0.4478
mcw,190,1,11,108.53,559.145,47.9111,0.4177
mcw,190,1,12,108.215,558.88,32.1526,0.4134
mcw,190,1,13,107.835,558.695,20.0951,0.4366
mcw,190,1,14,107.4,558.57,12.2649,0.4708
mcw,190,1,15,106.93,558.495,5.9468,0.4826
mcw,190,1,16,106.445,558.465,1.1689,0.4901
mcw,190,1,17,105.995,558.46,0.0,0.41
mcw,190,1,18,105.79,560.205,90.0,3.49
mcw,191,0,0,118.21,554.43,114.004,2.8024
mcw,191,0,1,119.445,553.15,0.0,1.33
mcw,191,0,2,117.73,558.355,114.5724,11.4466
mcw,191,0,3,112.965,558.355,65.3821,11.4508
mcw,191,0,4,111.25,553.15,0.0,1.34
mcw,191,0,5,112.485,554.43,66.183,2.7983
mcw,191,0,6,115.345,555.71,0.0,4.59
mcw,191,1,0,115.345,556.81,0.0,3.55
mcw,191,1,1,114.46,558.825,66.1696,4.4056
mcw,191,1,2,116.235,558.825,113.7114,4.4016
mcw,192,0,0,127.16,556.4,66.5807,7.4977
mcw,192,0,1,128.665,559.84,0.0,0.03
mcw,192,0,2,129.26,556.495,99.8369,6.7898
mcw,192,0,3,130.48,553.15,0.0,1.28
mcw,192,0,4,130.105,558.38,100.983,10.6552
mcw,192,0,5,127.38,559.69,66.432,8.5535
mcw,192,0,6,123.96,559.69,113.568,8.5535
mcw,192,0,7,121.23,558.38,78.9642,10.6571
mcw,192,0,8,120.855,553.15,0.0,1.29
mcw,192,0,9,122.08,556.48,80.1197,6.7603
mcw,192,0,10,122.67,559.81,0.0,0.02
mcw,192,0,11,124.175,556.385,113.5811,7.4741
mcw,193,0,0,43.04,299.24,53.7461,4.0922
mcw,193,0,1,42.04,297.44,144.4606,0.5161
mcw,193,0,2,43.605,299.145,53.8534,4.5944
mcw,193,0,3,44.56,301.295,143.59,0.994
mcw,193,0,4,43.88,301.475,22.3296,0.6054
mcw,193,0,5,43.925,301.125,144.1302,0.8021
mcw,194,0,0,46.12,296.26,15.2969,2.4259
mcw,194,0,1,47.405,296.63,23.4935,0.2508
mcw,194,0,2,47.635,296.745,29.4769,0.2642
mcw,194,0,3,47.85,296.895,40.3667,0.2625
mcw,194,0,4,48.035,297.08,49.6325,0.2625
mcw,194,0,5,48.195,297.305,59.0366,0.2915
mcw,194,0,6,48.315,297.565,71.5663,0.2846
mcw,194,0,7,48.38,297.83,81.253,0.263
mcw,194,0,8,48.39,298.095,94.2362,0.2708
mcw,194,0,9,48.34,298.36,107.1044,0.272
mcw,194,0,10,48.24,298.61,116.5629,0.2683
mcw,194,0,11,48.095,298.835,128.9918,0.2702
mcw,194,0,12,47.905,299.035,137.8624,0.2832
mcw,194,0,13,47.67,299.21,148.3917,0.3053
mcw,194,0,14,47.41,299.34,158.9615,0.2786
mcw,194,0,15,47.15,299.415,169.117,0.2648
mcw,194,0,16,46.89,299.435,2.2048,0.2602
mcw,194,0,17,46.63,299.4,12.994,0.2668
mcw,194,0,18,46.38,299.315,24.6209,0.264
mcw,194,0,19,46.14,299.18,33.6905,0.2884
mcw,194,0,20,45.91,298.995,43.6665,0.3041
mcw,194,0,21,46.035,298.72,144.1158,0.5801
mcw,194,0,22,46.33,298.61,45.0064,0.1697
mcw,194,0,23,46.46,298.72,35.5304,0.172
mcw,194,0,24,46.61,298.805,23.6316,0.1746
mcw,194,0,25,46.77,298.86,14.0391,0.1649
mcw,194,0,26,46.935,298.885,3.3698,0.1703
mcw,194,0,27,47.1,298.875,169.3808,0.1628
mcw,194,0,28,47.26,298.835,162.64,0.1676
mcw,194,0,29,47.415,298.765,149.0375,0.1749
mcw,194,0,30,47.56,298.66,139.3997,0.1844
mcw,194,0,31,47.68,298.53,125.5344,0.1721
mcw,194,0,32,47.765,298.38,113.6288,0.1746
mcw,194,0,33,47.825,298.215,106.392,0.1772
mcw,194,0,34,47.855,298.045,93.3656,0.1703
mcw,194,0,35,47.85,297.87,83.6594,0.1811
mcw,194,0,36,47.81,297.7,69.444,0.1709
mcw,194,0,37,47.735,297.54,60.6438,0.1836
mcw,194,0,38,47.61,297.375,46.7322,0.2334
mcw,194,0,39,47.425,297.23,29.744,0.2419
mcw,194,0,40,47.205,297.13,19.1828,0.2435
mcw,194,0,41,46.975,297.055,16.9292,0.2404
mcw,194,0,42,45.305,296.605,14.9426,3.2188
mcw,194,0,43,44.935,295.32,143.7149,2.9401
mcw,194,0,44,46.27,294.655,53.8068,0.508
mcw,194,0,45,45.685,295.4,143.6959,1.8241
mcw,195,0,0,50.475,294.995,53.7291,3.6342
mcw,195,0,1,49.2,295.615,19.7773,4.9946
mcw,195,0,2,47.77,294.095,143.7332,2.2821
mcw,195,0,3,48.485,293.145,53.2981,0.686
mcw,195,0,4,48.485,292.72,143.8079,0.508
mcw,195,0,5,48.895,292.845,53.2965,0.686
mcw,195,0,6,49.31,292.96,142.6953,0.528
mcw,195,0,7,49.67,293.01,54.4633,0.5161
mcw,195,0,8,49.61,293.375,143.5692,0.522
mcw,195,1,0,48.46,294.215,144.0041,1.3102
mcw,195,1,1,49.015,294.985,19.5364,2.3026
mcw,195,1,2,50.105,295.37,0.0,0.01
mcw,195,1,3,49.55,294.6,53.9728,1.9042
mcw,196,0,0,50.32,292.095,157.3849,0.13
mcw,196,0,1,50.195,292.125,175.5971,0.1304
mcw,196,0,2,50.07,292.105,22.6151,0.13
mcw,196,0,3,49.96,292.035,41.9854,0.1345
mcw,196,0,4,49.88,291.93,63.4408,0.1342
mcw,196,0,5,49.85,291.805,90.0,0.13
mcw,196,0,6,49.87,291.68,108.43,0.1265
mcw,196,0,7,49.935,291.57,131.9942,0.1345
mcw,196,0,8,50.04,291.49,153.4364,0.1342
mcw,196,0,9,50.165,291.46,0.0,0.13
mcw,196,0,10,50.295,291.48,17.0937,0.136
mcw,196,0,11,50.41,291.545,41.9854,0.1345
mcw,196,0,12,50.485,291.65,67.3848,0.13
mcw,196,0,13,50.515,291.775,85.6012,0.1304
mcw,196,0,14,50.495,291.905,111.0365,0.1393
mcw,196,0,15,50.425,292.02,131.9855,0.1345
mcw,197,0,0,51.785,291.7,60.019,0.3002
mcw,197,0,1,51.66,291.44,68.9612,0.2785
mcw,197,0,2,51.595,291.175,83.6605,0.2717
mcw,197,0,3,51.59,290.91,94.3992,0.2607
mcw,197,0,4,51.64,290.66,108.433,0.253
mcw,197,0,5,51.74,290.42,116.5658,0.2683
mcw,197,0,6,51.885,290.195,128.9925,0.2702
mcw,197,0,7,52.08,289.995,139.1847,0.2907
mcw,197,0,8,52.31,289.825,147.9954,0.283
mcw,197,0,9,52.56,289.7,158.9615,0.2786
mcw,197,0,10,52.82,289.625,169.1105,0.2648
mcw,197,0,11,53.08,289.605,2.2048,0.2602
mcw,197,0,12,53.335,289.635,11.3072,0.2549
mcw,197,0,13,53.58,289.72,26.5698,0.2683
mcw,197,0,14,53.815,289.86,34.82,0.2802
mcw,197,0,15,54.03,290.055,48.9922,0.3048
mcw,197,0,16,54.175,290.245,59.0352,0.1749
mcw,197,0,17,54.26,290.4,63.436,0.1789
mcw,197,0,18,54.325,290.56,72.6454,0.1676
mcw,197,0,19,54.365,290.725,79.9932,0.1726
mcw,197,0,20,54.38,290.895,90.0,0.17
mcw,197,0,21,54.37,291.06,97.125,0.1612
mcw,197,0,22,54.335,291.225,106.3881,0.1772
mcw,197,0,23,54.265,291.385,120.9648,0.1749
mcw,197,0,24,54.385,291.465,1.7374,0.3301
mcw,197,0,25,54.695,291.51,15.4196,0.3008
mcw,197,0,26,54.91,291.59,29.7408,0.1612
mcw,197,0,27,55.045,291.675,34.7029,0.1581
mcw,197,0,28,55.17,291.775,42.5069,0.1628
mcw,197,0,29,55.285,291.895,49.7645,0.1703
mcw,197,0,30,55.41,292.08,59.7427,0.2778
mcw,197,0,31,55.525,292.325,70.2011,0.2657
mcw,197,0,32,55.59,292.58,81.254,0.2631
mcw,197,0,33,55.605,292.83,92.3856,0.2402
mcw,197,0,34,55.565,293.075,105.643,0.2596
mcw,197,0,35,55.475,293.31,116.5643,0.246
mcw,197,0,36,55.34,293.525,127.305,0.264
mcw,197,0,37,55.16,293.72,138.0092,0.2691
mcw,197,0,38,54.94,293.885,147.9958,0.283
mcw,197,0,39,54.695,294.0,162.2581,0.2625
mcw,197,0,40,54.445,294.06,170.9078,0.2532
mcw,197,0,41,54.195,294.075,2.2928,0.2502
mcw,197,0,42,53.95,294.04,14.0358,0.2474
mcw,197,0,43,53.715,293.955,25.557,0.2549
mcw,197,0,44,53.495,293.815,38.9928,0.2702
mcw,197,0,45,53.3,293.625,49.3975,0.2766
mcw,197,0,46,53.165,293.45,57.2675,0.1664
mcw,197,0,47,53.085,293.305,64.9823,0.1655
mcw,197,0,48,53.02,293.155,68.1986,0.1615
mcw,197,0,49,52.975,293.005,78.6887,0.153
mcw,197,0,50,52.965,292.775,91.848,0.3102
mcw,197,0,51,53.01,292.47,104.9302,0.3105
mcw,197,0,52,52.965,292.335,169.9923,0.1726
mcw,197,0,53,52.795,292.35,0.0,0.17
mcw,197,0,54,52.63,292.335,10.6192,0.1628
mcw,197,0,55,52.47,292.295,17.3501,0.1676
mcw,197,0,56,52.315,292.23,28.0779,0.17
mcw,197,0,57,52.17,292.14,35.5312,0.172
mcw,197,0,58,52.04,292.03,44.9982,0.1697
mcw,197,0,59,51.92,291.9,49.4019,0.1844
mcw,197,1,0,54.815,293.345,134.995,0.1556
mcw,197,1,1,54.92,293.23,129.8074,0.1562
mcw,197,1,2,55.0,293.1,113.2001,0.1523
mcw,197,1,3,55.05,292.95,104.0362,0.1649
mcw,197,1,4,55.075,292.795,93.815,0.1503
mcw,197,1,5,55.07,292.64,82.875,0.1612
mcw,197,1,6,55.035,292.485,71.5681,0.1581
mcw,197,1,7,54.97,292.34,60.2518,0.1612
mcw,197,1,8,54.88,292.215,47.7309,0.1487
mcw,197,1,9,54.765,292.12,31.603,0.1526
mcw,197,1,10,54.63,292.05,23.1978,0.1523
mcw,197,1,11,54.48,292.0,14.0391,0.1649
mcw,197,1,12,54.32,291.975,3.5689,0.1603
mcw,197,1,13,54.16,291.975,176.4311,0.1603
mcw,197,1,14,54.005,292.0,165.0657,0.1552
mcw,197,1,15,53.865,292.06,148.397,0.1526
mcw,197,1,16,53.745,292.15,137.7237,0.1487
mcw,197,1,17,53.645,292.265,124.6942,0.1581
mcw,197,1,18,53.57,292.405,111.8027,0.1615
mcw,197,1,19,53.525,292.555,101.3099,0.153
mcw,197,1,20,53.5,292.715,96.7095,0.1712
mcw,197,1,21,53.5,292.875,82.4049,0.1513
mcw,197,1,22,53.53,293.025,75.069,0.1552
mcw,197,1,23,53.585,293.16,59.749,0.1389
mcw,197,1,24,53.675,293.285,49.7579,0.1703
mcw,197,1,25,53.795,293.395,34.6938,0.1581
mcw,197,1,26,53.935,293.475,25.019,0.1655
mcw,197,1,27,54.085,293.525,11.3097,0.153
mcw,197,1,28,54.235,293.545,3.8177,0.1503
mcw,197,1,29,54.39,293.54,172.8789,0.1612
mcw,197,1,30,54.545,293.505,161.5585,0.1581
mcw,197,1,31,54.69,293.44,150.2598,0.1612
mcw,197,2,0,53.565,291.63,137.292,0.1769
mcw,197,2,1,53.68,291.5,125.5403,0.172
mcw,197,2,2,53.77,291.355,118.074,0.17
mcw,197,2,3,53.83,291.2,104.0362,0.1649
mcw,197,2,4,53.86,291.035,96.7082,0.1712
mcw,197,2,5,53.86,290.865,83.2906,0.1712
mcw,197,2,6,53.825,290.7,72.6454,0.1676
mcw,197,2,7,53.76,290.545,61.9271,0.17
mcw,197,2,8,53.66,290.41,45.0064,0.1697
mcw,197,2,9,53.53,290.3,35.5304,0.172
mcw,197,2,10,53.38,290.22,20.5649,0.1709
mcw,197,2,11,53.22,290.17,14.0289,0.1649
mcw,197,2,12,53.055,290.15,0.0,0.17
mcw,197,2,13,52.885,290.16,173.2939,0.1712
mcw,197,2,14,52.72,290.2,159.4447,0.1709
mcw,197,2,15,52.565,290.27,151.9221,0.17
mcw,197,2,16,52.425,290.37,137.292,0.1769
mcw,197,2,17,52.31,290.495,127.5671,0.164
mcw,197,2,18,52.225,290.64,113.6288,0.1746
mcw,197,2,19,52.165,290.8,107.3578,0.1676
mcw,197,2,20,52.135,290.965,93.3656,0.1703
mcw,197,2,21,52.135,291.135,86.6344,0.1703
mcw,197,2,22,52.165,291.3,72.6422,0.1676
mcw,197,2,23,52.23,291.455,61.932,0.17
mcw,197,2,24,52.33,291.595,47.2852,0.1769
mcw,197,2,25,52.46,291.705,32.7431,0.1664
mcw,197,2,26,52.61,291.785,23.6219,0.1746
mcw,197,2,27,52.77,291.835,10.6192,0.1628
mcw,197,2,28,52.935,291.855,3.3698,0.1703
mcw,197,2,29,53.105,291.845,169.9925,0.1726
mcw,197,2,30,53.27,291.8,159.4447,0.1709
mcw,197,2,31,53.425,291.73,151.9221,0.17
mcw,198,0,0,57.33,291.9,154.6548,0.4205
mcw,198,0,1,56.945,292.0,177.0615,0.3905
mcw,198,0,2,56.565,291.94,20.7276,0.3956
mcw,198,0,3,56.23,291.725,44.0299,0.4173
mcw,198,0,4,55.985,291.385,64.0244,0.4338
mcw,198,0,5,55.88,290.995,87.0644,0.3905
mcw,198,0,6,55.94,290.62,111.2517,0.3863
mcw,198,0,7,56.155,290.285,133.0908,0.4245
mcw,198,0,8,56.49,290.035,153.4347,0.4249
mcw,198,0,9,56.88,289.93,177.1348,0.4005
mcw,198,0,10,57.26,289.99,21.2527,0.3863
mcw,198,0,11,57.595,290.205,43.0916,0.4245
mcw,198,0,12,57.84,290.54,64.6541,0.4205
mcw,198,0,13,57.945,290.925,85.6013,0.3911
mcw,198,0,14,57.89,291.305,110.7257,0.3956
mcw,198,0,15,57.67,291.65,133.1517,0.4386
mcw,198,1,0,56.51,290.6,131.1859,0.2126
mcw,198,1,1,56.4,290.78,111.7997,0.2154
mcw,198,1,2,56.365,290.985,87.274,0.2102
mcw,198,1,3,56.415,291.19,65.7735,0.2193
mcw,198,1,4,56.545,291.365,41.4222,0.2267
mcw,198,1,5,56.73,291.48,21.798,0.2154
mcw,198,1,6,56.935,291.515,177.2793,0.2102
mcw,198,1,7,57.14,291.465,155.7659,0.2193
mcw,198,1,8,57.315,291.34,133.1568,0.2193
mcw,198,1,9,57.425,291.155,108.4331,0.2214
mcw,198,1,10,57.455,290.94,87.3979,0.2202
mcw,198,1,11,57.405,290.73,65.7703,0.2193
mcw,198,1,12,57.28,290.555,43.1513,0.2193
mcw,198,1,13,57.1,290.445,19.2918,0.2119
mcw,198,1,14,56.89,290.42,174.8084,0.2209
mcw,198,1,15,56.68,290.475,155.7728,0.2193
mcw,199,0,0,35.475,319.535,143.158,4.086
mcw,199,0,1,33.69,320.56,53.1319,0.5
mcw,199,0,2,35.375,318.98,143.0554,4.592
mcw,199,0,3,37.51,317.995,52.7827,0.992
mcw,199,0,4,37.7,318.675,111.1047,0.611
mcw,199,0,5,37.35,318.635,53.5553,0.808
mcw,200,0,0,32.46,316.49,104.8399,2.4207
mcw,200,0,1,32.815,315.2,110.5568,0.2563
mcw,200,0,2,32.925,314.97,120.5793,0.2555
mcw,200,0,3,33.075,314.76,130.3625,0.2625
mcw,200,0,4,33.255,314.57,136.5497,0.2617
mcw,200,0,5,33.48,314.405,150.0192,0.3002
mcw,200,0,6,33.74,314.28,158.9615,0.2786
mcw,200,0,7,34.005,314.215,173.6601,0.2717
mcw,200,0,8,34.275,314.205,2.1167,0.2702
mcw,200,0,9,34.535,314.245,15.6438,0.2596
mcw,200,0,10,34.78,314.34,26.564,0.2683
mcw,200,0,11,35.01,314.485,37.6963,0.278
mcw,200,0,12,35.22,314.675,46.3965,0.29
mcw,200,0,13,35.4,314.91,58.3929,0.3053
mcw,200,0,14,35.53,315.17,68.9635,0.2786
mcw,200,0,15,35.605,315.43,79.1138,0.2647
mcw,200,0,16,35.63,315.69,90.0,0.26
mcw,200,0,17,35.6,315.945,103.496,0.2571
mcw,200,0,18,35.515,316.195,113.7489,0.2731
mcw,200,0,19,35.38,316.44,123.6911,0.2884
mcw,200,0,20,35.195,316.67,133.668,0.3041
mcw,200,0,21,34.92,316.55,53.5302,0.572
mcw,200,0,22,34.81,316.255,132.709,0.1769
mcw,200,0,23,34.92,316.12,125.5403,0.172
mcw,200,0,24,35.0,315.975,111.7986,0.1616
mcw,200,0,25,35.05,315.815,103.2409,0.1746
mcw,200,0,26,35.075,315.645,93.3669,0.1703
mcw,200,0,27,35.065,315.48,79.381,0.1628
mcw,200,0,28,35.025,315.32,72.6454,0.1676
mcw,200,0,29,34.955,315.165,59.0352,0.1749
mcw,200,0,30,34.85,315.025,47.2919,0.1769
mcw,200,0,31,34.715,314.91,33.684,0.1803
mcw,200,0,32,34.56,314.825,23.6316,0.1746
mcw,200,0,33,34.395,314.765,16.395,0.1772
mcw,200,0,34,34.225,314.735,3.3595,0.1703
mcw,200,0,35,34.055,314.745,169.9925,0.1726
mcw,200,0,36,33.885,314.785,163.6141,0.1772
mcw,200,0,37,33.72,314.86,147.993,0.1887
mcw,200,0,38,33.56,314.99,134.9993,0.2263
mcw,200,0,39,33.42,315.175,119.7465,0.2419
mcw,200,0,40,33.315,315.395,111.3697,0.247
mcw,200,0,41,33.24,315.625,104.6215,0.2377
mcw,200,0,42,32.815,317.305,104.1654,3.2282
mcw,200,0,43,31.535,317.69,53.1299,2.95
mcw,200,0,44,30.855,316.355,142.9074,0.514
mcw,200,0,45,31.605,316.93,53.2557,1.822
mcw,201,0,0,300.06,128.495,54.7856,0.2081
mcw,201,0,1,300.19,128.645,42.8703,0.191
mcw,201,0,2,300.335,128.76,33.6928,0.1803
mcw,201,0,3,300.49,128.84,20.5548,0.1709
mcw,201,0,4,300.655,128.88,6.717,0.1712
mcw,201,0,5,300.83,128.88,173.6545,0.1811
mcw,201,0,6,301.01,128.84,161.5651,0.1897
mcw,201,0,7,301.195,128.755,149.935,0.2195
mcw,201,0,8,301.36,128.645,141.8356,0.178
mcw,201,0,9,301.485,128.52,128.1644,0.178
mcw,201,0,10,301.58,128.375,118.0695,0.17
mcw,201,0,11,301.645,128.22,107.3596,0.1676
mcw,201,0,12,301.675,128.055,93.3592,0.1703
mcw,201,0,13,301.67,127.885,83.2931,0.1712
mcw,201,0,14,301.635,127.715,73.606,0.1772
mcw,201,0,15,301.565,127.55,60.6438,0.1836
mcw,201,0,16,301.47,127.405,52.4392,0.164
mcw,201,0,17,301.36,127.285,42.5006,0.1628
mcw,201,0,18,301.23,127.19,29.753,0.1612
mcw,201,0,19,301.09,127.12,23.1956,0.1523
mcw,201,0,20,300.945,127.075,11.3099,0.153
mcw,201,0,21,300.795,127.06,0.0,0.15
mcw,201,0,22,300.64,127.075,169.381,0.1628
mcw,201,0,23,300.485,127.12,158.1986,0.1615
mcw,201,0,24,300.25,126.92,55.1744,0.5604
mcw,201,0,25,300.21,126.63,153.4349,0.2683
mcw,201,0,26,300.46,126.54,167.0064,0.2668
mcw,201,0,27,300.715,126.505,177.7072,0.2502
mcw,201,0,28,300.965,126.52,9.0922,0.2532
mcw,201,0,29,301.205,126.585,21.3689,0.247
mcw,201,0,30,301.43,126.695,30.58,0.2555
mcw,201,0,31,301.64,126.845,40.3643,0.2625
mcw,201,0,32,301.825,127.035,51.0097,0.2702
mcw,201,0,33,301.985,127.27,60.0174,0.3001
mcw,201,0,34,302.11,127.53,68.962,0.2786
mcw,201,0,35,302.185,127.795,79.5106,0.2746
mcw,201,0,36,302.205,128.06,92.1979,0.2602
mcw,201,0,37,302.165,128.32,105.0695,0.2693
mcw,201,0,38,302.07,128.57,116.5651,0.2683
mcw,201,0,39,301.92,128.8,129.2929,0.2843
mcw,201,0,40,301.715,129.01,138.9868,0.3048
mcw,201,0,41,301.52,129.16,148.0015,0.1887
mcw,201,0,42,301.365,129.245,154.9799,0.1655
mcw,201,0,43,301.205,129.31,160.5621,0.1803
mcw,201,0,44,301.04,129.36,165.9612,0.1649
mcw,201,0,45,300.875,129.385,176.6299,0.1703
mcw,201,0,46,300.71,129.38,7.1317,0.1613
mcw,201,0,47,300.545,129.35,13.2325,0.1747
mcw,201,0,48,300.38,129.3,20.5644,0.1709
mcw,201,0,49,300.285,129.42,95.71,0.3015
mcw,201,0,50,300.215,129.71,111.4452,0.3008
mcw,201,0,51,300.12,129.91,123.6968,0.1442
mcw,201,0,52,300.03,130.03,129.7998,0.1562
mcw,201,0,53,299.925,130.145,135.0,0.1556
mcw,201,0,54,299.8,130.255,141.8433,0.178
mcw,201,0,55,299.61,130.375,151.5582,0.273
mcw,201,0,56,299.37,130.48,161.5672,0.253
mcw,201,0,57,299.13,130.535,172.8678,0.2419
mcw,201,0,58,298.89,130.54,4.7679,0.2409
mcw,201,0,59,298.655,130.49,19.1775,0.2435
mcw,201,0,60,298.435,130.39,29.7413,0.2419
mcw,201,0,61,298.235,130.25,40.1057,0.2484
mcw,201,0,62,298.05,130.065,49.398,0.2766
mcw,201,0,63,297.895,129.845,60.5211,0.2642
mcw,201,0,64,297.78,129.61,67.3869,0.26
mcw,201,0,65,297.71,129.375,80.1313,0.2334
mcw,201,0,66,297.69,129.145,90.0,0.23
mcw,201,0,67,297.71,128.92,100.3069,0.2236
mcw,201,0,68,297.78,128.7,114.4386,0.2417
mcw,201,0,69,297.895,128.485,121.7615,0.247
mcw,201,0,70,298.055,128.28,133.5298,0.2759
mcw,201,0,71,298.315,128.415,54.9249,0.5743
mcw,201,0,72,298.43,128.7,135.0,0.1414
mcw,201,0,73,298.34,128.81,123.6968,0.1442
mcw,201,0,74,298.275,128.935,111.0321,0.1393
mcw,201,0,75,298.24,129.065,98.7411,0.1315
mcw,201,0,76,298.225,129.195,94.4028,0.1304
mcw,201,0,77,298.235,129.325,77.0064,0.1334
mcw,201,0,78,298.275,129.455,68.9634,0.1393
mcw,201,0,79,298.335,129.585,61.6976,0.1477
mcw,201,0,80,298.425,129.715,49.7606,0.1703
mcw,201,0,81,298.54,129.83,39.8084,0.1562
mcw,201,0,82,298.67,129.915,26.57,0.1565
mcw,201,0,83,298.81,129.975,19.6475,0.1487
mcw,201,0,84,298.955,130.005,3.8179,0.1503
mcw,201,0,85,299.105,130.0,172.3977,0.1513
mcw,201,0,86,299.255,129.965,161.5685,0.1581
mcw,201,0,87,299.405,129.9,151.9354,0.17
mcw,201,0,88,299.555,129.795,139.0834,0.1985
mcw,201,0,89,299.68,129.665,127.5692,0.164
mcw,201,0,90,299.76,129.53,113.1956,0.1523
mcw,201,0,91,299.795,129.385,93.8063,0.1503
mcw,201,0,92,299.795,129.23,86.4311,0.1603
mcw,201,0,93,299.765,129.075,71.5581,0.1581
mcw,201,0,94,299.705,128.92,66.3781,0.1746
mcw,201,0,95,299.62,128.765,56.3072,0.1803
mcw,201,0,96,299.785,128.55,146.929,0.5131
mcw,202,0,0,304.055,130.22,58.5728,0.2109
mcw,202,0,1,304.145,130.405,69.7734,0.2025
mcw,202,0,2,304.2,130.595,78.109,0.1942
mcw,202,0,3,304.225,130.785,86.9843,0.1903
mcw,202,0,4,304.22,130.975,96.0148,0.1911
mcw,202,0,5,304.185,131.165,104.7399,0.1965
mcw,202,0,6,304.125,131.35,111.2533,0.1931
mcw,202,0,7,304.05,131.535,112.83,0.2062
mcw,202,0,8,303.895,131.8,124.0788,0.4105
mcw,202,0,9,303.645,132.13,130.1542,0.4187
mcw,202,0,10,303.44,132.365,133.0292,0.2052
mcw,202,0,11,303.295,132.505,139.0834,0.1985
mcw,202,0,12,303.145,132.63,141.3402,0.1921
mcw,202,0,13,302.995,132.745,143.7411,0.186
mcw,202,0,14,302.845,132.85,146.3207,0.1803
mcw,202,0,15,302.685,132.95,149.5304,0.1972
mcw,202,0,16,302.51,133.05,150.9429,0.2059
mcw,202,0,17,302.325,133.145,154.655,0.2102
mcw,202,0,18,302.035,133.26,160.2519,0.4144
mcw,202,0,19,301.635,133.375,167.6198,0.4198
mcw,202,0,20,301.33,133.43,174.292,0.201
mcw,202,0,21,301.13,133.44,0.0,0.2
mcw,202,0,22,300.935,133.43,6.0057,0.1911
mcw,202,0,23,300.745,133.4,11.891,0.1942
mcw,202,0,24,300.56,133.34,23.9598,0.197
mcw,202,0,25,300.39,133.25,32.0064,0.1887
mcw,202,0,26,300.235,133.135,40.9166,0.1985
mcw,202,0,27,300.09,132.99,48.8118,0.2126
mcw,202,0,28,299.965,132.815,59.935,0.2195
mcw,202,0,29,299.875,132.625,69.7734,0.2025
mcw,202,0,30,299.82,132.435,78.109,0.1942
mcw,202,0,31,299.795,132.245,86.9935,0.1903
mcw,202,0,32,299.8,132.055,96.0057,0.1911
mcw,202,0,33,299.835,131.865,104.7422,0.1964
mcw,202,0,34,299.895,131.675,110.2266,0.2025
mcw,202,0,35,299.975,131.49,116.5612,0.2013
mcw,202,0,36,300.135,131.225,123.3137,0.4188
mcw,202,0,37,300.385,130.89,130.1542,0.4187
mcw,202,0,38,300.595,130.66,136.9766,0.2052
mcw,202,0,39,300.745,130.52,136.977,0.2052
mcw,202,0,40,300.895,130.39,141.3402,0.1921
mcw,202,0,41,301.045,130.275,143.7411,0.186
mcw,202,0,42,301.195,130.17,146.3072,0.1803
mcw,202,0,43,301.355,130.07,149.5425,0.1972
mcw,202,0,44,301.53,129.975,153.4272,0.2013
mcw,202,0,45,301.71,129.885,153.4349,0.2012
mcw,202,0,46,301.995,129.77,160.2559,0.4144
mcw,202,0,47,302.395,129.655,167.6198,0.4198
mcw,202,0,48,302.7,129.6,174.2833,0.201
mcw,202,0,49,302.9,129.59,0.0,0.2
mcw,202,0,50,303.095,129.6,6.0148,0.1911
mcw,202,0,51,303.28,129.635,15.5211,0.1868
mcw,202,0,52,303.46,129.695,21.2533,0.1931
mcw,202,0,53,303.63,129.78,32.0064,0.1887
mcw,202,0,54,303.785,129.895,40.9099,0.1985
mcw,202,0,55,303.93,130.045,50.5268,0.2202
mcw,202,1,0,300.49,132.67,50.1916,0.1562
mcw,202,1,1,300.595,132.77,36.0264,0.136
mcw,202,1,2,300.71,132.845,30.2601,0.1389
mcw,202,1,3,300.84,132.9,15.947,0.1456
mcw,202,1,4,301.055,132.93,3.9429,0.2907
mcw,202,1,5,301.355,132.915,170.8398,0.314
mcw,202,1,6,301.67,132.845,164.2909,0.3324
mcw,202,1,7,301.98,132.735,156.5718,0.327
mcw,202,1,8,302.265,132.6,152.589,0.3041
mcw,202,1,9,302.51,132.46,147.5319,0.2608
mcw,202,1,10,302.725,132.305,141.0057,0.2702
mcw,202,1,11,302.945,132.12,138.9949,0.3048
mcw,202,1,12,303.17,131.9,132.5081,0.3256
mcw,202,1,13,303.38,131.65,127.5725,0.328
mcw,202,1,14,303.555,131.385,119.0519,0.3089
mcw,202,1,15,303.665,131.105,103.5714,0.2983
mcw,202,1,16,303.705,130.89,94.0776,0.1403
mcw,202,1,17,303.705,130.755,85.6106,0.1304
mcw,202,1,18,303.675,130.62,70.3375,0.1487
mcw,202,1,19,303.615,130.485,61.6976,0.1477
mcw,202,1,20,303.53,130.365,47.7374,0.1487
mcw,202,1,21,303.425,130.265,39.2842,0.1421
mcw,202,1,22,303.31,130.19,26.5651,0.1342
mcw,202,1,23,303.18,130.14,15.947,0.1456
mcw,202,1,24,302.965,130.105,5.9063,0.2915
mcw,202,1,25,302.665,130.115,170.8343,0.314
mcw,202,1,26,302.355,130.185,163.8113,0.3228
mcw,202,1,27,302.05,130.295,156.5718,0.327
mcw,202,1,28,301.765,130.43,152.5941,0.3041
mcw,202,1,29,301.52,130.57,147.5262,0.2608
mcw,202,1,30,301.3,130.72,143.9722,0.272
mcw,202,1,31,301.08,130.905,136.3335,0.3041
mcw,202,1,32,300.855,131.13,133.7837,0.3324
mcw,202,1,33,300.645,131.38,126.1575,0.322
mcw,202,1,34,300.475,131.65,118.1777,0.3176
mcw,202,1,35,300.355,131.93,107.8183,0.2941
mcw,202,1,36,300.31,132.14,90.0,0.14
mcw,202,1,37,300.315,132.28,85.9108,0.1404
mcw,202,1,38,300.34,132.415,72.9067,0.136
mcw,202,1,39,300.4,132.545,58.388,0.1527
mcw,203,0,0,285.185,118.27,0.0,0.21
mcw,203,0,1,285.38,118.255,170.5393,0.1825
mcw,203,0,2,285.555,118.205,157.6157,0.1838
mcw,203,0,3,285.71,118.12,144.4635,0.1721
mcw,203,0,4,285.84,118.005,132.7139,0.1769
mcw,203,0,5,285.945,117.86,119.3562,0.1836
mcw,203,0,6,286.015,117.69,105.5186,0.1868
mcw,203,0,7,286.05,117.495,95.4458,0.2109
mcw,203,0,8,286.05,117.3,83.6534,0.1811
mcw,203,0,9,286.015,117.125,73.6155,0.1772
mcw,203,0,10,285.955,116.965,64.9799,0.1655
mcw,203,0,11,285.865,116.82,51.8433,0.178
mcw,203,0,12,285.745,116.695,40.2394,0.1703
mcw,203,0,13,285.605,116.6,28.0695,0.17
mcw,203,0,14,285.45,116.535,17.3596,0.1676
mcw,203,0,15,285.275,116.5,6.0057,0.1911
mcw,203,0,16,285.1,116.495,176.4203,0.1603
mcw,203,0,17,284.94,116.52,165.9715,0.1649
mcw,203,0,18,284.79,116.57,156.7999,0.1523
mcw,203,0,19,284.655,116.64,148.388,0.1527
mcw,203,0,20,284.53,116.73,140.1916,0.1562
mcw,203,0,21,284.425,116.845,124.7021,0.1581
mcw,203,0,22,284.35,116.98,113.2001,0.1523
mcw,203,0,23,284.3,117.13,104.0285,0.1649
mcw,203,0,24,284.0,117.21,0.0,0.56
mcw,203,0,25,283.745,117.075,100.4894,0.2746
mcw,203,0,26,283.815,116.82,110.5537,0.2563
mcw,203,0,27,283.93,116.595,123.6939,0.2524
mcw,203,0,28,284.09,116.4,135.0,0.2545
mcw,203,0,29,284.28,116.24,145.0027,0.2441
mcw,203,0,30,284.5,116.115,155.3812,0.264
mcw,203,0,31,284.745,116.03,166.5048,0.2571
mcw,203,0,32,285.005,115.99,175.7593,0.2707
mcw,203,0,33,285.29,115.99,3.8179,0.3007
mcw,203,0,34,285.575,116.035,14.5288,0.2789
mcw,203,0,35,285.835,116.13,25.6458,0.2773
mcw,203,0,36,286.065,116.27,37.3004,0.264
mcw,203,0,37,286.255,116.45,49.635,0.2625
mcw,203,0,38,286.4,116.67,63.4349,0.2683
mcw,203,0,39,286.5,116.925,73.4994,0.2816
mcw,203,0,40,286.555,117.215,84.4726,0.3114
mcw,203,0,41,286.565,117.46,93.1734,0.1803
mcw,203,0,42,286.545,117.635,100.0068,0.1726
mcw,203,0,43,286.51,117.805,103.2445,0.1746
mcw,203,0,44,286.455,117.965,115.0201,0.1655
mcw,203,0,45,286.375,118.11,122.7314,0.1664
mcw,203,0,46,286.28,118.245,127.5692,0.164
mcw,203,0,47,286.165,118.37,137.2928,0.1769
mcw,203,0,48,286.025,118.475,149.0362,0.1749
mcw,203,0,49,286.065,118.62,41.0095,0.3048
mcw,203,0,50,286.26,118.845,57.3802,0.2968
mcw,203,0,51,286.37,119.04,66.7999,0.1523
mcw,203,0,52,286.42,119.185,75.0758,0.1552
mcw,203,0,53,286.455,119.335,78.6811,0.153
mcw,203,0,54,286.475,119.495,86.6402,0.1703
mcw,203,0,55,286.465,119.72,96.1153,0.2816
mcw,203,0,56,286.415,119.98,106.2624,0.25
mcw,203,0,57,286.32,120.21,118.6093,0.2506
mcw,203,0,58,286.18,120.41,131.6305,0.2409
mcw,203,0,59,286.005,120.57,143.6191,0.236
mcw,203,0,60,285.8,120.69,155.5548,0.2417
mcw,203,0,61,285.565,120.775,164.3562,0.2596
mcw,203,0,62,285.31,120.82,175.6034,0.2607
mcw,203,0,63,285.04,120.82,4.0834,0.2807
mcw,203,0,64,284.78,120.78,14.0345,0.2474
mcw,203,0,65,284.55,120.705,22.2481,0.2377
mcw,203,0,66,284.35,120.59,37.879,0.228
mcw,203,0,67,284.18,120.44,45.0,0.2263
mcw,203,0,68,284.04,120.26,59.035,0.2332
mcw,203,0,69,283.93,120.04,67.3807,0.26
mcw,203,0,70,283.855,119.785,79.5106,0.2746
mcw,203,0,71,284.115,119.65,0.0,0.57
mcw,203,0,72,284.415,119.725,78.6901,0.153
mcw,203,0,73,284.455,119.86,67.3843,0.13
mcw,203,0,74,284.515,119.98,59.7399,0.1389
mcw,203,0,75,284.595,120.085,45.0,0.1273
mcw,203,0,76,284.695,120.17,36.0293,0.136
mcw,203,0,77,284.81,120.24,26.5651,0.1342
mcw,203,0,78,284.94,120.285,12.0956,0.1432
mcw,203,0,79,285.085,120.31,7.5908,0.1513
mcw,203,0,80,285.245,120.31,173.2943,0.1712
mcw,203,0,81,285.405,120.28,165.065,0.1552
mcw,203,0,82,285.55,120.225,153.4449,0.1565
mcw,203,0,83,285.675,120.145,140.6985,0.1421
mcw,203,0,84,285.78,120.04,129.8084,0.1562
mcw,203,0,85,285.865,119.915,118.3024,0.1477
mcw,203,0,86,285.925,119.775,108.4315,0.1581
mcw,203,0,87,285.96,119.615,96.717,0.1712
mcw,203,0,88,285.96,119.435,83.9852,0.1911
mcw,203,0,89,285.92,119.26,69.4452,0.1709
mcw,203,0,90,285.85,119.115,58.3978,0.1526
mcw,203,0,91,285.755,119.0,42.2713,0.1487
mcw,203,0,92,285.635,118.91,31.6022,0.1526
mcw,203,0,93,285.49,118.845,17.3596,0.1676
mcw,203,0,94,285.325,118.805,10.0086,0.1726
mcw,203,0,95,285.15,118.785,3.1734,0.1803
mcw,203,0,96,285.07,118.525,92.2445,0.5104
mcw,204,0,0,288.53,119.77,53.9092,2.6483
mcw,204,0,1,287.66,118.56,57.2657,0.3329
mcw,204,0,2,287.5,118.27,64.9799,0.3311
mcw,204,0,3,287.4,118.045,68.1986,0.1615
mcw,204,0,4,287.35,117.89,75.9612,0.1649
mcw,204,0,5,287.315,117.725,79.9932,0.1726
mcw,204,0,6,287.295,117.555,86.6402,0.1703
mcw,204,0,7,287.305,117.32,95.71,0.3015
mcw,204,0,8,287.365,117.03,107.8183,0.2941
mcw,204,0,9,287.485,116.765,120.9627,0.2915
mcw,204,0,10,287.65,116.53,129.2881,0.2842
mcw,204,0,11,287.855,116.33,141.9554,0.2921
mcw,204,0,12,288.095,116.17,150.7539,0.2865
mcw,204,0,13,288.36,116.06,164.0513,0.2912
mcw,204,0,14,288.645,116.005,174.0943,0.2916
mcw,204,0,15,288.945,116.005,5.5274,0.3114
mcw,204,0,16,289.24,116.065,17.8183,0.2941
mcw,204,0,17,289.505,116.18,29.2514,0.2865
mcw,204,0,18,289.74,116.345,40.8153,0.2907
mcw,204,0,19,289.935,116.55,52.3087,0.278
mcw,204,0,20,290.09,116.79,61.6948,0.2953
mcw,204,0,21,290.2,117.065,74.5807,0.3008
mcw,204,0,22,290.255,117.365,84.4726,0.3114
mcw,204,0,23,290.255,117.66,96.1153,0.2816
mcw,204,0,24,290.205,117.935,104.5349,0.2789
mcw,204,0,25,290.115,118.19,114.6216,0.264
mcw,204,0,26,289.98,118.42,126.0278,0.272
mcw,204,0,27,289.805,118.62,136.5497,0.2617
mcw,204,0,28,289.6,118.78,147.5262,0.2608
mcw,204,0,29,289.365,118.895,160.2019,0.2657
mcw,204,0,30,289.105,118.955,173.6598,0.2717
mcw,204,0,31,288.85,118.955,7.125,0.2419
mcw,204,0,32,288.625,118.9,20.8565,0.2247
mcw,204,0,33,288.515,118.865,134.9125,0.0141
mcw,204,0,34,289.12,119.735,54.8086,2.1169
mcw,204,0,35,289.52,120.72,150.2569,0.4837
mcw,204,1,0,288.685,116.51,173.9943,0.1911
mcw,204,1,1,288.5,116.55,161.5651,0.1897
mcw,204,1,2,288.325,116.625,152.1056,0.1924
mcw,204,1,3,288.17,116.73,139.3894,0.1844
mcw,204,1,4,288.035,116.86,132.8832,0.191
mcw,204,1,5,287.925,117.015,117.8944,0.1924
mcw,204,1,6,287.85,117.19,108.4349,0.1897
mcw,204,1,7,287.81,117.38,95.7158,0.201
mcw,204,1,8,287.81,117.575,83.9843,0.191
mcw,204,1,9,287.85,117.76,71.568,0.1898
mcw,204,1,10,287.93,117.93,57.9936,0.1887
mcw,204,1,11,288.04,118.085,51.3402,0.1921
mcw,204,1,12,288.175,118.22,38.6598,0.1921
mcw,204,1,13,288.33,118.33,32.0064,0.1887
mcw,204,1,14,288.5,118.41,18.4349,0.1897
mcw,204,1,15,288.685,118.45,6.0057,0.1911
mcw,204,1,16,288.87,118.45,173.663,0.1811
mcw,204,1,17,289.05,118.41,161.5651,0.1897
mcw,204,1,18,289.22,118.34,153.4306,0.1789
mcw,204,1,19,289.375,118.24,141.3459,0.1921
mcw,204,1,20,289.515,118.105,130.9099,0.1985
mcw,204,1,21,289.625,117.945,117.8944,0.1924
mcw,204,1,22,289.705,117.765,110.2266,0.2025
mcw,204,1,23,289.75,117.565,95.4458,0.2109
mcw,204,1,24,289.75,117.365,83.9852,0.1911
mcw,204,1,25,289.71,117.18,71.5651,0.1897
mcw,204,1,26,289.635,117.01,60.6438,0.1836
mcw,204,1,27,289.525,116.855,49.0834,0.1985
mcw,204,1,28,289.39,116.725,38.1644,0.178
mcw,204,1,29,289.235,116.625,27.8944,0.1924
mcw,204,1,30,289.06,116.55,18.4349,0.1897
mcw,204,1,31,288.875,116.51,6.0057,0.1911
mcw,205,0,0,289.015,503.485,89.5798,4.0901
mcw,205,0,1,288.775,505.53,0.0,0.51
mcw,205,0,2,288.5,503.235,89.501,4.5902
mcw,205,0,3,288.98,500.935,179.4269,1.0001
mcw,205,0,4,289.64,501.185,57.8957,0.6021
mcw,205,0,5,289.4,501.44,0.0,0.8
mcw,206,0,0,286.58,504.42,93.8119,0.3007
mcw,206,0,1,286.53,504.705,106.5079,0.2816
mcw,206,0,2,286.425,504.955,119.4765,0.2642
mcw,206,0,3,286.275,505.17,130.3621,0.2625
mcw,206,0,4,286.09,505.35,141.3413,0.2561
mcw,206,0,5,285.87,505.485,155.3769,0.264
mcw,206,0,6,285.62,505.58,162.8975,0.272
mcw,206,0,7,285.345,505.63,176.0541,0.2907
mcw,206,0,8,285.055,505.63,3.9463,0.2907
mcw,206,0,9,284.78,505.585,15.0679,0.2693
mcw,206,0,10,284.53,505.495,24.6246,0.264
mcw,206,0,11,284.305,505.36,37.3004,0.264
mcw,206,0,12,284.115,505.185,48.1831,0.2549
mcw,206,0,13,283.965,504.975,60.5235,0.2642
mcw,206,0,14,283.86,504.725,73.4981,0.2816
mcw,206,0,15,283.8,504.44,82.4038,0.3027
mcw,206,0,16,283.785,504.2,93.1829,0.1803
mcw,206,0,17,283.81,504.025,103.2336,0.1746
mcw,206,0,18,283.855,503.855,106.3954,0.1772
mcw,206,0,19,283.915,503.695,115.0094,0.1655
mcw,206,0,20,284.0,503.55,125.5394,0.172
mcw,206,0,21,284.11,503.42,134.9982,0.1697
mcw,206,0,22,284.24,503.31,144.4656,0.1721
mcw,206,0,23,284.385,503.225,154.9823,0.1655
mcw,206,0,24,284.335,503.09,38.6594,0.3202
mcw,206,0,25,284.11,502.87,50.1968,0.3124
mcw,206,0,26,283.98,502.68,66.7927,0.1523
mcw,206,0,27,283.925,502.535,71.5685,0.1581
mcw,206,0,28,283.885,502.38,79.381,0.1628
mcw,206,0,29,283.86,502.215,83.2937,0.1712
mcw,206,0,30,283.865,501.99,96.1153,0.2816
mcw,206,0,31,283.915,501.72,105.0636,0.2693
mcw,206,0,32,284.01,501.48,118.6155,0.2506
mcw,206,0,33,284.145,501.27,126.8692,0.25
mcw,206,0,34,284.315,501.09,139.8988,0.2484
mcw,206,0,35,284.525,500.95,152.4461,0.2594
mcw,206,0,36,284.765,500.855,164.3578,0.2596
mcw,206,0,37,285.025,500.805,173.6589,0.2717
mcw,206,0,38,285.3,500.8,4.0865,0.2807
mcw,206,0,39,285.565,500.85,17.7451,0.2625
mcw,206,0,40,285.805,500.945,25.562,0.2549
mcw,206,0,41,286.015,501.08,40.0998,0.2484
mcw,206,0,42,286.19,501.255,49.8988,0.2484
mcw,206,0,43,286.33,501.46,61.3907,0.2506
mcw,206,0,44,286.43,501.7,72.8935,0.272
mcw,206,0,45,286.48,501.97,85.9166,0.2807
mcw,206,0,46,286.485,502.195,93.3594,0.1703
mcw,206,0,47,286.47,502.36,97.1321,0.1612
mcw,206,0,48,286.435,502.515,108.4306,0.1581
mcw,206,0,49,286.375,502.66,116.5675,0.1565
mcw,206,0,50,286.25,502.855,125.7528,0.3081
mcw,206,0,51,286.04,503.075,141.6346,0.3061
mcw,206,0,52,285.995,503.21,28.0692,0.17
mcw,206,0,53,286.14,503.3,35.5403,0.172
mcw,206,0,54,286.265,503.41,47.4843,0.1628
mcw,206,0,55,286.37,503.535,52.4392,0.164
mcw,206,0,56,286.455,503.675,64.981,0.1655
mcw,206,0,57,286.52,503.835,70.5605,0.1803
mcw,206,0,58,286.565,504.005,79.9923,0.1726
mcw,206,0,59,286.585,504.18,86.8171,0.1803
mcw,206,1,0,285.09,501.31,172.8723,0.1612
mcw,206,1,1,284.935,501.345,161.5694,0.1581
mcw,206,1,2,284.79,501.405,153.4325,0.1565
mcw,206,1,3,284.66,501.49,140.1937,0.1562
mcw,206,1,4,284.55,501.6,129.8066,0.1562
mcw,206,1,5,284.465,501.73,116.5675,0.1565
mcw,206,1,6,284.405,501.88,107.3497,0.1676
mcw,206,1,7,284.37,502.04,97.1321,0.1612
mcw,206,1,8,284.37,502.19,81.862,0.1414
mcw,206,1,9,284.41,502.335,68.1996,0.1616
mcw,206,1,10,284.48,502.475,58.3963,0.1526
mcw,206,1,11,284.57,502.6,50.1934,0.1562
mcw,206,1,12,284.685,502.715,40.2355,0.1703
mcw,206,1,13,284.815,502.81,31.6071,0.1526
mcw,206,1,14,284.955,502.875,18.4341,0.1581
mcw,206,1,15,285.105,502.91,7.5966,0.1513
mcw,206,1,16,285.255,502.91,172.4034,0.1513
mcw,206,1,17,285.4,502.87,156.8044,0.1523
mcw,206,1,18,285.54,502.8,150.2518,0.1612
mcw,206,1,19,285.67,502.705,137.4955,0.1628
mcw,206,1,20,285.78,502.59,129.7998,0.1562
mcw,206,1,21,285.87,502.46,119.7503,0.1613
mcw,206,1,22,285.935,502.32,109.6495,0.1487
mcw,206,1,23,285.97,502.18,98.1375,0.1414
mcw,206,1,24,285.97,502.03,82.8679,0.1612
mcw,206,1,25,285.935,501.87,72.6503,0.1676
mcw,206,1,26,285.875,501.72,63.4325,0.1565
mcw,206,1,27,285.785,501.595,45.004,0.1556
mcw,206,1,28,285.67,501.49,39.7991,0.1562
mcw,206,1,29,285.545,501.4,31.6131,0.1526
mcw,206,1,30,285.405,501.34,14.9267,0.1553
mcw,206,1,31,285.25,501.31,7.1264,0.1612
mcw,206,2,0,285.095,503.44,173.2906,0.1712
mcw,206,2,1,284.93,503.475,162.6454,0.1676
mcw,206,2,2,284.775,503.54,151.9331,0.17
mcw,206,2,3,284.63,503.63,144.4576,0.172
mcw,206,2,4,284.505,503.745,130.241,0.1703
mcw,206,2,5,284.41,503.88,119.7408,0.1612
mcw,206,2,6,284.34,504.03,110.5557,0.1709
mcw,206,2,7,284.305,504.2,93.1829,0.1803
mcw,206,2,8,284.31,504.37,82.8683,0.1613
mcw,206,2,9,284.345,504.53,72.6496,0.1676
mcw,206,2,10,284.415,504.685,59.0375,0.1749
mcw,206,2,11,284.52,504.82,45.0018,0.1697
mcw,206,2,12,284.645,504.935,40.2355,0.1703
mcw,206,2,13,284.785,505.03,28.074,0.17
mcw,206,2,14,284.945,505.095,16.3869,0.1772
mcw,206,2,15,285.115,505.125,3.3675,0.1703
mcw,206,2,16,285.28,505.12,172.8736,0.1612
mcw,206,2,17,285.445,505.085,163.6131,0.1772
mcw,206,2,18,285.605,505.02,151.926,0.17
mcw,206,2,19,285.745,504.925,139.7645,0.1703
mcw,206,2,20,285.865,504.805,130.2332,0.1703
mcw,206,2,21,285.965,504.67,122.7431,0.1664
mcw,206,2,22,286.04,504.52,110.5548,0.1709
mcw,206,2,23,286.075,504.355,93.3595,0.1703
mcw,206,2,24,286.07,504.185,83.2937,0.1712
mcw,206,2,25,286.035,504.02,72.6503,0.1676
mcw,206,2,26,285.965,503.865,59.029,0.1749
mcw,206,2,27,285.865,503.73,47.4922,0.1628
mcw,206,2,28,285.74,503.62,35.5344,0.1721
mcw,206,2,29,285.595,503.53,28.074,0.17
mcw,206,2,30,285.44,503.465,17.3546,0.1676
mcw,206,2,31,285.27,503.435,3.1782,0.1803
mcw,207,0,0,314.025,55.71,53.4774,2.638
mcw,207,0,1,314.895,56.915,59.6215,0.3361
mcw,207,0,2,315.055,57.21,63.4349,0.3355
mcw,207,0,3,315.16,57.435,68.1946,0.1615
mcw,207,0,4,315.21,57.59,75.974,0.165
mcw,207,0,5,315.245,57.755,79.9914,0.1726
mcw,207,0,6,315.265,57.925,86.6299,0.1703
mcw,207,0,7,315.255,58.16,95.7106,0.3015
mcw,207,0,8,315.195,58.45,107.8165,0.2941
mcw,207,0,9,315.08,58.715,119.2514,0.2865
mcw,207,0,10,314.915,58.95,130.8192,0.2907
mcw,207,0,11,314.71,59.15,140.7024,0.2843
mcw,207,0,12,314.475,59.305,152.5357,0.2818
mcw,207,0,13,314.21,59.415,162.1761,0.2941
mcw,207,0,14,313.925,59.475,174.0877,0.2915
mcw,207,0,15,313.625,59.475,5.5329,0.3114
mcw,207,0,16,313.33,59.415,17.8239,0.2941
mcw,207,0,17,313.065,59.3,29.2407,0.2865
mcw,207,0,18,312.835,59.14,40.5972,0.2766
mcw,207,0,19,312.64,58.935,51.9591,0.2921
mcw,207,0,20,312.48,58.69,61.7029,0.2953
mcw,207,0,21,312.37,58.42,74.0497,0.2912
mcw,207,0,22,312.315,58.125,84.4726,0.3114
mcw,207,0,23,312.31,57.83,94.083,0.2807
mcw,207,0,24,312.355,57.56,105.0728,0.2692
mcw,207,0,25,312.45,57.3051,115.6401,0.2773
mcw,207,0,26,312.585,57.07,124.2874,0.2663
mcw,207,0,27,312.755,56.87,136.5451,0.2617
mcw,207,0,28,312.96,56.71,147.5262,0.2608
mcw,207,0,29,313.195,56.595,160.2081,0.2657
mcw,207,0,30,313.46,56.535,173.8785,0.2816
mcw,207,0,31,313.715,56.53,4.9743,0.2309
mcw,207,0,32,313.935,56.575,18.4374,0.2214
mcw,207,0,33,314.045,56.6,116.5651,0.0224
mcw,207,0,34,313.44,55.78,53.017,2.028
mcw,207,0,35,313.035,54.81,142.028,0.5201
mcw,207,1,0,313.695,57.04,173.2842,0.1712
mcw,207,1,1,313.52,57.075,164.4789,0.1868
mcw,207,1,2,313.35,57.145,150.6521,0.1836
mcw,207,1,3,313.195,57.25,141.3402,0.1921
mcw,207,1,4,313.055,57.38,132.877,0.1911
mcw,207,1,5,312.94,57.535,120.4696,0.1972
mcw,207,1,6,312.86,57.71,108.4291,0.1898
mcw,207,1,7,312.82,57.9,95.7089,0.2009
mcw,207,1,8,312.82,58.1,84.2929,0.201
mcw,207,1,9,312.86,58.29,71.5651,0.1897
mcw,207,1,10,312.935,58.465,62.1098,0.1924
mcw,207,1,11,313.045,58.62,47.1106,0.191
mcw,207,1,12,313.185,58.75,38.6598,0.1921
mcw,207,1,13,313.345,58.855,27.9025,0.1924
mcw,207,1,14,313.525,58.93,17.5247,0.1993
mcw,207,1,15,313.72,58.97,5.7167,0.201
mcw,207,1,16,313.91,58.97,173.6545,0.1811
mcw,207,1,17,314.09,58.93,161.5651,0.1897
mcw,207,1,18,314.26,58.85,148.0015,0.1887
mcw,207,1,19,314.41,58.7401,139.3966,0.1844
mcw,207,1,20,314.535,58.605,126.2533,0.186
mcw,207,1,21,314.635,58.445,117.8987,0.1923
mcw,207,1,22,314.71,58.275,109.4347,0.1803
mcw,207,1,23,314.75,58.095,96.0057,0.1911
mcw,207,1,24,314.75,57.905,83.9943,0.1911
mcw,207,1,25,314.715,57.725,73.6127,0.1772
mcw,207,1,26,314.65,57.555,64.7919,0.1879
mcw,207,1,27,314.55,57.395,51.3459,0.1921
mcw,207,1,28,314.42,57.26,40.5972,0.1844
mcw,207,1,29,314.265,57.155,27.8907,0.1923
mcw,207,1,30,314.085,57.08,17.5247,0.1993
mcw,207,1,31,313.885,57.04,5.4458,0.2109
mcw,208,0,0,317.47,56.94,0.0,0.2
mcw,208,0,1,317.665,56.92,168.1178,0.1942
mcw,208,0,2,317.84,56.865,156.3649,0.1746
mcw,208,0,3,317.995,56.78,146.3046,0.1803
mcw,208,0,4,318.125,56.665,130.2315,0.1703
mcw,208,0,5,318.225,56.525,120.9689,0.1749
mcw,208,0,6,318.295,56.355,104.7485,0.1965
mcw,208,0,7,318.33,56.16,95.7071,0.201
mcw,208,0,8,318.33,55.97,83.663,0.1811
mcw,208,0,9,318.295,55.795,73.6032,0.1772
mcw,208,0,10,318.235,55.63,66.3729,0.1747
mcw,208,0,11,318.145,55.485,49.7685,0.1703
mcw,208,0,12,318.025,55.365,40.2315,0.1703
mcw,208,0,13,317.885,55.27,28.0785,0.17
mcw,208,0,14,317.725,55.205,16.3845,0.1772
mcw,208,0,15,317.55,55.17,6.3466,0.1811
mcw,208,0,16,317.38,55.165,176.4203,0.1603
mcw,208,0,17,317.22,55.19,165.9509,0.1649
mcw,208,0,18,317.07,55.24,156.7999,0.1523
mcw,208,0,19,316.935,55.31,148.4075,0.1526
mcw,208,0,20,316.815,55.405,134.9841,0.1556
mcw,208,0,21,316.715,55.52,126.8792,0.15
mcw,208,0,22,316.635,55.655,115.015,0.1655
mcw,208,0,23,316.585,55.81,100.617,0.1628
mcw,208,0,24,316.29,55.89,0.0,0.56
mcw,208,0,25,316.03,55.755,98.4218,0.273
mcw,208,0,26,316.095,55.5,110.556,0.2563
mcw,208,0,27,316.21,55.27,122.4702,0.2608
mcw,208,0,28,316.37,55.075,136.6383,0.2476
mcw,208,0,29,316.56,54.915,143.1385,0.25
mcw,208,0,30,316.78,54.79,157.3719,0.26
mcw,208,0,31,317.025,54.705,164.3562,0.2596
mcw,208,0,32,317.285,54.66,175.7722,0.2707
mcw,208,0,33,317.565,54.66,3.9369,0.2907
mcw,208,0,34,317.85,54.71,15.9487,0.2912
mcw,208,0,35,318.11,54.805,24.6216,0.264
mcw,208,0,36,318.335,54.94,37.307,0.264
mcw,208,0,37,318.525,55.12,49.64,0.2625
mcw,208,0,38,318.675,55.34,61.5552,0.2729
mcw,208,0,39,318.78,55.595,73.4899,0.2816
mcw,208,0,40,318.835,55.88,84.2906,0.3015
mcw,208,0,41,318.845,56.12,93.1831,0.1803
mcw,208,0,42,318.825,56.3,99.4623,0.1825
mcw,208,0,43,318.79,56.47,104.0414,0.1649
mcw,208,0,44,318.735,56.63,113.6271,0.1747
mcw,208,0,45,318.66,56.78,119.7489,0.1612
mcw,208,0,46,318.565,56.915,130.2315,0.1703
mcw,208,0,47,318.445,57.035,139.7528,0.1703
mcw,208,0,48,318.31,57.135,147.2774,0.1664
mcw,208,0,49,318.35,57.28,42.2753,0.2973
mcw,208,0,50,318.545,57.505,55.7822,0.3023
mcw,208,0,51,318.66,57.7,66.8044,0.1523
mcw,208,0,52,318.71,57.845,75.0729,0.1552
mcw,208,0,53,318.745,57.995,78.6811,0.153
mcw,208,0,54,318.76,58.155,90.0,0.17
mcw,208,0,55,318.75,58.375,94.2402,0.2708
mcw,208,0,56,318.7,58.635,107.7419,0.2625
mcw,208,0,57,318.605,58.865,117.6469,0.2371
mcw,208,0,58,318.47,59.06,131.6353,0.2408
mcw,208,0,59,318.295,59.225,141.717,0.2421
mcw,208,0,60,318.09,59.35,155.5483,0.2417
mcw,208,0,61,317.86,59.435,163.7376,0.25
mcw,208,0,62,317.605,59.48,175.7722,0.2707
mcw,208,0,63,317.335,59.48,4.2273,0.2708
mcw,208,0,64,317.08,59.44,14.05,0.2474
mcw,208,0,65,316.85,59.365,22.2413,0.2377
mcw,208,0,66,316.645,59.255,34.381,0.2302
mcw,208,0,67,316.475,59.105,48.5746,0.2267
mcw,208,0,68,316.335,58.92,56.9767,0.2386
mcw,208,0,69,316.225,58.705,68.6285,0.247
mcw,208,0,70,316.15,58.455,77.4726,0.2766
mcw,208,0,71,316.405,58.32,0.0,0.57
mcw,208,0,72,316.705,58.39,77.9069,0.1432
mcw,208,0,73,316.75,58.525,65.2266,0.1432
mcw,208,0,74,316.815,58.645,57.5226,0.1304
mcw,208,0,75,316.895,58.75,48.007,0.1345
mcw,208,0,76,316.995,58.835,32.4774,0.1304
mcw,208,0,77,317.11,58.9,26.5651,0.1342
mcw,208,0,78,317.235,58.95,17.1178,0.136
mcw,208,0,79,317.375,58.975,3.7947,0.1503
mcw,208,0,80,317.535,58.97,173.3045,0.1712
mcw,208,0,81,317.695,58.94,165.0541,0.1552
mcw,208,0,82,317.84,58.885,153.4349,0.1565
mcw,208,0,83,317.97,58.805,143.1394,0.15
mcw,208,0,84,318.075,58.7,126.8699,0.15
mcw,208,0,85,318.155,58.575,118.3024,0.1477
mcw,208,0,86,318.215,58.435,108.428,0.1581
mcw,208,0,87,318.245,58.275,93.3701,0.1703
mcw,208,0,88,318.245,58.095,86.9843,0.1903
mcw,208,0,89,318.21,57.92,69.4416,0.1709
mcw,208,0,90,318.14,57.775,58.3978,0.1526
mcw,208,0,91,318.045,57.66,42.28,0.1487
mcw,208,0,92,317.92,57.575,26.57,0.1565
mcw,208,0,93,317.775,57.515,18.428,0.1581
mcw,208,0,94,317.615,57.475,9.9986,0.1726
mcw,208,0,95,317.44,57.455,3.1831,0.1803
mcw,208,0,96,317.36,57.195,92.2445,0.5104
mcw,209,0,0,320.55,59.29,10.7862,0.4276
mcw,209,0,1,320.18,59.14,34.5069,0.3883
mcw,209,0,2,319.915,58.87,56.723,0.3828
mcw,209,0,3,319.77,58.5,79.217,0.4275
mcw,209,0,4,319.77,58.08,100.7814,0.4276
mcw,209,0,5,319.915,57.71,123.277,0.3828
mcw,209,0,6,320.18,57.44,145.4931,0.3883
mcw,209,0,7,320.55,57.295,170.537,0.4258
mcw,209,0,8,320.97,57.295,9.463,0.4258
mcw,209,0,9,321.345,57.44,33.6876,0.3966
mcw,209,0,10,321.615,57.71,56.7268,0.3828
mcw,209,0,11,321.76,58.08,79.2146,0.4276
mcw,209,0,12,321.76,58.5,100.787,0.4275
mcw,209,0,13,321.615,58.87,123.2732,0.3828
mcw,209,0,14,321.345,59.14,146.3124,0.3966
mcw,209,0,15,320.97,59.29,169.2138,0.4276
mcw,209,1,0,320.655,57.76,169.205,0.2138
mcw,209,1,1,320.46,57.84,146.3144,0.2163
mcw,209,1,2,320.31,57.985,125.2192,0.2081
mcw,209,1,3,320.23,58.18,100.2979,0.2236
mcw,209,1,4,320.23,58.4,79.6994,0.2236
mcw,209,1,5,320.31,58.595,54.7808,0.2081
mcw,209,1,6,320.46,58.74,33.6856,0.2163
mcw,209,1,7,320.655,58.825,13.4056,0.2159
mcw,209,1,8,320.865,58.825,166.5944,0.2159
mcw,209,1,9,321.06,58.74,146.3144,0.2163
mcw,209,1,10,321.215,58.595,127.4027,0.214
mcw,209,1,11,321.3,58.4,100.3083,0.2236
mcw,209,1,12,321.3,58.18,79.6945,0.2236
mcw,209,1,13,321.215,57.985,52.5973,0.214
mcw,209,1,14,321.06,57.84,33.6856,0.2163
mcw,209,1,15,320.865,57.76,10.795,0.2138
mcw,210,0,0,323.81,56.775,90.0,4.07
mcw,210,0,1,324.065,54.74,0.0,0.51
mcw,210,0,2,324.32,57.03,90.0,4.58
mcw,210,0,3,323.825,59.32,0.0,0.99
mcw,210,0,4,323.17,59.065,57.8961,0.6021
mcw,210,0,5,323.41,58.81,0.0,0.8
mcw,211,0,0,328.095,55.71,53.4774,2.638
mcw,211,0,1,328.965,56.915,59.6215,0.3361
mcw,211,0,2,329.125,57.21,63.4349,0.3355
mcw,211,0,3,329.23,57.435,68.1946,0.1615
mcw,211,0,4,329.28,57.59,75.974,0.165
mcw,211,0,5,329.315,57.755,79.9914,0.1726
mcw,211,0,6,329.335,57.925,86.6299,0.1703
mcw,211,0,7,329.325,58.16,95.7106,0.3015
mcw,211,0,8,329.265,58.45,107.8165,0.2941
mcw,211,0,9,329.15,58.715,119.2514,0.2865
mcw,211,0,10,328.985,58.95,130.8192,0.2907
mcw,211,0,11,328.78,59.15,140.7024,0.2843
mcw,211,0,12,328.545,59.305,152.5357,0.2818
mcw,211,0,13,328.28,59.415,162.1761,0.2941
mcw,211,0,14,327.995,59.475,174.0877,0.2915
mcw,211,0,15,327.695,59.475,5.5329,0.3114
mcw,211,0,16,327.4,59.415,17.8239,0.2941
mcw,211,0,17,327.135,59.3,29.2407,0.2865
mcw,211,0,18,326.9,59.14,39.2881,0.2842
mcw,211,0,19,326.705,58.935,53.5335,0.286
mcw,211,0,20,326.55,58.69,61.7029,0.2953
mcw,211,0,21,326.44,58.42,74.0497,0.2912
mcw,211,0,22,326.385,58.125,84.4726,0.3114
mcw,211,0,23,326.38,57.83,94.083,0.2807
mcw,211,0,24,326.425,57.56,105.0728,0.2692
mcw,211,0,25,326.52,57.3051,115.6401,0.2773
mcw,211,0,26,326.655,57.07,124.2874,0.2663
mcw,211,0,27,326.825,56.87,136.5451,0.2617
mcw,211,0,28,327.03,56.71,147.5262,0.2608
mcw,211,0,29,327.265,56.595,160.2081,0.2657
mcw,211,0,30,327.525,56.535,173.6541,0.2717
mcw,211,0,31,327.78,56.53,4.7685,0.2408
mcw,211,0,32,328.005,56.575,18.4374,0.2214
mcw,211,0,33,328.115,56.6,116.5651,0.0224
mcw,211,0,34,327.51,55.78,53.017,2.028
mcw,211,0,35,327.105,54.81,142.028,0.5201
mcw,211,1,0,327.76,57.04,173.6545,0.1811
mcw,211,1,1,327.585,57.075,163.6127,0.1772
mcw,211,1,2,327.42,57.145,150.6521,0.1836
mcw,211,1,3,327.265,57.25,141.3402,0.1921
mcw,211,1,4,327.125,57.38,132.877,0.1911
mcw,211,1,5,327.01,57.535,120.4696,0.1972
mcw,211,1,6,326.93,57.71,108.4291,0.1898
mcw,211,1,7,326.89,57.9,95.7089,0.2009
mcw,211,1,8,326.89,58.1,84.2929,0.201
mcw,211,1,9,326.93,58.29,71.5651,0.1897
mcw,211,1,10,327.005,58.465,62.1098,0.1924
mcw,211,1,11,327.115,58.62,47.1106,0.191
mcw,211,1,12,327.255,58.75,38.6598,0.1921
mcw,211,1,13,327.415,58.855,27.9025,0.1924
mcw,211,1,14,327.595,58.93,17.5247,0.1993
mcw,211,1,15,327.79,58.97,5.7167,0.201
mcw,211,1,16,327.98,58.97,173.6545,0.1811
mcw,211,1,17,328.16,58.93,161.5651,0.1897
mcw,211,1,18,328.33,58.85,148.0015,0.1887
mcw,211,1,19,328.48,58.7401,139.3966,0.1844
mcw,211,1,20,328.605,58.605,126.2533,0.186
mcw,211,1,21,328.705,58.445,117.8987,0.1923
mcw,211,1,22,328.78,58.275,109.4347,0.1803
mcw,211,1,23,328.82,58.095,96.0057,0.1911
mcw,211,1,24,328.82,57.905,83.9943,0.1911
mcw,211,1,25,328.785,57.725,73.6127,0.1772
mcw,211,1,26,328.715,57.555,62.0933,0.1924
mcw,211,1,27,328.615,57.395,53.7542,0.186
mcw,211,1,28,328.49,57.26,40.5972,0.1844
mcw,211,1,29,328.335,57.155,27.8907,0.1923
mcw,211,1,30,328.155,57.08,17.5247,0.1993
mcw,211,1,31,327.955,57.04,5.4458,0.2109
mcw,212,0,0,330.56,55.315,12.105,0.1432
mcw,212,0,1,330.44,55.265,34.9779,0.122
mcw,212,0,2,330.35,55.175,53.9783,0.1361
mcw,212,0,3,330.3,55.055,81.2589,0.1315
mcw,212,0,4,330.3,54.925,98.7452,0.1315
mcw,212,0,5,330.35,54.805,126.0217,0.1361
mcw,212,0,6,330.44,54.715,144.9986,0.122
mcw,212,0,7,330.56,54.665,167.9189,0.1432
mcw,212,0,8,330.695,54.665,12.9809,0.1334
mcw,212,0,9,330.815,54.715,32.4774,0.1304
mcw,212,0,10,330.905,54.805,57.537,0.1304
mcw,212,0,11,330.955,54.925,77.0005,0.1334
mcw,212,0,12,330.955,55.055,102.9936,0.1334
mcw,212,0,13,330.905,55.175,122.463,0.1304
mcw,212,0,14,330.815,55.265,147.5453,0.1303
mcw,212,0,15,330.695,55.315,166.9936,0.1334
mcw,213,0,0,334.92,59.065,90.0,0.51
mcw,213,0,1,334.015,59.32,0.0,1.81
mcw,213,0,2,332.755,58.14,73.2563,2.4645
mcw,213,0,3,332.455,56.96,0.0,0.11
mcw,213,0,4,332.6,57.045,43.3617,0.2476
mcw,213,0,5,332.795,57.195,31.7578,0.247
mcw,213,0,6,333.015,57.3,19.1843,0.2435
mcw,213,0,7,333.255,57.355,6.8356,0.2518
mcw,213,0,8,333.485,57.355,171.8792,0.2121
mcw,213,0,9,333.695,57.31,164.0392,0.2184
mcw,213,0,10,333.89,57.23,150.9503,0.2059
mcw,213,0,11,334.065,57.11,140.5268,0.2202
mcw,213,0,12,334.215,56.96,129.093,0.2061
mcw,213,0,13,334.335,56.79,121.4343,0.211
mcw,213,0,14,334.42,56.6,106.6976,0.2088
mcw,213,0,15,334.465,56.39,97.7637,0.2221
mcw,213,0,16,334.465,56.17,82.2341,0.222
mcw,213,0,17,334.42,55.955,74.0568,0.2184
mcw,213,0,18,334.34,55.755,62.2403,0.2147
mcw,213,0,19,334.22,55.575,50.5279,0.2202
mcw,213,0,20,334.07,55.42,41.1882,0.2126
mcw,213,0,21,333.895,55.3,27.7525,0.2147
mcw,213,0,22,333.695,55.215,18.4374,0.2214
mcw,213,0,23,333.475,55.17,4.9743,0.2309
mcw,213,0,24,333.285,55.165,176.1821,0.1503
mcw,213,0,25,333.13,55.19,165.9509,0.1649
mcw,213,0,26,332.975,55.24,158.1986,0.1615
mcw,213,0,27,332.825,55.31,151.9445,0.17
mcw,213,0,28,332.685,55.4,142.4158,0.164
mcw,213,0,29,332.56,55.51,135.0073,0.1697
mcw,213,0,30,332.455,55.635,124.6931,0.1581
mcw,213,0,31,332.375,55.77,116.5551,0.1565
mcw,213,0,32,332.125,55.64,42.9302,0.5873
mcw,213,0,33,331.97,55.35,123.6901,0.2163
mcw,213,0,34,332.1,55.18,131.1828,0.2126
mcw,213,0,35,332.25,55.035,140.9057,0.2062
mcw,213,0,36,332.42,54.915,148.5728,0.2109
mcw,213,0,37,332.605,54.815,154.6625,0.2102
mcw,213,0,38,332.8,54.735,160.7092,0.2119
mcw,213,0,39,333.005,54.68,169.205,0.2138
mcw,213,0,40,333.215,54.655,177.2875,0.2102
mcw,213,0,41,333.41,54.655,3.1637,0.1803
mcw,213,0,42,333.58,54.67,7.1317,0.1613
mcw,213,0,43,333.745,54.7,13.2325,0.1747
mcw,213,0,44,333.905,54.745,18.4524,0.1581
mcw,213,0,45,334.12,54.84,26.5576,0.313
mcw,213,0,46,334.385,55.0,35.762,0.3081
mcw,213,0,47,334.61,55.21,50.1916,0.3124
mcw,213,0,48,334.785,55.465,60.9426,0.3088
mcw,213,0,49,334.885,55.68,72.6534,0.1677
mcw,213,0,50,334.93,55.84,75.9586,0.1649
mcw,213,0,51,334.965,56.005,79.995,0.1727
mcw,213,0,52,334.98,56.175,90.0,0.17
mcw,213,0,53,334.97,56.415,93.6894,0.3106
mcw,213,0,54,334.925,56.72,103.1359,0.308
mcw,213,0,55,334.825,57.005,115.7092,0.2997
mcw,213,0,56,334.68,57.265,122.6198,0.2968
mcw,213,0,57,334.495,57.49,136.3943,0.29
mcw,213,0,58,334.27,57.665,147.9999,0.283
mcw,213,0,59,334.08,57.77,156.8044,0.1523
mcw,213,0,60,333.935,57.82,165.0541,0.1552
mcw,213,0,61,333.785,57.855,168.7013,0.153
mcw,213,0,62,333.63,57.875,176.4203,0.1603
mcw,213,0,63,333.385,57.87,3.4714,0.3306
mcw,213,0,64,333.365,58.335,73.0242,0.9933
mcw,213,0,65,334.215,58.81,0.0,1.41
mcw,214,0,0,336.025,58.665,67.3064,1.7885
mcw,214,0,1,335.855,57.775,159.6232,0.3734
mcw,214,0,2,336.45,58.505,62.1529,1.7983
mcw,214,0,3,336.62,59.395,159.193,0.5349
mcw,215,0,0,337.645,59.32,0.0,0.63
mcw,215,0,1,338.29,56.94,111.9673,5.1327
mcw,215,0,2,339.905,56.25,68.815,3.625
mcw,215,0,3,341.21,56.25,111.0373,3.6214
mcw,215,0,4,342.82,56.94,68.0327,5.1327
mcw,215,0,5,343.47,59.32,0.0,0.62
mcw,215,0,6,342.51,57.69,68.259,3.5097
mcw,215,0,7,341.21,57.775,110.757,3.6681
mcw,215,0,8,339.91,57.81,68.848,3.6027
mcw,215,0,9,338.61,57.725,112.1718,3.4447
mcw,216,0,0,60.105,54.49,53.4776,2.638
mcw,216,0,1,60.98,55.695,58.1706,0.3413
mcw,216,0,2,61.145,55.99,63.4384,0.3355
mcw,216,0,3,61.245,56.215,71.5611,0.1581
mcw,216,0,4,61.295,56.375,73.6147,0.1772
mcw,216,0,5,61.33,56.54,82.8736,0.1612
mcw,216,0,6,61.345,56.705,86.6338,0.1703
mcw,216,0,7,61.335,56.94,95.7106,0.3015
mcw,216,0,8,61.275,57.23,107.8172,0.2941
mcw,216,0,9,61.16,57.495,119.2487,0.2865
mcw,216,0,10,60.995,57.73,130.8187,0.2907
mcw,216,0,11,60.79,57.93,140.7024,0.2843
mcw,216,0,12,60.555,58.09,150.7593,0.2865
mcw,216,0,13,60.29,58.205,162.1761,0.2941
mcw,216,0,14,60.005,58.265,174.1001,0.2915
mcw,216,0,15,59.705,58.265,5.5217,0.3114
mcw,216,0,16,59.41,58.205,17.8239,0.2941
mcw,216,0,17,59.145,58.09,29.2407,0.2865
mcw,216,0,18,58.91,57.925,40.8153,0.2907
mcw,216,0,19,58.71,57.72,50.7146,0.2843
mcw,216,0,20,58.555,57.48,63.4356,0.2907
mcw,216,0,21,58.445,57.205,72.758,0.3036
mcw,216,0,22,58.39,56.905,86.3085,0.3106
mcw,216,0,23,58.39,56.61,94.0853,0.2807
mcw,216,0,24,58.435,56.34,105.0713,0.2692
mcw,216,0,25,58.525,56.085,113.7489,0.2731
mcw,216,0,26,58.66,55.85,126.0234,0.2721
mcw,216,0,27,58.835,55.65,136.5497,0.2617
mcw,216,0,28,59.04,55.49,147.5262,0.2608
mcw,216,0,29,59.275,55.375,160.2081,0.2657
mcw,216,0,30,59.54,55.315,173.8785,0.2816
mcw,216,0,31,59.795,55.31,4.9746,0.2309
mcw,216,0,32,60.015,55.355,18.4368,0.2214
mcw,216,0,33,60.125,55.38,116.5476,0.0224
mcw,216,0,34,59.515,54.56,52.792,2.034
mcw,216,0,35,59.11,53.59,142.6953,0.528
mcw,216,1,0,59.775,55.82,173.2837,0.1712
mcw,216,1,1,59.6,55.855,164.4795,0.1868
mcw,216,1,2,59.43,55.925,150.6515,0.1836
mcw,216,1,3,59.275,56.03,141.3409,0.1921
mcw,216,1,4,59.135,56.16,132.8761,0.1911
mcw,216,1,5,59.02,56.315,120.4677,0.1972
mcw,216,1,6,58.94,56.495,107.5257,0.1993
mcw,216,1,7,58.9,56.69,95.7104,0.201
mcw,216,1,8,58.9,56.885,83.9909,0.1911
mcw,216,1,9,58.94,57.075,72.4743,0.1993
mcw,216,1,10,59.015,57.25,60.6474,0.1836
mcw,216,1,11,59.125,57.405,49.0793,0.1985
mcw,216,1,12,59.265,57.54,38.6584,0.1921
mcw,216,1,13,59.425,57.645,27.9046,0.1924
mcw,216,1,14,59.605,57.72,17.5247,0.1993
mcw,216,1,15,59.8,57.76,5.7161,0.201
mcw,216,1,16,59.995,57.755,171.0187,0.1924
mcw,216,1,17,60.175,57.71,160.5605,0.1803
mcw,216,1,18,60.34,57.635,150.6349,0.1836
mcw,216,1,19,60.49,57.525,137.1341,0.191
mcw,216,1,20,60.62,57.385,128.655,0.1921
mcw,216,1,21,60.725,57.23,119.3526,0.1836
mcw,216,1,22,60.795,57.06,105.5245,0.1868
mcw,216,1,23,60.83,56.88,96.3406,0.1811
mcw,216,1,24,60.835,56.695,86.9866,0.1903
mcw,216,1,25,60.8,56.51,71.5651,0.1897
mcw,216,1,26,60.73,56.335,64.7962,0.1879
mcw,216,1,27,60.63,56.18,49.4019,0.1844
mcw,216,1,28,60.5,56.045,42.8801,0.1911
mcw,216,1,29,60.35,55.935,29.3485,0.1836
mcw,216,1,30,60.175,55.86,17.5247,0.1993
mcw,216,1,31,59.97,55.82,5.1995,0.2209
mcw,217,0,0,63.415,55.72,0.0,0.21
mcw,217,0,1,63.615,55.705,171.0189,0.1924
mcw,217,0,2,63.79,55.655,156.3867,0.1746
mcw,217,0,3,63.945,55.57,146.3005,0.1803
mcw,217,0,4,64.075,55.45,128.1545,0.1781
mcw,217,0,5,64.175,55.305,120.9689,0.1749
mcw,217,0,6,64.245,55.135,104.7442,0.1965
mcw,217,0,7,64.28,54.94,95.7093,0.201
mcw,217,0,8,64.28,54.745,83.9921,0.1911
mcw,217,0,9,64.245,54.565,73.608,0.1772
mcw,217,0,10,64.18,54.405,61.9308,0.17
mcw,217,0,11,64.09,54.265,52.4329,0.164
mcw,217,0,12,63.975,54.145,40.2324,0.1703
mcw,217,0,13,63.835,54.05,28.0779,0.17
mcw,217,0,14,63.675,53.9799,19.4391,0.1803
mcw,217,0,15,63.5,53.9449,3.1829,0.1803
mcw,217,0,16,63.325,53.9449,176.6302,0.1703
mcw,217,0,17,63.165,53.97,165.0548,0.1553
mcw,217,0,18,63.015,54.02,158.1991,0.1616
mcw,217,0,19,62.875,54.09,148.4068,0.1526
mcw,217,0,20,62.755,54.185,134.9881,0.1556
mcw,217,0,21,62.655,54.3,126.8711,0.15
mcw,217,0,22,62.58,54.43,113.1956,0.1523
mcw,217,0,23,62.53,54.58,104.0388,0.1649
mcw,217,0,24,62.23,54.66,0.0,0.56
mcw,217,0,25,61.97,54.53,98.746,0.2631
mcw,217,0,26,62.04,54.275,111.8011,0.2693
mcw,217,0,27,62.155,54.045,121.757,0.247
mcw,217,0,28,62.31,53.8499,135.0012,0.2546
mcw,217,0,29,62.505,53.69,146.3186,0.2524
mcw,217,0,30,62.725,53.565,154.4306,0.255
mcw,217,0,31,62.97,53.4799,167.006,0.2668
mcw,217,0,32,63.23,53.44,175.6104,0.2608
mcw,217,0,33,63.51,53.44,3.8062,0.3007
mcw,217,0,34,63.8,53.485,14.0375,0.2886
mcw,217,0,35,64.06,53.58,26.5643,0.2683
mcw,217,0,36,64.285,53.72,37.31,0.264
mcw,217,0,37,64.475,53.9,49.6375,0.2625
mcw,217,0,38,64.625,54.115,60.5211,0.2642
mcw,217,0,39,64.73,54.365,73.4964,0.2816
mcw,217,0,40,64.785,54.655,84.4726,0.3114
mcw,217,0,41,64.795,54.9,93.1806,0.1803
mcw,217,0,42,64.775,55.08,99.4623,0.1825
mcw,217,0,43,64.74,55.25,104.0388,0.1649
mcw,217,0,44,64.685,55.41,113.6248,0.1747
mcw,217,0,45,64.61,55.56,119.7536,0.1612
mcw,217,0,46,64.515,55.6949,130.2355,0.1703
mcw,217,0,47,64.395,55.815,139.7511,0.1703
mcw,217,0,48,64.255,55.92,146.3167,0.1803
mcw,217,0,49,64.295,56.07,41.0104,0.3048
mcw,217,0,50,64.495,56.29,54.688,0.2941
mcw,217,0,51,64.61,56.48,66.8044,0.1523
mcw,217,0,52,64.66,56.625,75.0648,0.1552
mcw,217,0,53,64.695,56.78,79.383,0.1628
mcw,217,0,54,64.71,56.94,90.0,0.16
mcw,217,0,55,64.7,57.16,94.0845,0.2807
mcw,217,0,56,64.655,57.425,105.6422,0.2596
mcw,217,0,57,64.56,57.655,119.75,0.2418
mcw,217,0,58,64.42,57.8499,131.634,0.2408
mcw,217,0,59,64.245,58.0099,143.6131,0.236
mcw,217,0,60,64.04,58.1349,153.4381,0.246
mcw,217,0,61,63.81,58.22,165.9505,0.2474
mcw,217,0,62,63.555,58.265,173.6665,0.2717
mcw,217,0,63,63.285,58.27,4.2405,0.2707
mcw,217,0,64,63.025,58.2299,13.4952,0.2571
mcw,217,0,65,62.795,58.155,23.1908,0.2285
mcw,217,0,66,62.595,58.045,34.381,0.2302
mcw,217,0,67,62.42,57.895,46.7329,0.2334
mcw,217,0,68,62.28,57.71,59.038,0.2332
mcw,217,0,69,62.17,57.49,67.3796,0.26
mcw,217,0,70,62.09,57.235,77.4718,0.2766
mcw,217,0,71,62.345,57.1,0.0,0.57
mcw,217,0,72,62.65,57.175,75.0706,0.1553
mcw,217,0,73,62.695,57.315,68.9545,0.1392
mcw,217,0,74,62.755,57.435,57.5399,0.1304
mcw,217,0,75,62.835,57.535,44.9891,0.1273
mcw,217,0,76,62.935,57.62,36.033,0.136
mcw,217,0,77,63.05,57.69,26.5643,0.1342
mcw,217,0,78,63.18,57.735,12.1063,0.1432
mcw,217,0,79,63.325,57.76,7.579,0.1513
mcw,217,0,80,63.485,57.76,173.3039,0.1712
mcw,217,0,81,63.645,57.73,165.0548,0.1553
mcw,217,0,82,63.79,57.675,153.4325,0.1565
mcw,217,0,83,63.915,57.595,140.7214,0.1421
mcw,217,0,84,64.02,57.49,129.8063,0.1562
mcw,217,0,85,64.105,57.365,118.2998,0.1477
mcw,217,0,86,64.165,57.22,107.3515,0.1677
mcw,217,0,87,64.195,57.06,93.5777,0.1603
mcw,217,0,88,64.19,56.88,84.2885,0.201
mcw,217,0,89,64.155,56.7,72.6447,0.1676
mcw,217,0,90,64.09,56.56,56.3083,0.1442
mcw,217,0,91,63.995,56.45,42.284,0.1487
mcw,217,0,92,63.87,56.36,29.7503,0.1613
mcw,217,0,93,63.725,56.295,18.4306,0.1581
mcw,217,0,94,63.565,56.255,9.9975,0.1726
mcw,217,0,95,63.39,56.235,3.183,0.1803
mcw,217,0,96,63.305,55.975,91.1231,0.5101
mcw,218,0,0,66.36,58.08,10.7866,0.4276
mcw,218,0,1,65.99,57.93,34.505,0.3883
mcw,218,0,2,65.72,57.655,56.3112,0.3966
mcw,218,0,3,65.575,57.28,80.5373,0.4258
mcw,218,0,4,65.575,56.865,99.688,0.416
mcw,218,0,5,65.72,56.495,123.6937,0.3966
mcw,218,0,6,65.99,56.225,146.7223,0.3828
mcw,218,0,7,66.36,56.08,169.2134,0.4276
mcw,218,0,8,66.78,56.08,10.7866,0.4276
mcw,218,0,9,67.155,56.225,32.4738,0.3912
mcw,218,0,10,67.43,56.495,56.3063,0.3966
mcw,218,0,11,67.575,56.865,80.312,0.416
mcw,218,0,12,67.575,57.28,99.4627,0.4258
mcw,218,0,13,67.43,57.655,123.6888,0.3966
mcw,218,0,14,67.155,57.93,146.3136,0.3966
mcw,218,0,15,66.78,58.08,169.2134,0.4276
mcw,218,1,0,66.465,56.54,169.2214,0.2138
mcw,218,1,1,66.27,56.62,146.3111,0.2163
mcw,218,1,2,66.12,56.77,123.6917,0.2163
mcw,218,1,3,66.04,56.965,100.7834,0.2138
mcw,218,1,4,66.04,57.18,79.6936,0.2236
mcw,218,1,5,66.12,57.38,56.3083,0.2163
mcw,218,1,6,66.27,57.53,33.6889,0.2163
mcw,218,1,7,66.465,57.615,13.4052,0.2159
mcw,218,1,8,66.68,57.615,167.1837,0.2256
mcw,218,1,9,66.88,57.53,146.3111,0.2163
mcw,218,1,10,67.03,57.38,123.6901,0.2163
mcw,218,1,11,67.115,57.18,102.8067,0.2256
mcw,218,1,12,67.115,56.965,76.6081,0.2159
mcw,218,1,13,67.03,56.77,56.3099,0.2163
mcw,218,1,14,66.88,56.62,33.6889,0.2163
mcw,218,1,15,66.68,56.54,10.2993,0.2236
mcw,219,0,0,70.115,54.97,51.5249,2.427
mcw,219,0,1,70.935,56.025,58.2363,0.2469
mcw,219,0,2,71.05,56.25,67.3796,0.26
mcw,219,0,3,71.13,56.5,77.0048,0.2668
mcw,219,0,4,71.175,56.76,83.4186,0.2617
mcw,219,0,5,71.175,57.035,95.9063,0.2915
mcw,219,0,6,71.12,57.315,106.5036,0.2816
mcw,219,0,7,71.01,57.57,120.2573,0.2778
mcw,219,0,8,70.855,57.79,130.3625,0.2625
mcw,219,0,9,70.665,57.97,142.691,0.264
mcw,219,0,10,70.44,58.115,151.5672,0.2729
mcw,219,0,11,70.185,58.215,165.4639,0.2789
mcw,219,0,12,69.91,58.265,173.8785,0.2816
mcw,219,0,13,69.62,58.265,5.7161,0.3015
mcw,219,0,14,69.335,58.215,14.5357,0.2789
mcw,219,0,15,69.08,58.12,26.5643,0.2683
mcw,219,0,16,68.86,57.98,38.6555,0.2561
mcw,219,0,17,68.675,57.805,48.1805,0.255
mcw,219,0,18,68.52,57.59,59.7413,0.2778
mcw,219,0,19,68.405,57.335,71.567,0.2846
mcw,219,0,20,68.33,57.05,78.6901,0.3059
mcw,219,0,21,68.59,56.9,0.0,0.58
mcw,219,0,22,68.895,56.99,80.5353,0.1825
mcw,219,0,23,68.94,57.16,69.4416,0.1709
mcw,219,0,24,69.01,57.31,60.2571,0.1613
mcw,219,0,25,69.105,57.445,49.7645,0.1703
mcw,219,0,26,69.225,57.565,40.2332,0.1703
mcw,219,0,27,69.36,57.66,29.7503,0.1613
mcw,219,0,28,69.515,57.725,16.3859,0.1772
mcw,219,0,29,69.685,57.76,6.7161,0.1712
mcw,219,0,30,69.855,57.76,173.2836,0.1712
mcw,219,0,31,70.025,57.72,160.5605,0.1803
mcw,219,0,32,70.19,57.65,153.4481,0.1789
mcw,219,0,33,70.335,57.555,139.7511,0.1703
mcw,219,0,34,70.455,57.435,130.2355,0.1703
mcw,219,0,35,70.555,57.29,119.3609,0.1836
mcw,219,0,36,70.63,57.125,109.4434,0.1803
mcw,219,0,37,70.67,56.95,96.3394,0.1811
mcw,219,0,38,70.66,56.745,80.1357,0.2335
mcw,219,0,39,70.59,56.52,65.5535,0.2416
mcw,219,0,40,70.475,56.31,56.9783,0.2385
mcw,219,0,41,70.34,56.115,53.6161,0.236
mcw,219,0,42,69.255,54.765,51.0353,3.2282
mcw,219,0,43,69.715,53.51,0.0,2.95
mcw,219,0,44,71.19,53.765,90.0,0.51
mcw,219,0,45,70.275,54.02,0.0,1.83
mcw,220,0,0,73.415,53.435,2.729,0.2102
mcw,220,0,1,73.62,53.465,14.0326,0.2062
mcw,220,0,2,73.81,53.53,23.9679,0.197
mcw,220,0,3,73.98,53.62,31.9985,0.1887
mcw,220,0,4,74.13,53.73,40.6003,0.1844
mcw,220,0,5,74.265,53.865,49.0908,0.1985
mcw,220,0,6,74.385,54.02,55.4868,0.1941
mcw,220,0,7,74.49,54.19,60.9429,0.2059
mcw,220,0,8,74.62,54.47,67.1671,0.4123
mcw,220,0,9,74.755,54.86,74.6246,0.4149
mcw,220,0,10,74.825,55.16,81.4701,0.2022
mcw,220,0,11,74.855,55.36,81.4701,0.2022
mcw,220,0,12,74.875,55.56,87.1363,0.2002
mcw,220,0,13,74.885,55.75,86.8194,0.1803
mcw,220,0,14,74.885,55.93,93.1796,0.1803
mcw,220,0,15,74.875,56.12,92.8637,0.2002
mcw,220,0,16,74.855,56.32,98.5299,0.2022
mcw,220,0,17,74.825,56.52,98.5299,0.2022
mcw,220,0,18,74.755,56.825,105.0194,0.4245
mcw,220,0,19,74.62,57.225,112.305,0.4216
mcw,220,0,20,74.495,57.505,117.9007,0.1923
mcw,220,0,21,74.39,57.675,125.2112,0.2081
mcw,220,0,22,74.265,57.83,132.8878,0.191
mcw,220,0,23,74.13,57.965,137.1199,0.1911
mcw,220,0,24,73.98,58.08,147.9858,0.1887
mcw,220,0,25,73.81,58.17,156.0321,0.197
mcw,220,0,26,73.625,58.235,165.2601,0.1965
mcw,220,0,27,73.42,58.27,174.8163,0.2209
mcw,220,0,28,73.205,58.27,5.4291,0.2109
mcw,220,0,29,73.0,58.235,14.0326,0.2062
mcw,220,0,30,72.81,58.17,23.9679,0.197
mcw,220,0,31,72.64,58.08,32.0142,0.1887
mcw,220,0,32,72.49,57.965,42.8801,0.1911
mcw,220,0,33,72.355,57.83,47.1122,0.191
mcw,220,0,34,72.235,57.675,57.1014,0.2025
mcw,220,0,35,72.13,57.505,59.5304,0.1972
mcw,220,0,36,72.0,57.225,67.695,0.4216
mcw,220,0,37,71.87,56.825,76.2924,0.422
mcw,220,0,38,71.8,56.52,78.6905,0.204
mcw,220,0,39,71.77,56.32,84.2885,0.201
mcw,220,0,40,71.75,56.12,84.289,0.2009
mcw,220,0,41,71.74,55.93,90.0,0.1801
mcw,220,0,42,71.74,55.75,90.0,0.18
mcw,220,0,43,71.75,55.56,95.711,0.2009
mcw,220,0,44,71.77,55.36,95.7115,0.201
mcw,220,0,45,71.8,55.16,101.3095,0.204
mcw,220,0,46,71.87,54.86,104.0352,0.4123
mcw,220,0,47,72.0,54.47,112.8329,0.4123
mcw,220,0,48,72.13,54.19,119.0571,0.2059
mcw,220,0,49,72.235,54.02,124.5132,0.1941
mcw,220,0,50,72.355,53.865,130.9092,0.1985
mcw,220,0,51,72.495,53.73,141.3416,0.1921
mcw,220,0,52,72.65,53.62,148.0003,0.1887
mcw,220,0,53,72.815,53.53,154.7939,0.1879
mcw,220,0,54,73.0,53.465,165.9674,0.2062
mcw,220,0,55,73.205,53.435,177.271,0.2102
mcw,220,1,0,73.385,57.76,172.3981,0.1513
mcw,220,1,1,73.53,57.73,164.0629,0.1456
mcw,220,1,2,73.66,57.675,149.7415,0.1389
mcw,220,1,3,73.775,57.6,143.9651,0.136
mcw,220,1,4,73.92,57.445,128.0495,0.292
mcw,220,1,5,74.085,57.19,118.1763,0.3177
mcw,220,1,6,74.21,56.89,107.3534,0.3353
mcw,220,1,7,74.295,56.57,102.3388,0.3276
mcw,220,1,8,74.345,56.26,95.712,0.3015
mcw,220,1,9,74.37,55.975,94.2354,0.2708
mcw,220,1,10,74.37,55.71,85.6012,0.2607
mcw,220,1,11,74.345,55.43,84.2891,0.3015
mcw,220,1,12,74.295,55.12,77.659,0.3275
mcw,220,1,13,74.21,54.805,72.1247,0.3258
mcw,220,1,14,74.085,54.51,61.8185,0.3176
mcw,220,1,15,73.92,54.255,51.9505,0.292
mcw,220,1,16,73.775,54.1,36.0349,0.136
mcw,220,1,17,73.66,54.025,30.2585,0.1389
mcw,220,1,18,73.53,53.97,15.9371,0.1456
mcw,220,1,19,73.385,53.945,3.8177,0.1503
mcw,220,1,20,73.235,53.945,176.1823,0.1503
mcw,220,1,21,73.095,53.97,162.9058,0.136
mcw,220,1,22,72.965,54.025,151.6976,0.1477
mcw,220,1,23,72.845,54.1,143.9651,0.136
mcw,220,1,24,72.7,54.255,128.0495,0.292
mcw,220,1,25,72.54,54.51,116.5675,0.313
mcw,220,1,26,72.42,54.805,107.8766,0.3258
mcw,220,1,27,72.335,55.12,102.341,0.3275
mcw,220,1,28,72.28,55.43,97.5936,0.3027
mcw,220,1,29,72.255,55.71,92.2018,0.2601
mcw,220,1,30,72.255,55.975,87.8802,0.2702
mcw,220,1,31,72.28,56.26,82.4049,0.3026
mcw,220,1,32,72.335,56.57,77.6612,0.3276
mcw,220,1,33,72.42,56.89,72.6454,0.3353
mcw,220,1,34,72.54,57.19,63.4374,0.3131
mcw,220,1,35,72.7,57.445,51.9505,0.292
mcw,220,1,36,72.845,57.6,36.0349,0.136
mcw,220,1,37,72.965,57.675,28.3024,0.1477
mcw,220,1,38,73.095,57.73,17.0942,0.136
mcw,220,1,39,73.235,57.76,7.6019,0.1513
mcw,221,0,0,75.965,54.095,13.0071,0.1334
mcw,221,0,1,75.845,54.04,36.0122,0.136
mcw,221,0,2,75.755,53.945,57.5255,0.1304
mcw,221,0,3,75.705,53.83,75.9706,0.1237
mcw,221,0,4,75.705,53.7,102.0982,0.1431
mcw,221,0,5,75.755,53.575,122.4601,0.1304
mcw,221,0,6,75.845,53.485,147.5489,0.1304
mcw,221,0,7,75.965,53.44,171.2452,0.1315
mcw,221,0,8,76.1,53.44,8.138,0.1414
mcw,221,0,9,76.22,53.485,34.9718,0.122
mcw,221,0,10,76.31,53.575,53.9835,0.1361
mcw,221,0,11,76.36,53.7,81.8686,0.1414
mcw,221,0,12,76.36,53.83,99.4564,0.1217
mcw,221,0,13,76.31,53.945,126.0316,0.136
mcw,221,0,14,76.22,54.04,141.3551,0.128
mcw,221,0,15,76.1,54.095,167.8937,0.1432
mcw,222,0,0,80.2,57.855,90.0,0.51
mcw,222,0,1,79.29,58.11,0.0,1.82
mcw,222,0,2,78.025,56.925,73.3229,2.4741
mcw,222,0,3,77.725,55.74,0.0,0.11
mcw,222,0,4,77.87,55.825,43.3605,0.2476
mcw,222,0,5,78.065,55.975,31.7606,0.247
mcw,222,0,6,78.285,56.08,19.1831,0.2435
mcw,222,0,7,78.525,56.135,6.8356,0.2518
mcw,222,0,8,78.755,56.14,174.5711,0.211
mcw,222,0,9,78.965,56.095,161.5632,0.2214
mcw,222,0,10,79.165,56.01,152.2322,0.2147
mcw,222,0,11,79.34,55.895,140.9057,0.2062
mcw,222,0,12,79.49,55.745,129.4752,0.2202
mcw,222,0,13,79.61,55.57,119.0552,0.2059
mcw,222,0,14,79.695,55.38,109.2889,0.2119
mcw,222,0,15,79.74,55.17,95.1962,0.2209
mcw,222,0,16,79.74,54.95,84.8052,0.2209
mcw,222,0,17,79.695,54.735,71.5619,0.2213
mcw,222,0,18,79.61,54.53,63.4367,0.2236
mcw,222,0,19,79.495,54.35,50.9127,0.2062
mcw,222,0,20,79.345,54.2,39.4622,0.2202
mcw,222,0,21,79.165,54.075,30.0797,0.2196
mcw,222,0,22,78.965,53.99,15.9448,0.2184
mcw,222,0,23,78.745,53.95,4.9594,0.2309
mcw,222,0,24,78.555,53.945,176.2055,0.1503
mcw,222,0,25,78.4,53.97,165.9503,0.1649
mcw,222,0,26,78.245,54.02,158.1996,0.1616
mcw,222,0,27,78.095,54.09,151.9227,0.17
mcw,222,0,28,77.955,54.18,142.4376,0.164
mcw,222,0,29,77.83,54.29,135.0018,0.1697
mcw,222,0,30,77.725,54.415,124.6931,0.1581
mcw,222,0,31,77.645,54.55,116.5626,0.1565
mcw,222,0,32,77.395,54.415,43.6384,0.5942
mcw,222,0,33,77.235,54.125,122.9062,0.2025
mcw,222,0,34,77.36,53.96,131.1921,0.2126
mcw,222,0,35,77.515,53.815,142.5933,0.214
mcw,222,0,36,77.685,53.69,144.7832,0.2081
mcw,222,0,37,77.87,53.585,155.7655,0.2193
mcw,222,0,38,78.07,53.51,163.3018,0.2088
mcw,222,0,39,78.275,53.46,169.2214,0.2138
mcw,222,0,40,78.485,53.435,177.271,0.2102
mcw,222,0,41,78.68,53.43,0.0,0.18
mcw,222,0,42,78.85,53.44,7.1102,0.1612
mcw,222,0,43,79.015,53.47,13.2531,0.1746
mcw,222,0,44,79.175,53.515,18.4306,0.1581
mcw,222,0,45,79.395,53.61,25.7722,0.322
mcw,222,0,46,79.66,53.775,38.3672,0.3061
mcw,222,0,47,79.88,53.99,50.1937,0.3124
mcw,222,0,48,80.055,54.245,60.9469,0.3089
mcw,222,0,49,80.16,54.455,68.1946,0.1615
mcw,222,0,50,80.21,54.61,75.9663,0.165
mcw,222,0,51,80.24,54.775,83.2881,0.1712
mcw,222,0,52,80.255,54.95,86.8218,0.1803
mcw,222,0,53,80.245,55.195,95.5274,0.3114
mcw,222,0,54,80.195,55.5,103.1345,0.308
mcw,222,0,55,80.1,55.79,113.1969,0.3047
mcw,222,0,56,79.955,56.05,125.312,0.2941
mcw,222,0,57,79.77,56.27,134.9978,0.2828
mcw,222,0,58,79.545,56.45,147.3851,0.2968
mcw,222,0,59,79.35,56.555,160.3505,0.1487
mcw,222,0,60,79.21,56.6,164.0398,0.1456
mcw,222,0,61,79.06,56.635,169.3916,0.1628
mcw,222,0,62,78.9,56.655,176.4201,0.1603
mcw,222,0,63,78.655,56.65,3.4716,0.3306
mcw,222,0,64,78.635,57.12,73.1916,1.0029
mcw,222,0,65,79.49,57.6,0.0,1.42
mcw,223,0,0,81.155,57.455,67.3064,1.7885
mcw,223,0,1,80.985,56.56,158.2055,0.3769
mcw,223,0,2,81.58,57.29,62.3003,1.8071
mcw,223,0,3,81.75,58.185,159.193,0.5349
mcw,224,0,0,82.64,58.11,0.0,0.62
mcw,224,0,1,83.29,55.725,111.9255,5.1419
mcw,224,0,2,84.905,55.035,68.8721,3.6343
mcw,224,0,3,86.215,55.035,111.1279,3.6343
mcw,224,0,4,87.835,55.725,67.9712,5.1457
mcw,224,0,5,88.485,58.11,0.0,0.63
mcw,224,0,6,87.52,56.47,68.3797,3.5283
mcw,224,0,7,86.215,56.555,110.7922,3.6903
mcw,224,0,8,84.905,56.595,68.7577,3.6157
mcw,224,0,9,83.6,56.51,112.1094,3.454
mcw,225,0,0,25.49,31.805,113.921,2.8115
mcw,225,0,1,26.725,30.52,0.0,1.33
mcw,225,0,2,25.01,35.73,114.5516,11.4557
mcw,225,0,3,20.245,35.73,65.4029,11.4599
mcw,225,0,4,18.53,30.52,0.0,1.34
mcw,225,0,5,19.77,31.805,66.079,2.8115
mcw,225,0,6,22.63,33.09,0.0,4.58
mcw,225,1,0,22.625,34.19,0.0,3.55
mcw,225,1,1,21.74,36.205,66.1697,4.4056
mcw,225,1,2,23.515,36.205,113.7112,4.4016
mcw,226,0,0,28.955,40.42,0.0,1.29
mcw,226,0,1,28.31,35.47,90.0,9.9
mcw,226,0,2,28.955,30.52,0.0,1.29
mcw,226,0,3,29.6,35.47,90.0,9.9
mcw,227,0,0,34.85,34.925,11.9426,0.5315
mcw,227,0,1,35.34,35.085,24.54,0.5057
mcw,227,0,2,35.775,35.33,34.3272,0.4965
mcw,227,0,3,36.15,35.64,45.0022,0.4809
mcw,227,0,4,36.455,36.01,55.9822,0.4826
mcw,227,0,5,36.685,36.435,67.1074,0.4884
mcw,227,0,6,36.845,36.9,74.8471,0.4973
mcw,227,0,7,36.93,37.395,85.5154,0.5116
mcw,227,0,8,36.91,37.99,96.7101,0.6847
mcw,227,0,9,36.745,38.65,111.3383,0.6871
mcw,227,0,10,36.425,39.25,124.8545,0.6824
mcw,227,0,11,35.965,39.75,140.3007,0.6888
mcw,227,0,12,35.38,40.1,157.8898,0.6908
mcw,227,0,13,34.725,40.295,169.019,0.6825
mcw,227,0,14,34.04,40.39,175.1011,0.7026
mcw,227,0,15,33.345,40.42,0.0,0.69
mcw,227,0,16,32.225,40.42,0.0,1.55
mcw,227,0,17,31.45,35.47,90.0,9.9
mcw,227,0,18,32.09,30.52,0.0,1.28
mcw,227,0,19,32.73,32.63,90.0,4.22
mcw,227,0,20,32.995,34.74,0.0,0.53
mcw,227,0,21,34.75,32.63,125.2285,5.1661
mcw,227,0,22,36.97,30.52,0.0,1.46
mcw,227,0,23,36.145,32.695,125.5627,5.3474
mcw,227,1,0,32.9,39.33,0.0,0.34
mcw,227,1,1,33.31,39.32,177.6117,0.4804
mcw,227,1,2,33.795,39.29,175.3357,0.4916
mcw,227,1,3,34.27,39.225,168.9266,0.4687
mcw,227,1,4,34.715,39.105,160.7664,0.4554
mcw,227,1,5,35.115,38.92,149.2678,0.4304
mcw,227,1,6,35.445,38.66,134.0302,0.4172
mcw,227,1,7,35.685,38.31,115.4062,0.4429
mcw,227,1,8,35.815,37.855,97.8151,0.5148
mcw,227,1,9,35.815,37.345,82.1849,0.5148
mcw,227,1,10,35.695,36.885,67.4783,0.4438
mcw,227,1,11,35.47,36.525,47.9107,0.4177
mcw,227,1,12,35.155,36.26,32.1487,0.4134
mcw,227,1,13,34.775,36.07,21.3221,0.4401
mcw,227,1,14,34.34,35.945,11.0661,0.4687
mcw,227,1,15,33.87,35.875,5.9526,0.4826
mcw,227,1,16,33.385,35.845,1.1703,0.4901
mcw,227,1,17,32.935,35.84,0.0,0.41
mcw,227,1,18,32.73,37.585,90.0,3.4901
mcw,228,0,0,40.335,34.74,0.0,0.73
mcw,228,0,1,41.055,34.76,3.2228,0.7111
mcw,228,0,2,41.74,34.84,10.3044,0.6708
mcw,228,0,3,42.365,35.0,18.7268,0.623
mcw,228,0,4,42.915,35.25,30.4644,0.5917
mcw,228,0,5,43.385,35.595,42.2083,0.5805
mcw,228,0,6,43.76,36.035,56.8525,0.5852
mcw,228,0,7,43.975,36.425,69.2302,0.3102
mcw,228,0,8,44.075,36.725,73.8106,0.3228
mcw,228,0,9,44.145,37.055,81.8695,0.3535
mcw,228,0,10,44.18,37.415,86.9058,0.3705
mcw,228,0,11,44.17,37.915,93.633,0.6313
mcw,228,0,12,44.075,38.51,104.9953,0.5797
mcw,228,0,13,43.87,39.03,118.4407,0.5459
mcw,228,0,14,43.545,39.475,133.5697,0.5658
mcw,228,0,15,43.225,39.765,145.787,0.3023
mcw,228,0,16,42.955,39.925,152.6464,0.3265
mcw,228,0,17,42.645,40.065,158.4979,0.3547
mcw,228,0,18,42.295,40.18,164.8795,0.3833
mcw,228,0,19,41.9,40.275,167.9017,0.4295
mcw,228,0,20,41.46,40.35,172.5689,0.4639
mcw,228,0,21,40.975,40.395,176.6371,0.5109
mcw,228,0,22,40.44,40.415,178.976,0.5601
mcw,228,0,23,39.425,40.42,0.0,1.47
mcw,228,0,24,38.69,35.47,90.0,9.9
mcw,228,0,25,39.33,30.52,0.0,1.28
mcw,228,0,26,39.97,32.63,90.0,4.22
mcw,228,1,0,40.14,39.33,0.0,0.34
mcw,228,1,1,40.55,39.32,177.6117,0.4804
mcw,228,1,2,41.035,39.29,175.3357,0.4916
mcw,228,1,3,41.51,39.23,170.1321,0.4669
mcw,228,1,4,41.955,39.115,160.7664,0.4554
mcw,228,1,5,42.355,38.935,150.4267,0.4254
mcw,228,1,6,42.685,38.68,134.0244,0.4173
mcw,228,1,7,42.885,38.435,120.0684,0.2195
mcw,228,1,8,42.98,38.235,110.8575,0.2247
mcw,228,1,9,43.045,38.01,101.7686,0.2451
mcw,228,1,10,43.08,37.755,94.2362,0.2708
mcw,228,1,11,43.08,37.485,85.7638,0.2708
mcw,228,1,12,43.05,37.225,80.9104,0.2532
mcw,228,1,13,42.99,36.99,70.014,0.2341
mcw,228,1,14,42.9,36.785,62.2421,0.2147
mcw,228,1,15,42.71,36.535,47.9103,0.4177
mcw,228,1,16,42.395,36.265,33.3155,0.4188
mcw,228,1,17,42.015,36.075,20.0907,0.4366
mcw,228,1,18,41.58,35.95,12.2692,0.4708
mcw,228,1,19,41.11,35.875,5.9454,0.4826
mcw,228,1,20,40.625,35.845,1.1703,0.4901
mcw,228,1,21,40.175,35.84,0.0,0.41
mcw,228,1,22,39.97,37.585,90.0,3.4901
mcw,229,0,0,49.525,40.775,3.2429,0.5308
mcw,229,0,1,49.005,40.725,7.8093,0.5148
mcw,229,0,2,48.505,40.625,14.8592,0.507
mcw,229,0,3,48.02,40.475,19.5071,0.5092
mcw,229,0,4,47.55,40.28,25.5569,0.5099
mcw,229,0,5,47.105,40.04,31.1602,0.5025
mcw,229,0,6,46.69,39.76,36.8689,0.5
mcw,229,0,7,46.3,39.44,41.8223,0.5099
mcw,229,0,8,45.94,39.09,46.6354,0.4952
mcw,229,0,9,45.62,38.705,53.8051,0.508
mcw,229,0,10,45.34,38.285,58.8401,0.5025
mcw,229,0,11,45.095,37.84,63.4361,0.5143
mcw,229,0,12,44.89,37.37,69.4436,0.5126
mcw,229,0,13,44.735,36.88,75.4257,0.5166
mcw,229,0,14,44.63,36.37,81.254,0.5261
mcw,229,0,15,44.575,35.84,86.8202,0.5408
mcw,229,0,16,44.575,35.29,93.066,0.5609
mcw,229,0,17,44.63,34.74,98.4275,0.5459
mcw,229,0,18,44.735,34.215,104.3001,0.5263
mcw,229,0,19,44.89,33.715,110.1707,0.522
mcw,229,0,20,45.09,33.24,115.559,0.5099
mcw,229,0,21,45.33,32.795,121.1596,0.5025
mcw,229,0,22,45.615,32.38,127.7783,0.506
mcw,229,0,23,45.935,32.0,132.5118,0.4884
mcw,229,0,24,46.29,31.655,139.0266,0.5033
mcw,229,0,25,46.68,31.34,143.1313,0.5
mcw,229,0,26,47.095,31.065,149.8265,0.4974
mcw,229,0,27,47.54,30.835,155.46,0.5057
mcw,229,0,28,48.01,30.645,160.4993,0.5092
mcw,229,0,29,48.495,30.5,166.2398,0.5045
mcw,229,0,30,49.0,30.405,172.3324,0.5247
mcw,229,0,31,49.525,30.355,176.7571,0.5308
mcw,229,0,32,50.055,30.355,3.2429,0.5308
mcw,229,0,33,50.575,30.405,7.8161,0.5148
mcw,229,0,34,51.08,30.5,13.4952,0.5142
mcw,229,0,35,51.57,30.645,19.5007,0.5092
mcw,229,0,36,52.04,30.835,24.54,0.5057
mcw,229,0,37,52.485,31.065,30.1735,0.4974
mcw,229,0,38,52.9,31.34,36.8687,0.5
mcw,229,0,39,53.285,31.655,41.7311,0.4958
mcw,229,0,40,53.64,32.0,46.6354,0.4952
mcw,229,0,41,53.96,32.38,53.1277,0.5
mcw,229,0,42,54.245,32.795,57.8745,0.5077
mcw,229,0,43,54.49,33.24,64.441,0.5099
mcw,229,0,44,54.69,33.715,69.8293,0.522
mcw,229,0,45,54.845,34.215,75.6999,0.5263
mcw,229,0,46,54.95,34.74,81.5725,0.5459
mcw,229,0,47,55.0,35.29,87.9548,0.5604
mcw,229,0,48,55.0,35.84,92.1212,0.5403
mcw,229,0,49,54.945,36.37,99.819,0.5278
mcw,229,0,50,54.835,36.88,104.5743,0.5166
mcw,229,0,51,54.685,37.37,109.503,0.5092
mcw,229,0,52,54.485,37.84,116.5639,0.5143
mcw,229,0,53,54.24,38.285,121.1599,0.5025
mcw,229,0,54,53.955,38.705,127.0944,0.514
mcw,229,0,55,53.63,39.09,133.3649,0.4952
mcw,229,0,56,53.275,39.44,137.4172,0.5025
mcw,229,0,57,52.885,39.76,143.8079,0.508
mcw,229,0,58,52.465,40.04,148.8398,0.5025
mcw,229,0,59,52.025,40.28,153.9496,0.5009
mcw,229,0,60,51.56,40.475,160.4929,0.5092
mcw,229,0,61,51.075,40.625,165.1408,0.507
mcw,229,0,62,50.57,40.725,172.339,0.5247
mcw,229,0,63,50.05,40.775,176.6949,0.5209
mcw,229,1,0,49.59,31.45,177.1435,0.4005
mcw,229,1,1,49.2,31.49,171.0277,0.3847
mcw,229,1,2,48.82,31.57,165.2513,0.3929
mcw,229,1,3,48.45,31.69,158.7559,0.3862
mcw,229,1,4,47.935,31.945,151.0871,0.7654
mcw,229,1,5,47.31,32.38,139.2365,0.7658
mcw,229,1,6,46.775,32.935,128.7747,0.7824
mcw,229,1,7,46.345,33.59,117.8594,0.7918
mcw,229,1,8,46.095,34.13,108.8855,0.4016
mcw,229,1,9,45.98,34.52,104.0378,0.4123
mcw,229,1,10,45.9,34.93,98.1301,0.4242
mcw,229,1,11,45.86,35.355,92.6627,0.4305
mcw,229,1,12,45.855,35.775,88.603,0.4101
mcw,229,1,13,45.89,36.185,81.6736,0.4143
mcw,229,1,14,45.965,36.585,77.0058,0.4003
mcw,229,1,15,46.07,36.97,72.4748,0.3985
mcw,229,1,16,46.305,37.51,63.4354,0.7826
mcw,229,1,17,46.715,38.165,52.3853,0.7701
mcw,229,1,18,47.235,38.725,41.8207,0.7649
mcw,229,1,19,47.855,39.17,29.5606,0.7703
mcw,229,1,20,48.375,39.43,20.7276,0.3956
mcw,229,1,21,48.755,39.555,15.7492,0.4052
mcw,229,1,22,49.155,39.64,8.3253,0.4144
mcw,229,1,23,49.575,39.68,2.6656,0.4305
mcw,229,1,24,50.0,39.68,177.271,0.4205
mcw,229,1,25,50.415,39.64,171.6748,0.4144
mcw,229,1,26,50.815,39.555,164.2508,0.4052
mcw,229,1,27,51.195,39.43,159.2724,0.3956
mcw,229,1,28,51.715,39.17,150.4393,0.7703
mcw,229,1,29,52.34,38.725,138.674,0.7723
mcw,229,1,30,52.86,38.165,127.0205,0.764
mcw,229,1,31,53.265,37.51,116.5648,0.7826
mcw,229,1,32,53.505,36.97,108.8855,0.4016
mcw,229,1,33,53.615,36.585,102.9942,0.4003
mcw,229,1,34,53.685,36.185,96.9533,0.413
mcw,229,1,35,53.72,35.775,92.7929,0.4105
mcw,229,1,36,53.72,35.355,87.3373,0.4305
mcw,229,1,37,53.68,34.93,81.8699,0.4242
mcw,229,1,38,53.6,34.52,75.9622,0.4123
mcw,229,1,39,53.48,34.13,69.7755,0.405
mcw,229,1,40,53.23,33.59,62.7843,0.7872
mcw,229,1,41,52.805,32.935,51.2253,0.7824
mcw,229,1,42,52.265,32.38,40.2799,0.7734
mcw,229,1,43,51.64,31.945,29.279,0.7567
mcw,229,1,44,51.125,31.69,20.7193,0.3956
mcw,229,1,45,50.755,31.57,15.1292,0.3833
mcw,229,1,46,50.375,31.49,8.7458,0.3946
mcw,229,1,47,49.985,31.45,2.9296,0.3905
mcw,230,0,0,59.7,34.925,11.9426,0.5315
mcw,230,0,1,60.195,35.085,24.0777,0.5148
mcw,230,0,2,60.63,35.33,34.9891,0.4882
mcw,230,0,3,61.0,35.64,45.0022,0.4809
mcw,230,0,4,61.305,36.01,55.9822,0.4826
mcw,230,0,5,61.54,36.435,66.0351,0.4924
mcw,230,0,6,61.7,36.9,75.965,0.4948
mcw,230,0,7,61.78,37.395,85.5154,0.5116
mcw,230,0,8,61.76,37.99,96.7101,0.6847
mcw,230,0,9,61.6,38.65,110.5572,0.6835
mcw,230,0,10,61.28,39.25,125.5379,0.6882
mcw,230,0,11,60.815,39.75,140.3007,0.6888
mcw,230,0,12,60.235,40.1,157.5734,0.6815
mcw,230,0,13,59.58,40.295,169.1766,0.6923
mcw,230,0,14,58.895,40.39,175.0305,0.6926
mcw,230,0,15,58.2,40.42,0.0,0.7
mcw,230,0,16,57.075,40.42,0.0,1.55
mcw,230,0,17,56.3,35.47,90.0,9.9
mcw,230,0,18,56.945,30.52,0.0,1.29
mcw,230,0,19,57.59,32.63,90.0,4.22
mcw,230,0,20,57.85,34.74,0.0,0.52
mcw,230,0,21,59.6,32.63,125.2285,5.1661
mcw,230,0,22,61.82,30.52,0.0,1.46
mcw,230,0,23,60.995,32.695,125.5627,5.3474
mcw,230,1,0,57.755,39.33,0.0,0.33
mcw,230,1,1,58.16,39.32,177.6117,0.4804
mcw,230,1,2,58.645,39.29,175.3357,0.4916
mcw,230,1,3,59.125,39.225,169.1565,0.4785
mcw,230,1,4,59.57,39.105,160.3433,0.446
mcw,230,1,5,59.965,38.92,149.2678,0.4304
mcw,230,1,6,60.295,38.66,134.0302,0.4172
mcw,230,1,7,60.535,38.31,115.4062,0.4429
mcw,230,1,8,60.665,37.855,97.8151,0.5148
mcw,230,1,9,60.67,37.345,83.2906,0.5135
mcw,230,1,10,60.55,36.885,66.2959,0.4477
mcw,230,1,11,60.325,36.525,48.9449,0.4111
mcw,230,1,12,60.01,36.26,31.4261,0.4219
mcw,230,1,13,59.625,36.07,21.3221,0.4401
mcw,230,1,14,59.19,35.945,11.0661,0.4687
mcw,230,1,15,58.72,35.875,5.9526,0.4826
mcw,230,1,16,58.235,35.845,1.1703,0.4901
mcw,230,1,17,57.79,35.84,0.0,0.4
mcw,230,1,18,57.59,37.585,90.0,3.4901
mcw,231,0,0,67.475,39.33,0.0,2.37
mcw,231,0,1,68.66,39.875,90.0,1.09
mcw,231,0,2,65.655,40.42,0.0,6.01
mcw,231,0,3,62.65,39.875,90.0,1.09
mcw,231,0,4,63.83,39.33,0.0,2.36
mcw,231,0,5,65.01,34.925,90.0,8.81
mcw,231,0,6,65.65,30.52,0.0,1.28
mcw,231,0,7,66.29,34.925,90.0,8.81
mcw,232,0,0,74.55,30.52,0.0,2.06
mcw,232,0,1,75.87,30.53,1.9769,0.5803
mcw,232,0,2,76.44,30.57,6.1153,0.5632
mcw,232,0,3,76.99,30.645,9.4588,0.5474
mcw,232,0,4,77.52,30.76,15.0699,0.5385
mcw,232,0,5,78.025,30.915,19.1319,0.5186
mcw,232,0,6,78.505,31.105,24.0777,0.5148
mcw,232,0,7,78.955,31.335,30.1735,0.4974
mcw,232,0,8,79.37,31.605,35.9399,0.4941
mcw,232,0,9,79.755,31.915,41.7314,0.4958
mcw,232,0,10,80.1,32.265,49.1443,0.4892
mcw,232,0,11,80.4,32.655,55.6721,0.4965
mcw,232,0,12,80.66,33.085,61.9244,0.51
mcw,232,0,13,80.875,33.555,68.8085,0.5256
mcw,232,0,14,81.04,34.07,75.4643,0.5578
mcw,232,0,15,81.15,34.625,82.0113,0.5756
mcw,232,0,16,81.205,35.22,87.2299,0.6207
mcw,232,0,17,81.205,35.83,92.8624,0.6007
mcw,232,0,18,81.15,36.41,98.1296,0.5657
mcw,232,0,19,81.035,36.95,106.0904,0.5412
mcw,232,0,20,80.865,37.45,111.5964,0.5162
mcw,232,0,21,80.65,37.91,118.6101,0.5012
mcw,232,0,22,80.39,38.335,124.3279,0.4965
mcw,232,0,23,80.085,38.72,132.5118,0.4884
mcw,232,0,24,79.74,39.06,138.3659,0.4817
mcw,232,0,25,79.36,39.36,145.0111,0.4882
mcw,232,0,26,78.94,39.625,150.3957,0.5061
mcw,232,0,27,78.49,39.855,155.46,0.5057
mcw,232,0,28,78.015,40.045,160.8681,0.5186
mcw,232,0,29,77.515,40.195,165.6993,0.5263
mcw,232,0,30,76.995,40.305,170.3596,0.5376
mcw,232,0,31,76.455,40.38,173.7744,0.5533
mcw,232,0,32,75.9,40.415,178.976,0.5601
mcw,232,0,33,74.57,40.42,0.0,2.1
mcw,232,0,34,73.52,35.47,90.0,9.9
mcw,232,1,0,75.02,39.33,0.0,0.44
mcw,232,1,1,75.47,39.32,177.508,0.4604
mcw,232,1,2,75.93,39.295,176.2725,0.461
mcw,232,1,3,76.385,39.25,172.4056,0.454
mcw,232,1,4,76.82,39.175,167.9019,0.4295
mcw,232,1,5,77.235,39.075,164.9834,0.4245
mcw,232,1,6,77.635,38.945,158.9593,0.4179
mcw,232,1,7,78.015,38.785,155.3255,0.4072
mcw,232,1,8,78.365,38.595,147.5262,0.3912
mcw,232,1,9,78.685,38.37,142.2541,0.392
mcw,232,1,10,78.975,38.11,133.9621,0.389
mcw,232,1,11,79.23,37.815,127.7468,0.392
mcw,232,1,12,79.455,37.48,120.2573,0.4168
mcw,232,1,13,79.64,37.105,112.305,0.4216
mcw,232,1,14,79.78,36.695,105.5934,0.4464
mcw,232,1,15,79.875,36.24,98.2964,0.4851
mcw,232,1,16,79.925,35.735,93.2398,0.5308
mcw,232,1,17,79.925,35.21,86.6984,0.5209
mcw,232,1,18,79.875,34.715,81.5284,0.4752
mcw,232,1,19,79.78,34.26,74.7446,0.4561
mcw,232,1,20,79.64,33.845,67.695,0.4216
mcw,232,1,21,79.455,33.475,59.0346,0.4081
mcw,232,1,22,79.23,33.14,53.131,0.4
mcw,232,1,23,78.975,32.84,46.0442,0.389
mcw,232,1,24,78.685,32.58,37.7459,0.392
mcw,232,1,25,78.365,32.355,32.4738,0.3912
mcw,232,1,26,78.015,32.165,24.6745,0.4072
mcw,232,1,27,77.635,32.005,21.0407,0.4179
mcw,232,1,28,77.235,31.875,15.0166,0.4245
mcw,232,1,29,76.82,31.775,12.0901,0.4295
mcw,232,1,30,76.385,31.7,7.5944,0.454
mcw,232,1,31,75.93,31.65,4.9746,0.4617
mcw,232,1,32,75.47,31.625,1.2466,0.4601
mcw,232,1,33,75.02,31.62,0.0,0.44
mcw,232,1,34,74.8,35.475,90.0,7.71
mcw,233,0,0,83.015,40.42,0.0,1.29
mcw,233,0,1,82.37,35.47,90.0,9.9
mcw,233,0,2,83.015,30.52,0.0,1.29
mcw,233,0,3,83.66,35.47,90.0,9.9
mcw,234,0,0,92.03,31.805,113.921,2.8115
mcw,234,0,1,93.27,30.52,0.0,1.34
mcw,234,0,2,91.555,35.73,114.5971,11.4599
mcw,234,0,3,86.79,35.73,65.4484,11.4557
mcw,234,0,4,85.075,30.52,0.0,1.33
mcw,234,0,5,86.31,31.805,66.079,2.8115
mcw,234,0,6,89.17,33.09,0.0,4.58
mcw,234,1,0,89.175,34.19,0.0,3.55
mcw,234,1,1,88.285,36.205,66.2888,4.4016
mcw,234,1,2,90.06,36.205,113.8303,4.4056
mcw,235,0,0,100.05,34.92,90.0,1.1
mcw,235,0,1,101.305,34.37,0.0,2.51
mcw,235,0,2,102.515,34.08,81.1795,0.587
mcw,235,0,3,102.36,33.515,68.198,0.5924
mcw,235,0,4,102.09,32.99,57.3808,0.5936
mcw,235,0,5,101.72,32.52,46.3325,0.6083
mcw,235,0,6,101.27,32.12,36.8737,0.6
mcw,235,0,7,100.765,31.805,26.992,0.5948
mcw,235,0,8,100.22,31.585,16.8853,0.5852
mcw,235,0,9,99.655,31.47,6.0148,0.5732
mcw,235,0,10,99.18,31.45,176.9843,0.3805
mcw,235,0,11,98.8,31.495,169.5616,0.3864
mcw,235,0,12,98.425,31.58,164.8793,0.3833
mcw,235,0,13,98.07,31.705,156.1909,0.3716
mcw,235,0,14,97.575,31.975,149.0354,0.758
mcw,235,0,15,96.975,32.425,137.1603,0.7501
mcw,235,0,16,96.465,32.98,128.074,0.7621
mcw,235,0,17,96.06,33.62,116.5656,0.7603
mcw,235,0,18,95.78,34.325,106.7712,0.7624
mcw,235,0,19,95.63,35.0699,96.0091,0.7642
mcw,235,0,20,95.6,35.6649,87.3374,0.4305
mcw,235,0,21,95.64,36.09,81.87,0.4243
mcw,235,0,22,95.715,36.505,77.6189,0.4197
mcw,235,0,23,95.825,36.905,71.5661,0.4111
mcw,235,0,24,96.07,37.46,63.434,0.805
mcw,235,0,25,96.485,38.1349,53.276,0.786
mcw,235,0,26,97.005,38.71,42.3747,0.7716
mcw,235,0,27,97.62,39.165,30.58,0.7666
mcw,235,0,28,98.13,39.43,21.2525,0.3863
mcw,235,0,29,98.495,39.55,15.1207,0.3833
mcw,235,0,30,98.875,39.635,10.1766,0.3962
mcw,235,0,31,99.275,39.68,2.7869,0.4105
mcw,235,0,32,99.7,39.675,176.1036,0.441
mcw,235,0,33,100.14,39.615,168.4364,0.4491
mcw,235,0,34,100.57,39.495,160.3509,0.446
mcw,235,0,35,100.985,39.32,153.9951,0.4562
mcw,235,0,36,101.38,39.1,147.7252,0.4494
mcw,235,0,37,101.75,38.83,140.1956,0.4686
mcw,235,0,38,102.09,38.515,134.1171,0.4597
mcw,235,0,39,102.395,38.17,128.8546,0.4623
mcw,235,0,40,102.945,38.425,47.0451,1.1887
mcw,235,0,41,103.165,39.08,130.0608,0.5749
mcw,235,0,42,102.77,39.495,137.1244,0.5731
mcw,235,0,43,102.33,39.8549,144.3432,0.5661
mcw,235,0,44,101.855,40.16,150.2528,0.5644
mcw,235,0,45,101.35,40.405,158.0124,0.5608
mcw,235,0,46,100.82,40.59,163.4923,0.5632
mcw,235,0,47,100.27,40.715,170.8732,0.5672
mcw,235,0,48,99.71,40.775,176.9306,0.5608
mcw,235,0,49,99.17,40.775,3.3051,0.5209
mcw,235,0,50,98.655,40.72,8.9101,0.5162
mcw,235,0,51,98.155,40.615,14.8592,0.507
mcw,235,0,52,97.675,40.46,20.9549,0.5033
mcw,235,0,53,97.22,40.26,26.5682,0.492
mcw,235,0,54,96.79,40.015,32.7372,0.4993
mcw,235,0,55,96.38,39.7249,37.7754,0.5061
mcw,235,0,56,96.0,39.4,43.3605,0.4952
mcw,235,0,57,95.655,39.04,49.0291,0.5033
mcw,235,0,58,95.34,38.64,54.4609,0.5161
mcw,235,0,59,95.06,38.21,59.4207,0.5111
mcw,235,0,60,94.825,37.755,65.926,0.5148
mcw,235,0,61,94.63,37.27,70.2011,0.5314
mcw,235,0,62,94.475,36.76,75.963,0.536
mcw,235,0,63,94.375,36.235,82.4766,0.5346
mcw,235,0,64,94.325,35.69,86.9336,0.5608
mcw,235,0,65,94.325,35.16,93.4335,0.5009
mcw,235,0,66,94.375,34.66,97.9696,0.5049
mcw,235,0,67,94.475,34.175,105.4599,0.4877
mcw,235,0,68,94.625,33.705,109.8869,0.4998
mcw,235,0,69,94.815,33.25,115.5136,0.4875
mcw,235,0,70,95.045,32.82,120.7637,0.4888
mcw,235,0,71,95.315,32.415,126.6332,0.486
mcw,235,0,72,95.62,32.04,131.6347,0.4817
mcw,235,0,73,95.96,31.695,137.4875,0.4884
mcw,235,0,74,96.33,31.38,141.7113,0.4841
mcw,235,0,75,96.725,31.1,147.6181,0.4855
mcw,235,0,76,97.15,30.86,153.4381,0.4919
mcw,235,0,77,97.6,30.66,158.6235,0.494
mcw,235,0,78,98.065,30.5099,165.6779,0.4851
mcw,235,0,79,98.545,30.41,170.7324,0.4965
mcw,235,0,80,99.045,30.355,176.6303,0.5109
mcw,235,0,81,99.55,30.355,3.437,0.5009
mcw,235,0,82,100.035,30.4,7.2747,0.4738
mcw,235,0,83,100.5,30.49,14.6203,0.4754
mcw,235,0,84,100.945,30.625,19.2263,0.4554
mcw,235,0,85,101.36,30.8,26.5664,0.4472
mcw,235,0,86,101.745,31.015,31.8641,0.4356
mcw,235,0,87,102.105,31.265,37.6491,0.4421
mcw,235,0,88,102.435,31.555,45.0,0.4384
mcw,235,0,89,102.73,31.875,49.6875,0.4328
mcw,235,0,90,102.995,32.22,55.2211,0.4383
mcw,235,0,91,103.23,32.595,60.5733,0.4478
mcw,235,0,92,103.43,33.0,66.8005,0.4569
mcw,235,0,93,103.59,33.43,72.35,0.4617
mcw,235,0,94,103.71,33.88,77.736,0.4708
mcw,235,0,95,103.79,34.35,82.875,0.4837
mcw,235,0,96,103.83,34.84,87.7089,0.5004
mcw,235,0,97,103.84,35.28,90.0,0.38
mcw,235,0,98,101.945,35.47,0.0,3.79
mcw,236,0,0,108.63,34.925,11.9427,0.5315
mcw,236,0,1,109.125,35.085,24.0777,0.5148
mcw,236,0,2,109.56,35.33,34.9889,0.4882
mcw,236,0,3,109.93,35.64,45.0019,0.4809
mcw,236,0,4,110.235,36.01,55.9826,0.4826
mcw,236,0,5,110.47,36.435,66.0355,0.4924
mcw,236,0,6,110.63,36.9,75.9646,0.4948
mcw,236,0,7,110.71,37.395,85.5154,0.5116
mcw,236,0,8,110.69,37.99,96.7101,0.6847
mcw,236,0,9,110.53,38.65,110.5572,0.6835
mcw,236,0,10,110.21,39.25,125.5379,0.6882
mcw,236,0,11,109.745,39.75,140.3007,0.6888
mcw,236,0,12,109.165,40.1,157.5733,0.6815
mcw,236,0,13,108.51,40.295,169.1766,0.6923
mcw,236,0,14,107.82,40.39,175.1011,0.7026
mcw,236,0,15,107.125,40.42,0.0,0.69
mcw,236,0,16,106.005,40.42,0.0,1.55
mcw,236,0,17,105.23,35.47,90.0,9.9
mcw,236,0,18,105.87,30.52,0.0,1.28
mcw,236,0,19,106.51,32.63,90.0,4.22
mcw,236,0,20,106.775,34.74,0.0,0.53
mcw,236,0,21,108.53,32.63,125.2285,5.1661
mcw,236,0,22,110.75,30.52,0.0,1.46
mcw,236,0,23,109.925,32.695,125.5627,5.3474
mcw,236,1,0,106.68,39.33,0.0,0.34
mcw,236,1,1,107.09,39.32,177.6117,0.4804
mcw,236,1,2,107.575,39.29,175.3357,0.4916
mcw,236,1,3,108.055,39.225,169.1566,0.4785
mcw,236,1,4,108.5,39.105,160.3431,0.446
mcw,236,1,5,108.895,38.92,149.2681,0.4305
mcw,236,1,6,109.225,38.66,134.0302,0.4172
mcw,236,1,7,109.465,38.31,115.4066,0.4429
mcw,236,1,8,109.595,37.855,97.8151,0.5148
mcw,236,1,9,109.6,37.345,83.2897,0.5135
mcw,236,1,10,109.48,36.885,66.2959,0.4477
mcw,236,1,11,109.255,36.525,48.9453,0.4111
mcw,236,1,12,108.94,36.26,31.4261,0.4219
mcw,236,1,13,108.555,36.07,21.3222,0.4401
mcw,236,1,14,108.12,35.945,11.0659,0.4687
mcw,236,1,15,107.65,35.875,5.9527,0.4826
mcw,236,1,16,107.165,35.845,1.1703,0.4901
mcw,236,1,17,106.715,35.84,0.0,0.41
mcw,236,1,18,106.51,37.585,90.0,3.4901
mcw,237,0,0,119.0,31.805,113.921,2.8115
mcw,237,0,1,120.24,30.52,0.0,1.34
mcw,237,0,2,118.525,35.73,114.5971,11.4599
mcw,237,0,3,113.755,35.73,65.4029,11.4599
mcw,237,0,4,112.04,30.52,0.0,1.34
mcw,237,0,5,113.28,31.805,66.079,2.8115
mcw,237,0,6,116.14,33.09,0.0,4.58
mcw,237,1,0,116.135,34.19,0.0,3.55
mcw,237,1,1,115.25,36.205,66.1697,4.4056
mcw,237,1,2,117.025,36.205,113.7113,4.4016
mcw,238,0,0,128.025,33.78,66.5105,7.5016
mcw,238,0,1,129.53,37.22,0.0,0.02
mcw,238,0,2,130.12,33.87,99.8225,6.7997
mcw,238,0,3,131.34,30.52,0.0,1.28
mcw,238,0,4,130.965,35.755,100.9727,10.665
mcw,238,0,5,128.24,37.07,66.4321,8.5535
mcw,238,0,6,124.82,37.07,113.5679,8.5535
mcw,238,0,7,122.095,35.755,79.0273,10.665
mcw,238,0,8,121.72,30.52,0.0,1.28
mcw,238,0,9,122.94,33.855,80.1342,6.7701
mcw,238,0,10,123.535,37.19,0.0,0.03
mcw,238,0,11,125.04,33.765,113.5109,7.4701
mcw,239,0,0,342.73,559.28,138.1802,0.5099
mcw,239,0,1,342.38,559.64,130.1015,0.4968
mcw,239,0,2,342.085,560.045,122.1239,0.5077
mcw,239,0,3,341.845,560.495,114.0747,0.5148
mcw,239,0,4,341.66,560.98,107.7451,0.525
mcw,239,0,5,341.525,561.485,102.1731,0.5217
mcw,239,0,6,341.435,562.005,97.5214,0.5346
mcw,239,0,7,341.39,562.535,92.1632,0.5304
mcw,239,0,8,341.38,562.945,90.0,0.29
mcw,239,0,9,341.39,563.23,85.9104,0.2807
mcw,239,0,10,341.41,563.505,85.7659,0.2707
mcw,239,0,11,341.435,563.775,83.66,0.2717
mcw,239,0,12,341.505,564.16,77.5908,0.512
mcw,239,0,13,341.635,564.645,72.3003,0.4934
mcw,239,0,14,341.81,565.1,65.558,0.4833
mcw,239,0,15,342.045,565.53,57.263,0.4993
mcw,239,0,16,342.26,565.84,51.3394,0.2561
mcw,239,0,17,342.425,566.04,49.6384,0.2625
mcw,239,0,18,342.61,566.24,44.9981,0.2829
mcw,239,0,19,342.815,566.435,42.1388,0.2832
mcw,239,0,20,342.92,566.655,90.0,0.25
mcw,239,0,21,342.79,566.695,33.1775,0.3107
mcw,239,0,22,342.535,566.525,34.2157,0.3023
mcw,239,0,23,342.29,566.34,39.8066,0.3124
mcw,239,0,24,342.06,566.14,42.2736,0.2973
mcw,239,0,25,341.85,565.93,47.7247,0.2973
mcw,239,0,26,341.655,565.705,50.4444,0.2983
mcw,239,0,27,341.475,565.47,54.6866,0.2941
mcw,239,0,28,341.31,565.225,57.3802,0.2968
mcw,239,0,29,341.1,564.835,63.8682,0.5903
mcw,239,0,30,340.88,564.285,72.4751,0.5977
mcw,239,0,31,340.755,563.85,76.8646,0.3081
mcw,239,0,32,340.695,563.545,80.8398,0.314
mcw,239,0,33,340.655,563.23,84.6444,0.3214
mcw,239,0,34,340.635,562.91,88.2083,0.3202
mcw,239,0,35,340.635,562.575,91.6382,0.3501
mcw,239,0,36,340.66,562.23,96.7113,0.3423
mcw,239,0,37,340.705,561.9,98.8785,0.3239
mcw,239,0,38,340.77,561.59,104.9345,0.3105
mcw,239,0,39,340.855,561.3,107.8181,0.2941
mcw,239,0,40,340.96,561.025,113.9616,0.2955
mcw,239,0,41,341.085,560.76,116.5661,0.2907
mcw,239,0,42,341.225,560.51,122.0042,0.283
mcw,239,0,43,341.465,560.17,126.8689,0.55
mcw,239,0,44,341.825,559.745,133.569,0.5659
mcw,239,0,45,342.235,559.36,140.0631,0.5608
mcw,239,0,46,342.685,559.015,144.9265,0.5743
mcw,239,0,47,342.92,558.98,90.0,0.26
mcw,240,0,0,344.71,560.06,0.0,2.44
mcw,240,0,1,345.93,560.25,90.0,0.38
mcw,240,0,2,345.81,560.455,172.875,0.2419
mcw,240,0,3,345.585,560.495,166.609,0.2159
mcw,240,0,4,345.395,560.56,154.7962,0.1879
mcw,240,0,5,345.24,560.65,144.4656,0.1721
mcw,240,0,6,345.12,560.775,123.6914,0.1803
mcw,240,0,7,345.03,560.94,113.9589,0.197
mcw,240,0,8,344.965,561.15,101.7656,0.2451
mcw,240,0,9,344.935,561.415,91.9769,0.2902
mcw,240,0,10,344.93,563.86,90.0,4.6
mcw,240,0,11,344.995,566.16,0.0,0.13
mcw,240,0,12,345.93,563.05,105.6285,6.4588
mcw,240,0,13,346.885,559.94,0.0,0.17
mcw,240,0,14,347.885,563.05,73.6056,6.4836
mcw,240,0,15,348.855,566.16,0.0,0.11
mcw,240,0,16,348.91,563.6,90.0,5.12
mcw,240,0,17,348.905,560.95,86.8171,0.1803
mcw,240,0,18,348.88,560.795,72.894,0.136
mcw,240,0,19,348.83,560.675,61.3898,0.1253
mcw,240,0,20,348.745,560.585,32.4745,0.1304
mcw,240,0,21,348.62,560.525,19.653,0.1487
mcw,240,0,22,348.46,560.48,12.5284,0.1844
mcw,240,0,23,348.255,560.45,4.9696,0.2309
mcw,240,0,24,348.0,560.44,0.0,0.28
mcw,240,0,25,347.86,560.25,90.0,0.38
mcw,240,0,26,349.355,560.06,0.0,2.99
mcw,240,0,27,350.85,560.25,90.0,0.38
mcw,240,0,28,350.71,560.445,177.9549,0.2802
mcw,240,0,29,350.455,560.46,175.0297,0.2308
mcw,240,0,30,350.245,560.49,168.1112,0.1942
mcw,240,0,31,350.08,560.54,156.8044,0.1523
mcw,240,0,32,349.955,560.615,140.7068,0.1421
mcw,240,0,33,349.865,560.72,120.2585,0.1389
mcw,240,0,34,349.81,560.855,104.9347,0.1552
mcw,240,0,35,349.785,561.035,92.7206,0.2102
mcw,240,0,36,349.78,563.335,90.0,4.39
mcw,240,0,37,349.785,565.62,86.8268,0.1803
mcw,240,0,38,349.805,565.78,77.9058,0.1432
mcw,240,0,39,349.845,565.905,65.5479,0.1208
mcw,240,0,40,349.92,566.0,38.6581,0.1281
mcw,240,0,41,350.035,566.07,24.7799,0.1432
mcw,240,0,42,350.195,566.115,8.9722,0.1924
mcw,240,0,43,350.41,566.14,4.7633,0.2409
mcw,240,0,44,350.68,566.155,1.9093,0.3002
mcw,240,0,45,350.83,566.345,90.0,0.37
mcw,240,0,46,349.685,566.53,0.0,2.29
mcw,240,0,47,347.855,564.225,73.4492,4.8093
mcw,240,0,48,347.16,561.92,0.0,0.02
mcw,240,0,49,346.5,564.225,105.7484,4.7898
mcw,240,0,50,344.67,566.53,0.0,2.36
mcw,240,0,51,343.49,566.345,90.0,0.37
mcw,240,0,52,343.65,566.155,178.2101,0.3202
mcw,240,0,53,343.935,566.145,177.7093,0.2502
mcw,240,0,54,344.155,566.125,171.0273,0.1924
mcw,240,0,55,344.315,566.08,155.2259,0.1432
mcw,240,0,56,344.425,566.01,138.3653,0.1204
mcw,240,0,57,344.495,565.91,112.6151,0.13
mcw,240,0,58,344.535,565.765,100.0075,0.1726
mcw,240,0,59,344.555,565.575,92.729,0.2102
mcw,240,0,60,344.56,563.595,90.0,3.75
mcw,240,0,61,344.55,561.54,86.8171,0.3606
mcw,240,0,62,344.51,561.215,78.3111,0.2961
mcw,240,0,63,344.435,560.96,67.7516,0.2377
mcw,240,0,64,344.33,560.765,54.7838,0.2081
mcw,240,0,65,344.195,560.62,38.6607,0.1921
mcw,240,0,66,344.025,560.525,20.2245,0.2025
mcw,240,0,67,343.825,560.47,10.785,0.2138
mcw,240,0,68,343.605,560.445,2.489,0.2302
mcw,240,0,69,343.49,560.25,90.0,0.38
mcw,241,0,0,356.735,566.67,67.7517,0.2377
mcw,241,0,1,356.64,566.465,62.2401,0.2147
mcw,241,0,2,356.51,566.305,39.0934,0.2062
mcw,241,0,3,356.315,566.215,12.2656,0.2354
mcw,241,0,4,356.16,566.2,165.9663,0.0825
mcw,241,0,5,356.06,566.245,149.7427,0.1389
mcw,241,0,6,355.915,566.325,152.1046,0.1924
mcw,241,0,7,355.725,566.425,152.3529,0.2371
mcw,241,0,8,355.505,566.535,154.4414,0.255
mcw,241,0,9,355.255,566.64,159.676,0.2879
mcw,241,0,10,354.975,566.72,168.3111,0.2962
mcw,241,0,11,354.675,566.765,174.4723,0.3114
mcw,241,0,12,354.355,566.77,3.4684,0.3306
mcw,241,0,13,354.035,566.73,10.9541,0.3158
mcw,241,0,14,353.73,566.65,18.434,0.3162
mcw,241,0,15,353.445,566.535,25.7107,0.2997
mcw,241,0,16,353.18,566.39,31.6065,0.3053
mcw,241,0,17,352.93,566.215,38.3687,0.3061
mcw,241,0,18,352.7,566.015,43.6678,0.3041
mcw,241,0,19,352.49,565.795,48.9891,0.3048
mcw,241,0,20,352.3,565.555,54.2472,0.3081
mcw,241,0,21,352.13,565.295,59.3488,0.3138
mcw,241,0,22,351.985,565.02,65.0995,0.3087
mcw,241,0,23,351.86,564.735,67.5163,0.3139
mcw,241,0,24,351.755,564.44,73.3014,0.3132
mcw,241,0,25,351.68,564.14,78.6906,0.3059
mcw,241,0,26,351.63,563.84,82.4037,0.3027
mcw,241,0,27,351.605,563.54,88.0948,0.3002
mcw,241,0,28,351.605,563.225,91.7321,0.3302
mcw,241,0,29,351.63,562.9,97.1265,0.3225
mcw,241,0,30,351.68,562.585,100.9536,0.3158
mcw,241,0,31,351.755,562.275,106.1886,0.3228
mcw,241,0,32,351.855,561.97,110.139,0.3195
mcw,241,0,33,351.975,561.68,114.9057,0.3087
mcw,241,0,34,352.12,561.405,120.6508,0.3139
mcw,241,0,35,352.29,561.14,124.6942,0.3162
mcw,241,0,36,352.485,560.895,132.3963,0.3114
mcw,241,0,37,352.7,560.675,136.3325,0.3041
mcw,241,0,38,352.935,560.48,144.2461,0.3081
mcw,241,0,39,353.195,560.31,149.3483,0.3138
mcw,241,0,40,353.48,560.17,158.2,0.3231
mcw,241,0,41,353.785,560.065,163.81,0.3228
mcw,241,0,42,354.105,559.99,169.6952,0.3354
mcw,241,0,43,354.45,559.95,176.8202,0.3606
mcw,241,0,44,354.77,559.945,2.0451,0.2802
mcw,241,0,45,355.05,559.97,8.1303,0.2828
mcw,241,0,46,355.315,560.02,13.496,0.2571
mcw,241,0,47,355.56,560.095,20.5568,0.2563
mcw,241,0,48,355.89,560.26,29.7439,0.4837
mcw,241,0,49,356.27,560.54,43.2646,0.4669
mcw,241,0,50,356.58,560.895,54.3239,0.4801
mcw,241,0,51,356.815,561.315,67.1092,0.4885
mcw,241,0,52,356.945,561.66,73.738,0.25
mcw,241,0,53,357.005,561.91,79.1171,0.2648
mcw,241,0,54,357.045,562.175,83.6601,0.2717
mcw,241,0,55,357.065,562.45,87.9526,0.2802
mcw,241,0,56,356.945,562.59,0.0,0.25
mcw,241,0,57,356.805,562.365,86.1861,0.451
mcw,241,0,58,356.735,561.925,75.6487,0.4439
mcw,241,0,59,356.595,561.52,65.9,0.4163
mcw,241,0,60,356.39,561.16,54.7801,0.4162
mcw,241,0,61,356.12,560.85,43.0261,0.4104
mcw,241,0,62,355.785,560.6,30.736,0.4305
mcw,241,0,63,355.5,560.455,19.2889,0.2119
mcw,241,0,64,355.29,560.39,15.2544,0.228
mcw,241,0,65,355.06,560.34,9.4629,0.2433
mcw,241,0,66,354.815,560.315,2.2911,0.2502
mcw,241,0,67,354.54,560.32,176.1861,0.3007
mcw,241,0,68,354.25,560.355,169.8754,0.2844
mcw,241,0,69,353.985,560.425,160.2011,0.2657
mcw,241,0,70,353.75,560.53,151.3891,0.2506
mcw,241,0,71,353.46,560.745,139.267,0.4751
mcw,241,0,72,353.14,561.095,125.6761,0.4801
mcw,241,0,73,352.905,561.52,112.4431,0.4977
mcw,241,0,74,352.745,562.0,104.5748,0.5166
mcw,241,0,75,352.645,562.51,97.6676,0.5247
mcw,241,0,76,352.6,563.03,92.2014,0.5204
mcw,241,0,77,352.6,563.54,87.7106,0.5004
mcw,241,0,78,352.635,564.05,84.5057,0.5224
mcw,241,0,79,352.71,564.575,79.3144,0.5394
mcw,241,0,80,352.845,565.085,70.8681,0.5186
mcw,241,0,81,353.055,565.545,59.8265,0.4974
mcw,241,0,82,353.35,565.93,45.0003,0.4808
mcw,241,0,83,353.625,566.165,31.757,0.247
mcw,241,0,84,353.85,566.28,22.6204,0.26
mcw,241,0,85,354.105,566.36,12.5296,0.2766
mcw,241,0,86,354.39,566.4,3.8136,0.3007
mcw,241,0,87,354.66,566.4,175.2365,0.2408
mcw,241,0,88,354.895,566.375,172.5688,0.232
mcw,241,0,89,355.11,566.33,163.2995,0.2088
mcw,241,0,90,355.31,566.26,158.1998,0.2154
mcw,241,0,91,355.58,566.115,148.2982,0.3996
mcw,241,0,92,355.895,565.87,136.0061,0.4031
mcw,241,0,93,356.165,565.56,126.3268,0.422
mcw,241,0,94,356.39,565.205,118.3908,0.4206
mcw,241,0,95,356.58,564.815,113.7054,0.4478
mcw,241,0,96,356.745,564.395,109.2299,0.4554
mcw,241,0,97,356.955,564.18,0.0,0.27
mcw,241,0,98,357.07,565.48,90.8816,2.6003
mcw,241,0,99,356.915,566.78,0.0,0.27
mcw,242,0,0,361.51,562.255,71.8254,4.8731
mcw,242,0,1,362.28,564.57,0.0,0.02
mcw,242,0,2,363.025,562.255,107.6144,4.8578
mcw,242,0,3,363.86,559.94,0.0,0.2
mcw,242,0,4,364.83,562.575,71.7281,5.5498
mcw,242,0,5,365.77,565.365,65.6978,0.3401
mcw,242,0,6,365.95,565.675,54.6373,0.3801
mcw,242,0,7,366.135,565.895,40.9158,0.1985
mcw,242,0,8,366.285,566.01,33.6907,0.1803
mcw,242,0,9,366.45,566.095,21.2485,0.1932
mcw,242,0,10,366.63,566.145,9.4623,0.1825
mcw,242,0,11,366.72,566.345,90.0,0.37
mcw,242,0,12,365.72,566.53,0.0,2.0
mcw,242,0,13,364.72,566.345,90.0,0.37
mcw,242,0,14,364.845,566.145,173.1575,0.2518
mcw,242,0,15,365.075,566.09,159.1448,0.2247
mcw,242,0,16,365.255,565.985,139.0842,0.1985
mcw,242,0,17,365.36,565.82,106.7067,0.2088
mcw,242,0,18,365.38,565.62,84.2839,0.201
mcw,242,0,19,365.35,565.445,75.0655,0.1552
mcw,242,0,20,364.73,563.515,72.0764,3.8992
mcw,242,0,21,364.125,561.66,0.0,0.01
mcw,242,0,22,363.495,563.655,107.3949,4.1812
mcw,242,0,23,362.85,565.71,108.4385,0.1265
mcw,242,0,24,362.825,565.825,95.1837,0.1105
mcw,242,0,25,362.83,565.945,81.2585,0.1315
mcw,242,0,26,362.875,566.055,52.1222,0.114
mcw,242,0,27,362.975,566.12,17.1025,0.136
mcw,242,0,28,363.13,566.15,6.34,0.1811
mcw,242,0,29,363.47,566.16,0.0,0.5
mcw,242,0,30,363.72,566.345,90.0,0.37
mcw,242,0,31,362.405,566.53,0.0,2.63
mcw,242,0,32,361.09,566.345,90.0,0.37
mcw,242,0,33,361.23,566.15,175.9147,0.2807
mcw,242,0,34,361.495,566.11,166.504,0.2571
mcw,242,0,35,361.725,566.015,148.2396,0.247
mcw,242,0,36,361.89,565.84,118.6157,0.2506
mcw,242,0,37,362.02,565.455,104.2795,0.5675
mcw,242,0,38,361.5,563.445,71.2191,3.6651
mcw,242,0,39,360.9,561.71,0.0,0.02
mcw,242,0,40,360.365,563.565,105.8028,3.8557
mcw,242,0,41,359.8,565.565,105.4196,0.3008
mcw,242,0,42,359.745,565.81,98.5305,0.2022
mcw,242,0,43,359.765,565.98,63.4428,0.1565
mcw,242,0,44,359.89,566.085,21.2479,0.1932
mcw,242,0,45,360.1,566.135,7.125,0.2419
mcw,242,0,46,360.34,566.155,2.3861,0.2402
mcw,242,0,47,360.46,566.345,90.0,0.37
mcw,242,0,48,359.175,566.53,0.0,2.57
mcw,242,0,49,357.89,566.345,90.0,0.37
mcw,242,0,50,358.015,566.155,177.7093,0.2502
mcw,242,0,51,358.245,566.14,174.5598,0.2109
mcw,242,0,52,358.425,566.105,161.564,0.1581
mcw,242,0,53,358.565,566.045,151.7002,0.1477
mcw,242,0,54,358.675,565.965,134.9988,0.1273
mcw,242,0,55,358.755,565.855,118.3034,0.1477
mcw,242,0,56,358.825,565.71,113.6224,0.1746
mcw,242,0,57,358.89,565.53,106.7066,0.2088
mcw,242,0,58,359.735,562.685,106.5361,5.7269
mcw,242,0,59,360.65,559.94,0.0,0.2
mcw,243,0,0,367.25,558.935,33.1772,0.3107
mcw,243,0,1,367.505,559.115,37.2352,0.314
mcw,243,0,2,367.75,559.31,39.8068,0.3124
mcw,243,0,3,367.98,559.515,43.6675,0.3041
mcw,243,0,4,368.19,559.73,47.7247,0.2973
mcw,243,0,5,368.385,559.955,50.4444,0.2983
mcw,243,0,6,368.565,560.195,55.7822,0.3023
mcw,243,0,7,368.73,560.445,57.3802,0.2968
mcw,243,0,8,368.935,560.84,65.1575,0.5951
mcw,243,0,9,369.155,561.395,71.5649,0.6008
mcw,243,0,10,369.285,561.83,76.8646,0.3081
mcw,243,0,11,369.345,562.135,80.8398,0.314
mcw,243,0,12,369.385,562.45,84.6444,0.3214
mcw,243,0,13,369.405,562.77,88.2083,0.3202
mcw,243,0,14,369.405,563.105,91.6382,0.3501
mcw,243,0,15,369.38,563.45,96.7113,0.3423
mcw,243,0,16,369.335,563.78,98.8785,0.3239
mcw,243,0,17,369.27,564.09,104.9345,0.3105
mcw,243,0,18,369.18,564.38,109.6493,0.2973
mcw,243,0,19,369.075,564.655,112.1692,0.2916
mcw,243,0,20,368.955,564.915,117.4753,0.2818
mcw,243,0,21,368.815,565.16,122.0044,0.283
mcw,243,0,22,368.57,565.5,127.694,0.5561
mcw,243,0,23,368.21,565.915,134.2562,0.5445
mcw,243,0,24,367.805,566.29,140.0632,0.5608
mcw,243,0,25,367.355,566.625,146.5921,0.563
mcw,243,0,26,367.12,566.655,90.0,0.25
mcw,243,0,27,367.31,566.375,140.793,0.4904
mcw,243,0,28,367.66,566.03,130.1016,0.4968
mcw,243,0,29,367.95,565.63,121.7574,0.494
mcw,243,0,30,368.19,565.19,115.5601,0.5099
mcw,243,0,31,368.38,564.715,108.0838,0.5155
mcw,243,0,32,368.515,564.215,102.1732,0.5217
mcw,243,0,33,368.605,563.695,97.5213,0.5346
mcw,243,0,34,368.65,563.165,92.1632,0.5304
mcw,243,0,35,368.66,562.76,90.0,0.28
mcw,243,0,36,368.65,562.48,85.9104,0.2807
mcw,243,0,37,368.63,562.205,85.7659,0.2707
mcw,243,0,38,368.605,561.94,83.4183,0.2617
mcw,243,0,39,368.535,561.56,77.5908,0.512
mcw,243,0,40,368.405,561.07,72.6466,0.5029
mcw,243,0,41,368.225,560.61,64.487,0.4875
mcw,243,0,42,367.99,560.175,58.8398,0.5025
mcw,243,0,43,367.78,559.855,52.6953,0.264
mcw,243,0,44,367.61,559.645,49.4002,0.2766
mcw,243,0,45,367.425,559.44,46.468,0.2759
mcw,243,0,46,367.225,559.235,45.0016,0.297
mcw,243,0,47,367.12,558.99,90.0,0.28
mcw,244,0,0,342.73,26.065,139.0272,0.5033
mcw,244,0,1,342.38,26.425,129.3733,0.5044
mcw,244,0,2,342.085,26.835,122.1207,0.5078
mcw,244,0,3,341.845,27.285,114.076,0.5148
mcw,244,0,4,341.66,27.77,107.7451,0.525
mcw,244,0,5,341.525,28.275,102.1729,0.5217
mcw,244,0,6,341.435,28.795,97.5218,0.5346
mcw,244,0,7,341.39,29.32,92.2047,0.5204
mcw,244,0,8,341.38,29.725,90.0,0.29
mcw,244,0,9,341.39,30.015,86.0515,0.2907
mcw,244,0,10,341.41,30.295,85.7662,0.2708
mcw,244,0,11,341.435,30.56,83.417,0.2617
mcw,244,0,12,341.505,30.94,77.5908,0.512
mcw,244,0,13,341.635,31.425,72.3014,0.4934
mcw,244,0,14,341.81,31.885,66.04,0.4924
mcw,244,0,15,342.045,32.32,57.2618,0.4993
mcw,244,0,16,342.26,32.63,51.3413,0.2561
mcw,244,0,17,342.425,32.83,49.64,0.2625
mcw,244,0,18,342.61,33.03,44.9913,0.2828
mcw,244,0,19,342.815,33.225,42.1391,0.2832
mcw,244,0,20,342.92,33.445,90.0,0.25
mcw,244,0,21,342.79,33.485,33.1749,0.3106
mcw,244,0,22,342.535,33.31,35.7528,0.3081
mcw,244,0,23,342.29,33.125,38.369,0.3061
mcw,244,0,24,342.06,32.925,43.6706,0.3042
mcw,244,0,25,341.85,32.715,46.3901,0.29
mcw,244,0,26,341.655,32.495,50.4496,0.2983
mcw,244,0,27,341.475,32.26,54.6856,0.2941
mcw,244,0,28,341.31,32.015,57.3802,0.2968
mcw,244,0,29,341.1,31.625,63.8668,0.5903
mcw,244,0,30,340.88,31.07,72.7597,0.6073
mcw,244,0,31,340.755,30.635,76.4272,0.2983
mcw,244,0,32,340.695,30.3351,80.8398,0.314
mcw,244,0,33,340.655,30.0201,84.6445,0.3214
mcw,244,0,34,340.635,29.7,88.2084,0.3202
mcw,244,0,35,340.635,29.36,91.5928,0.3601
mcw,244,0,36,340.66,29.015,96.9123,0.3324
mcw,244,0,37,340.705,28.69,98.8783,0.3239
mcw,244,0,38,340.77,28.38,104.935,0.3105
mcw,244,0,39,340.855,28.09,107.8165,0.2941
mcw,244,0,40,340.96,27.81,113.2001,0.3046
mcw,244,0,41,341.085,27.545,117.4753,0.2818
mcw,244,0,42,341.225,27.3,122.0054,0.283
mcw,244,0,43,341.465,26.955,126.252,0.558
mcw,244,0,44,341.825,26.53,134.2741,0.5587
mcw,244,0,45,342.235,26.15,140.0643,0.5608
mcw,244,0,46,342.685,25.8,144.1158,0.5801
mcw,244,0,47,342.92,25.765,90.0,0.27
mcw,245,0,0,344.71,26.85,0.0,2.44
mcw,245,0,1,345.93,27.035,90.0,0.37
mcw,245,0,2,345.81,27.24,170.5424,0.2433
mcw,245,0,3,345.585,27.285,166.5962,0.2159
mcw,245,0,4,345.395,27.35,154.8088,0.1878
mcw,245,0,5,345.24,27.44,144.4552,0.1721
mcw,245,0,6,345.12,27.56,125.5365,0.1721
mcw,245,0,7,345.03,27.725,112.8365,0.2061
mcw,245,0,8,344.965,27.935,102.2597,0.2354
mcw,245,0,9,344.935,28.195,91.977,0.2902
mcw,245,0,10,344.93,30.645,90.0,4.61
mcw,245,0,11,344.995,32.95,0.0,0.13
mcw,245,0,12,345.93,29.84,105.6286,6.4588
mcw,245,0,13,346.885,26.73,0.0,0.17
mcw,245,0,14,347.885,29.84,73.6055,6.4836
mcw,245,0,15,348.855,32.95,0.0,0.11
mcw,245,0,16,348.91,30.3849,90.0,5.13
mcw,245,0,17,348.905,27.735,86.6299,0.1703
mcw,245,0,18,348.88,27.58,74.053,0.1456
mcw,245,0,19,348.83,27.46,59.0311,0.1166
mcw,245,0,20,348.745,27.375,32.4774,0.1304
mcw,245,0,21,348.62,27.31,23.1956,0.1523
mcw,245,0,22,348.46,27.265,9.4529,0.1825
mcw,245,0,23,348.255,27.24,4.9743,0.2309
mcw,245,0,24,348.0,27.225,2.0474,0.2802
mcw,245,0,25,347.86,27.035,90.0,0.37
mcw,245,0,26,349.355,26.85,0.0,2.99
mcw,245,0,27,350.85,27.035,90.0,0.37
mcw,245,0,28,350.71,27.23,175.9104,0.2807
mcw,245,0,29,350.455,27.25,175.0401,0.2308
mcw,245,0,30,350.245,27.28,168.1002,0.1942
mcw,245,0,31,350.08,27.33,156.8044,0.1523
mcw,245,0,32,349.955,27.4,143.9632,0.136
mcw,245,0,33,349.865,27.5,120.2601,0.1389
mcw,245,0,34,349.81,27.64,104.0414,0.1649
mcw,245,0,35,349.785,27.825,92.7204,0.2103
mcw,245,0,36,349.78,30.125,90.0,4.39
mcw,245,0,37,349.785,32.405,86.6414,0.1703
mcw,245,0,38,349.805,32.565,78.6878,0.1529
mcw,245,0,39,349.845,32.695,65.5572,0.1209
mcw,245,0,40,349.92,32.79,38.6427,0.128
mcw,245,0,41,350.035,32.855,21.06,0.1393
mcw,245,0,42,350.195,32.9,11.8822,0.1942
mcw,245,0,43,350.41,32.93,4.7679,0.2409
mcw,245,0,44,350.68,32.945,1.8994,0.3002
mcw,245,0,45,350.83,33.1349,90.0,0.37
mcw,245,0,46,349.685,33.3199,0.0,2.29
mcw,245,0,47,347.855,31.015,73.4491,4.8092
mcw,245,0,48,347.16,28.71,0.0,0.02
mcw,245,0,49,346.5,31.015,105.7485,4.7898
mcw,245,0,50,344.67,33.3199,0.0,2.36
mcw,245,0,51,343.49,33.1349,90.0,0.37
mcw,245,0,52,343.65,32.945,178.2193,0.3202
mcw,245,0,53,343.935,32.935,177.7072,0.2502
mcw,245,0,54,344.155,32.91,168.1002,0.1942
mcw,245,0,55,344.315,32.865,158.9679,0.1393
mcw,245,0,56,344.425,32.795,135.0097,0.1273
mcw,245,0,57,344.495,32.69,112.6157,0.13
mcw,245,0,58,344.535,32.55,100.617,0.1628
mcw,245,0,59,344.555,32.365,92.7287,0.2103
mcw,245,0,60,344.56,30.38,90.0,3.7599
mcw,245,0,61,344.55,28.325,86.7267,0.3506
mcw,245,0,62,344.51,28.005,78.3102,0.2961
mcw,245,0,63,344.435,27.75,67.7547,0.2377
mcw,245,0,64,344.33,27.555,54.7808,0.2081
mcw,245,0,65,344.195,27.41,38.6598,0.1921
mcw,245,0,66,344.025,27.31,22.8378,0.2062
mcw,245,0,67,343.825,27.25,10.7789,0.2138
mcw,245,0,68,343.605,27.225,2.4919,0.2302
mcw,245,0,69,343.49,27.035,90.0,0.37
mcw,246,0,0,356.735,33.46,67.7491,0.2377
mcw,246,0,1,356.64,33.255,62.2403,0.2147
mcw,246,0,2,356.51,33.09,41.1882,0.2126
mcw,246,0,3,356.315,32.995,12.2629,0.2354
mcw,246,0,4,356.16,32.985,159.4679,0.0854
mcw,246,0,5,356.06,33.035,149.7399,0.1389
mcw,246,0,6,355.915,33.115,152.0975,0.1924
mcw,246,0,7,355.725,33.215,152.3562,0.2371
mcw,246,0,8,355.505,33.325,154.4441,0.255
mcw,246,0,9,355.255,33.425,161.5592,0.2846
mcw,246,0,10,354.975,33.505,166.44,0.2983
mcw,246,0,11,354.675,33.555,174.4671,0.3114
mcw,246,0,12,354.355,33.56,3.4717,0.3306
mcw,246,0,13,354.035,33.52,10.9537,0.3158
mcw,246,0,14,353.73,33.44,18.4297,0.3162
mcw,246,0,15,353.445,33.325,25.7117,0.2997
mcw,246,0,16,353.18,33.18,31.6022,0.3053
mcw,246,0,17,352.93,33.005,38.369,0.3061
mcw,246,0,18,352.7,32.805,43.6706,0.3042
mcw,246,0,19,352.49,32.58,50.1916,0.3124
mcw,246,0,20,352.3,32.335,54.2472,0.3081
mcw,246,0,21,352.13,32.075,59.3506,0.3139
mcw,246,0,22,351.985,31.8,65.0971,0.3087
mcw,246,0,23,351.86,31.515,67.519,0.3139
mcw,246,0,24,351.755,31.22,73.3008,0.3132
mcw,246,0,25,351.68,30.92,78.6901,0.3059
mcw,246,0,26,351.63,30.62,82.4034,0.3026
mcw,246,0,27,351.605,30.32,88.0951,0.3002
mcw,246,0,28,351.605,30.01,91.7865,0.3201
mcw,246,0,29,351.63,29.69,97.1264,0.3225
mcw,246,0,30,351.68,29.37,100.619,0.3256
mcw,246,0,31,351.755,29.055,106.1887,0.3228
mcw,246,0,32,351.855,28.755,110.7724,0.3102
mcw,246,0,33,351.975,28.465,114.148,0.3178
mcw,246,0,34,352.12,28.185,120.6494,0.3139
mcw,246,0,35,352.29,27.925,125.7528,0.3081
mcw,246,0,36,352.485,27.685,132.3987,0.3114
mcw,246,0,37,352.7,27.465,136.3294,0.3042
mcw,246,0,38,352.935,27.27,144.2472,0.3081
mcw,246,0,39,353.195,27.1,149.3525,0.3138
mcw,246,0,40,353.48,26.955,156.5718,0.327
mcw,246,0,41,353.785,26.845,163.8061,0.3228
mcw,246,0,42,354.105,26.77,169.6952,0.3354
mcw,246,0,43,354.45,26.735,178.4074,0.3602
mcw,246,0,44,354.77,26.735,2.0474,0.2802
mcw,246,0,45,355.05,26.76,8.138,0.2828
mcw,246,0,46,355.315,26.81,13.4952,0.2571
mcw,246,0,47,355.56,26.885,20.5497,0.2563
mcw,246,0,48,355.89,27.05,29.7431,0.4837
mcw,246,0,49,356.27,27.325,42.3575,0.4601
mcw,246,0,50,356.58,27.675,54.3247,0.4801
mcw,246,0,51,356.815,28.1,67.558,0.4977
mcw,246,0,52,356.945,28.45,73.7376,0.25
mcw,246,0,53,357.005,28.7,79.1175,0.2648
mcw,246,0,54,357.045,28.965,83.6605,0.2717
mcw,246,0,55,357.065,29.24,87.9524,0.2801
mcw,246,0,56,356.945,29.38,0.0,0.25
mcw,246,0,57,356.805,29.15,86.2689,0.461
mcw,246,0,58,356.735,28.71,75.321,0.4342
mcw,246,0,59,356.595,28.305,66.4506,0.4254
mcw,246,0,60,356.39,27.94,54.7774,0.4162
mcw,246,0,61,356.12,27.63,43.0292,0.4104
mcw,246,0,62,355.785,27.385,29.5736,0.4254
mcw,246,0,63,355.5,27.24,21.8044,0.2154
mcw,246,0,64,355.29,27.175,12.8012,0.2256
mcw,246,0,65,355.06,27.13,9.4718,0.2433
mcw,246,0,66,354.815,27.105,2.2789,0.2502
mcw,246,0,67,354.54,27.11,176.194,0.3007
mcw,246,0,68,354.25,27.145,169.8777,0.2844
mcw,246,0,69,353.985,27.215,160.1957,0.2657
mcw,246,0,70,353.75,27.315,153.4381,0.246
mcw,246,0,71,353.46,27.525,139.267,0.4751
mcw,246,0,72,353.14,27.88,124.9903,0.4883
mcw,246,0,73,352.905,28.31,112.4447,0.4977
mcw,246,0,74,352.745,28.79,104.5747,0.5166
mcw,246,0,75,352.645,29.3,97.6673,0.5247
mcw,246,0,76,352.6,29.815,92.2445,0.5104
mcw,246,0,77,352.6,30.325,87.7555,0.5104
mcw,246,0,78,352.635,30.84,84.5059,0.5224
mcw,246,0,79,352.71,31.36,79.113,0.5295
mcw,246,0,80,352.845,31.865,70.8678,0.5186
mcw,246,0,81,353.055,32.325,59.8261,0.4974
mcw,246,0,82,353.35,32.715,45.8336,0.488
mcw,246,0,83,353.625,32.955,31.7578,0.247
mcw,246,0,84,353.85,33.065,20.5497,0.2563
mcw,246,0,85,354.105,33.14,12.5288,0.2766
mcw,246,0,86,354.39,33.18,3.8176,0.3007
mcw,246,0,87,354.66,33.185,177.6116,0.2402
mcw,246,0,88,354.895,33.165,172.5767,0.232
mcw,246,0,89,355.11,33.12,163.3,0.2088
mcw,246,0,90,355.31,33.05,158.1956,0.2154
mcw,246,0,91,355.58,32.905,148.2956,0.3996
mcw,246,0,92,355.895,32.66,136.0092,0.4031
mcw,246,0,93,356.165,32.35,126.3247,0.422
mcw,246,0,94,356.39,31.99,117.7561,0.4294
mcw,246,0,95,356.58,31.595,113.7067,0.4478
mcw,246,0,96,356.745,31.175,109.2303,0.4554
mcw,246,0,97,356.955,30.96,0.0,0.27
mcw,246,0,98,357.07,32.265,90.8782,2.6103
mcw,246,0,99,356.915,33.57,0.0,0.27
mcw,247,0,0,361.51,29.04,71.7887,4.8636
mcw,247,0,1,362.28,31.35,0.0,0.02
mcw,247,0,2,363.025,29.04,107.6502,4.8482
mcw,247,0,3,363.86,26.73,0.0,0.2
mcw,247,0,4,364.83,29.365,71.7281,5.5498
mcw,247,0,5,365.77,32.155,65.6977,0.3401
mcw,247,0,6,365.95,32.465,54.6372,0.3801
mcw,247,0,7,366.135,32.685,40.9166,0.1985
mcw,247,0,8,366.285,32.8,33.6847,0.1803
mcw,247,0,9,366.45,32.885,21.25,0.1932
mcw,247,0,10,366.63,32.935,9.4529,0.1825
mcw,247,0,11,366.72,33.135,90.0,0.3701
mcw,247,0,12,365.72,33.32,0.0,2.0
mcw,247,0,13,364.72,33.135,90.0,0.3701
mcw,247,0,14,364.845,32.935,173.1644,0.2518
mcw,247,0,15,365.075,32.88,159.1407,0.2247
mcw,247,0,16,365.255,32.775,139.0834,0.1985
mcw,247,0,17,365.36,32.61,106.7105,0.2088
mcw,247,0,18,365.38,32.405,84.555,0.211
mcw,247,0,19,365.35,32.23,74.053,0.1456
mcw,247,0,20,364.73,30.305,72.0765,3.8993
mcw,247,0,21,364.125,28.45,0.0,0.01
mcw,247,0,22,363.495,30.445,107.3947,4.1813
mcw,247,0,23,362.85,32.495,109.9895,0.117
mcw,247,0,24,362.825,32.61,94.754,0.1204
mcw,247,0,25,362.83,32.735,81.2589,0.1315
mcw,247,0,26,362.875,32.84,48.8172,0.1063
mcw,247,0,27,362.975,32.905,21.0321,0.1393
mcw,247,0,28,363.13,32.94,6.3274,0.1811
mcw,247,0,29,363.47,32.95,0.0,0.5
mcw,247,0,30,363.72,33.135,90.0,0.3701
mcw,247,0,31,362.405,33.32,0.0,2.63
mcw,247,0,32,361.09,33.135,90.0,0.3701
mcw,247,0,33,361.23,32.94,175.9228,0.2807
mcw,247,0,34,361.495,32.9,166.5048,0.2571
mcw,247,0,35,361.725,32.805,148.2385,0.247
mcw,247,0,36,361.89,32.63,118.6121,0.2506
mcw,247,0,37,362.02,32.245,104.2798,0.5675
mcw,247,0,38,361.5,30.23,71.2692,3.6746
mcw,247,0,39,360.9,28.49,0.0,0.02
mcw,247,0,40,360.365,30.35,105.7625,3.8653
mcw,247,0,41,359.8,32.355,105.4177,0.3009
mcw,247,0,42,359.745,32.6,98.5325,0.2022
mcw,247,0,43,359.765,32.77,63.4449,0.1565
mcw,247,0,44,359.89,32.875,21.25,0.1932
mcw,247,0,45,360.1,32.925,7.1322,0.2419
mcw,247,0,46,360.34,32.945,2.3738,0.2402
mcw,247,0,47,360.46,33.135,90.0,0.3701
mcw,247,0,48,359.175,33.32,0.0,2.57
mcw,247,0,49,357.89,33.135,90.0,0.3701
mcw,247,0,50,358.015,32.945,177.7211,0.2502
mcw,247,0,51,358.245,32.925,171.8617,0.2121
mcw,247,0,52,358.425,32.89,165.0758,0.1552
mcw,247,0,53,358.565,32.835,151.6976,0.1477
mcw,247,0,54,358.675,32.75,131.9756,0.1346
mcw,247,0,55,358.755,32.64,120.2601,0.1389
mcw,247,0,56,358.825,32.5,113.6259,0.1746
mcw,247,0,57,358.89,32.32,106.7057,0.2088
mcw,247,0,58,359.735,29.475,106.5361,5.7268
mcw,247,0,59,360.65,26.73,0.0,0.2
mcw,248,0,0,367.25,25.72,34.6931,0.3162
mcw,248,0,1,367.505,25.905,37.2352,0.314
mcw,248,0,2,367.75,26.1,39.8084,0.3124
mcw,248,0,3,367.98,26.305,43.6706,0.3042
mcw,248,0,4,368.19,26.52,47.7208,0.2973
mcw,248,0,5,368.385,26.745,50.4421,0.2983
mcw,248,0,6,368.565,26.98,54.6856,0.2941
mcw,248,0,7,368.73,27.23,58.3929,0.3053
mcw,248,0,8,368.935,27.625,64.7481,0.586
mcw,248,0,9,369.155,28.18,71.8622,0.6103
mcw,248,0,10,369.285,28.62,76.8641,0.308
mcw,248,0,11,369.345,28.925,80.8398,0.314
mcw,248,0,12,369.385,29.235,84.4726,0.3114
mcw,248,0,13,369.405,29.555,88.2627,0.3302
mcw,248,0,14,369.405,29.895,91.6383,0.3501
mcw,248,0,15,369.38,30.235,96.9123,0.3324
mcw,248,0,16,369.335,30.56,98.8783,0.3239
mcw,248,0,17,369.27,30.87,104.935,0.3105
mcw,248,0,18,369.18,31.165,109.0226,0.3067
mcw,248,0,19,369.075,31.445,112.1678,0.2916
mcw,248,0,20,368.955,31.705,117.4753,0.2818
mcw,248,0,21,368.815,31.95,122.0054,0.283
mcw,248,0,22,368.57,32.29,127.6938,0.5561
mcw,248,0,23,368.21,32.705,134.2552,0.5445
mcw,248,0,24,367.805,33.075,140.8575,0.5544
mcw,248,0,25,367.355,33.41,145.7504,0.5686
mcw,248,0,26,367.12,33.445,90.0,0.25
mcw,248,0,27,367.31,33.16,139.8988,0.4968
mcw,248,0,28,367.66,32.815,130.8564,0.4892
mcw,248,0,29,367.95,32.42,121.7585,0.4939
mcw,248,0,30,368.19,31.98,115.559,0.5099
mcw,248,0,31,368.38,31.505,108.0842,0.5155
mcw,248,0,32,368.515,31.0,101.9454,0.5315
mcw,248,0,33,368.605,30.48,97.6649,0.5246
mcw,248,0,34,368.65,29.955,92.1631,0.5304
mcw,248,0,35,368.66,29.545,90.0,0.29
mcw,248,0,36,368.65,29.26,85.9108,0.2807
mcw,248,0,37,368.63,28.985,85.7662,0.2708
mcw,248,0,38,368.605,28.72,83.417,0.2617
mcw,248,0,39,368.535,28.34,77.5908,0.512
mcw,248,0,40,368.405,27.855,72.3014,0.4934
mcw,248,0,41,368.225,27.395,64.9846,0.4966
mcw,248,0,42,367.99,26.955,58.8393,0.5025
mcw,248,0,43,367.78,26.635,52.6903,0.264
mcw,248,0,44,367.61,26.43,48.0157,0.2691
mcw,248,0,45,367.425,26.225,47.865,0.2832
mcw,248,0,46,367.225,26.02,43.6057,0.29
mcw,248,0,47,367.12,25.775,90.0,0.29
mcw,249,0,0,266.6,562.37,66.5203,4.819
mcw,249,0,1,267.57,564.58,0.0,0.02
mcw,249,0,2,267.95,562.43,99.7644,4.3632
mcw,249,0,3,268.735,560.28,0.0,0.83
mcw,249,0,4,268.495,563.645,101.0149,6.8563
mcw,249,0,5,266.74,564.485,66.4598,5.5084
mcw,249,0,6,264.54,564.485,113.5402,5.5084
mcw,249,0,7,262.785,563.645,78.9851,6.8563
mcw,249,0,8,262.545,560.28,0.0,0.83
mcw,249,0,9,263.33,562.42,80.1908,4.3435
mcw,249,0,10,263.71,564.56,0.0,0.02
mcw,249,0,11,264.68,562.36,113.5749,4.8007
mcw,250,0,0,274.105,561.105,113.8661,1.8043
mcw,250,0,1,274.9,560.28,0.0,0.86
mcw,250,0,2,273.8,563.625,114.5793,7.3566
mcw,250,0,3,270.735,563.625,65.3499,7.3608
mcw,250,0,4,269.63,560.28,0.0,0.86
mcw,250,0,5,270.425,561.105,66.1348,1.8043
mcw,250,0,6,272.265,561.93,0.0,2.95
mcw,250,1,0,272.265,562.64,0.0,2.29
mcw,250,1,1,271.695,563.93,65.9759,2.8247
mcw,250,1,2,272.84,563.93,113.839,2.8206
mcw,251,0,0,279.435,566.055,125.5367,0.2581
mcw,251,0,1,279.28,566.255,130.1015,0.2484
mcw,251,0,2,279.105,566.43,139.8995,0.2484
mcw,251,0,3,278.91,566.575,146.9775,0.2385
mcw,251,0,4,278.7,566.69,155.5561,0.2417
mcw,251,0,5,278.475,566.78,160.8195,0.2435
mcw,251,0,6,278.235,566.84,170.9099,0.2532
mcw,251,0,7,277.98,566.87,175.6014,0.2608
mcw,251,0,8,277.67,566.865,4.7639,0.3612
mcw,251,0,9,277.32,566.81,13.2406,0.3493
mcw,251,0,10,276.99,566.705,22.1089,0.3454
mcw,251,0,11,276.685,566.545,33.231,0.3467
mcw,251,0,12,276.42,566.335,43.7822,0.3324
mcw,251,0,13,276.205,566.08,55.84,0.3384
mcw,251,0,14,276.05,565.775,70.0176,0.3511
mcw,251,0,15,275.97,565.425,83.8285,0.3722
mcw,251,0,16,275.965,565.08,95.3556,0.3214
mcw,251,0,17,276.025,564.78,107.8183,0.2941
mcw,251,0,18,276.135,564.52,118.4439,0.2729
mcw,251,0,19,276.29,564.295,130.6,0.2766
mcw,251,0,20,276.485,564.1,139.3975,0.2766
mcw,251,0,21,276.71,563.93,146.3122,0.2885
mcw,251,0,22,276.96,563.78,151.6974,0.2953
mcw,251,0,23,277.225,563.645,154.2918,0.2997
mcw,251,0,24,277.58,563.485,156.6445,0.4793
mcw,251,0,25,278.0,563.29,153.4345,0.4472
mcw,251,0,26,278.375,563.065,144.4628,0.4301
mcw,251,0,27,278.62,562.865,133.0219,0.2052
mcw,251,0,28,278.745,562.695,120.0721,0.2196
mcw,251,0,29,278.835,562.495,108.4293,0.2214
mcw,251,0,30,278.88,562.27,94.7683,0.2408
mcw,251,0,31,278.88,562.02,85.5971,0.2608
mcw,251,0,32,278.84,561.775,75.3797,0.2377
mcw,251,0,33,278.755,561.55,63.4381,0.246
mcw,251,0,34,278.63,561.345,53.6126,0.236
mcw,251,0,35,278.475,561.17,43.2671,0.2334
mcw,251,0,36,278.29,561.03,30.962,0.2332
mcw,251,0,37,278.08,560.93,19.9834,0.2341
mcw,251,0,38,277.845,560.88,4.574,0.2508
mcw,251,0,39,277.595,560.88,175.426,0.2508
mcw,251,0,40,277.355,560.925,163.0703,0.2404
mcw,251,0,41,277.135,561.015,152.3572,0.2371
mcw,251,0,42,276.935,561.145,141.7099,0.2421
mcw,251,0,43,276.765,561.31,129.8044,0.2343
mcw,251,0,44,276.635,561.505,117.6429,0.2371
mcw,251,0,45,276.545,561.73,106.2617,0.25
mcw,251,0,46,276.495,561.98,96.5817,0.2617
mcw,251,0,47,276.07,562.025,11.7125,0.8374
mcw,251,0,48,275.7,561.75,101.8912,0.3883
mcw,251,0,49,275.81,561.39,112.3778,0.3677
mcw,251,0,50,275.98,561.065,122.83,0.3689
mcw,251,0,51,276.2,560.78,132.7084,0.3538
mcw,251,0,52,276.465,560.545,144.0907,0.3581
mcw,251,0,53,276.77,560.365,154.886,0.3534
mcw,251,0,54,277.105,560.24,164.0532,0.364
mcw,251,0,55,277.47,560.175,175.4863,0.3812
mcw,251,0,56,277.865,560.18,5.5723,0.412
mcw,251,0,57,278.265,560.25,14.3807,0.4026
mcw,251,0,58,278.635,560.385,25.9083,0.3891
mcw,251,0,59,278.96,560.59,38.6583,0.3842
mcw,251,0,60,279.24,560.85,47.1233,0.3821
mcw,251,0,61,279.465,561.16,60.8022,0.3895
mcw,251,0,62,279.62,561.525,72.8938,0.4081
mcw,251,0,63,279.7,561.935,84.6884,0.4319
mcw,251,0,64,279.705,562.34,94.5138,0.3812
mcw,251,0,65,279.645,562.695,105.2545,0.3421
mcw,251,0,66,279.525,563.01,116.5642,0.3354
mcw,251,0,67,279.35,563.285,128.6615,0.3202
mcw,251,0,68,279.135,563.515,137.6,0.3114
mcw,251,0,69,278.88,563.715,145.8401,0.3384
mcw,251,0,70,278.59,563.89,151.929,0.34
mcw,251,0,71,278.275,564.045,155.5552,0.3625
mcw,251,0,72,277.885,564.21,158.1991,0.4847
mcw,251,0,73,277.505,564.37,155.6954,0.3401
mcw,251,0,74,277.21,564.54,144.4621,0.3441
mcw,251,0,75,277.01,564.7,134.9991,0.1697
mcw,251,0,76,276.9,564.83,125.5391,0.1721
mcw,251,0,77,276.82,564.98,110.5553,0.1709
mcw,251,0,78,276.78,565.15,96.3367,0.1811
mcw,251,0,79,276.785,565.345,81.8702,0.2121
mcw,251,0,80,276.835,565.54,68.7559,0.1931
mcw,251,0,81,276.92,565.71,57.993,0.1887
mcw,251,0,82,277.04,565.855,42.8757,0.1911
mcw,251,0,83,277.28,566.015,29.1978,0.3895
mcw,251,0,84,277.64,566.14,8.9724,0.3847
mcw,251,0,85,277.995,566.15,173.0887,0.3324
mcw,251,0,86,278.295,566.075,157.835,0.2916
mcw,251,0,87,278.545,565.92,138.9887,0.3048
mcw,251,0,88,278.755,565.685,125.1345,0.3302
mcw,251,0,89,279.18,565.75,31.2182,0.7718
mcw,252,0,0,283.295,566.87,3.4684,0.3306
mcw,252,0,1,282.965,566.835,8.6151,0.3338
mcw,252,0,2,282.64,566.77,14.0359,0.3299
mcw,252,0,3,282.325,566.675,19.5369,0.3289
mcw,252,0,4,282.025,566.55,25.7709,0.322
mcw,252,0,5,281.74,566.395,31.2639,0.3276
mcw,252,0,6,281.47,566.215,36.1572,0.322
mcw,252,0,7,281.22,566.01,42.5115,0.3256
mcw,252,0,8,280.99,565.785,46.2728,0.3183
mcw,252,0,9,280.785,565.54,53.8415,0.322
mcw,252,0,10,280.605,565.27,58.7343,0.3276
mcw,252,0,11,280.445,564.985,62.6511,0.3265
mcw,252,0,12,280.315,564.685,70.4607,0.3289
mcw,252,0,13,280.215,564.365,74.7455,0.3421
mcw,252,0,14,280.145,564.035,81.3864,0.3338
mcw,252,0,15,280.11,563.695,86.7313,0.3506
mcw,252,0,16,280.11,563.34,93.1781,0.3606
mcw,252,0,17,280.145,562.99,98.3639,0.3437
mcw,252,0,18,280.215,562.655,105.2545,0.3421
mcw,252,0,19,280.315,562.33,108.973,0.3384
mcw,252,0,20,280.44,562.025,115.7667,0.322
mcw,252,0,21,280.595,561.74,121.2659,0.3276
mcw,252,0,22,280.78,561.47,127.5701,0.328
mcw,252,0,23,280.99,561.225,133.7272,0.3183
mcw,252,0,24,281.22,561.005,138.813,0.3189
mcw,252,0,25,281.465,560.805,142.7654,0.314
mcw,252,0,26,281.73,560.63,150.2544,0.3225
mcw,252,0,27,282.02,560.48,154.9823,0.331
mcw,252,0,28,282.32,560.355,159.8647,0.3195
mcw,252,0,29,282.63,560.26,165.9631,0.3298
mcw,252,0,30,282.955,560.2,173.089,0.3324
mcw,252,0,31,283.29,560.17,176.6334,0.3406
mcw,252,0,32,283.63,560.17,3.3666,0.3406
mcw,252,0,33,283.97,560.2,6.7101,0.3423
mcw,252,0,34,284.3,560.26,14.0356,0.3299
mcw,252,0,35,284.61,560.355,20.1372,0.3195
mcw,252,0,36,284.91,560.48,25.0155,0.3311
mcw,252,0,37,285.195,560.63,30.6523,0.3138
mcw,252,0,38,285.46,560.805,36.157,0.322
mcw,252,0,39,285.71,561.005,41.187,0.3189
mcw,252,0,40,285.94,561.225,46.2728,0.3183
mcw,252,0,41,286.145,561.47,53.8417,0.322
mcw,252,0,42,286.325,561.74,58.7341,0.3276
mcw,252,0,43,286.485,562.025,62.6511,0.3265
mcw,252,0,44,286.615,562.33,71.0319,0.3384
mcw,252,0,45,286.715,562.655,74.7455,0.3421
mcw,252,0,46,286.785,562.99,81.6311,0.3437
mcw,252,0,47,286.815,563.34,88.4122,0.3601
mcw,252,0,48,286.815,563.695,91.6332,0.3501
mcw,252,0,49,286.78,564.035,100.3044,0.3354
mcw,252,0,50,286.71,564.365,103.6298,0.3396
mcw,252,0,51,286.615,564.685,109.5343,0.3289
mcw,252,0,52,286.485,564.985,117.3489,0.3265
mcw,252,0,53,286.325,565.27,121.2657,0.3276
mcw,252,0,54,286.145,565.54,126.1585,0.322
mcw,252,0,55,285.94,565.785,133.7272,0.3183
mcw,252,0,56,285.71,566.01,137.4885,0.3256
mcw,252,0,57,285.46,566.215,143.8428,0.322
mcw,252,0,58,285.19,566.395,148.7361,0.3276
mcw,252,0,59,284.905,566.55,154.2314,0.322
mcw,252,0,60,284.605,566.675,160.4631,0.3289
mcw,252,0,61,284.29,566.77,165.9628,0.3298
mcw,252,0,62,283.965,566.835,171.3849,0.3338
mcw,252,0,63,283.63,566.87,176.6334,0.3406
mcw,252,1,0,283.335,560.875,177.7089,0.2502
mcw,252,1,1,283.085,560.9,170.9095,0.2532
mcw,252,1,2,282.84,560.95,165.9638,0.2474
mcw,252,1,3,282.605,561.025,158.6303,0.247
mcw,252,1,4,282.275,561.19,150.8318,0.4924
mcw,252,1,5,281.87,561.47,139.8995,0.4968
mcw,252,1,6,281.525,561.825,128.48,0.4982
mcw,252,1,7,281.25,562.245,118.0715,0.51
mcw,252,1,8,281.09,562.595,107.7482,0.2625
mcw,252,1,9,281.015,562.85,105.07,0.2693
mcw,252,1,10,280.96,563.11,98.7414,0.2631
mcw,252,1,11,280.935,563.38,92.0474,0.2802
mcw,252,1,12,280.935,563.655,87.8768,0.2702
mcw,252,1,13,280.96,563.92,81.2586,0.2631
mcw,252,1,14,281.01,564.175,76.5048,0.2571
mcw,252,1,15,281.08,564.42,71.5614,0.253
mcw,252,1,16,281.23,564.765,63.9464,0.5009
mcw,252,1,17,281.49,565.19,53.1312,0.5
mcw,252,1,18,281.825,565.55,40.8557,0.4892
mcw,252,1,19,282.225,565.835,30.1722,0.4974
mcw,252,1,20,282.56,566.005,20.5568,0.2563
mcw,252,1,21,282.805,566.085,15.6422,0.2596
mcw,252,1,22,283.06,566.14,8.746,0.2631
mcw,252,1,23,283.325,566.165,2.1212,0.2702
mcw,252,1,24,283.6,566.165,177.9545,0.2802
mcw,252,1,25,283.87,566.14,171.254,0.2631
mcw,252,1,26,284.125,566.085,164.3578,0.2596
mcw,252,1,27,284.37,566.005,159.4432,0.2563
mcw,252,1,28,284.705,565.835,149.8261,0.4974
mcw,252,1,29,285.105,565.55,139.1443,0.4892
mcw,252,1,30,285.44,565.19,126.8716,0.5
mcw,252,1,31,285.7,564.765,116.0536,0.5009
mcw,252,1,32,285.85,564.42,108.4321,0.253
mcw,252,1,33,285.92,564.175,103.4952,0.2571
mcw,252,1,34,285.97,563.92,98.748,0.2631
mcw,252,1,35,285.995,563.655,92.1232,0.2702
mcw,252,1,36,285.995,563.38,87.9526,0.2802
mcw,252,1,37,285.97,563.11,81.252,0.2631
mcw,252,1,38,285.915,562.85,74.9363,0.2693
mcw,252,1,39,285.84,562.595,72.2518,0.2625
mcw,252,1,40,285.68,562.245,61.9285,0.51
mcw,252,1,41,285.405,561.825,51.52,0.4982
mcw,252,1,42,285.06,561.47,40.1005,0.4968
mcw,252,1,43,284.655,561.19,29.1682,0.4924
mcw,252,1,44,284.325,561.025,21.3697,0.247
mcw,252,1,45,284.09,560.95,14.0362,0.2474
mcw,252,1,46,283.845,560.9,9.0905,0.2532
mcw,252,1,47,283.59,560.875,2.203,0.2602
mcw,253,0,0,288.09,560.28,0.0,0.82
mcw,253,0,1,288.5,562.68,90.0,4.8
mcw,253,0,2,290.86,562.55,133.0089,6.9197
mcw,253,0,3,293.22,563.33,90.0,6.62
mcw,253,0,4,292.805,566.64,0.0,0.83
mcw,253,0,5,292.39,564.32,90.0,4.64
mcw,253,0,6,290.035,564.475,133.5767,6.8328
mcw,253,0,7,287.68,563.615,90.0,6.67
mcw,254,0,0,301.44,566.555,153.4352,0.4249
mcw,254,0,1,301.05,566.715,161.9957,0.4206
mcw,254,0,2,300.64,566.815,170.538,0.4258
mcw,254,0,3,300.22,566.865,175.9141,0.4211
mcw,254,0,4,299.835,566.87,3.2705,0.3506
mcw,254,0,5,299.495,566.835,8.6159,0.3338
mcw,254,0,6,299.165,566.77,13.6263,0.3396
mcw,254,0,7,298.84,566.675,18.9701,0.3384
mcw,254,0,8,298.53,566.55,25.0177,0.331
mcw,254,0,9,298.24,566.395,31.2639,0.3276
mcw,254,0,10,297.97,566.215,36.1572,0.322
mcw,254,0,11,297.715,566.01,41.3477,0.333
mcw,254,0,12,297.48,565.785,46.2731,0.3183
mcw,254,0,13,297.27,565.54,52.4338,0.328
mcw,254,0,14,297.085,565.27,58.7343,0.3276
mcw,254,0,15,296.925,564.98,63.4358,0.3354
mcw,254,0,16,296.795,564.67,71.0271,0.3384
mcw,254,0,17,296.695,564.345,74.7455,0.3421
mcw,254,0,18,296.625,564.01,81.6361,0.3437
mcw,254,0,19,296.59,563.665,86.7313,0.3506
mcw,254,0,20,296.59,563.315,93.2687,0.3506
mcw,254,0,21,296.625,562.97,98.3639,0.3437
mcw,254,0,22,296.695,562.64,105.708,0.3324
mcw,254,0,23,296.795,562.325,109.5392,0.3289
mcw,254,0,24,296.925,562.025,117.3489,0.3265
mcw,254,0,25,297.085,561.745,122.1981,0.3191
mcw,254,0,26,297.265,561.48,126.1583,0.322
mcw,254,0,27,297.47,561.235,133.7272,0.3183
mcw,254,0,28,297.7,561.01,137.4882,0.3256
mcw,254,0,29,297.95,560.81,145.3064,0.3162
mcw,254,0,30,298.22,560.635,148.7359,0.3276
mcw,254,0,31,298.505,560.48,154.2291,0.322
mcw,254,0,32,298.805,560.36,162.1208,0.3257
mcw,254,0,33,299.12,560.27,165.9644,0.3299
mcw,254,0,34,299.445,560.205,171.3849,0.3338
mcw,254,0,35,299.78,560.17,176.6334,0.3406
mcw,254,0,36,300.165,560.175,3.9908,0.431
mcw,254,0,37,300.595,560.23,10.5396,0.4374
mcw,254,0,38,301.02,560.34,18.4343,0.4427
mcw,254,0,39,301.43,560.505,25.4079,0.4428
mcw,254,0,40,301.63,561.07,90.0,0.94
mcw,254,0,41,301.44,561.395,37.3491,0.478
mcw,254,0,42,301.04,561.145,26.5659,0.4696
mcw,254,0,43,300.605,560.975,16.1131,0.4684
mcw,254,0,44,300.15,560.89,4.9699,0.4617
mcw,254,0,45,299.79,560.875,177.7979,0.2602
mcw,254,0,46,299.53,560.9,171.254,0.2631
mcw,254,0,47,299.28,560.955,163.7392,0.25
mcw,254,0,48,299.045,561.035,158.6303,0.247
mcw,254,0,49,298.715,561.205,149.8261,0.4974
mcw,254,0,50,298.315,561.49,139.1443,0.4892
mcw,254,0,51,297.98,561.85,126.8687,0.5
mcw,254,0,52,297.715,562.275,117.0731,0.5054
mcw,254,0,53,297.56,562.62,108.4321,0.253
mcw,254,0,54,297.49,562.865,103.5018,0.2571
mcw,254,0,55,297.44,563.12,98.7414,0.2631
mcw,254,0,56,297.415,563.38,92.2048,0.2602
mcw,254,0,57,297.415,563.645,87.8768,0.2702
mcw,254,0,58,297.44,563.91,81.2586,0.2631
mcw,254,0,59,297.49,564.165,76.4982,0.2571
mcw,254,0,60,297.56,564.415,72.2581,0.2625
mcw,254,0,61,297.715,564.765,62.9269,0.5054
mcw,254,0,62,297.98,565.185,52.4325,0.492
mcw,254,0,63,298.32,565.545,40.9714,0.5033
mcw,254,0,64,298.725,565.835,30.1739,0.4974
mcw,254,0,65,299.055,566.005,21.3697,0.247
mcw,254,0,66,299.295,566.085,15.6422,0.2596
mcw,254,0,67,299.545,566.14,9.0905,0.2532
mcw,254,0,68,299.805,566.165,2.1208,0.2702
mcw,254,0,69,300.165,566.15,174.9207,0.4518
mcw,254,0,70,300.615,566.07,165.0679,0.4657
mcw,254,0,71,301.045,565.91,153.997,0.4562
mcw,254,0,72,301.44,565.67,143.6159,0.472
mcw,254,0,73,301.63,565.995,90.0,0.93
mcw,255,0,0,303.03,566.64,0.0,0.82
mcw,255,0,1,302.62,563.46,90.0,6.36
mcw,255,0,2,303.03,560.28,0.0,0.82
mcw,255,0,3,303.44,563.46,90.0,6.36
mcw,256,0,0,307.19,565.94,0.0,1.52
mcw,256,0,1,307.95,566.29,90.0,0.7
mcw,256,0,2,306.015,566.64,0.0,3.87
mcw,256,0,3,304.08,566.29,90.0,0.7
mcw,256,0,4,304.84,565.94,0.0,1.52
mcw,256,0,5,305.6,563.11,90.0,5.66
mcw,256,0,6,306.015,560.28,0.0,0.83
mcw,256,0,7,306.43,563.11,90.0,5.66
mcw,257,0,0,310.02,561.69,90.0,2.82
mcw,257,0,1,310.43,560.28,0.0,0.82
mcw,257,0,2,310.84,561.69,90.0,2.82
mcw,257,0,3,311.885,564.87,59.4426,4.1109
mcw,257,0,4,312.47,566.64,0.0,0.92
mcw,257,0,5,311.22,565.31,59.2906,3.0939
mcw,257,0,6,309.635,565.31,120.8686,3.099
mcw,257,0,7,308.385,566.64,0.0,0.91
mcw,257,0,8,308.975,564.87,120.5574,4.1109
mcw,258,0,0,320.05,562.37,66.5203,4.819
mcw,258,0,1,321.015,564.58,0.0,0.01
mcw,258,0,2,321.395,562.43,99.8939,4.3649
mcw,258,0,3,322.18,560.28,0.0,0.82
mcw,258,0,4,321.935,563.645,101.0149,6.8563
mcw,258,0,5,320.185,564.485,66.5554,5.5044
mcw,258,0,6,317.99,564.485,113.5402,5.5084
mcw,258,0,7,316.235,563.645,78.9851,6.8563
mcw,258,0,8,315.995,560.28,0.0,0.83
mcw,258,0,9,316.78,562.42,80.1908,4.3435
mcw,258,0,10,317.16,564.56,0.0,0.02
mcw,258,0,11,318.13,562.36,113.5749,4.8007
mcw,259,0,0,323.24,564.63,90.0,4.02
mcw,259,0,1,323.245,562.49,92.2047,0.2602
mcw,259,0,2,323.265,562.235,96.8425,0.2518
mcw,259,0,3,323.305,561.99,101.7655,0.2452
mcw,259,0,4,323.365,561.755,106.9292,0.2404
mcw,259,0,5,323.5,561.43,115.4614,0.4652
mcw,259,0,6,323.735,561.04,126.8718,0.45
mcw,259,0,7,324.04,560.71,138.5757,0.4534
mcw,259,0,8,324.41,560.455,152.3003,0.4518
mcw,259,0,9,324.725,560.31,160.8223,0.2435
mcw,259,0,10,324.96,560.24,165.9629,0.2474
mcw,259,0,11,325.205,560.19,170.9095,0.2532
mcw,259,0,12,325.465,560.165,177.8792,0.2702
mcw,259,0,13,325.73,560.165,2.2021,0.2602
mcw,259,0,14,325.985,560.19,9.0905,0.2532
mcw,259,0,15,326.23,560.24,14.0371,0.2474
mcw,259,0,16,326.465,560.31,19.1777,0.2435
mcw,259,0,17,326.78,560.455,27.6997,0.4518
mcw,259,0,18,327.15,560.71,41.4243,0.4534
mcw,259,0,19,327.455,561.04,53.1282,0.45
mcw,259,0,20,327.69,561.43,64.5386,0.4652
mcw,259,0,21,327.825,561.755,73.0708,0.2404
mcw,259,0,22,327.885,561.99,78.2275,0.2452
mcw,259,0,23,327.925,562.235,83.1575,0.2518
mcw,259,0,24,327.945,562.49,87.802,0.2602
mcw,259,0,25,327.95,564.63,90.0,4.02
mcw,259,0,26,327.54,566.64,0.0,0.82
mcw,259,0,27,327.13,564.765,90.0,3.75
mcw,259,0,28,327.12,562.695,87.0615,0.3905
mcw,259,0,29,327.085,562.315,82.3058,0.3734
mcw,259,0,30,327.01,561.96,73.6094,0.3544
mcw,259,0,31,326.89,561.64,64.981,0.3311
mcw,259,0,32,326.72,561.36,52.4338,0.328
mcw,259,0,33,326.485,561.135,35.132,0.3302
mcw,259,0,34,326.27,561.0,26.5694,0.1789
mcw,259,0,35,326.1,560.935,15.522,0.1868
mcw,259,0,36,325.91,560.895,8.5323,0.2022
mcw,259,0,37,325.705,560.875,2.7256,0.2103
mcw,259,0,38,325.49,560.875,177.3975,0.2202
mcw,259,0,39,325.28,560.895,171.469,0.2022
mcw,259,0,40,325.09,560.935,164.4755,0.1868
mcw,259,0,41,324.92,561.0,153.4349,0.1789
mcw,259,0,42,324.705,561.135,144.868,0.3302
mcw,259,0,43,324.47,561.36,127.5662,0.328
mcw,259,0,44,324.3,561.64,115.019,0.3311
mcw,259,0,45,324.18,561.96,106.3858,0.3544
mcw,259,0,46,324.105,562.315,97.6988,0.3734
mcw,259,0,47,324.07,562.695,92.9341,0.3905
mcw,259,0,48,324.06,564.765,90.0,3.75
mcw,259,0,49,323.65,566.64,0.0,0.82
mcw,260,0,0,329.52,560.28,0.0,0.82
mcw,260,0,1,329.93,562.68,90.0,4.8
mcw,260,0,2,332.29,562.55,133.0089,6.9197
mcw,260,0,3,334.65,563.33,90.0,6.62
mcw,260,0,4,334.235,566.64,0.0,0.83
mcw,260,0,5,333.82,564.32,90.0,4.64
mcw,260,0,6,331.465,564.475,133.5767,6.8328
mcw,260,0,7,329.11,563.615,90.0,6.67
mcw,261,0,0,336.255,566.64,0.0,0.83
mcw,261,0,1,335.84,563.46,90.0,6.36
mcw,261,0,2,336.255,560.28,0.0,0.83
mcw,261,0,3,336.67,563.46,90.0,6.36
mcw,262,0,0,266.67,29.23,66.5202,4.819
mcw,262,0,1,267.64,31.44,0.0,0.02
mcw,262,0,2,268.02,29.29,99.7645,4.3632
mcw,262,0,3,268.805,27.14,0.0,0.83
mcw,262,0,4,268.565,30.505,101.0149,6.8563
mcw,262,0,5,266.81,31.345,66.4598,5.5084
mcw,262,0,6,264.61,31.345,113.5402,5.5084
mcw,262,0,7,262.86,30.505,79.0672,6.8544
mcw,262,0,8,262.62,27.14,0.0,0.82
mcw,262,0,9,263.405,29.28,80.0608,4.3452
mcw,262,0,10,263.785,31.42,0.0,0.01
mcw,262,0,11,264.75,29.22,113.5747,4.8007
mcw,263,0,0,274.175,27.965,113.8658,1.8043
mcw,263,0,1,274.97,27.14,0.0,0.86
mcw,263,0,2,273.87,30.485,114.5793,7.3566
mcw,263,0,3,270.805,30.485,65.3499,7.3608
mcw,263,0,4,269.7,27.14,0.0,0.86
mcw,263,0,5,270.5,27.965,65.8451,1.8084
mcw,263,0,6,272.34,28.79,0.0,2.94
mcw,263,1,0,272.34,29.49,0.0,2.28
mcw,263,1,1,271.77,30.785,66.2431,2.8298
mcw,263,1,2,272.91,30.785,113.7575,2.8298
mcw,264,0,0,279.51,32.91,122.4774,0.2608
mcw,264,0,1,279.355,33.115,131.8169,0.2549
mcw,264,0,2,279.175,33.29,139.8934,0.2484
mcw,264,0,3,278.98,33.435,146.9767,0.2386
mcw,264,0,4,278.77,33.55,155.5614,0.2417
mcw,264,0,5,278.545,33.64,160.8157,0.2435
mcw,264,0,6,278.305,33.7,170.9146,0.2532
mcw,264,0,7,278.05,33.73,175.5972,0.2608
mcw,264,0,8,277.74,33.725,4.7685,0.3612
mcw,264,0,9,277.39,33.67,13.2336,0.3493
mcw,264,0,10,277.06,33.565,22.1097,0.3454
mcw,264,0,11,276.755,33.405,33.2313,0.3467
mcw,264,0,12,276.49,33.195,43.7799,0.3324
mcw,264,0,13,276.275,32.94,55.8427,0.3384
mcw,264,0,14,276.12,32.635,70.0186,0.3512
mcw,264,0,15,276.04,32.285,83.8284,0.3722
mcw,264,0,16,276.035,31.94,95.3555,0.3214
mcw,264,0,17,276.095,31.64,107.8201,0.2941
mcw,264,0,18,276.205,31.38,118.4448,0.2729
mcw,264,0,19,276.36,31.155,130.5972,0.2766
mcw,264,0,20,276.56,30.96,140.7119,0.2842
mcw,264,0,21,276.785,30.79,145.1711,0.2802
mcw,264,0,22,277.03,30.64,151.7053,0.2953
mcw,264,0,23,277.295,30.505,154.2908,0.2997
mcw,264,0,24,277.65,30.345,156.6443,0.4793
mcw,264,0,25,278.07,30.15,153.4332,0.4472
mcw,264,0,26,278.445,29.925,144.4628,0.4301
mcw,264,0,27,278.69,29.725,133.0172,0.2052
mcw,264,0,28,278.815,29.555,120.0718,0.2196
mcw,264,0,29,278.905,29.355,108.4325,0.2213
mcw,264,0,30,278.955,29.13,97.1322,0.2419
mcw,264,0,31,278.955,28.88,83.4119,0.2617
mcw,264,0,32,278.91,28.635,75.3822,0.2377
mcw,264,0,33,278.83,28.41,65.5584,0.2416
mcw,264,0,34,278.71,28.205,53.6131,0.236
mcw,264,0,35,278.555,28.03,43.2624,0.2334
mcw,264,0,36,278.37,27.89,30.9612,0.2332
mcw,264,0,37,278.155,27.79,19.182,0.2435
mcw,264,0,38,277.92,27.74,4.7685,0.2408
mcw,264,0,39,277.675,27.74,175.4216,0.2508
mcw,264,0,40,277.43,27.785,163.7376,0.25
mcw,264,0,41,277.205,27.875,152.3596,0.2371
mcw,264,0,42,277.01,28.005,140.1887,0.2343
mcw,264,0,43,276.84,28.17,131.6353,0.2408
mcw,264,0,44,276.705,28.365,117.6472,0.237
mcw,264,0,45,276.615,28.59,106.2624,0.25
mcw,264,0,46,276.57,28.84,94.3961,0.2608
mcw,264,0,47,276.145,28.885,11.5738,0.8472
mcw,264,0,48,275.77,28.61,101.891,0.3883
mcw,264,0,49,275.88,28.245,111.8005,0.3769
mcw,264,0,50,276.05,27.92,123.6874,0.3606
mcw,264,0,51,276.27,27.64,132.7139,0.3538
mcw,264,0,52,276.535,27.405,144.0882,0.3581
mcw,264,0,53,276.84,27.225,154.8821,0.3534
mcw,264,0,54,277.175,27.1,164.0572,0.364
mcw,264,0,55,277.54,27.035,175.4817,0.3812
mcw,264,0,56,277.935,27.04,5.5776,0.412
mcw,264,0,57,278.335,27.11,14.3775,0.4026
mcw,264,0,58,278.705,27.245,25.9139,0.3891
mcw,264,0,59,279.035,27.45,37.7459,0.392
mcw,264,0,60,279.315,27.71,48.2365,0.3753
mcw,264,0,61,279.535,28.02,60.8041,0.3895
mcw,264,0,62,279.69,28.385,72.8944,0.4081
mcw,264,0,63,279.77,28.795,84.6883,0.4318
mcw,264,0,64,279.775,29.2,94.5137,0.3812
mcw,264,0,65,279.715,29.555,105.2565,0.342
mcw,264,0,66,279.595,29.865,117.3458,0.3265
mcw,264,0,67,279.425,30.14,126.1639,0.322
mcw,264,0,68,279.21,30.375,138.8099,0.3189
mcw,264,0,69,278.955,30.575,144.8674,0.3302
mcw,264,0,70,278.665,30.75,152.6953,0.3489
mcw,264,0,71,278.345,30.905,155.5604,0.3625
mcw,264,0,72,277.955,31.07,158.1999,0.4847
mcw,264,0,73,277.575,31.23,155.693,0.3402
mcw,264,0,74,277.28,31.4,144.4606,0.3441
mcw,264,0,75,277.08,31.56,135.0,0.1697
mcw,264,0,76,276.975,31.69,122.7314,0.1664
mcw,264,0,77,276.9,31.84,110.5584,0.1709
mcw,264,0,78,276.855,32.01,99.4623,0.1825
mcw,264,0,79,276.855,32.205,81.8711,0.2122
mcw,264,0,80,276.905,32.4,68.7551,0.1931
mcw,264,0,81,276.995,32.57,55.4831,0.1942
mcw,264,0,82,277.115,32.715,45.0,0.1839
mcw,264,0,83,277.355,32.875,28.4955,0.3983
mcw,264,0,84,277.72,33.0,8.9729,0.3847
mcw,264,0,85,278.07,33.01,172.879,0.3225
mcw,264,0,86,278.37,32.935,158.5548,0.3008
mcw,264,0,87,278.62,32.78,137.7247,0.2973
mcw,264,0,88,278.825,32.545,125.1326,0.3302
mcw,264,0,89,279.25,32.605,30.58,0.7666
mcw,265,0,0,283.37,33.73,3.3698,0.3406
mcw,265,0,1,283.035,33.695,8.6131,0.3338
mcw,265,0,2,282.71,33.63,14.0401,0.3298
mcw,265,0,3,282.395,33.535,19.5344,0.3289
mcw,265,0,4,282.095,33.41,25.771,0.322
mcw,265,0,5,281.81,33.255,31.2613,0.3276
mcw,265,0,6,281.545,33.075,37.2352,0.314
mcw,265,0,7,281.295,32.87,41.344,0.333
mcw,265,0,8,281.065,32.645,47.6089,0.3115
mcw,265,0,9,280.86,32.4,52.4243,0.328
mcw,265,0,10,280.675,32.13,58.7369,0.3276
mcw,265,0,11,280.52,31.845,64.2315,0.322
mcw,265,0,12,280.39,31.545,68.8394,0.3324
mcw,265,0,13,280.29,31.225,76.3709,0.3396
mcw,265,0,14,280.225,30.895,81.3869,0.3338
mcw,265,0,15,280.19,30.555,86.7311,0.3505
mcw,265,0,16,280.19,30.2,93.1782,0.3605
mcw,265,0,17,280.225,29.845,98.1273,0.3536
mcw,265,0,18,280.29,29.51,104.0388,0.3299
mcw,265,0,19,280.385,29.19,108.9677,0.3384
mcw,265,0,20,280.515,28.885,117.3507,0.3265
mcw,265,0,21,280.675,28.6,121.2631,0.3276
mcw,265,0,22,280.855,28.33,126.1639,0.322
mcw,265,0,23,281.06,28.085,133.722,0.3183
mcw,265,0,24,281.29,27.865,138.8182,0.3189
mcw,265,0,25,281.54,27.665,143.8425,0.322
mcw,265,0,26,281.805,27.49,149.3429,0.3139
mcw,265,0,27,282.09,27.34,154.9917,0.3311
mcw,265,0,28,282.39,27.215,159.8551,0.3195
mcw,265,0,29,282.7,27.12,165.9715,0.3298
mcw,265,0,30,283.03,27.06,173.2836,0.3423
mcw,265,0,31,283.37,27.03,176.6405,0.3406
mcw,265,0,32,283.71,27.03,3.3595,0.3406
mcw,265,0,33,284.045,27.06,6.9176,0.3324
mcw,265,0,34,284.37,27.12,14.0298,0.3298
mcw,265,0,35,284.685,27.215,19.5444,0.329
mcw,265,0,36,284.985,27.34,25.7612,0.322
mcw,265,0,37,285.27,27.49,29.7503,0.3225
mcw,265,0,38,285.54,27.665,36.1575,0.322
mcw,265,0,39,285.785,27.865,42.3946,0.3114
mcw,265,0,40,286.01,28.085,46.278,0.3183
mcw,265,0,41,286.22,28.33,52.4243,0.328
mcw,265,0,42,286.405,28.6,58.7369,0.3276
mcw,265,0,43,286.56,28.885,64.2315,0.322
mcw,265,0,44,286.685,29.19,71.0275,0.3384
mcw,265,0,45,286.785,29.51,74.2923,0.3324
mcw,265,0,46,286.855,29.845,81.8727,0.3536
mcw,265,0,47,286.89,30.2,86.8218,0.3605
mcw,265,0,48,286.89,30.555,93.2689,0.3505
mcw,265,0,49,286.855,30.895,98.6131,0.3338
mcw,265,0,50,286.785,31.225,105.2538,0.3421
mcw,265,0,51,286.685,31.545,109.5394,0.3289
mcw,265,0,52,286.555,31.845,117.3507,0.3265
mcw,265,0,53,286.395,32.13,121.2631,0.3276
mcw,265,0,54,286.215,32.4,126.1639,0.322
mcw,265,0,55,286.01,32.645,133.722,0.3183
mcw,265,0,56,285.78,32.87,137.4922,0.3255
mcw,265,0,57,285.53,33.075,143.8425,0.322
mcw,265,0,58,285.26,33.255,148.7387,0.3276
mcw,265,0,59,284.975,33.41,154.2266,0.322
mcw,265,0,60,284.675,33.535,160.4656,0.3289
mcw,265,0,61,284.36,33.63,165.9612,0.3299
mcw,265,0,62,284.035,33.695,171.3869,0.3338
mcw,265,0,63,283.705,33.73,176.5283,0.3306
mcw,265,1,0,283.41,27.735,177.7953,0.2602
mcw,265,1,1,283.155,27.76,170.9146,0.2532
mcw,265,1,2,282.91,27.81,165.9638,0.2474
mcw,265,1,3,282.675,27.885,158.6245,0.247
mcw,265,1,4,282.345,28.05,150.833,0.4924
mcw,265,1,5,281.94,28.33,139.8988,0.4968
mcw,265,1,6,281.595,28.685,128.4789,0.4982
mcw,265,1,7,281.32,29.105,118.0709,0.51
mcw,265,1,8,281.16,29.455,107.7482,0.2625
mcw,265,1,9,281.085,29.71,105.0666,0.2692
mcw,265,1,10,281.035,29.97,96.5814,0.2617
mcw,265,1,11,281.01,30.24,94.0892,0.2807
mcw,265,1,12,281.005,30.515,87.8765,0.2701
mcw,265,1,13,281.03,30.78,81.2523,0.2631
mcw,265,1,14,281.08,31.035,76.5048,0.2571
mcw,265,1,15,281.15,31.28,71.5672,0.253
mcw,265,1,16,281.3,31.625,63.947,0.5009
mcw,265,1,17,281.56,32.05,53.1301,0.5
mcw,265,1,18,281.895,32.41,40.8564,0.4892
mcw,265,1,19,282.295,32.695,30.1739,0.4974
mcw,265,1,20,282.63,32.865,20.5497,0.2563
mcw,265,1,21,282.875,32.945,15.6438,0.2596
mcw,265,1,22,283.13,33.0,8.7542,0.2631
mcw,265,1,23,283.4,33.025,2.0349,0.2802
mcw,265,1,24,283.675,33.025,177.8897,0.2702
mcw,265,1,25,283.94,33.0,171.2458,0.2631
mcw,265,1,26,284.195,32.945,164.3562,0.2596
mcw,265,1,27,284.44,32.865,159.4503,0.2563
mcw,265,1,28,284.775,32.695,149.8278,0.4974
mcw,265,1,29,285.175,32.41,139.1436,0.4892
mcw,265,1,30,285.51,32.05,126.8671,0.5
mcw,265,1,31,285.77,31.625,116.053,0.5009
mcw,265,1,32,285.92,31.28,108.4393,0.253
mcw,265,1,33,285.99,31.035,103.4952,0.2571
mcw,265,1,34,286.04,30.78,98.7411,0.2631
mcw,265,1,35,286.065,30.515,92.1235,0.2701
mcw,265,1,36,286.065,30.24,87.9528,0.2802
mcw,265,1,37,286.04,29.97,81.2589,0.2631
mcw,265,1,38,285.985,29.71,74.9272,0.2692
mcw,265,1,39,285.91,29.455,72.2518,0.2625
mcw,265,1,40,285.75,29.105,61.9291,0.51
mcw,265,1,41,285.475,28.685,51.5211,0.4982
mcw,265,1,42,285.13,28.33,40.1012,0.4968
mcw,265,1,43,284.725,28.05,29.167,0.4924
mcw,265,1,44,284.395,27.885,21.3755,0.247
mcw,265,1,45,284.16,27.81,14.0362,0.2474
mcw,265,1,46,283.915,27.76,9.0854,0.2532
mcw,265,1,47,283.665,27.735,2.2928,0.2502
mcw,266,0,0,288.16,27.14,0.0,0.82
mcw,266,0,1,288.57,29.535,90.0,4.79
mcw,266,0,2,290.93,29.4,133.0089,6.9197
mcw,266,0,3,293.29,30.185,90.0,6.63
mcw,266,0,4,292.875,33.5,0.0,0.83
mcw,266,0,5,292.46,31.18,90.0,4.64
mcw,266,0,6,290.105,31.335,133.5767,6.8328
mcw,266,0,7,287.75,30.475,90.0,6.67
mcw,267,0,0,301.51,33.415,153.4349,0.4249
mcw,267,0,1,301.12,33.575,161.9949,0.4206
mcw,267,0,2,300.715,33.675,170.3103,0.4159
mcw,267,0,3,300.3,33.725,175.9185,0.4211
mcw,267,0,4,299.915,33.73,3.2637,0.3506
mcw,267,0,5,299.57,33.695,8.374,0.3437
mcw,267,0,6,299.235,33.63,13.6191,0.3396
mcw,267,0,7,298.91,33.535,18.9774,0.3384
mcw,267,0,8,298.605,33.41,25.7636,0.322
mcw,267,0,9,298.315,33.255,30.3849,0.3362
mcw,267,0,10,298.04,33.075,36.1575,0.322
mcw,267,0,11,297.785,32.87,41.344,0.333
mcw,267,0,12,297.55,32.64,47.4882,0.3256
mcw,267,0,13,297.34,32.395,51.3428,0.3201
mcw,267,0,14,297.155,32.125,59.6223,0.3362
mcw,267,0,15,297.0,31.835,64.2315,0.322
mcw,267,0,16,296.87,31.53,69.4404,0.3418
mcw,267,0,17,296.77,31.205,76.3759,0.3396
mcw,267,0,18,296.7,30.87,79.9914,0.3452
mcw,267,0,19,296.66,30.52,86.8218,0.3605
mcw,267,0,20,296.66,30.17,93.3644,0.3406
mcw,267,0,21,296.695,29.83,98.3647,0.3436
mcw,267,0,22,296.765,29.5,105.7077,0.3324
mcw,267,0,23,296.865,29.185,109.5394,0.3289
mcw,267,0,24,296.995,28.885,117.3458,0.3265
mcw,267,0,25,297.155,28.6,121.2686,0.3275
mcw,267,0,26,297.335,28.335,127.2352,0.314
mcw,267,0,27,297.54,28.095,133.722,0.3183
mcw,267,0,28,297.77,27.87,137.4922,0.3255
mcw,267,0,29,298.02,27.665,143.8425,0.322
mcw,267,0,30,298.29,27.49,150.2592,0.3225
mcw,267,0,31,298.575,27.34,154.2266,0.322
mcw,267,0,32,298.875,27.215,160.4656,0.3289
mcw,267,0,33,299.19,27.125,167.6599,0.3276
mcw,267,0,34,299.515,27.065,171.3765,0.3338
mcw,267,0,35,299.85,27.03,176.6405,0.3406
mcw,267,0,36,300.235,27.035,3.9868,0.431
mcw,267,0,37,300.665,27.09,10.5416,0.4374
mcw,267,0,38,301.095,27.2,18.0363,0.4522
mcw,267,0,39,301.505,27.365,25.9738,0.4338
mcw,267,0,40,301.7,27.93,90.0,0.94
mcw,267,0,41,301.51,28.255,37.3527,0.478
mcw,267,0,42,301.11,28.005,26.5617,0.4695
mcw,267,0,43,300.68,27.835,16.4605,0.4588
mcw,267,0,44,300.225,27.75,4.8692,0.4717
mcw,267,0,45,299.86,27.735,177.7953,0.2602
mcw,267,0,46,299.6,27.76,171.2458,0.2631
mcw,267,0,47,299.35,27.815,163.7376,0.25
mcw,267,0,48,299.115,27.895,158.6377,0.247
mcw,267,0,49,298.785,28.065,149.8261,0.4974
mcw,267,0,50,298.385,28.35,139.1436,0.4892
mcw,267,0,51,298.05,28.71,126.8671,0.5
mcw,267,0,52,297.785,29.13,117.5983,0.4965
mcw,267,0,53,297.63,29.475,107.7419,0.2625
mcw,267,0,54,297.56,29.725,103.5018,0.2571
mcw,267,0,55,297.51,29.98,98.7431,0.263
mcw,267,0,56,297.485,30.24,92.2047,0.2602
mcw,267,0,57,297.485,30.505,87.877,0.2702
mcw,267,0,58,297.51,30.77,81.2589,0.2631
mcw,267,0,59,297.56,31.025,76.4982,0.2571
mcw,267,0,60,297.63,31.27,71.5672,0.253
mcw,267,0,61,297.785,31.62,63.4349,0.5143
mcw,267,0,62,298.055,32.045,51.5167,0.4982
mcw,267,0,63,298.395,32.405,41.7314,0.4958
mcw,267,0,64,298.795,32.695,30.1739,0.4974
mcw,267,0,65,299.125,32.865,21.3755,0.247
mcw,267,0,66,299.365,32.945,15.6308,0.2596
mcw,267,0,67,299.615,33.0,9.099,0.2532
mcw,267,0,68,299.875,33.025,2.1233,0.2702
mcw,267,0,69,300.235,33.01,174.9156,0.4518
mcw,267,0,70,300.685,32.93,165.0686,0.4657
mcw,267,0,71,301.12,32.77,154.536,0.4652
mcw,267,0,72,301.515,32.53,142.8859,0.464
mcw,267,0,73,301.7,32.855,90.0,0.93
mcw,268,0,0,303.105,33.5,0.0,0.83
mcw,268,0,1,302.69,30.32,90.0,6.36
mcw,268,0,2,303.105,27.14,0.0,0.83
mcw,268,0,3,303.52,30.32,90.0,6.36
mcw,269,0,0,307.26,32.8,0.0,1.52
mcw,269,0,1,308.02,33.15,90.0,0.7
mcw,269,0,2,306.09,33.5,0.0,3.86
mcw,269,0,3,304.16,33.15,90.0,0.7
mcw,269,0,4,304.92,32.8,0.0,1.52
mcw,269,0,5,305.68,29.97,90.0,5.66
mcw,269,0,6,306.09,27.14,0.0,0.82
mcw,269,0,7,306.5,29.97,90.0,5.66
mcw,270,0,0,310.09,28.55,90.0,2.82
mcw,270,0,1,310.5,27.14,0.0,0.82
mcw,270,0,2,310.91,28.55,90.0,2.82
mcw,270,0,3,311.955,31.73,59.4425,4.1109
mcw,270,0,4,312.54,33.5,0.0,0.92
mcw,270,0,5,311.29,32.17,59.2903,3.0938
mcw,270,0,6,309.71,32.17,120.7102,3.0939
mcw,270,0,7,308.46,33.5,0.0,0.92
mcw,270,0,8,309.045,31.73,120.5575,4.1109
mcw,271,0,0,320.12,29.23,66.5202,4.819
mcw,271,0,1,321.085,31.44,0.0,0.01
mcw,271,0,2,321.465,29.29,99.8939,4.3649
mcw,271,0,3,322.25,27.14,0.0,0.82
mcw,271,0,4,322.01,30.505,100.9328,6.8544
mcw,271,0,5,320.26,31.345,66.4598,5.5084
mcw,271,0,6,318.06,31.345,113.5402,5.5084
mcw,271,0,7,316.305,30.505,78.9851,6.8563
mcw,271,0,8,316.065,27.14,0.0,0.83
mcw,271,0,9,316.85,29.28,80.1909,4.3435
mcw,271,0,10,317.23,31.42,0.0,0.02
mcw,271,0,11,318.2,29.22,113.5747,4.8007
mcw,272,0,0,323.31,31.49,90.0,4.02
mcw,272,0,1,323.315,29.35,92.2047,0.2602
mcw,272,0,2,323.335,29.095,96.8425,0.2518
mcw,272,0,3,323.375,28.845,101.3072,0.2549
mcw,272,0,4,323.435,28.61,107.6541,0.2308
mcw,272,0,5,323.57,28.29,115.4622,0.4652
mcw,272,0,6,323.805,27.9,126.8683,0.45
mcw,272,0,7,324.11,27.57,138.5772,0.4534
mcw,272,0,8,324.48,27.31,151.1921,0.4565
mcw,272,0,9,324.795,27.16,160.818,0.2435
mcw,272,0,10,325.03,27.095,168.234,0.2451
mcw,272,0,11,325.275,27.05,170.9146,0.2532
mcw,272,0,12,325.535,27.025,177.8767,0.2702
mcw,272,0,13,325.8,27.025,2.2047,0.2602
mcw,272,0,14,326.06,27.05,8.7411,0.2631
mcw,272,0,15,326.31,27.095,11.766,0.2451
mcw,272,0,16,326.54,27.16,19.9869,0.2341
mcw,272,0,17,326.85,27.31,28.8079,0.4565
mcw,272,0,18,327.22,27.57,41.4228,0.4534
mcw,272,0,19,327.525,27.9,53.1317,0.45
mcw,272,0,20,327.76,28.29,64.5378,0.4652
mcw,272,0,21,327.895,28.61,72.3459,0.2308
mcw,272,0,22,327.955,28.845,78.686,0.255
mcw,272,0,23,327.995,29.095,83.1575,0.2518
mcw,272,0,24,328.02,29.35,85.6039,0.2608
mcw,272,0,25,328.03,31.49,90.0,4.02
mcw,272,0,26,327.615,33.5,0.0,0.83
mcw,272,0,27,327.2,31.625,90.0,3.75
mcw,272,0,28,327.19,29.555,87.0616,0.3905
mcw,272,0,29,327.155,29.175,82.3057,0.3734
mcw,272,0,30,327.085,28.82,75.1727,0.3517
mcw,272,0,31,326.965,28.495,64.1752,0.3444
mcw,272,0,32,326.79,28.215,51.3428,0.3201
mcw,272,0,33,326.555,27.995,35.1326,0.3302
mcw,272,0,34,326.34,27.86,26.5738,0.1789
mcw,272,0,35,326.17,27.795,15.5186,0.1868
mcw,272,0,36,325.985,27.755,8.9811,0.1924
mcw,272,0,37,325.78,27.735,2.6051,0.2202
mcw,272,0,38,325.56,27.735,177.3946,0.2202
mcw,272,0,39,325.35,27.755,171.4615,0.2023
mcw,272,0,40,325.16,27.795,164.4789,0.1868
mcw,272,0,41,324.99,27.86,153.4306,0.1789
mcw,272,0,42,324.78,27.995,143.8425,0.322
mcw,272,0,43,324.545,28.215,130.0291,0.3265
mcw,272,0,44,324.37,28.495,114.307,0.3402
mcw,272,0,45,324.25,28.82,106.3873,0.3544
mcw,272,0,46,324.175,29.175,97.6989,0.3734
mcw,272,0,47,324.14,29.555,92.934,0.3905
mcw,272,0,48,324.13,31.625,90.0,3.75
mcw,272,0,49,323.72,33.5,0.0,0.82
mcw,273,0,0,329.59,27.14,0.0,0.82
mcw,273,0,1,330.0,29.535,90.0,4.79
mcw,273,0,2,332.36,29.4,133.0089,6.9197
mcw,273,0,3,334.72,30.185,90.0,6.63
mcw,273,0,4,334.305,33.5,0.0,0.83
mcw,273,0,5,333.89,31.18,90.0,4.64
mcw,273,0,6,331.535,31.335,133.5767,6.8328
mcw,273,0,7,329.18,30.475,90.0,6.67
mcw,274,0,0,336.325,33.5,0.0,0.83
mcw,274,0,1,335.91,30.32,90.0,6.36
mcw,274,0,2,336.325,27.14,0.0,0.83
mcw,274,0,3,336.74,30.32,90.0,6.36
mcw,275,0,0,185.855,552.515,114.0071,1.3027
mcw,275,0,1,186.43,551.92,0.0,0.62
mcw,275,0,2,185.635,554.335,114.5867,5.3116
mcw,275,0,3,183.425,554.335,65.4131,5.3116
mcw,275,0,4,182.63,551.92,0.0,0.62
mcw,275,0,5,183.205,552.515,65.9929,1.3027
mcw,275,0,6,184.53,553.11,0.0,2.12
mcw,275,1,0,184.535,553.62,0.0,1.65
mcw,275,1,1,184.12,554.555,66.3223,2.0419
mcw,275,1,2,184.945,554.555,113.9341,2.0459
mcw,276,0,0,187.51,556.52,0.0,0.6
mcw,276,0,1,187.21,554.22,90.0,4.6
mcw,276,0,2,188.21,551.92,0.0,2.0
mcw,276,0,3,189.21,552.175,90.0,0.51
mcw,276,0,4,188.51,552.43,0.0,1.4
mcw,276,0,5,187.81,554.475,90.0,4.09
mcw,277,0,0,189.56,553.92,90.0,0.42
mcw,277,0,1,190.24,553.71,0.0,1.36
mcw,277,0,2,190.92,553.92,90.0,0.42
mcw,277,0,3,190.24,554.13,0.0,1.36
mcw,278,0,0,192.825,555.62,53.7344,2.6542
mcw,278,0,1,191.955,554.41,58.7364,0.3276
mcw,278,0,2,191.795,554.12,63.4361,0.3354
mcw,278,0,3,191.69,553.895,68.1991,0.1616
mcw,278,0,4,191.64,553.74,75.9609,0.1649
mcw,278,0,5,191.605,553.575,79.9925,0.1726
mcw,278,0,6,191.585,553.405,86.6353,0.1703
mcw,278,0,7,191.595,553.17,95.7104,0.3015
mcw,278,0,8,191.655,552.88,107.8181,0.2941
mcw,278,0,9,191.77,552.615,119.2487,0.2865
mcw,278,0,10,191.935,552.38,130.8158,0.2907
mcw,278,0,11,192.14,552.18,140.7107,0.2843
mcw,278,0,12,192.375,552.02,150.7513,0.2865
mcw,278,0,13,192.64,551.91,164.0542,0.2912
mcw,278,0,14,192.925,551.855,174.0943,0.2916
mcw,278,0,15,193.225,551.855,5.5274,0.3114
mcw,278,0,16,193.52,551.91,15.9458,0.2912
mcw,278,0,17,193.785,552.02,29.2487,0.2865
mcw,278,0,18,194.02,552.185,40.8147,0.2907
mcw,278,0,19,194.22,552.39,50.7119,0.2842
mcw,278,0,20,194.375,552.63,63.4339,0.2907
mcw,278,0,21,194.485,552.905,72.7593,0.3036
mcw,278,0,22,194.545,553.205,84.4726,0.3114
mcw,278,0,23,194.545,553.5,96.1152,0.2816
mcw,278,0,24,194.495,553.77,105.067,0.2693
mcw,278,0,25,194.405,554.025,113.7496,0.2731
mcw,278,0,26,194.27,554.26,126.0278,0.272
mcw,278,0,27,194.1,554.46,135.0012,0.2546
mcw,278,0,28,193.9,554.62,147.5291,0.2608
mcw,278,0,29,193.665,554.735,160.2011,0.2657
mcw,278,0,30,193.4,554.795,173.8847,0.2816
mcw,278,0,31,193.145,554.795,7.4312,0.2319
mcw,278,0,32,192.92,554.74,19.9834,0.2341
mcw,278,0,33,192.805,554.71,116.5519,0.0224
mcw,278,0,34,193.415,555.58,54.4309,2.1145
mcw,278,0,35,193.82,556.565,149.2372,0.4888
mcw,278,1,0,192.97,552.355,177.1382,0.2003
mcw,278,1,1,192.78,552.39,161.564,0.1897
mcw,278,1,2,192.61,552.465,150.6428,0.1836
mcw,278,1,3,192.455,552.575,139.0842,0.1985
mcw,278,1,4,192.32,552.71,130.6039,0.1844
mcw,278,1,5,192.215,552.865,117.8966,0.1924
mcw,278,1,6,192.14,553.04,108.4342,0.1897
mcw,278,1,7,192.1,553.23,95.7118,0.201
mcw,278,1,8,192.1,553.425,83.9898,0.1911
mcw,278,1,9,192.14,553.61,71.5654,0.1897
mcw,278,1,10,192.22,553.78,57.993,0.1887
mcw,278,1,11,192.33,553.935,51.3416,0.1921
mcw,278,1,12,192.465,554.07,38.6607,0.1921
mcw,278,1,13,192.62,554.175,29.3572,0.1836
mcw,278,1,14,192.79,554.25,18.4346,0.1897
mcw,278,1,15,192.975,554.29,6.0091,0.1911
mcw,278,1,16,193.16,554.29,173.6594,0.1811
mcw,278,1,17,193.34,554.255,164.4768,0.1868
mcw,278,1,18,193.51,554.185,150.6404,0.1836
mcw,278,1,19,193.665,554.08,141.3421,0.1921
mcw,278,1,20,193.805,553.945,130.9118,0.1985
mcw,278,1,21,193.915,553.785,117.9,0.1924
mcw,278,1,22,193.995,553.605,110.2229,0.2025
mcw,278,1,23,194.04,553.405,95.4415,0.2109
mcw,278,1,24,194.04,553.205,83.9898,0.1911
mcw,278,1,25,194.0,553.02,71.5654,0.1897
mcw,278,1,26,193.92,552.85,57.993,0.1887
mcw,278,1,27,193.81,552.7,49.4005,0.1844
mcw,278,1,28,193.675,552.57,38.6607,0.1921
mcw,278,1,29,193.52,552.465,29.3572,0.1836
mcw,278,1,30,193.35,552.39,18.4346,0.1897
mcw,278,1,31,193.165,552.355,3.0125,0.1903
mcw,279,0,0,196.445,555.62,53.7344,2.6542
mcw,279,0,1,195.57,554.41,57.2657,0.3329
mcw,279,0,2,195.405,554.12,63.4361,0.3354
mcw,279,0,3,195.3,553.895,68.1941,0.1616
mcw,279,0,4,195.25,553.74,75.966,0.1649
mcw,279,0,5,195.215,553.575,79.9925,0.1726
mcw,279,0,6,195.195,553.405,86.6353,0.1703
mcw,279,0,7,195.21,553.17,97.5934,0.3027
mcw,279,0,8,195.27,552.88,105.9456,0.2912
mcw,279,0,9,195.385,552.615,120.9627,0.2915
mcw,279,0,10,195.55,552.38,129.291,0.2843
mcw,279,0,11,195.755,552.18,141.9524,0.2921
mcw,279,0,12,195.995,552.02,150.7513,0.2865
mcw,279,0,13,196.26,551.91,164.0542,0.2912
mcw,279,0,14,196.545,551.855,174.0943,0.2916
mcw,279,0,15,196.84,551.855,5.7106,0.3015
mcw,279,0,16,197.13,551.91,15.9458,0.2912
mcw,279,0,17,197.4,552.02,28.2998,0.2953
mcw,279,0,18,197.64,552.185,40.8147,0.2907
mcw,279,0,19,197.835,552.39,52.3062,0.278
mcw,279,0,20,197.99,552.63,61.6992,0.2953
mcw,279,0,21,198.1,552.905,74.5775,0.3008
mcw,279,0,22,198.155,553.205,84.4726,0.3114
mcw,279,0,23,198.16,553.5,94.0864,0.2807
mcw,279,0,24,198.115,553.77,105.067,0.2693
mcw,279,0,25,198.02,554.025,115.6429,0.2773
mcw,279,0,26,197.885,554.26,124.2856,0.2663
mcw,279,0,27,197.715,554.46,136.5485,0.2617
mcw,279,0,28,197.51,554.62,147.5291,0.2608
mcw,279,0,29,197.275,554.735,160.2011,0.2657
mcw,279,0,30,197.015,554.795,173.6602,0.2717
mcw,279,0,31,196.76,554.795,7.125,0.2419
mcw,279,0,32,196.535,554.74,20.8543,0.2247
mcw,279,0,33,196.42,554.71,135.0055,0.0283
mcw,279,0,34,197.025,555.58,54.4306,2.1146
mcw,279,0,35,197.435,556.565,148.6272,0.4802
mcw,279,1,0,196.585,552.355,176.9878,0.1903
mcw,279,1,1,196.4,552.39,161.564,0.1897
mcw,279,1,2,196.225,552.465,152.1024,0.1924
mcw,279,1,3,196.07,552.575,137.1207,0.1911
mcw,279,1,4,195.94,552.71,130.6039,0.1844
mcw,279,1,5,195.83,552.865,120.4635,0.1972
mcw,279,1,6,195.75,553.04,108.4342,0.1897
mcw,279,1,7,195.71,553.23,95.7118,0.201
mcw,279,1,8,195.715,553.425,81.0278,0.1924
mcw,279,1,9,195.76,553.61,71.5654,0.1897
mcw,279,1,10,195.835,553.78,60.6432,0.1836
mcw,279,1,11,195.945,553.935,49.0848,0.1985
mcw,279,1,12,196.08,554.07,40.6012,0.1844
mcw,279,1,13,196.235,554.175,27.8976,0.1924
mcw,279,1,14,196.41,554.25,18.4346,0.1897
mcw,279,1,15,196.59,554.29,6.3406,0.1811
mcw,279,1,16,196.775,554.29,173.9909,0.1911
mcw,279,1,17,196.955,554.255,163.6105,0.1772
mcw,279,1,18,197.125,554.185,152.1024,0.1924
mcw,279,1,19,197.285,554.08,141.3421,0.1921
mcw,279,1,20,197.42,553.945,128.6584,0.1921
mcw,279,1,21,197.53,553.785,120.4668,0.1972
mcw,279,1,22,197.61,553.605,107.525,0.1992
mcw,279,1,23,197.65,553.405,95.4374,0.2109
mcw,279,1,24,197.65,553.205,83.9943,0.1911
mcw,279,1,25,197.61,553.02,71.5654,0.1897
mcw,279,1,26,197.535,552.85,60.6391,0.1836
mcw,279,1,27,197.43,552.7,49.4005,0.1844
mcw,279,1,28,197.295,552.57,38.6607,0.1921
mcw,279,1,29,197.135,552.465,27.8976,0.1924
mcw,279,1,30,196.96,552.39,18.4346,0.1897
mcw,279,1,31,196.775,552.355,3.0122,0.1903
mcw,280,0,0,200.0,554.08,58.3428,4.5348
mcw,280,0,1,199.03,551.995,144.8339,0.5382
mcw,280,0,2,200.69,554.18,58.3924,5.4952
mcw,280,0,3,200.47,556.52,0.0,3.32
mcw,280,0,4,198.81,556.265,90.0,0.51
mcw,280,0,5,200.0,556.01,0.0,2.38
mcw,281,0,0,204.94,556.685,64.1333,0.3667
mcw,281,0,1,204.79,556.34,68.7494,0.3863
mcw,281,0,2,204.66,555.97,72.4751,0.3985
mcw,281,0,3,204.555,555.585,77.0059,0.4002
mcw,281,0,4,204.475,555.19,80.0728,0.4061
mcw,281,0,5,204.415,554.79,82.8745,0.4031
mcw,281,0,6,204.375,554.395,85.6015,0.3912
mcw,281,0,7,204.355,554.01,88.4934,0.3801
mcw,281,0,8,204.355,553.63,91.5066,0.3801
mcw,281,0,9,204.375,553.245,94.3985,0.3912
mcw,281,0,10,204.415,552.85,97.1254,0.4031
mcw,281,0,11,204.475,552.45,99.9273,0.4061
mcw,281,0,12,204.555,552.05,102.6798,0.41
mcw,281,0,13,204.66,551.66,107.5249,0.3985
mcw,281,0,14,204.79,551.285,110.7255,0.3956
mcw,281,0,15,204.94,550.925,114.5678,0.3848
mcw,281,0,16,205.245,550.92,37.073,0.564
mcw,281,0,17,205.405,551.245,112.7493,0.3362
mcw,281,0,18,205.285,551.565,108.4349,0.3479
mcw,281,0,19,205.185,551.9,104.8283,0.3517
mcw,281,0,20,205.105,552.245,101.3087,0.3569
mcw,281,0,21,205.04,552.6,99.4619,0.365
mcw,281,0,22,204.995,552.955,94.8989,0.3513
mcw,281,0,23,204.965,553.305,94.9013,0.3513
mcw,281,0,24,204.95,553.65,90.0,0.34
mcw,281,0,25,204.95,553.99,90.0,0.34
mcw,281,0,26,204.965,554.335,85.0986,0.3513
mcw,281,0,27,204.995,554.685,85.1011,0.3513
mcw,281,0,28,205.04,555.035,80.2729,0.3551
mcw,281,0,29,205.105,555.385,78.6913,0.3569
mcw,281,0,30,205.185,555.73,75.1717,0.3517
mcw,281,0,31,205.285,556.06,71.0295,0.3384
mcw,281,0,32,205.405,556.37,66.5729,0.327
mcw,281,0,33,205.245,556.685,143.7458,0.558
mcw,282,0,0,208.56,556.265,90.0,0.51
mcw,282,0,1,207.43,556.52,0.0,2.26
mcw,282,0,2,206.3,554.22,90.0,4.6
mcw,282,0,3,206.595,551.92,0.0,0.59
mcw,282,0,4,206.89,553.07,90.0,2.3
mcw,282,0,5,207.695,554.22,0.0,1.61
mcw,282,0,6,208.5,554.475,90.0,0.51
mcw,282,0,7,207.695,554.73,0.0,1.61
mcw,282,0,8,206.89,555.37,90.0,1.28
mcw,282,0,9,207.725,556.01,0.0,1.67
mcw,283,0,0,212.305,552.515,114.0071,1.3027
mcw,283,0,1,212.88,551.92,0.0,0.62
mcw,283,0,2,212.085,554.335,114.5867,5.3116
mcw,283,0,3,209.875,554.335,65.4131,5.3116
mcw,283,0,4,209.08,551.92,0.0,0.62
mcw,283,0,5,209.65,552.515,66.3963,1.2986
mcw,283,0,6,210.975,553.11,0.0,2.13
mcw,283,1,0,210.975,553.62,0.0,1.65
mcw,283,1,1,210.565,554.555,66.0659,2.0459
mcw,283,1,2,211.39,554.555,113.6773,2.0419
mcw,284,0,0,216.685,552.515,114.0071,1.3027
mcw,284,0,1,217.26,551.92,0.0,0.62
mcw,284,0,2,216.465,554.335,114.5867,5.3116
mcw,284,0,3,214.255,554.335,65.4131,5.3116
mcw,284,0,4,213.46,551.92,0.0,0.62
mcw,284,0,5,214.035,552.515,65.9929,1.3027
mcw,284,0,6,215.36,553.11,0.0,2.12
mcw,284,1,0,215.355,553.62,0.0,1.65
mcw,284,1,1,214.945,554.555,66.0659,2.0459
mcw,284,1,2,215.77,554.555,113.6773,2.0419
mcw,285,0,0,218.005,556.37,113.4295,0.327
mcw,285,0,1,218.125,556.06,108.9705,0.3384
mcw,285,0,2,218.225,555.73,104.8259,0.3517
mcw,285,0,3,218.305,555.385,101.3086,0.3569
mcw,285,0,4,218.37,555.035,99.7297,0.3551
mcw,285,0,5,218.42,554.685,96.5187,0.3523
mcw,285,0,6,218.45,554.335,93.2712,0.3506
mcw,285,0,7,218.46,553.99,90.0,0.34
mcw,285,0,8,218.46,553.65,90.0,0.34
mcw,285,0,9,218.45,553.305,86.7288,0.3506
mcw,285,0,10,218.42,552.955,83.4813,0.3523
mcw,285,0,11,218.37,552.6,80.5356,0.365
mcw,285,0,12,218.305,552.245,78.6914,0.3569
mcw,285,0,13,218.225,551.9,75.1741,0.3517
mcw,285,0,14,218.125,551.565,71.5649,0.3478
mcw,285,0,15,218.005,551.245,67.2483,0.3362
mcw,285,0,16,218.165,550.92,142.9267,0.564
mcw,285,0,17,218.475,550.925,64.0939,0.3891
mcw,285,0,18,218.625,551.285,70.6403,0.3922
mcw,285,0,19,218.75,551.66,72.4751,0.3985
mcw,285,0,20,218.855,552.05,77.318,0.41
mcw,285,0,21,218.935,552.45,80.0749,0.4061
mcw,285,0,22,218.995,552.85,82.8745,0.4031
mcw,285,0,23,219.035,553.245,85.6015,0.3912
mcw,285,0,24,219.055,553.63,88.4934,0.3801
mcw,285,0,25,219.055,554.01,91.5066,0.3801
mcw,285,0,26,219.035,554.395,94.3985,0.3912
mcw,285,0,27,218.995,554.79,97.1254,0.4031
mcw,285,0,28,218.935,555.19,99.9252,0.4061
mcw,285,0,29,218.855,555.585,102.9963,0.4003
mcw,285,0,30,218.75,555.97,107.5249,0.3985
mcw,285,0,31,218.625,556.34,109.8559,0.3828
mcw,285,0,32,218.475,556.685,117.2549,0.3712
mcw,285,0,33,218.165,556.685,36.2542,0.558
mcw,286,0,0,254.14,517.055,90.0,4.09
mcw,286,0,1,254.395,515.01,0.0,0.51
mcw,286,0,2,254.65,517.31,90.0,4.6
mcw,286,0,3,254.155,519.61,0.0,0.99
mcw,286,0,4,253.5,519.355,57.8933,0.6021
mcw,286,0,5,253.74,519.1,0.0,0.8
mcw,287,0,0,258.39,516.47,51.7099,2.4207
mcw,287,0,1,259.205,517.53,59.42,0.2555
mcw,287,0,2,259.32,517.755,66.4998,0.2508
mcw,287,0,3,259.405,518.0,74.9364,0.2693
mcw,287,0,4,259.45,518.26,85.5971,0.2608
mcw,287,0,5,259.445,518.535,95.9059,0.2915
mcw,287,0,6,259.39,518.815,106.5079,0.2816
mcw,287,0,7,259.285,519.07,118.444,0.2729
mcw,287,0,8,259.13,519.29,131.9854,0.2691
mcw,287,0,9,258.935,519.47,142.6956,0.264
mcw,287,0,10,258.71,519.615,151.5552,0.2729
mcw,287,0,11,258.46,519.715,164.9321,0.2693
mcw,287,0,12,258.185,519.765,174.0943,0.2916
mcw,287,0,13,257.89,519.765,5.7106,0.3015
mcw,287,0,14,257.605,519.715,14.5334,0.2789
mcw,287,0,15,257.35,519.62,26.5665,0.2683
mcw,287,0,16,257.13,519.485,36.8727,0.25
mcw,287,0,17,256.945,519.31,49.6328,0.2625
mcw,287,0,18,256.795,519.09,61.5567,0.273
mcw,287,0,19,256.68,518.835,69.6755,0.2879
mcw,287,0,20,256.605,518.55,80.54,0.3041
mcw,287,0,21,256.865,518.4,0.0,0.57
mcw,287,0,22,257.165,518.49,80.5381,0.1825
mcw,287,0,23,257.21,518.66,69.4452,0.1709
mcw,287,0,24,257.28,518.815,61.9317,0.17
mcw,287,0,25,257.375,518.95,47.4843,0.1628
mcw,287,0,26,257.495,519.065,40.2355,0.1703
mcw,287,0,27,257.635,519.16,28.074,0.17
mcw,287,0,28,257.79,519.225,17.3546,0.1676
mcw,287,0,29,257.955,519.26,6.7094,0.1712
mcw,287,0,30,258.13,519.26,173.6606,0.1811
mcw,287,0,31,258.3,519.225,162.6454,0.1676
mcw,287,0,32,258.46,519.155,150.6417,0.1836
mcw,287,0,33,258.605,519.055,139.7665,0.1703
mcw,287,0,34,258.73,518.935,132.7072,0.1769
mcw,287,0,35,258.83,518.79,116.5705,0.1789
mcw,287,0,36,258.9,518.63,110.5548,0.1709
mcw,287,0,37,258.94,518.46,96.3367,0.1811
mcw,287,0,38,258.93,518.25,80.5356,0.2433
mcw,287,0,39,258.86,518.02,65.5614,0.2417
mcw,287,0,40,258.745,517.81,56.9747,0.2385
mcw,287,0,41,258.61,517.615,53.6131,0.236
mcw,287,0,42,257.53,516.265,51.1737,3.2219
mcw,287,0,43,257.99,515.01,0.0,2.94
mcw,287,0,44,259.46,515.265,90.0,0.51
mcw,287,0,45,258.55,515.52,0.0,1.82
mcw,288,0,0,261.37,517.055,90.0,4.09
mcw,288,0,1,261.625,515.01,0.0,0.51
mcw,288,0,2,261.88,517.31,90.0,4.6
mcw,288,0,3,261.385,519.61,0.0,0.99
mcw,288,0,4,260.73,519.355,57.8957,0.6021
mcw,288,0,5,260.97,519.1,0.0,0.8
mcw,289,0,0,265.22,517.22,0.0,0.2
mcw,289,0,1,265.415,517.205,171.0278,0.1924
mcw,289,0,2,265.595,517.155,157.6179,0.1838
mcw,289,0,3,265.75,517.07,144.4656,0.1721
mcw,289,0,4,265.88,516.955,132.7072,0.1769
mcw,289,0,5,265.98,516.81,116.5618,0.1789
mcw,289,0,6,266.045,516.635,104.7485,0.1965
mcw,289,0,7,266.08,516.44,95.7076,0.201
mcw,289,0,8,266.085,516.245,86.9843,0.1903
mcw,289,0,9,266.055,516.07,72.6503,0.1676
mcw,289,0,10,265.99,515.91,63.4295,0.1789
mcw,289,0,11,265.895,515.765,49.7668,0.1703
mcw,289,0,12,265.78,515.645,42.5118,0.1628
mcw,289,0,13,265.645,515.55,28.074,0.17
mcw,289,0,14,265.485,515.48,19.4379,0.1803
mcw,289,0,15,265.305,515.445,3.0134,0.1903
mcw,289,0,16,265.13,515.445,176.423,0.1603
mcw,289,0,17,264.97,515.47,165.9663,0.1649
mcw,289,0,18,264.82,515.52,156.7973,0.1523
mcw,289,0,19,264.685,515.59,148.3929,0.1526
mcw,289,0,20,264.565,515.685,134.998,0.1555
mcw,289,0,21,264.465,515.8,126.8775,0.15
mcw,289,0,22,264.385,515.935,115.0094,0.1655
mcw,289,0,23,264.335,516.09,100.6195,0.1628
mcw,289,0,24,264.04,516.17,0.0,0.56
mcw,289,0,25,263.78,516.035,98.4225,0.2729
mcw,289,0,26,263.845,515.775,109.7981,0.2657
mcw,289,0,27,263.96,515.545,123.6929,0.2524
mcw,289,0,28,264.12,515.35,134.9988,0.2546
mcw,289,0,29,264.31,515.19,145.0097,0.2441
mcw,289,0,30,264.53,515.065,155.3754,0.264
mcw,289,0,31,264.775,514.98,166.5048,0.2571
mcw,289,0,32,265.035,514.94,175.7625,0.2707
mcw,289,0,33,265.32,514.94,3.8147,0.3007
mcw,289,0,34,265.605,514.985,14.535,0.2789
mcw,289,0,35,265.865,515.08,25.6401,0.2773
mcw,289,0,36,266.095,515.22,37.3057,0.264
mcw,289,0,37,266.285,515.4,49.6328,0.2625
mcw,289,0,38,266.435,515.615,60.5235,0.2642
mcw,289,0,39,266.54,515.87,74.0571,0.2912
mcw,289,0,40,266.59,516.16,86.1822,0.3007
mcw,289,0,41,266.595,516.4,93.1829,0.1803
mcw,289,0,42,266.58,516.58,96.3367,0.1811
mcw,289,0,43,266.545,516.75,107.3596,0.1676
mcw,289,0,44,266.49,516.91,110.5557,0.1709
mcw,289,0,45,266.415,517.06,122.7329,0.1664
mcw,289,0,46,266.32,517.195,127.5709,0.164
mcw,289,0,47,266.205,517.315,139.7645,0.1703
mcw,289,0,48,266.065,517.42,146.3093,0.1803
mcw,289,0,49,266.105,517.57,41.0073,0.3048
mcw,289,0,50,266.3,517.79,56.3099,0.2885
mcw,289,0,51,266.41,517.98,66.8022,0.1523
mcw,289,0,52,266.465,518.125,71.5694,0.1581
mcw,289,0,53,266.5,518.28,82.8679,0.1612
mcw,289,0,54,266.515,518.445,86.6405,0.1703
mcw,289,0,55,266.505,518.665,96.3398,0.2717
mcw,289,0,56,266.455,518.925,105.6438,0.2596
mcw,289,0,57,266.36,519.155,119.744,0.2419
mcw,289,0,58,266.225,519.35,129.8044,0.2343
mcw,289,0,59,266.055,519.515,141.7099,0.2421
mcw,289,0,60,265.85,519.64,155.5565,0.2417
mcw,289,0,61,265.615,519.725,164.3578,0.2596
mcw,289,0,62,265.355,519.77,175.7641,0.2707
mcw,289,0,63,265.085,519.77,4.2354,0.2708
mcw,289,0,64,264.83,519.73,14.0362,0.2474
mcw,289,0,65,264.6,519.655,22.2498,0.2377
mcw,289,0,66,264.395,519.545,34.3794,0.2302
mcw,289,0,67,264.225,519.395,48.5785,0.2267
mcw,289,0,68,264.085,519.21,56.9747,0.2385
mcw,289,0,69,263.975,518.99,69.4446,0.2563
mcw,289,0,70,263.9,518.74,77.006,0.2668
mcw,289,0,71,264.155,518.61,0.0,0.57
mcw,289,0,72,264.455,518.68,77.9057,0.1432
mcw,289,0,73,264.5,518.815,65.2266,0.1432
mcw,289,0,74,264.565,518.935,57.5244,0.1304
mcw,289,0,75,264.645,519.04,48.0157,0.1345
mcw,289,0,76,264.745,519.125,32.4745,0.1304
mcw,289,0,77,264.86,519.19,26.5651,0.1342
mcw,289,0,78,264.985,519.235,12.9936,0.1334
mcw,289,0,79,265.13,519.26,7.1264,0.1612
mcw,289,0,80,265.29,519.26,172.8736,0.1612
mcw,289,0,81,265.445,519.23,165.0677,0.1552
mcw,289,0,82,265.59,519.175,153.4374,0.1565
mcw,289,0,83,265.72,519.095,143.1301,0.15
mcw,289,0,84,265.83,518.99,129.8066,0.1562
mcw,289,0,85,265.915,518.865,118.2933,0.1476
mcw,289,0,86,265.97,518.72,104.0388,0.1649
mcw,289,0,87,266.0,518.56,97.1321,0.1612
mcw,289,0,88,266.0,518.38,84.284,0.201
mcw,289,0,89,265.965,518.205,71.5685,0.1581
mcw,289,0,90,265.895,518.065,55.3069,0.1581
mcw,289,0,91,265.795,517.95,42.2691,0.1487
mcw,289,0,92,265.675,517.86,31.6071,0.1526
mcw,289,0,93,265.53,517.795,17.3522,0.1676
mcw,289,0,94,265.365,517.755,10.0111,0.1726
mcw,289,0,95,265.19,517.735,3.1782,0.1803
mcw,289,0,96,265.11,517.475,92.2445,0.5104
mcw,290,0,0,139.495,257.81,55.3773,0.5104
mcw,290,0,1,138.895,258.54,145.0859,1.817
mcw,290,0,2,137.185,258.29,38.5868,2.4691
mcw,290,0,3,136.265,257.49,146.301,0.1082
mcw,290,0,4,136.43,257.48,9.4647,0.2433
mcw,290,0,5,136.675,257.49,175.4286,0.2508
mcw,290,0,6,136.92,257.45,165.9646,0.2474
mcw,290,0,7,137.145,257.36,150.2551,0.2419
mcw,290,0,8,137.335,257.23,140.5268,0.2202
mcw,290,0,9,137.485,257.075,127.4059,0.214
mcw,290,0,10,137.595,256.895,115.345,0.2102
mcw,290,0,11,137.67,256.695,105.947,0.2184
mcw,290,0,12,137.71,256.485,95.4376,0.2109
mcw,290,0,13,137.71,256.275,84.5624,0.2109
mcw,290,0,14,137.67,256.07,73.2983,0.2088
mcw,290,0,15,137.59,255.875,62.2439,0.2147
mcw,290,0,16,137.465,255.69,50.1916,0.2343
mcw,290,0,17,137.305,255.535,37.4067,0.214
mcw,290,0,18,137.12,255.42,26.5668,0.2236
mcw,290,0,19,136.92,255.34,16.6988,0.2088
mcw,290,0,20,136.71,255.3,5.1916,0.2209
mcw,290,0,21,136.495,255.3,174.5628,0.211
mcw,290,0,22,136.285,255.345,161.5626,0.2214
mcw,290,0,23,136.08,255.435,151.1853,0.2283
mcw,290,0,24,135.92,255.54,140.2037,0.1562
mcw,290,0,25,135.805,255.65,132.5118,0.1628
mcw,290,0,26,135.705,255.78,122.7314,0.1664
mcw,290,0,27,135.625,255.925,115.0153,0.1655
mcw,290,0,28,135.56,256.08,110.5596,0.1709
mcw,290,0,29,135.515,256.24,100.619,0.1628
mcw,290,0,30,135.5,256.4,90.0,0.16
mcw,290,0,31,135.515,256.555,78.6901,0.153
mcw,290,0,32,135.235,256.59,7.7206,0.5954
mcw,290,0,33,134.94,256.445,90.0,0.21
mcw,290,0,34,134.95,256.235,95.4417,0.2109
mcw,290,0,35,134.99,256.03,106.6976,0.2088
mcw,290,0,36,135.06,255.83,111.8037,0.2154
mcw,290,0,37,135.15,255.64,119.0571,0.2059
mcw,290,0,38,135.265,255.465,127.401,0.214
mcw,290,0,39,135.405,255.305,135.0029,0.2121
mcw,290,0,40,135.565,255.165,142.5933,0.214
mcw,290,0,41,135.725,255.05,146.3072,0.1803
mcw,290,0,42,135.875,254.96,151.933,0.17
mcw,290,0,43,136.025,254.89,158.1986,0.1615
mcw,290,0,44,136.18,254.835,162.6404,0.1676
mcw,290,0,45,136.415,254.79,172.6516,0.3126
mcw,290,0,46,136.725,254.775,1.8438,0.3102
mcw,290,0,47,137.03,254.82,14.9343,0.3105
mcw,290,0,48,137.32,254.93,26.5626,0.313
mcw,290,0,49,137.525,255.045,34.6931,0.1581
mcw,290,0,50,137.655,255.145,40.2427,0.1703
mcw,290,0,51,137.78,255.265,47.2892,0.1769
mcw,290,0,52,137.89,255.4,54.4617,0.172
mcw,290,0,53,138.02,255.605,59.3506,0.3139
mcw,290,0,54,138.155,255.885,69.2262,0.3101
mcw,290,0,55,138.24,256.175,78.3114,0.2961
mcw,290,0,56,138.27,256.465,90.0,0.29
mcw,290,0,57,138.245,256.755,99.7837,0.2943
mcw,290,0,58,138.16,257.035,113.9601,0.2955
mcw,290,0,59,138.06,257.23,123.6917,0.1442
mcw,290,0,60,137.975,257.35,126.8699,0.15
mcw,290,0,61,137.87,257.465,137.4843,0.1628
mcw,290,0,62,137.745,257.57,142.4392,0.164
mcw,290,0,63,137.545,257.705,147.8026,0.3191
mcw,290,0,64,137.8,258.1,38.48,0.9964
mcw,290,0,65,138.77,258.005,145.0745,1.4148
mcw,291,0,0,142.465,255.75,55.3773,0.5104
mcw,291,0,1,141.865,256.475,145.3447,1.8113
mcw,291,0,2,140.155,256.225,38.4053,2.4629
mcw,291,0,3,139.235,255.425,142.1257,0.114
mcw,291,0,4,139.4,255.415,11.766,0.2451
mcw,291,0,5,139.64,255.43,175.2391,0.2408
mcw,291,0,6,139.88,255.385,163.7376,0.25
mcw,291,0,7,140.11,255.295,153.4381,0.246
mcw,291,0,8,140.3,255.165,136.8436,0.2193
mcw,291,0,9,140.45,255.005,129.4752,0.2202
mcw,291,0,10,140.565,254.825,115.345,0.2102
mcw,291,0,11,140.64,254.63,106.7017,0.2088
mcw,291,0,12,140.68,254.425,95.4376,0.2109
mcw,291,0,13,140.68,254.215,84.5624,0.2109
mcw,291,0,14,140.64,254.005,74.053,0.2184
mcw,291,0,15,140.555,253.805,59.9276,0.2195
mcw,291,0,16,140.43,253.625,50.5299,0.2202
mcw,291,0,17,140.27,253.47,37.879,0.228
mcw,291,0,18,140.085,253.35,27.7525,0.2147
mcw,291,0,19,139.885,253.275,13.3978,0.2159
mcw,291,0,20,139.675,253.24,5.4372,0.211
mcw,291,0,21,139.46,253.24,174.8084,0.2209
mcw,291,0,22,139.245,253.28,164.0546,0.2184
mcw,291,0,23,139.04,253.37,149.0324,0.2333
mcw,291,0,24,138.88,253.48,140.2002,0.1562
mcw,291,0,25,138.77,253.59,129.8084,0.1562
mcw,291,0,26,138.675,253.715,124.6931,0.1581
mcw,291,0,27,138.59,253.855,118.0692,0.17
mcw,291,0,28,138.525,254.01,107.3578,0.1676
mcw,291,0,29,138.485,254.17,100.619,0.1628
mcw,291,0,30,138.47,254.33,90.0,0.16
mcw,291,0,31,138.48,254.49,82.8736,0.1612
mcw,291,0,32,138.2,254.525,8.82,0.5869
mcw,291,0,33,137.905,254.375,87.2751,0.2102
mcw,291,0,34,137.915,254.165,98.1289,0.2122
mcw,291,0,35,137.955,253.96,104.0383,0.2061
mcw,291,0,36,138.025,253.765,115.345,0.2102
mcw,291,0,37,138.12,253.58,119.0571,0.2059
mcw,291,0,38,138.235,253.405,127.401,0.214
mcw,291,0,39,138.375,253.24,133.1535,0.2193
mcw,291,0,40,138.535,253.095,142.5933,0.214
mcw,291,0,41,138.695,252.985,149.0362,0.1749
mcw,291,0,42,138.845,252.9,151.933,0.17
mcw,291,0,43,138.995,252.83,158.1986,0.1615
mcw,291,0,44,139.15,252.775,162.6404,0.1676
mcw,291,0,45,139.385,252.725,170.8398,0.314
mcw,291,0,46,139.695,252.71,3.6894,0.3106
mcw,291,0,47,140.0,252.755,13.1352,0.3081
mcw,291,0,48,140.29,252.865,28.1777,0.3176
mcw,291,0,49,140.495,252.985,34.6931,0.1581
mcw,291,0,50,140.625,253.085,40.2427,0.1703
mcw,291,0,51,140.745,253.2,47.4882,0.1628
mcw,291,0,52,140.855,253.335,53.7449,0.186
mcw,291,0,53,140.99,253.545,59.3506,0.3139
mcw,291,0,54,141.125,253.82,68.5521,0.3008
mcw,291,0,55,141.21,254.11,78.6901,0.3059
mcw,291,0,56,141.24,254.405,90.0,0.29
mcw,291,0,57,141.21,254.69,102.0943,0.2864
mcw,291,0,58,141.125,254.965,112.1673,0.2915
mcw,291,0,59,141.03,255.165,121.6071,0.1526
mcw,291,0,60,140.94,255.29,129.8041,0.1562
mcw,291,0,61,140.835,255.405,134.996,0.1556
mcw,291,0,62,140.715,255.51,142.4392,0.164
mcw,291,0,63,140.51,255.645,148.7341,0.3276
mcw,291,0,64,140.765,256.04,38.1252,1.0042
mcw,291,0,65,141.74,255.945,145.0745,1.4148
mcw,292,0,0,141.825,250.81,152.2403,0.2147
mcw,292,0,1,142.01,250.72,156.0402,0.197
mcw,292,0,2,142.195,250.665,171.0278,0.1924
mcw,292,0,3,142.385,250.645,176.9843,0.1903
mcw,292,0,4,142.575,250.65,6.0057,0.1911
mcw,292,0,5,142.765,250.68,11.891,0.1942
mcw,292,0,6,142.955,250.735,20.2266,0.2025
mcw,292,0,7,143.14,250.815,26.5651,0.2012
mcw,292,0,8,143.405,250.97,32.152,0.4134
mcw,292,0,9,143.735,251.215,41.0539,0.4111
mcw,292,0,10,143.965,251.425,45.0058,0.2121
mcw,292,0,11,144.105,251.575,49.0834,0.1985
mcw,292,0,12,144.235,251.725,49.0834,0.1985
mcw,292,0,13,144.35,251.875,56.3113,0.1803
mcw,292,0,14,144.455,252.025,53.7449,0.186
mcw,292,0,15,144.555,252.185,62.1056,0.1924
mcw,292,0,16,144.65,252.36,60.9429,0.2059
mcw,292,0,17,144.745,252.54,63.4349,0.2012
mcw,292,0,18,144.86,252.83,70.7111,0.4238
mcw,292,0,19,144.975,253.235,77.6189,0.4197
mcw,292,0,20,145.03,253.54,84.2885,0.201
mcw,292,0,21,145.04,253.74,90.0,0.2
mcw,292,0,22,145.03,253.935,96.0102,0.1911
mcw,292,0,23,145.0,254.125,101.8884,0.1941
mcw,292,0,24,144.94,254.305,115.1999,0.1879
mcw,292,0,25,144.85,254.475,120.4613,0.1972
mcw,292,0,26,144.735,254.635,130.9166,0.1985
mcw,292,0,27,144.585,254.78,140.5304,0.2202
mcw,292,0,28,144.41,254.9,150.945,0.2059
mcw,292,0,29,144.225,254.99,157.1622,0.2062
mcw,292,0,30,144.035,255.045,171.0271,0.1923
mcw,292,0,31,143.845,255.065,176.9935,0.1903
mcw,292,0,32,143.655,255.06,6.0057,0.1911
mcw,292,0,33,143.465,255.025,14.7399,0.1965
mcw,292,0,34,143.275,254.965,20.2266,0.2025
mcw,292,0,35,143.09,254.885,26.5651,0.2012
mcw,292,0,36,142.825,254.73,32.152,0.4134
mcw,292,0,37,142.49,254.48,41.1865,0.4252
mcw,292,0,38,142.255,254.27,43.0263,0.2052
mcw,292,0,39,142.115,254.12,50.909,0.2062
mcw,292,0,40,141.99,253.965,51.3366,0.1921
mcw,292,0,41,141.875,253.815,53.7449,0.186
mcw,292,0,42,141.77,253.665,56.3113,0.1803
mcw,292,0,43,141.67,253.505,59.5349,0.1972
mcw,292,0,44,141.575,253.335,62.1013,0.1923
mcw,292,0,45,141.485,253.155,64.655,0.2102
mcw,292,0,46,141.37,252.865,70.2539,0.4144
mcw,292,0,47,141.255,252.47,77.3178,0.41
mcw,292,0,48,141.2,252.165,84.5624,0.2109
mcw,292,0,49,141.19,251.965,90.0,0.19
mcw,292,0,50,141.2,251.77,95.7071,0.201
mcw,292,0,51,141.235,251.58,105.5256,0.1868
mcw,292,0,52,141.295,251.4,111.2533,0.1931
mcw,292,0,53,141.385,251.23,124.5081,0.1942
mcw,292,0,54,141.505,251.075,130.9133,0.1985
mcw,292,0,55,141.65,250.93,138.8118,0.2126
mcw,292,1,0,144.27,254.38,140.1951,0.1562
mcw,292,1,1,144.37,254.275,126.0189,0.136
mcw,292,1,2,144.445,254.155,118.308,0.1476
mcw,292,1,3,144.5,254.025,107.0994,0.136
mcw,292,1,4,144.53,253.815,93.9459,0.2907
mcw,292,1,5,144.515,253.51,81.119,0.3239
mcw,292,1,6,144.445,253.195,73.8113,0.3228
mcw,292,1,7,144.335,252.89,66.5697,0.3269
mcw,292,1,8,144.2,252.605,62.5942,0.3042
mcw,292,1,9,144.06,252.355,58.6693,0.2692
mcw,292,1,10,143.91,252.135,52.6969,0.264
mcw,292,1,11,143.725,251.915,47.603,0.3115
mcw,292,1,12,143.505,251.69,43.7277,0.3183
mcw,292,1,13,143.255,251.485,35.1341,0.3302
mcw,292,1,14,142.985,251.315,29.0532,0.3089
mcw,292,1,15,142.71,251.2,15.9487,0.2912
mcw,292,1,16,142.5,251.155,4.0772,0.1404
mcw,292,1,17,142.36,251.16,171.8743,0.1414
mcw,292,1,18,142.22,251.19,164.0513,0.1456
mcw,292,1,19,142.085,251.245,151.6976,0.1477
mcw,292,1,20,141.965,251.33,137.7334,0.1486
mcw,292,1,21,141.865,251.435,129.2842,0.1421
mcw,292,1,22,141.79,251.55,116.5651,0.1342
mcw,292,1,23,141.74,251.68,105.9413,0.1456
mcw,292,1,24,141.71,251.895,93.9463,0.2907
mcw,292,1,25,141.72,252.195,82.6488,0.3126
mcw,292,1,26,141.785,252.505,73.8087,0.3228
mcw,292,1,27,141.895,252.81,66.5743,0.327
mcw,292,1,28,142.03,253.095,62.5916,0.3041
mcw,292,1,29,142.17,253.345,58.6726,0.2693
mcw,292,1,30,142.32,253.565,52.6943,0.264
mcw,292,1,31,142.505,253.785,47.603,0.3115
mcw,292,1,32,142.73,254.01,42.5118,0.3256
mcw,292,1,33,142.98,254.22,37.565,0.328
mcw,292,1,34,143.245,254.395,29.0546,0.3089
mcw,292,1,35,143.525,254.51,15.4249,0.3008
mcw,292,1,36,143.74,254.555,4.0896,0.1404
mcw,292,1,37,143.88,254.55,171.862,0.1414
mcw,292,1,38,144.015,254.52,162.9067,0.136
mcw,292,1,39,144.145,254.465,151.6948,0.1476
mcw,293,0,0,145.93,249.83,16.7901,2.4233
mcw,293,0,1,147.205,250.23,23.4938,0.2508
mcw,293,0,2,147.43,250.35,32.4738,0.2608
mcw,293,0,3,147.635,250.505,41.8169,0.2549
mcw,293,0,4,147.815,250.69,49.6375,0.2625
mcw,293,0,5,147.975,250.92,60.0203,0.3002
mcw,293,0,6,148.09,251.185,73.4946,0.2816
mcw,293,0,7,148.145,251.455,83.6598,0.2717
mcw,293,0,8,148.145,251.72,96.5814,0.2617
mcw,293,0,9,148.09,251.98,107.1025,0.272
mcw,293,0,10,147.99,252.225,117.5539,0.2594
mcw,293,0,11,147.84,252.45,129.2905,0.2843
mcw,293,0,12,147.64,252.65,140.7071,0.2843
mcw,293,0,13,147.4,252.815,150.0188,0.3002
mcw,293,0,14,147.14,252.94,158.9609,0.2786
mcw,293,0,15,146.875,253.01,171.5777,0.2729
mcw,293,0,16,146.615,253.02,4.5714,0.2508
mcw,293,0,17,146.36,252.98,12.9944,0.2668
mcw,293,0,18,146.11,252.89,26.5636,0.2683
mcw,293,0,19,145.875,252.745,36.4719,0.286
mcw,293,0,20,145.65,252.555,43.6665,0.3041
mcw,293,0,21,145.78,252.285,145.4923,0.5825
mcw,293,0,22,146.08,252.185,47.2861,0.1769
mcw,293,0,23,146.21,252.3,35.5394,0.172
mcw,293,0,24,146.355,252.385,25.0179,0.1655
mcw,293,0,25,146.51,252.44,14.0388,0.1649
mcw,293,0,26,146.675,252.47,6.7063,0.1712
mcw,293,0,27,146.845,252.47,173.2937,0.1712
mcw,293,0,28,147.01,252.435,162.6404,0.1676
mcw,293,0,29,147.165,252.365,149.0362,0.1749
mcw,293,0,30,147.305,252.265,139.7685,0.1703
mcw,293,0,31,147.425,252.14,128.1545,0.1781
mcw,293,0,32,147.52,251.99,116.5607,0.1789
mcw,293,0,33,147.585,251.825,106.392,0.1772
mcw,293,0,34,147.615,251.655,93.3695,0.1703
mcw,293,0,35,147.615,251.48,86.8169,0.1803
mcw,293,0,36,147.585,251.305,73.6107,0.1772
mcw,293,0,37,147.515,251.14,60.6438,0.1836
mcw,293,0,38,147.39,250.98,44.9945,0.2263
mcw,293,0,39,147.205,250.835,31.7615,0.247
mcw,293,0,40,146.985,250.725,21.3702,0.247
mcw,293,0,41,146.76,250.64,19.9869,0.2341
mcw,293,0,42,145.105,250.15,16.2387,3.2184
mcw,293,0,43,144.765,248.86,145.12,2.9378
mcw,293,0,44,146.115,248.23,55.374,0.5104
mcw,293,0,45,145.515,248.96,145.0854,1.8171
mcw,294,0,0,149.125,247.39,25.7814,2.9429
mcw,294,0,1,148.06,246.565,144.5665,0.6382
mcw,294,0,2,149.36,246.89,26.1224,2.3166
mcw,294,0,3,150.27,246.26,83.4945,2.2948
mcw,294,0,4,150.4,244.94,145.3062,0.6325
mcw,294,0,5,150.82,246.21,83.7033,2.9176
mcw,294,0,6,152.105,248.115,22.0207,2.4271
mcw,294,0,7,152.96,248.755,145.5817,0.6546
mcw,294,0,8,151.845,248.6,21.918,1.8217
mcw,294,0,9,151.05,249.155,86.8027,1.7928
mcw,294,0,10,150.835,250.235,145.0787,0.6464
mcw,294,0,11,150.51,249.225,87.1258,2.393
mcw,295,0,0,154.685,244.445,55.1806,4.0806
mcw,295,0,1,153.725,242.625,144.727,0.5022
mcw,295,0,2,155.245,244.365,55.1,4.5967
mcw,295,0,3,156.15,246.535,145.1959,0.9987
mcw,295,0,4,155.465,246.7,23.5764,0.6001
mcw,295,0,5,155.52,246.35,145.1253,0.8045
mcw,296,0,0,160.305,243.33,55.3773,0.5104
mcw,296,0,1,159.705,244.06,145.0859,1.817
mcw,296,0,2,157.995,243.81,38.5868,2.4691
mcw,296,0,3,157.075,243.01,146.301,0.1082
mcw,296,0,4,157.24,243.0,9.4647,0.2433
mcw,296,0,5,157.485,243.015,177.7141,0.2502
mcw,296,0,6,157.73,242.975,163.7385,0.25
mcw,296,0,7,157.955,242.88,150.2551,0.2419
mcw,296,0,8,158.145,242.75,140.5268,0.2202
mcw,296,0,9,158.295,242.595,127.4059,0.214
mcw,296,0,10,158.41,242.415,117.7597,0.2147
mcw,296,0,11,158.485,242.215,103.3919,0.2159
mcw,296,0,12,158.52,242.005,95.4376,0.2109
mcw,296,0,13,158.52,241.795,84.5624,0.2109
mcw,296,0,14,158.48,241.59,73.2983,0.2088
mcw,296,0,15,158.4,241.395,62.2439,0.2147
mcw,296,0,16,158.275,241.215,48.5717,0.2267
mcw,296,0,17,158.115,241.06,39.4757,0.2202
mcw,296,0,18,157.93,240.94,26.5668,0.2236
mcw,296,0,19,157.73,240.86,16.6988,0.2088
mcw,296,0,20,157.52,240.82,5.1916,0.2209
mcw,296,0,21,157.305,240.82,174.5628,0.211
mcw,296,0,22,157.095,240.865,161.5626,0.2214
mcw,296,0,23,156.89,240.955,151.1853,0.2283
mcw,296,0,24,156.73,241.06,140.2037,0.1562
mcw,296,0,25,156.615,241.17,132.5118,0.1628
mcw,296,0,26,156.515,241.3,122.7314,0.1664
mcw,296,0,27,156.435,241.445,115.0153,0.1655
mcw,296,0,28,156.37,241.6,110.5596,0.1709
mcw,296,0,29,156.325,241.76,100.619,0.1628
mcw,296,0,30,156.31,241.92,90.0,0.16
mcw,296,0,31,156.325,242.08,79.381,0.1628
mcw,296,0,32,156.05,242.115,8.8202,0.5869
mcw,296,0,33,155.755,241.965,87.2713,0.2103
mcw,296,0,34,155.76,241.755,95.4417,0.2109
mcw,296,0,35,155.8,241.55,106.6976,0.2088
mcw,296,0,36,155.87,241.35,111.8037,0.2154
mcw,296,0,37,155.965,241.16,121.4307,0.2109
mcw,296,0,38,156.085,240.985,127.4042,0.214
mcw,296,0,39,156.22,240.825,133.0261,0.2052
mcw,296,0,40,156.375,240.685,142.5933,0.214
mcw,296,0,41,156.535,240.57,146.3072,0.1803
mcw,296,0,42,156.685,240.485,154.9821,0.1655
mcw,296,0,43,156.84,240.415,156.3761,0.1746
mcw,296,0,44,156.995,240.36,165.0664,0.1553
mcw,296,0,45,157.225,240.315,170.8398,0.314
mcw,296,0,46,157.535,240.295,1.8438,0.3102
mcw,296,0,47,157.84,240.34,14.9343,0.3105
mcw,296,0,48,158.13,240.45,26.5626,0.313
mcw,296,0,49,158.34,240.57,35.5394,0.172
mcw,296,0,50,158.47,240.675,42.5078,0.1628
mcw,296,0,51,158.59,240.79,45.0036,0.1697
mcw,296,0,52,158.705,240.92,51.8395,0.178
mcw,296,0,53,158.835,241.125,60.9481,0.3089
mcw,296,0,54,158.965,241.405,69.2262,0.3101
mcw,296,0,55,159.05,241.695,78.3114,0.2961
mcw,296,0,56,159.08,241.99,90.0,0.3
mcw,296,0,57,159.055,242.28,100.1253,0.2844
mcw,296,0,58,158.97,242.555,113.9601,0.2955
mcw,296,0,59,158.87,242.75,123.6917,0.1442
mcw,296,0,60,158.785,242.87,126.8699,0.15
mcw,296,0,61,158.68,242.985,137.4843,0.1628
mcw,296,0,62,158.56,243.09,140.2037,0.1562
mcw,296,0,63,158.36,243.225,148.7341,0.3276
mcw,296,0,64,158.61,243.62,38.48,0.9964
mcw,296,0,65,159.58,243.525,145.0745,1.4148
mcw,297,0,0,159.67,238.395,148.5728,0.2109
mcw,297,0,1,159.855,238.305,159.7734,0.2025
mcw,297,0,2,160.045,238.25,168.109,0.1942
mcw,297,0,3,160.235,238.225,176.9843,0.1903
mcw,297,0,4,160.425,238.23,6.0148,0.1911
mcw,297,0,5,160.615,238.265,14.7399,0.1965
mcw,297,0,6,160.8,238.325,21.2533,0.1931
mcw,297,0,7,160.98,238.405,26.5631,0.2013
mcw,297,0,8,161.245,238.56,32.1531,0.4134
mcw,297,0,9,161.58,238.805,40.1542,0.4187
mcw,297,0,10,161.81,239.015,46.9797,0.2052
mcw,297,0,11,161.95,239.16,44.9969,0.198
mcw,297,0,12,162.08,239.305,51.3402,0.1921
mcw,297,0,13,162.195,239.455,53.7449,0.186
mcw,297,0,14,162.3,239.61,57.9936,0.1887
mcw,297,0,15,162.4,239.77,57.9976,0.1887
mcw,297,0,16,162.495,239.94,63.4311,0.2012
mcw,297,0,17,162.585,240.125,64.655,0.2102
mcw,297,0,18,162.705,240.42,69.4459,0.4272
mcw,297,0,19,162.825,240.82,77.3199,0.41
mcw,297,0,20,162.88,241.12,84.2877,0.201
mcw,297,0,21,162.89,241.32,90.0,0.2
mcw,297,0,22,162.88,241.52,95.7115,0.201
mcw,297,0,23,162.845,241.71,105.5211,0.1868
mcw,297,0,24,162.785,241.89,111.2533,0.1931
mcw,297,0,25,162.7,242.065,120.4613,0.1972
mcw,297,0,26,162.58,242.225,133.0292,0.2052
mcw,297,0,27,162.43,242.365,140.9031,0.2061
mcw,297,0,28,162.255,242.485,149.935,0.2195
mcw,297,0,29,162.065,242.575,159.7734,0.2025
mcw,297,0,30,161.875,242.63,168.109,0.1942
mcw,297,0,31,161.685,242.655,176.9935,0.1903
mcw,297,0,32,161.495,242.65,6.0061,0.191
mcw,297,0,33,161.305,242.615,14.7399,0.1965
mcw,297,0,34,161.12,242.555,21.2517,0.1931
mcw,297,0,35,160.935,242.475,25.345,0.2102
mcw,297,0,36,160.665,242.315,33.3126,0.4188
mcw,297,0,37,160.33,242.065,40.1542,0.4187
mcw,297,0,38,160.1,241.855,46.9797,0.2052
mcw,297,0,39,159.96,241.705,46.9739,0.2052
mcw,297,0,40,159.83,241.555,51.3402,0.1921
mcw,297,0,41,159.715,241.405,53.7449,0.186
mcw,297,0,42,159.61,241.255,56.3072,0.1803
mcw,297,0,43,159.51,241.095,59.5387,0.1972
mcw,297,0,44,159.415,240.92,63.4311,0.2012
mcw,297,0,45,159.325,240.74,63.4349,0.2012
mcw,297,0,46,159.21,240.455,70.2539,0.4144
mcw,297,0,47,159.095,240.055,77.6198,0.4198
mcw,297,0,48,159.04,239.75,84.2877,0.201
mcw,297,0,49,159.03,239.55,90.0,0.2
mcw,297,0,50,159.045,239.355,98.9722,0.1924
mcw,297,0,51,159.08,239.17,102.5319,0.1844
mcw,297,0,52,159.14,238.99,113.9638,0.197
mcw,297,0,53,159.23,238.82,122.0024,0.1887
mcw,297,0,54,159.345,238.665,130.9166,0.1985
mcw,297,0,55,159.495,238.52,140.5243,0.2202
mcw,297,1,0,162.115,241.965,140.7119,0.1421
mcw,297,1,1,162.215,241.865,129.2842,0.1421
mcw,297,1,2,162.29,241.745,114.7841,0.1432
mcw,297,1,3,162.34,241.615,107.0994,0.136
mcw,297,1,4,162.37,241.4,93.8147,0.3007
mcw,297,1,5,162.36,241.095,82.646,0.3126
mcw,297,1,6,162.29,240.785,72.1227,0.3257
mcw,297,1,7,162.18,240.48,68.1961,0.3231
mcw,297,1,8,162.045,240.19,61.8223,0.3176
mcw,297,1,9,161.9,239.94,57.5291,0.2608
mcw,297,1,10,161.75,239.725,52.6943,0.264
mcw,297,1,11,161.57,239.505,48.9927,0.3048
mcw,297,1,12,161.35,239.28,42.51,0.3256
mcw,297,1,13,161.1,239.07,37.5709,0.328
mcw,297,1,14,160.83,238.9,26.5626,0.313
mcw,297,1,15,160.55,238.79,15.9487,0.2912
mcw,297,1,16,160.34,238.745,4.0772,0.1404
mcw,297,1,17,160.2,238.745,175.9228,0.1404
mcw,297,1,18,160.065,238.775,158.9562,0.1393
mcw,297,1,19,159.935,238.835,151.6976,0.1477
mcw,297,1,20,159.81,238.92,140.2002,0.1562
mcw,297,1,21,159.71,239.025,126.0241,0.136
mcw,297,1,22,159.635,239.14,120.2546,0.1389
mcw,297,1,23,159.58,239.27,105.947,0.1456
mcw,297,1,24,159.55,239.485,93.9433,0.2907
mcw,297,1,25,159.56,239.785,82.6488,0.3126
mcw,297,1,26,159.63,240.095,72.1201,0.3257
mcw,297,1,27,159.74,240.4,68.2006,0.3231
mcw,297,1,28,159.87,240.685,62.5916,0.3041
mcw,297,1,29,160.01,240.93,57.5291,0.2608
mcw,297,1,30,160.165,241.15,52.3062,0.278
mcw,297,1,31,160.35,241.37,47.7269,0.2973
mcw,297,1,32,160.57,241.595,43.7818,0.3324
mcw,297,1,33,160.82,241.805,36.1591,0.322
mcw,297,1,34,161.09,241.975,28.1777,0.3176
mcw,297,1,35,161.37,242.095,17.8183,0.2941
mcw,297,1,36,161.58,242.145,4.0892,0.1404
mcw,297,1,37,161.72,242.14,171.862,0.1414
mcw,297,1,38,161.855,242.11,162.9048,0.136
mcw,297,1,39,161.99,242.05,150.2497,0.1613
mcw,298,0,0,297.985,321.885,143.2596,2.658
mcw,298,0,1,296.785,322.77,146.3099,0.3245
mcw,298,0,2,296.505,322.935,152.647,0.3265
mcw,298,0,3,296.28,323.04,159.4452,0.1709
mcw,298,0,4,296.12,323.095,162.6503,0.1676
mcw,298,0,5,295.955,323.135,169.9914,0.1726
mcw,298,0,6,295.785,323.155,176.6305,0.1703
mcw,298,0,7,295.55,323.145,5.7106,0.3015
mcw,298,0,8,295.26,323.09,15.9487,0.2912
mcw,298,0,9,294.995,322.98,29.2461,0.2865
mcw,298,0,10,294.76,322.815,40.8153,0.2907
mcw,298,0,11,294.555,322.61,49.1847,0.2907
mcw,298,0,12,294.39,322.375,60.7486,0.2865
mcw,298,0,13,294.275,322.11,72.1817,0.2941
mcw,298,0,14,294.215,321.825,84.0943,0.2916
mcw,298,0,15,294.215,321.53,95.7106,0.3015
mcw,298,0,16,294.27,321.235,105.4249,0.3008
mcw,298,0,17,294.38,320.965,119.2461,0.2865
mcw,298,0,18,294.54,320.73,129.2881,0.2842
mcw,298,0,19,294.745,320.53,141.9554,0.2921
mcw,298,0,20,294.985,320.37,150.7486,0.2865
mcw,298,0,21,295.255,320.255,162.7597,0.3037
mcw,298,0,22,295.555,320.195,174.4726,0.3114
mcw,298,0,23,295.85,320.19,4.0834,0.2807
mcw,298,0,24,296.125,320.235,14.5365,0.2789
mcw,298,0,25,296.38,320.325,24.6248,0.264
mcw,298,0,26,296.61,320.455,34.2856,0.2663
mcw,298,0,27,296.815,320.625,45.0046,0.2687
mcw,298,0,28,296.98,320.83,57.5262,0.2608
mcw,298,0,29,297.095,321.065,70.2019,0.2657
mcw,298,0,30,297.16,321.325,81.5709,0.2729
mcw,298,0,31,297.165,321.58,97.125,0.2419
mcw,298,0,32,297.11,321.805,110.8565,0.2247
mcw,298,0,33,297.08,321.915,26.4951,0.0224
mcw,298,0,34,297.94,321.3,143.8925,2.1042
mcw,298,0,35,298.92,320.885,57.6186,0.4855
mcw,298,1,0,294.72,321.775,83.9943,0.1911
mcw,298,1,1,294.76,321.965,72.4753,0.1993
mcw,298,1,2,294.84,322.14,57.9936,0.1887
mcw,298,1,3,294.95,322.295,51.3402,0.1921
mcw,298,1,4,295.085,322.425,36.2589,0.186
mcw,298,1,5,295.245,322.525,27.8944,0.1924
mcw,298,1,6,295.42,322.6,18.4349,0.1897
mcw,298,1,7,295.61,322.64,5.7071,0.201
mcw,298,1,8,295.805,322.64,173.9943,0.1911
mcw,298,1,9,295.985,322.595,157.6157,0.1838
mcw,298,1,10,296.155,322.515,152.1056,0.1924
mcw,298,1,11,296.31,322.405,137.1168,0.191
mcw,298,1,12,296.44,322.265,128.6669,0.1921
mcw,298,1,13,296.545,322.11,119.3562,0.1836
mcw,298,1,14,296.62,321.94,108.4349,0.1897
mcw,298,1,15,296.66,321.755,96.0057,0.1911
mcw,298,1,16,296.66,321.57,83.663,0.1811
mcw,298,1,17,296.62,321.39,71.568,0.1898
mcw,298,1,18,296.545,321.22,60.6438,0.1836
mcw,298,1,19,296.44,321.065,51.3331,0.1921
mcw,298,1,20,296.305,320.93,38.6598,0.1921
mcw,298,1,21,296.145,320.82,30.4696,0.1972
mcw,298,1,22,295.965,320.74,17.5247,0.1993
mcw,298,1,23,295.765,320.7,5.4368,0.211
mcw,298,1,24,295.565,320.705,171.0264,0.1923
mcw,298,1,25,295.38,320.75,161.568,0.1898
mcw,298,1,26,295.21,320.825,150.6438,0.1836
mcw,298,1,27,295.06,320.935,137.1168,0.191
mcw,298,1,28,294.93,321.07,130.6034,0.1844
mcw,298,1,29,294.825,321.225,117.8944,0.1924
mcw,298,1,30,294.755,321.4,105.5301,0.1868
mcw,298,1,31,294.72,321.585,96.0057,0.1911
mcw,299,0,0,298.575,316.595,178.8756,0.5101
mcw,299,0,1,298.84,317.5,89.3707,1.8201
mcw,299,0,2,297.67,318.78,162.5908,2.4733
mcw,299,0,3,296.49,319.095,90.0,0.11
mcw,299,0,4,296.575,318.95,133.3617,0.2476
mcw,299,0,5,296.72,318.755,119.7413,0.2419
mcw,299,0,6,296.82,318.53,108.4393,0.253
mcw,299,0,7,296.875,318.29,97.125,0.2419
mcw,299,0,8,296.875,318.06,82.2352,0.222
mcw,299,0,9,296.825,317.845,71.5626,0.2214
mcw,299,0,10,296.74,317.65,60.947,0.2059
mcw,299,0,11,296.62,317.48,48.8179,0.2126
mcw,299,0,12,296.47,317.33,41.1821,0.2126
mcw,299,0,13,296.3,317.21,29.0571,0.2059
mcw,299,0,14,296.105,317.13,15.9432,0.2184
mcw,299,0,15,295.895,317.09,5.4376,0.2109
mcw,299,0,16,295.675,317.09,175.0332,0.2309
mcw,299,0,17,295.455,317.135,161.5626,0.2214
mcw,299,0,18,295.255,317.22,152.2403,0.2147
mcw,299,0,19,295.08,317.34,138.8179,0.2126
mcw,299,0,20,294.93,317.49,131.1821,0.2126
mcw,299,0,21,294.81,317.665,117.7597,0.2147
mcw,299,0,22,294.725,317.87,107.6518,0.2309
mcw,299,0,23,294.68,318.09,95.1916,0.2209
mcw,299,0,24,294.68,318.28,82.879,0.1612
mcw,299,0,25,294.71,318.44,75.9612,0.1649
mcw,299,0,26,294.76,318.595,68.1986,0.1615
mcw,299,0,27,294.83,318.74,60.2565,0.1612
mcw,299,0,28,294.925,318.88,51.8417,0.1781
mcw,299,0,29,295.035,319.005,45.0,0.1555
mcw,299,0,30,295.155,319.105,34.6931,0.1581
mcw,299,0,31,295.295,319.185,25.0201,0.1655
mcw,299,0,32,295.17,319.435,132.93,0.5873
mcw,299,0,33,294.88,319.595,31.4272,0.2109
mcw,299,0,34,294.71,319.47,41.1882,0.2126
mcw,299,0,35,294.56,319.32,48.8125,0.2126
mcw,299,0,36,294.435,319.155,57.0931,0.2025
mcw,299,0,37,294.335,318.975,64.655,0.2102
mcw,299,0,38,294.255,318.775,71.5626,0.2214
mcw,299,0,39,294.2,318.57,78.6884,0.204
mcw,299,0,40,294.17,318.36,84.8084,0.2209
mcw,299,0,41,294.165,318.165,93.3701,0.1703
mcw,299,0,42,294.18,317.995,96.7057,0.1712
mcw,299,0,43,294.205,317.825,100.0086,0.1726
mcw,299,0,44,294.245,317.665,108.4384,0.1581
mcw,299,0,45,294.34,317.445,115.7685,0.322
mcw,299,0,46,294.505,317.18,128.3654,0.3061
mcw,299,0,47,294.715,316.955,137.6051,0.3115
mcw,299,0,48,294.965,316.775,150.9454,0.3089
mcw,299,0,49,295.175,316.67,158.1986,0.1615
mcw,299,0,50,295.33,316.62,165.9612,0.1649
mcw,299,0,51,295.495,316.59,173.2943,0.1712
mcw,299,0,52,295.67,316.57,173.6534,0.1811
mcw,299,0,53,295.915,316.575,5.5274,0.3114
mcw,299,0,54,296.22,316.625,13.1359,0.308
mcw,299,0,55,296.51,316.72,23.1978,0.3046
mcw,299,0,56,296.77,316.86,33.6884,0.2885
mcw,299,0,57,296.995,317.04,43.6057,0.29
mcw,299,0,58,297.175,317.265,59.0373,0.2915
mcw,299,0,59,297.28,317.455,65.2266,0.1432
mcw,299,0,60,297.335,317.595,71.5581,0.1581
mcw,299,0,61,297.37,317.75,82.879,0.1612
mcw,299,0,62,297.39,317.91,82.879,0.1612
mcw,299,0,63,297.39,318.15,93.5746,0.3206
mcw,299,0,64,297.855,318.165,163.0259,0.9933
mcw,299,0,65,298.325,317.31,89.5961,1.42
mcw,300,0,0,294.13,314.35,95.1916,0.2209
mcw,300,0,1,294.16,314.145,101.891,0.1942
mcw,300,0,2,294.22,313.96,113.9679,0.197
mcw,300,0,3,294.31,313.79,121.9985,0.1887
mcw,300,0,4,294.42,313.635,128.6598,0.1921
mcw,300,0,5,294.55,313.495,137.123,0.1911
mcw,300,0,6,294.7,313.375,145.4882,0.1942
mcw,300,0,7,294.87,313.27,150.9503,0.2059
mcw,300,0,8,295.15,313.14,157.1661,0.4123
mcw,300,0,9,295.54,313.0,163.3012,0.4176
mcw,300,0,10,295.84,312.925,171.4701,0.2022
mcw,300,0,11,296.04,312.895,171.4688,0.2022
mcw,300,0,12,296.235,312.87,173.9852,0.1911
mcw,300,0,13,296.425,312.86,0.0,0.19
mcw,300,0,14,296.61,312.86,0.0,0.18
mcw,300,0,15,296.8,312.865,2.865,0.2003
mcw,300,0,16,297.0,312.88,5.7071,0.201
mcw,300,0,17,297.2,312.91,11.3133,0.2039
mcw,300,0,18,297.505,312.98,13.7076,0.422
mcw,300,0,19,297.905,313.105,21.036,0.4179
mcw,300,0,20,298.19,313.23,29.0571,0.2059
mcw,300,0,21,298.36,313.335,34.5043,0.1942
mcw,300,0,22,298.515,313.455,40.9166,0.1985
mcw,300,0,23,298.655,313.59,47.123,0.1911
mcw,300,0,24,298.77,313.74,57.9887,0.1887
mcw,300,0,25,298.86,313.91,66.0438,0.197
mcw,300,0,26,298.925,314.095,75.2601,0.1965
mcw,300,0,27,298.96,314.295,84.5542,0.2109
mcw,300,0,28,298.965,314.51,92.6051,0.2202
mcw,300,0,29,298.935,314.715,104.7399,0.1965
mcw,300,0,30,298.875,314.9,111.2533,0.1931
mcw,300,0,31,298.785,315.07,124.5118,0.1942
mcw,300,0,32,298.67,315.225,128.6598,0.1921
mcw,300,0,33,298.535,315.365,139.0834,0.1985
mcw,300,0,34,298.38,315.49,143.1319,0.2
mcw,300,0,35,298.215,315.6,149.5304,0.1972
mcw,300,0,36,297.935,315.73,157.6941,0.4216
mcw,300,0,37,297.535,315.865,164.9837,0.4245
mcw,300,0,38,297.23,315.94,168.6867,0.2039
mcw,300,0,39,297.03,315.97,174.2929,0.201
mcw,300,0,40,296.835,315.99,173.9852,0.1911
mcw,300,0,41,296.645,316.005,176.9935,0.1903
mcw,300,0,42,296.46,316.005,3.1734,0.1803
mcw,300,0,43,296.275,315.995,3.0157,0.1903
mcw,300,0,44,296.08,315.98,5.7071,0.201
mcw,300,0,45,295.875,315.955,8.1301,0.2121
mcw,300,0,46,295.57,315.885,15.3786,0.4148
mcw,300,0,47,295.18,315.755,21.5399,0.4085
mcw,300,0,48,294.9,315.63,29.0571,0.2059
mcw,300,0,49,294.73,315.525,34.5043,0.1942
mcw,300,0,50,294.575,315.405,40.9166,0.1985
mcw,300,0,51,294.435,315.27,47.123,0.1911
mcw,300,0,52,294.32,315.12,57.9936,0.1887
mcw,300,0,53,294.23,314.95,66.0402,0.197
mcw,300,0,54,294.165,314.765,75.2515,0.1965
mcw,300,0,55,294.13,314.565,84.5624,0.2109
mcw,300,1,0,298.455,314.335,86.1828,0.1504
mcw,300,1,1,298.425,314.195,68.9634,0.1393
mcw,300,1,2,298.37,314.065,65.2266,0.1432
mcw,300,1,3,298.295,313.95,48.0157,0.1345
mcw,300,1,4,298.135,313.805,39.5587,0.2983
mcw,300,1,5,297.875,313.64,25.771,0.322
mcw,300,1,6,297.575,313.52,17.8747,0.3257
mcw,300,1,7,297.26,313.44,10.62,0.3256
mcw,300,1,8,296.95,313.395,5.71,0.3015
mcw,300,1,9,296.665,313.375,2.1233,0.2702
mcw,300,1,10,296.395,313.375,177.8767,0.2702
mcw,300,1,11,296.11,313.4,172.4099,0.3027
mcw,300,1,12,295.8,313.455,167.6599,0.3276
mcw,300,1,13,295.49,313.545,159.8603,0.3195
mcw,300,1,14,295.2,313.675,151.8223,0.3176
mcw,300,1,15,294.945,313.84,141.9554,0.2921
mcw,300,1,16,294.79,313.985,126.0264,0.136
mcw,300,1,17,294.715,314.105,118.3024,0.1477
mcw,300,1,18,294.66,314.235,107.1056,0.136
mcw,300,1,19,294.635,314.375,93.8063,0.1503
mcw,300,1,20,294.64,314.525,82.4107,0.1514
mcw,300,1,21,294.67,314.67,74.0497,0.1456
mcw,300,1,22,294.725,314.8,59.7399,0.1389
mcw,300,1,23,294.805,314.915,50.7158,0.1421
mcw,300,1,24,294.96,315.06,39.2881,0.2842
mcw,300,1,25,295.215,315.22,25.7685,0.322
mcw,300,1,26,295.515,315.34,17.8799,0.3257
mcw,300,1,27,295.825,315.42,10.9537,0.3158
mcw,300,1,28,296.135,315.47,7.3533,0.3126
mcw,300,1,29,296.42,315.495,2.2049,0.2602
mcw,300,1,30,296.685,315.49,175.7598,0.2708
mcw,300,1,31,296.97,315.46,172.4092,0.3026
mcw,300,1,32,297.28,315.405,167.6599,0.3276
mcw,300,1,33,297.595,315.315,160.4606,0.3289
mcw,300,1,34,297.89,315.19,153.4374,0.313
mcw,300,1,35,298.145,315.025,140.4413,0.2983
mcw,300,1,36,298.3,314.875,126.0189,0.136
mcw,300,1,37,298.375,314.755,118.308,0.1476
mcw,300,1,38,298.43,314.625,107.0933,0.136
mcw,300,1,39,298.455,314.485,93.8179,0.1503
mcw,301,0,0,296.21,311.03,179.4382,4.0802
mcw,301,0,1,294.165,310.795,88.8756,0.5101
mcw,301,0,2,296.46,310.515,179.3774,4.6003
mcw,301,0,3,298.765,310.99,89.4283,1.0
mcw,301,0,4,298.515,311.65,147.8946,0.602
mcw,301,0,5,298.255,311.41,89.2831,0.8001
mcw,302,0,0,295.4,306.395,150.1347,2.952
mcw,302,0,1,294.12,306.81,90.0,0.64
mcw,302,0,2,295.12,305.915,150.1012,2.3071
mcw,302,0,3,295.105,304.81,27.5721,2.2901
mcw,302,0,4,294.09,303.96,90.0,0.64
mcw,302,0,5,295.38,304.325,27.9687,2.9212
mcw,302,0,6,297.675,304.335,146.113,2.4213
mcw,302,0,7,298.685,303.985,89.1177,0.6501
mcw,302,0,8,297.93,304.82,146.1361,1.8305
mcw,302,0,9,297.94,305.79,30.8536,1.7939
mcw,302,0,10,298.715,306.575,89.1177,0.6501
mcw,302,0,11,297.7,306.28,31.2927,2.3873
mcw,303,0,0,296.09,300.14,179.4382,4.0802
mcw,303,0,1,294.045,299.905,88.8756,0.5101
mcw,303,0,2,296.34,299.625,179.3774,4.6003
mcw,303,0,3,298.645,300.1,89.4283,1.0
mcw,303,0,4,298.395,300.76,147.8946,0.602
mcw,303,0,5,298.135,300.52,89.2831,0.8001
mcw,304,0,0,298.335,294.86,0.0,0.51
mcw,304,0,1,298.6,295.765,89.3673,1.8101
mcw,304,0,2,297.43,297.04,162.5908,2.4733
mcw,304,0,3,296.25,297.355,90.0,0.11
mcw,304,0,4,296.335,297.21,133.3617,0.2476
mcw,304,0,5,296.48,297.015,119.7413,0.2419
mcw,304,0,6,296.58,296.795,109.1843,0.2435
mcw,304,0,7,296.635,296.555,96.8425,0.2518
mcw,304,0,8,296.635,296.32,82.2352,0.222
mcw,304,0,9,296.585,296.11,70.7092,0.2119
mcw,304,0,10,296.5,295.915,62.2403,0.2147
mcw,304,0,11,296.38,295.74,48.8179,0.2126
mcw,304,0,12,296.23,295.595,39.0877,0.2061
mcw,304,0,13,296.055,295.475,30.0718,0.2196
mcw,304,0,14,295.86,295.39,16.6976,0.2088
mcw,304,0,15,295.65,295.35,5.1916,0.2209
mcw,304,0,16,295.43,295.355,172.2352,0.222
mcw,304,0,17,295.215,295.4,164.0546,0.2184
mcw,304,0,18,295.015,295.485,149.935,0.2195
mcw,304,0,19,294.835,295.605,142.5908,0.214
mcw,304,0,20,294.685,295.755,127.4042,0.214
mcw,304,0,21,294.57,295.935,117.7597,0.2147
mcw,304,0,22,294.485,296.135,108.4374,0.2214
mcw,304,0,23,294.44,296.355,94.9674,0.2308
mcw,304,0,24,294.44,296.545,82.4107,0.1514
mcw,304,0,25,294.47,296.7,75.9612,0.1649
mcw,304,0,26,294.52,296.855,68.1986,0.1615
mcw,304,0,27,294.59,297.005,61.9305,0.17
mcw,304,0,28,294.68,297.145,52.4308,0.164
mcw,304,0,29,294.79,297.27,45.0,0.1697
mcw,304,0,30,294.915,297.375,34.6931,0.1581
mcw,304,0,31,295.05,297.45,23.1956,0.1523
mcw,304,0,32,294.925,297.7,131.5535,0.588
mcw,304,0,33,294.64,297.865,31.4272,0.2109
mcw,304,0,34,294.47,297.74,41.1882,0.2126
mcw,304,0,35,294.32,297.59,48.8179,0.2126
mcw,304,0,36,294.195,297.42,58.5657,0.211
mcw,304,0,37,294.095,297.235,64.655,0.2102
mcw,304,0,38,294.015,297.04,70.7092,0.2119
mcw,304,0,39,293.96,296.835,79.213,0.2138
mcw,304,0,40,293.93,296.625,84.5624,0.2109
mcw,304,0,41,293.925,296.43,93.1831,0.1803
mcw,304,0,42,293.94,296.255,96.7057,0.1712
mcw,304,0,43,293.965,296.09,100.619,0.1628
mcw,304,0,44,294.005,295.93,107.3596,0.1676
mcw,304,0,45,294.1,295.71,116.5626,0.313
mcw,304,0,46,294.26,295.445,125.7528,0.3081
mcw,304,0,47,294.47,295.22,140.1994,0.3124
mcw,304,0,48,294.725,295.04,149.3477,0.3138
mcw,304,0,49,294.935,294.935,161.5581,0.1581
mcw,304,0,50,295.09,294.89,165.9715,0.1649
mcw,304,0,51,295.255,294.855,169.9932,0.1726
mcw,304,0,52,295.43,294.835,176.8169,0.1803
mcw,304,0,53,295.675,294.84,3.6894,0.3106
mcw,304,0,54,295.98,294.885,13.1359,0.308
mcw,304,0,55,296.27,294.98,23.1978,0.3046
mcw,304,0,56,296.53,295.12,33.6884,0.2885
mcw,304,0,57,296.755,295.305,45.0,0.297
mcw,304,0,58,296.935,295.53,57.9979,0.283
mcw,304,0,59,297.04,295.72,66.7999,0.1523
mcw,304,0,60,297.095,295.865,71.5581,0.1581
mcw,304,0,61,297.13,296.015,82.4107,0.1514
mcw,304,0,62,297.145,296.17,86.4203,0.1603
mcw,304,0,63,297.145,296.415,91.7375,0.3301
mcw,304,0,64,297.615,296.43,162.4753,0.9963
mcw,304,0,65,298.085,295.57,89.5961,1.42
mcw,305,0,0,293.885,292.615,92.7291,0.2102
mcw,305,0,1,293.915,292.41,104.0321,0.2062
mcw,305,0,2,293.975,292.225,112.3843,0.1838
mcw,305,0,3,294.065,292.055,122.8997,0.2025
mcw,305,0,4,294.18,291.9,130.5972,0.1844
mcw,305,0,5,294.31,291.765,137.1297,0.191
mcw,305,0,6,294.46,291.64,143.1249,0.2
mcw,305,0,7,294.63,291.53,150.9503,0.2059
mcw,305,0,8,294.91,291.4,157.1661,0.4123
mcw,305,0,9,295.3,291.265,164.6214,0.4148
mcw,305,0,10,295.6,291.19,168.6968,0.204
mcw,305,0,11,295.8,291.155,171.4688,0.2022
mcw,305,0,12,295.995,291.135,176.9843,0.1903
mcw,305,0,13,296.185,291.125,176.9843,0.1903
mcw,305,0,14,296.37,291.12,0.0,0.18
mcw,305,0,15,296.555,291.13,6.0148,0.1911
mcw,305,0,16,296.755,291.15,5.4368,0.211
mcw,305,0,17,296.96,291.175,8.5312,0.2022
mcw,305,0,18,297.265,291.24,13.7076,0.422
mcw,305,0,19,297.665,291.37,22.3059,0.4216
mcw,305,0,20,297.95,291.495,26.5651,0.2012
mcw,305,0,21,298.12,291.595,34.5043,0.1942
mcw,305,0,22,298.275,291.715,40.9166,0.1985
mcw,305,0,23,298.415,291.85,47.123,0.1911
mcw,305,0,24,298.53,292.0,57.9887,0.1887
mcw,305,0,25,298.62,292.17,66.0438,0.197
mcw,305,0,26,298.685,292.36,75.9658,0.2061
mcw,305,0,27,298.72,292.565,84.555,0.211
mcw,305,0,28,298.725,292.775,92.7291,0.2102
mcw,305,0,29,298.695,292.98,104.0342,0.2061
mcw,305,0,30,298.63,293.17,113.9643,0.197
mcw,305,0,31,298.54,293.34,122.0064,0.1887
mcw,305,0,32,298.43,293.495,128.6598,0.1921
mcw,305,0,33,298.295,293.635,139.0834,0.1985
mcw,305,0,34,298.14,293.755,145.4957,0.1942
mcw,305,0,35,297.97,293.86,150.9429,0.2059
mcw,305,0,36,297.69,293.99,157.1661,0.4123
mcw,305,0,37,297.295,294.125,164.9837,0.4245
mcw,305,0,38,296.99,294.2,168.6867,0.2039
mcw,305,0,39,296.79,294.235,171.4701,0.2022
mcw,305,0,40,296.595,294.255,176.9843,0.1903
mcw,305,0,41,296.405,294.265,176.9935,0.1903
mcw,305,0,42,296.22,294.27,0.0,0.18
mcw,305,0,43,296.03,294.265,2.8563,0.2003
mcw,305,0,44,295.835,294.245,8.9722,0.1924
mcw,305,0,45,295.635,294.215,8.1301,0.2121
mcw,305,0,46,295.33,294.15,14.0373,0.4123
mcw,305,0,47,294.935,294.02,22.3059,0.4216
mcw,305,0,48,294.655,293.895,27.8987,0.1923
mcw,305,0,49,294.485,293.79,35.2144,0.2081
mcw,305,0,50,294.33,293.67,40.6034,0.1844
mcw,305,0,51,294.195,293.54,47.123,0.1911
mcw,305,0,52,294.08,293.39,57.9936,0.1887
mcw,305,0,53,293.99,293.22,66.0402,0.197
mcw,305,0,54,293.925,293.03,75.9596,0.2062
mcw,305,0,55,293.89,292.825,84.5624,0.2109
mcw,305,1,0,298.21,292.6,81.8751,0.1414
mcw,305,1,1,298.18,292.46,74.0497,0.1456
mcw,305,1,2,298.125,292.33,59.7463,0.139
mcw,305,1,3,298.05,292.215,53.9736,0.136
mcw,305,1,4,297.89,292.07,36.8699,0.3
mcw,305,1,5,297.63,291.91,26.5651,0.3131
mcw,305,1,6,297.335,291.79,17.8799,0.3257
mcw,305,1,7,297.02,291.705,12.336,0.3275
mcw,305,1,8,296.705,291.655,5.5274,0.3114
mcw,305,1,9,296.42,291.635,2.2047,0.2602
mcw,305,1,10,296.155,291.64,175.7658,0.2707
mcw,305,1,11,295.87,291.67,172.4042,0.3027
mcw,305,1,12,295.56,291.725,167.6599,0.3276
mcw,305,1,13,295.245,291.815,160.4656,0.3289
mcw,305,1,14,294.955,291.94,152.589,0.3041
mcw,305,1,15,294.705,292.105,140.4413,0.2983
mcw,305,1,16,294.55,292.255,126.0264,0.136
mcw,305,1,17,294.475,292.37,120.2601,0.1389
mcw,305,1,18,294.42,292.5,105.947,0.1456
mcw,305,1,19,294.395,292.645,93.8063,0.1503
mcw,305,1,20,294.4,292.795,82.4092,0.1513
mcw,305,1,21,294.43,292.935,72.8944,0.136
mcw,305,1,22,294.485,293.06,59.7399,0.1389
mcw,305,1,23,294.56,293.175,53.9811,0.136
mcw,305,1,24,294.715,293.32,38.0446,0.2921
mcw,305,1,25,294.97,293.48,26.5626,0.313
mcw,305,1,26,295.265,293.6,17.8799,0.3257
mcw,305,1,27,295.58,293.685,12.3412,0.3275
mcw,305,1,28,295.895,293.735,5.5268,0.3115
mcw,305,1,29,296.18,293.755,2.2049,0.2602
mcw,305,1,30,296.445,293.755,177.877,0.2702
mcw,305,1,31,296.73,293.725,170.5396,0.3041
mcw,305,1,32,297.04,293.665,167.6599,0.3276
mcw,305,1,33,297.355,293.58,162.1201,0.3257
mcw,305,1,34,297.65,293.455,151.8223,0.3176
mcw,305,1,35,297.905,293.285,140.4413,0.2983
mcw,305,1,36,298.06,293.135,126.0189,0.136
mcw,305,1,37,298.135,293.02,120.2601,0.1389
mcw,305,1,38,298.19,292.89,105.9388,0.1456
mcw,305,1,39,298.215,292.745,93.8179,0.1503
mcw,306,0,0,298.94,143.39,90.0,4.08
mcw,306,0,1,299.195,141.35,0.0,0.51
mcw,306,0,2,299.45,143.645,90.0,4.59
mcw,306,0,3,298.95,145.94,0.0,1.0
mcw,306,0,4,298.29,145.685,57.8936,0.6021
mcw,306,0,5,298.535,145.43,0.0,0.81
mcw,307,0,0,302.55,143.39,90.0,4.08
mcw,307,0,1,302.805,141.35,0.0,0.51
mcw,307,0,2,303.06,143.645,90.0,4.59
mcw,307,0,3,302.565,145.94,0.0,0.99
mcw,307,0,4,301.91,145.685,57.8961,0.6021
mcw,307,0,5,302.15,145.43,0.0,0.8
mcw,308,0,0,306.705,142.325,53.6064,2.6461
mcw,308,0,1,307.58,143.53,57.2657,0.3329
mcw,308,0,2,307.74,143.82,64.9799,0.3311
mcw,308,0,3,307.84,144.05,69.4452,0.1709
mcw,308,0,4,307.895,144.21,72.6503,0.1676
mcw,308,0,5,307.93,144.375,83.2943,0.1712
mcw,308,0,6,307.945,144.545,86.6299,0.1703
mcw,308,0,7,307.935,144.78,95.71,0.3015
mcw,308,0,8,307.875,145.07,107.8183,0.2941
mcw,308,0,9,307.76,145.335,119.2514,0.2865
mcw,308,0,10,307.595,145.57,130.8153,0.2907
mcw,308,0,11,307.39,145.77,140.7119,0.2842
mcw,308,0,12,307.155,145.93,150.7539,0.2865
mcw,308,0,13,306.89,146.04,164.0513,0.2912
mcw,308,0,14,306.605,146.095,174.0937,0.2915
mcw,308,0,15,306.305,146.095,5.5274,0.3114
mcw,308,0,16,306.01,146.035,17.8183,0.2941
mcw,308,0,17,305.745,145.925,27.4753,0.2818
mcw,308,0,18,305.51,145.765,40.8153,0.2907
mcw,308,0,19,305.31,145.555,51.9507,0.2921
mcw,308,0,20,305.155,145.315,62.5302,0.2818
mcw,308,0,21,305.045,145.045,72.7525,0.3036
mcw,308,0,22,304.985,144.745,84.4732,0.3115
mcw,308,0,23,304.985,144.45,96.1153,0.2816
mcw,308,0,24,305.035,144.18,105.0711,0.2692
mcw,308,0,25,305.125,143.925,113.7525,0.2731
mcw,308,0,26,305.26,143.69,126.0278,0.272
mcw,308,0,27,305.435,143.49,136.5451,0.2617
mcw,308,0,28,305.64,143.33,147.5262,0.2608
mcw,308,0,29,305.875,143.215,160.2019,0.2657
mcw,308,0,30,306.135,143.15,171.5719,0.273
mcw,308,0,31,306.39,143.14,4.7685,0.2408
mcw,308,0,32,306.615,143.185,18.43,0.2213
mcw,308,0,33,306.725,143.215,135.0875,0.0141
mcw,308,0,34,306.115,142.4,52.7923,2.0341
mcw,308,0,35,305.71,141.425,141.8448,0.5341
mcw,308,1,0,306.37,143.65,173.6641,0.1811
mcw,308,1,1,306.195,143.69,160.5589,0.1803
mcw,308,1,2,306.025,143.765,152.1056,0.1924
mcw,308,1,3,305.87,143.865,141.8356,0.178
mcw,308,1,4,305.735,143.995,130.9166,0.1985
mcw,308,1,5,305.62,144.15,122.0064,0.1887
mcw,308,1,6,305.54,144.325,107.5247,0.1993
mcw,308,1,7,305.495,144.52,98.5312,0.2022
mcw,308,1,8,305.495,144.72,81.4701,0.2022
mcw,308,1,9,305.54,144.91,71.5651,0.1897
mcw,308,1,10,305.615,145.085,62.1056,0.1924
mcw,308,1,11,305.725,145.24,47.1168,0.191
mcw,308,1,12,305.865,145.37,38.6669,0.1921
mcw,308,1,13,306.025,145.475,27.8944,0.1924
mcw,308,1,14,306.205,145.55,17.5247,0.1993
mcw,308,1,15,306.4,145.59,5.708,0.201
mcw,308,1,16,306.595,145.59,173.9943,0.1911
mcw,308,1,17,306.775,145.55,160.5621,0.1803
mcw,308,1,18,306.94,145.47,147.9936,0.1887
mcw,308,1,19,307.09,145.36,139.3966,0.1844
mcw,308,1,20,307.22,145.225,128.6598,0.1921
mcw,308,1,21,307.325,145.07,119.3645,0.1836
mcw,308,1,22,307.395,144.9,105.5186,0.1868
mcw,308,1,23,307.43,144.715,96.0057,0.1911
mcw,308,1,24,307.43,144.53,83.663,0.1811
mcw,308,1,25,307.395,144.35,74.4789,0.1868
mcw,308,1,26,307.33,144.175,64.7959,0.1879
mcw,308,1,27,307.23,144.015,51.3402,0.1921
mcw,308,1,28,307.1,143.88,40.5972,0.1844
mcw,308,1,29,306.95,143.775,29.3609,0.1836
mcw,308,1,30,306.77,143.7,16.6976,0.2088
mcw,308,1,31,306.565,143.655,8.1301,0.2121
mcw,309,0,0,310.415,142.805,51.3772,2.4191
mcw,309,0,1,311.235,143.86,59.4165,0.2555
mcw,309,0,2,311.35,144.09,67.3869,0.26
mcw,309,0,3,311.43,144.335,76.5048,0.2571
mcw,309,0,4,311.47,144.59,85.5967,0.2607
mcw,309,0,5,311.465,144.87,95.71,0.3015
mcw,309,0,6,311.41,145.155,106.5083,0.2816
mcw,309,0,7,311.305,145.405,119.4756,0.2642
mcw,309,0,8,311.155,145.625,128.9893,0.2702
mcw,309,0,9,310.965,145.81,142.6943,0.264
mcw,309,0,10,310.74,145.95,153.4379,0.2683
mcw,309,0,11,310.485,146.05,163.4917,0.2816
mcw,309,0,12,310.21,146.1,175.9166,0.2807
mcw,309,0,13,309.92,146.1,3.8118,0.3007
mcw,309,0,14,309.635,146.055,14.5365,0.2789
mcw,309,0,15,309.38,145.96,26.5651,0.2683
mcw,309,0,16,309.155,145.82,37.3057,0.264
mcw,309,0,17,308.965,145.64,49.635,0.2625
mcw,309,0,18,308.815,145.425,60.5211,0.2642
mcw,309,0,19,308.705,145.175,71.567,0.2846
mcw,309,0,20,308.63,144.89,78.6901,0.3059
mcw,309,0,21,308.89,144.74,0.0,0.58
mcw,309,0,22,309.19,144.825,83.283,0.1712
mcw,309,0,23,309.23,144.99,69.4452,0.1709
mcw,309,0,24,309.305,145.145,59.0362,0.1749
mcw,309,0,25,309.405,145.285,49.7685,0.1703
mcw,309,0,26,309.525,145.4,37.5692,0.164
mcw,309,0,27,309.66,145.49,29.7476,0.1613
mcw,309,0,28,309.81,145.555,17.3497,0.1676
mcw,309,0,29,309.98,145.59,6.337,0.1811
mcw,309,0,30,310.155,145.59,173.2931,0.1712
mcw,309,0,31,310.325,145.555,163.6155,0.1772
mcw,309,0,32,310.485,145.49,151.9215,0.17
mcw,309,0,33,310.63,145.395,141.8494,0.178
mcw,309,0,34,310.755,145.27,128.1506,0.178
mcw,309,0,35,310.855,145.125,120.9638,0.1749
mcw,309,0,36,310.925,144.965,106.394,0.1772
mcw,309,0,37,310.96,144.79,96.337,0.1811
mcw,309,0,38,310.955,144.585,82.5692,0.232
mcw,309,0,39,310.89,144.36,65.5519,0.2416
mcw,309,0,40,310.775,144.145,58.2422,0.247
mcw,309,0,41,310.635,143.945,51.7113,0.2421
mcw,309,0,42,309.55,142.6,51.0619,3.2141
mcw,309,0,43,310.01,141.35,0.0,2.94
mcw,309,0,44,311.48,141.605,90.0,0.51
mcw,309,0,45,310.57,141.86,0.0,1.82
mcw,310,0,0,299.73,148.55,0.0,2.5
mcw,310,0,1,300.98,148.805,90.0,0.51
mcw,310,0,2,300.025,149.06,0.0,1.91
mcw,310,0,3,299.07,149.955,90.0,1.79
mcw,310,0,4,300.0,150.85,0.0,1.86
mcw,310,0,5,300.93,151.105,90.0,0.51
mcw,310,0,6,300.0,151.36,0.0,1.86
mcw,310,0,7,299.07,152.0,90.0,1.28
mcw,310,0,8,300.025,152.64,0.0,1.91
mcw,310,0,9,300.98,152.895,90.0,0.51
mcw,310,0,10,299.73,153.15,0.0,2.5
mcw,310,0,11,298.48,150.85,90.0,4.6
mcw,311,0,0,302.04,153.15,0.0,0.6
mcw,311,0,1,301.74,150.85,90.0,4.6
mcw,311,0,2,302.74,148.55,0.0,2.0
mcw,311,0,3,303.74,148.805,90.0,0.51
mcw,311,0,4,303.04,149.06,0.0,1.4
mcw,311,0,5,302.34,151.105,90.0,4.09
mcw,312,0,0,305.43,148.55,0.0,2.5
mcw,312,0,1,306.68,148.805,90.0,0.51
mcw,312,0,2,305.725,149.06,0.0,1.91
mcw,312,0,3,304.77,149.955,90.0,1.79
mcw,312,0,4,305.695,150.85,0.0,1.85
mcw,312,0,5,306.62,151.105,90.0,0.51
mcw,312,0,6,305.695,151.36,0.0,1.85
mcw,312,0,7,304.77,152.0,90.0,1.28
mcw,312,0,8,305.725,152.64,0.0,1.91
mcw,312,0,9,306.68,152.895,90.0,0.51
mcw,312,0,10,305.43,153.15,0.0,2.5
mcw,312,0,11,304.18,150.85,90.0,4.6
mcw,313,0,0,307.245,153.15,0.0,0.63
mcw,313,0,1,307.93,150.735,112.4935,5.2277
mcw,313,0,2,309.93,150.735,67.5065,5.2277
mcw,313,0,3,310.615,153.15,0.0,0.63
mcw,313,0,4,309.615,151.46,67.9361,3.6471
mcw,313,0,5,308.245,151.46,112.0639,3.6471
mcw,314,0,0,297.06,88.7,90.0,4.08
mcw,314,0,1,297.315,86.66,0.0,0.51
mcw,314,0,2,297.57,88.955,90.0,4.59
mcw,314,0,3,297.075,91.25,0.0,0.99
mcw,314,0,4,296.42,90.995,57.8961,0.6021
mcw,314,0,5,296.66,90.74,0.0,0.8
mcw,315,0,0,300.68,88.7,90.0,4.08
mcw,315,0,1,300.935,86.66,0.0,0.51
mcw,315,0,2,301.19,88.955,90.0,4.59
mcw,315,0,3,300.69,91.25,0.0,1.0
mcw,315,0,4,300.03,90.995,57.8936,0.6021
mcw,315,0,5,300.275,90.74,0.0,0.81
mcw,316,0,0,304.835,87.635,53.6064,2.6461
mcw,316,0,1,305.705,88.84,58.7387,0.3276
mcw,316,0,2,305.865,89.13,63.4303,0.3354
mcw,316,0,3,305.97,89.36,69.4452,0.1709
mcw,316,0,4,306.02,89.52,75.9715,0.1649
mcw,316,0,5,306.055,89.685,79.9932,0.1726
mcw,316,0,6,306.075,89.855,86.6299,0.1703
mcw,316,0,7,306.065,90.09,95.71,0.3015
mcw,316,0,8,306.005,90.38,107.8183,0.2941
mcw,316,0,9,305.89,90.645,119.2514,0.2865
mcw,316,0,10,305.725,90.88,130.8153,0.2907
mcw,316,0,11,305.52,91.08,140.7119,0.2842
mcw,316,0,12,305.28,91.24,151.7,0.2953
mcw,316,0,13,305.015,91.35,163.4934,0.2816
mcw,316,0,14,304.73,91.405,174.2894,0.3015
mcw,316,0,15,304.43,91.405,5.7106,0.3015
mcw,316,0,16,304.14,91.345,17.8183,0.2941
mcw,316,0,17,303.875,91.23,29.2514,0.2865
mcw,316,0,18,303.64,91.07,39.2881,0.2842
mcw,316,0,19,303.44,90.865,51.9507,0.2921
mcw,316,0,20,303.28,90.62,61.7,0.2953
mcw,316,0,21,303.17,90.35,74.0513,0.2912
mcw,316,0,22,303.115,90.055,84.4732,0.3115
mcw,316,0,23,303.115,89.76,96.1153,0.2816
mcw,316,0,24,303.165,89.485,104.5365,0.2789
mcw,316,0,25,303.255,89.23,114.6276,0.264
mcw,316,0,26,303.385,89.0,124.2856,0.2663
mcw,316,0,27,303.555,88.8,136.5497,0.2617
mcw,316,0,28,303.765,88.64,148.6665,0.2692
mcw,316,0,29,304.005,88.52,158.1974,0.2693
mcw,316,0,30,304.265,88.455,173.6605,0.2717
mcw,316,0,31,304.515,88.45,4.975,0.2309
mcw,316,0,32,304.74,88.495,17.6445,0.2309
mcw,316,0,33,304.855,88.525,135.0875,0.0141
mcw,316,0,34,304.245,87.71,52.7923,2.0341
mcw,316,0,35,303.84,86.735,141.8448,0.5341
mcw,316,1,0,304.5,88.96,173.6641,0.1811
mcw,316,1,1,304.325,89.0,160.5589,0.1803
mcw,316,1,2,304.155,89.075,152.1056,0.1924
mcw,316,1,3,303.995,89.175,143.7411,0.186
mcw,316,1,4,303.86,89.305,128.6598,0.1921
mcw,316,1,5,303.75,89.46,122.0064,0.1887
mcw,316,1,6,303.665,89.635,110.2266,0.2025
mcw,316,1,7,303.62,89.83,95.708,0.201
mcw,316,1,8,303.62,90.03,84.2929,0.201
mcw,316,1,9,303.66,90.22,71.5563,0.1897
mcw,316,1,10,303.74,90.395,59.5425,0.1972
mcw,316,1,11,303.85,90.55,49.3966,0.1844
mcw,316,1,12,303.985,90.68,38.6612,0.1921
mcw,316,1,13,304.15,90.785,26.5651,0.2012
mcw,316,1,14,304.335,90.86,17.5247,0.1993
mcw,316,1,15,304.53,90.9,5.708,0.201
mcw,316,1,16,304.72,90.9,173.6641,0.1811
mcw,316,1,17,304.9,90.86,161.5651,0.1897
mcw,316,1,18,305.07,90.78,147.9936,0.1887
mcw,316,1,19,305.22,90.67,139.3966,0.1844
mcw,316,1,20,305.345,90.535,126.2589,0.186
mcw,316,1,21,305.445,90.375,117.8944,0.1924
mcw,316,1,22,305.52,90.205,109.4379,0.1803
mcw,316,1,23,305.56,90.025,96.0057,0.1911
mcw,316,1,24,305.56,89.835,83.9934,0.191
mcw,316,1,25,305.525,89.655,73.6155,0.1772
mcw,316,1,26,305.455,89.485,62.0975,0.1924
mcw,316,1,27,305.355,89.325,53.7487,0.186
mcw,316,1,28,305.23,89.19,40.5972,0.1844
mcw,316,1,29,305.075,89.085,27.8987,0.1923
mcw,316,1,30,304.895,89.01,17.5247,0.1993
mcw,316,1,31,304.695,88.965,8.1301,0.2121
mcw,317,0,0,308.145,88.87,0.0,0.21
mcw,317,0,1,308.34,88.85,167.4702,0.1844
mcw,317,0,2,308.515,88.795,157.6245,0.1838
mcw,317,0,3,308.67,88.71,144.4635,0.1721
mcw,317,0,4,308.8,88.595,132.7072,0.1769
mcw,317,0,5,308.9,88.45,116.5607,0.1789
mcw,317,0,6,308.97,88.28,108.4349,0.1897
mcw,317,0,7,309.005,88.085,92.7287,0.2103
mcw,317,0,8,309.005,87.89,86.8169,0.1803
mcw,317,0,9,308.975,87.715,73.6127,0.1772
mcw,317,0,10,308.91,87.555,61.9263,0.17
mcw,317,0,11,308.82,87.41,54.4659,0.172
mcw,317,0,12,308.705,87.285,40.2394,0.1703
mcw,317,0,13,308.565,87.19,28.0695,0.17
mcw,317,0,14,308.405,87.125,16.3845,0.1772
mcw,317,0,15,308.225,87.09,6.0148,0.1911
mcw,317,0,16,308.05,87.085,176.4203,0.1603
mcw,317,0,17,307.89,87.11,165.9612,0.1649
mcw,317,0,18,307.74,87.16,156.7999,0.1523
mcw,317,0,19,307.605,87.235,145.3069,0.1581
mcw,317,0,20,307.485,87.33,137.7208,0.1487
mcw,317,0,21,307.385,87.445,124.7021,0.1581
mcw,317,0,22,307.305,87.58,116.5601,0.1565
mcw,317,0,23,307.255,87.73,100.619,0.1628
mcw,317,0,24,306.96,87.81,0.0,0.56
mcw,317,0,25,306.7,87.675,98.4227,0.2729
mcw,317,0,26,306.765,87.42,110.5537,0.2563
mcw,317,0,27,306.88,87.195,123.6939,0.2524
mcw,317,0,28,307.04,87.0,135.0,0.2545
mcw,317,0,29,307.23,86.835,143.1329,0.25
mcw,317,0,30,307.45,86.71,157.3781,0.26
mcw,317,0,31,307.695,86.625,164.3562,0.2596
mcw,317,0,32,307.955,86.58,175.7658,0.2707
mcw,317,0,33,308.24,86.585,5.71,0.3015
mcw,317,0,34,308.525,86.635,14.5304,0.2789
mcw,317,0,35,308.785,86.725,23.7525,0.2731
mcw,317,0,36,309.015,86.86,37.3057,0.264
mcw,317,0,37,309.205,87.04,49.6306,0.2625
mcw,317,0,38,309.355,87.26,61.5582,0.273
mcw,317,0,39,309.46,87.515,73.4976,0.2816
mcw,317,0,40,309.515,87.805,84.4726,0.3114
mcw,317,0,41,309.525,88.05,93.1734,0.1803
mcw,317,0,42,309.505,88.225,100.0068,0.1726
mcw,317,0,43,309.465,88.395,106.3968,0.1772
mcw,317,0,44,309.41,88.555,111.7974,0.1616
mcw,317,0,45,309.335,88.7,122.7371,0.1664
mcw,317,0,46,309.24,88.835,127.5692,0.164
mcw,317,0,47,309.125,88.96,137.2928,0.1769
mcw,317,0,48,308.985,89.065,149.0362,0.1749
mcw,317,0,49,309.025,89.21,41.0095,0.3048
mcw,317,0,50,309.225,89.435,55.787,0.3023
mcw,317,0,51,309.335,89.63,70.3375,0.1487
mcw,317,0,52,309.385,89.775,71.572,0.1581
mcw,317,0,53,309.42,89.925,82.3977,0.1513
mcw,317,0,54,309.435,90.085,86.6402,0.1703
mcw,317,0,55,309.425,90.31,96.1153,0.2816
mcw,317,0,56,309.375,90.57,106.2605,0.25
mcw,317,0,57,309.28,90.8,118.6093,0.2506
mcw,317,0,58,309.145,91.0,129.8056,0.2343
mcw,317,0,59,308.975,91.16,143.6191,0.236
mcw,317,0,60,308.77,91.285,153.4318,0.246
mcw,317,0,61,308.535,91.37,166.5048,0.2571
mcw,317,0,62,308.275,91.41,175.7658,0.2707
mcw,317,0,63,308.005,91.41,4.2338,0.2708
mcw,317,0,64,307.75,91.375,11.766,0.2451
mcw,317,0,65,307.52,91.3,24.4452,0.2417
mcw,317,0,66,307.315,91.185,34.381,0.2302
mcw,317,0,67,307.145,91.04,46.8494,0.2193
mcw,317,0,68,307.005,90.855,58.2385,0.247
mcw,317,0,69,306.895,90.635,68.6311,0.247
mcw,317,0,70,306.82,90.385,77.4712,0.2766
mcw,317,0,71,307.075,90.25,0.0,0.57
mcw,317,0,72,307.375,90.32,77.9044,0.1432
mcw,317,0,73,307.42,90.455,65.2266,0.1432
mcw,317,0,74,307.485,90.575,57.5298,0.1304
mcw,317,0,75,307.565,90.68,48.007,0.1345
mcw,317,0,76,307.665,90.77,36.0368,0.136
mcw,317,0,77,307.78,90.835,22.6157,0.13
mcw,317,0,78,307.91,90.88,15.947,0.1456
mcw,317,0,79,308.055,90.905,3.8179,0.1503
mcw,317,0,80,308.21,90.905,176.4203,0.1603
mcw,317,0,81,308.37,90.875,162.6503,0.1676
mcw,317,0,82,308.515,90.815,151.6976,0.1477
mcw,317,0,83,308.64,90.735,143.1301,0.15
mcw,317,0,84,308.75,90.635,132.2713,0.1487
mcw,317,0,85,308.835,90.51,116.5601,0.1565
mcw,317,0,86,308.89,90.365,104.935,0.1552
mcw,317,0,87,308.92,90.205,96.7158,0.1712
mcw,317,0,88,308.92,90.025,83.9852,0.1911
mcw,317,0,89,308.885,89.85,72.6503,0.1676
mcw,317,0,90,308.815,89.705,55.3069,0.1581
mcw,317,0,91,308.715,89.59,42.2626,0.1487
mcw,317,0,92,308.595,89.505,28.3024,0.1477
mcw,317,0,93,308.45,89.445,17.3596,0.1676
mcw,317,0,94,308.285,89.405,10.0086,0.1726
mcw,317,0,95,308.11,89.385,3.1734,0.1803
mcw,317,0,96,308.03,89.125,92.2445,0.5104
mcw,318,0,0,297.785,93.86,0.0,2.51
mcw,318,0,1,299.04,94.115,90.0,0.51
mcw,318,0,2,298.085,94.37,0.0,1.91
mcw,318,0,3,297.13,95.265,90.0,1.79
mcw,318,0,4,298.055,96.16,0.0,1.85
mcw,318,0,5,298.98,96.415,90.0,0.51
mcw,318,0,6,298.055,96.67,0.0,1.85
mcw,318,0,7,297.13,97.31,90.0,1.28
mcw,318,0,8,298.085,97.95,0.0,1.91
mcw,318,0,9,299.04,98.205,90.0,0.51
mcw,318,0,10,297.785,98.46,0.0,2.51
mcw,318,0,11,296.53,96.16,90.0,4.6
mcw,319,0,0,300.095,98.46,0.0,0.59
mcw,319,0,1,299.8,96.16,90.0,4.6
mcw,319,0,2,300.8,93.86,0.0,2.0
mcw,319,0,3,301.8,94.115,90.0,0.51
mcw,319,0,4,301.095,94.37,0.0,1.41
mcw,319,0,5,300.39,96.415,90.0,4.09
mcw,320,0,0,303.48,93.86,0.0,2.5
mcw,320,0,1,304.73,94.115,90.0,0.51
mcw,320,0,2,303.78,94.37,0.0,1.9
mcw,320,0,3,302.83,95.265,90.0,1.79
mcw,320,0,4,303.755,96.16,0.0,1.85
mcw,320,0,5,304.68,96.415,90.0,0.51
mcw,320,0,6,303.755,96.67,0.0,1.85
mcw,320,0,7,302.83,97.31,90.0,1.28
mcw,320,0,8,303.78,97.95,0.0,1.9
mcw,320,0,9,304.73,98.205,90.0,0.51
mcw,320,0,10,303.48,98.46,0.0,2.5
mcw,320,0,11,302.23,96.16,90.0,4.6
mcw,321,0,0,305.3,98.46,0.0,0.62
mcw,321,0,1,305.99,96.045,112.4935,5.2277
mcw,321,0,2,307.99,96.045,67.5065,5.2277
mcw,321,0,3,308.675,98.46,0.0,0.63
mcw,321,0,4,307.675,96.77,67.9361,3.6471
mcw,321,0,5,306.3,96.77,112.2095,3.6509
mcw,322,0,0,43.28,324.535,90.0,4.09
mcw,322,0,1,43.535,322.49,0.0,0.51
mcw,322,0,2,43.79,324.79,90.0,4.6
mcw,322,0,3,43.295,327.09,0.0,0.99
mcw,322,0,4,42.64,326.835,57.8943,0.6021
mcw,322,0,5,42.88,326.58,0.0,0.8
mcw,323,0,0,47.53,323.95,51.7097,2.4207
mcw,323,0,1,48.35,325.01,57.5291,0.2608
mcw,323,0,2,48.47,325.24,67.3788,0.26
mcw,323,0,3,48.55,325.485,76.5048,0.2571
mcw,323,0,4,48.59,325.74,85.6014,0.2608
mcw,323,0,5,48.585,326.02,95.71,0.3015
mcw,323,0,6,48.53,326.305,106.5054,0.2816
mcw,323,0,7,48.425,326.555,119.4742,0.2642
mcw,323,0,8,48.27,326.775,130.6025,0.2766
mcw,323,0,9,48.08,326.96,141.3397,0.2561
mcw,323,0,10,47.855,327.1,154.3599,0.2773
mcw,323,0,11,47.6,327.2,162.9001,0.272
mcw,323,0,12,47.325,327.25,176.0509,0.2907
mcw,323,0,13,47.03,327.25,3.8177,0.3007
mcw,323,0,14,46.745,327.2,16.5019,0.2816
mcw,323,0,15,46.49,327.105,24.6265,0.264
mcw,323,0,16,46.27,326.97,38.655,0.2561
mcw,323,0,17,46.085,326.79,49.6375,0.2625
mcw,323,0,18,45.935,326.57,61.5559,0.2729
mcw,323,0,19,45.82,326.32,68.9635,0.2786
mcw,323,0,20,45.745,326.04,80.5367,0.3041
mcw,323,0,21,46.005,325.89,0.0,0.57
mcw,323,0,22,46.305,325.975,79.9902,0.1726
mcw,323,0,23,46.35,326.14,69.4452,0.1709
mcw,323,0,24,46.42,326.295,61.926,0.17
mcw,323,0,25,46.515,326.435,49.7645,0.1703
mcw,323,0,26,46.635,326.55,37.5709,0.164
mcw,323,0,27,46.775,326.64,28.0683,0.17
mcw,323,0,28,46.93,326.705,17.36,0.1676
mcw,323,0,29,47.095,326.74,6.7061,0.1712
mcw,323,0,30,47.27,326.74,173.6633,0.1811
mcw,323,0,31,47.445,326.705,163.6046,0.1772
mcw,323,0,32,47.605,326.64,151.9317,0.17
mcw,323,0,33,47.75,326.54,139.3997,0.1844
mcw,323,0,34,47.875,326.415,130.2355,0.1703
mcw,323,0,35,47.97,326.275,118.0729,0.17
mcw,323,0,36,48.04,326.115,109.439,0.1803
mcw,323,0,37,48.08,325.94,96.3406,0.1811
mcw,323,0,38,48.07,325.735,80.1344,0.2335
mcw,323,0,39,48.005,325.51,67.7511,0.2377
mcw,323,0,40,47.89,325.295,56.309,0.2524
mcw,323,0,41,47.75,325.095,53.6161,0.236
mcw,323,0,42,46.67,323.745,51.1737,3.2219
mcw,323,0,43,47.13,322.49,0.0,2.94
mcw,323,0,44,48.6,322.745,90.0,0.51
mcw,323,0,45,47.69,323.0,0.0,1.82
mcw,324,0,0,50.51,324.535,90.0,4.09
mcw,324,0,1,50.765,322.49,0.0,0.51
mcw,324,0,2,51.02,324.79,90.0,4.6
mcw,324,0,3,50.525,327.09,0.0,0.99
mcw,324,0,4,49.87,326.835,57.8943,0.6021
mcw,324,0,5,50.11,326.58,0.0,0.8
mcw,325,0,0,54.445,322.42,5.4374,0.2109
mcw,325,0,1,54.65,322.45,11.3122,0.204
mcw,325,0,2,54.835,322.51,25.2056,0.1879
mcw,325,0,3,55.005,322.6,30.4597,0.1972
mcw,325,0,4,55.16,322.715,42.8801,0.1911
mcw,325,0,5,55.295,322.85,47.1239,0.1911
mcw,325,0,6,55.415,323.0,55.4919,0.1942
mcw,325,0,7,55.52,323.17,60.9448,0.2059
mcw,325,0,8,55.65,323.45,67.1666,0.4123
mcw,325,0,9,55.785,323.845,74.9817,0.4245
mcw,325,0,10,55.855,324.15,81.4688,0.2022
mcw,325,0,11,55.885,324.35,81.469,0.2022
mcw,325,0,12,55.905,324.545,86.9878,0.1903
mcw,325,0,13,55.915,324.73,86.8194,0.1803
mcw,325,0,14,55.915,324.915,93.0134,0.1903
mcw,325,0,15,55.905,325.105,93.0122,0.1903
mcw,325,0,16,55.885,325.3,98.5323,0.2022
mcw,325,0,17,55.855,325.505,98.1289,0.2122
mcw,325,0,18,55.785,325.81,105.3766,0.4148
mcw,325,0,19,55.65,326.205,112.307,0.4215
mcw,325,0,20,55.52,326.49,119.0511,0.2059
mcw,325,0,21,55.415,326.66,124.5132,0.1941
mcw,325,0,22,55.295,326.815,130.91,0.1985
mcw,325,0,23,55.16,326.95,139.3997,0.1844
mcw,325,0,24,55.01,327.065,145.495,0.1942
mcw,325,0,25,54.84,327.16,156.033,0.197
mcw,325,0,26,54.65,327.22,168.6962,0.204
mcw,325,0,27,54.445,327.25,174.5544,0.211
mcw,325,0,28,54.235,327.25,5.4456,0.211
mcw,325,0,29,54.03,327.22,11.3038,0.204
mcw,325,0,30,53.84,327.16,23.967,0.197
mcw,325,0,31,53.67,327.065,34.505,0.1942
mcw,325,0,32,53.52,326.95,40.6003,0.1844
mcw,325,0,33,53.385,326.815,49.09,0.1985
mcw,325,0,34,53.265,326.66,55.4868,0.1941
mcw,325,0,35,53.16,326.49,60.9489,0.2059
mcw,325,0,36,53.03,326.205,67.693,0.4215
mcw,325,0,37,52.895,325.81,74.6234,0.4148
mcw,325,0,38,52.825,325.505,81.8711,0.2122
mcw,325,0,39,52.795,325.3,81.4677,0.2022
mcw,325,0,40,52.775,325.105,86.9878,0.1903
mcw,325,0,41,52.77,324.915,90.0,0.19
mcw,325,0,42,52.77,324.73,90.0,0.18
mcw,325,0,43,52.775,324.545,93.0122,0.1903
mcw,325,0,44,52.795,324.35,98.531,0.2022
mcw,325,0,45,52.825,324.15,98.5312,0.2022
mcw,325,0,46,52.895,323.845,105.0183,0.4245
mcw,325,0,47,53.03,323.45,112.8334,0.4123
mcw,325,0,48,53.16,323.17,119.0552,0.2059
mcw,325,0,49,53.265,323.0,124.5081,0.1942
mcw,325,0,50,53.385,322.85,132.8761,0.1911
mcw,325,0,51,53.52,322.715,137.1199,0.1911
mcw,325,0,52,53.675,322.6,149.5403,0.1972
mcw,325,0,53,53.845,322.51,154.7944,0.1879
mcw,325,0,54,54.03,322.45,168.6878,0.204
mcw,325,0,55,54.235,322.42,174.5626,0.2109
mcw,325,1,0,54.415,326.745,176.1823,0.1503
mcw,325,1,1,54.555,326.715,158.9668,0.1393
mcw,325,1,2,54.685,326.66,155.2259,0.1432
mcw,325,1,3,54.805,326.585,140.7119,0.1421
mcw,325,1,4,54.95,326.425,128.0458,0.2921
mcw,325,1,5,55.11,326.17,116.5651,0.313
mcw,325,1,6,55.235,325.875,109.5369,0.3289
mcw,325,1,7,55.32,325.56,100.619,0.3256
mcw,325,1,8,55.37,325.25,97.5951,0.3026
mcw,325,1,9,55.395,324.965,92.1216,0.2702
mcw,325,1,10,55.395,324.695,87.8786,0.2702
mcw,325,1,11,55.37,324.41,82.4049,0.3026
mcw,325,1,12,55.32,324.1,79.381,0.3256
mcw,325,1,13,55.235,323.785,70.4631,0.3289
mcw,325,1,14,55.11,323.49,63.4349,0.313
mcw,325,1,15,54.95,323.24,50.7107,0.2843
mcw,325,1,16,54.805,323.085,39.2881,0.1421
mcw,325,1,17,54.685,323.01,24.7741,0.1432
mcw,325,1,18,54.555,322.955,21.0449,0.1393
mcw,325,1,19,54.415,322.925,3.8061,0.1503
mcw,325,1,20,54.265,322.925,176.1939,0.1503
mcw,325,1,21,54.125,322.955,158.9551,0.1393
mcw,325,1,22,53.995,323.01,155.2259,0.1432
mcw,325,1,23,53.875,323.085,140.7119,0.1421
mcw,325,1,24,53.73,323.24,129.2893,0.2843
mcw,325,1,25,53.57,323.49,116.5651,0.313
mcw,325,1,26,53.445,323.785,109.5369,0.3289
mcw,325,1,27,53.355,324.1,102.3388,0.3276
mcw,325,1,28,53.305,324.41,95.7106,0.3015
mcw,325,1,29,53.285,324.695,92.1214,0.2702
mcw,325,1,30,53.285,324.965,87.8784,0.2702
mcw,325,1,31,53.305,325.25,84.2894,0.3015
mcw,325,1,32,53.355,325.56,77.6612,0.3276
mcw,325,1,33,53.445,325.875,70.4631,0.3289
mcw,325,1,34,53.57,326.17,63.4349,0.313
mcw,325,1,35,53.73,326.425,51.9542,0.2921
mcw,325,1,36,53.875,326.585,39.2881,0.1421
mcw,325,1,37,53.995,326.66,24.7741,0.1432
mcw,325,1,38,54.125,326.715,21.0332,0.1393
mcw,325,1,39,54.265,326.745,3.8177,0.1503
mcw,326,0,0,44.075,329.7,0.0,2.51
mcw,326,0,1,45.33,329.955,90.0,0.51
mcw,326,0,2,44.375,330.21,0.0,1.91
mcw,326,0,3,43.42,331.105,90.0,1.79
mcw,326,0,4,44.345,332.0,0.0,1.85
mcw,326,0,5,45.27,332.255,90.0,0.51
mcw,326,0,6,44.345,332.51,0.0,1.85
mcw,326,0,7,43.42,333.15,90.0,1.28
mcw,326,0,8,44.375,333.79,0.0,1.91
mcw,326,0,9,45.33,334.045,90.0,0.51
mcw,326,0,10,44.075,334.3,0.0,2.51
mcw,326,0,11,42.82,332.0,90.0,4.6
mcw,327,0,0,46.39,334.3,0.0,0.6
mcw,327,0,1,46.09,332.0,90.0,4.6
mcw,327,0,2,47.09,329.7,0.0,2.0
mcw,327,0,3,48.09,329.955,90.0,0.51
mcw,327,0,4,47.39,330.21,0.0,1.4
mcw,327,0,5,46.69,332.255,90.0,4.09
mcw,328,0,0,49.77,329.7,0.0,2.5
mcw,328,0,1,51.02,329.955,90.0,0.51
mcw,328,0,2,50.07,330.21,0.0,1.9
mcw,328,0,3,49.12,331.105,90.0,1.79
mcw,328,0,4,50.045,332.0,0.0,1.85
mcw,328,0,5,50.97,332.255,90.0,0.51
mcw,328,0,6,50.045,332.51,0.0,1.85
mcw,328,0,7,49.12,333.15,90.0,1.28
mcw,328,0,8,50.07,333.79,0.0,1.9
mcw,328,0,9,51.02,334.045,90.0,0.51
mcw,328,0,10,49.77,334.3,0.0,2.5
mcw,328,0,11,48.52,332.0,90.0,4.6
mcw,329,0,0,51.595,334.3,0.0,0.63
mcw,329,0,1,52.28,331.885,112.4935,5.2277
mcw,329,0,2,54.28,331.885,67.5065,5.2277
mcw,329,0,3,54.965,334.3,0.0,0.63
mcw,329,0,4,53.965,332.605,67.9949,3.6564
mcw,329,0,5,52.595,332.605,112.005,3.6564
mcw,330,0,0,249.49,175.495,148.5728,0.2109
mcw,330,0,1,249.675,175.4,157.1622,0.2062
mcw,330,0,2,249.865,175.34,168.109,0.1942
mcw,330,0,3,250.055,175.315,176.9935,0.1903
mcw,330,0,4,250.245,175.315,3.0065,0.1903
mcw,330,0,5,250.435,175.345,14.7485,0.1965
mcw,330,0,6,250.62,175.4,18.4349,0.1897
mcw,330,0,7,250.805,175.47,22.83,0.2062
mcw,330,0,8,251.075,175.62,32.152,0.4134
mcw,330,0,9,251.415,175.86,38.236,0.4201
mcw,330,0,10,251.65,176.06,44.9938,0.198
mcw,330,0,11,251.79,176.205,46.9797,0.2052
mcw,330,0,12,251.925,176.35,47.1201,0.191
mcw,330,0,13,252.045,176.495,53.7449,0.186
mcw,330,0,14,252.155,176.645,53.7505,0.186
mcw,330,0,15,252.26,176.805,59.5304,0.1972
mcw,330,0,16,252.36,176.975,59.5387,0.1972
mcw,330,0,17,252.455,177.155,64.6513,0.2102
mcw,330,0,18,252.58,177.445,67.6944,0.4215
mcw,330,0,19,252.71,177.84,75.9627,0.4123
mcw,330,0,20,252.77,178.145,84.5591,0.211
mcw,330,0,21,252.785,178.345,86.9889,0.1903
mcw,330,0,22,252.78,178.54,95.7123,0.201
mcw,330,0,23,252.75,178.735,101.8866,0.1942
mcw,330,0,24,252.695,178.915,112.3807,0.1839
mcw,330,0,25,252.61,179.085,120.4658,0.1972
mcw,330,0,26,252.495,179.25,129.0943,0.2062
mcw,330,0,27,252.35,179.4,138.8118,0.2126
mcw,330,0,28,252.18,179.525,148.5728,0.2109
mcw,330,0,29,251.995,179.62,157.17,0.2062
mcw,330,0,30,251.805,179.68,168.109,0.1942
mcw,330,0,31,251.615,179.705,176.9843,0.1903
mcw,330,0,32,251.425,179.7,6.0057,0.1911
mcw,330,0,33,251.235,179.67,11.8919,0.1942
mcw,330,0,34,251.045,179.62,17.5247,0.1993
mcw,330,0,35,250.86,179.545,26.5631,0.2013
mcw,330,0,36,250.59,179.39,31.4297,0.4219
mcw,330,0,37,250.25,179.15,39.0956,0.4123
mcw,330,0,38,250.015,178.945,44.9971,0.2121
mcw,330,0,39,249.87,178.8,45.0031,0.198
mcw,330,0,40,249.735,178.655,49.0867,0.1985
mcw,330,0,41,249.615,178.505,53.7449,0.186
mcw,330,0,42,249.505,178.355,53.7449,0.186
mcw,330,0,43,249.4,178.2,57.9936,0.1887
mcw,330,0,44,249.305,178.03,63.4349,0.2012
mcw,330,0,45,249.21,177.85,60.947,0.2059
mcw,330,0,46,249.085,177.565,68.9625,0.4178
mcw,330,0,47,248.96,177.17,75.9627,0.4123
mcw,330,0,48,248.9,176.87,84.2929,0.201
mcw,330,0,49,248.89,176.67,90.0,0.2
mcw,330,0,50,248.895,176.475,93.0111,0.1903
mcw,330,0,51,248.925,176.285,104.7465,0.1964
mcw,330,0,52,248.98,176.1,108.432,0.1898
mcw,330,0,53,249.06,175.93,122.0064,0.1887
mcw,330,0,54,249.175,175.77,129.0963,0.2061
mcw,330,0,55,249.32,175.62,138.8118,0.2126
mcw,330,1,0,252.025,179.01,137.7208,0.1487
mcw,330,1,1,252.125,178.9,126.8746,0.15
mcw,330,1,2,252.195,178.78,112.6219,0.13
mcw,330,1,3,252.24,178.65,105.9413,0.1456
mcw,330,1,4,252.27,178.435,93.9459,0.2907
mcw,330,1,5,252.25,178.135,79.0463,0.3158
mcw,330,1,6,252.17,177.82,72.6454,0.3353
mcw,330,1,7,252.055,177.515,65.852,0.3178
mcw,330,1,8,251.915,177.235,60.9481,0.3089
mcw,330,1,9,251.765,176.99,55.7116,0.2663
mcw,330,1,10,251.605,176.775,51.0082,0.2702
mcw,330,1,11,251.42,176.56,47.7269,0.2973
mcw,330,1,12,251.195,176.34,41.3479,0.333
mcw,330,1,13,250.94,176.135,36.1591,0.322
mcw,330,1,14,250.67,175.97,26.5626,0.313
mcw,330,1,15,250.385,175.865,13.5714,0.2983
mcw,330,1,16,250.17,175.825,4.0896,0.1404
mcw,330,1,17,250.035,175.83,171.2447,0.1315
mcw,330,1,18,249.9,175.865,160.3525,0.1487
mcw,330,1,19,249.765,175.93,148.385,0.1526
mcw,330,1,20,249.645,176.015,140.7119,0.1421
mcw,330,1,21,249.55,176.12,123.6917,0.1442
mcw,330,1,22,249.48,176.24,116.5651,0.1342
mcw,330,1,23,249.43,176.37,105.947,0.1456
mcw,330,1,24,249.405,176.585,91.974,0.2902
mcw,330,1,25,249.425,176.885,80.837,0.314
mcw,330,1,26,249.5,177.195,72.1227,0.3257
mcw,330,1,27,249.615,177.5,66.5718,0.327
mcw,330,1,28,249.755,177.78,60.0174,0.3001
mcw,330,1,29,249.9,178.02,57.5262,0.2608
mcw,330,1,30,250.055,178.235,51.0122,0.2702
mcw,330,1,31,250.245,178.455,47.6013,0.3114
mcw,330,1,32,250.475,178.675,40.0332,0.3265
mcw,330,1,33,250.73,178.875,36.1575,0.322
mcw,330,1,34,251.0,179.045,28.1777,0.3176
mcw,330,1,35,251.285,179.155,13.5721,0.2983
mcw,330,1,36,251.5,179.195,4.0772,0.1404
mcw,330,1,37,251.64,179.19,171.8743,0.1414
mcw,330,1,38,251.775,179.155,158.9562,0.1393
mcw,330,1,39,251.905,179.095,151.7081,0.1476
mcw,331,0,0,251.94,174.52,153.4349,0.1342
mcw,331,0,1,251.815,174.55,0.0,0.13
mcw,331,0,2,251.685,174.53,17.1056,0.136
mcw,331,0,3,251.57,174.465,41.9887,0.1345
mcw,331,0,4,251.495,174.36,67.3781,0.13
mcw,331,0,5,251.465,174.235,85.6039,0.1304
mcw,331,0,6,251.485,174.105,111.0321,0.1393
mcw,331,0,7,251.555,173.995,135.0049,0.1273
mcw,331,0,8,251.66,173.92,153.4349,0.1342
mcw,331,0,9,251.785,173.885,175.6106,0.1304
mcw,331,0,10,251.91,173.905,22.6157,0.13
mcw,331,0,11,252.02,173.975,41.9843,0.1345
mcw,331,0,12,252.1,174.08,63.4349,0.1342
mcw,331,0,13,252.13,174.205,90.0,0.13
mcw,331,0,14,252.11,174.33,108.4393,0.1265
mcw,331,0,15,252.045,174.44,131.9843,0.1345
mcw,332,0,0,255.18,174.17,143.1319,0.2
mcw,332,0,1,255.325,174.04,132.8736,0.1911
mcw,332,0,2,255.44,173.89,122.0064,0.1887
mcw,332,0,3,255.515,173.73,107.3578,0.1676
mcw,332,0,4,255.55,173.56,96.3407,0.1811
mcw,332,0,5,255.545,173.38,80.533,0.1825
mcw,332,0,6,255.5,173.2,71.5651,0.1897
mcw,332,0,7,255.415,173.025,57.0967,0.2025
mcw,332,0,8,255.3,172.87,49.3966,0.1844
mcw,332,0,9,255.17,172.745,38.1614,0.1781
mcw,332,0,10,255.025,172.65,28.0695,0.17
mcw,332,0,11,254.865,172.59,13.2422,0.1747
mcw,332,0,12,254.7,172.565,3.5801,0.1603
mcw,332,0,13,254.53,172.57,173.6539,0.1811
mcw,332,0,14,254.36,172.61,159.4452,0.1709
mcw,332,0,15,254.2,172.685,150.6415,0.1836
mcw,332,0,16,254.055,172.785,139.7685,0.1703
mcw,332,0,17,253.94,172.9,129.8013,0.1562
mcw,332,0,18,253.85,173.03,119.7435,0.1612
mcw,332,0,19,253.78,173.17,113.2009,0.1523
mcw,332,0,20,253.74,173.315,97.5908,0.1513
mcw,332,0,21,253.73,173.465,90.0,0.15
mcw,332,0,22,253.745,173.62,79.381,0.1628
mcw,332,0,23,253.795,173.775,64.9847,0.1655
mcw,332,0,24,253.605,174.015,143.7446,0.558
mcw,332,0,25,253.315,174.06,61.5582,0.273
mcw,332,0,26,253.215,173.815,74.3594,0.2596
mcw,332,0,27,253.175,173.56,87.7984,0.2602
mcw,332,0,28,253.185,173.31,97.1241,0.2419
mcw,332,0,29,253.245,173.07,110.556,0.2563
mcw,332,0,30,253.35,172.835,117.5507,0.2594
mcw,332,0,31,253.495,172.62,130.3668,0.2625
mcw,332,0,32,253.68,172.435,139.6328,0.2625
mcw,332,0,33,253.91,172.27,148.3929,0.3053
mcw,332,0,34,254.17,172.135,157.0702,0.2823
mcw,332,0,35,254.435,172.055,169.5049,0.2746
mcw,332,0,36,254.7,172.035,2.2048,0.2602
mcw,332,0,37,254.96,172.07,12.9936,0.2668
mcw,332,0,38,255.21,172.155,24.6276,0.264
mcw,332,0,39,255.44,172.295,37.6913,0.278
mcw,332,0,40,255.655,172.495,47.603,0.3115
mcw,332,0,41,255.81,172.69,57.9976,0.1887
mcw,332,0,42,255.9,172.845,61.926,0.17
mcw,332,0,43,255.97,173.0,69.4452,0.1709
mcw,332,0,44,256.02,173.165,76.7555,0.1746
mcw,332,0,45,256.045,173.33,86.4203,0.1603
mcw,332,0,46,256.045,173.495,93.3695,0.1703
mcw,332,0,47,256.025,173.66,100.619,0.1628
mcw,332,0,48,255.975,173.825,112.3843,0.1838
mcw,332,0,49,256.095,173.925,5.5274,0.3114
mcw,332,0,50,256.39,173.99,19.655,0.2973
mcw,332,0,51,256.595,174.075,28.3024,0.1477
mcw,332,0,52,256.72,174.16,39.8084,0.1562
mcw,332,0,53,256.835,174.265,44.9921,0.1556
mcw,332,0,54,256.945,174.385,49.7685,0.1703
mcw,332,0,55,257.07,174.57,59.7399,0.2778
mcw,332,0,56,257.185,174.81,69.4463,0.2563
mcw,332,0,57,257.245,175.05,82.875,0.2419
mcw,332,0,58,257.25,175.29,94.7612,0.2408
mcw,332,0,59,257.205,175.525,106.9284,0.2404
mcw,332,0,60,257.115,175.745,117.6503,0.2371
mcw,332,0,61,256.98,175.95,128.6587,0.2561
mcw,332,0,62,256.795,176.14,139.3987,0.2766
mcw,332,0,63,256.575,176.3,148.6699,0.2693
mcw,332,0,64,256.345,176.42,156.5048,0.2508
mcw,332,0,65,256.115,176.495,167.7314,0.2354
mcw,332,0,66,255.885,176.525,177.5156,0.2302
mcw,332,0,67,255.66,176.51,10.2993,0.2236
mcw,332,0,68,255.44,176.445,22.2481,0.2377
mcw,332,0,69,255.22,176.33,32.4738,0.2608
mcw,332,0,70,255.01,176.17,41.9865,0.2691
mcw,332,0,71,255.14,175.91,143.5315,0.572
mcw,332,0,72,255.425,175.79,42.2666,0.1486
mcw,332,0,73,255.54,175.875,30.2601,0.1389
mcw,332,0,74,255.66,175.935,22.6281,0.13
mcw,332,0,75,255.785,175.97,8.7411,0.1315
mcw,332,0,76,255.915,175.98,0.0,0.13
mcw,332,0,77,256.05,175.97,171.8734,0.1414
mcw,332,0,78,256.185,175.93,155.2266,0.1432
mcw,332,0,79,256.315,175.865,151.6976,0.1477
mcw,332,0,80,256.44,175.77,135.0,0.1697
mcw,332,0,81,256.55,175.65,129.8013,0.1562
mcw,332,0,82,256.635,175.52,116.57,0.1565
mcw,332,0,83,256.69,175.38,105.9355,0.1456
mcw,332,0,84,256.715,175.235,93.8179,0.1503
mcw,332,0,85,256.71,175.085,82.4092,0.1513
mcw,332,0,86,256.67,174.935,68.1986,0.1615
mcw,332,0,87,256.6,174.785,61.9215,0.17
mcw,332,0,88,256.495,174.64,47.123,0.1911
mcw,332,0,89,256.36,174.52,35.5424,0.172
mcw,332,0,90,256.22,174.445,19.6475,0.1487
mcw,332,0,91,256.075,174.41,7.5908,0.1513
mcw,332,0,92,255.925,174.41,172.4092,0.1513
mcw,332,0,93,255.77,174.445,162.6503,0.1676
mcw,332,0,94,255.615,174.51,151.9215,0.17
mcw,332,0,95,255.465,174.6,146.3099,0.1803
mcw,332,0,96,255.245,174.44,55.3773,0.5104
mcw,333,0,0,259.015,174.515,149.935,0.2195
mcw,333,0,1,258.825,174.605,159.7734,0.2025
mcw,333,0,2,258.63,174.655,171.4688,0.2022
mcw,333,0,3,258.43,174.67,0.0,0.2
mcw,333,0,4,258.23,174.645,14.0321,0.2062
mcw,333,0,5,258.04,174.58,23.9679,0.197
mcw,333,0,6,257.87,174.48,36.8681,0.2
mcw,333,0,7,257.715,174.34,46.8494,0.2193
mcw,333,0,8,257.59,174.17,60.9429,0.2059
mcw,333,0,9,257.505,173.98,70.7064,0.2119
mcw,333,0,10,257.46,173.785,83.9943,0.1911
mcw,333,0,11,257.46,173.59,95.7071,0.201
mcw,333,0,12,257.495,173.395,104.7485,0.1965
mcw,333,0,13,257.565,173.21,116.5651,0.2012
mcw,333,0,14,257.675,173.035,127.4042,0.214
mcw,333,0,15,257.82,172.88,138.8179,0.2126
mcw,333,0,16,257.995,172.755,149.9282,0.2196
mcw,333,0,17,258.185,172.665,159.7815,0.2025
mcw,333,0,18,258.38,172.61,168.6867,0.2039
mcw,333,0,19,258.58,172.595,2.865,0.2003
mcw,333,0,20,258.775,172.62,11.8822,0.1942
mcw,333,0,21,258.965,172.68,22.8378,0.2062
mcw,333,0,22,259.14,172.78,36.8734,0.2
mcw,333,0,23,259.29,172.92,48.8118,0.2126
mcw,333,0,24,259.415,173.09,58.5728,0.2109
mcw,333,0,25,259.505,173.28,70.7092,0.2119
mcw,333,0,26,259.55,173.48,84.2833,0.201
mcw,333,0,27,259.55,173.675,96.0148,0.1911
mcw,333,0,28,259.515,173.87,104.0321,0.2062
mcw,333,0,29,259.445,174.06,116.5651,0.2012
mcw,333,0,30,259.335,174.23,129.0943,0.2062
mcw,333,0,31,259.19,174.385,136.8494,0.2193
mcw,333,1,0,258.96,174.135,138.0157,0.1345
mcw,333,1,1,259.055,174.035,129.2842,0.1421
mcw,333,1,2,259.13,173.915,114.7786,0.1432
mcw,333,1,3,259.18,173.785,107.1056,0.136
mcw,333,1,4,259.205,173.655,94.4028,0.1304
mcw,333,1,5,259.205,173.52,85.9108,0.1404
mcw,333,1,6,259.18,173.385,72.8944,0.136
mcw,333,1,7,259.125,173.26,59.7508,0.1389
mcw,333,1,8,259.04,173.15,44.9913,0.1414
mcw,333,1,9,258.935,173.065,32.4702,0.1304
mcw,333,1,10,258.82,173.0,26.5651,0.1342
mcw,333,1,11,258.695,172.955,12.9936,0.1334
mcw,333,1,12,258.56,172.94,0.0,0.14
mcw,333,1,13,258.425,172.95,171.2589,0.1315
mcw,333,1,14,258.295,172.985,158.9679,0.1393
mcw,333,1,15,258.165,173.045,151.6976,0.1477
mcw,333,1,16,258.05,173.13,134.9913,0.1414
mcw,333,1,17,257.955,173.235,129.3015,0.1421
mcw,333,1,18,257.88,173.35,116.5592,0.1342
mcw,333,1,19,257.83,173.475,107.0971,0.136
mcw,333,1,20,257.805,173.61,94.0892,0.1404
mcw,333,1,21,257.805,173.745,85.5972,0.1304
mcw,333,1,22,257.83,173.875,72.9067,0.136
mcw,333,1,23,257.885,174.0,59.7399,0.1389
mcw,333,1,24,257.965,174.11,48.0157,0.1345
mcw,333,1,25,258.065,174.2,36.0189,0.136
mcw,333,1,26,258.185,174.265,21.0321,0.1393
mcw,333,1,27,258.315,174.305,12.9966,0.1334
mcw,333,1,28,258.45,174.32,0.0,0.14
mcw,333,1,29,258.585,174.31,171.2589,0.1315
mcw,333,1,30,258.715,174.275,158.9679,0.1393
mcw,333,1,31,258.845,174.215,151.692,0.1476
mcw,334,0,0,258.48,172.03,23.5072,5.3653
mcw,334,0,1,256.09,170.815,115.7734,0.322
mcw,334,0,2,258.615,171.74,23.5496,5.3561
mcw,334,0,3,261.005,172.955,114.1457,0.3178
mcw,335,0,0,259.015,171.135,149.935,0.2195
mcw,335,0,1,258.815,171.23,159.1407,0.2247
mcw,335,0,2,258.605,171.29,169.213,0.2138
mcw,335,0,3,258.4,171.305,2.865,0.2003
mcw,335,0,4,258.2,171.275,14.0321,0.2062
mcw,335,0,5,258.005,171.21,22.8378,0.2062
mcw,335,0,6,257.825,171.105,37.4092,0.214
mcw,335,0,7,257.665,170.955,48.5746,0.2267
mcw,335,0,8,257.53,170.775,57.7192,0.2247
mcw,335,0,9,257.44,170.58,73.3024,0.2088
mcw,335,0,10,257.395,170.375,81.8699,0.2121
mcw,335,0,11,257.39,170.17,95.7158,0.201
mcw,335,0,12,257.425,169.97,104.0342,0.2061
mcw,335,0,13,257.5,169.775,117.7597,0.2147
mcw,335,0,14,257.615,169.595,127.4042,0.214
mcw,335,0,15,257.77,169.435,140.1944,0.2343
mcw,335,0,16,257.955,169.3,147.7257,0.2247
mcw,335,0,17,258.15,169.205,160.7092,0.2119
mcw,335,0,18,258.355,169.15,169.213,0.2138
mcw,335,0,19,258.565,169.135,2.7291,0.2102
mcw,335,0,20,258.77,169.16,11.3116,0.204
mcw,335,0,21,258.96,169.225,26.5651,0.2012
mcw,335,0,22,259.135,169.335,37.4092,0.214
mcw,335,0,23,259.295,169.48,46.8436,0.2193
mcw,335,0,24,259.43,169.66,59.035,0.2332
mcw,335,0,25,259.525,169.86,70.7092,0.2119
mcw,335,0,26,259.575,170.06,81.4688,0.2022
mcw,335,0,27,259.58,170.265,95.445,0.211
mcw,335,0,28,259.54,170.47,106.7,0.2088
mcw,335,0,29,259.465,170.66,116.5612,0.2013
mcw,335,0,30,259.35,170.84,127.873,0.228
mcw,335,0,31,259.195,171.005,138.5797,0.2267
mcw,335,1,0,258.965,170.75,137.7287,0.1487
mcw,335,1,1,259.065,170.64,126.8699,0.15
mcw,335,1,2,259.145,170.515,118.3024,0.1477
mcw,335,1,3,259.2,170.38,105.9388,0.1456
mcw,335,1,4,259.225,170.24,94.0892,0.1404
mcw,335,1,5,259.225,170.1,85.9099,0.1403
mcw,335,1,6,259.195,169.96,70.3525,0.1487
mcw,335,1,7,259.135,169.825,61.6976,0.1477
mcw,335,1,8,259.05,169.71,45.0087,0.1414
mcw,335,1,9,258.94,169.615,36.8629,0.15
mcw,335,1,10,258.815,169.545,21.0366,0.1393
mcw,335,1,11,258.68,169.505,12.0931,0.1432
mcw,335,1,12,258.54,169.485,4.0892,0.1404
mcw,335,1,13,258.395,169.495,168.6901,0.153
mcw,335,1,14,258.255,169.535,158.9562,0.1393
mcw,335,1,15,258.125,169.595,151.7025,0.1476
mcw,335,1,16,258.0,169.68,140.1987,0.1562
mcw,335,1,17,257.895,169.79,126.8699,0.15
mcw,335,1,18,257.82,169.915,114.7734,0.1432
mcw,335,1,19,257.77,170.05,105.9355,0.1456
mcw,335,1,20,257.74,170.19,98.1388,0.1414
mcw,335,1,21,257.74,170.335,82.3977,0.1513
mcw,335,1,22,257.77,170.475,72.9067,0.136
mcw,335,1,23,257.825,170.605,61.6976,0.1477
mcw,335,1,24,257.91,170.725,47.7287,0.1487
mcw,335,1,25,258.02,170.82,33.6867,0.1442
mcw,335,1,26,258.145,170.89,24.7734,0.1432
mcw,335,1,27,258.28,170.935,12.0956,0.1432
mcw,335,1,28,258.425,170.95,0.0,0.15
mcw,335,1,29,258.57,170.94,171.8734,0.1414
mcw,335,1,30,258.71,170.905,160.3414,0.1487
mcw,335,1,31,258.845,170.84,148.3917,0.1526
mcw,336,0,0,262.54,169.93,53.6825,2.9041
mcw,336,0,1,261.63,168.68,57.9936,0.1887
mcw,336,0,2,261.535,168.52,60.6438,0.1836
mcw,336,0,3,261.455,168.36,66.3689,0.1746
mcw,336,0,4,261.39,168.195,70.5589,0.1803
mcw,336,0,5,261.33,167.945,79.6961,0.3354
mcw,336,0,6,261.3,167.62,90.0,0.32
mcw,336,0,7,261.335,167.3,102.3412,0.3275
mcw,336,0,8,261.44,166.99,115.0131,0.3311
mcw,336,0,9,261.56,166.77,125.5424,0.172
mcw,336,0,10,261.665,166.635,130.2394,0.1703
mcw,336,0,11,261.79,166.505,137.1168,0.191
mcw,336,0,12,261.935,166.38,141.3402,0.1921
mcw,336,0,13,262.09,166.265,145.4882,0.1942
mcw,336,0,14,262.25,166.165,150.6438,0.1836
mcw,336,0,15,262.41,166.085,156.3781,0.1746
mcw,336,0,16,262.575,166.025,163.606,0.1772
mcw,336,0,17,262.825,165.98,173.087,0.3324
mcw,336,0,18,263.15,165.975,5.3609,0.3214
mcw,336,0,19,263.465,166.035,16.1887,0.3228
mcw,336,0,20,263.77,166.16,28.074,0.34
mcw,336,0,21,263.985,166.29,37.5608,0.164
mcw,336,0,22,264.12,166.4,40.5972,0.1844
mcw,336,0,23,264.25,166.53,49.4028,0.1844
mcw,336,0,24,264.37,166.67,49.4028,0.1844
mcw,336,0,25,265.29,167.915,53.7987,2.9122
mcw,336,0,26,265.91,169.265,143.9019,0.5941
mcw,336,0,27,264.87,168.345,53.8488,2.7122
mcw,336,0,28,263.98,167.14,50.7071,0.2843
mcw,336,0,29,263.795,166.935,45.0,0.2687
mcw,336,0,30,263.6,166.76,38.663,0.2561
mcw,336,0,31,263.395,166.625,27.6438,0.2371
mcw,336,0,32,263.175,166.535,16.9284,0.2404
mcw,336,0,33,262.94,166.505,177.6116,0.2402
mcw,336,0,34,262.76,166.52,170.5448,0.1217
mcw,336,0,35,262.635,166.555,158.9517,0.1393
mcw,336,0,36,262.505,166.61,155.2266,0.1432
mcw,336,0,37,262.375,166.685,145.3069,0.1581
mcw,336,0,38,262.25,166.78,140.1916,0.1562
mcw,336,0,39,262.14,166.88,135.0087,0.1414
mcw,336,0,40,262.045,166.985,129.2842,0.1421
mcw,336,0,41,261.97,167.095,118.6127,0.1253
mcw,336,0,42,261.905,167.265,106.9284,0.2404
mcw,336,0,43,261.865,167.495,92.4919,0.2302
mcw,336,0,44,261.885,167.73,78.2271,0.2451
mcw,336,0,45,261.955,167.97,69.444,0.2563
mcw,336,0,46,262.06,168.21,63.4379,0.2683
mcw,336,0,47,262.2,168.445,55.1726,0.2802
mcw,336,0,48,263.08,169.655,53.8483,2.7122
mcw,336,0,49,263.64,170.925,143.9019,0.5941
mcw,337,0,0,265.895,166.0,143.4684,0.336
mcw,337,0,1,266.17,165.81,147.2657,0.3329
mcw,337,0,2,266.445,165.655,154.2908,0.2997
mcw,337,0,3,266.72,165.545,162.1817,0.2941
mcw,337,0,4,267.0,165.485,173.8847,0.2816
mcw,337,0,5,267.27,165.485,6.5814,0.2617
mcw,337,0,6,267.53,165.55,21.0402,0.2786
mcw,337,0,7,267.72,165.635,30.2601,0.1389
mcw,337,0,8,267.84,165.72,39.8013,0.1562
mcw,337,0,9,267.955,165.825,45.0,0.1555
mcw,337,0,10,268.065,165.945,49.7685,0.1703
mcw,337,0,11,268.2,166.135,57.3802,0.2968
mcw,337,0,12,268.33,166.385,68.1974,0.2693
mcw,337,0,13,268.395,166.64,83.4186,0.2617
mcw,337,0,14,268.395,166.895,96.8425,0.2518
mcw,337,0,15,268.355,167.09,109.6515,0.1486
mcw,337,0,16,268.295,167.225,118.3024,0.1477
mcw,337,0,17,268.215,167.36,122.7371,0.1664
mcw,337,0,18,268.115,167.5,128.1583,0.1781
mcw,337,0,19,267.995,167.645,130.9099,0.1985
mcw,337,0,20,267.855,167.795,135.0058,0.2121
mcw,337,0,21,267.685,167.945,141.7057,0.2421
mcw,337,0,22,267.49,168.1,141.3423,0.2561
mcw,337,0,23,267.115,168.38,143.9719,0.6801
mcw,337,0,24,265.48,166.73,53.6792,4.5922
mcw,337,0,25,264.36,164.7,143.1319,0.6
mcw,337,0,26,265.18,165.31,53.7144,1.9601
mcw,337,1,0,267.08,167.775,143.1301,0.15
mcw,337,1,1,267.23,167.66,142.121,0.228
mcw,337,1,2,267.405,167.515,138.5797,0.2267
mcw,337,1,3,267.565,167.36,133.1506,0.2193
mcw,337,1,4,267.7,167.195,125.2192,0.2081
mcw,337,1,5,267.8,167.02,113.9562,0.197
mcw,337,1,6,267.855,166.835,98.9736,0.1923
mcw,337,1,7,267.865,166.69,84.3015,0.1005
mcw,337,1,8,267.845,166.59,73.3024,0.1044
mcw,337,1,9,267.805,166.485,65.5513,0.1209
mcw,337,1,10,267.75,166.38,59.0311,0.1166
mcw,337,1,11,267.675,166.28,48.0157,0.1345
mcw,337,1,12,267.59,166.19,45.0109,0.1131
mcw,337,1,13,267.505,166.12,33.6901,0.1082
mcw,337,1,14,267.415,166.065,29.0414,0.103
mcw,337,1,15,267.275,166.02,11.8928,0.1941
mcw,337,1,16,267.085,166.005,176.9843,0.1903
mcw,337,1,17,266.89,166.04,163.3024,0.2088
mcw,337,1,18,266.69,166.115,155.7744,0.2193
mcw,337,1,19,266.495,166.215,149.9242,0.2195
mcw,337,1,20,266.305,166.335,145.6253,0.2302
mcw,337,1,21,266.135,166.455,143.7467,0.186
mcw,337,1,22,266.54,167.165,53.7645,1.6241
mcw,338,0,0,275.855,203.84,92.6051,0.2202
mcw,338,0,1,275.885,203.635,104.7399,0.1965
mcw,338,0,2,275.95,203.45,113.9679,0.197
mcw,338,0,3,276.04,203.28,121.9985,0.1887
mcw,338,0,4,276.155,203.13,132.877,0.1911
mcw,338,0,5,276.29,202.995,137.1297,0.191
mcw,338,0,6,276.44,202.875,145.4882,0.1942
mcw,338,0,7,276.61,202.77,150.9429,0.2059
mcw,338,0,8,276.89,202.64,157.1661,0.4123
mcw,338,0,9,277.28,202.505,164.6255,0.4148
mcw,338,0,10,277.585,202.435,171.8699,0.2121
mcw,338,0,11,277.79,202.405,171.4701,0.2022
mcw,338,0,12,277.985,202.385,176.9843,0.1903
mcw,338,0,13,278.17,202.375,176.8266,0.1803
mcw,338,0,14,278.355,202.375,3.0065,0.1903
mcw,338,0,15,278.545,202.385,3.0157,0.1903
mcw,338,0,16,278.74,202.405,8.5312,0.2022
mcw,338,0,17,278.945,202.435,8.1289,0.2122
mcw,338,0,18,279.25,202.505,15.3745,0.4148
mcw,338,0,19,279.645,202.64,22.3075,0.4215
mcw,338,0,20,279.93,202.77,29.053,0.2059
mcw,338,0,21,280.1,202.875,34.5169,0.1942
mcw,338,0,22,280.255,202.995,40.9042,0.1985
mcw,338,0,23,280.39,203.13,49.4028,0.1844
mcw,338,0,24,280.505,203.28,55.4957,0.1942
mcw,338,0,25,280.595,203.45,68.7467,0.1931
mcw,338,0,26,280.655,203.64,75.9679,0.2062
mcw,338,0,27,280.69,203.845,84.5542,0.2109
mcw,338,0,28,280.69,204.055,95.4458,0.2109
mcw,338,0,29,280.655,204.26,104.0321,0.2062
mcw,338,0,30,280.595,204.45,111.2533,0.1931
mcw,338,0,31,280.505,204.62,124.5043,0.1942
mcw,338,0,32,280.39,204.77,130.5972,0.1844
mcw,338,0,33,280.255,204.905,139.0958,0.1985
mcw,338,0,34,280.1,205.025,145.4831,0.1942
mcw,338,0,35,279.93,205.13,150.947,0.2059
mcw,338,0,36,279.645,205.26,157.6925,0.4215
mcw,338,0,37,279.245,205.395,164.9837,0.4245
mcw,338,0,38,278.94,205.465,171.4701,0.2022
mcw,338,0,39,278.74,205.49,174.292,0.201
mcw,338,0,40,278.545,205.51,173.9852,0.1911
mcw,338,0,41,278.355,205.52,0.0,0.19
mcw,338,0,42,278.17,205.52,0.0,0.18
mcw,338,0,43,277.98,205.51,5.7158,0.201
mcw,338,0,44,277.785,205.49,6.0057,0.1911
mcw,338,0,45,277.585,205.46,10.787,0.2138
mcw,338,0,46,277.28,205.39,14.0332,0.4123
mcw,338,0,47,276.89,205.26,22.8339,0.4123
mcw,338,0,48,276.61,205.13,29.0571,0.2059
mcw,338,0,49,276.44,205.025,34.5118,0.1942
mcw,338,0,50,276.29,204.905,42.8703,0.191
mcw,338,0,51,276.155,204.765,49.0892,0.1985
mcw,338,0,52,276.04,204.61,58.0015,0.1887
mcw,338,0,53,275.95,204.44,66.0321,0.197
mcw,338,0,54,275.885,204.255,75.2601,0.1965
mcw,338,0,55,275.855,204.055,87.2709,0.2102
mcw,338,1,0,280.18,203.875,82.4092,0.1513
mcw,338,1,1,280.15,203.735,72.8944,0.136
mcw,338,1,2,280.1,203.605,65.2266,0.1432
mcw,338,1,3,280.025,203.485,50.708,0.1421
mcw,338,1,4,279.865,203.34,38.0493,0.2921
mcw,338,1,5,279.61,203.18,26.5626,0.313
mcw,338,1,6,279.315,203.055,19.5394,0.3289
mcw,338,1,7,279.0,202.965,12.3349,0.3276
mcw,338,1,8,278.685,202.915,5.5274,0.3114
mcw,338,1,9,278.4,202.89,4.4033,0.2607
mcw,338,1,10,278.135,202.89,175.7598,0.2708
mcw,338,1,11,277.85,202.915,174.2894,0.3015
mcw,338,1,12,277.54,202.965,167.6651,0.3276
mcw,338,1,13,277.225,203.05,162.1201,0.3257
mcw,338,1,14,276.93,203.175,151.8223,0.3176
mcw,338,1,15,276.68,203.34,140.7071,0.2843
mcw,338,1,16,276.525,203.485,129.292,0.1421
mcw,338,1,17,276.445,203.6,120.2601,0.1389
mcw,338,1,18,276.39,203.73,105.947,0.1456
mcw,338,1,19,276.365,203.875,93.8063,0.1503
mcw,338,1,20,276.365,204.025,86.1937,0.1503
mcw,338,1,21,276.39,204.165,72.8944,0.136
mcw,338,1,22,276.445,204.29,59.7399,0.1389
mcw,338,1,23,276.525,204.405,50.7158,0.1421
mcw,338,1,24,276.68,204.555,40.8153,0.2907
mcw,338,1,25,276.93,204.72,26.5626,0.313
mcw,338,1,26,277.225,204.84,17.8799,0.3257
mcw,338,1,27,277.54,204.925,12.3401,0.3276
mcw,338,1,28,277.85,204.98,7.5908,0.3026
mcw,338,1,29,278.135,205.005,2.123,0.2702
mcw,338,1,30,278.4,205.005,177.7951,0.2602
mcw,338,1,31,278.685,204.98,172.6516,0.3126
mcw,338,1,32,279.0,204.93,169.381,0.3256
mcw,338,1,33,279.315,204.845,160.4606,0.3289
mcw,338,1,34,279.61,204.72,153.4374,0.313
mcw,338,1,35,279.865,204.56,141.9507,0.2921
mcw,338,1,36,280.025,204.415,129.292,0.1421
mcw,338,1,37,280.1,204.295,114.7734,0.1432
mcw,338,1,38,280.15,204.165,107.1056,0.136
mcw,338,1,39,280.18,204.025,97.5908,0.1513
mcw,339,0,0,276.515,201.295,102.9936,0.1334
mcw,339,0,1,276.465,201.415,122.4774,0.1304
mcw,339,0,2,276.375,201.505,147.5226,0.1304
mcw,339,0,3,276.255,201.555,167.0064,0.1334
mcw,339,0,4,276.125,201.555,12.9936,0.1334
mcw,339,0,5,276.005,201.505,32.4774,0.1304
mcw,339,0,6,275.915,201.415,57.5226,0.1304
mcw,339,0,7,275.865,201.295,77.0064,0.1334
mcw,339,0,8,275.865,201.16,102.0931,0.1432
mcw,339,0,9,275.915,201.04,125.0014,0.122
mcw,339,0,10,276.005,200.95,143.9632,0.136
mcw,339,0,11,276.125,200.9,171.2589,0.1315
mcw,339,0,12,276.255,200.9,8.7411,0.1315
mcw,339,0,13,276.375,200.95,36.0368,0.136
mcw,339,0,14,276.465,201.04,54.9986,0.122
mcw,339,0,15,276.515,201.16,77.9069,0.1432
mcw,340,0,0,278.15,198.465,90.0,0.21
mcw,340,0,1,278.13,198.27,77.4702,0.1844
mcw,340,0,2,278.075,198.095,67.6245,0.1838
mcw,340,0,3,277.99,197.94,54.4635,0.1721
mcw,340,0,4,277.875,197.81,42.7072,0.1769
mcw,340,0,5,277.73,197.71,26.5607,0.1789
mcw,340,0,6,277.56,197.64,18.4349,0.1897
mcw,340,0,7,277.365,197.605,2.7287,0.2103
mcw,340,0,8,277.17,197.605,176.8169,0.1803
mcw,340,0,9,276.995,197.635,163.6127,0.1772
mcw,340,0,10,276.835,197.7,151.9263,0.17
mcw,340,0,11,276.69,197.79,144.4659,0.172
mcw,340,0,12,276.565,197.905,130.2394,0.1703
mcw,340,0,13,276.47,198.045,118.0695,0.17
mcw,340,0,14,276.405,198.205,106.3845,0.1772
mcw,340,0,15,276.37,198.385,96.0148,0.1911
mcw,340,0,16,276.365,198.56,86.4203,0.1603
mcw,340,0,17,276.39,198.72,75.9612,0.1649
mcw,340,0,18,276.44,198.87,66.7999,0.1523
mcw,340,0,19,276.515,199.005,55.3069,0.1581
mcw,340,0,20,276.61,199.125,47.7208,0.1487
mcw,340,0,21,276.725,199.225,34.7021,0.1581
mcw,340,0,22,276.86,199.305,26.5601,0.1565
mcw,340,0,23,277.01,199.355,10.619,0.1628
mcw,340,0,24,277.09,199.65,90.0,0.56
mcw,340,0,25,276.955,199.91,8.4227,0.2729
mcw,340,0,26,276.7,199.845,20.5537,0.2563
mcw,340,0,27,276.475,199.73,33.6939,0.2524
mcw,340,0,28,276.28,199.57,45.0,0.2545
mcw,340,0,29,276.115,199.38,53.1329,0.25
mcw,340,0,30,275.99,199.16,67.3781,0.26
mcw,340,0,31,275.905,198.915,74.3562,0.2596
mcw,340,0,32,275.86,198.655,85.7658,0.2707
mcw,340,0,33,275.865,198.37,95.71,0.3015
mcw,340,0,34,275.915,198.085,104.5304,0.2789
mcw,340,0,35,276.005,197.825,113.7525,0.2731
mcw,340,0,36,276.14,197.595,127.3057,0.264
mcw,340,0,37,276.32,197.405,139.6306,0.2625
mcw,340,0,38,276.54,197.255,151.5582,0.273
mcw,340,0,39,276.795,197.15,163.4976,0.2816
mcw,340,0,40,277.085,197.095,174.4726,0.3114
mcw,340,0,41,277.33,197.085,3.1734,0.1803
mcw,340,0,42,277.505,197.105,10.0068,0.1726
mcw,340,0,43,277.675,197.145,16.3968,0.1772
mcw,340,0,44,277.835,197.2,21.7974,0.1616
mcw,340,0,45,277.985,197.275,30.9638,0.1749
mcw,340,0,46,278.12,197.37,39.8084,0.1562
mcw,340,0,47,278.24,197.485,47.2928,0.1769
mcw,340,0,48,278.345,197.625,59.0362,0.1749
mcw,340,0,49,278.49,197.585,131.0095,0.3048
mcw,340,0,50,278.715,197.39,147.3802,0.2968
mcw,340,0,51,278.91,197.28,156.7999,0.1523
mcw,340,0,52,279.055,197.225,161.572,0.1581
mcw,340,0,53,279.205,197.19,172.3977,0.1513
mcw,340,0,54,279.365,197.175,176.6402,0.1703
mcw,340,0,55,279.59,197.185,6.1153,0.2816
mcw,340,0,56,279.85,197.235,16.2605,0.25
mcw,340,0,57,280.08,197.33,28.6093,0.2506
mcw,340,0,58,280.28,197.465,39.8056,0.2343
mcw,340,0,59,280.44,197.635,53.6191,0.236
mcw,340,0,60,280.565,197.84,63.4318,0.246
mcw,340,0,61,280.65,198.075,76.5048,0.2571
mcw,340,0,62,280.69,198.335,85.7658,0.2707
mcw,340,0,63,280.69,198.605,94.2338,0.2708
mcw,340,0,64,280.655,198.86,101.766,0.2451
mcw,340,0,65,280.58,199.09,114.4452,0.2417
mcw,340,0,66,280.465,199.295,124.381,0.2302
mcw,340,0,67,280.32,199.47,135.0,0.2263
mcw,340,0,68,280.135,199.61,150.2551,0.2419
mcw,340,0,69,279.915,199.715,158.6311,0.247
mcw,340,0,70,279.665,199.79,167.4712,0.2766
mcw,340,0,71,279.53,199.535,90.0,0.57
mcw,340,0,72,279.6,199.235,167.9044,0.1432
mcw,340,0,73,279.735,199.19,155.2266,0.1432
mcw,340,0,74,279.855,199.125,147.5298,0.1304
mcw,340,0,75,279.96,199.045,138.007,0.1345
mcw,340,0,76,280.05,198.945,126.0368,0.136
mcw,340,0,77,280.115,198.83,112.6157,0.13
mcw,340,0,78,280.16,198.705,107.1056,0.136
mcw,340,0,79,280.185,198.565,93.8179,0.1503
mcw,340,0,80,280.185,198.405,86.6305,0.1703
mcw,340,0,81,280.155,198.245,71.5685,0.1581
mcw,340,0,82,280.1,198.1,66.8044,0.1523
mcw,340,0,83,280.02,197.97,50.1916,0.1562
mcw,340,0,84,279.915,197.865,39.2842,0.1421
mcw,340,0,85,279.79,197.78,29.7435,0.1612
mcw,340,0,86,279.645,197.72,14.935,0.1552
mcw,340,0,87,279.485,197.69,6.7158,0.1712
mcw,340,0,88,279.305,197.69,173.9852,0.1911
mcw,340,0,89,279.13,197.725,162.6503,0.1676
mcw,340,0,90,278.985,197.795,145.3069,0.1581
mcw,340,0,91,278.87,197.895,132.2626,0.1487
mcw,340,0,92,278.785,198.015,118.3024,0.1477
mcw,340,0,93,278.725,198.16,107.3596,0.1676
mcw,340,0,94,278.685,198.325,100.0086,0.1726
mcw,340,0,95,278.665,198.5,93.1734,0.1803
mcw,340,0,96,278.405,198.58,2.2445,0.5104
mcw,341,0,0,280.69,195.58,95.1916,0.2209
mcw,341,0,1,280.655,195.79,104.0404,0.2062
mcw,341,0,2,280.58,195.98,119.0571,0.2059
mcw,341,0,3,280.47,196.15,126.8681,0.2
mcw,341,0,4,280.335,196.295,139.0834,0.1985
mcw,341,0,5,280.175,196.405,152.1013,0.1923
mcw,341,0,6,279.99,196.48,163.3024,0.2088
mcw,341,0,7,279.785,196.525,171.8699,0.2121
mcw,341,0,8,279.575,196.525,8.1289,0.2122
mcw,341,0,9,279.375,196.48,17.5247,0.1993
mcw,341,0,10,279.19,196.4,29.0571,0.2059
mcw,341,0,11,279.025,196.285,40.9166,0.1985
mcw,341,0,12,278.89,196.145,51.3402,0.1921
mcw,341,0,13,278.785,195.98,63.4349,0.2012
mcw,341,0,14,278.71,195.79,73.3024,0.2088
mcw,341,0,15,278.67,195.58,84.8006,0.2209
mcw,341,0,16,278.67,195.365,95.4458,0.2109
mcw,341,0,17,278.71,195.16,106.6976,0.2088
mcw,341,0,18,278.785,194.97,116.5651,0.2012
mcw,341,0,19,278.89,194.8,126.8681,0.2
mcw,341,0,20,279.025,194.655,139.0834,0.1985
mcw,341,0,21,279.19,194.54,150.9429,0.2059
mcw,341,0,22,279.375,194.46,162.4753,0.1993
mcw,341,0,23,279.575,194.42,174.5632,0.211
mcw,341,0,24,279.785,194.42,5.4376,0.2109
mcw,341,0,25,279.99,194.46,16.6976,0.2088
mcw,341,0,26,280.175,194.54,30.4696,0.1972
mcw,341,0,27,280.335,194.655,40.9166,0.1985
mcw,341,0,28,280.475,194.8,50.9057,0.2062
mcw,341,0,29,280.585,194.97,63.4349,0.2012
mcw,341,0,30,280.655,195.16,75.9596,0.2062
mcw,341,0,31,280.69,195.365,84.5624,0.2109
mcw,341,1,0,280.355,195.4,85.9108,0.1404
mcw,341,1,1,280.33,195.265,72.8907,0.136
mcw,341,1,2,280.28,195.135,65.2266,0.1432
mcw,341,1,3,280.205,195.02,48.0157,0.1345
mcw,341,1,4,280.11,194.925,41.9843,0.1345
mcw,341,1,5,280.005,194.845,32.4774,0.1304
mcw,341,1,6,279.885,194.785,21.0321,0.1393
mcw,341,1,7,279.75,194.755,4.0901,0.1403
mcw,341,1,8,279.61,194.755,175.9108,0.1404
mcw,341,1,9,279.48,194.785,157.3843,0.13
mcw,341,1,10,279.36,194.845,149.7399,0.1389
mcw,341,1,11,279.25,194.925,138.0157,0.1345
mcw,341,1,12,279.16,195.02,128.6534,0.1281
mcw,341,1,13,279.09,195.135,114.7845,0.1432
mcw,341,1,14,279.04,195.265,107.0971,0.136
mcw,341,1,15,279.01,195.4,98.1371,0.1414
mcw,341,1,16,279.01,195.54,81.8629,0.1414
mcw,341,1,17,279.04,195.68,74.0612,0.1456
mcw,341,1,18,279.09,195.81,63.4233,0.1342
mcw,341,1,19,279.16,195.925,53.9811,0.136
mcw,341,1,20,279.25,196.025,41.9843,0.1345
mcw,341,1,21,279.36,196.105,30.2601,0.1389
mcw,341,1,22,279.48,196.16,18.4262,0.1265
mcw,341,1,23,279.61,196.19,8.1371,0.1414
mcw,341,1,24,279.75,196.19,171.8612,0.1414
mcw,341,1,25,279.885,196.16,162.9067,0.136
mcw,341,1,26,280.005,196.105,147.5226,0.1304
mcw,341,1,27,280.11,196.025,138.0157,0.1345
mcw,341,1,28,280.205,195.925,129.2842,0.1421
mcw,341,1,29,280.28,195.81,116.5651,0.1342
mcw,341,1,30,280.33,195.685,107.1056,0.136
mcw,341,1,31,280.355,195.545,93.8179,0.1503
mcw,342,0,0,278.38,194.55,149.805,5.3684
mcw,342,0,1,275.985,195.755,62.6518,0.3265
mcw,342,0,2,278.225,194.265,149.8437,5.3547
mcw,342,0,3,280.62,193.06,60.2544,0.3225
mcw,343,0,0,277.97,193.585,94.9668,0.2309
mcw,343,0,1,277.93,193.805,105.9454,0.2184
mcw,343,0,2,277.855,194.005,115.3525,0.2103
mcw,343,0,3,277.745,194.18,129.0877,0.2061
mcw,343,0,4,277.605,194.325,139.0892,0.1985
mcw,343,0,5,277.435,194.44,152.2475,0.2147
mcw,343,0,6,277.24,194.525,160.7064,0.2119
mcw,343,0,7,277.025,194.57,175.0332,0.2309
mcw,343,0,8,276.8,194.565,7.7648,0.222
mcw,343,0,9,276.59,194.52,16.7,0.2088
mcw,343,0,10,276.4,194.44,29.0455,0.2059
mcw,343,0,11,276.23,194.325,39.0996,0.2061
mcw,343,0,12,276.09,194.175,54.7788,0.2081
mcw,343,0,13,275.98,193.995,62.2475,0.2147
mcw,343,0,14,275.9,193.795,74.0546,0.2184
mcw,343,0,15,275.86,193.58,84.8006,0.2209
mcw,343,0,16,275.86,193.355,94.9743,0.2309
mcw,343,0,17,275.9,193.135,105.9454,0.2184
mcw,343,0,18,275.98,192.94,119.0497,0.2059
mcw,343,0,19,276.09,192.765,125.2212,0.2081
mcw,343,0,20,276.23,192.615,140.9004,0.2061
mcw,343,0,21,276.4,192.5,150.9545,0.2059
mcw,343,0,22,276.59,192.42,163.3,0.2088
mcw,343,0,23,276.8,192.375,172.2352,0.222
mcw,343,0,24,277.025,192.375,7.4308,0.232
mcw,343,0,25,277.24,192.42,16.7,0.2088
mcw,343,0,26,277.435,192.5,27.7525,0.2147
mcw,343,0,27,277.605,192.615,40.9108,0.1985
mcw,343,0,28,277.745,192.76,50.9123,0.2061
mcw,343,0,29,277.855,192.935,64.6475,0.2103
mcw,343,0,30,277.93,193.135,74.0546,0.2184
mcw,343,0,31,277.97,193.355,85.0332,0.2309
mcw,343,1,0,277.635,193.395,86.1821,0.1503
mcw,343,1,1,277.605,193.25,70.3525,0.1487
mcw,343,1,2,277.55,193.115,65.2266,0.1432
mcw,343,1,3,277.475,192.99,53.1301,0.15
mcw,343,1,4,277.375,192.885,39.2842,0.1421
mcw,343,1,5,277.26,192.805,30.2601,0.1389
mcw,343,1,6,277.13,192.745,19.6475,0.1487
mcw,343,1,7,276.985,192.71,7.5908,0.1513
mcw,343,1,8,276.84,192.71,171.8734,0.1414
mcw,343,1,9,276.7,192.745,160.3525,0.1487
mcw,343,1,10,276.57,192.805,149.7399,0.1389
mcw,343,1,11,276.46,192.885,138.0157,0.1345
mcw,343,1,12,276.365,192.99,126.8699,0.15
mcw,343,1,13,276.285,193.115,118.3024,0.1477
mcw,343,1,14,276.23,193.25,105.9355,0.1456
mcw,343,1,15,276.2,193.395,97.6023,0.1513
mcw,343,1,16,276.2,193.545,82.3977,0.1513
mcw,343,1,17,276.23,193.69,74.0645,0.1456
mcw,343,1,18,276.285,193.825,61.6976,0.1477
mcw,343,1,19,276.365,193.95,53.1301,0.15
mcw,343,1,20,276.46,194.055,41.9843,0.1345
mcw,343,1,21,276.57,194.135,30.2601,0.1389
mcw,343,1,22,276.7,194.195,19.6475,0.1487
mcw,343,1,23,276.84,194.23,8.1266,0.1414
mcw,343,1,24,276.985,194.23,172.4092,0.1513
mcw,343,1,25,277.13,194.195,160.3525,0.1487
mcw,343,1,26,277.26,194.135,149.7399,0.1389
mcw,343,1,27,277.375,194.055,140.7158,0.1421
mcw,343,1,28,277.475,193.95,126.8699,0.15
mcw,343,1,29,277.55,193.825,114.7734,0.1432
mcw,343,1,30,277.605,193.69,109.6475,0.1487
mcw,343,1,31,277.635,193.545,93.8179,0.1503
mcw,344,0,0,279.085,190.025,0.1971,2.91
mcw,344,0,1,277.535,190.02,0.0,0.19
mcw,344,0,2,277.35,190.005,9.4623,0.1825
mcw,344,0,3,277.175,189.975,10.0068,0.1726
mcw,344,0,4,277.005,189.935,16.3873,0.1772
mcw,344,0,5,276.77,189.835,26.5627,0.3354
mcw,344,0,6,276.49,189.665,36.1607,0.322
mcw,344,0,7,276.255,189.445,49.9668,0.3265
mcw,344,0,8,276.07,189.175,61.1182,0.3312
mcw,344,0,9,275.96,188.95,69.4452,0.1709
mcw,344,0,10,275.91,188.785,76.7555,0.1746
mcw,344,0,11,275.88,188.605,83.9852,0.1911
mcw,344,0,12,275.865,188.415,86.9935,0.1903
mcw,344,0,13,275.865,188.225,93.0065,0.1903
mcw,344,0,14,275.88,188.04,96.3466,0.1811
mcw,344,0,15,275.91,187.86,102.5298,0.1844
mcw,344,0,16,275.96,187.69,110.5548,0.1709
mcw,344,0,17,276.07,187.465,118.8844,0.3312
mcw,344,0,18,276.255,187.2,131.1864,0.3189
mcw,344,0,19,276.49,186.98,142.4317,0.328
mcw,344,0,20,276.77,186.81,154.9821,0.3311
mcw,344,0,21,277.005,186.715,163.6127,0.1772
mcw,344,0,22,277.175,186.67,166.7578,0.1747
mcw,344,0,23,277.35,186.64,173.663,0.1811
mcw,344,0,24,277.535,186.625,176.9843,0.1903
mcw,344,0,25,279.085,186.62,0.0,2.91
mcw,344,0,26,280.54,186.92,90.0,0.6
mcw,344,0,27,279.185,187.22,0.0,2.71
mcw,344,0,28,277.69,187.225,177.9526,0.2802
mcw,344,0,29,277.415,187.245,173.6605,0.2717
mcw,344,0,30,277.155,187.295,164.3627,0.2596
mcw,344,0,31,276.92,187.385,153.4318,0.246
mcw,344,0,32,276.72,187.51,142.127,0.228
mcw,344,0,33,276.56,187.68,124.9873,0.2441
mcw,344,0,34,276.465,187.835,114.4547,0.1208
mcw,344,0,35,276.42,187.955,107.1056,0.136
mcw,344,0,36,276.39,188.09,98.1249,0.1414
mcw,344,0,37,276.375,188.24,93.5797,0.1603
mcw,344,0,38,276.375,188.4,86.4203,0.1603
mcw,344,0,39,276.39,188.55,81.8734,0.1414
mcw,344,0,40,276.42,188.685,72.8944,0.136
mcw,344,0,41,276.465,188.81,67.3719,0.13
mcw,344,0,42,276.56,188.965,53.6191,0.236
mcw,344,0,43,276.72,189.135,39.8056,0.2343
mcw,344,0,44,276.92,189.26,24.4452,0.2417
mcw,344,0,45,277.155,189.345,15.6438,0.2596
mcw,344,0,46,277.415,189.4,8.4281,0.273
mcw,344,0,47,277.69,189.425,2.0412,0.2802
mcw,344,0,48,279.185,189.43,0.0,2.71
mcw,344,0,49,280.54,189.73,90.0,0.6
mcw,345,0,0,277.9,185.0,90.0,0.34
mcw,345,0,1,277.91,184.665,93.4661,0.3306
mcw,345,0,2,277.95,184.35,101.3099,0.3059
mcw,345,0,3,278.025,184.06,107.8239,0.2941
mcw,345,0,4,278.14,183.8,120.2546,0.2778
mcw,345,0,5,278.3,183.585,133.4503,0.2617
mcw,345,0,6,278.505,183.415,146.891,0.2746
mcw,345,0,7,278.685,183.315,158.9562,0.1393
mcw,345,0,8,278.825,183.27,165.065,0.1552
mcw,345,0,9,278.98,183.235,169.381,0.1628
mcw,345,0,10,279.145,183.215,176.6402,0.1703
mcw,345,0,11,279.375,183.22,3.9429,0.2907
mcw,345,0,12,279.65,183.265,15.0695,0.2693
mcw,345,0,13,279.895,183.36,27.5539,0.2594
mcw,345,0,14,280.1,183.51,44.9951,0.2546
mcw,345,0,15,280.23,183.66,56.3133,0.1442
mcw,345,0,16,280.305,183.785,61.6976,0.1477
mcw,345,0,17,280.37,183.93,69.4452,0.1709
mcw,345,0,18,280.425,184.095,73.6155,0.1772
mcw,345,0,19,280.47,184.275,78.109,0.1942
mcw,345,0,20,280.505,184.48,82.2352,0.222
mcw,345,0,21,280.525,184.705,87.5078,0.2302
mcw,345,0,22,280.535,184.95,87.7953,0.2602
mcw,345,0,23,280.54,185.425,90.0,0.69
mcw,345,0,24,278.24,185.77,0.0,4.6
mcw,345,0,25,275.94,185.47,90.0,0.6
mcw,345,0,26,276.92,185.17,0.0,1.96
mcw,345,1,0,280.03,185.09,90.0,0.16
mcw,345,1,1,280.025,184.9,87.3949,0.2202
mcw,345,1,2,280.015,184.68,87.3949,0.2202
mcw,345,1,3,279.99,184.46,79.7007,0.2236
mcw,345,1,4,279.935,184.25,70.7064,0.2119
mcw,345,1,5,279.85,184.065,59.5349,0.1972
mcw,345,1,6,279.73,183.91,45.0,0.198
mcw,345,1,7,279.62,183.815,32.0093,0.0944
mcw,345,1,8,279.53,183.775,16.6976,0.1044
mcw,345,1,9,279.425,183.745,15.2565,0.114
mcw,345,1,10,279.305,183.725,4.4028,0.1304
mcw,345,1,11,279.175,183.725,175.5972,0.1304
mcw,345,1,12,279.055,183.74,169.6994,0.1118
mcw,345,1,13,278.95,183.77,158.1956,0.1077
mcw,345,1,14,278.855,183.815,150.9355,0.103
mcw,345,1,15,278.735,183.9,141.3402,0.1921
mcw,345,1,16,278.61,184.045,120.4696,0.1972
mcw,345,1,17,278.52,184.225,112.8378,0.2062
mcw,345,1,18,278.46,184.425,100.7789,0.2138
mcw,345,1,19,278.43,184.64,95.1994,0.2209
mcw,345,1,20,278.415,184.865,92.4843,0.2302
mcw,345,1,21,278.41,185.075,90.0,0.19
mcw,345,1,22,279.22,185.17,0.0,1.62
mcw,346,0,0,153.965,139.405,90.9191,1.8702
mcw,346,0,1,153.655,140.335,0.972,0.5901
mcw,346,0,2,153.395,138.03,90.8717,4.6005
mcw,346,0,3,153.73,135.735,0.9529,0.6001
mcw,346,0,4,154.01,136.845,91.0371,2.2104
mcw,346,0,5,155.055,137.97,1.0753,2.1304
mcw,346,0,6,156.135,136.885,90.7777,2.2102
mcw,346,0,7,156.45,135.785,0.9558,0.6001
mcw,346,0,8,156.715,138.085,90.8738,4.5905
mcw,346,0,9,156.38,140.375,0.9558,0.6001
mcw,346,0,10,156.095,139.435,90.9191,1.8702
mcw,346,0,11,155.045,138.485,0.8069,2.1302
mcw,347,0,0,160.66,136.445,114.4074,1.3068
mcw,347,0,1,161.24,135.855,0.9249,0.6201
mcw,347,0,2,160.405,138.26,115.5052,5.3183
mcw,347,0,3,158.195,138.225,66.3769,5.3154
mcw,347,0,4,157.44,135.795,0.925,0.6201
mcw,347,0,5,158.005,136.4,66.9744,1.3039
mcw,347,0,6,159.325,137.02,1.0761,2.1304
mcw,347,1,0,159.315,137.53,0.6941,1.6501
mcw,347,1,1,158.885,138.46,67.2071,2.0392
mcw,347,1,2,159.71,138.47,114.8144,2.0492
mcw,348,0,0,162.32,135.875,0.9558,0.6001
mcw,348,0,1,162.59,137.61,90.9937,3.4605
mcw,348,0,2,164.29,137.545,133.9437,4.986
mcw,348,0,3,165.985,138.14,90.8391,4.7805
mcw,348,0,4,165.65,140.525,0.9558,0.6001
mcw,348,0,5,165.375,138.845,90.8551,3.3504
mcw,348,0,6,163.67,138.93,134.5074,4.9358
mcw,348,0,7,161.98,138.28,90.9509,4.8207
mcw,349,0,0,169.275,138.03,91.1011,0.5201
mcw,349,0,1,169.865,137.78,0.9788,1.1702
mcw,349,0,2,170.43,137.655,81.5741,0.2729
mcw,349,0,3,170.36,137.39,68.962,0.2786
mcw,349,0,4,170.24,137.145,58.6726,0.2693
mcw,349,0,5,170.075,136.925,47.8632,0.2832
mcw,349,0,6,169.87,136.735,37.6963,0.278
mcw,349,0,7,169.635,136.585,27.4698,0.2818
mcw,349,0,8,169.385,136.48,17.7482,0.2625
mcw,349,0,9,169.125,136.425,6.3398,0.2717
mcw,349,0,10,168.9,136.415,176.8172,0.1803
mcw,349,0,11,168.725,136.43,173.2937,0.1712
mcw,349,0,12,168.555,136.465,163.6046,0.1772
mcw,349,0,13,168.385,136.52,160.5605,0.1803
mcw,349,0,14,168.15,136.64,149.0375,0.3499
mcw,349,0,15,167.87,136.845,138.5016,0.3471
mcw,349,0,16,167.63,137.1,128.1575,0.3561
mcw,349,0,17,167.435,137.395,118.7397,0.3536
mcw,349,0,18,167.3,137.72,106.3907,0.3544
mcw,349,0,19,167.23,138.065,96.5186,0.3523
mcw,349,0,20,167.21,138.34,90.0,0.2
mcw,349,0,21,167.225,138.54,81.4701,0.2022
mcw,349,0,22,167.26,138.735,78.1134,0.1942
mcw,349,0,23,167.305,138.92,74.4744,0.1868
mcw,349,0,24,167.41,139.18,64.7981,0.3758
mcw,349,0,25,167.6,139.495,52.816,0.364
mcw,349,0,26,167.84,139.765,43.8773,0.3607
mcw,349,0,27,168.12,139.98,30.9625,0.3499
mcw,349,0,28,168.355,140.105,22.3825,0.1838
mcw,349,0,29,168.525,140.165,16.3859,0.1772
mcw,349,0,30,168.7,140.21,12.5309,0.1844
mcw,349,0,31,168.885,140.235,3.0157,0.1903
mcw,349,0,32,169.08,140.235,177.1348,0.2002
mcw,349,0,33,169.285,140.21,169.213,0.2138
mcw,349,0,34,169.49,140.155,160.7092,0.2119
mcw,349,0,35,169.685,140.075,154.6532,0.2102
mcw,349,0,36,169.87,139.975,148.575,0.2109
mcw,349,0,37,170.04,139.855,140.9057,0.2062
mcw,349,0,38,170.2,139.715,136.8467,0.2193
mcw,349,0,39,170.345,139.555,127.4042,0.214
mcw,349,0,40,170.595,139.675,47.9363,0.5523
mcw,349,0,41,170.695,139.98,130.3625,0.2625
mcw,349,0,42,170.51,140.17,138.0135,0.2691
mcw,349,0,43,170.3,140.335,145.7144,0.2663
mcw,349,0,44,170.075,140.475,150.5227,0.2642
mcw,349,0,45,169.84,140.585,159.4452,0.2563
mcw,349,0,46,169.595,140.665,164.3562,0.2596
mcw,349,0,47,169.34,140.72,171.2518,0.2631
mcw,349,0,48,169.08,140.745,177.8021,0.2602
mcw,349,0,49,168.825,140.74,4.5714,0.2508
mcw,349,0,50,168.585,140.71,9.8681,0.2334
mcw,349,0,51,168.36,140.66,15.2544,0.228
mcw,349,0,52,168.14,140.585,22.2481,0.2377
mcw,349,0,53,167.925,140.485,27.6438,0.2371
mcw,349,0,54,167.725,140.37,32.2808,0.2247
mcw,349,0,55,167.54,140.235,39.8032,0.2343
mcw,349,0,56,167.365,140.08,43.2653,0.2335
mcw,349,0,57,167.205,139.91,50.1944,0.2343
mcw,349,0,58,167.065,139.72,56.9767,0.2386
mcw,349,0,59,166.94,139.52,59.035,0.2332
mcw,349,0,60,166.83,139.31,65.5548,0.2417
mcw,349,0,61,166.745,139.08,73.7409,0.25
mcw,349,0,62,166.68,138.84,75.9655,0.2474
mcw,349,0,63,166.635,138.595,83.1575,0.2518
mcw,349,0,64,166.615,138.34,87.7951,0.2602
mcw,349,0,65,166.62,138.095,94.9706,0.2309
mcw,349,0,66,166.65,137.865,99.8637,0.2335
mcw,349,0,67,166.7,137.64,105.2581,0.228
mcw,349,0,68,166.77,137.425,110.852,0.2247
mcw,349,0,69,166.86,137.215,115.4656,0.2326
mcw,349,0,70,166.97,137.015,122.2743,0.2247
mcw,349,0,71,167.1,136.83,127.876,0.228
mcw,349,0,72,167.245,136.66,133.1535,0.2193
mcw,349,0,73,167.405,136.5,136.7347,0.2335
mcw,349,0,74,167.58,136.355,144.1602,0.222
mcw,349,0,75,167.765,136.23,147.7257,0.2247
mcw,349,0,76,167.965,136.12,154.536,0.2326
mcw,349,0,77,168.175,136.03,159.148,0.2247
mcw,349,0,78,168.39,135.965,167.1913,0.2256
mcw,349,0,79,168.615,135.925,172.5692,0.232
mcw,349,0,80,168.845,135.905,177.508,0.2302
mcw,349,0,81,169.08,135.905,2.3884,0.2402
mcw,349,0,82,169.31,135.93,10.3069,0.2236
mcw,349,0,83,169.525,135.975,13.3889,0.2159
mcw,349,0,84,169.725,136.04,22.8378,0.2062
mcw,349,0,85,169.915,136.125,25.345,0.2102
mcw,349,0,86,170.095,136.225,32.902,0.2025
mcw,349,0,87,170.26,136.345,39.0943,0.2062
mcw,349,0,88,170.41,136.485,46.9739,0.2052
mcw,349,0,89,170.545,136.635,49.0925,0.1985
mcw,349,0,90,170.665,136.795,57.092,0.2025
mcw,349,0,91,170.77,136.975,62.2403,0.2147
mcw,349,0,92,170.86,137.165,67.1661,0.2062
mcw,349,0,93,170.93,137.365,74.0546,0.2184
mcw,349,0,94,170.985,137.575,76.6081,0.2159
mcw,349,0,95,171.02,137.79,84.8077,0.2209
mcw,349,0,96,171.035,138.02,87.6119,0.2402
mcw,349,0,97,171.04,138.225,90.0,0.17
mcw,349,0,98,170.155,138.3,0.647,1.7701
mcw,350,0,0,174.775,136.67,114.9906,1.3019
mcw,350,0,1,175.36,136.085,0.9221,0.6201
mcw,350,0,2,174.525,138.49,115.5049,5.3183
mcw,350,0,3,172.315,138.455,66.3767,5.3154
mcw,350,0,4,171.56,136.025,0.9221,0.6201
mcw,350,0,5,172.12,136.63,67.3803,1.3
mcw,350,0,6,173.435,137.245,0.8069,2.1302
mcw,350,1,0,173.43,137.755,1.0479,1.6403
mcw,350,1,1,173.005,138.685,67.3156,2.0484
mcw,350,1,2,173.825,138.7,114.5602,2.045
mcw,351,0,0,177.68,138.165,11.7652,0.2452
mcw,351,0,1,177.91,138.24,24.4452,0.2417
mcw,351,0,2,178.11,138.36,37.879,0.228
mcw,351,0,3,178.28,138.51,45.0,0.2263
mcw,351,0,4,178.42,138.685,57.7257,0.2247
mcw,351,0,5,178.525,138.885,66.8014,0.2285
mcw,351,0,6,178.595,139.1,77.195,0.2256
mcw,351,0,7,178.63,139.33,85.2352,0.2408
mcw,351,0,8,178.615,139.605,99.163,0.314
mcw,351,0,9,178.535,139.91,110.1353,0.3195
mcw,351,0,10,178.385,140.185,127.2352,0.314
mcw,351,0,11,178.165,140.41,141.3428,0.3201
mcw,351,0,12,177.89,140.57,158.1996,0.3231
mcw,351,0,13,177.585,140.66,169.0463,0.3158
mcw,351,0,14,177.265,140.7,176.5284,0.3306
mcw,351,0,15,176.94,140.71,0.0,0.32
mcw,351,0,16,176.42,140.7,1.5927,0.7203
mcw,351,0,17,176.1,138.395,90.9985,4.5907
mcw,351,0,18,176.435,136.105,0.972,0.5901
mcw,351,0,19,176.715,137.085,90.8814,1.9502
mcw,351,0,20,176.825,138.065,2.2859,0.2502
mcw,351,0,21,177.655,137.1,126.0098,2.3983
mcw,351,0,22,178.7,136.135,0.8434,0.6801
mcw,351,0,23,178.3,137.14,126.5014,2.488
mcw,351,1,0,176.745,140.195,3.8179,0.1503
mcw,351,1,1,176.935,140.195,177.5081,0.2302
mcw,351,1,2,177.16,140.185,177.4028,0.2202
mcw,351,1,3,177.38,140.16,169.6924,0.2236
mcw,351,1,4,177.59,140.105,160.7092,0.2119
mcw,351,1,5,177.775,140.02,149.5327,0.1972
mcw,351,1,6,177.93,139.9,135.0031,0.198
mcw,351,1,7,178.045,139.74,116.5651,0.2012
mcw,351,1,8,178.11,139.535,99.8674,0.2335
mcw,351,1,9,178.115,139.3,82.8714,0.2419
mcw,351,1,10,178.06,139.085,67.17,0.2062
mcw,351,1,11,177.96,138.915,51.3366,0.1921
mcw,351,1,12,177.815,138.785,32.9093,0.2025
mcw,351,1,13,177.635,138.695,20.2266,0.2025
mcw,351,1,14,177.435,138.635,13.3899,0.2159
mcw,351,1,15,177.22,138.6,5.1916,0.2209
mcw,351,1,16,176.995,138.585,2.492,0.2302
mcw,351,1,17,176.785,138.58,0.0,0.19
mcw,351,1,18,176.68,139.385,90.7119,1.6101
mcw,352,0,0,162.825,147.455,91.1227,0.5101
mcw,352,0,1,161.69,147.695,0.7605,2.2602
mcw,352,0,2,160.6,145.38,90.9964,4.6007
mcw,352,0,3,160.935,143.085,0.972,0.5901
mcw,352,0,4,161.21,144.24,90.9962,2.3003
mcw,352,0,5,161.995,145.405,1.0675,1.6103
mcw,352,0,6,162.795,145.675,91.1227,0.5101
mcw,352,0,7,161.99,145.915,1.0741,1.6003
mcw,352,0,8,161.18,146.54,90.8954,1.2802
mcw,352,0,9,162.0,147.19,0.6899,1.6601
mcw,353,0,0,164.145,143.14,1.0702,1.0702
mcw,353,0,1,164.825,143.16,3.9491,0.2907
mcw,353,0,2,165.11,143.2,12.0943,0.2864
mcw,353,0,3,165.38,143.275,19.0931,0.2751
mcw,353,0,4,165.63,143.39,30.253,0.2778
mcw,353,0,5,165.85,143.55,41.9913,0.2691
mcw,353,0,6,166.025,143.755,56.8848,0.2746
mcw,353,0,7,166.13,143.935,65.2266,0.1432
mcw,353,0,8,166.18,144.075,75.0704,0.1552
mcw,353,0,9,166.21,144.225,82.405,0.1514
mcw,353,0,10,166.225,144.385,86.635,0.1703
mcw,353,0,11,166.22,144.57,95.7071,0.201
mcw,353,0,12,166.18,144.77,106.7041,0.2088
mcw,353,0,13,166.11,144.96,113.9562,0.197
mcw,353,0,14,166.01,145.13,126.8769,0.2
mcw,353,0,15,165.885,145.285,130.9075,0.1985
mcw,353,0,16,165.74,145.415,145.4957,0.1942
mcw,353,0,17,165.57,145.515,153.4369,0.2013
mcw,353,0,18,165.385,145.585,165.2515,0.1965
mcw,353,0,19,165.29,145.615,90.0,0.01
mcw,353,0,20,165.395,145.695,35.5412,0.2581
mcw,353,0,21,165.575,145.88,55.7107,0.2662
mcw,353,0,22,165.695,146.115,70.1988,0.2657
mcw,353,0,23,165.755,146.37,83.4186,0.2617
mcw,353,0,24,165.765,146.59,93.1831,0.1803
mcw,353,0,25,165.745,146.765,100.0068,0.1726
mcw,353,0,26,165.71,146.925,104.9296,0.1552
mcw,353,0,27,165.66,147.065,114.7734,0.1432
mcw,353,0,28,165.55,147.24,126.0278,0.272
mcw,353,0,29,165.365,147.43,142.6963,0.264
mcw,353,0,30,165.135,147.565,156.2533,0.2731
mcw,353,0,31,164.87,147.655,165.9623,0.2886
mcw,353,0,32,164.58,147.71,172.4034,0.3026
mcw,353,0,33,164.275,147.735,178.1563,0.3102
mcw,353,0,34,163.83,147.735,0.9857,0.5801
mcw,353,0,35,163.575,145.43,90.8719,4.6005
mcw,353,1,0,164.22,147.23,0.0,0.16
mcw,353,1,1,164.395,147.225,176.9843,0.1903
mcw,353,1,2,164.58,147.215,176.8169,0.1803
mcw,353,1,3,164.75,147.19,165.9715,0.1649
mcw,353,1,4,164.9,147.135,153.4325,0.1565
mcw,353,1,5,165.03,147.055,143.1301,0.15
mcw,353,1,6,165.135,146.94,122.7359,0.1665
mcw,353,1,7,165.21,146.785,109.4411,0.1803
mcw,353,1,8,165.25,146.59,95.1916,0.2209
mcw,353,1,9,165.25,146.37,84.8084,0.2209
mcw,353,1,10,165.215,146.17,74.4744,0.1868
mcw,353,1,11,165.145,146.015,55.3069,0.1581
mcw,353,1,12,165.045,145.895,45.004,0.1556
mcw,353,1,13,164.92,145.805,26.5576,0.1565
mcw,353,1,14,164.765,145.75,13.2434,0.1746
mcw,353,1,15,164.59,145.715,9.4615,0.1825
mcw,353,1,16,164.405,145.7,0.0,0.19
mcw,353,1,17,164.24,145.695,4.0896,0.1404
mcw,353,1,18,164.155,146.46,91.116,1.5403
mcw,353,2,0,164.345,145.27,0.0,0.35
mcw,353,2,1,164.61,145.27,0.0,0.18
mcw,353,2,2,164.795,145.26,173.9852,0.1911
mcw,353,2,3,164.985,145.225,165.2601,0.1965
mcw,353,2,4,165.165,145.165,157.6175,0.1838
mcw,353,2,5,165.325,145.08,146.3072,0.1803
mcw,353,2,6,165.46,144.965,132.7108,0.1769
mcw,353,2,7,165.56,144.81,113.9638,0.197
mcw,353,2,8,165.615,144.61,97.7648,0.222
mcw,353,2,9,165.62,144.385,85.0288,0.2308
mcw,353,2,10,165.58,144.18,71.568,0.1898
mcw,353,2,11,165.5,144.015,56.3072,0.1803
mcw,353,2,12,165.385,143.885,40.2349,0.1703
mcw,353,2,13,165.24,143.79,26.5694,0.1789
mcw,353,2,14,165.075,143.725,16.3859,0.1772
mcw,353,2,15,164.9,143.685,9.4615,0.1825
mcw,353,2,16,164.715,143.665,3.0157,0.1903
mcw,353,2,17,164.41,143.655,1.3653,0.4201
mcw,353,2,18,164.185,144.46,91.0609,1.6203
mcw,354,0,0,168.85,147.975,2.3882,0.2402
mcw,354,0,1,168.61,147.95,9.4576,0.2433
mcw,354,0,2,168.375,147.9,14.6196,0.2377
mcw,354,0,3,168.15,147.825,22.2563,0.2377
mcw,354,0,4,167.935,147.73,25.4572,0.2326
mcw,354,0,5,167.73,147.615,33.0253,0.2385
mcw,354,0,6,167.54,147.48,37.8767,0.2281
mcw,354,0,7,167.365,147.33,43.2653,0.2335
mcw,354,0,8,167.2,147.165,46.7322,0.2334
mcw,354,0,9,167.05,146.985,53.6161,0.236
mcw,354,0,10,166.92,146.79,59.0388,0.2332
mcw,354,0,11,166.81,146.58,65.5548,0.2417
mcw,354,0,12,166.72,146.36,70.0201,0.2341
mcw,354,0,13,166.655,146.13,78.2305,0.2451
mcw,354,0,14,166.61,145.89,80.5353,0.2433
mcw,354,0,15,166.59,145.645,90.0,0.25
mcw,354,0,16,166.595,145.39,92.2047,0.2602
mcw,354,0,17,166.62,145.135,99.0888,0.2532
mcw,354,0,18,166.675,144.89,106.2624,0.25
mcw,354,0,19,166.75,144.66,109.9834,0.2341
mcw,354,0,20,166.845,144.445,117.6404,0.2371
mcw,354,0,21,166.965,144.24,123.0272,0.2385
mcw,354,0,22,167.1,144.05,127.876,0.228
mcw,354,0,23,167.25,143.875,133.2627,0.2335
mcw,354,0,24,167.415,143.715,138.5772,0.2267
mcw,354,0,25,167.595,143.575,145.619,0.2302
mcw,354,0,26,167.795,143.45,150.2551,0.2419
mcw,354,0,27,168.005,143.345,156.8029,0.2285
mcw,354,0,28,168.22,143.26,160.0131,0.2341
mcw,354,0,29,168.445,143.195,167.7379,0.2354
mcw,354,0,30,168.68,143.155,172.8754,0.2419
mcw,354,0,31,168.925,143.135,177.7072,0.2502
mcw,354,0,32,169.175,143.14,4.5784,0.2508
mcw,354,0,33,169.415,143.17,9.8607,0.2334
mcw,354,0,34,169.645,143.22,14.6206,0.2377
mcw,354,0,35,169.875,143.29,19.182,0.2435
mcw,354,0,36,170.095,143.38,25.4656,0.2326
mcw,354,0,37,170.295,143.49,32.2743,0.2247
mcw,354,0,38,170.485,143.62,36.3809,0.236
mcw,354,0,39,170.665,143.77,43.2653,0.2335
mcw,354,0,40,170.825,143.935,48.5797,0.2267
mcw,354,0,41,170.97,144.11,52.121,0.228
mcw,354,0,42,171.1,144.305,60.2551,0.2419
mcw,354,0,43,171.21,144.515,64.541,0.2326
mcw,354,0,44,171.3,144.735,70.8191,0.2435
mcw,354,0,45,171.37,144.97,75.9638,0.2474
mcw,354,0,46,171.415,145.215,83.1541,0.2518
mcw,354,0,47,171.435,145.47,87.7987,0.2602
mcw,354,0,48,171.43,145.725,94.5749,0.2508
mcw,354,0,49,171.4,145.97,99.4611,0.2433
mcw,354,0,50,171.345,146.205,106.9284,0.2404
mcw,354,0,51,171.27,146.43,109.9834,0.2341
mcw,354,0,52,171.175,146.65,116.5651,0.246
mcw,354,0,53,171.055,146.855,124.3779,0.2302
mcw,354,0,54,170.92,147.045,126.3839,0.236
mcw,354,0,55,170.77,147.225,133.2678,0.2334
mcw,354,0,56,170.6,147.385,140.1911,0.2343
mcw,354,0,57,170.415,147.53,143.6169,0.236
mcw,354,0,58,170.22,147.655,151.1872,0.2283
mcw,354,0,59,170.015,147.76,154.5412,0.2326
mcw,354,0,60,169.8,147.85,160.0131,0.2341
mcw,354,0,61,169.57,147.915,168.2348,0.2452
mcw,354,0,62,169.335,147.96,170.1319,0.2334
mcw,354,0,63,169.095,147.98,0.0,0.25
mcw,354,1,0,168.95,143.645,176.8172,0.1803
mcw,354,1,1,168.77,143.66,173.663,0.1811
mcw,354,1,2,168.59,143.695,164.4801,0.1868
mcw,354,1,3,168.42,143.75,159.4452,0.1709
mcw,354,1,4,168.18,143.865,152.0181,0.3624
mcw,354,1,5,167.885,144.06,140.8266,0.3483
mcw,354,1,6,167.635,144.31,129.4003,0.3623
mcw,354,1,7,167.43,144.615,118.6125,0.3759
mcw,354,1,8,167.305,144.865,112.3763,0.1839
mcw,354,1,9,167.25,145.045,101.891,0.1942
mcw,354,1,10,167.21,145.235,101.8866,0.1942
mcw,354,1,11,167.185,145.43,92.8611,0.2002
mcw,354,1,12,167.185,145.625,86.9889,0.1903
mcw,354,1,13,167.2,145.815,83.9898,0.1911
mcw,354,1,14,167.23,146.0,77.4727,0.1844
mcw,354,1,15,167.275,146.18,74.4769,0.1868
mcw,354,1,16,167.38,146.435,64.1322,0.3667
mcw,354,1,17,167.565,146.745,54.0922,0.3581
mcw,354,1,18,167.8,147.005,41.4968,0.3471
mcw,354,1,19,168.085,147.215,31.5007,0.3636
mcw,354,1,20,168.325,147.345,22.3825,0.1838
mcw,354,1,21,168.5,147.405,15.5301,0.1868
mcw,354,1,22,168.685,147.445,8.9722,0.1924
mcw,354,1,23,168.88,147.465,2.8565,0.2002
mcw,354,1,24,169.08,147.47,0.0,0.2
mcw,354,1,25,169.275,147.455,171.0271,0.1923
mcw,354,1,26,169.46,147.42,167.4784,0.1844
mcw,354,1,27,169.635,147.365,157.6175,0.1838
mcw,354,1,28,169.88,147.245,152.0192,0.3624
mcw,354,1,29,170.175,147.045,139.5752,0.3547
mcw,354,1,30,170.42,146.79,128.1575,0.3561
mcw,354,1,31,170.61,146.485,115.8657,0.3668
mcw,354,1,32,170.725,146.235,112.3799,0.1838
mcw,354,1,33,170.78,146.06,102.5298,0.1844
mcw,354,1,34,170.815,145.875,98.9722,0.1924
mcw,354,1,35,170.835,145.685,93.0111,0.1903
mcw,354,1,36,170.835,145.49,87.1389,0.2002
mcw,354,1,37,170.82,145.29,84.2885,0.201
mcw,354,1,38,170.79,145.1,77.4727,0.1844
mcw,354,1,39,170.74,144.92,71.5651,0.1897
mcw,354,1,40,170.625,144.665,62.7461,0.3712
mcw,354,1,41,170.43,144.36,51.8425,0.3561
mcw,354,1,42,170.185,144.1,41.6319,0.3612
mcw,354,1,43,169.895,143.89,30.1406,0.3585
mcw,354,1,44,169.66,143.77,20.5548,0.1709
mcw,354,1,45,169.49,143.715,15.5289,0.1868
mcw,354,1,46,169.315,143.67,13.2336,0.1746
mcw,354,1,47,169.135,143.645,3.0159,0.1903
mcw,355,0,0,248.375,99.955,90.9191,1.8702
mcw,355,0,1,248.065,100.885,0.972,0.5901
mcw,355,0,2,247.805,98.58,90.8717,4.6005
mcw,355,0,3,248.14,96.285,0.9529,0.6001
mcw,355,0,4,248.42,97.4,91.0325,2.2204
mcw,355,0,5,249.465,98.525,0.8069,2.1302
mcw,355,0,6,250.545,97.435,90.7777,2.2102
mcw,355,0,7,250.86,96.335,0.9558,0.6001
mcw,355,0,8,251.125,98.635,90.8738,4.5905
mcw,355,0,9,250.79,100.925,0.9558,0.6001
mcw,355,0,10,250.505,99.985,90.9191,1.8702
mcw,355,0,11,249.455,99.035,0.8069,2.1302
mcw,356,0,0,255.07,96.995,114.4074,1.3068
mcw,356,0,1,255.65,96.405,0.9249,0.6201
mcw,356,0,2,254.815,98.81,115.5052,5.3183
mcw,356,0,3,252.605,98.775,66.3769,5.3154
mcw,356,0,4,251.85,96.345,0.925,0.6201
mcw,356,0,5,252.415,96.95,66.9744,1.3039
mcw,356,0,6,253.735,97.57,1.0761,2.1304
mcw,356,1,0,253.725,98.08,0.6941,1.6501
mcw,356,1,1,253.295,99.01,67.2071,2.0392
mcw,356,1,2,254.12,99.02,114.8144,2.0492
mcw,357,0,0,256.73,96.425,0.9558,0.6001
mcw,357,0,1,257.0,98.16,90.9934,3.4605
mcw,357,0,2,258.7,98.095,133.9436,4.9859
mcw,357,0,3,260.395,98.69,90.8391,4.7805
mcw,357,0,4,260.06,101.075,0.9558,0.6001
mcw,357,0,5,259.785,99.395,90.8554,3.3504
mcw,357,0,6,258.08,99.48,134.5073,4.9358
mcw,357,0,7,256.39,98.83,90.9507,4.8207
mcw,358,0,0,263.685,98.585,91.1244,0.5101
mcw,358,0,1,264.275,98.335,0.4902,1.17
mcw,358,0,2,264.84,98.205,81.5773,0.2729
mcw,358,0,3,264.77,97.94,68.962,0.2786
mcw,358,0,4,264.65,97.695,58.6699,0.2693
mcw,358,0,5,264.485,97.475,47.8609,0.2832
mcw,358,0,6,264.28,97.285,37.6963,0.278
mcw,358,0,7,264.045,97.135,27.4698,0.2818
mcw,358,0,8,263.795,97.03,17.7482,0.2625
mcw,358,0,9,263.535,96.975,6.3402,0.2717
mcw,358,0,10,263.31,96.965,176.8169,0.1803
mcw,358,0,11,263.135,96.98,173.2943,0.1712
mcw,358,0,12,262.965,97.015,163.6032,0.1772
mcw,358,0,13,262.795,97.07,160.5621,0.1803
mcw,358,0,14,262.56,97.19,149.0362,0.3498
mcw,358,0,15,262.28,97.395,138.5032,0.3471
mcw,358,0,16,262.04,97.65,128.1575,0.3561
mcw,358,0,17,261.845,97.945,118.7419,0.3536
mcw,358,0,18,261.71,98.27,106.3859,0.3544
mcw,358,0,19,261.64,98.615,96.5211,0.3523
mcw,358,0,20,261.62,98.89,90.0,0.2
mcw,358,0,21,261.635,99.09,81.4701,0.2022
mcw,358,0,22,261.67,99.285,78.109,0.1942
mcw,358,0,23,261.715,99.47,74.4789,0.1868
mcw,358,0,24,261.82,99.73,64.7981,0.3758
mcw,358,0,25,262.01,100.045,52.816,0.364
mcw,358,0,26,262.25,100.315,43.8756,0.3607
mcw,358,0,27,262.53,100.53,30.9638,0.3498
mcw,358,0,28,262.765,100.655,22.3807,0.1839
mcw,358,0,29,262.935,100.715,16.3873,0.1772
mcw,358,0,30,263.11,100.76,12.5319,0.1844
mcw,358,0,31,263.295,100.785,3.0157,0.1903
mcw,358,0,32,263.49,100.785,177.135,0.2003
mcw,358,0,33,263.695,100.76,169.213,0.2138
mcw,358,0,34,263.9,100.705,160.7092,0.2119
mcw,358,0,35,264.095,100.63,157.17,0.2062
mcw,358,0,36,264.28,100.53,146.3099,0.2163
mcw,358,0,37,264.45,100.405,140.9057,0.2062
mcw,358,0,38,264.61,100.265,136.8494,0.2193
mcw,358,0,39,264.755,100.105,127.4042,0.214
mcw,358,0,40,265.005,100.225,47.9363,0.5523
mcw,358,0,41,265.105,100.535,128.9943,0.2702
mcw,358,0,42,264.92,100.725,139.6306,0.2625
mcw,358,0,43,264.71,100.885,145.7144,0.2663
mcw,358,0,44,264.485,101.025,150.5244,0.2642
mcw,358,0,45,264.25,101.135,159.444,0.2563
mcw,358,0,46,264.005,101.215,164.3562,0.2596
mcw,358,0,47,263.75,101.27,171.2523,0.2631
mcw,358,0,48,263.49,101.295,177.8021,0.2602
mcw,358,0,49,263.235,101.29,4.5714,0.2508
mcw,358,0,50,262.995,101.26,9.8687,0.2334
mcw,358,0,51,262.77,101.21,15.2544,0.228
mcw,358,0,52,262.55,101.135,22.2481,0.2377
mcw,358,0,53,262.335,101.035,27.6404,0.2371
mcw,358,0,54,262.135,100.92,32.2808,0.2247
mcw,358,0,55,261.95,100.785,39.8056,0.2343
mcw,358,0,56,261.775,100.63,43.2678,0.2334
mcw,358,0,57,261.615,100.46,50.1887,0.2343
mcw,358,0,58,261.475,100.27,56.9829,0.2385
mcw,358,0,59,261.35,100.07,59.0285,0.2332
mcw,358,0,60,261.24,99.86,65.5614,0.2417
mcw,358,0,61,261.155,99.63,73.7376,0.25
mcw,358,0,62,261.09,99.39,75.9655,0.2474
mcw,358,0,63,261.045,99.145,83.1575,0.2518
mcw,358,0,64,261.025,98.89,87.7951,0.2602
mcw,358,0,65,261.03,98.645,94.9668,0.2309
mcw,358,0,66,261.06,98.415,99.8674,0.2335
mcw,358,0,67,261.11,98.19,105.2544,0.228
mcw,358,0,68,261.18,97.975,110.8593,0.2247
mcw,358,0,69,261.27,97.765,115.4656,0.2326
mcw,358,0,70,261.38,97.565,122.2743,0.2247
mcw,358,0,71,261.51,97.38,127.873,0.228
mcw,358,0,72,261.655,97.21,133.1506,0.2193
mcw,358,0,73,261.815,97.05,136.7373,0.2335
mcw,358,0,74,261.99,96.905,144.1602,0.222
mcw,358,0,75,262.175,96.78,147.7257,0.2247
mcw,358,0,76,262.375,96.67,154.5344,0.2326
mcw,358,0,77,262.585,96.585,161.5651,0.2214
mcw,358,0,78,262.8,96.52,164.7456,0.228
mcw,358,0,79,263.025,96.475,172.5683,0.2319
mcw,358,0,80,263.255,96.455,177.5081,0.2302
mcw,358,0,81,263.49,96.455,2.3884,0.2402
mcw,358,0,82,263.72,96.48,10.3069,0.2236
mcw,358,0,83,263.935,96.525,13.3899,0.2159
mcw,358,0,84,264.135,96.59,22.8378,0.2062
mcw,358,0,85,264.325,96.675,25.345,0.2102
mcw,358,0,86,264.505,96.775,32.8997,0.2025
mcw,358,0,87,264.67,96.895,39.0943,0.2062
mcw,358,0,88,264.82,97.035,46.977,0.2052
mcw,358,0,89,264.955,97.185,49.0892,0.1985
mcw,358,0,90,265.075,97.345,57.0884,0.2025
mcw,358,0,91,265.18,97.525,62.2475,0.2147
mcw,358,0,92,265.27,97.715,67.1622,0.2062
mcw,358,0,93,265.34,97.915,74.0546,0.2184
mcw,358,0,94,265.395,98.125,76.612,0.2159
mcw,358,0,95,265.43,98.345,85.025,0.2309
mcw,358,0,96,265.445,98.575,87.5157,0.2302
mcw,358,0,97,265.45,98.775,90.0,0.17
mcw,358,0,98,264.565,98.85,0.647,1.7701
mcw,359,0,0,269.185,97.22,114.99,1.3019
mcw,359,0,1,269.77,96.635,0.9221,0.6201
mcw,359,0,2,268.935,99.04,115.505,5.3183
mcw,359,0,3,266.725,99.005,66.3767,5.3154
mcw,359,0,4,265.97,96.575,0.9221,0.6201
mcw,359,0,5,266.53,97.18,67.3803,1.3
mcw,359,0,6,267.845,97.795,0.8069,2.1302
mcw,359,1,0,267.84,98.305,1.0479,1.6403
mcw,359,1,1,267.415,99.235,67.3152,2.0485
mcw,359,1,2,268.235,99.25,114.5602,2.045
mcw,360,0,0,272.09,98.72,14.0362,0.2474
mcw,360,0,1,272.32,98.795,22.2481,0.2377
mcw,360,0,2,272.52,98.91,37.8743,0.2281
mcw,360,0,3,272.69,99.06,45.0055,0.2263
mcw,360,0,4,272.83,99.235,57.7192,0.2247
mcw,360,0,5,272.935,99.435,66.8014,0.2285
mcw,360,0,6,273.005,99.65,77.1988,0.2256
mcw,360,0,7,273.04,99.88,85.2388,0.2408
mcw,360,0,8,273.025,100.155,99.1602,0.314
mcw,360,0,9,272.945,100.46,110.1327,0.3195
mcw,360,0,10,272.795,100.735,127.2352,0.314
mcw,360,0,11,272.575,100.96,141.3428,0.3201
mcw,360,0,12,272.3,101.12,158.2006,0.3231
mcw,360,0,13,271.995,101.21,169.0463,0.3158
mcw,360,0,14,271.675,101.25,176.5283,0.3306
mcw,360,0,15,271.35,101.26,0.0,0.32
mcw,360,0,16,270.83,101.25,1.5927,0.7203
mcw,360,0,17,270.51,98.945,90.9984,4.5907
mcw,360,0,18,270.845,96.655,0.9719,0.5901
mcw,360,0,19,271.125,97.64,90.8769,1.9602
mcw,360,0,20,271.235,98.62,0.0,0.25
mcw,360,0,21,272.065,97.65,126.0093,2.3983
mcw,360,0,22,273.11,96.685,0.8433,0.6801
mcw,360,0,23,272.71,97.69,126.5016,2.4881
mcw,360,1,0,271.155,100.745,3.8172,0.1504
mcw,360,1,1,271.345,100.745,177.5078,0.2302
mcw,360,1,2,271.57,100.735,177.4028,0.2202
mcw,360,1,3,271.79,100.71,169.6931,0.2236
mcw,360,1,4,272.0,100.655,160.7092,0.2119
mcw,360,1,5,272.185,100.57,149.5304,0.1972
mcw,360,1,6,272.34,100.45,135.0062,0.198
mcw,360,1,7,272.455,100.29,116.5651,0.2012
mcw,360,1,8,272.52,100.085,99.8674,0.2335
mcw,360,1,9,272.525,99.85,82.875,0.2419
mcw,360,1,10,272.47,99.635,67.1622,0.2062
mcw,360,1,11,272.37,99.465,51.3402,0.1921
mcw,360,1,12,272.225,99.335,32.9116,0.2025
mcw,360,1,13,272.045,99.245,20.2266,0.2025
mcw,360,1,14,271.845,99.185,13.388,0.2159
mcw,360,1,15,271.63,99.15,5.1916,0.2209
mcw,360,1,16,271.405,99.135,2.4922,0.2302
mcw,360,1,17,271.195,99.13,0.0,0.19
mcw,360,1,18,271.09,99.935,90.7124,1.6101
mcw,361,0,0,276.395,100.915,126.2513,0.186
mcw,361,0,1,276.28,101.055,132.7144,0.1769
mcw,361,0,2,276.155,101.18,137.2861,0.1769
mcw,361,0,3,276.015,101.285,149.0414,0.1749
mcw,361,0,4,275.86,101.365,156.3689,0.1746
mcw,361,0,5,275.695,101.425,163.6127,0.1772
mcw,361,0,6,275.52,101.465,170.5282,0.1825
mcw,361,0,7,275.335,101.485,176.9935,0.1903
mcw,361,0,8,275.115,101.48,4.5714,0.2508
mcw,361,0,9,274.865,101.435,15.6438,0.2596
mcw,361,0,10,274.625,101.355,21.3689,0.247
mcw,361,0,11,274.405,101.24,33.6939,0.2524
mcw,361,0,12,274.215,101.085,44.9949,0.2404
mcw,361,0,13,274.065,100.895,58.2385,0.247
mcw,361,0,14,273.96,100.675,70.8248,0.2435
mcw,361,0,15,273.905,100.425,83.6598,0.2717
mcw,361,0,16,273.9,100.175,94.9668,0.2309
mcw,361,0,17,273.945,99.96,109.2908,0.2119
mcw,361,0,18,274.03,99.77,119.0571,0.2059
mcw,361,0,19,274.145,99.605,130.9166,0.1985
mcw,361,0,20,274.29,99.465,140.9057,0.2062
mcw,361,0,21,274.455,99.345,147.0956,0.2025
mcw,361,0,22,274.635,99.24,152.2403,0.2147
mcw,361,0,23,274.83,99.145,155.7744,0.2193
mcw,361,0,24,275.09,99.035,157.8884,0.3454
mcw,361,0,25,275.395,98.905,155.8543,0.3178
mcw,361,0,26,275.67,98.75,145.3069,0.3162
mcw,361,0,27,275.85,98.605,132.2713,0.1487
mcw,361,0,28,275.94,98.485,121.6022,0.1526
mcw,361,0,29,276.005,98.34,107.3528,0.1676
mcw,361,0,30,276.04,98.175,96.7158,0.1712
mcw,361,0,31,276.045,97.995,86.9843,0.1903
mcw,361,0,32,276.02,97.815,76.7555,0.1746
mcw,361,0,33,275.96,97.65,63.4393,0.1789
mcw,361,0,34,275.87,97.5,54.4635,0.1721
mcw,361,0,35,275.76,97.375,42.5078,0.1628
mcw,361,0,36,275.63,97.275,32.7314,0.1664
mcw,361,0,37,275.48,97.2,20.568,0.1709
mcw,361,0,38,275.31,97.16,6.3359,0.1811
mcw,361,0,39,275.13,97.155,176.8169,0.1803
mcw,361,0,40,274.955,97.185,163.6127,0.1772
mcw,361,0,41,274.795,97.25,151.9263,0.17
mcw,361,0,42,274.65,97.34,144.4659,0.172
mcw,361,0,43,274.525,97.455,130.2394,0.1703
mcw,361,0,44,274.43,97.595,118.0695,0.17
mcw,361,0,45,274.36,97.755,109.4379,0.1803
mcw,361,0,46,274.32,97.935,96.0148,0.1911
mcw,361,0,47,274.015,97.965,12.4265,0.6041
mcw,361,0,48,273.75,97.76,102.0943,0.2864
mcw,361,0,49,273.835,97.5,114.6276,0.264
mcw,361,0,50,273.96,97.27,122.4681,0.2608
mcw,361,0,51,274.12,97.07,135.0049,0.2546
mcw,361,0,52,274.315,96.905,144.4568,0.2581
mcw,361,0,53,274.535,96.775,154.4441,0.255
mcw,361,0,54,274.78,96.69,167.0049,0.2668
mcw,361,0,55,275.045,96.65,175.7598,0.2708
mcw,361,0,56,275.33,96.655,5.7106,0.3015
mcw,361,0,57,275.62,96.71,15.9487,0.2912
mcw,361,0,58,275.885,96.815,27.4753,0.2818
mcw,361,0,59,276.12,96.965,37.6913,0.278
mcw,361,0,60,276.32,97.155,49.4028,0.2766
mcw,361,0,61,276.475,97.385,62.5247,0.2818
mcw,361,0,62,276.58,97.65,74.0513,0.2912
mcw,361,0,63,276.635,97.945,84.4726,0.3114
mcw,361,0,64,276.635,98.235,96.3402,0.2717
mcw,361,0,65,276.585,98.49,106.2624,0.25
mcw,361,0,66,276.495,98.715,117.6469,0.2371
mcw,361,0,67,276.37,98.91,127.873,0.228
mcw,361,0,68,276.21,99.075,140.1944,0.2343
mcw,361,0,69,276.025,99.22,143.6131,0.236
mcw,361,0,70,275.815,99.345,154.4441,0.255
mcw,361,0,71,275.58,99.45,157.3781,0.26
mcw,361,0,72,275.295,99.565,158.4988,0.3547
mcw,361,0,73,275.02,99.68,155.5548,0.2417
mcw,361,0,74,274.805,99.795,148.2445,0.247
mcw,361,0,75,274.66,99.905,131.6299,0.1204
mcw,361,0,76,274.585,100.0,124.9932,0.1221
mcw,361,0,77,274.525,100.11,112.6281,0.13
mcw,361,0,78,274.49,100.235,98.7411,0.1315
mcw,361,0,79,274.49,100.37,81.8751,0.1414
mcw,361,0,80,274.525,100.51,70.3375,0.1487
mcw,361,0,81,274.585,100.635,57.5298,0.1304
mcw,361,0,82,274.67,100.74,45.0087,0.1414
mcw,361,0,83,274.845,100.86,29.2461,0.2865
mcw,361,0,84,275.105,100.955,10.4945,0.2746
mcw,361,0,85,275.36,100.97,175.2315,0.2408
mcw,361,0,86,275.58,100.92,158.2031,0.2154
mcw,361,0,87,275.76,100.81,138.8118,0.2126
mcw,361,0,88,275.91,100.645,126.3809,0.236
mcw,361,0,89,276.215,100.695,31.6762,0.5523
mcw,362,0,0,314.615,554.725,66.4552,3.4797
mcw,362,0,1,315.315,556.32,0.0,0.01
mcw,362,0,2,315.59,554.77,99.8816,3.1467
mcw,362,0,3,316.155,553.22,0.0,0.59
mcw,362,0,4,315.98,555.65,100.9468,4.9501
mcw,362,0,5,314.715,556.255,66.4613,3.9813
mcw,362,0,6,313.125,556.255,113.5387,3.9813
mcw,362,0,7,311.86,555.65,79.0532,4.9501
mcw,362,0,8,311.69,553.22,0.0,0.6
mcw,362,0,9,312.255,554.765,80.2673,3.1351
mcw,362,0,10,312.53,556.31,0.0,0.02
mcw,362,0,11,313.23,554.72,113.4591,3.4665
mcw,363,0,0,320.055,553.815,114.0071,1.3027
mcw,363,0,1,320.63,553.22,0.0,0.62
mcw,363,0,2,319.835,555.635,114.5867,5.3116
mcw,363,0,3,317.62,555.635,65.3152,5.3158
mcw,363,0,4,316.82,553.22,0.0,0.62
mcw,363,0,5,317.395,553.815,65.9929,1.3027
mcw,363,0,6,318.725,554.41,0.0,2.13
mcw,363,1,0,318.725,554.92,0.0,1.65
mcw,363,1,1,318.315,555.855,66.0655,2.0459
mcw,363,1,2,319.14,555.855,113.6777,2.0419
mcw,364,0,0,323.925,557.385,126.2499,0.186
mcw,364,0,1,323.81,557.53,130.6075,0.1844
mcw,364,0,2,323.685,557.655,139.7579,0.1703
mcw,364,0,3,323.545,557.76,146.3146,0.1803
mcw,364,0,4,323.39,557.85,153.4349,0.1789
mcw,364,0,5,323.23,557.915,162.6435,0.1676
mcw,364,0,6,323.06,557.955,170.5393,0.1825
mcw,364,0,7,322.875,557.975,176.9878,0.1903
mcw,364,0,8,322.65,557.97,4.3983,0.2607
mcw,364,0,9,322.395,557.935,11.3106,0.255
mcw,364,0,10,322.155,557.86,23.4972,0.2508
mcw,364,0,11,321.935,557.745,31.7607,0.247
mcw,364,0,12,321.745,557.595,44.9974,0.2404
mcw,364,0,13,321.59,557.41,55.0111,0.2441
mcw,364,0,14,321.48,557.19,71.5615,0.253
mcw,364,0,15,321.425,556.935,83.66,0.2717
mcw,364,0,16,321.42,556.685,94.9745,0.2309
mcw,364,0,17,321.46,556.47,106.6988,0.2088
mcw,364,0,18,321.54,556.28,119.0486,0.2059
mcw,364,0,19,321.655,556.115,130.9152,0.1985
mcw,364,0,20,321.795,555.975,139.09,0.1985
mcw,364,0,21,321.96,555.85,146.3091,0.2163
mcw,364,0,22,322.14,555.74,150.9448,0.2059
mcw,364,0,23,322.33,555.645,155.7735,0.2193
mcw,364,0,24,322.585,555.53,155.6954,0.3401
mcw,364,0,25,322.885,555.39,154.2285,0.322
mcw,364,0,26,323.16,555.23,145.3064,0.3162
mcw,364,0,27,323.34,555.085,132.2753,0.1487
mcw,364,0,28,323.43,554.965,121.603,0.1526
mcw,364,0,29,323.495,554.82,107.36,0.1676
mcw,364,0,30,323.525,554.655,93.3595,0.1703
mcw,364,0,31,323.525,554.475,86.9934,0.1903
mcw,364,0,32,323.495,554.295,73.6046,0.1772
mcw,364,0,33,323.435,554.135,64.9906,0.1655
mcw,364,0,34,323.35,553.99,54.4606,0.172
mcw,364,0,35,323.235,553.86,42.7081,0.1769
mcw,364,0,36,323.1,553.76,29.7429,0.1613
mcw,364,0,37,322.95,553.69,20.5596,0.1709
mcw,364,0,38,322.78,553.65,6.3383,0.1811
mcw,364,0,39,322.6,553.65,173.6606,0.1811
mcw,364,0,40,322.425,553.685,163.6107,0.1772
mcw,364,0,41,322.265,553.75,151.9271,0.17
mcw,364,0,42,322.12,553.845,141.8395,0.178
mcw,364,0,43,321.995,553.965,130.2402,0.1703
mcw,364,0,44,321.9,554.105,118.0689,0.17
mcw,364,0,45,321.835,554.265,106.395,0.1772
mcw,364,0,46,321.8,554.445,96.0058,0.191
mcw,364,0,47,321.495,554.475,12.4261,0.6041
mcw,364,0,48,321.23,554.275,102.5285,0.2766
mcw,364,0,49,321.31,554.015,111.8026,0.2693
mcw,364,0,50,321.43,553.785,123.6867,0.2524
mcw,364,0,51,321.59,553.585,133.4557,0.2617
mcw,364,0,52,321.78,553.415,143.1273,0.25
mcw,364,0,53,321.995,553.285,154.441,0.255
mcw,364,0,54,322.24,553.195,164.9321,0.2693
mcw,364,0,55,322.505,553.145,173.6598,0.2717
mcw,364,0,56,322.79,553.145,5.7106,0.3015
mcw,364,0,57,323.08,553.195,14.0362,0.2886
mcw,364,0,58,323.345,553.295,27.4746,0.2818
mcw,364,0,59,323.58,553.445,37.6944,0.278
mcw,364,0,60,323.785,553.63,46.468,0.2759
mcw,364,0,61,323.945,553.855,62.5247,0.2818
mcw,364,0,62,324.055,554.12,72.1819,0.2941
mcw,364,0,63,324.115,554.415,84.4726,0.3114
mcw,364,0,64,324.12,554.705,94.2341,0.2707
mcw,364,0,65,324.075,554.96,106.2617,0.25
mcw,364,0,66,323.99,555.185,115.4648,0.2326
mcw,364,0,67,323.865,555.385,128.2892,0.2421
mcw,364,0,68,323.705,555.555,138.5732,0.2267
mcw,364,0,69,323.525,555.7,143.6161,0.236
mcw,364,0,70,323.32,555.83,151.3891,0.2506
mcw,364,0,71,323.09,555.94,157.3822,0.26
mcw,364,0,72,322.805,556.055,158.4976,0.3547
mcw,364,0,73,322.53,556.17,155.5565,0.2417
mcw,364,0,74,322.315,556.295,144.4609,0.2581
mcw,364,0,75,322.17,556.41,135.0068,0.1131
mcw,364,0,76,322.095,556.5,124.9942,0.1221
mcw,364,0,77,322.04,556.61,108.4257,0.1265
mcw,364,0,78,322.01,556.735,98.7545,0.1315
mcw,364,0,79,322.01,556.875,82.3979,0.1513
mcw,364,0,80,322.045,557.015,68.9673,0.1393
mcw,364,0,81,322.11,557.14,56.304,0.1442
mcw,364,0,82,322.2,557.245,41.9942,0.1345
mcw,364,0,83,322.37,557.36,30.2542,0.2779
mcw,364,0,84,322.63,557.45,8.1303,0.2828
mcw,364,0,85,322.885,557.455,172.5683,0.2319
mcw,364,0,86,323.1,557.4,158.1993,0.2154
mcw,364,0,87,323.285,557.29,140.5299,0.2202
mcw,364,0,88,323.435,557.125,124.3753,0.2302
mcw,364,0,89,323.74,557.17,30.2558,0.5557
mcw,365,0,0,326.73,557.975,2.3856,0.2402
mcw,365,0,1,326.49,557.955,7.125,0.2419
mcw,365,0,2,326.255,557.91,14.6215,0.2377
mcw,365,0,3,326.03,557.84,19.9834,0.2341
mcw,365,0,4,325.815,557.745,27.6436,0.2371
mcw,365,0,5,325.61,557.63,30.9658,0.2332
mcw,365,0,6,325.415,557.505,34.3802,0.2302
mcw,365,0,7,325.235,557.36,43.262,0.2335
mcw,365,0,8,325.07,557.195,46.7402,0.2334
mcw,365,0,9,324.92,557.015,53.6131,0.236
mcw,365,0,10,324.79,556.82,59.0369,0.2332
mcw,365,0,11,324.675,556.615,62.351,0.2371
mcw,365,0,12,324.58,556.4,70.0198,0.2341
mcw,365,0,13,324.51,556.17,75.9644,0.2474
mcw,365,0,14,324.46,555.93,80.5356,0.2433
mcw,365,0,15,324.435,555.685,87.7072,0.2502
mcw,365,0,16,324.435,555.43,92.2047,0.2602
mcw,365,0,17,324.46,555.175,99.0922,0.2532
mcw,365,0,18,324.51,554.93,104.0358,0.2474
mcw,365,0,19,324.58,554.7,109.9799,0.2341
mcw,365,0,20,324.67,554.48,114.4452,0.2417
mcw,365,0,21,324.785,554.27,123.0248,0.2385
mcw,365,0,22,324.92,554.08,127.8778,0.228
mcw,365,0,23,325.065,553.905,131.4228,0.2267
mcw,365,0,24,325.23,553.74,138.3653,0.2408
mcw,365,0,25,325.41,553.595,144.161,0.222
mcw,365,0,26,325.6,553.47,149.038,0.2332
mcw,365,0,27,325.81,553.36,155.5565,0.2417
mcw,365,0,28,326.03,553.27,160.0166,0.2341
mcw,365,0,29,326.255,553.205,167.7344,0.2354
mcw,365,0,30,326.49,553.16,170.5383,0.2433
mcw,365,0,31,326.73,553.135,177.6144,0.2402
mcw,365,0,32,326.975,553.135,2.2902,0.2502
mcw,365,0,33,327.22,553.16,9.4629,0.2433
mcw,365,0,34,327.455,553.205,12.264,0.2354
mcw,365,0,35,327.68,553.27,19.9834,0.2341
mcw,365,0,36,327.9,553.36,24.4435,0.2417
mcw,365,0,37,328.105,553.47,32.2751,0.2247
mcw,365,0,38,328.295,553.595,34.3802,0.2302
mcw,365,0,39,328.475,553.74,43.2671,0.2334
mcw,365,0,40,328.64,553.905,46.7347,0.2335
mcw,365,0,41,328.79,554.08,52.1222,0.228
mcw,365,0,42,328.925,554.27,56.9752,0.2385
mcw,365,0,43,329.04,554.48,65.5614,0.2417
mcw,365,0,44,329.13,554.7,70.0131,0.2341
mcw,365,0,45,329.2,554.93,75.9642,0.2474
mcw,365,0,46,329.25,555.175,80.9078,0.2532
mcw,365,0,47,329.275,555.43,87.802,0.2602
mcw,365,0,48,329.275,555.685,92.2859,0.2502
mcw,365,0,49,329.25,555.93,99.4644,0.2433
mcw,365,0,50,329.2,556.17,104.0356,0.2474
mcw,365,0,51,329.13,556.4,109.9873,0.2341
mcw,365,0,52,329.035,556.615,117.6425,0.2371
mcw,365,0,53,328.92,556.82,120.9631,0.2332
mcw,365,0,54,328.79,557.015,126.3869,0.236
mcw,365,0,55,328.64,557.195,133.2653,0.2335
mcw,365,0,56,328.475,557.36,136.7329,0.2334
mcw,365,0,57,328.295,557.505,145.6198,0.2302
mcw,365,0,58,328.1,557.63,149.038,0.2332
mcw,365,0,59,327.895,557.745,152.3529,0.2371
mcw,365,0,60,327.68,557.84,160.0166,0.2341
mcw,365,0,61,327.455,557.91,165.3804,0.2377
mcw,365,0,62,327.22,557.955,172.8741,0.2419
mcw,365,0,63,326.975,557.975,177.7098,0.2502
mcw,365,1,0,326.76,553.645,176.8206,0.1803
mcw,365,1,1,326.58,553.665,170.5365,0.1825
mcw,365,1,2,326.405,553.705,163.6119,0.1772
mcw,365,1,3,326.235,553.76,160.561,0.1803
mcw,365,1,4,325.995,553.875,151.2603,0.3536
mcw,365,1,5,325.705,554.075,139.5728,0.3547
mcw,365,1,6,325.455,554.335,128.4193,0.3701
mcw,365,1,7,325.255,554.64,117.9771,0.3623
mcw,365,1,8,325.14,554.89,108.4342,0.1897
mcw,365,1,9,325.085,555.075,104.7488,0.1965
mcw,365,1,10,325.045,555.265,98.9722,0.1924
mcw,365,1,11,325.025,555.46,92.8565,0.2002
mcw,365,1,12,325.025,555.655,86.9934,0.1903
mcw,365,1,13,325.045,555.845,81.0277,0.1924
mcw,365,1,14,325.08,556.03,77.4686,0.1844
mcw,365,1,15,325.13,556.21,71.5658,0.1897
mcw,365,1,16,325.24,556.46,63.4344,0.3578
mcw,365,1,17,325.43,556.765,52.8152,0.364
mcw,365,1,18,325.67,557.025,41.4953,0.3471
mcw,365,1,19,325.955,557.23,30.1416,0.3585
mcw,365,1,20,326.2,557.355,21.2512,0.1931
mcw,365,1,21,326.38,557.41,12.5296,0.1844
mcw,365,1,22,326.565,557.445,8.9722,0.1924
mcw,365,1,23,326.755,557.465,3.0134,0.1903
mcw,365,1,24,326.95,557.465,177.1372,0.2003
mcw,365,1,25,327.145,557.445,171.0278,0.1924
mcw,365,1,26,327.33,557.41,167.4704,0.1844
mcw,365,1,27,327.51,557.355,158.7488,0.1931
mcw,365,1,28,327.755,557.23,149.8584,0.3585
mcw,365,1,29,328.04,557.025,138.5047,0.3471
mcw,365,1,30,328.28,556.765,127.1848,0.364
mcw,365,1,31,328.47,556.46,116.5656,0.3578
mcw,365,1,32,328.58,556.21,108.4342,0.1897
mcw,365,1,33,328.63,556.03,102.5221,0.1844
mcw,365,1,34,328.665,555.845,98.9723,0.1924
mcw,365,1,35,328.68,555.655,90.0,0.19
mcw,365,1,36,328.68,555.46,90.0,0.2
mcw,365,1,37,328.665,555.265,81.0278,0.1924
mcw,365,1,38,328.625,555.075,75.2598,0.1965
mcw,365,1,39,328.57,554.89,71.5658,0.1897
mcw,365,1,40,328.455,554.64,62.0186,0.3624
mcw,365,1,41,328.255,554.335,51.5844,0.3701
mcw,365,1,42,328.005,554.075,40.424,0.3547
mcw,365,1,43,327.715,553.875,28.7397,0.3536
mcw,365,1,44,327.475,553.76,19.4423,0.1803
mcw,365,1,45,327.305,553.705,16.3881,0.1772
mcw,365,1,46,327.13,553.665,9.4635,0.1825
mcw,365,1,47,326.945,553.645,3.0122,0.1903
mcw,366,0,0,330.215,553.22,0.0,0.59
mcw,366,0,1,330.51,554.95,90.0,3.46
mcw,366,0,2,332.215,554.855,133.0531,4.9951
mcw,366,0,3,333.92,555.42,90.0,4.78
mcw,366,0,4,333.62,557.81,0.0,0.6
mcw,366,0,5,333.32,556.135,90.0,3.35
mcw,366,0,6,331.62,556.245,133.6028,4.93
mcw,366,0,7,329.92,555.625,90.0,4.81
mcw,367,0,0,339.895,557.75,152.5916,0.3041
mcw,367,0,1,339.615,557.865,162.759,0.3037
mcw,367,0,2,339.32,557.94,168.6894,0.3059
mcw,367,0,3,339.02,557.975,178.0913,0.3002
mcw,367,0,4,338.74,557.975,2.2021,0.2602
mcw,367,0,5,338.49,557.955,7.1259,0.2419
mcw,367,0,6,338.25,557.91,14.0362,0.2474
mcw,367,0,7,338.02,557.84,19.9834,0.2341
mcw,367,0,8,337.8,557.75,24.4435,0.2417
mcw,367,0,9,337.585,557.64,29.7457,0.2419
mcw,367,0,10,337.385,557.51,36.3846,0.236
mcw,367,0,11,337.205,557.36,43.262,0.2335
mcw,367,0,12,337.04,557.195,46.7347,0.2335
mcw,367,0,13,336.885,557.015,51.7108,0.2421
mcw,367,0,14,336.75,556.82,59.0374,0.2332
mcw,367,0,15,336.635,556.61,63.4318,0.246
mcw,367,0,16,336.54,556.39,70.0201,0.2341
mcw,367,0,17,336.47,556.16,75.9642,0.2474
mcw,367,0,18,336.42,555.915,80.9078,0.2532
mcw,367,0,19,336.395,555.66,87.7953,0.2602
mcw,367,0,20,336.395,555.405,92.2928,0.2502
mcw,367,0,21,336.42,555.16,99.4644,0.2433
mcw,367,0,22,336.47,554.925,104.6203,0.2377
mcw,367,0,23,336.54,554.695,109.1761,0.2435
mcw,367,0,24,336.635,554.475,117.649,0.2371
mcw,367,0,25,336.75,554.275,122.2748,0.2247
mcw,367,0,26,336.88,554.085,126.3874,0.236
mcw,367,0,27,337.03,553.905,133.2592,0.2334
mcw,367,0,28,337.195,553.745,138.5783,0.2267
mcw,367,0,29,337.375,553.6,143.6161,0.236
mcw,367,0,30,337.57,553.47,149.038,0.2332
mcw,367,0,31,337.775,553.365,156.8005,0.2285
mcw,367,0,32,337.99,553.28,160.0175,0.2341
mcw,367,0,33,338.215,553.21,165.3776,0.2377
mcw,367,0,34,338.45,553.16,170.5383,0.2433
mcw,367,0,35,338.695,553.135,177.7098,0.2502
mcw,367,0,36,338.975,553.14,3.6915,0.3106
mcw,367,0,37,339.285,553.18,10.9537,0.3158
mcw,367,0,38,339.595,553.26,17.8792,0.3257
mcw,367,0,39,339.89,553.38,26.5651,0.313
mcw,367,0,40,340.03,553.79,90.0,0.68
mcw,367,0,41,339.895,554.025,37.876,0.342
mcw,367,0,42,339.61,553.845,26.5639,0.3354
mcw,367,0,43,339.295,553.72,16.8594,0.3448
mcw,367,0,44,338.965,553.655,5.194,0.3314
mcw,367,0,45,338.705,553.645,176.9866,0.1903
mcw,367,0,46,338.52,553.665,170.5377,0.1825
mcw,367,0,47,338.34,553.705,164.4755,0.1868
mcw,367,0,48,338.165,553.765,157.6215,0.1839
mcw,367,0,49,337.925,553.885,151.2597,0.3536
mcw,367,0,50,337.64,554.09,137.2886,0.3538
mcw,367,0,51,337.4,554.35,128.1571,0.3561
mcw,367,0,52,337.205,554.655,117.2573,0.3712
mcw,367,0,53,337.09,554.905,109.4391,0.1803
mcw,367,0,54,337.04,555.08,102.5314,0.1844
mcw,367,0,55,337.005,555.265,98.9723,0.1924
mcw,367,0,56,336.99,555.455,90.0,0.19
mcw,367,0,57,336.99,555.645,90.0,0.19
mcw,367,0,58,337.005,555.835,81.0277,0.1924
mcw,367,0,59,337.04,556.025,78.1088,0.1942
mcw,367,0,60,337.09,556.205,70.5609,0.1803
mcw,367,0,61,337.205,556.455,62.7427,0.3712
mcw,367,0,62,337.4,556.76,51.8429,0.3561
mcw,367,0,63,337.645,557.02,41.6344,0.3612
mcw,367,0,64,337.935,557.23,30.1416,0.3585
mcw,367,0,65,338.175,557.35,19.439,0.1803
mcw,367,0,66,338.35,557.405,15.5245,0.1868
mcw,367,0,67,338.53,557.445,9.4623,0.1825
mcw,367,0,68,338.715,557.465,3.0134,0.1903
mcw,367,0,69,338.975,557.455,174.8049,0.3313
mcw,367,0,70,339.3,557.395,164.2917,0.3324
mcw,367,0,71,339.61,557.28,154.9845,0.3311
mcw,367,0,72,339.895,557.11,143.4704,0.336
mcw,367,0,73,340.03,557.345,90.0,0.67
mcw,368,0,0,341.065,557.81,0.0,0.59
mcw,368,0,1,340.77,555.515,90.0,4.59
mcw,368,0,2,341.065,553.22,0.0,0.59
mcw,368,0,3,341.36,555.515,90.0,4.59
mcw,369,0,0,344.09,557.3,0.0,1.1
mcw,369,0,1,344.64,557.555,90.0,0.51
mcw,369,0,2,343.245,557.81,0.0,2.79
mcw,369,0,3,341.85,557.555,90.0,0.51
mcw,369,0,4,342.395,557.3,0.0,1.09
mcw,369,0,5,342.94,555.26,90.0,4.08
mcw,369,0,6,343.24,553.22,0.0,0.6
mcw,369,0,7,343.54,555.26,90.0,4.08
mcw,370,0,0,346.15,554.24,90.0,2.04
mcw,370,0,1,346.45,553.22,0.0,0.6
mcw,370,0,2,346.75,554.24,90.0,2.04
mcw,370,0,3,347.5,556.535,59.5344,2.9585
mcw,370,0,4,347.92,557.81,0.0,0.66
mcw,370,0,5,347.02,556.85,59.2999,2.2329
mcw,370,0,6,345.875,556.85,120.9197,2.2381
mcw,370,0,7,344.97,557.81,0.0,0.66
mcw,370,0,8,345.395,556.535,120.6324,2.9635
mcw,371,0,0,348.98,553.075,67.0109,1.7924
mcw,371,0,1,348.805,552.18,158.199,0.377
mcw,371,0,2,349.4,552.91,62.3007,1.8071
mcw,371,0,3,349.575,553.805,158.8057,0.5255
mcw,372,0,0,352.7,557.81,0.0,0.6
mcw,372,0,1,352.4,555.515,90.0,4.59
mcw,372,0,2,352.7,553.22,0.0,0.6
mcw,372,0,3,353.0,555.515,90.0,4.59
mcw,373,0,0,355.86,557.975,2.3856,0.2402
mcw,373,0,1,355.62,557.955,7.125,0.2419
mcw,373,0,2,355.385,557.91,14.6215,0.2377
mcw,373,0,3,355.16,557.84,19.9834,0.2341
mcw,373,0,4,354.94,557.745,26.5651,0.246
mcw,373,0,5,354.73,557.63,30.962,0.2332
mcw,373,0,6,354.54,557.505,35.839,0.222
mcw,373,0,7,354.36,557.36,41.6347,0.2408
mcw,373,0,8,354.195,557.195,48.5772,0.2267
mcw,373,0,9,354.045,557.015,51.7057,0.2421
mcw,373,0,10,353.91,556.82,59.0369,0.2332
mcw,373,0,11,353.8,556.615,64.5356,0.2326
mcw,373,0,12,353.705,556.4,67.7516,0.2377
mcw,373,0,13,353.63,556.17,75.9644,0.2474
mcw,373,0,14,353.585,555.93,82.8752,0.2419
mcw,373,0,15,353.56,555.685,85.4286,0.2508
mcw,373,0,16,353.56,555.43,94.3963,0.2608
mcw,373,0,17,353.585,555.175,96.8425,0.2518
mcw,373,0,18,353.63,554.93,104.0358,0.2474
mcw,373,0,19,353.705,554.7,112.2481,0.2377
mcw,373,0,20,353.8,554.48,114.4452,0.2417
mcw,373,0,21,353.91,554.27,120.9626,0.2332
mcw,373,0,22,354.04,554.08,127.8778,0.228
mcw,373,0,23,354.19,553.905,133.2653,0.2335
mcw,373,0,24,354.355,553.74,136.7329,0.2334
mcw,373,0,25,354.535,553.595,145.6198,0.2302
mcw,373,0,26,354.73,553.47,149.038,0.2332
mcw,373,0,27,354.935,553.36,154.5361,0.2326
mcw,373,0,28,355.15,553.27,160.0166,0.2341
mcw,373,0,29,355.375,553.205,167.736,0.2354
mcw,373,0,30,355.61,553.16,170.5371,0.2433
mcw,373,0,31,355.855,553.135,177.7098,0.2502
mcw,373,0,32,356.1,553.135,2.3856,0.2402
mcw,373,0,33,356.34,553.16,9.4617,0.2433
mcw,373,0,34,356.58,553.205,11.7686,0.2451
mcw,373,0,35,356.81,553.27,19.9834,0.2341
mcw,373,0,36,357.025,553.36,25.4639,0.2326
mcw,373,0,37,357.23,553.47,30.962,0.2332
mcw,373,0,38,357.425,553.595,34.3802,0.2302
mcw,373,0,39,357.605,553.74,43.2671,0.2334
mcw,373,0,40,357.77,553.905,46.7347,0.2335
mcw,373,0,41,357.92,554.08,52.1222,0.228
mcw,373,0,42,358.05,554.27,59.0374,0.2332
mcw,373,0,43,358.16,554.48,65.5548,0.2417
mcw,373,0,44,358.25,554.7,70.0201,0.2341
mcw,373,0,45,358.325,554.93,73.738,0.25
mcw,373,0,46,358.375,555.175,83.1575,0.2518
mcw,373,0,47,358.4,555.43,85.6037,0.2608
mcw,373,0,48,358.4,555.685,94.5714,0.2508
mcw,373,0,49,358.37,555.93,99.4644,0.2433
mcw,373,0,50,358.32,556.17,104.0356,0.2474
mcw,373,0,51,358.25,556.4,109.9802,0.2341
mcw,373,0,52,358.16,556.615,115.4644,0.2326
mcw,373,0,53,358.045,556.82,123.0253,0.2385
mcw,373,0,54,357.91,557.015,126.3869,0.236
mcw,373,0,55,357.76,557.195,133.2598,0.2334
mcw,373,0,56,357.595,557.36,136.738,0.2335
mcw,373,0,57,357.415,557.505,145.6198,0.2302
mcw,373,0,58,357.22,557.63,149.0342,0.2332
mcw,373,0,59,357.015,557.745,152.3564,0.2371
mcw,373,0,60,356.8,557.84,160.0166,0.2341
mcw,373,0,61,356.575,557.91,165.3785,0.2377
mcw,373,0,62,356.34,557.955,172.875,0.2419
mcw,373,0,63,356.1,557.975,177.6144,0.2402
mcw,373,1,0,355.885,553.645,176.9878,0.1903
mcw,373,1,1,355.705,553.665,169.9902,0.1726
mcw,373,1,2,355.53,553.705,164.478,0.1868
mcw,373,1,3,355.355,553.76,160.5577,0.1803
mcw,373,1,4,355.115,553.875,151.2603,0.3536
mcw,373,1,5,354.825,554.075,139.576,0.3547
mcw,373,1,6,354.58,554.335,127.1848,0.364
mcw,373,1,7,354.38,554.64,119.3568,0.3671
mcw,373,1,8,354.26,554.89,108.4342,0.1897
mcw,373,1,9,354.21,555.075,101.8912,0.1942
mcw,373,1,10,354.175,555.265,98.9722,0.1924
mcw,373,1,11,354.155,555.46,92.8565,0.2002
mcw,373,1,12,354.155,555.655,86.9934,0.1903
mcw,373,1,13,354.17,555.845,83.9851,0.1911
mcw,373,1,14,354.2,556.03,77.4779,0.1844
mcw,373,1,15,354.25,556.21,71.5658,0.1897
mcw,373,1,16,354.36,556.46,63.4344,0.3578
mcw,373,1,17,354.55,556.765,52.8152,0.364
mcw,373,1,18,354.795,557.025,40.424,0.3547
mcw,373,1,19,355.085,557.23,30.1416,0.3585
mcw,373,1,20,355.325,557.355,22.3821,0.1838
mcw,373,1,21,355.5,557.41,12.5296,0.1844
mcw,373,1,22,355.685,557.445,8.9722,0.1924
mcw,373,1,23,355.88,557.465,2.8628,0.2003
mcw,373,1,24,356.08,557.465,177.1372,0.2003
mcw,373,1,25,356.275,557.445,171.0278,0.1924
mcw,373,1,26,356.46,557.41,167.4704,0.1844
mcw,373,1,27,356.635,557.355,157.6179,0.1838
mcw,373,1,28,356.875,557.23,149.8584,0.3585
mcw,373,1,29,357.165,557.025,139.576,0.3547
mcw,373,1,30,357.405,556.765,125.9085,0.358
mcw,373,1,31,357.59,556.46,116.5656,0.3578
mcw,373,1,32,357.7,556.21,108.4342,0.1897
mcw,373,1,33,357.75,556.03,102.5314,0.1844
mcw,373,1,34,357.785,555.845,98.9723,0.1924
mcw,373,1,35,357.805,555.655,93.0066,0.1903
mcw,373,1,36,357.805,555.46,87.1435,0.2002
mcw,373,1,37,357.785,555.265,81.0278,0.1924
mcw,373,1,38,357.745,555.075,75.2512,0.1965
mcw,373,1,39,357.69,554.89,71.5658,0.1897
mcw,373,1,40,357.575,554.64,62.0229,0.3623
mcw,373,1,41,357.38,554.335,52.8152,0.364
mcw,373,1,42,357.13,554.075,39.4007,0.3624
mcw,373,1,43,356.835,553.875,28.7397,0.3536
mcw,373,1,44,356.6,553.76,20.556,0.1709
mcw,373,1,45,356.43,553.705,15.522,0.1868
mcw,373,1,46,356.25,553.665,9.4635,0.1825
mcw,373,1,47,356.07,553.645,3.1794,0.1803
mcw,374,0,0,358.845,557.81,0.0,0.63
mcw,374,0,1,359.495,555.43,112.0706,5.1364
mcw,374,0,2,361.115,554.745,68.872,3.6343
mcw,374,0,3,362.425,554.745,111.1285,3.6343
mcw,374,0,4,364.04,555.43,68.0329,5.1326
mcw,374,0,5,364.685,557.81,0.0,0.63
mcw,374,0,6,363.725,556.175,68.4713,3.5152
mcw,374,0,7,362.425,556.26,110.8479,3.681
mcw,374,0,8,361.115,556.295,68.7577,3.6157
mcw,374,0,9,359.81,556.21,112.1093,3.454
mcw,375,0,0,368.435,553.815,114.0071,1.3027
mcw,375,0,1,369.01,553.22,0.0,0.62
mcw,375,0,2,368.215,555.635,114.5867,5.3116
mcw,375,0,3,366.005,555.635,65.4133,5.3116
mcw,375,0,4,365.21,553.22,0.0,0.62
mcw,375,0,5,365.785,553.815,65.9929,1.3027
mcw,375,0,6,367.11,554.41,0.0,2.12
mcw,375,1,0,367.11,554.92,0.0,1.64
mcw,375,1,1,366.7,555.855,66.3223,2.0419
mcw,375,1,2,367.52,555.855,113.6777,2.0419
mcw,376,0,0,314.615,37.44,66.5209,3.4889
mcw,376,0,1,315.315,39.04,0.0,0.01
mcw,376,0,2,315.59,37.485,99.8505,3.1565
mcw,376,0,3,316.155,35.9301,0.0,0.59
mcw,376,0,4,315.98,38.36,100.9468,4.9501
mcw,376,0,5,314.715,38.97,66.4038,3.9721
mcw,376,0,6,313.125,38.97,113.5962,3.9721
mcw,376,0,7,311.86,38.36,79.0532,4.9501
mcw,376,0,8,311.69,35.9301,0.0,0.6
mcw,376,0,9,312.255,37.475,80.2672,3.1351
mcw,376,0,10,312.53,39.02,0.0,0.02
mcw,376,0,11,313.23,37.43,113.4591,3.4665
mcw,377,0,0,320.055,36.525,114.0071,1.3027
mcw,377,0,1,320.63,35.93,0.0,0.62
mcw,377,0,2,319.835,38.345,114.5866,5.3116
mcw,377,0,3,317.62,38.345,65.3153,5.3158
mcw,377,0,4,316.82,35.93,0.0,0.62
mcw,377,0,5,317.395,36.525,65.9929,1.3027
mcw,377,0,6,318.725,37.12,0.0,2.13
mcw,377,1,0,318.725,37.63,0.0,1.65
mcw,377,1,1,318.315,38.565,66.0655,2.0459
mcw,377,1,2,319.14,38.565,113.6778,2.0419
mcw,378,0,0,323.925,40.1,124.5095,0.1941
mcw,378,0,1,323.81,40.245,132.7144,0.1769
mcw,378,0,2,323.685,40.37,137.2861,0.1769
mcw,378,0,3,323.545,40.475,149.0328,0.175
mcw,378,0,4,323.39,40.56,153.4306,0.1789
mcw,378,0,5,323.23,40.625,162.6472,0.1676
mcw,378,0,6,323.06,40.665,170.5487,0.1825
mcw,378,0,7,322.875,40.69,173.9852,0.1911
mcw,378,0,8,322.65,40.69,4.4033,0.2607
mcw,378,0,9,322.395,40.65,13.4952,0.2571
mcw,378,0,10,322.155,40.57,23.4925,0.2508
mcw,378,0,11,321.935,40.455,31.7615,0.247
mcw,378,0,12,321.745,40.305,44.9949,0.2404
mcw,378,0,13,321.59,40.12,55.0127,0.2441
mcw,378,0,14,321.48,39.9,71.5607,0.253
mcw,378,0,15,321.425,39.645,83.6605,0.2717
mcw,378,0,16,321.42,39.395,94.975,0.2309
mcw,378,0,17,321.46,39.18,106.6976,0.2088
mcw,378,0,18,321.54,38.99,119.0497,0.2059
mcw,378,0,19,321.655,38.825,130.9108,0.1985
mcw,378,0,20,321.795,38.685,139.0892,0.1985
mcw,378,0,21,321.96,38.565,148.5728,0.2109
mcw,378,0,22,322.14,38.455,148.5728,0.2109
mcw,378,0,23,322.33,38.355,155.7672,0.2193
mcw,378,0,24,322.585,38.245,157.2481,0.3362
mcw,378,0,25,322.885,38.105,152.6541,0.3265
mcw,378,0,26,323.16,37.94,145.3069,0.3162
mcw,378,0,27,323.34,37.795,132.2634,0.1487
mcw,378,0,28,323.43,37.675,121.6143,0.1526
mcw,378,0,29,323.495,37.53,107.3565,0.1677
mcw,378,0,30,323.525,37.365,93.3598,0.1703
mcw,378,0,31,323.525,37.185,86.9935,0.1903
mcw,378,0,32,323.495,37.005,73.6032,0.1772
mcw,378,0,33,323.435,36.845,64.994,0.1655
mcw,378,0,34,323.35,36.7,54.4635,0.1721
mcw,378,0,35,323.235,36.575,40.2315,0.1703
mcw,378,0,36,323.1,36.475,32.7403,0.1665
mcw,378,0,37,322.95,36.4,20.5584,0.1709
mcw,378,0,38,322.78,36.36,6.3263,0.1811
mcw,378,0,39,322.6,36.36,173.6726,0.1811
mcw,378,0,40,322.425,36.395,163.5965,0.1772
mcw,378,0,41,322.265,36.46,151.9396,0.17
mcw,378,0,42,322.12,36.555,141.8279,0.1781
mcw,378,0,43,321.995,36.675,130.2526,0.1703
mcw,378,0,44,321.9,36.815,118.0646,0.17
mcw,378,0,45,321.835,36.975,106.3968,0.1772
mcw,378,0,46,321.8,37.155,96.0057,0.1911
mcw,378,0,47,321.495,37.19,11.4962,0.6021
mcw,378,0,48,321.23,36.99,102.0956,0.2863
mcw,378,0,49,321.31,36.73,112.6219,0.26
mcw,378,0,50,321.43,36.5,122.4645,0.2608
mcw,378,0,51,321.59,36.295,133.4552,0.2617
mcw,378,0,52,321.78,36.125,143.1343,0.25
mcw,378,0,53,321.995,35.995,154.4317,0.255
mcw,378,0,54,322.24,35.905,164.9305,0.2693
mcw,378,0,55,322.505,35.855,173.6662,0.2716
mcw,378,0,56,322.79,35.855,5.7048,0.3015
mcw,378,0,57,323.08,35.91,15.9487,0.2912
mcw,378,0,58,323.345,36.01,25.6401,0.2773
mcw,378,0,59,323.58,36.155,37.6913,0.278
mcw,378,0,60,323.785,36.345,47.865,0.2832
mcw,378,0,61,323.945,36.57,61.5552,0.2729
mcw,378,0,62,324.055,36.83,72.1835,0.2941
mcw,378,0,63,324.115,37.125,84.4726,0.3114
mcw,378,0,64,324.12,37.415,94.2338,0.2708
mcw,378,0,65,324.075,37.675,105.6438,0.2596
mcw,378,0,66,323.99,37.905,115.4688,0.2326
mcw,378,0,67,323.865,38.1,129.8056,0.2343
mcw,378,0,68,323.705,38.265,138.5689,0.2267
mcw,378,0,69,323.525,38.41,143.6131,0.236
mcw,378,0,70,323.32,38.54,151.3907,0.2506
mcw,378,0,71,323.09,38.65,157.3869,0.26
mcw,378,0,72,322.805,38.765,158.497,0.3547
mcw,378,0,73,322.53,38.885,153.4381,0.246
mcw,378,0,74,322.315,39.01,146.3061,0.2524
mcw,378,0,75,322.17,39.12,135.0,0.1132
mcw,378,0,76,322.095,39.215,122.4774,0.1304
mcw,378,0,77,322.04,39.325,109.9754,0.117
mcw,378,0,78,322.01,39.445,98.7542,0.1315
mcw,378,0,79,322.01,39.585,82.3992,0.1514
mcw,378,0,80,322.045,39.725,68.9679,0.1393
mcw,378,0,81,322.11,39.85,56.3032,0.1442
mcw,378,0,82,322.2,39.955,41.9833,0.1345
mcw,378,0,83,322.37,40.07,30.2569,0.2779
mcw,378,0,84,322.63,40.16,8.1257,0.2828
mcw,378,0,85,322.885,40.17,175.0401,0.2308
mcw,378,0,86,323.1,40.115,155.7672,0.2193
mcw,378,0,87,323.285,40.0,140.5268,0.2202
mcw,378,0,88,323.435,39.835,124.3747,0.2302
mcw,378,0,89,323.74,39.88,30.2585,0.5557
mcw,379,0,0,326.73,40.69,4.7685,0.2408
mcw,379,0,1,326.49,40.665,7.1169,0.2419
mcw,379,0,2,326.255,40.62,14.6215,0.2377
mcw,379,0,3,326.03,40.55,19.9869,0.2341
mcw,379,0,4,325.815,40.46,25.4556,0.2326
mcw,379,0,5,325.61,40.35,30.965,0.2332
mcw,379,0,6,325.415,40.22,36.3869,0.236
mcw,379,0,7,325.235,40.07,43.2681,0.2335
mcw,379,0,8,325.07,39.905,46.7376,0.2334
mcw,379,0,9,324.92,39.725,53.6131,0.236
mcw,379,0,10,324.79,39.53,59.0388,0.2332
mcw,379,0,11,324.675,39.325,62.3462,0.237
mcw,379,0,12,324.58,39.11,70.0226,0.2341
mcw,379,0,13,324.51,38.88,75.9638,0.2474
mcw,379,0,14,324.46,38.64,80.5353,0.2433
mcw,379,0,15,324.435,38.395,87.7072,0.2502
mcw,379,0,16,324.435,38.14,92.2047,0.2602
mcw,379,0,17,324.46,37.885,99.0922,0.2532
mcw,379,0,18,324.51,37.64,104.0362,0.2474
mcw,379,0,19,324.58,37.41,109.9774,0.2341
mcw,379,0,20,324.67,37.19,114.4481,0.2416
mcw,379,0,21,324.785,36.98,123.0233,0.2386
mcw,379,0,22,324.92,36.79,127.879,0.228
mcw,379,0,23,325.065,36.615,131.4254,0.2267
mcw,379,0,24,325.23,36.45,138.3592,0.2408
mcw,379,0,25,325.41,36.305,144.1602,0.222
mcw,379,0,26,325.6,36.18,149.0388,0.2332
mcw,379,0,27,325.81,36.07,155.5614,0.2417
mcw,379,0,28,326.03,35.985,162.3482,0.2309
mcw,379,0,29,326.255,35.92,165.3785,0.2377
mcw,379,0,30,326.49,35.875,172.8687,0.2419
mcw,379,0,31,326.73,35.85,175.246,0.2408
mcw,379,0,32,326.975,35.85,4.5645,0.2508
mcw,379,0,33,327.22,35.875,7.1322,0.2419
mcw,379,0,34,327.455,35.92,14.6196,0.2377
mcw,379,0,35,327.68,35.985,17.6518,0.2309
mcw,379,0,36,327.9,36.07,24.4386,0.2417
mcw,379,0,37,328.105,36.18,32.2743,0.2247
mcw,379,0,38,328.295,36.305,34.381,0.2302
mcw,379,0,39,328.475,36.45,43.2733,0.2335
mcw,379,0,40,328.64,36.615,46.7322,0.2334
mcw,379,0,41,328.79,36.79,52.121,0.228
mcw,379,0,42,328.925,36.98,56.9767,0.2386
mcw,379,0,43,329.04,37.19,65.5584,0.2416
mcw,379,0,44,329.13,37.41,70.0156,0.2341
mcw,379,0,45,329.2,37.64,75.9638,0.2474
mcw,379,0,46,329.25,37.885,80.9078,0.2532
mcw,379,0,47,329.275,38.14,87.8021,0.2602
mcw,379,0,48,329.275,38.395,92.2859,0.2502
mcw,379,0,49,329.25,38.64,99.4647,0.2433
mcw,379,0,50,329.2,38.88,104.0362,0.2474
mcw,379,0,51,329.13,39.11,109.9844,0.2341
mcw,379,0,52,329.035,39.325,117.6472,0.237
mcw,379,0,53,328.92,39.53,120.9612,0.2332
mcw,379,0,54,328.79,39.725,126.3869,0.236
mcw,379,0,55,328.64,39.905,133.2678,0.2334
mcw,379,0,56,328.475,40.07,136.7267,0.2335
mcw,379,0,57,328.295,40.22,143.6131,0.236
mcw,379,0,58,328.1,40.35,149.0388,0.2332
mcw,379,0,59,327.895,40.46,154.5412,0.2326
mcw,379,0,60,327.68,40.55,160.0131,0.2341
mcw,379,0,61,327.455,40.62,165.3804,0.2377
mcw,379,0,62,327.22,40.665,172.8822,0.2419
mcw,379,0,63,326.975,40.69,175.4216,0.2508
mcw,379,1,0,326.76,36.355,176.8363,0.1803
mcw,379,1,1,326.58,36.375,170.5282,0.1825
mcw,379,1,2,326.405,36.415,163.6155,0.1772
mcw,379,1,3,326.235,36.47,160.5621,0.1803
mcw,379,1,4,325.995,36.585,151.2624,0.3535
mcw,379,1,5,325.705,36.79,138.3592,0.3613
mcw,379,1,6,325.455,37.05,129.4052,0.3623
mcw,379,1,7,325.255,37.35,117.9765,0.3624
mcw,379,1,8,325.14,37.6,108.4349,0.1897
mcw,379,1,9,325.085,37.785,104.7485,0.1965
mcw,379,1,10,325.045,37.975,98.9722,0.1924
mcw,379,1,11,325.025,38.17,92.8563,0.2003
mcw,379,1,12,325.025,38.365,86.9935,0.1903
mcw,379,1,13,325.045,38.555,81.0278,0.1924
mcw,379,1,14,325.08,38.74,77.4681,0.1844
mcw,379,1,15,325.13,38.92,71.5651,0.1897
mcw,379,1,16,325.24,39.17,63.4349,0.3578
mcw,379,1,17,325.43,39.475,52.8131,0.364
mcw,379,1,18,325.67,39.735,41.5005,0.3472
mcw,379,1,19,325.955,39.94,30.1406,0.3585
mcw,379,1,20,326.2,40.065,21.2533,0.1931
mcw,379,1,21,326.38,40.12,12.5226,0.1844
mcw,379,1,22,326.565,40.155,8.9632,0.1924
mcw,379,1,23,326.755,40.175,3.0157,0.1903
mcw,379,1,24,326.95,40.175,177.135,0.2003
mcw,379,1,25,327.145,40.155,171.0368,0.1924
mcw,379,1,26,327.33,40.12,167.4774,0.1844
mcw,379,1,27,327.51,40.065,158.7467,0.1931
mcw,379,1,28,327.755,39.94,149.8594,0.3585
mcw,379,1,29,328.04,39.735,138.4995,0.3472
mcw,379,1,30,328.28,39.475,127.1869,0.364
mcw,379,1,31,328.47,39.17,116.5651,0.3578
mcw,379,1,32,328.58,38.92,108.4349,0.1897
mcw,379,1,33,328.63,38.74,102.5226,0.1844
mcw,379,1,34,328.665,38.555,98.9722,0.1924
mcw,379,1,35,328.68,38.365,90.0,0.19
mcw,379,1,36,328.68,38.17,90.0,0.2
mcw,379,1,37,328.665,37.975,81.0278,0.1924
mcw,379,1,38,328.625,37.785,75.2601,0.1965
mcw,379,1,39,328.57,37.6,71.5651,0.1897
mcw,379,1,40,328.455,37.35,62.0192,0.3624
mcw,379,1,41,328.255,37.05,50.5985,0.3623
mcw,379,1,42,328.005,36.79,41.6376,0.3613
mcw,379,1,43,327.715,36.585,28.7376,0.3535
mcw,379,1,44,327.475,36.47,19.4411,0.1803
mcw,379,1,45,327.305,36.415,16.3845,0.1772
mcw,379,1,46,327.13,36.375,9.4718,0.1825
mcw,379,1,47,326.945,36.355,2.9973,0.1903
mcw,380,0,0,330.215,35.93,0.0,0.59
mcw,380,0,1,330.51,37.66,90.0,3.46
mcw,380,0,2,332.215,37.565,133.0529,4.9951
mcw,380,0,3,333.92,38.135,90.0,4.79
mcw,380,0,4,333.62,40.53,0.0,0.6
mcw,380,0,5,333.32,38.85,90.0,3.36
mcw,380,0,6,331.62,38.96,133.5226,4.9373
mcw,380,0,7,329.92,38.34,90.0,4.82
mcw,381,0,0,339.895,40.46,152.589,0.3041
mcw,381,0,1,339.615,40.575,162.7652,0.3036
mcw,381,0,2,339.32,40.65,168.6901,0.3059
mcw,381,0,3,339.02,40.69,176.1824,0.3007
mcw,381,0,4,338.74,40.69,4.4028,0.2608
mcw,381,0,5,338.49,40.665,7.1178,0.2419
mcw,381,0,6,338.25,40.62,14.0362,0.2474
mcw,381,0,7,338.02,40.55,19.9869,0.2341
mcw,381,0,8,337.8,40.46,24.4386,0.2417
mcw,381,0,9,337.585,40.35,29.7449,0.2419
mcw,381,0,10,337.385,40.22,36.3869,0.236
mcw,381,0,11,337.205,40.07,43.2681,0.2335
mcw,381,0,12,337.04,39.905,46.7322,0.2334
mcw,381,0,13,336.885,39.725,51.7113,0.2421
mcw,381,0,14,336.75,39.53,59.0388,0.2332
mcw,381,0,15,336.635,39.32,63.4286,0.2459
mcw,381,0,16,336.54,39.1,70.0226,0.2341
mcw,381,0,17,336.47,38.87,75.9638,0.2474
mcw,381,0,18,336.42,38.625,80.9078,0.2532
mcw,381,0,19,336.395,38.37,87.7953,0.2602
mcw,381,0,20,336.395,38.115,92.2928,0.2502
mcw,381,0,21,336.42,37.87,99.4647,0.2433
mcw,381,0,22,336.47,37.635,104.6215,0.2377
mcw,381,0,23,336.54,37.405,109.1775,0.2435
mcw,381,0,24,336.635,37.185,117.6469,0.2371
mcw,381,0,25,336.75,36.985,122.2743,0.2247
mcw,381,0,26,336.88,36.795,126.3869,0.236
mcw,381,0,27,337.03,36.615,133.2624,0.2334
mcw,381,0,28,337.195,36.455,138.574,0.2267
mcw,381,0,29,337.375,36.31,143.6131,0.236
mcw,381,0,30,337.57,36.185,151.1939,0.2283
mcw,381,0,31,337.775,36.08,154.5412,0.2326
mcw,381,0,32,337.99,35.99,160.0131,0.2341
mcw,381,0,33,338.215,35.92,165.3785,0.2377
mcw,381,0,34,338.45,35.875,172.8687,0.2419
mcw,381,0,35,338.695,35.85,175.4355,0.2508
mcw,381,0,36,338.975,35.85,3.6838,0.3106
mcw,381,0,37,339.285,35.895,12.7257,0.3178
mcw,381,0,38,339.595,35.975,16.1939,0.3228
mcw,381,0,39,339.89,36.09,26.5675,0.3131
mcw,381,0,40,340.03,36.5,90.0,0.68
mcw,381,0,41,339.895,36.735,37.879,0.3421
mcw,381,0,42,339.61,36.555,26.5581,0.3354
mcw,381,0,43,339.295,36.435,15.2601,0.342
mcw,381,0,44,338.965,36.37,6.9071,0.3324
mcw,381,0,45,338.705,36.355,177.0027,0.1903
mcw,381,0,46,338.52,36.375,170.5282,0.1825
mcw,381,0,47,338.34,36.415,164.4789,0.1868
mcw,381,0,48,338.165,36.475,157.6193,0.1839
mcw,381,0,49,337.925,36.6,149.8594,0.3585
mcw,381,0,50,337.64,36.805,138.4961,0.3471
mcw,381,0,51,337.4,37.065,127.1869,0.364
mcw,381,0,52,337.205,37.37,117.9808,0.3624
mcw,381,0,53,337.09,37.615,109.4411,0.1803
mcw,381,0,54,337.04,37.79,102.5319,0.1844
mcw,381,0,55,337.005,37.975,98.9722,0.1924
mcw,381,0,56,336.99,38.165,90.0,0.19
mcw,381,0,57,336.99,38.36,90.0,0.2
mcw,381,0,58,337.005,38.55,80.5377,0.1825
mcw,381,0,59,337.04,38.735,78.109,0.1942
mcw,381,0,60,337.09,38.915,70.5589,0.1803
mcw,381,0,61,337.205,39.165,62.744,0.3712
mcw,381,0,62,337.4,39.47,51.8395,0.3561
mcw,381,0,63,337.645,39.73,41.6408,0.3613
mcw,381,0,64,337.935,39.94,30.1406,0.3585
mcw,381,0,65,338.175,40.065,22.3807,0.1839
mcw,381,0,66,338.35,40.12,12.5226,0.1844
mcw,381,0,67,338.53,40.155,9.4718,0.1825
mcw,381,0,68,338.715,40.175,2.9973,0.1903
mcw,381,0,69,338.975,40.165,174.8108,0.3313
mcw,381,0,70,339.3,40.11,165.9612,0.3299
mcw,381,0,71,339.61,39.995,153.4419,0.3354
mcw,381,0,72,339.895,39.82,143.4684,0.336
mcw,381,0,73,340.03,40.055,90.0,0.67
mcw,382,0,0,341.065,40.53,0.0,0.59
mcw,382,0,1,340.77,38.23,90.0,4.6
mcw,382,0,2,341.065,35.9301,0.0,0.59
mcw,382,0,3,341.36,38.23,90.0,4.6
mcw,383,0,0,344.09,40.01,0.0,1.1
mcw,383,0,1,344.64,40.27,90.0,0.52
mcw,383,0,2,343.245,40.53,0.0,2.79
mcw,383,0,3,341.85,40.27,90.0,0.52
mcw,383,0,4,342.395,40.01,0.0,1.09
mcw,383,0,5,342.94,37.97,90.0,4.08
mcw,383,0,6,343.24,35.93,0.0,0.6
mcw,383,0,7,343.54,37.97,90.0,4.08
mcw,384,0,0,346.15,36.95,90.0,2.04
mcw,384,0,1,346.45,35.93,0.0,0.6
mcw,384,0,2,346.75,36.95,90.0,2.04
mcw,384,0,3,347.5,39.25,59.6323,2.9671
mcw,384,0,4,347.92,40.53,0.0,0.66
mcw,384,0,5,347.02,39.565,59.4304,2.2415
mcw,384,0,6,345.875,39.565,120.7888,2.2466
mcw,384,0,7,344.97,40.53,0.0,0.66
mcw,384,0,8,345.395,39.25,120.5341,2.9722
mcw,385,0,0,348.98,35.785,67.0112,1.7924
mcw,385,0,1,348.805,34.89,158.2055,0.3769
mcw,385,0,2,349.4,35.62,62.3003,1.8071
mcw,385,0,3,349.575,36.515,158.8053,0.5255
mcw,386,0,0,352.7,40.53,0.0,0.6
mcw,386,0,1,352.4,38.23,90.0,4.6
mcw,386,0,2,352.7,35.9301,0.0,0.6
mcw,386,0,3,353.0,38.23,90.0,4.6
mcw,387,0,0,355.86,40.69,4.7685,0.2408
mcw,387,0,1,355.62,40.665,7.1169,0.2419
mcw,387,0,2,355.385,40.62,14.6215,0.2377
mcw,387,0,3,355.16,40.55,19.9869,0.2341
mcw,387,0,4,354.94,40.46,24.4386,0.2417
mcw,387,0,5,354.73,40.35,30.9612,0.2332
mcw,387,0,6,354.54,40.22,37.879,0.228
mcw,387,0,7,354.36,40.07,41.6408,0.2408
mcw,387,0,8,354.195,39.905,48.5746,0.2267
mcw,387,0,9,354.045,39.725,51.7057,0.2421
mcw,387,0,10,353.91,39.53,59.0388,0.2332
mcw,387,0,11,353.8,39.325,64.5312,0.2326
mcw,387,0,12,353.705,39.11,67.7547,0.2377
mcw,387,0,13,353.63,38.88,75.9638,0.2474
mcw,387,0,14,353.585,38.64,82.875,0.2419
mcw,387,0,15,353.56,38.395,85.4286,0.2508
mcw,387,0,16,353.56,38.14,94.3961,0.2608
mcw,387,0,17,353.585,37.885,96.8425,0.2518
mcw,387,0,18,353.63,37.64,104.0362,0.2474
mcw,387,0,19,353.705,37.41,112.2453,0.2377
mcw,387,0,20,353.8,37.19,114.4481,0.2416
mcw,387,0,21,353.91,36.98,120.9612,0.2332
mcw,387,0,22,354.04,36.79,127.879,0.228
mcw,387,0,23,354.19,36.615,133.2678,0.2334
mcw,387,0,24,354.355,36.45,136.7267,0.2335
mcw,387,0,25,354.535,36.305,145.619,0.2302
mcw,387,0,26,354.73,36.18,149.0388,0.2332
mcw,387,0,27,354.935,36.07,154.5412,0.2326
mcw,387,0,28,355.15,35.985,162.3482,0.2309
mcw,387,0,29,355.375,35.92,165.3804,0.2377
mcw,387,0,30,355.61,35.875,172.8678,0.2419
mcw,387,0,31,355.855,35.85,175.4355,0.2508
mcw,387,0,32,356.1,35.85,4.754,0.2408
mcw,387,0,33,356.34,35.875,7.1313,0.2419
mcw,387,0,34,356.58,35.92,14.0362,0.2474
mcw,387,0,35,356.81,35.985,17.6518,0.2309
mcw,387,0,36,357.025,36.07,25.4588,0.2326
mcw,387,0,37,357.23,36.18,30.9612,0.2332
mcw,387,0,38,357.425,36.305,34.381,0.2302
mcw,387,0,39,357.605,36.45,43.2733,0.2335
mcw,387,0,40,357.77,36.615,46.7322,0.2334
mcw,387,0,41,357.92,36.79,52.121,0.228
mcw,387,0,42,358.05,36.98,59.0388,0.2332
mcw,387,0,43,358.16,37.19,65.5519,0.2416
mcw,387,0,44,358.25,37.41,70.0226,0.2341
mcw,387,0,45,358.325,37.64,73.7376,0.25
mcw,387,0,46,358.375,37.885,83.1575,0.2518
mcw,387,0,47,358.4,38.14,85.6039,0.2608
mcw,387,0,48,358.4,38.395,94.5714,0.2508
mcw,387,0,49,358.37,38.64,99.4647,0.2433
mcw,387,0,50,358.32,38.88,104.0362,0.2474
mcw,387,0,51,358.25,39.11,109.9774,0.2341
mcw,387,0,52,358.16,39.325,115.4688,0.2326
mcw,387,0,53,358.045,39.53,123.0233,0.2386
mcw,387,0,54,357.91,39.725,126.3869,0.236
mcw,387,0,55,357.76,39.905,133.2624,0.2334
mcw,387,0,56,357.595,40.07,136.7319,0.2335
mcw,387,0,57,357.415,40.22,143.6131,0.236
mcw,387,0,58,357.22,40.35,149.035,0.2332
mcw,387,0,59,357.015,40.46,154.5444,0.2326
mcw,387,0,60,356.8,40.55,160.0131,0.2341
mcw,387,0,61,356.575,40.62,165.3785,0.2377
mcw,387,0,62,356.34,40.665,172.8831,0.2419
mcw,387,0,63,356.1,40.69,175.2315,0.2408
mcw,387,1,0,355.885,36.355,177.0027,0.1903
mcw,387,1,1,355.705,36.375,169.9815,0.1726
mcw,387,1,2,355.53,36.415,164.4814,0.1868
mcw,387,1,3,355.355,36.47,160.5589,0.1803
mcw,387,1,4,355.115,36.585,151.2624,0.3535
mcw,387,1,5,354.825,36.79,138.3624,0.3613
mcw,387,1,6,354.58,37.05,128.1605,0.3561
mcw,387,1,7,354.38,37.35,119.3562,0.3672
mcw,387,1,8,354.26,37.6,108.4349,0.1897
mcw,387,1,9,354.21,37.785,101.891,0.1942
mcw,387,1,10,354.175,37.975,98.9722,0.1924
mcw,387,1,11,354.155,38.17,92.8563,0.2003
mcw,387,1,12,354.155,38.365,86.9935,0.1903
mcw,387,1,13,354.17,38.555,83.9852,0.1911
mcw,387,1,14,354.2,38.74,77.4774,0.1844
mcw,387,1,15,354.25,38.92,71.5651,0.1897
mcw,387,1,16,354.36,39.17,63.4349,0.3578
mcw,387,1,17,354.55,39.475,52.8131,0.364
mcw,387,1,18,354.795,39.735,40.4291,0.3547
mcw,387,1,19,355.085,39.94,30.1406,0.3585
mcw,387,1,20,355.325,40.065,22.3843,0.1838
mcw,387,1,21,355.5,40.12,12.5226,0.1844
mcw,387,1,22,355.685,40.155,8.9632,0.1924
mcw,387,1,23,355.88,40.175,2.865,0.2003
mcw,387,1,24,356.08,40.175,177.135,0.2003
mcw,387,1,25,356.275,40.155,171.0368,0.1924
mcw,387,1,26,356.46,40.12,167.4774,0.1844
mcw,387,1,27,356.635,40.065,157.6157,0.1838
mcw,387,1,28,356.875,39.94,149.8594,0.3585
mcw,387,1,29,357.165,39.735,139.5709,0.3547
mcw,387,1,30,357.405,39.475,125.9107,0.358
mcw,387,1,31,357.59,39.17,116.5651,0.3578
mcw,387,1,32,357.7,38.92,108.4349,0.1897
mcw,387,1,33,357.75,38.74,102.5319,0.1844
mcw,387,1,34,357.785,38.555,98.9722,0.1924
mcw,387,1,35,357.805,38.365,93.0065,0.1903
mcw,387,1,36,357.805,38.17,87.1437,0.2003
mcw,387,1,37,357.785,37.975,81.0278,0.1924
mcw,387,1,38,357.745,37.785,75.2515,0.1965
mcw,387,1,39,357.69,37.6,71.5651,0.1897
mcw,387,1,40,357.575,37.35,62.0235,0.3624
mcw,387,1,41,357.38,37.05,51.8395,0.3561
mcw,387,1,42,357.13,36.79,40.6075,0.3688
mcw,387,1,43,356.835,36.585,28.7376,0.3535
mcw,387,1,44,356.6,36.47,20.5548,0.1709
mcw,387,1,45,356.43,36.415,15.5186,0.1868
mcw,387,1,46,356.25,36.375,9.4718,0.1825
mcw,387,1,47,356.07,36.355,3.1637,0.1803
mcw,388,0,0,358.845,40.53,0.0,0.63
mcw,388,0,1,359.495,38.145,112.0287,5.1457
mcw,388,0,2,361.115,37.455,68.8721,3.6343
mcw,388,0,3,362.425,37.455,111.1284,3.6343
mcw,388,0,4,364.04,38.145,68.0747,5.1419
mcw,388,0,5,364.685,40.53,0.0,0.63
mcw,388,0,6,363.725,38.89,68.5312,3.5246
mcw,388,0,7,362.425,38.975,110.7926,3.6904
mcw,388,0,8,361.115,39.015,68.7577,3.6157
mcw,388,0,9,359.81,38.93,112.1092,3.454
mcw,389,0,0,368.435,36.525,114.0071,1.3027
mcw,389,0,1,369.01,35.93,0.0,0.62
mcw,389,0,2,368.215,38.345,114.5866,5.3116
mcw,389,0,3,366.005,38.345,65.4134,5.3116
mcw,389,0,4,365.21,35.93,0.0,0.62
mcw,389,0,5,365.785,36.525,65.9929,1.3027
mcw,389,0,6,367.11,37.12,0.0,2.12
mcw,389,1,0,367.11,37.63,0.0,1.64
mcw,389,1,1,366.7,38.565,66.3222,2.0419
mcw,389,1,2,367.52,38.565,113.6778,2.0419
mcw,390,0,0,92.4,239.27,78.5179,1.3061
mcw,390,0,1,92.52,238.45,144.2449,0.6161
mcw,390,0,2,93.27,240.88,79.1552,5.3149
mcw,390,0,3,91.47,242.16,30.0389,5.3137
mcw,390,0,4,89.42,240.65,144.2449,0.6161
mcw,390,0,5,90.23,240.805,30.8889,1.3051
mcw,390,0,6,91.66,240.525,144.7434,2.1308
mcw,390,1,0,91.955,240.94,144.5823,1.6565
mcw,390,1,1,92.16,241.94,30.5787,2.0443
mcw,390,1,2,92.835,241.46,78.4148,2.0416
mcw,391,0,0,199.25,172.235,78.4302,1.2963
mcw,391,0,1,199.37,171.42,144.2449,0.6161
mcw,391,0,2,200.12,173.85,79.1552,5.3149
mcw,391,0,3,198.315,175.13,29.9853,5.3224
mcw,391,0,4,196.265,173.62,144.7832,0.6242
mcw,391,0,5,197.08,173.775,30.8879,1.3051
mcw,391,0,6,198.51,173.49,144.525,2.1366
mcw,391,1,0,198.805,173.905,144.8656,1.6508
mcw,391,1,1,199.01,174.905,30.8197,2.0494
mcw,391,1,2,199.685,174.43,78.4152,2.0416
mcw,392,0,0,214.45,258.62,28.9504,1.0742
mcw,392,0,1,215.04,258.96,33.6917,0.2884
mcw,392,0,2,215.27,259.13,39.2881,0.2842
mcw,392,0,3,215.47,259.325,49.4004,0.2766
mcw,392,0,4,215.635,259.55,57.9946,0.283
mcw,392,0,5,215.755,259.795,70.1988,0.2657
mcw,392,0,6,215.81,260.06,85.9166,0.2807
mcw,392,0,7,215.815,260.27,94.083,0.1404
mcw,392,0,8,215.795,260.41,102.0956,0.1432
mcw,392,0,9,215.75,260.555,111.8014,0.1615
mcw,392,0,10,215.685,260.705,115.0156,0.1656
mcw,392,0,11,215.59,260.865,125.2192,0.2081
mcw,392,0,12,215.46,261.02,134.9969,0.198
mcw,392,0,13,215.31,261.15,143.1319,0.2
mcw,392,0,14,215.14,261.255,153.4349,0.2012
mcw,392,0,15,214.955,261.33,162.4753,0.1993
mcw,392,0,16,214.765,261.375,171.0278,0.1924
mcw,392,0,17,214.57,261.385,2.8652,0.2002
mcw,392,0,18,214.375,261.355,14.7399,0.1965
mcw,392,0,19,214.275,261.335,135.0,0.0142
mcw,392,0,20,214.33,261.46,63.432,0.2683
mcw,392,0,21,214.405,261.71,83.4186,0.2617
mcw,392,0,22,214.4,261.975,98.4291,0.2729
mcw,392,0,23,214.33,262.23,112.6188,0.26
mcw,392,0,24,214.23,262.425,123.6874,0.1803
mcw,392,0,25,214.13,262.57,125.5383,0.172
mcw,392,0,26,214.025,262.695,134.996,0.1556
mcw,392,0,27,213.91,262.79,146.3167,0.1442
mcw,392,0,28,213.725,262.89,154.3599,0.2773
mcw,392,0,29,213.47,262.97,171.2518,0.2631
mcw,392,0,30,213.205,262.98,4.2404,0.2707
mcw,392,0,31,212.935,262.935,14.5304,0.2789
mcw,392,0,32,212.66,262.845,21.4496,0.3009
mcw,392,0,33,212.38,262.72,26.5626,0.313
mcw,392,0,34,211.985,262.505,29.6247,0.5867
mcw,392,0,35,212.855,260.36,119.3578,4.5894
mcw,392,1,0,212.57,262.25,29.7408,0.1612
mcw,392,1,1,212.72,262.33,26.5694,0.1789
mcw,392,1,2,212.885,262.405,22.3737,0.1838
mcw,392,1,3,213.05,262.465,17.3612,0.1676
mcw,392,1,4,213.21,262.495,3.5797,0.1603
mcw,392,1,5,213.365,262.485,168.68,0.153
mcw,392,1,6,213.51,262.435,153.4424,0.1565
mcw,392,1,7,213.645,262.335,134.9966,0.1838
mcw,392,1,8,213.775,262.18,125.8398,0.222
mcw,392,1,9,213.885,261.99,114.2256,0.2193
mcw,392,1,10,213.95,261.795,101.891,0.1942
mcw,392,1,11,213.965,261.62,86.4203,0.1603
mcw,392,1,12,213.93,261.47,66.7999,0.1523
mcw,392,1,13,213.855,261.335,55.3069,0.1581
mcw,392,1,14,213.75,261.21,45.0,0.1697
mcw,392,1,15,213.615,261.095,36.2561,0.186
mcw,392,1,16,213.46,260.995,29.3562,0.1836
mcw,392,1,17,213.315,260.915,28.3052,0.1476
mcw,392,1,18,212.875,261.545,119.4188,1.5269
mcw,392,2,0,213.61,260.585,29.5361,0.3448
mcw,392,2,1,213.845,260.715,27.8966,0.1924
mcw,392,2,2,214.015,260.795,22.3825,0.1838
mcw,392,2,3,214.195,260.855,14.7399,0.1965
mcw,392,2,4,214.38,260.89,6.3461,0.1811
mcw,392,2,5,214.56,260.89,173.6534,0.1811
mcw,392,2,6,214.735,260.85,160.5605,0.1803
mcw,392,2,7,214.9,260.76,143.1319,0.2
mcw,392,2,8,215.045,260.61,125.8398,0.222
mcw,392,2,9,215.155,260.415,113.1986,0.2285
mcw,392,2,10,215.215,260.215,98.9722,0.1924
mcw,392,2,11,215.22,260.035,83.2893,0.1712
mcw,392,2,12,215.18,259.87,69.4452,0.1709
mcw,392,2,13,215.1,259.715,56.3113,0.1803
mcw,392,2,14,214.985,259.575,45.0,0.1839
mcw,392,2,15,214.85,259.455,38.1536,0.178
mcw,392,2,16,214.7,259.35,32.0064,0.1887
mcw,392,2,17,214.435,259.195,29.5772,0.4254
mcw,392,2,18,213.855,259.795,119.2614,1.6162
mcw,393,0,0,163.22,206.365,86.7907,1.0717
mcw,393,0,1,163.25,207.045,90.0,0.29
mcw,393,0,2,163.23,207.33,98.1279,0.2829
mcw,393,0,3,163.17,207.605,106.5054,0.2816
mcw,393,0,4,163.07,207.865,115.6401,0.2773
mcw,393,0,5,162.93,208.095,127.3057,0.264
mcw,393,0,6,162.74,208.285,142.3037,0.278
mcw,393,0,7,162.565,208.4,155.2266,0.1432
mcw,393,0,8,162.43,208.455,160.3505,0.1487
mcw,393,0,9,162.285,208.5,165.065,0.1552
mcw,393,0,10,162.125,208.53,173.2937,0.1712
mcw,393,0,11,161.94,208.535,2.8563,0.2003
mcw,393,0,12,161.74,208.51,11.3125,0.204
mcw,393,0,13,161.545,208.455,20.2266,0.2025
mcw,393,0,14,161.365,208.37,30.4673,0.1972
mcw,393,0,15,161.205,208.255,40.9166,0.1985
mcw,393,0,16,161.065,208.115,49.0834,0.1985
mcw,393,0,17,160.95,207.955,59.5342,0.1972
mcw,393,0,18,160.87,207.775,72.4711,0.1993
mcw,393,0,19,160.835,207.68,0.0,0.01
mcw,393,0,20,160.76,207.79,122.4709,0.2608
mcw,393,0,21,160.59,207.985,139.6379,0.2625
mcw,393,0,22,160.365,208.125,156.2475,0.2731
mcw,393,0,23,160.115,208.205,168.6928,0.2549
mcw,393,0,24,159.895,208.23,0.0,0.19
mcw,393,0,25,159.715,208.22,6.7063,0.1712
mcw,393,0,26,159.555,208.195,11.3088,0.153
mcw,393,0,27,159.41,208.155,19.6605,0.1487
mcw,393,0,28,159.225,208.055,33.1108,0.2746
mcw,393,0,29,159.025,207.885,48.1805,0.255
mcw,393,0,30,158.875,207.67,61.5552,0.2729
mcw,393,0,31,158.765,207.415,71.5651,0.2846
mcw,393,0,32,158.69,207.13,78.6912,0.306
mcw,393,0,33,158.645,206.825,84.4726,0.3114
mcw,393,0,34,158.615,206.38,87.0391,0.5808
mcw,393,0,35,160.895,205.96,176.7578,4.5974
mcw,393,1,0,159.145,206.735,86.1828,0.1504
mcw,393,1,1,159.16,206.905,83.9943,0.1911
mcw,393,1,2,159.185,207.09,80.5377,0.1825
mcw,393,1,3,159.225,207.26,72.6454,0.1676
mcw,393,1,4,159.29,207.405,58.3929,0.1526
mcw,393,1,5,159.38,207.525,47.7208,0.1487
mcw,393,1,6,159.5,207.62,29.7408,0.1612
mcw,393,1,7,159.655,207.685,16.3954,0.1772
mcw,393,1,8,159.85,207.715,2.6051,0.2202
mcw,393,1,9,160.075,207.7,170.1319,0.2334
mcw,393,1,10,160.275,207.65,160.5605,0.1803
mcw,393,1,11,160.425,207.57,142.4308,0.164
mcw,393,1,12,160.535,207.46,126.8699,0.15
mcw,393,1,13,160.61,207.325,111.8014,0.1615
mcw,393,1,14,160.655,207.17,100.619,0.1628
mcw,393,1,15,160.68,206.995,96.0102,0.1911
mcw,393,1,16,160.685,206.805,86.9889,0.1903
mcw,393,1,17,160.675,206.64,85.9108,0.1404
mcw,393,1,18,159.905,206.615,176.6337,1.5326
mcw,393,2,0,161.11,206.715,86.7314,0.3506
mcw,393,2,1,161.13,206.98,83.6582,0.1811
mcw,393,2,2,161.155,207.165,81.0278,0.1924
mcw,393,2,3,161.2,207.35,71.5651,0.1897
mcw,393,2,4,161.27,207.525,64.8001,0.1879
mcw,393,2,5,161.365,207.68,51.8455,0.1781
mcw,393,2,6,161.495,207.805,36.2485,0.186
mcw,393,2,7,161.66,207.895,21.2533,0.1931
mcw,393,2,8,161.86,207.935,2.5972,0.2202
mcw,393,2,9,162.085,207.925,172.5688,0.2319
mcw,393,2,10,162.285,207.87,154.8023,0.1879
mcw,393,2,11,162.44,207.775,141.8494,0.178
mcw,393,2,12,162.56,207.65,125.5324,0.1721
mcw,393,2,13,162.645,207.5,113.6311,0.1746
mcw,393,2,14,162.7,207.33,102.5273,0.1844
mcw,393,2,15,162.73,207.15,96.3418,0.1811
mcw,393,2,16,162.74,206.965,90.0,0.19
mcw,393,2,17,162.725,206.66,85.9147,0.4211
mcw,393,2,18,161.905,206.495,176.8006,1.6125
mcw,394,0,0,256.64,388.435,62.5903,0.3041
mcw,394,0,1,256.52,388.155,70.9783,0.3067
mcw,394,0,2,256.445,387.86,80.5344,0.3041
mcw,394,0,3,256.41,387.56,86.1881,0.3007
mcw,394,0,4,256.405,387.285,92.2928,0.2502
mcw,394,0,5,256.43,387.035,99.0854,0.2532
mcw,394,0,6,256.475,386.795,102.2694,0.2354
mcw,394,0,7,256.54,386.565,109.1764,0.2435
mcw,394,0,8,256.635,386.34,116.5682,0.246
mcw,394,0,9,256.75,386.13,120.9631,0.2332
mcw,394,0,10,256.875,385.935,124.381,0.2302
mcw,394,0,11,257.02,385.75,131.6329,0.2408
mcw,394,0,12,257.185,385.58,136.7322,0.2334
mcw,394,0,13,257.365,385.425,141.7113,0.2421
mcw,394,0,14,257.56,385.29,149.0388,0.2332
mcw,394,0,15,257.77,385.175,153.4349,0.246
mcw,394,0,16,257.99,385.08,160.0166,0.2341
mcw,394,0,17,258.22,385.01,165.9638,0.2474
mcw,394,0,18,258.465,384.96,170.9078,0.2532
mcw,394,0,19,258.715,384.935,177.7106,0.2502
mcw,394,0,20,258.97,384.935,2.2013,0.2602
mcw,394,0,21,259.22,384.96,9.4647,0.2433
mcw,394,0,22,259.455,385.01,14.6215,0.2377
mcw,394,0,23,259.68,385.08,19.9834,0.2341
mcw,394,0,24,259.9,385.17,24.4419,0.2417
mcw,394,0,25,260.105,385.28,32.2775,0.2247
mcw,394,0,26,260.295,385.41,36.3839,0.236
mcw,394,0,27,260.475,385.56,43.2627,0.2335
mcw,394,0,28,260.635,385.73,50.1944,0.2343
mcw,394,0,29,260.78,385.91,52.121,0.228
mcw,394,0,30,260.91,386.1,59.0388,0.2332
mcw,394,0,31,261.02,386.305,64.5412,0.2326
mcw,394,0,32,261.11,386.525,70.818,0.2435
mcw,394,0,33,261.175,386.755,77.7379,0.2354
mcw,394,0,34,261.22,386.985,80.1319,0.2334
mcw,394,0,35,261.245,387.225,87.7072,0.2502
mcw,394,0,36,261.24,387.505,93.695,0.3106
mcw,394,0,37,261.2,387.815,100.9537,0.3158
mcw,394,0,38,261.12,388.125,107.879,0.3257
mcw,394,0,39,261.005,388.42,114.9005,0.3087
mcw,394,0,40,260.6,388.565,179.158,0.6801
mcw,394,0,41,260.365,388.43,126.8729,0.35
mcw,394,0,42,260.545,388.14,116.5639,0.3354
mcw,394,0,43,260.665,387.83,105.7084,0.3324
mcw,394,0,44,260.725,387.5,95.0421,0.3413
mcw,394,0,45,260.735,387.235,86.9841,0.1903
mcw,394,0,46,260.715,387.05,80.5385,0.1825
mcw,394,0,47,260.675,386.87,74.4789,0.1868
mcw,394,0,48,260.62,386.695,70.5621,0.1803
mcw,394,0,49,260.5,386.46,59.0362,0.3498
mcw,394,0,50,260.29,386.175,48.3645,0.3613
mcw,394,0,51,260.03,385.93,38.1575,0.3561
mcw,394,0,52,259.725,385.74,25.8678,0.3667
mcw,394,0,53,259.475,385.63,19.4379,0.1803
mcw,394,0,54,259.3,385.58,12.5273,0.1844
mcw,394,0,55,259.115,385.545,8.9722,0.1924
mcw,394,0,56,258.925,385.525,3.0157,0.1903
mcw,394,0,57,258.73,385.525,177.1345,0.2002
mcw,394,0,58,258.54,385.545,170.5393,0.1825
mcw,394,0,59,258.355,385.58,168.1134,0.1942
mcw,394,0,60,258.175,385.63,160.5589,0.1803
mcw,394,0,61,257.925,385.745,152.7461,0.3712
mcw,394,0,62,257.62,385.94,141.8425,0.3561
mcw,394,0,63,257.36,386.185,131.6319,0.3612
mcw,394,0,64,257.15,386.475,120.1406,0.3585
mcw,394,0,65,257.03,386.715,109.4395,0.1803
mcw,394,0,66,256.975,386.89,105.5289,0.1868
mcw,394,0,67,256.935,387.07,99.4623,0.1825
mcw,394,0,68,256.915,387.255,93.0065,0.1903
mcw,394,0,69,256.925,387.515,84.8058,0.3314
mcw,394,0,70,256.985,387.84,74.2916,0.3324
mcw,394,0,71,257.105,388.15,63.4361,0.3354
mcw,394,0,72,257.28,388.435,53.4699,0.336
mcw,394,0,73,257.045,388.57,0.0,0.67
mcw,395,0,0,121.68,151.56,0.0,1.1
mcw,395,0,1,122.23,151.815,90.0,0.51
mcw,395,0,2,120.835,152.07,0.0,2.79
mcw,395,0,3,119.44,151.815,90.0,0.51
mcw,395,0,4,119.985,151.56,0.0,1.09
mcw,395,0,5,120.53,149.515,90.0,4.09
mcw,395,0,6,120.83,147.47,0.0,0.6
mcw,395,0,7,121.13,149.515,90.0,4.09
mcw,396,0,0,123.97,147.47,0.0,2.5
mcw,396,0,1,125.22,147.725,90.0,0.51
mcw,396,0,2,124.265,147.98,0.0,1.91
mcw,396,0,3,123.31,148.875,90.0,1.79
mcw,396,0,4,124.24,149.77,0.0,1.86
mcw,396,0,5,125.17,150.025,90.0,0.51
mcw,396,0,6,124.24,150.28,0.0,1.86
mcw,396,0,7,123.31,150.92,90.0,1.28
mcw,396,0,8,124.265,151.56,0.0,1.91
mcw,396,0,9,125.22,151.815,90.0,0.51
mcw,396,0,10,123.97,152.07,0.0,2.5
mcw,396,0,11,122.72,149.77,90.0,4.6
mcw,397,0,0,127.56,149.515,11.7656,0.2451
mcw,397,0,1,127.79,149.585,22.2549,0.2377
mcw,397,0,2,127.995,149.7,36.382,0.236
mcw,397,0,3,128.165,149.85,46.8465,0.2193
mcw,397,0,4,128.305,150.02,54.1634,0.222
mcw,397,0,5,128.415,150.215,66.7979,0.2285
mcw,397,0,6,128.49,150.43,74.7456,0.228
mcw,397,0,7,128.53,150.66,85.2358,0.2409
mcw,397,0,8,128.52,150.94,97.127,0.3225
mcw,397,0,9,128.445,151.245,110.7718,0.3102
mcw,397,0,10,128.3,151.52,124.6931,0.3162
mcw,397,0,11,128.085,151.75,141.3436,0.3202
mcw,397,0,12,127.81,151.91,158.1941,0.3231
mcw,397,0,13,127.505,152.005,167.2796,0.3178
mcw,397,0,14,127.19,152.05,176.4203,0.3206
mcw,397,0,15,126.87,152.065,178.2138,0.3202
mcw,397,0,16,126.345,152.07,0.0,0.73
mcw,397,0,17,125.98,149.77,90.0,4.6
mcw,397,0,18,126.28,147.47,0.0,0.6
mcw,397,0,19,126.58,148.45,90.0,1.96
mcw,397,0,20,126.705,149.43,0.0,0.25
mcw,397,0,21,127.52,148.45,125.1489,2.3971
mcw,397,0,22,128.55,147.47,0.0,0.68
mcw,397,0,23,128.165,148.48,125.6717,2.4865
mcw,397,1,0,126.66,151.56,0.0,0.16
mcw,397,1,1,126.85,151.555,177.3948,0.2202
mcw,397,1,2,127.075,151.54,175.033,0.2309
mcw,397,1,3,127.295,151.51,169.2134,0.2138
mcw,397,1,4,127.5,151.455,160.7085,0.2119
mcw,397,1,5,127.685,151.37,149.5327,0.1972
mcw,397,1,6,127.84,151.25,135.0031,0.198
mcw,397,1,7,127.955,151.085,115.345,0.2102
mcw,397,1,8,128.015,150.875,97.4308,0.232
mcw,397,1,9,128.015,150.64,82.875,0.2419
mcw,397,1,10,127.96,150.425,67.1681,0.2062
mcw,397,1,11,127.855,150.26,47.1168,0.191
mcw,397,1,12,127.705,150.135,32.9093,0.2025
mcw,397,1,13,127.525,150.045,20.2266,0.2025
mcw,397,1,14,127.325,149.99,10.7786,0.2138
mcw,397,1,15,127.11,149.96,5.1994,0.2209
mcw,397,1,16,126.885,149.945,2.4844,0.2302
mcw,397,1,17,126.675,149.94,0.0,0.19
mcw,397,1,18,126.58,150.75,90.0,1.62
mcw,398,0,0,132.265,148.985,66.4555,3.4797
mcw,398,0,1,132.965,150.58,0.0,0.01
mcw,398,0,2,133.24,149.025,99.8504,3.1566
mcw,398,0,3,133.805,147.47,0.0,0.59
mcw,398,0,4,133.63,149.9,100.9467,4.9501
mcw,398,0,5,132.365,150.51,66.4038,3.9721
mcw,398,0,6,130.775,150.51,113.5962,3.9721
mcw,398,0,7,129.51,149.9,79.0533,4.9501
mcw,398,0,8,129.335,147.47,0.0,0.59
mcw,398,0,9,129.9,149.015,80.0872,3.1369
mcw,398,0,10,130.18,150.56,0.0,0.02
mcw,398,0,11,130.88,148.975,113.525,3.4574
mcw,399,0,0,134.97,152.07,0.0,0.6
mcw,399,0,1,134.67,149.77,90.0,4.6
mcw,399,0,2,134.97,147.47,0.0,0.6
mcw,399,0,3,135.27,149.77,90.0,4.6
mcw,400,0,0,136.465,147.47,0.0,0.59
mcw,400,0,1,136.76,149.2,90.0,3.46
mcw,400,0,2,138.465,149.105,133.0531,4.9951
mcw,400,0,3,140.17,149.675,90.0,4.79
mcw,400,0,4,139.87,152.07,0.0,0.6
mcw,400,0,5,139.57,150.39,90.0,3.36
mcw,400,0,6,137.87,150.5,133.5226,4.9373
mcw,400,0,7,136.17,149.88,90.0,4.82
mcw,401,0,0,144.085,148.065,114.0071,1.3027
mcw,401,0,1,144.66,147.47,0.0,0.62
mcw,401,0,2,143.86,149.89,114.6399,5.3248
mcw,401,0,3,141.645,149.89,65.4581,5.3207
mcw,401,0,4,140.85,147.47,0.0,0.62
mcw,401,0,5,141.425,148.065,65.9929,1.3027
mcw,401,0,6,142.755,148.66,0.0,2.13
mcw,401,1,0,142.755,149.17,0.0,1.65
mcw,401,1,1,142.34,150.105,66.3226,2.0419
mcw,401,1,2,143.165,150.105,113.9342,2.0459
mcw,402,0,0,145.73,152.07,0.0,0.6
mcw,402,0,1,145.43,149.77,90.0,4.6
mcw,402,0,2,146.43,147.47,0.0,2.0
mcw,402,0,3,147.43,147.725,90.0,0.51
mcw,402,0,4,146.73,147.98,0.0,1.4
mcw,402,0,5,146.03,150.025,90.0,4.09
mcw,403,0,0,20.21,567.86,51.7098,2.4207
mcw,403,0,1,21.025,568.92,59.4209,0.2555
mcw,403,0,2,21.14,569.15,67.3802,0.26
mcw,403,0,3,21.225,569.395,74.3578,0.2596
mcw,403,0,4,21.27,569.65,85.6012,0.2608
mcw,403,0,5,21.265,569.93,95.7103,0.3015
mcw,403,0,6,21.21,570.215,106.5047,0.2816
mcw,403,0,7,21.105,570.465,119.4758,0.2642
mcw,403,0,8,20.95,570.68,131.9874,0.2691
mcw,403,0,9,20.755,570.865,141.0086,0.2702
mcw,403,0,10,20.53,571.01,153.4351,0.2683
mcw,403,0,11,20.28,571.105,164.9316,0.2693
mcw,403,0,12,20.005,571.155,174.0937,0.2915
mcw,403,0,13,19.71,571.16,3.8142,0.3007
mcw,403,0,14,19.425,571.11,16.5043,0.2816
mcw,403,0,15,19.17,571.015,24.6237,0.264
mcw,403,0,16,18.95,570.88,38.6597,0.2561
mcw,403,0,17,18.765,570.7,49.6353,0.2625
mcw,403,0,18,18.615,570.48,61.5572,0.2729
mcw,403,0,19,18.5,570.225,69.6768,0.2879
mcw,403,0,20,18.425,569.945,80.2178,0.2943
mcw,403,0,21,18.685,569.8,0.0,0.57
mcw,403,0,22,18.985,569.885,79.9918,0.1726
mcw,403,0,23,19.03,570.05,69.4441,0.1709
mcw,403,0,24,19.1,570.205,61.9275,0.17
mcw,403,0,25,19.195,570.345,49.7637,0.1703
mcw,403,0,26,19.315,570.46,37.5689,0.164
mcw,403,0,27,19.455,570.55,28.0725,0.17
mcw,403,0,28,19.61,570.615,17.3538,0.1676
mcw,403,0,29,19.775,570.65,6.71,0.1712
mcw,403,0,30,19.95,570.65,173.6597,0.1811
mcw,403,0,31,20.12,570.615,162.6462,0.1676
mcw,403,0,32,20.28,570.545,150.6422,0.1836
mcw,403,0,33,20.425,570.445,139.7637,0.1703
mcw,403,0,34,20.55,570.325,132.7093,0.1769
mcw,403,0,35,20.65,570.185,118.0725,0.17
mcw,403,0,36,20.72,570.025,109.4404,0.1803
mcw,403,0,37,20.76,569.85,96.3397,0.1811
mcw,403,0,38,20.75,569.645,80.1345,0.2335
mcw,403,0,39,20.68,569.42,65.5559,0.2417
mcw,403,0,40,20.565,569.205,58.2406,0.247
mcw,403,0,41,20.43,569.005,53.6155,0.236
mcw,403,0,42,19.345,567.655,51.0353,3.2282
mcw,403,0,43,19.805,566.4,0.0,2.95
mcw,403,0,44,21.28,566.655,90.0,0.51
mcw,403,0,45,20.37,566.91,0.0,1.82
mcw,404,0,0,24.83,570.745,90.0,0.51
mcw,404,0,1,23.925,571.0,0.0,1.81
mcw,404,0,2,22.66,569.815,73.1013,2.477
mcw,404,0,3,22.36,568.63,0.0,0.12
mcw,404,0,4,22.505,568.72,46.6366,0.2476
mcw,404,0,5,22.695,568.87,29.7452,0.2419
mcw,404,0,6,22.92,568.97,18.4348,0.253
mcw,404,0,7,23.16,569.025,7.1247,0.2419
mcw,404,0,8,23.39,569.03,174.8059,0.2209
mcw,404,0,9,23.6,568.985,160.7096,0.2119
mcw,404,0,10,23.795,568.9,152.2416,0.2147
mcw,404,0,11,23.97,568.785,140.9059,0.2062
mcw,404,0,12,24.12,568.64,131.1862,0.2126
mcw,404,0,13,24.24,568.465,117.7584,0.2147
mcw,404,0,14,24.325,568.27,109.2904,0.2119
mcw,404,0,15,24.37,568.06,95.194,0.2209
mcw,404,0,16,24.37,567.84,84.8059,0.2209
mcw,404,0,17,24.33,567.625,74.0542,0.2184
mcw,404,0,18,24.245,567.425,59.9318,0.2195
mcw,404,0,19,24.125,567.245,52.5944,0.214
mcw,404,0,20,23.975,567.09,39.4723,0.2202
mcw,404,0,21,23.8,566.97,29.0547,0.2059
mcw,404,0,22,23.6,566.885,17.6501,0.2309
mcw,404,0,23,23.38,566.84,5.1946,0.2209
mcw,404,0,24,23.19,566.835,176.4236,0.1603
mcw,404,0,25,23.03,566.86,165.9641,0.1649
mcw,404,0,26,22.875,566.91,158.1983,0.1616
mcw,404,0,27,22.725,566.98,151.9275,0.17
mcw,404,0,28,22.585,567.07,142.4311,0.164
mcw,404,0,29,22.46,567.18,135.0005,0.1697
mcw,404,0,30,22.355,567.305,124.695,0.1581
mcw,404,0,31,22.275,567.44,116.5651,0.1565
mcw,404,0,32,22.025,567.31,42.9301,0.5873
mcw,404,0,33,21.87,567.02,123.6905,0.2163
mcw,404,0,34,22.0,566.85,131.1858,0.2126
mcw,404,0,35,22.15,566.705,140.9059,0.2062
mcw,404,0,36,22.32,566.585,148.5708,0.2109
mcw,404,0,37,22.505,566.485,154.6538,0.2102
mcw,404,0,38,22.7,566.405,160.7099,0.2119
mcw,404,0,39,22.905,566.35,169.2155,0.2138
mcw,404,0,40,23.115,566.325,177.2736,0.2102
mcw,404,0,41,23.31,566.325,3.1799,0.1803
mcw,404,0,42,23.485,566.34,6.71,0.1712
mcw,404,0,43,23.65,566.365,10.6192,0.1628
mcw,404,0,44,23.81,566.405,17.3544,0.1676
mcw,404,0,45,24.03,566.5,26.5649,0.313
mcw,404,0,46,24.295,566.665,37.2349,0.314
mcw,404,0,47,24.52,566.88,50.1943,0.3124
mcw,404,0,48,24.695,567.135,60.9455,0.3089
mcw,404,0,49,24.795,567.35,72.6462,0.1676
mcw,404,0,50,24.84,567.51,75.9634,0.1649
mcw,404,0,51,24.875,567.675,79.9924,0.1726
mcw,404,0,52,24.89,567.85,90.0,0.18
mcw,404,0,53,24.88,568.095,93.6911,0.3106
mcw,404,0,54,24.83,568.395,105.4225,0.3008
mcw,404,0,55,24.73,568.68,113.1984,0.3046
mcw,404,0,56,24.59,568.94,123.6901,0.2884
mcw,404,0,57,24.405,569.16,136.3972,0.29
mcw,404,0,58,24.175,569.34,147.3808,0.2968
mcw,404,0,59,23.985,569.45,155.2249,0.1432
mcw,404,0,60,23.845,569.5,165.0682,0.1552
mcw,404,0,61,23.69,569.53,172.8755,0.1612
mcw,404,0,62,23.53,569.545,176.4236,0.1603
mcw,404,0,63,23.29,569.54,3.5761,0.3206
mcw,404,0,64,23.27,570.01,73.7397,1.0
mcw,404,0,65,24.12,570.49,0.0,1.42
mcw,405,0,0,27.44,567.86,51.7098,2.4207
mcw,405,0,1,28.255,568.92,59.4209,0.2555
mcw,405,0,2,28.37,569.15,67.3802,0.26
mcw,405,0,3,28.455,569.395,74.3578,0.2596
mcw,405,0,4,28.5,569.65,85.6012,0.2608
mcw,405,0,5,28.495,569.93,95.7107,0.3015
mcw,405,0,6,28.44,570.215,106.5039,0.2816
mcw,405,0,7,28.335,570.465,119.4761,0.2642
mcw,405,0,8,28.18,570.68,131.9874,0.2691
mcw,405,0,9,27.985,570.865,141.0086,0.2702
mcw,405,0,10,27.76,571.01,153.4351,0.2683
mcw,405,0,11,27.51,571.105,164.9316,0.2693
mcw,405,0,12,27.235,571.155,174.0937,0.2915
mcw,405,0,13,26.94,571.16,3.8142,0.3007
mcw,405,0,14,26.655,571.11,16.5043,0.2816
mcw,405,0,15,26.4,571.015,24.6237,0.264
mcw,405,0,16,26.18,570.88,38.6597,0.2561
mcw,405,0,17,25.995,570.7,49.6353,0.2625
mcw,405,0,18,25.845,570.48,61.5572,0.2729
mcw,405,0,19,25.73,570.225,69.6768,0.2879
mcw,405,0,20,25.655,569.945,80.2178,0.2943
mcw,405,0,21,25.915,569.8,0.0,0.57
mcw,405,0,22,26.215,569.885,79.9918,0.1726
mcw,405,0,23,26.26,570.05,69.4441,0.1709
mcw,405,0,24,26.33,570.205,61.9275,0.17
mcw,405,0,25,26.425,570.345,49.7637,0.1703
mcw,405,0,26,26.545,570.46,37.5689,0.164
mcw,405,0,27,26.685,570.55,28.0725,0.17
mcw,405,0,28,26.84,570.615,17.3538,0.1676
mcw,405,0,29,27.005,570.65,6.71,0.1712
mcw,405,0,30,27.18,570.65,173.6597,0.1811
mcw,405,0,31,27.35,570.615,162.6462,0.1676
mcw,405,0,32,27.51,570.545,150.6422,0.1836
mcw,405,0,33,27.655,570.445,139.7637,0.1703
mcw,405,0,34,27.78,570.325,132.7093,0.1769
mcw,405,0,35,27.88,570.185,118.0725,0.17
mcw,405,0,36,27.95,570.025,109.4399,0.1803
mcw,405,0,37,27.99,569.85,96.3403,0.1811
mcw,405,0,38,27.98,569.645,80.1345,0.2335
mcw,405,0,39,27.91,569.42,65.5559,0.2417
mcw,405,0,40,27.795,569.205,58.2402,0.247
mcw,405,0,41,27.66,569.005,53.6158,0.236
mcw,405,0,42,26.575,567.655,51.0353,3.2282
mcw,405,0,43,27.035,566.4,0.0,2.95
mcw,405,0,44,28.51,566.655,90.0,0.51
mcw,405,0,45,27.6,566.91,0.0,1.82
mcw,406,0,0,30.42,568.445,90.0,4.09
mcw,406,0,1,30.675,566.4,0.0,0.51
mcw,406,0,2,30.93,568.7,90.0,4.6
mcw,406,0,3,30.435,571.0,0.0,0.99
mcw,406,0,4,29.78,570.745,57.8938,0.6021
mcw,406,0,5,30.02,570.49,0.0,0.8
mcw,407,0,0,34.575,567.385,53.6065,2.6461
mcw,407,0,1,35.45,568.59,57.2646,0.3329
mcw,407,0,2,35.61,568.88,64.9831,0.3311
mcw,407,0,3,35.71,569.11,69.4435,0.1709
mcw,407,0,4,35.765,569.27,72.6464,0.1676
mcw,407,0,5,35.8,569.435,83.29,0.1712
mcw,407,0,6,35.815,569.605,86.6341,0.1703
mcw,407,0,7,35.805,569.84,95.7103,0.3015
mcw,407,0,8,35.745,570.13,107.8189,0.2941
mcw,407,0,9,35.63,570.395,119.2487,0.2865
mcw,407,0,10,35.465,570.63,130.815,0.2907
mcw,407,0,11,35.26,570.83,140.7107,0.2843
mcw,407,0,12,35.025,570.985,152.5257,0.2818
mcw,407,0,13,34.76,571.095,162.181,0.2941
mcw,407,0,14,34.475,571.155,174.0937,0.2915
mcw,407,0,15,34.175,571.155,5.5276,0.3114
mcw,407,0,16,33.88,571.095,17.819,0.2941
mcw,407,0,17,33.615,570.98,29.2487,0.2865
mcw,407,0,18,33.38,570.82,39.2893,0.2843
mcw,407,0,19,33.18,570.615,51.9529,0.2921
mcw,407,0,20,33.025,570.37,63.4348,0.2907
mcw,407,0,21,32.915,570.095,72.7591,0.3036
mcw,407,0,22,32.855,569.795,84.472,0.3114
mcw,407,0,23,32.855,569.505,96.3407,0.2717
mcw,407,0,24,32.905,569.235,104.5345,0.2789
mcw,407,0,25,32.995,568.98,114.623,0.264
mcw,407,0,26,33.13,568.75,126.0272,0.272
mcw,407,0,27,33.305,568.545,135.0006,0.2687
mcw,407,0,28,33.51,568.38,147.5287,0.2608
mcw,407,0,29,33.745,568.265,160.2011,0.2657
mcw,407,0,30,34.005,568.205,173.66,0.2717
mcw,407,0,31,34.26,568.2,4.7633,0.2408
mcw,407,0,32,34.485,568.245,18.4349,0.2214
mcw,407,0,33,34.595,568.275,135.0109,0.0141
mcw,407,0,34,33.985,567.455,52.9618,2.042
mcw,407,0,35,33.58,566.48,142.696,0.528
mcw,407,1,0,34.24,568.71,173.6603,0.1811
mcw,407,1,1,34.065,568.75,160.5603,0.1803
mcw,407,1,2,33.895,568.82,154.7981,0.1879
mcw,407,1,3,33.735,568.92,141.3407,0.1921
mcw,407,1,4,33.6,569.055,128.6596,0.1921
mcw,407,1,5,33.49,569.21,122.005,0.1887
mcw,407,1,6,33.41,569.385,107.5259,0.1992
mcw,407,1,7,33.365,569.58,98.5304,0.2022
mcw,407,1,8,33.365,569.78,81.4695,0.2022
mcw,407,1,9,33.41,569.97,71.5647,0.1897
mcw,407,1,10,33.485,570.14,60.6422,0.1836
mcw,407,1,11,33.595,570.295,49.0861,0.1985
mcw,407,1,12,33.735,570.43,38.6597,0.1921
mcw,407,1,13,33.895,570.535,27.8976,0.1924
mcw,407,1,14,34.075,570.61,17.5252,0.1993
mcw,407,1,15,34.27,570.65,5.7107,0.201
mcw,407,1,16,34.465,570.65,173.9908,0.191
mcw,407,1,17,34.645,570.61,160.5599,0.1803
mcw,407,1,18,34.81,570.53,147.9945,0.1887
mcw,407,1,19,34.96,570.42,139.3996,0.1844
mcw,407,1,20,35.09,570.285,128.6593,0.1921
mcw,407,1,21,35.195,570.125,117.8973,0.1924
mcw,407,1,22,35.265,569.955,106.3893,0.1772
mcw,407,1,23,35.3,569.775,96.0092,0.191
mcw,407,1,24,35.3,569.585,83.9909,0.1911
mcw,407,1,25,35.265,569.4,74.4761,0.1868
mcw,407,1,26,35.2,569.23,63.4344,0.1789
mcw,407,1,27,35.1,569.075,51.3404,0.1921
mcw,407,1,28,34.97,568.94,40.6016,0.1844
mcw,407,1,29,34.815,568.83,30.4653,0.1972
mcw,407,1,30,34.635,568.75,17.5255,0.1992
mcw,407,1,31,34.435,568.71,5.44,0.2109
mcw,408,0,0,20.21,24.2,51.7102,2.4208
mcw,408,0,1,21.025,25.26,59.4176,0.2555
mcw,408,0,2,21.14,25.49,67.3792,0.26
mcw,408,0,3,21.225,25.735,74.3578,0.2596
mcw,408,0,4,21.27,25.99,85.6014,0.2608
mcw,408,0,5,21.265,26.27,95.7106,0.3015
mcw,408,0,6,21.21,26.55,107.1025,0.272
mcw,408,0,7,21.105,26.8,118.4438,0.2729
mcw,408,0,8,20.95,27.02,131.9855,0.2691
mcw,408,0,9,20.755,27.205,141.0117,0.2702
mcw,408,0,10,20.53,27.35,153.4359,0.2683
mcw,408,0,11,20.28,27.445,164.93,0.2693
mcw,408,0,12,20.005,27.495,174.0882,0.2916
mcw,408,0,13,19.71,27.495,5.7161,0.3015
mcw,408,0,14,19.425,27.445,14.5359,0.2789
mcw,408,0,15,19.17,27.355,24.6207,0.264
mcw,408,0,16,18.95,27.22,38.655,0.2561
mcw,408,0,17,18.765,27.04,49.6372,0.2625
mcw,408,0,18,18.615,26.82,61.5562,0.2729
mcw,408,0,19,18.5,26.565,69.6781,0.2879
mcw,408,0,20,18.425,26.28,80.5374,0.3041
mcw,408,0,21,18.685,26.13,0.0,0.57
mcw,408,0,22,18.985,26.22,80.5371,0.1825
mcw,408,0,23,19.03,26.39,69.441,0.1709
mcw,408,0,24,19.1,26.545,61.9314,0.17
mcw,408,0,25,19.195,26.68,47.4882,0.1628
mcw,408,0,26,19.315,26.795,40.2328,0.1703
mcw,408,0,27,19.455,26.89,28.0776,0.17
mcw,408,0,28,19.61,26.955,17.3501,0.1676
mcw,408,0,29,19.775,26.99,6.7163,0.1712
mcw,408,0,30,19.95,26.99,173.6537,0.1811
mcw,408,0,31,20.12,26.955,162.6499,0.1676
mcw,408,0,32,20.28,26.885,150.6515,0.1836
mcw,408,0,33,20.425,26.785,139.752,0.1703
mcw,408,0,34,20.55,26.665,132.7081,0.1769
mcw,408,0,35,20.65,26.525,118.0783,0.17
mcw,408,0,36,20.72,26.365,109.4423,0.1803
mcw,408,0,37,20.76,26.19,96.3379,0.1812
mcw,408,0,38,20.75,25.985,80.1336,0.2334
mcw,408,0,39,20.68,25.755,66.4996,0.2508
mcw,408,0,40,20.565,25.54,56.9779,0.2385
mcw,408,0,41,20.43,25.345,53.6157,0.236
mcw,408,0,42,19.345,23.995,51.0354,3.2282
mcw,408,0,43,19.805,22.74,0.0,2.95
mcw,408,0,44,21.28,22.995,90.0,0.51
mcw,408,0,45,20.37,23.25,0.0,1.82
mcw,409,0,0,24.83,27.085,90.0,0.51
mcw,409,0,1,23.925,27.34,0.0,1.81
mcw,409,0,2,22.66,26.155,73.1013,2.4769
mcw,409,0,3,22.36,24.97,0.0,0.12
mcw,409,0,4,22.505,25.06,46.6354,0.2476
mcw,409,0,5,22.695,25.21,29.744,0.2419
mcw,409,0,6,22.92,25.31,18.4385,0.253
mcw,409,0,7,23.16,25.365,7.1176,0.2419
mcw,409,0,8,23.39,25.37,174.8163,0.2209
mcw,409,0,9,23.6,25.325,160.7082,0.2119
mcw,409,0,10,23.795,25.24,152.2326,0.2147
mcw,409,0,11,23.97,25.125,140.9051,0.2062
mcw,409,0,12,24.12,24.98,131.191,0.2126
mcw,409,0,13,24.24,24.805,117.7579,0.2147
mcw,409,0,14,24.325,24.61,109.2894,0.2119
mcw,409,0,15,24.37,24.4,95.1947,0.2209
mcw,409,0,16,24.37,24.18,84.8067,0.2209
mcw,409,0,17,24.33,23.965,74.0514,0.2184
mcw,409,0,18,24.245,23.765,59.932,0.2195
mcw,409,0,19,24.125,23.585,52.6016,0.214
mcw,409,0,20,23.975,23.43,39.4631,0.2202
mcw,409,0,21,23.8,23.31,29.0635,0.2059
mcw,409,0,22,23.6,23.225,17.6519,0.2309
mcw,409,0,23,23.38,23.18,5.1837,0.2209
mcw,409,0,24,23.19,23.175,176.442,0.1603
mcw,409,0,25,23.03,23.2,165.9506,0.1649
mcw,409,0,26,22.875,23.25,158.1996,0.1616
mcw,409,0,27,22.725,23.32,151.9224,0.17
mcw,409,0,28,22.585,23.41,142.438,0.164
mcw,409,0,29,22.46,23.52,135.0014,0.1697
mcw,409,0,30,22.355,23.645,124.6942,0.1581
mcw,409,0,31,22.275,23.78,116.5626,0.1565
mcw,409,0,32,22.025,23.65,42.9317,0.5873
mcw,409,0,33,21.87,23.36,123.6913,0.2163
mcw,409,0,34,22.0,23.19,131.1906,0.2126
mcw,409,0,35,22.15,23.045,140.9051,0.2062
mcw,409,0,36,22.32,22.92,146.3111,0.2163
mcw,409,0,37,22.505,22.82,157.162,0.2062
mcw,409,0,38,22.7,22.745,160.708,0.2119
mcw,409,0,39,22.905,22.69,169.2215,0.2138
mcw,409,0,40,23.115,22.665,177.271,0.2102
mcw,409,0,41,23.31,22.66,0.0,0.18
mcw,409,0,42,23.485,22.675,9.9976,0.1726
mcw,409,0,43,23.65,22.705,10.6298,0.1628
mcw,409,0,44,23.81,22.745,17.3501,0.1676
mcw,409,0,45,24.03,22.84,26.5674,0.3131
mcw,409,0,46,24.295,23.005,37.2352,0.314
mcw,409,0,47,24.52,23.22,50.1932,0.3124
mcw,409,0,48,24.695,23.475,60.9472,0.3089
mcw,409,0,49,24.795,23.69,72.6435,0.1676
mcw,409,0,50,24.84,23.85,75.9612,0.1649
mcw,409,0,51,24.875,24.015,79.995,0.1727
mcw,409,0,52,24.89,24.185,90.0,0.17
mcw,409,0,53,24.88,24.43,93.576,0.3206
mcw,409,0,54,24.83,24.735,105.4236,0.3008
mcw,409,0,55,24.73,25.02,113.1962,0.3047
mcw,409,0,56,24.59,25.28,123.6911,0.2884
mcw,409,0,57,24.405,25.5,136.3956,0.29
mcw,409,0,58,24.175,25.68,147.3851,0.2968
mcw,409,0,59,23.985,25.785,158.9671,0.1393
mcw,409,0,60,23.845,25.835,161.5482,0.1581
mcw,409,0,61,23.69,25.87,172.8896,0.1612
mcw,409,0,62,23.53,25.885,176.4202,0.1603
mcw,409,0,63,23.29,25.88,3.5798,0.3206
mcw,409,0,64,23.27,26.35,73.7401,1.0
mcw,409,0,65,24.12,26.83,0.0,1.42
mcw,410,0,0,27.44,24.2,51.7102,2.4208
mcw,410,0,1,28.255,25.26,59.4176,0.2555
mcw,410,0,2,28.37,25.49,67.3792,0.26
mcw,410,0,3,28.455,25.735,74.3578,0.2596
mcw,410,0,4,28.5,25.99,85.6014,0.2608
mcw,410,0,5,28.495,26.27,95.711,0.3015
mcw,410,0,6,28.44,26.55,107.1017,0.272
mcw,410,0,7,28.335,26.8,118.4441,0.2729
mcw,410,0,8,28.18,27.02,131.9855,0.2691
mcw,410,0,9,27.985,27.205,141.0117,0.2702
mcw,410,0,10,27.76,27.35,153.4359,0.2683
mcw,410,0,11,27.51,27.445,164.93,0.2693
mcw,410,0,12,27.235,27.495,174.0882,0.2916
mcw,410,0,13,26.94,27.495,5.7161,0.3015
mcw,410,0,14,26.655,27.445,14.5359,0.2789
mcw,410,0,15,26.4,27.355,24.6207,0.264
mcw,410,0,16,26.18,27.22,38.655,0.2561
mcw,410,0,17,25.995,27.04,49.6372,0.2625
mcw,410,0,18,25.845,26.82,61.5562,0.2729
mcw,410,0,19,25.73,26.565,69.6781,0.2879
mcw,410,0,20,25.655,26.28,80.5374,0.3041
mcw,410,0,21,25.915,26.13,0.0,0.57
mcw,410,0,22,26.215,26.22,80.5371,0.1825
mcw,410,0,23,26.26,26.39,69.441,0.1709
mcw,410,0,24,26.33,26.545,61.9314,0.17
mcw,410,0,25,26.425,26.68,47.4882,0.1628
mcw,410,0,26,26.545,26.795,40.2328,0.1703
mcw,410,0,27,26.685,26.89,28.0776,0.17
mcw,410,0,28,26.84,26.955,17.3501,0.1676
mcw,410,0,29,27.005,26.99,6.7163,0.1712
mcw,410,0,30,27.18,26.99,173.6537,0.1811
mcw,410,0,31,27.35,26.955,162.6499,0.1676
mcw,410,0,32,27.51,26.885,150.6515,0.1836
mcw,410,0,33,27.655,26.785,139.752,0.1703
mcw,410,0,34,27.78,26.665,132.7081,0.1769
mcw,410,0,35,27.88,26.525,118.0783,0.17
mcw,410,0,36,27.95,26.365,109.4417,0.1803
mcw,410,0,37,27.99,26.19,96.3385,0.1812
mcw,410,0,38,27.98,25.985,80.1336,0.2334
mcw,410,0,39,27.91,25.755,66.4996,0.2508
mcw,410,0,40,27.795,25.54,56.9775,0.2385
mcw,410,0,41,27.66,25.345,53.6161,0.236
mcw,410,0,42,26.575,23.995,51.0354,3.2282
mcw,410,0,43,27.035,22.74,0.0,2.95
mcw,410,0,44,28.51,22.995,90.0,0.51
mcw,410,0,45,27.6,23.25,0.0,1.82
mcw,411,0,0,30.42,24.785,90.0,4.09
mcw,411,0,1,30.675,22.74,0.0,0.51
mcw,411,0,2,30.93,25.04,90.0,4.6
mcw,411,0,3,30.435,27.34,0.0,0.99
mcw,411,0,4,29.78,27.085,57.8943,0.6021
mcw,411,0,5,30.02,26.83,0.0,0.8
mcw,412,0,0,34.575,23.72,53.4776,2.638
mcw,412,0,1,35.45,24.925,58.1706,0.3413
mcw,412,0,2,35.61,25.22,64.9868,0.3311
mcw,412,0,3,35.71,25.45,69.4404,0.1709
mcw,412,0,4,35.765,25.61,72.6497,0.1677
mcw,412,0,5,35.8,25.77,82.8736,0.1612
mcw,412,0,6,35.815,25.94,86.8206,0.1803
mcw,412,0,7,35.805,26.18,95.7106,0.3015
mcw,412,0,8,35.745,26.465,108.4337,0.2846
mcw,412,0,9,35.63,26.73,118.2998,0.2953
mcw,412,0,10,35.465,26.97,130.8187,0.2907
mcw,412,0,11,35.26,27.17,140.7119,0.2842
mcw,412,0,12,35.025,27.325,152.5247,0.2818
mcw,412,0,13,34.76,27.435,162.1761,0.2941
mcw,412,0,14,34.475,27.495,174.1001,0.2915
mcw,412,0,15,34.175,27.495,5.5217,0.3114
mcw,412,0,16,33.88,27.435,17.8239,0.2941
mcw,412,0,17,33.615,27.32,29.2407,0.2865
mcw,412,0,18,33.38,27.16,39.2976,0.2843
mcw,412,0,19,33.18,26.955,51.9505,0.292
mcw,412,0,20,33.025,26.71,63.4356,0.2907
mcw,412,0,21,32.915,26.435,72.758,0.3036
mcw,412,0,22,32.855,26.135,84.4719,0.3114
mcw,412,0,23,32.855,25.845,96.3403,0.2717
mcw,412,0,24,32.905,25.575,104.5365,0.2789
mcw,412,0,25,32.995,25.32,114.6183,0.2641
mcw,412,0,26,33.13,25.09,126.031,0.272
mcw,412,0,27,33.305,24.885,135.0,0.2687
mcw,412,0,28,33.51,24.72,147.5262,0.2608
mcw,412,0,29,33.745,24.605,160.2081,0.2657
mcw,412,0,30,34.005,24.545,173.6536,0.2717
mcw,412,0,31,34.26,24.54,4.7682,0.2408
mcw,412,0,32,34.485,24.585,18.4368,0.2214
mcw,412,0,33,34.595,24.615,134.9782,0.0142
mcw,412,0,34,33.985,23.795,52.9618,2.042
mcw,412,0,35,33.58,22.82,142.6953,0.528
mcw,412,1,0,34.24,25.05,173.6537,0.1811
mcw,412,1,1,34.065,25.085,163.6144,0.1772
mcw,412,1,2,33.895,25.155,152.1115,0.1923
mcw,412,1,3,33.735,25.2599,141.3416,0.1921
mcw,412,1,4,33.6,25.39,130.5981,0.1844
mcw,412,1,5,33.49,25.545,120.4677,0.1972
mcw,412,1,6,33.41,25.7249,107.5257,0.1993
mcw,412,1,7,33.365,25.92,98.5299,0.2022
mcw,412,1,8,33.365,26.115,81.0278,0.1924
mcw,412,1,9,33.41,26.305,72.4743,0.1993
mcw,412,1,10,33.485,26.48,60.6474,0.1836
mcw,412,1,11,33.595,26.635,49.0793,0.1985
mcw,412,1,12,33.735,26.77,38.6584,0.1921
mcw,412,1,13,33.895,26.875,27.9046,0.1924
mcw,412,1,14,34.075,26.95,17.5247,0.1993
mcw,412,1,15,34.27,26.99,5.7161,0.201
mcw,412,1,16,34.465,26.99,173.9851,0.1911
mcw,412,1,17,34.645,26.95,160.5605,0.1803
mcw,412,1,18,34.81,26.87,147.9852,0.1887
mcw,412,1,19,34.96,26.755,137.1341,0.191
mcw,412,1,20,35.09,26.62,130.5981,0.1844
mcw,412,1,21,35.195,26.465,117.8912,0.1924
mcw,412,1,22,35.265,26.2899,105.5245,0.1868
mcw,412,1,23,35.3,26.11,96.3406,0.1811
mcw,412,1,24,35.3,25.925,83.9909,0.1911
mcw,412,1,25,35.265,25.74,74.4755,0.1868
mcw,412,1,26,35.2,25.57,63.4306,0.1789
mcw,412,1,27,35.1,25.415,51.345,0.1921
mcw,412,1,28,34.97,25.28,40.6003,0.1844
mcw,412,1,29,34.815,25.17,30.4591,0.1972
mcw,412,1,30,34.635,25.09,17.525,0.1992
mcw,412,1,31,34.435,25.05,5.4456,0.211
mcw,413,0,0,150.585,124.99,90.9142,1.8802
mcw,413,0,1,150.27,125.925,0.9558,0.6001
mcw,413,0,2,150.005,123.62,90.8719,4.6005
mcw,413,0,3,150.34,121.325,0.9558,0.6001
mcw,413,0,4,150.62,122.435,91.0367,2.2104
mcw,413,0,5,151.665,123.56,1.0761,2.1304
mcw,413,0,6,152.75,122.475,91.0367,2.2104
mcw,413,0,7,153.065,121.37,0.0,0.59
mcw,413,0,8,153.325,123.67,90.8717,4.6005
mcw,413,0,9,152.99,125.965,0.9558,0.6001
mcw,413,0,10,152.705,125.025,90.9191,1.8702
mcw,413,0,11,151.66,124.07,1.0812,2.1204
mcw,414,0,0,157.275,122.03,114.9906,1.3019
mcw,414,0,1,157.86,121.445,0.9221,0.6201
mcw,414,0,2,157.025,123.85,115.5049,5.3183
mcw,414,0,3,154.81,123.815,66.2781,5.3194
mcw,414,0,4,154.05,121.385,0.9221,0.6201
mcw,414,0,5,154.615,121.99,66.9749,1.3039
mcw,414,0,6,155.935,122.605,0.8069,2.1302
mcw,414,1,0,155.925,123.115,1.0416,1.6503
mcw,414,1,1,155.5,124.045,67.0582,2.0523
mcw,414,1,2,156.325,124.06,114.5602,2.045
mcw,415,0,0,158.93,121.465,0.9558,0.6001
mcw,415,0,1,159.2,123.2,90.9937,3.4605
mcw,415,0,2,160.905,123.13,133.9466,5.0001
mcw,415,0,3,162.6,123.725,90.9569,4.7907
mcw,415,0,4,162.26,126.115,0.9558,0.6001
mcw,415,0,5,161.99,124.435,91.026,3.3505
mcw,415,0,6,160.29,124.52,134.5074,4.9358
mcw,415,0,7,158.595,123.87,90.8321,4.8205
mcw,416,0,0,165.89,123.615,90.0,0.51
mcw,416,0,1,166.475,123.37,0.9803,1.1702
mcw,416,0,2,167.04,123.245,81.575,0.273
mcw,416,0,3,166.975,122.98,70.9028,0.2751
mcw,416,0,4,166.855,122.735,56.891,0.2746
mcw,416,0,5,166.685,122.515,47.8609,0.2832
mcw,416,0,6,166.48,122.325,37.6963,0.278
mcw,416,0,7,166.25,122.175,28.4448,0.2729
mcw,416,0,8,166.0,122.07,17.0994,0.272
mcw,416,0,9,165.74,122.015,6.5818,0.2617
mcw,416,0,10,165.515,122.0,0.0,0.19
mcw,416,0,11,165.335,122.015,169.9923,0.1726
mcw,416,0,12,165.165,122.055,163.6141,0.1772
mcw,416,0,13,165.0,122.11,159.4452,0.1709
mcw,416,0,14,164.77,122.23,149.0332,0.3499
mcw,416,0,15,164.485,122.435,139.5752,0.3547
mcw,416,0,16,164.24,122.69,128.1575,0.3561
mcw,416,0,17,164.05,122.985,117.3003,0.3489
mcw,416,0,18,163.915,123.31,107.9282,0.3573
mcw,416,0,19,163.84,123.655,96.5211,0.3523
mcw,416,0,20,163.825,123.93,87.135,0.2003
mcw,416,0,21,163.84,124.13,84.2877,0.201
mcw,416,0,22,163.87,124.325,78.1134,0.1942
mcw,416,0,23,163.92,124.51,71.568,0.1898
mcw,416,0,24,164.03,124.77,64.7981,0.3758
mcw,416,0,25,164.215,125.085,54.0893,0.358
mcw,416,0,26,164.45,125.355,43.8756,0.3607
mcw,416,0,27,164.735,125.57,30.1448,0.3585
mcw,416,0,28,164.97,125.695,23.6219,0.1746
mcw,416,0,29,165.135,125.755,16.3954,0.1772
mcw,416,0,30,165.31,125.795,9.4623,0.1825
mcw,416,0,31,165.495,125.82,6.0057,0.1911
mcw,416,0,32,165.695,125.825,177.2794,0.2102
mcw,416,0,33,165.9,125.8,168.6875,0.204
mcw,416,0,34,166.1,125.745,160.7078,0.2119
mcw,416,0,35,166.295,125.665,154.655,0.2102
mcw,416,0,36,166.48,125.565,148.5728,0.2109
mcw,416,0,37,166.655,125.445,142.5958,0.214
mcw,416,0,38,166.815,125.305,134.9942,0.2121
mcw,416,0,39,166.955,125.145,127.4092,0.214
mcw,416,0,40,167.21,125.265,47.1758,0.559
mcw,416,0,41,167.31,125.57,131.9887,0.2691
mcw,416,0,42,167.12,125.76,138.0087,0.2691
mcw,416,0,43,166.915,125.925,144.4643,0.2581
mcw,416,0,44,166.695,126.065,150.5227,0.2642
mcw,416,0,45,166.455,126.175,160.2019,0.2657
mcw,416,0,46,166.205,126.255,164.3562,0.2596
mcw,416,0,47,165.95,126.31,171.2589,0.2631
mcw,416,0,48,165.69,126.335,177.7952,0.2602
mcw,416,0,49,165.44,126.33,4.7609,0.2408
mcw,416,0,50,165.2,126.3,9.4647,0.2433
mcw,416,0,51,164.97,126.25,15.2544,0.228
mcw,416,0,52,164.75,126.175,22.2481,0.2377
mcw,416,0,53,164.54,126.075,28.8147,0.2283
mcw,416,0,54,164.34,125.955,33.0253,0.2385
mcw,416,0,55,164.15,125.82,37.8706,0.228
mcw,416,0,56,163.98,125.67,45.0,0.2263
mcw,416,0,57,163.825,125.5,50.1944,0.2343
mcw,416,0,58,163.68,125.31,55.0097,0.2441
mcw,416,0,59,163.55,125.105,60.2551,0.2419
mcw,416,0,60,163.445,124.89,67.7485,0.2377
mcw,416,0,61,163.36,124.665,70.8214,0.2435
mcw,416,0,62,163.29,124.43,75.9638,0.2474
mcw,416,0,63,163.245,124.185,83.1575,0.2518
mcw,416,0,64,163.225,123.93,87.7987,0.2602
mcw,416,0,65,163.23,123.685,94.9712,0.2308
mcw,416,0,66,163.26,123.455,99.8637,0.2335
mcw,416,0,67,163.31,123.23,105.2544,0.228
mcw,416,0,68,163.38,123.015,110.8557,0.2247
mcw,416,0,69,163.47,122.805,115.4624,0.2326
mcw,416,0,70,163.58,122.605,122.2784,0.2247
mcw,416,0,71,163.71,122.42,127.8713,0.2281
mcw,416,0,72,163.855,122.245,131.4254,0.2267
mcw,416,0,73,164.015,122.085,138.5797,0.2267
mcw,416,0,74,164.19,121.945,144.1602,0.222
mcw,416,0,75,164.38,121.82,149.0369,0.2332
mcw,416,0,76,164.58,121.71,153.4332,0.2236
mcw,416,0,77,164.785,121.62,159.1421,0.2247
mcw,416,0,78,165.0,121.555,167.1988,0.2256
mcw,416,0,79,165.225,121.51,170.1319,0.2334
mcw,416,0,80,165.46,121.49,0.0,0.24
mcw,416,0,81,165.695,121.495,2.492,0.2302
mcw,416,0,82,165.92,121.52,10.3069,0.2236
mcw,416,0,83,166.135,121.565,13.3889,0.2159
mcw,416,0,84,166.34,121.63,21.7984,0.2154
mcw,416,0,85,166.53,121.715,26.5728,0.2013
mcw,416,0,86,166.705,121.815,32.902,0.2025
mcw,416,0,87,166.87,121.935,39.0943,0.2062
mcw,416,0,88,167.025,122.07,43.0201,0.2052
mcw,416,0,89,167.165,122.22,50.909,0.2062
mcw,416,0,90,167.285,122.385,57.0967,0.2025
mcw,416,0,91,167.39,122.565,62.2403,0.2147
mcw,416,0,92,167.475,122.755,69.7775,0.2025
mcw,416,0,93,167.545,122.955,71.5626,0.2214
mcw,416,0,94,167.6,123.165,79.217,0.2138
mcw,416,0,95,167.635,123.38,82.2352,0.222
mcw,416,0,96,167.65,123.605,90.0,0.23
mcw,416,0,97,167.65,123.81,90.0,0.18
mcw,416,0,98,166.77,123.885,0.9765,1.7603
mcw,417,0,0,171.39,122.26,114.59,1.2977
mcw,417,0,1,171.97,121.675,0.9221,0.6201
mcw,417,0,2,171.135,124.08,115.505,5.3183
mcw,417,0,3,168.925,124.045,66.3769,5.3154
mcw,417,0,4,168.17,121.615,0.9221,0.6201
mcw,417,0,5,168.735,122.22,66.9749,1.3039
mcw,417,0,6,170.055,122.835,0.8069,2.1302
mcw,417,1,0,170.045,123.345,1.0416,1.6503
mcw,417,1,1,169.615,124.27,67.2071,2.0392
mcw,417,1,2,170.44,124.285,114.9324,2.0401
mcw,418,0,0,174.295,123.755,11.3072,0.2549
mcw,418,0,1,174.525,123.83,25.464,0.2326
mcw,418,0,2,174.725,123.945,34.3831,0.2302
mcw,418,0,3,174.895,124.095,48.5768,0.2267
mcw,418,0,4,175.03,124.275,57.7257,0.2247
mcw,418,0,5,175.135,124.475,66.8014,0.2285
mcw,418,0,6,175.205,124.69,77.195,0.2256
mcw,418,0,7,175.24,124.92,85.2352,0.2408
mcw,418,0,8,175.23,125.195,97.354,0.3126
mcw,418,0,9,175.15,125.5,111.7994,0.3231
mcw,418,0,10,174.995,125.775,127.2352,0.314
mcw,418,0,11,174.775,126.0,141.3428,0.3201
mcw,418,0,12,174.505,126.16,157.5209,0.3138
mcw,418,0,13,174.2,126.25,169.381,0.3256
mcw,418,0,14,173.88,126.29,176.4201,0.3206
mcw,418,0,15,173.56,126.295,1.7916,0.3202
mcw,418,0,16,173.04,126.285,0.7965,0.7201
mcw,418,0,17,172.715,123.985,90.8738,4.5905
mcw,418,0,18,173.05,121.695,0.9558,0.6001
mcw,418,0,19,173.33,122.675,91.1749,1.9504
mcw,418,0,20,173.435,123.655,2.2859,0.2502
mcw,418,0,21,174.265,122.69,126.0098,2.3983
mcw,418,0,22,175.31,121.725,0.8434,0.6801
mcw,418,0,23,174.91,122.73,126.5014,2.488
mcw,418,1,0,173.36,125.78,0.0,0.16
mcw,418,1,1,173.55,125.78,0.0,0.22
mcw,418,1,2,173.775,125.77,175.0329,0.2309
mcw,418,1,3,173.995,125.745,171.8699,0.2121
mcw,418,1,4,174.2,125.695,160.7092,0.2119
mcw,418,1,5,174.39,125.61,150.9429,0.2059
mcw,418,1,6,174.545,125.49,132.8832,0.191
mcw,418,1,7,174.655,125.33,116.5651,0.2012
mcw,418,1,8,174.72,125.125,99.8674,0.2335
mcw,418,1,9,174.725,124.89,82.8714,0.2419
mcw,418,1,10,174.67,124.675,67.17,0.2062
mcw,418,1,11,174.57,124.505,51.3366,0.1921
mcw,418,1,12,174.43,124.375,34.5118,0.1942
mcw,418,1,13,174.255,124.285,20.2281,0.2025
mcw,418,1,14,174.055,124.225,13.3889,0.2159
mcw,418,1,15,173.835,124.19,4.9671,0.2309
mcw,418,1,16,173.605,124.175,2.492,0.2302
mcw,418,1,17,173.4,124.165,3.1828,0.1803
mcw,418,1,18,173.295,124.97,91.0609,1.6203
mcw,419,0,0,178.605,125.95,124.5081,0.1942
mcw,419,0,1,178.49,126.095,132.7072,0.1769
mcw,419,0,2,178.36,126.215,141.8464,0.178
mcw,419,0,3,178.215,126.32,146.3099,0.1803
mcw,419,0,4,178.06,126.405,156.3669,0.1746
mcw,419,0,5,177.895,126.465,163.6155,0.1772
mcw,419,0,6,177.72,126.505,170.5377,0.1825
mcw,419,0,7,177.54,126.525,176.8172,0.1803
mcw,419,0,8,177.32,126.52,4.3964,0.2608
mcw,419,0,9,177.065,126.475,15.6438,0.2596
mcw,419,0,10,176.825,126.39,23.5002,0.2508
mcw,419,0,11,176.605,126.275,31.7596,0.247
mcw,419,0,12,176.415,126.125,44.9974,0.2404
mcw,419,0,13,176.265,125.935,58.2422,0.247
mcw,419,0,14,176.16,125.71,71.5672,0.253
mcw,419,0,15,176.105,125.455,83.6566,0.2717
mcw,419,0,16,176.105,125.205,97.4345,0.232
mcw,419,0,17,176.15,124.99,106.6976,0.2088
mcw,419,0,18,176.235,124.805,122.908,0.2025
mcw,419,0,19,176.355,124.645,130.9133,0.1985
mcw,419,0,20,176.495,124.505,139.0863,0.1985
mcw,419,0,21,176.66,124.385,148.5657,0.211
mcw,419,0,22,176.845,124.28,152.2403,0.2147
mcw,419,0,23,177.035,124.185,154.655,0.2102
mcw,419,0,24,177.29,124.075,157.894,0.3454
mcw,419,0,25,177.595,123.94,154.229,0.322
mcw,419,0,26,177.87,123.785,146.8189,0.3106
mcw,419,0,27,178.05,123.64,129.8084,0.1562
mcw,419,0,28,178.14,123.515,121.6071,0.1526
mcw,419,0,29,178.205,123.375,108.4367,0.1581
mcw,419,0,30,178.245,123.21,99.4623,0.1825
mcw,419,0,31,178.25,123.03,83.6582,0.1811
mcw,419,0,32,178.22,122.855,76.7578,0.1747
mcw,419,0,33,178.165,122.69,66.3735,0.1746
mcw,419,0,34,178.08,122.54,54.4576,0.172
mcw,419,0,35,177.97,122.415,42.5157,0.1628
mcw,419,0,36,177.835,122.315,30.9638,0.1749
mcw,419,0,37,177.68,122.24,20.5548,0.1709
mcw,419,0,38,177.515,122.2,6.7063,0.1712
mcw,419,0,39,177.34,122.195,176.8269,0.1803
mcw,419,0,40,177.165,122.225,163.6046,0.1772
mcw,419,0,41,177.0,122.29,153.4393,0.1789
mcw,419,0,42,176.855,122.38,142.4275,0.164
mcw,419,0,43,176.73,122.495,132.7108,0.1769
mcw,419,0,44,176.63,122.635,118.074,0.17
mcw,419,0,45,176.56,122.795,109.4379,0.1803
mcw,419,0,46,176.525,122.975,93.0111,0.1903
mcw,419,0,47,176.22,123.005,12.2254,0.6139
mcw,419,0,48,175.955,122.8,104.0377,0.2886
mcw,419,0,49,176.04,122.54,112.6162,0.26
mcw,419,0,50,176.165,122.31,124.2884,0.2663
mcw,419,0,51,176.325,122.11,133.3643,0.2476
mcw,419,0,52,176.515,121.945,144.4643,0.2581
mcw,419,0,53,176.74,121.815,155.3784,0.264
mcw,419,0,54,176.985,121.73,166.4982,0.2571
mcw,419,0,55,177.25,121.69,175.9166,0.2807
mcw,419,0,56,177.535,121.695,5.9057,0.2916
mcw,419,0,57,177.82,121.75,15.9487,0.2912
mcw,419,0,58,178.085,121.855,27.4698,0.2818
mcw,419,0,59,178.32,122.005,37.6963,0.278
mcw,419,0,60,178.52,122.195,49.3987,0.2766
mcw,419,0,61,178.675,122.42,61.5582,0.273
mcw,419,0,62,178.785,122.68,72.1817,0.2941
mcw,419,0,63,178.84,122.975,86.3078,0.3106
mcw,419,0,64,178.835,123.27,96.1153,0.2816
mcw,419,0,65,178.785,123.53,106.2624,0.25
mcw,419,0,66,178.7,123.755,115.4622,0.2326
mcw,419,0,67,178.575,123.95,129.8037,0.2343
mcw,419,0,68,178.415,124.115,138.5772,0.2267
mcw,419,0,69,178.23,124.255,146.9747,0.2385
mcw,419,0,70,178.02,124.38,151.3907,0.2506
mcw,419,0,71,177.79,124.49,157.3794,0.26
mcw,419,0,72,177.505,124.605,158.5025,0.3547
mcw,419,0,73,177.225,124.715,158.6232,0.247
mcw,419,0,74,177.01,124.83,145.0106,0.2441
mcw,419,0,75,176.865,124.945,135.0,0.1273
mcw,419,0,76,176.785,125.04,124.9932,0.1221
mcw,419,0,77,176.73,125.145,109.9825,0.117
mcw,419,0,78,176.7,125.265,98.7477,0.1315
mcw,419,0,79,176.695,125.405,86.1879,0.1503
mcw,419,0,80,176.725,125.55,70.347,0.1487
mcw,419,0,81,176.79,125.675,53.9684,0.136
mcw,419,0,82,176.88,125.78,45.0,0.1414
mcw,419,0,83,177.05,125.9,30.2601,0.2778
mcw,419,0,84,177.305,125.995,10.4888,0.2746
mcw,419,0,85,177.56,126.005,172.8754,0.2419
mcw,419,0,86,177.78,125.95,158.2016,0.2154
mcw,419,0,87,177.96,125.845,140.9057,0.2062
mcw,419,0,88,178.115,125.68,126.8671,0.25
mcw,419,0,89,178.425,125.725,31.6762,0.5523
mcw,420,0,0,24.04,521.395,90.0,4.09
mcw,420,0,1,24.295,519.35,0.0,0.51
mcw,420,0,2,24.55,521.65,90.0,4.6
mcw,420,0,3,24.055,523.95,0.0,0.99
mcw,420,0,4,23.4,523.695,57.8939,0.6021
mcw,420,0,5,23.64,523.44,0.0,0.8
mcw,421,0,0,28.29,520.81,51.7099,2.4207
mcw,421,0,1,29.11,521.87,57.5291,0.2608
mcw,421,0,2,29.23,522.095,66.501,0.2508
mcw,421,0,3,29.31,522.34,77.0056,0.2668
mcw,421,0,4,29.35,522.6,85.6012,0.2608
mcw,421,0,5,29.345,522.875,95.9059,0.2915
mcw,421,0,6,29.29,523.155,106.5049,0.2816
mcw,421,0,7,29.185,523.41,118.443,0.2729
mcw,421,0,8,29.035,523.63,130.3639,0.2625
mcw,421,0,9,28.845,523.81,142.6966,0.264
mcw,421,0,10,28.62,523.955,151.5563,0.273
mcw,421,0,11,28.365,524.055,165.4655,0.2789
mcw,421,0,12,28.085,524.105,174.0941,0.2915
mcw,421,0,13,27.79,524.105,5.7104,0.3015
mcw,421,0,14,27.505,524.055,14.5344,0.2789
mcw,421,0,15,27.25,523.96,26.5656,0.2683
mcw,421,0,16,27.03,523.825,36.8701,0.25
mcw,421,0,17,26.845,523.65,49.635,0.2625
mcw,421,0,18,26.695,523.43,61.5578,0.273
mcw,421,0,19,26.58,523.175,69.6766,0.2879
mcw,421,0,20,26.505,522.89,80.5379,0.3041
mcw,421,0,21,26.765,522.74,0.0,0.57
mcw,421,0,22,27.065,522.83,80.5375,0.1825
mcw,421,0,23,27.11,523.0,69.4446,0.1709
mcw,421,0,24,27.18,523.155,61.9278,0.17
mcw,421,0,25,27.275,523.29,47.4882,0.1628
mcw,421,0,26,27.395,523.405,40.2367,0.1703
mcw,421,0,27,27.535,523.5,28.0731,0.17
mcw,421,0,28,27.69,523.565,17.355,0.1676
mcw,421,0,29,27.855,523.6,6.7087,0.1712
mcw,421,0,30,28.03,523.6,173.6609,0.1811
mcw,421,0,31,28.205,523.565,163.6095,0.1772
mcw,421,0,32,28.365,523.495,149.0351,0.1749
mcw,421,0,33,28.51,523.395,141.8448,0.178
mcw,421,0,34,28.635,523.275,130.235,0.1703
mcw,421,0,35,28.735,523.13,119.3584,0.1836
mcw,421,0,36,28.805,522.97,107.354,0.1676
mcw,421,0,37,28.84,522.8,96.3397,0.1811
mcw,421,0,38,28.83,522.59,80.5378,0.2433
mcw,421,0,39,28.765,522.36,67.7511,0.2377
mcw,421,0,40,28.65,522.15,55.0077,0.2441
mcw,421,0,41,28.51,521.955,53.6157,0.236
mcw,421,0,42,27.43,520.605,51.1736,3.2219
mcw,421,0,43,27.89,519.35,0.0,2.94
mcw,421,0,44,29.36,519.605,90.0,0.51
mcw,421,0,45,28.45,519.86,0.0,1.82
mcw,422,0,0,31.51,521.56,0.0,0.2
mcw,422,0,1,31.705,521.545,171.0277,0.1924
mcw,422,0,2,31.88,521.495,156.3707,0.1746
mcw,422,0,3,32.035,521.41,146.3106,0.1803
mcw,422,0,4,32.165,521.295,130.2355,0.1703
mcw,422,0,5,32.265,521.15,119.3584,0.1836
mcw,422,0,6,32.335,520.975,104.7432,0.1965
mcw,422,0,7,32.37,520.78,95.7108,0.201
mcw,422,0,8,32.37,520.585,83.9909,0.1911
mcw,422,0,9,32.335,520.41,72.6466,0.1676
mcw,422,0,10,32.275,520.25,66.3702,0.1746
mcw,422,0,11,32.185,520.105,49.7629,0.1703
mcw,422,0,12,32.065,519.985,40.2363,0.1703
mcw,422,0,13,31.925,519.89,28.0731,0.17
mcw,422,0,14,31.765,519.82,19.4393,0.1803
mcw,422,0,15,31.59,519.785,3.1805,0.1803
mcw,422,0,16,31.415,519.785,176.6328,0.1703
mcw,422,0,17,31.255,519.81,165.0709,0.1552
mcw,422,0,18,31.105,519.86,158.1968,0.1616
mcw,422,0,19,30.97,519.93,146.3095,0.1442
mcw,422,0,20,30.85,520.025,137.4916,0.1628
mcw,422,0,21,30.745,520.14,126.8687,0.15
mcw,422,0,22,30.67,520.275,111.8017,0.1616
mcw,422,0,23,30.62,520.43,104.0362,0.1649
mcw,422,0,24,30.32,520.51,0.0,0.56
mcw,422,0,25,30.065,520.375,100.4918,0.2746
mcw,422,0,26,30.135,520.115,109.7989,0.2657
mcw,422,0,27,30.25,519.885,123.6901,0.2524
mcw,422,0,28,30.405,519.69,133.3634,0.2476
mcw,422,0,29,30.595,519.53,146.3102,0.2524
mcw,422,0,30,30.815,519.405,154.4399,0.255
mcw,422,0,31,31.06,519.32,167.0059,0.2668
mcw,422,0,32,31.32,519.28,175.6004,0.2608
mcw,422,0,33,31.6,519.28,3.8149,0.3007
mcw,422,0,34,31.89,519.325,14.0362,0.2886
mcw,422,0,35,32.15,519.42,26.564,0.2683
mcw,422,0,36,32.375,519.56,37.3047,0.264
mcw,422,0,37,32.565,519.74,49.6347,0.2625
mcw,422,0,38,32.715,519.955,60.525,0.2642
mcw,422,0,39,32.82,520.21,74.0542,0.2912
mcw,422,0,40,32.875,520.5,84.2896,0.3015
mcw,422,0,41,32.885,520.74,93.1793,0.1803
mcw,422,0,42,32.865,520.92,99.4631,0.1825
mcw,422,0,43,32.83,521.09,104.035,0.1649
mcw,422,0,44,32.775,521.25,113.6298,0.1746
mcw,422,0,45,32.7,521.4,119.7442,0.1613
mcw,422,0,46,32.605,521.535,130.2371,0.1703
mcw,422,0,47,32.485,521.655,139.7637,0.1703
mcw,422,0,48,32.35,521.76,144.4626,0.172
mcw,422,0,49,32.395,521.91,41.0087,0.3048
mcw,422,0,50,32.59,522.13,56.3106,0.2884
mcw,422,0,51,32.7,522.32,66.8008,0.1523
mcw,422,0,52,32.75,522.465,75.0684,0.1552
mcw,422,0,53,32.785,522.62,79.3805,0.1628
mcw,422,0,54,32.805,522.785,86.6328,0.1703
mcw,422,0,55,32.795,523.005,96.3406,0.2717
mcw,422,0,56,32.745,523.265,105.6422,0.2596
mcw,422,0,57,32.65,523.495,119.7448,0.2419
mcw,422,0,58,32.51,523.69,131.6335,0.2408
mcw,422,0,59,32.335,523.855,141.7094,0.2421
mcw,422,0,60,32.13,523.98,155.5565,0.2417
mcw,422,0,61,31.9,524.065,163.7398,0.25
mcw,422,0,62,31.645,524.11,175.7643,0.2707
mcw,422,0,63,31.375,524.11,4.2357,0.2707
mcw,422,0,64,31.115,524.07,13.4952,0.2571
mcw,422,0,65,30.885,523.995,23.1996,0.2285
mcw,422,0,66,30.685,523.885,34.3797,0.2302
mcw,422,0,67,30.51,523.735,46.7367,0.2335
mcw,422,0,68,30.37,523.55,59.0357,0.2332
mcw,422,0,69,30.26,523.33,67.3799,0.26
mcw,422,0,70,30.185,523.08,79.1147,0.2648
mcw,422,0,71,30.445,522.95,0.0,0.57
mcw,422,0,72,30.745,523.02,77.9049,0.1432
mcw,422,0,73,30.785,523.155,68.9635,0.1393
mcw,422,0,74,30.85,523.275,53.9709,0.136
mcw,422,0,75,30.935,523.38,48.0145,0.1345
mcw,422,0,76,31.03,523.465,34.9918,0.1221
mcw,422,0,77,31.14,523.53,26.564,0.1342
mcw,422,0,78,31.27,523.575,12.0943,0.1432
mcw,422,0,79,31.415,523.6,7.5963,0.1513
mcw,422,0,80,31.575,523.6,173.2887,0.1712
mcw,422,0,81,31.735,523.57,165.0682,0.1552
mcw,422,0,82,31.88,523.515,153.4353,0.1565
mcw,422,0,83,32.01,523.435,143.131,0.15
mcw,422,0,84,32.115,523.33,126.8693,0.15
mcw,422,0,85,32.195,523.205,118.3012,0.1476
mcw,422,0,86,32.255,523.06,107.3534,0.1676
mcw,422,0,87,32.29,522.9,97.1254,0.1612
mcw,422,0,88,32.29,522.72,84.2894,0.201
mcw,422,0,89,32.25,522.545,68.1986,0.1615
mcw,422,0,90,32.18,522.405,58.3929,0.1526
mcw,422,0,91,32.085,522.29,42.2731,0.1487
mcw,422,0,92,31.96,522.2,29.7456,0.1612
mcw,422,0,93,31.815,522.135,18.4334,0.1581
mcw,422,0,94,31.655,522.095,10.0101,0.1726
mcw,422,0,95,31.48,522.075,3.1781,0.1803
mcw,422,0,96,31.4,521.815,92.2458,0.5104
mcw,423,0,0,34.14,519.935,12.0943,0.1432
mcw,423,0,1,34.02,519.88,38.6598,0.1281
mcw,423,0,2,33.93,519.79,51.3405,0.1281
mcw,423,0,3,33.88,519.675,81.2535,0.1315
mcw,423,0,4,33.88,519.54,98.1299,0.1414
mcw,423,0,5,33.93,519.42,128.6595,0.1281
mcw,423,0,6,34.02,519.33,141.3402,0.1281
mcw,423,0,7,34.14,519.28,171.8712,0.1414
mcw,423,0,8,34.275,519.28,8.7446,0.1315
mcw,423,0,9,34.395,519.33,36.0278,0.136
mcw,423,0,10,34.485,519.42,55.0077,0.1221
mcw,423,0,11,34.535,519.54,77.9063,0.1432
mcw,423,0,12,34.535,519.675,102.9944,0.1334
mcw,423,0,13,34.485,519.79,124.9923,0.1221
mcw,423,0,14,34.395,519.88,143.9722,0.136
mcw,423,0,15,34.275,519.935,167.006,0.1334
mcw,424,0,0,37.05,519.275,2.6031,0.2202
mcw,424,0,1,37.255,519.305,14.7424,0.1965
mcw,424,0,2,37.44,519.37,23.9629,0.197
mcw,424,0,3,37.61,519.46,32.005,0.1887
mcw,424,0,4,37.76,519.57,40.6021,0.1844
mcw,424,0,5,37.895,519.705,49.0857,0.1985
mcw,424,0,6,38.02,519.86,53.1297,0.2
mcw,424,0,7,38.13,520.03,60.9449,0.2059
mcw,424,0,8,38.255,520.31,68.4596,0.4085
mcw,424,0,9,38.385,520.7,74.6234,0.4148
mcw,424,0,10,38.46,521.0,78.6901,0.204
mcw,424,0,11,38.49,521.2,84.2892,0.201
mcw,424,0,12,38.505,521.4,87.1381,0.2003
mcw,424,0,13,38.515,521.59,86.8195,0.1803
mcw,424,0,14,38.515,521.77,93.1806,0.1803
mcw,424,0,15,38.505,521.96,92.8619,0.2003
mcw,424,0,16,38.49,522.16,95.7108,0.201
mcw,424,0,17,38.46,522.36,101.3099,0.204
mcw,424,0,18,38.385,522.665,105.0186,0.4245
mcw,424,0,19,38.255,523.065,111.0372,0.4179
mcw,424,0,20,38.13,523.345,120.4653,0.1972
mcw,424,0,21,38.02,523.515,125.2176,0.2081
mcw,424,0,22,37.9,523.67,130.6012,0.1844
mcw,424,0,23,37.765,523.805,139.0865,0.1985
mcw,424,0,24,37.61,523.92,147.995,0.1887
mcw,424,0,25,37.44,524.01,156.0371,0.197
mcw,424,0,26,37.255,524.075,165.2555,0.1965
mcw,424,0,27,37.05,524.11,174.8065,0.2209
mcw,424,0,28,36.835,524.11,5.4394,0.2109
mcw,424,0,29,36.635,524.075,14.7442,0.1965
mcw,424,0,30,36.45,524.01,23.9629,0.197
mcw,424,0,31,36.28,523.92,32.005,0.1887
mcw,424,0,32,36.125,523.805,40.9142,0.1985
mcw,424,0,33,35.985,523.67,47.1207,0.1911
mcw,424,0,34,35.865,523.515,57.0943,0.2025
mcw,424,0,35,35.76,523.345,59.5357,0.1972
mcw,424,0,36,35.63,523.065,67.6938,0.4215
mcw,424,0,37,35.5,522.665,76.2926,0.422
mcw,424,0,38,35.43,522.36,78.6911,0.204
mcw,424,0,39,35.4,522.16,84.2892,0.201
mcw,424,0,40,35.38,521.96,84.2894,0.201
mcw,424,0,41,35.37,521.77,90.0,0.18
mcw,424,0,42,35.37,521.59,90.0,0.18
mcw,424,0,43,35.38,521.4,95.7106,0.201
mcw,424,0,44,35.4,521.2,95.7108,0.201
mcw,424,0,45,35.43,521.0,101.3089,0.204
mcw,424,0,46,35.505,520.7,105.3766,0.4148
mcw,424,0,47,35.635,520.31,111.5409,0.4085
mcw,424,0,48,35.76,520.03,119.0542,0.2059
mcw,424,0,49,35.87,519.86,126.8712,0.2
mcw,424,0,50,35.99,519.705,128.6593,0.1921
mcw,424,0,51,36.125,519.57,141.3391,0.1921
mcw,424,0,52,36.28,519.46,147.995,0.1887
mcw,424,0,53,36.45,519.37,156.0371,0.197
mcw,424,0,54,36.635,519.305,165.2579,0.1965
mcw,424,0,55,36.835,519.275,177.2731,0.2102
mcw,424,1,0,37.015,523.6,172.4067,0.1513
mcw,424,1,1,37.16,523.57,164.0542,0.1456
mcw,424,1,2,37.29,523.515,149.7434,0.1389
mcw,424,1,3,37.405,523.44,143.9722,0.136
mcw,424,1,4,37.555,523.285,129.56,0.2983
mcw,424,1,5,37.72,523.03,116.5651,0.313
mcw,424,1,6,37.84,522.73,107.3544,0.3353
mcw,424,1,7,37.925,522.415,102.7241,0.3178
mcw,424,1,8,37.98,522.105,97.3526,0.3126
mcw,424,1,9,38.005,521.82,92.2022,0.2602
mcw,424,1,10,38.005,521.555,87.8792,0.2702
mcw,424,1,11,37.98,521.27,82.4053,0.3027
mcw,424,1,12,37.925,520.96,77.661,0.3276
mcw,424,1,13,37.84,520.645,72.1208,0.3257
mcw,424,1,14,37.72,520.35,63.4349,0.313
mcw,424,1,15,37.555,520.095,50.4409,0.2983
mcw,424,1,16,37.405,519.94,36.0278,0.136
mcw,424,1,17,37.29,519.865,30.2566,0.1389
mcw,424,1,18,37.16,519.81,15.9458,0.1456
mcw,424,1,19,37.015,519.785,3.8119,0.1503
mcw,424,1,20,36.87,519.785,175.9166,0.1404
mcw,424,1,21,36.73,519.81,164.0542,0.1456
mcw,424,1,22,36.6,519.865,149.7442,0.1389
mcw,424,1,23,36.485,519.94,143.9712,0.136
mcw,424,1,24,36.335,520.095,129.5596,0.2983
mcw,424,1,25,36.17,520.35,116.5651,0.313
mcw,424,1,26,36.05,520.645,107.8786,0.3257
mcw,424,1,27,35.965,520.96,102.339,0.3276
mcw,424,1,28,35.91,521.27,97.5947,0.3027
mcw,424,1,29,35.885,521.555,92.1216,0.2702
mcw,424,1,30,35.885,521.82,87.7969,0.2602
mcw,424,1,31,35.91,522.105,82.6474,0.3126
mcw,424,1,32,35.965,522.415,77.2759,0.3178
mcw,424,1,33,36.05,522.73,72.6462,0.3353
mcw,424,1,34,36.17,523.03,63.4349,0.313
mcw,424,1,35,36.335,523.285,50.4394,0.2983
mcw,424,1,36,36.485,523.44,36.0288,0.136
mcw,424,1,37,36.6,523.515,30.2558,0.1389
mcw,424,1,38,36.73,523.57,15.9458,0.1456
mcw,424,1,39,36.87,523.6,8.1288,0.1414
mcw,425,0,0,26.185,530.365,154.2899,0.2997
mcw,425,0,1,25.905,530.48,160.9746,0.3068
mcw,425,0,2,25.61,530.555,170.5379,0.3041
mcw,425,0,3,25.31,530.59,176.1858,0.3007
mcw,425,0,4,25.035,530.595,2.2902,0.2502
mcw,425,0,5,24.785,530.57,9.0905,0.2532
mcw,425,0,6,24.54,530.525,11.7681,0.2452
mcw,425,0,7,24.31,530.46,19.9836,0.2341
mcw,425,0,8,24.09,530.365,26.5651,0.246
mcw,425,0,9,23.88,530.25,30.9634,0.2332
mcw,425,0,10,23.685,530.125,34.3808,0.2302
mcw,425,0,11,23.5,529.98,41.6335,0.2408
mcw,425,0,12,23.33,529.815,46.7354,0.2335
mcw,425,0,13,23.18,529.635,53.6161,0.236
mcw,425,0,14,23.045,529.44,56.9755,0.2385
mcw,425,0,15,22.93,529.23,65.5561,0.2417
mcw,425,0,16,22.835,529.005,68.6296,0.247
mcw,425,0,17,22.76,528.775,75.379,0.2377
mcw,425,0,18,22.71,528.535,80.9095,0.2532
mcw,425,0,19,22.685,528.28,87.7978,0.2602
mcw,425,0,20,22.685,528.025,92.2902,0.2502
mcw,425,0,21,22.71,527.78,99.4626,0.2433
mcw,425,0,22,22.76,527.54,104.0362,0.2474
mcw,425,0,23,22.835,527.31,112.2489,0.2377
mcw,425,0,24,22.93,527.095,115.4635,0.2326
mcw,425,0,25,23.04,526.89,120.9634,0.2332
mcw,425,0,26,23.17,526.7,127.8748,0.228
mcw,425,0,27,23.32,526.525,133.2646,0.2335
mcw,425,0,28,23.485,526.365,138.5761,0.2267
mcw,425,0,29,23.665,526.22,143.6158,0.236
mcw,425,0,30,23.86,526.09,149.0371,0.2332
mcw,425,0,31,24.065,525.98,154.5354,0.2326
mcw,425,0,32,24.285,525.895,163.0725,0.2404
mcw,425,0,33,24.515,525.83,165.3797,0.2377
mcw,425,0,34,24.75,525.78,170.5375,0.2433
mcw,425,0,35,24.99,525.755,177.6136,0.2402
mcw,425,0,36,25.265,525.76,3.6922,0.3106
mcw,425,0,37,25.58,525.8,10.6192,0.3256
mcw,425,0,38,25.89,525.88,18.4347,0.3162
mcw,425,0,39,26.18,526.0,26.5649,0.313
mcw,425,0,40,26.32,526.41,90.0,0.68
mcw,425,0,41,26.185,526.645,37.8748,0.3421
mcw,425,0,42,25.9,526.465,26.5653,0.3354
mcw,425,0,43,25.59,526.34,17.3538,0.3353
mcw,425,0,44,25.26,526.275,5.0422,0.3413
mcw,425,0,45,24.995,526.265,176.9866,0.1903
mcw,425,0,46,24.81,526.285,170.5381,0.1825
mcw,425,0,47,24.63,526.325,164.475,0.1868
mcw,425,0,48,24.455,526.38,160.5607,0.1803
mcw,425,0,49,24.215,526.5,149.8585,0.3585
mcw,425,0,50,23.93,526.71,137.2909,0.3538
mcw,425,0,51,23.69,526.97,128.1573,0.3561
mcw,425,0,52,23.5,527.275,115.8662,0.3667
mcw,425,0,53,23.39,527.525,109.4401,0.1803
mcw,425,0,54,23.335,527.7,105.5244,0.1868
mcw,425,0,55,23.3,527.885,96.0091,0.1911
mcw,425,0,56,23.285,528.075,93.0128,0.1903
mcw,425,0,57,23.285,528.265,86.9871,0.1903
mcw,425,0,58,23.3,528.455,83.9909,0.1911
mcw,425,0,59,23.335,528.64,74.4756,0.1868
mcw,425,0,60,23.39,528.82,71.5652,0.1897
mcw,425,0,61,23.5,529.075,64.1338,0.3667
mcw,425,0,62,23.69,529.38,51.8427,0.3561
mcw,425,0,63,23.935,529.64,41.6332,0.3612
mcw,425,0,64,24.225,529.85,30.1415,0.3585
mcw,425,0,65,24.465,529.97,19.4393,0.1803
mcw,425,0,66,24.64,530.025,15.525,0.1868
mcw,425,0,67,24.82,530.065,9.4619,0.1825
mcw,425,0,68,25.005,530.085,3.0134,0.1903
mcw,425,0,69,25.265,530.075,174.8051,0.3314
mcw,425,0,70,25.59,530.015,164.2913,0.3324
mcw,425,0,71,25.9,529.9,154.9831,0.3311
mcw,425,0,72,26.185,529.73,143.4716,0.336
mcw,425,0,73,26.32,529.965,90.0,0.67
mcw,426,0,0,28.885,529.92,0.0,1.09
mcw,426,0,1,29.43,530.175,90.0,0.51
mcw,426,0,2,28.035,530.43,0.0,2.79
mcw,426,0,3,26.64,530.175,90.0,0.51
mcw,426,0,4,27.19,529.92,0.0,1.1
mcw,426,0,5,27.74,527.88,90.0,4.08
mcw,426,0,6,28.04,525.84,0.0,0.6
mcw,426,0,7,28.34,527.88,90.0,4.08
mcw,427,0,0,32.955,526.435,114.0071,1.3027
mcw,427,0,1,33.53,525.84,0.0,0.62
mcw,427,0,2,32.735,528.255,114.5868,5.3116
mcw,427,0,3,30.525,528.255,65.4132,5.3116
mcw,427,0,4,29.73,525.84,0.0,0.62
mcw,427,0,5,30.305,526.435,65.9929,1.3027
mcw,427,0,6,31.63,527.03,0.0,2.12
mcw,427,1,0,31.63,527.54,0.0,1.64
mcw,427,1,1,31.22,528.475,66.3224,2.0419
mcw,427,1,2,32.04,528.475,113.6776,2.0419
mcw,428,0,0,36.57,530.175,90.0,0.51
mcw,428,0,1,35.44,530.43,0.0,2.26
mcw,428,0,2,34.31,528.135,90.0,4.59
mcw,428,0,3,34.605,525.84,0.0,0.59
mcw,428,0,4,34.9,526.985,90.0,2.29
mcw,428,0,5,35.705,528.13,0.0,1.61
mcw,428,0,6,36.51,528.385,90.0,0.51
mcw,428,0,7,35.705,528.64,0.0,1.61
mcw,428,0,8,34.9,529.28,90.0,1.28
mcw,428,0,9,35.735,529.92,0.0,1.67
mcw,429,0,0,38.3,528.185,66.5301,6.3776
mcw,429,0,1,37.245,525.16,155.0556,0.4742
mcw,429,0,2,38.735,528.01,66.6258,6.4275
mcw,429,0,3,39.79,531.035,161.1751,0.4649
mcw,430,0,0,40.65,528.98,90.0,2.9
mcw,430,0,1,40.655,527.435,93.0124,0.1903
mcw,430,0,2,40.67,527.25,96.3403,0.1811
mcw,430,0,3,40.7,527.07,102.5291,0.1844
mcw,430,0,4,40.745,526.9,107.3534,0.1676
mcw,430,0,5,40.84,526.665,114.3046,0.3401
mcw,430,0,6,41.01,526.38,127.5685,0.328
mcw,430,0,7,41.23,526.145,138.8144,0.3189
mcw,430,0,8,41.495,525.96,151.1129,0.3312
mcw,430,0,9,41.725,525.855,163.6117,0.1772
mcw,430,0,10,41.895,525.81,166.7593,0.1746
mcw,430,0,11,42.07,525.775,170.5379,0.1825
mcw,430,0,12,42.255,525.755,176.9866,0.1903
mcw,430,0,13,42.445,525.755,3.0135,0.1903
mcw,430,0,14,42.635,525.775,8.9722,0.1924
mcw,430,0,15,42.815,525.81,13.2409,0.1746
mcw,430,0,16,42.98,525.855,17.3525,0.1676
mcw,430,0,17,43.205,525.96,28.8871,0.3312
mcw,430,0,18,43.475,526.145,40.0301,0.3265
mcw,430,0,19,43.695,526.38,53.8422,0.322
mcw,430,0,20,43.865,526.665,64.1786,0.3444
mcw,430,0,21,43.965,526.9,72.6466,0.1676
mcw,430,0,22,44.01,527.07,77.4709,0.1844
mcw,430,0,23,44.04,527.25,83.6597,0.1811
mcw,430,0,24,44.055,527.435,86.9876,0.1903
mcw,430,0,25,44.06,528.98,90.0,2.9
mcw,430,0,26,43.76,530.43,0.0,0.6
mcw,430,0,27,43.46,529.075,90.0,2.71
mcw,430,0,28,43.455,527.58,87.9541,0.2802
mcw,430,0,29,43.43,527.31,81.2537,0.2631
mcw,430,0,30,43.375,527.055,74.3578,0.2596
mcw,430,0,31,43.29,526.82,65.5565,0.2417
mcw,430,0,32,43.165,526.615,51.7099,0.2421
mcw,430,0,33,42.995,526.45,36.3844,0.236
mcw,430,0,34,42.84,526.355,22.6182,0.13
mcw,430,0,35,42.715,526.31,17.103,0.136
mcw,430,0,36,42.58,526.28,8.1319,0.1414
mcw,430,0,37,42.43,526.265,3.5744,0.1603
mcw,430,0,38,42.275,526.265,176.1881,0.1503
mcw,430,0,39,42.125,526.28,172.4036,0.1513
mcw,430,0,40,41.985,526.31,162.897,0.136
mcw,430,0,41,41.865,526.355,155.5581,0.1208
mcw,430,0,42,41.715,526.45,143.6156,0.236
mcw,430,0,43,41.545,526.615,128.2901,0.2421
mcw,430,0,44,41.415,526.82,116.5651,0.246
mcw,430,0,45,41.33,527.055,103.4952,0.2571
mcw,430,0,46,41.28,527.31,98.7463,0.2631
mcw,430,0,47,41.255,527.58,92.0459,0.2802
mcw,430,0,48,41.25,529.075,90.0,2.71
mcw,430,0,49,40.95,530.43,0.0,0.6
mcw,431,0,0,45.205,525.84,0.0,0.59
mcw,431,0,1,45.5,527.57,90.0,3.46
mcw,431,0,2,47.205,527.475,133.053,4.9951
mcw,431,0,3,48.91,528.04,90.0,4.78
mcw,431,0,4,48.61,530.43,0.0,0.6
mcw,431,0,5,48.31,528.755,90.0,3.35
mcw,431,0,6,46.61,528.865,133.6028,4.93
mcw,431,0,7,44.91,528.245,90.0,4.81
mcw,432,0,0,50.09,530.43,0.0,0.6
mcw,432,0,1,49.79,528.135,90.0,4.59
mcw,432,0,2,50.09,525.84,0.0,0.6
mcw,432,0,3,50.39,528.135,90.0,4.59
mcw,433,0,0,54.535,530.365,154.2899,0.2997
mcw,433,0,1,54.255,530.48,160.9747,0.3068
mcw,433,0,2,53.96,530.555,170.5378,0.3041
mcw,433,0,3,53.66,530.59,176.1858,0.3007
mcw,433,0,4,53.385,530.595,2.2902,0.2502
mcw,433,0,5,53.135,530.57,9.0905,0.2532
mcw,433,0,6,52.89,530.525,11.768,0.2452
mcw,433,0,7,52.66,530.46,19.9837,0.2341
mcw,433,0,8,52.44,530.365,26.5651,0.246
mcw,433,0,9,52.23,530.25,30.9634,0.2332
mcw,433,0,10,52.035,530.125,34.3808,0.2302
mcw,433,0,11,51.85,529.98,41.6335,0.2408
mcw,433,0,12,51.68,529.815,46.7354,0.2335
mcw,433,0,13,51.53,529.635,53.6161,0.236
mcw,433,0,14,51.395,529.44,56.9755,0.2385
mcw,433,0,15,51.28,529.23,65.5565,0.2417
mcw,433,0,16,51.185,529.005,68.6296,0.247
mcw,433,0,17,51.11,528.775,75.3785,0.2377
mcw,433,0,18,51.06,528.535,80.9095,0.2532
mcw,433,0,19,51.035,528.28,87.7978,0.2602
mcw,433,0,20,51.035,528.025,92.2902,0.2502
mcw,433,0,21,51.06,527.78,99.4626,0.2433
mcw,433,0,22,51.11,527.54,104.0367,0.2474
mcw,433,0,23,51.18,527.31,109.9825,0.2341
mcw,433,0,24,51.275,527.095,117.6462,0.2371
mcw,433,0,25,51.39,526.89,120.963,0.2332
mcw,433,0,26,51.52,526.7,127.8748,0.228
mcw,433,0,27,51.67,526.525,133.2653,0.2335
mcw,433,0,28,51.835,526.365,138.5757,0.2267
mcw,433,0,29,52.015,526.22,143.6156,0.236
mcw,433,0,30,52.21,526.09,149.0374,0.2332
mcw,433,0,31,52.415,525.98,154.5352,0.2326
mcw,433,0,32,52.635,525.895,163.0728,0.2404
mcw,433,0,33,52.865,525.83,165.3797,0.2377
mcw,433,0,34,53.1,525.78,170.5374,0.2433
mcw,433,0,35,53.34,525.755,177.6136,0.2402
mcw,433,0,36,53.615,525.76,3.6922,0.3106
mcw,433,0,37,53.93,525.8,10.6192,0.3256
mcw,433,0,38,54.24,525.88,18.4345,0.3162
mcw,433,0,39,54.53,526.0,26.5651,0.313
mcw,433,0,40,54.67,526.41,90.0,0.68
mcw,433,0,41,54.535,526.645,37.8748,0.3421
mcw,433,0,42,54.25,526.465,26.5653,0.3354
mcw,433,0,43,53.94,526.34,17.3538,0.3353
mcw,433,0,44,53.61,526.275,5.0422,0.3413
mcw,433,0,45,53.345,526.265,176.9865,0.1903
mcw,433,0,46,53.16,526.285,170.5381,0.1825
mcw,433,0,47,52.98,526.325,164.475,0.1868
mcw,433,0,48,52.805,526.38,160.5609,0.1803
mcw,433,0,49,52.565,526.5,149.8584,0.3585
mcw,433,0,50,52.28,526.71,137.2911,0.3538
mcw,433,0,51,52.04,526.97,128.1575,0.3561
mcw,433,0,52,51.85,527.275,115.8662,0.3667
mcw,433,0,53,51.74,527.525,109.4395,0.1803
mcw,433,0,54,51.685,527.7,105.5239,0.1868
mcw,433,0,55,51.65,527.885,96.0091,0.1911
mcw,433,0,56,51.635,528.075,93.0134,0.1903
mcw,433,0,57,51.635,528.265,86.9865,0.1903
mcw,433,0,58,51.65,528.455,83.9909,0.1911
mcw,433,0,59,51.685,528.64,74.4761,0.1868
mcw,433,0,60,51.74,528.82,71.5658,0.1897
mcw,433,0,61,51.85,529.075,64.1338,0.3667
mcw,433,0,62,52.04,529.38,51.8425,0.3561
mcw,433,0,63,52.285,529.64,41.6332,0.3612
mcw,433,0,64,52.575,529.85,30.1413,0.3585
mcw,433,0,65,52.815,529.97,19.4395,0.1803
mcw,433,0,66,52.99,530.025,15.525,0.1868
mcw,433,0,67,53.17,530.065,9.4619,0.1825
mcw,433,0,68,53.355,530.085,3.0135,0.1903
mcw,433,0,69,53.615,530.075,174.8052,0.3314
mcw,433,0,70,53.94,530.015,164.2913,0.3324
mcw,433,0,71,54.25,529.9,154.9831,0.3311
mcw,433,0,72,54.535,529.73,143.4716,0.336
mcw,433,0,73,54.67,529.965,90.0,0.67
mcw,434,0,0,57.375,530.595,2.2902,0.2502
mcw,434,0,1,57.13,530.57,9.4625,0.2433
mcw,434,0,2,56.895,530.525,12.2646,0.2354
mcw,434,0,3,56.67,530.455,22.2493,0.2377
mcw,434,0,4,56.455,530.36,25.4635,0.2326
mcw,434,0,5,56.25,530.25,30.9639,0.2332
mcw,434,0,6,56.055,530.12,36.3839,0.236
mcw,434,0,7,55.875,529.975,41.4235,0.2267
mcw,434,0,8,55.71,529.815,46.7367,0.2335
mcw,434,0,9,55.56,529.635,53.615,0.236
mcw,434,0,10,55.43,529.44,59.0362,0.2332
mcw,434,0,11,55.315,529.235,62.3538,0.2371
mcw,434,0,12,55.22,529.015,70.8211,0.2435
mcw,434,0,13,55.15,528.785,75.379,0.2377
mcw,434,0,14,55.1,528.55,80.5383,0.2433
mcw,434,0,15,55.075,528.305,87.7089,0.2502
mcw,434,0,16,55.075,528.05,92.2031,0.2602
mcw,434,0,17,55.1,527.795,99.0896,0.2532
mcw,434,0,18,55.15,527.55,104.0367,0.2474
mcw,434,0,19,55.22,527.315,109.1783,0.2435
mcw,434,0,20,55.315,527.095,117.6462,0.2371
mcw,434,0,21,55.43,526.89,120.9647,0.2332
mcw,434,0,22,55.56,526.7,127.8748,0.228
mcw,434,0,23,55.71,526.525,133.2633,0.2335
mcw,434,0,24,55.875,526.36,136.7361,0.2334
mcw,434,0,25,56.055,526.215,145.6206,0.2302
mcw,434,0,26,56.25,526.09,149.0353,0.2332
mcw,434,0,27,56.455,525.98,154.5373,0.2326
mcw,434,0,28,56.67,525.89,160.0163,0.2341
mcw,434,0,29,56.895,525.825,167.7345,0.2354
mcw,434,0,30,57.13,525.78,170.5393,0.2433
mcw,434,0,31,57.375,525.755,177.7089,0.2502
mcw,434,0,32,57.62,525.755,2.3864,0.2402
mcw,434,0,33,57.86,525.78,9.4608,0.2433
mcw,434,0,34,58.095,525.825,12.2655,0.2354
mcw,434,0,35,58.32,525.89,19.9834,0.2341
mcw,434,0,36,58.54,525.98,24.4435,0.2417
mcw,434,0,37,58.75,526.09,30.9647,0.2332
mcw,434,0,38,58.94,526.215,35.837,0.222
mcw,434,0,39,59.12,526.36,41.6328,0.2408
mcw,434,0,40,59.285,526.525,48.577,0.2267
mcw,434,0,41,59.43,526.7,52.1252,0.228
mcw,434,0,42,59.565,526.89,56.9755,0.2385
mcw,434,0,43,59.68,527.095,64.5369,0.2326
mcw,434,0,44,59.77,527.315,70.8208,0.2435
mcw,434,0,45,59.84,527.55,75.9642,0.2474
mcw,434,0,46,59.89,527.795,80.9095,0.2532
mcw,434,0,47,59.915,528.05,87.7978,0.2602
mcw,434,0,48,59.915,528.305,92.2902,0.2502
mcw,434,0,49,59.89,528.55,99.4626,0.2433
mcw,434,0,50,59.84,528.785,104.6201,0.2377
mcw,434,0,51,59.77,529.015,109.1797,0.2435
mcw,434,0,52,59.675,529.235,117.6462,0.2371
mcw,434,0,53,59.56,529.44,120.963,0.2332
mcw,434,0,54,59.43,529.635,126.385,0.236
mcw,434,0,55,59.28,529.815,133.2633,0.2335
mcw,434,0,56,59.115,529.975,138.5771,0.2267
mcw,434,0,57,58.935,530.12,143.6156,0.236
mcw,434,0,58,58.74,530.25,149.0366,0.2332
mcw,434,0,59,58.535,530.36,154.536,0.2326
mcw,434,0,60,58.32,530.455,157.7511,0.2377
mcw,434,0,61,58.095,530.525,167.7354,0.2354
mcw,434,0,62,57.86,530.57,170.5374,0.2433
mcw,434,0,63,57.62,530.595,177.6145,0.2402
mcw,434,1,0,57.405,526.265,176.9888,0.1903
mcw,434,1,1,57.22,526.285,170.5381,0.1825
mcw,434,1,2,57.045,526.325,163.6097,0.1772
mcw,434,1,3,56.875,526.38,160.5605,0.1803
mcw,434,1,4,56.635,526.495,151.2595,0.3536
mcw,434,1,5,56.345,526.695,139.5745,0.3547
mcw,434,1,6,56.095,526.955,128.4179,0.3701
mcw,434,1,7,55.895,527.26,117.9792,0.3624
mcw,434,1,8,55.78,527.51,108.4353,0.1897
mcw,434,1,9,55.725,527.69,105.5239,0.1868
mcw,434,1,10,55.69,527.88,95.7108,0.201
mcw,434,1,11,55.675,528.08,92.863,0.2003
mcw,434,1,12,55.67,528.275,90.0,0.19
mcw,434,1,13,55.685,528.465,81.0267,0.1924
mcw,434,1,14,55.72,528.65,77.4709,0.1844
mcw,434,1,15,55.77,528.83,71.5658,0.1897
mcw,434,1,16,55.88,529.08,63.4349,0.3578
mcw,434,1,17,56.07,529.385,52.8152,0.364
mcw,434,1,18,56.31,529.645,41.4971,0.3471
mcw,434,1,19,56.6,529.85,29.3568,0.3671
mcw,434,1,20,56.845,529.97,19.4414,0.1803
mcw,434,1,21,57.02,530.025,15.5239,0.1868
mcw,434,1,22,57.205,530.065,8.9723,0.1924
mcw,434,1,23,57.4,530.085,2.863,0.2003
mcw,434,1,24,57.595,530.085,176.9865,0.1903
mcw,434,1,25,57.785,530.065,171.0278,0.1924
mcw,434,1,26,57.97,530.025,164.4761,0.1868
mcw,434,1,27,58.15,529.97,161.5636,0.1897
mcw,434,1,28,58.395,529.85,149.8594,0.3585
mcw,434,1,29,58.68,529.645,138.5034,0.3471
mcw,434,1,30,58.92,529.385,127.1843,0.364
mcw,434,1,31,59.11,529.08,116.5651,0.3578
mcw,434,1,32,59.22,528.83,108.4353,0.1897
mcw,434,1,33,59.27,528.65,102.5291,0.1844
mcw,434,1,34,59.305,528.465,98.9722,0.1924
mcw,434,1,35,59.325,528.275,93.0135,0.1903
mcw,434,1,36,59.325,528.08,87.137,0.2003
mcw,434,1,37,59.305,527.88,81.4694,0.2022
mcw,434,1,38,59.265,527.69,74.4761,0.1868
mcw,434,1,39,59.21,527.51,71.5647,0.1897
mcw,434,1,40,59.095,527.26,62.0202,0.3624
mcw,434,1,41,58.895,526.955,51.5821,0.3701
mcw,434,1,42,58.645,526.695,40.4255,0.3547
mcw,434,1,43,58.355,526.495,28.7408,0.3536
mcw,434,1,44,58.115,526.38,19.4391,0.1803
mcw,434,1,45,57.945,526.325,16.3907,0.1772
mcw,434,1,46,57.77,526.285,9.4619,0.1825
mcw,434,1,47,57.59,526.265,3.1781,0.1803
mcw,435,0,0,63.435,527.345,66.4554,3.4797
mcw,435,0,1,64.135,528.94,0.0,0.01
mcw,435,0,2,64.41,527.39,99.8814,3.1467
mcw,435,0,3,64.98,525.84,0.0,0.6
mcw,435,0,4,64.805,528.265,101.0825,4.9422
mcw,435,0,5,63.535,528.87,66.4036,3.9721
mcw,435,0,6,61.95,528.87,113.4641,3.9681
mcw,435,0,7,60.685,528.265,78.9175,4.9422
mcw,435,0,8,60.51,525.84,0.0,0.6
mcw,435,0,9,61.08,527.385,80.0872,3.1368
mcw,435,0,10,61.355,528.93,0.0,0.01
mcw,435,0,11,62.05,527.34,113.459,3.4665
mcw,436,0,0,24.04,534.365,90.0,4.09
mcw,436,0,1,24.295,532.32,0.0,0.51
mcw,436,0,2,24.55,534.62,90.0,4.6
mcw,436,0,3,24.055,536.92,0.0,0.99
mcw,436,0,4,23.4,536.665,57.8937,0.6021
mcw,436,0,5,23.64,536.41,0.0,0.8
mcw,437,0,0,28.29,533.78,51.7099,2.4207
mcw,437,0,1,29.11,534.84,57.5286,0.2608
mcw,437,0,2,29.23,535.065,66.5013,0.2508
mcw,437,0,3,29.31,535.31,77.0056,0.2668
mcw,437,0,4,29.35,535.57,85.6012,0.2608
mcw,437,0,5,29.345,535.845,95.9059,0.2915
mcw,437,0,6,29.29,536.125,106.5047,0.2816
mcw,437,0,7,29.185,536.38,118.443,0.2729
mcw,437,0,8,29.035,536.6,130.3644,0.2625
mcw,437,0,9,28.845,536.78,142.696,0.264
mcw,437,0,10,28.62,536.925,151.557,0.2729
mcw,437,0,11,28.365,537.025,165.4655,0.2789
mcw,437,0,12,28.085,537.075,174.0934,0.2915
mcw,437,0,13,27.79,537.075,5.7111,0.3015
mcw,437,0,14,27.505,537.025,14.5344,0.2789
mcw,437,0,15,27.25,536.93,26.5649,0.2683
mcw,437,0,16,27.03,536.795,36.8701,0.25
mcw,437,0,17,26.845,536.62,49.6356,0.2625
mcw,437,0,18,26.695,536.4,61.557,0.2729
mcw,437,0,19,26.58,536.145,69.6768,0.2879
mcw,437,0,20,26.505,535.86,80.5378,0.3041
mcw,437,0,21,26.765,535.71,0.0,0.57
mcw,437,0,22,27.065,535.8,80.5375,0.1825
mcw,437,0,23,27.11,535.97,69.4441,0.1709
mcw,437,0,24,27.18,536.125,61.9272,0.17
mcw,437,0,25,27.275,536.26,47.49,0.1628
mcw,437,0,26,27.395,536.375,40.2357,0.1703
mcw,437,0,27,27.535,536.47,28.0731,0.17
mcw,437,0,28,27.69,536.535,17.3538,0.1676
mcw,437,0,29,27.855,536.57,6.71,0.1712
mcw,437,0,30,28.03,536.57,173.6597,0.1811
mcw,437,0,31,28.205,536.535,163.6107,0.1772
mcw,437,0,32,28.365,536.465,149.0361,0.1749
mcw,437,0,33,28.51,536.365,141.8429,0.178
mcw,437,0,34,28.635,536.245,130.2358,0.1703
mcw,437,0,35,28.735,536.1,119.3578,0.1836
mcw,437,0,36,28.805,535.94,107.3544,0.1676
mcw,437,0,37,28.84,535.77,96.3397,0.1811
mcw,437,0,38,28.83,535.56,80.5378,0.2433
mcw,437,0,39,28.765,535.33,67.7511,0.2377
mcw,437,0,40,28.65,535.12,55.0082,0.2441
mcw,437,0,41,28.51,534.925,53.6152,0.236
mcw,437,0,42,27.43,533.575,51.1735,3.2219
mcw,437,0,43,27.89,532.32,0.0,2.94
mcw,437,0,44,29.36,532.575,90.0,0.51
mcw,437,0,45,28.45,532.83,0.0,1.82
mcw,438,0,0,31.595,532.245,2.7259,0.2102
mcw,438,0,1,31.795,532.275,14.7444,0.1965
mcw,438,0,2,31.98,532.34,23.9619,0.197
mcw,438,0,3,32.15,532.43,32.006,0.1887
mcw,438,0,4,32.305,532.54,38.6593,0.1921
mcw,438,0,5,32.44,532.675,51.34,0.1921
mcw,438,0,6,32.56,532.83,53.1303,0.2
mcw,438,0,7,32.67,533.0,60.9449,0.2059
mcw,438,0,8,32.795,533.28,68.4594,0.4085
mcw,438,0,9,32.925,533.67,74.6237,0.4149
mcw,438,0,10,33.0,533.97,78.6899,0.204
mcw,438,0,11,33.03,534.17,84.2892,0.201
mcw,438,0,12,33.05,534.37,84.2893,0.201
mcw,438,0,13,33.06,534.56,90.0,0.18
mcw,438,0,14,33.06,534.74,90.0,0.18
mcw,438,0,15,33.05,534.93,95.7107,0.201
mcw,438,0,16,33.03,535.13,95.7107,0.201
mcw,438,0,17,33.0,535.33,101.3104,0.204
mcw,438,0,18,32.93,535.635,103.7068,0.422
mcw,438,0,19,32.8,536.035,112.306,0.4215
mcw,438,0,20,32.67,536.315,120.4664,0.1972
mcw,438,0,21,32.565,536.485,122.9051,0.2025
mcw,438,0,22,32.445,536.64,132.8784,0.191
mcw,438,0,23,32.305,536.775,139.0865,0.1985
mcw,438,0,24,32.15,536.89,147.994,0.1887
mcw,438,0,25,31.985,536.98,154.7994,0.1879
mcw,438,0,26,31.8,537.045,165.963,0.2062
mcw,438,0,27,31.595,537.08,174.5606,0.2109
mcw,438,0,28,31.38,537.08,5.1936,0.2209
mcw,438,0,29,31.175,537.045,14.7444,0.1965
mcw,438,0,30,30.99,536.98,23.9619,0.197
mcw,438,0,31,30.82,536.89,32.006,0.1887
mcw,438,0,32,30.665,536.775,40.9139,0.1985
mcw,438,0,33,30.53,536.64,49.3984,0.1844
mcw,438,0,34,30.41,536.485,54.783,0.2081
mcw,438,0,35,30.3,536.315,59.5341,0.1972
mcw,438,0,36,30.175,536.035,68.9627,0.4179
mcw,438,0,37,30.045,535.635,74.9816,0.4245
mcw,438,0,38,29.97,535.33,78.6902,0.204
mcw,438,0,39,29.94,535.13,84.2893,0.201
mcw,438,0,40,29.925,534.93,87.1375,0.2003
mcw,438,0,41,29.915,534.74,86.8201,0.1803
mcw,438,0,42,29.915,534.56,93.1799,0.1803
mcw,438,0,43,29.925,534.37,92.8625,0.2003
mcw,438,0,44,29.945,534.17,98.5306,0.2022
mcw,438,0,45,29.975,533.97,98.5309,0.2022
mcw,438,0,46,30.045,533.67,105.3763,0.4149
mcw,438,0,47,30.175,533.28,111.5409,0.4085
mcw,438,0,48,30.3,533.0,119.0547,0.2059
mcw,438,0,49,30.41,532.83,126.8697,0.2
mcw,438,0,50,30.535,532.675,130.915,0.1985
mcw,438,0,51,30.67,532.54,139.3988,0.1844
mcw,438,0,52,30.82,532.43,147.994,0.1887
mcw,438,0,53,30.99,532.34,156.0381,0.197
mcw,438,0,54,31.175,532.275,165.2556,0.1965
mcw,438,0,55,31.38,532.245,177.3979,0.2202
mcw,438,1,0,31.56,536.57,171.8697,0.1414
mcw,438,1,1,31.7,536.54,164.0544,0.1456
mcw,438,1,2,31.83,536.485,149.7434,0.1389
mcw,438,1,3,31.945,536.41,143.9735,0.136
mcw,438,1,4,32.095,536.255,129.5595,0.2983
mcw,438,1,5,32.26,536.0,116.5647,0.3131
mcw,438,1,6,32.38,535.7,107.3544,0.3353
mcw,438,1,7,32.465,535.385,102.7244,0.3178
mcw,438,1,8,32.52,535.075,97.3525,0.3126
mcw,438,1,9,32.545,534.79,92.2022,0.2602
mcw,438,1,10,32.545,534.525,87.8792,0.2702
mcw,438,1,11,32.52,534.24,82.4053,0.3027
mcw,438,1,12,32.465,533.93,77.661,0.3276
mcw,438,1,13,32.38,533.615,72.1208,0.3257
mcw,438,1,14,32.26,533.32,63.4353,0.3131
mcw,438,1,15,32.095,533.065,50.4405,0.2983
mcw,438,1,16,31.945,532.91,36.0265,0.136
mcw,438,1,17,31.83,532.835,30.2566,0.1389
mcw,438,1,18,31.7,532.78,15.9456,0.1456
mcw,438,1,19,31.56,532.755,4.0865,0.1404
mcw,438,1,20,31.415,532.755,176.1851,0.1503
mcw,438,1,21,31.27,532.78,164.0544,0.1456
mcw,438,1,22,31.14,532.835,149.7434,0.1389
mcw,438,1,23,31.025,532.91,143.9735,0.136
mcw,438,1,24,30.875,533.065,129.5595,0.2983
mcw,438,1,25,30.71,533.32,116.5651,0.3131
mcw,438,1,26,30.59,533.615,107.8789,0.3257
mcw,438,1,27,30.505,533.93,102.339,0.3276
mcw,438,1,28,30.45,534.24,97.5944,0.3027
mcw,438,1,29,30.425,534.525,92.1212,0.2702
mcw,438,1,30,30.425,534.79,87.7974,0.2602
mcw,438,1,31,30.45,535.075,82.6478,0.3126
mcw,438,1,32,30.505,535.385,77.2756,0.3178
mcw,438,1,33,30.59,535.7,72.6459,0.3353
mcw,438,1,34,30.71,536.0,63.4349,0.3131
mcw,438,1,35,30.875,536.255,50.4405,0.2983
mcw,438,1,36,31.025,536.41,36.0265,0.136
mcw,438,1,37,31.14,536.485,30.2566,0.1389
mcw,438,1,38,31.27,536.54,15.9456,0.1456
mcw,438,1,39,31.415,536.57,7.5948,0.1513
mcw,439,0,0,34.14,532.905,12.0943,0.1432
mcw,439,0,1,34.02,532.85,38.6598,0.1281
mcw,439,0,2,33.93,532.76,51.3405,0.1281
mcw,439,0,3,33.88,532.645,81.2537,0.1315
mcw,439,0,4,33.88,532.51,98.1303,0.1414
mcw,439,0,5,33.93,532.39,128.6585,0.1281
mcw,439,0,6,34.02,532.3,141.3415,0.1281
mcw,439,0,7,34.14,532.25,171.8697,0.1414
mcw,439,0,8,34.275,532.25,8.7463,0.1315
mcw,439,0,9,34.395,532.3,36.0265,0.136
mcw,439,0,10,34.485,532.39,55.0087,0.1221
mcw,439,0,11,34.535,532.51,77.9057,0.1432
mcw,439,0,12,34.535,532.645,102.994,0.1334
mcw,439,0,13,34.485,532.76,124.9923,0.1221
mcw,439,0,14,34.395,532.85,143.9722,0.136
mcw,439,0,15,34.275,532.905,167.006,0.1334
mcw,440,0,0,36.965,534.53,0.0,0.21
mcw,440,0,1,37.165,534.515,171.0278,0.1924
mcw,440,0,2,37.34,534.465,156.3707,0.1746
mcw,440,0,3,37.49,534.38,144.4616,0.172
mcw,440,0,4,37.62,534.265,132.7089,0.1769
mcw,440,0,5,37.725,534.12,119.3578,0.1836
mcw,440,0,6,37.795,533.945,104.7434,0.1965
mcw,440,0,7,37.83,533.75,95.7107,0.201
mcw,440,0,8,37.83,533.555,83.9908,0.191
mcw,440,0,9,37.795,533.38,72.6462,0.1676
mcw,440,0,10,37.73,533.22,63.4355,0.1789
mcw,440,0,11,37.64,533.075,52.431,0.164
mcw,440,0,12,37.525,532.955,40.2363,0.1703
mcw,440,0,13,37.385,532.86,28.0723,0.17
mcw,440,0,14,37.225,532.79,19.4402,0.1803
mcw,440,0,15,37.05,532.755,3.1793,0.1803
mcw,440,0,16,36.875,532.755,176.6341,0.1703
mcw,440,0,17,36.715,532.78,165.0684,0.1552
mcw,440,0,18,36.565,532.83,158.1978,0.1616
mcw,440,0,19,36.425,532.9,148.3933,0.1526
mcw,440,0,20,36.305,532.995,135.0,0.1556
mcw,440,0,21,36.205,533.11,126.8702,0.15
mcw,440,0,22,36.13,533.245,111.8004,0.1616
mcw,440,0,23,36.08,533.4,104.0366,0.1649
mcw,440,0,24,35.78,533.48,0.0,0.56
mcw,440,0,25,35.52,533.345,98.4271,0.2729
mcw,440,0,26,35.59,533.085,111.8011,0.2693
mcw,440,0,27,35.705,532.855,121.7598,0.247
mcw,440,0,28,35.86,532.66,135.0,0.2546
mcw,440,0,29,36.055,532.5,146.3099,0.2524
mcw,440,0,30,36.275,532.375,154.4399,0.255
mcw,440,0,31,36.52,532.29,167.0052,0.2668
mcw,440,0,32,36.78,532.25,175.6012,0.2608
mcw,440,0,33,37.06,532.25,3.8142,0.3007
mcw,440,0,34,37.35,532.295,14.0361,0.2886
mcw,440,0,35,37.61,532.39,26.5651,0.2683
mcw,440,0,36,37.835,532.53,37.3042,0.264
mcw,440,0,37,38.025,532.71,49.6353,0.2625
mcw,440,0,38,38.175,532.925,60.5239,0.2642
mcw,440,0,39,38.28,533.18,74.0551,0.2912
mcw,440,0,40,38.335,533.47,84.2889,0.3015
mcw,440,0,41,38.345,533.71,93.1805,0.1803
mcw,440,0,42,38.325,533.89,99.4619,0.1825
mcw,440,0,43,38.29,534.06,104.0366,0.1649
mcw,440,0,44,38.235,534.22,113.6293,0.1746
mcw,440,0,45,38.16,534.37,119.7456,0.1612
mcw,440,0,46,38.065,534.505,130.2353,0.1703
mcw,440,0,47,37.945,534.625,139.7637,0.1703
mcw,440,0,48,37.805,534.73,146.3106,0.1803
mcw,440,0,49,37.845,534.88,41.0093,0.3048
mcw,440,0,50,38.045,535.1,54.6882,0.2941
mcw,440,0,51,38.16,535.29,66.8014,0.1523
mcw,440,0,52,38.21,535.435,75.0694,0.1552
mcw,440,0,53,38.245,535.59,79.3794,0.1628
mcw,440,0,54,38.26,535.755,90.0,0.17
mcw,440,0,55,38.25,535.975,94.2365,0.2707
mcw,440,0,56,38.205,536.235,105.6422,0.2596
mcw,440,0,57,38.11,536.465,119.7456,0.2419
mcw,440,0,58,37.97,536.66,131.6335,0.2408
mcw,440,0,59,37.795,536.825,141.7101,0.2421
mcw,440,0,60,37.59,536.95,155.5557,0.2417
mcw,440,0,61,37.36,537.035,163.7397,0.25
mcw,440,0,62,37.105,537.08,175.7635,0.2707
mcw,440,0,63,36.835,537.08,4.2365,0.2707
mcw,440,0,64,36.575,537.04,13.496,0.2571
mcw,440,0,65,36.34,536.965,22.2489,0.2377
mcw,440,0,66,36.14,536.855,35.8378,0.222
mcw,440,0,67,35.97,536.705,46.7354,0.2335
mcw,440,0,68,35.83,536.52,59.0366,0.2332
mcw,440,0,69,35.72,536.3,67.3803,0.26
mcw,440,0,70,35.64,536.05,77.0052,0.2668
mcw,440,0,71,35.895,535.92,0.0,0.57
mcw,440,0,72,36.2,535.99,74.0542,0.1456
mcw,440,0,73,36.245,536.125,68.9629,0.1393
mcw,440,0,74,36.305,536.245,57.5291,0.1304
mcw,440,0,75,36.385,536.35,48.0123,0.1345
mcw,440,0,76,36.485,536.435,32.4709,0.1304
mcw,440,0,77,36.6,536.5,26.5658,0.1342
mcw,440,0,78,36.73,536.545,12.0943,0.1432
mcw,440,0,79,36.875,536.57,7.5947,0.1513
mcw,440,0,80,37.035,536.57,173.2899,0.1712
mcw,440,0,81,37.195,536.54,165.0698,0.1552
mcw,440,0,82,37.34,536.485,153.4337,0.1565
mcw,440,0,83,37.465,536.405,140.7119,0.1421
mcw,440,0,84,37.57,536.3,129.8045,0.1562
mcw,440,0,85,37.655,536.175,118.3025,0.1476
mcw,440,0,86,37.715,536.03,107.3534,0.1676
mcw,440,0,87,37.745,535.87,93.5757,0.1603
mcw,440,0,88,37.74,535.69,84.2892,0.201
mcw,440,0,89,37.705,535.515,71.5655,0.1581
mcw,440,0,90,37.64,535.375,58.3933,0.1526
mcw,440,0,91,37.545,535.26,42.2731,0.1487
mcw,440,0,92,37.42,535.17,29.7456,0.1612
mcw,440,0,93,37.275,535.105,18.4345,0.1581
mcw,440,0,94,37.115,535.065,10.0075,0.1726
mcw,440,0,95,36.94,535.045,3.1806,0.1803
mcw,440,0,96,36.855,534.785,91.1231,0.5101
mcw,441,0,0,25.965,539.405,114.0072,1.3027
mcw,441,0,1,26.54,538.81,0.0,0.62
mcw,441,0,2,25.745,541.225,114.5868,5.3116
mcw,441,0,3,23.535,541.225,65.4132,5.3116
mcw,441,0,4,22.74,538.81,0.0,0.62
mcw,441,0,5,23.315,539.405,65.9928,1.3027
mcw,441,0,6,24.64,540.0,0.0,2.12
mcw,441,1,0,24.635,540.51,0.0,1.65
mcw,441,1,1,24.225,541.445,66.066,2.0459
mcw,441,1,2,25.05,541.445,113.6775,2.0419
mcw,442,0,0,29.835,542.975,126.2537,0.186
mcw,442,0,1,29.72,543.12,130.6012,0.1844
mcw,442,0,2,29.595,543.245,139.7637,0.1703
mcw,442,0,3,29.46,543.35,144.4626,0.172
mcw,442,0,4,29.31,543.435,156.3707,0.1746
mcw,442,0,5,29.145,543.5,160.5596,0.1803
mcw,442,0,6,28.97,543.545,170.5381,0.1825
mcw,442,0,7,28.785,543.565,176.9877,0.1903
mcw,442,0,8,28.56,543.56,4.398,0.2608
mcw,442,0,9,28.305,543.52,13.496,0.2571
mcw,442,0,10,28.065,543.445,21.3705,0.247
mcw,442,0,11,27.845,543.335,31.7598,0.247
mcw,442,0,12,27.655,543.185,44.9997,0.2404
mcw,442,0,13,27.505,542.995,58.2402,0.247
mcw,442,0,14,27.395,542.775,68.6296,0.247
mcw,442,0,15,27.335,542.525,83.66,0.2717
mcw,442,0,16,27.33,542.275,94.9698,0.2309
mcw,442,0,17,27.37,542.06,106.6993,0.2088
mcw,442,0,18,27.45,541.87,119.0547,0.2059
mcw,442,0,19,27.565,541.705,130.9139,0.1985
mcw,442,0,20,27.705,541.565,139.0853,0.1985
mcw,442,0,21,27.87,541.44,146.3102,0.2163
mcw,442,0,22,28.05,541.33,150.9458,0.2059
mcw,442,0,23,28.24,541.235,155.7723,0.2193
mcw,442,0,24,28.5,541.12,156.3707,0.3493
mcw,442,0,25,28.805,540.98,154.2301,0.322
mcw,442,0,26,29.075,540.82,144.2466,0.3081
mcw,442,0,27,29.25,540.675,132.2736,0.1487
mcw,442,0,28,29.34,540.555,121.6073,0.1526
mcw,442,0,29,29.405,540.41,107.3544,0.1676
mcw,442,0,30,29.44,540.24,96.3397,0.1811
mcw,442,0,31,29.44,540.06,83.6603,0.1811
mcw,442,0,32,29.405,539.885,73.6099,0.1772
mcw,442,0,33,29.345,539.72,66.3707,0.1746
mcw,442,0,34,29.26,539.575,52.4315,0.164
mcw,442,0,35,29.145,539.45,42.7093,0.1769
mcw,442,0,36,29.01,539.35,29.7452,0.1612
mcw,442,0,37,28.86,539.28,20.5565,0.1709
mcw,442,0,38,28.69,539.24,6.3391,0.1811
mcw,442,0,39,28.51,539.24,173.6608,0.1811
mcw,442,0,40,28.335,539.275,163.6095,0.1772
mcw,442,0,41,28.175,539.34,151.9283,0.17
mcw,442,0,42,28.035,539.43,142.4306,0.164
mcw,442,0,43,27.915,539.55,128.1575,0.178
mcw,442,0,44,27.815,539.695,120.9636,0.1749
mcw,442,0,45,27.745,539.855,106.3897,0.1772
mcw,442,0,46,27.71,540.035,96.0092,0.191
mcw,442,0,47,27.405,540.065,12.426,0.6042
mcw,442,0,48,27.14,539.865,102.5292,0.2766
mcw,442,0,49,27.22,539.605,111.8015,0.2693
mcw,442,0,50,27.34,539.37,122.4709,0.2608
mcw,442,0,51,27.5,539.17,135.0,0.2546
mcw,442,0,52,27.69,539.005,143.1297,0.25
mcw,442,0,53,27.91,538.87,153.4351,0.2683
mcw,442,0,54,28.155,538.775,164.3578,0.2596
mcw,442,0,55,28.415,538.73,175.7635,0.2707
mcw,442,0,56,28.7,538.735,5.7104,0.3015
mcw,442,0,57,28.99,538.785,14.0362,0.2886
mcw,442,0,58,29.255,538.885,27.4746,0.2818
mcw,442,0,59,29.49,539.03,36.0274,0.272
mcw,442,0,60,29.695,539.215,47.8622,0.2832
mcw,442,0,61,29.855,539.445,62.5254,0.2818
mcw,442,0,62,29.965,539.71,72.1812,0.2941
mcw,442,0,63,30.025,540.0,84.2896,0.3015
mcw,442,0,64,30.03,540.29,94.0857,0.2807
mcw,442,0,65,29.985,540.55,106.26,0.25
mcw,442,0,66,29.9,540.775,115.4635,0.2326
mcw,442,0,67,29.78,540.97,127.8748,0.228
mcw,442,0,68,29.625,541.14,136.7357,0.2335
mcw,442,0,69,29.44,541.29,145.0079,0.2441
mcw,442,0,70,29.23,541.42,151.3891,0.2506
mcw,442,0,71,29.0,541.53,157.3804,0.26
mcw,442,0,72,28.715,541.645,158.4984,0.3547
mcw,442,0,73,28.44,541.76,155.5563,0.2417
mcw,442,0,74,28.23,541.88,145.0082,0.2441
mcw,442,0,75,28.085,541.995,135.0,0.1273
mcw,442,0,76,28.005,542.09,124.9913,0.1221
mcw,442,0,77,27.95,542.2,108.4347,0.1265
mcw,442,0,78,27.92,542.325,98.7463,0.1315
mcw,442,0,79,27.92,542.465,82.4051,0.1513
mcw,442,0,80,27.955,542.605,68.9629,0.1393
mcw,442,0,81,28.02,542.725,53.9728,0.136
mcw,442,0,82,28.11,542.83,44.9995,0.1414
mcw,442,0,83,28.285,542.95,29.2487,0.2865
mcw,442,0,84,28.545,543.04,8.4271,0.2729
mcw,442,0,85,28.8,543.045,172.8753,0.2419
mcw,442,0,86,29.015,542.99,157.1657,0.2062
mcw,442,0,87,29.195,542.88,140.5277,0.2202
mcw,442,0,88,29.35,542.715,126.3848,0.236
mcw,442,0,89,29.655,542.76,30.7841,0.5471
mcw,443,0,0,32.645,543.565,2.2902,0.2502
mcw,443,0,1,32.405,543.54,9.866,0.2335
mcw,443,0,2,32.175,543.495,12.2646,0.2354
mcw,443,0,3,31.945,543.425,21.3705,0.247
mcw,443,0,4,31.725,543.33,25.464,0.2326
mcw,443,0,5,31.52,543.22,30.9634,0.2332
mcw,443,0,6,31.325,543.09,36.3842,0.236
mcw,443,0,7,31.145,542.945,41.4243,0.2267
mcw,443,0,8,30.98,542.785,46.7351,0.2335
mcw,443,0,9,30.83,542.605,53.6161,0.236
mcw,443,0,10,30.7,542.41,59.0357,0.2332
mcw,443,0,11,30.585,542.205,62.3546,0.2371
mcw,443,0,12,30.49,541.985,70.821,0.2435
mcw,443,0,13,30.42,541.755,75.3788,0.2377
mcw,443,0,14,30.37,541.52,80.5378,0.2433
mcw,443,0,15,30.345,541.275,87.7093,0.2502
mcw,443,0,16,30.345,541.02,92.2026,0.2602
mcw,443,0,17,30.37,540.765,99.0901,0.2532
mcw,443,0,18,30.42,540.52,104.0367,0.2474
mcw,443,0,19,30.49,540.285,109.1787,0.2435
mcw,443,0,20,30.585,540.065,117.6458,0.2371
mcw,443,0,21,30.7,539.86,120.9638,0.2332
mcw,443,0,22,30.83,539.67,127.8748,0.228
mcw,443,0,23,30.98,539.495,133.2649,0.2335
mcw,443,0,24,31.145,539.33,136.7354,0.2335
mcw,443,0,25,31.325,539.185,145.6195,0.2302
mcw,443,0,26,31.52,539.06,149.0366,0.2332
mcw,443,0,27,31.725,538.95,154.5369,0.2326
mcw,443,0,28,31.94,538.86,160.0164,0.2341
mcw,443,0,29,32.165,538.795,167.7354,0.2354
mcw,443,0,30,32.4,538.75,170.5375,0.2433
mcw,443,0,31,32.645,538.725,177.7098,0.2502
mcw,443,0,32,32.89,538.725,2.3855,0.2402
mcw,443,0,33,33.13,538.75,9.4626,0.2433
mcw,443,0,34,33.365,538.795,12.2646,0.2354
mcw,443,0,35,33.595,538.86,19.1795,0.2435
mcw,443,0,36,33.815,538.95,25.4627,0.2326
mcw,443,0,37,34.02,539.06,30.9639,0.2332
mcw,443,0,38,34.21,539.185,35.8378,0.222
mcw,443,0,39,34.39,539.33,41.6335,0.2408
mcw,443,0,40,34.555,539.495,48.5757,0.2267
mcw,443,0,41,34.7,539.67,52.1252,0.228
mcw,443,0,42,34.835,539.86,56.976,0.2385
mcw,443,0,43,34.95,540.065,64.5369,0.2326
mcw,443,0,44,35.04,540.285,70.8208,0.2435
mcw,443,0,45,35.11,540.52,75.9642,0.2474
mcw,443,0,46,35.16,540.765,80.9095,0.2532
mcw,443,0,47,35.185,541.02,87.7969,0.2602
mcw,443,0,48,35.185,541.275,92.2911,0.2502
mcw,443,0,49,35.16,541.52,99.4626,0.2433
mcw,443,0,50,35.11,541.755,104.6203,0.2377
mcw,443,0,51,35.04,541.985,109.1795,0.2435
mcw,443,0,52,34.945,542.205,117.6458,0.2371
mcw,443,0,53,34.83,542.41,120.9639,0.2332
mcw,443,0,54,34.7,542.605,126.3839,0.236
mcw,443,0,55,34.55,542.785,133.2646,0.2335
mcw,443,0,56,34.385,542.945,138.5764,0.2267
mcw,443,0,57,34.205,543.09,143.6156,0.236
mcw,443,0,58,34.01,543.22,149.0366,0.2332
mcw,443,0,59,33.805,543.33,154.536,0.2326
mcw,443,0,60,33.59,543.425,157.7511,0.2377
mcw,443,0,61,33.365,543.495,167.7354,0.2354
mcw,443,0,62,33.13,543.54,170.5374,0.2433
mcw,443,0,63,32.89,543.565,177.6145,0.2402
mcw,443,1,0,32.675,539.235,176.9877,0.1903
mcw,443,1,1,32.49,539.255,170.5369,0.1825
mcw,443,1,2,32.315,539.295,163.6109,0.1772
mcw,443,1,3,32.145,539.35,160.5594,0.1803
mcw,443,1,4,31.905,539.465,151.2606,0.3536
mcw,443,1,5,31.615,539.665,139.574,0.3547
mcw,443,1,6,31.365,539.925,128.4179,0.3701
mcw,443,1,7,31.165,540.23,117.9795,0.3624
mcw,443,1,8,31.05,540.48,108.4348,0.1897
mcw,443,1,9,30.995,540.66,105.5239,0.1868
mcw,443,1,10,30.96,540.85,95.7107,0.201
mcw,443,1,11,30.945,541.05,92.8625,0.2003
mcw,443,1,12,30.94,541.245,90.0,0.19
mcw,443,1,13,30.955,541.435,81.0271,0.1924
mcw,443,1,14,30.99,541.62,77.4715,0.1844
mcw,443,1,15,31.04,541.8,71.5652,0.1897
mcw,443,1,16,31.15,542.05,63.4349,0.3578
mcw,443,1,17,31.34,542.355,52.8152,0.364
mcw,443,1,18,31.58,542.615,41.4964,0.3471
mcw,443,1,19,31.87,542.82,29.358,0.3671
mcw,443,1,20,32.115,542.94,19.4402,0.1803
mcw,443,1,21,32.29,542.995,15.5239,0.1868
mcw,443,1,22,32.475,543.035,8.9723,0.1924
mcw,443,1,23,32.67,543.055,2.863,0.2003
mcw,443,1,24,32.865,543.055,176.9865,0.1903
mcw,443,1,25,33.055,543.035,171.0278,0.1924
mcw,443,1,26,33.245,542.995,165.2566,0.1965
mcw,443,1,27,33.425,542.94,160.5598,0.1803
mcw,443,1,28,33.665,542.82,149.8584,0.3585
mcw,443,1,29,33.955,542.615,139.574,0.3547
mcw,443,1,30,34.195,542.355,125.9095,0.3581
mcw,443,1,31,34.38,542.05,116.5651,0.3578
mcw,443,1,32,34.49,541.8,108.4353,0.1897
mcw,443,1,33,34.54,541.62,102.5291,0.1844
mcw,443,1,34,34.575,541.435,98.9723,0.1924
mcw,443,1,35,34.595,541.245,93.0135,0.1903
mcw,443,1,36,34.595,541.05,87.137,0.2003
mcw,443,1,37,34.575,540.85,81.4696,0.2022
mcw,443,1,38,34.535,540.66,74.4761,0.1868
mcw,443,1,39,34.48,540.48,71.5647,0.1897
mcw,443,1,40,34.365,540.23,62.0202,0.3624
mcw,443,1,41,34.165,539.925,51.5821,0.3701
mcw,443,1,42,33.915,539.665,40.426,0.3547
mcw,443,1,43,33.625,539.465,28.7397,0.3536
mcw,443,1,44,33.385,539.35,19.4402,0.1803
mcw,443,1,45,33.215,539.295,16.3895,0.1772
mcw,443,1,46,33.04,539.255,9.4631,0.1825
mcw,443,1,47,32.86,539.235,3.1793,0.1803
mcw,444,0,0,38.35,542.975,123.6894,0.1803
mcw,444,0,1,38.24,543.12,130.6021,0.1844
mcw,444,0,2,38.11,543.245,141.8425,0.178
mcw,444,0,3,37.97,543.35,144.4626,0.172
mcw,444,0,4,37.82,543.435,156.3707,0.1746
mcw,444,0,5,37.655,543.5,160.5598,0.1803
mcw,444,0,6,37.48,543.545,170.5379,0.1825
mcw,444,0,7,37.295,543.565,176.9878,0.1903
mcw,444,0,8,37.07,543.56,4.398,0.2608
mcw,444,0,9,36.82,543.52,14.0365,0.2474
mcw,444,0,10,36.58,543.445,20.5562,0.2563
mcw,444,0,11,36.36,543.335,33.024,0.2385
mcw,444,0,12,36.17,543.185,43.3631,0.2476
mcw,444,0,13,36.015,542.995,58.2402,0.247
mcw,444,0,14,35.905,542.775,68.6296,0.247
mcw,444,0,15,35.845,542.525,83.66,0.2717
mcw,444,0,16,35.84,542.275,94.9698,0.2309
mcw,444,0,17,35.88,542.06,106.6988,0.2088
mcw,444,0,18,35.96,541.87,119.0551,0.2059
mcw,444,0,19,36.075,541.705,130.9143,0.1985
mcw,444,0,20,36.22,541.565,140.9059,0.2062
mcw,444,0,21,36.385,541.44,144.7824,0.2081
mcw,444,0,22,36.565,541.33,152.2416,0.2147
mcw,444,0,23,36.755,541.235,154.6541,0.2102
mcw,444,0,24,37.01,541.12,156.3707,0.3493
mcw,444,0,25,37.315,540.98,154.2302,0.322
mcw,444,0,26,37.585,540.82,144.2466,0.3081
mcw,444,0,27,37.76,540.675,132.2731,0.1487
mcw,444,0,28,37.85,540.555,121.6079,0.1526
mcw,444,0,29,37.915,540.41,107.3538,0.1676
mcw,444,0,30,37.95,540.24,96.3403,0.1811
mcw,444,0,31,37.95,540.06,83.6597,0.1811
mcw,444,0,32,37.915,539.885,73.6105,0.1772
mcw,444,0,33,37.855,539.72,66.3695,0.1746
mcw,444,0,34,37.77,539.575,52.4321,0.164
mcw,444,0,35,37.66,539.45,45.0,0.1697
mcw,444,0,36,37.525,539.35,28.0728,0.17
mcw,444,0,37,37.37,539.28,20.5565,0.1709
mcw,444,0,38,37.2,539.24,6.3391,0.1811
mcw,444,0,39,37.02,539.24,173.6609,0.1811
mcw,444,0,40,36.845,539.275,163.6093,0.1772
mcw,444,0,41,36.685,539.34,151.9283,0.17
mcw,444,0,42,36.545,539.43,142.4302,0.164
mcw,444,0,43,36.425,539.55,128.1575,0.178
mcw,444,0,44,36.325,539.695,120.9642,0.1749
mcw,444,0,45,36.255,539.855,106.3891,0.1772
mcw,444,0,46,36.225,540.035,93.0135,0.1903
mcw,444,0,47,35.92,540.065,12.2253,0.6139
mcw,444,0,48,35.65,539.865,102.5285,0.2766
mcw,444,0,49,35.73,539.605,111.8019,0.2693
mcw,444,0,50,35.85,539.37,122.4709,0.2608
mcw,444,0,51,36.01,539.17,135.0,0.2546
mcw,444,0,52,36.2,539.005,143.1299,0.25
mcw,444,0,53,36.42,538.87,153.4349,0.2683
mcw,444,0,54,36.665,538.775,164.3578,0.2596
mcw,444,0,55,36.925,538.73,175.7635,0.2707
mcw,444,0,56,37.21,538.735,5.7104,0.3015
mcw,444,0,57,37.5,538.785,14.0361,0.2886
mcw,444,0,58,37.77,538.885,26.5654,0.2907
mcw,444,0,59,38.01,539.03,36.0272,0.272
mcw,444,0,60,38.21,539.215,49.3985,0.2766
mcw,444,0,61,38.37,539.445,60.7513,0.2865
mcw,444,0,62,38.48,539.71,74.0551,0.2912
mcw,444,0,63,38.535,540.0,84.2889,0.3015
mcw,444,0,64,38.54,540.29,94.0857,0.2807
mcw,444,0,65,38.495,540.55,106.26,0.25
mcw,444,0,66,38.41,540.775,115.464,0.2326
mcw,444,0,67,38.29,540.97,127.8748,0.228
mcw,444,0,68,38.135,541.14,136.7354,0.2335
mcw,444,0,69,37.95,541.29,145.0082,0.2441
mcw,444,0,70,37.74,541.42,151.3891,0.2506
mcw,444,0,71,37.51,541.53,157.3803,0.26
mcw,444,0,72,37.225,541.645,158.4985,0.3547
mcw,444,0,73,36.95,541.76,155.5565,0.2417
mcw,444,0,74,36.74,541.88,145.0077,0.2441
mcw,444,0,75,36.595,541.995,135.0,0.1273
mcw,444,0,76,36.515,542.09,124.9913,0.1221
mcw,444,0,77,36.46,542.2,108.4355,0.1265
mcw,444,0,78,36.43,542.325,98.7463,0.1315
mcw,444,0,79,36.43,542.465,82.4051,0.1513
mcw,444,0,80,36.465,542.605,68.9629,0.1393
mcw,444,0,81,36.53,542.725,53.9735,0.136
mcw,444,0,82,36.62,542.83,44.9989,0.1414
mcw,444,0,83,36.795,542.95,29.2487,0.2865
mcw,444,0,84,37.055,543.04,8.4271,0.2729
mcw,444,0,85,37.31,543.045,172.8752,0.2419
mcw,444,0,86,37.525,542.99,157.1661,0.2062
mcw,444,0,87,37.705,542.88,140.5274,0.2202
mcw,444,0,88,37.86,542.715,126.3844,0.236
mcw,444,0,89,38.165,542.76,30.784,0.5471
mcw,445,0,0,337.67,457.865,90.0,3.63
mcw,445,0,1,336.28,457.61,56.1187,4.9868
mcw,445,0,2,336.025,455.54,0.0,2.27
mcw,445,0,3,337.16,455.2,90.0,0.68
mcw,445,0,4,337.415,454.86,0.0,0.51
mcw,445,0,5,337.67,455.2,90.0,0.68
mcw,445,0,6,337.935,455.54,0.0,0.53
mcw,445,0,7,338.2,455.795,90.0,0.51
mcw,445,0,8,337.935,456.05,0.0,0.53
mcw,445,1,0,336.51,456.05,0.0,1.3
mcw,445,1,1,336.505,457.0,55.8253,2.2965
mcw,445,1,2,337.155,457.95,0.0,0.01
mcw,445,1,3,337.16,457.0,90.0,1.9
mcw,446,0,0,340.385,457.07,0.0,0.21
mcw,446,0,1,340.58,457.05,167.4748,0.1844
mcw,446,0,2,340.755,456.995,157.6157,0.1838
mcw,446,0,3,340.91,456.91,144.4635,0.1721
mcw,446,0,4,341.04,456.795,132.7105,0.1769
mcw,446,0,5,341.14,456.65,116.5607,0.1789
mcw,446,0,6,341.205,456.48,105.5301,0.1868
mcw,446,0,7,341.24,456.285,95.4372,0.211
mcw,446,0,8,341.245,456.09,86.8172,0.1803
mcw,446,0,9,341.215,455.915,73.6141,0.1772
mcw,446,0,10,341.15,455.755,61.9215,0.17
mcw,446,0,11,341.06,455.615,52.4392,0.164
mcw,446,0,12,340.945,455.495,40.2355,0.1703
mcw,446,0,13,340.805,455.4,28.074,0.17
mcw,446,0,14,340.645,455.33,19.4379,0.1803
mcw,446,0,15,340.465,455.295,3.0111,0.1903
mcw,446,0,16,340.29,455.295,176.4257,0.1603
mcw,446,0,17,340.135,455.32,165.065,0.1552
mcw,446,0,18,339.985,455.37,158.1986,0.1615
mcw,446,0,19,339.845,455.44,148.3929,0.1526
mcw,446,0,20,339.725,455.53,137.7251,0.1486
mcw,446,0,21,339.625,455.645,124.7021,0.1581
mcw,446,0,22,339.55,455.78,113.1978,0.1523
mcw,446,0,23,339.5,455.93,104.0285,0.1649
mcw,446,0,24,339.2,456.01,0.0,0.56
mcw,446,0,25,338.945,455.875,100.4888,0.2746
mcw,446,0,26,339.015,455.62,110.5548,0.2563
mcw,446,0,27,339.125,455.395,121.7615,0.247
mcw,446,0,28,339.28,455.2,134.9976,0.2546
mcw,446,0,29,339.475,455.04,146.309,0.2524
mcw,446,0,30,339.695,454.915,154.441,0.255
mcw,446,0,31,339.935,454.83,166.5048,0.2571
mcw,446,0,32,340.195,454.79,175.7658,0.2707
mcw,446,0,33,340.48,454.79,3.8118,0.3007
mcw,446,0,34,340.765,454.835,14.5365,0.2789
mcw,446,0,35,341.025,454.93,25.6401,0.2773
mcw,446,0,36,341.255,455.07,37.3057,0.264
mcw,446,0,37,341.445,455.245,48.1779,0.255
mcw,446,0,38,341.59,455.46,63.4349,0.2683
mcw,446,0,39,341.69,455.715,73.4926,0.2816
mcw,446,0,40,341.745,456.005,84.4726,0.3114
mcw,446,0,41,341.755,456.25,93.1828,0.1803
mcw,446,0,42,341.74,456.425,96.7063,0.1712
mcw,446,0,43,341.705,456.595,106.3954,0.1772
mcw,446,0,44,341.65,456.755,111.8014,0.1615
mcw,446,0,45,341.575,456.9,122.7343,0.1664
mcw,446,0,46,341.475,457.035,130.2315,0.1703
mcw,446,0,47,341.36,457.155,137.4955,0.1628
mcw,446,0,48,341.225,457.26,146.3072,0.1803
mcw,446,0,49,341.265,457.41,41.0073,0.3048
mcw,446,0,50,341.46,457.635,57.3802,0.2968
mcw,446,0,51,341.57,457.825,65.2266,0.1432
mcw,446,0,52,341.62,457.965,75.0758,0.1552
mcw,446,0,53,341.655,458.12,79.3704,0.1628
mcw,446,0,54,341.675,458.28,86.4308,0.1603
mcw,446,0,55,341.665,458.5,96.115,0.2816
mcw,446,0,56,341.615,458.76,106.2624,0.25
mcw,446,0,57,341.52,458.99,118.6093,0.2506
mcw,446,0,58,341.385,459.19,129.8032,0.2343
mcw,446,0,59,341.215,459.35,143.6161,0.236
mcw,446,0,60,341.01,459.475,153.4349,0.246
mcw,446,0,61,340.775,459.56,166.5048,0.2571
mcw,446,0,62,340.52,459.6,175.6039,0.2608
mcw,446,0,63,340.25,459.6,4.0834,0.2807
mcw,446,0,64,339.99,459.565,11.7695,0.2451
mcw,446,0,65,339.76,459.49,24.4452,0.2417
mcw,446,0,66,339.56,459.375,35.8366,0.222
mcw,446,0,67,339.39,459.23,45.0,0.2263
mcw,446,0,68,339.25,459.05,59.0369,0.2332
mcw,446,0,69,339.14,458.83,67.3794,0.26
mcw,446,0,70,339.065,458.575,79.5112,0.2746
mcw,446,0,71,339.32,458.44,0.0,0.56
mcw,446,0,72,339.62,458.515,75.0773,0.1552
mcw,446,0,73,339.665,458.655,68.9539,0.1393
mcw,446,0,74,339.725,458.775,57.5262,0.1304
mcw,446,0,75,339.805,458.875,45.0049,0.1273
mcw,446,0,76,339.905,458.96,36.0264,0.136
mcw,446,0,77,340.02,459.03,26.5709,0.1342
mcw,446,0,78,340.15,459.075,12.0931,0.1432
mcw,446,0,79,340.295,459.095,3.8121,0.1503
mcw,446,0,80,340.45,459.095,176.4257,0.1603
mcw,446,0,81,340.61,459.07,165.9612,0.1649
mcw,446,0,82,340.755,459.015,151.7029,0.1476
mcw,446,0,83,340.88,458.93,140.1916,0.1562
mcw,446,0,84,340.99,458.825,132.2753,0.1487
mcw,446,0,85,341.075,458.705,118.2947,0.1476
mcw,446,0,86,341.13,458.56,104.0388,0.1649
mcw,446,0,87,341.16,458.4,97.1317,0.1613
mcw,446,0,88,341.16,458.22,84.2838,0.201
mcw,446,0,89,341.125,458.045,71.5703,0.1581
mcw,446,0,90,341.055,457.905,55.3038,0.1581
mcw,446,0,91,340.955,457.79,42.2713,0.1487
mcw,446,0,92,340.835,457.7,31.6071,0.1526
mcw,446,0,93,340.69,457.635,17.3546,0.1676
mcw,446,0,94,340.525,457.6,6.7069,0.1712
mcw,446,0,95,340.35,457.585,3.1831,0.1803
mcw,446,0,96,340.27,457.325,92.2445,0.5104
mcw,447,0,0,343.465,459.415,9.6897,0.4159
mcw,447,0,1,343.095,459.27,33.6895,0.3966
mcw,447,0,2,342.825,458.995,57.5262,0.3912
mcw,447,0,3,342.68,458.62,79.2174,0.4275
mcw,447,0,4,342.68,458.205,101.039,0.4177
mcw,447,0,5,342.825,457.835,122.4738,0.3912
mcw,447,0,6,343.095,457.565,147.5269,0.3911
mcw,447,0,7,343.465,457.425,170.3124,0.4159
mcw,447,0,8,343.88,457.425,9.461,0.4258
mcw,447,0,9,344.255,457.565,32.4731,0.3911
mcw,447,0,10,344.53,457.835,56.3099,0.3966
mcw,447,0,11,344.675,458.205,80.3103,0.4159
mcw,447,0,12,344.675,458.62,99.4633,0.4258
mcw,447,0,13,344.53,458.995,123.6901,0.3966
mcw,447,0,14,344.255,459.27,146.3105,0.3966
mcw,447,0,15,343.88,459.415,170.537,0.4258
mcw,447,1,0,343.565,457.885,166.6062,0.2159
mcw,447,1,1,343.375,457.965,147.0967,0.2025
mcw,447,1,2,343.23,458.11,123.6901,0.2163
mcw,447,1,3,343.145,458.305,103.3889,0.2159
mcw,447,1,4,343.145,458.52,77.198,0.2256
mcw,447,1,5,343.23,458.72,56.3122,0.2163
mcw,447,1,6,343.375,458.87,35.2144,0.2081
mcw,447,1,7,343.565,458.955,13.3938,0.2159
mcw,447,1,8,343.78,458.955,167.195,0.2256
mcw,447,1,9,343.98,458.87,146.3099,0.2163
mcw,447,1,10,344.13,458.72,123.6878,0.2163
mcw,447,1,11,344.215,458.52,102.8096,0.2256
mcw,447,1,12,344.215,458.305,76.6032,0.2159
mcw,447,1,13,344.13,458.11,56.3099,0.2163
mcw,447,1,14,343.98,457.965,31.4307,0.2109
mcw,447,1,15,343.78,457.885,12.805,0.2256
mcw,448,0,0,346.72,456.895,90.0,4.07
mcw,448,0,1,346.975,454.86,0.0,0.51
mcw,448,0,2,347.23,457.15,90.0,4.58
mcw,448,0,3,346.735,459.44,0.0,0.99
mcw,448,0,4,346.08,459.185,57.8953,0.6021
mcw,448,0,5,346.32,458.93,0.0,0.8
mcw,449,0,0,350.785,454.785,2.7249,0.2102
mcw,449,0,1,350.99,454.815,14.0362,0.2062
mcw,449,0,2,351.18,454.88,23.9638,0.197
mcw,449,0,3,351.35,454.97,32.0064,0.1887
mcw,449,0,4,351.5,455.08,40.5972,0.1844
mcw,449,0,5,351.635,455.215,49.0901,0.1985
mcw,449,0,6,351.755,455.37,55.4882,0.1942
mcw,449,0,7,351.86,455.535,59.5327,0.1972
mcw,449,0,8,351.99,455.815,67.6933,0.4215
mcw,449,0,9,352.12,456.21,75.9674,0.4123
mcw,449,0,10,352.19,456.51,78.6875,0.204
mcw,449,0,11,352.22,456.71,84.2924,0.201
mcw,449,0,12,352.24,456.905,83.9852,0.1911
mcw,449,0,13,352.25,457.09,90.0,0.18
mcw,449,0,14,352.25,457.275,90.0,0.19
mcw,449,0,15,352.24,457.465,96.0148,0.1911
mcw,449,0,16,352.22,457.66,95.7076,0.201
mcw,449,0,17,352.19,457.86,101.3125,0.204
mcw,449,0,18,352.12,458.165,103.7036,0.422
mcw,449,0,19,351.99,458.56,112.8339,0.4123
mcw,449,0,20,351.86,458.84,119.0571,0.2059
mcw,449,0,21,351.755,459.015,122.9069,0.2025
mcw,449,0,22,351.635,459.17,132.8734,0.191
mcw,449,0,23,351.5,459.305,137.1264,0.1911
mcw,449,0,24,351.35,459.42,147.9936,0.1887
mcw,449,0,25,351.18,459.51,156.0362,0.197
mcw,449,0,26,350.995,459.575,165.2558,0.1965
mcw,449,0,27,350.79,459.605,177.3989,0.2202
mcw,449,0,28,350.575,459.605,2.7249,0.2102
mcw,449,0,29,350.37,459.575,14.0362,0.2062
mcw,449,0,30,350.185,459.51,25.2038,0.1879
mcw,449,0,31,350.02,459.42,32.0064,0.1887
mcw,449,0,32,349.865,459.305,40.9075,0.1985
mcw,449,0,33,349.725,459.17,47.1266,0.191
mcw,449,0,34,349.605,459.015,57.0931,0.2025
mcw,449,0,35,349.5,458.84,60.9429,0.2059
mcw,449,0,36,349.375,458.56,68.4601,0.4085
mcw,449,0,37,349.245,458.165,74.9837,0.4245
mcw,449,0,38,349.175,457.86,81.4694,0.2022
mcw,449,0,39,349.145,457.66,81.4694,0.2022
mcw,449,0,40,349.125,457.465,86.9843,0.1903
mcw,449,0,41,349.115,457.275,86.9843,0.1903
mcw,449,0,42,349.115,457.09,93.1831,0.1803
mcw,449,0,43,349.125,456.905,93.0157,0.1903
mcw,449,0,44,349.145,456.71,98.5306,0.2022
mcw,449,0,45,349.175,456.51,98.5306,0.2022
mcw,449,0,46,349.245,456.21,105.374,0.4149
mcw,449,0,47,349.375,455.815,111.0368,0.4178
mcw,449,0,48,349.5,455.535,120.4673,0.1972
mcw,449,0,49,349.61,455.37,126.8681,0.2
mcw,449,0,50,349.735,455.215,130.9166,0.1985
mcw,449,0,51,349.87,455.08,139.4028,0.1844
mcw,449,0,52,350.02,454.97,147.9936,0.1887
mcw,449,0,53,350.19,454.88,156.0362,0.197
mcw,449,0,54,350.375,454.815,165.2558,0.1965
mcw,449,0,55,350.575,454.785,177.2751,0.2102
mcw,449,1,0,350.755,459.095,176.1821,0.1503
mcw,449,1,1,350.9,459.07,164.0587,0.1456
mcw,449,1,2,351.03,459.015,149.7399,0.1389
mcw,449,1,3,351.145,458.94,143.9684,0.136
mcw,449,1,4,351.29,458.785,128.0511,0.2921
mcw,449,1,5,351.45,458.53,116.5626,0.313
mcw,449,1,6,351.575,458.235,109.5394,0.3289
mcw,449,1,7,351.66,457.92,100.619,0.3256
mcw,449,1,8,351.71,457.605,97.3484,0.3126
mcw,449,1,9,351.735,457.32,92.2048,0.2602
mcw,449,1,10,351.735,457.055,87.8769,0.2702
mcw,449,1,11,351.71,456.77,82.4096,0.3027
mcw,449,1,12,351.66,456.465,79.0463,0.3158
mcw,449,1,13,351.575,456.155,70.4606,0.3289
mcw,449,1,14,351.45,455.86,63.4374,0.313
mcw,449,1,15,351.29,455.605,51.9489,0.2921
mcw,449,1,16,351.145,455.45,36.0316,0.136
mcw,449,1,17,351.03,455.375,30.2601,0.1389
mcw,449,1,18,350.9,455.32,15.9413,0.1456
mcw,449,1,19,350.755,455.295,3.8179,0.1503
mcw,449,1,20,350.605,455.295,176.1821,0.1503
mcw,449,1,21,350.465,455.32,162.9006,0.136
mcw,449,1,22,350.34,455.375,149.7399,0.1389
mcw,449,1,23,350.225,455.45,143.9759,0.136
mcw,449,1,24,350.075,455.605,129.5606,0.2983
mcw,449,1,25,349.91,455.86,116.5626,0.313
mcw,449,1,26,349.79,456.155,107.8799,0.3257
mcw,449,1,27,349.705,456.465,102.7257,0.3178
mcw,449,1,28,349.65,456.77,97.5904,0.3027
mcw,449,1,29,349.625,457.055,92.1231,0.2702
mcw,449,1,30,349.625,457.32,87.7952,0.2602
mcw,449,1,31,349.65,457.605,82.6516,0.3126
mcw,449,1,32,349.705,457.92,77.6599,0.3276
mcw,449,1,33,349.79,458.235,72.1201,0.3257
mcw,449,1,34,349.91,458.53,63.4374,0.313
mcw,449,1,35,350.075,458.785,50.4394,0.2983
mcw,449,1,36,350.225,458.94,36.0241,0.136
mcw,449,1,37,350.34,459.015,30.2601,0.1389
mcw,449,1,38,350.465,459.07,17.0994,0.136
mcw,449,1,39,350.605,459.095,3.8179,0.1503
mcw,450,0,0,353.475,455.44,8.7477,0.1315
mcw,450,0,1,353.355,455.39,36.0316,0.136
mcw,450,0,2,353.265,455.295,57.5262,0.1304
mcw,450,0,3,353.215,455.18,75.9638,0.1237
mcw,450,0,4,353.215,455.05,102.0943,0.1432
mcw,450,0,5,353.265,454.93,124.9932,0.1221
mcw,450,0,6,353.355,454.84,143.9736,0.136
mcw,450,0,7,353.475,454.79,171.2523,0.1315
mcw,450,0,8,353.605,454.79,8.7477,0.1315
mcw,450,0,9,353.725,454.84,36.0264,0.136
mcw,450,0,10,353.815,454.93,55.0068,0.1221
mcw,450,0,11,353.865,455.05,77.9057,0.1432
mcw,450,0,12,353.865,455.18,104.0362,0.1237
mcw,450,0,13,353.815,455.295,122.4738,0.1304
mcw,450,0,14,353.725,455.39,143.9684,0.136
mcw,450,0,15,353.605,455.44,171.2523,0.1315
mcw,451,0,0,356.52,454.785,2.6011,0.2202
mcw,451,0,1,356.725,454.815,14.7442,0.1965
mcw,451,0,2,356.91,454.88,23.9638,0.197
mcw,451,0,3,357.08,454.97,32.0064,0.1887
mcw,451,0,4,357.23,455.08,40.5972,0.1844
mcw,451,0,5,357.365,455.215,49.0901,0.1985
mcw,451,0,6,357.485,455.37,55.4882,0.1942
mcw,451,0,7,357.59,455.535,59.5327,0.1972
mcw,451,0,8,357.72,455.815,67.6933,0.4215
mcw,451,0,9,357.85,456.21,75.9674,0.4123
mcw,451,0,10,357.92,456.51,78.6875,0.204
mcw,451,0,11,357.95,456.71,84.2924,0.201
mcw,451,0,12,357.97,456.905,83.9852,0.1911
mcw,451,0,13,357.98,457.09,90.0,0.18
mcw,451,0,14,357.98,457.275,90.0,0.19
mcw,451,0,15,357.97,457.465,96.0148,0.1911
mcw,451,0,16,357.95,457.66,95.7076,0.201
mcw,451,0,17,357.92,457.86,101.3125,0.204
mcw,451,0,18,357.85,458.165,103.7036,0.422
mcw,451,0,19,357.72,458.56,112.8339,0.4123
mcw,451,0,20,357.59,458.84,119.0571,0.2059
mcw,451,0,21,357.485,459.015,122.9069,0.2025
mcw,451,0,22,357.365,459.17,132.8734,0.191
mcw,451,0,23,357.23,459.305,137.1264,0.1911
mcw,451,0,24,357.08,459.42,147.9936,0.1887
mcw,451,0,25,356.91,459.51,156.0362,0.197
mcw,451,0,26,356.725,459.575,165.2558,0.1965
mcw,451,0,27,356.52,459.605,177.3989,0.2202
mcw,451,0,28,356.305,459.605,2.7249,0.2102
mcw,451,0,29,356.1,459.575,14.0362,0.2062
mcw,451,0,30,355.915,459.51,25.2038,0.1879
mcw,451,0,31,355.75,459.42,32.0064,0.1887
mcw,451,0,32,355.595,459.305,40.9075,0.1985
mcw,451,0,33,355.46,459.17,49.3997,0.1844
mcw,451,0,34,355.34,459.015,54.7856,0.2081
mcw,451,0,35,355.23,458.84,60.9429,0.2059
mcw,451,0,36,355.105,458.56,68.4601,0.4085
mcw,451,0,37,354.975,458.165,74.9837,0.4245
mcw,451,0,38,354.905,457.86,81.4694,0.2022
mcw,451,0,39,354.875,457.66,81.4694,0.2022
mcw,451,0,40,354.855,457.465,86.9843,0.1903
mcw,451,0,41,354.845,457.275,86.9843,0.1903
mcw,451,0,42,354.845,457.09,93.1831,0.1803
mcw,451,0,43,354.855,456.905,93.0157,0.1903
mcw,451,0,44,354.875,456.71,98.5306,0.2022
mcw,451,0,45,354.905,456.51,98.5306,0.2022
mcw,451,0,46,354.975,456.21,105.374,0.4149
mcw,451,0,47,355.11,455.815,112.3067,0.4215
mcw,451,0,48,355.235,455.535,117.8966,0.1924
mcw,451,0,49,355.34,455.37,126.8681,0.2
mcw,451,0,50,355.465,455.215,130.9166,0.1985
mcw,451,0,51,355.6,455.08,139.4028,0.1844
mcw,451,0,52,355.75,454.97,147.9936,0.1887
mcw,451,0,53,355.92,454.88,156.0362,0.197
mcw,451,0,54,356.105,454.815,165.2558,0.1965
mcw,451,0,55,356.305,454.785,177.2751,0.2102
mcw,451,1,0,356.485,459.095,176.1821,0.1503
mcw,451,1,1,356.63,459.07,164.0587,0.1456
mcw,451,1,2,356.76,459.015,149.7399,0.1389
mcw,451,1,3,356.875,458.94,143.9684,0.136
mcw,451,1,4,357.02,458.785,128.0511,0.2921
mcw,451,1,5,357.18,458.53,116.5626,0.313
mcw,451,1,6,357.305,458.235,109.5394,0.3289
mcw,451,1,7,357.39,457.92,100.619,0.3256
mcw,451,1,8,357.44,457.605,97.3484,0.3126
mcw,451,1,9,357.465,457.32,92.2048,0.2602
mcw,451,1,10,357.465,457.055,87.8769,0.2702
mcw,451,1,11,357.44,456.77,82.4096,0.3027
mcw,451,1,12,357.39,456.465,79.0463,0.3158
mcw,451,1,13,357.305,456.155,70.4606,0.3289
mcw,451,1,14,357.18,455.86,63.4374,0.313
mcw,451,1,15,357.02,455.605,51.9489,0.2921
mcw,451,1,16,356.875,455.45,36.0316,0.136
mcw,451,1,17,356.76,455.375,30.2601,0.1389
mcw,451,1,18,356.63,455.32,15.9413,0.1456
mcw,451,1,19,356.485,455.295,3.8179,0.1503
mcw,451,1,20,356.335,455.295,176.1821,0.1503
mcw,451,1,21,356.195,455.32,162.9006,0.136
mcw,451,1,22,356.07,455.375,149.7399,0.1389
mcw,451,1,23,355.955,455.45,143.9759,0.136
mcw,451,1,24,355.805,455.605,129.5606,0.2983
mcw,451,1,25,355.64,455.86,116.5626,0.313
mcw,451,1,26,355.52,456.155,107.8799,0.3257
mcw,451,1,27,355.435,456.465,102.7257,0.3178
mcw,451,1,28,355.38,456.77,97.5904,0.3027
mcw,451,1,29,355.355,457.055,92.1231,0.2702
mcw,451,1,30,355.355,457.32,87.7952,0.2602
mcw,451,1,31,355.38,457.605,82.6516,0.3126
mcw,451,1,32,355.435,457.92,77.6599,0.3276
mcw,451,1,33,355.52,458.235,72.1201,0.3257
mcw,451,1,34,355.64,458.53,63.4374,0.313
mcw,451,1,35,355.805,458.785,50.4394,0.2983
mcw,451,1,36,355.955,458.94,36.0241,0.136
mcw,451,1,37,356.07,459.015,30.2601,0.1389
mcw,451,1,38,356.195,459.07,17.0994,0.136
mcw,451,1,39,356.335,459.095,3.8179,0.1503
mcw,452,0,0,358.935,458.79,67.1819,1.7792
mcw,452,0,1,358.765,457.9,158.199,0.377
mcw,452,0,2,359.36,458.63,62.3007,1.8071
mcw,452,0,3,359.53,459.52,160.2019,0.5314
mcw,453,0,0,361.055,454.86,0.0,0.59
mcw,453,0,1,361.35,456.585,90.0,3.45
mcw,453,0,2,363.045,456.49,132.9634,4.9741
mcw,453,0,3,364.74,457.055,90.0,4.77
mcw,453,0,4,364.445,459.44,0.0,0.59
mcw,453,0,5,364.15,457.77,90.0,3.34
mcw,453,0,6,362.455,457.88,133.5989,4.9159
mcw,453,0,7,360.76,457.26,90.0,4.8
mcw,454,0,0,338.18,108.895,90.0,3.63
mcw,454,0,1,336.79,108.64,56.1188,4.9868
mcw,454,0,2,336.535,106.57,0.0,2.27
mcw,454,0,3,337.67,106.23,90.0,0.68
mcw,454,0,4,337.925,105.89,0.0,0.51
mcw,454,0,5,338.18,106.23,90.0,0.68
mcw,454,0,6,338.44,106.57,0.0,0.52
mcw,454,0,7,338.7,106.825,90.0,0.51
mcw,454,0,8,338.44,107.08,0.0,0.52
mcw,454,1,0,337.015,107.08,0.0,1.31
mcw,454,1,1,337.01,108.03,55.6192,2.3022
mcw,454,1,2,337.665,108.98,0.0,0.01
mcw,454,1,3,337.67,108.03,90.0,1.9
mcw,455,0,0,340.89,108.1,0.0,0.2
mcw,455,0,1,341.085,108.08,168.109,0.1942
mcw,455,0,2,341.26,108.025,156.3741,0.1746
mcw,455,0,3,341.41,107.94,144.4635,0.1721
mcw,455,0,4,341.54,107.825,132.7072,0.1769
mcw,455,0,5,341.645,107.685,120.9638,0.1749
mcw,455,0,6,341.715,107.515,104.7485,0.1965
mcw,455,0,7,341.75,107.32,95.7071,0.201
mcw,455,0,8,341.75,107.125,83.9943,0.1911
mcw,455,0,9,341.715,106.95,72.6404,0.1676
mcw,455,0,10,341.65,106.79,63.4393,0.1789
mcw,455,0,11,341.56,106.645,52.4243,0.164
mcw,455,0,12,341.445,106.525,40.2394,0.1703
mcw,455,0,13,341.305,106.43,28.0695,0.17
mcw,455,0,14,341.145,106.365,16.394,0.1772
mcw,455,0,15,340.97,106.33,6.337,0.1811
mcw,455,0,16,340.8,106.325,176.4203,0.1603
mcw,455,0,17,340.64,106.35,165.9715,0.1649
mcw,455,0,18,340.49,106.4,156.7999,0.1523
mcw,455,0,19,340.355,106.47,148.388,0.1527
mcw,455,0,20,340.235,106.565,135.0,0.1555
mcw,455,0,21,340.135,106.68,126.8722,0.15
mcw,455,0,22,340.055,106.815,115.0105,0.1655
mcw,455,0,23,340.0,106.97,104.0388,0.1649
mcw,455,0,24,339.705,107.05,0.0,0.55
mcw,455,0,25,339.45,106.915,98.4218,0.273
mcw,455,0,26,339.515,106.66,110.556,0.2563
mcw,455,0,27,339.63,106.43,122.4738,0.2608
mcw,455,0,28,339.785,106.235,134.9949,0.2404
mcw,455,0,29,339.975,106.075,144.4663,0.2581
mcw,455,0,30,340.2,105.95,157.3781,0.26
mcw,455,0,31,340.445,105.865,164.3627,0.2596
mcw,455,0,32,340.7,105.82,175.5972,0.2608
mcw,455,0,33,340.98,105.82,3.8179,0.3007
mcw,455,0,34,341.27,105.865,14.0318,0.2886
mcw,455,0,35,341.53,105.96,26.5709,0.2683
mcw,455,0,36,341.755,106.1,37.2964,0.264
mcw,455,0,37,341.945,106.28,49.64,0.2625
mcw,455,0,38,342.095,106.5,61.5552,0.2729
mcw,455,0,39,342.2,106.755,73.4934,0.2816
mcw,455,0,40,342.255,107.04,84.2894,0.3015
mcw,455,0,41,342.265,107.28,93.1831,0.1803
mcw,455,0,42,342.245,107.46,99.4607,0.1825
mcw,455,0,43,342.21,107.63,104.0414,0.1649
mcw,455,0,44,342.155,107.79,113.6311,0.1746
mcw,455,0,45,342.075,107.94,122.7314,0.1664
mcw,455,0,46,341.98,108.075,127.5608,0.164
mcw,455,0,47,341.865,108.195,139.7685,0.1703
mcw,455,0,48,341.725,108.295,149.0414,0.1749
mcw,455,0,49,341.765,108.44,41.0095,0.3048
mcw,455,0,50,341.965,108.665,55.7822,0.3023
mcw,455,0,51,342.08,108.86,66.7999,0.1523
mcw,455,0,52,342.13,109.005,75.0787,0.1553
mcw,455,0,53,342.16,109.155,82.3977,0.1513
mcw,455,0,54,342.175,109.315,86.6299,0.1703
mcw,455,0,55,342.17,109.535,94.2402,0.2708
mcw,455,0,56,342.12,109.795,107.7419,0.2625
mcw,455,0,57,342.025,110.025,117.6503,0.2371
mcw,455,0,58,341.89,110.22,131.6353,0.2408
mcw,455,0,59,341.715,110.385,141.7113,0.2421
mcw,455,0,60,341.51,110.51,155.5548,0.2417
mcw,455,0,61,341.28,110.595,163.7376,0.25
mcw,455,0,62,341.025,110.64,175.7658,0.2707
mcw,455,0,63,340.755,110.64,4.2338,0.2708
mcw,455,0,64,340.495,110.6,13.4952,0.2571
mcw,455,0,65,340.265,110.525,23.1986,0.2285
mcw,455,0,66,340.065,110.415,34.381,0.2302
mcw,455,0,67,339.895,110.265,48.5797,0.2267
mcw,455,0,68,339.755,110.08,56.9728,0.2385
mcw,455,0,69,339.645,109.865,68.6311,0.247
mcw,455,0,70,339.57,109.615,77.4712,0.2766
mcw,455,0,71,339.825,109.48,0.0,0.57
mcw,455,0,72,340.125,109.55,77.9044,0.1432
mcw,455,0,73,340.165,109.685,68.9679,0.1393
mcw,455,0,74,340.23,109.805,53.9707,0.136
mcw,455,0,75,340.315,109.91,48.007,0.1345
mcw,455,0,76,340.41,109.995,34.9932,0.1221
mcw,455,0,77,340.525,110.06,24.7786,0.1432
mcw,455,0,78,340.655,110.11,17.1056,0.136
mcw,455,0,79,340.795,110.135,3.8179,0.1503
mcw,455,0,80,340.955,110.13,173.2842,0.1712
mcw,455,0,81,341.115,110.1,165.0758,0.1552
mcw,455,0,82,341.26,110.045,153.4349,0.1565
mcw,455,0,83,341.385,109.965,140.708,0.1421
mcw,455,0,84,341.49,109.86,129.8084,0.1562
mcw,455,0,85,341.575,109.735,118.3024,0.1477
mcw,455,0,86,341.635,109.595,108.4315,0.1581
mcw,455,0,87,341.665,109.435,93.3695,0.1703
mcw,455,0,88,341.66,109.255,83.9852,0.1911
mcw,455,0,89,341.625,109.08,72.6503,0.1676
mcw,455,0,90,341.56,108.935,58.3978,0.1526
mcw,455,0,91,341.465,108.82,42.2626,0.1487
mcw,455,0,92,341.34,108.735,26.57,0.1565
mcw,455,0,93,341.195,108.675,18.4384,0.1581
mcw,455,0,94,341.035,108.635,10.0086,0.1726
mcw,455,0,95,340.86,108.615,3.1734,0.1803
mcw,455,0,96,340.78,108.355,92.2445,0.5104
mcw,456,0,0,343.97,110.45,10.7822,0.4276
mcw,456,0,1,343.6,110.3,34.5106,0.3883
mcw,456,0,2,343.33,110.03,55.4919,0.3883
mcw,456,0,3,343.185,109.66,80.537,0.4258
mcw,456,0,4,343.185,109.24,99.4637,0.4258
mcw,456,0,5,343.33,108.87,124.5081,0.3883
mcw,456,0,6,343.6,108.6,145.4894,0.3883
mcw,456,0,7,343.97,108.455,170.537,0.4258
mcw,456,0,8,344.39,108.455,9.463,0.4258
mcw,456,0,9,344.765,108.6,33.6913,0.3966
mcw,456,0,10,345.035,108.87,56.7268,0.3828
mcw,456,0,11,345.18,109.24,79.213,0.4275
mcw,456,0,12,345.18,109.66,100.7862,0.4276
mcw,456,0,13,345.035,110.03,123.2732,0.3828
mcw,456,0,14,344.765,110.3,146.3087,0.3966
mcw,456,0,15,344.39,110.45,169.2178,0.4276
mcw,456,1,0,344.075,108.92,169.213,0.2138
mcw,456,1,1,343.88,109.0,146.3144,0.2163
mcw,456,1,2,343.73,109.145,125.2192,0.2081
mcw,456,1,3,343.65,109.34,100.2993,0.2236
mcw,456,1,4,343.65,109.555,79.2226,0.2138
mcw,456,1,5,343.73,109.75,56.3099,0.2163
mcw,456,1,6,343.88,109.9,33.6856,0.2163
mcw,456,1,7,344.075,109.985,13.3899,0.2159
mcw,456,1,8,344.285,109.985,166.6101,0.2159
mcw,456,1,9,344.48,109.9,146.3144,0.2163
mcw,456,1,10,344.63,109.75,123.6901,0.2163
mcw,456,1,11,344.715,109.555,103.388,0.2159
mcw,456,1,12,344.715,109.34,77.1988,0.2256
mcw,456,1,13,344.63,109.145,54.7808,0.2081
mcw,456,1,14,344.48,109.0,33.6856,0.2163
mcw,456,1,15,344.285,108.92,10.787,0.2138
mcw,457,0,0,347.545,105.82,5.4376,0.2109
mcw,457,0,1,347.745,105.85,11.891,0.1942
mcw,457,0,2,347.93,105.91,23.9679,0.197
mcw,457,0,3,348.1,106.0,31.9985,0.1887
mcw,457,0,4,348.255,106.115,40.9108,0.1985
mcw,457,0,5,348.39,106.25,49.4028,0.1844
mcw,457,0,6,348.51,106.4,53.1319,0.2
mcw,457,0,7,348.62,106.57,60.9429,0.2059
mcw,457,0,8,348.745,106.85,68.4601,0.4085
mcw,457,0,9,348.875,107.24,74.6255,0.4148
mcw,457,0,10,348.945,107.54,81.4688,0.2022
mcw,457,0,11,348.975,107.74,81.4701,0.2022
mcw,457,0,12,348.995,107.935,86.9843,0.1903
mcw,457,0,13,349.005,108.125,86.9843,0.1903
mcw,457,0,14,349.005,108.31,93.1831,0.1803
mcw,457,0,15,348.995,108.495,93.0157,0.1903
mcw,457,0,16,348.98,108.69,95.7071,0.201
mcw,457,0,17,348.95,108.895,100.787,0.2138
mcw,457,0,18,348.875,109.2,105.3745,0.4148
mcw,457,0,19,348.745,109.595,111.036,0.4179
mcw,457,0,20,348.62,109.88,119.0571,0.2059
mcw,457,0,21,348.515,110.05,124.5118,0.1942
mcw,457,0,22,348.395,110.205,130.9099,0.1985
mcw,457,0,23,348.255,110.34,141.3459,0.1921
mcw,457,0,24,348.1,110.45,147.9936,0.1887
mcw,457,0,25,347.935,110.54,154.8004,0.1879
mcw,457,0,26,347.75,110.605,165.9596,0.2062
mcw,457,0,27,347.545,110.64,174.5624,0.2109
mcw,457,0,28,347.33,110.64,5.1916,0.2209
mcw,457,0,29,347.125,110.605,14.7485,0.1965
mcw,457,0,30,346.94,110.54,23.9598,0.197
mcw,457,0,31,346.77,110.45,32.0064,0.1887
mcw,457,0,32,346.62,110.34,40.5972,0.1844
mcw,457,0,33,346.485,110.205,49.0901,0.1985
mcw,457,0,34,346.365,110.05,55.4882,0.1942
mcw,457,0,35,346.26,109.88,60.9429,0.2059
mcw,457,0,36,346.13,109.595,67.6941,0.4216
mcw,457,0,37,346.0,109.2,75.9668,0.4123
mcw,457,0,38,345.93,108.895,79.213,0.2138
mcw,457,0,39,345.9,108.69,84.2929,0.201
mcw,457,0,40,345.88,108.495,83.9852,0.1911
mcw,457,0,41,345.87,108.31,90.0,0.18
mcw,457,0,42,345.87,108.125,90.0,0.19
mcw,457,0,43,345.88,107.935,96.0148,0.1911
mcw,457,0,44,345.9,107.74,95.7071,0.201
mcw,457,0,45,345.93,107.54,101.3133,0.2039
mcw,457,0,46,346.0,107.24,104.0332,0.4123
mcw,457,0,47,346.13,106.85,112.8339,0.4123
mcw,457,0,48,346.26,106.57,119.0571,0.2059
mcw,457,0,49,346.365,106.4,124.5118,0.1942
mcw,457,0,50,346.485,106.25,132.8703,0.191
mcw,457,0,51,346.62,106.115,137.123,0.1911
mcw,457,0,52,346.775,106.0,149.5425,0.1972
mcw,457,0,53,346.945,105.91,154.7919,0.1879
mcw,457,0,54,347.13,105.85,168.6884,0.204
mcw,457,0,55,347.335,105.82,174.5624,0.2109
mcw,457,1,0,347.515,110.13,172.4092,0.1513
mcw,457,1,1,347.655,110.1,162.8944,0.136
mcw,457,1,2,347.78,110.05,153.4349,0.1342
mcw,457,1,3,347.895,109.975,140.7158,0.1421
mcw,457,1,4,348.045,109.815,129.5624,0.2983
mcw,457,1,5,348.21,109.56,116.5601,0.3131
mcw,457,1,6,348.33,109.265,107.8799,0.3257
mcw,457,1,7,348.415,108.95,102.3412,0.3275
mcw,457,1,8,348.47,108.64,97.5901,0.3027
mcw,457,1,9,348.495,108.355,92.1233,0.2702
mcw,457,1,10,348.495,108.09,87.7953,0.2602
mcw,457,1,11,348.47,107.81,82.4092,0.3026
mcw,457,1,12,348.415,107.5,77.6599,0.3276
mcw,457,1,13,348.33,107.185,72.1201,0.3257
mcw,457,1,14,348.21,106.89,63.4374,0.313
mcw,457,1,15,348.045,106.64,49.1847,0.2907
mcw,457,1,16,347.895,106.485,39.2842,0.1421
mcw,457,1,17,347.78,106.405,30.2601,0.1389
mcw,457,1,18,347.655,106.35,17.1056,0.136
mcw,457,1,19,347.515,106.325,3.8063,0.1503
mcw,457,1,20,347.365,106.325,176.1937,0.1503
mcw,457,1,21,347.22,106.35,164.053,0.1456
mcw,457,1,22,347.09,106.405,149.7399,0.1389
mcw,457,1,23,346.975,106.485,140.708,0.1421
mcw,457,1,24,346.83,106.64,129.2929,0.2843
mcw,457,1,25,346.67,106.89,116.5626,0.313
mcw,457,1,26,346.545,107.185,109.5394,0.3289
mcw,457,1,27,346.46,107.5,100.619,0.3256
mcw,457,1,28,346.41,107.81,97.5908,0.3026
mcw,457,1,29,346.385,108.09,92.2047,0.2602
mcw,457,1,30,346.385,108.355,87.8767,0.2702
mcw,457,1,31,346.41,108.64,82.4099,0.3027
mcw,457,1,32,346.46,108.95,79.38,0.3256
mcw,457,1,33,346.545,109.265,70.4606,0.3289
mcw,457,1,34,346.67,109.56,63.4399,0.3131
mcw,457,1,35,346.83,109.815,51.947,0.2921
mcw,457,1,36,346.975,109.975,39.292,0.1421
mcw,457,1,37,347.09,110.05,26.5651,0.1342
mcw,457,1,38,347.22,110.1,15.947,0.1456
mcw,457,1,39,347.365,110.13,7.5908,0.1513
mcw,458,0,0,351.51,106.87,53.6525,2.6321
mcw,458,0,1,352.38,108.075,58.1744,0.3413
mcw,458,0,2,352.545,108.37,63.4303,0.3354
mcw,458,0,3,352.65,108.595,68.1986,0.1615
mcw,458,0,4,352.7,108.75,75.9715,0.1649
mcw,458,0,5,352.735,108.915,79.9932,0.1726
mcw,458,0,6,352.755,109.085,86.6299,0.1703
mcw,458,0,7,352.745,109.32,95.71,0.3015
mcw,458,0,8,352.685,109.61,107.8183,0.2941
mcw,458,0,9,352.565,109.875,120.9627,0.2915
mcw,458,0,10,352.4,110.11,129.2929,0.2843
mcw,458,0,11,352.2,110.31,140.7119,0.2842
mcw,458,0,12,351.96,110.465,153.4323,0.2907
mcw,458,0,13,351.695,110.575,161.567,0.2846
mcw,458,0,14,351.415,110.635,174.0937,0.2915
mcw,458,0,15,351.115,110.635,5.5274,0.3114
mcw,458,0,16,350.82,110.575,17.8183,0.2941
mcw,458,0,17,350.555,110.46,29.2514,0.2865
mcw,458,0,18,350.32,110.3,39.2881,0.2842
mcw,458,0,19,350.12,110.095,51.947,0.2921
mcw,458,0,20,349.965,109.85,63.4403,0.2907
mcw,458,0,21,349.86,109.58,74.0513,0.2912
mcw,458,0,22,349.805,109.28,84.6445,0.3214
mcw,458,0,23,349.8,108.985,94.2342,0.2707
mcw,458,0,24,349.845,108.72,105.0695,0.2693
mcw,458,0,25,349.94,108.465,115.6401,0.2773
mcw,458,0,26,350.075,108.23,124.2911,0.2663
mcw,458,0,27,350.245,108.03,136.5451,0.2617
mcw,458,0,28,350.45,107.87,147.5262,0.2608
mcw,458,0,29,350.685,107.755,160.2019,0.2657
mcw,458,0,30,350.945,107.695,173.6605,0.2717
mcw,458,0,31,351.195,107.685,2.4922,0.2302
mcw,458,0,32,351.42,107.73,19.9799,0.2341
mcw,458,0,33,351.535,107.76,116.6,0.0224
mcw,458,0,34,350.925,106.94,52.7917,2.034
mcw,458,0,35,350.52,105.97,142.6963,0.528
mcw,458,1,0,351.18,108.195,176.8175,0.1803
mcw,458,1,1,351.005,108.23,160.5589,0.1803
mcw,458,1,2,350.835,108.305,152.1056,0.1924
mcw,458,1,3,350.675,108.41,141.3402,0.1921
mcw,458,1,4,350.54,108.54,130.6034,0.1844
mcw,458,1,5,350.43,108.69,122.0064,0.1887
mcw,458,1,6,350.35,108.865,107.5247,0.1993
mcw,458,1,7,350.31,109.06,95.7071,0.201
mcw,458,1,8,350.31,109.26,84.292,0.201
mcw,458,1,9,350.35,109.45,71.568,0.1898
mcw,458,1,10,350.425,109.62,60.6438,0.1836
mcw,458,1,11,350.535,109.775,49.0834,0.1985
mcw,458,1,12,350.675,109.91,38.6598,0.1921
mcw,458,1,13,350.835,110.015,27.8944,0.1924
mcw,458,1,14,351.015,110.09,17.5247,0.1993
mcw,458,1,15,351.21,110.13,5.708,0.201
mcw,458,1,16,351.4,110.13,173.6641,0.1811
mcw,458,1,17,351.58,110.09,161.5651,0.1897
mcw,458,1,18,351.75,110.01,147.9936,0.1887
mcw,458,1,19,351.9,109.9,139.3966,0.1844
mcw,458,1,20,352.025,109.765,126.2589,0.186
mcw,458,1,21,352.125,109.605,117.8944,0.1924
mcw,458,1,22,352.2,109.435,109.4411,0.1803
mcw,458,1,23,352.24,109.255,96.0057,0.1911
mcw,458,1,24,352.24,109.065,83.9943,0.1911
mcw,458,1,25,352.205,108.885,73.6155,0.1772
mcw,458,1,26,352.135,108.715,62.0933,0.1924
mcw,458,1,27,352.035,108.555,53.7487,0.186
mcw,458,1,28,351.91,108.42,40.6044,0.1844
mcw,458,1,29,351.755,108.315,27.8987,0.1923
mcw,458,1,30,351.575,108.24,17.5247,0.1993
mcw,458,1,31,351.375,108.2,5.4376,0.2109
mcw,459,0,0,353.975,106.475,12.9936,0.1334
mcw,459,0,1,353.855,106.425,32.4774,0.1304
mcw,459,0,2,353.765,106.335,57.5226,0.1304
mcw,459,0,3,353.715,106.215,77.0064,0.1334
mcw,459,0,4,353.715,106.085,102.9936,0.1334
mcw,459,0,5,353.765,105.965,122.4774,0.1304
mcw,459,0,6,353.855,105.875,147.5226,0.1304
mcw,459,0,7,353.975,105.825,167.0064,0.1334
mcw,459,0,8,354.11,105.825,12.0931,0.1432
mcw,459,0,9,354.23,105.875,35.0014,0.122
mcw,459,0,10,354.32,105.965,53.9632,0.136
mcw,459,0,11,354.37,106.085,81.2589,0.1315
mcw,459,0,12,354.37,106.215,98.7411,0.1315
mcw,459,0,13,354.32,106.335,126.0368,0.136
mcw,459,0,14,354.23,106.425,144.9986,0.122
mcw,459,0,15,354.11,106.475,167.9069,0.1432
mcw,460,0,0,357.025,105.82,5.4376,0.2109
mcw,460,0,1,357.225,105.85,11.891,0.1942
mcw,460,0,2,357.41,105.91,23.9679,0.197
mcw,460,0,3,357.58,106.0,31.9985,0.1887
mcw,460,0,4,357.73,106.115,42.877,0.1911
mcw,460,0,5,357.865,106.25,47.123,0.1911
mcw,460,0,6,357.99,106.4,53.1319,0.2
mcw,460,0,7,358.095,106.57,63.4349,0.2012
mcw,460,0,8,358.22,106.85,67.1661,0.4123
mcw,460,0,9,358.355,107.24,74.6255,0.4148
mcw,460,0,10,358.425,107.54,81.4688,0.2022
mcw,460,0,11,358.455,107.74,81.4701,0.2022
mcw,460,0,12,358.475,107.935,86.9843,0.1903
mcw,460,0,13,358.485,108.125,86.9843,0.1903
mcw,460,0,14,358.485,108.31,93.1831,0.1803
mcw,460,0,15,358.475,108.495,93.0157,0.1903
mcw,460,0,16,358.455,108.69,98.5299,0.2022
mcw,460,0,17,358.425,108.895,98.1301,0.2121
mcw,460,0,18,358.355,109.2,105.3745,0.4148
mcw,460,0,19,358.225,109.595,111.036,0.4179
mcw,460,0,20,358.1,109.88,119.0571,0.2059
mcw,460,0,21,357.995,110.05,124.5118,0.1942
mcw,460,0,22,357.875,110.205,130.9099,0.1985
mcw,460,0,23,357.735,110.34,141.3459,0.1921
mcw,460,0,24,357.58,110.45,147.9936,0.1887
mcw,460,0,25,357.415,110.54,154.8004,0.1879
mcw,460,0,26,357.23,110.605,165.9596,0.2062
mcw,460,0,27,357.025,110.64,174.5624,0.2109
mcw,460,0,28,356.81,110.64,5.1916,0.2209
mcw,460,0,29,356.605,110.605,14.7485,0.1965
mcw,460,0,30,356.42,110.54,23.9598,0.197
mcw,460,0,31,356.25,110.45,32.0064,0.1887
mcw,460,0,32,356.1,110.34,40.5972,0.1844
mcw,460,0,33,355.965,110.205,49.0901,0.1985
mcw,460,0,34,355.845,110.05,55.4882,0.1942
mcw,460,0,35,355.74,109.88,60.9429,0.2059
mcw,460,0,36,355.61,109.595,67.6941,0.4216
mcw,460,0,37,355.48,109.2,75.9668,0.4123
mcw,460,0,38,355.41,108.895,79.213,0.2138
mcw,460,0,39,355.38,108.69,84.2929,0.201
mcw,460,0,40,355.36,108.495,83.9852,0.1911
mcw,460,0,41,355.35,108.31,90.0,0.18
mcw,460,0,42,355.35,108.125,90.0,0.19
mcw,460,0,43,355.36,107.935,96.0148,0.1911
mcw,460,0,44,355.38,107.74,95.7071,0.201
mcw,460,0,45,355.41,107.54,101.3133,0.2039
mcw,460,0,46,355.48,107.24,104.0332,0.4123
mcw,460,0,47,355.61,106.85,112.8339,0.4123
mcw,460,0,48,355.74,106.57,119.0571,0.2059
mcw,460,0,49,355.845,106.4,124.5118,0.1942
mcw,460,0,50,355.965,106.25,132.8703,0.191
mcw,460,0,51,356.1,106.115,137.123,0.1911
mcw,460,0,52,356.25,106.0,148.0015,0.1887
mcw,460,0,53,356.42,105.91,156.0321,0.197
mcw,460,0,54,356.61,105.85,168.6884,0.204
mcw,460,0,55,356.815,105.82,174.5624,0.2109
mcw,460,1,0,356.995,110.13,172.4092,0.1513
mcw,460,1,1,357.135,110.1,162.8944,0.136
mcw,460,1,2,357.26,110.05,153.4349,0.1342
mcw,460,1,3,357.375,109.975,140.7158,0.1421
mcw,460,1,4,357.525,109.815,129.5624,0.2983
mcw,460,1,5,357.69,109.56,116.5601,0.3131
mcw,460,1,6,357.81,109.265,107.8799,0.3257
mcw,460,1,7,357.895,108.95,102.3412,0.3275
mcw,460,1,8,357.95,108.64,97.5901,0.3027
mcw,460,1,9,357.975,108.355,92.1233,0.2702
mcw,460,1,10,357.975,108.09,87.7953,0.2602
mcw,460,1,11,357.95,107.81,82.4092,0.3026
mcw,460,1,12,357.895,107.5,77.6599,0.3276
mcw,460,1,13,357.81,107.185,72.1201,0.3257
mcw,460,1,14,357.69,106.89,63.4374,0.313
mcw,460,1,15,357.525,106.64,49.1847,0.2907
mcw,460,1,16,357.375,106.485,39.2842,0.1421
mcw,460,1,17,357.26,106.405,30.2601,0.1389
mcw,460,1,18,357.135,106.35,17.1056,0.136
mcw,460,1,19,356.995,106.325,3.8063,0.1503
mcw,460,1,20,356.845,106.325,176.1937,0.1503
mcw,460,1,21,356.7,106.35,164.053,0.1456
mcw,460,1,22,356.57,106.405,149.7399,0.1389
mcw,460,1,23,356.455,106.485,140.708,0.1421
mcw,460,1,24,356.31,106.64,129.2929,0.2843
mcw,460,1,25,356.15,106.89,116.5626,0.313
mcw,460,1,26,356.025,107.185,109.5394,0.3289
mcw,460,1,27,355.94,107.5,100.619,0.3256
mcw,460,1,28,355.89,107.81,97.5908,0.3026
mcw,460,1,29,355.865,108.09,92.2047,0.2602
mcw,460,1,30,355.865,108.355,87.8767,0.2702
mcw,460,1,31,355.89,108.64,82.4099,0.3027
mcw,460,1,32,355.94,108.95,79.38,0.3256
mcw,460,1,33,356.025,109.265,70.4606,0.3289
mcw,460,1,34,356.15,109.56,63.4399,0.3131
mcw,460,1,35,356.31,109.815,51.947,0.2921
mcw,460,1,36,356.455,109.975,39.292,0.1421
mcw,460,1,37,356.57,110.05,26.5651,0.1342
mcw,460,1,38,356.7,110.1,15.947,0.1456
mcw,460,1,39,356.845,110.13,7.5908,0.1513
mcw,461,0,0,359.445,109.825,67.3061,1.7885
mcw,461,0,1,359.275,108.935,159.6232,0.3734
mcw,461,0,2,359.865,109.665,62.4352,1.7936
mcw,461,0,3,360.035,110.555,158.8053,0.5255
mcw,462,0,0,361.555,105.89,0.0,0.59
mcw,462,0,1,361.85,107.62,90.0,3.46
mcw,462,0,2,363.55,107.53,133.0476,4.9809
mcw,462,0,3,365.25,108.095,90.0,4.77
mcw,462,0,4,364.95,110.48,0.0,0.6
mcw,462,0,5,364.65,108.805,90.0,3.35
mcw,462,0,6,362.955,108.915,133.5186,4.9231
mcw,462,0,7,361.26,108.295,90.0,4.81
mcw,463,0,0,89.04,183.955,123.6907,0.1803
mcw,463,0,1,88.93,184.1,130.599,0.1844
mcw,463,0,2,88.8,184.225,141.8464,0.178
mcw,463,0,3,88.66,184.33,144.4606,0.172
mcw,463,0,4,88.51,184.42,153.4393,0.1789
mcw,463,0,5,88.345,184.485,163.6046,0.1772
mcw,463,0,6,88.17,184.525,170.5381,0.1825
mcw,463,0,7,87.99,184.545,176.8171,0.1803
mcw,463,0,8,87.77,184.54,4.4031,0.2608
mcw,463,0,9,87.515,184.505,11.3072,0.2549
mcw,463,0,10,87.275,184.43,23.4995,0.2508
mcw,463,0,11,87.055,184.315,31.7606,0.247
mcw,463,0,12,86.86,184.165,43.3605,0.2476
mcw,463,0,13,86.705,183.98,56.9783,0.2385
mcw,463,0,14,86.595,183.76,69.4424,0.2563
mcw,463,0,15,86.535,183.505,83.6605,0.2717
mcw,463,0,16,86.53,183.255,94.9693,0.2308
mcw,463,0,17,86.575,183.04,109.2889,0.2119
mcw,463,0,18,86.66,182.85,119.0571,0.2059
mcw,463,0,19,86.77,182.685,128.6598,0.1921
mcw,463,0,20,86.91,182.545,140.9057,0.2062
mcw,463,0,21,87.075,182.42,144.7832,0.2081
mcw,463,0,22,87.255,182.31,152.2403,0.2147
mcw,463,0,23,87.445,182.215,154.6541,0.2102
mcw,463,0,24,87.7,182.1,156.3684,0.3493
mcw,463,0,25,88.005,181.96,154.2333,0.322
mcw,463,0,26,88.275,181.8,144.2426,0.3081
mcw,463,0,27,88.45,181.655,132.2792,0.1487
mcw,463,0,28,88.54,181.535,121.6047,0.1526
mcw,463,0,29,88.605,181.39,107.3546,0.1676
mcw,463,0,30,88.64,181.225,96.7094,0.1712
mcw,463,0,31,88.64,181.045,83.9921,0.1911
mcw,463,0,32,88.61,180.865,76.7602,0.1747
mcw,463,0,33,88.55,180.7,63.4349,0.1789
mcw,463,0,34,88.46,180.555,52.4329,0.164
mcw,463,0,35,88.35,180.43,44.9982,0.1697
mcw,463,0,36,88.215,180.33,28.0695,0.17
mcw,463,0,37,88.06,180.26,20.5548,0.1709
mcw,463,0,38,87.89,180.22,6.3463,0.1811
mcw,463,0,39,87.71,180.22,173.6537,0.1811
mcw,463,0,40,87.54,180.255,162.6496,0.1676
mcw,463,0,41,87.38,180.32,153.4306,0.1789
mcw,463,0,42,87.235,180.415,139.7668,0.1703
mcw,463,0,43,87.115,180.535,130.2355,0.1703
mcw,463,0,44,87.02,180.675,118.074,0.17
mcw,463,0,45,86.95,180.835,109.4379,0.1803
mcw,463,0,46,86.915,181.015,93.0134,0.1903
mcw,463,0,47,86.61,181.045,12.2256,0.6139
mcw,463,0,48,86.34,180.845,102.5274,0.2766
mcw,463,0,49,86.42,180.585,111.8011,0.2693
mcw,463,0,50,86.545,180.35,124.287,0.2663
mcw,463,0,51,86.705,180.15,133.3643,0.2476
mcw,463,0,52,86.895,179.985,144.4643,0.2581
mcw,463,0,53,87.115,179.85,152.4477,0.2594
mcw,463,0,54,87.355,179.76,166.5048,0.2571
mcw,463,0,55,87.62,179.715,173.8847,0.2816
mcw,463,0,56,87.91,179.715,5.7103,0.3015
mcw,463,0,57,88.195,179.765,14.5361,0.2789
mcw,463,0,58,88.46,179.865,26.5603,0.2907
mcw,463,0,59,88.7,180.015,37.6963,0.278
mcw,463,0,60,88.9,180.2,48.0145,0.2691
mcw,463,0,61,89.06,180.425,60.7513,0.2865
mcw,463,0,62,89.175,180.69,72.1817,0.2941
mcw,463,0,63,89.235,180.985,84.4712,0.3114
mcw,463,0,64,89.235,181.275,96.3418,0.2717
mcw,463,0,65,89.19,181.53,104.0362,0.2474
mcw,463,0,66,89.105,181.755,117.6436,0.2371
mcw,463,0,67,88.98,181.955,126.3839,0.236
mcw,463,0,68,88.825,182.125,138.5772,0.2267
mcw,463,0,69,88.64,182.27,145.0116,0.2441
mcw,463,0,70,88.43,182.4,151.3898,0.2506
mcw,463,0,71,88.2,182.51,157.3794,0.26
mcw,463,0,72,87.92,182.625,157.8898,0.3454
mcw,463,0,73,87.645,182.74,156.4998,0.2508
mcw,463,0,74,87.43,182.865,143.1319,0.25
mcw,463,0,75,87.285,182.98,138.3592,0.1204
mcw,463,0,76,87.21,183.07,120.9721,0.1166
mcw,463,0,77,87.155,183.18,112.6188,0.13
mcw,463,0,78,87.125,183.305,94.3995,0.1304
mcw,463,0,79,87.125,183.445,86.1857,0.1504
mcw,463,0,80,87.16,183.585,65.2214,0.1432
mcw,463,0,81,87.225,183.71,59.749,0.1389
mcw,463,0,82,87.31,183.815,41.9865,0.1345
mcw,463,0,83,87.485,183.93,29.2461,0.2865
mcw,463,0,84,87.745,184.02,8.4286,0.273
mcw,463,0,85,88.0,184.025,172.8752,0.2419
mcw,463,0,86,88.22,183.97,158.1948,0.2154
mcw,463,0,87,88.4,183.86,138.8166,0.2126
mcw,463,0,88,88.55,183.695,126.3839,0.236
mcw,463,0,89,88.855,183.74,30.784,0.5471
mcw,464,0,0,91.71,183.87,0.0,1.1
mcw,464,0,1,92.26,184.125,90.0,0.51
mcw,464,0,2,90.865,184.38,0.0,2.79
mcw,464,0,3,89.47,184.125,90.0,0.51
mcw,464,0,4,90.02,183.87,0.0,1.1
mcw,464,0,5,90.57,181.83,90.0,4.08
mcw,464,0,6,90.865,179.79,0.0,0.59
mcw,464,0,7,91.16,181.83,90.0,4.08
mcw,465,0,0,95.785,180.385,114.0071,1.3027
mcw,465,0,1,96.36,179.79,0.0,0.62
mcw,465,0,2,95.56,182.205,114.6847,5.3158
mcw,465,0,3,93.345,182.205,65.4133,5.3116
mcw,465,0,4,92.55,179.79,0.0,0.62
mcw,465,0,5,93.125,180.385,65.9926,1.3027
mcw,465,0,6,94.455,180.98,0.0,2.13
mcw,465,1,0,94.455,181.49,0.0,1.65
mcw,465,1,1,94.04,182.425,66.3224,2.0419
mcw,465,1,2,94.865,182.425,113.9342,2.0459
mcw,466,0,0,98.96,183.87,0.0,1.1
mcw,466,0,1,99.51,184.125,90.0,0.51
mcw,466,0,2,98.115,184.38,0.0,2.79
mcw,466,0,3,96.72,184.125,90.0,0.51
mcw,466,0,4,97.265,183.87,0.0,1.09
mcw,466,0,5,97.81,181.83,90.0,4.08
mcw,466,0,6,98.11,179.79,0.0,0.6
mcw,466,0,7,98.41,181.83,90.0,4.08
mcw,467,0,0,100.3,184.38,0.0,0.6
mcw,467,0,1,100.0,182.085,90.0,4.59
mcw,467,0,2,100.3,179.79,0.0,0.6
mcw,467,0,3,100.6,182.085,90.0,4.59
mcw,468,0,0,103.455,184.545,2.2928,0.2502
mcw,468,0,1,103.215,184.52,9.8604,0.2335
mcw,468,0,2,102.985,184.475,12.2694,0.2354
mcw,468,0,3,102.755,184.405,21.3695,0.247
mcw,468,0,4,102.535,184.31,25.4648,0.2326
mcw,468,0,5,102.33,184.2,30.9631,0.2332
mcw,468,0,6,102.14,184.07,37.8718,0.228
mcw,468,0,7,101.96,183.925,39.8101,0.2343
mcw,468,0,8,101.79,183.765,46.7322,0.2334
mcw,468,0,9,101.64,183.585,53.6161,0.236
mcw,468,0,10,101.51,183.39,59.0388,0.2332
mcw,468,0,11,101.4,183.185,64.5344,0.2326
mcw,468,0,12,101.305,182.965,68.6311,0.247
mcw,468,0,13,101.23,182.735,75.3785,0.2377
mcw,468,0,14,101.185,182.5,82.8741,0.2419
mcw,468,0,15,101.16,182.255,85.4268,0.2508
mcw,468,0,16,101.16,182.0,94.3983,0.2607
mcw,468,0,17,101.185,181.745,96.8442,0.2518
mcw,468,0,18,101.23,181.5,104.0345,0.2474
mcw,468,0,19,101.3,181.265,109.1809,0.2435
mcw,468,0,20,101.395,181.045,117.6471,0.2371
mcw,468,0,21,101.51,180.84,120.9612,0.2332
mcw,468,0,22,101.64,180.65,127.876,0.228
mcw,468,0,23,101.79,180.475,133.2627,0.2335
mcw,468,0,24,101.955,180.31,136.7347,0.2335
mcw,468,0,25,102.135,180.165,145.619,0.2302
mcw,468,0,26,102.33,180.04,149.0369,0.2332
mcw,468,0,27,102.535,179.93,154.5352,0.2326
mcw,468,0,28,102.75,179.84,160.0201,0.2341
mcw,468,0,29,102.975,179.775,167.7383,0.2354
mcw,468,0,30,103.21,179.73,170.5356,0.2433
mcw,468,0,31,103.455,179.705,177.7072,0.2502
mcw,468,0,32,103.7,179.705,2.3883,0.2402
mcw,468,0,33,103.94,179.73,9.4641,0.2433
mcw,468,0,34,104.175,179.775,12.2621,0.2354
mcw,468,0,35,104.405,179.84,19.1758,0.2435
mcw,468,0,36,104.625,179.93,25.4648,0.2326
mcw,468,0,37,104.83,180.04,30.9631,0.2332
mcw,468,0,38,105.025,180.165,34.381,0.2302
mcw,468,0,39,105.205,180.31,43.2653,0.2335
mcw,468,0,40,105.37,180.475,46.7373,0.2335
mcw,468,0,41,105.52,180.65,52.124,0.228
mcw,468,0,42,105.65,180.84,59.0388,0.2332
mcw,468,0,43,105.76,181.045,64.5344,0.2326
mcw,468,0,44,105.85,181.265,70.8208,0.2435
mcw,468,0,45,105.925,181.5,73.7412,0.25
mcw,468,0,46,105.975,181.745,83.1558,0.2518
mcw,468,0,47,105.995,182.0,87.7984,0.2602
mcw,468,0,48,105.995,182.255,92.2894,0.2502
mcw,468,0,49,105.97,182.5,99.4617,0.2433
mcw,468,0,50,105.92,182.735,104.6233,0.2377
mcw,468,0,51,105.85,182.965,109.1769,0.2435
mcw,468,0,52,105.76,183.185,115.4656,0.2326
mcw,468,0,53,105.645,183.39,123.0217,0.2385
mcw,468,0,54,105.51,183.585,126.3839,0.236
mcw,468,0,55,105.36,183.765,133.2678,0.2334
mcw,468,0,56,105.195,183.925,138.5714,0.2267
mcw,468,0,57,105.015,184.07,143.6191,0.236
mcw,468,0,58,104.82,184.2,149.0369,0.2332
mcw,468,0,59,104.615,184.31,154.5352,0.2326
mcw,468,0,60,104.4,184.405,157.7519,0.2377
mcw,468,0,61,104.175,184.475,167.7306,0.2354
mcw,468,0,62,103.94,184.52,170.543,0.2433
mcw,468,0,63,103.7,184.545,177.6117,0.2402
mcw,468,1,0,103.485,180.215,176.9843,0.1903
mcw,468,1,1,103.3,180.235,170.5381,0.1825
mcw,468,1,2,103.125,180.275,163.6141,0.1772
mcw,468,1,3,102.955,180.33,160.5605,0.1803
mcw,468,1,4,102.715,180.445,151.2581,0.3536
mcw,468,1,5,102.425,180.645,139.5768,0.3547
mcw,468,1,6,102.18,180.905,127.184,0.364
mcw,468,1,7,101.98,181.21,119.3572,0.3672
mcw,468,1,8,101.86,181.46,108.4349,0.1897
mcw,468,1,9,101.81,181.645,101.8888,0.1942
mcw,468,1,10,101.775,181.835,98.9722,0.1924
mcw,468,1,11,101.755,182.03,92.8633,0.2002
mcw,468,1,12,101.755,182.225,86.9866,0.1903
mcw,468,1,13,101.77,182.415,83.9921,0.1911
mcw,468,1,14,101.8,182.6,77.4725,0.1844
mcw,468,1,15,101.85,182.78,71.5629,0.1897
mcw,468,1,16,101.96,183.03,63.436,0.3578
mcw,468,1,17,102.15,183.335,52.8131,0.364
mcw,468,1,18,102.395,183.595,40.4278,0.3547
mcw,468,1,19,102.685,183.8,30.14,0.3585
mcw,468,1,20,102.925,183.925,22.3825,0.1838
mcw,468,1,21,103.1,183.98,12.5314,0.1844
mcw,468,1,22,103.285,184.015,8.9722,0.1924
mcw,468,1,23,103.48,184.035,2.8565,0.2002
mcw,468,1,24,103.68,184.035,177.1435,0.2002
mcw,468,1,25,103.875,184.015,171.0278,0.1924
mcw,468,1,26,104.06,183.98,167.4686,0.1844
mcw,468,1,27,104.235,183.925,157.6175,0.1838
mcw,468,1,28,104.475,183.8,149.86,0.3585
mcw,468,1,29,104.765,183.595,139.5722,0.3547
mcw,468,1,30,105.005,183.335,125.9117,0.358
mcw,468,1,31,105.19,183.03,116.5651,0.3578
mcw,468,1,32,105.3,182.78,108.4349,0.1897
mcw,468,1,33,105.35,182.6,102.5275,0.1844
mcw,468,1,34,105.385,182.415,98.9722,0.1924
mcw,468,1,35,105.405,182.225,93.0134,0.1903
mcw,468,1,36,105.405,182.03,87.1367,0.2002
mcw,468,1,37,105.385,181.835,81.0278,0.1924
mcw,468,1,38,105.345,181.645,75.2558,0.1965
mcw,468,1,39,105.29,181.46,71.5651,0.1897
mcw,468,1,40,105.175,181.21,62.0213,0.3624
mcw,468,1,41,104.98,180.905,52.816,0.364
mcw,468,1,42,104.73,180.645,39.3984,0.3623
mcw,468,1,43,104.435,180.445,28.7413,0.3536
mcw,468,1,44,104.2,180.33,20.5557,0.1709
mcw,468,1,45,104.03,180.275,15.5205,0.1868
mcw,468,1,46,103.85,180.235,9.4619,0.1825
mcw,468,1,47,103.67,180.215,3.1829,0.1803
mcw,469,0,0,106.94,179.79,0.0,0.6
mcw,469,0,1,107.24,181.52,90.0,3.46
mcw,469,0,2,108.94,181.425,132.9691,4.9882
mcw,469,0,3,110.64,181.99,90.0,4.78
mcw,469,0,4,110.345,184.38,0.0,0.59
mcw,469,0,5,110.05,182.705,90.0,3.35
mcw,469,0,6,108.345,182.815,133.6868,4.9369
mcw,469,0,7,106.64,182.195,90.0,4.81
mcw,470,0,0,95.65,190.115,90.0,0.51
mcw,470,0,1,94.52,190.37,0.0,2.26
mcw,470,0,2,93.39,188.07,90.0,4.6
mcw,470,0,3,93.69,185.77,0.0,0.6
mcw,470,0,4,93.99,186.92,90.0,2.3
mcw,470,0,5,94.795,188.07,0.0,1.61
mcw,470,0,6,95.6,188.325,90.0,0.51
mcw,470,0,7,94.795,188.58,0.0,1.61
mcw,470,0,8,93.99,189.22,90.0,1.28
mcw,470,0,9,94.82,189.86,0.0,1.66
mcw,471,0,0,96.67,190.37,0.0,0.6
mcw,471,0,1,96.37,188.07,90.0,4.6
mcw,471,0,2,96.67,185.77,0.0,0.6
mcw,471,0,3,96.97,188.07,90.0,4.6
mcw,472,0,0,99.445,187.815,11.3072,0.2549
mcw,472,0,1,99.675,187.885,23.2049,0.2285
mcw,472,0,2,99.875,188.0,36.3809,0.236
mcw,472,0,3,100.05,188.15,45.0014,0.2263
mcw,472,0,4,100.19,188.32,56.3083,0.2163
mcw,472,0,5,100.295,188.515,66.8014,0.2285
mcw,472,0,6,100.37,188.73,74.7437,0.228
mcw,472,0,7,100.41,188.96,85.2376,0.2409
mcw,472,0,8,100.4,189.24,97.1257,0.3225
mcw,472,0,9,100.325,189.545,110.7718,0.3102
mcw,472,0,10,100.18,189.82,124.6942,0.3162
mcw,472,0,11,99.965,190.05,141.3428,0.3201
mcw,472,0,12,99.69,190.215,156.5702,0.327
mcw,472,0,13,99.385,190.31,169.0463,0.3158
mcw,472,0,14,99.07,190.35,176.4203,0.3206
mcw,472,0,15,98.75,190.365,178.2138,0.3202
mcw,472,0,16,98.23,190.37,0.0,0.72
mcw,472,0,17,97.87,188.07,90.0,4.6
mcw,472,0,18,98.165,185.77,0.0,0.59
mcw,472,0,19,98.46,186.75,90.0,1.96
mcw,472,0,20,98.585,187.73,0.0,0.25
mcw,472,0,21,99.4,186.75,125.1487,2.3971
mcw,472,0,22,100.43,185.77,0.0,0.68
mcw,472,0,23,100.045,186.78,125.6717,2.4865
mcw,472,1,0,98.54,189.86,0.0,0.16
mcw,472,1,1,98.73,189.855,177.3948,0.2202
mcw,472,1,2,98.955,189.84,175.033,0.2309
mcw,472,1,3,99.175,189.81,169.2134,0.2138
mcw,472,1,4,99.38,189.755,160.7085,0.2119
mcw,472,1,5,99.565,189.67,149.5327,0.1972
mcw,472,1,6,99.72,189.55,135.0031,0.198
mcw,472,1,7,99.835,189.385,115.345,0.2102
mcw,472,1,8,99.895,189.175,97.4308,0.232
mcw,472,1,9,99.895,188.94,82.875,0.2419
mcw,472,1,10,99.84,188.725,67.1681,0.2062
mcw,472,1,11,99.735,188.56,47.1168,0.191
mcw,472,1,12,99.59,188.435,34.513,0.1942
mcw,472,1,13,99.41,188.345,19.2915,0.2119
mcw,472,1,14,99.205,188.29,10.7786,0.2138
mcw,472,1,15,98.99,188.26,5.1994,0.2209
mcw,472,1,16,98.765,188.245,2.4844,0.2302
mcw,472,1,17,98.555,188.24,0.0,0.19
mcw,472,1,18,98.46,189.05,90.0,1.62
mcw,473,0,0,102.52,185.77,0.0,2.5
mcw,473,0,1,103.77,186.025,90.0,0.51
mcw,473,0,2,102.815,186.28,0.0,1.91
mcw,473,0,3,101.86,187.175,90.0,1.79
mcw,473,0,4,102.785,188.07,0.0,1.85
mcw,473,0,5,103.71,188.325,90.0,0.51
mcw,473,0,6,102.785,188.58,0.0,1.85
mcw,473,0,7,101.86,189.22,90.0,1.28
mcw,473,0,8,102.815,189.86,0.0,1.91
mcw,473,0,9,103.77,190.115,90.0,0.51
mcw,473,0,10,102.52,190.37,0.0,2.5
mcw,473,0,11,101.27,188.07,90.0,4.6
mcw,474,0,0,119.75,485.86,122.0044,0.1887
mcw,474,0,1,119.64,486.005,132.7106,0.1769
mcw,474,0,2,119.515,486.13,137.2894,0.1769
mcw,474,0,3,119.375,486.235,149.0375,0.1749
mcw,474,0,4,119.22,486.32,153.4349,0.1789
mcw,474,0,5,119.055,486.385,163.6117,0.1772
mcw,474,0,6,118.88,486.43,167.4709,0.1844
mcw,474,0,7,118.7,486.455,176.8195,0.1803
mcw,474,0,8,118.48,486.45,4.3981,0.2608
mcw,474,0,9,118.225,486.41,13.4969,0.2571
mcw,474,0,10,117.985,486.33,23.4979,0.2508
mcw,474,0,11,117.765,486.215,31.7591,0.247
mcw,474,0,12,117.57,486.065,43.3643,0.2476
mcw,474,0,13,117.415,485.88,56.9763,0.2385
mcw,474,0,14,117.305,485.66,69.443,0.2563
mcw,474,0,15,117.245,485.405,83.6602,0.2717
mcw,474,0,16,117.24,485.155,94.969,0.2309
mcw,474,0,17,117.285,484.94,109.2896,0.2119
mcw,474,0,18,117.37,484.755,120.4673,0.1972
mcw,474,0,19,117.485,484.59,129.094,0.2062
mcw,474,0,20,117.625,484.445,139.0848,0.1985
mcw,474,0,21,117.785,484.325,147.0943,0.2025
mcw,474,0,22,117.965,484.22,152.2421,0.2147
mcw,474,0,23,118.155,484.12,152.2412,0.2147
mcw,474,0,24,118.41,484.005,157.891,0.3454
mcw,474,0,25,118.715,483.87,154.2296,0.322
mcw,474,0,26,118.985,483.71,144.2461,0.3081
mcw,474,0,27,119.16,483.56,129.8084,0.1562
mcw,474,0,28,119.25,483.435,121.6047,0.1526
mcw,474,0,29,119.315,483.295,108.4367,0.1581
mcw,474,0,30,119.35,483.13,96.3391,0.1811
mcw,474,0,31,119.35,482.95,83.6609,0.1811
mcw,474,0,32,119.32,482.77,77.4709,0.1844
mcw,474,0,33,119.26,482.605,61.9272,0.17
mcw,474,0,34,119.17,482.46,54.4626,0.172
mcw,474,0,35,119.06,482.335,42.51,0.1628
mcw,474,0,36,118.925,482.235,30.9638,0.1749
mcw,474,0,37,118.77,482.16,20.5572,0.1709
mcw,474,0,38,118.605,482.125,3.3672,0.1703
mcw,474,0,39,118.43,482.125,176.8195,0.1803
mcw,474,0,40,118.255,482.155,163.6093,0.1772
mcw,474,0,41,118.09,482.22,153.4349,0.1789
mcw,474,0,42,117.945,482.315,139.7648,0.1703
mcw,474,0,43,117.825,482.435,130.2355,0.1703
mcw,474,0,44,117.73,482.575,118.0728,0.17
mcw,474,0,45,117.665,482.74,105.525,0.1868
mcw,474,0,46,117.63,482.92,96.3391,0.1811
mcw,474,0,47,117.32,482.95,11.3102,0.6119
mcw,474,0,48,117.05,482.75,102.0943,0.2864
mcw,474,0,49,117.135,482.49,114.6232,0.264
mcw,474,0,50,117.26,482.26,122.4718,0.2608
mcw,474,0,51,117.415,482.055,131.8195,0.255
mcw,474,0,52,117.605,481.885,144.4629,0.2581
mcw,474,0,53,117.825,481.755,154.4395,0.2549
mcw,474,0,54,118.065,481.665,164.3578,0.2596
mcw,474,0,55,118.33,481.62,175.915,0.2807
mcw,474,0,56,118.62,481.62,3.8134,0.3007
mcw,474,0,57,118.91,481.67,15.9458,0.2912
mcw,474,0,58,119.175,481.77,25.6415,0.2773
mcw,474,0,59,119.41,481.915,37.6938,0.278
mcw,474,0,60,119.61,482.105,49.3985,0.2766
mcw,474,0,61,119.77,482.33,59.7434,0.2778
mcw,474,0,62,119.885,482.59,72.1817,0.2941
mcw,474,0,63,119.945,482.885,84.4714,0.3115
mcw,474,0,64,119.945,483.18,96.1168,0.2816
mcw,474,0,65,119.9,483.44,104.0358,0.2474
mcw,474,0,66,119.815,483.665,117.6462,0.2371
mcw,474,0,67,119.69,483.86,127.8748,0.228
mcw,474,0,68,119.535,484.03,136.7347,0.2335
mcw,474,0,69,119.35,484.175,146.9773,0.2385
mcw,474,0,70,119.14,484.3,151.3883,0.2506
mcw,474,0,71,118.915,484.41,156.5021,0.2508
mcw,474,0,72,118.635,484.53,157.0115,0.3585
mcw,474,0,73,118.36,484.65,155.5565,0.2417
mcw,474,0,74,118.145,484.77,146.3099,0.2524
mcw,474,0,75,117.995,484.885,134.9976,0.1273
mcw,474,0,76,117.92,484.98,120.9663,0.1166
mcw,474,0,77,117.865,485.085,114.4419,0.1208
mcw,474,0,78,117.835,485.205,94.3997,0.1304
mcw,474,0,79,117.84,485.345,82.4038,0.1513
mcw,474,0,80,117.875,485.485,68.9638,0.1393
mcw,474,0,81,117.935,485.61,59.7442,0.1389
mcw,474,0,82,118.02,485.72,45.0,0.1414
mcw,474,0,83,118.195,485.835,27.4753,0.2818
mcw,474,0,84,118.455,485.925,10.4904,0.2746
mcw,474,0,85,118.71,485.935,172.8752,0.2419
mcw,474,0,86,118.93,485.875,155.7736,0.2193
mcw,474,0,87,119.11,485.76,138.8135,0.2126
mcw,474,0,88,119.26,485.595,126.3839,0.236
mcw,474,0,89,119.565,485.64,30.784,0.5471
mcw,475,0,0,120.65,483.69,90.0,0.42
mcw,475,0,1,121.335,483.48,0.0,1.37
mcw,475,0,2,122.02,483.69,90.0,0.42
mcw,475,0,3,121.335,483.9,0.0,1.37
mcw,476,0,0,122.92,482.82,93.8134,0.3007
mcw,476,0,1,122.97,482.535,106.5049,0.2816
mcw,476,0,2,123.075,482.285,119.4765,0.2642
mcw,476,0,3,123.225,482.07,130.3647,0.2625
mcw,476,0,4,123.415,481.89,142.6953,0.264
mcw,476,0,5,123.64,481.755,155.3776,0.264
mcw,476,0,6,123.89,481.665,164.9317,0.2693
mcw,476,0,7,124.165,481.62,176.054,0.2907
mcw,476,0,8,124.455,481.62,3.946,0.2907
mcw,476,0,9,124.73,481.665,15.0687,0.2693
mcw,476,0,10,124.98,481.755,24.6217,0.264
mcw,476,0,11,125.205,481.89,37.3047,0.264
mcw,476,0,12,125.395,482.07,49.6353,0.2625
mcw,476,0,13,125.545,482.285,60.525,0.2642
mcw,476,0,14,125.65,482.535,73.4951,0.2816
mcw,476,0,15,125.7,482.82,86.1852,0.3007
mcw,476,0,16,125.705,483.06,93.1805,0.1803
mcw,476,0,17,125.685,483.235,100.0077,0.1726
mcw,476,0,18,125.645,483.4,107.3546,0.1676
mcw,476,0,19,125.58,483.555,118.0728,0.17
mcw,476,0,20,125.49,483.7,125.5374,0.172
mcw,476,0,21,125.385,483.83,132.5118,0.1628
mcw,476,0,22,125.26,483.94,144.4626,0.172
mcw,476,0,23,125.11,484.03,153.4339,0.1789
mcw,476,0,24,125.155,484.165,37.2352,0.314
mcw,476,0,25,125.375,484.385,52.7659,0.314
mcw,476,0,26,125.505,484.58,63.4349,0.1565
mcw,476,0,27,125.565,484.725,71.5642,0.1581
mcw,476,0,28,125.605,484.88,79.3805,0.1628
mcw,476,0,29,125.625,485.045,86.6329,0.1703
mcw,476,0,30,125.615,485.27,96.1153,0.2816
mcw,476,0,31,125.565,485.535,105.6422,0.2596
mcw,476,0,32,125.47,485.775,117.5538,0.2594
mcw,476,0,33,125.33,485.985,130.1012,0.2484
mcw,476,0,34,125.155,486.16,139.899,0.2484
mcw,476,0,35,124.95,486.3,151.3891,0.2506
mcw,476,0,36,124.71,486.395,164.9317,0.2693
mcw,476,0,37,124.445,486.445,173.66,0.2717
mcw,476,0,38,124.175,486.445,6.3398,0.2717
mcw,476,0,39,123.91,486.395,15.0687,0.2693
mcw,476,0,40,123.67,486.3,28.6109,0.2506
mcw,476,0,41,123.465,486.16,40.0998,0.2484
mcw,476,0,42,123.29,485.985,49.9002,0.2484
mcw,476,0,43,123.15,485.775,62.4462,0.2594
mcw,476,0,44,123.055,485.535,74.3578,0.2596
mcw,476,0,45,123.005,485.27,83.8847,0.2816
mcw,476,0,46,122.995,485.045,93.3645,0.1703
mcw,476,0,47,123.015,484.88,100.6221,0.1628
mcw,476,0,48,123.055,484.725,108.4332,0.1581
mcw,476,0,49,123.11,484.58,113.2005,0.1523
mcw,476,0,50,123.235,484.385,127.2341,0.314
mcw,476,0,51,123.45,484.165,141.6328,0.3061
mcw,476,0,52,123.495,484.03,28.0728,0.17
mcw,476,0,53,123.35,483.94,35.5374,0.172
mcw,476,0,54,123.225,483.83,47.4882,0.1628
mcw,476,0,55,123.125,483.7,57.2635,0.1664
mcw,476,0,56,123.04,483.555,61.9272,0.17
mcw,476,0,57,122.975,483.4,72.6478,0.1676
mcw,476,0,58,122.935,483.235,79.9923,0.1726
mcw,476,0,59,122.915,483.06,86.8195,0.1803
mcw,476,1,0,124.39,485.94,172.8733,0.1612
mcw,476,1,1,124.545,485.905,161.5668,0.1581
mcw,476,1,2,124.685,485.845,151.6962,0.1476
mcw,476,1,3,124.815,485.76,142.4329,0.164
mcw,476,1,4,124.93,485.65,129.8063,0.1562
mcw,476,1,5,125.015,485.52,116.5651,0.1565
mcw,476,1,6,125.075,485.375,108.4358,0.1581
mcw,476,1,7,125.11,485.215,96.7088,0.1712
mcw,476,1,8,125.11,485.06,81.8716,0.1414
mcw,476,1,9,125.075,484.92,70.345,0.1487
mcw,476,1,10,125.01,484.78,60.2544,0.1612
mcw,476,1,11,124.915,484.65,47.4882,0.1628
mcw,476,1,12,124.8,484.535,42.5118,0.1628
mcw,476,1,13,124.67,484.44,29.7456,0.1612
mcw,476,1,14,124.53,484.375,19.655,0.1487
mcw,476,1,15,124.385,484.34,7.5933,0.1513
mcw,476,1,16,124.235,484.34,172.4067,0.1513
mcw,476,1,17,124.09,484.375,160.345,0.1487
mcw,476,1,18,123.95,484.44,150.2544,0.1612
mcw,476,1,19,123.82,484.535,137.49,0.1628
mcw,476,1,20,123.705,484.65,132.5118,0.1628
mcw,476,1,21,123.61,484.78,119.7432,0.1612
mcw,476,1,22,123.545,484.92,109.655,0.1487
mcw,476,1,23,123.51,485.06,98.1314,0.1414
mcw,476,1,24,123.51,485.215,83.2887,0.1712
mcw,476,1,25,123.545,485.375,71.5642,0.1581
mcw,476,1,26,123.605,485.52,63.4349,0.1565
mcw,476,1,27,123.69,485.65,50.1937,0.1562
mcw,476,1,28,123.8,485.76,39.8063,0.1562
mcw,476,1,29,123.93,485.845,26.5675,0.1565
mcw,476,1,30,124.075,485.905,18.4332,0.1581
mcw,476,1,31,124.23,485.94,7.1264,0.1612
mcw,476,2,0,124.395,483.81,173.2912,0.1712
mcw,476,2,1,124.565,483.775,163.6093,0.1772
mcw,476,2,2,124.725,483.715,154.9834,0.1655
mcw,476,2,3,124.865,483.625,139.7629,0.1703
mcw,476,2,4,124.985,483.51,132.5118,0.1628
mcw,476,2,5,125.085,483.375,120.9646,0.1749
mcw,476,2,6,125.155,483.22,107.3522,0.1676
mcw,476,2,7,125.19,483.055,96.7113,0.1712
mcw,476,2,8,125.19,482.885,83.2887,0.1712
mcw,476,2,9,125.155,482.72,72.6478,0.1676
mcw,476,2,10,125.085,482.57,57.2635,0.1664
mcw,476,2,11,124.985,482.435,49.7629,0.1703
mcw,476,2,12,124.86,482.315,38.1575,0.178
mcw,476,2,13,124.715,482.22,28.074,0.17
mcw,476,2,14,124.56,482.155,17.3522,0.1676
mcw,476,2,15,124.395,482.125,3.3672,0.1703
mcw,476,2,16,124.225,482.125,176.6328,0.1703
mcw,476,2,17,124.06,482.155,162.6478,0.1676
mcw,476,2,18,123.905,482.22,151.9272,0.17
mcw,476,2,19,123.76,482.315,141.8425,0.178
mcw,476,2,20,123.635,482.435,130.2371,0.1703
mcw,476,2,21,123.535,482.57,122.7343,0.1664
mcw,476,2,22,123.465,482.72,107.3546,0.1676
mcw,476,2,23,123.43,482.885,96.7088,0.1712
mcw,476,2,24,123.43,483.055,83.2912,0.1712
mcw,476,2,25,123.465,483.22,72.6454,0.1676
mcw,476,2,26,123.535,483.375,59.0375,0.1749
mcw,476,2,27,123.635,483.51,47.4882,0.1628
mcw,476,2,28,123.755,483.625,40.2355,0.1703
mcw,476,2,29,123.895,483.715,25.0177,0.1655
mcw,476,2,30,124.055,483.775,16.39,0.1772
mcw,476,2,31,124.225,483.81,6.7088,0.1712
mcw,477,0,0,128.175,481.615,2.7268,0.2102
mcw,477,0,1,128.38,481.645,14.0352,0.2062
mcw,477,0,2,128.565,481.71,25.2019,0.1879
mcw,477,0,3,128.73,481.8,32.0044,0.1887
mcw,477,0,4,128.885,481.91,38.6616,0.1921
mcw,477,0,5,129.025,482.045,49.0848,0.1985
mcw,477,0,6,129.145,482.2,55.4907,0.1942
mcw,477,0,7,129.25,482.37,60.9477,0.2059
mcw,477,0,8,129.38,482.65,67.1661,0.4123
mcw,477,0,9,129.51,483.04,75.9627,0.4123
mcw,477,0,10,129.58,483.34,78.6922,0.204
mcw,477,0,11,129.61,483.54,84.2881,0.201
mcw,477,0,12,129.63,483.74,84.2883,0.201
mcw,477,0,13,129.64,483.93,90.0,0.18
mcw,477,0,14,129.64,484.11,90.0,0.18
mcw,477,0,15,129.635,484.3,92.8651,0.2003
mcw,477,0,16,129.615,484.5,98.5306,0.2022
mcw,477,0,17,129.58,484.7,101.3078,0.204
mcw,477,0,18,129.51,485.005,103.7079,0.422
mcw,477,0,19,129.38,485.405,112.3067,0.4215
mcw,477,0,20,129.25,485.685,120.4624,0.1972
mcw,477,0,21,129.145,485.855,122.9057,0.2025
mcw,477,0,22,129.025,486.01,132.8801,0.1911
mcw,477,0,23,128.89,486.145,137.1216,0.191
mcw,477,0,24,128.74,486.26,147.9956,0.1887
mcw,477,0,25,128.57,486.35,156.0362,0.197
mcw,477,0,26,128.38,486.415,165.9627,0.2062
mcw,477,0,27,128.175,486.45,174.5607,0.211
mcw,477,0,28,127.965,486.45,5.4394,0.2109
mcw,477,0,29,127.76,486.415,14.0368,0.2062
mcw,477,0,30,127.57,486.35,23.9638,0.197
mcw,477,0,31,127.4,486.26,32.0044,0.1887
mcw,477,0,32,127.25,486.145,42.8784,0.191
mcw,477,0,33,127.115,486.01,47.1216,0.191
mcw,477,0,34,126.99,485.855,54.7815,0.2081
mcw,477,0,35,126.885,485.685,62.1025,0.1924
mcw,477,0,36,126.76,485.405,67.6943,0.4215
mcw,477,0,37,126.625,485.005,74.9814,0.4245
mcw,477,0,38,126.555,484.7,81.4698,0.2022
mcw,477,0,39,126.525,484.5,81.4694,0.2022
mcw,477,0,40,126.505,484.3,87.137,0.2003
mcw,477,0,41,126.495,484.11,86.8194,0.1803
mcw,477,0,42,126.495,483.93,93.1805,0.1803
mcw,477,0,43,126.505,483.74,92.863,0.2003
mcw,477,0,44,126.525,483.54,98.5306,0.2022
mcw,477,0,45,126.555,483.34,98.5302,0.2022
mcw,477,0,46,126.625,483.04,105.3766,0.4148
mcw,477,0,47,126.76,482.65,112.8329,0.4123
mcw,477,0,48,126.89,482.37,119.056,0.2059
mcw,477,0,49,126.995,482.2,124.5093,0.1942
mcw,477,0,50,127.115,482.045,130.9135,0.1985
mcw,477,0,51,127.25,481.91,139.3979,0.1844
mcw,477,0,52,127.4,481.8,147.9956,0.1887
mcw,477,0,53,127.57,481.71,156.0362,0.197
mcw,477,0,54,127.76,481.645,165.9653,0.2062
mcw,477,0,55,127.965,481.615,177.2731,0.2102
mcw,477,1,0,128.145,485.94,172.4063,0.1513
mcw,477,1,1,128.285,485.91,162.8975,0.136
mcw,477,1,2,128.415,485.855,151.7002,0.1477
mcw,477,1,3,128.535,485.78,143.9722,0.136
mcw,477,1,4,128.68,485.625,128.0464,0.2921
mcw,477,1,5,128.84,485.37,116.5651,0.313
mcw,477,1,6,128.965,485.07,108.9705,0.3384
mcw,477,1,7,129.05,484.75,100.6192,0.3256
mcw,477,1,8,129.1,484.44,97.5962,0.3027
mcw,477,1,9,129.125,484.155,92.12,0.2702
mcw,477,1,10,129.125,483.89,87.7986,0.2602
mcw,477,1,11,129.1,483.61,82.4038,0.3027
mcw,477,1,12,129.05,483.3,79.3808,0.3256
mcw,477,1,13,128.965,482.985,70.4631,0.3289
mcw,477,1,14,128.84,482.69,63.4349,0.313
mcw,477,1,15,128.68,482.435,51.9545,0.2921
mcw,477,1,16,128.535,482.28,36.0278,0.136
mcw,477,1,17,128.415,482.205,28.2998,0.1477
mcw,477,1,18,128.285,482.15,17.1025,0.136
mcw,477,1,19,128.145,482.125,3.8121,0.1503
mcw,477,1,20,127.995,482.125,176.1881,0.1503
mcw,477,1,21,127.85,482.15,164.0542,0.1456
mcw,477,1,22,127.72,482.205,149.7442,0.1389
mcw,477,1,23,127.605,482.28,143.9703,0.136
mcw,477,1,24,127.46,482.435,128.0467,0.2921
mcw,477,1,25,127.3,482.69,116.5651,0.313
mcw,477,1,26,127.175,482.985,109.5369,0.3289
mcw,477,1,27,127.085,483.3,102.339,0.3276
mcw,477,1,28,127.035,483.61,95.7117,0.3015
mcw,477,1,29,127.01,483.89,94.3979,0.2608
mcw,477,1,30,127.01,484.155,85.7643,0.2707
mcw,477,1,31,127.035,484.44,84.2883,0.3015
mcw,477,1,32,127.085,484.75,77.661,0.3276
mcw,477,1,33,127.175,485.07,71.0295,0.3384
mcw,477,1,34,127.3,485.37,63.4349,0.313
mcw,477,1,35,127.46,485.625,51.9524,0.2921
mcw,477,1,36,127.605,485.78,36.0297,0.136
mcw,477,1,37,127.72,485.855,30.2558,0.1389
mcw,477,1,38,127.85,485.91,15.9458,0.1456
mcw,477,1,39,127.995,485.94,7.5933,0.1513
mcw,478,0,0,130.77,481.545,67.0114,1.7923
mcw,478,0,1,130.595,480.65,158.1982,0.377
mcw,478,0,2,131.195,481.385,62.168,1.8206
mcw,478,0,3,131.37,482.28,160.2011,0.5314
mcw,479,0,0,134.96,481.69,0.0,0.96
mcw,479,0,1,135.575,481.695,2.1216,0.2702
mcw,479,0,2,135.84,481.71,4.3978,0.2608
mcw,479,0,3,136.095,481.745,11.3106,0.255
mcw,479,0,4,136.34,481.8,14.0362,0.2474
mcw,479,0,5,136.575,481.87,19.1786,0.2435
mcw,479,0,6,136.8,481.96,24.445,0.2416
mcw,479,0,7,137.01,482.065,28.8095,0.2283
mcw,479,0,8,137.2,482.19,37.876,0.228
mcw,479,0,9,137.375,482.335,41.4243,0.2267
mcw,479,0,10,137.535,482.495,48.5743,0.2267
mcw,479,0,11,137.675,482.675,55.6221,0.2302
mcw,479,0,12,137.795,482.875,62.3538,0.2371
mcw,479,0,13,137.895,483.095,68.6265,0.247
mcw,479,0,14,137.975,483.335,74.3594,0.2596
mcw,479,0,15,138.03,483.595,81.5714,0.273
mcw,479,0,16,138.055,483.87,87.9557,0.2802
mcw,479,0,17,138.055,484.15,92.0443,0.2802
mcw,479,0,18,138.03,484.42,98.7479,0.2631
mcw,479,0,19,137.975,484.675,105.6406,0.2596
mcw,479,0,20,137.895,484.91,112.2515,0.2377
mcw,479,0,21,137.795,485.12,118.8113,0.2283
mcw,479,0,22,137.675,485.315,124.3779,0.2302
mcw,479,0,23,137.535,485.495,131.4257,0.2267
mcw,479,0,24,137.375,485.655,138.5757,0.2267
mcw,479,0,25,137.195,485.795,145.6206,0.2302
mcw,479,0,26,137.0,485.915,151.1887,0.2283
mcw,479,0,27,136.79,486.02,155.5565,0.2417
mcw,479,0,28,136.57,486.11,160.0166,0.2341
mcw,479,0,29,136.34,486.18,165.9638,0.2474
mcw,479,0,30,136.095,486.23,170.9095,0.2532
mcw,479,0,31,135.845,486.265,173.1575,0.2518
mcw,479,0,32,135.59,486.285,177.797,0.2602
mcw,479,0,33,134.97,486.29,0.0,0.98
mcw,479,0,34,134.48,483.99,90.0,4.6
mcw,479,1,0,135.18,485.78,0.0,0.2
mcw,479,1,1,135.39,485.775,177.3989,0.2202
mcw,479,1,2,135.605,485.76,174.5583,0.2109
mcw,479,1,3,135.815,485.74,174.5607,0.211
mcw,479,1,4,136.02,485.71,168.6896,0.204
mcw,479,1,5,136.21,485.66,161.5665,0.1897
mcw,479,1,6,136.395,485.6,162.4719,0.1992
mcw,479,1,7,136.57,485.53,153.4371,0.1789
mcw,479,1,8,136.73,485.44,147.9936,0.1887
mcw,479,1,9,136.88,485.335,141.8425,0.178
mcw,479,1,10,137.015,485.215,135.0017,0.1838
mcw,479,1,11,137.135,485.075,126.2537,0.186
mcw,479,1,12,137.24,484.92,122.0037,0.1887
mcw,479,1,13,137.325,484.745,110.2266,0.2025
mcw,479,1,14,137.39,484.55,106.6988,0.2088
mcw,479,1,15,137.435,484.34,97.7648,0.222
mcw,479,1,16,137.455,484.11,92.3847,0.2402
mcw,479,1,17,137.455,483.87,87.6154,0.2402
mcw,479,1,18,137.435,483.64,82.2352,0.222
mcw,479,1,19,137.39,483.425,74.0552,0.2184
mcw,479,1,20,137.325,483.23,68.7475,0.1931
mcw,479,1,21,137.24,483.06,57.9963,0.1887
mcw,479,1,22,137.135,482.905,53.7463,0.186
mcw,479,1,23,137.015,482.765,44.9983,0.1838
mcw,479,1,24,136.88,482.645,38.1575,0.178
mcw,479,1,25,136.73,482.54,32.0044,0.1887
mcw,479,1,26,136.57,482.45,26.5651,0.1789
mcw,479,1,27,136.395,482.375,20.226,0.2025
mcw,479,1,28,136.21,482.315,15.5244,0.1868
mcw,479,1,29,136.02,482.27,11.3104,0.204
mcw,479,1,30,135.815,482.235,8.1295,0.2121
mcw,479,1,31,135.605,482.215,2.727,0.2102
mcw,479,1,32,135.39,482.205,2.6011,0.2202
mcw,479,1,33,135.18,482.2,0.0,0.2
mcw,479,1,34,135.08,483.99,90.0,3.58
mcw,480,0,0,138.69,483.69,90.0,0.42
mcw,480,0,1,139.37,483.48,0.0,1.36
mcw,480,0,2,140.05,483.69,90.0,0.42
mcw,480,0,3,139.37,483.9,0.0,1.36
mcw,481,0,0,142.13,483.735,90.0,4.09
mcw,481,0,1,142.385,481.69,0.0,0.51
mcw,481,0,2,142.64,483.99,90.0,4.6
mcw,481,0,3,142.145,486.29,0.0,0.99
mcw,481,0,4,141.49,486.035,57.8933,0.6021
mcw,481,0,5,141.73,485.78,0.0,0.8
mcw,482,0,0,145.89,483.735,90.0,4.09
mcw,482,0,1,146.145,481.69,0.0,0.51
mcw,482,0,2,146.4,483.99,90.0,4.6
mcw,482,0,3,145.905,486.29,0.0,0.99
mcw,482,0,4,145.25,486.035,57.8933,0.6021
mcw,482,0,5,145.49,485.78,0.0,0.8
mcw,483,0,0,149.97,481.615,2.6031,0.2202
mcw,483,0,1,150.175,481.645,14.7421,0.1965
mcw,483,0,2,150.36,481.71,23.9638,0.197
mcw,483,0,3,150.53,481.8,32.0044,0.1887
mcw,483,0,4,150.68,481.91,40.6021,0.1844
mcw,483,0,5,150.815,482.045,49.0848,0.1985
mcw,483,0,6,150.94,482.2,53.1305,0.2
mcw,483,0,7,151.05,482.37,60.944,0.2059
mcw,483,0,8,151.175,482.65,68.4601,0.4085
mcw,483,0,9,151.305,483.04,74.6234,0.4148
mcw,483,0,10,151.38,483.34,78.6922,0.204
mcw,483,0,11,151.41,483.54,84.2881,0.201
mcw,483,0,12,151.425,483.74,87.1349,0.2003
mcw,483,0,13,151.435,483.93,86.8219,0.1803
mcw,483,0,14,151.44,484.11,90.0,0.18
mcw,483,0,15,151.43,484.3,95.7117,0.201
mcw,483,0,16,151.41,484.5,95.7119,0.201
mcw,483,0,17,151.38,484.7,101.3078,0.204
mcw,483,0,18,151.305,485.005,105.0186,0.4245
mcw,483,0,19,151.175,485.405,111.0368,0.4178
mcw,483,0,20,151.05,485.685,120.4662,0.1972
mcw,483,0,21,150.945,485.855,122.9057,0.2025
mcw,483,0,22,150.825,486.01,132.8801,0.1911
mcw,483,0,23,150.685,486.145,139.0851,0.1985
mcw,483,0,24,150.53,486.26,147.9956,0.1887
mcw,483,0,25,150.36,486.35,156.0362,0.197
mcw,483,0,26,150.175,486.415,165.2558,0.1965
mcw,483,0,27,149.97,486.45,174.8065,0.2209
mcw,483,0,28,149.755,486.45,5.4393,0.211
mcw,483,0,29,149.555,486.415,14.7454,0.1965
mcw,483,0,30,149.37,486.35,23.962,0.197
mcw,483,0,31,149.2,486.26,32.0044,0.1887
mcw,483,0,32,149.045,486.145,40.9149,0.1985
mcw,483,0,33,148.905,486.01,47.1199,0.1911
mcw,483,0,34,148.785,485.855,57.0943,0.2025
mcw,483,0,35,148.68,485.685,59.5376,0.1972
mcw,483,0,36,148.55,485.405,67.6933,0.4215
mcw,483,0,37,148.42,485.005,76.2921,0.422
mcw,483,0,38,148.35,484.7,78.6922,0.204
mcw,483,0,39,148.32,484.5,84.2881,0.201
mcw,483,0,40,148.3,484.3,84.2883,0.201
mcw,483,0,41,148.29,484.11,90.0,0.18
mcw,483,0,42,148.29,483.93,90.0,0.18
mcw,483,0,43,148.3,483.74,95.7117,0.201
mcw,483,0,44,148.32,483.54,95.7119,0.201
mcw,483,0,45,148.35,483.34,101.3078,0.204
mcw,483,0,46,148.425,483.04,105.3766,0.4148
mcw,483,0,47,148.555,482.65,111.5419,0.4085
mcw,483,0,48,148.68,482.37,119.0523,0.2059
mcw,483,0,49,148.79,482.2,126.873,0.2
mcw,483,0,50,148.91,482.045,128.6584,0.1921
mcw,483,0,51,149.045,481.91,141.3384,0.1921
mcw,483,0,52,149.2,481.8,147.9956,0.1887
mcw,483,0,53,149.37,481.71,156.038,0.197
mcw,483,0,54,149.555,481.645,165.2568,0.1965
mcw,483,0,55,149.755,481.615,177.2732,0.2102
mcw,483,1,0,149.935,485.94,172.4063,0.1513
mcw,483,1,1,150.08,485.91,164.0542,0.1456
mcw,483,1,2,150.21,485.855,149.7458,0.1389
mcw,483,1,3,150.325,485.78,143.9722,0.136
mcw,483,1,4,150.475,485.625,129.5606,0.2983
mcw,483,1,5,150.64,485.37,116.5651,0.313
mcw,483,1,6,150.76,485.07,107.3525,0.3353
mcw,483,1,7,150.845,484.75,102.3404,0.3276
mcw,483,1,8,150.9,484.44,97.5933,0.3027
mcw,483,1,9,150.925,484.155,92.1232,0.2702
mcw,483,1,10,150.925,483.89,87.7953,0.2602
mcw,483,1,11,150.9,483.61,82.4067,0.3027
mcw,483,1,12,150.845,483.3,77.6596,0.3276
mcw,483,1,13,150.76,482.985,72.1227,0.3257
mcw,483,1,14,150.64,482.69,63.4349,0.313
mcw,483,1,15,150.475,482.435,50.4404,0.2983
mcw,483,1,16,150.325,482.28,36.0278,0.136
mcw,483,1,17,150.21,482.205,30.2542,0.1389
mcw,483,1,18,150.08,482.15,15.9458,0.1456
mcw,483,1,19,149.935,482.125,3.8121,0.1503
mcw,483,1,20,149.79,482.125,175.9166,0.1404
mcw,483,1,21,149.65,482.15,164.0542,0.1456
mcw,483,1,22,149.52,482.205,149.7427,0.1389
mcw,483,1,23,149.405,482.28,143.9722,0.136
mcw,483,1,24,149.255,482.435,129.5596,0.2983
mcw,483,1,25,149.09,482.69,116.5651,0.313
mcw,483,1,26,148.97,482.985,107.8799,0.3257
mcw,483,1,27,148.885,483.3,102.3377,0.3276
mcw,483,1,28,148.83,483.61,97.5962,0.3027
mcw,483,1,29,148.805,483.89,92.2014,0.2602
mcw,483,1,30,148.805,484.155,87.88,0.2702
mcw,483,1,31,148.83,484.44,82.4038,0.3027
mcw,483,1,32,148.885,484.75,77.6623,0.3276
mcw,483,1,33,148.97,485.07,72.645,0.3353
mcw,483,1,34,149.09,485.37,63.4349,0.313
mcw,483,1,35,149.255,485.625,50.4394,0.2983
mcw,483,1,36,149.405,485.78,36.0278,0.136
mcw,483,1,37,149.52,485.855,30.2573,0.1389
mcw,483,1,38,149.65,485.91,15.9458,0.1456
mcw,483,1,39,149.79,485.94,8.1288,0.1414
mcw,484,0,0,152.57,481.545,67.0114,1.7923
mcw,484,0,1,152.395,480.65,158.1982,0.377
mcw,484,0,2,152.99,481.385,62.4469,1.816
mcw,484,0,3,153.165,482.28,159.8295,0.522
mcw,485,0,0,158.02,483.15,51.7099,2.4207
mcw,485,0,1,158.835,484.205,58.2394,0.247
mcw,485,0,2,158.95,484.43,67.3818,0.26
mcw,485,0,3,159.035,484.68,74.9301,0.2693
mcw,485,0,4,159.08,484.94,85.6004,0.2608
mcw,485,0,5,159.075,485.215,95.9089,0.2915
mcw,485,0,6,159.02,485.495,106.5019,0.2816
mcw,485,0,7,158.915,485.75,118.444,0.2729
mcw,485,0,8,158.76,485.97,131.9878,0.2691
mcw,485,0,9,158.565,486.15,142.6956,0.264
mcw,485,0,10,158.34,486.295,151.5567,0.273
mcw,485,0,11,158.09,486.395,164.9313,0.2693
mcw,485,0,12,157.815,486.445,174.0943,0.2916
mcw,485,0,13,157.52,486.445,5.7106,0.3015
mcw,485,0,14,157.235,486.395,14.5342,0.2789
mcw,485,0,15,156.98,486.3,26.5651,0.2683
mcw,485,0,16,156.76,486.16,38.6609,0.2561
mcw,485,0,17,156.575,485.985,48.1794,0.2549
mcw,485,0,18,156.42,485.77,59.7442,0.2779
mcw,485,0,19,156.305,485.515,71.5655,0.2846
mcw,485,0,20,156.235,485.23,80.5372,0.3041
mcw,485,0,21,156.495,485.08,0.0,0.57
mcw,485,0,22,156.795,485.17,80.5381,0.1825
mcw,485,0,23,156.84,485.34,69.4404,0.1709
mcw,485,0,24,156.91,485.49,60.2592,0.1612
mcw,485,0,25,157.005,485.625,49.7629,0.1703
mcw,485,0,26,157.125,485.745,40.2355,0.1703
mcw,485,0,27,157.265,485.84,28.0716,0.17
mcw,485,0,28,157.42,485.905,17.3562,0.1676
mcw,485,0,29,157.585,485.94,6.7088,0.1712
mcw,485,0,30,157.76,485.94,173.6611,0.1811
mcw,485,0,31,157.93,485.9,159.4428,0.1709
mcw,485,0,32,158.09,485.83,153.4328,0.1789
mcw,485,0,33,158.235,485.735,139.7665,0.1703
mcw,485,0,34,158.36,485.615,132.7072,0.1769
mcw,485,0,35,158.46,485.47,116.5661,0.1789
mcw,485,0,36,158.53,485.305,109.4387,0.1803
mcw,485,0,37,158.57,485.13,96.3415,0.1811
mcw,485,0,38,158.56,484.925,80.1356,0.2334
mcw,485,0,39,158.49,484.7,65.5548,0.2417
mcw,485,0,40,158.375,484.49,56.9747,0.2385
mcw,485,0,41,158.24,484.295,53.6161,0.236
mcw,485,0,42,157.155,482.945,51.0353,3.2282
mcw,485,0,43,157.615,481.69,0.0,2.95
mcw,485,0,44,159.09,481.945,90.0,0.51
mcw,485,0,45,158.18,482.2,0.0,1.82
mcw,486,0,0,160.515,481.69,0.0,0.95
mcw,486,0,1,161.125,481.695,2.1215,0.2702
mcw,486,0,2,161.39,481.71,4.3981,0.2608
mcw,486,0,3,161.645,481.745,11.3106,0.255
mcw,486,0,4,161.89,481.8,14.0354,0.2474
mcw,486,0,5,162.125,481.87,19.1797,0.2435
mcw,486,0,6,162.35,481.96,24.4435,0.2417
mcw,486,0,7,162.56,482.065,28.8113,0.2283
mcw,486,0,8,162.755,482.19,36.3839,0.236
mcw,486,0,9,162.935,482.335,41.4243,0.2267
mcw,486,0,10,163.095,482.495,48.5743,0.2267
mcw,486,0,11,163.235,482.675,55.6221,0.2302
mcw,486,0,12,163.355,482.875,62.3538,0.2371
mcw,486,0,13,163.455,483.095,68.6265,0.247
mcw,486,0,14,163.53,483.335,76.5048,0.2571
mcw,486,0,15,163.58,483.595,81.5746,0.273
mcw,486,0,16,163.605,483.87,87.9526,0.2802
mcw,486,0,17,163.605,484.15,92.0474,0.2802
mcw,486,0,18,163.58,484.42,98.7446,0.2631
mcw,486,0,19,163.525,484.675,105.6438,0.2596
mcw,486,0,20,163.45,484.91,109.9834,0.2341
mcw,486,0,21,163.35,485.12,120.9631,0.2332
mcw,486,0,22,163.225,485.315,124.381,0.2302
mcw,486,0,23,163.085,485.495,131.4228,0.2267
mcw,486,0,24,162.925,485.655,138.5757,0.2267
mcw,486,0,25,162.745,485.795,145.6206,0.2302
mcw,486,0,26,162.55,485.915,151.1887,0.2283
mcw,486,0,27,162.345,486.02,154.5377,0.2326
mcw,486,0,28,162.125,486.11,160.8203,0.2435
mcw,486,0,29,161.89,486.18,165.9646,0.2474
mcw,486,0,30,161.65,486.23,170.5371,0.2433
mcw,486,0,31,161.4,486.265,173.4186,0.2617
mcw,486,0,32,161.14,486.285,177.7969,0.2602
mcw,486,0,33,160.525,486.29,0.0,0.97
mcw,486,0,34,160.04,483.99,90.0,4.6
mcw,486,1,0,160.73,485.78,0.0,0.2
mcw,486,1,1,160.94,485.775,177.3989,0.2202
mcw,486,1,2,161.155,485.76,174.5587,0.211
mcw,486,1,3,161.365,485.74,174.5604,0.2109
mcw,486,1,4,161.57,485.71,168.6905,0.204
mcw,486,1,5,161.765,485.66,162.4753,0.1993
mcw,486,1,6,161.95,485.6,161.5629,0.1897
mcw,486,1,7,162.125,485.53,154.8002,0.1879
mcw,486,1,8,162.29,485.44,147.9936,0.1887
mcw,486,1,9,162.44,485.335,141.8425,0.178
mcw,486,1,10,162.575,485.215,135.0017,0.1838
mcw,486,1,11,162.695,485.075,126.2537,0.186
mcw,486,1,12,162.795,484.92,119.3574,0.1836
mcw,486,1,13,162.88,484.745,112.8339,0.2062
mcw,486,1,14,162.945,484.55,104.0332,0.2061
mcw,486,1,15,162.99,484.34,100.3069,0.2236
mcw,486,1,16,163.015,484.11,92.3847,0.2402
mcw,486,1,17,163.015,483.87,87.6154,0.2402
mcw,486,1,18,162.99,483.64,79.6931,0.2236
mcw,486,1,19,162.945,483.425,76.6106,0.2159
mcw,486,1,20,162.88,483.23,66.0371,0.197
mcw,486,1,21,162.795,483.06,60.6426,0.1836
mcw,486,1,22,162.695,482.905,53.7463,0.186
mcw,486,1,23,162.575,482.765,44.9983,0.1838
mcw,486,1,24,162.44,482.645,38.1575,0.178
mcw,486,1,25,162.29,482.54,32.0044,0.1887
mcw,486,1,26,162.125,482.45,25.2019,0.1879
mcw,486,1,27,161.95,482.375,21.2512,0.1931
mcw,486,1,28,161.765,482.315,14.7442,0.1965
mcw,486,1,29,161.57,482.27,11.3095,0.204
mcw,486,1,30,161.365,482.235,8.1301,0.2121
mcw,486,1,31,161.155,482.215,2.7268,0.2102
mcw,486,1,32,160.94,482.205,2.6011,0.2202
mcw,486,1,33,160.73,482.2,0.0,0.2
mcw,486,1,34,160.63,483.99,90.0,3.58
mcw,487,0,0,164.25,483.69,90.0,0.42
mcw,487,0,1,164.93,483.48,0.0,1.36
mcw,487,0,2,165.61,483.69,90.0,0.42
mcw,487,0,3,164.93,483.9,0.0,1.36
mcw,488,0,0,167.69,483.735,90.0,4.09
mcw,488,0,1,167.945,481.69,0.0,0.51
mcw,488,0,2,168.2,483.99,90.0,4.6
mcw,488,0,3,167.7,486.29,0.0,1.0
mcw,488,0,4,167.04,486.035,57.8945,0.6021
mcw,488,0,5,167.285,485.78,0.0,0.81
mcw,489,0,0,170.27,482.82,93.8148,0.3007
mcw,489,0,1,170.32,482.535,106.5049,0.2816
mcw,489,0,2,170.425,482.285,119.4736,0.2642
mcw,489,0,3,170.575,482.07,130.3647,0.2625
mcw,489,0,4,170.765,481.89,142.6963,0.264
mcw,489,0,5,170.99,481.755,155.3783,0.264
mcw,489,0,6,171.24,481.665,164.9313,0.2693
mcw,489,0,7,171.515,481.62,176.0539,0.2907
mcw,489,0,8,171.805,481.62,3.9459,0.2907
mcw,489,0,9,172.08,481.665,15.0687,0.2693
mcw,489,0,10,172.33,481.755,24.6217,0.264
mcw,489,0,11,172.555,481.89,37.3057,0.264
mcw,489,0,12,172.745,482.07,49.6328,0.2625
mcw,489,0,13,172.895,482.285,60.5264,0.2642
mcw,489,0,14,173.0,482.535,73.4951,0.2816
mcw,489,0,15,173.05,482.82,86.1852,0.3007
mcw,489,0,16,173.055,483.06,93.1829,0.1803
mcw,489,0,17,173.035,483.235,100.0077,0.1726
mcw,489,0,18,172.995,483.4,107.3497,0.1676
mcw,489,0,19,172.93,483.555,118.0728,0.17
mcw,489,0,20,172.84,483.7,125.5394,0.172
mcw,489,0,21,172.735,483.83,132.5118,0.1628
mcw,489,0,22,172.61,483.94,144.4626,0.172
mcw,489,0,23,172.46,484.03,153.4349,0.1789
mcw,489,0,24,172.505,484.165,37.2352,0.314
mcw,489,0,25,172.725,484.385,52.7648,0.314
mcw,489,0,26,172.855,484.58,63.4325,0.1565
mcw,489,0,27,172.915,484.725,71.5694,0.1581
mcw,489,0,28,172.955,484.88,79.3752,0.1628
mcw,489,0,29,172.975,485.045,86.6355,0.1703
mcw,489,0,30,172.965,485.27,96.1153,0.2816
mcw,489,0,31,172.915,485.535,105.6438,0.2596
mcw,489,0,32,172.82,485.775,117.5523,0.2594
mcw,489,0,33,172.68,485.985,130.1012,0.2484
mcw,489,0,34,172.505,486.16,139.9002,0.2484
mcw,489,0,35,172.3,486.3,151.3891,0.2506
mcw,489,0,36,172.06,486.395,164.9313,0.2693
mcw,489,0,37,171.795,486.445,173.6602,0.2717
mcw,489,0,38,171.52,486.445,6.1153,0.2816
mcw,489,0,39,171.255,486.395,15.6422,0.2596
mcw,489,0,40,171.02,486.3,28.6109,0.2506
mcw,489,0,41,170.815,486.16,40.1021,0.2484
mcw,489,0,42,170.64,485.985,49.8988,0.2484
mcw,489,0,43,170.5,485.775,62.4447,0.2594
mcw,489,0,44,170.405,485.535,74.3594,0.2596
mcw,489,0,45,170.355,485.27,83.8847,0.2816
mcw,489,0,46,170.345,485.045,93.3645,0.1703
mcw,489,0,47,170.365,484.88,100.6195,0.1628
mcw,489,0,48,170.405,484.725,108.4358,0.1581
mcw,489,0,49,170.46,484.58,113.1978,0.1523
mcw,489,0,50,170.585,484.385,127.2352,0.314
mcw,489,0,51,170.8,484.165,141.6328,0.3061
mcw,489,0,52,170.845,484.03,28.0716,0.17
mcw,489,0,53,170.7,483.94,35.5374,0.172
mcw,489,0,54,170.575,483.83,47.4882,0.1628
mcw,489,0,55,170.475,483.7,57.2657,0.1664
mcw,489,0,56,170.39,483.555,61.9272,0.17
mcw,489,0,57,170.325,483.4,72.6454,0.1676
mcw,489,0,58,170.285,483.235,79.9923,0.1726
mcw,489,0,59,170.265,483.06,86.8219,0.1803
mcw,489,1,0,171.74,485.94,172.8736,0.1612
mcw,489,1,1,171.895,485.905,161.5677,0.1581
mcw,489,1,2,172.035,485.845,151.6948,0.1476
mcw,489,1,3,172.165,485.76,142.4329,0.164
mcw,489,1,4,172.28,485.65,129.8084,0.1562
mcw,489,1,5,172.365,485.52,116.5626,0.1565
mcw,489,1,6,172.425,485.375,108.4358,0.1581
mcw,489,1,7,172.46,485.215,96.7113,0.1712
mcw,489,1,8,172.46,485.06,81.8686,0.1414
mcw,489,1,9,172.425,484.92,70.345,0.1487
mcw,489,1,10,172.36,484.78,60.2544,0.1612
mcw,489,1,11,172.265,484.65,47.4882,0.1628
mcw,489,1,12,172.15,484.535,42.5118,0.1628
mcw,489,1,13,172.02,484.44,29.7456,0.1612
mcw,489,1,14,171.88,484.375,19.655,0.1487
mcw,489,1,15,171.735,484.34,7.5929,0.1513
mcw,489,1,16,171.585,484.34,172.4063,0.1513
mcw,489,1,17,171.44,484.375,160.345,0.1487
mcw,489,1,18,171.3,484.44,150.2544,0.1612
mcw,489,1,19,171.17,484.535,137.4882,0.1628
mcw,489,1,20,171.055,484.65,132.5118,0.1628
mcw,489,1,21,170.96,484.78,119.7456,0.1612
mcw,489,1,22,170.895,484.92,109.655,0.1487
mcw,489,1,23,170.86,485.06,98.1314,0.1414
mcw,489,1,24,170.86,485.215,83.2887,0.1712
mcw,489,1,25,170.895,485.375,71.5642,0.1581
mcw,489,1,26,170.955,485.52,63.4374,0.1565
mcw,489,1,27,171.04,485.65,50.1916,0.1562
mcw,489,1,28,171.15,485.76,39.8063,0.1562
mcw,489,1,29,171.28,485.845,26.5675,0.1565
mcw,489,1,30,171.425,485.905,18.4323,0.1581
mcw,489,1,31,171.58,485.94,7.127,0.1612
mcw,489,2,0,171.745,483.81,173.2918,0.1712
mcw,489,2,1,171.915,483.775,163.6093,0.1772
mcw,489,2,2,172.075,483.715,154.9823,0.1655
mcw,489,2,3,172.215,483.625,139.7645,0.1703
mcw,489,2,4,172.335,483.51,132.5118,0.1628
mcw,489,2,5,172.435,483.375,120.9625,0.1749
mcw,489,2,6,172.505,483.22,107.3546,0.1676
mcw,489,2,7,172.54,483.055,96.7063,0.1712
mcw,489,2,8,172.54,482.885,83.2937,0.1712
mcw,489,2,9,172.505,482.72,72.6454,0.1676
mcw,489,2,10,172.435,482.57,57.2657,0.1664
mcw,489,2,11,172.335,482.435,49.7629,0.1703
mcw,489,2,12,172.21,482.315,38.1575,0.178
mcw,489,2,13,172.065,482.22,28.0716,0.17
mcw,489,2,14,171.91,482.155,17.3537,0.1676
mcw,489,2,15,171.745,482.125,3.3669,0.1703
mcw,489,2,16,171.575,482.125,176.6328,0.1703
mcw,489,2,17,171.41,482.155,162.6463,0.1676
mcw,489,2,18,171.255,482.22,151.9284,0.17
mcw,489,2,19,171.11,482.315,141.8425,0.178
mcw,489,2,20,170.985,482.435,130.2371,0.1703
mcw,489,2,21,170.885,482.57,122.7343,0.1664
mcw,489,2,22,170.815,482.72,107.3546,0.1676
mcw,489,2,23,170.78,482.885,96.7113,0.1712
mcw,489,2,24,170.78,483.055,83.2887,0.1712
mcw,489,2,25,170.815,483.22,72.6454,0.1676
mcw,489,2,26,170.885,483.375,59.0375,0.1749
mcw,489,2,27,170.985,483.51,47.4882,0.1628
mcw,489,2,28,171.105,483.625,40.2355,0.1703
mcw,489,2,29,171.245,483.715,25.0177,0.1655
mcw,489,2,30,171.405,483.775,16.3907,0.1772
mcw,489,2,31,171.575,483.81,6.7088,0.1712
mcw,490,0,0,175.525,481.615,2.7268,0.2102
mcw,490,0,1,175.73,481.645,14.0352,0.2062
mcw,490,0,2,175.915,481.71,25.2019,0.1879
mcw,490,0,3,176.08,481.8,32.0044,0.1887
mcw,490,0,4,176.235,481.91,38.6616,0.1921
mcw,490,0,5,176.375,482.045,49.0848,0.1985
mcw,490,0,6,176.495,482.2,55.4907,0.1942
mcw,490,0,7,176.6,482.37,60.9477,0.2059
mcw,490,0,8,176.73,482.65,67.1661,0.4123
mcw,490,0,9,176.86,483.04,75.9627,0.4123
mcw,490,0,10,176.93,483.34,78.6922,0.204
mcw,490,0,11,176.96,483.54,84.2881,0.201
mcw,490,0,12,176.98,483.74,84.2883,0.201
mcw,490,0,13,176.99,483.93,90.0,0.18
mcw,490,0,14,176.99,484.11,90.0,0.18
mcw,490,0,15,176.985,484.3,92.8651,0.2003
mcw,490,0,16,176.965,484.5,98.5306,0.2022
mcw,490,0,17,176.93,484.7,101.3078,0.204
mcw,490,0,18,176.86,485.005,103.7079,0.422
mcw,490,0,19,176.73,485.405,112.3067,0.4215
mcw,490,0,20,176.6,485.685,120.4624,0.1972
mcw,490,0,21,176.495,485.855,122.9057,0.2025
mcw,490,0,22,176.375,486.01,132.8801,0.1911
mcw,490,0,23,176.24,486.145,137.1216,0.191
mcw,490,0,24,176.09,486.26,147.9956,0.1887
mcw,490,0,25,175.92,486.35,156.0362,0.197
mcw,490,0,26,175.73,486.415,165.9627,0.2062
mcw,490,0,27,175.525,486.45,174.5607,0.211
mcw,490,0,28,175.315,486.45,5.4393,0.211
mcw,490,0,29,175.11,486.415,14.0373,0.2062
mcw,490,0,30,174.92,486.35,23.9638,0.197
mcw,490,0,31,174.75,486.26,32.0044,0.1887
mcw,490,0,32,174.6,486.145,42.8784,0.191
mcw,490,0,33,174.465,486.01,47.1199,0.1911
mcw,490,0,34,174.34,485.855,54.7832,0.2081
mcw,490,0,35,174.235,485.685,62.1045,0.1924
mcw,490,0,36,174.11,485.405,67.6933,0.4215
mcw,490,0,37,173.975,485.005,74.9814,0.4245
mcw,490,0,38,173.905,484.7,81.4698,0.2022
mcw,490,0,39,173.875,484.5,81.4694,0.2022
mcw,490,0,40,173.855,484.3,87.1349,0.2003
mcw,490,0,41,173.845,484.11,86.8218,0.1803
mcw,490,0,42,173.845,483.93,93.1781,0.1803
mcw,490,0,43,173.855,483.74,92.8651,0.2003
mcw,490,0,44,173.875,483.54,98.5306,0.2022
mcw,490,0,45,173.905,483.34,98.5302,0.2022
mcw,490,0,46,173.975,483.04,105.3766,0.4148
mcw,490,0,47,174.11,482.65,112.8339,0.4123
mcw,490,0,48,174.24,482.37,119.0523,0.2059
mcw,490,0,49,174.345,482.2,124.5093,0.1942
mcw,490,0,50,174.465,482.045,130.9152,0.1985
mcw,490,0,51,174.6,481.91,139.3979,0.1844
mcw,490,0,52,174.75,481.8,147.9956,0.1887
mcw,490,0,53,174.92,481.71,156.0362,0.197
mcw,490,0,54,175.11,481.645,165.9648,0.2062
mcw,490,0,55,175.315,481.615,177.2732,0.2102
mcw,490,1,0,175.495,485.94,172.4063,0.1513
mcw,490,1,1,175.635,485.91,162.8975,0.136
mcw,490,1,2,175.765,485.855,151.7002,0.1477
mcw,490,1,3,175.885,485.78,143.9722,0.136
mcw,490,1,4,176.03,485.625,128.0464,0.2921
mcw,490,1,5,176.19,485.37,116.5651,0.313
mcw,490,1,6,176.315,485.07,108.9705,0.3384
mcw,490,1,7,176.4,484.75,100.6192,0.3256
mcw,490,1,8,176.45,484.44,97.5962,0.3027
mcw,490,1,9,176.475,484.155,92.12,0.2702
mcw,490,1,10,176.475,483.89,87.7986,0.2602
mcw,490,1,11,176.45,483.61,82.4038,0.3027
mcw,490,1,12,176.4,483.3,79.3808,0.3256
mcw,490,1,13,176.315,482.985,70.4631,0.3289
mcw,490,1,14,176.19,482.69,63.4349,0.313
mcw,490,1,15,176.03,482.435,51.9545,0.2921
mcw,490,1,16,175.885,482.28,36.0278,0.136
mcw,490,1,17,175.765,482.205,28.2998,0.1477
mcw,490,1,18,175.635,482.15,17.1025,0.136
mcw,490,1,19,175.495,482.125,3.8121,0.1503
mcw,490,1,20,175.345,482.125,176.1879,0.1503
mcw,490,1,21,175.2,482.15,164.0542,0.1456
mcw,490,1,22,175.07,482.205,149.7458,0.1389
mcw,490,1,23,174.955,482.28,143.9722,0.136
mcw,490,1,24,174.81,482.435,128.0455,0.2921
mcw,490,1,25,174.65,482.69,116.5651,0.313
mcw,490,1,26,174.525,482.985,109.5369,0.3289
mcw,490,1,27,174.435,483.3,102.3404,0.3276
mcw,490,1,28,174.385,483.61,95.7103,0.3015
mcw,490,1,29,174.36,483.89,94.3996,0.2608
mcw,490,1,30,174.36,484.155,85.7627,0.2707
mcw,490,1,31,174.385,484.44,84.2897,0.3015
mcw,490,1,32,174.435,484.75,77.6596,0.3276
mcw,490,1,33,174.525,485.07,71.0295,0.3384
mcw,490,1,34,174.65,485.37,63.4349,0.313
mcw,490,1,35,174.81,485.625,51.9536,0.2921
mcw,490,1,36,174.955,485.78,36.0278,0.136
mcw,490,1,37,175.07,485.855,30.2542,0.1389
mcw,490,1,38,175.2,485.91,15.9458,0.1456
mcw,490,1,39,175.345,485.94,7.5937,0.1513
mcw,491,0,0,118.0,491.21,0.0,0.34
mcw,491,0,1,118.335,491.22,3.4676,0.3306
mcw,491,0,2,118.65,491.26,11.3108,0.3059
mcw,491,0,3,118.94,491.335,17.8183,0.2941
mcw,491,0,4,119.195,491.45,31.3282,0.2693
mcw,491,0,5,119.41,491.61,41.9877,0.2691
mcw,491,0,6,119.585,491.815,56.8888,0.2746
mcw,491,0,7,119.685,491.995,68.9638,0.1393
mcw,491,0,8,119.73,492.135,75.0684,0.1552
mcw,491,0,9,119.765,492.29,79.381,0.1628
mcw,491,0,10,119.785,492.455,86.6328,0.1703
mcw,491,0,11,119.78,492.685,93.9445,0.2907
mcw,491,0,12,119.735,492.96,105.0687,0.2693
mcw,491,0,13,119.64,493.205,117.553,0.2594
mcw,491,0,14,119.49,493.415,133.4515,0.2617
mcw,491,0,15,119.34,493.55,146.3125,0.1442
mcw,491,0,16,119.215,493.625,151.6988,0.1476
mcw,491,0,17,119.07,493.685,162.6446,0.1676
mcw,491,0,18,118.905,493.735,163.61,0.1772
mcw,491,0,19,118.725,493.78,168.113,0.1942
mcw,491,0,20,118.52,493.815,172.2332,0.222
mcw,491,0,21,118.295,493.84,175.0312,0.2309
mcw,491,0,22,118.05,493.85,0.0,0.26
mcw,491,0,23,117.575,493.85,0.0,0.69
mcw,491,0,24,117.23,491.555,90.0,4.59
mcw,491,0,25,117.53,489.26,0.0,0.6
mcw,491,0,26,117.83,490.235,90.0,1.95
mcw,491,1,0,117.91,493.34,0.0,0.16
mcw,491,1,1,118.1,493.34,0.0,0.22
mcw,491,1,2,118.32,493.33,174.8065,0.2209
mcw,491,1,3,118.54,493.3,169.695,0.2236
mcw,491,1,4,118.75,493.245,160.7098,0.2119
mcw,491,1,5,118.935,493.16,149.5357,0.1972
mcw,491,1,6,119.09,493.04,135.0,0.198
mcw,491,1,7,119.185,492.93,122.0024,0.0943
mcw,491,1,8,119.225,492.84,106.7029,0.1044
mcw,491,1,9,119.255,492.735,105.2544,0.114
mcw,491,1,10,119.275,492.615,94.3961,0.1304
mcw,491,1,11,119.275,492.485,85.6036,0.1304
mcw,491,1,12,119.26,492.365,79.6931,0.1118
mcw,491,1,13,119.23,492.26,68.1978,0.1077
mcw,491,1,14,119.185,492.165,60.9466,0.103
mcw,491,1,15,119.1,492.045,51.3398,0.1921
mcw,491,1,16,118.955,491.92,30.4654,0.1972
mcw,491,1,17,118.775,491.835,20.2266,0.2025
mcw,491,1,18,118.575,491.775,13.3914,0.2159
mcw,491,1,19,118.355,491.74,4.9709,0.2309
mcw,491,1,20,118.13,491.725,2.6011,0.2202
mcw,491,1,21,117.925,491.72,0.0,0.19
mcw,491,1,22,117.83,492.53,90.0,1.62
mcw,492,0,0,123.735,493.785,154.2902,0.2997
mcw,492,0,1,123.455,493.9,160.9734,0.3068
mcw,492,0,2,123.16,493.975,170.5386,0.3041
mcw,492,0,3,122.855,494.01,176.3078,0.3106
mcw,492,0,4,122.575,494.015,2.2911,0.2502
mcw,492,0,5,122.33,493.99,9.4623,0.2433
mcw,492,0,6,122.09,493.945,11.7691,0.2452
mcw,492,0,7,121.855,493.88,19.178,0.2435
mcw,492,0,8,121.635,493.785,27.6462,0.2371
mcw,492,0,9,121.425,493.67,29.7447,0.2419
mcw,492,0,10,121.225,493.54,36.385,0.236
mcw,492,0,11,121.045,493.395,41.423,0.2267
mcw,492,0,12,120.88,493.235,46.7361,0.2334
mcw,492,0,13,120.725,493.055,51.7099,0.2421
mcw,492,0,14,120.59,492.86,59.0369,0.2332
mcw,492,0,15,120.475,492.65,63.4349,0.246
mcw,492,0,16,120.38,492.425,70.8208,0.2435
mcw,492,0,17,120.31,492.195,75.3794,0.2377
mcw,492,0,18,120.26,491.955,80.9095,0.2532
mcw,492,0,19,120.235,491.7,87.7969,0.2602
mcw,492,0,20,120.235,491.445,92.2911,0.2502
mcw,492,0,21,120.26,491.2,99.4626,0.2433
mcw,492,0,22,120.31,490.96,104.0358,0.2474
mcw,492,0,23,120.38,490.73,109.9834,0.2341
mcw,492,0,24,120.47,490.515,115.4631,0.2326
mcw,492,0,25,120.585,490.31,123.0227,0.2385
mcw,492,0,26,120.72,490.12,127.8748,0.228
mcw,492,0,27,120.87,489.945,133.2653,0.2335
mcw,492,0,28,121.035,489.785,138.5757,0.2267
mcw,492,0,29,121.215,489.64,143.6161,0.236
mcw,492,0,30,121.41,489.51,149.0369,0.2332
mcw,492,0,31,121.615,489.4,154.5352,0.2326
mcw,492,0,32,121.83,489.315,162.35,0.2309
mcw,492,0,33,122.055,489.25,165.3799,0.2377
mcw,492,0,34,122.29,489.2,170.5374,0.2433
mcw,492,0,35,122.535,489.175,177.7089,0.2502
mcw,492,0,36,122.815,489.18,3.6922,0.3106
mcw,492,0,37,123.125,489.22,10.9534,0.3158
mcw,492,0,38,123.435,489.3,17.8786,0.3257
mcw,492,0,39,123.73,489.42,26.5651,0.313
mcw,492,0,40,123.87,489.83,90.0,0.68
mcw,492,0,41,123.735,490.065,37.8752,0.342
mcw,492,0,42,123.445,489.885,25.8208,0.3444
mcw,492,0,43,123.13,489.76,17.3538,0.3353
mcw,492,0,44,122.805,489.695,5.1942,0.3314
mcw,492,0,45,122.545,489.685,176.9865,0.1903
mcw,492,0,46,122.355,489.705,171.0278,0.1924
mcw,492,0,47,122.175,489.745,163.6093,0.1772
mcw,492,0,48,122.005,489.8,160.5605,0.1803
mcw,492,0,49,121.765,489.92,149.859,0.3585
mcw,492,0,50,121.475,490.13,138.3664,0.3612
mcw,492,0,51,121.235,490.39,126.8699,0.35
mcw,492,0,52,121.045,490.695,117.256,0.3712
mcw,492,0,53,120.93,490.945,109.4395,0.1803
mcw,492,0,54,120.88,491.12,102.5291,0.1844
mcw,492,0,55,120.845,491.305,98.9722,0.1924
mcw,492,0,56,120.825,491.495,93.0134,0.1903
mcw,492,0,57,120.825,491.685,86.9865,0.1903
mcw,492,0,58,120.845,491.875,81.0278,0.1924
mcw,492,0,59,120.88,492.06,77.4709,0.1844
mcw,492,0,60,120.93,492.24,71.5658,0.1897
mcw,492,0,61,121.045,492.495,62.744,0.3712
mcw,492,0,62,121.24,492.8,51.8425,0.3561
mcw,492,0,63,121.485,493.06,41.6336,0.3612
mcw,492,0,64,121.775,493.27,30.1416,0.3585
mcw,492,0,65,122.015,493.39,19.4387,0.1803
mcw,492,0,66,122.185,493.445,16.3907,0.1772
mcw,492,0,67,122.365,493.485,8.9725,0.1923
mcw,492,0,68,122.555,493.505,3.0134,0.1903
mcw,492,0,69,122.815,493.495,174.8058,0.3314
mcw,492,0,70,123.14,493.435,164.2907,0.3324
mcw,492,0,71,123.45,493.32,154.9834,0.3311
mcw,492,0,72,123.735,493.15,143.4712,0.336
mcw,492,0,73,123.87,493.385,90.0,0.67
mcw,493,0,0,126.33,491.3,14.0358,0.2474
mcw,493,0,1,126.56,491.375,22.2498,0.2377
mcw,493,0,2,126.76,491.485,35.837,0.222
mcw,493,0,3,126.93,491.63,45.0,0.2263
mcw,493,0,4,127.075,491.805,55.6195,0.2302
mcw,493,0,5,127.185,492.005,66.8022,0.2285
mcw,493,0,6,127.26,492.22,74.7437,0.228
mcw,493,0,7,127.295,492.45,87.6154,0.2402
mcw,493,0,8,127.285,492.725,95.5274,0.3114
mcw,493,0,9,127.21,493.03,111.8004,0.3231
mcw,493,0,10,127.06,493.31,124.6958,0.3162
mcw,493,0,11,126.845,493.54,141.3396,0.3202
mcw,493,0,12,126.575,493.7,157.5215,0.3138
mcw,493,0,13,126.27,493.79,169.3794,0.3256
mcw,493,0,14,125.95,493.835,174.6444,0.3214
mcw,493,0,15,125.63,493.85,0.0,0.32
mcw,493,0,16,125.11,493.85,0.0,0.72
mcw,493,0,17,124.75,491.555,90.0,4.59
mcw,493,0,18,125.05,489.26,0.0,0.6
mcw,493,0,19,125.35,490.235,90.0,1.95
mcw,493,0,20,125.47,491.21,0.0,0.24
mcw,493,0,21,126.28,490.235,125.2868,2.3889
mcw,493,0,22,127.31,489.26,0.0,0.68
mcw,493,0,23,126.93,490.265,125.6185,2.4726
mcw,493,1,0,125.425,493.34,0.0,0.15
mcw,493,1,1,125.615,493.34,0.0,0.23
mcw,493,1,2,125.84,493.325,172.2352,0.222
mcw,493,1,3,126.06,493.29,169.695,0.2236
mcw,493,1,4,126.27,493.235,160.7104,0.2119
mcw,493,1,5,126.455,493.15,149.5346,0.1972
mcw,493,1,6,126.605,493.03,132.8784,0.191
mcw,493,1,7,126.715,492.87,116.566,0.2012
mcw,493,1,8,126.775,492.66,97.1246,0.2419
mcw,493,1,9,126.775,492.42,82.8752,0.2419
mcw,493,1,10,126.72,492.205,67.1661,0.2062
mcw,493,1,11,126.615,492.04,47.1199,0.1911
mcw,493,1,12,126.47,491.92,32.0056,0.1887
mcw,493,1,13,126.295,491.835,20.2245,0.2025
mcw,493,1,14,126.095,491.775,13.3914,0.2159
mcw,493,1,15,125.875,491.74,4.9709,0.2309
mcw,493,1,16,125.65,491.725,2.6031,0.2202
mcw,493,1,17,125.445,491.72,0.0,0.19
mcw,493,1,18,125.35,492.53,90.0,1.62
mcw,494,0,0,131.365,492.95,53.7344,2.6542
mcw,494,0,1,130.49,491.74,57.2657,0.3329
mcw,494,0,2,130.325,491.455,62.6511,0.3265
mcw,494,0,3,130.22,491.23,69.4404,0.1709
mcw,494,0,4,130.17,491.07,75.9657,0.1649
mcw,494,0,5,130.135,490.91,79.381,0.1628
mcw,494,0,6,130.115,490.74,86.8219,0.1803
mcw,494,0,7,130.125,490.5,95.7104,0.3015
mcw,494,0,8,130.185,490.21,107.8183,0.2941
mcw,494,0,9,130.305,489.945,120.9627,0.2915
mcw,494,0,10,130.47,489.71,129.2905,0.2843
mcw,494,0,11,130.67,489.51,140.7107,0.2843
mcw,494,0,12,130.91,489.355,153.4336,0.2907
mcw,494,0,13,131.175,489.245,161.566,0.2846
mcw,494,0,14,131.46,489.185,174.2897,0.3015
mcw,494,0,15,131.76,489.185,5.7106,0.3015
mcw,494,0,16,132.05,489.245,17.8183,0.2941
mcw,494,0,17,132.32,489.36,28.3011,0.2953
mcw,494,0,18,132.555,489.52,40.6013,0.2766
mcw,494,0,19,132.75,489.725,51.9521,0.2921
mcw,494,0,20,132.91,489.97,61.6995,0.2953
mcw,494,0,21,133.02,490.245,74.5775,0.3008
mcw,494,0,22,133.075,490.545,84.4726,0.3114
mcw,494,0,23,133.08,490.835,94.2373,0.2707
mcw,494,0,24,133.035,491.105,104.5327,0.2789
mcw,494,0,25,132.94,491.365,115.6429,0.2773
mcw,494,0,26,132.805,491.595,125.5367,0.2581
mcw,494,0,27,132.635,491.795,135.0,0.2687
mcw,494,0,28,132.43,491.96,147.5291,0.2608
mcw,494,0,29,132.195,492.075,160.2019,0.2657
mcw,494,0,30,131.935,492.135,173.6602,0.2717
mcw,494,0,31,131.68,492.135,7.125,0.2419
mcw,494,0,32,131.455,492.08,20.8543,0.2247
mcw,494,0,33,131.34,492.045,153.4349,0.0224
mcw,494,0,34,131.945,492.91,54.4306,2.1146
mcw,494,0,35,132.355,493.895,148.6272,0.4802
mcw,494,1,0,131.505,489.69,173.9921,0.1911
mcw,494,1,1,131.32,489.73,161.5651,0.1897
mcw,494,1,2,131.145,489.805,152.1014,0.1924
mcw,494,1,3,130.99,489.91,139.3997,0.1844
mcw,494,1,4,130.855,490.045,130.9152,0.1985
mcw,494,1,5,130.745,490.2,119.3562,0.1836
mcw,494,1,6,130.67,490.375,107.5253,0.1992
mcw,494,1,7,130.63,490.57,95.7117,0.201
mcw,494,1,8,130.63,490.76,83.6585,0.1811
mcw,494,1,9,130.675,490.94,68.7517,0.1931
mcw,494,1,10,130.755,491.115,62.1034,0.1924
mcw,494,1,11,130.86,491.27,49.3961,0.1844
mcw,494,1,12,130.995,491.405,40.9149,0.1985
mcw,494,1,13,131.155,491.515,27.8986,0.1924
mcw,494,1,14,131.33,491.59,18.4335,0.1897
mcw,494,1,15,131.51,491.63,6.3418,0.1811
mcw,494,1,16,131.69,491.63,173.6587,0.1811
mcw,494,1,17,131.87,491.59,161.5651,0.1897
mcw,494,1,18,132.045,491.515,152.1014,0.1924
mcw,494,1,19,132.2,491.415,141.8425,0.178
mcw,494,1,20,132.335,491.285,130.9166,0.1985
mcw,494,1,21,132.45,491.125,120.4662,0.1972
mcw,494,1,22,132.53,490.945,107.5253,0.1992
mcw,494,1,23,132.57,490.745,95.4374,0.2109
mcw,494,1,24,132.57,490.54,84.2927,0.201
mcw,494,1,25,132.53,490.355,70.5605,0.1803
mcw,494,1,26,132.455,490.185,62.0994,0.1924
mcw,494,1,27,132.345,490.03,47.1233,0.191
mcw,494,1,28,132.21,489.905,38.1575,0.178
mcw,494,1,29,132.055,489.805,27.8986,0.1924
mcw,494,1,30,131.88,489.73,18.4335,0.1897
mcw,494,1,31,131.695,489.69,6.0079,0.1911
mcw,495,0,0,135.15,491.3,90.0,4.08
mcw,495,0,1,135.405,489.26,0.0,0.51
mcw,495,0,2,135.66,491.555,90.0,4.59
mcw,495,0,3,135.16,493.85,0.0,1.0
mcw,495,0,4,134.505,493.595,58.7073,0.5968
mcw,495,0,5,134.75,493.34,0.0,0.8
mcw,496,0,0,139.225,489.18,5.4393,0.211
mcw,496,0,1,139.43,489.215,14.0373,0.2062
mcw,496,0,2,139.615,489.275,22.3803,0.1838
mcw,496,0,3,139.785,489.36,30.4654,0.1972
mcw,496,0,4,139.94,489.475,42.8801,0.1911
mcw,496,0,5,140.075,489.61,47.1199,0.1911
mcw,496,0,6,140.195,489.765,57.0943,0.2025
mcw,496,0,7,140.3,489.935,59.5365,0.1972
mcw,496,0,8,140.43,490.21,67.1661,0.4123
mcw,496,0,9,140.565,490.605,74.9814,0.4245
mcw,496,0,10,140.635,490.91,81.4694,0.2022
mcw,496,0,11,140.665,491.11,81.4698,0.2022
mcw,496,0,12,140.685,491.305,86.9843,0.1903
mcw,496,0,13,140.695,491.49,86.8219,0.1803
mcw,496,0,14,140.695,491.675,93.0112,0.1903
mcw,496,0,15,140.685,491.865,93.0157,0.1903
mcw,496,0,16,140.665,492.06,98.5306,0.2022
mcw,496,0,17,140.635,492.265,98.1298,0.2121
mcw,496,0,18,140.565,492.575,105.0183,0.4245
mcw,496,0,19,140.43,492.97,112.8343,0.4123
mcw,496,0,20,140.3,493.25,119.0523,0.2059
mcw,496,0,21,140.195,493.42,124.5081,0.1942
mcw,496,0,22,140.075,493.575,130.9152,0.1985
mcw,496,0,23,139.94,493.715,137.1216,0.191
mcw,496,0,24,139.79,493.83,147.9956,0.1887
mcw,496,0,25,139.62,493.92,156.0362,0.197
mcw,496,0,26,139.43,493.985,165.9648,0.2062
mcw,496,0,27,139.225,494.015,177.2732,0.2102
mcw,496,0,28,139.015,494.015,2.7268,0.2102
mcw,496,0,29,138.81,493.985,14.0352,0.2062
mcw,496,0,30,138.62,493.92,23.9638,0.197
mcw,496,0,31,138.45,493.83,32.0044,0.1887
mcw,496,0,32,138.3,493.715,42.8784,0.191
mcw,496,0,33,138.165,493.575,49.0848,0.1985
mcw,496,0,34,138.045,493.42,55.4919,0.1942
mcw,496,0,35,137.94,493.25,60.9477,0.2059
mcw,496,0,36,137.81,492.97,67.1657,0.4123
mcw,496,0,37,137.675,492.575,74.9817,0.4245
mcw,496,0,38,137.605,492.265,81.8702,0.2121
mcw,496,0,39,137.575,492.06,81.4694,0.2022
mcw,496,0,40,137.555,491.865,86.9843,0.1903
mcw,496,0,41,137.545,491.675,86.9888,0.1903
mcw,496,0,42,137.545,491.49,93.1781,0.1803
mcw,496,0,43,137.555,491.305,93.0157,0.1903
mcw,496,0,44,137.575,491.11,98.5302,0.2022
mcw,496,0,45,137.605,490.91,98.5306,0.2022
mcw,496,0,46,137.675,490.605,105.0186,0.4245
mcw,496,0,47,137.81,490.21,112.8339,0.4123
mcw,496,0,48,137.94,489.935,120.4635,0.1972
mcw,496,0,49,138.045,489.765,122.9057,0.2025
mcw,496,0,50,138.165,489.61,132.8801,0.1911
mcw,496,0,51,138.3,489.475,137.1199,0.1911
mcw,496,0,52,138.455,489.36,149.5346,0.1972
mcw,496,0,53,138.625,489.275,157.6197,0.1838
mcw,496,0,54,138.81,489.215,165.9627,0.2062
mcw,496,0,55,139.015,489.18,174.5607,0.211
mcw,496,1,0,139.195,493.505,176.1879,0.1503
mcw,496,1,1,139.335,493.48,162.8975,0.136
mcw,496,1,2,139.465,493.425,151.7002,0.1477
mcw,496,1,3,139.585,493.345,140.7095,0.1421
mcw,496,1,4,139.73,493.185,128.0464,0.2921
mcw,496,1,5,139.89,492.93,116.5651,0.313
mcw,496,1,6,140.015,492.635,109.5365,0.3289
mcw,496,1,7,140.1,492.32,100.6192,0.3256
mcw,496,1,8,140.15,492.01,97.5964,0.3027
mcw,496,1,9,140.175,491.725,92.1199,0.2702
mcw,496,1,10,140.175,491.455,87.88,0.2702
mcw,496,1,11,140.15,491.17,82.4038,0.3027
mcw,496,1,12,140.1,490.86,79.3808,0.3256
mcw,496,1,13,140.015,490.55,69.8633,0.3195
mcw,496,1,14,139.89,490.26,63.4356,0.3131
mcw,496,1,15,139.73,490.005,51.9536,0.2921
mcw,496,1,16,139.585,489.845,39.2905,0.1421
mcw,496,1,17,139.465,489.77,24.7734,0.1432
mcw,496,1,18,139.335,489.72,17.1025,0.136
mcw,496,1,19,139.195,489.69,7.5937,0.1513
mcw,496,1,20,139.045,489.69,172.4063,0.1513
mcw,496,1,21,138.905,489.72,162.8975,0.136
mcw,496,1,22,138.775,489.77,155.2266,0.1432
mcw,496,1,23,138.655,489.845,140.7095,0.1421
mcw,496,1,24,138.51,490.005,128.0464,0.2921
mcw,496,1,25,138.35,490.26,116.5644,0.3131
mcw,496,1,26,138.225,490.55,110.1367,0.3195
mcw,496,1,27,138.135,490.86,102.3404,0.3276
mcw,496,1,28,138.085,491.17,95.7103,0.3015
mcw,496,1,29,138.065,491.455,92.12,0.2702
mcw,496,1,30,138.065,491.725,87.8801,0.2702
mcw,496,1,31,138.085,492.01,84.2896,0.3015
mcw,496,1,32,138.135,492.32,77.6596,0.3276
mcw,496,1,33,138.225,492.635,70.4635,0.3289
mcw,496,1,34,138.35,492.93,63.4349,0.313
mcw,496,1,35,138.51,493.185,51.9536,0.2921
mcw,496,1,36,138.655,493.345,39.2905,0.1421
mcw,496,1,37,138.775,493.425,28.2998,0.1477
mcw,496,1,38,138.905,493.48,17.1025,0.136
mcw,496,1,39,139.045,493.505,3.8121,0.1503
mcw,497,0,0,145.8,493.595,90.0,0.51
mcw,497,0,1,144.675,493.85,0.0,2.25
mcw,497,0,2,143.55,491.555,90.0,4.59
mcw,497,0,3,143.845,489.26,0.0,0.59
mcw,497,0,4,144.14,490.405,90.0,2.29
mcw,497,0,5,144.945,491.55,0.0,1.61
mcw,497,0,6,145.75,491.805,90.0,0.51
mcw,497,0,7,144.945,492.06,0.0,1.61
mcw,497,0,8,144.14,492.7,90.0,1.28
mcw,497,0,9,144.97,493.34,0.0,1.66
mcw,498,0,0,147.68,491.6,66.5659,6.3868
mcw,498,0,1,146.63,488.575,156.6436,0.4793
mcw,498,0,2,148.12,491.425,66.6723,6.4143
mcw,498,0,3,149.17,494.45,160.0166,0.4682
mcw,499,0,0,153.515,493.785,154.2909,0.2997
mcw,499,0,1,153.235,493.9,160.9729,0.3068
mcw,499,0,2,152.94,493.975,170.5386,0.3041
mcw,499,0,3,152.635,494.01,176.3078,0.3106
mcw,499,0,4,152.355,494.015,2.2911,0.2502
mcw,499,0,5,152.11,493.99,9.4623,0.2433
mcw,499,0,6,151.87,493.945,11.7695,0.2451
mcw,499,0,7,151.635,493.88,19.1769,0.2435
mcw,499,0,8,151.415,493.785,27.6471,0.2371
mcw,499,0,9,151.205,493.67,29.7447,0.2419
mcw,499,0,10,151.005,493.54,36.3839,0.236
mcw,499,0,11,150.825,493.395,41.4243,0.2267
mcw,499,0,12,150.66,493.235,46.7347,0.2335
mcw,499,0,13,150.505,493.055,51.7113,0.2421
mcw,499,0,14,150.37,492.86,59.0369,0.2332
mcw,499,0,15,150.255,492.65,63.4349,0.246
mcw,499,0,16,150.16,492.425,70.8208,0.2435
mcw,499,0,17,150.09,492.195,75.3794,0.2377
mcw,499,0,18,150.04,491.955,80.9078,0.2532
mcw,499,0,19,150.015,491.7,87.7986,0.2602
mcw,499,0,20,150.015,491.445,92.2894,0.2502
mcw,499,0,21,150.04,491.2,99.4644,0.2433
mcw,499,0,22,150.09,490.96,104.0358,0.2474
mcw,499,0,23,150.16,490.73,109.9834,0.2341
mcw,499,0,24,150.25,490.515,115.4614,0.2326
mcw,499,0,25,150.365,490.31,123.0243,0.2385
mcw,499,0,26,150.5,490.12,127.8748,0.228
mcw,499,0,27,150.65,489.945,133.2653,0.2335
mcw,499,0,28,150.815,489.785,138.5757,0.2267
mcw,499,0,29,150.995,489.64,143.6161,0.236
mcw,499,0,30,151.19,489.51,149.0369,0.2332
mcw,499,0,31,151.395,489.4,154.536,0.2326
mcw,499,0,32,151.61,489.315,162.35,0.2309
mcw,499,0,33,151.835,489.25,165.3794,0.2377
mcw,499,0,34,152.07,489.2,170.5371,0.2433
mcw,499,0,35,152.315,489.175,177.7089,0.2502
mcw,499,0,36,152.595,489.18,3.692,0.3107
mcw,499,0,37,152.905,489.22,10.9537,0.3158
mcw,499,0,38,153.215,489.3,17.8786,0.3257
mcw,499,0,39,153.51,489.42,26.5651,0.313
mcw,499,0,40,153.65,489.83,90.0,0.68
mcw,499,0,41,153.515,490.065,37.8744,0.3421
mcw,499,0,42,153.225,489.885,25.8214,0.3444
mcw,499,0,43,152.91,489.76,17.3542,0.3353
mcw,499,0,44,152.585,489.695,5.1942,0.3314
mcw,499,0,45,152.325,489.685,176.9866,0.1903
mcw,499,0,46,152.135,489.705,171.0278,0.1924
mcw,499,0,47,151.955,489.745,163.6093,0.1772
mcw,499,0,48,151.785,489.8,160.5605,0.1803
mcw,499,0,49,151.545,489.92,149.8584,0.3585
mcw,499,0,50,151.255,490.13,138.3672,0.3612
mcw,499,0,51,151.015,490.39,126.8709,0.35
mcw,499,0,52,150.825,490.695,117.2549,0.3712
mcw,499,0,53,150.71,490.945,109.4395,0.1803
mcw,499,0,54,150.66,491.12,102.5268,0.1844
mcw,499,0,55,150.625,491.305,98.9722,0.1924
mcw,499,0,56,150.605,491.495,93.0157,0.1903
mcw,499,0,57,150.605,491.685,86.9842,0.1903
mcw,499,0,58,150.625,491.875,81.0278,0.1924
mcw,499,0,59,150.66,492.06,77.4732,0.1844
mcw,499,0,60,150.71,492.24,71.5658,0.1897
mcw,499,0,61,150.825,492.495,62.7451,0.3712
mcw,499,0,62,151.02,492.8,51.8425,0.3561
mcw,499,0,63,151.265,493.06,41.6328,0.3612
mcw,499,0,64,151.555,493.27,30.1416,0.3585
mcw,499,0,65,151.795,493.39,19.4395,0.1803
mcw,499,0,66,151.965,493.445,16.3907,0.1772
mcw,499,0,67,152.145,493.485,8.9722,0.1924
mcw,499,0,68,152.335,493.505,3.0134,0.1903
mcw,499,0,69,152.595,493.495,174.8058,0.3314
mcw,499,0,70,152.92,493.435,164.2903,0.3324
mcw,499,0,71,153.23,493.32,154.9834,0.3311
mcw,499,0,72,153.515,493.15,143.472,0.336
mcw,499,0,73,153.65,493.385,90.0,0.67
mcw,500,0,0,155.54,491.6,66.5659,6.3868
mcw,500,0,1,154.49,488.575,156.6436,0.4793
mcw,500,0,2,155.98,491.425,66.6723,6.4143
mcw,500,0,3,157.03,494.45,160.0166,0.4682
mcw,501,0,0,158.42,490.54,60.6422,2.9372
mcw,501,0,1,158.02,489.26,0.0,0.64
mcw,501,0,2,158.9,490.265,60.8725,2.301
mcw,501,0,3,160.005,490.265,118.4705,2.2865
mcw,501,0,4,160.87,489.26,0.0,0.64
mcw,501,0,5,160.49,490.54,118.6733,2.9178
mcw,501,0,6,160.455,492.835,56.7682,2.4269
mcw,501,0,7,160.79,493.85,0.0,0.66
mcw,501,0,8,159.96,493.085,56.8316,1.8278
mcw,501,0,9,158.995,493.085,121.2933,1.7905
mcw,501,0,10,158.2,493.85,0.0,0.66
mcw,501,0,11,158.505,492.835,122.0308,2.3945
mcw,502,0,0,162.87,491.6,66.5659,6.3868
mcw,502,0,1,161.82,488.575,156.6436,0.4793
mcw,502,0,2,163.31,491.425,66.6723,6.4143
mcw,502,0,3,164.36,494.45,160.0166,0.4682
mcw,503,0,0,167.28,493.34,0.0,1.1
mcw,503,0,1,167.83,493.595,90.0,0.51
mcw,503,0,2,166.435,493.85,0.0,2.79
mcw,503,0,3,165.04,493.595,90.0,0.51
mcw,503,0,4,165.585,493.34,0.0,1.09
mcw,503,0,5,166.13,491.3,90.0,4.08
mcw,503,0,6,166.43,489.26,0.0,0.6
mcw,503,0,7,166.73,491.3,90.0,4.08
mcw,504,0,0,102.91,498.865,11.7691,0.2452
mcw,504,0,1,103.14,498.94,24.4435,0.2417
mcw,504,0,2,103.345,499.055,34.3794,0.2302
mcw,504,0,3,103.515,499.2,46.848,0.2193
mcw,504,0,4,103.655,499.37,54.163,0.222
mcw,504,0,5,103.765,499.565,66.8022,0.2285
mcw,504,0,6,103.84,499.78,74.7437,0.228
mcw,504,0,7,103.88,500.01,85.2371,0.2408
mcw,504,0,8,103.87,500.29,97.1252,0.3225
mcw,504,0,9,103.795,500.595,110.7723,0.3102
mcw,504,0,10,103.645,500.87,126.1572,0.322
mcw,504,0,11,103.43,501.105,138.8148,0.3189
mcw,504,0,12,103.16,501.27,158.1991,0.3231
mcw,504,0,13,102.855,501.36,169.0449,0.3158
mcw,504,0,14,102.54,501.4,176.4243,0.3206
mcw,504,0,15,102.215,501.415,178.2639,0.3301
mcw,504,0,16,101.69,501.42,0.0,0.72
mcw,504,0,17,101.33,499.12,90.0,4.6
mcw,504,0,18,101.63,496.82,0.0,0.6
mcw,504,0,19,101.93,497.8,90.0,1.96
mcw,504,0,20,102.055,498.78,0.0,0.25
mcw,504,0,21,102.87,497.8,125.1486,2.3971
mcw,504,0,22,103.9,496.82,0.0,0.68
mcw,504,0,23,103.515,497.83,125.6716,2.4865
mcw,504,1,0,102.01,500.91,0.0,0.16
mcw,504,1,1,102.2,500.905,177.3968,0.2202
mcw,504,1,2,102.425,500.89,175.0312,0.2309
mcw,504,1,3,102.645,500.86,169.2154,0.2138
mcw,504,1,4,102.85,500.805,160.7104,0.2119
mcw,504,1,5,103.035,500.72,149.5346,0.1972
mcw,504,1,6,103.19,500.6,135.0,0.198
mcw,504,1,7,103.3,500.435,112.8339,0.2062
mcw,504,1,8,103.36,500.225,99.864,0.2335
mcw,504,1,9,103.365,499.99,82.8752,0.2419
mcw,504,1,10,103.305,499.775,64.655,0.2102
mcw,504,1,11,103.2,499.61,49.3979,0.1844
mcw,504,1,12,103.055,499.485,32.9057,0.2025
mcw,504,1,13,102.875,499.395,20.2245,0.2025
mcw,504,1,14,102.675,499.34,10.7826,0.2138
mcw,504,1,15,102.46,499.31,5.1955,0.2209
mcw,504,1,16,102.235,499.295,2.4901,0.2302
mcw,504,1,17,102.025,499.29,0.0,0.19
mcw,504,1,18,101.93,500.1,90.0,1.62
mcw,505,0,0,104.68,501.42,0.0,0.62
mcw,505,0,1,105.33,499.035,111.9256,5.1419
mcw,505,0,2,106.945,498.345,68.872,3.6343
mcw,505,0,3,108.255,498.345,111.128,3.6343
mcw,505,0,4,109.875,499.035,67.9711,5.1457
mcw,505,0,5,110.525,501.42,0.0,0.63
mcw,505,0,6,109.56,499.785,68.3195,3.5189
mcw,505,0,7,108.255,499.87,110.8475,3.681
mcw,505,0,8,106.95,499.905,68.9055,3.612
mcw,505,0,9,105.645,499.82,112.2629,3.4578
mcw,506,0,0,112.41,497.84,90.0,2.04
mcw,506,0,1,112.71,496.82,0.0,0.6
mcw,506,0,2,113.01,497.84,90.0,2.04
mcw,506,0,3,113.765,500.14,59.466,2.9722
mcw,506,0,4,114.185,501.42,0.0,0.67
mcw,506,0,5,113.28,500.455,59.4308,2.2415
mcw,506,0,6,112.14,500.455,120.5692,2.2415
mcw,506,0,7,111.235,501.42,0.0,0.67
mcw,506,0,8,111.655,500.14,120.534,2.9722
mcw,507,0,0,118.21,498.865,90.0,4.09
mcw,507,0,1,118.465,496.82,0.0,0.51
mcw,507,0,2,118.72,499.12,90.0,4.6
mcw,507,0,3,118.225,501.42,0.0,0.99
mcw,507,0,4,117.57,501.165,57.8939,0.6021
mcw,507,0,5,117.81,500.91,0.0,0.8
mcw,508,0,0,120.795,497.95,95.7103,0.3015
mcw,508,0,1,120.85,497.665,106.5049,0.2816
mcw,508,0,2,120.955,497.415,119.475,0.2642
mcw,508,0,3,121.105,497.2,130.3659,0.2625
mcw,508,0,4,121.29,497.025,143.1294,0.25
mcw,508,0,5,121.51,496.89,153.4357,0.2683
mcw,508,0,6,121.765,496.795,165.4658,0.2789
mcw,508,0,7,122.04,496.75,175.9135,0.2807
mcw,508,0,8,122.325,496.75,3.946,0.2907
mcw,508,0,9,122.6,496.795,15.0687,0.2693
mcw,508,0,10,122.85,496.89,26.5636,0.2683
mcw,508,0,11,123.075,497.025,35.5381,0.2581
mcw,508,0,12,123.265,497.2,49.6353,0.2625
mcw,508,0,13,123.415,497.415,60.525,0.2642
mcw,508,0,14,123.52,497.665,73.4951,0.2816
mcw,508,0,15,123.575,497.95,84.2897,0.3015
mcw,508,0,16,123.585,498.19,93.1781,0.1803
mcw,508,0,17,123.56,498.365,103.2409,0.1746
mcw,508,0,18,123.515,498.53,107.3546,0.1676
mcw,508,0,19,123.45,498.69,116.5661,0.1789
mcw,508,0,20,123.365,498.835,124.6931,0.1581
mcw,508,0,21,123.26,498.96,135.0018,0.1697
mcw,508,0,22,123.13,499.07,144.4626,0.172
mcw,508,0,23,122.98,499.16,153.4339,0.1789
mcw,508,0,24,123.03,499.295,36.1591,0.322
mcw,508,0,25,123.255,499.515,52.7648,0.314
mcw,508,0,26,123.38,499.71,66.8022,0.1523
mcw,508,0,27,123.435,499.855,71.5642,0.1581
mcw,508,0,28,123.475,500.01,79.3805,0.1628
mcw,508,0,29,123.495,500.175,86.6329,0.1703
mcw,508,0,30,123.49,500.4,94.0865,0.2807
mcw,508,0,31,123.44,500.67,107.1019,0.272
mcw,508,0,32,123.345,500.91,116.5651,0.246
mcw,508,0,33,123.21,501.115,130.1012,0.2484
mcw,508,0,34,123.03,501.29,141.3405,0.2561
mcw,508,0,35,122.82,501.43,151.3891,0.2506
mcw,508,0,36,122.585,501.525,164.3578,0.2596
mcw,508,0,37,122.32,501.575,173.8847,0.2816
mcw,508,0,38,122.045,501.575,6.3398,0.2717
mcw,508,0,39,121.785,501.525,15.6422,0.2596
mcw,508,0,40,121.545,501.43,27.5538,0.2594
mcw,508,0,41,121.335,501.29,40.0998,0.2484
mcw,508,0,42,121.16,501.115,49.9002,0.2484
mcw,508,0,43,121.02,500.91,61.3891,0.2506
mcw,508,0,44,120.925,500.67,74.9313,0.2693
mcw,508,0,45,120.875,500.4,83.8847,0.2816
mcw,508,0,46,120.865,500.175,93.3645,0.1703
mcw,508,0,47,120.885,500.01,100.6221,0.1628
mcw,508,0,48,120.925,499.855,108.4332,0.1581
mcw,508,0,49,120.985,499.71,116.5651,0.1565
mcw,508,0,50,121.11,499.515,125.7539,0.3081
mcw,508,0,51,121.32,499.295,141.6328,0.3061
mcw,508,0,52,121.365,499.16,28.0728,0.17
mcw,508,0,53,121.225,499.07,37.5671,0.164
mcw,508,0,54,121.1,498.96,45.0,0.1697
mcw,508,0,55,120.995,498.835,55.3047,0.1581
mcw,508,0,56,120.91,498.69,63.4339,0.1789
mcw,508,0,57,120.845,498.53,72.6478,0.1676
mcw,508,0,58,120.805,498.365,79.9923,0.1726
mcw,508,0,59,120.785,498.19,86.8195,0.1803
mcw,508,1,0,122.26,501.07,172.8733,0.1612
mcw,508,1,1,122.415,501.035,161.5668,0.1581
mcw,508,1,2,122.56,500.975,153.4325,0.1565
mcw,508,1,3,122.69,500.89,140.1955,0.1562
mcw,508,1,4,122.8,500.78,129.8063,0.1562
mcw,508,1,5,122.89,500.65,119.7456,0.1612
mcw,508,1,6,122.95,500.505,104.9316,0.1552
mcw,508,1,7,122.98,500.345,96.7088,0.1712
mcw,508,1,8,122.98,500.19,81.8716,0.1414
mcw,508,1,9,122.945,500.05,70.345,0.1487
mcw,508,1,10,122.88,499.91,60.2544,0.1612
mcw,508,1,11,122.79,499.78,50.1937,0.1562
mcw,508,1,12,122.675,499.665,40.2371,0.1703
mcw,508,1,13,122.545,499.57,31.6071,0.1526
mcw,508,1,14,122.405,499.505,18.4367,0.1581
mcw,508,1,15,122.255,499.47,7.5933,0.1513
mcw,508,1,16,122.105,499.47,172.4067,0.1513
mcw,508,1,17,121.96,499.505,160.345,0.1487
mcw,508,1,18,121.82,499.57,150.2544,0.1612
mcw,508,1,19,121.69,499.665,137.49,0.1628
mcw,508,1,20,121.58,499.78,129.8063,0.1562
mcw,508,1,21,121.485,499.91,122.7343,0.1664
mcw,508,1,22,121.415,500.05,109.655,0.1487
mcw,508,1,23,121.38,500.19,98.1314,0.1414
mcw,508,1,24,121.38,500.345,83.2887,0.1712
mcw,508,1,25,121.415,500.505,71.5642,0.1581
mcw,508,1,26,121.48,500.65,60.2568,0.1612
mcw,508,1,27,121.57,500.78,50.1937,0.1562
mcw,508,1,28,121.68,500.89,39.8045,0.1562
mcw,508,1,29,121.81,500.975,26.5675,0.1565
mcw,508,1,30,121.955,501.035,18.4332,0.1581
mcw,508,1,31,122.105,501.07,7.5962,0.1513
mcw,508,2,0,122.27,498.94,173.6609,0.1811
mcw,508,2,1,122.44,498.905,162.6446,0.1676
mcw,508,2,2,122.595,498.845,154.9834,0.1655
mcw,508,2,3,122.74,498.755,141.8425,0.178
mcw,508,2,4,122.865,498.64,132.5118,0.1628
mcw,508,2,5,122.96,498.505,118.0728,0.17
mcw,508,2,6,123.03,498.35,110.5548,0.1709
mcw,508,2,7,123.07,498.185,96.7113,0.1712
mcw,508,2,8,123.07,498.015,83.2887,0.1712
mcw,508,2,9,123.03,497.85,69.4452,0.1709
mcw,508,2,10,122.955,497.7,57.2635,0.1664
mcw,508,2,11,122.855,497.565,49.7629,0.1703
mcw,508,2,12,122.735,497.45,37.5688,0.164
mcw,508,2,13,122.59,497.36,26.5661,0.1789
mcw,508,2,14,122.43,497.29,20.5548,0.1709
mcw,508,2,15,122.265,497.255,3.3672,0.1703
mcw,508,2,16,122.095,497.255,176.6328,0.1703
mcw,508,2,17,121.93,497.29,159.4452,0.1709
mcw,508,2,18,121.775,497.36,151.9272,0.17
mcw,508,2,19,121.635,497.45,142.4312,0.164
mcw,508,2,20,121.51,497.565,132.7106,0.1769
mcw,508,2,21,121.41,497.7,119.7456,0.1612
mcw,508,2,22,121.34,497.85,110.5548,0.1709
mcw,508,2,23,121.3,498.015,96.7088,0.1712
mcw,508,2,24,121.3,498.185,83.2912,0.1712
mcw,508,2,25,121.335,498.35,72.6454,0.1676
mcw,508,2,26,121.405,498.505,59.0375,0.1749
mcw,508,2,27,121.505,498.64,47.4882,0.1628
mcw,508,2,28,121.63,498.755,38.1575,0.178
mcw,508,2,29,121.775,498.845,25.0166,0.1655
mcw,508,2,30,121.93,498.905,17.3546,0.1676
mcw,508,2,31,122.095,498.94,6.7088,0.1712
mcw,509,0,0,124.54,498.82,90.0,0.42
mcw,509,0,1,125.22,498.61,0.0,1.36
mcw,509,0,2,125.9,498.82,90.0,0.42
mcw,509,0,3,125.22,499.03,0.0,1.36
mcw,510,0,0,128.215,499.03,0.0,0.21
mcw,510,0,1,128.415,499.015,171.0271,0.1923
mcw,510,0,2,128.59,498.965,156.3712,0.1746
mcw,510,0,3,128.74,498.88,144.4626,0.172
mcw,510,0,4,128.87,498.765,132.7108,0.1769
mcw,510,0,5,128.975,498.62,119.3574,0.1836
mcw,510,0,6,129.045,498.445,104.7442,0.1965
mcw,510,0,7,129.08,498.25,95.7076,0.201
mcw,510,0,8,129.08,498.055,83.9943,0.1911
mcw,510,0,9,129.045,497.88,72.6454,0.1676
mcw,510,0,10,128.98,497.72,63.4339,0.1789
mcw,510,0,11,128.89,497.575,52.4291,0.164
mcw,510,0,12,128.775,497.455,40.2388,0.1703
mcw,510,0,13,128.635,497.36,28.0716,0.17
mcw,510,0,14,128.475,497.29,19.4395,0.1803
mcw,510,0,15,128.3,497.255,3.1806,0.1803
mcw,510,0,16,128.125,497.255,176.6331,0.1703
mcw,510,0,17,127.965,497.28,165.0704,0.1552
mcw,510,0,18,127.815,497.33,158.1971,0.1616
mcw,510,0,19,127.675,497.4,148.3914,0.1526
mcw,510,0,20,127.555,497.495,135.002,0.1556
mcw,510,0,21,127.455,497.61,126.8681,0.15
mcw,510,0,22,127.38,497.745,111.8029,0.1616
mcw,510,0,23,127.33,497.9,104.0369,0.1649
mcw,510,0,24,127.03,497.98,0.0,0.56
mcw,510,0,25,126.77,497.845,98.4273,0.2729
mcw,510,0,26,126.84,497.585,111.8011,0.2693
mcw,510,0,27,126.955,497.355,121.7606,0.247
mcw,510,0,28,127.11,497.16,134.9988,0.2546
mcw,510,0,29,127.305,497.0,146.3109,0.2524
mcw,510,0,30,127.525,496.875,154.4395,0.2549
mcw,510,0,31,127.765,496.79,166.5048,0.2571
mcw,510,0,32,128.025,496.75,175.7628,0.2707
mcw,510,0,33,128.31,496.75,3.8148,0.3007
mcw,510,0,34,128.6,496.795,14.0362,0.2886
mcw,510,0,35,128.86,496.89,26.5651,0.2683
mcw,510,0,36,129.085,497.03,37.3037,0.264
mcw,510,0,37,129.275,497.21,49.6353,0.2625
mcw,510,0,38,129.425,497.425,60.5235,0.2642
mcw,510,0,39,129.53,497.68,74.0542,0.2912
mcw,510,0,40,129.585,497.97,84.2896,0.3015
mcw,510,0,41,129.595,498.21,93.1829,0.1803
mcw,510,0,42,129.575,498.39,99.4619,0.1825
mcw,510,0,43,129.54,498.56,104.0337,0.1649
mcw,510,0,44,129.485,498.72,113.6321,0.1746
mcw,510,0,45,129.41,498.87,119.7442,0.1613
mcw,510,0,46,129.315,499.005,130.2371,0.1703
mcw,510,0,47,129.195,499.125,139.7612,0.1703
mcw,510,0,48,129.055,499.23,146.3119,0.1803
mcw,510,0,49,129.095,499.38,41.0073,0.3048
mcw,510,0,50,129.295,499.6,54.6897,0.2941
mcw,510,0,51,129.41,499.79,66.8022,0.1523
mcw,510,0,52,129.46,499.935,75.0711,0.1552
mcw,510,0,53,129.49,500.09,82.8733,0.1612
mcw,510,0,54,129.505,500.255,86.6353,0.1703
mcw,510,0,55,129.5,500.475,94.234,0.2707
mcw,510,0,56,129.45,500.735,107.7451,0.2625
mcw,510,0,57,129.355,500.965,117.6462,0.2371
mcw,510,0,58,129.22,501.16,131.6341,0.2408
mcw,510,0,59,129.045,501.325,141.7099,0.2421
mcw,510,0,60,128.84,501.45,155.5565,0.2417
mcw,510,0,61,128.605,501.535,164.3578,0.2596
mcw,510,0,62,128.35,501.58,175.6019,0.2608
mcw,510,0,63,128.085,501.58,4.2356,0.2707
mcw,510,0,64,127.825,501.54,13.4952,0.2571
mcw,510,0,65,127.59,501.465,22.2505,0.2377
mcw,510,0,66,127.39,501.355,35.837,0.222
mcw,510,0,67,127.22,501.205,46.736,0.2335
mcw,510,0,68,127.075,501.02,56.9763,0.2385
mcw,510,0,69,126.965,500.8,69.443,0.2563
mcw,510,0,70,126.89,500.55,77.006,0.2668
mcw,510,0,71,127.145,500.42,0.0,0.57
mcw,510,0,72,127.45,500.49,74.0542,0.1456
mcw,510,0,73,127.495,500.625,68.962,0.1393
mcw,510,0,74,127.555,500.745,57.5273,0.1304
mcw,510,0,75,127.635,500.85,48.0157,0.1345
mcw,510,0,76,127.735,500.935,32.4709,0.1304
mcw,510,0,77,127.85,501.0,26.5636,0.1342
mcw,510,0,78,127.98,501.05,15.9458,0.1456
mcw,510,0,79,128.125,501.075,3.815,0.1503
mcw,510,0,80,128.285,501.07,173.2887,0.1712
mcw,510,0,81,128.445,501.04,165.0691,0.1553
mcw,510,0,82,128.59,500.985,153.4349,0.1565
mcw,510,0,83,128.715,500.905,140.7119,0.1421
mcw,510,0,84,128.82,500.8,129.8023,0.1562
mcw,510,0,85,128.905,500.675,118.3038,0.1476
mcw,510,0,86,128.965,500.53,107.3546,0.1676
mcw,510,0,87,128.995,500.37,93.5745,0.1603
mcw,510,0,88,128.99,500.195,83.9898,0.1911
mcw,510,0,89,128.955,500.02,72.6496,0.1676
mcw,510,0,90,128.89,499.875,58.3929,0.1526
mcw,510,0,91,128.79,499.76,39.8027,0.1562
mcw,510,0,92,128.665,499.67,31.6101,0.1526
mcw,510,0,93,128.525,499.605,18.4323,0.1581
mcw,510,0,94,128.365,499.565,10.0102,0.1726
mcw,510,0,95,128.19,499.55,0.0,0.18
mcw,510,0,96,128.105,499.29,91.1011,0.5201
mcw,511,0,0,131.715,500.52,53.7344,2.6542
mcw,511,0,1,130.84,499.31,57.2657,0.3329
mcw,511,0,2,130.675,499.025,62.6511,0.3265
mcw,511,0,3,130.57,498.8,69.4404,0.1709
mcw,511,0,4,130.52,498.64,75.9657,0.1649
mcw,511,0,5,130.485,498.475,79.9923,0.1726
mcw,511,0,6,130.465,498.305,86.6355,0.1703
mcw,511,0,7,130.475,498.07,95.7104,0.3015
mcw,511,0,8,130.535,497.78,107.8183,0.2941
mcw,511,0,9,130.655,497.515,120.9627,0.2915
mcw,511,0,10,130.82,497.28,129.2905,0.2843
mcw,511,0,11,131.025,497.08,141.9524,0.2921
mcw,511,0,12,131.265,496.92,150.7513,0.2865
mcw,511,0,13,131.53,496.81,164.0542,0.2912
mcw,511,0,14,131.815,496.755,174.0943,0.2916
mcw,511,0,15,132.11,496.755,5.7106,0.3015
mcw,511,0,16,132.4,496.81,15.9458,0.2912
mcw,511,0,17,132.67,496.92,28.2998,0.2953
mcw,511,0,18,132.905,497.085,42.138,0.2832
mcw,511,0,19,133.1,497.29,50.7095,0.2843
mcw,511,0,20,133.26,497.53,61.6995,0.2953
mcw,511,0,21,133.37,497.805,74.5775,0.3008
mcw,511,0,22,133.425,498.105,84.4726,0.3114
mcw,511,0,23,133.43,498.4,94.0865,0.2807
mcw,511,0,24,133.385,498.675,104.5327,0.2789
mcw,511,0,25,133.29,498.93,116.5672,0.2683
mcw,511,0,26,133.155,499.16,124.2856,0.2663
mcw,511,0,27,132.985,499.36,136.5485,0.2617
mcw,511,0,28,132.78,499.52,147.5291,0.2608
mcw,511,0,29,132.545,499.635,160.2019,0.2657
mcw,511,0,30,132.285,499.7,171.573,0.273
mcw,511,0,31,132.03,499.705,7.125,0.2419
mcw,511,0,32,131.805,499.65,20.8543,0.2247
mcw,511,0,33,131.69,499.615,153.4349,0.0224
mcw,511,0,34,132.295,500.48,54.4306,2.1146
mcw,511,0,35,132.705,501.465,148.6272,0.4802
mcw,511,1,0,131.855,497.26,173.9921,0.1911
mcw,511,1,1,131.67,497.295,164.4744,0.1868
mcw,511,1,2,131.495,497.37,149.5346,0.1972
mcw,511,1,3,131.34,497.48,139.3997,0.1844
mcw,511,1,4,131.205,497.61,132.8801,0.1911
mcw,511,1,5,131.095,497.765,117.8955,0.1924
mcw,511,1,6,131.02,497.94,108.4342,0.1897
mcw,511,1,7,130.98,498.13,95.7119,0.201
mcw,511,1,8,130.985,498.325,81.0278,0.1924
mcw,511,1,9,131.03,498.51,71.5658,0.1897
mcw,511,1,10,131.105,498.68,60.6426,0.1836
mcw,511,1,11,131.215,498.835,49.0848,0.1985
mcw,511,1,12,131.35,498.97,40.6021,0.1844
mcw,511,1,13,131.505,499.075,27.8966,0.1924
mcw,511,1,14,131.68,499.15,18.4335,0.1897
mcw,511,1,15,131.86,499.19,6.3418,0.1811
mcw,511,1,16,132.045,499.195,176.9866,0.1903
mcw,511,1,17,132.225,499.16,160.5605,0.1803
mcw,511,1,18,132.395,499.085,152.1014,0.1924
mcw,511,1,19,132.555,498.98,141.343,0.1921
mcw,511,1,20,132.69,498.845,128.6584,0.1921
mcw,511,1,21,132.8,498.685,120.4673,0.1972
mcw,511,1,22,132.88,498.505,107.5247,0.1993
mcw,511,1,23,132.92,498.305,95.4374,0.2109
mcw,511,1,24,132.92,498.105,83.9943,0.1911
mcw,511,1,25,132.88,497.92,71.5658,0.1897
mcw,511,1,26,132.805,497.75,60.6385,0.1836
mcw,511,1,27,132.695,497.6,47.1233,0.191
mcw,511,1,28,132.56,497.47,40.6021,0.1844
mcw,511,1,29,132.405,497.365,27.8966,0.1924
mcw,511,1,30,132.23,497.295,15.5244,0.1868
mcw,511,1,31,132.045,497.26,6.0079,0.1911
mcw,512,0,0,119.75,508.555,123.6894,0.1803
mcw,512,0,1,119.64,508.7,130.6021,0.1844
mcw,512,0,2,119.515,508.825,139.7629,0.1703
mcw,512,0,3,119.375,508.93,146.3106,0.1803
mcw,512,0,4,119.22,509.02,153.4349,0.1789
mcw,512,0,5,119.055,509.085,163.6117,0.1772
mcw,512,0,6,118.88,509.125,170.5357,0.1825
mcw,512,0,7,118.7,509.145,176.8219,0.1803
mcw,512,0,8,118.48,509.14,4.3981,0.2608
mcw,512,0,9,118.225,509.105,11.3106,0.255
mcw,512,0,10,117.985,509.03,23.4979,0.2508
mcw,512,0,11,117.765,508.915,31.7591,0.247
mcw,512,0,12,117.57,508.765,43.3643,0.2476
mcw,512,0,13,117.415,508.58,56.9763,0.2385
mcw,512,0,14,117.305,508.36,69.443,0.2563
mcw,512,0,15,117.245,508.105,83.6602,0.2717
mcw,512,0,16,117.24,507.855,94.969,0.2309
mcw,512,0,17,117.285,507.64,109.2896,0.2119
mcw,512,0,18,117.37,507.45,119.056,0.2059
mcw,512,0,19,117.485,507.285,130.9149,0.1985
mcw,512,0,20,117.625,507.145,139.0848,0.1985
mcw,512,0,21,117.785,507.02,144.7832,0.2081
mcw,512,0,22,117.965,506.91,152.2403,0.2147
mcw,512,0,23,118.155,506.815,154.6541,0.2102
mcw,512,0,24,118.41,506.7,156.3707,0.3493
mcw,512,0,25,118.715,506.56,154.2308,0.322
mcw,512,0,26,118.985,506.4,144.2461,0.3081
mcw,512,0,27,119.16,506.255,132.2753,0.1487
mcw,512,0,28,119.25,506.135,121.6047,0.1526
mcw,512,0,29,119.315,505.99,107.3554,0.1676
mcw,512,0,30,119.35,505.825,96.7088,0.1712
mcw,512,0,31,119.35,505.645,83.9921,0.1911
mcw,512,0,32,119.32,505.465,76.7591,0.1746
mcw,512,0,33,119.26,505.305,61.9272,0.17
mcw,512,0,34,119.17,505.16,54.4626,0.172
mcw,512,0,35,119.06,505.03,45.0,0.1697
mcw,512,0,36,118.925,504.93,28.0717,0.17
mcw,512,0,37,118.77,504.86,20.5572,0.1709
mcw,512,0,38,118.605,504.82,6.7088,0.1712
mcw,512,0,39,118.43,504.82,173.6609,0.1811
mcw,512,0,40,118.255,504.855,163.6093,0.1772
mcw,512,0,41,118.09,504.92,153.4349,0.1789
mcw,512,0,42,117.945,505.015,139.7648,0.1703
mcw,512,0,43,117.825,505.135,130.2355,0.1703
mcw,512,0,44,117.73,505.275,118.0728,0.17
mcw,512,0,45,117.665,505.435,106.3907,0.1772
mcw,512,0,46,117.63,505.615,96.0079,0.1911
mcw,512,0,47,117.32,505.645,12.2256,0.6139
mcw,512,0,48,117.05,505.445,102.5285,0.2766
mcw,512,0,49,117.135,505.185,113.7496,0.2731
mcw,512,0,50,117.26,504.955,123.6901,0.2524
mcw,512,0,51,117.415,504.755,131.8195,0.255
mcw,512,0,52,117.605,504.585,144.4629,0.2581
mcw,512,0,53,117.825,504.455,154.4395,0.2549
mcw,512,0,54,118.065,504.365,164.3578,0.2596
mcw,512,0,55,118.33,504.315,173.8847,0.2816
mcw,512,0,56,118.62,504.315,5.7103,0.3015
mcw,512,0,57,118.91,504.365,14.0362,0.2886
mcw,512,0,58,119.175,504.465,27.4753,0.2818
mcw,512,0,59,119.41,504.615,37.6938,0.278
mcw,512,0,60,119.61,504.8,48.0123,0.2691
mcw,512,0,61,119.77,505.025,60.7513,0.2865
mcw,512,0,62,119.885,505.29,72.1817,0.2941
mcw,512,0,63,119.945,505.585,84.4714,0.3115
mcw,512,0,64,119.945,505.875,96.3416,0.2717
mcw,512,0,65,119.9,506.13,104.0358,0.2474
mcw,512,0,66,119.815,506.355,117.6454,0.2371
mcw,512,0,67,119.69,506.555,126.385,0.236
mcw,512,0,68,119.535,506.725,138.5757,0.2267
mcw,512,0,69,119.35,506.87,145.0087,0.2441
mcw,512,0,70,119.14,507.0,151.3883,0.2506
mcw,512,0,71,118.915,507.11,156.5021,0.2508
mcw,512,0,72,118.635,507.225,158.4991,0.3547
mcw,512,0,73,118.36,507.34,155.5548,0.2417
mcw,512,0,74,118.145,507.465,144.4633,0.2581
mcw,512,0,75,117.995,507.58,138.3647,0.1204
mcw,512,0,76,117.92,507.67,120.9663,0.1166
mcw,512,0,77,117.865,507.78,112.6175,0.13
mcw,512,0,78,117.835,507.905,94.3997,0.1304
mcw,512,0,79,117.84,508.045,82.4038,0.1513
mcw,512,0,80,117.875,508.185,68.9638,0.1393
mcw,512,0,81,117.935,508.31,59.7442,0.1389
mcw,512,0,82,118.02,508.415,41.9889,0.1345
mcw,512,0,83,118.195,508.53,29.2487,0.2865
mcw,512,0,84,118.455,508.62,8.427,0.273
mcw,512,0,85,118.71,508.63,175.2353,0.2408
mcw,512,0,86,118.93,508.575,155.7736,0.2193
mcw,512,0,87,119.11,508.46,138.8135,0.2126
mcw,512,0,88,119.26,508.295,126.3839,0.236
mcw,512,0,89,119.565,508.34,30.784,0.5471
mcw,513,0,0,120.65,506.385,90.0,0.43
mcw,513,0,1,121.335,506.17,0.0,1.37
mcw,513,0,2,122.02,506.385,90.0,0.43
mcw,513,0,3,121.335,506.6,0.0,1.37
mcw,514,0,0,122.92,505.51,93.8134,0.3007
mcw,514,0,1,122.97,505.23,107.1034,0.272
mcw,514,0,2,123.075,504.98,118.4433,0.273
mcw,514,0,3,123.225,504.765,131.8206,0.2549
mcw,514,0,4,123.415,504.59,142.6953,0.264
mcw,514,0,5,123.64,504.455,155.3761,0.264
mcw,514,0,6,123.89,504.365,164.9317,0.2693
mcw,514,0,7,124.165,504.315,174.0941,0.2915
mcw,514,0,8,124.455,504.315,5.9059,0.2915
mcw,514,0,9,124.73,504.365,15.0687,0.2693
mcw,514,0,10,124.98,504.455,24.6232,0.264
mcw,514,0,11,125.205,504.59,37.3047,0.264
mcw,514,0,12,125.395,504.765,48.1794,0.2549
mcw,514,0,13,125.545,504.98,61.5581,0.273
mcw,514,0,14,125.65,505.23,72.8966,0.272
mcw,514,0,15,125.7,505.51,86.1852,0.3007
mcw,514,0,16,125.705,505.75,93.1805,0.1803
mcw,514,0,17,125.685,505.93,99.4619,0.1825
mcw,514,0,18,125.645,506.1,107.3554,0.1676
mcw,514,0,19,125.58,506.255,118.0728,0.17
mcw,514,0,20,125.49,506.4,125.5374,0.172
mcw,514,0,21,125.385,506.53,132.51,0.1628
mcw,514,0,22,125.26,506.64,144.4626,0.172
mcw,514,0,23,125.11,506.725,156.3702,0.1746
mcw,514,0,24,125.155,506.86,38.6604,0.3202
mcw,514,0,25,125.375,507.085,52.7659,0.314
mcw,514,0,26,125.505,507.28,63.4349,0.1565
mcw,514,0,27,125.565,507.425,71.5633,0.1581
mcw,514,0,28,125.605,507.58,79.381,0.1628
mcw,514,0,29,125.625,507.745,86.6328,0.1703
mcw,514,0,30,125.615,507.97,96.1153,0.2816
mcw,514,0,31,125.565,508.235,105.6422,0.2596
mcw,514,0,32,125.47,508.475,117.553,0.2594
mcw,514,0,33,125.33,508.685,130.1012,0.2484
mcw,514,0,34,125.155,508.86,139.899,0.2484
mcw,514,0,35,124.95,509.0,151.3891,0.2506
mcw,514,0,36,124.71,509.095,164.9317,0.2693
mcw,514,0,37,124.445,509.14,175.7643,0.2707
mcw,514,0,38,124.175,509.14,4.2356,0.2707
mcw,514,0,39,123.91,509.095,15.0687,0.2693
mcw,514,0,40,123.67,509.0,28.6109,0.2506
mcw,514,0,41,123.465,508.86,40.0998,0.2484
mcw,514,0,42,123.29,508.685,49.9002,0.2484
mcw,514,0,43,123.15,508.475,62.447,0.2594
mcw,514,0,44,123.055,508.235,74.3578,0.2596
mcw,514,0,45,123.005,507.97,83.8847,0.2816
mcw,514,0,46,122.995,507.745,93.3647,0.1703
mcw,514,0,47,123.015,507.58,100.6216,0.1628
mcw,514,0,48,123.055,507.425,108.4341,0.1581
mcw,514,0,49,123.11,507.28,113.2005,0.1523
mcw,514,0,50,123.235,507.085,127.2341,0.314
mcw,514,0,51,123.45,506.86,140.1944,0.3124
mcw,514,0,52,123.495,506.725,25.0166,0.1655
mcw,514,0,53,123.35,506.64,35.5374,0.172
mcw,514,0,54,123.225,506.53,47.49,0.1628
mcw,514,0,55,123.125,506.4,57.2635,0.1664
mcw,514,0,56,123.04,506.255,61.9272,0.17
mcw,514,0,57,122.975,506.1,72.6471,0.1676
mcw,514,0,58,122.935,505.93,80.5381,0.1825
mcw,514,0,59,122.915,505.75,86.8195,0.1803
mcw,514,1,0,124.39,508.635,176.4228,0.1603
mcw,514,1,1,124.545,508.605,161.5642,0.1581
mcw,514,1,2,124.685,508.54,148.3914,0.1526
mcw,514,1,3,124.815,508.45,142.4329,0.164
mcw,514,1,4,124.93,508.34,129.8063,0.1562
mcw,514,1,5,125.015,508.215,118.2998,0.1477
mcw,514,1,6,125.075,508.07,107.3554,0.1676
mcw,514,1,7,125.11,507.91,97.1237,0.1612
mcw,514,1,8,125.11,507.76,81.8712,0.1414
mcw,514,1,9,125.075,507.615,71.5642,0.1581
mcw,514,1,10,125.01,507.475,58.3914,0.1526
mcw,514,1,11,124.915,507.35,47.49,0.1628
mcw,514,1,12,124.8,507.235,42.5118,0.1628
mcw,514,1,13,124.67,507.14,29.7432,0.1612
mcw,514,1,14,124.53,507.075,19.655,0.1487
mcw,514,1,15,124.385,507.04,7.5933,0.1513
mcw,514,1,16,124.235,507.04,172.4067,0.1513
mcw,514,1,17,124.09,507.075,160.345,0.1487
mcw,514,1,18,123.95,507.14,150.2568,0.1612
mcw,514,1,19,123.82,507.235,137.49,0.1628
mcw,514,1,20,123.705,507.35,132.51,0.1628
mcw,514,1,21,123.61,507.475,121.6062,0.1526
mcw,514,1,22,123.545,507.615,108.4358,0.1581
mcw,514,1,23,123.51,507.76,98.1319,0.1414
mcw,514,1,24,123.51,507.91,82.8736,0.1612
mcw,514,1,25,123.545,508.07,72.6446,0.1676
mcw,514,1,26,123.605,508.215,61.7002,0.1477
mcw,514,1,27,123.69,508.34,50.1937,0.1562
mcw,514,1,28,123.8,508.45,39.8063,0.1562
mcw,514,1,29,123.93,508.54,29.7456,0.1612
mcw,514,1,30,124.075,508.605,18.4358,0.1581
mcw,514,1,31,124.23,508.635,3.577,0.1603
mcw,514,2,0,124.395,506.51,173.2887,0.1712
mcw,514,2,1,124.565,506.475,163.6117,0.1772
mcw,514,2,2,124.725,506.41,151.9272,0.17
mcw,514,2,3,124.865,506.32,142.4312,0.164
mcw,514,2,4,124.985,506.205,130.2371,0.1703
mcw,514,2,5,125.085,506.07,122.7351,0.1664
mcw,514,2,6,125.155,505.92,107.3529,0.1676
mcw,514,2,7,125.19,505.75,96.3415,0.1811
mcw,514,2,8,125.19,505.58,82.8736,0.1612
mcw,514,2,9,125.155,505.42,72.6471,0.1676
mcw,514,2,10,125.085,505.265,59.0354,0.1749
mcw,514,2,11,124.985,505.13,47.4882,0.1628
mcw,514,2,12,124.86,505.015,38.1575,0.178
mcw,514,2,13,124.715,504.92,28.074,0.17
mcw,514,2,14,124.56,504.855,17.3546,0.1676
mcw,514,2,15,124.395,504.82,6.7088,0.1712
mcw,514,2,16,124.225,504.82,173.2912,0.1712
mcw,514,2,17,124.06,504.855,162.6454,0.1676
mcw,514,2,18,123.905,504.92,151.9272,0.17
mcw,514,2,19,123.76,505.015,141.8425,0.178
mcw,514,2,20,123.635,505.13,132.5118,0.1628
mcw,514,2,21,123.535,505.265,120.9625,0.1749
mcw,514,2,22,123.465,505.42,107.3554,0.1676
mcw,514,2,23,123.43,505.58,97.1237,0.1612
mcw,514,2,24,123.43,505.75,83.6609,0.1811
mcw,514,2,25,123.465,505.92,72.6446,0.1676
mcw,514,2,26,123.535,506.07,57.2671,0.1664
mcw,514,2,27,123.635,506.205,49.7629,0.1703
mcw,514,2,28,123.755,506.32,37.5671,0.164
mcw,514,2,29,123.895,506.41,28.074,0.17
mcw,514,2,30,124.055,506.475,16.3876,0.1772
mcw,514,2,31,124.225,506.51,6.7113,0.1712
mcw,515,0,0,128.175,504.31,5.4393,0.211
mcw,515,0,1,128.38,504.345,14.0373,0.2062
mcw,515,0,2,128.565,504.405,22.3803,0.1838
mcw,515,0,3,128.73,504.495,34.5081,0.1942
mcw,515,0,4,128.885,504.61,38.6616,0.1921
mcw,515,0,5,129.025,504.745,49.0834,0.1985
mcw,515,0,6,129.145,504.9,55.4919,0.1942
mcw,515,0,7,129.25,505.065,59.5365,0.1972
mcw,515,0,8,129.38,505.345,67.6933,0.4215
mcw,515,0,9,129.51,505.74,75.963,0.4123
mcw,515,0,10,129.58,506.04,78.6917,0.204
mcw,515,0,11,129.61,506.24,84.2883,0.201
mcw,515,0,12,129.63,506.435,83.9898,0.1911
mcw,515,0,13,129.64,506.625,90.0,0.19
mcw,515,0,14,129.64,506.81,90.0,0.18
mcw,515,0,15,129.635,506.995,93.0157,0.1903
mcw,515,0,16,129.615,507.19,98.5306,0.2022
mcw,515,0,17,129.58,507.395,100.7826,0.2138
mcw,515,0,18,129.51,507.705,103.7076,0.422
mcw,515,0,19,129.38,508.1,112.8343,0.4123
mcw,515,0,20,129.25,508.38,119.0523,0.2059
mcw,515,0,21,129.145,508.55,124.5081,0.1942
mcw,515,0,22,129.025,508.705,130.9152,0.1985
mcw,515,0,23,128.89,508.845,137.1216,0.191
mcw,515,0,24,128.74,508.96,147.9956,0.1887
mcw,515,0,25,128.57,509.05,156.0362,0.197
mcw,515,0,26,128.38,509.115,165.9648,0.2062
mcw,515,0,27,128.175,509.145,177.2732,0.2102
mcw,515,0,28,127.965,509.145,2.7269,0.2102
mcw,515,0,29,127.76,509.115,14.0347,0.2062
mcw,515,0,30,127.57,509.05,23.9638,0.197
mcw,515,0,31,127.4,508.96,32.0044,0.1887
mcw,515,0,32,127.25,508.845,42.8784,0.191
mcw,515,0,33,127.115,508.705,49.0865,0.1985
mcw,515,0,34,126.99,508.55,53.1301,0.2
mcw,515,0,35,126.885,508.38,63.434,0.2012
mcw,515,0,36,126.76,508.1,67.1667,0.4123
mcw,515,0,37,126.625,507.705,74.9817,0.4245
mcw,515,0,38,126.555,507.395,81.8702,0.2121
mcw,515,0,39,126.525,507.19,81.4694,0.2022
mcw,515,0,40,126.505,506.995,86.9866,0.1903
mcw,515,0,41,126.495,506.81,86.8195,0.1803
mcw,515,0,42,126.495,506.625,93.0135,0.1903
mcw,515,0,43,126.505,506.435,93.0134,0.1903
mcw,515,0,44,126.525,506.24,98.5302,0.2022
mcw,515,0,45,126.555,506.04,98.5306,0.2022
mcw,515,0,46,126.625,505.74,105.3763,0.4149
mcw,515,0,47,126.76,505.345,112.3057,0.4215
mcw,515,0,48,126.89,505.065,120.4673,0.1972
mcw,515,0,49,126.995,504.9,124.5081,0.1942
mcw,515,0,50,127.115,504.745,130.9149,0.1985
mcw,515,0,51,127.25,504.61,139.3979,0.1844
mcw,515,0,52,127.4,504.495,145.4919,0.1942
mcw,515,0,53,127.57,504.405,158.7488,0.1931
mcw,515,0,54,127.76,504.345,165.9632,0.2062
mcw,515,0,55,127.965,504.31,174.5606,0.2109
mcw,515,1,0,128.145,508.635,176.1879,0.1503
mcw,515,1,1,128.285,508.61,162.8975,0.136
mcw,515,1,2,128.415,508.555,151.7002,0.1477
mcw,515,1,3,128.535,508.475,140.7095,0.1421
mcw,515,1,4,128.68,508.315,128.0464,0.2921
mcw,515,1,5,128.84,508.06,116.5651,0.313
mcw,515,1,6,128.965,507.765,109.5365,0.3289
mcw,515,1,7,129.05,507.45,100.6192,0.3256
mcw,515,1,8,129.1,507.14,97.5964,0.3027
mcw,515,1,9,129.125,506.855,92.1199,0.2702
mcw,515,1,10,129.125,506.59,87.7986,0.2602
mcw,515,1,11,129.1,506.305,82.6462,0.3126
mcw,515,1,12,129.05,505.995,79.0463,0.3158
mcw,515,1,13,128.965,505.685,70.4631,0.3289
mcw,515,1,14,128.84,505.39,63.4356,0.3131
mcw,515,1,15,128.68,505.135,51.9536,0.2921
mcw,515,1,16,128.535,504.975,39.2905,0.1421
mcw,515,1,17,128.415,504.9,24.7734,0.1432
mcw,515,1,18,128.285,504.85,17.1025,0.136
mcw,515,1,19,128.145,504.82,7.5937,0.1513
mcw,515,1,20,127.995,504.82,172.4067,0.1513
mcw,515,1,21,127.85,504.85,164.0542,0.1456
mcw,515,1,22,127.72,504.9,153.4364,0.1342
mcw,515,1,23,127.605,504.975,140.7076,0.1421
mcw,515,1,24,127.46,505.135,128.0476,0.2921
mcw,515,1,25,127.3,505.39,116.5644,0.3131
mcw,515,1,26,127.175,505.685,109.5369,0.3289
mcw,515,1,27,127.085,505.995,102.7244,0.3178
mcw,515,1,28,127.035,506.305,95.5286,0.3115
mcw,515,1,29,127.01,506.59,94.3981,0.2608
mcw,515,1,30,127.01,506.855,85.7644,0.2707
mcw,515,1,31,127.035,507.14,84.2881,0.3015
mcw,515,1,32,127.085,507.45,77.661,0.3276
mcw,515,1,33,127.175,507.765,70.4635,0.3289
mcw,515,1,34,127.3,508.06,63.4349,0.313
mcw,515,1,35,127.46,508.315,51.9524,0.2921
mcw,515,1,36,127.605,508.475,39.2924,0.1421
mcw,515,1,37,127.72,508.555,30.2558,0.1389
mcw,515,1,38,127.85,508.61,15.9458,0.1456
mcw,515,1,39,127.995,508.635,3.8119,0.1503
mcw,516,0,0,130.77,504.245,67.0114,1.7923
mcw,516,0,1,130.595,503.35,158.1982,0.377
mcw,516,0,2,131.195,504.08,62.0203,1.8118
mcw,516,0,3,131.37,504.975,159.193,0.5349
mcw,517,0,0,134.96,504.39,0.0,0.96
mcw,517,0,1,135.575,504.395,2.1216,0.2702
mcw,517,0,2,135.84,504.41,4.3978,0.2608
mcw,517,0,3,136.095,504.445,11.3106,0.255
mcw,517,0,4,136.34,504.5,14.0362,0.2474
mcw,517,0,5,136.575,504.57,19.1786,0.2435
mcw,517,0,6,136.8,504.66,24.445,0.2416
mcw,517,0,7,137.01,504.765,28.8095,0.2283
mcw,517,0,8,137.2,504.89,37.876,0.228
mcw,517,0,9,137.375,505.035,41.4243,0.2267
mcw,517,0,10,137.535,505.195,48.5743,0.2267
mcw,517,0,11,137.675,505.375,55.6221,0.2302
mcw,517,0,12,137.795,505.575,62.3538,0.2371
mcw,517,0,13,137.895,505.795,68.6265,0.247
mcw,517,0,14,137.975,506.035,74.3594,0.2596
mcw,517,0,15,138.03,506.29,81.2521,0.2631
mcw,517,0,16,138.055,506.565,88.0262,0.2902
mcw,517,0,17,138.055,506.85,92.0443,0.2802
mcw,517,0,18,138.03,507.12,98.7479,0.2631
mcw,517,0,19,137.975,507.37,106.2586,0.25
mcw,517,0,20,137.895,507.605,111.3728,0.247
mcw,517,0,21,137.795,507.82,118.8113,0.2283
mcw,517,0,22,137.675,508.015,124.3779,0.2302
mcw,517,0,23,137.535,508.195,131.4257,0.2267
mcw,517,0,24,137.375,508.355,138.5757,0.2267
mcw,517,0,25,137.195,508.495,145.6206,0.2302
mcw,517,0,26,137.0,508.615,151.1887,0.2283
mcw,517,0,27,136.79,508.72,155.5565,0.2417
mcw,517,0,28,136.57,508.81,160.0166,0.2341
mcw,517,0,29,136.34,508.88,165.9638,0.2474
mcw,517,0,30,136.095,508.93,170.9095,0.2532
mcw,517,0,31,135.845,508.965,173.1575,0.2518
mcw,517,0,32,135.59,508.98,0.0,0.26
mcw,517,0,33,134.97,508.98,0.0,0.98
mcw,517,0,34,134.48,506.685,90.0,4.59
mcw,517,1,0,135.18,508.47,0.0,0.2
mcw,517,1,1,135.39,508.47,0.0,0.22
mcw,517,1,2,135.605,508.46,174.5583,0.2109
mcw,517,1,3,135.815,508.435,171.8705,0.2121
mcw,517,1,4,136.02,508.4,168.6896,0.204
mcw,517,1,5,136.21,508.355,164.4779,0.1868
mcw,517,1,6,136.395,508.295,159.774,0.2025
mcw,517,1,7,136.57,508.22,153.4349,0.1789
mcw,517,1,8,136.73,508.135,150.6417,0.1836
mcw,517,1,9,136.88,508.03,139.3997,0.1844
mcw,517,1,10,137.015,507.905,135.0,0.1839
mcw,517,1,11,137.135,507.77,128.1575,0.178
mcw,517,1,12,137.24,507.62,122.0037,0.1887
mcw,517,1,13,137.325,507.445,110.2266,0.2025
mcw,517,1,14,137.39,507.25,106.6988,0.2088
mcw,517,1,15,137.435,507.04,97.7648,0.222
mcw,517,1,16,137.455,506.81,92.3847,0.2402
mcw,517,1,17,137.455,506.565,87.7106,0.2502
mcw,517,1,18,137.435,506.33,82.2352,0.222
mcw,517,1,19,137.39,506.12,73.3018,0.2088
mcw,517,1,20,137.325,505.93,68.7475,0.1931
mcw,517,1,21,137.24,505.755,59.5365,0.1972
mcw,517,1,22,137.135,505.6,51.8425,0.178
mcw,517,1,23,137.015,505.465,44.9983,0.1838
mcw,517,1,24,136.88,505.345,38.1575,0.178
mcw,517,1,25,136.73,505.24,32.0044,0.1887
mcw,517,1,26,136.57,505.15,26.5651,0.1789
mcw,517,1,27,136.395,505.075,20.226,0.2025
mcw,517,1,28,136.21,505.015,15.5244,0.1868
mcw,517,1,29,136.02,504.97,11.3104,0.204
mcw,517,1,30,135.815,504.935,8.1295,0.2121
mcw,517,1,31,135.605,504.91,5.4396,0.2109
mcw,517,1,32,135.39,504.9,0.0,0.22
mcw,517,1,33,135.18,504.9,0.0,0.2
mcw,517,1,34,135.08,506.685,90.0,3.57
mcw,518,0,0,138.69,506.385,90.0,0.43
mcw,518,0,1,139.37,506.17,0.0,1.36
mcw,518,0,2,140.05,506.385,90.0,0.43
mcw,518,0,3,139.37,506.6,0.0,1.36
mcw,519,0,0,142.13,506.43,90.0,4.08
mcw,519,0,1,142.385,504.39,0.0,0.51
mcw,519,0,2,142.64,506.685,90.0,4.59
mcw,519,0,3,142.145,508.98,0.0,0.99
mcw,519,0,4,141.49,508.725,57.8933,0.6021
mcw,519,0,5,141.73,508.47,0.0,0.8
mcw,520,0,0,145.89,506.43,90.0,4.08
mcw,520,0,1,146.145,504.39,0.0,0.51
mcw,520,0,2,146.4,506.685,90.0,4.59
mcw,520,0,3,145.905,508.98,0.0,0.99
mcw,520,0,4,145.25,508.725,57.8933,0.6021
mcw,520,0,5,145.49,508.47,0.0,0.8
mcw,521,0,0,149.97,504.31,5.1935,0.2209
mcw,521,0,1,150.175,504.345,14.7442,0.1965
mcw,521,0,2,150.36,504.405,21.2512,0.1931
mcw,521,0,3,150.53,504.495,34.5081,0.1942
mcw,521,0,4,150.68,504.61,40.6021,0.1844
mcw,521,0,5,150.815,504.745,49.0834,0.1985
mcw,521,0,6,150.94,504.9,53.1319,0.2
mcw,521,0,7,151.05,505.065,59.5327,0.1972
mcw,521,0,8,151.175,505.345,68.9632,0.4178
mcw,521,0,9,151.305,505.74,74.6237,0.4149
mcw,521,0,10,151.38,506.04,78.6917,0.204
mcw,521,0,11,151.41,506.24,84.2883,0.201
mcw,521,0,12,151.425,506.435,86.9843,0.1903
mcw,521,0,13,151.435,506.625,86.9888,0.1903
mcw,521,0,14,151.44,506.81,90.0,0.18
mcw,521,0,15,151.43,506.995,96.0102,0.1911
mcw,521,0,16,151.41,507.19,95.7119,0.201
mcw,521,0,17,151.38,507.395,100.7826,0.2138
mcw,521,0,18,151.305,507.705,105.0183,0.4245
mcw,521,0,19,151.175,508.1,111.5403,0.4085
mcw,521,0,20,151.05,508.38,119.056,0.2059
mcw,521,0,21,150.945,508.55,124.5081,0.1942
mcw,521,0,22,150.825,508.705,130.9152,0.1985
mcw,521,0,23,150.685,508.845,139.0851,0.1985
mcw,521,0,24,150.53,508.96,147.9956,0.1887
mcw,521,0,25,150.36,509.05,156.0362,0.197
mcw,521,0,26,150.175,509.115,165.2579,0.1965
mcw,521,0,27,149.97,509.145,177.3969,0.2202
mcw,521,0,28,149.755,509.145,2.7268,0.2102
mcw,521,0,29,149.555,509.115,14.7432,0.1965
mcw,521,0,30,149.37,509.05,23.962,0.197
mcw,521,0,31,149.2,508.96,32.0044,0.1887
mcw,521,0,32,149.045,508.845,40.9149,0.1985
mcw,521,0,33,148.905,508.705,49.0848,0.1985
mcw,521,0,34,148.785,508.55,55.4919,0.1942
mcw,521,0,35,148.68,508.38,60.9477,0.2059
mcw,521,0,36,148.55,508.1,67.1657,0.4123
mcw,521,0,37,148.42,507.705,76.2924,0.422
mcw,521,0,38,148.35,507.395,79.2174,0.2138
mcw,521,0,39,148.32,507.19,84.2881,0.201
mcw,521,0,40,148.3,506.995,83.9898,0.1911
mcw,521,0,41,148.29,506.81,90.0,0.18
mcw,521,0,42,148.29,506.625,90.0,0.19
mcw,521,0,43,148.3,506.435,96.0102,0.1911
mcw,521,0,44,148.32,506.24,95.7117,0.201
mcw,521,0,45,148.35,506.04,101.3083,0.204
mcw,521,0,46,148.425,505.74,105.3763,0.4149
mcw,521,0,47,148.555,505.345,111.0387,0.4179
mcw,521,0,48,148.68,505.065,120.4635,0.1972
mcw,521,0,49,148.79,504.9,126.8716,0.2
mcw,521,0,50,148.91,504.745,128.6598,0.1921
mcw,521,0,51,149.045,504.61,141.3384,0.1921
mcw,521,0,52,149.2,504.495,145.4919,0.1942
mcw,521,0,53,149.37,504.405,158.7504,0.1931
mcw,521,0,54,149.555,504.345,165.2546,0.1965
mcw,521,0,55,149.755,504.31,174.5607,0.211
mcw,521,1,0,149.935,508.635,176.1879,0.1503
mcw,521,1,1,150.08,508.61,164.0542,0.1456
mcw,521,1,2,150.21,508.555,149.7458,0.1389
mcw,521,1,3,150.325,508.475,140.7095,0.1421
mcw,521,1,4,150.475,508.315,129.5606,0.2983
mcw,521,1,5,150.64,508.06,116.5651,0.313
mcw,521,1,6,150.76,507.765,107.8769,0.3257
mcw,521,1,7,150.845,507.45,102.3404,0.3276
mcw,521,1,8,150.9,507.14,97.5935,0.3026
mcw,521,1,9,150.925,506.855,92.1231,0.2702
mcw,521,1,10,150.925,506.59,87.7952,0.2602
mcw,521,1,11,150.9,506.305,82.649,0.3126
mcw,521,1,12,150.845,505.995,77.2743,0.3178
mcw,521,1,13,150.76,505.685,72.1227,0.3257
mcw,521,1,14,150.64,505.39,63.4356,0.3131
mcw,521,1,15,150.475,505.135,50.4394,0.2983
mcw,521,1,16,150.325,504.975,39.2905,0.1421
mcw,521,1,17,150.21,504.9,26.5621,0.1342
mcw,521,1,18,150.08,504.85,15.9458,0.1456
mcw,521,1,19,149.935,504.82,7.5937,0.1513
mcw,521,1,20,149.79,504.82,171.8712,0.1414
mcw,521,1,21,149.65,504.85,164.0542,0.1456
mcw,521,1,22,149.52,504.9,153.4349,0.1342
mcw,521,1,23,149.405,504.975,140.7095,0.1421
mcw,521,1,24,149.255,505.135,129.5606,0.2983
mcw,521,1,25,149.09,505.39,116.5644,0.3131
mcw,521,1,26,148.97,505.685,107.8799,0.3257
mcw,521,1,27,148.885,505.995,102.7231,0.3178
mcw,521,1,28,148.83,506.305,97.3538,0.3126
mcw,521,1,29,148.805,506.59,92.2014,0.2602
mcw,521,1,30,148.805,506.855,87.8801,0.2702
mcw,521,1,31,148.83,507.14,82.4036,0.3027
mcw,521,1,32,148.885,507.45,77.6623,0.3276
mcw,521,1,33,148.97,507.765,72.1206,0.3257
mcw,521,1,34,149.09,508.06,63.4349,0.313
mcw,521,1,35,149.255,508.315,50.4394,0.2983
mcw,521,1,36,149.405,508.475,39.2905,0.1421
mcw,521,1,37,149.52,508.555,30.2573,0.1389
mcw,521,1,38,149.65,508.61,15.9458,0.1456
mcw,521,1,39,149.79,508.635,4.0834,0.1404
mcw,522,0,0,152.57,504.245,67.0114,1.7923
mcw,522,0,1,152.395,503.35,158.1982,0.377
mcw,522,0,2,152.99,504.08,62.3002,1.8071
mcw,522,0,3,153.165,504.975,158.8059,0.5256
mcw,523,0,0,158.02,505.85,51.7099,2.4207
mcw,523,0,1,158.835,506.905,58.2394,0.247
mcw,523,0,2,158.95,507.13,67.3818,0.26
mcw,523,0,3,159.035,507.375,74.3562,0.2596
mcw,523,0,4,159.08,507.635,85.7628,0.2707
mcw,523,0,5,159.075,507.915,95.9089,0.2915
mcw,523,0,6,159.02,508.195,106.5019,0.2816
mcw,523,0,7,158.915,508.45,118.444,0.2729
mcw,523,0,8,158.76,508.67,131.9878,0.2691
mcw,523,0,9,158.565,508.85,142.6956,0.264
mcw,523,0,10,158.34,508.99,153.4349,0.2683
mcw,523,0,11,158.09,509.09,162.8966,0.272
mcw,523,0,12,157.815,509.14,176.0556,0.2907
mcw,523,0,13,157.52,509.14,3.8136,0.3007
mcw,523,0,14,157.235,509.095,14.5342,0.2789
mcw,523,0,15,156.98,509.0,26.5651,0.2683
mcw,523,0,16,156.76,508.86,38.6609,0.2561
mcw,523,0,17,156.575,508.68,49.6353,0.2625
mcw,523,0,18,156.42,508.465,58.6718,0.2693
mcw,523,0,19,156.305,508.215,71.5655,0.2846
mcw,523,0,20,156.235,507.93,80.5372,0.3041
mcw,523,0,21,156.495,507.78,0.0,0.57
mcw,523,0,22,156.795,507.865,79.9928,0.1726
mcw,523,0,23,156.84,508.03,69.4395,0.1709
mcw,523,0,24,156.91,508.185,61.9317,0.17
mcw,523,0,25,157.005,508.325,49.7629,0.1703
mcw,523,0,26,157.125,508.445,40.2355,0.1703
mcw,523,0,27,157.265,508.54,28.0716,0.17
mcw,523,0,28,157.42,508.605,17.3562,0.1676
mcw,523,0,29,157.585,508.635,3.3647,0.1703
mcw,523,0,30,157.76,508.63,173.6611,0.1811
mcw,523,0,31,157.93,508.595,162.6454,0.1676
mcw,523,0,32,158.09,508.53,153.4328,0.1789
mcw,523,0,33,158.235,508.435,139.7665,0.1703
mcw,523,0,34,158.36,508.31,130.5987,0.1844
mcw,523,0,35,158.46,508.165,118.074,0.17
mcw,523,0,36,158.53,508.005,109.4387,0.1803
mcw,523,0,37,158.57,507.83,96.3415,0.1811
mcw,523,0,38,158.56,507.625,80.1356,0.2334
mcw,523,0,39,158.49,507.4,65.5548,0.2417
mcw,523,0,40,158.375,507.185,58.2394,0.247
mcw,523,0,41,158.24,506.99,52.1252,0.228
mcw,523,0,42,157.155,505.645,51.0353,3.2282
mcw,523,0,43,157.615,504.39,0.0,2.95
mcw,523,0,44,159.09,504.645,90.0,0.51
mcw,523,0,45,158.18,504.9,0.0,1.82
mcw,524,0,0,160.515,504.39,0.0,0.95
mcw,524,0,1,161.125,504.395,2.1215,0.2702
mcw,524,0,2,161.39,504.41,4.3981,0.2608
mcw,524,0,3,161.645,504.445,11.3106,0.255
mcw,524,0,4,161.89,504.5,14.0354,0.2474
mcw,524,0,5,162.125,504.57,19.1797,0.2435
mcw,524,0,6,162.35,504.66,24.4435,0.2417
mcw,524,0,7,162.56,504.765,28.8113,0.2283
mcw,524,0,8,162.755,504.89,36.3839,0.236
mcw,524,0,9,162.935,505.035,41.4243,0.2267
mcw,524,0,10,163.095,505.195,48.5743,0.2267
mcw,524,0,11,163.235,505.375,55.6221,0.2302
mcw,524,0,12,163.355,505.575,62.3538,0.2371
mcw,524,0,13,163.455,505.795,68.6265,0.247
mcw,524,0,14,163.53,506.035,76.5048,0.2571
mcw,524,0,15,163.58,506.29,81.2554,0.2631
mcw,524,0,16,163.605,506.565,88.0231,0.2902
mcw,524,0,17,163.605,506.85,92.0474,0.2802
mcw,524,0,18,163.58,507.12,98.7446,0.2631
mcw,524,0,19,163.525,507.37,106.262,0.25
mcw,524,0,20,163.45,507.605,109.1792,0.2435
mcw,524,0,21,163.35,507.82,120.9631,0.2332
mcw,524,0,22,163.225,508.015,124.381,0.2302
mcw,524,0,23,163.085,508.195,131.4228,0.2267
mcw,524,0,24,162.925,508.355,138.5757,0.2267
mcw,524,0,25,162.745,508.495,145.6206,0.2302
mcw,524,0,26,162.55,508.615,151.1887,0.2283
mcw,524,0,27,162.345,508.72,154.5377,0.2326
mcw,524,0,28,162.125,508.81,160.8203,0.2435
mcw,524,0,29,161.89,508.88,165.9646,0.2474
mcw,524,0,30,161.65,508.93,170.5371,0.2433
mcw,524,0,31,161.4,508.965,173.4186,0.2617
mcw,524,0,32,161.14,508.98,0.0,0.26
mcw,524,0,33,160.525,508.98,0.0,0.97
mcw,524,0,34,160.04,506.685,90.0,4.59
mcw,524,1,0,160.73,508.47,0.0,0.2
mcw,524,1,1,160.94,508.47,0.0,0.22
mcw,524,1,2,161.155,508.46,174.5587,0.211
mcw,524,1,3,161.365,508.435,171.8699,0.2121
mcw,524,1,4,161.57,508.4,168.6905,0.204
mcw,524,1,5,161.765,508.355,165.2579,0.1965
mcw,524,1,6,161.95,508.295,158.7488,0.1931
mcw,524,1,7,162.125,508.22,154.7981,0.1879
mcw,524,1,8,162.29,508.135,150.6417,0.1836
mcw,524,1,9,162.44,508.03,139.3997,0.1844
mcw,524,1,10,162.575,507.905,135.0,0.1839
mcw,524,1,11,162.695,507.77,128.1575,0.178
mcw,524,1,12,162.795,507.62,119.3574,0.1836
mcw,524,1,13,162.88,507.445,112.8339,0.2062
mcw,524,1,14,162.945,507.25,104.0332,0.2061
mcw,524,1,15,162.99,507.04,100.3069,0.2236
mcw,524,1,16,163.015,506.81,92.3847,0.2402
mcw,524,1,17,163.015,506.565,87.7106,0.2502
mcw,524,1,18,162.99,506.33,79.6931,0.2236
mcw,524,1,19,162.945,506.12,75.9674,0.2062
mcw,524,1,20,162.88,505.93,66.0371,0.197
mcw,524,1,21,162.795,505.755,62.1034,0.1924
mcw,524,1,22,162.695,505.6,51.8425,0.178
mcw,524,1,23,162.575,505.465,44.9983,0.1838
mcw,524,1,24,162.44,505.345,38.1575,0.178
mcw,524,1,25,162.29,505.24,32.0044,0.1887
mcw,524,1,26,162.125,505.15,25.2019,0.1879
mcw,524,1,27,161.95,505.075,21.2512,0.1931
mcw,524,1,28,161.765,505.015,14.7442,0.1965
mcw,524,1,29,161.57,504.97,11.3095,0.204
mcw,524,1,30,161.365,504.935,8.1301,0.2121
mcw,524,1,31,161.155,504.91,5.4393,0.211
mcw,524,1,32,160.94,504.9,0.0,0.22
mcw,524,1,33,160.73,504.9,0.0,0.2
mcw,524,1,34,160.63,506.685,90.0,3.57
mcw,525,0,0,164.25,506.385,90.0,0.43
mcw,525,0,1,164.93,506.17,0.0,1.36
mcw,525,0,2,165.61,506.385,90.0,0.43
mcw,525,0,3,164.93,506.6,0.0,1.36
mcw,526,0,0,167.69,506.43,90.0,4.08
mcw,526,0,1,167.945,504.39,0.0,0.51
mcw,526,0,2,168.2,506.685,90.0,4.59
mcw,526,0,3,167.7,508.98,0.0,1.0
mcw,526,0,4,167.04,508.725,57.8945,0.6021
mcw,526,0,5,167.285,508.47,0.0,0.81
mcw,527,0,0,170.27,505.51,93.8148,0.3007
mcw,527,0,1,170.32,505.23,107.1034,0.272
mcw,527,0,2,170.425,504.98,118.4405,0.2729
mcw,527,0,3,170.575,504.765,131.8206,0.2549
mcw,527,0,4,170.765,504.59,142.6963,0.264
mcw,527,0,5,170.99,504.455,155.3768,0.264
mcw,527,0,6,171.24,504.365,164.9313,0.2693
mcw,527,0,7,171.515,504.315,174.094,0.2915
mcw,527,0,8,171.805,504.315,5.9057,0.2916
mcw,527,0,9,172.08,504.365,15.0687,0.2693
mcw,527,0,10,172.33,504.455,24.6232,0.264
mcw,527,0,11,172.555,504.59,37.3057,0.264
mcw,527,0,12,172.745,504.765,48.1768,0.255
mcw,527,0,13,172.895,504.98,61.5595,0.2729
mcw,527,0,14,173.0,505.23,72.8966,0.272
mcw,527,0,15,173.05,505.51,86.1852,0.3007
mcw,527,0,16,173.055,505.75,93.1829,0.1803
mcw,527,0,17,173.035,505.93,99.4619,0.1825
mcw,527,0,18,172.995,506.1,107.3504,0.1676
mcw,527,0,19,172.93,506.255,118.0728,0.17
mcw,527,0,20,172.84,506.4,125.5394,0.172
mcw,527,0,21,172.735,506.53,132.51,0.1628
mcw,527,0,22,172.61,506.64,144.4626,0.172
mcw,527,0,23,172.46,506.725,156.3712,0.1746
mcw,527,0,24,172.505,506.86,38.6604,0.3202
mcw,527,0,25,172.725,507.085,52.7648,0.314
mcw,527,0,26,172.855,507.28,63.4325,0.1565
mcw,527,0,27,172.915,507.425,71.5685,0.1581
mcw,527,0,28,172.955,507.58,79.3757,0.1628
mcw,527,0,29,172.975,507.745,86.6353,0.1703
mcw,527,0,30,172.965,507.97,96.1153,0.2816
mcw,527,0,31,172.915,508.235,105.6438,0.2596
mcw,527,0,32,172.82,508.475,117.5515,0.2594
mcw,527,0,33,172.68,508.685,130.1012,0.2484
mcw,527,0,34,172.505,508.86,139.9002,0.2484
mcw,527,0,35,172.3,509.0,151.3891,0.2506
mcw,527,0,36,172.06,509.095,164.9313,0.2693
mcw,527,0,37,171.795,509.14,175.7644,0.2707
mcw,527,0,38,171.52,509.14,4.085,0.2807
mcw,527,0,39,171.255,509.095,15.6422,0.2596
mcw,527,0,40,171.02,509.0,28.6109,0.2506
mcw,527,0,41,170.815,508.86,40.1021,0.2484
mcw,527,0,42,170.64,508.685,49.8988,0.2484
mcw,527,0,43,170.5,508.475,62.4455,0.2594
mcw,527,0,44,170.405,508.235,74.3594,0.2596
mcw,527,0,45,170.355,507.97,83.8847,0.2816
mcw,527,0,46,170.345,507.745,93.3647,0.1703
mcw,527,0,47,170.365,507.58,100.619,0.1628
mcw,527,0,48,170.405,507.425,108.4367,0.1581
mcw,527,0,49,170.46,507.28,113.1978,0.1523
mcw,527,0,50,170.585,507.085,127.2352,0.314
mcw,527,0,51,170.8,506.86,140.1944,0.3124
mcw,527,0,52,170.845,506.725,25.0155,0.1655
mcw,527,0,53,170.7,506.64,35.5374,0.172
mcw,527,0,54,170.575,506.53,47.49,0.1628
mcw,527,0,55,170.475,506.4,57.2657,0.1664
mcw,527,0,56,170.39,506.255,61.9272,0.17
mcw,527,0,57,170.325,506.1,72.6446,0.1676
mcw,527,0,58,170.285,505.93,80.5381,0.1825
mcw,527,0,59,170.265,505.75,86.8219,0.1803
mcw,527,1,0,171.74,508.635,176.423,0.1603
mcw,527,1,1,171.895,508.605,161.5651,0.1581
mcw,527,1,2,172.035,508.54,148.3899,0.1526
mcw,527,1,3,172.165,508.45,142.4329,0.164
mcw,527,1,4,172.28,508.34,129.8084,0.1562
mcw,527,1,5,172.365,508.215,118.2971,0.1476
mcw,527,1,6,172.425,508.07,107.3554,0.1676
mcw,527,1,7,172.46,507.91,97.1264,0.1612
mcw,527,1,8,172.46,507.76,81.8681,0.1414
mcw,527,1,9,172.425,507.615,71.5642,0.1581
mcw,527,1,10,172.36,507.475,58.3914,0.1526
mcw,527,1,11,172.265,507.35,47.49,0.1628
mcw,527,1,12,172.15,507.235,42.5118,0.1628
mcw,527,1,13,172.02,507.14,29.7432,0.1612
mcw,527,1,14,171.88,507.075,19.655,0.1487
mcw,527,1,15,171.735,507.04,7.5929,0.1513
mcw,527,1,16,171.585,507.04,172.4063,0.1513
mcw,527,1,17,171.44,507.075,160.345,0.1487
mcw,527,1,18,171.3,507.14,150.2568,0.1612
mcw,527,1,19,171.17,507.235,137.4882,0.1628
mcw,527,1,20,171.055,507.35,132.51,0.1628
mcw,527,1,21,170.96,507.475,121.6086,0.1526
mcw,527,1,22,170.895,507.615,108.4358,0.1581
mcw,527,1,23,170.86,507.76,98.1319,0.1414
mcw,527,1,24,170.86,507.91,82.8736,0.1612
mcw,527,1,25,170.895,508.07,72.6446,0.1676
mcw,527,1,26,170.955,508.215,61.7029,0.1476
mcw,527,1,27,171.04,508.34,50.1916,0.1562
mcw,527,1,28,171.15,508.45,39.8063,0.1562
mcw,527,1,29,171.28,508.54,29.7456,0.1612
mcw,527,1,30,171.425,508.605,18.4349,0.1581
mcw,527,1,31,171.58,508.635,3.5774,0.1603
mcw,527,2,0,171.745,506.51,173.2893,0.1712
mcw,527,2,1,171.915,506.475,163.6117,0.1772
mcw,527,2,2,172.075,506.41,151.926,0.17
mcw,527,2,3,172.215,506.32,142.4329,0.164
mcw,527,2,4,172.335,506.205,130.2371,0.1703
mcw,527,2,5,172.435,506.07,122.7329,0.1664
mcw,527,2,6,172.505,505.92,107.3554,0.1676
mcw,527,2,7,172.54,505.75,96.3367,0.1811
mcw,527,2,8,172.54,505.58,82.879,0.1612
mcw,527,2,9,172.505,505.42,72.6446,0.1676
mcw,527,2,10,172.435,505.265,59.0375,0.1749
mcw,527,2,11,172.335,505.13,47.4882,0.1628
mcw,527,2,12,172.21,505.015,38.1575,0.178
mcw,527,2,13,172.065,504.92,28.0716,0.17
mcw,527,2,14,171.91,504.855,17.3562,0.1676
mcw,527,2,15,171.745,504.82,6.7082,0.1712
mcw,527,2,16,171.575,504.82,173.2912,0.1712
mcw,527,2,17,171.41,504.855,162.6438,0.1676
mcw,527,2,18,171.255,504.92,151.9284,0.17
mcw,527,2,19,171.11,505.015,141.8425,0.178
mcw,527,2,20,170.985,505.13,132.5118,0.1628
mcw,527,2,21,170.885,505.265,120.9625,0.1749
mcw,527,2,22,170.815,505.42,107.3554,0.1676
mcw,527,2,23,170.78,505.58,97.1264,0.1612
mcw,527,2,24,170.78,505.75,83.6585,0.1811
mcw,527,2,25,170.815,505.92,72.6446,0.1676
mcw,527,2,26,170.885,506.07,57.2671,0.1664
mcw,527,2,27,170.985,506.205,49.7629,0.1703
mcw,527,2,28,171.105,506.32,37.5671,0.164
mcw,527,2,29,171.245,506.41,28.074,0.17
mcw,527,2,30,171.405,506.475,16.3883,0.1772
mcw,527,2,31,171.575,506.51,6.7113,0.1712
mcw,528,0,0,175.525,504.31,5.4393,0.211
mcw,528,0,1,175.73,504.345,14.0373,0.2062
mcw,528,0,2,175.915,504.405,22.3803,0.1838
mcw,528,0,3,176.08,504.495,34.5081,0.1942
mcw,528,0,4,176.235,504.61,38.6616,0.1921
mcw,528,0,5,176.375,504.745,49.0834,0.1985
mcw,528,0,6,176.495,504.9,55.4919,0.1942
mcw,528,0,7,176.6,505.065,59.5365,0.1972
mcw,528,0,8,176.73,505.345,67.6933,0.4215
mcw,528,0,9,176.86,505.74,75.963,0.4123
mcw,528,0,10,176.93,506.04,78.6917,0.204
mcw,528,0,11,176.96,506.24,84.2883,0.201
mcw,528,0,12,176.98,506.435,83.9898,0.1911
mcw,528,0,13,176.99,506.625,90.0,0.19
mcw,528,0,14,176.99,506.81,90.0,0.18
mcw,528,0,15,176.985,506.995,93.0157,0.1903
mcw,528,0,16,176.965,507.19,98.5306,0.2022
mcw,528,0,17,176.93,507.395,100.7826,0.2138
mcw,528,0,18,176.86,507.705,103.7076,0.422
mcw,528,0,19,176.73,508.1,112.8343,0.4123
mcw,528,0,20,176.6,508.38,119.0523,0.2059
mcw,528,0,21,176.495,508.55,124.5081,0.1942
mcw,528,0,22,176.375,508.705,130.9152,0.1985
mcw,528,0,23,176.24,508.845,137.1216,0.191
mcw,528,0,24,176.09,508.96,147.9956,0.1887
mcw,528,0,25,175.92,509.05,156.0362,0.197
mcw,528,0,26,175.73,509.115,165.9648,0.2062
mcw,528,0,27,175.525,509.145,177.2732,0.2102
mcw,528,0,28,175.315,509.145,2.7268,0.2102
mcw,528,0,29,175.11,509.115,14.0352,0.2062
mcw,528,0,30,174.92,509.05,23.9638,0.197
mcw,528,0,31,174.75,508.96,32.0044,0.1887
mcw,528,0,32,174.6,508.845,42.8784,0.191
mcw,528,0,33,174.465,508.705,49.0848,0.1985
mcw,528,0,34,174.34,508.55,53.1319,0.2
mcw,528,0,35,174.235,508.38,63.4359,0.2012
mcw,528,0,36,174.11,508.1,67.1657,0.4123
mcw,528,0,37,173.975,507.705,74.9817,0.4245
mcw,528,0,38,173.905,507.395,81.8702,0.2121
mcw,528,0,39,173.875,507.19,81.4694,0.2022
mcw,528,0,40,173.855,506.995,86.9843,0.1903
mcw,528,0,41,173.845,506.81,86.8219,0.1803
mcw,528,0,42,173.845,506.625,93.0112,0.1903
mcw,528,0,43,173.855,506.435,93.0157,0.1903
mcw,528,0,44,173.875,506.24,98.5302,0.2022
mcw,528,0,45,173.905,506.04,98.5306,0.2022
mcw,528,0,46,173.975,505.74,105.3763,0.4149
mcw,528,0,47,174.11,505.345,112.3067,0.4215
mcw,528,0,48,174.24,505.065,120.4635,0.1972
mcw,528,0,49,174.345,504.9,124.5081,0.1942
mcw,528,0,50,174.465,504.745,130.9166,0.1985
mcw,528,0,51,174.6,504.61,139.3979,0.1844
mcw,528,0,52,174.75,504.495,145.4919,0.1942
mcw,528,0,53,174.92,504.405,158.7488,0.1931
mcw,528,0,54,175.11,504.345,165.9627,0.2062
mcw,528,0,55,175.315,504.31,174.5607,0.211
mcw,528,1,0,175.495,508.635,176.1879,0.1503
mcw,528,1,1,175.635,508.61,162.8975,0.136
mcw,528,1,2,175.765,508.555,151.7002,0.1477
mcw,528,1,3,175.885,508.475,140.7095,0.1421
mcw,528,1,4,176.03,508.315,128.0464,0.2921
mcw,528,1,5,176.19,508.06,116.5651,0.313
mcw,528,1,6,176.315,507.765,109.5365,0.3289
mcw,528,1,7,176.4,507.45,100.6192,0.3256
mcw,528,1,8,176.45,507.14,97.5964,0.3027
mcw,528,1,9,176.475,506.855,92.1199,0.2702
mcw,528,1,10,176.475,506.59,87.7986,0.2602
mcw,528,1,11,176.45,506.305,82.6462,0.3126
mcw,528,1,12,176.4,505.995,79.0463,0.3158
mcw,528,1,13,176.315,505.685,70.4631,0.3289
mcw,528,1,14,176.19,505.39,63.4356,0.3131
mcw,528,1,15,176.03,505.135,51.9536,0.2921
mcw,528,1,16,175.885,504.975,39.2905,0.1421
mcw,528,1,17,175.765,504.9,24.7734,0.1432
mcw,528,1,18,175.635,504.85,17.1025,0.136
mcw,528,1,19,175.495,504.82,7.5937,0.1513
mcw,528,1,20,175.345,504.82,172.4063,0.1513
mcw,528,1,21,175.2,504.85,164.0542,0.1456
mcw,528,1,22,175.07,504.9,153.4379,0.1342
mcw,528,1,23,174.955,504.975,140.7095,0.1421
mcw,528,1,24,174.81,505.135,128.0464,0.2921
mcw,528,1,25,174.65,505.39,116.5644,0.3131
mcw,528,1,26,174.525,505.685,109.5369,0.3289
mcw,528,1,27,174.435,505.995,102.7257,0.3178
mcw,528,1,28,174.385,506.305,95.5272,0.3115
mcw,528,1,29,174.36,506.59,94.3997,0.2608
mcw,528,1,30,174.36,506.855,85.7628,0.2707
mcw,528,1,31,174.385,507.14,84.2896,0.3015
mcw,528,1,32,174.435,507.45,77.6596,0.3276
mcw,528,1,33,174.525,507.765,70.4635,0.3289
mcw,528,1,34,174.65,508.06,63.4349,0.313
mcw,528,1,35,174.81,508.315,51.9536,0.2921
mcw,528,1,36,174.955,508.475,39.2905,0.1421
mcw,528,1,37,175.07,508.555,30.2542,0.1389
mcw,528,1,38,175.2,508.61,15.9458,0.1456
mcw,528,1,39,175.345,508.635,3.8121,0.1503
mcw,529,0,0,118.0,513.91,0.0,0.34
mcw,529,0,1,118.335,513.92,3.4676,0.3306
mcw,529,0,2,118.65,513.955,9.4628,0.3041
mcw,529,0,3,118.94,514.03,19.6536,0.2973
mcw,529,0,4,119.195,514.15,31.3282,0.2693
mcw,529,0,5,119.41,514.31,41.9877,0.2691
mcw,529,0,6,119.585,514.515,56.8888,0.2746
mcw,529,0,7,119.685,514.695,68.9638,0.1393
mcw,529,0,8,119.73,514.835,75.0684,0.1552
mcw,529,0,9,119.765,514.985,78.6906,0.153
mcw,529,0,10,119.785,515.15,86.8195,0.1803
mcw,529,0,11,119.78,515.385,93.9445,0.2907
mcw,529,0,12,119.735,515.66,105.0687,0.2693
mcw,529,0,13,119.64,515.9,118.6109,0.2506
mcw,529,0,14,119.49,516.105,133.4515,0.2617
mcw,529,0,15,119.34,516.24,146.3099,0.1442
mcw,529,0,16,119.215,516.315,151.6988,0.1476
mcw,529,0,17,119.07,516.38,159.4443,0.1709
mcw,529,0,18,118.905,516.435,163.61,0.1772
mcw,529,0,19,118.725,516.48,168.113,0.1942
mcw,529,0,20,118.52,516.515,172.2332,0.222
mcw,529,0,21,118.295,516.535,177.5118,0.2302
mcw,529,0,22,118.05,516.545,177.7969,0.2602
mcw,529,0,23,117.575,516.55,0.0,0.69
mcw,529,0,24,117.23,514.25,90.0,4.6
mcw,529,0,25,117.53,511.95,0.0,0.6
mcw,529,0,26,117.83,512.93,90.0,1.96
mcw,529,1,0,117.91,516.04,0.0,0.16
mcw,529,1,1,118.1,516.035,177.3988,0.2202
mcw,529,1,2,118.32,516.02,174.8045,0.2209
mcw,529,1,3,118.54,515.99,169.695,0.2236
mcw,529,1,4,118.75,515.94,163.3012,0.2088
mcw,529,1,5,118.935,515.86,149.5357,0.1972
mcw,529,1,6,119.09,515.74,135.0,0.198
mcw,529,1,7,119.185,515.625,119.0513,0.103
mcw,529,1,8,119.225,515.53,106.7029,0.1044
mcw,529,1,9,119.255,515.425,105.2544,0.114
mcw,529,1,10,119.275,515.31,94.7609,0.1204
mcw,529,1,11,119.275,515.185,85.6036,0.1304
mcw,529,1,12,119.26,515.065,79.6931,0.1118
mcw,529,1,13,119.23,514.96,68.1978,0.1077
mcw,529,1,14,119.185,514.865,60.9466,0.103
mcw,529,1,15,119.1,514.745,51.3398,0.1921
mcw,529,1,16,118.955,514.62,30.4654,0.1972
mcw,529,1,17,118.775,514.53,22.8339,0.2062
mcw,529,1,18,118.575,514.47,10.7846,0.2138
mcw,529,1,19,118.355,514.44,4.9709,0.2309
mcw,529,1,20,118.13,514.425,2.6011,0.2202
mcw,529,1,21,117.925,514.42,0.0,0.19
mcw,529,1,22,117.83,515.23,90.0,1.62
mcw,530,0,0,123.735,516.485,154.2902,0.2997
mcw,530,0,1,123.455,516.6,160.9734,0.3068
mcw,530,0,2,123.16,516.675,170.5386,0.3041
mcw,530,0,3,122.855,516.71,176.3078,0.3106
mcw,530,0,4,122.575,516.715,2.2911,0.2502
mcw,530,0,5,122.33,516.69,9.4623,0.2433
mcw,530,0,6,122.09,516.64,14.0358,0.2474
mcw,530,0,7,121.855,516.57,19.1797,0.2435
mcw,530,0,8,121.635,516.48,25.4631,0.2326
mcw,530,0,9,121.425,516.37,29.7447,0.2419
mcw,530,0,10,121.225,516.24,36.385,0.236
mcw,530,0,11,121.045,516.095,41.423,0.2267
mcw,530,0,12,120.88,515.93,48.3672,0.2408
mcw,530,0,13,120.725,515.75,50.1942,0.2343
mcw,530,0,14,120.59,515.555,60.256,0.2419
mcw,530,0,15,120.475,515.345,62.3538,0.2371
mcw,530,0,16,120.38,515.125,70.8208,0.2435
mcw,530,0,17,120.31,514.89,75.9642,0.2474
mcw,530,0,18,120.26,514.65,80.5374,0.2433
mcw,530,0,19,120.235,514.4,87.7969,0.2602
mcw,530,0,20,120.235,514.145,92.2911,0.2502
mcw,530,0,21,120.26,513.895,99.0905,0.2532
mcw,530,0,22,120.31,513.655,104.6206,0.2377
mcw,530,0,23,120.38,513.43,109.9834,0.2341
mcw,530,0,24,120.47,513.215,115.4631,0.2326
mcw,530,0,25,120.585,513.01,123.0227,0.2385
mcw,530,0,26,120.72,512.82,127.8748,0.228
mcw,530,0,27,120.87,512.645,133.2653,0.2335
mcw,530,0,28,121.035,512.48,136.7361,0.2334
mcw,530,0,29,121.215,512.335,145.619,0.2302
mcw,530,0,30,121.41,512.21,149.0369,0.2332
mcw,530,0,31,121.615,512.1,154.5352,0.2326
mcw,530,0,32,121.83,512.01,160.0183,0.2341
mcw,530,0,33,122.055,511.945,167.7347,0.2354
mcw,530,0,34,122.29,511.9,170.5374,0.2433
mcw,530,0,35,122.535,511.875,177.7089,0.2502
mcw,530,0,36,122.815,511.88,3.6922,0.3106
mcw,530,0,37,123.125,511.92,10.9534,0.3158
mcw,530,0,38,123.435,512.0,17.8786,0.3257
mcw,530,0,39,123.73,512.115,24.9057,0.3087
mcw,530,0,40,123.87,512.52,90.0,0.68
mcw,530,0,41,123.735,512.76,36.5298,0.336
mcw,530,0,42,123.445,512.58,27.2986,0.3489
mcw,530,0,43,123.13,512.455,15.7093,0.3324
mcw,530,0,44,122.805,512.395,5.1942,0.3314
mcw,530,0,45,122.545,512.385,176.9865,0.1903
mcw,530,0,46,122.355,512.405,171.0278,0.1924
mcw,530,0,47,122.175,512.445,163.6093,0.1772
mcw,530,0,48,122.005,512.5,160.5605,0.1803
mcw,530,0,49,121.765,512.62,149.859,0.3585
mcw,530,0,50,121.475,512.83,138.3664,0.3612
mcw,530,0,51,121.235,513.09,126.8699,0.35
mcw,530,0,52,121.045,513.39,117.9803,0.3624
mcw,530,0,53,120.93,513.64,108.4342,0.1897
mcw,530,0,54,120.88,513.82,102.5291,0.1844
mcw,530,0,55,120.845,514.005,98.9722,0.1924
mcw,530,0,56,120.825,514.195,93.0134,0.1903
mcw,530,0,57,120.825,514.385,86.9865,0.1903
mcw,530,0,58,120.845,514.575,81.0278,0.1924
mcw,530,0,59,120.88,514.76,77.4709,0.1844
mcw,530,0,60,120.93,514.94,71.5658,0.1897
mcw,530,0,61,121.045,515.19,62.0197,0.3624
mcw,530,0,62,121.24,515.495,52.8152,0.364
mcw,530,0,63,121.485,515.76,41.6336,0.3612
mcw,530,0,64,121.775,515.965,28.7397,0.3536
mcw,530,0,65,122.015,516.085,22.3794,0.1839
mcw,530,0,66,122.185,516.145,16.3907,0.1772
mcw,530,0,67,122.365,516.185,8.9725,0.1923
mcw,530,0,68,122.555,516.205,3.0134,0.1903
mcw,530,0,69,122.815,516.195,174.8058,0.3314
mcw,530,0,70,123.14,516.135,164.2907,0.3324
mcw,530,0,71,123.45,516.02,154.9834,0.3311
mcw,530,0,72,123.735,515.85,143.4712,0.336
mcw,530,0,73,123.87,516.085,90.0,0.67
mcw,531,0,0,126.33,513.995,11.7691,0.2452
mcw,531,0,1,126.56,514.07,24.4435,0.2417
mcw,531,0,2,126.76,514.185,35.837,0.222
mcw,531,0,3,126.93,514.33,45.0,0.2263
mcw,531,0,4,127.075,514.5,54.163,0.222
mcw,531,0,5,127.185,514.695,66.8022,0.2285
mcw,531,0,6,127.26,514.915,75.3777,0.2377
mcw,531,0,7,127.295,515.145,87.5118,0.2302
mcw,531,0,8,127.285,515.42,95.3556,0.3214
mcw,531,0,9,127.21,515.725,112.4785,0.3138
mcw,531,0,10,127.06,516.0,124.695,0.3162
mcw,531,0,11,126.845,516.235,139.9699,0.3265
mcw,531,0,12,126.575,516.4,157.5215,0.3138
mcw,531,0,13,126.27,516.49,169.3794,0.3256
mcw,531,0,14,125.95,516.535,174.6444,0.3214
mcw,531,0,15,125.63,516.55,0.0,0.32
mcw,531,0,16,125.11,516.55,0.0,0.72
mcw,531,0,17,124.75,514.25,90.0,4.6
mcw,531,0,18,125.05,511.95,0.0,0.6
mcw,531,0,19,125.35,512.93,90.0,1.96
mcw,531,0,20,125.47,513.91,0.0,0.24
mcw,531,0,21,126.28,512.93,125.1488,2.3971
mcw,531,0,22,127.31,511.95,0.0,0.68
mcw,531,0,23,126.93,512.96,125.4841,2.4807
mcw,531,1,0,125.425,516.04,0.0,0.15
mcw,531,1,1,125.615,516.035,177.5099,0.2302
mcw,531,1,2,125.84,516.02,174.8065,0.2209
mcw,531,1,3,126.06,515.99,169.695,0.2236
mcw,531,1,4,126.27,515.935,160.7104,0.2119
mcw,531,1,5,126.455,515.85,149.5346,0.1972
mcw,531,1,6,126.605,515.73,132.8784,0.191
mcw,531,1,7,126.715,515.565,115.3469,0.2102
mcw,531,1,8,126.775,515.355,97.431,0.232
mcw,531,1,9,126.775,515.12,82.8752,0.2419
mcw,531,1,10,126.72,514.905,67.1661,0.2062
mcw,531,1,11,126.615,514.74,47.1199,0.1911
mcw,531,1,12,126.47,514.615,34.5093,0.1942
mcw,531,1,13,126.295,514.525,20.2245,0.2025
mcw,531,1,14,126.095,514.47,10.7826,0.2138
mcw,531,1,15,125.875,514.44,4.9709,0.2309
mcw,531,1,16,125.65,514.425,2.6031,0.2202
mcw,531,1,17,125.445,514.42,0.0,0.19
mcw,531,1,18,125.35,515.23,90.0,1.62
mcw,532,0,0,131.39,513.995,90.0,4.09
mcw,532,0,1,131.645,511.95,0.0,0.51
mcw,532,0,2,131.9,514.25,90.0,4.6
mcw,532,0,3,131.4,516.55,0.0,1.0
mcw,532,0,4,130.745,516.295,58.7073,0.5968
mcw,532,0,5,130.99,516.04,0.0,0.8
mcw,533,0,0,135.125,515.65,53.7344,2.6542
mcw,533,0,1,134.25,514.44,57.2657,0.3329
mcw,533,0,2,134.085,514.155,62.6511,0.3265
mcw,533,0,3,133.98,513.93,69.4404,0.1709
mcw,533,0,4,133.93,513.77,75.9657,0.1649
mcw,533,0,5,133.895,513.605,79.9923,0.1726
mcw,533,0,6,133.875,513.435,86.6355,0.1703
mcw,533,0,7,133.885,513.2,95.7104,0.3015
mcw,533,0,8,133.945,512.91,107.8183,0.2941
mcw,533,0,9,134.06,512.645,119.2487,0.2865
mcw,533,0,10,134.225,512.41,130.8153,0.2907
mcw,533,0,11,134.43,512.21,140.7107,0.2843
mcw,533,0,12,134.67,512.05,151.6988,0.2953
mcw,533,0,13,134.935,511.94,163.4955,0.2816
mcw,533,0,14,135.22,511.885,174.2897,0.3015
mcw,533,0,15,135.52,511.885,5.7106,0.3015
mcw,533,0,16,135.81,511.945,17.8183,0.2941
mcw,533,0,17,136.075,512.06,29.2501,0.2865
mcw,533,0,18,136.31,512.22,39.2881,0.2842
mcw,533,0,19,136.51,512.425,51.9521,0.2921
mcw,533,0,20,136.67,512.67,61.6995,0.2953
mcw,533,0,21,136.78,512.94,74.0542,0.2912
mcw,533,0,22,136.835,513.235,84.4726,0.3114
mcw,533,0,23,136.84,513.53,94.0865,0.2807
mcw,533,0,24,136.79,513.805,106.5045,0.2816
mcw,533,0,25,136.695,514.06,114.6239,0.264
mcw,533,0,26,136.565,514.29,124.2856,0.2663
mcw,533,0,27,136.395,514.495,135.0,0.2687
mcw,533,0,28,136.19,514.66,147.5291,0.2608
mcw,533,0,29,135.955,514.77,162.2565,0.2625
mcw,533,0,30,135.695,514.83,171.573,0.273
mcw,533,0,31,135.44,514.835,7.125,0.2419
mcw,533,0,32,135.21,514.78,19.9834,0.2341
mcw,533,0,33,135.095,514.745,135.0218,0.0142
mcw,533,0,34,135.705,515.61,54.4306,2.1146
mcw,533,0,35,136.115,516.595,148.6272,0.4802
mcw,533,1,0,135.265,512.39,173.9921,0.1911
mcw,533,1,1,135.08,512.43,161.5651,0.1897
mcw,533,1,2,134.905,512.505,152.1014,0.1924
mcw,533,1,3,134.745,512.61,141.343,0.1921
mcw,533,1,4,134.61,512.74,130.6003,0.1844
mcw,533,1,5,134.505,512.895,117.8955,0.1924
mcw,533,1,6,134.43,513.075,107.5253,0.1992
mcw,533,1,7,134.39,513.265,96.0102,0.1911
mcw,533,1,8,134.39,513.455,83.9898,0.1911
mcw,533,1,9,134.43,513.64,71.5658,0.1897
mcw,533,1,10,134.51,513.81,57.9963,0.1887
mcw,533,1,11,134.62,513.965,51.3381,0.1921
mcw,533,1,12,134.755,514.1,38.6616,0.1921
mcw,533,1,13,134.915,514.21,30.4654,0.1972
mcw,533,1,14,135.085,514.29,19.4395,0.1803
mcw,533,1,15,135.265,514.33,6.0102,0.1911
mcw,533,1,16,135.45,514.33,173.6587,0.1811
mcw,533,1,17,135.63,514.29,161.5651,0.1897
mcw,533,1,18,135.805,514.215,152.1014,0.1924
mcw,533,1,19,135.96,514.11,139.3997,0.1844
mcw,533,1,20,136.095,513.98,132.8801,0.1911
mcw,533,1,21,136.21,513.82,119.056,0.2059
mcw,533,1,22,136.29,513.635,107.5247,0.1993
mcw,533,1,23,136.33,513.435,95.4374,0.2109
mcw,533,1,24,136.33,513.235,83.9943,0.1911
mcw,533,1,25,136.29,513.05,71.5658,0.1897
mcw,533,1,26,136.215,512.88,60.6385,0.1836
mcw,533,1,27,136.105,512.73,47.1233,0.191
mcw,533,1,28,135.97,512.6,40.6021,0.1844
mcw,533,1,29,135.815,512.495,27.8966,0.1924
mcw,533,1,30,135.64,512.425,15.5244,0.1868
mcw,533,1,31,135.455,512.39,6.0079,0.1911
mcw,534,0,0,139.225,511.875,2.7268,0.2102
mcw,534,0,1,139.43,511.905,14.0352,0.2062
mcw,534,0,2,139.615,511.97,25.2019,0.1879
mcw,534,0,3,139.785,512.06,30.4654,0.1972
mcw,534,0,4,139.94,512.175,42.8801,0.1911
mcw,534,0,5,140.075,512.31,47.1199,0.1911
mcw,534,0,6,140.195,512.46,55.4907,0.1942
mcw,534,0,7,140.3,512.63,60.9477,0.2059
mcw,534,0,8,140.43,512.91,67.1661,0.4123
mcw,534,0,9,140.565,513.3,74.6234,0.4148
mcw,534,0,10,140.635,513.605,81.8702,0.2121
mcw,534,0,11,140.665,513.81,81.4698,0.2022
mcw,534,0,12,140.685,514.005,86.9843,0.1903
mcw,534,0,13,140.695,514.19,86.8219,0.1803
mcw,534,0,14,140.695,514.375,93.0112,0.1903
mcw,534,0,15,140.685,514.565,93.0157,0.1903
mcw,534,0,16,140.665,514.76,98.5306,0.2022
mcw,534,0,17,140.635,514.96,98.5302,0.2022
mcw,534,0,18,140.565,515.265,105.0186,0.4245
mcw,534,0,19,140.43,515.665,112.3067,0.4215
mcw,534,0,20,140.3,515.95,119.0523,0.2059
mcw,534,0,21,140.195,516.12,124.5081,0.1942
mcw,534,0,22,140.075,516.275,130.9152,0.1985
mcw,534,0,23,139.94,516.41,139.3997,0.1844
mcw,534,0,24,139.79,516.525,145.4919,0.1942
mcw,534,0,25,139.62,516.615,158.7488,0.1931
mcw,534,0,26,139.43,516.675,165.9627,0.2062
mcw,534,0,27,139.225,516.71,174.5607,0.211
mcw,534,0,28,139.015,516.71,5.4393,0.211
mcw,534,0,29,138.81,516.675,14.0373,0.2062
mcw,534,0,30,138.62,516.615,21.2512,0.1931
mcw,534,0,31,138.45,516.525,34.5081,0.1942
mcw,534,0,32,138.3,516.41,40.6003,0.1844
mcw,534,0,33,138.165,516.275,49.0848,0.1985
mcw,534,0,34,138.045,516.12,55.4919,0.1942
mcw,534,0,35,137.94,515.95,60.9477,0.2059
mcw,534,0,36,137.81,515.665,67.6933,0.4215
mcw,534,0,37,137.675,515.265,74.9814,0.4245
mcw,534,0,38,137.605,514.96,81.4698,0.2022
mcw,534,0,39,137.575,514.76,81.4694,0.2022
mcw,534,0,40,137.555,514.565,86.9843,0.1903
mcw,534,0,41,137.545,514.375,86.9888,0.1903
mcw,534,0,42,137.545,514.19,93.1781,0.1803
mcw,534,0,43,137.555,514.005,93.0157,0.1903
mcw,534,0,44,137.575,513.81,98.5302,0.2022
mcw,534,0,45,137.605,513.605,98.1298,0.2121
mcw,534,0,46,137.675,513.3,105.3766,0.4148
mcw,534,0,47,137.81,512.91,112.8339,0.4123
mcw,534,0,48,137.94,512.63,119.0523,0.2059
mcw,534,0,49,138.045,512.46,124.5093,0.1942
mcw,534,0,50,138.165,512.31,132.8801,0.1911
mcw,534,0,51,138.3,512.175,137.1199,0.1911
mcw,534,0,52,138.455,512.06,149.5346,0.1972
mcw,534,0,53,138.625,511.97,154.7981,0.1879
mcw,534,0,54,138.81,511.905,165.9648,0.2062
mcw,534,0,55,139.015,511.875,177.2732,0.2102
mcw,534,1,0,139.195,516.2,172.4063,0.1513
mcw,534,1,1,139.335,516.17,162.8975,0.136
mcw,534,1,2,139.465,516.12,155.2266,0.1432
mcw,534,1,3,139.585,516.045,140.7095,0.1421
mcw,534,1,4,139.73,515.885,128.0464,0.2921
mcw,534,1,5,139.89,515.63,116.5651,0.313
mcw,534,1,6,140.015,515.335,109.5365,0.3289
mcw,534,1,7,140.1,515.02,100.6192,0.3256
mcw,534,1,8,140.15,514.705,97.354,0.3126
mcw,534,1,9,140.175,514.42,92.2014,0.2602
mcw,534,1,10,140.175,514.155,87.88,0.2702
mcw,534,1,11,140.15,513.87,82.4038,0.3027
mcw,534,1,12,140.1,513.56,79.3808,0.3256
mcw,534,1,13,140.015,513.245,70.4631,0.3289
mcw,534,1,14,139.89,512.95,63.4349,0.313
mcw,534,1,15,139.73,512.7,50.7119,0.2842
mcw,534,1,16,139.585,512.545,39.2905,0.1421
mcw,534,1,17,139.465,512.465,28.2998,0.1477
mcw,534,1,18,139.335,512.41,17.1025,0.136
mcw,534,1,19,139.195,512.385,3.8121,0.1503
mcw,534,1,20,139.045,512.385,176.1879,0.1503
mcw,534,1,21,138.905,512.41,162.8975,0.136
mcw,534,1,22,138.775,512.465,151.7002,0.1477
mcw,534,1,23,138.655,512.545,140.7095,0.1421
mcw,534,1,24,138.51,512.7,129.2881,0.2842
mcw,534,1,25,138.35,512.95,116.5651,0.313
mcw,534,1,26,138.225,513.245,109.5369,0.3289
mcw,534,1,27,138.135,513.56,102.3404,0.3276
mcw,534,1,28,138.085,513.87,95.7103,0.3015
mcw,534,1,29,138.065,514.155,92.12,0.2702
mcw,534,1,30,138.065,514.42,87.7986,0.2602
mcw,534,1,31,138.085,514.705,84.4726,0.3114
mcw,534,1,32,138.135,515.02,77.6596,0.3276
mcw,534,1,33,138.225,515.335,70.4635,0.3289
mcw,534,1,34,138.35,515.63,63.4349,0.313
mcw,534,1,35,138.51,515.885,51.9536,0.2921
mcw,534,1,36,138.655,516.045,39.2905,0.1421
mcw,534,1,37,138.775,516.12,24.7734,0.1432
mcw,534,1,38,138.905,516.17,17.1025,0.136
mcw,534,1,39,139.045,516.2,7.5937,0.1513
mcw,535,0,0,145.8,516.295,90.0,0.51
mcw,535,0,1,144.675,516.55,0.0,2.25
mcw,535,0,2,143.55,514.25,90.0,4.6
mcw,535,0,3,143.845,511.95,0.0,0.59
mcw,535,0,4,144.14,513.1,90.0,2.3
mcw,535,0,5,144.945,514.25,0.0,1.61
mcw,535,0,6,145.75,514.505,90.0,0.51
mcw,535,0,7,144.945,514.76,0.0,1.61
mcw,535,0,8,144.14,515.4,90.0,1.28
mcw,535,0,9,144.97,516.04,0.0,1.66
mcw,536,0,0,147.68,514.3,66.5659,6.3868
mcw,536,0,1,146.63,511.275,156.6436,0.4793
mcw,536,0,2,148.12,514.125,66.6723,6.4143
mcw,536,0,3,149.17,517.15,160.0166,0.4682
mcw,537,0,0,153.515,516.485,154.2909,0.2997
mcw,537,0,1,153.235,516.6,160.9729,0.3068
mcw,537,0,2,152.94,516.675,170.5386,0.3041
mcw,537,0,3,152.635,516.71,176.3078,0.3106
mcw,537,0,4,152.355,516.715,2.2911,0.2502
mcw,537,0,5,152.11,516.69,9.4623,0.2433
mcw,537,0,6,151.87,516.64,14.0362,0.2474
mcw,537,0,7,151.635,516.57,19.1786,0.2435
mcw,537,0,8,151.415,516.48,25.4639,0.2326
mcw,537,0,9,151.205,516.37,29.7447,0.2419
mcw,537,0,10,151.005,516.24,36.3839,0.236
mcw,537,0,11,150.825,516.095,41.4243,0.2267
mcw,537,0,12,150.66,515.93,48.3659,0.2408
mcw,537,0,13,150.505,515.75,50.1956,0.2343
mcw,537,0,14,150.37,515.555,60.256,0.2419
mcw,537,0,15,150.255,515.345,62.3538,0.2371
mcw,537,0,16,150.16,515.125,70.8208,0.2435
mcw,537,0,17,150.09,514.89,75.9642,0.2474
mcw,537,0,18,150.04,514.65,80.5356,0.2433
mcw,537,0,19,150.015,514.4,87.7986,0.2602
mcw,537,0,20,150.015,514.145,92.2894,0.2502
mcw,537,0,21,150.04,513.895,99.0922,0.2532
mcw,537,0,22,150.09,513.655,104.6206,0.2377
mcw,537,0,23,150.16,513.43,109.9834,0.2341
mcw,537,0,24,150.25,513.215,115.4614,0.2326
mcw,537,0,25,150.365,513.01,123.0243,0.2385
mcw,537,0,26,150.5,512.82,127.8748,0.228
mcw,537,0,27,150.65,512.645,133.2653,0.2335
mcw,537,0,28,150.815,512.48,136.7361,0.2334
mcw,537,0,29,150.995,512.335,145.619,0.2302
mcw,537,0,30,151.19,512.21,149.0369,0.2332
mcw,537,0,31,151.395,512.1,154.536,0.2326
mcw,537,0,32,151.61,512.01,160.0183,0.2341
mcw,537,0,33,151.835,511.945,167.7343,0.2354
mcw,537,0,34,152.07,511.9,170.5371,0.2433
mcw,537,0,35,152.315,511.875,177.7089,0.2502
mcw,537,0,36,152.595,511.88,3.692,0.3107
mcw,537,0,37,152.905,511.92,10.9537,0.3158
mcw,537,0,38,153.215,512.0,17.8786,0.3257
mcw,537,0,39,153.51,512.115,24.9057,0.3087
mcw,537,0,40,153.65,512.52,90.0,0.68
mcw,537,0,41,153.515,512.76,36.529,0.336
mcw,537,0,42,153.225,512.58,27.2992,0.3489
mcw,537,0,43,152.91,512.455,15.7097,0.3324
mcw,537,0,44,152.585,512.395,5.1942,0.3314
mcw,537,0,45,152.325,512.385,176.9866,0.1903
mcw,537,0,46,152.135,512.405,171.0278,0.1924
mcw,537,0,47,151.955,512.445,163.6093,0.1772
mcw,537,0,48,151.785,512.5,160.5605,0.1803
mcw,537,0,49,151.545,512.62,149.8584,0.3585
mcw,537,0,50,151.255,512.83,138.3672,0.3612
mcw,537,0,51,151.015,513.09,126.8709,0.35
mcw,537,0,52,150.825,513.39,117.9792,0.3624
mcw,537,0,53,150.71,513.64,108.4342,0.1897
mcw,537,0,54,150.66,513.82,102.5268,0.1844
mcw,537,0,55,150.625,514.005,98.9722,0.1924
mcw,537,0,56,150.605,514.195,93.0157,0.1903
mcw,537,0,57,150.605,514.385,86.9842,0.1903
mcw,537,0,58,150.625,514.575,81.0278,0.1924
mcw,537,0,59,150.66,514.76,77.4732,0.1844
mcw,537,0,60,150.71,514.94,71.5658,0.1897
mcw,537,0,61,150.825,515.19,62.0208,0.3624
mcw,537,0,62,151.02,515.495,52.8152,0.364
mcw,537,0,63,151.265,515.76,41.6328,0.3612
mcw,537,0,64,151.555,515.965,28.7397,0.3536
mcw,537,0,65,151.795,516.085,22.3803,0.1838
mcw,537,0,66,151.965,516.145,16.3907,0.1772
mcw,537,0,67,152.145,516.185,8.9722,0.1924
mcw,537,0,68,152.335,516.205,3.0134,0.1903
mcw,537,0,69,152.595,516.195,174.8058,0.3314
mcw,537,0,70,152.92,516.135,164.2903,0.3324
mcw,537,0,71,153.23,516.02,154.9834,0.3311
mcw,537,0,72,153.515,515.85,143.472,0.336
mcw,537,0,73,153.65,516.085,90.0,0.67
mcw,538,0,0,155.54,514.3,66.5659,6.3868
mcw,538,0,1,154.49,511.275,156.6436,0.4793
mcw,538,0,2,155.98,514.125,66.6723,6.4143
mcw,538,0,3,157.03,517.15,160.0166,0.4682
mcw,539,0,0,158.42,513.235,60.7376,2.9459
mcw,539,0,1,158.02,511.95,0.0,0.64
mcw,539,0,2,158.9,512.96,60.9933,2.3097
mcw,539,0,3,160.005,512.96,118.3514,2.2953
mcw,539,0,4,160.87,511.95,0.0,0.64
mcw,539,0,5,160.49,513.235,118.5794,2.9266
mcw,539,0,6,160.455,515.535,56.7682,2.4269
mcw,539,0,7,160.79,516.55,0.0,0.66
mcw,539,0,8,159.96,515.785,56.8316,1.8278
mcw,539,0,9,158.995,515.785,121.2933,1.7905
mcw,539,0,10,158.2,516.55,0.0,0.66
mcw,539,0,11,158.505,515.535,122.0308,2.3945
mcw,540,0,0,162.87,514.3,66.5659,6.3868
mcw,540,0,1,161.82,511.275,156.6436,0.4793
mcw,540,0,2,163.31,514.125,66.6723,6.4143
mcw,540,0,3,164.36,517.15,160.0166,0.4682
mcw,541,0,0,167.28,516.04,0.0,1.1
mcw,541,0,1,167.83,516.295,90.0,0.51
mcw,541,0,2,166.435,516.55,0.0,2.79
mcw,541,0,3,165.04,516.295,90.0,0.51
mcw,541,0,4,165.585,516.04,0.0,1.09
mcw,541,0,5,166.13,513.995,90.0,4.09
mcw,541,0,6,166.43,511.95,0.0,0.6
mcw,541,0,7,166.73,513.995,90.0,4.09
mcw,542,0,0,102.91,521.565,11.7691,0.2452
mcw,542,0,1,103.14,521.635,22.2481,0.2377
mcw,542,0,2,103.345,521.745,34.3794,0.2302
mcw,542,0,3,103.515,521.89,46.848,0.2193
mcw,542,0,4,103.655,522.065,55.6206,0.2302
mcw,542,0,5,103.765,522.265,66.8022,0.2285
mcw,542,0,6,103.84,522.48,74.7437,0.228
mcw,542,0,7,103.88,522.71,85.2371,0.2408
mcw,542,0,8,103.87,522.985,97.3526,0.3126
mcw,542,0,9,103.795,523.29,110.1362,0.3195
mcw,542,0,10,103.645,523.57,126.1572,0.322
mcw,542,0,11,103.43,523.8,140.1955,0.3124
mcw,542,0,12,103.16,523.96,158.1978,0.3231
mcw,542,0,13,102.855,524.055,167.2756,0.3178
mcw,542,0,14,102.54,524.1,176.4243,0.3206
mcw,542,0,15,102.215,524.115,178.2639,0.3301
mcw,542,0,16,101.69,524.12,0.0,0.72
mcw,542,0,17,101.33,521.82,90.0,4.6
mcw,542,0,18,101.63,519.52,0.0,0.6
mcw,542,0,19,101.93,520.5,90.0,1.96
mcw,542,0,20,102.055,521.48,0.0,0.25
mcw,542,0,21,102.87,520.5,125.1486,2.3971
mcw,542,0,22,103.9,519.52,0.0,0.68
mcw,542,0,23,103.515,520.53,125.6716,2.4865
mcw,542,1,0,102.01,523.6,0.0,0.16
mcw,542,1,1,102.2,523.6,0.0,0.22
mcw,542,1,2,102.425,523.59,175.0312,0.2309
mcw,542,1,3,102.645,523.56,169.2154,0.2138
mcw,542,1,4,102.85,523.505,160.7104,0.2119
mcw,542,1,5,103.035,523.42,149.5346,0.1972
mcw,542,1,6,103.19,523.295,133.0247,0.2052
mcw,542,1,7,103.3,523.13,113.9629,0.197
mcw,542,1,8,103.36,522.92,99.4608,0.2433
mcw,542,1,9,103.365,522.685,82.569,0.232
mcw,542,1,10,103.305,522.475,64.655,0.2102
mcw,542,1,11,103.2,522.305,51.3384,0.1921
mcw,542,1,12,103.055,522.18,30.4673,0.1972
mcw,542,1,13,102.875,522.095,20.2245,0.2025
mcw,542,1,14,102.675,522.035,13.3914,0.2159
mcw,542,1,15,102.46,522.0,5.1955,0.2209
mcw,542,1,16,102.235,521.99,0.0,0.23
mcw,542,1,17,102.025,521.99,0.0,0.19
mcw,542,1,18,101.93,522.795,90.0,1.61
mcw,543,0,0,104.68,524.12,0.0,0.62
mcw,543,0,1,105.33,521.735,111.9256,5.1419
mcw,543,0,2,106.945,521.045,68.872,3.6343
mcw,543,0,3,108.255,521.045,111.128,3.6343
mcw,543,0,4,109.875,521.735,67.9711,5.1457
mcw,543,0,5,110.525,524.12,0.0,0.63
mcw,543,0,6,109.56,522.48,68.3795,3.5282
mcw,543,0,7,108.255,522.565,110.7923,3.6903
mcw,543,0,8,106.95,522.605,68.9055,3.612
mcw,543,0,9,105.645,522.52,112.2629,3.4578
mcw,544,0,0,112.41,520.54,90.0,2.04
mcw,544,0,1,112.71,519.52,0.0,0.6
mcw,544,0,2,113.01,520.54,90.0,2.04
mcw,544,0,3,113.765,522.84,59.466,2.9722
mcw,544,0,4,114.185,524.12,0.0,0.67
mcw,544,0,5,113.28,523.155,59.4308,2.2415
mcw,544,0,6,112.14,523.155,120.5692,2.2415
mcw,544,0,7,111.235,524.12,0.0,0.67
mcw,544,0,8,111.655,522.84,120.534,2.9722
mcw,545,0,0,118.21,521.56,90.0,4.08
mcw,545,0,1,118.465,519.52,0.0,0.51
mcw,545,0,2,118.72,521.82,90.0,4.6
mcw,545,0,3,118.225,524.12,0.0,0.99
mcw,545,0,4,117.57,523.86,58.3924,0.6106
mcw,545,0,5,117.81,523.6,0.0,0.8
mcw,546,0,0,122.605,520.98,51.5245,2.427
mcw,546,0,1,123.425,522.035,58.2409,0.247
mcw,546,0,2,123.54,522.26,67.3803,0.26
mcw,546,0,3,123.62,522.51,77.0044,0.2668
mcw,546,0,4,123.66,522.77,85.6021,0.2608
mcw,546,0,5,123.655,523.045,95.9059,0.2915
mcw,546,0,6,123.6,523.325,106.5049,0.2816
mcw,546,0,7,123.495,523.58,118.4426,0.2729
mcw,546,0,8,123.345,523.8,130.3636,0.2625
mcw,546,0,9,123.155,523.98,142.6976,0.264
mcw,546,0,10,122.93,524.12,153.4342,0.2683
mcw,546,0,11,122.675,524.22,163.4951,0.2816
mcw,546,0,12,122.4,524.275,173.8847,0.2816
mcw,546,0,13,122.105,524.275,5.5272,0.3115
mcw,546,0,14,121.82,524.225,15.0683,0.2693
mcw,546,0,15,121.57,524.13,26.5658,0.2683
mcw,546,0,16,121.345,523.99,37.3047,0.264
mcw,546,0,17,121.155,523.81,49.6353,0.2625
mcw,546,0,18,121.005,523.595,60.5235,0.2642
mcw,546,0,19,120.895,523.345,71.5655,0.2846
mcw,546,0,20,120.82,523.06,78.6906,0.3059
mcw,546,0,21,121.08,522.91,0.0,0.58
mcw,546,0,22,121.38,522.995,83.289,0.1712
mcw,546,0,23,121.42,523.165,70.5605,0.1803
mcw,546,0,24,121.495,523.32,57.2635,0.1664
mcw,546,0,25,121.595,523.455,49.7629,0.1703
mcw,546,0,26,121.71,523.575,42.5118,0.1628
mcw,546,0,27,121.845,523.67,28.0728,0.17
mcw,546,0,28,122.0,523.735,17.3546,0.1676
mcw,546,0,29,122.17,523.77,6.3391,0.1811
mcw,546,0,30,122.345,523.77,173.2912,0.1712
mcw,546,0,31,122.515,523.73,160.5582,0.1803
mcw,546,0,32,122.675,523.66,151.9272,0.17
mcw,546,0,33,122.82,523.565,141.8444,0.178
mcw,546,0,34,122.945,523.445,130.2355,0.1703
mcw,546,0,35,123.045,523.3,119.3574,0.1836
mcw,546,0,36,123.115,523.135,106.39,0.1772
mcw,546,0,37,123.15,522.96,96.3391,0.1811
mcw,546,0,38,123.145,522.755,82.5688,0.2319
mcw,546,0,39,123.08,522.53,65.5565,0.2417
mcw,546,0,40,122.965,522.32,56.9763,0.2385
mcw,546,0,41,122.825,522.125,51.7099,0.2421
mcw,546,0,42,121.74,520.775,51.1735,3.2219
mcw,546,0,43,122.2,519.52,0.0,2.94
mcw,546,0,44,123.67,519.775,90.0,0.51
mcw,546,0,45,122.76,520.03,0.0,1.82
mcw,547,0,0,124.54,521.52,90.0,0.42
mcw,547,0,1,125.22,521.31,0.0,1.36
mcw,547,0,2,125.9,521.52,90.0,0.42
mcw,547,0,3,125.22,521.73,0.0,1.36
mcw,548,0,0,128.215,521.73,0.0,0.21
mcw,548,0,1,128.415,521.71,168.1103,0.1942
mcw,548,0,2,128.59,521.655,156.3712,0.1746
mcw,548,0,3,128.74,521.57,144.4626,0.172
mcw,548,0,4,128.87,521.455,132.7125,0.1769
mcw,548,0,5,128.975,521.31,119.3562,0.1836
mcw,548,0,6,129.045,521.14,105.525,0.1868
mcw,548,0,7,129.08,520.945,95.4374,0.2109
mcw,548,0,8,129.08,520.75,83.6633,0.1811
mcw,548,0,9,129.045,520.575,73.6093,0.1772
mcw,548,0,10,128.98,520.415,61.9272,0.17
mcw,548,0,11,128.89,520.275,52.4291,0.164
mcw,548,0,12,128.775,520.155,40.2388,0.1703
mcw,548,0,13,128.635,520.055,30.9633,0.1749
mcw,548,0,14,128.475,519.985,16.3883,0.1772
mcw,548,0,15,128.3,519.95,6.3418,0.1811
mcw,548,0,16,128.125,519.95,173.2893,0.1712
mcw,548,0,17,127.965,519.975,168.6901,0.153
mcw,548,0,18,127.815,520.025,154.9834,0.1655
mcw,548,0,19,127.675,520.1,148.3914,0.1526
mcw,548,0,20,127.555,520.19,137.7269,0.1487
mcw,548,0,21,127.455,520.305,124.6946,0.1581
mcw,548,0,22,127.38,520.44,113.2005,0.1523
mcw,548,0,23,127.33,520.59,104.0362,0.1649
mcw,548,0,24,127.03,520.67,0.0,0.56
mcw,548,0,25,126.77,520.535,98.427,0.273
mcw,548,0,26,126.84,520.28,112.6197,0.26
mcw,548,0,27,126.955,520.055,121.7606,0.247
mcw,548,0,28,127.11,519.86,134.9988,0.2546
mcw,548,0,29,127.305,519.7,146.3109,0.2524
mcw,548,0,30,127.525,519.575,154.4395,0.2549
mcw,548,0,31,127.765,519.49,166.5048,0.2571
mcw,548,0,32,128.025,519.445,173.6586,0.2717
mcw,548,0,33,128.31,519.445,5.7117,0.3015
mcw,548,0,34,128.6,519.495,14.0362,0.2886
mcw,548,0,35,128.86,519.59,26.5651,0.2683
mcw,548,0,36,129.085,519.725,35.5371,0.2581
mcw,548,0,37,129.275,519.9,49.6353,0.2625
mcw,548,0,38,129.425,520.12,61.5567,0.273
mcw,548,0,39,129.53,520.375,73.4951,0.2816
mcw,548,0,40,129.585,520.665,84.4726,0.3114
mcw,548,0,41,129.595,520.91,93.1829,0.1803
mcw,548,0,42,129.575,521.09,99.4619,0.1825
mcw,548,0,43,129.54,521.26,104.0337,0.1649
mcw,548,0,44,129.485,521.42,113.6321,0.1746
mcw,548,0,45,129.41,521.57,119.7442,0.1613
mcw,548,0,46,129.315,521.705,130.2371,0.1703
mcw,548,0,47,129.195,521.825,139.7612,0.1703
mcw,548,0,48,129.055,521.925,149.0388,0.1749
mcw,548,0,49,129.095,522.07,41.0084,0.3048
mcw,548,0,50,129.295,522.295,55.7846,0.3023
mcw,548,0,51,129.41,522.49,66.8022,0.1523
mcw,548,0,52,129.46,522.635,75.0711,0.1552
mcw,548,0,53,129.49,522.79,82.8733,0.1612
mcw,548,0,54,129.505,522.95,86.4257,0.1603
mcw,548,0,55,129.5,523.17,94.0834,0.2807
mcw,548,0,56,129.45,523.43,108.4355,0.253
mcw,548,0,57,129.355,523.66,116.5651,0.246
mcw,548,0,58,129.22,523.86,131.6341,0.2408
mcw,548,0,59,129.045,524.02,143.6161,0.236
mcw,548,0,60,128.84,524.145,153.4349,0.246
mcw,548,0,61,128.605,524.23,166.5048,0.2571
mcw,548,0,62,128.35,524.275,173.4182,0.2617
mcw,548,0,63,128.085,524.28,4.2356,0.2707
mcw,548,0,64,127.825,524.24,13.4952,0.2571
mcw,548,0,65,127.59,524.165,22.2505,0.2377
mcw,548,0,66,127.39,524.05,37.8748,0.228
mcw,548,0,67,127.22,523.9,45.0,0.2263
mcw,548,0,68,127.075,523.72,56.9763,0.2385
mcw,548,0,69,126.965,523.5,69.443,0.2563
mcw,548,0,70,126.89,523.245,77.4719,0.2766
mcw,548,0,71,127.145,523.11,0.0,0.57
mcw,548,0,72,127.45,523.185,75.0684,0.1552
mcw,548,0,73,127.495,523.32,67.3794,0.13
mcw,548,0,74,127.555,523.44,59.7427,0.1389
mcw,548,0,75,127.635,523.545,45.0024,0.1273
mcw,548,0,76,127.735,523.63,36.0278,0.136
mcw,548,0,77,127.85,523.7,26.5636,0.1342
mcw,548,0,78,127.98,523.745,12.0943,0.1432
mcw,548,0,79,128.125,523.77,7.5966,0.1513
mcw,548,0,80,128.285,523.77,173.2887,0.1712
mcw,548,0,81,128.445,523.74,165.0691,0.1553
mcw,548,0,82,128.59,523.685,153.4349,0.1565
mcw,548,0,83,128.715,523.6,137.7269,0.1487
mcw,548,0,84,128.82,523.495,132.2709,0.1487
mcw,548,0,85,128.905,523.37,116.5675,0.1565
mcw,548,0,86,128.965,523.225,108.4358,0.1581
mcw,548,0,87,128.995,523.065,93.3647,0.1703
mcw,548,0,88,128.99,522.885,83.9898,0.1911
mcw,548,0,89,128.955,522.71,72.6496,0.1676
mcw,548,0,90,128.89,522.565,58.3929,0.1526
mcw,548,0,91,128.79,522.45,39.8027,0.1562
mcw,548,0,92,128.665,522.365,28.3026,0.1476
mcw,548,0,93,128.525,522.305,18.4323,0.1581
mcw,548,0,94,128.365,522.265,10.0102,0.1726
mcw,548,0,95,128.19,522.245,3.1782,0.1803
mcw,548,0,96,128.105,521.985,91.1227,0.5101
mcw,549,0,0,132.06,519.44,5.1935,0.2209
mcw,549,0,1,132.265,519.475,14.7442,0.1965
mcw,549,0,2,132.45,519.535,21.2512,0.1931
mcw,549,0,3,132.62,519.625,34.5081,0.1942
mcw,549,0,4,132.77,519.74,40.6021,0.1844
mcw,549,0,5,132.905,519.875,49.0834,0.1985
mcw,549,0,6,133.025,520.03,55.4919,0.1942
mcw,549,0,7,133.13,520.195,59.5365,0.1972
mcw,549,0,8,133.26,520.475,67.6933,0.4215
mcw,549,0,9,133.395,520.87,74.6237,0.4149
mcw,549,0,10,133.465,521.17,81.4694,0.2022
mcw,549,0,11,133.495,521.37,81.4698,0.2022
mcw,549,0,12,133.515,521.565,86.9843,0.1903
mcw,549,0,13,133.525,521.755,86.9888,0.1903
mcw,549,0,14,133.525,521.94,93.1781,0.1803
mcw,549,0,15,133.515,522.13,92.8651,0.2003
mcw,549,0,16,133.495,522.33,98.5306,0.2022
mcw,549,0,17,133.465,522.53,98.5306,0.2022
mcw,549,0,18,133.395,522.835,105.0183,0.4245
mcw,549,0,19,133.265,523.23,111.5403,0.4085
mcw,549,0,20,133.14,523.51,119.056,0.2059
mcw,549,0,21,133.03,523.685,125.2168,0.2081
mcw,549,0,22,132.905,523.84,132.8785,0.1911
mcw,549,0,23,132.77,523.975,137.1216,0.191
mcw,549,0,24,132.62,524.09,147.9956,0.1887
mcw,549,0,25,132.45,524.18,156.0362,0.197
mcw,549,0,26,132.265,524.245,165.2579,0.1965
mcw,549,0,27,132.06,524.28,174.8045,0.2209
mcw,549,0,28,131.845,524.28,5.4413,0.211
mcw,549,0,29,131.64,524.245,14.0352,0.2062
mcw,549,0,30,131.455,524.18,25.2019,0.1879
mcw,549,0,31,131.285,524.09,30.4654,0.1972
mcw,549,0,32,131.13,523.975,42.8784,0.191
mcw,549,0,33,130.995,523.84,47.1215,0.1911
mcw,549,0,34,130.875,523.685,57.0943,0.2025
mcw,549,0,35,130.77,523.51,60.9477,0.2059
mcw,549,0,36,130.64,523.23,67.1657,0.4123
mcw,549,0,37,130.51,522.835,76.2924,0.422
mcw,549,0,38,130.44,522.53,78.6917,0.204
mcw,549,0,39,130.41,522.33,84.2881,0.201
mcw,549,0,40,130.39,522.13,84.2883,0.201
mcw,549,0,41,130.38,521.94,90.0,0.18
mcw,549,0,42,130.38,521.755,90.0,0.19
mcw,549,0,43,130.39,521.565,96.0102,0.1911
mcw,549,0,44,130.41,521.37,95.7117,0.201
mcw,549,0,45,130.44,521.17,101.3083,0.204
mcw,549,0,46,130.51,520.87,104.037,0.4123
mcw,549,0,47,130.64,520.475,112.3067,0.4215
mcw,549,0,48,130.77,520.195,120.4635,0.1972
mcw,549,0,49,130.875,520.03,124.5081,0.1942
mcw,549,0,50,130.995,519.875,130.9166,0.1985
mcw,549,0,51,131.135,519.74,141.3384,0.1921
mcw,549,0,52,131.29,519.625,145.4919,0.1942
mcw,549,0,53,131.46,519.535,158.7504,0.1931
mcw,549,0,54,131.645,519.475,165.2546,0.1965
mcw,549,0,55,131.845,519.44,174.5607,0.211
mcw,549,1,0,132.025,523.77,172.4063,0.1513
mcw,549,1,1,132.17,523.74,164.0542,0.1456
mcw,549,1,2,132.3,523.685,149.7458,0.1389
mcw,549,1,3,132.415,523.605,140.7095,0.1421
mcw,549,1,4,132.56,523.45,129.2891,0.2842
mcw,549,1,5,132.725,523.195,117.3512,0.3265
mcw,549,1,6,132.85,522.895,107.8769,0.3257
mcw,549,1,7,132.935,522.58,102.3404,0.3276
mcw,549,1,8,132.985,522.27,95.7104,0.3015
mcw,549,1,9,133.01,521.985,94.2372,0.2707
mcw,549,1,10,133.01,521.72,85.6003,0.2608
mcw,549,1,11,132.985,521.435,84.4728,0.3115
mcw,549,1,12,132.935,521.125,77.2743,0.3178
mcw,549,1,13,132.85,520.815,72.1227,0.3257
mcw,549,1,14,132.725,520.52,61.8205,0.3177
mcw,549,1,15,132.56,520.265,51.9536,0.2921
mcw,549,1,16,132.415,520.105,39.2905,0.1421
mcw,549,1,17,132.3,520.03,26.5621,0.1342
mcw,549,1,18,132.17,519.98,15.9458,0.1456
mcw,549,1,19,132.025,519.95,7.5937,0.1513
mcw,549,1,20,131.875,519.95,172.4063,0.1513
mcw,549,1,21,131.735,519.98,162.8975,0.136
mcw,549,1,22,131.61,520.03,153.4349,0.1342
mcw,549,1,23,131.495,520.105,140.7095,0.1421
mcw,549,1,24,131.345,520.265,129.5606,0.2983
mcw,549,1,25,131.18,520.52,116.5644,0.3131
mcw,549,1,26,131.06,520.815,107.8799,0.3257
mcw,549,1,27,130.975,521.125,102.7231,0.3178
mcw,549,1,28,130.92,521.435,97.3538,0.3126
mcw,549,1,29,130.895,521.72,92.2014,0.2602
mcw,549,1,30,130.895,521.985,87.8801,0.2702
mcw,549,1,31,130.92,522.27,82.4036,0.3027
mcw,549,1,32,130.975,522.58,77.6623,0.3276
mcw,549,1,33,131.06,522.895,72.1206,0.3257
mcw,549,1,34,131.18,523.195,64.2308,0.322
mcw,549,1,35,131.345,523.45,49.1837,0.2907
mcw,549,1,36,131.495,523.605,39.2905,0.1421
mcw,549,1,37,131.61,523.685,30.2573,0.1389
mcw,549,1,38,131.735,523.74,17.1025,0.136
mcw,549,1,39,131.875,523.77,7.5937,0.1513
mcw,550,0,0,254.63,534.125,90.0,0.59
mcw,550,0,1,253.33,534.42,0.0,2.6
mcw,550,0,2,252.03,531.77,90.0,5.3
mcw,550,0,3,252.375,529.12,0.0,0.69
mcw,550,0,4,252.72,530.445,90.0,2.65
mcw,550,0,5,253.645,531.77,0.0,1.85
mcw,550,0,6,254.57,532.065,90.0,0.59
mcw,550,0,7,253.645,532.36,0.0,1.85
mcw,550,0,8,252.72,533.095,90.0,1.47
mcw,550,0,9,253.675,533.83,0.0,1.91
mcw,551,0,0,255.725,534.42,0.0,0.69
mcw,551,0,1,255.38,531.77,90.0,5.3
mcw,551,0,2,255.725,529.12,0.0,0.69
mcw,551,0,3,256.07,531.77,90.0,5.3
mcw,552,0,0,258.465,529.12,0.0,2.89
mcw,552,0,1,259.91,529.415,90.0,0.59
mcw,552,0,2,258.81,529.71,0.0,2.2
mcw,552,0,3,257.71,530.74,90.0,2.06
mcw,552,0,4,258.775,531.77,0.0,2.13
mcw,552,0,5,259.84,532.065,90.0,0.59
mcw,552,0,6,258.775,532.36,0.0,2.13
mcw,552,0,7,257.71,533.095,90.0,1.47
mcw,552,0,8,258.81,533.83,0.0,2.2
mcw,552,0,9,259.91,534.125,90.0,0.59
mcw,552,0,10,258.465,534.42,0.0,2.89
mcw,552,0,11,257.02,531.77,90.0,5.3
mcw,553,0,0,261.05,534.42,0.0,0.68
mcw,553,0,1,260.71,531.77,90.0,5.3
mcw,553,0,2,261.86,529.12,0.0,2.3
mcw,553,0,3,263.01,529.415,90.0,0.59
mcw,553,0,4,262.2,529.71,0.0,1.62
mcw,553,0,5,261.39,532.065,90.0,4.71
mcw,554,0,0,263.98,529.12,0.0,1.1
mcw,554,0,1,264.685,529.125,1.848,0.3102
mcw,554,0,2,264.99,529.145,5.7106,0.3015
mcw,554,0,3,265.285,529.185,9.7812,0.2943
mcw,554,0,4,265.57,529.245,14.0377,0.2886
mcw,554,0,5,265.84,529.325,19.0921,0.2751
mcw,554,0,6,266.095,529.425,23.7496,0.2731
mcw,554,0,7,266.34,529.55,30.2573,0.2778
mcw,554,0,8,266.565,529.695,35.5391,0.2581
mcw,554,0,9,266.77,529.86,41.9855,0.2691
mcw,554,0,10,266.955,530.05,49.6379,0.2625
mcw,554,0,11,267.115,530.26,55.7089,0.2663
mcw,554,0,12,267.255,530.49,61.5563,0.273
mcw,554,0,13,267.37,530.74,68.9671,0.2786
mcw,554,0,14,267.455,531.015,76.4282,0.2983
mcw,554,0,15,267.515,531.315,80.8398,0.314
mcw,554,0,16,267.545,531.635,88.2626,0.3302
mcw,554,0,17,267.545,531.96,91.7917,0.3202
mcw,554,0,18,267.515,532.27,99.4601,0.3041
mcw,554,0,19,267.455,532.56,104.0375,0.2886
mcw,554,0,20,267.365,532.83,112.9295,0.2823
mcw,554,0,21,267.25,533.075,117.5519,0.2594
mcw,554,0,22,267.11,533.3,126.0278,0.272
mcw,554,0,23,266.945,533.505,131.8226,0.255
mcw,554,0,24,266.76,533.69,138.0101,0.2691
mcw,554,0,25,266.555,533.855,144.4649,0.2581
mcw,554,0,26,266.335,533.995,150.5225,0.2642
mcw,554,0,27,266.095,534.115,156.2504,0.2731
mcw,554,0,28,265.84,534.215,160.9071,0.2751
mcw,554,0,29,265.57,534.295,165.9638,0.2886
mcw,554,0,30,265.29,534.355,169.8747,0.2844
mcw,554,0,31,265.0,534.395,174.2894,0.3015
mcw,554,0,32,264.7,534.415,178.0913,0.3002
mcw,554,0,33,263.99,534.42,0.0,1.12
mcw,554,0,34,263.43,531.77,90.0,5.3
mcw,554,1,0,264.235,533.83,0.0,0.23
mcw,554,1,1,264.475,533.83,0.0,0.25
mcw,554,1,2,264.72,533.82,175.2361,0.2408
mcw,554,1,3,264.96,533.795,172.875,0.2419
mcw,554,1,4,265.195,533.755,167.736,0.2354
mcw,554,1,5,265.42,533.7,164.7446,0.228
mcw,554,1,6,265.635,533.63,159.1452,0.2247
mcw,554,1,7,265.835,533.545,154.6541,0.2102
mcw,554,1,8,266.02,533.445,148.5693,0.2109
mcw,554,1,9,266.195,533.325,142.5966,0.214
mcw,554,1,10,266.355,533.185,134.9993,0.2121
mcw,554,1,11,266.49,533.025,125.2162,0.2081
mcw,554,1,12,266.605,532.845,120.0723,0.2196
mcw,554,1,13,266.705,532.645,113.1975,0.2285
mcw,554,1,14,266.78,532.425,104.6203,0.2377
mcw,554,1,15,266.83,532.18,98.7481,0.2631
mcw,554,1,16,266.86,531.91,94.0834,0.2807
mcw,554,1,17,266.86,531.63,85.9167,0.2807
mcw,554,1,18,266.83,531.36,81.2519,0.2631
mcw,554,1,19,266.78,531.115,75.3797,0.2377
mcw,554,1,20,266.705,530.895,66.8025,0.2285
mcw,554,1,21,266.605,530.695,59.9277,0.2196
mcw,554,1,22,266.49,530.515,54.7832,0.2081
mcw,554,1,23,266.355,530.355,45.0015,0.2121
mcw,554,1,24,266.195,530.215,37.4034,0.214
mcw,554,1,25,266.02,530.095,31.4307,0.2109
mcw,554,1,26,265.835,529.995,25.345,0.2102
mcw,554,1,27,265.635,529.91,20.8557,0.2247
mcw,554,1,28,265.42,529.84,15.2544,0.228
mcw,554,1,29,265.195,529.785,12.2649,0.2354
mcw,554,1,30,264.96,529.745,7.125,0.2419
mcw,554,1,31,264.72,529.72,4.7648,0.2408
mcw,554,1,32,264.475,529.71,0.0,0.25
mcw,554,1,33,264.235,529.71,0.0,0.23
mcw,554,1,34,264.12,531.77,90.0,4.12
mcw,555,0,0,254.405,521.7,0.0,2.89
mcw,555,0,1,255.85,521.99,90.0,0.58
mcw,555,0,2,254.75,522.28,0.0,2.2
mcw,555,0,3,253.65,523.315,90.0,2.07
mcw,555,0,4,254.72,524.35,0.0,2.14
mcw,555,0,5,255.79,524.645,90.0,0.59
mcw,555,0,6,254.72,524.94,0.0,2.14
mcw,555,0,7,253.65,525.675,90.0,1.47
mcw,555,0,8,254.75,526.41,0.0,2.2
mcw,555,0,9,255.85,526.705,90.0,0.59
mcw,555,0,10,254.405,527.0,0.0,2.89
mcw,555,0,11,252.96,524.35,90.0,5.3
mcw,556,0,0,256.995,527.0,0.0,0.69
mcw,556,0,1,256.65,524.35,90.0,5.3
mcw,556,0,2,257.805,521.7,0.0,2.31
mcw,556,0,3,258.96,521.99,90.0,0.58
mcw,556,0,4,258.15,522.28,0.0,1.62
mcw,556,0,5,257.34,524.64,90.0,4.72
mcw,557,0,0,260.815,521.7,0.0,2.89
mcw,557,0,1,262.26,521.99,90.0,0.58
mcw,557,0,2,261.16,522.28,0.0,2.2
mcw,557,0,3,260.06,523.315,90.0,2.07
mcw,557,0,4,261.13,524.35,0.0,2.14
mcw,557,0,5,262.2,524.645,90.0,0.59
mcw,557,0,6,261.13,524.94,0.0,2.14
mcw,557,0,7,260.06,525.675,90.0,1.47
mcw,557,0,8,261.16,526.41,0.0,2.2
mcw,557,0,9,262.26,526.705,90.0,0.59
mcw,557,0,10,260.815,527.0,0.0,2.89
mcw,557,0,11,259.37,524.35,90.0,5.3
mcw,558,0,0,262.83,527.0,0.0,0.72
mcw,558,0,1,263.625,524.215,112.5248,6.03
mcw,558,0,2,265.93,524.215,67.5628,6.0262
mcw,558,0,3,266.72,527.0,0.0,0.72
mcw,558,0,4,265.57,525.05,67.9455,4.2079
mcw,558,0,5,263.985,525.05,112.1803,4.2117
mcw,559,0,0,272.02,291.97,28.9504,1.0742
mcw,559,0,1,272.61,292.31,33.6917,0.2884
mcw,559,0,2,272.84,292.485,40.8153,0.2907
mcw,559,0,3,273.04,292.685,49.3987,0.2766
mcw,559,0,4,273.205,292.905,56.8856,0.2746
mcw,559,0,5,273.325,293.145,70.2019,0.2657
mcw,559,0,6,273.38,293.41,85.9166,0.2807
mcw,559,0,7,273.385,293.62,94.0892,0.1404
mcw,559,0,8,273.365,293.76,102.0956,0.1432
mcw,559,0,9,273.32,293.905,111.8014,0.1615
mcw,559,0,10,273.255,294.055,115.006,0.1655
mcw,559,0,11,273.16,294.215,125.2261,0.2081
mcw,559,0,12,273.03,294.375,133.023,0.2052
mcw,559,0,13,272.88,294.505,145.4882,0.1942
mcw,559,0,14,272.71,294.61,150.9429,0.2059
mcw,559,0,15,272.525,294.69,162.4753,0.1993
mcw,559,0,16,272.335,294.73,173.9943,0.1911
mcw,559,0,17,272.14,294.735,2.865,0.2003
mcw,559,0,18,271.945,294.71,11.8822,0.1942
mcw,559,0,19,271.845,294.695,135.0,0.0141
mcw,559,0,20,271.9,294.815,62.4493,0.2594
mcw,559,0,21,271.975,295.06,83.4186,0.2617
mcw,559,0,22,271.97,295.325,98.4291,0.2729
mcw,559,0,23,271.9,295.58,112.6219,0.26
mcw,559,0,24,271.8,295.775,123.6793,0.1803
mcw,559,0,25,271.7,295.92,125.5424,0.172
mcw,559,0,26,271.595,296.045,135.0,0.1556
mcw,559,0,27,271.48,296.145,143.1301,0.15
mcw,559,0,28,271.295,296.245,156.2533,0.2731
mcw,559,0,29,271.04,296.32,171.2523,0.2631
mcw,559,0,30,270.775,296.335,2.1233,0.2702
mcw,559,0,31,270.505,296.295,14.5365,0.2789
mcw,559,0,32,270.23,296.2,23.1978,0.3046
mcw,559,0,33,269.95,296.07,26.5626,0.313
mcw,559,0,34,269.555,295.855,29.624,0.5867
mcw,559,0,35,270.425,293.71,119.3578,4.5894
mcw,559,1,0,270.14,295.6,29.7382,0.1613
mcw,559,1,1,270.29,295.685,29.3562,0.1836
mcw,559,1,2,270.455,295.76,19.4411,0.1803
mcw,559,1,3,270.62,295.815,17.3596,0.1676
mcw,559,1,4,270.78,295.845,3.5797,0.1603
mcw,559,1,5,270.935,295.835,168.6789,0.153
mcw,559,1,6,271.08,295.785,153.4449,0.1565
mcw,559,1,7,271.215,295.685,135.0,0.1839
mcw,559,1,8,271.345,295.53,125.8334,0.222
mcw,559,1,9,271.455,295.34,114.2328,0.2193
mcw,559,1,10,271.52,295.15,102.5226,0.1844
mcw,559,1,11,271.535,294.975,86.6408,0.1703
mcw,559,1,12,271.5,294.82,66.7999,0.1523
mcw,559,1,13,271.425,294.685,55.2979,0.1581
mcw,559,1,14,271.32,294.56,45.0,0.1697
mcw,559,1,15,271.185,294.45,33.6928,0.1803
mcw,559,1,16,271.03,294.35,32.0064,0.1887
mcw,559,1,17,270.885,294.265,28.3024,0.1477
mcw,559,1,18,270.445,294.895,119.4188,1.5269
mcw,559,2,0,271.18,293.94,28.074,0.34
mcw,559,2,1,271.415,294.065,27.8944,0.1924
mcw,559,2,2,271.585,294.145,22.3843,0.1838
mcw,559,2,3,271.765,294.205,14.7399,0.1965
mcw,559,2,4,271.95,294.24,6.3466,0.1811
mcw,559,2,5,272.13,294.24,173.6545,0.1811
mcw,559,2,6,272.305,294.2,160.5589,0.1803
mcw,559,2,7,272.47,294.11,143.1319,0.2
mcw,559,2,8,272.615,293.96,125.8398,0.222
mcw,559,2,9,272.725,293.77,114.2256,0.2193
mcw,559,2,10,272.785,293.57,98.5312,0.2022
mcw,559,2,11,272.79,293.385,83.2943,0.1712
mcw,559,2,12,272.75,293.22,69.4452,0.1709
mcw,559,2,13,272.67,293.065,56.3072,0.1803
mcw,559,2,14,272.555,292.925,45.0,0.1839
mcw,559,2,15,272.42,292.805,38.1506,0.178
mcw,559,2,16,272.27,292.7,32.0113,0.1887
mcw,559,2,17,272.005,292.55,28.3928,0.4206
mcw,559,2,18,271.425,293.155,119.2605,1.6162
mcw,560,0,0,242.455,159.4,144.7832,0.2081
mcw,560,0,1,242.61,159.27,134.9969,0.198
mcw,560,0,2,242.725,159.125,120.9638,0.1749
mcw,560,0,3,242.8,158.97,110.5596,0.1709
mcw,560,0,4,242.845,158.805,100.0086,0.1726
mcw,560,0,5,242.85,158.63,83.6593,0.1811
mcw,560,0,6,242.81,158.45,71.5651,0.1897
mcw,560,0,7,242.73,158.27,60.9429,0.2059
mcw,560,0,8,242.62,158.11,49.4028,0.1844
mcw,560,0,9,242.495,157.985,40.2315,0.1703
mcw,560,0,10,242.355,157.885,30.9638,0.1749
mcw,560,0,11,242.2,157.815,17.3596,0.1676
mcw,560,0,12,242.035,157.78,6.7063,0.1712
mcw,560,0,13,241.865,157.78,173.2937,0.1712
mcw,560,0,14,241.695,157.815,163.6046,0.1772
mcw,560,0,15,241.53,157.885,150.6438,0.1836
mcw,560,0,16,241.385,157.98,142.4308,0.164
mcw,560,0,17,241.265,158.09,132.5118,0.1628
mcw,560,0,18,241.17,158.215,121.6071,0.1526
mcw,560,0,19,241.1,158.355,111.8014,0.1615
mcw,560,0,20,241.05,158.505,104.9296,0.1552
mcw,560,0,21,241.03,158.655,90.0,0.15
mcw,560,0,22,241.045,158.805,78.6923,0.153
mcw,560,0,23,241.09,158.96,69.4416,0.1709
mcw,560,0,24,240.89,159.195,146.0214,0.5547
mcw,560,0,25,240.6,159.225,64.3599,0.2773
mcw,560,0,26,240.51,158.975,76.5048,0.2571
mcw,560,0,27,240.475,158.725,87.7106,0.2502
mcw,560,0,28,240.495,158.475,101.3072,0.2549
mcw,560,0,29,240.565,158.235,111.3722,0.247
mcw,560,0,30,240.675,158.01,120.5771,0.2555
mcw,560,0,31,240.83,157.8,131.9867,0.2691
mcw,560,0,32,241.02,157.62,141.3391,0.2561
mcw,560,0,33,241.25,157.465,150.0188,0.3002
mcw,560,0,34,241.515,157.34,159.676,0.2879
mcw,560,0,35,241.785,157.27,171.5777,0.2729
mcw,560,0,36,242.05,157.255,2.1981,0.2602
mcw,560,0,37,242.305,157.295,15.6438,0.2596
mcw,560,0,38,242.55,157.395,28.4433,0.273
mcw,560,0,39,242.78,157.545,37.6963,0.278
mcw,560,0,40,242.99,157.75,50.1937,0.3124
mcw,560,0,41,243.135,157.95,60.6438,0.1836
mcw,560,0,42,243.22,158.105,61.926,0.17
mcw,560,0,43,243.285,158.265,73.6107,0.1772
mcw,560,0,44,243.325,158.43,79.379,0.1628
mcw,560,0,45,243.345,158.595,86.6356,0.1703
mcw,560,0,46,243.345,158.76,93.5743,0.1603
mcw,560,0,47,243.32,158.925,103.2445,0.1746
mcw,560,0,48,243.265,159.09,113.6265,0.1746
mcw,560,0,49,243.38,159.185,5.7103,0.3015
mcw,560,0,50,243.665,159.255,22.17,0.2915
mcw,560,0,51,243.865,159.355,34.6931,0.1581
mcw,560,0,52,243.99,159.445,36.8699,0.15
mcw,560,0,53,244.105,159.55,47.4882,0.1628
mcw,560,0,54,244.21,159.675,52.4308,0.164
mcw,560,0,55,244.325,159.86,61.5552,0.2729
mcw,560,0,56,244.43,160.105,72.2549,0.2625
mcw,560,0,57,244.48,160.35,85.2394,0.2409
mcw,560,0,58,244.48,160.59,94.7612,0.2408
mcw,560,0,59,244.43,160.82,109.9834,0.2341
mcw,560,0,60,244.33,161.035,119.748,0.2419
mcw,560,0,61,244.185,161.235,131.8195,0.255
mcw,560,0,62,243.995,161.415,141.0057,0.2702
mcw,560,0,63,243.775,161.57,148.6754,0.2693
mcw,560,0,64,243.545,161.685,158.6298,0.247
mcw,560,0,65,243.31,161.75,170.5353,0.2433
mcw,560,0,66,243.08,161.77,0.0,0.22
mcw,560,0,67,242.855,161.745,12.2613,0.2354
mcw,560,0,68,242.635,161.675,23.1986,0.2285
mcw,560,0,69,242.425,161.555,35.5412,0.2581
mcw,560,0,70,242.22,161.39,41.9865,0.2691
mcw,560,0,71,242.355,161.14,145.7504,0.5686
mcw,560,0,72,242.645,161.025,39.2881,0.1421
mcw,560,0,73,242.755,161.11,36.033,0.136
mcw,560,0,74,242.875,161.175,21.0321,0.1393
mcw,560,0,75,243.0,161.215,14.0362,0.1237
mcw,560,0,76,243.13,161.235,4.0896,0.1404
mcw,560,0,77,243.265,161.225,167.0064,0.1334
mcw,560,0,78,243.395,161.19,162.8925,0.136
mcw,560,0,79,243.525,161.13,148.3978,0.1526
mcw,560,0,80,243.655,161.04,142.4308,0.164
mcw,560,0,81,243.77,160.925,127.565,0.164
mcw,560,0,82,243.86,160.795,121.6071,0.1526
mcw,560,0,83,243.92,160.66,105.9503,0.1456
mcw,560,0,84,243.95,160.515,97.5908,0.1513
mcw,560,0,85,243.95,160.365,82.4107,0.1514
mcw,560,0,86,243.915,160.215,71.5633,0.1581
mcw,560,0,87,243.85,160.065,61.926,0.17
mcw,560,0,88,243.75,159.915,51.3402,0.1921
mcw,560,0,89,243.62,159.79,35.5365,0.1721
mcw,560,0,90,243.48,159.71,23.1978,0.1523
mcw,560,0,91,243.335,159.67,7.5908,0.1513
mcw,560,0,92,243.185,159.67,172.4092,0.1513
mcw,560,0,93,243.035,159.7,165.0664,0.1553
mcw,560,0,94,242.88,159.755,156.3781,0.1746
mcw,560,0,95,242.725,159.84,146.3072,0.1803
mcw,560,0,96,242.51,159.675,56.929,0.5131
mcw,561,0,0,244.16,155.475,148.5728,0.2109
mcw,561,0,1,244.345,155.385,159.7734,0.2025
mcw,561,0,2,244.535,155.335,171.0278,0.1924
mcw,561,0,3,244.725,155.315,176.9843,0.1903
mcw,561,0,4,244.915,155.32,6.0057,0.1911
mcw,561,0,5,245.105,155.355,14.7485,0.1965
mcw,561,0,6,245.29,155.415,21.2533,0.1931
mcw,561,0,7,245.47,155.495,26.5631,0.2013
mcw,561,0,8,245.735,155.65,32.1531,0.4134
mcw,561,0,9,246.065,155.9,42.0893,0.4177
mcw,561,0,10,246.29,156.11,44.9969,0.198
mcw,561,0,11,246.425,156.255,49.0834,0.1985
mcw,561,0,12,246.55,156.405,51.3459,0.1921
mcw,561,0,13,246.665,156.555,53.7449,0.186
mcw,561,0,14,246.77,156.71,57.9936,0.1887
mcw,561,0,15,246.87,156.875,59.5304,0.1972
mcw,561,0,16,246.965,157.045,62.1056,0.1924
mcw,561,0,17,247.055,157.225,64.655,0.2102
mcw,561,0,18,247.17,157.52,70.7098,0.4238
mcw,561,0,19,247.285,157.92,77.3199,0.41
mcw,561,0,20,247.335,158.225,87.2709,0.2102
mcw,561,0,21,247.34,158.425,90.0,0.19
mcw,561,0,22,247.33,158.62,95.7115,0.201
mcw,561,0,23,247.295,158.81,105.5256,0.1868
mcw,561,0,24,247.235,158.99,111.2491,0.1931
mcw,561,0,25,247.145,159.16,124.5081,0.1942
mcw,561,0,26,247.025,159.315,130.9166,0.1985
mcw,561,0,27,246.875,159.46,140.5243,0.2202
mcw,561,0,28,246.7,159.58,150.945,0.2059
mcw,561,0,29,246.515,159.665,159.7719,0.2025
mcw,561,0,30,246.325,159.72,168.1178,0.1942
mcw,561,0,31,246.135,159.74,0.0,0.19
mcw,561,0,32,245.945,159.73,6.0057,0.1911
mcw,561,0,33,245.755,159.695,14.7399,0.1965
mcw,561,0,34,245.565,159.635,20.2266,0.2025
mcw,561,0,35,245.38,159.555,26.5651,0.2012
mcw,561,0,36,245.12,159.395,34.0788,0.4105
mcw,561,0,37,244.79,159.14,41.1852,0.4252
mcw,561,0,38,244.56,158.925,46.9739,0.2052
mcw,561,0,39,244.42,158.775,46.9739,0.2052
mcw,561,0,40,244.29,158.625,51.3459,0.1921
mcw,561,0,41,244.18,158.475,56.3072,0.1803
mcw,561,0,42,244.08,158.325,56.3113,0.1803
mcw,561,0,43,243.98,158.165,59.5349,0.1972
mcw,561,0,44,243.885,157.99,63.4349,0.2012
mcw,561,0,45,243.8,157.81,66.0362,0.197
mcw,561,0,46,243.69,157.52,70.7098,0.4238
mcw,561,0,47,243.575,157.12,77.3199,0.41
mcw,561,0,48,243.52,156.82,84.2885,0.201
mcw,561,0,49,243.515,156.62,92.8607,0.2003
mcw,561,0,50,243.53,156.425,96.0102,0.1911
mcw,561,0,51,243.565,156.24,105.5256,0.1868
mcw,561,0,52,243.63,156.06,113.9638,0.197
mcw,561,0,53,243.72,155.89,122.0024,0.1887
mcw,561,0,54,243.835,155.735,130.9166,0.1985
mcw,561,0,55,243.985,155.595,142.5933,0.214
mcw,561,1,0,246.565,159.06,137.7334,0.1486
mcw,561,1,1,246.665,158.955,129.2842,0.1421
mcw,561,1,2,246.74,158.84,116.5651,0.1342
mcw,561,1,3,246.79,158.71,105.947,0.1456
mcw,561,1,4,246.825,158.495,95.9063,0.2915
mcw,561,1,5,246.82,158.195,82.646,0.3126
mcw,561,1,6,246.755,157.88,74.2923,0.3324
mcw,561,1,7,246.645,157.57,66.5697,0.3269
mcw,561,1,8,246.51,157.285,62.5942,0.3042
mcw,561,1,9,246.37,157.035,58.6693,0.2692
mcw,561,1,10,246.22,156.815,52.7009,0.264
mcw,561,1,11,246.04,156.595,48.9868,0.3048
mcw,561,1,12,245.825,156.37,43.7277,0.3183
mcw,561,1,13,245.58,156.16,37.5709,0.328
mcw,561,1,14,245.315,155.985,29.0532,0.3089
mcw,561,1,15,245.04,155.87,15.9487,0.2912
mcw,561,1,16,244.83,155.825,4.0772,0.1404
mcw,561,1,17,244.69,155.83,171.8743,0.1414
mcw,561,1,18,244.555,155.86,162.8944,0.136
mcw,561,1,19,244.425,155.915,151.6976,0.1477
mcw,561,1,20,244.3,155.995,143.1301,0.15
mcw,561,1,21,244.195,156.095,129.292,0.1421
mcw,561,1,22,244.12,156.215,114.7734,0.1432
mcw,561,1,23,244.07,156.345,107.1056,0.136
mcw,561,1,24,244.035,156.555,95.9057,0.2916
mcw,561,1,25,244.04,156.855,82.646,0.3126
mcw,561,1,26,244.105,157.165,73.8113,0.3228
mcw,561,1,27,244.21,157.47,68.1986,0.3231
mcw,561,1,28,244.34,157.755,62.5916,0.3041
mcw,561,1,29,244.48,158.005,58.6726,0.2693
mcw,561,1,30,244.63,158.225,52.6943,0.264
mcw,561,1,31,244.81,158.445,48.9927,0.3048
mcw,561,1,32,245.03,158.675,43.7818,0.3324
mcw,561,1,33,245.28,158.89,37.5666,0.328
mcw,561,1,34,245.545,159.065,29.0532,0.3089
mcw,561,1,35,245.82,159.18,15.9487,0.2912
mcw,561,1,36,246.03,159.225,4.0896,0.1404
mcw,561,1,37,246.17,159.225,175.9104,0.1404
mcw,561,1,38,246.305,159.2,162.8944,0.136
mcw,561,1,39,246.44,159.145,153.4325,0.1565
mcw,562,0,0,249.605,155.49,55.6539,3.6335
mcw,562,0,1,248.31,156.065,21.7376,4.9952
mcw,562,0,2,246.93,154.5,145.7508,2.2744
mcw,562,0,3,247.68,153.58,55.8409,0.6767
mcw,562,0,4,247.7,153.155,145.3749,0.5104
mcw,562,0,5,248.1,153.29,55.8398,0.6768
mcw,562,0,6,248.51,153.425,146.6127,0.5269
mcw,562,0,7,248.875,153.49,55.374,0.5104
mcw,562,0,8,248.8,153.845,146.6109,0.527
mcw,562,1,0,247.62,154.65,145.582,1.3092
mcw,562,1,1,248.15,155.44,21.4311,2.299
mcw,562,1,2,249.225,155.855,134.9563,0.0141
mcw,562,1,3,248.695,155.065,55.7243,1.8999
mcw,563,0,0,249.49,152.635,157.3843,0.13
mcw,563,0,1,249.365,152.66,0.0,0.13
mcw,563,0,2,249.24,152.64,18.4262,0.1265
mcw,563,0,3,249.13,152.57,45.0,0.1414
mcw,563,0,4,249.055,152.46,67.3781,0.13
mcw,563,0,5,249.03,152.335,90.0,0.13
mcw,563,0,6,249.055,152.21,112.6219,0.13
mcw,563,0,7,249.125,152.1,131.9843,0.1345
mcw,563,0,8,249.23,152.025,157.3869,0.13
mcw,563,0,9,249.355,152.0,0.0,0.13
mcw,563,0,10,249.485,152.025,21.0321,0.1393
mcw,563,0,11,249.595,152.095,45.0,0.1273
mcw,563,0,12,249.665,152.2,67.3781,0.13
mcw,563,0,13,249.69,152.325,90.0,0.13
mcw,563,0,14,249.67,152.455,107.0994,0.136
mcw,563,0,15,249.6,152.565,138.0157,0.1345
mcw,564,0,0,250.9,152.335,62.5916,0.3041
mcw,564,0,1,250.79,152.07,72.8975,0.272
mcw,564,0,2,250.735,151.805,83.6598,0.2717
mcw,564,0,3,250.735,151.545,96.8425,0.2518
mcw,564,0,4,250.79,151.295,107.7451,0.2625
mcw,564,0,5,250.9,151.055,121.3274,0.2693
mcw,564,0,6,251.055,150.84,130.3625,0.2625
mcw,564,0,7,251.255,150.65,141.9536,0.2921
mcw,564,0,8,251.49,150.49,149.747,0.2778
mcw,564,0,9,251.74,150.37,158.9609,0.2786
mcw,564,0,10,252.0,150.305,173.4186,0.2617
mcw,564,0,11,252.26,150.295,2.1981,0.2602
mcw,564,0,12,252.515,150.33,13.5018,0.2571
mcw,564,0,13,252.76,150.42,26.5636,0.2683
mcw,564,0,14,252.99,150.57,39.2881,0.2842
mcw,564,0,15,253.195,150.775,50.4413,0.2983
mcw,564,0,16,253.335,150.965,59.0362,0.1749
mcw,564,0,17,253.415,151.12,66.3735,0.1746
mcw,564,0,18,253.475,151.285,73.608,0.1772
mcw,564,0,19,253.51,151.455,83.2893,0.1712
mcw,564,0,20,253.52,151.62,90.0,0.16
mcw,564,0,21,253.505,151.785,100.0086,0.1726
mcw,564,0,22,253.46,151.95,110.5548,0.1709
mcw,564,0,23,253.385,152.105,120.968,0.1749
mcw,564,0,24,253.5,152.19,3.5797,0.3206
mcw,564,0,25,253.81,152.245,16.6984,0.3132
mcw,564,0,26,254.025,152.33,31.6053,0.1526
mcw,564,0,27,254.15,152.42,39.8049,0.1562
mcw,564,0,28,254.27,152.53,45.0,0.1697
mcw,564,0,29,254.38,152.655,52.4308,0.164
mcw,564,0,30,254.5,152.84,59.7427,0.2778
mcw,564,0,31,254.61,153.09,72.9006,0.272
mcw,564,0,32,254.665,153.345,83.1541,0.2518
mcw,564,0,33,254.67,153.595,94.5749,0.2508
mcw,564,0,34,254.625,153.835,106.9284,0.2404
mcw,564,0,35,254.53,154.065,117.5539,0.2594
mcw,564,0,36,254.385,154.28,130.3625,0.2625
mcw,564,0,37,254.195,154.465,141.0127,0.2702
mcw,564,0,38,253.97,154.62,149.7399,0.2778
mcw,564,0,39,253.725,154.73,162.2581,0.2625
mcw,564,0,40,253.475,154.785,173.1575,0.2518
mcw,564,0,41,253.225,154.79,4.5714,0.2508
mcw,564,0,42,252.98,154.74,18.4317,0.253
mcw,564,0,43,252.75,154.645,26.5682,0.246
mcw,564,0,44,252.54,154.505,40.3621,0.2625
mcw,564,0,45,252.35,154.31,50.7095,0.2843
mcw,564,0,46,252.215,154.13,57.2686,0.1664
mcw,564,0,47,252.14,153.985,68.1986,0.1615
mcw,564,0,48,252.085,153.835,71.5633,0.1581
mcw,564,0,49,252.05,153.68,82.879,0.1612
mcw,564,0,50,252.045,153.45,91.908,0.3002
mcw,564,0,51,252.095,153.15,106.6992,0.3132
mcw,564,0,52,252.055,153.01,173.2937,0.1712
mcw,564,0,53,251.885,153.02,0.0,0.17
mcw,564,0,54,251.72,153.0,14.0285,0.1649
mcw,564,0,55,251.565,152.95,21.8014,0.1615
mcw,564,0,56,251.415,152.88,28.0761,0.17
mcw,564,0,57,251.275,152.785,40.2349,0.1703
mcw,564,0,58,251.145,152.67,42.7072,0.1769
mcw,564,0,59,251.025,152.54,51.8455,0.1781
mcw,564,1,0,253.86,154.08,140.1916,0.1562
mcw,564,1,1,253.97,153.97,129.8084,0.1562
mcw,564,1,2,254.055,153.84,116.5601,0.1565
mcw,564,1,3,254.115,153.695,108.4367,0.1581
mcw,564,1,4,254.145,153.54,93.5743,0.1603
mcw,564,1,5,254.145,153.385,86.1879,0.1503
mcw,564,1,6,254.115,153.23,72.6454,0.1676
mcw,564,1,7,254.05,153.08,60.2518,0.1612
mcw,564,1,8,253.965,152.955,50.7158,0.1421
mcw,564,1,9,253.855,152.855,34.6962,0.1581
mcw,564,1,10,253.72,152.78,23.1956,0.1523
mcw,564,1,11,253.575,152.725,18.4315,0.1581
mcw,564,1,12,253.42,152.695,3.5797,0.1603
mcw,564,1,13,253.26,152.69,0.0,0.16
mcw,564,1,14,253.105,152.71,165.0664,0.1553
mcw,564,1,15,252.965,152.765,151.7081,0.1476
mcw,564,1,16,252.84,152.85,140.1916,0.1562
mcw,564,1,17,252.735,152.96,126.8699,0.15
mcw,564,1,18,252.66,153.095,111.7974,0.1616
mcw,564,1,19,252.61,153.25,104.0414,0.1649
mcw,564,1,20,252.58,153.41,97.121,0.1612
mcw,564,1,21,252.575,153.565,86.1886,0.1504
mcw,564,1,22,252.595,153.715,78.6901,0.153
mcw,564,1,23,252.645,153.855,61.6976,0.1477
mcw,564,1,24,252.735,153.98,47.4882,0.1628
mcw,564,1,25,252.85,154.09,39.8084,0.1562
mcw,564,1,26,252.98,154.175,26.5576,0.1565
mcw,564,1,27,253.125,154.23,14.935,0.1552
mcw,564,1,28,253.28,154.26,7.121,0.1612
mcw,564,1,29,253.435,154.26,172.4092,0.1513
mcw,564,1,30,253.585,154.23,165.0664,0.1553
mcw,564,1,31,253.73,154.17,150.2592,0.1612
mcw,564,2,0,252.675,152.325,139.7606,0.1703
mcw,564,2,1,252.795,152.205,130.2421,0.1703
mcw,564,2,2,252.89,152.065,118.0692,0.17
mcw,564,2,3,252.955,151.91,107.3497,0.1676
mcw,564,2,4,252.99,151.745,96.7119,0.1712
mcw,564,2,5,252.995,151.575,86.6356,0.1703
mcw,564,2,6,252.97,151.41,75.9612,0.1649
mcw,564,2,7,252.91,151.255,61.926,0.17
mcw,564,2,8,252.815,151.115,49.7645,0.1703
mcw,564,2,9,252.69,151.0,35.5312,0.172
mcw,564,2,10,252.545,150.915,25.0201,0.1655
mcw,564,2,11,252.385,150.86,13.2434,0.1746
mcw,564,2,12,252.215,150.835,3.3698,0.1703
mcw,564,2,13,252.045,150.84,173.2836,0.1712
mcw,564,2,14,251.88,150.875,162.6503,0.1676
mcw,564,2,15,251.725,150.94,151.9239,0.17
mcw,564,2,16,251.585,151.035,139.7651,0.1703
mcw,564,2,17,251.47,151.155,127.5692,0.164
mcw,564,2,18,251.38,151.295,118.074,0.17
mcw,564,2,19,251.315,151.45,107.3497,0.1676
mcw,564,2,20,251.28,151.615,96.7107,0.1712
mcw,564,2,21,251.27,151.785,90.0,0.17
mcw,564,2,22,251.295,151.95,72.6454,0.1676
mcw,564,2,23,251.355,152.105,64.9847,0.1655
mcw,564,2,24,251.45,152.245,47.2928,0.1769
mcw,564,2,25,251.575,152.36,37.5692,0.164
mcw,564,2,26,251.72,152.45,26.5607,0.1789
mcw,564,2,27,251.88,152.51,14.0388,0.1649
mcw,564,2,28,252.045,152.535,3.3698,0.1703
mcw,564,2,29,252.21,152.525,169.381,0.1628
mcw,564,2,30,252.375,152.485,163.6046,0.1772
mcw,564,2,31,252.535,152.42,151.9305,0.17
mcw,565,0,0,256.365,152.765,156.4469,0.4255
mcw,565,0,1,255.975,152.85,0.0,0.39
mcw,565,0,2,255.6,152.775,22.6231,0.39
mcw,565,0,3,255.27,152.55,44.9985,0.4243
mcw,565,0,4,255.035,152.205,66.4488,0.4255
mcw,565,0,5,254.945,151.815,88.5319,0.3901
mcw,565,0,6,255.015,151.445,113.1974,0.3808
mcw,565,0,7,255.24,151.12,135.0015,0.4243
mcw,565,0,8,255.585,150.88,155.222,0.4295
mcw,565,0,9,255.98,150.785,178.5709,0.4001
mcw,565,0,10,256.355,150.855,23.1974,0.3808
mcw,565,0,11,256.68,151.08,45.0,0.4242
mcw,565,0,12,256.915,151.425,66.4469,0.4255
mcw,565,0,13,257.005,151.815,88.5297,0.3901
mcw,565,0,14,256.935,152.195,112.0698,0.3993
mcw,565,0,15,256.71,152.53,135.0,0.4242
mcw,565,1,0,255.585,151.44,133.1535,0.2193
mcw,565,1,1,255.47,151.615,112.8339,0.2062
mcw,565,1,2,255.43,151.82,90.0,0.22
mcw,565,1,3,255.475,152.03,65.7708,0.2193
mcw,565,1,4,255.6,152.205,43.1533,0.2193
mcw,565,1,5,255.78,152.32,21.7969,0.2154
mcw,565,1,6,255.985,152.36,0.0,0.21
mcw,565,1,7,256.19,152.32,158.2031,0.2154
mcw,565,1,8,256.365,152.2,133.1506,0.2193
mcw,565,1,9,256.48,152.02,111.7969,0.2154
mcw,565,1,10,256.52,151.815,90.0,0.21
mcw,565,1,11,256.48,151.605,69.148,0.2247
mcw,565,1,12,256.36,151.425,43.1506,0.2193
mcw,565,1,13,256.18,151.31,21.8044,0.2154
mcw,565,1,14,255.97,151.275,177.3947,0.2202
mcw,565,1,15,255.76,151.32,158.2016,0.2154
mcw,566,0,0,295.115,494.835,179.8592,4.07
mcw,566,0,1,293.08,494.585,90.0,0.51
mcw,566,0,2,295.37,494.325,179.8749,4.58
mcw,566,0,3,297.66,494.815,90.0,0.99
mcw,566,0,4,297.405,495.47,147.8943,0.6021
mcw,566,0,5,297.15,495.23,90.0,0.8
mcw,567,0,0,295.23,491.39,148.2097,4.5177
mcw,567,0,1,293.15,492.355,54.5821,0.5522
mcw,567,0,2,295.32,490.695,148.3719,5.4729
mcw,567,0,3,297.655,490.915,89.8267,3.31
mcw,567,0,4,297.405,492.57,0.0,0.51
mcw,567,0,5,297.15,491.385,90.0,2.37
mcw,568,0,0,294.045,487.235,143.3478,2.63
mcw,568,0,1,295.245,486.36,148.1733,0.3413
mcw,568,0,2,295.54,486.2,154.9845,0.3311
mcw,568,0,3,295.765,486.1,158.1986,0.1615
mcw,568,0,4,295.92,486.045,162.6454,0.1676
mcw,568,0,5,296.085,486.01,173.2906,0.1712
mcw,568,0,6,296.255,485.995,176.6331,0.1703
mcw,568,0,7,296.49,486.005,5.7106,0.3015
mcw,568,0,8,296.78,486.065,17.8183,0.2941
mcw,568,0,9,297.045,486.18,29.2501,0.2865
mcw,568,0,10,297.28,486.34,39.2893,0.2843
mcw,568,0,11,297.48,486.545,51.9536,0.2921
mcw,568,0,12,297.64,486.785,60.7486,0.2865
mcw,568,0,13,297.75,487.045,73.4985,0.2816
mcw,568,0,14,297.805,487.33,84.2896,0.3015
mcw,568,0,15,297.805,487.63,95.7103,0.3015
mcw,568,0,16,297.745,487.92,107.8183,0.2941
mcw,568,0,17,297.635,488.185,117.4753,0.2818
mcw,568,0,18,297.475,488.42,130.8107,0.2907
mcw,568,0,19,297.27,488.62,140.7107,0.2843
mcw,568,0,20,297.03,488.775,153.4363,0.2907
mcw,568,0,21,296.755,488.885,162.7583,0.3037
mcw,568,0,22,296.455,488.945,174.4726,0.3114
mcw,568,0,23,296.165,488.945,6.3402,0.2717
mcw,568,0,24,295.895,488.895,14.5349,0.2789
mcw,568,0,25,295.64,488.805,24.6231,0.264
mcw,568,0,26,295.41,488.675,34.287,0.2663
mcw,568,0,27,295.21,488.505,46.5497,0.2617
mcw,568,0,28,295.045,488.3,55.7144,0.2663
mcw,568,0,29,294.925,488.065,70.2019,0.2657
mcw,568,0,30,294.865,487.8,83.8785,0.2816
mcw,568,0,31,294.86,487.545,94.9747,0.2309
mcw,568,0,32,294.905,487.325,108.4362,0.2214
mcw,568,0,33,294.935,487.21,63.4087,0.0224
mcw,568,0,34,294.12,487.815,142.7919,2.034
mcw,568,0,35,293.15,488.225,52.028,0.5201
mcw,568,1,0,295.37,487.56,83.6537,0.1811
mcw,568,1,1,295.41,487.74,71.5658,0.1897
mcw,568,1,2,295.48,487.91,63.4393,0.1789
mcw,568,1,3,295.58,488.065,51.3416,0.1921
mcw,568,1,4,295.71,488.2,40.5972,0.1844
mcw,568,1,5,295.865,488.31,30.4677,0.1972
mcw,568,1,6,296.045,488.395,20.2266,0.2025
mcw,568,1,7,296.24,488.44,5.7093,0.201
mcw,568,1,8,296.435,488.44,173.9921,0.1911
mcw,568,1,9,296.62,488.4,161.5629,0.1897
mcw,568,1,10,296.795,488.32,149.5368,0.1972
mcw,568,1,11,296.95,488.21,139.3948,0.1844
mcw,568,1,12,297.08,488.075,128.6598,0.1921
mcw,568,1,13,297.19,487.91,119.056,0.2059
mcw,568,1,14,297.265,487.725,104.7399,0.1965
mcw,568,1,15,297.3,487.53,95.7162,0.201
mcw,568,1,16,297.3,487.34,83.6537,0.1811
mcw,568,1,17,297.26,487.165,70.5613,0.1803
mcw,568,1,18,297.18,487.0,58.0003,0.1887
mcw,568,1,19,297.07,486.85,49.3925,0.1844
mcw,568,1,20,296.935,486.72,38.6616,0.1921
mcw,568,1,21,296.78,486.615,29.3562,0.1836
mcw,568,1,22,296.61,486.545,15.5256,0.1868
mcw,568,1,23,296.43,486.51,6.3394,0.1811
mcw,568,1,24,296.245,486.505,176.9889,0.1903
mcw,568,1,25,296.06,486.54,161.5629,0.1897
mcw,568,1,26,295.885,486.61,154.8022,0.1879
mcw,568,1,27,295.73,486.705,141.8395,0.178
mcw,568,1,28,295.595,486.835,130.9152,0.1985
mcw,568,1,29,295.485,486.99,119.3562,0.1836
mcw,568,1,30,295.41,487.165,107.5253,0.1992
mcw,568,1,31,295.37,487.365,95.4456,0.211
mcw,569,0,0,293.645,484.985,102.9944,0.1334
mcw,569,0,1,293.595,485.105,122.4738,0.1304
mcw,569,0,2,293.505,485.195,147.5255,0.1304
mcw,569,0,3,293.385,485.245,167.0064,0.1334
mcw,569,0,4,293.255,485.245,12.9936,0.1334
mcw,569,0,5,293.135,485.195,32.4745,0.1304
mcw,569,0,6,293.045,485.105,57.5262,0.1304
mcw,569,0,7,292.995,484.985,77.0056,0.1334
mcw,569,0,8,292.995,484.855,102.9944,0.1334
mcw,569,0,9,293.045,484.735,122.4738,0.1304
mcw,569,0,10,293.135,484.645,147.5255,0.1304
mcw,569,0,11,293.255,484.595,167.0064,0.1334
mcw,569,0,12,293.385,484.595,12.9936,0.1334
mcw,569,0,13,293.505,484.645,32.4745,0.1304
mcw,569,0,14,293.595,484.735,57.5262,0.1304
mcw,569,0,15,293.645,484.855,77.0056,0.1334
mcw,570,0,0,294.19,483.645,5.7106,0.3015
mcw,570,0,1,293.905,483.59,16.5036,0.2816
mcw,570,0,2,293.655,483.485,29.4775,0.2642
mcw,570,0,3,293.44,483.335,40.3638,0.2625
mcw,570,0,4,293.265,483.15,53.1308,0.25
mcw,570,0,5,293.13,482.93,63.4357,0.2683
mcw,570,0,6,293.035,482.68,74.9301,0.2693
mcw,570,0,7,292.99,482.405,86.057,0.2907
mcw,570,0,8,292.99,482.12,94.0834,0.2807
mcw,570,0,9,293.035,481.845,104.5361,0.2789
mcw,570,0,10,293.125,481.595,115.5567,0.2549
mcw,570,0,11,293.26,481.375,127.3047,0.264
mcw,570,0,12,293.44,481.185,139.6375,0.2625
mcw,570,0,13,293.655,481.035,150.5211,0.2642
mcw,570,0,14,293.9,480.93,162.899,0.272
mcw,570,0,15,294.18,480.875,174.288,0.3015
mcw,570,0,16,294.42,480.865,3.1801,0.1803
mcw,570,0,17,294.595,480.885,10.0086,0.1726
mcw,570,0,18,294.765,480.93,19.4402,0.1803
mcw,570,0,19,294.925,480.995,25.0177,0.1655
mcw,570,0,20,295.07,481.08,35.5403,0.172
mcw,570,0,21,295.195,481.19,47.4843,0.1628
mcw,570,0,22,295.3,481.32,54.462,0.1721
mcw,570,0,23,295.39,481.465,61.9305,0.17
mcw,570,0,24,295.53,481.415,128.6615,0.3202
mcw,570,0,25,295.75,481.195,141.6321,0.3061
mcw,570,0,26,295.94,481.065,153.4374,0.1565
mcw,570,0,27,296.085,481.005,161.5633,0.1581
mcw,570,0,28,296.24,480.965,169.381,0.1628
mcw,570,0,29,296.405,480.945,176.6325,0.1703
mcw,570,0,30,296.63,480.955,6.1153,0.2816
mcw,570,0,31,296.895,481.005,15.6422,0.2596
mcw,570,0,32,297.135,481.1,27.5522,0.2594
mcw,570,0,33,297.345,481.24,40.1012,0.2484
mcw,570,0,34,297.52,481.415,49.8977,0.2484
mcw,570,0,35,297.66,481.62,61.3907,0.2506
mcw,570,0,36,297.755,481.855,74.3562,0.2596
mcw,570,0,37,297.805,482.12,83.8847,0.2816
mcw,570,0,38,297.805,482.395,96.3398,0.2717
mcw,570,0,39,297.755,482.655,105.6438,0.2596
mcw,570,0,40,297.66,482.895,117.5523,0.2594
mcw,570,0,41,297.52,483.105,130.1012,0.2484
mcw,570,0,42,297.345,483.275,141.7099,0.2421
mcw,570,0,43,297.14,483.41,151.3907,0.2506
mcw,570,0,44,296.9,483.51,162.8975,0.272
mcw,570,0,45,296.635,483.56,175.7625,0.2707
mcw,570,0,46,296.415,483.565,3.3669,0.1703
mcw,570,0,47,296.245,483.545,10.0086,0.1726
mcw,570,0,48,296.085,483.51,14.9323,0.1552
mcw,570,0,49,295.94,483.455,26.5626,0.1565
mcw,570,0,50,295.75,483.33,36.8711,0.3
mcw,570,0,51,295.53,483.12,50.1934,0.3124
mcw,570,0,52,295.395,483.075,115.019,0.1655
mcw,570,0,53,295.31,483.215,127.5608,0.164
mcw,570,0,54,295.2,483.34,135.0073,0.1697
mcw,570,0,55,295.07,483.445,147.2607,0.1664
mcw,570,0,56,294.925,483.525,154.9823,0.1655
mcw,570,0,57,294.77,483.59,159.4452,0.1709
mcw,570,0,58,294.605,483.635,169.9932,0.1726
mcw,570,0,59,294.43,483.655,176.8194,0.1803
mcw,570,1,0,297.3,482.18,82.8787,0.1612
mcw,570,1,1,297.265,482.025,71.5589,0.1581
mcw,570,1,2,297.205,481.88,63.4325,0.1565
mcw,570,1,3,297.12,481.75,50.202,0.1562
mcw,570,1,4,297.01,481.64,39.7991,0.1562
mcw,570,1,5,296.88,481.555,26.5675,0.1565
mcw,570,1,6,296.735,481.495,18.4367,0.1581
mcw,570,1,7,296.575,481.46,6.7082,0.1712
mcw,570,1,8,296.42,481.46,171.8703,0.1414
mcw,570,1,9,296.28,481.495,160.347,0.1487
mcw,570,1,10,296.14,481.56,150.2518,0.1612
mcw,570,1,11,296.01,481.655,137.4955,0.1628
mcw,570,1,12,295.9,481.77,129.7998,0.1562
mcw,570,1,13,295.805,481.9,122.7343,0.1664
mcw,570,1,14,295.735,482.04,109.6605,0.1487
mcw,570,1,15,295.7,482.185,97.5904,0.1513
mcw,570,1,16,295.7,482.335,82.4096,0.1513
mcw,570,1,17,295.74,482.48,66.8022,0.1523
mcw,570,1,18,295.81,482.62,60.2497,0.1613
mcw,570,1,19,295.9,482.75,50.202,0.1562
mcw,570,1,20,296.015,482.86,37.5671,0.164
mcw,570,1,21,296.145,482.95,31.6071,0.1526
mcw,570,1,22,296.28,483.02,23.1956,0.1523
mcw,570,1,23,296.42,483.055,4.0869,0.1403
mcw,570,1,24,296.575,483.055,176.6331,0.1703
mcw,570,1,25,296.735,483.025,161.5633,0.1581
mcw,570,1,26,296.88,482.96,150.2541,0.1612
mcw,570,1,27,297.01,482.87,140.2009,0.1562
mcw,570,1,28,297.12,482.76,129.798,0.1562
mcw,570,1,29,297.205,482.63,116.5675,0.1565
mcw,570,1,30,297.265,482.485,108.4411,0.1581
mcw,570,1,31,297.3,482.335,97.5904,0.1513
mcw,570,2,0,295.175,482.175,86.6302,0.1703
mcw,570,2,1,295.145,482.005,73.6141,0.1772
mcw,570,2,2,295.08,481.845,61.9317,0.17
mcw,570,2,3,294.99,481.705,52.4291,0.164
mcw,570,2,4,294.875,481.585,40.2355,0.1703
mcw,570,2,5,294.74,481.485,32.7336,0.1664
mcw,570,2,6,294.59,481.415,17.3553,0.1676
mcw,570,2,7,294.42,481.38,6.3407,0.1811
mcw,570,2,8,294.25,481.38,172.8736,0.1612
mcw,570,2,9,294.09,481.42,159.4416,0.1709
mcw,570,2,10,293.94,481.49,150.2571,0.1613
mcw,570,2,11,293.805,481.59,137.2928,0.1769
mcw,570,2,12,293.685,481.715,130.2315,0.1703
mcw,570,2,13,293.59,481.855,118.0785,0.17
mcw,570,2,14,293.525,482.01,107.3497,0.1676
mcw,570,2,15,293.495,482.175,93.3698,0.1703
mcw,570,2,16,293.495,482.345,86.6302,0.1703
mcw,570,2,17,293.53,482.51,69.4452,0.1709
mcw,570,2,18,293.6,482.665,61.9317,0.17
mcw,570,2,19,293.69,482.81,54.4606,0.172
mcw,570,2,20,293.805,482.935,40.2355,0.1703
mcw,570,2,21,293.94,483.035,32.7314,0.1664
mcw,570,2,22,294.09,483.105,17.3578,0.1676
mcw,570,2,23,294.255,483.14,6.7082,0.1712
mcw,570,2,24,294.425,483.14,173.2918,0.1712
mcw,570,2,25,294.59,483.105,162.6422,0.1676
mcw,570,2,26,294.74,483.035,147.2686,0.1664
mcw,570,2,27,294.875,482.935,139.7645,0.1703
mcw,570,2,28,294.99,482.815,127.5692,0.164
mcw,570,2,29,295.08,482.67,116.5618,0.1789
mcw,570,2,30,295.145,482.51,107.3497,0.1676
mcw,570,2,31,295.175,482.345,93.3698,0.1703
mcw,571,0,0,297.61,479.37,100.7826,0.4275
mcw,571,0,1,297.465,479.74,123.2777,0.3828
mcw,571,0,2,297.195,480.01,146.3087,0.3966
mcw,571,0,3,296.82,480.155,170.538,0.4258
mcw,571,0,4,296.405,480.155,9.6887,0.4159
mcw,571,0,5,296.035,480.01,33.6913,0.3966
mcw,571,0,6,295.765,479.74,56.7262,0.3827
mcw,571,0,7,295.62,479.375,78.9567,0.4177
mcw,571,0,8,295.62,478.955,100.5414,0.4374
mcw,571,0,9,295.765,478.575,122.47,0.3911
mcw,571,0,10,296.03,478.305,146.7258,0.3828
mcw,571,0,11,296.4,478.16,169.215,0.4275
mcw,571,0,12,296.82,478.16,10.7842,0.4276
mcw,571,0,13,297.195,478.305,32.4721,0.3911
mcw,571,0,14,297.465,478.575,57.5262,0.3912
mcw,571,0,15,297.61,478.95,79.2174,0.4275
mcw,571,1,0,296.08,479.265,79.2134,0.2138
mcw,571,1,1,296.16,479.46,56.3111,0.2163
mcw,571,1,2,296.31,479.61,33.6917,0.2163
mcw,571,1,3,296.505,479.69,10.785,0.2138
mcw,571,1,4,296.72,479.69,169.695,0.2236
mcw,571,1,5,296.92,479.61,146.3083,0.2163
mcw,571,1,6,297.07,479.46,123.6957,0.2163
mcw,571,1,7,297.15,479.265,100.7786,0.2138
mcw,571,1,8,297.15,479.055,79.2214,0.2138
mcw,571,1,9,297.07,478.86,56.3043,0.2163
mcw,571,1,10,296.92,478.71,33.6917,0.2163
mcw,571,1,11,296.72,478.625,12.8031,0.2256
mcw,571,1,12,296.5,478.625,167.1969,0.2256
mcw,571,1,13,296.305,478.71,144.7791,0.2081
mcw,571,1,14,296.16,478.86,123.6889,0.2163
mcw,571,1,15,296.08,479.055,100.7866,0.2138
mcw,572,0,0,297.09,200.54,90.0,0.2
mcw,572,0,1,297.07,200.345,78.109,0.1942
mcw,572,0,2,297.015,200.17,66.3741,0.1746
mcw,572,0,3,296.93,200.015,56.3126,0.1803
mcw,572,0,4,296.815,199.885,40.2315,0.1703
mcw,572,0,5,296.67,199.785,29.3562,0.1836
mcw,572,0,6,296.5,199.715,15.5301,0.1868
mcw,572,0,7,296.305,199.68,5.4368,0.211
mcw,572,0,8,296.11,199.68,173.663,0.1811
mcw,572,0,9,295.935,199.715,163.6032,0.1772
mcw,572,0,10,295.775,199.78,151.9354,0.17
mcw,572,0,11,295.635,199.87,142.4243,0.164
mcw,572,0,12,295.515,199.985,130.2394,0.1703
mcw,572,0,13,295.415,200.125,120.9638,0.1749
mcw,572,0,14,295.345,200.285,106.3845,0.1772
mcw,572,0,15,295.31,200.46,96.3466,0.1811
mcw,572,0,16,295.31,200.635,83.283,0.1712
mcw,572,0,17,295.335,200.795,78.6923,0.153
mcw,572,0,18,295.385,200.945,64.9895,0.1655
mcw,572,0,19,295.46,201.08,56.3032,0.1442
mcw,572,0,20,295.55,201.2,50.1916,0.1562
mcw,572,0,21,295.665,201.305,34.6931,0.1581
mcw,572,0,22,295.8,201.38,23.2001,0.1523
mcw,572,0,23,295.95,201.43,14.0388,0.1649
mcw,572,0,24,296.03,201.725,90.0,0.55
mcw,572,0,25,295.895,201.98,8.4227,0.2729
mcw,572,0,26,295.64,201.915,20.5537,0.2563
mcw,572,0,27,295.415,201.8,33.6939,0.2524
mcw,572,0,28,295.22,201.645,43.3617,0.2476
mcw,572,0,29,295.06,201.455,56.3099,0.2524
mcw,572,0,30,294.935,201.235,64.4411,0.2549
mcw,572,0,31,294.85,200.99,77.0064,0.2668
mcw,572,0,32,294.81,200.73,85.5972,0.2608
mcw,572,0,33,294.81,200.45,93.8179,0.3007
mcw,572,0,34,294.855,200.165,104.5304,0.2789
mcw,572,0,35,294.95,199.905,115.6458,0.2773
mcw,572,0,36,295.085,199.675,125.5337,0.2581
mcw,572,0,37,295.26,199.485,139.6357,0.2625
mcw,572,0,38,295.48,199.335,151.5582,0.273
mcw,572,0,39,295.735,199.23,163.4917,0.2816
mcw,572,0,40,296.025,199.175,174.4726,0.3114
mcw,572,0,41,296.27,199.165,3.1831,0.1803
mcw,572,0,42,296.445,199.185,10.0068,0.1726
mcw,572,0,43,296.61,199.22,14.0388,0.1649
mcw,572,0,44,296.77,199.275,23.6311,0.1746
mcw,572,0,45,296.92,199.35,29.7435,0.1612
mcw,572,0,46,297.055,199.445,40.2315,0.1703
mcw,572,0,47,297.175,199.565,49.7606,0.1703
mcw,572,0,48,297.28,199.705,56.3207,0.1803
mcw,572,0,49,297.43,199.665,131.0095,0.3048
mcw,572,0,50,297.65,199.465,144.6856,0.2941
mcw,572,0,51,297.84,199.35,156.8044,0.1523
mcw,572,0,52,297.985,199.3,165.0758,0.1552
mcw,572,0,53,298.14,199.265,169.3704,0.1628
mcw,572,0,54,298.3,199.25,0.0,0.16
mcw,572,0,55,298.52,199.26,4.0896,0.2807
mcw,572,0,56,298.78,199.305,16.2624,0.25
mcw,572,0,57,299.01,199.4,28.6093,0.2506
mcw,572,0,58,299.21,199.535,39.8056,0.2343
mcw,572,0,59,299.37,199.705,53.6131,0.236
mcw,572,0,60,299.495,199.91,63.4381,0.246
mcw,572,0,61,299.58,200.145,76.5048,0.2571
mcw,572,0,62,299.62,200.405,85.7593,0.2707
mcw,572,0,63,299.62,200.675,94.2402,0.2708
mcw,572,0,64,299.585,200.93,101.766,0.2451
mcw,572,0,65,299.51,201.16,114.4452,0.2417
mcw,572,0,66,299.395,201.36,125.8398,0.222
mcw,572,0,67,299.25,201.53,135.0,0.2263
mcw,572,0,68,299.07,201.675,146.9728,0.2385
mcw,572,0,69,298.85,201.785,159.444,0.2563
mcw,572,0,70,298.6,201.86,167.0064,0.2668
mcw,572,0,71,298.465,201.605,88.9939,0.5701
mcw,572,0,72,298.535,201.305,168.6901,0.153
mcw,572,0,73,298.675,201.26,155.2266,0.1432
mcw,572,0,74,298.795,201.195,147.5298,0.1304
mcw,572,0,75,298.895,201.115,135.0,0.1273
mcw,572,0,76,298.98,201.015,126.0264,0.136
mcw,572,0,77,299.05,200.9,116.5651,0.1342
mcw,572,0,78,299.095,200.77,102.0931,0.1432
mcw,572,0,79,299.115,200.625,93.8179,0.1503
mcw,572,0,80,299.115,200.47,86.4203,0.1603
mcw,572,0,81,299.09,200.315,75.0758,0.1552
mcw,572,0,82,299.035,200.17,63.4349,0.1565
mcw,572,0,83,298.95,200.04,50.1916,0.1562
mcw,572,0,84,298.845,199.935,39.292,0.1421
mcw,572,0,85,298.72,199.85,29.7382,0.1613
mcw,572,0,86,298.575,199.79,14.935,0.1552
mcw,572,0,87,298.415,199.76,6.7158,0.1712
mcw,572,0,88,298.235,199.76,173.9852,0.1911
mcw,572,0,89,298.06,199.8,159.4416,0.1709
mcw,572,0,90,297.92,199.87,146.32,0.1442
mcw,572,0,91,297.81,199.965,132.2626,0.1487
mcw,572,0,92,297.72,200.09,119.753,0.1612
mcw,572,0,93,297.655,200.235,108.428,0.1581
mcw,572,0,94,297.615,200.395,100.0086,0.1726
mcw,572,0,95,297.6,200.57,90.0,0.18
mcw,572,0,96,297.345,200.65,2.2445,0.5104
mcw,573,0,0,299.205,195.6,0.0,0.51
mcw,573,0,1,299.46,196.505,90.0,1.81
mcw,573,0,2,298.28,197.77,163.0339,2.4674
mcw,573,0,3,297.1,198.075,90.0,0.11
mcw,573,0,4,297.185,197.93,133.362,0.2476
mcw,573,0,5,297.335,197.735,121.7615,0.247
mcw,573,0,6,297.44,197.515,109.1752,0.2435
mcw,573,0,7,297.495,197.275,96.8425,0.2518
mcw,573,0,8,297.495,197.045,81.8699,0.2121
mcw,573,0,9,297.45,196.835,74.0546,0.2184
mcw,573,0,10,297.37,196.64,60.9429,0.2059
mcw,573,0,11,297.25,196.465,50.5329,0.2202
mcw,573,0,12,297.1,196.315,39.0943,0.2062
mcw,573,0,13,296.93,196.195,31.4272,0.2109
mcw,573,0,14,296.735,196.11,15.9432,0.2184
mcw,573,0,15,296.525,196.07,5.4458,0.2109
mcw,573,0,16,296.31,196.07,174.8006,0.2209
mcw,573,0,17,296.095,196.11,164.0546,0.2184
mcw,573,0,18,295.895,196.19,152.2403,0.2147
mcw,573,0,19,295.715,196.31,140.5329,0.2202
mcw,573,0,20,295.56,196.46,131.1821,0.2126
mcw,573,0,21,295.44,196.635,117.7597,0.2147
mcw,573,0,22,295.355,196.835,108.4374,0.2214
mcw,573,0,23,295.31,197.055,94.9668,0.2309
mcw,573,0,24,295.305,197.245,86.1937,0.1503
mcw,573,0,25,295.33,197.4,75.9612,0.1649
mcw,573,0,26,295.38,197.555,68.1986,0.1615
mcw,573,0,27,295.45,197.705,61.9215,0.17
mcw,573,0,28,295.54,197.845,52.4308,0.164
mcw,573,0,29,295.65,197.97,45.0,0.1697
mcw,573,0,30,295.775,198.075,34.6931,0.1581
mcw,573,0,31,295.91,198.155,26.57,0.1565
mcw,573,0,32,295.78,198.405,132.93,0.5873
mcw,573,0,33,295.49,198.56,33.6901,0.2163
mcw,573,0,34,295.325,198.43,43.0172,0.2052
mcw,573,0,35,295.18,198.28,48.8179,0.2126
mcw,573,0,36,295.055,198.115,57.0931,0.2025
mcw,573,0,37,294.955,197.935,64.655,0.2102
mcw,573,0,38,294.875,197.735,71.57,0.2213
mcw,573,0,39,294.82,197.525,79.213,0.2138
mcw,573,0,40,294.795,197.315,87.2713,0.2103
mcw,573,0,41,294.795,197.125,93.3701,0.1703
mcw,573,0,42,294.81,196.955,96.7057,0.1712
mcw,573,0,43,294.84,196.79,104.0388,0.1649
mcw,573,0,44,294.885,196.63,107.3528,0.1676
mcw,573,0,45,294.98,196.41,116.5675,0.3131
mcw,573,0,46,295.14,196.145,125.7528,0.3081
mcw,573,0,47,295.35,195.92,140.1916,0.3124
mcw,573,0,48,295.605,195.745,150.9481,0.3089
mcw,573,0,49,295.815,195.645,161.5581,0.1581
mcw,573,0,50,295.97,195.6,165.9715,0.1649
mcw,573,0,51,296.135,195.565,169.9914,0.1726
mcw,573,0,52,296.31,195.55,0.0,0.18
mcw,573,0,53,296.555,195.56,3.6894,0.3106
mcw,573,0,54,296.86,195.605,13.1359,0.308
mcw,573,0,55,297.145,195.7,23.9625,0.2955
mcw,573,0,56,297.4,195.845,35.3062,0.2941
mcw,573,0,57,297.625,196.03,43.6057,0.29
mcw,573,0,58,297.805,196.255,59.0373,0.2915
mcw,573,0,59,297.91,196.45,66.8044,0.1523
mcw,573,0,60,297.96,196.59,74.0497,0.1456
mcw,573,0,61,297.995,196.74,79.381,0.1628
mcw,573,0,62,298.015,196.9,86.4203,0.1603
mcw,573,0,63,298.01,197.145,93.4717,0.3306
mcw,573,0,64,298.475,197.165,163.0259,0.9933
mcw,573,0,65,298.95,196.31,90.0,1.42
mcw,574,0,0,295.85,193.175,143.4774,2.638
mcw,574,0,1,297.05,192.3,147.2657,0.3329
mcw,574,0,2,297.34,192.14,154.9821,0.3311
mcw,574,0,3,297.57,192.04,159.4416,0.1709
mcw,574,0,4,297.73,191.985,162.6503,0.1676
mcw,574,0,5,297.89,191.95,172.879,0.1612
mcw,574,0,6,298.055,191.935,176.6305,0.1703
mcw,574,0,7,298.29,191.945,5.7106,0.3015
mcw,574,0,8,298.58,192.005,17.8183,0.2941
mcw,574,0,9,298.845,192.12,29.2514,0.2865
mcw,574,0,10,299.08,192.28,39.2881,0.2842
mcw,574,0,11,299.28,192.485,51.9554,0.2921
mcw,574,0,12,299.44,192.725,60.7486,0.2865
mcw,574,0,13,299.55,192.985,73.4976,0.2816
mcw,574,0,14,299.605,193.27,84.2894,0.3015
mcw,574,0,15,299.605,193.57,95.71,0.3015
mcw,574,0,16,299.55,193.86,105.9429,0.2912
mcw,574,0,17,299.44,194.125,119.2514,0.2865
mcw,574,0,18,299.275,194.36,130.8107,0.2907
mcw,574,0,19,299.07,194.56,140.7119,0.2842
mcw,574,0,20,298.83,194.715,153.4349,0.2907
mcw,574,0,21,298.555,194.825,162.7597,0.3037
mcw,574,0,22,298.255,194.885,174.4726,0.3114
mcw,574,0,23,297.965,194.885,6.3402,0.2717
mcw,574,0,24,297.695,194.835,14.5349,0.2789
mcw,574,0,25,297.44,194.745,24.6216,0.264
mcw,574,0,26,297.21,194.615,34.2911,0.2663
mcw,574,0,27,297.01,194.445,46.5451,0.2617
mcw,574,0,28,296.85,194.24,57.5262,0.2608
mcw,574,0,29,296.735,194.005,70.2019,0.2657
mcw,574,0,30,296.67,193.74,81.8681,0.2828
mcw,574,0,31,296.66,193.485,94.9743,0.2309
mcw,574,0,32,296.705,193.265,108.4374,0.2214
mcw,574,0,33,296.735,193.15,63.4349,0.0224
mcw,574,0,34,295.92,193.755,142.7917,2.034
mcw,574,0,35,294.95,194.165,52.028,0.5201
mcw,574,1,0,297.17,193.5,83.6534,0.1811
mcw,574,1,1,297.21,193.68,71.5651,0.1897
mcw,574,1,2,297.28,193.85,63.4393,0.1789
mcw,574,1,3,297.38,194.005,51.3402,0.1921
mcw,574,1,4,297.515,194.145,40.9166,0.1985
mcw,574,1,5,297.67,194.255,29.3562,0.1836
mcw,574,1,6,297.845,194.335,20.2266,0.2025
mcw,574,1,7,298.04,194.38,5.7071,0.201
mcw,574,1,8,298.235,194.38,173.9943,0.1911
mcw,574,1,9,298.425,194.34,162.4753,0.1993
mcw,574,1,10,298.6,194.26,147.9936,0.1887
mcw,574,1,11,298.755,194.15,141.3402,0.1921
mcw,574,1,12,298.89,194.015,128.6598,0.1921
mcw,574,1,13,298.995,193.85,116.5612,0.2013
mcw,574,1,14,299.065,193.665,104.7399,0.1965
mcw,574,1,15,299.1,193.47,95.7167,0.201
mcw,574,1,16,299.1,193.28,83.6534,0.1811
mcw,574,1,17,299.06,193.105,70.5621,0.1803
mcw,574,1,18,298.98,192.94,58.0015,0.1887
mcw,574,1,19,298.87,192.79,49.3894,0.1844
mcw,574,1,20,298.735,192.66,38.6598,0.1921
mcw,574,1,21,298.58,192.555,29.3645,0.1836
mcw,574,1,22,298.41,192.485,15.5211,0.1868
mcw,574,1,23,298.23,192.45,6.337,0.1811
mcw,574,1,24,298.045,192.445,176.9935,0.1903
mcw,574,1,25,297.86,192.48,161.5651,0.1897
mcw,574,1,26,297.69,192.55,153.4306,0.1789
mcw,574,1,27,297.535,192.645,143.7487,0.186
mcw,574,1,28,297.4,192.775,128.6612,0.1921
mcw,574,1,29,297.29,192.93,122.0034,0.1886
mcw,574,1,30,297.21,193.105,107.5247,0.1993
mcw,574,1,31,297.17,193.305,95.445,0.211
mcw,575,0,0,295.445,190.925,102.9936,0.1334
mcw,575,0,1,295.395,191.045,122.4774,0.1304
mcw,575,0,2,295.305,191.135,147.5226,0.1304
mcw,575,0,3,295.185,191.185,167.0064,0.1334
mcw,575,0,4,295.055,191.185,12.9936,0.1334
mcw,575,0,5,294.935,191.135,32.4774,0.1304
mcw,575,0,6,294.845,191.045,57.5226,0.1304
mcw,575,0,7,294.795,190.925,77.0064,0.1334
mcw,575,0,8,294.795,190.795,102.9936,0.1334
mcw,575,0,9,294.845,190.675,122.4774,0.1304
mcw,575,0,10,294.935,190.585,147.5226,0.1304
mcw,575,0,11,295.055,190.535,167.0064,0.1334
mcw,575,0,12,295.185,190.535,12.9936,0.1334
mcw,575,0,13,295.305,190.585,32.4774,0.1304
mcw,575,0,14,295.395,190.675,57.5226,0.1304
mcw,575,0,15,295.445,190.795,77.0064,0.1334
mcw,576,0,0,295.99,189.585,5.7106,0.3015
mcw,576,0,1,295.705,189.53,16.5006,0.2816
mcw,576,0,2,295.455,189.43,27.5598,0.2594
mcw,576,0,3,295.24,189.28,41.9843,0.2691
mcw,576,0,4,295.065,189.09,53.1287,0.25
mcw,576,0,5,294.93,188.87,63.4379,0.2683
mcw,576,0,6,294.835,188.62,74.9289,0.2692
mcw,576,0,7,294.79,188.345,86.0571,0.2907
mcw,576,0,8,294.79,188.06,94.0834,0.2807
mcw,576,0,9,294.835,187.785,104.5349,0.2789
mcw,576,0,10,294.93,187.535,117.5539,0.2594
mcw,576,0,11,295.065,187.315,125.5337,0.2581
mcw,576,0,12,295.24,187.125,139.64,0.2625
mcw,576,0,13,295.455,186.975,150.5211,0.2642
mcw,576,0,14,295.705,186.87,163.4994,0.2816
mcw,576,0,15,295.985,186.815,174.0937,0.2915
mcw,576,0,16,296.22,186.805,3.1728,0.1803
mcw,576,0,17,296.4,186.825,9.4623,0.1825
mcw,576,0,18,296.57,186.87,20.5548,0.1709
mcw,576,0,19,296.725,186.935,25.0201,0.1655
mcw,576,0,20,296.87,187.02,35.5424,0.172
mcw,576,0,21,297.0,187.13,44.9927,0.1697
mcw,576,0,22,297.11,187.26,54.4718,0.172
mcw,576,0,23,297.195,187.405,64.9799,0.1655
mcw,576,0,24,297.33,187.355,128.6615,0.3202
mcw,576,0,25,297.55,187.135,141.631,0.3061
mcw,576,0,26,297.74,187.005,153.4349,0.1565
mcw,576,0,27,297.885,186.945,161.5685,0.1581
mcw,576,0,28,298.04,186.905,169.381,0.1628
mcw,576,0,29,298.205,186.885,176.6299,0.1703
mcw,576,0,30,298.43,186.895,6.1153,0.2816
mcw,576,0,31,298.695,186.945,15.6438,0.2596
mcw,576,0,32,298.935,187.04,27.5507,0.2594
mcw,576,0,33,299.145,187.18,40.1012,0.2484
mcw,576,0,34,299.32,187.355,49.8988,0.2484
mcw,576,0,35,299.46,187.56,61.3907,0.2506
mcw,576,0,36,299.555,187.795,74.3562,0.2596
mcw,576,0,37,299.605,188.06,83.8847,0.2816
mcw,576,0,38,299.605,188.335,96.3402,0.2717
mcw,576,0,39,299.555,188.595,105.6438,0.2596
mcw,576,0,40,299.46,188.835,117.5507,0.2594
mcw,576,0,41,299.32,189.045,130.1012,0.2484
mcw,576,0,42,299.145,189.22,139.8988,0.2484
mcw,576,0,43,298.94,189.355,153.4381,0.246
mcw,576,0,44,298.7,189.45,162.8944,0.272
mcw,576,0,45,298.435,189.5,175.7658,0.2707
mcw,576,0,46,298.215,189.505,3.3695,0.1703
mcw,576,0,47,298.05,189.485,10.619,0.1628
mcw,576,0,48,297.895,189.45,14.935,0.1552
mcw,576,0,49,297.75,189.395,26.5601,0.1565
mcw,576,0,50,297.555,189.27,35.7574,0.3081
mcw,576,0,51,297.33,189.06,50.1916,0.3124
mcw,576,0,52,297.195,189.015,115.0201,0.1655
mcw,576,0,53,297.11,189.155,127.5608,0.164
mcw,576,0,54,297.0,189.28,135.0073,0.1697
mcw,576,0,55,296.87,189.385,147.2629,0.1664
mcw,576,0,56,296.725,189.465,154.9799,0.1655
mcw,576,0,57,296.57,189.53,159.4452,0.1709
mcw,576,0,58,296.405,189.575,169.9932,0.1726
mcw,576,0,59,296.23,189.595,176.8169,0.1803
mcw,576,1,0,299.1,188.12,82.879,0.1612
mcw,576,1,1,299.065,187.965,71.5581,0.1581
mcw,576,1,2,299.005,187.82,63.4349,0.1565
mcw,576,1,3,298.92,187.69,50.2002,0.1562
mcw,576,1,4,298.81,187.58,39.8013,0.1562
mcw,576,1,5,298.68,187.495,26.57,0.1565
mcw,576,1,6,298.535,187.435,18.4315,0.1581
mcw,576,1,7,298.375,187.4,6.7057,0.1712
mcw,576,1,8,298.22,187.4,171.8734,0.1414
mcw,576,1,9,298.08,187.435,160.3525,0.1487
mcw,576,1,10,297.945,187.5,148.388,0.1527
mcw,576,1,11,297.815,187.595,139.7685,0.1703
mcw,576,1,12,297.7,187.71,129.7927,0.1562
mcw,576,1,13,297.61,187.84,119.753,0.1612
mcw,576,1,14,297.54,187.98,113.1956,0.1523
mcw,576,1,15,297.5,188.125,97.5908,0.1513
mcw,576,1,16,297.5,188.275,82.4092,0.1513
mcw,576,1,17,297.54,188.42,66.8044,0.1523
mcw,576,1,18,297.61,188.56,60.247,0.1612
mcw,576,1,19,297.7,188.69,50.2002,0.1562
mcw,576,1,20,297.815,188.8,37.5692,0.164
mcw,576,1,21,297.945,188.89,31.6022,0.1526
mcw,576,1,22,298.08,188.96,23.2061,0.1523
mcw,576,1,23,298.225,188.995,3.8063,0.1503
mcw,576,1,24,298.38,188.995,176.4311,0.1603
mcw,576,1,25,298.535,188.965,161.5581,0.1581
mcw,576,1,26,298.68,188.9,150.2565,0.1612
mcw,576,1,27,298.81,188.81,140.1987,0.1562
mcw,576,1,28,298.92,188.7,129.7998,0.1562
mcw,576,1,29,299.005,188.57,116.5651,0.1565
mcw,576,1,30,299.065,188.425,108.4419,0.1581
mcw,576,1,31,299.1,188.275,97.5908,0.1513
mcw,576,2,0,296.98,188.115,83.2842,0.1712
mcw,576,2,1,296.945,187.945,73.6127,0.1772
mcw,576,2,2,296.88,187.785,61.9354,0.17
mcw,576,2,3,296.79,187.645,52.4243,0.164
mcw,576,2,4,296.675,187.525,40.2394,0.1703
mcw,576,2,5,296.54,187.425,32.7314,0.1664
mcw,576,2,6,296.39,187.355,17.3528,0.1676
mcw,576,2,7,296.225,187.32,6.7158,0.1712
mcw,576,2,8,296.055,187.32,173.2842,0.1712
mcw,576,2,9,295.89,187.36,159.4416,0.1709
mcw,576,2,10,295.74,187.43,150.2618,0.1613
mcw,576,2,11,295.605,187.53,137.2928,0.1769
mcw,576,2,12,295.49,187.655,127.5692,0.164
mcw,576,2,13,295.4,187.795,118.0695,0.17
mcw,576,2,14,295.33,187.95,110.5548,0.1709
mcw,576,2,15,295.295,188.115,93.3695,0.1703
mcw,576,2,16,295.3,188.285,83.283,0.1712
mcw,576,2,17,295.335,188.45,72.6503,0.1676
mcw,576,2,18,295.4,188.605,61.9305,0.17
mcw,576,2,19,295.49,188.75,54.4635,0.1721
mcw,576,2,20,295.605,188.875,40.2315,0.1703
mcw,576,2,21,295.74,188.975,32.7403,0.1665
mcw,576,2,22,295.89,189.045,17.3528,0.1676
mcw,576,2,23,296.055,189.08,6.7057,0.1712
mcw,576,2,24,296.225,189.08,173.2943,0.1712
mcw,576,2,25,296.39,189.045,162.6472,0.1676
mcw,576,2,26,296.545,188.975,149.0328,0.175
mcw,576,2,27,296.68,188.875,137.4922,0.1628
mcw,576,2,28,296.79,188.755,127.5692,0.164
mcw,576,2,29,296.88,188.61,116.5607,0.1789
mcw,576,2,30,296.945,188.45,107.3497,0.1676
mcw,576,2,31,296.98,188.285,96.717,0.1712
mcw,577,0,0,299.415,185.31,99.463,0.4258
mcw,577,0,1,299.27,185.68,124.5106,0.3883
mcw,577,0,2,298.995,185.95,146.3087,0.3966
mcw,577,0,3,298.62,186.095,170.537,0.4258
mcw,577,0,4,298.205,186.095,9.6897,0.4159
mcw,577,0,5,297.835,185.95,33.6913,0.3966
mcw,577,0,6,297.565,185.68,56.7243,0.3827
mcw,577,0,7,297.42,185.315,78.9569,0.4177
mcw,577,0,8,297.42,184.895,100.5408,0.4374
mcw,577,0,9,297.565,184.515,122.4712,0.3911
mcw,577,0,10,297.835,184.245,147.5288,0.3911
mcw,577,0,11,298.205,184.1,168.9569,0.4177
mcw,577,0,12,298.62,184.1,10.7862,0.4276
mcw,577,0,13,298.995,184.245,32.4712,0.3911
mcw,577,0,14,299.265,184.515,57.525,0.3912
mcw,577,0,15,299.41,184.89,79.2178,0.4276
mcw,577,1,0,297.88,185.205,79.213,0.2138
mcw,577,1,1,297.96,185.4,56.3144,0.2163
mcw,577,1,2,298.11,185.55,33.6901,0.2163
mcw,577,1,3,298.305,185.63,10.7789,0.2138
mcw,577,1,4,298.52,185.63,169.7007,0.2236
mcw,577,1,5,298.72,185.55,146.3099,0.2163
mcw,577,1,6,298.87,185.4,123.6923,0.2164
mcw,577,1,7,298.955,185.205,103.3899,0.2159
mcw,577,1,8,298.955,184.995,76.6101,0.2159
mcw,577,1,9,298.87,184.8,56.3077,0.2164
mcw,577,1,10,298.72,184.65,33.6901,0.2163
mcw,577,1,11,298.52,184.565,12.8012,0.2256
mcw,577,1,12,298.305,184.565,166.6101,0.2159
mcw,577,1,13,298.11,184.65,146.3099,0.2163
mcw,577,1,14,297.96,184.8,123.6856,0.2163
mcw,577,1,15,297.88,184.995,100.787,0.2138
mcw,578,0,0,8.85,358.4512,0.0,7.7
mcw,578,0,1,8.85,358.4512,0.0,7.7
mcw,579,0,0,5.0,298.7256,90.0,119.4512
mcw,579,0,1,8.85,239.0,0.0,7.7
mcw,579,0,2,12.7,298.7256,90.0,119.4512
mcw,579,0,3,8.85,358.4512,0.0,7.7
mcw,580,0,0,378.21,239.0,0.0,7.7
mcw,580,0,1,378.21,239.0,0.0,7.7
mcw,581,0,0,382.06,298.7256,90.0,119.4512
mcw,581,0,1,378.56,358.4512,0.0,7.0
mcw,581,0,2,375.06,298.7256,90.0,119.4512
mcw,581,0,3,378.56,239.0,0.0,7.0
