airport,object_id,subpath_index,edge_index,mid_x,mid_y,angle,length
pob,0,0,0,102.64,286.3585,138.6124,5.6674
pob,0,0,1,103.0405,282.495,49.0718,5.2678
pob,0,0,2,99.2325,282.307,139.1301,5.5078
pob,1,0,0,108.1425,281.497,138.582,5.9194
pob,1,0,1,108.7125,277.513,50.8487,5.2251
pob,1,0,2,104.744,277.494,139.1253,6.1338
pob,2,0,0,114.047,276.1975,137.5993,6.2212
pob,2,0,1,114.674,272.2,48.6861,5.0592
pob,2,0,2,110.6675,272.322,139.1271,6.1799
pob,3,0,0,197.3135,205.8735,50.2622,4.8727
pob,3,0,1,200.961,210.0155,47.3452,6.169
pob,3,0,2,204.4015,213.7865,48.0497,4.0405
pob,3,0,3,209.6955,219.8415,49.1001,12.046
pob,3,0,4,216.3405,227.3985,48.0397,8.0809
pob,3,0,5,221.318,233.168,50.5406,7.1625
pob,3,0,6,224.756,234.9215,138.9609,3.0812
pob,3,0,7,243.011,218.8275,138.5755,45.5918
pob,3,0,8,261.6255,202.5195,141.1502,3.9073
pob,3,0,9,259.8295,199.073,33.8016,7.9847
pob,3,0,10,246.926,190.5625,33.2694,22.9302
pob,3,0,11,236.171,183.5475,31.8248,2.7517
pob,3,0,12,233.5165,181.1715,48.0119,4.4411
pob,3,0,13,230.345,177.6975,47.2436,4.967
pob,3,0,14,222.684,168.9595,49.1689,18.2769
pob,3,0,15,215.623,160.8205,48.4302,3.2734
pob,3,0,16,214.244,159.2845,46.753,0.8553
pob,3,0,17,207.11,151.2625,48.4195,20.6156
pob,3,0,18,200.09,143.214,62.0946,0.7649
pob,3,0,19,199.9055,142.5975,88.8685,0.5571
pob,3,0,20,199.2545,142.89,138.5045,1.7236
pob,3,0,21,184.518,155.9125,138.5346,37.6083
pob,3,0,22,168.7105,169.825,139.5972,4.5082
pob,3,0,23,171.277,176.1785,48.8003,13.0047
pob,3,0,24,181.3395,187.632,48.6236,17.4871
pob,3,0,25,187.5485,194.6915,49.2528,1.316
pob,4,0,0,150.1065,300.792,138.4154,11.8573
pob,4,0,1,160.156,291.905,138.5902,14.9734
pob,4,0,2,166.6735,286.157,138.5876,2.4068
pob,4,0,3,153.4745,269.6305,48.1256,42.2517
pob,4,0,4,136.407,256.471,139.0805,7.8504
pob,4,0,5,131.536,260.763,137.9051,5.1345
pob,4,0,6,128.9245,263.1415,137.0572,1.9302
pob,4,0,7,125.899,265.753,139.8822,6.065
pob,4,0,8,122.7815,268.3935,139.3134,2.1061
pob,4,0,9,119.7555,271.1375,137.272,6.0647
pob,5,0,0,141.157,308.661,138.9337,11.9769
pob,5,0,1,131.6,288.961,48.2494,42.2652
pob,5,0,2,116.936,273.648,142.5766,1.4909
pob,5,0,3,108.4285,281.1665,138.2474,21.2204
pob,5,0,4,99.2875,289.357,137.4483,3.3271
pob,5,0,5,99.298,291.9315,49.5457,3.8099
pob,5,0,6,99.4545,294.4075,136.4419,2.9793
pob,5,0,7,96.4375,297.072,139.7882,5.0742
pob,5,0,8,95.0075,299.304,49.4906,1.5626
pob,5,0,9,97.642,301.9265,43.642,5.8784
pob,5,0,10,110.2975,315.3005,47.139,30.9561
pob,5,0,11,122.107,325.524,138.7858,3.4058
pob,5,0,12,125.8915,322.141,137.9137,6.7467
pob,5,0,13,130.4425,318.042,138.0864,5.5029
pob,6,0,0,96.4385,297.072,139.7882,5.0742
pob,6,0,1,99.4555,294.4075,136.4414,2.9793
pob,6,0,2,99.299,291.9315,49.5454,3.8098
pob,6,0,3,97.3535,289.598,51.2495,2.267
pob,6,0,4,95.279,287.2735,46.5417,3.969
pob,6,0,5,90.905,288.5155,138.2832,8.0622
pob,7,0,0,82.0145,309.808,140.5033,4.2985
pob,7,0,1,84.9945,307.1725,136.1724,3.6636
pob,7,0,2,83.0135,302.148,48.6761,10.0028
pob,7,0,3,77.1345,300.63,139.0219,6.8255
pob,7,0,4,74.7865,303.987,78.4591,2.2842
pob,7,0,5,75.082,305.213,57.9447,0.2525
pob,8,0,0,199.7675,134.51,142.7028,5.7134
pob,8,0,1,200.9495,131.4945,49.6698,3.3699
pob,8,0,2,182.3875,109.989,49.1721,53.4469
pob,8,0,3,162.985,87.554,48.9058,5.8756
pob,8,0,4,159.464,86.572,142.23,4.0229
pob,8,0,5,156.6885,88.801,139.9361,3.098
pob,8,0,6,156.4315,90.924,50.4906,2.9189
pob,8,0,7,157.078,92.283,140.4354,0.7316
pob,8,0,8,157.0545,92.8295,50.4931,0.8127
pob,8,0,9,156.9035,93.481,140.4641,1.0619
pob,8,0,10,156.2185,93.4845,50.5251,0.8667
pob,8,0,11,155.6175,93.4185,140.4804,0.8439
pob,8,0,12,154.3805,92.581,50.5068,2.8664
pob,8,0,13,152.529,92.1285,145.193,2.2897
pob,8,0,14,149.6085,94.2245,143.9321,4.9003
pob,8,0,15,148.782,97.0955,51.0671,3.6728
pob,8,0,16,151.2355,99.978,48.2117,3.9002
pob,8,0,17,156.6225,106.1705,49.2185,12.5157
pob,8,0,18,162.0595,112.4915,49.5437,4.1596
pob,8,0,19,166.4225,117.705,50.3095,9.4372
pob,8,0,20,172.9135,125.1975,47.9951,10.3931
pob,8,0,21,180.2965,133.62,49.4272,12.0093
pob,8,0,22,186.42,140.7395,49.0775,6.7721
pob,8,0,23,190.373,141.9665,142.4962,4.3741
pob,8,0,24,193.245,139.642,138.8671,3.0192
pob,9,0,0,103.5775,346.88,71.4256,29.7454
pob,9,0,1,108.612,360.7615,143.9098,0.7351
pob,9,0,2,109.19,360.3085,139.9151,0.7345
pob,9,0,3,111.201,354.9315,108.6003,10.8476
pob,9,0,4,112.848,349.4325,76.9647,0.736
pob,9,0,5,112.5565,348.5065,69.8265,1.2092
pob,9,0,6,114.9895,338.6225,105.8296,19.3675
pob,9,0,7,118.095,328.9405,141.7725,1.1813
pob,9,0,8,119.6925,327.6105,139.6056,2.9766
pob,9,0,9,110.2975,315.3,47.1403,30.9568
pob,9,0,10,99.036,304.5835,139.344,1.9324
pob,9,0,11,94.9185,308.204,138.5319,9.0335
pob,10,0,0,119.7565,271.1375,137.272,6.0647
pob,10,0,1,120.3015,267.255,47.3266,4.9645
pob,10,0,2,116.2825,267.452,139.1271,6.1799
pob,10,0,3,114.24,269.7795,46.1002,0.848
pob,11,0,0,122.7175,266.8375,45.2318,2.4494
pob,11,0,1,125.899,265.7535,139.8895,6.0643
pob,11,0,2,126.446,261.928,46.5719,5.1553
pob,11,0,3,122.338,262.078,139.1213,6.1791
pob,12,0,0,131.536,260.7635,137.8967,5.1352
pob,12,0,1,131.799,257.089,49.9444,5.1031
pob,12,0,2,128.2085,256.8645,138.424,5.2094
pob,13,0,0,199.3925,379.712,48.4114,7.5221
pob,13,0,1,204.0315,380.665,139.0373,5.6745
pob,13,0,2,210.3065,375.2005,138.904,10.9672
pob,13,0,3,216.1905,370.027,138.1459,4.703
pob,13,0,4,221.2655,365.582,139.1286,8.7902
pob,13,0,5,218.151,355.26,49.1525,19.6866
pob,13,0,6,206.7285,352.2175,138.5414,13.302
pob,13,0,7,195.363,362.2305,138.6815,16.9922
pob,14,0,0,221.7885,376.459,138.7027,11.4642
pob,14,0,1,222.4385,371.054,23.9218,8.0002
pob,14,0,2,218.362,368.945,49.2249,1.2862
pob,14,0,3,216.191,370.027,138.1379,4.7022
pob,14,0,4,214.857,372.098,50.2838,1.3052
pob,15,0,0,86.4735,328.3985,161.3042,0.833
pob,15,0,1,87.1285,328.183,162.5268,0.5462
pob,15,0,2,87.6185,328.8265,72.446,1.5219
pob,15,0,3,87.1415,329.778,162.2613,1.4835
pob,15,0,4,87.3155,332.5825,71.1462,5.4494
pob,15,0,5,89.21,334.8595,163.4409,2.1157
pob,15,0,6,90.315,334.7765,67.3892,0.4734
pob,15,0,7,91.1415,334.723,159.7045,1.5684
pob,15,0,8,91.9905,334.764,70.0682,0.6659
pob,15,0,9,95.4725,333.9295,161.1882,7.1172
pob,15,0,10,95.188,321.9885,71.3019,22.7898
pob,15,0,11,89.513,312.925,139.4501,5.3222
pob,15,0,12,86.41,315.7265,135.2528,3.0441
pob,15,0,13,86.1585,317.824,51.0453,2.6387
pob,15,0,14,85.907,319.1685,163.5833,2.2539
pob,15,0,15,85.3985,321.251,72.0195,3.7092
pob,15,0,16,85.174,323.2815,161.5115,1.6807
pob,16,0,0,264.6855,364.2865,0.4694,5.4932
pob,16,0,1,268.2315,364.2895,178.6028,1.5995
pob,16,0,2,269.6285,363.151,118.1,2.537
pob,16,0,3,271.8845,359.1265,119.7184,6.6911
pob,16,0,4,273.5265,352.3075,89.7585,7.8271
pob,16,0,5,265.1505,348.4515,179.6059,16.7194
pob,16,0,6,256.792,348.7685,89.7777,0.519
pob,16,0,7,256.8375,352.745,89.3142,7.4345
pob,16,0,8,256.0765,357.18,138.2869,2.1581
pob,16,0,9,257.7845,360.7335,48.4448,7.5783
pob,16,0,10,260.7895,363.777,22.9378,1.0674
pob,17,0,0,48.8815,389.981,48.1195,2.7158
pob,17,0,1,49.972,391.1785,45.3867,0.524
pob,17,0,2,50.7645,392.002,46.3109,1.7619
pob,17,0,3,53.6965,390.6015,138.7521,6.1806
pob,17,0,4,56.9715,387.762,139.8733,2.4888
pob,17,0,5,57.0685,386.041,47.0831,2.5098
pob,17,0,6,56.092,385.0455,32.0898,0.288
pob,17,0,7,55.1535,384.705,17.9176,1.7162
pob,17,0,8,54.1935,384.4315,3.787,0.2876
pob,17,0,9,53.906,384.422,0.0,0.288
pob,17,0,10,52.924,384.6335,165.835,1.7286
pob,17,0,11,49.8675,386.726,139.7064,5.8172
pob,18,0,0,139.29,87.666,49.468,3.9392
pob,18,0,1,140.667,89.131,161.7437,0.2043
pob,18,0,2,141.3935,89.202,9.2922,1.2757
pob,18,0,3,144.826,92.486,48.6145,8.4795
pob,18,0,4,149.609,94.224,143.916,4.9
pob,18,0,5,152.529,92.128,145.2131,2.2891
pob,18,0,6,154.4865,90.636,140.4919,2.6376
pob,18,0,7,156.6895,88.8,139.9365,3.098
pob,18,0,8,159.465,86.5715,142.241,4.0223
pob,18,0,9,158.249,82.0145,49.8428,8.7023
pob,18,0,10,154.1535,77.1925,49.2497,3.9509
pob,18,0,11,151.0955,73.6925,48.5647,5.3447
pob,18,0,12,147.5545,69.666,48.7762,5.3793
pob,18,0,13,145.012,66.744,49.4191,2.3673
pob,18,0,14,142.9095,66.8965,141.7228,3.3948
pob,18,0,15,139.554,69.721,138.7679,5.38
pob,18,0,16,135.614,73.1215,139.6693,5.0294
pob,18,0,17,131.9765,76.1915,140.0227,4.4904
pob,18,0,18,130.3715,79.0655,85.387,2.8723
pob,18,0,19,130.5545,80.701,71.6931,0.4298
pob,18,0,20,130.9415,81.33,53.0643,1.0634
pob,18,0,21,132.258,82.94,49.9245,3.0972
pob,18,0,22,133.8505,84.705,44.2444,1.6626
pob,18,0,23,134.7235,85.36,15.1236,0.5749
pob,18,0,24,135.608,85.5525,10.9562,1.2365
pob,18,0,25,136.9155,85.8455,14.0644,1.4443
pob,19,0,0,193.227,145.74,141.6193,3.6561
pob,19,0,1,194.7045,144.455,106.5237,0.3129
pob,19,0,2,194.817,144.169,116.5651,0.3041
pob,19,0,3,195.0055,143.865,125.6502,0.4135
pob,19,0,4,196.1735,142.792,139.1743,2.7686
pob,19,0,5,197.862,141.2975,137.3969,1.7417
pob,19,0,6,199.894,139.674,143.3748,3.4664
pob,19,0,7,200.416,137.6225,49.5011,2.6762
pob,19,0,8,200.2575,136.0165,140.3651,1.8451
pob,19,0,9,201.781,136.4335,51.0423,2.5861
pob,19,0,10,202.908,137.0275,127.3455,1.0352
pob,19,0,11,203.1945,135.3695,88.7363,2.4936
pob,19,0,12,202.604,133.4505,50.064,1.7541
pob,19,0,13,199.7685,134.5095,142.695,5.714
pob,19,0,14,195.939,137.4445,142.2972,3.9358
pob,19,0,15,195.3675,139.776,48.8569,2.9957
pob,19,0,16,195.2165,141.8975,138.841,3.0191
pob,19,0,17,193.0945,141.763,48.8571,2.9957
pob,19,0,18,190.3735,141.966,142.5147,4.3743
pob,20,0,0,151.9395,124.467,44.8351,0.7347
pob,20,0,1,152.444,124.8285,22.7848,0.5293
pob,20,0,2,153.061,124.9035,175.784,0.748
pob,20,0,3,153.7385,124.725,153.623,0.6798
pob,20,0,4,155.272,123.507,139.036,3.2551
pob,20,0,5,156.673,122.2985,140.5573,0.4454
pob,20,0,6,156.3695,121.6215,48.3966,1.4323
pob,20,0,7,155.351,121.527,140.9174,1.3991
pob,20,0,8,153.305,120.1395,50.5804,4.7339
pob,20,0,9,152.3605,117.8545,140.7388,1.4427
pob,20,0,10,152.403,116.782,50.0479,1.6071
pob,20,0,11,150.547,117.299,139.7848,3.5096
pob,20,0,12,148.9095,118.7815,130.4048,0.918
pob,20,0,13,148.4835,119.521,108.2367,0.8212
pob,20,0,14,148.4815,120.281,71.1242,0.782
pob,20,0,15,149.3825,121.5685,49.8313,2.4014
pob,21,0,0,160.5045,118.884,117.4229,0.3582
pob,21,0,1,160.535,118.417,80.418,0.6247
pob,21,0,2,160.3875,117.872,68.0518,0.511
pob,21,0,3,160.0285,117.277,53.6462,0.889
pob,21,0,4,158.61,115.5705,49.42,3.5511
pob,21,0,5,157.013,113.786,44.6077,1.2417
pob,21,0,6,156.355,113.281,17.7156,0.4535
pob,21,0,7,155.885,113.1515,13.3979,0.5222
pob,21,0,8,155.4315,113.1775,156.5588,0.4349
pob,21,0,9,153.5595,114.715,139.0565,4.4284
pob,21,0,10,152.403,116.782,50.049,1.6071
pob,21,0,11,153.527,116.896,140.4551,1.5769
pob,21,0,12,155.638,118.2225,50.5802,4.7339
pob,21,0,13,156.5175,120.5685,140.3074,1.6206
pob,21,0,14,156.3695,121.621,48.3699,1.4315
pob,21,0,15,158.4995,120.711,138.8666,4.3934
pob,22,0,0,139.5395,113.567,47.4402,0.7141
pob,22,0,1,140.0015,113.9185,21.8691,0.4752
pob,22,0,2,140.4905,114.044,7.8466,0.5421
pob,22,0,3,141.04,113.9155,149.5036,0.6522
pob,22,0,4,142.916,112.3765,139.2672,4.2098
pob,22,0,5,144.0385,110.4255,50.7108,1.4923
pob,22,0,6,142.947,110.35,140.9587,1.5939
pob,22,0,7,140.825,109.0235,50.5804,4.7339
pob,22,0,8,139.8955,106.7235,140.5751,1.4849
pob,22,0,9,139.94,105.6385,49.2297,1.6201
pob,22,0,10,138.092,106.163,139.2132,3.4841
pob,22,0,11,136.51,107.5425,137.4402,0.7141
pob,22,0,12,136.054,108.069,124.1068,0.6884
pob,22,0,13,135.827,108.7215,95.2863,0.7382
pob,22,0,14,135.9355,109.3555,61.8654,0.6044
pob,23,0,0,148.011,107.5865,94.2173,0.6528
pob,23,0,1,147.9625,107.0385,71.952,0.468
pob,23,0,2,147.5665,106.372,53.9227,1.0987
pob,23,0,3,146.013,104.5175,48.9105,3.7429
pob,23,0,4,144.4815,102.758,49.1757,0.9224
pob,23,0,5,143.932,102.287,26.1965,0.5528
pob,23,0,6,143.3205,102.1505,2.2836,0.7276
pob,23,0,7,142.7095,102.2735,150.9457,0.5663
pob,23,0,8,140.936,103.718,139.4202,4.0184
pob,23,0,9,139.9395,105.6385,49.2032,1.6208
pob,23,0,10,141.062,105.765,140.6057,1.5347
pob,23,0,11,143.1575,107.107,50.5972,4.734
pob,23,0,12,144.1125,109.392,140.2094,1.4251
pob,23,0,13,144.038,110.4255,50.6809,1.493
pob,23,0,14,146.1475,109.621,139.8193,4.284
pob,24,0,0,129.5715,100.595,49.1764,0.9224
pob,24,0,1,130.874,100.6095,161.522,2.1108
pob,24,0,2,133.1565,99.1545,138.8347,3.4046
pob,24,0,3,133.9545,97.454,50.1849,1.5102
pob,24,0,4,132.8975,97.3545,140.0426,1.4964
pob,24,0,5,130.8245,96.004,50.684,4.7333
pob,24,0,6,129.898,93.692,139.9886,1.4963
pob,24,0,7,129.967,92.6045,50.2728,1.5772
pob,24,0,8,127.883,93.372,138.9892,4.1877
pob,24,0,9,126.0825,94.9975,131.2425,0.6689
pob,24,0,10,125.8115,95.4605,103.4297,0.4349
pob,24,0,11,125.7865,95.866,82.5114,0.3913
pob,24,0,12,125.909,96.217,58.2904,0.3691
pob,24,0,13,126.1495,96.5605,52.425,0.4707
pob,25,0,0,138.0085,94.722,95.247,0.4921
pob,25,0,1,137.9735,94.2305,76.8693,0.5062
pob,25,0,2,137.797,93.732,64.723,0.5574
pob,25,0,3,137.479,93.227,51.8138,0.6438
pob,25,0,4,135.99,91.4775,49.2381,3.9515
pob,25,0,5,134.463,89.737,45.8342,0.6803
pob,25,0,6,133.9645,89.314,34.3917,0.6338
pob,25,0,7,133.373,89.0925,7.338,0.6654
pob,25,0,8,132.8625,89.1325,155.4399,0.3969
pob,25,0,9,132.5005,89.3775,138.1596,0.4872
pob,25,0,10,130.891,90.769,139.2832,3.7681
pob,25,0,11,129.967,92.6045,50.2732,1.5771
pob,25,0,12,131.079,92.724,141.3058,1.558
pob,25,0,13,133.187,94.068,50.675,4.734
pob,25,0,14,134.079,96.386,141.3058,1.558
pob,25,0,15,133.9545,97.453,50.1849,1.5102
pob,25,0,16,135.9825,96.7135,139.492,4.0628
pob,26,0,0,161.585,67.7005,140.7927,1.5203
pob,26,0,1,163.6595,69.0635,51.138,4.7351
pob,26,0,2,164.541,71.3875,141.4969,1.5436
pob,26,0,3,164.4215,72.467,51.0321,1.5408
pob,26,0,4,166.541,71.634,138.7866,4.3469
pob,26,0,5,168.339,70.044,135.8946,0.454
pob,26,0,6,168.56,69.7925,121.81,0.2201
pob,26,0,7,168.635,69.5155,95.2947,0.3686
pob,26,0,8,168.622,69.119,81.9817,0.4302
pob,26,0,9,168.2025,68.4375,50.2595,1.2185
pob,26,0,10,166.0315,65.9085,49.1536,5.4477
pob,26,0,11,164.156,63.79,31.6677,0.2209
pob,26,0,12,163.902,63.7296,0.8961,0.32
pob,26,0,13,163.5845,63.824,148.3764,0.3699
pob,26,0,14,162.963,64.329,138.6729,1.2358
pob,26,0,15,161.22,65.8525,138.9067,3.3942
pob,27,0,0,163.2605,74.4755,139.4177,4.3333
pob,27,0,1,164.4215,72.467,51.034,1.5409
pob,27,0,2,163.359,72.3395,140.7929,1.4919
pob,27,0,3,161.2955,70.9675,51.1381,4.7351
pob,27,0,4,160.403,68.652,141.4807,1.5158
pob,27,0,5,160.4685,67.5735,48.9856,1.6076
pob,27,0,6,158.1015,68.6155,138.1338,4.9402
pob,27,0,7,156.118,70.418,133.0805,0.4217
pob,27,0,8,155.986,70.709,84.9935,0.275
pob,27,0,9,156.0905,70.984,56.1669,0.3323
pob,27,0,10,156.294,71.256,50.3636,0.348
pob,27,0,11,156.7155,71.777,51.2585,0.9923
pob,27,0,12,158.288,73.627,49.2188,3.8642
pob,27,0,13,159.954,75.535,47.7633,1.202
pob,27,0,14,160.484,76.09,41.1257,0.3345
pob,27,0,15,160.737,76.2305,13.4989,0.2612
pob,27,0,16,161.02,76.2445,173.97,0.3137
pob,27,0,17,161.2805,76.1635,148.3104,0.2456
pob,28,0,0,133.4495,334.076,138.665,4.3697
pob,28,0,1,133.09,330.3595,48.6621,6.056
pob,28,0,2,129.449,329.529,138.6734,4.3704
pob,29,0,0,197.562,101.612,121.7968,0.9907
pob,29,0,1,197.7325,100.633,80.7876,1.1306
pob,29,0,2,197.0745,99.1885,57.3738,2.1052
pob,29,0,3,195.825,97.5225,48.8171,2.0715
pob,29,0,4,193.979,95.357,49.9757,3.6199
pob,29,0,5,192.1695,93.2625,47.6638,1.9169
pob,29,0,6,191.1145,92.1705,43.1221,1.1221
pob,29,0,7,190.506,91.534,51.8127,0.6438
pob,29,0,8,189.412,90.1915,50.5976,2.8199
pob,29,0,9,188.1185,88.9355,22.6765,0.8638
pob,29,0,10,187.2755,88.833,171.8055,0.8982
pob,29,0,11,186.141,89.2785,151.0619,1.5769
pob,29,0,12,183.2975,91.643,137.3604,5.8548
pob,29,0,13,179.73,94.7565,141.3573,3.6207
pob,29,0,14,179.335,97.167,51.477,3.2722
pob,29,0,15,183.6755,102.3055,49.2773,10.1824
pob,29,0,16,188.0255,107.482,52.0331,3.3436
pob,29,0,17,191.1235,107.0565,139.8867,5.4121
pob,29,0,18,194.6595,104.15,141.5841,3.7434
pob,30,0,0,170.8215,226.1185,138.4587,15.7292
pob,30,0,1,163.7665,229.821,52.3208,3.8234
pob,30,0,2,161.9015,228.8415,142.5493,1.7547
pob,30,0,3,158.725,231.5655,138.5468,6.6178
pob,30,0,4,156.4545,233.9935,48.5853,0.6334
pob,30,0,5,153.8595,236.7075,138.554,7.4829
pob,30,0,6,149.8645,240.2875,137.1719,3.2465
pob,30,0,7,142.984,246.45,138.3597,15.2275
pob,30,0,8,138.3335,252.7045,48.993,3.1685
pob,30,0,9,153.4745,269.6305,48.1256,42.2517
pob,30,0,10,173.8835,279.572,137.4544,17.1227
pob,30,0,11,182.9595,271.5995,141.7373,7.0519
pob,30,0,12,187.5895,267.721,137.6802,5.0352
pob,30,0,13,191.143,264.5585,139.0644,4.4795
pob,30,0,14,195.5675,260.6655,138.4063,7.3074
pob,30,0,15,198.931,257.6925,139.053,1.6708
pob,30,0,16,206.1075,251.4265,138.8577,17.3833
pob,30,0,17,215.8315,242.896,138.5011,8.4877
pob,30,0,18,220.675,238.575,137.8138,4.4941
pob,30,0,19,222.967,236.4995,137.902,1.69
pob,30,0,20,221.318,233.1685,50.5355,7.1617
pob,30,0,21,216.3405,227.399,48.0445,8.0816
pob,30,0,22,209.696,219.8415,49.1036,12.0453
pob,30,0,23,204.402,213.787,48.0297,4.0404
pob,30,0,24,200.961,210.016,47.3514,6.1698
pob,30,0,25,197.3135,205.8735,50.2623,4.8727
pob,30,0,26,190.172,208.961,138.381,14.9389
pob,31,0,0,66.539,416.031,48.1181,4.4458
pob,31,0,1,64.174,408.116,81.9891,12.6434
pob,31,0,2,63.475,401.476,115.592,0.8427
pob,31,0,3,60.504,405.8485,123.5619,11.4066
pob,31,0,4,58.605,414.4755,72.0656,8.1448
pob,31,0,5,61.5565,420.3105,49.1124,5.1866
pob,32,0,0,294.5305,212.3775,37.2061,2.0126
pob,32,0,1,291.072,210.028,33.2348,6.3532
pob,32,0,2,286.9735,207.5095,28.341,3.2756
pob,32,0,3,285.382,206.704,10.5728,0.3052
pob,32,0,4,285.0805,206.658,6.7781,0.3051
pob,32,0,5,283.8845,206.812,170.6491,2.1172
pob,32,0,6,282.7015,207.049,154.8585,0.306
pob,32,0,7,279.8805,208.8015,147.8269,6.3383
pob,32,0,8,284.1665,215.059,33.2572,16.6667
pob,33,0,0,326.3765,260.255,138.9896,3.0997
pob,33,0,1,326.902,258.424,51.6505,2.0759
pob,33,0,2,324.357,255.377,49.5916,5.8652
pob,33,0,3,320.098,255.195,138.9832,6.2504
pob,33,0,4,292.7475,279.111,138.8185,66.4139
pob,33,0,5,264.773,303.57,138.9805,7.9047
pob,33,0,6,263.8155,308.668,51.0443,6.4401
pob,33,0,7,266.244,311.617,47.7648,1.2021
pob,33,0,8,267.927,311.123,143.7146,3.1734
pob,33,0,9,271.296,308.356,138.8259,5.5532
pob,33,0,10,277.023,310.713,49.0074,11.0891
pob,33,0,11,282.547,317.423,53.2283,6.3044
pob,33,0,12,291.0295,314.219,139.0217,17.4725
pob,33,0,13,314.884,293.3845,138.8068,45.8715
pob,33,0,14,330.2175,275.77,52.4958,6.3254
pob,33,0,15,324.6475,269.0935,48.8302,11.0726
pob,34,0,0,237.0475,343.8955,92.4675,2.0209
pob,34,0,1,234.6115,342.6235,6.0434,4.9867
pob,34,0,2,229.502,341.7975,12.0932,5.3794
pob,34,0,3,226.6745,341.5,126.5936,0.6626
pob,34,0,4,225.606,342.5695,137.308,2.37
pob,34,0,5,223.9885,344.027,138.7787,1.9849
pob,34,0,6,222.6365,345.0825,146.4523,1.453
pob,34,0,7,221.262,345.784,158.6883,1.6509
pob,34,0,8,219.869,346.15,173.9622,1.255
pob,34,0,9,217.11,346.3155,177.3318,4.2746
pob,34,0,10,214.3735,346.576,165.015,1.2454
pob,34,0,11,213.14,347.025,155.5014,1.3891
pob,34,0,12,212.1105,347.563,147.8329,0.9392
pob,34,0,13,215.391,352.067,49.1533,11.2471
pob,34,0,14,221.159,354.493,138.8256,5.5533
pob,34,0,15,225.1055,354.7695,48.5825,5.6127
pob,34,0,16,228.4105,355.6145,138.9923,3.839
pob,34,0,17,230.591,355.1965,48.9807,2.2306
pob,34,0,18,232.0065,355.4445,139.0316,1.8104
pob,34,0,19,232.375,354.4905,48.853,0.9575
pob,34,0,20,232.8925,353.3915,138.424,2.2257
pob,34,0,21,234.8115,353.878,48.4288,3.2748
pob,34,0,22,236.1395,354.883,137.6673,0.6534
pob,34,0,23,237.6145,353.615,139.6483,3.2372
pob,34,0,24,239.8035,351.784,140.6665,2.4707
pob,34,0,25,241.0125,350.802,141.8675,0.6445
pob,34,0,26,239.2065,348.207,49.3191,6.319
pob,34,0,27,237.1115,345.6595,76.8127,0.3112
pob,35,0,0,290.048,190.9785,84.9108,6.854
pob,35,0,1,291.6225,194.2805,174.9847,2.5508
pob,35,0,2,293.8455,194.1075,176.3052,1.909
pob,35,0,3,296.006,193.926,174.3272,2.4279
pob,35,0,4,296.862,190.427,84.0527,6.7946
pob,36,0,0,328.854,265.415,48.6432,11.039
pob,36,0,1,332.433,270.633,93.6199,2.1543
pob,36,0,2,331.4035,272.5525,138.7068,2.5594
pob,36,0,3,329.367,273.329,3.6191,2.1543
pob,36,0,4,330.218,275.77,52.4886,6.326
pob,36,0,5,335.547,275.2785,138.5968,9.0738
pob,36,0,6,333.248,265.758,48.829,17.3232
pob,37,0,0,133.4775,359.086,115.906,3.0328
pob,37,0,1,132.719,357.091,23.944,3.1096
pob,37,0,2,130.7065,357.8425,113.1635,3.0074
pob,38,0,0,74.687,394.643,138.1848,12.7278
pob,38,0,1,90.0355,381.066,138.6487,28.256
pob,38,0,2,106.913,366.1685,138.4257,16.7679
pob,38,0,3,114.171,359.6945,137.2798,2.6842
pob,38,0,4,116.011,358.084,140.6597,2.2085
pob,38,0,5,114.564,356.684,16.9207,4.8102
pob,38,0,6,112.1515,356.2555,112.327,0.587
pob,38,0,7,111.8795,356.8575,115.9021,0.7348
pob,38,0,8,111.5355,357.5065,119.9479,0.7352
pob,38,0,9,111.147,358.13,123.9065,0.735
pob,38,0,10,110.716,358.7245,127.9776,0.7345
pob,38,0,11,110.2445,359.2875,131.9115,0.7351
pob,38,0,12,109.735,359.8165,135.9373,0.7348
pob,38,0,13,109.19,360.3085,139.9155,0.7346
pob,38,0,14,108.612,360.761,143.9719,0.7345
pob,38,0,15,105.0715,363.854,138.4268,8.6712
pob,38,0,16,92.0545,375.351,138.5885,26.0634
pob,38,0,17,75.4215,390.0115,138.6328,18.2801
pob,38,0,18,68.135,396.192,161.8473,0.8987
pob,39,0,0,140.234,365.0375,138.5572,13.5963
pob,39,0,1,144.697,360.7965,157.7864,1.3675
pob,39,0,2,143.287,361.085,177.789,1.5552
pob,39,0,3,141.798,360.963,12.0509,1.4561
pob,39,0,4,137.613,359.267,23.9686,7.6015
pob,39,0,5,133.4775,359.0865,115.9143,3.0318
pob,39,0,6,133.766,360.79,19.6732,2.0199
pob,39,0,7,135.3015,361.681,43.3101,1.6065
pob,39,0,8,136.35,362.9675,57.7537,1.7393
pob,39,0,9,136.991,364.4015,75.7804,1.4412
pob,39,0,10,137.0965,365.8535,95.4208,1.5138
pob,39,0,11,136.8595,367.158,106.7182,1.1506
pob,40,0,0,67.2595,422.521,3.5714,8.0266
pob,40,0,1,71.242,423.3725,92.1897,1.2039
pob,40,0,2,71.1215,424.525,100.0347,1.1191
pob,40,0,3,70.745,425.86,109.5888,1.6643
pob,40,0,4,71.6495,425.5985,138.5426,3.1583
pob,40,0,5,73.1805,424.2485,138.7735,0.9241
pob,40,0,6,76.4825,421.343,138.6408,7.8726
pob,40,0,7,79.225,418.825,158.6193,0.4553
pob,40,0,8,75.5895,418.3575,9.135,6.935
pob,40,0,9,71.178,416.772,46.3308,2.8617
pob,40,0,10,69.1065,416.7115,138.0319,2.9145
pob,41,0,0,67.0325,401.739,125.7213,0.978
pob,41,0,1,66.1855,400.1665,46.0673,3.2646
pob,41,0,2,64.77,399.3875,125.5173,0.9743
pob,42,0,0,67.933,400.717,134.538,1.7537
pob,42,0,1,69.246,399.4895,139.1998,1.8441
pob,42,0,2,68.826,397.61,48.7982,3.3945
pob,42,0,3,67.4005,396.385,170.4014,0.6237
pob,42,0,4,66.1505,397.2765,138.308,2.5243
pob,42,0,5,65.1305,398.554,100.0341,0.8896
pob,43,0,0,185.61,371.5995,107.7908,3.4038
pob,43,0,1,185.9785,370.0145,166.8121,0.3112
pob,43,0,2,185.525,370.0405,1.8015,0.6043
pob,43,0,3,183.3675,369.446,17.4989,3.8911
pob,43,0,4,180.728,368.585,19.3943,1.6623
pob,43,0,5,179.677,368.1915,23.7533,0.5834
pob,43,0,6,179.205,367.8825,43.0505,0.5611
pob,43,0,7,177.814,369.0275,131.5857,3.5737
pob,43,0,8,178.173,370.902,19.1991,3.272
pob,43,0,9,181.084,371.8995,18.5922,2.8824
pob,44,0,0,155.8025,362.7515,139.1176,8.1145
pob,44,0,1,158.75,359.7235,72.1443,0.7827
pob,44,0,2,158.637,358.733,90.6486,1.2361
pob,44,0,3,158.8175,357.5195,106.2435,1.2405
pob,44,0,4,159.35,356.32,120.7263,1.4053
pob,44,0,5,154.2725,360.539,138.4221,14.535
pob,44,0,6,149.159,365.311,171.0269,0.654
pob,44,0,7,149.901,365.2005,171.9177,0.8464
pob,44,0,8,150.675,365.141,0.0,0.71
pob,44,0,9,151.4425,365.2005,8.2081,0.8335
pob,45,0,0,166.1615,365.729,100.3201,3.031
pob,45,0,1,164.564,363.971,8.1303,3.776
pob,45,0,2,161.448,363.1565,23.7039,2.7238
pob,45,0,3,160.1335,362.405,71.6905,0.4298
pob,45,0,4,158.0325,364.0155,138.2574,5.4507
pob,45,0,5,156.2965,365.82,178.0744,0.5953
pob,45,0,6,158.892,366.152,8.465,4.6466
pob,46,0,0,82.5895,434.162,48.3741,6.8602
pob,46,0,1,85.9545,435.733,137.5744,2.9438
pob,46,0,2,85.421,432.9405,48.0048,4.8426
pob,46,0,3,83.097,427.6625,78.5587,7.0981
pob,46,0,4,82.4945,423.997,118.4931,0.4255
pob,46,0,5,80.015,426.082,138.6433,6.8771
pob,46,0,6,77.6475,428.584,47.1309,0.6276
pob,47,0,0,99.462,439.261,138.5548,2.3266
pob,47,0,1,98.513,440.0995,138.3415,0.2061
pob,47,0,2,96.8295,440.7665,159.5673,3.4287
pob,47,0,3,95.0485,441.36,1.6404,0.3491
pob,47,0,4,94.7,441.338,5.5796,0.3497
pob,47,0,5,93.0065,440.5275,27.5741,3.4284
pob,47,0,6,90.4375,438.581,47.6905,3.1182
pob,47,0,7,88.2145,436.084,48.8745,3.5684
pob,47,0,8,85.9545,435.733,137.5744,2.9438
pob,47,0,9,87.08,439.223,48.4634,6.6717
pob,47,0,10,94.968,441.934,2.1591,11.3601
pob,47,0,11,101.416,441.4645,138.4794,2.0622
pob,48,0,0,114.218,348.6985,165.5099,3.0015
pob,48,0,1,115.5555,348.0845,64.1602,0.53
pob,48,0,2,117.0305,340.222,101.7839,15.5763
pob,48,0,3,120.7465,330.74,138.842,5.6462
pob,48,0,4,121.849,327.7645,47.528,3.0301
pob,48,0,5,119.693,327.6115,139.5927,2.9759
pob,48,0,6,115.286,337.677,109.7857,19.3439
pob,48,0,7,112.18,347.359,73.8725,1.2096
pob,49,0,0,123.0455,328.8645,174.2066,0.3468
pob,49,0,1,123.385,328.878,10.518,0.3397
pob,49,0,2,123.7045,328.985,26.4865,0.3408
pob,49,0,3,123.9675,329.1575,41.1342,0.2934
pob,49,0,4,124.5115,329.7465,48.6454,1.3122
pob,49,0,5,125.5615,329.715,139.6367,1.6182
pob,49,0,6,125.713,328.7175,45.5186,1.3273
pob,49,0,7,125.1425,327.571,81.0909,1.3624
pob,49,0,8,125.1255,326.7945,130.5331,0.2724
pob,49,0,9,124.3015,325.5465,51.4349,2.9275
pob,49,0,10,122.108,325.5245,138.7726,3.4065
pob,50,0,0,139.9685,346.027,139.6341,1.5317
pob,50,0,1,136.511,340.901,48.886,12.2909
pob,50,0,2,129.802,333.2385,48.6584,8.0782
pob,50,0,3,126.6555,329.6985,46.6851,1.395
pob,50,0,4,125.5605,329.715,139.6367,1.6182
pob,50,0,5,129.5155,335.344,48.1557,13.7054
pob,51,0,0,144.2415,349.343,138.0236,3.5525
pob,51,0,1,144.6255,347.055,49.5901,2.8893
pob,51,0,2,143.2055,346.3535,140.5051,1.2531
pob,51,0,3,142.1115,346.667,7.9263,1.2328
pob,51,0,4,141.0265,346.056,47.9466,1.4168
pob,51,0,5,139.9685,346.0265,139.605,1.5323
pob,52,0,0,154.7035,335.8015,94.0012,0.2436
pob,52,0,1,154.647,336.0775,107.2609,0.3236
pob,52,0,2,154.51,336.3675,123.2974,0.3242
pob,52,0,3,154.298,336.6085,139.38,0.3241
pob,52,0,4,155.073,337.8595,51.9057,2.9111
pob,52,0,5,157.0955,338.0025,138.2828,3.013
pob,52,0,6,156.531,335.0775,48.6994,5.1181
pob,52,0,7,154.2355,333.6365,141.5544,1.5488
pob,52,0,8,154.0885,334.6295,48.066,1.3752
pob,52,0,9,154.6105,335.2905,67.3129,0.3241
pob,53,0,0,150.7665,343.5805,138.6861,13.8583
pob,53,0,1,155.073,337.86,51.9182,2.9119
pob,53,0,2,148.932,341.335,138.6082,13.9775
pob,54,0,0,154.2355,333.6365,141.5535,1.5488
pob,54,0,1,154.4895,332.7575,48.4329,1.0626
pob,54,0,2,153.849,332.068,45.3964,0.8203
pob,54,0,3,153.0565,331.4145,35.6232,1.2413
pob,54,0,4,147.6605,328.6805,25.8745,10.873
pob,54,0,5,140.244,325.0805,25.9263,5.6151
pob,54,0,6,136.702,323.3515,26.2485,2.2678
pob,54,0,7,135.288,322.603,31.8877,0.9351
pob,54,0,8,134.6305,322.0975,44.7793,0.734
pob,54,0,9,133.782,322.316,140.9507,1.5143
pob,54,0,10,133.589,323.2005,45.8927,1.135
pob,54,0,11,134.554,323.994,34.1057,1.3768
pob,54,0,12,138.5255,326.022,25.7679,7.5542
pob,54,0,13,145.967,329.5565,25.1003,8.9226
pob,54,0,14,150.85,331.891,27.669,1.9037
pob,54,0,15,151.95,332.4925,31.8243,0.605
pob,55,0,0,130.606,321.939,137.7626,0.6456
pob,55,0,1,131.617,321.7955,5.4387,1.551
pob,55,0,2,132.7915,322.331,48.9369,1.2255
pob,55,0,3,133.7815,322.316,140.927,1.5135
pob,55,0,4,133.9685,321.3625,49.9531,1.2449
pob,55,0,5,133.5385,320.1445,87.7215,1.4842
pob,55,0,6,134.007,318.9465,137.4898,1.3511
pob,55,0,7,133.498,317.347,48.6195,3.0466
pob,55,0,8,130.4435,318.042,138.0863,5.5029
pob,56,0,0,127.7905,324.4235,138.65,6.8644
pob,56,0,1,129.3815,321.018,49.1076,3.0108
pob,56,0,2,125.8925,322.141,137.9136,6.7467
pob,57,0,0,164.5355,291.9995,138.5839,80.0894
pob,57,0,1,201.172,259.666,138.5073,17.6386
pob,57,0,2,213.255,248.964,138.4216,14.6434
pob,57,0,3,219.0375,243.874,142.9075,0.766
pob,57,0,4,219.857,243.3625,151.3776,1.1711
pob,57,0,5,220.8125,242.919,159.7349,0.9413
pob,57,0,6,220.132,241.4195,49.9862,3.49
pob,57,0,7,215.8315,242.8955,138.4959,8.4883
pob,57,0,8,206.108,251.4265,138.8557,17.3825
pob,57,0,9,198.9315,257.6925,139.0752,1.6716
pob,57,0,10,195.5675,260.6655,138.4061,7.3074
pob,57,0,11,191.143,264.5585,139.0644,4.4795
pob,57,0,12,187.5895,267.7205,137.689,5.0345
pob,57,0,13,182.9595,271.599,141.7308,7.0525
pob,57,0,14,173.8835,279.572,137.4544,17.1227
pob,57,0,15,166.6735,286.157,138.5876,2.4068
pob,57,0,16,160.156,291.905,138.5902,14.9734
pob,57,0,17,150.1065,300.792,138.4154,11.8573
pob,57,0,18,141.157,308.661,138.9337,11.9769
pob,57,0,19,134.5665,314.3995,138.9955,5.5005
pob,58,0,0,223.0735,326.565,2.8336,0.2834
pob,58,0,1,222.011,325.355,45.3078,3.4239
pob,58,0,2,214.196,329.961,138.6262,17.6196
pob,58,0,3,204.16,338.8235,138.4128,9.1584
pob,58,0,4,194.684,347.1755,138.7183,16.1043
pob,58,0,5,182.342,358.0565,138.4862,16.803
pob,58,0,6,177.3105,364.909,45.5518,3.5972
pob,58,0,7,178.5815,366.0705,95.362,0.2461
pob,58,0,8,178.648,365.755,105.9062,0.4014
pob,58,0,9,178.8915,365.2585,121.844,0.7145
pob,58,0,10,179.2675,364.731,129.9313,0.5842
pob,58,0,11,183.0475,361.3285,138.4989,9.5935
pob,58,0,12,193.232,352.3315,138.5664,17.5851
pob,58,0,13,205.024,341.919,138.5406,13.8773
pob,58,0,14,216.17,332.077,138.5681,15.8615
pob,59,0,0,177.814,369.0275,131.5855,3.5737
pob,59,0,1,178.862,367.4435,60.8567,0.5667
pob,59,0,2,178.6565,366.992,71.6924,0.4298
pob,59,0,3,178.5795,366.4905,88.1713,0.5953
pob,59,0,4,177.3105,364.909,45.5518,3.5972
pob,59,0,5,175.0805,364.4315,140.2732,2.5237
pob,59,0,6,173.71,365.363,162.6457,0.8381
pob,59,0,7,172.492,365.368,8.3454,1.6535
pob,59,0,8,169.943,366.732,139.3933,4.5601
pob,59,0,9,168.432,368.7065,65.8423,1.0751
pob,59,0,10,168.653,369.5375,89.8318,0.681
pob,59,0,11,168.4875,370.1335,123.0921,0.6099
pob,59,0,12,169.367,371.4435,45.2318,2.9706
pob,59,0,13,171.824,371.2685,138.9321,3.743
pob,59,0,14,173.4065,369.919,145.0188,0.4186
pob,59,0,15,173.782,369.731,161.5651,0.4301
pob,59,0,16,174.189,369.6755,3.525,0.4068
pob,59,0,17,174.7115,369.773,14.8976,0.6612
pob,60,0,0,169.944,366.732,139.3933,4.5601
pob,60,0,1,171.334,365.124,19.983,0.7257
pob,60,0,2,170.6735,364.915,14.8979,0.6612
pob,60,0,3,169.398,364.674,9.2677,1.9373
pob,60,0,4,167.438,364.378,7.9382,2.0274
pob,60,0,5,166.1625,365.729,100.3201,3.031
pob,60,0,6,166.4685,367.275,5.4404,1.1602
pob,60,0,7,167.3135,367.4475,23.7135,0.5843
pob,60,0,8,167.7535,367.7045,38.9629,0.4437
pob,61,0,0,145.943,394.727,126.7155,3.5628
pob,61,0,1,157.6785,383.8155,138.3706,28.5514
pob,61,0,2,169.381,373.4145,138.3613,2.7618
pob,61,0,3,169.367,371.443,45.2184,2.9699
pob,61,0,4,166.8395,371.707,138.3426,3.9658
pob,61,0,5,154.955,382.3205,138.2179,27.9019
pob,61,0,6,143.496,393.0315,126.7238,3.532
pob,62,0,0,290.266,220.978,122.7587,3.2082
pob,62,0,1,284.166,215.059,33.2591,16.6659
pob,62,0,2,275.9815,209.7075,32.7174,2.8918
pob,62,0,3,273.958,210.1745,122.8778,2.9732
pob,62,0,4,274.8335,212.548,33.7684,4.0479
pob,62,0,5,281.5345,217.0145,33.6571,12.0583
pob,63,0,0,225.6775,326.336,163.3508,3.197
pob,63,0,1,226.974,324.8735,76.8326,2.0632
pob,63,0,2,226.719,323.614,85.5145,0.5116
pob,63,0,3,226.763,323.204,112.437,0.3354
pob,63,0,4,225.788,321.8535,49.0062,3.1678
pob,63,0,5,222.778,322.398,138.5621,5.2583
pob,63,0,6,222.011,325.355,45.3078,3.4239
pob,63,0,7,223.4835,326.609,7.8434,0.5421
pob,64,0,0,238.847,314.012,169.3604,5.2971
pob,64,0,1,241.118,312.1015,76.8542,2.9195
pob,64,0,2,240.487,310.77,163.2462,0.6245
pob,64,0,3,239.2555,309.7795,49.205,2.8545
pob,64,0,4,236.1805,310.559,139.0372,5.6745
pob,64,0,5,234.969,313.58,51.2739,2.9764
pob,65,0,0,231.6725,318.448,138.7599,11.2467
pob,65,0,1,234.9695,313.5795,51.271,2.9778
pob,65,0,2,229.393,316.5375,138.4312,12.4171
pob,65,0,3,225.787,321.8525,49.0062,3.1678
pob,65,0,4,226.914,322.853,114.2874,0.4279
pob,65,0,5,227.108,322.513,126.1709,0.3592
pob,66,0,0,227.4535,338.7095,88.7103,0.7552
pob,66,0,1,227.418,339.497,96.1253,0.8247
pob,66,0,2,227.289,340.227,104.8755,0.6622
pob,66,0,3,227.0385,340.8905,115.7257,0.7626
pob,66,0,4,229.5025,341.798,12.106,5.3786
pob,66,0,5,231.768,342.0875,37.0206,0.9118
pob,66,0,6,231.294,341.599,62.7964,0.4812
pob,66,0,7,230.976,340.4945,76.8527,1.8289
pob,66,0,8,230.126,337.116,75.5312,5.139
pob,66,0,9,228.3465,330.2525,75.4274,9.0419
pob,66,0,10,225.6775,326.3355,163.3335,3.1973
pob,66,0,11,224.2575,326.928,50.2381,0.3486
pob,66,0,12,224.5245,327.385,64.2922,0.717
pob,66,0,13,225.285,330.1245,75.9442,4.9822
pob,67,0,0,245.8745,282.573,15.4716,0.8622
pob,67,0,1,246.0675,282.9575,129.5426,0.699
pob,67,0,2,246.6325,284.202,51.0722,2.5066
pob,67,0,3,247.595,285.156,173.1586,0.3525
pob,67,0,4,248.058,285.087,170.5367,0.5839
pob,67,0,5,248.638,285.0565,3.4301,0.585
pob,67,0,6,250.2835,284.2725,149.3674,3.146
pob,67,0,7,251.293,282.812,62.4356,1.4868
pob,67,0,8,250.2665,280.8755,61.8866,2.8968
pob,67,0,9,249.593,279.343,92.0219,0.5103
pob,68,0,0,247.288,285.263,146.6105,0.3162
pob,68,0,1,246.6325,284.2015,51.0575,2.5058
pob,68,0,2,242.2775,286.3815,138.5159,9.5243
pob,68,0,3,239.094,289.9865,49.556,1.1839
pob,68,0,4,239.8765,290.8695,47.3427,1.1762
pob,68,0,5,243.4725,288.483,138.5998,8.5254
pob,68,0,6,246.7705,285.5805,140.2784,0.2613
pob,69,0,0,252.53,288.4585,149.6021,2.9703
pob,69,0,1,253.0645,286.1485,64.4063,3.4561
pob,69,0,2,251.9775,284.03,58.6988,1.3108
pob,69,0,3,250.283,284.2715,149.3767,3.1469
pob,69,0,4,249.1155,285.304,51.0843,0.5938
pob,69,0,5,249.4325,285.6645,44.7798,0.3677
pob,69,0,6,249.8065,286.2365,61.1762,1.0101
pob,70,0,0,245.8945,306.0925,140.1229,14.8719
pob,70,0,1,250.4985,299.931,51.6598,3.5546
pob,70,0,2,243.8595,303.6175,137.4593,15.0286
pob,71,0,0,247.8545,312.3255,169.4163,13.0287
pob,71,0,1,254.0135,309.456,81.6852,3.3816
pob,71,0,2,253.3825,307.995,151.2539,0.8817
pob,71,0,3,246.891,309.4435,168.5503,12.4579
pob,72,0,0,257.696,299.445,133.7991,4.9933
pob,72,0,1,258.703,296.414,59.6015,2.8498
pob,72,0,2,257.335,293.9575,62.2066,2.7751
pob,72,0,3,254.48,294.1225,147.7618,5.2208
pob,72,0,4,250.8345,297.0265,133.5628,4.1718
pob,72,0,5,250.499,299.932,51.6729,3.554
pob,72,0,6,252.504,301.144,168.6043,1.8423
pob,72,0,7,253.8015,301.007,6.5072,0.7941
pob,72,0,8,254.707,301.0505,179.8323,1.022
pob,73,0,0,252.5515,294.0475,102.1432,1.4024
pob,73,0,1,252.338,295.124,99.5812,0.7931
pob,73,0,2,254.48,294.1225,147.762,5.2209
pob,73,0,3,255.2495,290.2185,60.1973,5.7886
pob,73,0,4,252.53,288.4585,149.6021,2.9703
pob,73,0,5,251.9025,290.367,60.5414,2.6576
pob,74,0,0,261.528,309.823,173.9614,0.6275
pob,74,0,1,262.212,309.8425,8.0337,0.7514
pob,74,0,2,263.3725,310.1905,20.5443,1.6841
pob,74,0,3,265.0005,310.829,22.2241,1.8137
pob,74,0,4,263.8155,308.668,51.0443,6.4401
pob,74,0,5,264.773,303.5705,138.9858,7.9041
pob,74,0,6,266.491,301.1295,173.1208,2.5463
pob,74,0,7,263.9945,301.037,11.2427,2.5132
pob,74,0,8,262.004,300.346,30.4722,1.7589
pob,74,0,9,258.9505,301.945,138.3031,6.1486
pob,75,0,0,257.737,310.4925,169.6321,7.0735
pob,75,0,1,258.935,306.9235,52.1229,7.4303
pob,75,0,2,256.544,304.4035,104.9313,0.8538
pob,75,0,3,256.22,305.1585,121.9985,0.8077
pob,75,0,4,255.79,305.8505,121.7164,0.8217
pob,75,0,5,255.29,306.56,128.2703,0.917
pob,75,0,6,254.3875,307.352,145.0666,1.5089
pob,76,0,0,258.95,301.9455,138.3023,6.15
pob,76,0,1,260.335,298.7715,51.0868,2.9006
pob,76,0,2,257.696,299.445,133.799,4.9933
pob,76,0,3,256.2625,301.4425,33.5762,0.707
pob,76,0,4,256.6585,302.0895,77.3316,0.9255
pob,76,0,5,256.734,302.943,93.7006,0.8057
pob,77,0,0,326.218,257.4215,78.0827,0.3873
pob,77,0,1,326.22,256.078,92.084,2.3095
pob,77,0,2,326.326,254.707,106.4316,0.4525
pob,77,0,3,325.1255,252.8935,51.6192,4.0732
pob,77,0,4,323.696,251.3335,167.5262,0.338
pob,77,0,5,322.478,251.33,2.1759,2.1075
pob,77,0,6,319.8685,252.5025,142.0816,3.9461
pob,77,0,7,318.34,253.896,81.2063,0.3663
pob,77,0,8,318.135,255.504,99.2729,2.8918
pob,77,0,9,317.821,257.089,117.1464,0.3551
pob,77,0,10,320.0975,255.196,138.9771,6.2496
pob,78,0,0,319.8685,252.5025,142.0819,3.9461
pob,78,0,1,321.167,251.2195,15.2849,0.5349
pob,78,0,2,320.6795,251.0225,28.8634,0.5241
pob,78,0,3,320.235,250.7465,34.8142,0.5237
pob,78,0,4,319.6675,250.2,48.3963,1.0618
pob,78,0,5,314.2345,243.977,48.9104,15.4601
pob,78,0,6,308.091,239.1595,136.5072,2.9306
pob,78,0,7,310.8835,244.6015,48.9889,11.7509
pob,78,0,8,316.4135,250.9815,49.2959,5.1353
pob,79,0,0,302.2605,235.3135,30.1201,2.3296
pob,79,0,1,304.291,234.9515,137.2242,2.7874
pob,79,0,2,304.7625,233.217,55.0127,1.9236
pob,79,0,3,304.058,231.6385,79.0461,1.6104
pob,79,0,4,303.9535,230.0855,93.6389,1.5281
pob,79,0,5,304.399,228.556,117.3664,1.7273
pob,79,0,6,303.797,228.651,139.2101,2.639
pob,79,0,7,299.713,232.1835,139.1193,8.1606
pob,79,0,8,297.335,234.7055,168.138,1.4449
pob,79,0,9,298.4865,234.493,171.8074,0.8982
pob,79,0,10,299.233,234.438,1.7046,0.6043
pob,80,0,0,308.092,239.1595,136.5072,2.9306
pob,80,0,1,307.235,236.078,47.1943,5.6511
pob,80,0,2,304.2915,234.9515,137.2382,2.7881
pob,81,0,0,337.3185,210.279,137.5457,2.9452
pob,81,0,1,337.7505,208.539,48.7383,1.9848
pob,81,0,2,334.9475,205.358,48.5765,6.4947
pob,81,0,3,330.26,205.1715,138.4722,6.783
pob,81,0,4,328.3425,207.2645,165.9525,1.2813
pob,81,0,5,329.476,207.016,169.7049,1.0408
pob,81,0,6,330.453,206.985,7.5943,0.9382
pob,81,0,7,331.273,207.15,16.1816,0.7393
pob,81,0,8,331.933,207.3865,23.6385,0.6659
pob,81,0,9,332.586,207.644,19.6115,0.7388
pob,82,0,0,241.9765,272.2985,79.8131,0.7407
pob,82,0,1,242.001,273.172,94.6053,1.0213
pob,82,0,2,241.8245,274.2125,104.3022,1.097
pob,82,0,3,241.392,275.353,115.9978,1.3551
pob,82,0,4,245.5385,272.0265,138.4695,11.8714
pob,82,0,5,249.1275,268.5925,149.5919,1.9816
pob,82,0,6,247.372,269.1445,176.7925,1.8048
pob,82,0,7,245.614,269.0215,11.4444,1.7488
pob,82,0,8,244.137,268.4215,34.5243,1.5051
pob,82,0,9,242.469,266.185,59.9288,4.183
pob,82,0,10,240.15,265.092,150.5718,2.9186
pob,82,0,11,240.283,268.478,62.2539,6.0315
pob,83,0,0,340.263,241.529,137.0816,1.8298
pob,83,0,1,340.32,225.82,87.6732,30.1969
pob,83,0,2,339.056,210.01,48.039,1.9473
pob,83,0,3,337.3185,210.28,137.5457,2.9452
pob,83,0,4,338.0045,213.2975,48.7831,5.3801
pob,83,0,5,338.872,227.471,94.2598,24.3673
pob,83,0,6,337.787,239.7765,139.1751,0.4757
pob,84,0,0,227.9685,242.843,151.3322,3.3519
pob,84,0,1,228.7375,240.6645,62.9617,3.0863
pob,84,0,2,227.9365,238.694,80.5227,1.2085
pob,84,0,3,227.917,237.4995,97.613,1.2076
pob,84,0,4,228.1775,236.479,113.1582,0.918
pob,84,0,5,228.6285,235.674,125.2326,0.9378
pob,84,0,6,227.9085,234.134,49.4337,3.0462
pob,84,0,7,226.418,233.444,136.9539,1.3684
pob,84,0,8,224.7555,234.922,138.9872,3.0813
pob,84,0,9,222.9665,236.4995,137.8794,1.6893
pob,84,0,10,220.6745,238.575,137.8222,4.4949
pob,84,0,11,220.1315,241.42,49.9632,3.4899
pob,84,0,12,221.7085,242.6495,166.8114,0.9336
pob,84,0,13,222.8805,242.535,179.3615,1.4351
pob,84,0,14,224.1205,242.6245,10.5704,1.063
pob,84,0,15,225.173,242.9375,22.1269,1.1443
pob,85,0,0,240.15,265.092,150.5719,2.9186
pob,85,0,1,240.1635,261.991,62.1894,5.3907
pob,85,0,2,237.5055,257.0375,61.4076,5.8528
pob,85,0,3,235.0725,252.5315,61.9343,4.3891
pob,85,0,4,232.9835,248.644,61.5638,4.4374
pob,85,0,5,230.683,244.366,61.8712,5.2773
pob,85,0,6,227.9685,242.843,151.3322,3.3519
pob,85,0,7,226.694,243.801,38.1558,0.4985
pob,85,0,8,229.8085,249.167,60.753,11.947
pob,85,0,9,233.503,255.816,61.6305,3.2663
pob,86,0,0,161.194,114.8515,140.2488,2.6976
pob,86,0,1,162.562,113.9515,173.5379,0.6662
pob,86,0,2,163.1515,113.9935,17.0946,0.5409
pob,86,0,3,162.06,112.4905,49.5331,4.1602
pob,86,0,4,160.7485,111.316,84.6087,0.8196
pob,86,0,5,160.703,111.9635,109.3271,0.5076
pob,86,0,6,160.4605,112.38,131.8461,0.4752
pob,86,0,7,159.47,113.271,139.3645,2.1927
pob,86,0,8,158.4575,114.0675,155.4359,0.3969
pob,86,0,9,158.1065,114.19,166.7986,0.3502
pob,86,0,10,157.6955,114.226,0.9523,0.4811
pob,86,0,11,158.61,115.5705,49.4196,3.551
pob,86,0,12,159.78,116.7385,94.7504,0.3622
pob,86,0,13,159.8165,116.393,97.4242,0.3328
pob,87,0,0,266.7745,203.6425,34.4441,2.424
pob,87,0,1,264.8935,202.394,32.5659,2.0919
pob,87,0,2,263.5795,201.5625,31.8312,1.0181
pob,87,0,3,261.6255,202.52,141.1387,3.908
pob,87,0,4,258.6505,204.9655,140.0029,3.7946
pob,87,0,5,258.1925,207.3205,48.7587,3.0202
pob,87,0,6,259.3345,208.303,133.7567,0.4237
pob,87,0,7,262.627,207.4695,167.7946,6.4375
pob,87,0,8,265.97,206.8675,21.7272,0.4241
pob,88,0,0,256.682,210.6415,138.908,6.6502
pob,88,0,1,258.1925,207.32,48.7713,3.0209
pob,88,0,2,254.7655,208.302,138.9419,6.4492
pob,88,0,3,248.996,213.32,139.0164,8.8436
pob,88,0,4,242.572,219.0005,137.981,8.3077
pob,88,0,5,236.1635,224.747,138.2447,8.9075
pob,88,0,6,229.8795,230.345,138.3712,7.9241
pob,88,0,7,227.9085,234.134,49.4335,3.0461
pob,88,0,8,229.9475,234.306,136.7888,2.8772
pob,88,0,9,238.6155,226.6015,138.5915,20.3183
pob,88,0,10,247.7415,218.55,138.5179,4.0218
pob,89,0,0,273.958,210.175,122.8883,2.9724
pob,89,0,1,272.779,207.62,33.3489,4.755
pob,89,0,2,270.06,207.621,119.2662,2.9988
pob,90,0,0,270.06,207.62,119.2662,2.9988
pob,90,0,1,269.283,205.32,33.3033,3.6134
pob,90,0,2,266.9695,205.637,121.543,3.0719
pob,91,0,0,66.1505,397.276,138.2912,2.525
pob,91,0,1,66.8595,396.3745,14.7557,0.4829
pob,91,0,2,66.312,396.1665,25.0119,0.693
pob,91,0,3,61.9605,391.4895,48.2932,12.137
pob,91,0,4,56.972,387.761,139.8582,2.4881
pob,91,0,5,56.435,388.5425,177.1652,0.829
pob,91,0,6,57.141,388.5735,10.0021,0.593
pob,91,0,7,57.6345,388.718,24.7757,0.4439
pob,91,0,8,58.796,389.925,49.2465,2.9412
pob,91,0,9,62.15,393.756,48.6161,7.2425
pob,91,0,10,64.726,396.91,67.3897,0.9468
pob,92,0,0,196.1795,376.644,19.5903,1.521
pob,92,0,1,192.939,372.3695,48.8593,12.029
pob,92,0,2,188.3595,368.425,136.7787,1.7085
pob,92,0,3,187.4985,369.186,143.5746,0.5928
pob,92,0,4,186.998,369.523,148.4299,0.615
pob,92,0,5,186.433,369.832,153.966,0.6744
pob,92,0,6,185.61,371.6005,107.791,3.4038
pob,92,0,7,190.166,374.931,18.6176,10.7126
pob,93,0,0,82.752,313.987,48.4555,3.848
pob,93,0,1,84.6785,316.1125,46.5008,1.89
pob,93,0,2,86.41,315.7265,135.2528,3.0441
pob,93,0,3,86.223,313.252,47.8935,3.7822
pob,93,0,4,84.293,310.251,67.4974,3.4594
pob,93,0,5,83.652,308.547,101.2072,0.2161
pob,93,0,6,82.0145,309.808,140.5036,4.2985
pob,94,0,0,194.2025,147.525,137.8718,2.752
pob,94,0,1,195.161,146.516,54.2121,0.212
pob,94,0,2,194.8715,145.613,74.4397,1.6962
pob,94,0,3,194.6515,144.7005,94.4908,0.1916
pob,94,0,4,193.226,145.74,141.6195,3.6561
pob,94,0,5,192.2625,147.3445,44.9995,1.328
pob,95,0,0,154.154,77.1935,49.2381,3.9515
pob,95,0,1,155.412,78.3975,83.7566,0.5885
pob,95,0,2,155.445,77.87,105.459,0.4877
pob,95,0,3,155.683,77.4345,130.7896,0.5296
pob,95,0,4,157.0705,76.1905,139.3311,3.2024
pob,95,0,5,158.4885,75.079,161.5245,0.4291
pob,95,0,6,158.933,75.0145,0.8271,0.482
pob,95,0,7,159.362,75.054,10.8433,0.3828
pob,95,0,8,158.288,73.627,49.2188,3.8642
pob,95,0,9,157.0065,72.4085,94.56,0.4906
pob,95,0,10,156.9515,72.841,100.6938,0.3826
pob,95,0,11,156.8475,73.165,116.7319,0.3046
pob,95,0,12,155.4455,74.4325,139.6847,3.4977
pob,95,0,13,153.955,75.661,148.2944,0.3691
pob,95,0,14,153.538,75.759,179.7781,0.52
pob,96,0,0,152.2595,101.427,1.2424,0.5531
pob,96,0,1,151.236,99.9785,48.2104,3.9016
pob,96,0,2,149.9035,98.8115,96.4496,0.5787
pob,96,0,3,149.8585,99.302,93.5227,0.4068
pob,96,0,4,149.7635,99.664,117.4251,0.3583
pob,96,0,5,148.151,101.1405,139.2681,4.0382
pob,96,0,6,146.2965,102.694,143.9718,0.8025
pob,96,0,7,145.688,102.9965,166.8216,0.5834
pob,96,0,8,145.094,103.085,175.9401,0.6216
pob,96,0,9,146.0135,104.5175,48.9219,3.7423
pob,96,0,10,147.2555,105.7255,93.5336,0.4058
pob,96,0,11,147.304,105.3345,100.8114,0.3838
pob,96,0,12,147.571,104.8525,128.2047,0.747
pob,96,0,13,149.4465,103.1345,139.1002,4.3514
pob,96,0,14,151.301,101.581,148.4385,0.4929
pob,97,0,0,184.197,112.055,49.1207,5.2745
pob,97,0,1,185.742,113.532,70.705,1.0955
pob,97,0,2,185.608,112.704,98.5945,0.6291
pob,97,0,3,185.906,112.0145,123.5505,0.9083
pob,97,0,4,186.397,111.38,133.1508,0.7018
pob,97,0,5,186.8405,111.225,26.399,0.4544
pob,97,0,6,188.0575,110.4495,139.1457,2.6799
pob,97,0,7,188.9375,109.3445,59.7034,0.5293
pob,97,0,8,188.9285,108.958,128.24,0.4023
pob,97,0,9,188.025,107.482,52.047,3.343
pob,97,0,10,187.067,106.5475,79.6557,0.7797
pob,97,0,11,187.1335,107.1715,90.8342,0.4811
pob,97,0,12,187.0605,107.628,107.8361,0.4538
pob,97,0,13,186.875,108.0315,121.7448,0.441
pob,97,0,14,185.9885,108.939,136.9405,2.1091
pob,97,0,15,184.8365,109.908,146.8672,0.9111
pob,97,0,16,184.1795,110.2615,159.229,0.5893
pob,97,0,17,183.6445,110.3665,179.8888,0.519
pob,98,0,0,180.02,98.3855,10.4319,0.6792
pob,98,0,1,179.335,97.167,51.477,3.2722
pob,98,0,2,177.605,96.6125,134.4215,2.0316
pob,98,0,3,176.187,97.903,141.3695,1.81
pob,98,0,4,174.943,98.734,153.6496,1.1985
pob,98,0,5,173.9715,99.022,177.101,0.8701
pob,98,0,6,173.1425,98.8965,20.5011,0.8424
pob,98,0,7,174.2355,100.4795,49.3183,4.5639
pob,98,0,8,175.732,101.828,91.349,0.7642
pob,98,0,9,175.864,101.1175,110.5272,0.7016
pob,98,0,10,176.29,100.378,126.399,1.0212
pob,98,0,11,177.105,99.5075,138.0931,1.3759
pob,98,0,12,178.255,98.699,151.3205,1.4544
pob,99,0,0,138.675,90.6665,140.2488,2.6976
pob,99,0,1,140.141,89.484,143.2807,1.0704
pob,99,0,2,139.29,87.6665,49.4774,3.94
pob,99,0,3,138.195,86.7105,71.1367,1.1444
pob,99,0,4,138.3,87.5505,105.003,0.6181
pob,99,0,5,138.0015,88.11,129.9345,0.6808
pob,99,0,6,136.951,89.0855,139.3452,2.1934
pob,99,0,7,135.926,89.915,149.2101,0.4493
pob,99,0,8,135.549,90.0535,172.7221,0.371
pob,99,0,9,135.032,90.0295,8.1182,0.6727
pob,99,0,10,135.989,91.4785,49.2384,3.9515
pob,99,0,11,137.2775,92.674,89.7139,0.602
pob,99,0,12,137.2975,92.208,97.4242,0.3328
pob,100,0,0,241.9755,345.401,11.2861,1.4103
pob,100,0,1,243.339,345.7615,18.3193,1.4158
pob,100,0,2,244.851,346.5865,35.6506,2.0675
pob,100,0,3,247.071,348.645,46.5351,4.0121
pob,100,0,4,250.4325,352.335,48.4277,5.9723
pob,100,0,5,253.842,356.2335,49.3733,4.3862
pob,100,0,6,256.0755,357.18,138.2872,2.1581
pob,100,0,7,256.837,352.745,89.3219,7.4345
pob,100,0,8,254.815,349.0315,179.8986,3.956
pob,100,0,9,252.404,348.9765,7.6946,0.8739
pob,100,0,10,251.4305,348.7445,17.7967,1.1353
pob,100,0,11,250.319,348.265,28.187,1.2956
pob,100,0,12,249.412,347.718,35.6496,0.827
pob,100,0,13,248.554,347.0395,39.9674,1.3622
pob,100,0,14,247.726,346.234,50.2561,0.9572
pob,100,0,15,246.9725,345.491,39.9625,1.1677
pob,100,0,16,245.514,344.553,29.1121,2.3144
pob,100,0,17,243.922,343.7265,24.3962,1.2759
pob,100,0,18,242.738,343.364,9.3234,1.2222
pob,100,0,19,239.613,343.076,4.2858,5.0581
pob,100,0,20,237.0475,343.896,92.4688,2.0199
pob,101,0,0,267.927,311.124,143.7154,3.1734
pob,101,0,1,270.573,316.54,48.7589,11.9078
pob,101,0,2,276.3815,323.1745,48.879,5.728
pob,101,0,3,281.3495,322.6405,138.8925,8.1874
pob,101,0,4,282.547,317.424,53.2285,6.3044
pob,101,0,5,280.592,315.974,93.6199,2.1543
pob,101,0,6,279.6105,317.8425,139.0216,2.42
pob,101,0,7,277.593,318.6145,1.1157,2.2084
pob,102,0,0,117.0525,357.2345,141.0981,0.4793
pob,102,0,1,118.8105,356.3815,155.9142,3.4427
pob,102,0,2,120.748,355.6795,0.0776,0.732
pob,102,0,3,121.761,354.137,112.7489,3.3463
pob,102,0,4,120.376,351.7055,23.6174,4.4355
pob,102,0,5,117.7145,350.4905,27.4143,1.4183
pob,102,0,6,116.61,349.6875,45.0903,1.3456
pob,102,0,7,115.9035,348.767,62.4628,1.0015
pob,102,0,8,114.219,348.6985,165.5102,3.0015
pob,102,0,9,112.849,349.433,76.9821,0.7369
pob,102,0,10,112.6795,352.6895,94.9805,5.817
pob,102,0,11,112.3455,355.786,112.2702,0.4301
pob,103,0,0,199.202,141.5135,49.049,2.133
pob,103,0,1,197.862,141.298,137.3725,1.7424
pob,103,0,2,197.9155,142.6745,48.5548,2.0985
pob,104,0,0,101.261,439.6365,51.0184,2.9472
pob,104,0,1,116.381,428.2145,138.476,37.9148
pob,104,0,2,131.666,414.592,135.9872,3.0368
pob,104,0,3,133.47,412.651,128.7859,2.2733
pob,104,0,4,134.7035,411.004,124.4221,1.8451
pob,104,0,5,140.0515,403.199,124.4186,17.0778
pob,104,0,6,143.659,395.3015,34.9985,2.9762
pob,104,0,7,140.7065,397.0315,123.8613,6.2224
pob,104,0,8,134.9155,405.4195,124.9545,14.1641
pob,104,0,9,129.775,412.3165,134.7498,3.0766
pob,104,0,10,121.64,419.6545,138.4708,18.8401
pob,105,0,0,65.6165,400.96,46.1302,3.2625
pob,105,0,1,64.2795,400.073,125.547,0.7104
pob,105,0,2,64.564,407.369,85.9917,14.0484
pob,105,0,3,66.539,416.031,48.1181,4.4458
pob,105,0,4,69.106,416.7115,138.0186,2.9138
pob,105,0,5,68.783,414.1255,48.8959,4.2773
pob,105,0,6,66.8405,407.6885,83.6559,9.7105
pob,105,0,7,66.4535,402.5995,119.5689,0.6059
pob,106,0,0,293.233,216.3075,122.2905,7.8583
pob,106,0,1,290.266,220.978,122.7587,3.2082
pob,106,0,2,290.4955,222.997,31.4034,2.5717
pob,106,0,3,292.4335,226.148,71.2849,5.239
pob,106,0,4,293.0825,229.4335,103.3891,1.654
pob,106,0,5,295.7935,227.6735,138.5378,7.7463
pob,106,0,6,299.7015,224.224,138.6471,2.679
pob,106,0,7,299.0695,223.577,171.7301,3.3094
pob,107,0,0,247.531,280.773,140.8812,5.3413
pob,107,0,1,249.6305,278.3385,92.1016,1.5
pob,107,0,2,250.0965,276.547,112.8224,2.261
pob,107,0,3,246.0115,279.5305,138.3339,12.1106
pob,107,0,4,242.27,283.103,149.9167,1.8075
pob,107,0,5,243.759,282.4705,165.755,1.4589
pob,107,0,6,244.802,282.3185,4.6784,0.6742
pob,108,0,0,338.6,241.042,48.1845,2.9787
pob,108,0,1,336.386,240.997,138.904,3.2404
pob,108,0,2,330.7215,245.96,138.7416,11.8218
pob,108,0,3,325.747,250.322,138.8523,1.4103
pob,108,0,4,324.964,250.905,154.7216,0.5574
pob,108,0,5,324.4745,251.1195,158.0958,0.5119
pob,108,0,6,324.049,251.256,167.6974,0.3848
pob,108,0,7,325.1255,252.894,51.628,4.074
pob,108,0,8,326.4835,254.255,111.6147,0.5077
pob,108,0,9,326.6985,253.771,116.0993,0.5523
pob,108,0,10,326.9795,253.2655,121.7741,0.6058
pob,108,0,11,327.641,252.591,140.2848,1.3052
pob,109,0,0,291.0715,210.028,33.2298,6.354
pob,109,0,1,293.3935,211.212,58.938,1.3005
pob,109,0,2,293.025,210.105,86.5659,1.102
pob,109,0,3,293.7215,208.3585,121.3701,2.8027
pob,109,0,4,294.8285,206.5155,120.2814,1.4973
pob,109,0,5,295.3925,205.2475,106.704,1.2978
pob,109,0,6,295.6095,204.159,93.737,0.936
pob,109,0,7,295.219,198.869,85.0112,9.6827
pob,109,0,8,293.8455,194.1075,176.3061,1.909
pob,109,0,9,293.336,198.7075,84.4252,9.1202
pob,109,0,10,293.757,203.8875,91.9631,1.2837
pob,109,0,11,293.533,205.0535,111.0645,1.1241
pob,109,0,12,292.594,206.652,124.4585,2.6051
pob,109,0,13,291.4265,208.0535,142.738,1.0818
pob,109,0,14,290.2965,208.501,170.2647,1.4194
pob,110,0,0,126.852,354.527,23.5028,9.6942
pob,110,0,1,121.76,354.137,112.7489,3.3463
pob,110,0,2,121.7935,355.6925,1.0521,1.3612
pob,110,0,3,126.2945,357.465,24.7343,8.4128
pob,111,0,0,193.94,550.632,0.0,352.578
pob,111,0,1,370.229,296.99,90.0,507.284
pob,111,0,2,193.94,43.348,0.0,352.578
pob,111,0,3,17.651,296.99,90.0,507.284
pob,112,0,0,119.43,299.8105,48.4376,42.3945
pob,113,0,0,178.7365,275.7505,138.4379,120.6742
pob,113,0,1,209.82,219.8605,48.4376,42.3945
pob,114,0,0,229.562,226.0995,48.5075,1.2135
pob,115,0,0,227.255,223.4915,48.504,3.5981
pob,116,0,0,224.158,219.9905,48.504,3.5981
pob,117,0,0,221.061,216.4895,48.504,3.5981
pob,118,0,0,217.964,212.9885,48.504,3.5981
pob,119,0,0,214.867,209.4875,48.504,3.5981
pob,120,0,0,211.77,205.9865,48.504,3.5981
pob,121,0,0,208.673,202.4854,48.504,3.5981
pob,122,0,0,203.228,196.3299,48.4904,0.5341
pob,123,0,0,201.146,193.9764,48.504,3.5981
pob,124,0,0,198.049,190.4754,48.504,3.5981
pob,125,0,0,194.952,186.9744,48.504,3.5981
pob,126,0,0,191.855,183.4734,48.504,3.5981
pob,127,0,0,188.758,179.9724,48.504,3.5981
pob,128,0,0,185.661,176.4714,48.504,3.5981
pob,129,0,0,182.564,172.9704,48.504,3.5981
pob,130,0,0,179.467,169.4694,48.504,3.5981
pob,131,0,0,220.054,181.2229,48.4904,0.5341
pob,132,0,0,217.972,178.8694,48.504,3.5981
pob,133,0,0,214.875,175.3684,48.504,3.5981
pob,134,0,0,211.778,171.8674,48.504,3.5981
pob,135,0,0,208.681,168.3664,48.504,3.5981
pob,136,0,0,205.584,164.8654,48.504,3.5981
pob,137,0,0,202.487,161.3643,48.504,3.5981
pob,138,0,0,199.39,157.8633,48.504,3.5981
pob,139,0,0,196.293,154.3623,48.504,3.5981
pob,140,0,0,246.385,210.9893,48.5075,1.2135
pob,141,0,0,244.078,208.3813,48.504,3.5981
pob,142,0,0,240.981,204.8803,48.504,3.5981
pob,143,0,0,237.884,201.3793,48.504,3.5981
pob,144,0,0,234.787,197.8783,48.504,3.5981
pob,145,0,0,231.69,194.3773,48.504,3.5981
pob,146,0,0,228.593,190.8763,48.504,3.5981
pob,147,0,0,225.496,187.3753,48.504,3.5981
pob,148,0,0,178.5115,247.5253,50.0221,42.2776
pob,149,0,0,109.531,280.4413,138.4377,10.8843
pob,150,0,0,265.956,378.2095,148.2342,1.776
pob,150,0,1,266.855,376.879,99.4729,1.7499
pob,150,0,2,267.646,376.627,43.3607,1.7798
pob,150,0,3,269.192,377.1665,175.4525,1.8037
pob,150,0,4,269.7315,377.886,114.442,1.7377
pob,150,0,5,269.696,379.468,67.7253,1.7096
pob,150,0,6,269.1565,380.187,4.7663,1.733
pob,150,0,7,267.646,380.6905,138.3473,1.7318
pob,150,0,8,266.855,380.403,80.5271,1.7499
pob,151,0,0,267.378,379.16,45.0005,1.369
pob,151,0,1,267.378,378.1925,135.0294,1.3682
pob,151,0,2,268.346,378.1925,44.9706,1.3682
pob,151,0,3,268.346,379.16,134.9995,1.369
pob,152,0,0,75.7085,413.605,93.699,1.2246
pob,152,0,1,76.3595,413.0335,3.6957,1.2255
pob,152,0,2,76.931,413.684,93.7457,1.2246
pob,152,0,3,76.28,414.2555,3.6987,1.2246
pob,153,0,0,226.924,307.5055,93.4628,1.2252
pob,153,0,1,227.572,306.931,3.4656,1.2242
pob,153,0,2,228.146,307.5795,93.4628,1.2252
pob,153,0,3,227.498,308.154,3.4656,1.2242
pob,154,0,0,283.6245,249.032,93.6994,1.2245
pob,154,0,1,284.2755,248.4605,3.695,1.2255
pob,154,0,2,284.847,249.111,93.7464,1.2246
pob,154,0,3,284.196,249.6825,3.6994,1.2245
pob,155,0,0,217.202,317.288,127.6024,5.1624
pob,155,0,1,219.0185,315.678,60.962,0.9951
pob,155,0,2,219.6625,316.4045,35.913,0.9939
pob,156,0,0,92.8735,261.834,84.366,26.6568
pob,157,0,0,95.2885,259.224,70.7358,22.5719
pob,158,0,0,97.569,256.9245,54.2969,20.5763
pob,159,0,0,100.0825,254.653,35.5336,20.9333
pob,160,0,0,102.5635,252.675,20.4672,23.4792
pob,161,0,0,105.146,250.323,7.3549,27.3873
pob,162,0,0,323.0585,181.354,80.799,20.5443
pob,163,0,0,212.6945,388.2499,0.0,2.8049
pob,163,0,1,214.0969,386.8475,90.0,2.8049
pob,163,0,2,212.6945,385.445,0.0,2.8049
pob,163,0,3,211.292,386.8475,90.0,2.8049
pob,164,0,0,93.18,401.708,138.7208,3.4651
pob,165,0,0,120.0255,396.955,138.7152,3.11
pob,166,0,0,123.2575,394.7635,127.8711,5.1622
pob,166,0,1,121.4335,396.365,61.2191,0.9949
pob,166,0,2,120.7925,395.6355,36.1676,0.9947
pob,167,0,0,96.5455,399.3995,127.8711,5.1622
pob,167,0,1,94.7215,401.001,61.2191,0.9949
pob,167,0,2,94.0805,400.2715,36.1676,0.9947
pob,168,0,0,281.528,253.2635,138.7091,3.7931
pob,169,0,0,278.0395,255.6805,127.8711,5.1622
pob,169,0,1,279.8635,254.079,61.2195,0.9949
pob,169,0,2,280.5045,254.8085,36.1681,0.9947
pob,170,0,0,138.859,403.167,36.2196,10.6079
pob,171,0,0,222.6865,313.0755,138.4438,9.158
pob,172,0,0,71.6815,421.227,78.0769,4.8936
pob,172,0,1,68.878,417.9945,20.0462,4.8924
pob,173,0,0,69.8885,422.782,20.0531,4.8937
pob,173,0,1,67.085,419.5495,78.086,4.8924
pob,174,0,0,74.4855,424.46,20.0531,4.8937
pob,174,0,1,77.289,427.693,78.0884,4.8934
pob,175,0,0,82.8965,434.158,78.0769,4.8936
pob,175,0,1,80.093,430.925,20.0572,4.8927
pob,176,0,0,72.6925,426.015,78.0769,4.8936
pob,176,0,1,75.496,429.2475,20.0462,4.8924
pob,177,0,0,81.1035,435.713,20.0531,4.8937
pob,177,0,1,78.3,432.4805,78.086,4.8924
pob,178,0,0,303.8585,232.769,78.0771,4.8936
pob,178,0,1,306.662,236.002,20.0572,4.8928
pob,179,0,0,305.6515,231.214,20.0533,4.8937
pob,179,0,1,308.455,234.447,78.0883,4.8934
pob,180,0,0,301.0545,229.536,20.0533,4.8937
pob,180,0,1,298.251,226.3035,78.0859,4.8924
pob,181,0,0,292.6435,219.838,78.0771,4.8936
pob,181,0,1,295.447,223.0705,20.0461,4.8924
pob,182,0,0,302.8475,227.981,78.0771,4.8936
pob,182,0,1,300.044,224.7485,20.0461,4.8924
pob,183,0,0,294.4365,218.283,20.0532,4.8937
pob,183,0,1,297.24,221.5155,78.0862,4.8924
pob,184,0,0,93.927,277.453,73.5241,5.162
pob,184,0,1,93.6885,275.0375,6.8759,0.9941
pob,184,0,2,94.6545,274.942,161.8384,0.9945
pob,185,0,0,99.3195,272.227,59.8986,5.1622
pob,185,0,1,98.5185,269.9355,173.2394,0.9939
pob,185,0,2,99.435,269.615,148.2272,0.9951
pob,186,0,0,104.5325,267.4455,43.4615,5.1623
pob,186,0,1,103.116,265.4745,156.8397,0.9941
pob,186,0,2,103.904,264.908,131.7388,0.9944
pob,187,0,0,110.205,262.4785,24.6985,5.1623
pob,187,0,1,108.2295,261.068,138.0601,0.9935
pob,187,0,2,108.7935,260.278,113.0099,0.9952
pob,188,0,0,115.565,258.0465,9.623,5.1626
pob,188,0,1,113.291,257.1975,122.9879,0.9955
pob,188,0,2,113.6305,256.2875,97.9178,0.9945
pob,189,0,0,120.9655,252.854,176.513,5.1626
pob,189,0,1,118.558,252.5435,109.8747,0.9942
pob,189,0,2,118.6825,251.5805,84.8683,0.995
pob,190,0,0,309.6215,171.214,0.0,23.589
pob,190,0,1,321.416,160.426,90.0,21.576
pob,190,0,2,309.6215,149.638,0.0,23.589
pob,190,0,3,297.827,160.426,90.0,21.576
pob,190,1,0,214.006,236.554,48.0921,0.1048
pob,190,2,0,212.0475,234.3775,48.0187,3.5985
pob,190,3,0,208.921,230.903,48.0201,3.5971
pob,190,4,0,205.795,227.4285,48.0303,3.5978
pob,190,5,0,202.669,223.9535,48.0308,3.5978
pob,190,6,0,199.5425,220.479,48.0079,3.5978
pob,190,7,0,196.416,217.0045,48.0303,3.5978
pob,190,8,0,189.112,238.7965,138.0084,3.5978
pob,190,9,0,192.5865,235.67,138.0305,3.5978
pob,190,10,0,193.796,244.002,138.0198,3.5971
pob,190,11,0,197.2705,240.876,138.0309,3.5978
pob,190,12,0,197.975,248.6465,138.0079,3.5978
pob,190,13,0,201.4495,245.52,138.0305,3.5978
pob,190,14,0,174.5705,230.95,3.0271,3.598
pob,190,15,0,179.2385,231.1975,3.0431,3.5981
pob,190,16,0,185.0695,221.5065,93.0429,3.598
pob,190,17,0,184.822,226.174,93.0279,3.597
pob,190,18,0,154.4485,252.6375,93.0431,3.5981
pob,190,19,0,154.201,257.3055,93.0271,3.598
pob,190,20,0,144.567,261.5285,93.027,3.598
pob,190,21,0,144.32,266.1955,93.0268,3.598
pob,190,22,0,133.4605,271.5215,93.0428,3.5981
pob,190,23,0,133.213,276.189,93.0279,3.597
pob,190,24,0,122.544,281.3435,93.027,3.598
pob,190,25,0,122.297,286.0105,93.0269,3.598
pob,190,26,0,137.5145,297.9815,93.0428,3.5981
pob,190,27,0,137.267,302.6495,93.027,3.598
pob,190,28,0,148.4305,288.16,93.0437,3.5971
pob,190,29,0,148.1835,292.8275,93.0431,3.5981
pob,190,30,0,159.5375,278.1665,93.0428,3.5981
pob,190,31,0,159.29,282.8345,93.0268,3.598
pob,190,32,0,169.4185,269.2765,93.0431,3.5981
pob,190,33,0,169.171,273.944,93.0279,3.597
pob,191,0,0,324.5925,193.861,69.9608,5.1626
pob,191,0,1,324.2045,191.465,3.3435,0.9947
pob,191,0,2,325.163,191.31,158.2838,0.9946
pob,192,0,0,326.1365,203.1935,135.0,1.5486
pob,192,0,1,327.232,203.1935,44.9737,1.5493
pob,192,0,2,327.232,204.2885,135.0263,1.5493
pob,192,0,3,326.1365,204.2885,45.0,1.5486
pob,193,0,0,299.701,224.2235,138.6489,2.6776
pob,193,0,1,185.764,324.8305,138.5545,301.3185
pob,193,0,2,57.762,437.868,138.538,40.2191
pob,193,0,3,43.655,452.3205,49.7492,2.9808
pob,193,0,4,45.5965,454.538,47.8227,2.9147
pob,193,0,5,47.6355,456.9835,52.1656,3.4579
pob,193,0,6,50.945,456.348,138.3396,6.0206
pob,193,0,7,53.3295,454.1045,119.1945,0.5556
pob,193,0,8,54.6835,450.6725,110.9086,6.8287
pob,193,0,9,66.3155,438.315,138.6394,27.7484
pob,193,0,10,77.0815,428.751,131.6743,1.0603
pob,193,0,11,112.031,397.828,138.5761,92.2789
pob,193,0,12,147.732,366.3315,138.7113,2.9385
pob,193,0,13,154.2725,360.539,138.4221,14.535
pob,193,0,14,232.252,291.7525,138.5963,193.4302
pob,193,0,15,316.2575,217.605,138.3801,30.6661
pob,193,0,16,330.259,205.1725,138.4723,6.783
pob,193,0,17,331.8105,201.7445,50.0629,3.0766
pob,193,0,18,329.98,199.66,47.0313,2.4736
pob,193,0,19,328.559,198.4275,29.5373,1.3287
pob,193,0,20,327.335,197.9445,13.5333,1.3289
pob,193,0,21,326.0255,197.8175,177.5414,1.3282
pob,193,0,22,324.7315,198.0565,161.5372,1.3294
pob,193,0,23,323.5535,198.643,145.521,1.3283
pob,193,0,24,322.583,199.5315,129.5345,1.329
pob,193,0,25,321.912,200.5945,114.2514,1.2076
pob,193,0,26,320.6355,203.924,110.3094,5.9264
pob,194,0,0,150.968,370.2045,138.4774,2.7862
pob,194,0,1,152.762,368.6335,139.2326,1.9832
pob,194,0,2,154.756,366.908,139.0663,3.2907
pob,194,0,3,158.0325,364.0155,138.2574,5.4507
pob,194,0,4,168.409,354.814,138.4779,22.2866
pob,194,0,5,200.967,326.054,138.5673,64.5963
pob,194,0,6,232.7285,297.9915,138.445,20.1692
pob,194,0,7,239.8765,290.8695,47.3437,1.1762
pob,194,0,8,239.094,289.9865,49.5566,1.1839
pob,194,0,9,231.171,296.191,138.5637,20.1123
pob,194,0,10,186.533,335.6295,138.5337,99.017
pob,194,0,11,148.89,368.9115,137.4992,1.4757
pob,194,0,12,148.744,369.848,47.7399,1.1836
pob,195,0,0,126.079,255.1325,139.317,6.153
pob,195,0,1,128.029,252.6825,49.2507,1.1735
pob,195,0,2,125.3165,254.227,139.5083,6.1262
pob,196,0,0,228.2975,359.8065,138.9808,0.55
pob,196,0,1,228.9665,360.1565,48.9785,1.4063
pob,196,0,2,229.763,360.3955,138.9721,0.8881
pob,196,0,3,230.886,361.0105,49.0,2.4022
pob,196,0,4,233.06,360.712,138.9962,3.6732
pob,196,0,5,233.6515,358.5935,48.9856,2.4213
pob,196,0,6,233.509,357.1135,139.0139,1.7275
pob,196,0,7,233.794,356.122,49.1884,1.123
pob,196,0,8,233.059,355.274,48.9775,1.1214
pob,196,0,9,232.007,355.4445,139.0522,1.8112
pob,196,0,10,230.5915,355.1965,49.0002,2.23
pob,196,0,11,228.411,355.6145,139.0023,3.8398
pob,196,0,12,227.692,357.713,48.974,2.2243
pob,196,0,13,227.972,358.943,139.0129,1.1923
pob,197,0,0,120.6915,259.9695,140.327,1.1576
pob,197,0,1,120.7595,259.1225,51.6707,1.2174
pob,197,0,2,119.9265,259.0065,141.5637,1.163
pob,198,0,0,74.4325,340.808,54.2791,2.6531
pob,198,0,1,76.9585,340.625,144.2693,4.3153
pob,198,0,2,77.9305,338.2815,54.2678,2.6695
pob,198,0,3,76.0815,337.9675,144.2652,2.6351
pob,198,0,4,74.889,338.5665,54.1939,0.4205
pob,198,0,5,74.429,338.6385,144.2619,0.8304
pob,198,0,6,74.2195,339.058,54.2331,0.4363
pob,199,0,0,229.081,360.9765,140.1622,0.9038
pob,199,0,1,228.967,360.1565,49.0099,1.4056
pob,199,0,2,228.298,359.8065,139.0496,0.5508
pob,199,0,3,227.9565,360.098,140.2576,0.3472
pob,200,0,0,228.278,360.7375,49.2118,1.3961
pob,200,0,1,227.956,360.098,140.3636,0.348
pob,200,0,2,227.8065,359.6605,49.0321,0.8648
pob,200,0,3,227.2,359.6345,137.0659,0.8823
pob,200,0,4,226.6275,359.627,50.9904,0.7928
pob,200,0,5,226.1525,359.5215,138.0764,0.6062
pob,200,0,6,225.525,359.2465,49.9061,1.2484
pob,200,0,7,224.898,358.9825,136.503,0.6203
pob,200,0,8,225.075,359.6625,49.2477,1.2316
pob,200,0,9,225.352,360.285,128.7049,0.3998
pob,200,0,10,227.0265,362.453,48.1911,5.3986
pob,200,0,11,229.251,364.146,143.1087,1.0628
pob,200,0,12,229.314,363.392,50.2337,1.1319
pob,200,0,13,229.3245,362.67,142.3871,0.9405
pob,201,0,0,132.897,97.354,139.9882,1.4962
pob,201,0,1,134.0785,96.3865,141.3579,1.5581
pob,201,0,2,133.187,94.069,50.675,4.734
pob,201,0,3,131.0785,92.7245,141.357,1.5582
pob,201,0,4,129.897,93.692,139.9882,1.4962
pob,202,0,0,142.947,110.35,140.9587,1.5939
pob,202,0,1,144.1135,109.3915,140.1788,1.4257
pob,202,0,2,143.158,107.1065,50.5804,4.7339
pob,202,0,3,141.062,105.7645,140.6344,1.534
pob,202,0,4,139.8955,106.723,140.5451,1.4855
pob,203,0,0,163.359,72.3395,140.7947,1.4918
pob,203,0,1,164.541,71.3875,141.4966,1.5436
pob,203,0,2,163.6595,69.063,51.1456,4.7358
pob,203,0,3,161.585,67.6995,140.7931,1.5203
pob,203,0,4,160.403,68.652,141.4825,1.5158
pob,204,0,0,156.9035,93.4815,140.506,1.0613
pob,204,0,1,157.0545,92.83,50.5382,0.8134
pob,204,0,2,157.078,92.2835,140.4955,0.731
pob,204,0,3,156.4315,90.9245,50.5034,2.9197
pob,204,0,4,154.486,90.6365,140.4949,2.6362
pob,204,0,5,154.3805,92.581,50.5068,2.8664
pob,204,0,6,155.6175,93.4185,140.4804,0.8439
pob,205,0,0,81.2285,332.413,163.3813,1.2868
pob,205,0,1,81.744,331.9335,71.1297,0.6246
pob,205,0,2,81.931,331.54,161.2093,0.6084
pob,205,0,3,82.288,331.644,71.1402,0.4269
pob,205,0,4,84.226,331.2075,161.1384,3.9501
pob,205,0,5,86.026,330.368,71.0524,0.425
pob,205,0,6,86.196,330.0855,161.1709,0.505
pob,205,0,7,86.8815,329.8615,162.2995,0.9374
pob,205,0,8,87.098,328.9925,72.4327,1.5241
pob,205,0,9,86.4735,328.399,161.3696,0.8326
pob,205,0,10,85.811,328.6235,161.1479,0.5664
pob,205,0,11,85.4625,328.479,71.1656,0.4987
pob,205,0,12,83.5325,328.8745,161.1478,3.9087
pob,205,0,13,81.761,329.7345,71.1525,0.4829
pob,205,0,14,81.5605,330.058,161.1646,0.5885
pob,205,0,15,81.348,330.341,70.6555,0.3985
pob,205,0,16,80.965,330.675,161.9877,0.9443
pob,205,0,17,80.656,331.248,71.8474,0.8987
pob,205,0,18,80.573,331.747,162.1084,0.4687
pob,206,0,0,85.837,336.975,161.3715,4.4955
pob,206,0,1,87.8995,336.052,71.7748,0.4317
pob,206,0,2,87.7515,335.611,71.1645,0.4987
pob,206,0,3,85.8215,336.0065,161.1478,3.9087
pob,206,0,4,84.05,336.8665,71.152,0.4829
pob,206,0,5,83.85,337.19,161.1331,0.5876
pob,207,0,0,87.588,329.636,162.2967,0.5458
pob,207,0,1,87.6185,328.827,72.4577,1.5228
pob,207,0,2,87.129,328.1835,162.3944,0.5455
pob,208,0,0,155.351,121.527,140.9184,1.399
pob,208,0,1,156.5175,120.5685,140.3074,1.6206
pob,208,0,2,155.638,118.2225,50.5804,4.7339
pob,208,0,3,153.527,116.896,140.4551,1.5769
pob,208,0,4,152.3605,117.8545,140.7384,1.4426
pob,209,0,0,151.8615,173.294,175.2182,2.3994
pob,209,0,1,152.9415,171.762,85.3886,2.8733
pob,209,0,2,151.6305,170.43,175.219,2.3994
pob,210,0,0,153.449,182.7235,138.1022,2.5741
pob,210,0,1,153.832,181.223,48.1072,1.7222
pob,210,0,2,153.3495,180.4985,137.9283,0.2492
pob,210,0,3,153.154,180.094,48.1014,0.8625
pob,210,0,4,152.7695,179.8595,138.1261,0.2592
pob,210,0,5,152.3035,179.534,48.1125,1.1069
pob,210,0,6,150.9795,179.9785,138.0972,2.5649
pob,211,0,0,206.909,135.642,138.8519,1.4103
pob,211,0,1,206.3915,133.9445,49.6346,3.2378
pob,211,0,2,204.8125,133.175,138.8259,1.4096
pob,211,0,3,205.2225,134.7465,49.6618,2.9059
pob,212,0,0,233.058,355.274,48.9776,1.1213
pob,212,0,1,233.7935,356.122,49.15,1.1237
pob,212,0,2,235.0785,357.5785,48.3474,2.761
pob,212,0,3,236.839,357.8625,138.4363,2.2534
pob,212,0,4,235.7035,354.884,48.4327,5.9638
pob,212,0,5,232.8925,353.3915,138.4242,2.2257
pob,213,0,0,48.8615,392.518,138.2868,3.4656
pob,213,0,1,49.9715,391.178,45.5409,0.524
pob,213,0,2,48.4945,392.144,138.2869,3.4656
pob,214,0,0,46.681,390.123,138.2978,3.4663
pob,214,0,1,47.8125,388.788,48.2395,0.488
pob,214,0,2,46.3605,389.778,137.733,3.485
pob,215,0,0,45.072,393.9145,138.9498,3.9728
pob,215,0,1,46.2825,392.2815,48.8086,0.8731
pob,215,0,2,44.5065,393.2515,138.9,3.9506
pob,216,0,0,187.8965,385.574,139.4408,3.2419
pob,216,0,1,188.0235,383.2295,49.4407,3.3972
pob,216,0,2,184.6225,383.905,139.4337,6.0462
pob,216,0,3,182.9015,386.543,49.4235,1.7695
pob,216,0,4,184.542,386.303,139.4253,2.8043
pob,217,0,0,186.3675,386.8975,137.7312,0.8014
pob,217,0,1,186.135,386.01,49.4368,1.627
pob,217,0,2,184.541,386.3035,139.4409,2.8036
pob,217,0,3,182.9005,386.543,49.4235,1.7695
pob,217,0,4,182.019,385.49,51.2301,0.9773
pob,217,0,5,181.56,385.2245,142.9504,0.3834
pob,217,0,6,181.0825,384.9765,48.2445,0.9745
pob,217,0,7,179.8925,385.318,140.8352,2.2326
pob,217,0,8,180.719,387.9525,48.752,5.1326
pob,217,0,9,184.111,388.395,138.8237,4.5172
pob,218,0,0,89.259,345.3745,167.6858,1.13
pob,218,0,1,90.1945,346.276,69.4314,2.1832
pob,218,0,2,91.604,346.9625,161.8926,2.1589
pob,218,0,3,92.3955,345.9425,71.0895,1.4471
pob,218,0,4,92.448,345.1455,158.5949,0.6165
pob,218,0,5,92.622,344.62,74.6979,0.8563
pob,218,0,6,92.1775,344.321,161.0226,0.7011
pob,218,0,7,91.5365,343.567,70.3754,1.8431
pob,218,0,8,90.164,343.05,161.7266,2.2389
pob,218,0,9,89.209,343.859,76.7314,0.9411
pob,218,0,10,88.854,344.4645,162.3296,0.9719
pob,219,0,0,81.197,322.504,161.6286,1.7196
pob,219,0,1,81.733,321.3795,71.8372,1.7965
pob,219,0,2,80.6375,320.797,161.618,1.7187
pob,220,0,0,72.8975,307.361,136.5716,0.5411
pob,220,0,1,72.681,306.6925,49.4379,1.2702
pob,220,0,2,72.072,306.3955,136.5763,0.5397
pob,221,0,0,195.216,141.8975,138.8534,3.0198
pob,221,0,1,195.3675,139.7765,48.8446,2.995
pob,221,0,2,193.245,139.6425,138.8532,3.0198
pob,222,0,0,209.3535,144.0125,48.6635,6.197
pob,222,0,1,211.158,146.552,138.6457,0.6448
pob,222,0,2,211.847,147.8235,48.6669,2.8194
pob,222,0,3,213.014,148.674,138.6074,0.6292
pob,222,0,4,215.3035,150.8005,48.6641,6.2183
pob,222,0,5,219.126,151.5785,138.6561,4.7126
pob,222,0,6,220.6305,149.7215,48.6468,0.8007
pob,222,0,7,220.6455,149.175,138.6486,0.7447
pob,222,0,8,220.448,148.3865,48.6768,1.4448
pob,222,0,9,219.6895,148.092,138.6202,0.7503
pob,222,0,10,218.5245,147.3355,48.6671,2.6755
pob,222,0,11,217.8995,146.1035,138.6505,0.6887
pob,222,0,12,217.7185,145.3765,48.656,1.3306
pob,222,0,13,217.017,145.1075,138.6598,0.6979
pob,222,0,14,215.8545,144.315,48.6444,2.7258
pob,222,0,15,215.2105,143.0665,138.6807,0.6831
pob,222,0,16,214.9865,142.295,48.6514,1.4546
pob,222,0,17,214.205,142.014,138.6397,0.8021
pob,222,0,18,213.024,141.2785,48.6662,2.6649
pob,222,0,19,212.4485,140.01,138.6471,0.8113
pob,222,0,20,212.2995,139.227,48.6335,1.3724
pob,222,0,21,211.5875,138.9395,138.6505,0.6887
pob,222,0,22,211.076,138.88,48.6017,0.7652
pob,223,0,0,220.4835,156.4155,48.6637,6.197
pob,223,0,1,222.288,158.9555,138.5827,0.6454
pob,223,0,2,222.977,160.227,48.6538,2.8186
pob,223,0,3,224.144,161.0775,138.6763,0.6285
pob,223,0,4,226.4335,163.204,48.658,6.2175
pob,223,0,5,230.256,163.9815,138.6561,4.7126
pob,223,0,6,231.7605,162.1245,48.6468,0.8007
pob,223,0,7,231.7755,161.578,138.6486,0.7447
pob,223,0,8,231.578,160.7895,48.6768,1.4448
pob,223,0,9,230.8195,160.495,138.6202,0.7503
pob,223,0,10,229.6545,159.7385,48.6671,2.6755
pob,223,0,11,229.0295,158.5065,138.6505,0.6887
pob,223,0,12,228.8485,157.7795,48.656,1.3306
pob,223,0,13,228.147,157.5105,138.6598,0.6979
pob,223,0,14,226.9845,156.718,48.6444,2.7258
pob,223,0,15,226.3405,155.4695,138.6807,0.6831
pob,223,0,16,226.1165,154.698,48.6514,1.4546
pob,223,0,17,225.335,154.417,138.6397,0.8021
pob,223,0,18,224.154,153.6815,48.6662,2.6649
pob,223,0,19,223.5785,152.413,138.6471,0.8113
pob,223,0,20,223.4295,151.63,48.6335,1.3724
pob,223,0,21,222.7175,151.3425,138.6505,0.6887
pob,223,0,22,222.206,151.283,48.6017,0.7652
pob,224,0,0,245.6375,182.007,32.9296,6.1441
pob,224,0,1,248.1095,183.842,122.8387,0.3928
pob,224,0,2,249.1865,184.837,35.0419,2.8911
pob,224,0,3,250.5015,185.4615,122.6166,0.4879
pob,224,0,4,253.219,187.0125,34.1857,6.2523
pob,224,0,5,257.087,186.803,123.1078,4.6941
pob,224,0,6,256.348,183.4395,34.6635,4.9143
pob,224,0,7,254.498,181.7475,120.1415,0.6811
pob,224,0,8,254.209,181.1775,30.9178,1.0724
pob,224,0,9,253.5945,181.1965,117.6832,0.6651
pob,224,0,10,252.1515,180.6625,32.7406,3.0637
pob,224,0,11,251.0705,179.5325,124.5364,0.732
pob,224,0,12,250.7355,178.8865,32.4177,1.2853
pob,224,0,13,249.9885,178.8635,122.4592,0.7621
pob,224,0,14,248.6115,178.413,33.3619,2.8077
pob,224,0,15,247.6455,177.3165,122.4714,0.7693
pob,224,0,16,247.248,176.5945,33.35,1.4461
pob,224,0,17,246.4685,176.473,122.4519,0.6542
pob,224,0,18,245.956,176.5275,33.3155,0.8065
pob,225,0,0,169.991,185.484,138.0132,0.8879
pob,225,0,1,170.075,184.9045,48.9506,0.7492
pob,225,0,2,169.499,184.9195,137.965,0.8886
pob,226,0,0,181.7685,197.635,139.8731,2.4888
pob,226,0,1,181.0585,194.9435,48.6737,5.0322
pob,226,0,2,178.446,193.8565,139.8412,2.4887
pob,227,0,0,178.445,193.856,139.8581,2.4881
pob,227,0,1,178.4215,191.963,48.2285,2.9257
pob,227,0,2,176.4955,191.6745,139.8553,2.4895
pob,228,0,0,172.9005,189.467,48.689,8.0119
pob,228,0,1,176.496,191.674,139.8581,2.4881
pob,228,0,2,174.1935,187.2175,48.3222,9.7858
pob,228,0,3,170.3845,184.0925,136.3732,1.5349
pob,228,0,4,170.075,184.904,48.9,0.7484
pob,228,0,5,169.991,185.4835,137.965,0.8886
pob,229,0,0,174.6505,193.265,138.5858,2.3855
pob,229,0,1,172.9005,189.467,48.689,8.0119
pob,229,0,2,169.3615,187.247,138.5858,2.3855
pob,230,0,0,121.982,267.0705,138.0931,1.3759
pob,230,0,1,122.1745,266.289,45.2225,0.9072
pob,230,0,2,121.343,266.4265,138.0941,1.3759
pob,231,0,0,97.2565,280.484,138.8482,6.1636
pob,231,0,1,99.1915,277.9995,49.8199,1.195
pob,231,0,2,96.5015,279.5765,138.5748,6.1468
pob,232,0,0,102.983,275.486,138.9823,6.1497
pob,232,0,1,104.907,273.023,48.334,1.1914
pob,232,0,2,102.208,274.592,138.8301,6.1188
pob,233,0,0,107.3885,273.2535,49.3711,2.4863
pob,233,0,1,108.933,270.2905,139.3736,6.2031
pob,233,0,2,110.8815,267.7715,50.9298,1.2867
pob,233,0,3,107.9025,269.4615,139.6093,6.7578
pob,233,0,4,106.5595,273.097,49.6032,3.7974
pob,234,0,0,114.6725,265.3105,139.2796,1.0991
pob,234,0,1,114.6925,264.4875,49.5153,1.2214
pob,234,0,2,113.8825,264.384,138.8786,1.0978
pob,235,0,0,115.9925,264.172,139.1957,2.3872
pob,235,0,1,116.5075,262.916,50.7793,1.2288
pob,235,0,2,115.2075,263.2315,139.0305,2.4144
pob,236,0,0,239.2275,355.556,139.6483,3.2372
pob,236,0,1,239.6545,353.5375,50.2732,2.5237
pob,236,0,2,237.6145,353.615,139.6483,3.2372
pob,237,0,0,258.6415,368.3915,156.2073,1.2666
pob,237,0,1,258.7015,366.9385,66.5478,2.6107
pob,237,0,2,257.602,365.9965,156.2257,1.2676
pob,238,0,0,188.6895,111.101,139.1297,2.6805
pob,238,0,1,189.387,109.8985,45.849,0.9073
pob,238,0,2,188.0575,110.45,139.1299,2.6805
pob,239,0,0,164.1255,167.203,140.8264,0.6617
pob,239,0,1,163.7015,166.16,50.7872,2.1528
pob,239,0,2,161.5575,166.5205,140.7787,3.7782
pob,239,0,3,160.708,168.4675,50.7875,1.9424
pob,239,0,4,162.5295,168.235,140.7946,3.1166
pob,240,0,0,179.0805,207.893,141.1131,4.1766
pob,240,0,1,179.9075,205.5925,51.0975,2.543
pob,240,0,2,177.484,205.914,141.1044,4.1758
pob,241,0,0,176.682,209.824,141.259,1.9847
pob,241,0,1,176.658,208.2135,51.1148,2.5424
pob,241,0,2,175.086,207.845,141.2587,1.9847
pob,241,0,3,174.994,209.312,51.1264,2.1733
pob,242,0,0,162.851,226.2295,141.4766,1.6361
pob,242,0,1,162.2115,224.181,50.2601,4.0028
pob,242,0,2,160.292,223.1515,141.4774,1.6361
pob,243,0,0,165.7,223.8845,140.2597,1.5658
pob,243,0,1,164.976,221.816,49.78,4.107
pob,243,0,2,163.048,220.7485,140.2597,1.5658
pob,244,0,0,129.284,71.981,144.5265,0.8203
pob,244,0,1,129.288,71.4005,46.0646,0.9512
pob,244,0,2,128.6715,71.285,141.6069,0.7311
pob,245,0,0,161.1425,190.7725,138.3854,2.754
pob,245,0,1,161.4915,189.0925,48.3635,2.0485
pob,245,0,2,160.305,188.7765,138.3843,1.3536
pob,245,0,3,159.668,189.079,48.2936,0.3938
pob,245,0,4,159.0155,189.398,138.2166,1.3987
pob,246,0,0,224.3655,379.3925,138.6689,11.4702
pob,246,0,1,221.3155,384.6085,48.6654,3.805
pob,246,0,2,226.8785,382.254,138.7026,11.4642
pob,247,0,0,168.772,160.9535,50.2671,2.3185
pob,247,0,1,167.0405,160.8465,141.62,2.5271
pob,247,0,2,166.8505,162.521,48.0306,2.3941
pob,248,0,0,201.78,136.434,51.0563,2.5869
pob,248,0,1,200.2565,136.017,140.3418,1.8458
pob,248,0,2,200.415,137.623,49.4875,2.6754
pob,249,0,0,239.238,168.2355,137.7754,11.6972
pob,249,0,1,235.6995,173.168,51.6587,2.555
pob,249,0,2,237.903,172.9395,138.909,3.7443
pob,249,0,3,239.454,171.8615,47.4493,0.4141
pob,249,0,4,239.9245,171.709,137.2975,0.8995
pob,249,0,5,240.0965,171.2405,45.8891,0.4554
pob,249,0,6,242.6475,168.669,138.3716,7.2498
pob,250,0,0,138.9775,239.0455,49.342,0.5602
pob,250,0,1,138.868,238.7415,128.5834,0.2341
pob,250,0,2,138.7575,238.418,51.6568,0.5916
pob,250,0,3,138.4675,238.278,139.179,0.2815
pob,250,0,4,138.03,237.984,49.3865,1.017
pob,250,0,5,137.7895,237.516,137.8207,0.2442
pob,250,0,6,137.67,237.1625,52.2788,0.6865
pob,250,0,7,137.378,236.963,138.7131,0.2183
pob,250,0,8,136.975,236.678,48.0403,0.9602
pob,250,0,9,132.768,239.735,138.6995,10.3453
pob,250,0,10,128.55,242.723,52.0688,1.0802
pob,250,0,11,127.1955,243.1735,139.3965,2.6935
pob,250,0,12,126.3285,244.248,51.8555,0.5035
pob,250,0,13,124.2765,246.3355,139.4381,5.8115
pob,250,0,14,123.1795,249.4875,48.6649,3.3628
pob,250,0,15,124.2185,250.8235,134.2087,0.2051
pob,250,0,16,124.505,251.362,52.4072,1.1737
pob,250,0,17,127.1605,249.8865,139.815,6.0147
pob,250,0,18,129.545,248.0425,47.9678,0.2599
pob,250,0,19,130.6905,247.236,139.5328,2.7827
pob,250,0,20,131.6455,246.203,51.4758,0.3323
pob,251,0,0,213.1655,380.3455,18.9183,1.2738
pob,251,0,1,211.2005,381.412,136.945,3.7293
pob,251,0,2,210.0975,383.325,67.9291,1.3812
pob,251,0,3,210.9865,384.279,26.5106,1.4069
pob,251,0,4,213.012,383.3335,137.9425,3.7604
pob,252,0,0,231.892,373.393,49.2549,4.0601
pob,252,0,1,230.0725,372.2555,140.9953,1.2727
pob,252,0,2,230.932,374.1755,48.2964,4.0705
pob,253,0,0,244.6415,169.8955,49.4942,2.9237
pob,253,0,1,242.0465,170.2425,138.4477,4.3977
pob,253,0,2,240.8085,172.1915,50.2803,1.2754
pob,253,0,3,240.6735,173.181,137.3914,1.4742
pob,253,0,4,240.809,174.471,49.3987,2.0836
pob,253,0,5,242.044,174.7045,134.9745,1.5761
pob,253,0,6,242.904,174.428,42.8415,0.8265
pob,253,0,7,244.245,173.7705,137.8822,2.7987
pob,253,0,8,244.8455,172.42,43.2808,1.2019
pob,254,0,0,191.068,392.079,167.4397,11.073
pob,254,0,1,185.9245,394.622,78.9908,2.7282
pob,254,0,2,186.5405,395.921,173.5801,0.7155
pob,254,0,3,186.9745,396.038,63.4361,0.3511
pob,254,0,4,192.116,395.1175,167.9856,10.3528
pob,255,0,0,176.015,395.3365,167.7262,14.8412
pob,255,0,1,169.093,398.497,78.2591,3.2337
pob,255,0,2,176.6985,398.531,167.9825,14.8791
pob,256,0,0,184.6535,398.772,167.3372,5.9395
pob,256,0,1,181.9705,400.445,78.1466,2.0885
pob,256,0,2,185.0955,400.8445,167.9275,5.9527
pob,257,0,0,98.9785,282.527,139.1271,6.1799
pob,257,0,1,100.4455,279.4805,49.6783,2.6875
pob,257,0,2,97.256,280.484,138.8421,6.1629
pob,257,0,3,95.1055,282.741,53.4904,0.5698
pob,258,0,0,104.7445,277.494,139.1312,6.1345
pob,258,0,1,106.1835,274.477,48.9185,2.6798
pob,258,0,2,102.983,275.485,138.9823,6.1497
pob,259,0,0,108.2645,274.2705,47.8623,0.1982
pob,259,0,1,110.6675,272.322,139.1271,6.1799
pob,259,0,2,112.1455,269.2855,49.7609,2.658
pob,259,0,3,108.933,270.2905,139.3736,6.2031
pob,260,0,0,116.2815,267.452,139.1271,6.1799
pob,260,0,1,117.7565,264.4115,49.7736,2.668
pob,260,0,2,115.9915,264.1725,139.214,2.3866
pob,260,0,3,114.6715,265.3105,139.2796,1.0991
pob,260,0,4,113.226,266.5615,139.0633,2.7243
pob,261,0,0,122.3385,262.078,139.1271,6.1799
pob,261,0,1,123.8005,259.046,49.1126,2.672
pob,261,0,2,122.032,258.818,138.8233,2.3755
pob,261,0,3,120.692,259.9695,140.3585,1.1584
pob,261,0,4,119.25,261.2095,138.8468,2.6456
pob,262,0,0,125.8725,258.886,142.8115,0.9728
pob,262,0,1,128.209,256.864,138.4396,5.2094
pob,262,0,2,129.285,254.1315,49.0065,2.6617
pob,262,0,3,126.079,255.1325,139.3168,6.153
pob,263,0,0,83.0145,302.148,48.6761,10.0028
pob,263,0,1,86.8445,306.498,48.3941,1.5888
pob,263,0,2,87.5615,306.9415,141.5416,0.484
pob,263,0,3,87.248,306.202,49.5024,1.5491
pob,263,0,4,90.4635,302.2965,138.2705,9.9652
pob,263,0,5,94.6875,299.5655,49.1935,1.547
pob,263,0,6,95.3545,300.0245,141.9299,0.4103
pob,263,0,7,95.0085,299.3035,49.5146,1.5633
pob,263,0,8,91.1985,294.953,48.6761,10.0028
pob,263,0,9,87.336,290.559,48.7253,1.6978
pob,263,0,10,86.5745,290.092,139.68,0.5286
pob,263,0,11,86.9395,290.905,48.5749,1.7124
pob,263,0,12,85.5885,293.24,138.5582,5.1159
pob,263,0,13,82.503,295.9605,138.6613,3.1113
pob,263,0,14,80.702,297.548,138.5017,1.6903
pob,263,0,15,79.5415,297.5345,47.3925,1.5584
pob,263,0,16,78.8565,297.094,139.8219,0.4123
pob,263,0,17,78.816,297.361,48.8751,0.3558
pob,264,0,0,142.985,246.45,138.3596,15.2276
pob,264,0,1,146.6965,239.166,48.356,5.9548
pob,264,0,2,139.028,242.0,138.3597,15.2275
pob,265,0,0,153.8605,236.7075,138.554,7.4829
pob,265,0,1,156.4555,233.9935,48.5853,0.6334
pob,265,0,2,158.726,231.5655,138.547,6.6177
pob,265,0,3,159.244,227.154,48.5432,5.927
pob,265,0,4,154.406,227.473,138.5499,7.6741
pob,265,0,5,151.086,229.5095,48.5938,1.3426
pob,265,0,6,148.233,231.1335,138.5507,6.4279
pob,266,0,0,46.2815,392.2815,48.8078,0.8731
pob,266,0,1,46.885,392.9535,47.3876,0.9335
pob,266,0,2,48.4945,392.1445,138.2992,3.4649
pob,266,0,3,48.8815,389.981,48.1195,2.7158
pob,266,0,4,46.681,390.123,138.2978,3.4663
pob,267,0,0,227.3835,374.1405,48.658,3.9013
pob,267,0,1,221.7885,376.4585,138.7064,11.4636
pob,267,0,2,218.7705,381.7105,48.7548,3.9088
pob,268,0,0,82.708,334.757,71.1513,5.3425
pob,268,0,1,83.8495,337.19,161.1646,0.5885
pob,268,0,2,84.05,336.8665,71.1525,0.4829
pob,268,0,3,85.8215,336.0065,161.1479,3.9087
pob,268,0,4,87.7515,335.611,71.1665,0.4987
pob,268,0,5,88.1,335.7555,161.1479,0.5664
pob,268,0,6,87.4015,332.834,71.1439,5.981
pob,268,0,7,86.1965,330.086,161.026,0.5044
pob,268,0,8,86.0265,330.369,71.1813,0.4247
pob,268,0,9,84.226,331.208,161.1522,3.9498
pob,268,0,10,82.288,331.644,71.1402,0.4269
pob,268,0,11,81.9315,331.5405,161.0888,0.6078
pob,269,0,0,81.561,330.059,161.1331,0.5876
pob,269,0,1,81.761,329.7355,71.1525,0.4829
pob,269,0,2,83.533,328.8755,161.1526,3.9096
pob,269,0,3,85.4635,328.4795,71.1282,0.4978
pob,269,0,4,85.8115,328.624,161.2116,0.5651
pob,269,0,5,85.113,325.703,71.1531,5.9807
pob,269,0,6,83.908,322.9545,161.1709,0.505
pob,269,0,7,83.738,323.2375,71.0978,0.426
pob,269,0,8,81.938,324.077,161.1522,3.9498
pob,269,0,9,80.0,324.513,71.1402,0.4269
pob,269,0,10,79.643,324.4095,161.1195,0.6088
pob,270,0,0,262.101,364.6295,0.5219,0.33
pob,270,0,1,262.2505,366.511,90.472,3.7601
pob,270,0,2,264.6535,368.411,0.4737,4.8371
pob,270,0,3,267.0875,366.5545,90.4733,3.7531
pob,270,0,4,267.266,364.6795,0.5256,0.326
pob,270,0,5,267.4305,364.4945,90.4594,0.373
pob,270,0,6,264.6855,364.286,0.4588,5.4932
pob,271,0,0,127.5775,72.0845,89.985,57.473
pob,271,0,1,127.5895,142.075,89.9937,82.508
pob,272,0,0,127.6055,310.3525,90.0031,18.671
pob,273,0,0,127.5885,525.9225,90.0128,49.419
pob,274,0,0,370.009,100.777,0.0,0.44
pob,275,0,0,272.6875,100.795,179.9894,195.083
pob,276,0,0,97.9005,100.8275,179.9894,59.369
pob,277,0,0,370.019,301.0121,0.0,0.42
pob,278,0,0,335.2805,301.0126,179.9992,69.897
pob,279,0,0,72.6275,301.0181,179.999,109.955
pob,280,0,0,370.013,501.2471,0.0,0.432
pob,281,0,0,193.94,501.2221,0.0081,352.578
pob,282,0,0,126.1381,60.9628,0.0,2.8782
pob,282,0,1,127.5772,60.7829,90.0,0.3597
pob,282,0,2,126.1381,60.603,0.0,2.8782
pob,282,0,3,124.699,60.7829,90.0,0.3597
pob,283,0,0,126.1421,80.9818,0.0,2.8782
pob,283,0,1,127.5812,80.8019,90.0,0.3597
pob,283,0,2,126.1421,80.622,0.0,2.8782
pob,283,0,3,124.703,80.8019,90.0,0.3597
pob,284,0,0,126.1491,121.0208,0.0,2.8782
pob,284,0,1,127.5882,120.8409,90.0,0.3597
pob,284,0,2,126.1491,120.661,0.0,2.8782
pob,284,0,3,124.71,120.8409,90.0,0.3597
pob,285,0,0,126.1521,141.0408,0.0,2.8782
pob,285,0,1,127.5912,140.8609,90.0,0.3598
pob,285,0,2,126.1521,140.681,0.0,2.8782
pob,285,0,3,124.713,140.8609,90.0,0.3598
pob,286,0,0,126.1551,161.0608,0.0,2.8782
pob,286,0,1,127.5942,160.8809,90.0,0.3598
pob,286,0,2,126.1551,160.701,0.0,2.8782
pob,286,0,3,124.716,160.8809,90.0,0.3598
pob,287,0,0,126.1581,181.0798,0.0,2.8782
pob,287,0,1,127.5972,180.8999,90.0,0.3598
pob,287,0,2,126.1581,180.72,0.0,2.8782
pob,287,0,3,124.719,180.8999,90.0,0.3598
pob,288,0,0,126.1631,241.1388,0.0,2.8782
pob,288,0,1,127.6022,240.9589,90.0,0.3598
pob,288,0,2,126.1631,240.779,0.0,2.8782
pob,288,0,3,124.724,240.9589,90.0,0.3598
pob,289,0,0,126.1651,261.1578,0.0,2.8782
pob,289,0,1,127.6042,260.9779,90.0,0.3598
pob,289,0,2,126.1651,260.798,0.0,2.8782
pob,289,0,3,124.726,260.9779,90.0,0.3598
pob,290,0,0,126.1661,281.1777,0.0,2.8782
pob,290,0,1,127.6052,280.9979,90.0,0.3597
pob,290,0,2,126.1661,280.818,0.0,2.8782
pob,290,0,3,124.727,280.9979,90.0,0.3597
pob,291,0,0,126.1661,341.2368,0.0,2.8782
pob,291,0,1,127.6052,341.0569,90.0,0.3597
pob,291,0,2,126.1661,340.877,0.0,2.8782
pob,291,0,3,124.727,341.0569,90.0,0.3597
pob,292,0,0,126.1661,361.2557,0.0,2.8782
pob,292,0,1,127.6052,361.0759,90.0,0.3597
pob,292,0,2,126.1661,360.896,0.0,2.8782
pob,292,0,3,124.727,361.0759,90.0,0.3597
pob,293,0,0,126.1651,381.2758,0.0,2.8782
pob,293,0,1,127.6042,381.0959,90.0,0.3598
pob,293,0,2,126.1651,380.916,0.0,2.8782
pob,293,0,3,124.726,381.0959,90.0,0.3598
pob,294,0,0,126.1631,421.3148,0.0,2.8782
pob,294,0,1,127.6022,421.1349,90.0,0.3598
pob,294,0,2,126.1631,420.955,0.0,2.8782
pob,294,0,3,124.724,421.1349,90.0,0.3598
pob,295,0,0,126.1611,441.3337,0.0,2.8782
pob,295,0,1,127.6002,441.1539,90.0,0.3597
pob,295,0,2,126.1611,440.974,0.0,2.8782
pob,295,0,3,124.722,441.1539,90.0,0.3597
pob,296,0,0,126.1591,461.3538,0.0,2.8782
pob,296,0,1,127.5982,461.1739,90.0,0.3598
pob,296,0,2,126.1591,460.994,0.0,2.8782
pob,296,0,3,124.72,461.1739,90.0,0.3598
pob,297,0,0,126.1571,481.3727,0.0,2.8782
pob,297,0,1,127.5962,481.1929,90.0,0.3597
pob,297,0,2,126.1571,481.013,0.0,2.8782
pob,297,0,3,124.718,481.1929,90.0,0.3597
pob,298,0,0,126.1511,521.4128,0.0,2.8782
pob,298,0,1,127.5902,521.2329,90.0,0.3598
pob,298,0,2,126.1511,521.053,0.0,2.8782
pob,298,0,3,124.712,521.2329,90.0,0.3598
pob,299,0,0,126.1481,541.4319,0.0,2.8782
pob,299,0,1,127.5872,541.252,90.0,0.3599
pob,299,0,2,126.1481,541.072,0.0,2.8782
pob,299,0,3,124.709,541.252,90.0,0.3599
pob,300,0,0,347.0229,100.7812,0.0,0.3598
pob,300,0,1,347.2028,99.3421,90.0,2.8782
pob,300,0,2,347.0229,97.903,0.0,0.3598
pob,300,0,3,346.843,99.3421,90.0,2.8782
pob,301,0,0,322.6409,100.7862,0.0,0.3598
pob,301,0,1,322.8208,99.3471,90.0,2.8782
pob,301,0,2,322.6409,97.908,0.0,0.3598
pob,301,0,3,322.461,99.3471,90.0,2.8782
pob,302,0,0,298.2589,100.7902,0.0,0.3598
pob,302,0,1,298.4388,99.3511,90.0,2.8782
pob,302,0,2,298.2589,97.912,0.0,0.3598
pob,302,0,3,298.079,99.3511,90.0,2.8782
pob,303,0,0,273.8769,100.7952,0.0,0.3598
pob,303,0,1,274.0568,99.3561,90.0,2.8782
pob,303,0,2,273.8769,97.917,0.0,0.3598
pob,303,0,3,273.697,99.3561,90.0,2.8782
pob,304,0,0,225.1129,100.8042,0.0,0.3598
pob,304,0,1,225.2928,99.3651,90.0,2.8782
pob,304,0,2,225.1129,97.926,0.0,0.3598
pob,304,0,3,224.933,99.3651,90.0,2.8782
pob,305,0,0,200.7309,100.8082,0.0,0.3598
pob,305,0,1,200.9108,99.3691,90.0,2.8782
pob,305,0,2,200.7309,97.93,0.0,0.3598
pob,305,0,3,200.551,99.3691,90.0,2.8782
pob,306,0,0,176.3489,100.8132,0.0,0.3598
pob,306,0,1,176.5288,99.3741,90.0,2.8782
pob,306,0,2,176.3489,97.935,0.0,0.3598
pob,306,0,3,176.169,99.3741,90.0,2.8782
pob,307,0,0,151.9669,100.8172,0.0,0.3598
pob,307,0,1,152.1468,99.3781,90.0,2.8782
pob,307,0,2,151.9669,97.939,0.0,0.3598
pob,307,0,3,151.787,99.3781,90.0,2.8782
pob,308,0,0,103.2029,100.8262,0.0,0.3598
pob,308,0,1,103.3828,99.3871,90.0,2.8782
pob,308,0,2,103.2029,97.948,0.0,0.3598
pob,308,0,3,103.023,99.3871,90.0,2.8782
pob,309,0,0,347.0429,301.0122,0.0,0.3598
pob,309,0,1,347.2228,299.5731,90.0,2.8782
pob,309,0,2,347.0429,298.134,0.0,0.3598
pob,309,0,3,346.863,299.5731,90.0,2.8782
pob,310,0,0,322.6609,301.0132,0.0,0.3598
pob,310,0,1,322.8408,299.5741,90.0,2.8782
pob,310,0,2,322.6609,298.135,0.0,0.3598
pob,310,0,3,322.481,299.5741,90.0,2.8782
pob,311,0,0,225.1339,301.0152,0.0,0.3598
pob,311,0,1,225.3138,299.5761,90.0,2.8782
pob,311,0,2,225.1339,298.137,0.0,0.3598
pob,311,0,3,224.954,299.5761,90.0,2.8782
pob,312,0,0,200.7519,301.0152,0.0,0.3598
pob,312,0,1,200.9318,299.5761,90.0,2.8782
pob,312,0,2,200.7519,298.137,0.0,0.3598
pob,312,0,3,200.572,299.5761,90.0,2.8782
pob,313,0,0,176.3699,301.0162,0.0,0.3598
pob,313,0,1,176.5498,299.5771,90.0,2.8782
pob,313,0,2,176.3699,298.138,0.0,0.3598
pob,313,0,3,176.19,299.5771,90.0,2.8782
pob,314,0,0,151.9879,301.0172,0.0,0.3598
pob,314,0,1,152.1678,299.5781,90.0,2.8782
pob,314,0,2,151.9879,298.139,0.0,0.3598
pob,314,0,3,151.808,299.5781,90.0,2.8782
pob,315,0,0,103.2229,301.0182,0.0,0.3598
pob,315,0,1,103.4028,299.5791,90.0,2.8782
pob,315,0,2,103.2229,298.14,0.0,0.3598
pob,315,0,3,103.043,299.5791,90.0,2.8782
pob,316,0,0,78.8409,301.0182,0.0,0.3598
pob,316,0,1,79.0208,299.5791,90.0,2.8782
pob,316,0,2,78.8409,298.14,0.0,0.3598
pob,316,0,3,78.661,299.5791,90.0,2.8782
pob,317,0,0,54.4589,301.0192,0.0,0.3598
pob,317,0,1,54.6388,299.5801,90.0,2.8782
pob,317,0,2,54.4589,298.141,0.0,0.3598
pob,317,0,3,54.279,299.5801,90.0,2.8782
pob,318,0,0,347.0319,501.2432,0.0,0.3597
pob,318,0,1,347.2117,499.8041,90.0,2.8782
pob,318,0,2,347.0319,498.365,0.0,0.3597
pob,318,0,3,346.852,499.8041,90.0,2.8782
pob,319,0,0,322.6499,501.2402,0.0,0.3597
pob,319,0,1,322.8297,499.8011,90.0,2.8782
pob,319,0,2,322.6499,498.362,0.0,0.3597
pob,319,0,3,322.47,499.8011,90.0,2.8782
pob,320,0,0,298.2679,501.2372,0.0,0.3598
pob,320,0,1,298.4478,499.7981,90.0,2.8782
pob,320,0,2,298.2679,498.359,0.0,0.3598
pob,320,0,3,298.088,499.7981,90.0,2.8782
pob,321,0,0,273.8859,501.2332,0.0,0.3597
pob,321,0,1,274.0657,499.7941,90.0,2.8782
pob,321,0,2,273.8859,498.355,0.0,0.3597
pob,321,0,3,273.706,499.7941,90.0,2.8782
pob,322,0,0,225.1219,501.2262,0.0,0.3598
pob,322,0,1,225.3018,499.7871,90.0,2.8782
pob,322,0,2,225.1219,498.348,0.0,0.3598
pob,322,0,3,224.942,499.7871,90.0,2.8782
pob,323,0,0,200.7399,501.2232,0.0,0.3598
pob,323,0,1,200.9198,499.7841,90.0,2.8782
pob,323,0,2,200.7399,498.345,0.0,0.3598
pob,323,0,3,200.56,499.7841,90.0,2.8782
pob,324,0,0,176.3579,501.2192,0.0,0.3598
pob,324,0,1,176.5378,499.7801,90.0,2.8782
pob,324,0,2,176.3579,498.341,0.0,0.3598
pob,324,0,3,176.178,499.7801,90.0,2.8782
pob,325,0,0,151.9759,501.2162,0.0,0.3598
pob,325,0,1,152.1558,499.7771,90.0,2.8782
pob,325,0,2,151.9759,498.338,0.0,0.3598
pob,325,0,3,151.796,499.7771,90.0,2.8782
pob,326,0,0,103.2119,501.2092,0.0,0.3598
pob,326,0,1,103.3918,499.7701,90.0,2.8782
pob,326,0,2,103.2119,498.331,0.0,0.3598
pob,326,0,3,103.032,499.7701,90.0,2.8782
pob,327,0,0,78.8299,501.2062,0.0,0.3598
pob,327,0,1,79.0098,499.7671,90.0,2.8782
pob,327,0,2,78.8299,498.328,0.0,0.3598
pob,327,0,3,78.65,499.7671,90.0,2.8782
pob,328,0,0,54.4469,501.2022,0.0,0.3598
pob,328,0,1,54.6268,499.7631,90.0,2.8782
pob,328,0,2,54.4469,498.324,0.0,0.3598
pob,328,0,3,54.267,499.7631,90.0,2.8782
pob,329,0,0,200.5355,212.7525,137.93,0.3597
pob,329,0,1,199.7065,211.5625,48.0143,2.8777
pob,329,0,2,198.6105,210.613,138.0494,0.359
pob,330,0,0,128.0035,277.9515,137.9309,0.3597
pob,330,0,1,127.1745,276.7615,48.0143,2.8777
pob,330,0,2,126.0785,275.812,138.0502,0.359
pob,331,0,0,127.6038,401.2947,0.0,7.1956
pob,331,0,1,131.2016,401.1149,90.0,0.3597
pob,331,0,2,127.6038,400.935,0.0,7.1956
pob,331,0,3,124.006,401.1149,90.0,0.3597
pob,332,0,0,157.1195,285.8715,137.93,0.3597
pob,332,0,1,159.392,288.6665,48.0252,7.1949
pob,332,0,2,161.932,291.2205,138.0373,0.3604
pob,333,0,0,179.8125,301.016,179.9989,104.413
pob,334,0,0,146.0215,100.8185,179.9891,36.873
pob,335,0,0,327.2315,204.2885,135.0,1.5486
pob,335,0,1,326.136,204.2885,44.9737,1.5493
pob,335,0,2,326.136,203.1935,135.0263,1.5493
pob,335,0,3,327.2315,203.1935,45.0,1.5486
pob,336,0,0,127.598,430.867,90.0033,140.692
pob,337,0,0,127.603,338.5835,90.004,28.353
pob,338,0,0,229.2985,394.942,102.601,0.9488
pob,338,0,1,228.9685,394.3825,12.5503,0.8882
pob,338,0,2,228.432,394.749,102.5414,0.9486
pob,339,0,0,249.4875,72.045,89.985,57.428
pob,339,0,1,249.496,108.1985,89.9923,14.879
pob,340,0,0,249.516,303.838,90.0,5.686
pob,341,0,0,249.4985,525.9225,90.0128,49.385
pob,342,0,0,249.5098,201.0568,0.0,7.1956
pob,342,0,1,253.1076,200.8769,90.0,0.3597
pob,342,0,2,249.5098,200.697,0.0,7.1956
pob,342,0,3,245.912,200.8769,90.0,0.3597
pob,343,0,0,249.5138,401.2928,0.0,7.1956
pob,343,0,1,253.1116,401.1129,90.0,0.3597
pob,343,0,2,249.5138,400.933,0.0,7.1956
pob,343,0,3,245.916,401.1129,90.0,0.3597
pob,344,0,0,248.0481,60.8928,0.0,2.8782
pob,344,0,1,249.4872,60.7129,90.0,0.3597
pob,344,0,2,248.0481,60.533,0.0,2.8782
pob,344,0,3,246.609,60.7129,90.0,0.3597
pob,345,0,0,248.0521,80.9158,0.0,2.8782
pob,345,0,1,249.4912,80.7359,90.0,0.3597
pob,345,0,2,248.0521,80.556,0.0,2.8782
pob,345,0,3,246.613,80.7359,90.0,0.3597
pob,346,0,0,248.0651,161.0098,0.0,2.8782
pob,346,0,1,249.5042,160.8299,90.0,0.3598
pob,346,0,2,248.0651,160.65,0.0,2.8782
pob,346,0,3,246.626,160.8299,90.0,0.3598
pob,347,0,0,248.0681,181.0338,0.0,2.8782
pob,347,0,1,249.5072,180.8539,90.0,0.3597
pob,347,0,2,248.0681,180.674,0.0,2.8782
pob,347,0,3,246.629,180.8539,90.0,0.3597
pob,348,0,0,248.0721,221.0807,0.0,2.8782
pob,348,0,1,249.5112,220.9009,90.0,0.3597
pob,348,0,2,248.0721,220.721,0.0,2.8782
pob,348,0,3,246.633,220.9009,90.0,0.3597
pob,349,0,0,248.0741,241.1038,0.0,2.8782
pob,349,0,1,249.5132,240.9239,90.0,0.3597
pob,349,0,2,248.0741,240.744,0.0,2.8782
pob,349,0,3,246.635,240.9239,90.0,0.3597
pob,350,0,0,248.0751,261.1278,0.0,2.8782
pob,350,0,1,249.5142,260.9479,90.0,0.3598
pob,350,0,2,248.0751,260.768,0.0,2.8782
pob,350,0,3,246.636,260.9479,90.0,0.3598
pob,351,0,0,248.0761,281.1508,0.0,2.8782
pob,351,0,1,249.5152,280.9709,90.0,0.3598
pob,351,0,2,248.0761,280.791,0.0,2.8782
pob,351,0,3,246.637,280.9709,90.0,0.3598
pob,352,0,0,248.0771,321.1978,0.0,2.8782
pob,352,0,1,249.5162,321.0179,90.0,0.3598
pob,352,0,2,248.0771,320.838,0.0,2.8782
pob,352,0,3,246.638,321.0179,90.0,0.3598
pob,353,0,0,248.0771,341.2217,0.0,2.8782
pob,353,0,1,249.5162,341.0419,90.0,0.3597
pob,353,0,2,248.0771,340.862,0.0,2.8782
pob,353,0,3,246.638,341.0419,90.0,0.3597
pob,354,0,0,248.0761,361.2448,0.0,2.8782
pob,354,0,1,249.5152,361.0649,90.0,0.3598
pob,354,0,2,248.0761,360.885,0.0,2.8782
pob,354,0,3,246.637,361.0649,90.0,0.3598
pob,355,0,0,248.0731,421.3157,0.0,2.8782
pob,355,0,1,249.5122,421.1359,90.0,0.3597
pob,355,0,2,248.0731,420.956,0.0,2.8782
pob,355,0,3,246.634,421.1359,90.0,0.3597
pob,356,0,0,248.0711,441.3398,0.0,2.8782
pob,356,0,1,249.5102,441.1599,90.0,0.3598
pob,356,0,2,248.0711,440.98,0.0,2.8782
pob,356,0,3,246.632,441.1599,90.0,0.3598
pob,357,0,0,248.0691,461.3628,0.0,2.8782
pob,357,0,1,249.5082,461.1829,90.0,0.3598
pob,357,0,2,248.0691,461.003,0.0,2.8782
pob,357,0,3,246.63,461.1829,90.0,0.3598
pob,358,0,0,248.0671,481.3859,0.0,2.8782
pob,358,0,1,249.5062,481.2059,90.0,0.3599
pob,358,0,2,248.0671,481.026,0.0,2.8782
pob,358,0,3,246.628,481.2059,90.0,0.3599
pob,359,0,0,248.0621,521.4337,0.0,2.8782
pob,359,0,1,249.5012,521.2538,90.0,0.3597
pob,359,0,2,248.0621,521.074,0.0,2.8782
pob,359,0,3,246.623,521.2538,90.0,0.3597
pob,360,0,0,248.0581,541.4567,0.0,2.8782
pob,360,0,1,249.4972,541.2769,90.0,0.3597
pob,360,0,2,248.0581,541.097,0.0,2.8782
pob,360,0,3,246.619,541.2769,90.0,0.3597
pob,361,0,0,30.0649,501.1992,0.0,0.3598
pob,361,0,1,30.2448,499.7601,90.0,2.8782
pob,361,0,2,30.0649,498.321,0.0,0.3598
pob,361,0,3,29.885,499.7601,90.0,2.8782
pob,362,0,0,30.0769,301.0152,0.0,0.3598
pob,362,0,1,30.2568,299.5761,90.0,2.8782
pob,362,0,2,30.0769,298.137,0.0,0.3598
pob,362,0,3,29.897,299.5761,90.0,2.8782
pob,363,0,0,347.831,506.803,135.0,1.2247
pob,363,0,1,348.697,506.803,45.0,1.2247
pob,363,0,2,348.697,507.669,135.0,1.2247
pob,363,0,3,347.831,507.669,45.0,1.2247
pob,364,0,0,349.239,306.246,135.0,1.2247
pob,364,0,1,350.105,306.246,45.0,1.2247
pob,364,0,2,350.105,307.112,135.0,1.2247
pob,364,0,3,349.239,307.112,45.0,1.2247
pob,365,0,0,348.819,106.594,135.0,1.2247
pob,365,0,1,349.685,106.594,45.0,1.2247
pob,365,0,2,349.685,107.46,135.0,1.2247
pob,365,0,3,348.819,107.46,45.0,1.2247
pob,366,0,0,252.648,533.61,134.9999,1.2247
pob,366,0,1,251.782,533.61,45.0001,1.2247
pob,366,0,2,251.782,532.744,134.9999,1.2247
pob,366,0,3,252.648,532.744,45.0001,1.2247
pob,367,0,0,130.663,519.295,135.0,1.2247
pob,367,0,1,129.797,519.295,45.0,1.2247
pob,367,0,2,129.797,518.429,135.0,1.2247
pob,367,0,3,130.663,518.429,45.0,1.2247
pob,368,0,0,249.507,451.0305,90.0034,100.399
pob,369,0,0,254.812,301.0145,179.9978,25.99
pob,370,0,0,283.241,301.014,0.0,12.2
pob,371,0,0,249.513,345.943,90.0036,63.242
pob,372,0,0,296.1315,450.893,0.0,69.761
pob,373,0,0,298.325,440.8605,17.0626,68.3839
pob,374,0,0,270.205,432.2295,17.0714,9.555
pob,374,0,1,274.628,433.3445,63.3954,0.6431
pob,374,0,2,274.412,432.805,74.0532,0.5242
pob,374,0,3,274.34,432.3015,90.0,0.503
pob,374,0,4,274.376,431.942,108.4325,0.2277
pob,374,0,5,274.52,431.618,116.5651,0.483
pob,374,0,6,273.513,431.438,178.1506,2.2311
pob,374,0,7,271.2835,431.438,1.8503,2.2302
pob,374,0,8,269.378,431.2945,7.7392,1.5965
pob,375,0,0,268.9105,449.6705,42.5776,3.6137
pob,375,0,1,265.854,449.167,157.3848,3.7395
pob,375,0,2,261.8625,450.3895,167.4698,4.6416
pob,375,0,3,261.8625,451.3605,11.6596,4.6265
pob,375,0,4,265.854,452.583,23.6261,3.7678
pob,376,0,0,306.3,441.803,45.0008,0.7354
pob,376,0,1,306.3,441.2835,135.0547,0.7347
pob,376,0,2,306.82,441.2835,44.9453,0.7347
pob,376,0,3,306.82,441.803,134.9992,0.7354
pob,377,0,0,238.733,351.149,16.2966,10.577
pob,378,0,0,231.5665,348.5485,5.4577,5.1624
pob,378,0,1,233.896,349.2295,118.8585,0.9945
pob,378,0,2,233.6235,350.1615,93.7453,0.9951
pob,379,0,0,200.811,140.454,45.0,1.0182
pob,379,0,1,200.811,139.7345,135.0401,1.0175
pob,379,0,2,201.531,139.7345,44.9599,1.0175
pob,379,0,3,201.531,140.454,135.0,1.0182
pob,380,0,0,209.475,149.373,45.0,1.0182
pob,380,0,1,209.475,148.6535,135.0401,1.0175
pob,380,0,2,210.195,148.6535,44.9599,1.0175
pob,380,0,3,210.195,149.373,135.0,1.0182
pob,381,0,0,212.161,152.436,45.0,1.0182
pob,381,0,1,212.161,151.7165,135.0401,1.0175
pob,381,0,2,212.881,151.7165,44.9599,1.0175
pob,381,0,3,212.881,152.436,135.0,1.0182
pob,382,0,0,213.961,154.299,45.0,1.0182
pob,382,0,1,213.961,153.5795,135.0401,1.0175
pob,382,0,2,214.681,153.5795,44.9599,1.0175
pob,382,0,3,214.681,154.299,135.0,1.0182
pob,383,0,0,216.615,157.551,45.0,1.0182
pob,383,0,1,216.615,156.8315,135.0401,1.0175
pob,383,0,2,217.335,156.8315,44.9599,1.0175
pob,383,0,3,217.335,157.551,135.0,1.0182
pob,384,0,0,220.383,161.877,45.0,1.0182
pob,384,0,1,220.383,161.1575,135.0401,1.0175
pob,384,0,2,221.103,161.1575,44.9599,1.0175
pob,384,0,3,221.103,161.877,135.0,1.0182
pob,385,0,0,223.605,165.097,45.0,1.0182
pob,385,0,1,223.605,164.3775,135.0401,1.0175
pob,385,0,2,224.325,164.3775,44.9599,1.0175
pob,385,0,3,224.325,165.097,135.0,1.0182
pob,386,0,0,227.428,169.526,45.0,1.0182
pob,386,0,1,227.428,168.8065,135.0401,1.0175
pob,386,0,2,228.148,168.8065,44.9599,1.0175
pob,386,0,3,228.148,169.526,135.0,1.0182
pob,387,0,0,229.474,171.902,45.0,1.0182
pob,387,0,1,229.474,171.1825,135.0401,1.0175
pob,387,0,2,230.194,171.1825,44.9599,1.0175
pob,387,0,3,230.194,171.902,135.0,1.0182
pob,388,0,0,232.625,175.548,45.0,1.0182
pob,388,0,1,232.625,174.8285,135.0401,1.0175
pob,388,0,2,233.345,174.8285,44.9599,1.0175
pob,388,0,3,233.345,175.548,135.0,1.0182
pob,389,0,0,235.39,177.869,45.0,1.0182
pob,389,0,1,235.39,177.1495,135.0401,1.0175
pob,389,0,2,236.11,177.1495,44.9599,1.0175
pob,389,0,3,236.11,177.869,135.0,1.0182
pob,390,0,0,240.229,182.361,45.0,1.0182
pob,390,0,1,240.229,181.6415,135.0401,1.0175
pob,390,0,2,240.949,181.6415,44.9599,1.0175
pob,390,0,3,240.949,182.361,135.0,1.0182
pob,391,0,0,242.977,184.381,45.0,1.0182
pob,391,0,1,242.977,183.6615,135.0401,1.0175
pob,391,0,2,243.697,183.6615,44.9599,1.0175
pob,391,0,3,243.697,184.381,135.0,1.0182
pob,392,0,0,246.693,186.711,45.0,1.0182
pob,392,0,1,246.693,185.9915,135.0401,1.0175
pob,392,0,2,247.413,185.9915,44.9599,1.0175
pob,392,0,3,247.413,186.711,135.0,1.0182
pob,393,0,0,250.683,189.309,45.0,1.0182
pob,393,0,1,250.683,188.5895,135.0401,1.0175
pob,393,0,2,251.403,188.5895,44.9599,1.0175
pob,393,0,3,251.403,189.309,135.0,1.0182
pob,394,0,0,249.5085,230.1705,89.9939,141.649
pob,395,0,0,240.4905,160.4235,133.781,12.6304
pob,396,0,0,234.1645,166.322,122.942,5.1619
pob,396,0,1,235.844,164.5695,56.2785,0.9943
pob,396,0,2,236.545,165.241,31.2596,0.9944
pob,397,0,0,187.775,204.157,45.0,1.0182
pob,397,0,1,187.775,203.4375,135.0401,1.0175
pob,397,0,2,188.495,203.4375,44.9599,1.0175
pob,397,0,3,188.495,204.157,135.0,1.0182
pob,398,0,0,182.468,208.861,45.0,1.0182
pob,398,0,1,182.468,208.1415,135.0401,1.0175
pob,398,0,2,183.188,208.1415,44.9599,1.0175
pob,398,0,3,183.188,208.861,135.0,1.0182
pob,399,0,0,177.381,213.282,45.0,1.0182
pob,399,0,1,177.381,212.5625,135.0401,1.0175
pob,399,0,2,178.101,212.5625,44.9599,1.0175
pob,399,0,3,178.101,213.282,135.0,1.0182
pob,400,0,0,163.312,224.935,45.0,1.0182
pob,400,0,1,163.312,224.2155,135.0401,1.0175
pob,400,0,2,164.032,224.2155,44.9599,1.0175
pob,400,0,3,164.032,224.935,135.0,1.0182
pob,401,0,0,148.59,240.986,45.0,1.0182
pob,401,0,1,148.59,240.2665,135.0401,1.0175
pob,401,0,2,149.31,240.2665,44.9599,1.0175
pob,401,0,3,149.31,240.986,135.0,1.0182
pob,402,0,0,155.776,235.844,45.0,1.0182
pob,402,0,1,155.776,235.1245,135.0401,1.0175
pob,402,0,2,156.496,235.1245,44.9599,1.0175
pob,402,0,3,156.496,235.844,135.0,1.0182
pob,403,0,0,136.072,252.725,45.0,1.0182
pob,403,0,1,136.072,252.0055,135.0401,1.0175
pob,403,0,2,136.792,252.0055,44.9599,1.0175
pob,403,0,3,136.792,252.725,135.0,1.0182
pob,404,0,0,131.361,254.25,45.0,1.0182
pob,404,0,1,131.361,253.5305,135.0401,1.0175
pob,404,0,2,132.081,253.5305,44.9599,1.0175
pob,404,0,3,132.081,254.25,135.0,1.0182
pob,405,0,0,125.439,260.439,45.0,1.0182
pob,405,0,1,125.439,259.7195,135.0401,1.0175
pob,405,0,2,126.159,259.7195,44.9599,1.0175
pob,405,0,3,126.159,260.439,135.0,1.0182
pob,406,0,0,119.934,265.268,45.0,1.0182
pob,406,0,1,119.934,264.5485,135.0401,1.0175
pob,406,0,2,120.654,264.5485,44.9599,1.0175
pob,406,0,3,120.654,265.268,135.0,1.0182
pob,407,0,0,114.174,270.444,45.0,1.0182
pob,407,0,1,114.174,269.7245,135.0401,1.0175
pob,407,0,2,114.894,269.7245,44.9599,1.0175
pob,407,0,3,114.894,270.444,135.0,1.0182
pob,408,0,0,107.649,276.549,45.0,1.0182
pob,408,0,1,107.649,275.8295,135.0401,1.0175
pob,408,0,2,108.369,275.8295,44.9599,1.0175
pob,408,0,3,108.369,276.549,135.0,1.0182
pob,409,0,0,102.61,280.819,45.0,1.0182
pob,409,0,1,102.61,280.0995,135.0401,1.0175
pob,409,0,2,103.33,280.0995,44.9599,1.0175
pob,409,0,3,103.33,280.819,135.0,1.0182
pob,410,0,0,96.544,286.313,45.0,1.0182
pob,410,0,1,96.544,285.5935,135.0401,1.0175
pob,410,0,2,97.264,285.5935,44.9599,1.0175
pob,410,0,3,97.264,286.313,135.0,1.0182
pob,411,0,0,95.675,303.118,45.0,1.0182
pob,411,0,1,95.675,302.3985,135.0401,1.0175
pob,411,0,2,96.395,302.3985,44.9599,1.0175
pob,411,0,3,96.395,303.118,135.0,1.0182
pob,412,0,0,88.322,310.412,45.0,1.0182
pob,412,0,1,88.322,309.6925,135.0401,1.0175
pob,412,0,2,89.042,309.6925,44.9599,1.0175
pob,412,0,3,89.042,310.412,135.0,1.0182
pob,413,0,0,149.7655,207.901,10.4394,25.133
pob,414,0,0,139.907,218.83,79.2803,26.8811
pob,414,0,1,143.227,233.1125,52.7027,2.7065
pob,415,0,0,145.0665,236.3285,41.8594,5.1626
pob,415,0,1,143.5955,234.3975,155.2132,0.9946
pob,415,0,2,144.368,233.809,130.1886,0.9949
pob,416,0,0,164.317,211.075,179.6003,5.1621
pob,416,0,1,161.93,210.6355,112.9789,0.9939
pob,416,0,2,162.106,209.681,87.926,0.9946
pob,417,0,0,127.602,262.914,89.994,76.206
pob,418,0,0,333.184,281.066,45.0,1.0182
pob,418,0,1,333.184,280.3465,135.0401,1.0175
pob,418,0,2,333.904,280.3465,44.9599,1.0175
pob,418,0,3,333.904,281.066,135.0,1.0182
pob,419,0,0,326.217,286.964,45.0,1.0182
pob,419,0,1,326.217,286.2445,135.0401,1.0175
pob,419,0,2,326.937,286.2445,44.9599,1.0175
pob,419,0,3,326.937,286.964,135.0,1.0182
pob,420,0,0,287.523,321.371,45.0,1.0182
pob,420,0,1,287.523,320.6515,135.0401,1.0175
pob,420,0,2,288.243,320.6515,44.9599,1.0175
pob,420,0,3,288.243,321.371,135.0,1.0182
pob,421,0,0,294.209,315.403,45.0,1.0182
pob,421,0,1,294.209,314.6835,135.0401,1.0175
pob,421,0,2,294.929,314.6835,44.9599,1.0175
pob,421,0,3,294.929,315.403,135.0,1.0182
pob,422,0,0,318.968,293.491,45.0,1.0182
pob,422,0,1,318.968,292.7715,135.0401,1.0175
pob,422,0,2,319.6875,292.7715,45.0,1.0168
pob,422,0,3,319.6875,293.491,134.9599,1.0175
pob,423,0,0,311.711,300.357,45.0,1.0182
pob,423,0,1,311.711,299.6375,135.0401,1.0175
pob,423,0,2,312.431,299.6375,44.9599,1.0175
pob,423,0,3,312.431,300.357,135.0,1.0182
pob,424,0,0,303.39,307.802,45.0,1.0182
pob,424,0,1,303.39,307.0825,135.0401,1.0175
pob,424,0,2,304.11,307.0825,44.9599,1.0175
pob,424,0,3,304.11,307.802,135.0,1.0182
pob,425,0,0,302.795,317.4275,166.4856,17.7371
pob,426,0,0,311.588,311.357,92.4348,8.0032
pob,427,0,0,320.4945,301.141,122.5607,33.7296
pob,428,0,0,291.8035,319.5695,155.6443,5.1624
pob,428,0,1,294.1635,319.0025,89.0213,0.9951
pob,428,0,2,294.3905,319.9465,63.9242,0.9942
pob,429,0,0,312.3415,305.0625,81.5905,5.1625
pob,429,0,1,312.2385,307.4875,14.9716,0.9948
pob,429,0,2,311.2685,307.446,169.9231,0.9943
pob,430,0,0,331.2285,285.233,111.7253,5.1627
pob,430,0,1,329.922,287.2785,45.1218,0.9949
pob,430,0,2,329.104,286.756,20.0028,0.9939
pob,431,0,0,69.123,52.6465,90.0,4.787
pob,431,0,1,69.178,55.3275,79.1701,0.5854
pob,431,0,2,69.407,55.8805,56.7608,0.6349
pob,431,0,3,69.846,56.32,33.2908,0.634
pob,431,0,4,70.399,56.549,10.8102,0.5864
pob,431,0,5,72.361,56.604,0.0,3.348
pob,431,0,6,74.588,56.375,157.5049,1.1971
pob,431,0,7,75.37,55.5925,112.4765,1.198
pob,431,0,8,75.599,52.646,90.0,4.786
pob,431,0,9,75.37,49.7,67.5056,1.1971
pob,431,0,10,74.8755,48.9725,33.315,0.6354
pob,431,0,11,74.3225,48.7435,10.7348,0.5852
pob,431,0,12,72.361,48.689,0.0,3.348
pob,431,0,13,69.905,49.471,134.9996,2.2119
pob,432,0,0,243.808,363.3235,90.0,21.381
pob,433,0,0,42.869,453.8935,48.5384,17.2658
pob,434,0,0,34.588,461.2105,48.5308,2.7212
pob,435,0,0,33.208,462.4295,48.5309,2.7212
pob,436,0,0,31.828,463.6485,48.5308,2.7212
pob,437,0,0,30.448,464.8685,48.5308,2.7212
pob,438,0,0,29.068,466.0875,48.5308,2.7212
pob,439,0,0,27.688,467.3065,48.5308,2.7212
pob,440,0,0,26.308,468.5255,48.5308,2.7212
pob,441,0,0,35.969,459.9895,48.5309,2.7212
pob,442,0,0,37.349,458.7705,48.5308,2.7212
pob,443,0,0,38.729,457.5515,48.5309,2.7212
pob,444,0,0,40.109,456.3325,48.5308,2.7212
pob,445,0,0,32.603,456.181,48.5381,3.4374
pob,446,0,0,39.335,463.801,48.5381,3.4374
pob,447,0,0,36.409,449.363,48.55,1.9185
pob,448,0,0,46.571,460.864,48.55,1.9185
pob,449,0,0,41.49,455.1135,48.5308,2.7212
pob,450,0,0,42.254,458.76,48.55,1.9185
pob,451,0,0,37.966,453.906,48.55,1.9185
pob,452,0,0,28.3905,484.1945,22.4975,4.1422
pob,452,0,1,25.6845,481.4885,67.5025,4.1422
pob,452,0,2,25.6845,477.6615,112.4975,4.1422
pob,452,0,3,28.3905,474.9555,157.5025,4.1422
pob,452,0,4,32.2175,474.9555,22.4975,4.1422
pob,452,0,5,34.9235,477.6615,67.5025,4.1422
pob,452,0,6,34.9235,481.4885,112.4975,4.1422
pob,452,0,7,32.2175,484.1945,157.5025,4.1422
pob,453,0,0,24.083,480.3585,45.0177,2.2861
pob,453,0,1,24.083,478.742,134.9999,2.2854
pob,453,0,2,25.699,478.742,45.0001,2.2854
pob,453,0,3,25.699,480.3585,134.9823,2.2861
pob,454,0,0,182.5085,355.686,138.7153,3.11
pob,455,0,0,185.7405,353.4945,127.8712,5.1622
pob,455,0,1,183.9165,355.096,61.2199,0.9949
pob,455,0,2,183.2755,354.3665,36.1671,0.9947
pob,456,0,0,158.074,366.9075,93.4628,1.2252
pob,456,0,1,158.722,366.333,3.4656,1.2242
pob,456,0,2,159.2965,366.9815,93.4158,1.2252
pob,456,0,3,158.6485,367.556,3.4628,1.2252
pob,457,0,0,174.7765,353.7155,138.4497,4.63
pob,458,0,0,178.567,351.004,127.6024,5.1624
pob,458,0,1,176.7505,352.614,60.962,0.9951
pob,458,0,2,176.1065,351.8875,35.913,0.9939
pob,459,0,0,94.017,417.072,159.8873,2.8732
pob,459,0,1,96.6695,417.183,24.8978,2.8741
pob,459,0,2,98.4665,419.137,69.9061,2.8729
pob,459,0,3,98.3555,421.789,114.8879,2.8728
pob,459,0,4,96.402,423.586,159.8873,2.8732
pob,459,0,5,93.7495,423.4755,24.8798,2.8737
pob,459,0,6,91.9525,421.5215,69.9129,2.8738
pob,459,0,7,92.0635,418.869,114.8879,2.8728
pob,460,0,0,279.302,238.846,157.4957,2.7537
pob,460,0,1,276.758,238.846,22.5043,2.7537
pob,460,0,2,274.959,237.047,67.4957,2.7537
pob,460,0,3,274.959,234.503,112.5043,2.7537
pob,460,0,4,276.758,232.704,157.4957,2.7537
pob,460,0,5,279.302,232.704,22.5043,2.7537
pob,460,0,6,281.101,234.503,67.4957,2.7537
pob,460,0,7,281.101,237.047,112.5043,2.7537
pob,461,0,0,353.323,454.18,45.0,1.2247
pob,461,0,1,353.323,453.314,135.0,1.2247
pob,461,0,2,354.189,453.314,45.0,1.2247
pob,461,0,3,354.189,454.18,135.0,1.2247
pob,462,0,0,214.21,483.206,0.0,20.94
pob,462,0,1,224.68,457.8325,90.0,50.747
pob,462,0,2,214.21,432.459,0.0,20.94
pob,462,0,3,203.74,457.8325,90.0,50.747
pob,463,0,0,24.9605,32.241,113.9433,2.7573
pob,463,0,1,26.1765,30.981,0.0,1.313
pob,463,0,2,24.4925,36.094,114.5961,11.2465
pob,463,0,3,19.811,36.094,65.3992,11.2469
pob,463,0,4,18.126,30.981,0.0,1.312
pob,463,0,5,19.3415,32.241,66.0567,2.7573
pob,463,0,6,22.151,33.501,0.0,4.5
pob,463,1,0,22.151,34.581,0.0,3.486
pob,463,1,1,21.28,36.558,66.1989,4.3215
pob,463,1,2,23.023,36.558,113.7768,4.3207
pob,464,0,0,28.5567,40.7031,0.0,1.2613
pob,464,0,1,29.1873,35.8416,90.0,9.7231
pob,464,0,2,28.5567,30.98,0.0,1.2613
pob,464,0,3,27.926,35.8416,90.0,9.7231
pob,465,0,0,34.534,35.303,12.5539,0.5245
pob,465,0,1,33.755,38.032,111.1739,5.7309
pob,465,0,2,31.957,40.704,0.0,1.526
pob,465,0,3,31.194,35.842,90.0,9.724
pob,465,0,4,31.8245,30.98,0.0,1.261
pob,465,0,5,32.455,33.0505,90.0,4.141
pob,465,0,6,32.7145,35.121,0.0,0.519
pob,465,0,7,34.435,33.0505,125.2079,5.0681
pob,465,0,8,36.6155,30.98,0.0,1.439
pob,465,0,9,35.8065,33.113,125.6253,5.2482
pob,465,1,0,32.622,39.624,0.0,0.332
pob,465,1,1,32.821,37.913,91.105,3.4226
pob,465,1,2,32.6545,36.202,0.0,0.399
pob,465,1,3,32.455,37.913,90.0,3.422
pob,466,0,0,40.116,35.121,0.0,0.718
pob,466,0,1,40.209,37.912,95.4442,5.6073
pob,466,0,2,39.2195,40.7029,0.0,1.447
pob,466,0,3,38.496,35.8415,90.0,9.723
pob,466,0,4,39.1265,30.98,0.0,1.261
pob,466,0,5,39.757,33.0505,90.0,4.141
pob,466,1,0,39.9235,39.623,0.0,0.333
pob,466,1,1,40.123,37.9125,91.1052,3.4217
pob,466,1,2,39.9565,36.202,0.0,0.399
pob,466,1,3,39.757,37.9125,90.0,3.421
pob,467,0,0,49.3285,41.0505,2.9986,0.5157
pob,467,0,1,48.8195,40.999,8.5975,0.5087
pob,467,0,2,48.817,35.8935,92.8131,10.1472
pob,467,0,3,49.326,30.814,177.3522,0.5206
pob,467,0,4,49.8455,30.814,2.6529,0.5196
pob,467,0,5,50.3545,35.8935,87.1813,10.1472
pob,467,0,6,50.3525,40.999,171.4025,0.5087
pob,467,0,7,49.8435,41.0505,177.0014,0.5157
pob,467,1,0,49.3915,31.89,177.0539,0.3895
pob,467,1,1,49.007,31.93,171.0278,0.3847
pob,467,1,2,48.9915,35.9605,87.5023,8.0086
pob,467,1,3,49.376,39.9725,3.1359,0.4206
pob,467,1,4,49.795,39.9725,176.8491,0.4186
pob,467,1,5,50.179,35.9605,92.5048,8.0086
pob,467,1,6,50.164,31.93,8.9722,0.3847
pob,467,1,7,49.78,31.89,2.9537,0.3885
pob,468,0,0,59.512,35.303,12.5539,0.5245
pob,468,0,1,58.733,38.032,111.1739,5.7309
pob,468,0,2,56.935,40.704,0.0,1.526
pob,468,0,3,56.172,35.842,90.0,9.724
pob,468,0,4,56.8025,30.98,0.0,1.261
pob,468,0,5,57.433,33.0505,90.0,4.141
pob,468,0,6,57.6925,35.121,0.0,0.519
pob,468,0,7,59.413,33.0505,125.2079,5.0681
pob,468,0,8,61.5935,30.98,0.0,1.439
pob,468,0,9,60.7845,33.113,125.6253,5.2482
pob,468,1,0,57.5995,39.624,0.0,0.333
pob,468,1,1,57.7995,37.913,91.1217,3.4227
pob,468,1,2,57.633,36.202,0.0,0.4
pob,468,1,3,57.433,37.913,90.0,3.422
pob,469,0,0,67.335,39.624,0.0,2.322
pob,469,0,1,68.496,40.164,90.0,1.08
pob,469,0,2,65.5445,40.704,0.0,5.903
pob,469,0,3,62.593,40.164,90.0,1.08
pob,469,0,4,63.754,39.624,0.0,2.322
pob,469,0,5,64.915,35.3025,90.0,8.643
pob,469,0,6,65.5445,30.981,0.0,1.259
pob,470,0,0,74.6645,30.98,0.0,2.021
pob,470,0,1,75.694,35.8415,89.7761,9.7231
pob,470,0,2,74.6835,40.703,0.0,2.059
pob,470,0,3,73.654,35.8415,90.0,9.723
pob,470,1,0,75.127,39.623,0.0,0.426
pob,470,1,1,75.34,35.841,90.0,7.564
pob,470,1,2,75.127,32.059,0.0,0.426
pob,470,1,3,74.914,35.841,90.0,7.564
pob,471,0,0,83.1677,40.7031,0.0,1.2613
pob,471,0,1,83.7983,35.8416,90.0,9.7231
pob,471,0,2,83.1677,30.98,0.0,1.2613
pob,471,0,3,82.537,35.8416,90.0,9.7231
pob,472,0,0,92.2155,32.241,113.9434,2.7573
pob,472,0,1,93.4315,30.981,0.0,1.313
pob,472,0,2,91.7475,36.094,114.5961,11.2465
pob,472,0,3,87.066,36.094,65.3992,11.2469
pob,472,0,4,85.381,30.981,0.0,1.312
pob,472,0,5,86.5965,32.241,66.0566,2.7573
pob,472,0,6,89.406,33.501,0.0,4.5
pob,472,1,0,89.406,34.581,0.0,3.486
pob,472,1,1,88.535,36.558,66.1989,4.3215
pob,472,1,2,90.278,36.558,113.7768,4.3207
pob,473,0,0,100.273,35.3015,90.0,1.081
pob,473,0,1,101.5085,34.761,0.0,2.471
pob,473,0,2,102.699,34.472,81.1492,0.585
pob,473,0,3,102.5475,33.913,68.473,0.5805
pob,473,0,4,99.171,34.7295,161.6205,6.8915
pob,473,0,5,95.911,36.029,87.3116,0.4265
pob,473,0,6,95.949,36.449,82.2967,0.4178
pob,473,0,7,99.0505,37.8255,20.8323,6.577
pob,473,0,8,102.2825,38.832,134.1992,0.4547
pob,473,0,9,102.5795,38.4885,127.4978,0.455
pob,473,0,10,103.1185,38.737,46.9667,1.1738
pob,473,0,11,103.337,39.3835,129.9226,0.5672
pob,473,0,12,102.9495,39.791,137.2436,0.5598
pob,473,0,13,98.803,37.1555,35.6386,9.6984
pob,473,0,14,94.9455,34.1035,110.2364,0.4828
pob,473,0,15,95.133,33.6605,115.6591,0.4804
pob,473,0,16,99.61,34.21,9.9353,8.8792
pob,473,0,17,103.9935,35.22,87.5357,0.4885
pob,473,0,18,104.004,35.653,90.0,0.378
pob,474,0,0,108.895,35.303,12.5539,0.5245
pob,474,0,1,108.116,38.032,111.1739,5.7309
pob,474,0,2,106.318,40.704,0.0,1.526
pob,474,0,3,105.555,35.842,90.0,9.724
pob,474,0,4,106.186,30.98,0.0,1.262
pob,474,0,5,106.817,33.0505,90.0,4.141
pob,474,0,6,107.076,35.121,0.0,0.518
pob,474,0,7,108.796,33.0505,125.2079,5.0681
pob,474,0,8,110.9765,30.98,0.0,1.439
pob,474,0,9,110.1675,33.113,125.6253,5.2482
pob,474,1,0,106.983,39.624,0.0,0.332
pob,474,1,1,107.1825,37.913,91.1217,3.4227
pob,474,1,2,107.016,36.202,0.0,0.4
pob,474,1,3,106.816,37.913,90.0,3.422
pob,475,0,0,119.2675,32.241,113.9434,2.7573
pob,475,0,1,120.4835,30.981,0.0,1.313
pob,475,0,2,118.7995,36.094,114.5961,11.2465
pob,475,0,3,114.118,36.094,65.3992,11.2469
pob,475,0,4,112.433,30.981,0.0,1.312
pob,475,0,5,113.6485,32.241,66.0566,2.7573
pob,475,0,6,116.458,33.501,0.0,4.5
pob,475,1,0,116.458,34.581,0.0,3.486
pob,475,1,1,115.587,36.558,66.1989,4.3215
pob,475,1,2,117.33,36.558,113.7768,4.3207
pob,476,0,0,128.321,34.1765,66.5387,7.3594
pob,476,0,1,129.799,37.552,0.0,0.026
pob,476,0,2,130.3825,34.266,99.8494,6.6703
pob,476,0,3,131.582,30.98,0.0,1.258
pob,476,0,4,131.212,36.119,101.0009,10.4704
pob,476,0,5,128.5345,37.407,66.4494,8.4018
pob,476,0,6,125.177,37.407,113.5569,8.4022
pob,476,0,7,122.4995,36.119,79.0045,10.4702
pob,476,0,8,122.13,30.98,0.0,1.258
pob,476,0,9,123.329,34.252,80.118,6.6426
pob,476,0,10,123.9125,37.524,0.0,0.027
pob,477,0,0,345.0235,24.944,0.0,0.491
pob,477,0,1,345.0325,25.3475,120.3748,0.9354
pob,477,0,2,344.7435,28.084,91.2893,4.6672
pob,477,0,3,344.98,30.917,59.972,1.155
pob,477,0,4,345.0235,31.417,0.0,0.491
pob,477,0,5,344.507,30.9935,57.3864,1.0056
pob,477,0,6,344.0895,28.4975,85.9566,4.1553
pob,477,0,7,344.1325,26.0275,115.4872,0.8808
pob,478,0,0,346.7535,26.317,0.0,0.687
pob,478,0,1,347.097,27.1995,90.0,1.765
pob,478,0,2,347.4765,28.451,44.1953,1.0586
pob,478,0,3,348.822,27.5685,127.6634,3.1619
pob,478,0,4,350.2085,26.317,0.0,0.841
pob,478,0,5,349.482,27.8015,127.6916,3.752
pob,478,0,6,349.4325,30.352,44.166,3.06
pob,478,0,7,350.058,31.418,0.0,0.944
pob,478,0,8,348.3415,30.208,44.1947,3.4715
pob,478,0,9,347.097,30.208,90.0,2.42
pob,478,0,10,346.7535,31.418,0.0,0.687
pob,479,0,0,351.7245,26.317,0.0,0.687
pob,479,0,1,352.068,27.347,90.0,2.06
pob,479,0,2,352.686,28.377,0.0,1.236
pob,479,0,3,353.54,28.3905,3.2713,0.4728
pob,479,0,4,354.3935,28.868,36.9226,1.5448
pob,479,0,5,355.048,29.476,75.5872,0.2973
pob,479,0,6,355.097,29.778,85.6597,0.3169
pob,479,0,7,354.538,30.6525,128.5527,1.8324
pob,479,0,8,353.5955,31.3935,176.2261,0.7446
pob,479,0,9,352.3025,31.418,0.0,1.843
pob,479,0,10,351.381,28.8675,90.0,5.101
pob,479,1,0,352.068,29.897,90.0,1.864
pob,479,1,1,352.6765,30.829,0.0,1.217
pob,479,1,2,353.5795,30.806,175.5325,0.5908
pob,479,1,3,353.985,30.726,152.8145,0.2496
pob,479,1,4,354.1835,30.572,132.0598,0.2613
pob,479,1,5,354.3275,30.3465,113.7285,0.2808
pob,479,1,6,354.4035,30.067,97.3586,0.3045
pob,479,1,7,354.3905,29.7145,80.8377,0.4082
pob,479,1,8,354.2615,29.3635,57.1603,0.3559
pob,479,1,9,353.9925,29.1205,28.4526,0.3924
pob,479,1,10,353.5595,28.996,6.7877,0.5247
pob,479,1,11,352.6835,28.965,0.0,1.231
pob,480,0,0,356.1915,28.471,96.1596,0.6618
pob,480,0,1,356.3325,27.8315,108.7671,0.6558
pob,480,0,2,358.6515,28.1895,16.8046,4.6245
pob,480,0,3,360.829,29.222,95.6497,0.7316
pob,480,0,4,360.685,29.9095,108.4625,0.6821
pob,480,0,5,358.4485,30.0835,4.0179,4.2675
pob,480,0,6,356.258,29.6675,76.9031,0.5472
pob,480,0,7,356.176,29.1005,86.1915,0.6023
pob,480,1,0,356.8585,29.058,86.6802,0.5349
pob,480,1,1,356.92,29.5515,78.5187,0.4623
pob,480,1,2,358.572,29.321,164.1159,3.3395
pob,480,1,3,360.1625,28.631,86.1934,0.467
pob,480,1,4,360.1035,28.1945,77.9346,0.4162
pob,480,1,5,358.5105,27.978,0.4807,3.0991
pob,480,1,6,356.9165,28.1585,102.9491,0.3971
pob,480,1,7,356.8575,28.5715,93.7781,0.44
pob,481,0,0,363.047,26.317,0.0,1.882
pob,481,0,1,364.6445,27.5965,62.8379,2.8762
pob,481,0,2,365.103,28.9695,154.7279,0.4379
pob,481,0,3,365.0655,29.1645,32.3109,0.3798
pob,481,0,4,364.6035,30.342,120.0502,2.4862
pob,481,0,5,363.0435,31.418,0.0,1.875
pob,481,0,6,362.106,28.8675,90.0,5.101
pob,481,1,0,362.793,30.0445,90.0,1.569
pob,481,1,1,363.279,30.829,0.0,0.972
pob,481,1,2,363.987,30.82,177.6778,0.4444
pob,481,1,3,364.356,30.783,169.2102,0.2993
pob,481,1,4,364.5985,30.703,151.4319,0.2175
pob,481,1,5,364.764,30.5695,130.6622,0.2148
pob,481,1,6,364.878,30.381,112.3514,0.2314
pob,481,1,7,364.9365,30.153,96.8331,0.2437
pob,481,1,8,364.935,29.907,82.7029,0.252
pob,481,1,9,364.873,29.68,65.7345,0.2238
pob,481,1,10,364.7495,29.5,45.1855,0.2199
pob,481,1,11,364.5645,29.3705,25.5907,0.2384
pob,481,1,12,364.1505,29.289,5.59,0.6159
pob,481,1,13,363.3185,29.259,0.0,1.051
pob,481,2,0,362.793,27.788,90.0,1.766
pob,481,2,1,363.355,28.671,0.0,1.124
pob,481,2,2,364.121,28.6605,177.054,0.4085
pob,481,2,3,364.4765,28.6175,167.8922,0.3099
pob,481,2,4,364.7365,28.526,151.4686,0.247
pob,481,2,5,364.928,28.3765,132.5174,0.2456
pob,481,2,6,365.0615,28.1705,113.6175,0.2521
pob,481,2,7,365.1295,27.9215,97.4633,0.2692
pob,481,2,8,365.135,27.6725,84.0722,0.2323
pob,481,2,9,365.0865,27.456,70.1282,0.2148
pob,481,2,10,364.9285,27.2125,49.5501,0.3746
pob,481,2,11,364.6215,27.0,20.6763,0.3965
pob,481,2,12,364.2175,26.9175,3.2696,0.4377
pob,481,2,13,363.3955,26.905,0.0,1.207
pob,482,0,0,367.304,25.2875,56.5414,0.8235
pob,482,0,1,367.5745,28.1005,88.9911,4.9397
pob,482,0,2,367.3475,30.994,122.5353,1.0059
pob,482,0,3,366.8315,31.418,0.0,0.491
pob,482,0,4,366.877,30.913,119.952,1.1657
pob,482,0,5,367.1135,28.0795,88.6591,4.6583
pob,482,0,6,366.8225,25.3475,59.6252,0.9354
pob,483,0,0,279.418,40.572,90.0,0.47
pob,483,0,1,278.378,40.8069,0.0,2.08
pob,483,0,2,277.338,38.6895,90.0,4.235
pob,483,0,3,277.613,36.572,0.0,0.55
pob,483,0,4,277.888,37.631,90.0,2.118
pob,483,0,5,278.6275,38.69,0.0,1.479
pob,483,0,6,279.367,38.925,90.0,0.47
pob,483,0,7,278.6275,39.16,0.0,1.479
pob,483,0,8,277.888,39.7485,90.0,1.177
pob,484,0,0,282.086,40.958,3.0726,0.2243
pob,484,0,1,281.864,40.9355,8.5203,0.2225
pob,484,0,2,281.863,38.7115,92.8266,4.4204
pob,484,0,3,282.085,36.499,177.4796,0.2262
pob,484,0,4,282.311,36.499,2.5204,0.2262
pob,484,0,5,282.5325,38.7115,87.1864,4.4204
pob,484,0,6,282.5315,40.9355,171.4411,0.2215
pob,484,0,7,282.31,40.958,176.9274,0.2243
pob,484,1,0,282.113,36.968,177.3074,0.1702
pob,484,1,1,281.9455,36.9855,170.7131,0.1672
pob,484,1,2,281.939,38.7415,87.503,3.4884
pob,484,1,3,282.1065,40.489,3.1306,0.1833
pob,484,1,4,282.2895,40.489,176.8694,0.1833
pob,484,1,5,282.457,38.7415,92.497,3.4884
pob,484,1,6,282.45,36.9855,9.2316,0.1682
pob,484,1,7,282.2825,36.968,2.7086,0.1692
pob,485,0,0,286.6675,38.455,12.635,0.2285
pob,485,0,1,286.3285,39.6435,111.1659,2.4954
pob,485,0,2,285.5455,40.807,0.0,0.665
pob,485,0,3,285.213,38.6895,90.0,4.235
pob,485,0,4,285.4875,36.572,0.0,0.549
pob,485,0,5,285.762,37.474,90.0,1.804
pob,485,0,6,285.875,38.376,0.0,0.226
pob,485,0,7,286.6245,37.474,125.2091,2.2079
pob,485,0,8,287.5745,36.572,0.0,0.627
pob,485,0,9,287.222,37.501,125.6372,2.2861
pob,485,1,0,285.8345,40.337,0.0,0.145
pob,485,1,1,285.9215,39.5915,91.114,1.4912
pob,485,1,2,285.849,38.846,0.0,0.174
pob,485,1,3,285.762,39.5915,90.0,1.491
pob,486,0,0,290.2225,40.337,0.0,1.011
pob,486,0,1,290.728,40.572,90.0,0.47
pob,486,0,2,289.4425,40.8069,0.0,2.571
pob,486,0,3,288.157,40.572,90.0,0.47
pob,486,0,4,288.663,40.337,0.0,1.012
pob,486,0,5,289.169,38.4545,90.0,3.765
pob,486,0,6,289.443,36.572,0.0,0.548
pob,487,0,0,293.7625,36.572,0.0,0.987
pob,487,0,1,294.6405,37.6765,70.8055,2.339
pob,487,0,2,294.9365,38.806,164.2296,0.1839
pob,487,0,3,294.848,38.8365,90.0,0.011
pob,487,0,4,294.947,38.91,34.4815,0.2402
pob,487,0,5,294.426,39.8925,124.1367,2.2097
pob,487,0,6,293.5375,40.807,0.0,0.537
pob,487,0,7,293.269,38.6895,90.0,4.235
pob,487,1,0,293.8895,40.337,0.0,0.143
pob,487,1,1,293.9555,39.631,89.5542,1.412
pob,487,1,2,293.884,38.925,0.0,0.132
pob,487,1,3,293.818,39.631,90.0,1.412
pob,487,2,0,293.977,38.533,0.0,0.318
pob,487,2,1,294.169,37.7875,92.5349,1.4925
pob,487,2,2,294.0105,37.042,0.0,0.383
pob,487,2,3,293.819,37.787,90.0,1.4901
pob,488,0,0,298.0065,38.455,12.635,0.2285
pob,488,0,1,297.6675,39.6435,111.1659,2.4954
pob,488,0,2,296.8845,40.807,0.0,0.665
pob,488,0,3,296.552,38.6895,90.0,4.235
pob,488,0,4,296.8265,36.572,0.0,0.549
pob,488,0,5,297.101,37.474,90.0,1.804
pob,488,0,6,297.214,38.376,0.0,0.226
pob,488,0,7,297.9635,37.474,125.2091,2.2079
pob,488,0,8,298.9135,36.572,0.0,0.627
pob,488,0,9,298.561,37.501,125.6372,2.2861
pob,488,1,0,297.1735,40.337,0.0,0.145
pob,488,1,1,297.2605,39.5915,91.114,1.4912
pob,488,1,2,297.188,38.846,0.0,0.174
pob,488,1,3,297.101,39.5915,90.0,1.491
pob,489,0,0,302.6705,37.121,113.9184,1.2012
pob,489,0,1,303.2,36.572,0.0,0.572
pob,489,0,2,302.4665,38.799,114.5977,4.8986
pob,489,0,3,300.4275,38.799,65.4023,4.8986
pob,489,0,4,299.694,36.572,0.0,0.572
pob,489,0,5,300.2235,37.121,66.0816,1.2012
pob,489,0,6,301.447,37.67,0.0,1.96
pob,489,1,0,301.447,38.14,0.0,1.518
pob,489,1,1,301.0675,39.0015,66.2262,1.8828
pob,489,1,2,301.8265,39.0015,113.7738,1.8828
pob,490,0,0,306.328,38.4545,90.0,0.471
pob,490,0,1,306.866,38.219,0.0,1.076
pob,490,0,2,307.3845,38.093,81.2028,0.255
pob,490,0,3,307.3185,37.8495,68.4106,0.2527
pob,490,0,4,305.8475,38.2055,161.6129,3.0023
pob,490,0,5,304.4275,38.772,87.2286,0.1862
pob,490,0,6,304.4445,38.955,82.0944,0.1817
pob,490,0,7,305.7955,39.554,20.8207,2.864
pob,490,0,8,307.203,39.9925,134.3858,0.1973
pob,490,0,9,307.332,39.843,127.2118,0.1984
pob,490,0,10,307.5665,39.951,46.9823,0.5116
pob,490,0,11,307.662,40.2325,129.8892,0.2464
pob,490,0,12,307.4935,40.41,137.1683,0.2441
pob,490,0,13,305.6875,39.2625,35.6356,4.224
pob,490,0,14,304.0075,37.9335,110.3359,0.2101
pob,490,0,15,304.089,37.7405,115.4594,0.2094
pob,490,0,16,306.039,37.98,9.9449,3.8681
pob,490,0,17,307.9485,38.42,87.5681,0.2122
pob,490,0,18,307.953,38.6085,90.0,0.165
pob,491,0,0,310.994,38.4545,90.0,0.471
pob,491,0,1,311.532,38.219,0.0,1.076
pob,491,0,2,312.0505,38.093,81.2028,0.255
pob,491,0,3,311.985,37.8495,68.6232,0.2523
pob,491,0,4,310.5145,38.2055,161.6129,3.0023
pob,491,0,5,309.094,38.772,87.5382,0.1861
pob,491,0,6,309.1105,38.955,82.0944,0.1817
pob,491,0,7,310.462,39.554,20.8136,2.865
pob,491,0,8,311.87,39.9925,134.3858,0.1973
pob,491,0,9,311.999,39.843,127.2118,0.1984
pob,491,0,10,312.2335,39.951,46.9823,0.5116
pob,491,0,11,312.3285,40.2325,130.0684,0.247
pob,491,0,12,312.1595,40.41,137.1683,0.2441
pob,491,0,13,310.3535,39.2625,35.6356,4.224
pob,491,0,14,308.6735,37.9335,110.3359,0.2101
pob,491,0,15,308.7555,37.7405,115.7077,0.2098
pob,491,0,16,310.7055,37.98,9.9475,3.8671
pob,491,0,17,312.6145,38.42,87.5681,0.2122
pob,491,0,18,312.619,38.6085,90.0,0.165
pob,492,0,0,313.6835,36.44,67.0705,1.6504
pob,492,0,1,313.523,35.6165,158.4819,0.3461
pob,492,0,2,314.0725,36.291,62.2356,1.668
pob,493,0,0,317.5015,36.572,0.0,0.549
pob,493,0,1,317.776,38.168,90.0,3.192
pob,493,0,2,319.3445,38.0805,132.9746,4.6019
pob,493,0,3,320.913,38.602,90.0,4.41
pob,493,0,4,320.6385,40.807,0.0,0.549
pob,493,0,5,320.364,39.2615,90.0,3.091
pob,493,0,6,318.7955,39.363,133.6014,4.5488
pob,494,0,0,323.73,40.958,3.0726,0.2243
pob,494,0,1,323.508,40.9355,8.5203,0.2225
pob,494,0,2,323.5065,38.7115,92.814,4.4204
pob,494,0,3,323.7285,36.499,177.4904,0.2272
pob,494,0,4,323.9545,36.499,2.5317,0.2252
pob,494,0,5,324.176,38.7115,87.1734,4.4204
pob,494,0,6,324.1755,40.9355,171.4411,0.2215
pob,494,0,7,323.9535,40.958,176.9411,0.2253
pob,494,1,0,323.757,36.968,177.3074,0.1702
pob,494,1,1,323.5895,36.9855,170.7131,0.1672
pob,494,1,2,323.583,38.7415,87.503,3.4884
pob,494,1,3,323.7505,40.489,3.1306,0.1833
pob,494,1,4,323.933,40.489,176.8521,0.1823
pob,494,1,5,324.1005,38.7415,92.5135,3.4884
pob,494,1,6,324.094,36.9855,9.2316,0.1682
pob,494,1,7,323.9265,36.968,2.7086,0.1692
pob,495,0,0,328.3125,38.455,12.635,0.2285
pob,495,0,1,327.9735,39.6435,111.1659,2.4954
pob,495,0,2,327.1905,40.807,0.0,0.665
pob,495,0,3,326.858,38.6895,90.0,4.235
pob,495,0,4,327.1325,36.572,0.0,0.549
pob,495,0,5,327.407,37.474,90.0,1.804
pob,495,0,6,327.52,38.376,0.0,0.226
pob,495,0,7,328.2695,37.474,125.2091,2.2079
pob,495,0,8,329.2195,36.572,0.0,0.627
pob,495,0,9,328.867,37.501,125.6372,2.2861
pob,495,1,0,327.4795,40.337,0.0,0.145
pob,495,1,1,327.5665,39.5915,91.114,1.4912
pob,495,1,2,327.494,38.846,0.0,0.174
pob,495,1,3,327.407,39.5915,90.0,1.491
pob,496,0,0,331.8675,40.337,0.0,1.011
pob,496,0,1,332.373,40.572,90.0,0.47
pob,496,0,2,331.0875,40.8069,0.0,2.571
pob,496,0,3,329.802,40.572,90.0,0.47
pob,496,0,4,330.308,40.337,0.0,1.012
pob,496,0,5,330.814,38.4545,90.0,3.765
pob,496,0,6,331.088,36.572,0.0,0.548
pob,497,0,0,333.571,39.945,90.0,1.726
pob,497,0,1,333.2965,40.808,0.0,0.549
pob,497,0,2,333.022,38.6906,90.0,4.235
pob,497,0,3,333.2965,36.5731,0.0,0.549
pob,497,0,4,333.571,37.5926,90.0,2.039
pob,497,0,5,334.5515,38.6121,0.0,1.961
pob,497,0,6,335.532,37.5926,90.0,2.039
pob,497,0,7,335.8065,36.5731,0.0,0.549
pob,497,0,8,336.081,38.6906,90.0,4.235
pob,497,0,9,335.8065,40.808,0.0,0.549
pob,497,0,10,335.532,39.945,90.0,1.726
pob,498,0,0,341.9815,40.747,153.7059,0.28
pob,498,0,1,341.851,38.734,89.8622,4.15
pob,498,0,2,341.9765,36.721,25.4176,0.289
pob,498,0,3,342.107,37.0975,90.0,0.629
pob,498,0,4,341.9805,37.316,37.198,0.3176
pob,498,0,5,341.856,38.7355,89.9244,3.031
pob,498,0,6,341.982,40.1595,143.5772,0.3082
pob,499,0,0,345.7725,37.121,113.9184,1.2012
pob,499,0,1,346.302,36.572,0.0,0.572
pob,499,0,2,345.5685,38.799,114.5977,4.8986
pob,499,0,3,343.5295,38.799,65.4023,4.8986
pob,499,0,4,342.796,36.572,0.0,0.572
pob,499,0,5,343.3255,37.121,66.0816,1.2012
pob,499,0,6,344.549,37.67,0.0,1.96
pob,499,1,0,344.549,38.14,0.0,1.518
pob,499,1,1,344.1695,39.0015,66.2262,1.8828
pob,499,1,2,344.9285,39.0015,113.7738,1.8828
pob,500,0,0,348.6665,38.455,12.635,0.2285
pob,500,0,1,348.3275,39.6435,111.1659,2.4954
pob,500,0,2,347.5445,40.807,0.0,0.665
pob,500,0,3,347.212,38.6895,90.0,4.235
pob,500,0,4,347.487,36.572,0.0,0.55
pob,500,0,5,347.762,37.474,90.0,1.804
pob,500,0,6,347.875,38.376,0.0,0.226
pob,500,0,7,348.624,37.474,125.1877,2.2073
pob,500,0,8,349.5735,36.572,0.0,0.627
pob,500,0,9,349.221,37.501,125.6372,2.2861
pob,500,1,0,347.8335,40.337,0.0,0.145
pob,500,1,1,347.9205,39.5915,91.114,1.4912
pob,500,1,2,347.848,38.846,0.0,0.174
pob,500,1,3,347.761,39.5915,90.0,1.491
pob,501,0,0,352.348,40.958,3.0726,0.2243
pob,501,0,1,352.126,40.9355,8.5203,0.2225
pob,501,0,2,352.125,38.7115,92.8266,4.4204
pob,501,0,3,352.347,36.499,177.4796,0.2262
pob,501,0,4,352.573,36.499,2.5204,0.2262
pob,501,0,5,352.795,38.7115,87.1734,4.4204
pob,501,0,6,352.794,40.9355,171.4797,0.2225
pob,501,0,7,352.572,40.958,176.9274,0.2243
pob,501,1,0,352.375,36.968,177.3074,0.1702
pob,501,1,1,352.2075,36.9855,170.7131,0.1672
pob,501,1,2,352.201,38.7415,87.503,3.4884
pob,501,1,3,352.3685,40.489,3.1306,0.1833
pob,501,1,4,352.551,40.489,176.8521,0.1823
pob,501,1,5,352.718,38.7415,92.4975,3.4884
pob,501,1,6,352.7115,36.9855,9.2852,0.1672
pob,501,1,7,352.5445,36.968,2.7086,0.1692
pob,502,0,0,355.7505,40.807,0.0,0.549
pob,502,0,1,355.476,38.6895,90.0,4.235
pob,502,0,2,356.397,36.572,0.0,1.842
pob,502,0,3,357.318,36.807,90.0,0.47
pob,502,0,4,356.6715,37.042,0.0,1.293
pob,503,0,0,358.1857,40.807,0.0,0.5494
pob,503,0,1,358.4604,38.6895,90.0,4.235
pob,503,0,2,358.1857,36.572,0.0,0.5494
pob,503,0,3,357.911,38.6895,90.0,4.235
pob,504,0,0,359.7565,36.572,0.0,0.549
pob,504,0,1,360.031,38.168,90.0,3.192
pob,504,0,2,361.5995,38.0805,132.9746,4.6019
pob,504,0,3,363.168,38.602,90.0,4.41
pob,504,0,4,362.8935,40.807,0.0,0.549
pob,504,0,5,362.619,39.2615,90.0,3.091
pob,504,0,6,361.0505,39.363,133.6014,4.5488
pob,505,0,0,366.9685,37.121,113.9184,1.2012
pob,505,0,1,367.498,36.572,0.0,0.572
pob,505,0,2,366.7645,38.799,114.5977,4.8986
pob,505,0,3,364.7255,38.799,65.4023,4.8986
pob,505,0,4,363.992,36.572,0.0,0.572
pob,505,0,5,364.5215,37.121,66.0816,1.2012
pob,505,0,6,365.745,37.67,0.0,1.96
pob,505,1,0,365.745,38.14,0.0,1.518
pob,505,1,1,365.3655,39.0015,66.2262,1.8828
pob,505,1,2,366.1245,39.0015,113.7738,1.8828
pob,506,0,0,19.645,567.5985,51.6049,2.2316
pob,506,0,1,19.1815,569.064,152.9319,2.5975
pob,506,0,2,18.0,569.517,79.7318,0.2805
pob,506,0,3,18.2405,569.379,0.0,0.531
pob,506,0,4,18.5185,569.459,81.1195,0.1619
pob,506,0,5,19.1565,569.052,142.0965,1.5855
pob,506,0,6,18.85,567.4095,51.1111,2.969
pob,506,0,7,19.2745,566.254,0.0,2.713
pob,506,0,8,20.631,566.489,90.0,0.47
pob,507,0,0,24.099,570.254,90.0,0.47
pob,507,0,1,23.263,570.489,0.0,1.672
pob,507,0,2,22.099,569.3995,73.2453,2.2756
pob,507,0,3,21.822,568.31,0.0,0.102
pob,507,0,4,21.9535,568.389,44.4611,0.2256
pob,507,0,5,22.86,568.0755,154.5838,1.829
pob,507,0,6,23.6755,567.579,84.2349,0.2091
pob,507,0,7,23.6355,567.3785,73.0015,0.2018
pob,507,0,8,22.735,567.153,8.4246,1.761
pob,507,0,9,21.8205,567.084,125.9423,0.1482
pob,507,0,10,21.746,567.209,115.4975,0.144
pob,507,0,11,21.517,567.089,43.0561,0.542
pob,507,0,12,21.372,566.822,122.8766,0.1953
pob,507,0,13,22.1265,567.948,59.8557,2.7938
pob,507,0,14,22.6785,569.1475,3.2538,0.2995
pob,507,0,15,22.6615,569.579,73.2411,0.919
pob,508,0,0,26.695,567.5985,51.6049,2.2316
pob,508,0,1,26.2315,569.064,152.9319,2.5975
pob,508,0,2,25.05,569.517,79.7318,0.2805
pob,508,0,3,25.2905,569.379,0.0,0.531
pob,508,0,4,25.5685,569.459,81.1195,0.1619
pob,508,0,5,26.2065,569.052,142.0965,1.5855
pob,508,0,6,25.9,567.4095,51.1111,2.969
pob,508,0,7,26.3245,566.254,0.0,2.713
pob,508,0,8,27.681,566.489,90.0,0.47
pob,509,0,0,29.5595,568.2425,58.2694,4.1774
pob,509,0,1,28.6665,566.321,144.7933,0.503
pob,509,0,2,30.196,568.3325,58.4518,5.061
pob,509,0,3,29.9905,570.489,0.0,3.059
pob,509,0,4,28.461,570.254,90.0,0.47
pob,510,0,0,34.674,570.254,90.0,0.47
pob,510,0,1,33.838,570.489,0.0,1.672
pob,510,0,2,32.674,569.3995,73.2453,2.2756
pob,510,0,3,32.397,568.31,0.0,0.102
pob,510,0,4,32.5285,568.389,44.4605,0.2256
pob,510,0,5,33.435,568.0755,154.5838,1.829
pob,510,0,6,34.2505,567.579,84.2349,0.2091
pob,510,0,7,34.2105,567.3785,73.001,0.2018
pob,510,0,8,33.31,567.153,8.4246,1.761
pob,510,0,9,32.3955,567.084,125.9417,0.1482
pob,510,0,10,32.321,567.209,115.4975,0.144
pob,510,0,11,32.092,567.089,43.0559,0.542
pob,510,0,12,31.947,566.822,122.8766,0.1953
pob,510,0,13,32.7015,567.948,59.8557,2.7938
pob,510,0,14,33.2535,569.1475,3.2538,0.2995
pob,510,0,15,33.2365,569.579,73.2411,0.919
pob,511,0,0,345.0235,562.005,0.0,0.491
pob,511,0,1,345.0325,562.4085,120.3751,0.9354
pob,511,0,2,344.7435,565.145,91.2893,4.6672
pob,511,0,3,344.98,567.9785,59.9968,1.1559
pob,511,0,4,345.0235,568.479,0.0,0.491
pob,511,0,5,344.507,568.055,57.4156,1.0064
pob,511,0,6,344.0895,565.5585,85.9566,4.1553
pob,511,0,7,344.1325,563.0885,115.4884,0.8807
pob,512,0,0,346.7535,563.378,0.0,0.687
pob,512,0,1,347.097,564.2605,90.0,1.765
pob,512,0,2,347.4765,565.512,44.1962,1.0586
pob,512,0,3,348.822,564.6295,127.6633,3.1619
pob,512,0,4,350.2085,563.378,0.0,0.841
pob,512,0,5,349.482,564.8625,127.6916,3.752
pob,512,0,6,349.4325,567.413,44.1658,3.06
pob,512,0,7,350.058,568.479,0.0,0.944
pob,512,0,8,348.3415,567.269,44.1949,3.4715
pob,512,0,9,347.097,567.269,90.0,2.42
pob,512,0,10,346.7535,568.479,0.0,0.687
pob,513,0,0,351.7245,563.378,0.0,0.687
pob,513,0,1,352.068,564.408,90.0,2.06
pob,513,0,2,352.686,565.438,0.0,1.236
pob,513,0,3,353.54,565.4515,3.2741,0.4728
pob,513,0,4,354.3935,565.929,36.9215,1.5448
pob,513,0,5,355.048,566.537,75.5889,0.2974
pob,513,0,6,355.097,566.839,85.6591,0.3169
pob,513,0,7,354.538,567.713,128.5718,1.8316
pob,513,0,8,353.5955,568.454,176.1502,0.7447
pob,513,0,9,352.3025,568.479,0.0,1.843
pob,513,0,10,351.381,565.9285,90.0,5.101
pob,513,1,0,352.068,566.958,90.0,1.864
pob,513,1,1,352.6765,567.89,0.0,1.217
pob,513,1,2,353.5795,567.867,175.5344,0.5908
pob,513,1,3,353.985,567.787,152.8176,0.2495
pob,513,1,4,354.1835,567.633,132.0554,0.2613
pob,513,1,5,354.3275,567.4075,113.7301,0.2807
pob,513,1,6,354.4035,567.1275,97.3346,0.3055
pob,513,1,7,354.3905,566.7745,80.8373,0.4082
pob,513,1,8,354.2615,566.4235,57.1593,0.3559
pob,513,1,9,353.9925,566.1805,28.4589,0.3924
pob,513,1,10,353.5595,566.0565,6.6779,0.5246
pob,513,1,11,352.6835,566.026,0.0,1.231
pob,514,0,0,356.1915,565.531,96.1598,0.6618
pob,514,0,1,356.3325,564.8915,108.7664,0.6559
pob,514,0,2,358.6515,565.2495,16.8049,4.6245
pob,514,0,3,360.829,566.282,95.6499,0.7316
pob,514,0,4,360.685,566.9695,108.4618,0.6821
pob,514,0,5,358.4485,567.1435,4.0177,4.2675
pob,514,0,6,356.258,566.7275,76.9041,0.5472
pob,514,0,7,356.176,566.1605,86.1914,0.6023
pob,514,1,0,356.8585,566.1185,86.6864,0.5359
pob,514,1,1,356.92,566.612,78.4939,0.4613
pob,514,1,2,358.572,566.3815,164.1324,3.3392
pob,514,1,3,360.1625,565.692,86.1934,0.467
pob,514,1,4,360.1035,565.255,77.9621,0.4172
pob,514,1,5,358.5105,565.0385,0.4622,3.0991
pob,514,1,6,356.9165,565.2195,102.9499,0.3971
pob,514,1,7,356.8575,565.632,93.7869,0.439
pob,515,0,0,363.047,563.378,0.0,1.882
pob,515,0,1,364.6445,564.6575,62.8377,2.8762
pob,515,0,2,365.103,566.0305,154.722,0.4379
pob,515,0,3,365.0655,566.2255,32.3104,0.3798
pob,515,0,4,364.6035,567.403,120.0506,2.4862
pob,515,0,5,363.0435,568.479,0.0,1.875
pob,515,0,6,362.106,565.9285,90.0,5.101
pob,515,1,0,362.793,567.1055,90.0,1.569
pob,515,1,1,363.279,567.89,0.0,0.972
pob,515,1,2,363.987,567.881,177.6783,0.4444
pob,515,1,3,364.356,567.8445,169.404,0.2991
pob,515,1,4,364.5985,567.7645,151.202,0.218
pob,515,1,5,364.764,567.6305,130.6559,0.2149
pob,515,1,6,364.878,567.442,112.3562,0.2314
pob,515,1,7,364.9365,567.214,96.8315,0.2437
pob,515,1,8,364.935,566.968,82.7029,0.252
pob,515,1,9,364.873,566.741,65.7303,0.2238
pob,515,1,10,364.7495,566.561,45.1845,0.2199
pob,515,1,11,364.5645,566.4315,25.5978,0.2384
pob,515,1,12,364.1505,566.3505,5.4976,0.6158
pob,515,1,13,363.3185,566.321,0.0,1.051
pob,515,2,0,362.793,564.849,90.0,1.766
pob,515,2,1,363.355,565.732,0.0,1.124
pob,515,2,2,364.121,565.7215,177.0535,0.4085
pob,515,2,3,364.4765,565.6785,167.8926,0.3099
pob,515,2,4,364.7365,565.587,151.4647,0.247
pob,515,2,5,364.928,565.4375,132.5223,0.2456
pob,515,2,6,365.0615,565.2315,113.6192,0.2521
pob,515,2,7,365.1295,564.9825,97.4624,0.2693
pob,515,2,8,365.135,564.7335,84.0717,0.2322
pob,515,2,9,365.0865,564.5165,70.2215,0.2157
pob,515,2,10,364.9285,564.2725,49.5467,0.3745
pob,515,2,11,364.6215,564.0605,20.539,0.3962
pob,515,2,12,364.2175,563.9785,3.2746,0.4377
pob,515,2,13,363.3955,563.966,0.0,1.207
pob,516,0,0,367.304,562.3485,56.5409,0.8235
pob,516,0,1,367.5745,565.1615,88.9911,4.9398
pob,516,0,2,367.3475,568.055,122.536,1.0059
pob,516,0,3,366.8315,568.479,0.0,0.491
pob,516,0,4,366.877,567.974,119.9522,1.1657
pob,516,0,5,367.1135,565.1405,88.6591,4.6583
pob,516,0,6,366.8225,562.4085,59.6249,0.9354
pob,517,0,0,185.0915,557.171,0.0,0.553
pob,517,0,1,185.368,557.4065,90.0,0.471
pob,517,0,2,184.817,557.642,0.0,1.102
pob,517,0,3,184.266,554.8185,90.0,5.647
pob,517,0,4,184.817,551.995,0.0,1.102
pob,517,0,5,185.368,552.2305,90.0,0.471
pob,517,0,6,185.0915,552.466,0.0,0.553
pob,518,0,0,186.282,555.9895,90.0,2.677
pob,518,0,1,187.851,554.651,0.0,3.138
pob,518,0,2,189.42,555.9895,90.0,2.677
pob,518,0,3,189.145,557.328,0.0,0.55
pob,518,0,4,188.87,556.0805,90.0,2.495
pob,518,0,5,187.8505,554.833,0.0,2.039
pob,518,0,6,186.831,556.0805,90.0,2.495
pob,519,0,0,192.7215,556.935,124.3373,0.172
pob,519,0,1,192.6175,557.0685,131.6031,0.1672
pob,519,0,2,191.7755,556.299,46.61,2.2898
pob,519,0,3,191.075,555.4205,151.6011,0.1955
pob,519,0,4,191.251,555.332,154.9823,0.1986
pob,519,0,5,191.08,554.6355,68.2588,1.4092
pob,519,0,6,190.795,554.06,106.8949,0.1651
pob,519,0,7,190.764,554.226,94.6026,0.1746
pob,519,0,8,190.4825,554.255,11.9309,0.5611
pob,519,0,9,190.2355,554.071,102.3104,0.2579
pob,519,0,10,190.31,553.831,112.4074,0.2466
pob,519,0,11,191.5435,554.362,28.5292,2.701
pob,519,0,12,192.6655,555.0905,127.6873,0.211
pob,519,0,13,192.522,555.2465,137.4547,0.2144
pob,519,0,14,192.352,555.3815,145.5192,0.2208
pob,519,0,15,191.632,555.806,150.0788,1.4515
pob,519,0,16,190.983,556.2215,110.5016,0.1142
pob,519,0,17,190.956,556.335,96.6509,0.1208
pob,519,0,18,191.411,556.6915,32.6915,1.0979
pob,519,0,19,191.9635,556.9495,156.9545,0.1967
pob,519,0,20,192.1295,556.8465,139.4924,0.1986
pob,519,0,21,192.269,556.693,125.7216,0.2192
pob,520,0,0,196.4845,553.642,113.9189,1.2012
pob,520,0,1,197.014,553.093,0.0,0.572
pob,520,0,2,196.2805,555.32,114.5979,4.8985
pob,520,0,3,194.2415,555.32,65.4021,4.8985
pob,520,0,4,193.508,553.093,0.0,0.572
pob,520,0,5,194.0375,553.642,66.0811,1.2012
pob,520,0,6,195.261,554.191,0.0,1.96
pob,520,1,0,195.261,554.661,0.0,1.518
pob,520,1,1,194.8815,555.5225,66.2259,1.8828
pob,520,1,2,195.6405,555.5225,113.7741,1.8828
pob,521,0,0,200.003,557.093,90.0,0.47
pob,521,0,1,198.963,557.328,0.0,2.08
pob,521,0,2,197.923,555.2105,90.0,4.235
pob,521,0,3,198.198,553.093,0.0,0.55
pob,521,0,4,198.473,554.152,90.0,2.118
pob,521,0,5,199.2125,555.211,0.0,1.479
pob,521,0,6,199.952,555.446,90.0,0.47
pob,521,0,7,199.2125,555.681,0.0,1.479
pob,521,0,8,198.473,556.2695,90.0,1.177
pob,522,0,0,201.055,552.466,0.0,0.554
pob,522,0,1,200.778,552.2305,90.0,0.471
pob,522,0,2,201.3295,551.995,0.0,1.103
pob,522,0,3,201.881,554.8185,90.0,5.647
pob,522,0,4,201.3295,557.642,0.0,1.103
pob,522,0,5,200.778,557.4065,90.0,0.471
pob,522,0,6,201.055,557.171,0.0,0.554
pob,523,0,0,305.5535,28.571,0.0,0.391
pob,523,0,1,305.604,30.0905,95.4506,3.0528
pob,523,0,2,305.065,31.61,0.0,0.788
pob,523,0,3,304.671,28.963,90.0,5.294
pob,523,0,4,305.0145,26.316,0.0,0.687
pob,523,0,5,305.358,27.4435,90.0,2.255
pob,523,1,0,305.4485,31.022,0.0,0.181
pob,523,1,1,305.557,30.091,91.108,1.8623
pob,523,1,2,305.4665,29.16,0.0,0.217
pob,523,1,3,305.358,30.091,90.0,1.862
pob,524,0,0,310.689,31.7995,3.0695,0.2804
pob,524,0,1,310.412,31.7715,8.5139,0.277
pob,524,0,2,310.4105,28.992,92.8116,5.5246
pob,524,0,3,310.6875,26.2265,177.3697,0.2833
pob,524,0,4,310.9705,26.2265,2.6303,0.2833
pob,524,0,5,311.248,28.992,87.1779,5.5246
pob,524,0,6,311.247,31.7715,171.4861,0.277
pob,524,0,7,310.9695,31.7995,176.9415,0.2814
pob,524,1,0,310.723,26.812,177.2968,0.2122
pob,524,1,1,310.5135,26.8335,170.9367,0.2096
pob,524,1,2,310.505,29.0285,87.503,4.3611
pob,524,1,3,310.7145,31.213,2.9903,0.2293
pob,524,1,4,310.943,31.213,176.9965,0.2283
pob,524,1,5,311.152,29.0285,92.497,4.3611
pob,524,1,6,311.1435,26.8335,9.0633,0.2096
pob,524,1,7,310.9345,26.812,2.7161,0.2112
pob,525,0,0,315.4155,28.571,0.0,0.391
pob,525,0,1,315.466,30.0905,95.4506,3.0528
pob,525,0,2,314.927,31.61,0.0,0.788
pob,525,0,3,314.533,28.963,90.0,5.294
pob,525,0,4,314.8765,26.316,0.0,0.687
pob,525,0,5,315.22,27.4435,90.0,2.255
pob,525,1,0,315.3105,31.022,0.0,0.181
pob,525,1,1,315.419,30.091,91.108,1.8623
pob,525,1,2,315.3285,29.16,0.0,0.217
pob,525,1,3,315.22,30.091,90.0,1.862
pob,526,0,0,319.729,26.317,0.0,2.882
pob,526,0,1,321.17,26.611,90.0,0.588
pob,526,0,2,320.0725,26.905,0.0,2.195
pob,526,0,3,318.975,27.9345,90.0,2.059
pob,526,0,4,320.0405,28.964,0.0,2.131
pob,526,0,5,321.106,29.258,90.0,0.588
pob,526,0,6,320.0405,29.552,0.0,2.131
pob,526,0,7,318.975,30.2875,90.0,1.471
pob,526,0,8,320.0725,31.023,0.0,2.195
pob,526,0,9,321.17,31.317,90.0,0.588
pob,526,0,10,319.729,31.611,0.0,2.882
pob,527,0,0,328.0175,27.003,113.9355,1.5011
pob,527,0,1,328.6795,26.317,0.0,0.715
pob,527,0,2,327.7625,29.101,114.5982,6.1237
pob,527,0,3,325.214,29.101,65.4104,6.1233
pob,527,0,4,324.297,26.317,0.0,0.714
pob,527,0,5,324.9585,27.003,66.0655,1.5011
pob,527,0,6,326.488,27.689,0.0,2.45
pob,527,1,0,326.488,28.277,0.0,1.898
pob,527,1,1,326.0135,29.3535,66.2131,2.3529
pob,527,1,2,326.9625,29.3535,113.7869,2.3529
pob,528,0,0,333.2405,27.003,113.9355,1.5011
pob,528,0,1,333.9025,26.317,0.0,0.715
pob,528,0,2,332.9855,29.101,114.5982,6.1237
pob,528,0,3,330.437,29.101,65.4104,6.1233
pob,528,0,4,329.52,26.317,0.0,0.714
pob,528,0,5,330.1815,27.003,66.0655,1.5011
pob,528,0,6,331.711,27.689,0.0,2.45
pob,528,1,0,331.711,28.277,0.0,1.898
pob,528,1,1,331.2365,29.3535,66.2131,2.3529
pob,528,1,2,332.1855,29.3535,113.7869,2.3529
pob,529,0,0,337.573,31.317,90.0,0.588
pob,529,0,1,336.2735,31.611,0.0,2.599
pob,529,0,2,334.974,28.964,90.0,5.294
pob,529,0,3,335.317,26.317,0.0,0.686
pob,529,0,4,335.66,27.6405,90.0,2.647
pob,529,0,5,336.5845,28.964,0.0,1.849
pob,529,0,6,337.509,29.258,90.0,0.588
pob,529,0,7,336.5845,29.552,0.0,1.849
pob,529,0,8,335.66,30.2875,90.0,1.471
pob,530,0,0,305.5535,565.632,0.0,0.391
pob,530,0,1,305.604,567.1515,95.4506,3.0528
pob,530,0,2,305.065,568.671,0.0,0.788
pob,530,0,3,304.671,566.024,90.0,5.294
pob,530,0,4,305.0145,563.377,0.0,0.687
pob,530,0,5,305.358,564.5045,90.0,2.255
pob,530,1,0,305.4485,568.083,0.0,0.181
pob,530,1,1,305.557,567.152,91.108,1.8623
pob,530,1,2,305.4665,566.221,0.0,0.217
pob,530,1,3,305.358,567.1525,90.0,1.863
pob,531,0,0,310.689,568.8605,3.0664,0.2804
pob,531,0,1,310.412,568.8325,8.5108,0.277
pob,531,0,2,310.4105,566.053,92.8116,5.5247
pob,531,0,3,310.6875,563.287,177.1678,0.2833
pob,531,0,4,310.9705,563.287,2.8322,0.2833
pob,531,0,5,311.248,566.053,87.178,5.5247
pob,531,0,6,311.247,568.8325,171.4892,0.277
pob,531,0,7,310.9695,568.8605,176.9446,0.2814
pob,531,1,0,310.723,563.873,177.2994,0.2122
pob,531,1,1,310.5135,563.8945,170.9424,0.2096
pob,531,1,2,310.505,566.0895,87.503,4.3611
pob,531,1,3,310.7145,568.274,2.9999,0.2293
pob,531,1,4,310.943,568.274,176.9869,0.2283
pob,531,1,5,311.152,566.0895,92.497,4.3611
pob,531,1,6,311.1435,563.8945,9.0576,0.2096
pob,531,1,7,310.9345,563.873,2.7135,0.2112
pob,532,0,0,315.4155,565.632,0.0,0.391
pob,532,0,1,315.466,567.1515,95.4506,3.0528
pob,532,0,2,314.927,568.671,0.0,0.788
pob,532,0,3,314.533,566.024,90.0,5.294
pob,532,0,4,314.8765,563.377,0.0,0.687
pob,532,0,5,315.22,564.5045,90.0,2.255
pob,532,1,0,315.3105,568.083,0.0,0.181
pob,532,1,1,315.419,567.152,91.108,1.8623
pob,532,1,2,315.3285,566.221,0.0,0.217
pob,532,1,3,315.22,567.1525,90.0,1.863
pob,533,0,0,319.729,563.378,0.0,2.882
pob,533,0,1,321.17,563.672,90.0,0.588
pob,533,0,2,320.0725,563.966,0.0,2.195
pob,533,0,3,318.975,564.9955,90.0,2.059
pob,533,0,4,320.0405,566.025,0.0,2.131
pob,533,0,5,321.106,566.319,90.0,0.588
pob,533,0,6,320.0405,566.613,0.0,2.131
pob,533,0,7,318.975,567.3485,90.0,1.471
pob,533,0,8,320.0725,568.084,0.0,2.195
pob,533,0,9,321.17,568.378,90.0,0.588
pob,533,0,10,319.729,568.672,0.0,2.882
pob,534,0,0,328.0175,564.064,113.9357,1.5011
pob,534,0,1,328.6795,563.378,0.0,0.715
pob,534,0,2,327.7625,566.1615,114.602,6.1228
pob,534,0,3,325.214,566.1615,65.4065,6.1224
pob,534,0,4,324.297,563.378,0.0,0.714
pob,534,0,5,324.9585,564.064,66.0654,1.5011
pob,534,0,6,326.488,564.75,0.0,2.45
pob,534,1,0,326.488,565.338,0.0,1.898
pob,534,1,1,326.0135,566.4145,66.2129,2.3529
pob,534,1,2,326.9625,566.4145,113.7871,2.3529
pob,535,0,0,333.2405,564.064,113.9357,1.5011
pob,535,0,1,333.9025,563.378,0.0,0.715
pob,535,0,2,332.9855,566.1615,114.602,6.1228
pob,535,0,3,330.437,566.1615,65.4065,6.1224
pob,535,0,4,329.52,563.378,0.0,0.714
pob,535,0,5,330.1815,564.064,66.0654,1.5011
pob,535,0,6,331.711,564.75,0.0,2.45
pob,535,1,0,331.711,565.338,0.0,1.898
pob,535,1,1,331.2365,566.4145,66.2129,2.3529
pob,535,1,2,332.1855,566.4145,113.7871,2.3529
pob,536,0,0,337.573,568.377,90.0,0.588
pob,536,0,1,336.2735,568.671,0.0,2.599
pob,536,0,2,334.974,566.024,90.0,5.294
pob,536,0,3,335.317,563.377,0.0,0.686
pob,536,0,4,335.66,564.7005,90.0,2.647
pob,536,0,5,336.5845,566.024,0.0,1.849
pob,536,0,6,337.509,566.318,90.0,0.588
pob,536,0,7,336.5845,566.612,0.0,1.849
pob,536,0,8,335.66,567.3475,90.0,1.471
pob,537,0,0,24.9605,554.354,113.9435,2.7573
pob,537,0,1,26.1765,553.094,0.0,1.313
pob,537,0,2,24.4925,558.207,114.5962,11.2465
pob,537,0,3,19.811,558.207,65.3992,11.2469
pob,537,0,4,18.126,553.094,0.0,1.312
pob,537,0,5,19.3415,554.354,66.0565,2.7573
pob,537,0,6,22.151,555.614,0.0,4.5
pob,537,1,0,22.151,556.694,0.0,3.486
pob,537,1,1,21.28,558.671,66.199,4.3215
pob,537,1,2,23.023,558.671,113.7767,4.3207
pob,538,0,0,28.5567,562.8161,0.0,1.2613
pob,538,0,1,29.1873,557.9546,90.0,9.7231
pob,538,0,2,28.5567,553.093,0.0,1.2613
pob,538,0,3,27.926,557.9546,90.0,9.7231
pob,539,0,0,34.534,557.416,12.5523,0.5245
pob,539,0,1,33.755,560.145,111.1739,5.7309
pob,539,0,2,31.957,562.817,0.0,1.526
pob,539,0,3,31.194,557.955,90.0,9.724
pob,539,0,4,31.8245,553.093,0.0,1.261
pob,539,0,5,32.455,555.1635,90.0,4.141
pob,539,0,6,32.7145,557.234,0.0,0.519
pob,539,0,7,34.435,555.1635,125.2078,5.0681
pob,539,0,8,36.6155,553.093,0.0,1.439
pob,539,0,9,35.8065,555.226,125.6252,5.2482
pob,539,1,0,32.622,561.737,0.0,0.332
pob,539,1,1,32.821,560.026,91.105,3.4226
pob,539,1,2,32.6545,558.315,0.0,0.399
pob,539,1,3,32.455,560.026,90.0,3.422
pob,540,0,0,40.116,557.234,0.0,0.718
pob,540,0,1,40.209,560.025,95.4442,5.6073
pob,540,0,2,39.2195,562.816,0.0,1.447
pob,540,0,3,38.496,557.9545,90.0,9.723
pob,540,0,4,39.1265,553.093,0.0,1.261
pob,540,0,5,39.757,555.1635,90.0,4.141
pob,540,1,0,39.9235,561.736,0.0,0.333
pob,540,1,1,40.123,560.0255,91.1052,3.4216
pob,540,1,2,39.9565,558.315,0.0,0.399
pob,540,1,3,39.757,560.0255,90.0,3.421
pob,541,0,0,49.3285,563.1635,3.0012,0.5157
pob,541,0,1,48.8195,563.112,8.592,0.5087
pob,541,0,2,48.817,558.0065,92.8131,10.1472
pob,541,0,3,49.326,552.927,177.3572,0.5206
pob,541,0,4,49.8455,552.927,2.6479,0.5196
pob,541,0,5,50.3545,558.0065,87.1813,10.1473
pob,541,0,6,50.3525,563.112,171.408,0.5087
pob,541,0,7,49.8435,563.1635,176.9988,0.5157
pob,541,1,0,49.3915,554.003,177.0573,0.3895
pob,541,1,1,49.007,554.043,171.0272,0.3847
pob,541,1,2,48.9915,558.0735,87.5023,8.0086
pob,541,1,3,49.376,562.0855,3.1346,0.4206
pob,541,1,4,49.7955,562.0855,176.8579,0.4196
pob,541,1,5,50.1795,558.0735,92.4977,8.0086
pob,541,1,6,50.164,554.043,8.9728,0.3847
pob,541,1,7,49.78,554.003,2.9503,0.3885
pob,542,0,0,59.512,557.416,12.5523,0.5245
pob,542,0,1,58.733,560.145,111.1739,5.7309
pob,542,0,2,56.935,562.817,0.0,1.526
pob,542,0,3,56.172,557.955,90.0,9.724
pob,542,0,4,56.8025,553.093,0.0,1.261
pob,542,0,5,57.433,555.1635,90.0,4.141
pob,542,0,6,57.6925,557.234,0.0,0.519
pob,542,0,7,59.413,555.1635,125.2078,5.0681
pob,542,0,8,61.5935,553.093,0.0,1.439
pob,542,0,9,60.7845,555.226,125.6252,5.2482
pob,542,1,0,57.5995,561.737,0.0,0.333
pob,542,1,1,57.799,560.026,91.105,3.4226
pob,542,1,2,57.6325,558.315,0.0,0.399
pob,542,1,3,57.433,560.026,90.0,3.422
pob,543,0,0,67.335,561.736,0.0,2.322
pob,543,0,1,68.496,562.276,90.0,1.08
pob,543,0,2,65.5445,562.816,0.0,5.903
pob,543,0,3,62.593,562.276,90.0,1.08
pob,543,0,4,63.754,561.736,0.0,2.322
pob,543,0,5,64.915,557.4145,90.0,8.643
pob,543,0,6,65.5445,553.093,0.0,1.259
pob,544,0,0,74.6645,553.093,0.0,2.021
pob,544,0,1,75.694,557.9545,89.7761,9.7231
pob,544,0,2,74.6835,562.816,0.0,2.059
pob,544,0,3,73.654,557.9545,90.0,9.723
pob,544,1,0,75.127,561.736,0.0,0.426
pob,544,1,1,75.34,557.9535,90.0,7.565
pob,544,1,2,75.127,554.171,0.0,0.426
pob,544,1,3,74.914,557.9535,90.0,7.565
pob,545,0,0,83.1677,562.8161,0.0,1.2613
pob,545,0,1,83.7983,557.9546,90.0,9.7231
pob,545,0,2,83.1677,553.093,0.0,1.2613
pob,545,0,3,82.537,557.9546,90.0,9.7231
pob,546,0,0,92.2155,554.354,113.9436,2.7573
pob,546,0,1,93.4315,553.094,0.0,1.313
pob,546,0,2,91.7475,558.207,114.5962,11.2465
pob,546,0,3,87.066,558.207,65.3992,11.2469
pob,546,0,4,85.381,553.094,0.0,1.312
pob,546,0,5,86.5965,554.354,66.0564,2.7573
pob,546,0,6,89.406,555.614,0.0,4.5
pob,546,1,0,89.406,556.694,0.0,3.486
pob,546,1,1,88.535,558.671,66.199,4.3215
pob,546,1,2,90.278,558.671,113.7767,4.3207
pob,547,0,0,100.273,557.4145,90.0,1.081
pob,547,0,1,101.5085,556.874,0.0,2.471
pob,547,0,2,102.699,556.585,81.1492,0.585
pob,547,0,3,102.5475,556.0265,68.4374,0.5796
pob,547,0,4,99.171,556.8435,161.6203,6.8916
pob,547,0,5,95.9105,558.143,87.4456,0.4264
pob,547,0,6,95.9485,558.5625,82.1421,0.4169
pob,547,0,7,99.0505,559.9385,20.8324,6.577
pob,547,0,8,102.2825,560.9455,134.2861,0.454
pob,547,0,9,102.5795,560.602,127.4231,0.4558
pob,547,0,10,103.1185,560.8505,47.001,1.1745
pob,547,0,11,103.337,561.497,129.9874,0.5664
pob,547,0,12,102.949,561.9045,137.2384,0.5612
pob,547,0,13,98.8025,559.269,35.6469,9.6982
pob,547,0,14,94.9455,556.2165,110.2366,0.4828
pob,547,0,15,95.133,555.7735,115.6583,0.4804
pob,547,0,16,99.61,556.323,9.9354,8.8792
pob,547,0,17,103.993,557.3335,87.6574,0.4894
pob,547,0,18,104.003,557.7665,90.0,0.377
pob,548,0,0,108.895,557.416,12.5523,0.5245
pob,548,0,1,108.116,560.145,111.1739,5.7309
pob,548,0,2,106.318,562.817,0.0,1.526
pob,548,0,3,105.555,557.955,90.0,9.724
pob,548,0,4,106.186,553.093,0.0,1.262
pob,548,0,5,106.817,555.1635,90.0,4.141
pob,548,0,6,107.076,557.234,0.0,0.518
pob,548,0,7,108.796,555.1635,125.2079,5.0681
pob,548,0,8,110.9765,553.093,0.0,1.439
pob,548,0,9,110.1675,555.226,125.6252,5.2482
pob,548,1,0,106.983,561.737,0.0,0.332
pob,548,1,1,107.1825,560.026,91.1217,3.4227
pob,548,1,2,107.016,558.315,0.0,0.4
pob,548,1,3,106.816,560.026,90.0,3.422
pob,549,0,0,119.2675,554.354,113.9436,2.7573
pob,549,0,1,120.4835,553.094,0.0,1.313
pob,549,0,2,118.7995,558.207,114.5962,11.2465
pob,549,0,3,114.118,558.207,65.3992,11.2469
pob,549,0,4,112.433,553.094,0.0,1.312
pob,549,0,5,113.6485,554.354,66.0564,2.7573
pob,549,0,6,116.458,555.614,0.0,4.5
pob,549,1,0,116.458,556.694,0.0,3.486
pob,549,1,1,115.587,558.671,66.199,4.3215
pob,549,1,2,117.33,558.671,113.7767,4.3207
pob,550,0,0,128.321,556.289,66.5356,7.3585
pob,550,0,1,129.799,559.664,0.0,0.026
pob,550,0,2,130.3825,556.3785,99.8508,6.6693
pob,550,0,3,131.582,553.093,0.0,1.258
pob,550,0,4,131.212,558.232,101.0009,10.4704
pob,550,0,5,128.5345,559.52,66.4495,8.4018
pob,550,0,6,125.177,559.52,113.5568,8.4022
pob,550,0,7,122.4995,558.232,79.0045,10.4702
pob,550,0,8,122.13,553.093,0.0,1.258
pob,550,0,9,123.329,556.365,80.1179,6.6426
pob,550,0,10,123.9125,559.637,0.0,0.027
pob,551,0,0,167.726,410.754,0.0,0.47
pob,551,0,1,167.491,409.714,90.0,2.08
pob,551,0,2,169.6085,408.674,0.0,4.235
pob,551,0,3,171.726,408.949,90.0,0.55
pob,551,0,4,170.667,409.224,0.0,2.118
pob,551,0,5,169.608,409.9635,90.0,1.479
pob,551,0,6,169.373,410.703,0.0,0.47
pob,551,0,7,169.138,409.9635,90.0,1.479
pob,551,0,8,168.5495,409.224,0.0,1.177
pob,552,0,0,169.6075,412.1613,0.0,4.235
pob,552,0,1,171.725,411.8867,90.0,0.5493
pob,552,0,2,169.6075,411.612,0.0,4.235
pob,552,0,3,167.49,411.8867,90.0,0.5493
pob,553,0,0,169.842,414.6375,102.6379,0.2285
pob,553,0,1,168.6535,414.2985,21.1662,2.4953
pob,553,0,2,167.49,413.5155,90.0,0.665
pob,553,0,3,169.6075,413.183,0.0,4.235
pob,553,0,4,171.725,413.4575,90.0,0.549
pob,553,0,5,170.823,413.732,0.0,1.804
pob,553,0,6,169.921,413.845,90.0,0.226
pob,553,0,7,170.823,414.5945,35.2087,2.2079
pob,553,0,8,171.725,415.5445,90.0,0.627
pob,553,0,9,170.796,415.192,35.6367,2.2861
pob,553,1,0,167.96,413.8045,90.0,0.145
pob,553,1,1,168.705,413.8915,1.1153,1.4903
pob,553,1,2,169.45,413.819,90.0,0.174
pob,553,1,3,168.705,413.732,0.0,1.49
pob,554,0,0,171.725,417.663,90.0,2.306
pob,554,0,1,171.49,418.816,0.0,0.47
pob,554,0,2,171.255,417.9375,90.0,1.757
pob,554,0,3,170.431,417.059,0.0,1.648
pob,554,0,4,169.607,417.9115,90.0,1.705
pob,554,0,5,169.372,418.764,0.0,0.47
pob,554,0,6,169.137,417.9115,90.0,1.705
pob,554,0,7,168.5485,417.059,0.0,1.177
pob,554,0,8,167.96,417.9375,90.0,1.757
pob,554,0,9,167.725,418.816,0.0,0.47
pob,554,0,10,167.49,417.663,90.0,2.306
pob,555,0,0,173.902,405.4195,34.3373,0.172
pob,555,0,1,173.7685,405.316,41.3479,0.1665
pob,555,0,2,174.5375,404.474,136.5747,2.2898
pob,555,0,3,175.416,403.773,61.3422,0.196
pob,555,0,4,175.505,403.949,64.9823,0.1986
pob,555,0,5,176.2015,403.778,158.2587,1.4092
pob,555,0,6,176.7765,403.493,16.795,0.1661
pob,555,0,7,176.6105,403.462,4.629,0.1736
pob,555,0,8,176.582,403.1805,101.9321,0.5611
pob,555,0,9,176.766,402.9335,12.3104,0.2579
pob,555,0,10,177.006,403.008,22.4077,0.2466
pob,555,0,11,176.4745,404.2415,118.5478,2.7014
pob,555,0,12,175.7455,405.363,37.8985,0.2116
pob,555,0,13,175.59,405.2195,47.4732,0.213
pob,555,0,14,175.4555,405.05,55.5192,0.2208
pob,555,0,15,175.0305,404.33,60.0449,1.452
pob,555,0,16,174.615,403.681,20.678,0.1133
pob,555,0,17,174.5015,403.6535,7.0663,0.1219
pob,555,0,18,174.1445,404.1085,122.6632,1.0988
pob,555,0,19,173.887,404.6615,66.6861,0.1971
pob,555,0,20,173.99,404.8275,49.7149,0.1979
pob,555,0,21,174.1435,404.967,35.5691,0.2201
pob,556,0,0,173.979,408.0725,90.0,1.011
pob,556,0,1,173.744,408.578,0.0,0.47
pob,556,0,2,173.509,407.2925,90.0,2.571
pob,556,0,3,173.744,406.007,0.0,0.47
pob,556,0,4,173.979,406.513,90.0,1.012
pob,556,0,5,175.8615,407.019,0.0,3.765
pob,556,0,6,177.744,407.293,90.0,0.548
pob,557,0,0,177.195,412.0195,23.9187,1.2012
pob,557,0,1,177.744,412.549,90.0,0.572
pob,557,0,2,175.517,411.8155,24.5978,4.8985
pob,557,0,3,175.517,409.7765,155.4022,4.8985
pob,557,0,4,177.744,409.043,90.0,0.572
pob,557,0,5,177.195,409.5725,156.0813,1.2012
pob,557,0,6,176.646,410.796,90.0,1.96
pob,557,1,0,176.176,410.796,90.0,1.518
pob,557,1,1,175.3145,410.4165,156.2258,1.8828
pob,557,1,2,175.3145,411.1755,23.7742,1.8828
pob,558,0,0,173.979,415.1395,90.0,1.011
pob,558,0,1,173.744,415.645,0.0,0.47
pob,558,0,2,173.509,414.3595,90.0,2.571
pob,558,0,3,173.744,413.074,0.0,0.47
pob,558,0,4,173.979,413.58,90.0,1.012
pob,558,0,5,175.8615,414.086,0.0,3.765
pob,558,0,6,177.744,414.36,90.0,0.548
pob,559,0,0,175.6265,416.8434,0.0,4.235
pob,559,0,1,177.744,416.5687,90.0,0.5494
pob,559,0,2,175.6265,416.294,0.0,4.235
pob,559,0,3,173.509,416.5687,90.0,0.5494
pob,560,0,0,173.358,419.674,93.0648,0.2243
pob,560,0,1,173.3805,419.452,98.5319,0.2225
pob,560,0,2,175.6045,419.4505,2.8138,4.4203
pob,560,0,3,177.817,419.6725,87.479,0.2272
pob,560,0,4,177.817,419.899,92.5322,0.2262
pob,560,0,5,175.6045,420.1205,177.1862,4.4203
pob,560,0,6,173.3805,420.1195,81.4294,0.2215
pob,560,0,7,173.358,419.898,86.9352,0.2243
pob,560,1,0,177.348,419.701,87.3072,0.1702
pob,560,1,1,177.3305,419.5335,80.7044,0.1672
pob,560,1,2,175.5745,419.527,177.5025,3.4883
pob,560,1,3,173.827,419.6945,93.1261,0.1833
pob,560,1,4,173.827,419.877,86.8569,0.1823
pob,560,1,5,175.5745,420.044,2.4973,3.4883
pob,560,1,6,177.3305,420.0375,99.2964,0.1672
pob,560,1,7,177.348,419.8705,92.7086,0.1692
pob,561,0,0,177.744,423.0765,90.0,0.549
pob,561,0,1,176.148,423.351,0.0,3.192
pob,561,0,2,176.2355,424.9195,42.9747,4.6019
pob,561,0,3,175.714,426.488,0.0,4.41
pob,561,0,4,173.509,426.2135,90.0,0.549
pob,561,0,5,175.0545,425.939,0.0,3.091
pob,561,0,6,174.953,424.3705,43.6014,4.5488
pob,562,0,0,103.39,323.9705,34.3331,0.172
pob,562,0,1,103.2565,323.8665,41.611,0.1672
pob,562,0,2,104.0255,323.0245,136.5932,2.2891
pob,562,0,3,104.904,322.324,61.344,0.196
pob,562,0,4,104.993,322.5,64.986,0.1987
pob,562,0,5,105.6895,322.329,158.259,1.4092
pob,562,0,6,106.2645,322.044,16.7993,0.1661
pob,562,0,7,106.0985,322.0125,4.9604,0.1736
pob,562,0,8,106.07,321.731,101.9515,0.5601
pob,562,0,9,106.254,321.4845,12.317,0.2579
pob,562,0,10,106.494,321.559,22.4038,0.2466
pob,562,0,11,105.9625,322.7925,118.548,2.7014
pob,562,0,12,105.2335,323.914,37.8998,0.2116
pob,562,0,13,105.078,323.7705,47.4689,0.213
pob,562,0,14,104.943,323.601,55.306,0.2214
pob,562,0,15,104.518,322.881,60.0788,1.4515
pob,562,0,16,104.103,322.232,20.678,0.1133
pob,562,0,17,103.9895,322.2045,7.0596,0.1219
pob,562,0,18,103.6325,322.6595,122.6636,1.0988
pob,562,0,19,103.375,323.2125,66.6861,0.1971
pob,562,0,20,103.478,323.3785,49.7132,0.198
pob,562,0,21,103.6315,323.5175,35.3585,0.2195
pob,563,0,0,105.1145,325.4914,0.0,4.235
pob,563,0,1,107.232,325.2167,90.0,0.5494
pob,563,0,2,105.1145,324.942,0.0,4.235
pob,563,0,3,102.997,325.2167,90.0,0.5494
pob,564,0,0,102.997,326.7885,90.0,0.549
pob,564,0,1,105.1145,326.514,0.0,4.235
pob,564,0,2,107.232,327.435,90.0,1.842
pob,564,0,3,106.997,328.356,0.0,0.47
pob,564,0,4,106.762,327.7095,90.0,1.293
pob,565,0,0,102.997,328.7675,90.0,0.579
pob,565,0,1,105.2215,329.401,22.5349,4.8168
pob,565,0,2,105.2215,331.244,157.5312,4.8145
pob,565,0,3,102.997,331.874,90.0,0.58
pob,565,0,4,104.5555,330.954,157.9896,3.362
pob,566,0,0,107.232,333.977,90.0,2.306
pob,566,0,1,106.997,335.13,0.0,0.47
pob,566,0,2,106.762,334.2515,90.0,1.757
pob,566,0,3,105.938,333.373,0.0,1.648
pob,566,0,4,105.114,334.2255,90.0,1.705
pob,566,0,5,104.879,335.078,0.0,0.47
pob,566,0,6,104.644,334.2255,90.0,1.705
pob,566,0,7,104.0555,333.373,0.0,1.177
pob,566,0,8,103.467,334.2515,90.0,1.757
pob,566,0,9,103.232,335.13,0.0,0.47
pob,566,0,10,102.997,333.977,90.0,2.306
pob,567,0,0,105.349,337.4815,102.6379,0.2285
pob,567,0,1,104.1605,337.1425,21.1665,2.4953
pob,567,0,2,102.997,336.3595,90.0,0.665
pob,567,0,3,105.1145,336.027,0.0,4.235
pob,567,0,4,107.232,336.3015,90.0,0.549
pob,567,0,5,106.33,336.576,0.0,1.804
pob,567,0,6,105.428,336.689,90.0,0.226
pob,567,0,7,106.33,337.4385,35.2087,2.2079
pob,567,0,8,107.232,338.3885,90.0,0.627
pob,567,0,9,106.303,338.036,35.6367,2.2861
pob,567,1,0,103.467,336.6485,90.0,0.145
pob,567,1,1,104.212,336.7355,1.1147,1.4903
pob,567,1,2,104.957,336.663,90.0,0.174
pob,567,1,3,104.212,336.576,0.0,1.49
pob,568,0,0,111.131,324.0295,102.6388,0.2285
pob,568,0,1,109.942,323.6905,21.1579,2.4963
pob,568,0,2,108.778,322.9075,90.0,0.665
pob,568,0,3,110.8955,322.575,0.0,4.235
pob,568,0,4,113.013,322.8495,90.0,0.549
pob,568,0,5,112.1115,323.124,0.0,1.803
pob,568,0,6,111.21,323.237,90.0,0.226
pob,568,0,7,112.1115,323.9865,35.2234,2.2071
pob,568,0,8,113.013,324.9365,90.0,0.627
pob,568,0,9,112.0845,324.584,35.6513,2.2853
pob,568,1,0,109.249,323.1965,90.0,0.145
pob,568,1,1,109.994,323.2835,1.1147,1.4903
pob,568,1,2,110.739,323.211,90.0,0.174
pob,568,1,3,109.994,323.124,0.0,1.49
pob,569,0,0,112.465,328.6935,23.9189,1.2012
pob,569,0,1,113.014,329.223,90.0,0.572
pob,569,0,2,110.787,328.4895,24.5979,4.8985
pob,569,0,3,110.787,326.4505,155.4021,4.8985
pob,569,0,4,113.014,325.717,90.0,0.572
pob,569,0,5,112.465,326.2465,156.0811,1.2012
pob,569,0,6,111.916,327.47,90.0,1.96
pob,569,1,0,111.446,327.47,90.0,1.518
pob,569,1,1,110.5845,327.0905,156.2259,1.8828
pob,569,1,2,110.5845,327.8495,23.7741,1.8828
pob,570,0,0,111.622,332.784,156.5385,3.205
pob,570,0,1,110.152,333.4275,90.0,0.011
pob,570,0,2,111.583,333.682,9.8712,2.905
pob,570,0,3,113.014,334.2045,90.0,0.547
pob,570,0,4,110.7755,334.043,10.997,4.5607
pob,570,0,5,110.2145,332.877,156.4539,3.6597
pob,570,0,6,110.2145,331.4145,23.5605,3.6601
pob,570,0,7,110.7755,330.2485,169.0154,4.5606
pob,570,0,8,113.014,330.0875,90.0,0.547
pob,570,0,9,111.589,330.6095,170.1077,2.893
pob,570,0,10,110.164,330.864,90.0,0.012
pob,571,0,0,111.21,335.9055,90.0,0.313
pob,571,0,1,109.9945,335.946,5.4513,2.442
pob,571,0,2,108.779,335.515,90.0,0.63
pob,571,0,3,110.8965,335.2,0.0,4.235
pob,571,0,4,113.014,335.4745,90.0,0.549
pob,571,0,5,112.112,335.749,0.0,1.804
pob,571,1,0,109.249,335.8215,90.0,0.145
pob,571,1,1,109.994,335.9085,1.1159,1.4903
pob,571,1,2,110.739,335.836,90.0,0.174
pob,571,1,3,109.994,335.749,0.0,1.49
pob,572,0,0,206.352,171.6255,102.6388,0.2285
pob,572,0,1,205.1635,171.2865,21.1662,2.4953
pob,572,0,2,204.0,170.5035,90.0,0.665
pob,572,0,3,206.1175,170.171,0.0,4.235
pob,572,0,4,208.235,170.4455,90.0,0.549
pob,572,0,5,207.333,170.72,0.0,1.804
pob,572,0,6,206.431,170.833,90.0,0.226
pob,572,0,7,207.333,171.5825,35.2084,2.2079
pob,572,0,8,208.235,172.5325,90.0,0.627
pob,572,0,9,207.306,172.18,35.6367,2.2861
pob,572,1,0,204.47,170.7925,90.0,0.145
pob,572,1,1,205.215,170.8795,1.1147,1.4903
pob,572,1,2,205.96,170.807,90.0,0.174
pob,572,1,3,205.215,170.72,0.0,1.49
pob,573,0,0,207.686,176.2905,23.9187,1.2012
pob,573,0,1,208.235,176.82,90.0,0.572
pob,573,0,2,206.008,176.0865,24.5978,4.8985
pob,573,0,3,206.008,174.0475,155.4022,4.8985
pob,573,0,4,208.235,173.314,90.0,0.572
pob,573,0,5,207.686,173.8435,156.0813,1.2012
pob,573,0,6,207.137,175.067,90.0,1.96
pob,573,1,0,206.667,175.067,90.0,1.518
pob,573,1,1,205.8055,174.6875,156.2258,1.8828
pob,573,1,2,205.8055,175.4465,23.7742,1.8828
pob,574,0,0,206.843,180.381,156.5385,3.205
pob,574,0,1,205.373,181.0245,90.0,0.011
pob,574,0,2,206.804,181.279,9.8712,2.905
pob,574,0,3,208.235,181.8015,90.0,0.547
pob,574,0,4,205.9965,181.64,10.997,4.5607
pob,574,0,5,205.4355,180.474,156.4539,3.6597
pob,574,0,6,205.4355,179.0115,23.5606,3.6601
pob,574,0,7,205.9965,177.8455,169.0154,4.5605
pob,574,0,8,208.235,177.6845,90.0,0.547
pob,574,0,9,206.81,178.2065,170.1077,2.893
pob,574,0,10,205.385,178.461,90.0,0.012
pob,575,0,0,206.431,183.5015,90.0,0.313
pob,575,0,1,205.2155,183.542,5.4513,2.442
pob,575,0,2,204.0,183.111,90.0,0.63
pob,575,0,3,206.1175,182.796,0.0,4.235
pob,575,0,4,208.235,183.0705,90.0,0.549
pob,575,0,5,207.333,183.345,0.0,1.804
pob,575,1,0,204.47,183.4175,90.0,0.145
pob,575,1,1,205.215,183.5045,1.1159,1.4903
pob,575,1,2,205.96,183.432,90.0,0.174
pob,575,1,3,205.215,183.345,0.0,1.49
pob,576,0,0,200.5475,170.835,0.0,0.471
pob,576,0,1,200.783,171.373,90.0,1.076
pob,576,0,2,200.909,171.8915,171.2028,0.255
pob,576,0,3,201.1525,171.8255,158.4106,0.2527
pob,576,0,4,200.7965,170.355,71.6074,3.0013
pob,576,0,5,200.2305,168.935,177.5252,0.1852
pob,576,0,6,200.048,168.9515,172.0951,0.1817
pob,576,0,7,199.4485,170.3025,110.8393,2.8644
pob,576,0,8,199.01,171.71,44.182,0.198
pob,576,0,9,199.1595,171.8395,37.6224,0.1982
pob,576,0,10,199.051,172.0745,136.9799,0.5115
pob,576,0,11,198.7695,172.1695,40.073,0.247
pob,576,0,12,198.592,172.0005,47.1605,0.2441
pob,576,0,13,199.74,170.1945,125.6465,4.2245
pob,576,0,14,201.0695,168.5145,20.3315,0.2101
pob,576,0,15,201.2625,168.596,25.463,0.2093
pob,576,0,16,201.023,170.546,99.9445,3.8681
pob,576,0,17,200.5825,172.4555,177.5797,0.2132
pob,576,0,18,200.394,172.46,0.0,0.164
pob,577,0,0,200.547,174.7375,102.6388,0.2285
pob,577,0,1,199.3585,174.3985,21.1662,2.4953
pob,577,0,2,198.195,173.6155,90.0,0.665
pob,577,0,3,200.3125,173.283,0.0,4.235
pob,577,0,4,202.43,173.5575,90.0,0.549
pob,577,0,5,201.528,173.832,0.0,1.804
pob,577,0,6,200.626,173.945,90.0,0.226
pob,577,0,7,201.528,174.6945,35.2084,2.2079
pob,577,0,8,202.43,175.6445,90.0,0.627
pob,577,0,9,201.501,175.292,35.6367,2.2861
pob,577,1,0,198.665,173.9045,90.0,0.145
pob,577,1,1,199.41,173.9915,1.1147,1.4903
pob,577,1,2,200.155,173.919,90.0,0.174
pob,577,1,3,199.41,173.832,0.0,1.49
pob,578,0,0,202.43,177.763,90.0,2.306
pob,578,0,1,202.195,178.916,0.0,0.47
pob,578,0,2,201.96,178.0375,90.0,1.757
pob,578,0,3,201.136,177.159,0.0,1.648
pob,578,0,4,200.312,178.0115,90.0,1.705
pob,578,0,5,200.077,178.864,0.0,0.47
pob,578,0,6,199.842,178.0115,90.0,1.705
pob,578,0,7,199.2535,177.159,0.0,1.177
pob,578,0,8,198.665,178.0375,90.0,1.757
pob,578,0,9,198.43,178.916,0.0,0.47
pob,578,0,10,198.195,177.763,90.0,2.306
pob,579,0,0,202.43,180.966,90.0,2.306
pob,579,0,1,202.195,182.119,0.0,0.47
pob,579,0,2,201.96,181.2405,90.0,1.757
pob,579,0,3,201.136,180.362,0.0,1.648
pob,579,0,4,200.312,181.2145,90.0,1.705
pob,579,0,5,200.077,182.067,0.0,0.47
pob,579,0,6,199.842,181.2145,90.0,1.705
pob,579,0,7,199.2535,180.362,0.0,1.177
pob,579,0,8,198.665,181.2405,90.0,1.757
pob,579,0,9,198.43,182.119,0.0,0.47
pob,579,0,10,198.195,180.966,90.0,2.306
pob,580,0,0,202.43,183.2905,90.0,0.549
pob,580,0,1,200.834,183.565,0.0,3.192
pob,580,0,2,200.9215,185.1335,42.9746,4.6019
pob,580,0,3,200.4,186.702,0.0,4.41
pob,580,0,4,198.195,186.4275,90.0,0.549
pob,580,0,5,199.7405,186.153,0.0,3.091
pob,580,0,6,199.639,184.5845,43.6014,4.5488
pob,581,0,0,206.4775,354.206,0.0,1.879
pob,581,0,1,207.417,354.4805,90.0,0.549
pob,581,0,2,206.4775,354.755,0.0,1.879
pob,581,0,3,204.36,355.4495,149.4781,2.735
pob,581,0,4,203.182,355.8395,90.0,0.609
pob,581,0,5,204.068,355.008,149.2555,2.0618
pob,581,0,6,204.068,353.954,30.7445,2.0618
pob,581,0,7,203.182,353.1225,90.0,0.609
pob,582,0,0,207.417,357.914,90.0,2.306
pob,582,0,1,207.182,359.067,0.0,0.47
pob,582,0,2,206.947,358.1885,90.0,1.757
pob,582,0,3,206.123,357.31,0.0,1.648
pob,582,0,4,205.299,358.1625,90.0,1.705
pob,582,0,5,205.064,359.015,0.0,0.47
pob,582,0,6,204.829,358.1625,90.0,1.705
pob,582,0,7,204.2405,357.31,0.0,1.177
pob,582,0,8,203.652,358.1885,90.0,1.757
pob,582,0,9,203.417,359.067,0.0,0.47
pob,582,0,10,203.182,357.914,90.0,2.306
pob,583,0,0,203.182,360.2385,90.0,0.549
pob,583,0,1,205.2995,359.964,0.0,4.235
pob,583,0,2,207.417,360.885,90.0,1.842
pob,583,0,3,207.182,361.806,0.0,0.47
pob,583,0,4,206.947,361.1595,90.0,1.293
pob,584,0,0,203.182,362.6745,90.0,0.549
pob,584,0,1,205.2995,362.4,0.0,4.235
pob,584,0,2,207.417,363.321,90.0,1.842
pob,584,0,3,207.182,364.242,0.0,0.47
pob,584,0,4,206.947,363.5955,90.0,1.293
pob,585,0,0,203.031,366.644,93.0648,0.2243
pob,585,0,1,203.0535,366.422,98.5319,0.2225
pob,585,0,2,205.277,366.421,2.8275,4.4194
pob,585,0,3,207.4895,366.643,87.213,0.2263
pob,585,0,4,207.4895,366.869,92.787,0.2263
pob,585,0,5,205.277,367.0905,177.1856,4.4193
pob,585,0,6,203.0535,367.0895,81.4294,0.2215
pob,585,0,7,203.031,366.868,86.9352,0.2243
pob,585,1,0,207.021,366.671,87.3072,0.1702
pob,585,1,1,207.0035,366.5035,80.7044,0.1672
pob,585,1,2,205.2475,366.497,177.5025,3.4883
pob,585,1,3,203.5005,366.6645,92.8164,0.1832
pob,585,1,4,203.5005,366.8475,87.1836,0.1832
pob,585,1,5,205.2475,367.015,2.4975,3.4883
pob,585,1,6,207.0035,367.0085,99.2956,0.1672
pob,585,1,7,207.021,366.841,92.6928,0.1702
pob,586,0,0,203.182,369.5905,90.0,0.577
pob,586,0,1,205.3785,370.1885,21.9788,4.7373
pob,586,0,2,206.013,371.678,158.8914,3.3487
pob,586,0,3,206.013,372.885,21.1407,3.3494
pob,586,0,4,205.3785,374.3755,158.0212,4.7373
pob,586,0,5,203.182,374.973,90.0,0.578
pob,586,0,6,204.6895,374.0865,158.3791,3.2432
pob,586,0,7,204.611,372.8855,20.8327,3.3939
pob,586,0,8,204.5775,371.6805,158.8216,3.3299
pob,587,0,0,211.336,358.2985,102.6379,0.2285
pob,587,0,1,210.147,357.9595,21.1578,2.4963
pob,587,0,2,208.983,357.1765,90.0,0.665
pob,587,0,3,211.1005,356.844,0.0,4.235
pob,587,0,4,213.218,357.1185,90.0,0.549
pob,587,0,5,212.3165,357.393,0.0,1.803
pob,587,0,6,211.415,357.506,90.0,0.226
pob,587,0,7,212.3165,358.2555,35.2238,2.2071
pob,587,0,8,213.218,359.2055,90.0,0.627
pob,587,0,9,212.2895,358.853,35.6514,2.2853
pob,587,1,0,209.454,357.4655,90.0,0.145
pob,587,1,1,210.199,357.5525,1.1153,1.4903
pob,587,1,2,210.944,357.48,90.0,0.174
pob,587,1,3,210.199,357.393,0.0,1.49
pob,588,0,0,212.67,362.9635,23.9187,1.2012
pob,588,0,1,213.219,363.493,90.0,0.572
pob,588,0,2,210.992,362.7595,24.5978,4.8985
pob,588,0,3,210.992,360.7205,155.4022,4.8985
pob,588,0,4,213.219,359.987,90.0,0.572
pob,588,0,5,212.67,360.5165,156.0813,1.2012
pob,588,0,6,212.121,361.74,90.0,1.96
pob,588,1,0,211.651,361.74,90.0,1.518
pob,588,1,1,210.7895,361.3605,156.2258,1.8828
pob,588,1,2,210.7895,362.1195,23.7742,1.8828
pob,589,0,0,211.827,367.054,156.5385,3.205
pob,589,0,1,210.357,367.6975,90.0,0.011
pob,589,0,2,211.788,367.952,9.8709,2.905
pob,589,0,3,213.219,368.4745,90.0,0.547
pob,589,0,4,210.9805,368.313,10.997,4.5607
pob,589,0,5,210.4195,367.147,156.4539,3.6597
pob,589,0,6,210.4195,365.6845,23.5603,3.6601
pob,589,0,7,210.9805,364.518,169.003,4.5607
pob,589,0,8,213.219,364.357,90.0,0.548
pob,589,0,9,211.794,364.8795,170.1077,2.893
pob,589,0,10,210.369,365.1335,90.0,0.011
pob,590,0,0,211.415,370.1755,90.0,0.313
pob,590,0,1,210.1995,370.216,5.4517,2.442
pob,590,0,2,208.984,369.785,90.0,0.63
pob,590,0,3,211.1015,369.47,0.0,4.235
pob,590,0,4,213.219,369.7445,90.0,0.549
pob,590,0,5,212.317,370.019,0.0,1.804
pob,590,1,0,209.454,370.0915,90.0,0.145
pob,590,1,1,210.199,370.1785,1.1147,1.4903
pob,590,1,2,210.944,370.106,90.0,0.174
pob,590,1,3,210.199,370.019,0.0,1.49
pob,591,0,0,190.9985,211.8365,138.447,1.0116
pob,591,0,1,190.464,211.996,48.4469,0.4704
pob,591,0,2,191.27,210.967,138.4368,2.5714
pob,591,0,3,192.388,210.29,48.4455,0.4704
pob,591,0,4,192.1655,210.8015,138.447,1.0116
pob,591,0,5,193.036,212.5455,48.4349,3.765
pob,591,0,6,194.08,214.136,138.4027,0.5483
pob,592,0,0,206.7945,200.465,138.4983,2.3059
pob,592,0,1,205.775,201.0525,48.5306,0.4711
pob,592,0,2,206.277,200.2945,138.5317,1.7562
pob,592,0,3,206.3895,199.096,48.5194,1.6471
pob,592,0,4,205.205,199.044,138.5177,1.7059
pob,592,0,5,204.4105,199.4325,48.6186,0.4705
pob,592,0,6,204.8935,198.6915,138.5199,1.7045
pob,592,0,7,205.142,197.686,48.5116,1.1774
pob,592,0,8,204.0945,197.827,138.4854,1.7562
pob,592,0,9,203.281,198.233,48.448,0.4704
pob,592,0,10,203.9885,197.293,138.4989,2.3059
pob,593,0,0,220.257,182.9955,48.5281,0.4711
pob,593,0,1,220.88,182.1305,138.5286,2.0793
pob,593,0,2,223.0625,183.0285,48.5025,4.2364
pob,593,0,3,224.2605,184.797,138.4691,0.549
pob,593,0,4,223.353,184.1855,48.5015,2.1189
pob,593,0,5,222.097,183.882,138.5077,1.4792
pob,593,0,6,221.387,184.196,48.448,0.4704
pob,593,0,7,221.785,183.53,138.5086,1.4792
pob,593,0,8,221.949,182.599,48.5126,1.1774
pob,594,0,0,154.353,244.5075,137.9943,0.8801
pob,594,0,1,152.603,243.2335,47.7846,4.2356
pob,594,0,2,151.5135,241.365,138.0271,0.8972
pob,594,0,3,153.2635,242.6395,48.0241,4.2358
pob,594,1,0,151.685,241.843,138.0604,0.1855
pob,594,1,1,152.718,243.13,48.0259,3.2955
pob,594,1,2,153.8885,244.293,137.8517,0.1848
pob,594,1,3,152.8555,243.0065,48.0272,3.2941
pob,595,0,0,182.297,225.3405,137.9943,0.8801
pob,595,0,1,180.5475,224.0665,47.7946,4.2349
pob,595,0,2,179.458,222.198,137.984,0.8964
pob,595,0,3,181.2075,223.472,48.015,4.2351
pob,595,1,0,179.629,222.6765,137.8299,0.1862
pob,595,1,1,180.6615,223.9635,48.027,3.2941
pob,595,1,2,181.832,225.126,138.0573,0.1855
pob,595,1,3,180.7995,223.8395,48.0272,3.2941
pob,596,0,0,176.939,224.4635,138.0128,0.5785
pob,596,0,1,177.956,226.541,70.5493,4.8169
pob,596,0,2,176.586,227.7735,25.5539,4.815
pob,596,0,3,174.6295,226.541,138.0054,0.5799
pob,596,0,4,176.356,227.084,26.0011,3.3623
pob,597,0,0,268.491,175.0935,90.0,0.313
pob,597,0,1,267.275,175.134,5.4491,2.443
pob,597,0,2,266.059,174.703,90.0,0.63
pob,597,0,3,268.1765,174.388,0.0,4.235
pob,597,0,4,270.294,174.6625,90.0,0.549
pob,597,0,5,269.3925,174.937,0.0,1.803
pob,597,1,0,266.53,175.0095,90.0,0.145
pob,597,1,1,267.275,175.0965,1.1159,1.4903
pob,597,1,2,268.02,175.024,90.0,0.174
pob,597,1,3,267.275,174.937,0.0,1.49
pob,598,0,0,269.746,180.2355,23.919,1.2011
pob,598,0,1,270.295,180.765,90.0,0.572
pob,598,0,2,268.068,180.0315,24.598,4.8985
pob,598,0,3,268.068,177.9925,155.402,4.8985
pob,598,0,4,270.295,177.259,90.0,0.572
pob,598,0,5,269.746,177.7885,156.081,1.2011
pob,598,0,6,269.197,179.012,90.0,1.96
pob,598,1,0,268.727,179.012,90.0,1.518
pob,598,1,1,267.8655,178.6325,156.2258,1.8828
pob,598,1,2,267.8655,179.3915,23.7742,1.8828
pob,599,0,0,270.294,182.114,90.0,0.88
pob,599,0,1,268.1765,182.5625,179.77,4.235
pob,599,0,2,266.059,182.1225,90.0,0.897
pob,599,0,3,268.1765,181.674,0.0,4.235
pob,599,1,0,266.529,182.3155,90.0,0.185
pob,599,1,1,268.1765,182.408,0.0,3.295
pob,599,1,2,269.824,182.3155,90.0,0.185
pob,599,1,3,268.177,182.223,0.0,3.294
pob,600,0,0,260.886,175.0345,90.0,1.011
pob,600,0,1,260.651,175.54,0.0,0.47
pob,600,0,2,260.416,174.2545,90.0,2.571
pob,600,0,3,260.651,172.969,0.0,0.47
pob,600,0,4,260.886,173.475,90.0,1.012
pob,600,0,5,262.7685,173.981,0.0,3.765
pob,600,0,6,264.651,174.255,90.0,0.548
pob,601,0,0,262.768,177.6435,102.635,0.2285
pob,601,0,1,261.5795,177.3045,21.1659,2.4954
pob,601,0,2,260.416,176.5215,90.0,0.665
pob,601,0,3,262.5335,176.189,0.0,4.235
pob,601,0,4,264.651,176.4635,90.0,0.549
pob,601,0,5,263.749,176.738,0.0,1.804
pob,601,0,6,262.847,176.851,90.0,0.226
pob,601,0,7,263.749,177.6005,35.2082,2.2079
pob,601,0,8,264.651,178.5505,90.0,0.627
pob,601,0,9,263.722,178.198,35.6367,2.2861
pob,601,1,0,260.886,176.8105,90.0,0.145
pob,601,1,1,261.631,176.8975,1.1147,1.4903
pob,601,1,2,262.376,176.825,90.0,0.174
pob,601,1,3,261.631,176.738,0.0,1.49
pob,602,0,0,262.5335,180.0654,0.0,4.235
pob,602,0,1,264.651,179.7907,90.0,0.5494
pob,602,0,2,262.5335,179.516,0.0,4.235
pob,602,0,3,260.416,179.7907,90.0,0.5494
pob,603,0,0,263.259,183.739,156.5385,3.205
pob,603,0,1,261.789,184.3825,90.0,0.011
pob,603,0,2,263.22,184.637,9.8712,2.905
pob,603,0,3,264.651,185.1595,90.0,0.547
pob,603,0,4,262.4125,184.998,10.997,4.5607
pob,603,0,5,261.8515,183.832,156.4538,3.6597
pob,603,0,6,261.8515,182.3695,23.5607,3.6601
pob,603,0,7,262.4125,181.2035,169.0154,4.5605
pob,603,0,8,264.651,181.0425,90.0,0.547
pob,603,0,9,263.226,181.5645,170.1077,2.893
pob,603,0,10,261.801,181.819,90.0,0.012
pob,604,0,0,335.3085,195.513,53.477,0.1966
pob,604,0,1,335.409,195.674,62.8832,0.1843
pob,604,0,2,333.73,197.1275,141.4477,4.4013
pob,604,0,3,331.9385,198.43,44.3858,0.1973
pob,604,0,4,331.8095,198.281,53.8235,0.1982
pob,604,0,5,333.3555,196.695,136.8137,4.4011
pob,604,0,6,335.035,195.2425,35.5013,0.1842
pob,604,0,7,335.18,195.365,44.5849,0.1966
pob,604,1,0,332.274,198.1,43.2343,0.1373
pob,604,1,1,332.3795,198.1815,31.8678,0.1307
pob,604,1,2,333.7045,197.035,137.0684,3.4678
pob,604,1,3,334.9345,195.7975,55.0402,0.1379
pob,604,1,4,334.845,195.6935,43.5386,0.1379
pob,604,1,5,333.4435,196.733,141.1909,3.4688
pob,604,1,6,332.1185,197.8795,66.0048,0.1303
pob,604,1,7,332.1845,197.9955,55.0402,0.1379
pob,605,0,0,335.332,201.764,139.1324,0.4707
pob,605,0,1,334.607,201.2855,49.1457,1.6725
pob,605,0,2,334.67,199.692,122.4056,2.2765
pob,605,0,3,335.313,198.7695,49.3931,0.1014
pob,605,0,4,335.339,198.9205,93.5623,0.2254
pob,605,0,5,336.1695,199.4005,23.6915,1.8292
pob,605,0,6,337.079,199.692,133.4525,0.2094
pob,605,0,7,337.2045,199.5305,122.0311,0.2017
pob,605,0,8,336.7855,198.702,57.5468,1.761
pob,605,0,9,336.2395,197.9655,174.9461,0.1476
pob,605,0,10,336.0965,197.991,164.713,0.1441
pob,605,0,11,336.0375,197.7395,92.2226,0.5414
pob,605,0,12,336.1445,197.455,171.7406,0.195
pob,605,0,13,335.786,198.762,109.005,2.7943
pob,605,0,14,335.2395,199.9645,52.3242,0.2994
pob,605,0,15,334.9015,200.234,122.4287,0.9194
pob,606,0,0,243.679,378.4225,23.9187,1.2012
pob,606,0,1,244.228,378.952,90.0,0.572
pob,606,0,2,242.001,378.2185,24.5978,4.8985
pob,606,0,3,242.001,376.1795,155.4022,4.8985
pob,606,0,4,244.228,375.446,90.0,0.572
pob,606,0,5,243.679,375.9755,156.0813,1.2012
pob,606,0,6,243.13,377.199,90.0,1.96
pob,606,1,0,242.66,377.199,90.0,1.518
pob,606,1,1,241.7985,376.8195,156.2258,1.8828
pob,606,1,2,241.7985,377.5785,23.7742,1.8828
pob,607,0,0,242.1105,380.4115,0.0,4.235
pob,607,0,1,244.228,380.1367,90.0,0.5495
pob,607,0,2,242.1105,379.862,0.0,4.235
pob,607,0,3,239.993,380.1367,90.0,0.5495
pob,608,0,0,242.345,382.8875,102.6379,0.2285
pob,608,0,1,241.1565,382.5485,21.1662,2.4953
pob,608,0,2,239.993,381.7655,90.0,0.665
pob,608,0,3,242.1105,381.433,0.0,4.235
pob,608,0,4,244.228,381.7075,90.0,0.549
pob,608,0,5,243.326,381.982,0.0,1.804
pob,608,0,6,242.424,382.095,90.0,0.226
pob,608,0,7,243.326,382.8445,35.2087,2.2079
pob,608,0,8,244.228,383.7945,90.0,0.627
pob,608,0,9,243.299,383.442,35.6367,2.2861
pob,608,1,0,240.463,382.0545,90.0,0.145
pob,608,1,1,241.208,382.1415,1.1153,1.4903
pob,608,1,2,241.953,382.069,90.0,0.174
pob,608,1,3,241.208,381.982,0.0,1.49
pob,609,0,0,244.228,385.2535,90.0,0.987
pob,609,0,1,243.1235,386.1315,160.806,2.339
pob,609,0,2,241.994,386.4275,74.225,0.1839
pob,609,0,3,241.964,386.339,0.0,0.01
pob,609,0,4,241.891,386.438,124.4845,0.2402
pob,609,0,5,240.908,385.917,34.1212,2.2105
pob,609,0,6,239.993,385.0285,90.0,0.537
pob,609,0,7,242.1105,384.76,0.0,4.235
pob,609,1,0,240.463,385.3805,90.0,0.143
pob,609,1,1,241.169,385.446,179.5127,1.4121
pob,609,1,2,241.875,385.3745,90.0,0.131
pob,609,1,3,241.1695,385.309,0.0,1.411
pob,609,2,0,242.268,385.468,90.0,0.318
pob,609,2,1,243.013,385.66,2.536,1.4915
pob,609,2,2,243.758,385.501,90.0,0.384
pob,609,2,3,243.013,385.309,0.0,1.49
pob,610,0,0,239.842,389.852,93.0648,0.2243
pob,610,0,1,239.8645,389.6305,98.5706,0.2215
pob,610,0,2,242.0885,389.629,2.8008,4.4203
pob,610,0,3,244.301,389.8505,87.479,0.2272
pob,610,0,4,244.301,390.077,92.5322,0.2262
pob,610,0,5,242.0885,390.2985,177.1862,4.4203
pob,610,0,6,239.8645,390.2975,81.4294,0.2215
pob,610,0,7,239.842,390.076,86.9352,0.2243
pob,610,1,0,243.832,389.879,87.3072,0.1702
pob,610,1,1,243.815,389.7115,81.0453,0.167
pob,610,1,2,242.059,389.705,177.5032,3.4893
pob,610,1,3,240.3115,389.8725,92.8164,0.1832
pob,610,1,4,240.3115,390.055,87.1683,0.1822
pob,610,1,5,242.059,390.222,2.4966,3.4893
pob,610,1,6,243.815,390.2155,98.9555,0.167
pob,610,1,7,243.832,390.0485,92.7086,0.1692
pob,611,0,0,242.345,394.4335,102.6379,0.2285
pob,611,0,1,241.1565,394.0945,21.1662,2.4953
pob,611,0,2,239.993,393.3115,90.0,0.665
pob,611,0,3,242.1105,392.979,0.0,4.235
pob,611,0,4,244.228,393.2535,90.0,0.549
pob,611,0,5,243.326,393.528,0.0,1.804
pob,611,0,6,242.424,393.641,90.0,0.226
pob,611,0,7,243.326,394.3905,35.2087,2.2079
pob,611,0,8,244.228,395.3405,90.0,0.627
pob,611,0,9,243.299,394.988,35.6367,2.2861
pob,611,1,0,240.463,393.6005,90.0,0.145
pob,611,1,1,241.208,393.6875,1.1153,1.4903
pob,611,1,2,241.953,393.615,90.0,0.174
pob,611,1,3,241.208,393.528,0.0,1.49
pob,612,0,0,244.228,396.5805,90.0,0.549
pob,612,0,1,242.632,396.855,0.0,3.192
pob,612,0,2,242.7195,398.4235,42.9747,4.6019
pob,612,0,3,242.198,399.992,0.0,4.41
pob,612,0,4,239.993,399.7175,90.0,0.549
pob,612,0,5,241.5385,399.443,0.0,3.091
pob,612,0,6,241.437,397.8745,43.6014,4.5488
pob,613,0,0,244.228,402.154,90.0,2.306
pob,613,0,1,243.993,403.307,0.0,0.47
pob,613,0,2,243.758,402.4285,90.0,1.757
pob,613,0,3,242.934,401.55,0.0,1.648
pob,613,0,4,242.11,402.4025,90.0,1.705
pob,613,0,5,241.875,403.255,0.0,0.47
pob,613,0,6,241.64,402.4025,90.0,1.705
pob,613,0,7,241.0515,401.55,0.0,1.177
pob,613,0,8,240.463,402.4285,90.0,1.757
pob,613,0,9,240.228,403.307,0.0,0.47
pob,613,0,10,239.993,402.154,90.0,2.306
pob,614,0,0,250.227,380.3665,90.0,0.987
pob,614,0,1,249.1225,381.2445,160.806,2.339
pob,614,0,2,247.993,381.5405,74.225,0.1839
pob,614,0,3,247.963,381.452,0.0,0.01
pob,614,0,4,247.89,381.551,124.4845,0.2402
pob,614,0,5,246.907,381.03,34.1212,2.2105
pob,614,0,6,245.992,380.1415,90.0,0.537
pob,614,0,7,248.1095,379.873,0.0,4.235
pob,614,1,0,246.462,380.4935,90.0,0.143
pob,614,1,1,247.168,380.5595,179.5536,1.412
pob,614,1,2,247.874,380.488,90.0,0.132
pob,614,1,3,247.168,380.422,0.0,1.412
pob,614,2,0,248.266,380.581,90.0,0.318
pob,614,2,1,249.0115,380.773,2.5344,1.4925
pob,614,2,2,249.757,380.6145,90.0,0.383
pob,614,2,3,249.0115,380.423,0.0,1.491
pob,615,0,0,245.841,384.965,93.0648,0.2243
pob,615,0,1,245.8635,384.743,98.5319,0.2225
pob,615,0,2,248.087,384.7415,2.8144,4.4193
pob,615,0,3,250.2995,384.9635,87.2254,0.2273
pob,615,0,4,250.2995,385.19,92.787,0.2263
pob,615,0,5,248.087,385.4115,177.1856,4.4193
pob,615,0,6,245.8635,385.4105,81.4294,0.2215
pob,615,0,7,245.841,385.189,86.9352,0.2243
pob,615,1,0,249.831,384.992,87.3072,0.1702
pob,615,1,1,249.814,384.8245,81.0453,0.167
pob,615,1,2,248.058,384.818,177.5032,3.4893
pob,615,1,3,246.3105,384.9855,92.8164,0.1832
pob,615,1,4,246.3105,385.168,87.1683,0.1822
pob,615,1,5,248.058,385.335,2.4966,3.4893
pob,615,1,6,249.814,385.3285,98.9555,0.167
pob,615,1,7,249.831,385.1615,92.7086,0.1692
pob,616,0,0,249.679,390.8845,23.9187,1.2012
pob,616,0,1,250.228,391.414,90.0,0.572
pob,616,0,2,248.001,390.6805,24.5978,4.8985
pob,616,0,3,248.001,388.6415,155.4022,4.8985
pob,616,0,4,250.228,387.908,90.0,0.572
pob,616,0,5,249.679,388.4375,156.0813,1.2012
pob,616,0,6,249.13,389.661,90.0,1.96
pob,616,1,0,248.66,389.661,90.0,1.518
pob,616,1,1,247.7985,389.2815,156.2258,1.8828
pob,616,1,2,247.7985,390.0405,23.7742,1.8828
pob,617,0,0,248.344,393.7785,102.6379,0.2285
pob,617,0,1,247.1555,393.4395,21.1662,2.4953
pob,617,0,2,245.992,392.6565,90.0,0.665
pob,617,0,3,248.1095,392.324,0.0,4.235
pob,617,0,4,250.227,392.5985,90.0,0.549
pob,617,0,5,249.325,392.873,0.0,1.804
pob,617,0,6,248.423,392.986,90.0,0.226
pob,617,0,7,249.325,393.7355,35.2087,2.2079
pob,617,0,8,250.227,394.6855,90.0,0.627
pob,617,0,9,249.298,394.333,35.6367,2.2861
pob,617,1,0,246.462,392.9455,90.0,0.145
pob,617,1,1,247.207,393.0325,1.1153,1.4903
pob,617,1,2,247.952,392.96,90.0,0.174
pob,617,1,3,247.207,392.873,0.0,1.49
pob,618,0,0,250.227,396.091,90.0,0.88
pob,618,0,1,248.1095,396.5395,179.77,4.235
pob,618,0,2,245.992,396.0995,90.0,0.897
pob,618,0,3,248.1095,395.651,0.0,4.235
pob,618,1,0,246.462,396.2925,90.0,0.185
pob,618,1,1,248.11,396.385,0.0,3.296
pob,618,1,2,249.758,396.2925,90.0,0.185
pob,618,1,3,248.1105,396.2,0.0,3.295
pob,619,0,0,254.133,382.6695,102.6379,0.2285
pob,619,0,1,252.944,382.3305,21.1578,2.4963
pob,619,0,2,251.78,381.5475,90.0,0.665
pob,619,0,3,253.8975,381.215,0.0,4.235
pob,619,0,4,256.015,381.4895,90.0,0.549
pob,619,0,5,255.1135,381.764,0.0,1.803
pob,619,0,6,254.212,381.877,90.0,0.226
pob,619,0,7,255.1135,382.6265,35.2236,2.2071
pob,619,0,8,256.015,383.5765,90.0,0.627
pob,619,0,9,255.0865,383.224,35.6512,2.2853
pob,619,1,0,252.251,381.8365,90.0,0.145
pob,619,1,1,252.996,381.9235,1.1153,1.4903
pob,619,1,2,253.741,381.851,90.0,0.174
pob,619,1,3,252.996,381.764,0.0,1.49
pob,620,0,0,255.467,387.3335,23.919,1.2011
pob,620,0,1,256.016,387.863,90.0,0.572
pob,620,0,2,253.789,387.1295,24.5979,4.8985
pob,620,0,3,253.789,385.0905,155.4021,4.8985
pob,620,0,4,256.016,384.357,90.0,0.572
pob,620,0,5,255.467,384.8865,156.081,1.2011
pob,620,0,6,254.918,386.11,90.0,1.96
pob,620,1,0,254.448,386.11,90.0,1.518
pob,620,1,1,253.5865,385.7305,156.2258,1.8828
pob,620,1,2,253.5865,386.4895,23.7742,1.8828
pob,621,0,0,254.624,391.425,156.5385,3.205
pob,621,0,1,253.154,392.0685,90.0,0.011
pob,621,0,2,254.585,392.323,9.8709,2.905
pob,621,0,3,256.016,392.8455,90.0,0.547
pob,621,0,4,253.7775,392.684,10.997,4.5607
pob,621,0,5,253.2165,391.518,156.4539,3.6597
pob,621,0,6,253.2165,390.0555,23.5603,3.6601
pob,621,0,7,253.7775,388.8895,169.0152,4.5605
pob,621,0,8,256.016,388.7285,90.0,0.547
pob,621,0,9,254.591,389.2505,170.1077,2.893
pob,621,0,10,253.166,389.505,90.0,0.012
pob,622,0,0,254.212,394.5455,90.0,0.313
pob,622,0,1,252.9965,394.586,5.4517,2.442
pob,622,0,2,251.781,394.155,90.0,0.63
pob,622,0,3,253.8985,393.84,0.0,4.235
pob,622,0,4,256.016,394.1145,90.0,0.549
pob,622,0,5,255.114,394.389,0.0,1.804
pob,622,1,0,252.251,394.4615,90.0,0.145
pob,622,1,1,252.996,394.5485,1.1147,1.4903
pob,622,1,2,253.741,394.476,90.0,0.174
pob,622,1,3,252.996,394.389,0.0,1.49
pob,623,0,0,23.5195,472.8315,100.7159,2.2319
pob,623,0,1,24.931,472.2225,22.043,2.5979
pob,623,0,2,26.047,472.8195,128.7871,0.281
pob,623,0,3,25.7855,472.7285,49.1292,0.5303
pob,623,0,4,25.664,472.466,129.9868,0.1618
pob,623,0,5,24.939,472.2495,11.246,1.5844
pob,623,0,6,23.8975,473.556,100.2617,2.9695
pob,623,0,7,22.7455,473.9915,49.126,2.7124
pob,623,0,8,22.0355,472.812,139.0551,0.47
pob,624,0,0,21.9775,469.9885,48.842,0.1899
pob,624,0,1,21.784,470.623,100.5118,1.4361
pob,624,0,2,21.72,471.2935,152.0832,0.1516
pob,624,0,3,21.955,471.452,49.1081,0.5133
pob,624,0,4,22.0165,471.713,147.8251,0.2516
pob,624,0,5,21.719,470.5205,81.377,2.5478
pob,624,0,6,21.606,469.2845,16.7684,0.1629
pob,624,0,7,21.6845,469.1675,90.2042,0.281
pob,624,0,8,22.7965,469.4615,21.3511,2.3868
pob,624,0,9,23.832,469.997,126.9602,0.2528
pob,624,0,10,23.584,469.8995,49.0913,0.5253
pob,624,0,11,23.4515,469.6465,125.9334,0.1346
pob,624,0,12,22.897,469.6125,178.0234,1.1887
pob,624,0,13,22.3545,469.699,52.0361,0.1674
pob,625,0,0,44.787,432.665,90.0,2.306
pob,625,0,1,44.552,433.818,0.0,0.47
pob,625,0,2,44.317,432.9395,90.0,1.757
pob,625,0,3,43.493,432.061,0.0,1.648
pob,625,0,4,42.669,432.9135,90.0,1.705
pob,625,0,5,42.434,433.766,0.0,0.47
pob,625,0,6,42.199,432.9135,90.0,1.705
pob,625,0,7,41.6105,432.061,0.0,1.177
pob,625,0,8,41.022,432.9395,90.0,1.757
pob,625,0,9,40.787,433.818,0.0,0.47
pob,625,0,10,40.552,432.665,90.0,2.306
pob,626,0,0,40.552,434.9905,90.0,0.549
pob,626,0,1,42.6695,434.716,0.0,4.235
pob,626,0,2,44.787,435.637,90.0,1.842
pob,626,0,3,44.552,436.558,0.0,0.47
pob,626,0,4,44.317,435.9115,90.0,1.293
pob,627,0,0,44.787,438.303,90.0,2.306
pob,627,0,1,44.552,439.456,0.0,0.47
pob,627,0,2,44.317,438.5775,90.0,1.757
pob,627,0,3,43.493,437.699,0.0,1.648
pob,627,0,4,42.669,438.5515,90.0,1.705
pob,627,0,5,42.434,439.404,0.0,0.47
pob,627,0,6,42.199,438.5515,90.0,1.705
pob,627,0,7,41.6105,437.699,0.0,1.177
pob,627,0,8,41.022,438.5775,90.0,1.757
pob,627,0,9,40.787,439.456,0.0,0.47
pob,627,0,10,40.552,438.303,90.0,2.306
pob,628,0,0,40.552,440.1735,90.0,0.579
pob,628,0,1,42.7765,440.807,22.5347,4.8168
pob,628,0,2,42.7765,442.65,157.5312,4.8145
pob,628,0,3,40.552,443.28,90.0,0.58
pob,628,0,4,42.1105,442.36,157.9898,3.362
pob,629,0,0,49.3485,433.076,0.0,3.765
pob,629,0,1,51.231,433.311,90.0,0.47
pob,629,0,2,49.1135,433.546,0.0,4.235
pob,629,0,3,46.996,433.088,90.0,0.916
pob,629,0,4,47.231,432.483,147.9722,0.5544
pob,630,0,0,50.328,437.096,143.5818,2.4357
pob,630,0,1,49.2165,437.901,148.0532,0.3099
pob,630,0,2,47.9615,437.426,26.3709,2.508
pob,630,0,3,46.852,436.7285,95.6903,0.2824
pob,630,0,4,46.9065,436.459,107.4304,0.2704
pob,630,0,5,48.265,436.515,7.99,2.6618
pob,630,0,6,49.5745,436.807,94.5425,0.2147
pob,630,0,7,49.533,437.013,108.4346,0.2087
pob,630,0,8,49.506,437.1175,42.5212,0.0163
pob,630,0,9,50.26,436.5565,142.8616,1.8766
pob,630,0,10,51.158,436.1815,51.9285,0.4865
pob,630,1,0,49.1035,436.7925,84.1166,0.1659
pob,630,1,1,49.0695,436.629,72.5259,0.1698
pob,630,1,2,48.1855,436.6355,174.1803,1.7259
pob,630,1,3,47.318,436.816,95.5283,0.1869
pob,630,1,4,47.319,436.994,83.2899,0.1712
pob,630,1,5,48.1835,437.162,5.5479,1.717
pob,630,1,6,49.0655,437.157,107.3546,0.1844
pob,630,1,7,49.103,436.972,95.8861,0.195
pob,631,0,0,49.3485,440.126,0.0,3.765
pob,631,0,1,51.231,440.361,90.0,0.47
pob,631,0,2,49.1135,440.596,0.0,4.235
pob,631,0,3,46.996,440.138,90.0,0.916
pob,631,0,4,47.231,439.533,147.9722,0.5544
pob,632,0,0,210.0805,323.1085,137.9885,0.1898
pob,632,0,1,210.7175,323.294,9.7832,1.4359
pob,632,0,2,211.388,323.35,60.7209,0.1513
pob,632,0,3,211.5435,323.1135,138.4687,0.5143
pob,632,0,4,211.804,323.0485,57.1986,0.251
pob,632,0,5,210.615,323.36,170.6932,2.5475
pob,632,0,6,209.3805,323.4875,105.9947,0.1633
pob,632,0,7,209.2625,323.41,179.5956,0.281
pob,632,0,8,209.5425,322.295,110.6461,2.3852
pob,632,0,9,210.0655,321.2535,36.0081,0.2534
pob,632,0,10,209.9715,321.5025,138.3941,0.5256
pob,632,0,11,209.72,321.638,35.3447,0.1348
pob,632,0,12,209.6925,322.1925,87.3475,1.1883
pob,632,0,13,209.7855,322.734,141.5524,0.1673
pob,633,0,0,208.7835,327.0765,142.8416,0.197
pob,633,0,1,208.6235,327.179,152.1853,0.1843
pob,633,0,2,207.151,325.518,50.7747,4.3993
pob,633,0,3,205.8285,323.743,133.9755,0.1973
pob,633,0,4,205.976,323.6125,143.0152,0.1978
pob,633,0,5,207.5795,325.1385,46.1235,4.3991
pob,633,0,6,209.051,326.8,124.89,0.1853
pob,633,0,7,208.93,326.9465,133.968,0.1959
pob,633,1,0,206.1625,324.0745,132.6356,0.1373
pob,633,1,1,206.082,324.181,121.2613,0.131
pob,633,1,2,207.2435,325.4915,46.3796,3.4658
pob,633,1,3,208.4945,326.7055,143.8847,0.1374
pob,633,1,4,208.5975,326.6145,133.2432,0.1387
pob,633,1,5,207.5425,325.2265,50.5011,3.4666
pob,633,1,6,206.3805,323.916,155.5987,0.1307
pob,633,1,7,206.265,323.9835,144.127,0.1382
pob,634,0,0,206.1455,329.4145,142.8416,0.197
pob,634,0,1,205.9855,329.517,152.1853,0.1843
pob,634,0,2,204.513,327.856,50.7747,4.3993
pob,634,0,3,203.1905,326.081,133.9755,0.1973
pob,634,0,4,203.3375,325.9505,142.8416,0.197
pob,634,0,5,204.9405,327.4765,46.1236,4.399
pob,634,0,6,206.4125,329.138,124.6338,0.1847
pob,634,0,7,206.2915,329.2845,134.1793,0.1966
pob,634,1,0,203.5245,326.4125,132.6356,0.1373
pob,634,1,1,203.444,326.519,121.2613,0.131
pob,634,1,2,204.6055,327.8295,46.3796,3.4658
pob,634,1,3,205.8565,329.0435,143.8847,0.1374
pob,634,1,4,205.9595,328.9525,133.2432,0.1387
pob,634,1,5,204.9045,327.5645,50.5011,3.4666
pob,634,1,6,203.7425,326.254,155.5987,0.1307
pob,634,1,7,203.627,326.3215,144.127,0.1382
pob,635,0,0,203.5075,331.7525,142.8416,0.197
pob,635,0,1,203.3475,331.855,152.1853,0.1843
pob,635,0,2,201.875,330.194,50.7747,4.3993
pob,635,0,3,200.5525,328.419,133.9755,0.1973
pob,635,0,4,200.7,328.2885,143.0152,0.1978
pob,635,0,5,202.303,329.8145,46.1329,4.3984
pob,635,0,6,203.7745,331.476,124.6338,0.1847
pob,635,0,7,203.6535,331.6225,134.1793,0.1966
pob,635,1,0,200.8865,328.7505,132.6356,0.1373
pob,635,1,1,200.806,328.857,121.2613,0.131
pob,635,1,2,201.9675,330.1675,46.3796,3.4658
pob,635,1,3,203.219,331.3815,144.127,0.1382
pob,635,1,4,203.322,331.2905,132.9432,0.138
pob,635,1,5,202.2665,329.9025,50.5011,3.4666
pob,635,1,6,201.1045,328.592,155.5987,0.1307
pob,635,1,7,200.989,328.659,144.4564,0.1376
pob,636,0,0,199.8115,333.944,10.1151,1.8904
pob,636,0,1,200.5135,334.313,138.3807,0.6113
pob,636,0,2,199.6005,334.3745,11.6805,1.398
pob,636,0,3,198.964,334.9385,86.1081,1.4143
pob,636,0,4,198.7915,335.8395,138.4394,0.5894
pob,636,0,5,198.501,335.106,85.6909,1.8633
pob,636,0,6,197.6775,334.0545,9.2338,1.5268
pob,636,0,7,197.1525,333.729,138.3817,0.6113
pob,636,0,8,197.909,333.609,8.9344,1.069
pob,636,0,9,198.3965,333.177,85.5038,1.0332
pob,636,0,10,198.579,332.4645,138.471,0.5958
pob,637,0,0,193.708,335.7935,12.206,2.4453
pob,637,0,1,195.0495,336.093,15.6352,0.3043
pob,637,0,2,195.5225,337.3425,74.8814,2.5037
pob,637,0,3,195.735,338.6335,144.1081,0.2814
pob,637,0,4,195.4975,338.772,155.6094,0.2712
pob,637,0,5,194.636,337.7205,56.3219,2.6617
pob,637,0,6,193.989,336.5505,145.5192,0.2208
pob,637,0,7,194.1785,336.45,158.9075,0.2112
pob,637,0,8,194.2775,336.404,93.5424,0.0161
pob,637,0,9,193.3285,336.1785,12.902,1.9482
pob,637,0,10,192.446,335.748,107.4617,0.4466
pob,637,1,0,195.6025,338.1295,132.7252,0.1783
pob,637,1,1,195.708,337.9885,120.7991,0.1758
pob,637,1,2,195.12,337.3295,42.6699,1.7218
pob,637,1,3,194.416,336.7955,145.1164,0.1731
pob,637,1,4,194.288,336.9075,132.3644,0.1692
pob,637,1,5,194.736,337.67,54.1926,1.7263
pob,637,1,6,195.32,338.334,155.5002,0.1736
pob,637,1,7,195.4705,338.247,144.4999,0.1757
pob,638,0,0,193.1375,340.9455,142.8381,0.197
pob,638,0,1,192.9775,341.048,152.1853,0.1843
pob,638,0,2,191.505,339.387,50.7748,4.3993
pob,638,0,3,190.1825,337.612,133.9755,0.1973
pob,638,0,4,190.33,337.4815,143.0116,0.1978
pob,638,0,5,191.9335,339.0075,46.1236,4.3991
pob,638,0,6,193.405,340.669,124.8927,0.1853
pob,638,0,7,193.284,340.8155,133.9649,0.1959
pob,638,1,0,190.5165,337.9435,132.6399,0.1373
pob,638,1,1,190.436,338.05,121.2613,0.131
pob,638,1,2,191.5975,339.3605,46.3796,3.4658
pob,638,1,3,192.8485,340.5745,143.8795,0.1374
pob,638,1,4,192.9515,340.4835,133.2476,0.1387
pob,638,1,5,191.8965,339.0955,50.5013,3.4667
pob,638,1,6,190.7345,337.785,155.5926,0.1307
pob,638,1,7,190.619,337.8525,144.1219,0.1382
pob,639,0,0,117.0255,401.928,143.0722,0.1964
pob,639,0,1,116.865,402.0295,152.601,0.1847
pob,639,0,2,115.4,400.362,51.035,4.3985
pob,639,0,3,114.086,398.581,134.182,0.198
pob,639,0,4,114.234,398.451,143.2432,0.1972
pob,639,0,5,115.83,399.9845,46.3909,4.3988
pob,639,0,6,117.294,401.6525,125.0669,0.1845
pob,639,0,7,117.1725,401.7985,134.1746,0.1966
pob,639,1,0,114.418,398.914,133.2273,0.1372
pob,639,1,1,114.337,399.02,121.2641,0.131
pob,639,1,2,115.4925,400.336,46.6486,3.4656
pob,639,1,3,116.738,401.556,144.4616,0.1376
pob,639,1,4,116.8415,401.4655,133.2476,0.1387
pob,639,1,5,115.793,400.0725,50.7724,3.4661
pob,639,1,6,114.6375,398.7565,155.9898,0.1303
pob,639,1,7,114.5215,398.8235,144.3684,0.139
pob,640,0,0,114.7145,403.1495,150.7656,0.1249
pob,640,0,1,114.6625,403.258,127.4585,0.3502
pob,640,0,2,114.571,403.3385,104.3821,0.1208
pob,641,0,0,110.413,403.9465,48.7097,3.3552
pob,641,0,1,111.5345,403.275,14.8048,4.61
pob,641,0,2,112.9735,404.557,138.7243,2.101
pob,641,0,3,112.391,405.486,48.7453,0.6278
pob,641,0,4,112.421,405.877,138.7917,0.4705
pob,641,0,5,112.037,405.7965,48.6846,0.6271
pob,641,0,6,111.6475,405.721,138.7591,0.4854
pob,641,0,7,111.31,405.7045,48.7108,0.4698
pob,641,0,8,111.3375,405.3675,138.6698,0.4861
pob,641,1,0,112.3275,404.498,138.6579,1.2081
pob,641,1,1,111.752,403.834,14.4416,2.1251
pob,641,1,2,110.719,403.573,135.0273,0.0113
pob,641,1,3,111.294,404.237,48.7406,1.756
pob,642,0,0,107.928,403.9895,144.1618,0.1998
pob,642,0,1,108.0955,403.89,154.6389,0.1914
pob,642,0,2,108.7035,404.584,54.6434,1.8024
pob,642,0,3,109.157,405.3905,133.562,0.1973
pob,642,0,4,109.009,405.5205,143.8222,0.1982
pob,642,0,5,108.2675,404.967,42.7741,1.8024
pob,642,0,6,107.658,404.274,122.6981,0.1925
pob,642,0,7,107.7785,404.1205,133.3744,0.1995
pob,642,1,0,108.009,404.332,133.1512,0.1316
pob,642,1,1,107.93,404.4345,121.9571,0.1285
pob,642,1,2,108.3355,404.8965,42.8365,1.1987
pob,642,1,3,108.8285,405.2655,144.2623,0.1318
pob,642,1,4,108.927,405.179,133.1488,0.1316
pob,642,1,5,108.625,404.642,54.64,1.1992
pob,642,1,6,108.2195,404.18,155.2239,0.1289
pob,642,1,7,108.1075,404.2455,144.2623,0.1318
pob,643,0,0,108.622,406.2215,18.4753,4.9449
pob,643,0,1,110.916,407.144,110.1493,0.2961
pob,643,0,2,108.524,406.4995,18.5047,4.9373
pob,644,0,0,108.203,407.089,143.8938,0.2104
pob,644,0,1,108.3785,406.9835,154.3267,0.2008
pob,644,0,2,109.012,407.706,54.668,1.8779
pob,644,0,3,109.483,408.548,133.4498,0.2094
pob,644,0,4,109.327,408.6855,143.7936,0.2082
pob,644,0,5,108.553,408.1095,42.7352,1.8788
pob,644,0,6,107.918,407.388,123.2155,0.2008
pob,644,0,7,108.0455,407.2275,133.4616,0.2108
pob,644,1,0,108.2775,407.4375,133.2432,0.1387
pob,644,1,1,108.194,407.546,121.8275,0.1365
pob,644,1,2,108.625,408.037,42.8365,1.2737
pob,644,1,3,109.1485,408.4295,144.3684,0.139
pob,644,1,4,109.2525,408.338,132.9639,0.1394
pob,644,1,5,108.931,407.7675,54.614,1.2744
pob,644,1,6,108.5,407.277,154.9331,0.1369
pob,644,1,7,108.3815,407.3465,144.3684,0.139
pob,645,0,0,104.771,408.7395,48.7114,2.6764
pob,645,0,1,104.4755,410.7805,138.6956,3.1376
pob,645,0,2,102.4135,410.8105,48.6953,2.677
pob,645,0,3,101.7365,409.6235,138.6863,0.5499
pob,645,0,4,102.766,410.3795,48.7212,2.495
pob,645,0,5,104.3555,410.6445,138.7378,2.0394
pob,645,0,6,104.2985,409.0345,48.7039,2.4956
pob,646,0,0,101.8685,412.743,138.7633,0.3125
pob,646,0,1,101.036,411.8565,54.1484,2.4416
pob,646,0,2,100.558,410.6585,138.6598,0.6313
pob,646,0,3,102.192,412.0415,48.7237,4.2353
pob,646,0,4,103.3825,413.814,138.7647,0.5492
pob,646,0,5,102.581,413.3175,48.7093,1.8034
pob,646,1,0,100.6375,411.214,138.6309,0.1452
pob,646,1,1,101.064,411.8315,49.8158,1.4909
pob,646,1,2,101.61,412.3435,138.5032,0.1736
pob,646,1,3,101.1835,411.726,48.7271,1.4902
pob,647,0,0,42.479,364.89,0.0,1.726
pob,647,0,1,41.616,364.6155,90.0,0.549
pob,647,0,2,43.7335,364.341,0.0,4.235
pob,647,0,3,45.851,364.6155,90.0,0.549
pob,647,0,4,44.8315,364.89,0.0,2.039
pob,647,0,5,43.812,365.8705,90.0,1.961
pob,647,0,6,44.8315,366.851,0.0,2.039
pob,647,0,7,45.851,367.1255,90.0,0.549
pob,647,0,8,43.7335,367.4,0.0,4.235
pob,647,0,9,41.616,367.1255,90.0,0.549
pob,647,0,10,42.479,366.851,0.0,1.726
pob,648,0,0,42.9555,368.335,0.0,2.677
pob,648,0,1,44.294,369.904,90.0,3.138
pob,648,0,2,42.9555,371.473,0.0,2.677
pob,648,0,3,41.617,371.1985,90.0,0.549
pob,648,0,4,42.8645,370.924,0.0,2.495
pob,648,0,5,44.112,369.904,90.0,2.04
pob,648,0,6,42.8645,368.884,0.0,2.495
pob,649,0,0,42.01,374.7735,34.3373,0.172
pob,649,0,1,41.8765,374.6695,41.6031,0.1672
pob,649,0,2,42.6455,373.8275,136.5928,2.2891
pob,649,0,3,43.524,373.127,61.3442,0.196
pob,649,0,4,43.613,373.303,64.9823,0.1986
pob,649,0,5,44.3095,373.132,158.2588,1.4092
pob,649,0,6,44.885,372.847,16.8949,0.1651
pob,649,0,7,44.719,372.8155,4.9319,0.1746
pob,649,0,8,44.69,372.534,101.9522,0.5601
pob,649,0,9,44.874,372.2875,12.3104,0.2579
pob,649,0,10,45.114,372.362,22.4074,0.2466
pob,649,0,11,44.583,373.5955,118.5292,2.701
pob,649,0,12,43.8545,374.717,37.8998,0.2116
pob,649,0,13,43.6985,374.5735,47.2749,0.2137
pob,649,0,14,43.5635,374.404,55.5192,0.2208
pob,649,0,15,43.139,373.684,60.0788,1.4515
pob,649,0,16,42.7235,373.035,20.5016,0.1142
pob,649,0,17,42.61,373.0075,7.1248,0.1209
pob,649,0,18,42.253,373.4625,122.707,1.0993
pob,649,0,19,41.995,374.0155,66.6871,0.1971
pob,649,0,20,42.098,374.1815,49.7124,0.198
pob,649,0,21,42.2515,374.321,35.5697,0.2201
pob,650,0,0,42.479,376.295,0.0,1.726
pob,650,0,1,41.616,376.0205,90.0,0.549
pob,650,0,2,43.7335,375.746,0.0,4.235
pob,650,0,3,45.851,376.0205,90.0,0.549
pob,650,0,4,44.8315,376.295,0.0,2.039
pob,650,0,5,43.812,377.2755,90.0,1.961
pob,650,0,6,44.8315,378.256,0.0,2.039
pob,650,0,7,45.851,378.5305,90.0,0.549
pob,650,0,8,43.7335,378.805,0.0,4.235
pob,650,0,9,41.616,378.5305,90.0,0.549
pob,650,0,10,42.479,378.256,0.0,1.726
pob,651,0,0,48.436,362.519,0.0,1.726
pob,651,0,1,47.573,362.2445,90.0,0.549
pob,651,0,2,49.6905,361.97,0.0,4.235
pob,651,0,3,51.808,362.2445,90.0,0.549
pob,651,0,4,50.7885,362.519,0.0,2.039
pob,651,0,5,49.769,363.4995,90.0,1.961
pob,651,0,6,50.7885,364.48,0.0,2.039
pob,651,0,7,51.808,364.7545,90.0,0.549
pob,651,0,8,49.6905,365.029,0.0,4.235
pob,651,0,9,47.573,364.7545,90.0,0.549
pob,651,0,10,48.436,364.48,0.0,1.726
pob,652,0,0,47.422,367.852,93.0668,0.2243
pob,652,0,1,47.4445,367.63,98.53,0.2225
pob,652,0,2,49.6685,367.629,2.8268,4.4204
pob,652,0,3,51.881,367.851,87.4659,0.2262
pob,652,0,4,51.881,368.077,92.5341,0.2262
pob,652,0,5,49.6685,368.2985,177.1862,4.4203
pob,652,0,6,47.4445,368.2975,81.4314,0.2215
pob,652,0,7,47.422,368.076,86.9332,0.2243
pob,652,1,0,51.412,367.879,87.3059,0.1702
pob,652,1,1,51.395,367.7115,81.0453,0.167
pob,652,1,2,49.639,367.705,177.5032,3.4893
pob,652,1,3,47.891,367.8725,93.1273,0.1833
pob,652,1,4,47.891,368.055,86.8557,0.1823
pob,652,1,5,49.639,368.2225,2.5131,3.4894
pob,652,1,6,51.395,368.216,98.902,0.168
pob,652,1,7,51.412,368.0485,92.7099,0.1692
pob,653,0,0,48.9115,370.901,0.0,2.677
pob,653,0,1,50.25,372.47,90.0,3.138
pob,653,0,2,48.9115,374.039,0.0,2.677
pob,653,0,3,47.573,373.7645,90.0,0.549
pob,653,0,4,48.8205,373.49,0.0,2.495
pob,653,0,5,50.068,372.47,90.0,2.04
pob,653,0,6,48.8205,371.45,0.0,2.495
pob,654,0,0,47.966,377.3395,34.3373,0.172
pob,654,0,1,47.8325,377.2355,41.6031,0.1672
pob,654,0,2,48.6015,376.3935,136.5928,2.2891
pob,654,0,3,49.48,375.693,61.3442,0.196
pob,654,0,4,49.569,375.869,64.9823,0.1986
pob,654,0,5,50.2655,375.698,158.2588,1.4092
pob,654,0,6,50.841,375.4135,16.565,0.1648
pob,654,0,7,50.6755,375.3825,4.9552,0.1736
pob,654,0,8,50.647,375.1005,101.9309,0.5611
pob,654,0,9,50.8305,374.8535,12.3579,0.257
pob,654,0,10,51.07,374.928,22.4074,0.2466
pob,654,0,11,50.539,376.1615,118.5292,2.701
pob,654,0,12,49.8105,377.2835,37.6873,0.211
pob,654,0,13,49.6545,377.14,47.4547,0.2144
pob,654,0,14,49.5195,376.9705,55.3707,0.22
pob,654,0,15,49.095,376.251,60.0791,1.4515
pob,654,0,16,48.6795,375.6015,20.9662,0.1146
pob,654,0,17,48.566,375.574,6.6509,0.1208
pob,654,0,18,48.2095,376.029,122.6915,1.0979
pob,654,0,19,47.9515,376.5815,66.9545,0.1967
pob,654,0,20,48.0545,376.7475,49.4924,0.1986
pob,654,0,21,48.208,376.887,35.7216,0.2192
pob,655,0,0,51.808,379.464,90.0,2.306
pob,655,0,1,51.573,380.617,0.0,0.47
pob,655,0,2,51.338,379.7385,90.0,1.757
pob,655,0,3,50.514,378.86,0.0,1.648
pob,655,0,4,49.69,379.7125,90.0,1.705
pob,655,0,5,49.455,380.565,0.0,0.47
pob,655,0,6,49.22,379.7125,90.0,1.705
pob,655,0,7,48.6315,378.86,0.0,1.177
pob,655,0,8,48.043,379.7385,90.0,1.757
pob,655,0,9,47.808,380.617,0.0,0.47
pob,655,0,10,47.573,379.464,90.0,2.306
pob,656,0,0,238.4305,222.719,72.3043,1.2008
pob,656,0,1,238.399,223.481,138.4022,0.5723
pob,656,0,2,237.4685,221.329,72.9893,4.8983
pob,656,0,3,238.993,219.975,23.7916,4.8983
pob,656,0,4,241.0205,221.153,138.3329,0.5716
pob,656,0,5,240.2605,221.094,24.4959,1.2011
pob,656,0,6,238.981,221.496,138.3908,1.9607
pob,656,1,0,238.6685,221.1445,138.3635,1.5187
pob,656,1,1,238.3805,220.2485,24.5905,1.8817
pob,656,1,2,237.813,220.753,72.1812,1.8823
pob,657,0,0,78.81,267.024,0.0,1.726
pob,657,0,1,77.947,266.7495,90.0,0.549
pob,657,0,2,80.0645,266.475,0.0,4.235
pob,657,0,3,82.182,266.7495,90.0,0.549
pob,657,0,4,81.1625,267.024,0.0,2.039
pob,657,0,5,80.143,268.0045,90.0,1.961
pob,657,0,6,81.1625,268.985,0.0,2.039
pob,657,0,7,82.182,269.2595,90.0,0.549
pob,657,0,8,80.0645,269.534,0.0,4.235
pob,657,0,9,77.947,269.2595,90.0,0.549
pob,657,0,10,78.81,268.985,0.0,1.726
pob,658,0,0,81.633,273.3385,23.9189,1.2012
pob,658,0,1,82.182,273.868,90.0,0.572
pob,658,0,2,79.955,273.1345,24.5979,4.8985
pob,658,0,3,79.955,271.0955,155.4021,4.8985
pob,658,0,4,82.182,270.362,90.0,0.572
pob,658,0,5,81.633,270.8915,156.0811,1.2012
pob,658,0,6,81.084,272.115,90.0,1.96
pob,658,1,0,80.614,272.115,90.0,1.518
pob,658,1,1,79.7525,271.7355,156.2259,1.8828
pob,658,1,2,79.7525,272.4945,23.7741,1.8828
pob,659,0,0,82.182,275.0525,90.0,0.549
pob,659,0,1,80.586,275.327,0.0,3.192
pob,659,0,2,80.6735,276.8955,42.9746,4.6019
pob,659,0,3,80.152,278.464,0.0,4.41
pob,659,0,4,77.947,278.1895,90.0,0.549
pob,659,0,5,79.4925,277.915,0.0,3.091
pob,659,0,6,79.391,276.3465,43.6014,4.5488
pob,660,0,0,80.2995,281.69,0.0,0.471
pob,660,0,1,80.535,282.228,90.0,1.076
pob,660,0,2,80.661,282.7465,171.2022,0.255
pob,660,0,3,80.9045,282.681,158.6245,0.2524
pob,660,0,4,80.5485,281.2105,71.6134,3.0023
pob,660,0,5,79.9825,279.79,177.5253,0.1852
pob,660,0,6,79.7995,279.8065,172.1379,0.1827
pob,660,0,7,79.2,281.1575,110.8206,2.864
pob,660,0,8,78.7615,282.565,44.3843,0.1973
pob,660,0,9,78.911,282.6945,37.4454,0.199
pob,660,0,10,78.803,282.9295,136.9805,0.5115
pob,660,0,11,78.5215,283.0245,40.0718,0.247
pob,660,0,12,78.344,282.8555,47.1605,0.2441
pob,660,0,13,79.4915,281.05,125.6435,4.2231
pob,660,0,14,80.821,279.37,19.9803,0.2107
pob,660,0,15,81.014,279.4515,25.8303,0.2089
pob,660,0,16,80.7745,281.4015,99.9325,3.8669
pob,660,0,17,80.3345,283.3105,177.5797,0.2132
pob,660,0,18,80.1455,283.315,0.0,0.165
pob,661,0,0,81.633,286.9295,23.9189,1.2012
pob,661,0,1,82.182,287.459,90.0,0.572
pob,661,0,2,79.955,286.7255,24.5979,4.8985
pob,661,0,3,79.955,284.6865,155.4021,4.8985
pob,661,0,4,82.182,283.953,90.0,0.572
pob,661,0,5,81.633,284.4825,156.0811,1.2012
pob,661,0,6,81.084,285.706,90.0,1.96
pob,661,1,0,80.614,285.706,90.0,1.518
pob,661,1,1,79.7525,285.3265,156.2259,1.8828
pob,661,1,2,79.7525,286.0855,23.7741,1.8828
pob,662,0,0,80.299,289.8235,102.6388,0.2285
pob,662,0,1,79.1105,289.4845,21.1662,2.4953
pob,662,0,2,77.947,288.7015,90.0,0.665
pob,662,0,3,80.0645,288.369,0.0,4.235
pob,662,0,4,82.182,288.6435,90.0,0.549
pob,662,0,5,81.28,288.918,0.0,1.804
pob,662,0,6,80.378,289.031,90.0,0.226
pob,662,0,7,81.28,289.7805,35.2084,2.2079
pob,662,0,8,82.182,290.7305,90.0,0.627
pob,662,0,9,81.253,290.378,35.6367,2.2861
pob,662,1,0,78.417,288.9905,90.0,0.145
pob,662,1,1,79.162,289.0775,1.1147,1.4903
pob,662,1,2,79.907,289.0055,90.0,0.173
pob,662,1,3,79.162,288.919,0.0,1.49
pob,663,0,0,171.241,248.358,90.0,2.306
pob,663,0,1,171.006,249.511,0.0,0.47
pob,663,0,2,170.771,248.6325,90.0,1.757
pob,663,0,3,169.947,247.754,0.0,1.648
pob,663,0,4,169.123,248.6065,90.0,1.705
pob,663,0,5,168.888,249.459,0.0,0.47
pob,663,0,6,168.653,248.6065,90.0,1.705
pob,663,0,7,168.0645,247.754,0.0,1.177
pob,663,0,8,167.476,248.6325,90.0,1.757
pob,663,0,9,167.241,249.511,0.0,0.47
pob,663,0,10,167.006,248.358,90.0,2.306
pob,664,0,0,167.006,250.6825,90.0,0.549
pob,664,0,1,169.1235,250.408,0.0,4.235
pob,664,0,2,171.241,251.329,90.0,1.842
pob,664,0,3,171.006,252.25,0.0,0.47
pob,664,0,4,170.771,251.6035,90.0,1.293
pob,665,0,0,171.241,253.996,90.0,2.306
pob,665,0,1,171.006,255.149,0.0,0.47
pob,665,0,2,170.771,254.2705,90.0,1.757
pob,665,0,3,169.947,253.392,0.0,1.648
pob,665,0,4,169.123,254.2445,90.0,1.705
pob,665,0,5,168.888,255.097,0.0,0.47
pob,665,0,6,168.653,254.2445,90.0,1.705
pob,665,0,7,168.0645,253.392,0.0,1.177
pob,665,0,8,167.476,254.2705,90.0,1.757
pob,665,0,9,167.241,255.149,0.0,0.47
pob,665,0,10,167.006,253.996,90.0,2.306
pob,666,0,0,167.006,255.8655,90.0,0.579
pob,666,0,1,169.2305,256.499,22.5348,4.8168
pob,666,0,2,169.2305,258.342,157.5312,4.8145
pob,666,0,3,167.006,258.972,90.0,0.58
pob,666,0,4,168.5645,258.052,157.9896,3.362
pob,667,0,0,175.6855,249.486,141.605,2.2316
pob,667,0,1,174.22,249.023,62.9215,2.5966
pob,667,0,2,173.767,247.8415,169.5319,0.2807
pob,667,0,3,173.905,248.0815,90.0,0.531
pob,667,0,4,173.825,248.3595,171.111,0.1619
pob,667,0,5,174.2315,248.9975,52.1243,1.5848
pob,667,0,6,175.874,248.691,141.1235,2.9698
pob,667,0,7,177.03,249.1155,90.0,2.713
pob,667,0,8,176.795,250.472,0.0,0.47
pob,668,0,0,177.1005,252.722,94.3759,0.1966
pob,668,0,1,177.071,252.9095,103.8131,0.1843
pob,668,0,2,174.8515,252.9095,2.3321,4.3986
pob,668,0,3,172.646,252.722,85.3316,0.1967
pob,668,0,4,172.646,252.5255,94.6454,0.1976
pob,668,0,5,174.8515,252.3375,177.6675,4.3986
pob,668,0,6,177.071,252.338,76.2613,0.1853
pob,668,0,7,177.1005,252.526,85.6241,0.1966
pob,668,1,0,173.115,252.6925,84.1618,0.1377
pob,668,1,1,173.141,252.8235,73.0931,0.1306
pob,668,1,2,174.8925,252.8235,177.9339,3.4673
pob,668,1,3,176.6315,252.6925,95.4211,0.1376
pob,668,1,4,176.6315,252.555,84.6183,0.1386
pob,668,1,5,174.8925,252.424,2.0494,3.4672
pob,668,1,6,173.141,252.424,107.0363,0.1297
pob,668,1,7,173.115,252.555,95.7959,0.1387
pob,669,0,0,173.624,255.928,143.7484,2.4454
pob,669,0,1,174.738,255.123,147.3596,0.304
pob,669,0,2,175.987,255.598,26.4214,2.5035
pob,669,0,3,177.094,256.295,95.7106,0.2814
pob,669,0,4,177.04,256.5645,107.1651,0.2711
pob,669,0,5,175.682,256.5115,7.8833,2.6612
pob,669,0,6,174.3775,256.2195,97.0307,0.2207
pob,669,0,7,174.4275,256.0115,110.3301,0.2101
pob,669,0,8,174.4585,255.907,47.4698,0.0163
pob,669,0,9,173.6605,256.4675,144.442,1.9483
pob,669,0,10,172.753,256.8425,59.0144,0.4467
pob,669,1,0,176.629,256.06,84.2233,0.1789
pob,669,1,1,176.593,255.887,72.1808,0.1765
pob,669,1,2,175.71,255.89,174.1972,1.7208
pob,669,1,3,174.844,256.063,96.634,0.1732
pob,669,1,4,174.843,256.233,83.8827,0.169
pob,669,1,5,175.7105,256.4035,5.7537,1.7257
pob,669,1,6,176.5945,256.4065,106.9812,0.1746
pob,669,1,7,176.629,256.236,95.9075,0.1749
pob,670,0,0,171.384,100.7555,23.9187,1.2012
pob,670,0,1,171.933,101.285,90.0,0.572
pob,670,0,2,169.706,100.5515,24.5978,4.8985
pob,670,0,3,169.706,98.5125,155.4022,4.8985
pob,670,0,4,171.933,97.779,90.0,0.572
pob,670,0,5,171.384,98.3085,156.0813,1.2012
pob,670,0,6,170.835,99.532,90.0,1.96
pob,670,1,0,170.365,99.532,90.0,1.518
pob,670,1,1,169.5035,99.1525,156.2258,1.8828
pob,670,1,2,169.5035,99.9115,23.7742,1.8828
pob,671,0,0,169.769,103.13,156.5636,5.8834
pob,671,0,1,172.558,102.1595,65.7169,0.4377
pob,671,0,2,169.932,103.532,156.6412,5.917
pob,672,0,0,171.933,106.008,90.0,0.88
pob,672,0,1,169.8155,106.4565,179.77,4.235
pob,672,0,2,167.698,106.0165,90.0,0.897
pob,672,0,3,169.8155,105.568,0.0,4.235
pob,672,1,0,168.168,106.2095,90.0,0.185
pob,672,1,1,169.8155,106.302,0.0,3.295
pob,672,1,2,171.463,106.2095,90.0,0.185
pob,672,1,3,169.8155,106.117,0.0,3.295
pob,673,0,0,171.384,112.3755,23.9187,1.2012
pob,673,0,1,171.933,112.905,90.0,0.572
pob,673,0,2,169.706,112.1715,24.5978,4.8985
pob,673,0,3,169.706,110.1325,155.4022,4.8985
pob,673,0,4,171.933,109.399,90.0,0.572
pob,673,0,5,171.384,109.9285,156.0813,1.2012
pob,673,0,6,170.835,111.152,90.0,1.96
pob,673,1,0,170.365,111.152,90.0,1.518
pob,673,1,1,169.5035,110.7725,156.2258,1.8828
pob,673,1,2,169.5035,111.5315,23.7742,1.8828
pob,674,0,0,167.758,116.8095,63.7115,0.28
pob,674,0,1,169.771,116.679,179.8622,4.15
pob,674,0,2,171.784,116.8045,115.4148,0.2889
pob,674,0,3,171.4075,116.935,0.0,0.629
pob,674,0,4,171.189,116.809,127.3026,0.3168
pob,674,0,5,169.7695,116.685,179.9239,3.031
pob,674,0,6,168.3455,116.811,53.5749,0.3082
pob,675,0,0,170.0515,120.027,0.0,0.471
pob,675,0,1,170.287,120.565,90.0,1.076
pob,675,0,2,170.413,121.0835,171.2028,0.255
pob,675,0,3,170.6565,121.0175,158.4106,0.2527
pob,675,0,4,170.3005,119.547,71.6074,3.0013
pob,675,0,5,169.734,118.127,177.5386,0.1862
pob,675,0,6,169.551,118.1435,172.0944,0.1817
pob,675,0,7,168.952,119.4945,110.8207,2.864
pob,675,0,8,168.5135,120.902,44.3827,0.1973
pob,675,0,9,168.663,121.0315,37.4481,0.199
pob,675,0,10,168.555,121.2665,136.9799,0.5115
pob,675,0,11,168.2735,121.3615,40.073,0.247
pob,675,0,12,168.096,121.1925,47.1605,0.2441
pob,675,0,13,169.2435,119.3865,125.6356,4.224
pob,675,0,14,170.573,117.7065,20.238,0.211
pob,675,0,15,170.766,117.788,25.5802,0.2084
pob,675,0,16,170.5265,119.738,99.93,3.8679
pob,675,0,17,170.0865,121.6475,177.5797,0.2132
pob,675,0,18,169.898,121.652,0.0,0.164
pob,676,0,0,90.599,212.4745,90.0,0.549
pob,676,0,1,89.003,212.749,0.0,3.192
pob,676,0,2,89.0905,214.3175,42.9746,4.6019
pob,676,0,3,88.569,215.886,0.0,4.41
pob,676,0,4,86.364,215.6115,90.0,0.549
pob,676,0,5,87.9095,215.337,0.0,3.091
pob,676,0,6,87.808,213.7685,43.6014,4.5488
pob,677,0,0,86.213,218.704,93.0668,0.2243
pob,677,0,1,86.2355,218.482,98.53,0.2225
pob,677,0,2,88.459,218.4805,2.8146,4.4193
pob,677,0,3,90.6715,218.7025,87.2252,0.2273
pob,677,0,4,90.6715,218.929,92.7868,0.2263
pob,677,0,5,88.459,219.1505,177.1858,4.4193
pob,677,0,6,86.2355,219.1495,81.4314,0.2215
pob,677,0,7,86.213,218.928,86.9332,0.2243
pob,677,1,0,90.203,218.731,87.3048,0.1702
pob,677,1,1,90.1855,218.5635,80.7053,0.1672
pob,677,1,2,88.4295,218.557,177.503,3.4883
pob,677,1,3,86.682,218.7245,93.1282,0.1833
pob,677,1,4,86.682,218.907,86.8545,0.1823
pob,677,1,5,88.4295,219.0745,2.5136,3.4883
pob,677,1,6,90.1855,219.068,99.2393,0.1682
pob,677,1,7,90.203,218.9005,92.7112,0.1692
pob,678,0,0,86.757,224.1535,34.3331,0.172
pob,678,0,1,86.6235,224.0495,41.611,0.1672
pob,678,0,2,87.3925,223.2075,136.5932,2.2891
pob,678,0,3,88.2705,222.507,61.601,0.1955
pob,678,0,4,88.3595,222.683,64.7254,0.1991
pob,678,0,5,89.0565,222.512,158.259,1.4092
pob,678,0,6,89.6315,222.227,16.7993,0.1661
pob,678,0,7,89.4655,222.1955,4.9604,0.1736
pob,678,0,8,89.437,221.914,101.9515,0.5601
pob,678,0,9,89.621,221.6675,12.317,0.2579
pob,678,0,10,89.861,221.742,22.4038,0.2466
pob,678,0,11,89.3295,222.9755,118.548,2.7014
pob,678,0,12,88.6005,224.097,37.8998,0.2116
pob,678,0,13,88.445,223.9535,47.4689,0.213
pob,678,0,14,88.31,223.784,55.306,0.2214
pob,678,0,15,87.885,223.064,60.0788,1.4515
pob,678,0,16,87.47,222.415,20.678,0.1133
pob,678,0,17,87.3565,222.388,6.6037,0.1218
pob,678,0,18,86.9995,222.843,122.6911,1.0979
pob,678,0,19,86.742,223.3955,66.6861,0.1971
pob,678,0,20,86.845,223.5615,49.7132,0.198
pob,678,0,21,86.9985,223.701,35.5659,0.2201
pob,679,0,0,90.599,226.278,90.0,2.306
pob,679,0,1,90.364,227.431,0.0,0.47
pob,679,0,2,90.129,226.5525,90.0,1.757
pob,679,0,3,89.305,225.674,0.0,1.648
pob,679,0,4,88.481,226.5265,90.0,1.705
pob,679,0,5,88.246,227.379,0.0,0.47
pob,679,0,6,88.011,226.5265,90.0,1.705
pob,679,0,7,87.4225,225.674,0.0,1.177
pob,679,0,8,86.834,226.5525,90.0,1.757
pob,679,0,9,86.599,227.431,0.0,0.47
pob,679,0,10,86.364,226.278,90.0,2.306
pob,680,0,0,90.599,228.768,90.0,0.88
pob,680,0,1,88.4815,229.2165,179.77,4.235
pob,680,0,2,86.364,228.7765,90.0,0.897
pob,680,0,3,88.4815,228.328,0.0,4.235
pob,680,1,0,86.834,228.9695,90.0,0.185
pob,680,1,1,88.4815,229.062,0.0,3.295
pob,680,1,2,90.129,228.9695,90.0,0.185
pob,680,1,3,88.482,228.877,0.0,3.294
pob,681,0,0,86.213,234.154,93.0668,0.2243
pob,681,0,1,86.2355,233.932,98.53,0.2225
pob,681,0,2,88.459,233.931,2.8273,4.4194
pob,681,0,3,90.6715,234.153,87.2132,0.2263
pob,681,0,4,90.6715,234.379,92.7868,0.2263
pob,681,0,5,88.459,234.601,177.1727,4.4194
pob,681,0,6,86.2355,234.6005,81.4314,0.2215
pob,681,0,7,86.213,234.3785,86.9469,0.2253
pob,681,1,0,90.203,234.181,87.3048,0.1702
pob,681,1,1,90.1855,234.0135,80.7053,0.1672
pob,681,1,2,88.4295,234.007,177.503,3.4883
pob,681,1,3,86.682,234.1745,93.1282,0.1833
pob,681,1,4,86.682,234.357,86.8545,0.1823
pob,681,1,5,88.4295,234.5245,2.5136,3.4883
pob,681,1,6,90.1855,234.518,99.2393,0.1682
pob,681,1,7,90.203,234.3505,92.7112,0.1692
pob,682,0,0,86.424,240.2765,63.7101,0.28
pob,682,0,1,88.4365,240.146,179.8622,4.149
pob,682,0,2,90.4495,240.2715,115.2342,0.2885
pob,682,0,3,90.0735,240.402,0.0,0.629
pob,682,0,4,89.855,240.276,127.3015,0.3168
pob,682,0,5,88.4355,240.152,179.9239,3.031
pob,682,0,6,87.0115,240.278,53.5749,0.3082
pob,683,0,0,87.264,241.825,0.0,1.8
pob,683,0,1,86.364,241.5505,90.0,0.549
pob,683,0,2,88.4815,241.276,0.0,4.235
pob,683,0,3,90.599,241.5505,90.0,0.549
pob,683,0,4,89.6955,241.825,0.0,1.807
pob,683,0,5,88.6915,241.932,133.2067,0.2936
pob,683,0,6,89.595,242.841,38.6182,2.57
pob,683,0,7,90.599,244.0015,90.0,0.717
pob,683,0,8,89.415,243.386,39.4419,3.0663
pob,683,0,9,87.2975,243.3695,134.2728,2.6745
pob,683,0,10,86.364,243.9795,90.0,0.695
pob,684,0,0,86.757,247.2465,34.3331,0.172
pob,684,0,1,86.6235,247.1425,41.611,0.1672
pob,684,0,2,87.3925,246.3005,136.5932,2.2891
pob,684,0,3,88.2705,245.6,61.601,0.1955
pob,684,0,4,88.3595,245.776,64.7254,0.1991
pob,684,0,5,89.0565,245.605,158.259,1.4092
pob,684,0,6,89.6315,245.3205,16.4662,0.1658
pob,684,0,7,89.4655,245.2895,4.9604,0.1736
pob,684,0,8,89.437,245.0075,101.9302,0.5611
pob,684,0,9,89.621,244.7605,12.317,0.2579
pob,684,0,10,89.861,244.835,22.4038,0.2466
pob,684,0,11,89.3295,246.0685,118.548,2.7014
pob,684,0,12,88.6005,247.1905,37.684,0.211
pob,684,0,13,88.445,247.047,47.6513,0.2138
pob,684,0,14,88.31,246.877,55.306,0.2214
pob,684,0,15,87.885,246.157,60.0788,1.4515
pob,684,0,16,87.47,245.508,20.678,0.1133
pob,684,0,17,87.3565,245.481,6.6037,0.1218
pob,684,0,18,86.9995,245.936,122.6911,1.0979
pob,684,0,19,86.742,246.4885,66.6861,0.1971
pob,684,0,20,86.845,246.655,49.901,0.1987
pob,684,0,21,86.9985,246.7945,35.352,0.2195
pob,685,0,0,146.7495,410.8194,0.0,4.235
pob,685,0,1,148.867,410.5447,90.0,0.5494
pob,685,0,2,146.7495,410.27,0.0,4.235
pob,685,0,3,144.632,410.5447,90.0,0.5494
pob,686,0,0,148.868,412.1155,90.0,0.549
pob,686,0,1,147.272,412.39,0.0,3.192
pob,686,0,2,147.3595,413.9585,42.9747,4.6019
pob,686,0,3,146.838,415.527,0.0,4.41
pob,686,0,4,144.633,415.2525,90.0,0.549
pob,686,0,5,146.1785,414.978,0.0,3.091
pob,686,0,6,146.077,413.4095,43.6014,4.5488
pob,687,0,0,145.026,418.8565,34.3373,0.172
pob,687,0,1,144.8925,418.7525,41.6031,0.1672
pob,687,0,2,145.6615,417.9105,136.5928,2.2891
pob,687,0,3,146.5395,417.21,61.6011,0.1955
pob,687,0,4,146.6285,417.386,64.7196,0.1991
pob,687,0,5,147.3255,417.215,158.2587,1.4092
pob,687,0,6,147.9005,416.93,16.795,0.1661
pob,687,0,7,147.7345,416.8985,4.9601,0.1737
pob,687,0,8,147.706,416.617,101.9534,0.5601
pob,687,0,9,147.89,416.3705,12.3104,0.2579
pob,687,0,10,148.13,416.445,22.4077,0.2466
pob,687,0,11,147.5985,417.6785,118.5478,2.7014
pob,687,0,12,146.8695,418.8,37.8985,0.2116
pob,687,0,13,146.714,418.6565,47.4732,0.213
pob,687,0,14,146.579,418.487,55.3076,0.2214
pob,687,0,15,146.154,417.767,60.0788,1.4515
pob,687,0,16,145.739,417.118,20.678,0.1133
pob,687,0,17,145.6255,417.0905,7.0663,0.1219
pob,687,0,18,145.2685,417.5455,122.6632,1.0988
pob,687,0,19,145.0105,418.0985,66.9555,0.1967
pob,687,0,20,145.1135,418.2645,49.4932,0.1986
pob,687,0,21,145.2675,418.404,35.5691,0.2201
pob,688,0,0,145.103,421.5095,90.0,1.011
pob,688,0,1,144.868,422.015,0.0,0.47
pob,688,0,2,144.633,420.7295,90.0,2.571
pob,688,0,3,144.868,419.444,0.0,0.47
pob,688,0,4,145.103,419.95,90.0,1.012
pob,688,0,5,146.9855,420.456,0.0,3.765
pob,688,0,6,148.868,420.73,90.0,0.548
pob,689,0,0,145.495,425.106,0.0,1.726
pob,689,0,1,144.632,424.8315,90.0,0.549
pob,689,0,2,146.7495,424.557,0.0,4.235
pob,689,0,3,148.867,424.8315,90.0,0.549
pob,689,0,4,147.8475,425.106,0.0,2.039
pob,689,0,5,146.828,426.0865,90.0,1.961
pob,689,0,6,147.8475,427.067,0.0,2.039
pob,689,0,7,148.867,427.3415,90.0,0.549
pob,689,0,8,146.7495,427.616,0.0,4.235
pob,689,0,9,144.632,427.3415,90.0,0.549
pob,689,0,10,145.495,427.067,0.0,1.726
pob,690,0,0,144.482,430.439,93.0648,0.2243
pob,690,0,1,144.5045,430.217,98.5319,0.2225
pob,690,0,2,146.728,430.2155,2.8144,4.4193
pob,690,0,3,148.9405,430.4375,87.2254,0.2273
pob,690,0,4,148.9405,430.664,92.787,0.2263
pob,690,0,5,146.728,430.8855,177.1856,4.4193
pob,690,0,6,144.5045,430.8845,81.4294,0.2215
pob,690,0,7,144.482,430.663,86.9352,0.2243
pob,690,1,0,148.472,430.466,87.3072,0.1702
pob,690,1,1,148.455,430.2985,81.0453,0.167
pob,690,1,2,146.699,430.292,177.5032,3.4893
pob,690,1,3,144.951,430.4595,93.1261,0.1833
pob,690,1,4,144.951,430.642,86.8569,0.1823
pob,690,1,5,146.699,430.8095,2.5131,3.4894
pob,690,1,6,148.455,430.803,98.902,0.168
pob,690,1,7,148.472,430.6355,92.7086,0.1692
pob,691,0,0,144.632,433.8415,90.0,0.549
pob,691,0,1,146.7495,433.567,0.0,4.235
pob,691,0,2,148.867,434.488,90.0,1.842
pob,691,0,3,148.632,435.409,0.0,0.47
pob,691,0,4,148.397,434.7625,90.0,1.293
pob,692,0,0,148.868,436.442,90.0,0.88
pob,692,0,1,146.7505,436.8905,179.77,4.235
pob,692,0,2,144.633,436.4505,90.0,0.897
pob,692,0,3,146.7505,436.002,0.0,4.235
pob,692,1,0,145.103,436.6435,90.0,0.185
pob,692,1,1,146.7505,436.736,0.0,3.295
pob,692,1,2,148.398,436.6435,90.0,0.185
pob,692,1,3,146.751,436.551,0.0,3.294
pob,693,0,0,144.632,442.1855,90.0,0.549
pob,693,0,1,146.7495,441.911,0.0,4.235
pob,693,0,2,148.867,442.832,90.0,1.842
pob,693,0,3,148.632,443.753,0.0,0.47
pob,693,0,4,148.397,443.1065,90.0,1.293
pob,694,0,0,146.7495,444.8954,0.0,4.235
pob,694,0,1,148.867,444.6207,90.0,0.5494
pob,694,0,2,146.7495,444.346,0.0,4.235
pob,694,0,3,144.632,444.6207,90.0,0.5494
pob,695,0,0,148.868,446.1915,90.0,0.549
pob,695,0,1,147.272,446.466,0.0,3.192
pob,695,0,2,147.3595,448.0345,42.9747,4.6019
pob,695,0,3,146.838,449.603,0.0,4.41
pob,695,0,4,144.633,449.3285,90.0,0.549
pob,695,0,5,146.1785,449.054,0.0,3.091
pob,695,0,6,146.077,447.4855,43.6014,4.5488
pob,696,0,0,148.868,451.764,90.0,2.306
pob,696,0,1,148.633,452.917,0.0,0.47
pob,696,0,2,148.398,452.0385,90.0,1.757
pob,696,0,3,147.574,451.16,0.0,1.648
pob,696,0,4,146.75,452.0125,90.0,1.705
pob,696,0,5,146.515,452.865,0.0,0.47
pob,696,0,6,146.28,452.0125,90.0,1.705
pob,696,0,7,145.6915,451.16,0.0,1.177
pob,696,0,8,145.103,452.0385,90.0,1.757
pob,696,0,9,144.868,452.917,0.0,0.47
pob,696,0,10,144.633,451.764,90.0,2.306
pob,697,0,0,172.665,195.1705,90.0,0.987
pob,697,0,1,171.5605,196.0485,160.8056,2.339
pob,697,0,2,170.431,196.3445,74.225,0.1839
pob,697,0,3,170.401,196.256,0.0,0.01
pob,697,0,4,170.328,196.355,124.4845,0.2402
pob,697,0,5,169.345,195.834,34.1218,2.2106
pob,697,0,6,168.43,194.9455,90.0,0.537
pob,697,0,7,170.5475,194.677,0.0,4.235
pob,697,1,0,168.9,195.2975,90.0,0.143
pob,697,1,1,169.606,195.3635,179.5542,1.412
pob,697,1,2,170.312,195.292,90.0,0.132
pob,697,1,3,169.606,195.226,0.0,1.412
pob,697,2,0,170.704,195.385,90.0,0.318
pob,697,2,1,171.4495,195.577,2.5349,1.4925
pob,697,2,2,172.195,195.418,90.0,0.384
pob,697,2,3,171.45,195.226,0.0,1.49
pob,698,0,0,172.117,200.7515,23.9187,1.2012
pob,698,0,1,172.666,201.281,90.0,0.572
pob,698,0,2,170.439,200.5475,24.5978,4.8985
pob,698,0,3,170.439,198.5085,155.4022,4.8985
pob,698,0,4,172.666,197.775,90.0,0.572
pob,698,0,5,172.117,198.3045,156.0813,1.2012
pob,698,0,6,171.568,199.528,90.0,1.96
pob,698,1,0,171.098,199.528,90.0,1.518
pob,698,1,1,170.2365,199.1485,156.2258,1.8828
pob,698,1,2,170.2365,199.9075,23.7742,1.8828
pob,699,0,0,168.823,204.5115,34.3331,0.172
pob,699,0,1,168.6895,204.4075,41.611,0.1672
pob,699,0,2,169.4585,203.5655,136.593,2.2891
pob,699,0,3,170.337,202.865,61.3401,0.196
pob,699,0,4,170.426,203.041,64.986,0.1987
pob,699,0,5,171.1225,202.8695,158.2207,1.4096
pob,699,0,6,171.698,202.5845,16.5661,0.1648
pob,699,0,7,171.532,202.5535,4.9316,0.1747
pob,699,0,8,171.503,202.2715,101.9324,0.5611
pob,699,0,9,171.687,202.025,12.5288,0.2581
pob,699,0,10,171.927,202.0995,22.1878,0.2462
pob,699,0,11,171.396,203.333,118.5193,2.7018
pob,699,0,12,170.6675,204.455,37.9011,0.2116
pob,699,0,13,170.5115,204.3115,47.2714,0.2137
pob,699,0,14,170.3765,204.142,55.5192,0.2208
pob,699,0,15,169.952,203.422,60.0788,1.4515
pob,699,0,16,169.5365,202.7725,20.974,0.1146
pob,699,0,17,169.423,202.745,6.643,0.1208
pob,699,0,18,169.0665,203.2,122.6913,1.0979
pob,699,0,19,168.8085,203.753,67.0698,0.1976
pob,699,0,20,168.911,203.9195,49.7149,0.1979
pob,699,0,21,169.0645,204.0585,35.3585,0.2195
pob,700,0,0,172.665,206.636,90.0,2.306
pob,700,0,1,172.43,207.789,0.0,0.47
pob,700,0,2,172.195,206.9105,90.0,1.757
pob,700,0,3,171.371,206.032,0.0,1.648
pob,700,0,4,170.547,206.8845,90.0,1.705
pob,700,0,5,170.312,207.737,0.0,0.47
pob,700,0,6,170.077,206.8845,90.0,1.705
pob,700,0,7,169.4885,206.032,0.0,1.177
pob,700,0,8,168.9,206.9105,90.0,1.757
pob,700,0,9,168.665,207.789,0.0,0.47
pob,700,0,10,168.43,206.636,90.0,2.306
pob,701,0,0,168.279,212.389,93.0648,0.2243
pob,701,0,1,168.3015,212.167,98.5319,0.2225
pob,701,0,2,170.5255,212.1655,2.814,4.4203
pob,701,0,3,172.738,212.3875,87.4789,0.2272
pob,701,0,4,172.738,212.614,92.532,0.2262
pob,701,0,5,170.5255,212.8355,177.1864,4.4203
pob,701,0,6,168.3015,212.8345,81.4294,0.2215
pob,701,0,7,168.279,212.613,86.9352,0.2243
pob,701,1,0,172.269,212.416,87.3074,0.1702
pob,701,1,1,172.2515,212.2485,80.7028,0.1672
pob,701,1,2,170.4955,212.242,177.503,3.4883
pob,701,1,3,168.7485,212.4095,92.8162,0.1832
pob,701,1,4,168.7485,212.592,87.1683,0.1822
pob,701,1,5,170.4955,212.7595,2.5136,3.4884
pob,701,1,6,172.2515,212.753,99.2418,0.1682
pob,701,1,7,172.269,212.5855,92.7086,0.1692
pob,702,0,0,170.862,216.2225,90.0,0.313
pob,702,0,1,169.6465,216.263,5.4513,2.442
pob,702,0,2,168.431,215.832,90.0,0.63
pob,702,0,3,170.5485,215.517,0.0,4.235
pob,702,0,4,172.666,215.7915,90.0,0.549
pob,702,0,5,171.764,216.066,0.0,1.804
pob,702,1,0,168.901,216.1385,90.0,0.145
pob,702,1,1,169.646,216.2255,1.1159,1.4903
pob,702,1,2,170.391,216.153,90.0,0.174
pob,702,1,3,169.646,216.066,0.0,1.49
pob,703,0,0,168.823,220.8935,34.3331,0.172
pob,703,0,1,168.6895,220.79,41.3519,0.1665
pob,703,0,2,169.4585,219.948,136.5747,2.2898
pob,703,0,3,170.337,219.247,61.3401,0.196
pob,703,0,4,170.426,219.423,64.986,0.1987
pob,703,0,5,171.1225,219.2515,158.2207,1.4096
pob,703,0,6,171.698,218.9665,16.5661,0.1648
pob,703,0,7,171.532,218.9355,4.9316,0.1747
pob,703,0,8,171.503,218.6535,101.9324,0.5611
pob,703,0,9,171.687,218.407,12.5288,0.2581
pob,703,0,10,171.927,218.4815,22.1878,0.2462
pob,703,0,11,171.396,219.715,118.5193,2.7018
pob,703,0,12,170.6675,220.837,37.9011,0.2116
pob,703,0,13,170.5115,220.6935,47.2714,0.2137
pob,703,0,14,170.3765,220.524,55.5192,0.2208
pob,703,0,15,169.952,219.804,60.0788,1.4515
pob,703,0,16,169.5365,219.155,20.5023,0.1142
pob,703,0,17,169.423,219.1275,7.1169,0.1209
pob,703,0,18,169.0665,219.5825,122.6629,1.0987
pob,703,0,19,168.8085,220.1355,66.9555,0.1967
pob,703,0,20,168.911,220.3015,49.7149,0.1979
pob,703,0,21,169.0645,220.441,35.5659,0.2201
pob,704,0,0,82.662,340.336,0.0,1.726
pob,704,0,1,81.799,340.0615,90.0,0.549
pob,704,0,2,83.9165,339.787,0.0,4.235
pob,704,0,3,86.034,340.0615,90.0,0.549
pob,704,0,4,85.0145,340.336,0.0,2.039
pob,704,0,5,83.995,341.3165,90.0,1.961
pob,704,0,6,85.0145,342.297,0.0,2.039
pob,704,0,7,86.034,342.5715,90.0,0.549
pob,704,0,8,83.9165,342.846,0.0,4.235
pob,704,0,9,81.799,342.5715,90.0,0.549
pob,704,0,10,82.662,342.297,0.0,1.726
pob,705,0,0,85.485,346.6515,23.9189,1.2012
pob,705,0,1,86.034,347.181,90.0,0.572
pob,705,0,2,83.807,346.4475,24.5979,4.8985
pob,705,0,3,83.807,344.4085,155.4021,4.8985
pob,705,0,4,86.034,343.675,90.0,0.572
pob,705,0,5,85.485,344.2045,156.0811,1.2012
pob,705,0,6,84.936,345.428,90.0,1.96
pob,705,1,0,84.466,345.428,90.0,1.518
pob,705,1,1,83.6045,345.0485,156.2259,1.8828
pob,705,1,2,83.6045,345.8075,23.7741,1.8828
pob,706,0,0,86.034,348.3655,90.0,0.549
pob,706,0,1,84.438,348.64,0.0,3.192
pob,706,0,2,84.5255,350.2085,42.9747,4.6019
pob,706,0,3,84.004,351.777,0.0,4.41
pob,706,0,4,81.799,351.5025,90.0,0.549
pob,706,0,5,83.3445,351.228,0.0,3.091
pob,706,0,6,83.243,349.6595,43.6014,4.5488
pob,707,0,0,84.1515,355.003,0.0,0.471
pob,707,0,1,84.387,355.541,90.0,1.076
pob,707,0,2,84.513,356.0595,171.2022,0.255
pob,707,0,3,84.7565,355.994,158.6212,0.2524
pob,707,0,4,84.4005,354.5235,71.6134,3.0023
pob,707,0,5,83.8345,353.103,177.5206,0.1852
pob,707,0,6,83.652,353.1195,172.0944,0.1817
pob,707,0,7,83.0525,354.471,110.8322,2.8653
pob,707,0,8,82.6135,355.879,44.3843,0.1973
pob,707,0,9,82.763,356.008,37.2145,0.1984
pob,707,0,10,82.655,356.2425,136.9805,0.5115
pob,707,0,11,82.3735,356.3375,40.0718,0.247
pob,707,0,12,82.196,356.1685,47.158,0.2441
pob,707,0,13,83.3435,354.3625,125.6354,4.224
pob,707,0,14,84.673,352.6825,20.2372,0.211
pob,707,0,15,84.866,352.764,25.5811,0.2084
pob,707,0,16,84.6265,354.714,99.9299,3.8679
pob,707,0,17,84.1865,356.6235,177.5797,0.2132
pob,707,0,18,83.998,356.628,0.0,0.164
pob,708,0,0,85.485,360.2425,23.9189,1.2012
pob,708,0,1,86.034,360.772,90.0,0.572
pob,708,0,2,83.807,360.0385,24.5979,4.8985
pob,708,0,3,83.807,357.9995,155.4021,4.8985
pob,708,0,4,86.034,357.266,90.0,0.572
pob,708,0,5,85.485,357.7955,156.0811,1.2012
pob,708,0,6,84.936,359.019,90.0,1.96
pob,708,1,0,84.466,359.019,90.0,1.518
pob,708,1,1,83.6045,358.6395,156.2259,1.8828
pob,708,1,2,83.6045,359.3985,23.7741,1.8828
pob,709,0,0,84.151,363.1365,102.6379,0.2285
pob,709,0,1,82.9625,362.7975,21.1662,2.4953
pob,709,0,2,81.799,362.0145,90.0,0.665
pob,709,0,3,83.9165,361.682,0.0,4.235
pob,709,0,4,86.034,361.9565,90.0,0.549
pob,709,0,5,85.132,362.231,0.0,1.804
pob,709,0,6,84.23,362.344,90.0,0.226
pob,709,0,7,85.132,363.0935,35.2087,2.2079
pob,709,0,8,86.034,364.0435,90.0,0.627
pob,709,0,9,85.105,363.691,35.6367,2.2861
pob,709,1,0,82.269,362.3035,90.0,0.145
pob,709,1,1,83.014,362.3905,1.1153,1.4903
pob,709,1,2,83.759,362.318,90.0,0.174
pob,709,1,3,83.014,362.231,0.0,1.49
pob,710,0,0,316.6365,264.3295,50.021,3.765
pob,710,0,1,317.6655,265.923,140.0846,0.4707
pob,710,0,2,316.1245,264.4515,50.0196,4.2349
pob,710,0,3,315.1155,262.5345,140.0431,0.9171
pob,710,0,4,315.7305,262.3255,17.9768,0.554
pob,711,0,0,308.274,272.5765,11.6071,2.2316
pob,711,0,1,307.687,271.1555,112.9233,2.5982
pob,711,0,2,308.301,270.049,39.8088,0.2812
pob,711,0,3,308.206,270.3095,139.9757,0.5302
pob,711,0,4,307.942,270.427,40.9874,0.1616
pob,711,0,5,307.714,271.1485,102.1684,1.5846
pob,711,0,6,309.004,272.21,11.1436,2.97
pob,711,0,7,309.4215,273.3685,140.0241,2.713
pob,711,0,8,308.231,274.06,50.0058,0.4699
pob,712,0,0,298.7625,279.9795,139.694,0.1901
pob,712,0,1,299.3945,280.1825,11.3577,1.4371
pob,712,0,2,300.064,280.257,62.416,0.1512
pob,712,0,3,300.2255,280.025,139.9789,0.5132
pob,712,0,4,300.4875,279.967,58.5331,0.2509
pob,712,0,5,299.291,280.2455,172.2614,2.5472
pob,712,0,6,298.0535,280.3395,107.5472,0.1626
pob,712,0,7,297.9375,280.259,1.2194,0.2811
pob,712,0,8,298.2485,279.1515,112.2334,2.3864
pob,712,0,9,298.8,278.125,37.9536,0.2537
pob,712,0,10,298.699,278.3715,140.0267,0.5246
pob,712,0,11,298.444,278.4995,36.8777,0.135
pob,712,0,12,298.401,279.0535,88.9399,1.1892
pob,712,0,13,298.479,279.5975,142.9905,0.1678
pob,713,0,0,289.4785,287.222,50.015,3.3568
pob,713,0,1,290.615,286.576,16.116,4.6112
pob,713,0,2,292.025,287.891,140.02,2.1011
pob,713,0,3,291.4215,288.8065,50.0407,0.6275
pob,713,0,4,291.443,289.1985,139.9142,0.4706
pob,713,0,5,291.061,289.1095,49.9742,0.6282
pob,713,0,6,290.673,289.025,140.0128,0.4855
pob,713,0,7,290.336,289.0005,50.0846,0.4707
pob,713,0,8,290.371,288.664,140.0128,0.4855
pob,713,1,0,291.38,287.8175,140.0007,1.2088
pob,713,1,1,290.82,287.1405,15.7489,2.1258
pob,713,1,2,289.7925,286.8555,142.0578,0.0114
pob,713,1,3,290.3525,287.5325,50.0314,1.7576
pob,714,0,0,279.529,294.0045,50.0846,0.4707
pob,714,0,1,280.0185,293.287,140.0233,1.6717
pob,714,0,2,281.6105,293.375,33.2994,2.2768
pob,714,0,3,282.523,294.0325,140.1944,0.1015
pob,714,0,4,282.372,294.056,4.5956,0.2247
pob,714,0,5,281.879,294.8785,114.6175,1.8293
pob,714,0,6,281.573,295.783,44.2262,0.2093
pob,714,0,7,281.7325,295.9115,33.3015,0.2022
pob,714,0,8,282.5675,295.506,148.4387,1.7616
pob,714,0,9,283.313,294.9715,86.1038,0.1473
pob,714,0,10,283.29,294.828,75.5883,0.1446
pob,714,0,11,283.5425,294.7725,3.0676,0.5418
pob,714,0,12,283.825,294.884,82.9427,0.1955
pob,714,0,13,282.523,294.505,19.9128,2.7951
pob,714,0,14,281.329,293.9395,143.2878,0.2994
pob,714,0,15,281.065,293.598,33.2746,0.9186
pob,715,0,0,272.448,301.2225,13.7865,2.4465
pob,715,0,1,273.781,301.5595,17.4234,0.3039
pob,715,0,2,274.22,302.822,76.4185,2.504
pob,715,0,3,274.3975,304.1185,145.691,0.2821
pob,715,0,4,274.156,304.2505,157.2155,0.2712
pob,715,0,5,273.3235,303.175,57.9034,2.6631
pob,715,0,6,272.7085,301.987,147.0313,0.2205
pob,715,0,7,272.9005,301.892,160.6188,0.211
pob,715,0,8,273.001,301.849,97.1788,0.0161
pob,715,0,9,272.058,301.5975,14.4639,1.9498
pob,715,0,10,271.187,301.1425,109.0417,0.4475
pob,715,1,0,274.2785,303.611,134.3227,0.1789
pob,715,1,1,274.388,303.4725,122.2474,0.1762
pob,715,1,2,273.818,302.7975,44.2245,1.722
pob,715,1,3,273.129,302.2445,146.5882,0.1725
pob,715,1,4,272.998,302.353,134.0458,0.1697
pob,715,1,5,273.425,303.1275,55.7389,1.7266
pob,715,1,6,273.991,303.8075,157.2739,0.1735
pob,715,1,7,274.1435,303.725,145.9469,0.175
pob,716,0,0,312.7715,284.8115,152.648,0.2286
pob,716,0,1,312.2675,283.683,71.1804,2.4954
pob,716,0,2,312.12,282.288,139.996,0.6658
pob,716,0,3,313.7355,283.697,50.0284,4.2356
pob,716,0,4,314.8855,285.4965,140.0204,0.5494
pob,716,0,5,314.0955,284.982,50.0153,1.8037
pob,716,0,6,313.4295,284.3635,140.0347,0.2257
pob,716,0,7,313.435,285.536,85.2194,2.2077
pob,716,0,8,313.2865,286.837,140.1134,0.6268
pob,716,0,9,312.9595,285.8985,85.6589,2.2855
pob,716,1,0,312.2005,282.8345,140.0352,0.1448
pob,716,1,1,312.613,283.4615,51.1236,1.4913
pob,716,1,2,313.1475,283.986,139.8983,0.1739
pob,716,1,3,312.735,283.359,50.0071,1.4906
pob,717,0,0,311.6625,288.1975,140.0324,2.3056
pob,717,0,1,310.628,288.758,50.0058,0.4699
pob,717,0,2,311.15,288.0135,140.0109,1.7568
pob,717,0,3,311.2935,286.818,49.9978,1.6475
pob,717,0,4,310.111,286.735,139.9971,1.7049
pob,717,0,5,309.307,287.1025,50.0846,0.4707
pob,717,0,6,309.809,286.3745,140.0222,1.7043
pob,717,0,7,310.084,285.376,50.0333,1.1769
pob,717,0,8,309.033,285.489,140.0353,1.7562
pob,717,0,9,308.209,285.873,50.0081,0.4699
pob,717,0,10,308.9415,284.9525,140.0324,2.3056
pob,718,0,0,309.7535,289.7975,140.0688,0.8802
pob,718,0,1,308.0495,288.463,49.7995,4.2342
pob,718,0,2,307.0265,286.558,140.0224,0.8965
pob,718,0,3,308.7305,287.8925,50.0193,4.2348
pob,718,1,0,307.1805,287.0425,140.2305,0.1861
pob,718,1,1,308.1675,288.3645,50.0229,3.295
pob,718,1,2,309.297,289.567,139.8006,0.1859
pob,718,1,3,308.3095,288.245,50.012,3.2943
pob,719,0,0,303.2385,292.8035,152.648,0.2286
pob,719,0,1,302.7345,291.675,71.1804,2.4954
pob,719,0,2,302.587,290.28,139.996,0.6658
pob,719,0,3,304.2025,291.689,50.0284,4.2356
pob,719,0,4,305.3525,293.4885,140.0204,0.5494
pob,719,0,5,304.5625,292.974,50.0153,1.8037
pob,719,0,6,303.8965,292.3555,140.0347,0.2257
pob,719,0,7,303.902,293.528,85.2194,2.2077
pob,719,0,8,303.7535,294.829,140.1134,0.6268
pob,719,0,9,303.4265,293.8905,85.6589,2.2855
pob,719,1,0,302.6675,290.8265,140.0352,0.1448
pob,719,1,1,303.08,291.453,51.1,1.4905
pob,719,1,2,303.6145,291.9775,140.1453,0.1732
pob,719,1,3,303.202,291.351,50.0071,1.4906
pob,720,0,0,300.521,296.823,73.9496,1.2008
pob,720,0,1,300.468,297.584,139.962,0.5721
pob,720,0,2,299.599,295.406,74.6134,4.8996
pob,720,0,3,301.1615,294.096,25.4301,4.8998
pob,720,0,4,303.155,295.3315,140.0412,0.5714
pob,720,0,5,302.3965,295.251,26.0755,1.2012
pob,720,0,6,301.106,295.6165,140.0299,1.9599
pob,720,1,0,300.804,295.256,140.0211,1.519
pob,720,1,1,300.5415,294.352,26.2249,1.8828
pob,720,1,2,299.9595,294.84,73.808,1.8827
pob,721,0,0,296.8455,298.8045,26.5572,3.2052
pob,721,0,1,295.4075,298.0915,142.0578,0.0114
pob,721,0,2,296.132,299.3515,59.8783,2.9053
pob,721,0,3,296.6515,300.784,139.9678,0.5472
pob,721,0,4,295.337,298.965,61.0186,4.5611
pob,721,0,5,295.87,297.786,26.4809,3.66
pob,721,0,6,296.9905,296.8465,73.575,3.6604
pob,721,0,7,298.2445,296.527,39.0285,4.5608
pob,721,0,8,299.806,298.139,140.0331,0.548
pob,721,0,9,298.4905,297.3825,40.1483,2.8925
pob,721,0,10,297.3805,296.4535,142.0578,0.0114
pob,722,0,0,294.189,300.4945,140.0543,0.313
pob,722,0,1,293.377,299.589,55.4768,2.442
pob,722,0,2,292.9265,298.3805,140.02,0.6303
pob,722,0,3,294.5285,299.8005,50.0197,4.2348
pob,722,0,4,295.6785,301.5995,140.0204,0.5494
pob,722,0,5,294.8885,301.085,50.0153,1.8037
pob,722,1,0,292.9935,298.9375,140.0445,0.1448
pob,722,1,1,293.4055,299.5645,51.1544,1.4907
pob,722,1,2,293.94,300.0895,140.3656,0.174
pob,722,1,3,293.528,299.463,50.0079,1.4906
pob,723,0,0,274.9545,374.927,141.6047,2.2316
pob,723,0,1,273.489,374.4635,62.9317,2.5975
pob,723,0,2,273.036,373.282,169.7311,0.2805
pob,723,0,3,273.174,373.5225,90.0,0.531
pob,723,0,4,273.094,373.8005,171.1217,0.1619
pob,723,0,5,273.5005,374.4385,52.1254,1.5848
pob,723,0,6,275.143,374.1325,141.1383,2.9692
pob,723,0,7,276.299,374.557,90.0,2.712
pob,723,0,8,276.064,375.913,0.0,0.47
pob,724,0,0,275.397,378.365,143.5817,2.4357
pob,724,0,1,274.2855,379.17,148.0532,0.3099
pob,724,0,2,273.0305,378.695,26.3708,2.508
pob,724,0,3,271.921,377.9975,95.6933,0.2824
pob,724,0,4,271.9755,377.728,107.4289,0.2704
pob,724,0,5,273.3345,377.784,7.987,2.6628
pob,724,0,6,274.6445,378.076,94.5414,0.2147
pob,724,0,7,274.603,378.2815,108.5241,0.2078
pob,724,0,8,274.5755,378.386,47.4302,0.0163
pob,724,0,9,275.3295,377.8255,142.8796,1.8774
pob,724,0,10,276.2275,377.4505,52.0202,0.4859
pob,724,1,0,274.1725,378.0615,84.1179,0.1659
pob,724,1,1,274.1385,377.898,72.5271,0.1698
pob,724,1,2,273.2545,377.9045,174.1802,1.7259
pob,724,1,3,272.3865,378.085,95.8367,0.187
pob,724,1,4,272.3875,378.263,82.9592,0.1713
pob,724,1,5,273.2525,378.4305,5.5149,1.717
pob,724,1,6,274.1345,378.4255,107.4447,0.1834
pob,724,1,7,274.1715,378.241,95.5883,0.1949
pob,725,0,0,274.9545,381.977,141.6047,2.2316
pob,725,0,1,273.489,381.5135,62.9317,2.5975
pob,725,0,2,273.036,380.332,169.7311,0.2805
pob,725,0,3,273.174,380.5725,90.0,0.531
pob,725,0,4,273.094,380.8505,171.1217,0.1619
pob,725,0,5,273.5005,381.4885,52.1254,1.5848
pob,725,0,6,275.143,381.1825,141.1383,2.9692
pob,725,0,7,276.299,381.607,90.0,2.712
pob,725,0,8,276.064,382.963,0.0,0.47
pob,726,0,0,271.051,335.2395,102.635,0.2285
pob,726,0,1,269.8625,334.9005,21.1659,2.4954
pob,726,0,2,268.699,334.1175,90.0,0.665
pob,726,0,3,270.8165,333.785,0.0,4.235
pob,726,0,4,272.934,334.0595,90.0,0.549
pob,726,0,5,272.032,334.334,0.0,1.804
pob,726,0,6,271.13,334.447,90.0,0.226
pob,726,0,7,272.032,335.1965,35.2082,2.2079
pob,726,0,8,272.934,336.1465,90.0,0.627
pob,726,0,9,272.005,335.794,35.6367,2.2861
pob,726,1,0,269.169,334.4065,90.0,0.145
pob,726,1,1,269.914,334.4935,1.1147,1.4903
pob,726,1,2,270.659,334.421,90.0,0.174
pob,726,1,3,269.914,334.334,0.0,1.49
pob,727,0,0,272.385,339.9045,23.919,1.2011
pob,727,0,1,272.934,340.434,90.0,0.572
pob,727,0,2,270.707,339.7005,24.598,4.8985
pob,727,0,3,270.707,337.6615,155.4019,4.8985
pob,727,0,4,272.934,336.928,90.0,0.572
pob,727,0,5,272.385,337.4575,156.081,1.2011
pob,727,0,6,271.836,338.681,90.0,1.96
pob,727,1,0,271.366,338.681,90.0,1.518
pob,727,1,1,270.5045,338.3015,156.2258,1.8828
pob,727,1,2,270.5045,339.0605,23.7742,1.8828
pob,728,0,0,271.541,343.995,156.5385,3.205
pob,728,0,1,270.071,344.6385,90.0,0.011
pob,728,0,2,271.502,344.893,9.8709,2.905
pob,728,0,3,272.933,345.4155,90.0,0.547
pob,728,0,4,270.6945,345.254,10.997,4.5607
pob,728,0,5,270.1335,344.088,156.4538,3.6597
pob,728,0,6,270.1335,342.6255,23.5604,3.6601
pob,728,0,7,270.6945,341.4595,169.0152,4.5605
pob,728,0,8,272.933,341.2985,90.0,0.547
pob,728,0,9,271.508,341.8205,170.1077,2.893
pob,728,0,10,270.083,342.075,90.0,0.012
pob,729,0,0,271.13,347.1155,90.0,0.313
pob,729,0,1,269.9145,347.156,5.4517,2.442
pob,729,0,2,268.699,346.725,90.0,0.63
pob,729,0,3,270.8165,346.41,0.0,4.235
pob,729,0,4,272.934,346.6845,90.0,0.549
pob,729,0,5,272.032,346.959,0.0,1.804
pob,729,1,0,269.169,347.0315,90.0,0.145
pob,729,1,1,269.914,347.1185,1.1147,1.4903
pob,729,1,2,270.659,347.046,90.0,0.174
pob,729,1,3,269.914,346.959,0.0,1.49
pob,730,0,0,263.989,329.92,0.0,1.8
pob,730,0,1,263.089,329.6455,90.0,0.549
pob,730,0,2,265.2065,329.371,0.0,4.235
pob,730,0,3,267.324,329.6455,90.0,0.549
pob,730,0,4,266.4205,329.92,0.0,1.807
pob,730,0,5,265.4165,330.027,133.2056,0.2936
pob,730,0,6,266.32,330.936,38.6182,2.57
pob,730,0,7,267.324,332.0965,90.0,0.717
pob,730,0,8,266.14,331.481,39.4418,3.0663
pob,730,0,9,264.022,331.4645,134.2878,2.6752
pob,730,0,10,263.088,332.0745,90.0,0.695
pob,731,0,0,267.324,333.2945,90.0,0.549
pob,731,0,1,265.728,333.569,0.0,3.192
pob,731,0,2,265.8155,335.1375,42.9749,4.6019
pob,731,0,3,265.294,336.706,0.0,4.41
pob,731,0,4,263.089,336.4315,90.0,0.549
pob,731,0,5,264.6345,336.157,0.0,3.091
pob,731,0,6,264.533,334.5885,43.6017,4.5487
pob,732,0,0,265.2065,338.2633,0.0,4.235
pob,732,0,1,267.324,337.9887,90.0,0.5493
pob,732,0,2,265.2065,337.714,0.0,4.235
pob,732,0,3,263.089,337.9887,90.0,0.5493
pob,733,0,0,265.4415,341.503,0.0,0.471
pob,733,0,1,265.677,342.041,90.0,1.076
pob,733,0,2,265.803,342.5595,171.2017,0.255
pob,733,0,3,266.0465,342.494,158.6225,0.2524
pob,733,0,4,265.6905,341.0235,71.613,3.0023
pob,733,0,5,265.1245,339.603,177.5205,0.1852
pob,733,0,6,264.942,339.6195,172.0944,0.1817
pob,733,0,7,264.3425,340.9705,110.839,2.8644
pob,733,0,8,263.9035,342.378,44.3858,0.1973
pob,733,0,9,264.053,342.5075,37.4481,0.199
pob,733,0,10,263.945,342.7425,136.9799,0.5115
pob,733,0,11,263.6635,342.8375,40.073,0.247
pob,733,0,12,263.486,342.6685,47.1554,0.2441
pob,733,0,13,264.6335,340.8625,125.6354,4.224
pob,733,0,14,265.963,339.1825,20.238,0.211
pob,733,0,15,266.156,339.2645,25.8276,0.2089
pob,733,0,16,265.9165,341.2145,99.9324,3.8669
pob,733,0,17,265.4765,343.1235,177.5799,0.2132
pob,733,0,18,265.288,343.128,0.0,0.164
pob,734,0,0,263.952,344.5,0.0,1.726
pob,734,0,1,263.089,344.2255,90.0,0.549
pob,734,0,2,265.2065,343.951,0.0,4.235
pob,734,0,3,267.324,344.2255,90.0,0.549
pob,734,0,4,266.3045,344.5,0.0,2.039
pob,734,0,5,265.285,345.4805,90.0,1.961
pob,734,0,6,266.3045,346.461,0.0,2.039
pob,734,0,7,267.324,346.7355,90.0,0.549
pob,734,0,8,265.2065,347.01,0.0,4.235
pob,734,0,9,263.089,346.7355,90.0,0.549
pob,734,0,10,263.952,346.461,0.0,1.726
pob,735,0,0,263.559,349.7055,90.0,1.011
pob,735,0,1,263.324,350.211,0.0,0.47
pob,735,0,2,263.089,348.9255,90.0,2.571
pob,735,0,3,263.324,347.64,0.0,0.47
pob,735,0,4,263.559,348.146,90.0,1.012
pob,735,0,5,265.4415,348.652,0.0,3.765
pob,735,0,6,267.324,348.926,90.0,0.548
pob,736,0,0,263.482,353.1805,34.3373,0.172
pob,736,0,1,263.3485,353.0765,41.6031,0.1672
pob,736,0,2,264.118,352.2345,136.6101,2.2898
pob,736,0,3,264.9965,351.534,61.6051,0.1955
pob,736,0,4,265.085,351.71,64.9783,0.1986
pob,736,0,5,265.782,351.539,158.2739,1.4102
pob,736,0,6,266.3575,351.254,16.795,0.1661
pob,736,0,7,266.1915,351.223,4.629,0.1736
pob,736,0,8,266.163,350.9415,101.9305,0.5611
pob,736,0,9,266.347,350.6945,12.3097,0.2579
pob,736,0,10,266.587,350.769,22.4077,0.2466
pob,736,0,11,266.0555,352.0025,118.5481,2.7015
pob,736,0,12,265.3265,353.1245,37.6886,0.211
pob,736,0,13,265.171,352.981,47.6498,0.2138
pob,736,0,14,265.036,352.811,55.3108,0.2214
pob,736,0,15,264.611,352.091,60.0788,1.4515
pob,736,0,16,264.196,351.442,20.6752,0.1133
pob,736,0,17,264.0825,351.415,6.5962,0.1218
pob,736,0,18,263.7255,351.87,122.6909,1.0979
pob,736,0,19,263.4675,352.4225,66.9555,0.1967
pob,736,0,20,263.5705,352.5885,49.4932,0.1986
pob,736,0,21,263.724,352.728,35.7198,0.2193
pob,737,0,0,259.8325,332.02,0.0,0.471
pob,737,0,1,260.068,332.558,90.0,1.076
pob,737,0,2,260.194,333.0765,171.2017,0.255
pob,737,0,3,260.4375,333.0105,158.4131,0.2527
pob,737,0,4,260.0815,331.54,71.6069,3.0013
pob,737,0,5,259.5155,330.12,177.5252,0.1852
pob,737,0,6,259.333,330.1365,172.0944,0.1817
pob,737,0,7,258.7335,331.4875,110.839,2.8644
pob,737,0,8,258.295,332.895,44.182,0.198
pob,737,0,9,258.4445,333.0245,37.6251,0.1982
pob,737,0,10,258.336,333.259,137.0625,0.5109
pob,737,0,11,258.0545,333.354,39.8937,0.2463
pob,737,0,12,257.877,333.1855,47.1578,0.2441
pob,737,0,13,259.0245,331.3795,125.6356,4.224
pob,737,0,14,260.354,329.6995,20.238,0.211
pob,737,0,15,260.547,329.7815,25.8276,0.2089
pob,737,0,16,260.3075,331.7315,99.9324,3.8669
pob,737,0,17,259.8675,333.6405,177.5799,0.2132
pob,737,0,18,259.679,333.645,0.0,0.164
pob,738,0,0,257.328,336.277,93.0648,0.2243
pob,738,0,1,257.3505,336.055,98.5358,0.2225
pob,738,0,2,259.574,336.0535,2.8146,4.4193
pob,738,0,3,261.7865,336.2755,87.229,0.2273
pob,738,0,4,261.7865,336.502,92.7829,0.2263
pob,738,0,5,259.574,336.7235,177.1858,4.4193
pob,738,0,6,257.3505,336.7225,81.4255,0.2215
pob,738,0,7,257.328,336.501,86.9352,0.2243
pob,738,1,0,261.318,336.304,87.3074,0.1702
pob,738,1,1,261.301,336.1365,81.0437,0.167
pob,738,1,2,259.545,336.13,177.5037,3.4893
pob,738,1,3,257.797,336.2975,93.1306,0.1833
pob,738,1,4,257.797,336.48,86.8521,0.1823
pob,738,1,5,259.545,336.6475,2.5128,3.4893
pob,738,1,6,261.301,336.6415,98.9563,0.167
pob,738,1,7,261.318,336.474,92.6926,0.1702
pob,739,0,0,257.479,339.6795,90.0,0.549
pob,739,0,1,259.5965,339.405,0.0,4.235
pob,739,0,2,261.714,340.326,90.0,1.842
pob,739,0,3,261.479,341.247,0.0,0.47
pob,739,0,4,261.244,340.6005,90.0,1.293
pob,740,0,0,261.714,342.28,90.0,0.88
pob,740,0,1,259.5965,342.7285,179.77,4.235
pob,740,0,2,257.479,342.2885,90.0,0.897
pob,740,0,3,259.5965,341.84,0.0,4.235
pob,740,1,0,257.949,342.4815,90.0,0.185
pob,740,1,1,259.5965,342.574,0.0,3.295
pob,740,1,2,261.244,342.4815,90.0,0.185
pob,740,1,3,259.597,342.389,0.0,3.294
pob,741,0,0,261.714,347.009,90.0,2.306
pob,741,0,1,261.479,348.162,0.0,0.47
pob,741,0,2,261.244,347.2835,90.0,1.757
pob,741,0,3,260.42,346.405,0.0,1.648
pob,741,0,4,259.596,347.2575,90.0,1.705
pob,741,0,5,259.361,348.11,0.0,0.47
pob,741,0,6,259.126,347.2575,90.0,1.705
pob,741,0,7,258.5375,346.405,0.0,1.177
pob,741,0,8,257.949,347.2835,90.0,1.757
pob,741,0,9,257.714,348.162,0.0,0.47
pob,741,0,10,257.479,347.009,90.0,2.306
pob,742,0,0,261.714,349.3335,90.0,0.549
pob,742,0,1,260.118,349.608,0.0,3.192
pob,742,0,2,260.2055,351.1765,42.975,4.6019
pob,742,0,3,259.684,352.745,0.0,4.41
pob,742,0,4,257.479,352.4705,90.0,0.549
pob,742,0,5,259.0245,352.196,0.0,3.091
pob,742,0,6,258.923,350.6275,43.6017,4.5487
pob,743,0,0,279.418,557.093,90.0,0.47
pob,743,0,1,278.378,557.328,0.0,2.08
pob,743,0,2,277.338,555.2105,90.0,4.235
pob,743,0,3,277.613,553.093,0.0,0.55
pob,743,0,4,277.888,554.152,90.0,2.118
pob,743,0,5,278.6275,555.211,0.0,1.479
pob,743,0,6,279.367,555.446,90.0,0.47
pob,743,0,7,278.6275,555.681,0.0,1.479
pob,743,0,8,277.888,556.2695,90.0,1.177
pob,744,0,0,282.086,557.479,3.0668,0.2243
pob,744,0,1,281.864,557.4565,8.53,0.2225
pob,744,0,2,281.863,555.233,92.8273,4.4194
pob,744,0,3,282.085,553.0205,177.2132,0.2263
pob,744,0,4,282.311,553.0205,2.7868,0.2263
pob,744,0,5,282.5325,555.233,87.1858,4.4193
pob,744,0,6,282.5315,557.4565,171.4314,0.2215
pob,744,0,7,282.31,557.479,176.9332,0.2243
pob,744,1,0,282.113,553.489,177.3061,0.1702
pob,744,1,1,281.9455,553.5065,170.7053,0.1672
pob,744,1,2,281.939,555.2625,87.503,3.4883
pob,744,1,3,282.1065,557.01,3.127,0.1833
pob,744,1,4,282.2895,557.01,176.873,0.1833
pob,744,1,5,282.457,555.2625,92.497,3.4883
pob,744,1,6,282.45,553.5065,9.2393,0.1682
pob,744,1,7,282.2825,553.489,2.7099,0.1692
pob,745,0,0,286.6675,554.976,12.6378,0.2285
pob,745,0,1,286.3285,556.1645,111.1661,2.4953
pob,745,0,2,285.5455,557.328,0.0,0.665
pob,745,0,3,285.213,555.2105,90.0,4.235
pob,745,0,4,285.4875,553.093,0.0,0.549
pob,745,0,5,285.762,553.9945,90.0,1.803
pob,745,0,6,285.875,554.896,0.0,0.226
pob,745,0,7,286.6245,553.9945,125.2234,2.2071
pob,745,0,8,287.5745,553.093,0.0,0.627
pob,745,0,9,287.222,554.022,125.6367,2.2861
pob,745,1,0,285.8345,556.858,0.0,0.145
pob,745,1,1,285.9215,556.113,91.1147,1.4903
pob,745,1,2,285.849,555.368,0.0,0.174
pob,745,1,3,285.762,556.113,90.0,1.49
pob,746,0,0,290.2225,556.858,0.0,1.011
pob,746,0,1,290.728,557.093,90.0,0.47
pob,746,0,2,289.4425,557.328,0.0,2.571
pob,746,0,3,288.157,557.093,90.0,0.47
pob,746,0,4,288.663,556.858,0.0,1.012
pob,746,0,5,289.169,554.9755,90.0,3.765
pob,746,0,6,289.443,553.093,0.0,0.548
pob,747,0,0,293.7625,553.093,0.0,0.987
pob,747,0,1,294.6405,554.1975,70.8056,2.339
pob,747,0,2,294.9365,555.327,164.2262,0.1839
pob,747,0,3,294.848,555.357,90.0,0.01
pob,747,0,4,294.947,555.43,34.4838,0.2402
pob,747,0,5,294.426,556.413,124.1218,2.2106
pob,747,0,6,293.5375,557.328,0.0,0.537
pob,747,0,7,293.269,555.2105,90.0,4.235
pob,747,1,0,293.8895,556.858,0.0,0.143
pob,747,1,1,293.9555,556.152,89.5542,1.412
pob,747,1,2,293.884,555.446,0.0,0.132
pob,747,1,3,293.818,556.152,90.0,1.412
pob,747,2,0,293.977,555.054,0.0,0.318
pob,747,2,1,294.169,554.3085,92.5349,1.4925
pob,747,2,2,294.0105,553.563,0.0,0.383
pob,747,2,3,293.819,554.3085,90.0,1.491
pob,748,0,0,298.0065,554.976,12.6378,0.2285
pob,748,0,1,297.6675,556.1645,111.1661,2.4953
pob,748,0,2,296.8845,557.328,0.0,0.665
pob,748,0,3,296.552,555.2105,90.0,4.235
pob,748,0,4,296.8265,553.093,0.0,0.549
pob,748,0,5,297.101,553.9945,90.0,1.803
pob,748,0,6,297.214,554.896,0.0,0.226
pob,748,0,7,297.9635,553.9945,125.2234,2.2071
pob,748,0,8,298.9135,553.093,0.0,0.627
pob,748,0,9,298.561,554.022,125.6367,2.2861
pob,748,1,0,297.1735,556.858,0.0,0.145
pob,748,1,1,297.2605,556.113,91.1147,1.4903
pob,748,1,2,297.188,555.368,0.0,0.174
pob,748,1,3,297.101,556.113,90.0,1.49
pob,749,0,0,302.6705,553.642,113.9189,1.2012
pob,749,0,1,303.2,553.093,0.0,0.572
pob,749,0,2,302.4665,555.32,114.5979,4.8985
pob,749,0,3,300.4275,555.32,65.4021,4.8985
pob,749,0,4,299.694,553.093,0.0,0.572
pob,749,0,5,300.2235,553.642,66.0811,1.2012
pob,749,0,6,301.447,554.191,0.0,1.96
pob,749,1,0,301.447,554.661,0.0,1.518
pob,749,1,1,301.0675,555.5225,66.2259,1.8828
pob,749,1,2,301.8265,555.5225,113.7741,1.8828
pob,750,0,0,306.328,554.9755,90.0,0.471
pob,750,0,1,306.866,554.74,0.0,1.076
pob,750,0,2,307.3845,554.614,81.2022,0.255
pob,750,0,3,307.3185,554.3705,68.4119,0.2527
pob,750,0,4,305.8475,554.7265,161.6134,3.0023
pob,750,0,5,304.4275,555.2925,87.214,0.1852
pob,750,0,6,304.4445,555.475,82.0948,0.1817
pob,750,0,7,305.7955,556.0745,20.8393,2.8644
pob,750,0,8,307.203,556.513,134.1812,0.198
pob,750,0,9,307.332,556.3635,127.3911,0.1976
pob,750,0,10,307.5665,556.472,46.9802,0.5115
pob,750,0,11,307.662,556.7535,129.8926,0.2463
pob,750,0,12,307.4935,556.931,137.1605,0.2441
pob,750,0,13,305.6875,555.7835,35.6356,4.224
pob,750,0,14,304.0075,554.454,110.238,0.211
pob,750,0,15,304.089,554.2605,115.4625,0.2093
pob,750,0,16,306.039,554.4995,9.9299,3.8679
pob,750,0,17,307.9485,554.9395,87.5797,0.2132
pob,750,0,18,307.953,555.1285,90.0,0.165
pob,751,0,0,310.994,554.9755,90.0,0.471
pob,751,0,1,311.532,554.74,0.0,1.076
pob,751,0,2,312.0505,554.614,81.2022,0.255
pob,751,0,3,311.985,554.3705,68.6245,0.2524
pob,751,0,4,310.5145,554.7265,161.6134,3.0023
pob,751,0,5,309.094,555.2925,87.5253,0.1852
pob,751,0,6,309.1105,555.475,82.0948,0.1817
pob,751,0,7,310.462,556.0745,20.8322,2.8653
pob,751,0,8,311.87,556.513,134.1812,0.198
pob,751,0,9,311.999,556.3635,127.3911,0.1976
pob,751,0,10,312.2335,556.472,46.9802,0.5115
pob,751,0,11,312.3285,556.7535,130.0718,0.247
pob,751,0,12,312.1595,556.931,137.1605,0.2441
pob,751,0,13,310.3535,555.7835,35.6356,4.224
pob,751,0,14,308.6735,554.454,110.238,0.211
pob,751,0,15,308.7555,554.2605,115.7109,0.2098
pob,751,0,16,310.7055,554.4995,9.9325,3.8669
pob,751,0,17,312.6145,554.9395,87.5797,0.2132
pob,751,0,18,312.619,555.1285,90.0,0.165
pob,752,0,0,313.6835,552.961,67.0702,1.6504
pob,752,0,1,313.523,552.1375,158.4749,0.3461
pob,752,0,2,314.0725,552.812,62.2364,1.668
pob,753,0,0,317.5015,553.093,0.0,0.549
pob,753,0,1,317.776,554.689,90.0,3.192
pob,753,0,2,319.3445,554.6015,132.9746,4.6019
pob,753,0,3,320.913,555.123,90.0,4.41
pob,753,0,4,320.6385,557.328,0.0,0.549
pob,753,0,5,320.364,555.7825,90.0,3.091
pob,753,0,6,318.7955,555.884,133.6015,4.5488
pob,754,0,0,323.73,557.479,3.0668,0.2243
pob,754,0,1,323.508,557.4565,8.53,0.2225
pob,754,0,2,323.5065,555.233,92.8146,4.4193
pob,754,0,3,323.7285,553.0205,177.2252,0.2273
pob,754,0,4,323.9545,553.0205,2.7992,0.2253
pob,754,0,5,324.176,555.233,87.1727,4.4194
pob,754,0,6,324.1755,557.4565,171.4314,0.2215
pob,754,0,7,323.9535,557.479,176.9469,0.2253
pob,754,1,0,323.757,553.489,177.3061,0.1702
pob,754,1,1,323.5895,553.5065,170.7053,0.1672
pob,754,1,2,323.583,555.2625,87.503,3.4883
pob,754,1,3,323.7505,557.01,3.127,0.1833
pob,754,1,4,323.933,557.01,176.8557,0.1823
pob,754,1,5,324.1005,555.2625,92.5136,3.4884
pob,754,1,6,324.094,553.5065,9.2393,0.1682
pob,754,1,7,323.9265,553.489,2.7099,0.1692
pob,755,0,0,328.3125,554.976,12.6378,0.2285
pob,755,0,1,327.9735,556.1645,111.1661,2.4953
pob,755,0,2,327.1905,557.328,0.0,0.665
pob,755,0,3,326.858,555.2105,90.0,4.235
pob,755,0,4,327.1325,553.093,0.0,0.549
pob,755,0,5,327.407,553.9945,90.0,1.803
pob,755,0,6,327.52,554.896,0.0,0.226
pob,755,0,7,328.2695,553.9945,125.2234,2.2071
pob,755,0,8,329.2195,553.093,0.0,0.627
pob,755,0,9,328.867,554.022,125.6367,2.2861
pob,755,1,0,327.4795,556.858,0.0,0.145
pob,755,1,1,327.5665,556.113,91.1147,1.4903
pob,755,1,2,327.494,555.368,0.0,0.174
pob,755,1,3,327.407,556.113,90.0,1.49
pob,756,0,0,331.8675,556.858,0.0,1.011
pob,756,0,1,332.373,557.093,90.0,0.47
pob,756,0,2,331.0875,557.328,0.0,2.571
pob,756,0,3,329.802,557.093,90.0,0.47
pob,756,0,4,330.308,556.858,0.0,1.012
pob,756,0,5,330.814,554.9755,90.0,3.765
pob,756,0,6,331.088,553.093,0.0,0.548
pob,757,0,0,333.571,556.466,90.0,1.726
pob,757,0,1,333.2965,557.329,0.0,0.549
pob,757,0,2,333.022,555.2115,90.0,4.235
pob,757,0,3,333.2965,553.094,0.0,0.549
pob,757,0,4,333.571,554.1135,90.0,2.039
pob,757,0,5,334.5515,555.133,0.0,1.961
pob,757,0,6,335.532,554.1135,90.0,2.039
pob,757,0,7,335.8065,553.094,0.0,0.549
pob,757,0,8,336.081,555.2115,90.0,4.235
pob,757,0,9,335.8065,557.329,0.0,0.549
pob,757,0,10,335.532,556.466,90.0,1.726
pob,758,0,0,341.9815,557.268,153.7101,0.28
pob,758,0,1,341.851,555.2555,89.8622,4.149
pob,758,0,2,341.9765,553.243,25.4135,0.2889
pob,758,0,3,342.107,553.6195,90.0,0.629
pob,758,0,4,341.9805,553.838,37.1958,0.3176
pob,758,0,5,341.856,555.257,89.9244,3.03
pob,758,0,6,341.982,556.6805,143.5743,0.3082
pob,759,0,0,345.7725,553.642,113.9189,1.2012
pob,759,0,1,346.302,553.093,0.0,0.572
pob,759,0,2,345.5685,555.32,114.5979,4.8985
pob,759,0,3,343.5295,555.32,65.4021,4.8985
pob,759,0,4,342.796,553.093,0.0,0.572
pob,759,0,5,343.3255,553.642,66.0811,1.2012
pob,759,0,6,344.549,554.191,0.0,1.96
pob,759,1,0,344.549,554.661,0.0,1.518
pob,759,1,1,344.1695,555.5225,66.2259,1.8828
pob,759,1,2,344.9285,555.5225,113.7741,1.8828
pob,760,0,0,348.6665,554.976,12.6378,0.2285
pob,760,0,1,348.3275,556.1645,111.1661,2.4953
pob,760,0,2,347.5445,557.328,0.0,0.665
pob,760,0,3,347.212,555.2105,90.0,4.235
pob,760,0,4,347.487,553.093,0.0,0.55
pob,760,0,5,347.762,553.9945,90.0,1.803
pob,760,0,6,347.875,554.896,0.0,0.226
pob,760,0,7,348.624,553.9945,125.202,2.2065
pob,760,0,8,349.5735,553.093,0.0,0.627
pob,760,0,9,349.221,554.022,125.6367,2.2861
pob,760,1,0,347.8335,556.858,0.0,0.145
pob,760,1,1,347.9205,556.113,91.1147,1.4903
pob,760,1,2,347.848,555.368,0.0,0.174
pob,760,1,3,347.761,556.113,90.0,1.49
pob,761,0,0,352.348,557.479,3.0668,0.2243
pob,761,0,1,352.126,557.4565,8.53,0.2225
pob,761,0,2,352.125,555.233,92.8273,4.4194
pob,761,0,3,352.347,553.0205,177.2132,0.2263
pob,761,0,4,352.573,553.0205,2.7868,0.2263
pob,761,0,5,352.795,555.233,87.1727,4.4194
pob,761,0,6,352.794,557.4565,171.47,0.2225
pob,761,0,7,352.572,557.479,176.9332,0.2243
pob,761,1,0,352.375,553.489,177.3061,0.1702
pob,761,1,1,352.2075,553.5065,170.7053,0.1672
pob,761,1,2,352.201,555.2625,87.503,3.4883
pob,761,1,3,352.3685,557.01,3.127,0.1833
pob,761,1,4,352.551,557.01,176.8557,0.1823
pob,761,1,5,352.718,555.2625,92.4975,3.4883
pob,761,1,6,352.7115,553.5065,9.293,0.1672
pob,761,1,7,352.5445,553.489,2.7099,0.1692
pob,762,0,0,355.7505,557.328,0.0,0.549
pob,762,0,1,355.476,555.2105,90.0,4.235
pob,762,0,2,356.397,553.093,0.0,1.842
pob,762,0,3,357.318,553.328,90.0,0.47
pob,762,0,4,356.6715,553.563,0.0,1.293
pob,763,0,0,358.1857,557.328,0.0,0.5494
pob,763,0,1,358.4604,555.2105,90.0,4.235
pob,763,0,2,358.1857,553.093,0.0,0.5494
pob,763,0,3,357.911,555.2105,90.0,4.235
pob,764,0,0,359.7565,553.093,0.0,0.549
pob,764,0,1,360.031,554.689,90.0,3.192
pob,764,0,2,361.5995,554.6015,132.9746,4.6019
pob,764,0,3,363.168,555.123,90.0,4.41
pob,764,0,4,362.8935,557.328,0.0,0.549
pob,764,0,5,362.619,555.7825,90.0,3.091
pob,764,0,6,361.0505,555.884,133.6015,4.5488
pob,765,0,0,366.9685,553.642,113.9189,1.2012
pob,765,0,1,367.498,553.093,0.0,0.572
pob,765,0,2,366.7645,555.32,114.5979,4.8985
pob,765,0,3,364.7255,555.32,65.4021,4.8985
pob,765,0,4,363.992,553.093,0.0,0.572
pob,765,0,5,364.5215,553.642,66.0811,1.2012
pob,765,0,6,365.745,554.191,0.0,1.96
pob,765,1,0,365.745,554.661,0.0,1.518
pob,765,1,1,365.3655,555.5225,66.2259,1.8828
pob,765,1,2,366.1245,555.5225,113.7741,1.8828
pob,766,0,0,224.764,398.033,23.9626,1.2016
pob,766,0,1,225.313,398.563,90.0,0.572
pob,766,0,2,223.085,397.829,24.5987,4.9008
pob,766,0,3,223.085,395.789,155.4012,4.9008
pob,766,0,4,225.313,395.055,90.0,0.572
pob,766,0,5,224.764,395.5845,156.0813,1.2012
pob,766,0,6,224.215,396.8085,90.0,1.961
pob,766,1,0,223.744,396.8085,90.0,1.519
pob,766,1,1,222.8825,396.429,156.198,1.8832
pob,766,1,2,222.8825,397.1885,23.774,1.8828
pob,767,0,0,223.4295,401.691,0.0,0.471
pob,767,0,1,223.665,402.2295,90.0,1.077
pob,767,0,2,223.791,402.7485,171.2028,0.255
pob,767,0,3,224.0345,402.6825,158.4106,0.2527
pob,767,0,4,223.6785,401.211,71.6195,3.0032
pob,767,0,5,223.112,399.79,177.5386,0.1862
pob,767,0,6,222.929,399.8065,172.0897,0.1817
pob,767,0,7,222.3295,401.1585,110.825,2.8663
pob,767,0,8,221.891,402.567,44.182,0.198
pob,767,0,9,222.0405,402.696,37.3911,0.1976
pob,767,0,10,221.932,402.9305,136.9811,0.5115
pob,767,0,11,221.6505,403.026,39.8965,0.2463
pob,767,0,12,221.473,402.8575,47.158,0.2441
pob,767,0,13,222.6215,401.0505,125.6417,4.2268
pob,767,0,14,223.9515,399.369,20.0775,0.2098
pob,767,0,15,224.1445,399.4505,25.7076,0.2098
pob,767,0,16,223.905,401.402,99.9393,3.8701
pob,767,0,17,223.4645,403.312,177.8502,0.2131
pob,767,0,18,223.276,403.316,0.0,0.164
pob,768,0,0,221.076,404.415,90.0,0.55
pob,768,0,1,223.1945,404.14,0.0,4.237
pob,768,0,2,225.313,405.062,90.0,1.844
pob,768,0,3,225.078,405.984,0.0,0.47
pob,768,0,4,224.843,405.337,90.0,1.294
pob,769,0,0,218.0695,395.91,0.0,3.767
pob,769,0,1,219.953,396.1455,90.0,0.471
pob,769,0,2,217.834,396.381,0.0,4.238
pob,769,0,3,215.715,395.9225,90.0,0.917
pob,769,0,4,215.9505,395.3165,147.9398,0.5558
pob,770,0,0,217.9135,399.653,89.6963,0.19
pob,770,0,1,218.4755,399.2995,141.3833,1.4373
pob,770,0,2,218.963,398.8345,12.572,0.1516
pob,770,0,3,218.889,398.561,90.0,0.514
pob,770,0,4,219.013,398.323,8.7101,0.2509
pob,770,0,5,218.4575,399.42,122.2244,2.5486
pob,770,0,6,217.734,400.429,57.4715,0.1637
pob,770,0,7,217.5975,400.466,131.1082,0.2814
pob,770,0,8,216.9485,399.516,62.2116,2.3873
pob,770,0,9,216.516,398.433,167.7193,0.2538
pob,770,0,10,216.64,398.6685,90.0,0.525
pob,770,0,11,216.574,398.9465,166.7816,0.1356
pob,770,0,12,216.971,399.3355,38.8929,1.1897
pob,770,0,13,217.438,399.6255,92.7462,0.1672
pob,771,0,0,215.9505,404.475,0.0,0.471
pob,771,0,1,215.715,403.6385,90.0,1.673
pob,771,0,2,216.8055,402.474,163.26,2.2775
pob,771,0,3,217.896,402.197,90.0,0.102
pob,771,0,4,217.8165,402.3285,134.6421,0.2263
pob,771,0,5,218.13,403.235,64.5551,1.8295
pob,771,0,6,218.627,404.051,174.5063,0.209
pob,771,0,7,218.828,404.0115,163.0868,0.2028
pob,771,0,8,219.054,403.11,98.4149,1.763
pob,771,0,9,219.123,402.195,35.6285,0.1476
pob,771,0,10,218.998,402.121,25.4954,0.144
pob,771,0,11,219.118,401.892,133.056,0.542
pob,771,0,12,219.385,401.7465,32.6316,0.1947
pob,771,0,13,218.258,402.501,149.8588,2.7961
pob,771,0,14,217.0575,403.0535,93.2538,0.2995
pob,771,0,15,216.626,403.0365,163.2412,0.919
pob,772,0,0,216.319,405.554,157.1664,1.6492
pob,772,0,1,217.143,405.397,68.5648,0.3502
pob,772,0,2,216.4685,405.9465,152.3743,1.667
pob,773,0,0,210.826,392.434,90.0,1.012
pob,773,0,1,210.5905,392.94,0.0,0.471
pob,773,0,2,210.355,391.6535,90.0,2.573
pob,773,0,3,210.5905,390.367,0.0,0.471
pob,773,0,4,210.826,390.873,90.0,1.012
pob,773,0,5,212.7095,391.379,0.0,3.767
pob,773,0,6,214.593,391.6535,90.0,0.549
pob,774,0,0,210.204,395.3975,93.0511,0.2253
pob,774,0,1,210.2265,395.1755,98.5706,0.2215
pob,774,0,2,212.4515,395.175,2.8256,4.4224
pob,774,0,3,214.665,395.397,87.4678,0.2262
pob,774,0,4,214.665,395.623,92.5322,0.2262
pob,774,0,5,212.4515,395.845,177.1744,4.4224
pob,774,0,6,210.2265,395.8445,81.4294,0.2215
pob,774,0,7,210.204,395.6225,86.9489,0.2253
pob,774,1,0,214.196,395.425,87.3072,0.1702
pob,774,1,1,214.1785,395.2575,80.7044,0.1672
pob,774,1,2,212.422,395.251,177.5032,3.4893
pob,774,1,3,210.674,395.4185,93.1309,0.1833
pob,774,1,4,210.674,395.601,86.8521,0.1823
pob,774,1,5,212.422,395.7685,2.5131,3.4893
pob,774,1,6,214.1785,395.762,99.241,0.1682
pob,774,1,7,214.196,395.5945,92.7086,0.1692
pob,775,0,0,210.356,398.346,90.0,0.578
pob,775,0,1,212.5535,398.944,21.981,4.7395
pob,775,0,2,213.1885,400.435,158.8654,3.3504
pob,775,0,3,213.1885,401.643,21.1344,3.3504
pob,775,0,4,212.5535,403.134,158.019,4.7395
pob,775,0,5,210.356,403.7315,90.0,0.579
pob,775,0,6,211.864,402.8445,158.3855,3.2441
pob,775,0,7,211.7855,401.643,20.8423,3.3952
pob,775,0,8,211.7525,400.437,158.8179,3.3321
pob,776,0,0,214.593,405.7445,90.0,2.307
pob,776,0,1,214.3575,406.898,0.0,0.471
pob,776,0,2,214.122,406.0195,90.0,1.757
pob,776,0,3,213.298,405.141,0.0,1.648
pob,776,0,4,212.474,405.994,90.0,1.706
pob,776,0,5,212.239,406.847,0.0,0.47
pob,776,0,6,212.004,405.994,90.0,1.706
pob,776,0,7,211.415,405.141,0.0,1.178
pob,776,0,8,210.826,406.0195,90.0,1.757
pob,776,0,9,210.591,406.898,0.0,0.47
pob,776,0,10,210.356,405.7445,90.0,2.307
pob,777,0,0,212.709,409.2515,102.6379,0.2285
pob,777,0,1,211.5195,408.912,21.1711,2.4976
pob,777,0,2,210.355,408.1285,90.0,0.665
pob,777,0,3,212.474,407.796,0.0,4.238
pob,777,0,4,214.593,408.071,90.0,0.55
pob,777,0,5,213.6905,408.346,0.0,1.805
pob,777,0,6,212.788,408.459,90.0,0.226
pob,777,0,7,213.6905,409.2085,35.1939,2.2087
pob,777,0,8,214.593,410.159,90.0,0.628
pob,777,0,9,213.6635,409.8065,35.6424,2.2875
pob,777,1,0,210.826,408.4185,90.0,0.145
pob,777,1,1,211.5715,408.5055,1.1145,1.4913
pob,777,1,2,212.317,408.433,90.0,0.174
pob,777,1,3,211.5715,408.346,0.0,1.491
pob,778,0,0,205.056,390.3175,63.7115,0.28
pob,778,0,1,207.0695,390.187,179.862,4.151
pob,778,0,2,209.083,390.3125,115.4108,0.289
pob,778,0,3,208.7065,390.443,0.0,0.629
pob,778,0,4,208.488,390.3165,127.1942,0.3176
pob,778,0,5,207.068,390.192,179.9242,3.032
pob,778,0,6,205.6435,390.3185,53.6858,0.309
pob,779,0,0,204.844,393.127,93.0648,0.2243
pob,779,0,1,204.8665,392.905,98.5319,0.2225
pob,779,0,2,207.0915,392.9035,2.8125,4.4223
pob,779,0,3,209.3055,393.1255,87.2254,0.2273
pob,779,0,4,209.3055,393.352,92.787,0.2263
pob,779,0,5,207.0915,393.574,177.1744,4.4224
pob,779,0,6,204.8665,393.573,81.4681,0.2225
pob,779,0,7,204.844,393.351,86.9352,0.2243
pob,779,1,0,208.836,393.154,87.3072,0.1702
pob,779,1,1,208.8185,392.9865,80.7044,0.1672
pob,779,1,2,207.062,392.98,177.5032,3.4893
pob,779,1,3,205.314,393.1475,93.1309,0.1833
pob,779,1,4,205.314,393.33,86.8521,0.1823
pob,779,1,5,207.062,393.4975,2.5131,3.4893
pob,779,1,6,208.8185,393.491,99.241,0.1682
pob,779,1,7,208.836,393.3235,92.7086,0.1692
pob,780,0,0,209.233,396.531,90.0,0.55
pob,780,0,1,207.6365,396.806,0.0,3.193
pob,780,0,2,207.724,398.375,42.9754,4.6033
pob,780,0,3,207.202,399.944,0.0,4.412
pob,780,0,4,204.996,399.6695,90.0,0.549
pob,780,0,5,206.542,399.395,0.0,3.092
pob,780,0,6,206.44,397.8255,43.6025,4.5516
pob,781,0,0,205.466,402.635,90.0,1.012
pob,781,0,1,205.2305,403.141,0.0,0.471
pob,781,0,2,204.995,401.855,90.0,2.572
pob,781,0,3,205.2305,400.569,0.0,0.471
pob,781,0,4,205.466,401.0745,90.0,1.011
pob,781,0,5,207.3495,401.58,0.0,3.767
pob,781,0,6,209.233,401.8545,90.0,0.549
pob,782,0,0,207.349,405.2455,102.6379,0.2285
pob,782,0,1,206.1595,404.906,21.1711,2.4976
pob,782,0,2,204.995,404.1225,90.0,0.665
pob,782,0,3,207.114,403.79,0.0,4.238
pob,782,0,4,209.233,404.065,90.0,0.55
pob,782,0,5,208.3305,404.34,0.0,1.805
pob,782,0,6,207.428,404.453,90.0,0.226
pob,782,0,7,208.3305,405.2025,35.1939,2.2087
pob,782,0,8,209.233,406.1525,90.0,0.627
pob,782,0,9,208.3035,405.8,35.6222,2.2869
pob,782,1,0,205.466,404.4125,90.0,0.145
pob,782,1,1,206.2115,404.4995,1.1145,1.4913
pob,782,1,2,206.957,404.427,90.0,0.174
pob,782,1,3,206.2115,404.34,0.0,1.491
pob,783,0,0,204.844,408.9285,93.0511,0.2253
pob,783,0,1,204.8665,408.7065,98.5706,0.2215
pob,783,0,2,207.0915,408.7055,2.8125,4.4223
pob,783,0,3,209.3055,408.9275,87.2254,0.2273
pob,783,0,4,209.3055,409.154,92.787,0.2263
pob,783,0,5,207.0915,409.3755,177.1875,4.4223
pob,783,0,6,204.8665,409.3745,81.4294,0.2215
pob,783,0,7,204.844,409.1525,86.9489,0.2253
pob,783,1,0,208.836,408.956,87.3072,0.1702
pob,783,1,1,208.8185,408.7885,80.7044,0.1672
pob,783,1,2,207.062,408.782,177.5032,3.4893
pob,783,1,3,205.314,408.9495,93.1309,0.1833
pob,783,1,4,205.314,409.132,86.8521,0.1823
pob,783,1,5,207.062,409.2995,2.5131,3.4893
pob,783,1,6,208.8185,409.293,99.241,0.1682
pob,783,1,7,208.836,409.1255,92.7086,0.1692
pob,784,0,0,204.995,412.333,90.0,0.55
pob,784,0,1,207.1135,412.058,0.0,4.237
pob,784,0,2,209.232,412.98,90.0,1.844
pob,784,0,3,208.997,413.902,0.0,0.47
pob,784,0,4,208.762,413.255,90.0,1.294
pob,785,0,0,241.786,299.6245,143.4796,0.1966
pob,785,0,1,241.6255,299.7255,152.4608,0.1838
pob,785,0,2,240.1655,298.0545,51.1835,4.3983
pob,785,0,3,238.8555,296.2705,134.1793,0.1966
pob,785,0,4,239.0035,296.141,143.4162,0.198
pob,785,0,5,240.596,297.6785,46.5384,4.3991
pob,785,0,6,242.0555,299.3505,125.3295,0.185
pob,785,0,7,241.9335,299.496,134.3751,0.1959
pob,785,1,0,239.187,296.604,133.2296,0.1373
pob,785,1,1,239.1055,296.7095,121.8678,0.1307
pob,785,1,2,240.2575,298.029,46.8113,3.4673
pob,785,1,3,241.5,299.2525,144.127,0.1382
pob,785,1,4,241.6035,299.162,133.5298,0.1379
pob,785,1,5,240.5585,297.7665,50.9244,3.4664
pob,785,1,6,239.406,296.4475,156.1783,0.1312
pob,785,1,7,239.29,296.514,144.4564,0.1376
pob,786,0,0,235.5375,299.679,48.8827,0.4699
pob,786,0,1,236.0125,298.9515,138.8307,1.6725
pob,786,0,2,237.6055,299.0065,32.1468,2.2759
pob,786,0,3,238.531,299.645,139.0388,0.1006
pob,786,0,4,238.3805,299.6715,3.307,0.2254
pob,786,0,5,237.904,300.504,113.4534,1.8291
pob,786,0,6,237.616,301.4145,43.255,0.2087
pob,786,0,7,237.778,301.5395,31.8846,0.2026
pob,786,0,8,238.605,301.117,147.2846,1.7614
pob,786,0,9,239.339,300.5675,84.5569,0.1477
pob,786,0,10,239.313,300.4245,74.713,0.1441
pob,786,0,11,239.5645,300.3645,2.0127,0.5413
pob,786,0,12,239.849,300.47,81.7023,0.194
pob,786,0,13,238.54,300.1175,18.7268,2.7939
pob,786,0,14,237.3355,299.577,142.1766,0.3
pob,786,0,15,237.065,299.241,32.0983,0.9184
pob,787,0,0,236.477,304.2625,143.4796,0.1966
pob,787,0,1,236.3165,304.3635,152.4608,0.1838
pob,787,0,2,234.8565,302.6925,51.1835,4.3983
pob,787,0,3,233.5465,300.908,133.9755,0.1973
pob,787,0,4,233.6945,300.7785,143.6509,0.1974
pob,787,0,5,235.287,302.3165,46.5384,4.3991
pob,787,0,6,236.7465,303.9885,125.3295,0.185
pob,787,0,7,236.6245,304.134,134.3751,0.1959
pob,787,1,0,233.878,301.242,133.2296,0.1373
pob,787,1,1,233.7965,301.3475,121.8678,0.1307
pob,787,1,2,234.9485,302.6665,46.8002,3.4665
pob,787,1,3,236.191,303.89,144.4564,0.1376
pob,787,1,4,236.2945,303.8,133.5298,0.1379
pob,787,1,5,235.2495,302.4045,50.9244,3.4664
pob,787,1,6,234.0975,301.0855,156.0021,0.1303
pob,787,1,7,233.9815,301.152,144.695,0.1385
pob,788,0,0,234.1635,305.4785,150.7639,0.1249
pob,788,0,1,234.1115,305.587,127.457,0.3502
pob,788,0,2,234.02,305.6675,104.3803,0.1208
pob,789,0,0,230.35,304.999,12.6151,2.445
pob,789,0,1,231.6895,305.3085,16.1761,0.3051
pob,789,0,2,232.1535,306.5615,75.3033,2.5029
pob,789,0,3,232.3565,307.8535,144.5567,0.2811
pob,789,0,4,232.118,307.9905,155.8892,0.2717
pob,789,0,5,231.2645,306.933,56.7575,2.6615
pob,789,0,6,230.6265,305.758,145.8734,0.2211
pob,789,0,7,230.8165,305.659,159.4177,0.2104
pob,789,0,8,230.9155,305.614,93.5967,0.0161
pob,789,0,9,229.968,305.3815,13.3232,1.9484
pob,789,0,10,229.0885,304.9445,107.8666,0.4465
pob,789,1,0,232.228,307.349,133.1828,0.1783
pob,789,1,1,232.3345,307.2085,121.076,0.1763
pob,789,1,2,231.751,306.545,43.0701,1.7221
pob,789,1,3,231.051,306.006,145.3907,0.1725
pob,789,1,4,230.9225,306.1175,132.6154,0.1699
pob,789,1,5,231.3645,306.883,54.6051,1.7248
pob,789,1,6,231.944,307.5505,156.0669,0.1751
pob,789,1,7,232.0955,307.4645,144.7694,0.1751
pob,790,0,0,356.716,337.0325,90.0,0.313
pob,790,0,1,355.5005,337.073,5.4517,2.442
pob,790,0,2,354.285,336.642,90.0,0.63
pob,790,0,3,356.4025,336.327,0.0,4.235
pob,790,0,4,358.52,336.6015,90.0,0.549
pob,790,0,5,357.618,336.876,0.0,1.804
pob,790,1,0,354.755,336.9485,90.0,0.145
pob,790,1,1,355.5,337.0355,1.1147,1.4903
pob,790,1,2,356.245,336.963,90.0,0.174
pob,790,1,3,355.5,336.876,0.0,1.49
pob,791,0,0,354.344,342.3785,63.7115,0.28
pob,791,0,1,356.3565,342.248,179.862,4.149
pob,791,0,2,358.3695,342.3735,115.2302,0.2885
pob,791,0,3,357.9935,342.504,0.0,0.629
pob,791,0,4,357.7745,342.378,127.1569,0.3162
pob,791,0,5,356.3545,342.254,179.9244,3.031
pob,791,0,6,354.9305,342.38,53.5789,0.3082
pob,792,0,0,358.519,343.6515,90.0,0.549
pob,792,0,1,356.9235,343.926,0.0,3.191
pob,792,0,2,357.011,345.4945,42.9833,4.6012
pob,792,0,3,356.489,347.063,0.0,4.41
pob,792,0,4,354.284,346.7885,90.0,0.549
pob,792,0,5,355.8295,346.514,0.0,3.091
pob,792,0,6,355.728,344.9455,43.6017,4.5487
pob,793,0,0,355.7435,352.16,0.0,3.355
pob,793,0,1,355.9785,350.874,146.0824,4.6093
pob,793,0,2,357.891,350.639,90.0,2.102
pob,793,0,3,358.205,351.69,0.0,0.628
pob,793,0,4,358.519,351.925,90.0,0.47
pob,793,0,5,358.205,352.16,0.0,0.628
pob,793,0,6,357.891,352.403,90.0,0.486
pob,793,0,7,357.656,352.646,0.0,0.47
pob,793,0,8,357.421,352.403,90.0,0.486
pob,793,1,0,357.421,351.0855,90.0,1.209
pob,793,1,1,356.543,351.0795,145.7192,2.1252
pob,793,1,2,355.665,351.684,90.0,0.012
pob,793,1,3,356.543,351.69,0.0,1.756
pob,794,0,0,355.7435,355.685,0.0,3.355
pob,794,0,1,355.9785,354.399,146.0824,4.6093
pob,794,0,2,357.891,354.164,90.0,2.102
pob,794,0,3,358.205,355.215,0.0,0.628
pob,794,0,4,358.519,355.45,90.0,0.47
pob,794,0,5,358.205,355.685,0.0,0.628
pob,794,0,6,357.891,355.928,90.0,0.486
pob,794,0,7,357.656,356.171,0.0,0.47
pob,794,0,8,357.421,355.928,90.0,0.486
pob,794,1,0,357.421,354.6105,90.0,1.209
pob,794,1,1,356.543,354.6045,145.7192,2.1252
pob,794,1,2,355.665,355.2085,90.0,0.011
pob,794,1,3,356.543,355.214,0.0,1.756
pob,795,0,0,354.52,360.986,0.0,0.47
pob,795,0,1,354.285,359.946,90.0,2.08
pob,795,0,2,356.4025,358.906,0.0,4.235
pob,795,0,3,358.52,359.181,90.0,0.55
pob,795,0,4,357.461,359.456,0.0,2.118
pob,795,0,5,356.402,360.1955,90.0,1.479
pob,795,0,6,356.167,360.935,0.0,0.47
pob,795,0,7,355.932,360.1955,90.0,1.479
pob,795,0,8,355.3435,359.456,0.0,1.177
pob,796,0,0,356.355,362.779,156.5636,5.8834
pob,796,0,1,359.144,361.8085,65.7195,0.4377
pob,796,0,2,356.518,363.181,156.6413,5.917
pob,797,0,0,357.97,368.0085,23.919,1.2011
pob,797,0,1,358.519,368.538,90.0,0.572
pob,797,0,2,356.292,367.8045,24.598,4.8985
pob,797,0,3,356.292,365.7655,155.402,4.8985
pob,797,0,4,358.519,365.032,90.0,0.572
pob,797,0,5,357.97,365.5615,156.081,1.2011
pob,797,0,6,357.421,366.785,90.0,1.96
pob,797,1,0,356.951,366.785,90.0,1.518
pob,797,1,1,356.0895,366.4055,156.2258,1.8828
pob,797,1,2,356.0895,367.1645,23.7742,1.8828
pob,798,0,0,356.355,370.382,156.5636,5.8834
pob,798,0,1,359.144,369.4115,65.7195,0.4377
pob,798,0,2,356.518,370.784,156.6413,5.917
pob,799,0,0,354.284,372.6395,90.0,0.577
pob,799,0,1,356.48,373.2375,21.9833,4.7364
pob,799,0,2,357.1145,374.727,158.8851,3.3478
pob,799,0,3,357.1145,375.934,21.1471,3.3485
pob,799,0,4,356.48,377.4245,158.0167,4.7364
pob,799,0,5,354.284,378.022,90.0,0.578
pob,799,0,6,355.7915,377.1355,158.3792,3.2432
pob,799,0,7,355.713,375.9345,20.8325,3.3939
pob,799,0,8,355.6795,374.7295,158.8217,3.3299
pob,800,0,0,356.355,379.816,156.5636,5.8834
pob,800,0,1,359.144,378.8455,65.7195,0.4377
pob,800,0,2,356.518,380.218,156.6413,5.917
pob,801,0,0,354.755,383.9355,90.0,1.011
pob,801,0,1,354.52,384.441,0.0,0.47
pob,801,0,2,354.285,383.1555,90.0,2.571
pob,801,0,3,354.52,381.87,0.0,0.47
pob,801,0,4,354.755,382.376,90.0,1.012
pob,801,0,5,356.6375,382.882,0.0,3.765
pob,801,0,6,358.52,383.156,90.0,0.548
pob,802,0,0,350.527,329.6555,23.919,1.2011
pob,802,0,1,351.076,330.185,90.0,0.572
pob,802,0,2,348.849,329.4515,24.598,4.8985
pob,802,0,3,348.849,327.4125,155.402,4.8985
pob,802,0,4,351.076,326.679,90.0,0.572
pob,802,0,5,350.527,327.2085,156.081,1.2011
pob,802,0,6,349.978,328.432,90.0,1.96
pob,802,1,0,349.508,328.432,90.0,1.518
pob,802,1,1,348.6465,328.0525,156.2258,1.8828
pob,802,1,2,348.6465,328.8115,23.7742,1.8828
pob,803,0,0,347.234,333.4165,34.3331,0.172
pob,803,0,1,347.1005,333.3125,41.611,0.1672
pob,803,0,2,347.87,332.4705,136.6104,2.2898
pob,803,0,3,348.7485,331.77,61.6029,0.1955
pob,803,0,4,348.837,331.946,64.982,0.1987
pob,803,0,5,349.534,331.775,158.2739,1.4102
pob,803,0,6,350.1095,331.4905,16.4669,0.1658
pob,803,0,7,349.9435,331.4595,4.9601,0.1737
pob,803,0,8,349.915,331.1775,101.9302,0.5611
pob,803,0,9,350.0985,330.9305,12.3642,0.257
pob,803,0,10,350.3385,331.005,22.3156,0.2475
pob,803,0,11,349.8075,332.2385,118.5483,2.7014
pob,803,0,12,349.0785,333.3605,37.6853,0.211
pob,803,0,13,348.9225,333.217,47.457,0.2144
pob,803,0,14,348.7875,333.047,55.5192,0.2208
pob,803,0,15,348.363,332.3275,60.059,1.4506
pob,803,0,16,347.9475,331.6785,20.9685,0.1146
pob,803,0,17,347.834,331.651,6.6583,0.1208
pob,803,0,18,347.4775,332.106,122.6904,1.0979
pob,803,0,19,347.2195,332.6585,66.9555,0.1967
pob,803,0,20,347.3225,332.825,49.6812,0.1994
pob,803,0,21,347.476,332.9645,35.5024,0.2187
pob,804,0,0,347.234,336.7095,34.3331,0.172
pob,804,0,1,347.1005,336.6055,41.611,0.1672
pob,804,0,2,347.87,335.7635,136.6104,2.2898
pob,804,0,3,348.7485,335.063,61.6029,0.1955
pob,804,0,4,348.837,335.239,64.982,0.1987
pob,804,0,5,349.534,335.068,158.2739,1.4102
pob,804,0,6,350.1095,334.783,16.8001,0.1661
pob,804,0,7,349.9435,334.752,4.629,0.1736
pob,804,0,8,349.915,334.4705,101.9302,0.5611
pob,804,0,9,350.0985,334.2235,12.3642,0.257
pob,804,0,10,350.3385,334.298,22.3156,0.2475
pob,804,0,11,349.8075,335.5315,118.5483,2.7014
pob,804,0,12,349.0785,336.6535,37.6853,0.211
pob,804,0,13,348.9225,336.51,47.457,0.2144
pob,804,0,14,348.7875,336.34,55.5192,0.2208
pob,804,0,15,348.363,335.6205,60.059,1.4506
pob,804,0,16,347.9475,334.9715,20.9685,0.1146
pob,804,0,17,347.834,334.944,6.6583,0.1208
pob,804,0,18,347.4775,335.399,122.6904,1.0979
pob,804,0,19,347.2195,335.9515,66.9555,0.1967
pob,804,0,20,347.3225,336.118,49.6812,0.1994
pob,804,0,21,347.476,336.2575,35.5024,0.2187
pob,805,0,0,350.527,340.4735,23.919,1.2011
pob,805,0,1,351.076,341.003,90.0,0.572
pob,805,0,2,348.849,340.2695,24.598,4.8985
pob,805,0,3,348.849,338.2305,155.402,4.8985
pob,805,0,4,351.076,337.497,90.0,0.572
pob,805,0,5,350.527,338.0265,156.081,1.2011
pob,805,0,6,349.978,339.25,90.0,1.96
pob,805,1,0,349.508,339.25,90.0,1.518
pob,805,1,1,348.6465,338.8705,156.2258,1.8828
pob,805,1,2,348.6465,339.6295,23.7742,1.8828
pob,806,0,0,348.1795,341.834,0.0,2.677
pob,806,0,1,349.518,343.403,90.0,3.138
pob,806,0,2,348.1795,344.972,0.0,2.677
pob,806,0,3,346.841,344.6975,90.0,0.549
pob,806,0,4,348.0885,344.423,0.0,2.495
pob,806,0,5,349.336,343.403,90.0,2.04
pob,806,0,6,348.0885,342.383,0.0,2.495
pob,807,0,0,346.841,346.2255,90.0,0.549
pob,807,0,1,348.9585,345.951,0.0,4.235
pob,807,0,2,351.076,346.872,90.0,1.842
pob,807,0,3,350.841,347.793,0.0,0.47
pob,807,0,4,350.606,347.1465,90.0,1.293
pob,808,0,0,347.311,350.0675,90.0,1.011
pob,808,0,1,347.076,350.573,0.0,0.47
pob,808,0,2,346.841,349.2875,90.0,2.571
pob,808,0,3,347.076,348.002,0.0,0.47
pob,808,0,4,347.311,348.508,90.0,1.012
pob,808,0,5,349.1935,349.014,0.0,3.765
pob,808,0,6,351.076,349.288,90.0,0.548
pob,809,0,0,347.234,355.4365,34.3373,0.172
pob,809,0,1,347.1005,355.333,41.3479,0.1665
pob,809,0,2,347.87,354.491,136.5921,2.2905
pob,809,0,3,348.7485,353.79,61.6051,0.1955
pob,809,0,4,348.837,353.966,64.9783,0.1986
pob,809,0,5,349.534,353.795,158.2739,1.4102
pob,809,0,6,350.1095,353.51,16.795,0.1661
pob,809,0,7,349.9435,353.4785,4.9601,0.1737
pob,809,0,8,349.915,353.197,101.9518,0.5601
pob,809,0,9,350.0985,352.9505,12.3576,0.257
pob,809,0,10,350.3385,353.025,22.3189,0.2475
pob,809,0,11,349.8075,354.2585,118.5481,2.7015
pob,809,0,12,349.0785,355.38,37.9011,0.2116
pob,809,0,13,348.9225,355.2365,47.2772,0.2137
pob,809,0,14,348.7875,355.067,55.5192,0.2208
pob,809,0,15,348.363,354.347,60.0788,1.4515
pob,809,0,16,347.9475,353.698,20.4969,0.1143
pob,809,0,17,347.834,353.6705,7.125,0.1209
pob,809,0,18,347.4775,354.1255,122.6625,1.0988
pob,809,0,19,347.2195,354.6785,66.9555,0.1967
pob,809,0,20,347.3225,354.8445,49.4932,0.1986
pob,809,0,21,347.476,354.984,35.7198,0.2193
pob,810,0,0,347.311,358.0895,90.0,1.011
pob,810,0,1,347.076,358.595,0.0,0.47
pob,810,0,2,346.841,357.3095,90.0,2.571
pob,810,0,3,347.076,356.024,0.0,0.47
pob,810,0,4,347.311,356.53,90.0,1.012
pob,810,0,5,349.1935,357.036,0.0,3.765
pob,810,0,6,351.076,357.31,90.0,0.548
pob,811,0,0,349.193,360.6985,102.6342,0.2285
pob,811,0,1,348.0045,360.3595,21.1659,2.4954
pob,811,0,2,346.841,359.5765,90.0,0.665
pob,811,0,3,348.9585,359.244,0.0,4.235
pob,811,0,4,351.076,359.5185,90.0,0.549
pob,811,0,5,350.174,359.793,0.0,1.804
pob,811,0,6,349.272,359.906,90.0,0.226
pob,811,0,7,350.174,360.6555,35.2085,2.2079
pob,811,0,8,351.076,361.6055,90.0,0.627
pob,811,0,9,350.147,361.253,35.6367,2.2861
pob,811,1,0,347.311,359.8655,90.0,0.145
pob,811,1,1,348.056,359.9525,1.1153,1.4903
pob,811,1,2,348.801,359.88,90.0,0.174
pob,811,1,3,348.056,359.793,0.0,1.49
pob,812,0,0,348.9585,363.1204,0.0,4.235
pob,812,0,1,351.076,362.8457,90.0,0.5494
pob,812,0,2,348.9585,362.571,0.0,4.235
pob,812,0,3,346.841,362.8457,90.0,0.5494
pob,813,0,0,349.272,364.8475,90.0,0.313
pob,813,0,1,348.0565,364.888,5.4517,2.442
pob,813,0,2,346.841,364.457,90.0,0.63
pob,813,0,3,348.9585,364.142,0.0,4.235
pob,813,0,4,351.076,364.4165,90.0,0.549
pob,813,0,5,350.174,364.691,0.0,1.804
pob,813,1,0,347.311,364.7635,90.0,0.145
pob,813,1,1,348.056,364.8505,1.1147,1.4903
pob,813,1,2,348.801,364.778,90.0,0.174
pob,813,1,3,348.056,364.691,0.0,1.49
pob,814,0,0,341.828,337.0325,90.0,0.313
pob,814,0,1,340.6125,337.073,5.4517,2.442
pob,814,0,2,339.397,336.642,90.0,0.63
pob,814,0,3,341.5145,336.327,0.0,4.235
pob,814,0,4,343.632,336.6015,90.0,0.549
pob,814,0,5,342.73,336.876,0.0,1.804
pob,814,1,0,339.867,336.9485,90.0,0.145
pob,814,1,1,340.612,337.0355,1.1147,1.4903
pob,814,1,2,341.357,336.963,90.0,0.174
pob,814,1,3,340.612,336.876,0.0,1.49
pob,815,0,0,339.457,342.3785,63.7115,0.28
pob,815,0,1,341.47,342.248,179.862,4.15
pob,815,0,2,343.483,342.3735,115.4108,0.289
pob,815,0,3,343.1065,342.504,0.0,0.629
pob,815,0,4,342.888,342.378,127.3021,0.3168
pob,815,0,5,341.4685,342.254,179.9244,3.031
pob,815,0,6,340.0445,342.38,53.5743,0.3082
pob,816,0,0,343.632,343.6515,90.0,0.549
pob,816,0,1,342.036,343.926,0.0,3.192
pob,816,0,2,342.1235,345.4945,42.975,4.6019
pob,816,0,3,341.602,347.063,0.0,4.41
pob,816,0,4,339.397,346.7885,90.0,0.549
pob,816,0,5,340.9425,346.514,0.0,3.091
pob,816,0,6,340.841,344.9455,43.6017,4.5487
pob,817,0,0,342.73,351.479,143.5817,2.4357
pob,817,0,1,341.6185,352.284,148.0532,0.3099
pob,817,0,2,340.3635,351.809,26.3708,2.508
pob,817,0,3,339.254,351.1115,95.6933,0.2824
pob,817,0,4,339.3085,350.842,107.4289,0.2704
pob,817,0,5,340.667,350.898,7.99,2.6618
pob,817,0,6,341.9765,351.19,94.5414,0.2147
pob,817,0,7,341.9355,351.3955,108.2604,0.2075
pob,817,0,8,341.9085,351.5,47.4302,0.0163
pob,817,0,9,342.6625,350.9395,142.8796,1.8774
pob,817,0,10,343.5605,350.5645,52.0202,0.4859
pob,817,1,0,341.5055,351.1755,84.1179,0.1659
pob,817,1,1,341.4715,351.012,72.5271,0.1698
pob,817,1,2,340.5875,351.0185,174.1802,1.7259
pob,817,1,3,339.7195,351.199,95.8367,0.187
pob,817,1,4,339.7205,351.377,82.9592,0.1713
pob,817,1,5,340.585,351.5445,5.5182,1.716
pob,817,1,6,341.467,351.5395,107.7443,0.1837
pob,817,1,7,341.5045,351.355,95.5883,0.1949
pob,818,0,0,341.5935,354.725,89.6963,0.19
pob,818,0,1,342.155,354.3715,141.3583,1.4365
pob,818,0,2,342.642,353.9065,12.5732,0.1516
pob,818,0,3,342.568,353.633,90.0,0.514
pob,818,0,4,342.6925,353.395,8.676,0.2519
pob,818,0,5,342.1375,354.4915,122.2368,2.5477
pob,818,0,6,341.414,355.5005,57.2899,0.1628
pob,818,0,7,341.2775,355.5375,131.2434,0.2806
pob,818,0,8,340.629,354.5875,62.2214,2.386
pob,818,0,9,340.1965,353.505,167.67,0.2528
pob,818,0,10,340.32,353.7405,90.0,0.525
pob,818,0,11,340.2545,354.0185,166.6821,0.1346
pob,818,0,12,340.6515,354.407,38.8856,1.1883
pob,818,0,13,341.118,354.697,92.7576,0.1662
pob,819,0,0,341.7495,360.3605,102.3951,0.2283
pob,819,0,1,340.561,360.0215,21.1578,2.4963
pob,819,0,2,339.397,359.2385,90.0,0.665
pob,819,0,3,341.5145,358.906,0.0,4.235
pob,819,0,4,343.632,359.1805,90.0,0.549
pob,819,0,5,342.73,359.455,0.0,1.804
pob,819,0,6,341.828,359.568,90.0,0.226
pob,819,0,7,342.73,360.3175,35.2085,2.2079
pob,819,0,8,343.632,361.2675,90.0,0.627
pob,819,0,9,342.703,360.915,35.6367,2.2861
pob,819,1,0,339.867,359.5275,90.0,0.145
pob,819,1,1,340.612,359.615,1.1534,1.4903
pob,819,1,2,341.357,359.543,90.0,0.174
pob,819,1,3,340.612,359.456,0.0,1.49
pob,820,0,0,341.468,363.168,156.5636,5.8834
pob,820,0,1,344.257,362.1975,65.7195,0.4377
pob,820,0,2,341.631,363.57,156.6413,5.917
pob,821,0,0,343.632,366.0995,90.0,0.987
pob,821,0,1,342.5275,366.9775,160.8061,2.339
pob,821,0,2,341.398,367.2735,74.2296,0.1839
pob,821,0,3,341.368,367.185,0.0,0.01
pob,821,0,4,341.295,367.284,124.4815,0.2402
pob,821,0,5,340.312,366.763,34.1214,2.2105
pob,821,0,6,339.397,365.8745,90.0,0.537
pob,821,0,7,341.5145,365.606,0.0,4.235
pob,821,1,0,339.867,366.2265,90.0,0.143
pob,821,1,1,340.573,366.292,179.5127,1.4121
pob,821,1,2,341.279,366.2205,90.0,0.131
pob,821,1,3,340.573,366.155,0.0,1.412
pob,821,2,0,341.671,366.314,90.0,0.318
pob,821,2,1,342.4165,366.506,2.5344,1.4925
pob,821,2,2,343.162,366.347,90.0,0.384
pob,821,2,3,342.417,366.155,0.0,1.49
pob,822,0,0,341.468,369.823,156.5636,5.8834
pob,822,0,1,344.257,368.8525,65.7195,0.4377
pob,822,0,2,341.631,370.225,156.6413,5.917
pob,823,0,0,339.397,372.0805,90.0,0.577
pob,823,0,1,341.593,372.6785,21.9833,4.7364
pob,823,0,2,342.2275,374.1685,158.869,3.3481
pob,823,0,3,342.2275,375.3755,21.131,3.3481
pob,823,0,4,341.593,376.8655,158.0167,4.7364
pob,823,0,5,339.397,377.463,90.0,0.578
pob,823,0,6,340.9045,376.5765,158.3792,3.2432
pob,823,0,7,340.826,375.3755,20.8325,3.3939
pob,823,0,8,340.7925,374.1705,158.8217,3.3299
pob,824,0,0,341.468,379.257,156.5636,5.8834
pob,824,0,1,344.257,378.2865,65.7195,0.4377
pob,824,0,2,341.631,379.659,156.6413,5.917
pob,825,0,0,339.867,383.3765,90.0,1.011
pob,825,0,1,339.632,383.882,0.0,0.47
pob,825,0,2,339.397,382.5965,90.0,2.571
pob,825,0,3,339.632,381.311,0.0,0.47
pob,825,0,4,339.867,381.817,90.0,1.012
pob,825,0,5,341.7495,382.323,0.0,3.765
pob,825,0,6,343.632,382.597,90.0,0.548
pob,826,0,0,334.306,328.3185,102.635,0.2285
pob,826,0,1,333.1175,327.9795,21.1659,2.4954
pob,826,0,2,331.954,327.1965,90.0,0.665
pob,826,0,3,334.0715,326.864,0.0,4.235
pob,826,0,4,336.189,327.1385,90.0,0.549
pob,826,0,5,335.287,327.413,0.0,1.804
pob,826,0,6,334.385,327.526,90.0,0.226
pob,826,0,7,335.287,328.2755,35.2082,2.2079
pob,826,0,8,336.189,329.2255,90.0,0.627
pob,826,0,9,335.26,328.873,35.6367,2.2861
pob,826,1,0,332.424,327.4855,90.0,0.145
pob,826,1,1,333.169,327.5725,1.1147,1.4903
pob,826,1,2,333.914,327.5,90.0,0.174
pob,826,1,3,333.169,327.413,0.0,1.49
pob,827,0,0,333.522,330.0085,90.0,0.575
pob,827,0,1,334.894,330.3925,26.079,3.055
pob,827,0,2,335.361,331.4525,156.7668,1.9697
pob,827,0,3,335.361,332.2275,23.1254,1.9681
pob,827,0,4,334.894,333.285,153.938,3.0546
pob,827,0,5,333.522,333.6685,90.0,0.575
pob,827,0,6,334.3485,332.9975,155.1087,1.8223
pob,827,0,7,334.275,332.228,23.2138,1.9586
pob,827,0,8,334.275,331.453,156.6256,1.961
pob,828,0,0,336.677,334.729,152.4143,2.2588
pob,828,0,1,337.678,334.496,90.0,0.58
pob,828,0,2,335.6,335.8625,152.6136,4.6806
pob,828,0,3,333.522,336.652,90.0,0.574
pob,828,0,4,334.3425,335.9475,153.0315,1.8412
pob,828,0,5,334.3425,335.0815,28.662,1.8702
pob,828,0,6,333.522,334.335,90.0,0.596
pob,829,0,0,332.189,341.925,0.0,0.47
pob,829,0,1,331.954,341.089,90.0,1.672
pob,829,0,2,333.0435,339.925,163.2453,2.2756
pob,829,0,3,334.133,339.648,90.0,0.102
pob,829,0,4,334.054,339.7795,134.4656,0.2256
pob,829,0,5,334.3675,340.686,64.5838,1.829
pob,829,0,6,334.864,341.5015,174.232,0.2091
pob,829,0,7,335.0645,341.4615,163.0037,0.2018
pob,829,0,8,335.29,340.561,98.4244,1.761
pob,829,0,9,335.3595,339.6465,36.1748,0.1474
pob,829,0,10,335.2345,339.572,25.3241,0.1449
pob,829,0,11,335.354,339.3435,133.1276,0.5412
pob,829,0,12,335.621,339.1985,32.6316,0.1947
pob,829,0,13,334.495,339.9525,149.8556,2.7938
pob,829,0,14,333.2955,340.5045,93.2537,0.2995
pob,829,0,15,332.8645,340.487,163.2823,0.9178
pob,830,0,0,334.3452,344.0947,0.0,0.3925
pob,830,0,1,334.5415,343.4673,90.0,1.2547
pob,830,0,2,334.3452,342.84,0.0,0.3925
pob,830,0,3,334.149,343.4673,90.0,1.2547
pob,831,0,0,334.8445,346.656,141.6047,2.2316
pob,831,0,1,333.379,346.1925,62.9317,2.5975
pob,831,0,2,332.926,345.011,169.7311,0.2805
pob,831,0,3,333.064,345.2515,90.0,0.531
pob,831,0,4,332.984,345.5295,171.1217,0.1619
pob,831,0,5,333.3905,346.1675,52.1254,1.5848
pob,831,0,6,335.033,345.861,141.1234,2.9698
pob,831,0,7,336.189,346.2855,90.0,2.713
pob,831,0,8,335.954,347.642,0.0,0.47
pob,832,0,0,334.1495,349.815,89.6963,0.19
pob,832,0,1,334.711,349.4615,141.3583,1.4365
pob,832,0,2,335.198,348.9965,12.5732,0.1516
pob,832,0,3,335.124,348.723,90.0,0.514
pob,832,0,4,335.2485,348.485,8.676,0.2519
pob,832,0,5,334.693,349.5815,122.2554,2.5483
pob,832,0,6,333.969,350.5905,57.2809,0.1628
pob,832,0,7,333.8325,350.6275,131.2434,0.2806
pob,832,0,8,333.1845,349.6775,62.2428,2.3855
pob,832,0,9,332.7525,348.595,167.67,0.2528
pob,832,0,10,332.876,348.8305,90.0,0.525
pob,832,0,11,332.8105,349.1085,166.6821,0.1346
pob,832,0,12,333.2075,349.4975,38.9234,1.189
pob,832,0,13,333.674,349.7875,92.741,0.1672
pob,833,0,0,290.772,338.3585,102.6342,0.2285
pob,833,0,1,289.5835,338.0195,21.1659,2.4954
pob,833,0,2,288.42,337.2365,90.0,0.665
pob,833,0,3,290.5375,336.904,0.0,4.235
pob,833,0,4,292.655,337.1785,90.0,0.549
pob,833,0,5,291.753,337.453,0.0,1.804
pob,833,0,6,290.851,337.566,90.0,0.226
pob,833,0,7,291.753,338.3155,35.2085,2.2079
pob,833,0,8,292.655,339.2655,90.0,0.627
pob,833,0,9,291.726,338.913,35.6367,2.2861
pob,833,1,0,288.89,337.5255,90.0,0.145
pob,833,1,1,289.635,337.6125,1.1153,1.4903
pob,833,1,2,290.38,337.54,90.0,0.174
pob,833,1,3,289.635,337.453,0.0,1.49
pob,834,0,0,292.106,343.0235,23.919,1.2011
pob,834,0,1,292.655,343.553,90.0,0.572
pob,834,0,2,290.428,342.8195,24.598,4.8985
pob,834,0,3,290.428,340.7805,155.402,4.8985
pob,834,0,4,292.655,340.047,90.0,0.572
pob,834,0,5,292.106,340.5765,156.081,1.2011
pob,834,0,6,291.557,341.8,90.0,1.96
pob,834,1,0,291.087,341.8,90.0,1.518
pob,834,1,1,290.2255,341.4205,156.2258,1.8828
pob,834,1,2,290.2255,342.1795,23.7742,1.8828
pob,835,0,0,291.263,347.114,156.5385,3.205
pob,835,0,1,289.793,347.7575,90.0,0.011
pob,835,0,2,291.224,348.012,9.8709,2.905
pob,835,0,3,292.655,348.5345,90.0,0.547
pob,835,0,4,290.4165,348.373,10.997,4.5607
pob,835,0,5,289.8555,347.207,156.4538,3.6597
pob,835,0,6,289.8555,345.7445,23.5604,3.6601
pob,835,0,7,290.4165,344.5785,169.0152,4.5605
pob,835,0,8,292.655,344.4175,90.0,0.547
pob,835,0,9,291.23,344.9395,170.1077,2.893
pob,835,0,10,289.805,345.194,90.0,0.012
pob,836,0,0,290.852,350.2345,90.0,0.313
pob,836,0,1,289.6365,350.275,5.4517,2.442
pob,836,0,2,288.421,349.844,90.0,0.63
pob,836,0,3,290.5385,349.529,0.0,4.235
pob,836,0,4,292.656,349.8035,90.0,0.549
pob,836,0,5,291.754,350.078,0.0,1.804
pob,836,1,0,288.891,350.1505,90.0,0.145
pob,836,1,1,289.636,350.2375,1.1147,1.4903
pob,836,1,2,290.381,350.165,90.0,0.174
pob,836,1,3,289.636,350.078,0.0,1.49
pob,837,0,0,285.242,333.0305,90.0,0.313
pob,837,0,1,284.0265,333.071,5.4513,2.442
pob,837,0,2,282.811,332.64,90.0,0.63
pob,837,0,3,284.9285,332.325,0.0,4.235
pob,837,0,4,287.046,332.5995,90.0,0.549
pob,837,0,5,286.144,332.874,0.0,1.804
pob,837,1,0,283.281,332.9465,90.0,0.145
pob,837,1,1,284.026,333.0335,1.1159,1.4903
pob,837,1,2,284.771,332.961,90.0,0.174
pob,837,1,3,284.026,332.874,0.0,1.49
pob,838,0,0,286.497,338.1725,23.919,1.2011
pob,838,0,1,287.046,338.702,90.0,0.572
pob,838,0,2,284.819,337.9685,24.5981,4.8985
pob,838,0,3,284.819,335.9295,155.402,4.8985
pob,838,0,4,287.046,335.196,90.0,0.572
pob,838,0,5,286.497,335.7255,156.081,1.2011
pob,838,0,6,285.948,336.949,90.0,1.96
pob,838,1,0,285.478,336.949,90.0,1.518
pob,838,1,1,284.6165,336.5695,156.2258,1.8828
pob,838,1,2,284.6165,337.3285,23.7746,1.8828
pob,839,0,0,285.163,341.0665,102.6342,0.2285
pob,839,0,1,283.9745,340.7275,21.1659,2.4954
pob,839,0,2,282.811,339.9445,90.0,0.665
pob,839,0,3,284.9285,339.612,0.0,4.235
pob,839,0,4,287.046,339.8865,90.0,0.549
pob,839,0,5,286.144,340.161,0.0,1.804
pob,839,0,6,285.242,340.274,90.0,0.226
pob,839,0,7,286.144,341.0235,35.2085,2.2079
pob,839,0,8,287.046,341.9735,90.0,0.627
pob,839,0,9,286.117,341.621,35.6367,2.2861
pob,839,1,0,283.281,340.2335,90.0,0.145
pob,839,1,1,284.026,340.3205,1.1153,1.4903
pob,839,1,2,284.771,340.248,90.0,0.174
pob,839,1,3,284.026,340.161,0.0,1.49
pob,840,0,0,283.711,343.488,0.0,1.8
pob,840,0,1,282.811,343.2135,90.0,0.549
pob,840,0,2,284.9285,342.939,0.0,4.235
pob,840,0,3,287.046,343.2135,90.0,0.549
pob,840,0,4,286.1425,343.488,0.0,1.807
pob,840,0,5,285.1385,343.595,133.2036,0.2936
pob,840,0,6,286.042,344.504,38.6179,2.57
pob,840,0,7,287.046,345.6645,90.0,0.717
pob,840,0,8,285.862,345.049,39.4418,3.0663
pob,840,0,9,283.7445,345.032,134.2874,2.6738
pob,840,0,10,282.811,345.642,90.0,0.694
pob,841,0,0,284.9285,347.1375,0.0,4.235
pob,841,0,1,287.046,346.8627,90.0,0.5495
pob,841,0,2,284.9285,346.588,0.0,4.235
pob,841,0,3,282.811,346.8627,90.0,0.5495
pob,842,0,0,287.046,348.4335,90.0,0.549
pob,842,0,1,285.4505,348.708,0.0,3.191
pob,842,0,2,285.538,350.2765,42.9833,4.6012
pob,842,0,3,285.016,351.845,0.0,4.41
pob,842,0,4,282.811,351.5705,90.0,0.549
pob,842,0,5,284.3565,351.296,0.0,3.091
pob,842,0,6,284.255,349.7275,43.6017,4.5487
pob,843,0,0,285.1635,355.071,0.0,0.471
pob,843,0,1,285.399,355.609,90.0,1.076
pob,843,0,2,285.525,356.1275,171.2017,0.255
pob,843,0,3,285.7685,356.062,158.6225,0.2524
pob,843,0,4,285.4125,354.5915,71.613,3.0023
pob,843,0,5,284.8465,353.171,177.5205,0.1852
pob,843,0,6,284.664,353.1875,172.0944,0.1817
pob,843,0,7,284.0645,354.5385,110.839,2.8644
pob,843,0,8,283.626,355.946,44.182,0.198
pob,843,0,9,283.7755,356.0755,37.6251,0.1982
pob,843,0,10,283.667,356.3105,136.9799,0.5115
pob,843,0,11,283.3855,356.4055,40.073,0.247
pob,843,0,12,283.208,356.2365,47.1554,0.2441
pob,843,0,13,284.356,354.4305,125.6465,4.2246
pob,843,0,14,285.6855,352.7505,20.333,0.2101
pob,843,0,15,285.8785,352.8325,25.7077,0.2098
pob,843,0,16,285.639,354.7825,99.9471,3.8671
pob,843,0,17,285.1985,356.6915,177.5799,0.2132
pob,843,0,18,285.01,356.696,0.0,0.164
pob,844,0,0,278.064,327.667,0.0,1.726
pob,844,0,1,277.201,327.3925,90.0,0.549
pob,844,0,2,279.3185,327.118,0.0,4.235
pob,844,0,3,281.436,327.3925,90.0,0.549
pob,844,0,4,280.4165,327.667,0.0,2.039
pob,844,0,5,279.397,328.6475,90.0,1.961
pob,844,0,6,280.4165,329.628,0.0,2.039
pob,844,0,7,281.436,329.9025,90.0,0.549
pob,844,0,8,279.3185,330.177,0.0,4.235
pob,844,0,9,277.201,329.9025,90.0,0.549
pob,844,0,10,278.064,329.628,0.0,1.726
pob,845,0,0,280.887,333.9825,23.919,1.2011
pob,845,0,1,281.436,334.512,90.0,0.572
pob,845,0,2,279.209,333.7785,24.598,4.8985
pob,845,0,3,279.209,331.7395,155.402,4.8985
pob,845,0,4,281.436,331.006,90.0,0.572
pob,845,0,5,280.887,331.5355,156.081,1.2011
pob,845,0,6,280.338,332.759,90.0,1.96
pob,845,1,0,279.868,332.759,90.0,1.518
pob,845,1,1,279.0065,332.3795,156.2258,1.8828
pob,845,1,2,279.0065,333.1385,23.7742,1.8828
pob,846,0,0,279.0835,337.074,149.8829,4.3526
pob,846,0,1,277.201,336.791,90.0,2.75
pob,846,0,2,277.436,335.416,0.0,0.47
pob,846,0,3,277.671,336.354,90.0,1.876
pob,846,0,4,279.5535,336.1995,149.8716,4.3531
pob,846,0,5,281.436,336.637,90.0,3.06
pob,846,0,6,281.201,338.167,0.0,0.47
pob,847,0,0,280.887,341.5915,23.919,1.2011
pob,847,0,1,281.436,342.121,90.0,0.572
pob,847,0,2,279.209,341.3875,24.598,4.8985
pob,847,0,3,279.209,339.3485,155.402,4.8985
pob,847,0,4,281.436,338.615,90.0,0.572
pob,847,0,5,280.887,339.1445,156.081,1.2011
pob,847,0,6,280.338,340.368,90.0,1.96
pob,847,1,0,279.868,340.368,90.0,1.518
pob,847,1,1,279.0065,339.9885,156.2258,1.8828
pob,847,1,2,279.0065,340.7475,23.7742,1.8828
pob,848,0,0,279.553,344.4845,102.6342,0.2285
pob,848,0,1,278.364,344.1455,21.1578,2.4963
pob,848,0,2,277.2,343.3625,90.0,0.665
pob,848,0,3,279.3175,343.03,0.0,4.235
pob,848,0,4,281.435,343.3045,90.0,0.549
pob,848,0,5,280.5335,343.579,0.0,1.803
pob,848,0,6,279.632,343.692,90.0,0.226
pob,848,0,7,280.5335,344.4415,35.2236,2.2071
pob,848,0,8,281.435,345.3915,90.0,0.627
pob,848,0,9,280.5065,345.039,35.6514,2.2853
pob,848,1,0,277.671,343.6515,90.0,0.145
pob,848,1,1,278.416,343.7385,1.1153,1.4903
pob,848,1,2,279.161,343.666,90.0,0.174
pob,848,1,3,278.416,343.579,0.0,1.49
pob,849,0,0,281.436,346.798,90.0,0.88
pob,849,0,1,279.318,347.2465,179.7701,4.236
pob,849,0,2,277.2,346.8065,90.0,0.897
pob,849,0,3,279.318,346.358,0.0,4.236
pob,849,1,0,277.671,346.9995,90.0,0.185
pob,849,1,1,279.3185,347.092,0.0,3.295
pob,849,1,2,280.966,346.9995,90.0,0.185
pob,849,1,3,279.319,346.907,0.0,3.294
pob,850,0,0,277.05,352.184,93.0648,0.2243
pob,850,0,1,277.0725,351.962,98.5358,0.2225
pob,850,0,2,279.296,351.9605,2.8144,4.4193
pob,850,0,3,281.5085,352.1825,87.2292,0.2273
pob,850,0,4,281.5085,352.409,92.7831,0.2263
pob,850,0,5,279.296,352.6305,177.1856,4.4193
pob,850,0,6,277.0725,352.6295,81.4255,0.2215
pob,850,0,7,277.05,352.408,86.9352,0.2243
pob,850,1,0,281.04,352.211,87.3072,0.1702
pob,850,1,1,281.0225,352.0435,80.7044,0.1672
pob,850,1,2,279.2665,352.037,177.5025,3.4883
pob,850,1,3,277.519,352.2045,93.1309,0.1833
pob,850,1,4,277.519,352.387,86.8521,0.1823
pob,850,1,5,279.2665,352.5545,2.5138,3.4883
pob,850,1,6,281.0225,352.5485,99.2956,0.1672
pob,850,1,7,281.04,352.381,92.6928,0.1702
pob,851,0,0,278.5395,355.233,0.0,2.677
pob,851,0,1,279.878,356.802,90.0,3.138
pob,851,0,2,278.5395,358.371,0.0,2.677
pob,851,0,3,277.201,358.096,90.0,0.55
pob,851,0,4,278.4485,357.821,0.0,2.495
pob,851,0,5,279.696,356.8015,90.0,2.039
pob,851,0,6,278.4485,355.782,0.0,2.495
pob,852,0,0,277.594,361.6715,34.3373,0.172
pob,852,0,1,277.4605,361.5675,41.6031,0.1672
pob,852,0,2,278.23,360.7255,136.6101,2.2898
pob,852,0,3,279.1085,360.025,61.6051,0.1955
pob,852,0,4,279.197,360.201,64.9783,0.1986
pob,852,0,5,279.894,360.03,158.2739,1.4102
pob,852,0,6,280.4695,359.745,16.795,0.1661
pob,852,0,7,280.3035,359.7135,4.9601,0.1737
pob,852,0,8,280.275,359.432,101.9518,0.5601
pob,852,0,9,280.459,359.1855,12.3097,0.2579
pob,852,0,10,280.699,359.26,22.4077,0.2466
pob,852,0,11,280.1675,360.4935,118.5481,2.7015
pob,852,0,12,279.4385,361.6155,37.6886,0.211
pob,852,0,13,279.283,361.472,47.6498,0.2138
pob,852,0,14,279.148,361.302,55.3108,0.2214
pob,852,0,15,278.723,360.582,60.0788,1.4515
pob,852,0,16,278.308,359.933,20.6752,0.1133
pob,852,0,17,278.1945,359.906,6.5962,0.1218
pob,852,0,18,277.8375,360.361,122.6909,1.0979
pob,852,0,19,277.5795,360.9135,66.9555,0.1967
pob,852,0,20,277.6825,361.0795,49.4932,0.1986
pob,852,0,21,277.836,361.219,35.7198,0.2193
pob,853,0,0,89.2665,405.0845,10.6148,2.2312
pob,853,0,1,88.655,403.674,111.9243,2.5979
pob,853,0,2,89.2495,402.557,38.7862,0.281
pob,853,0,3,89.159,402.819,138.9763,0.5302
pob,853,0,4,88.897,402.941,39.9878,0.1618
pob,853,0,5,88.682,403.6665,101.1326,1.5848
pob,853,0,6,89.9905,404.7055,10.1443,2.9694
pob,853,0,7,90.4275,405.8565,139.0346,2.7135
pob,853,0,8,89.249,406.5685,49.0547,0.47
pob,854,0,0,86.426,406.6315,138.6428,0.1892
pob,854,0,1,87.061,406.8235,10.3942,1.4356
pob,854,0,2,87.731,406.8865,61.5706,0.1512
pob,854,0,3,87.889,406.6515,139.0234,0.5139
pob,854,0,4,88.15,406.589,57.7042,0.2508
pob,854,0,5,86.958,406.889,171.2401,2.5477
pob,854,0,6,85.722,407.0045,106.3282,0.1636
pob,854,0,7,85.6045,406.9255,0.2022,0.281
pob,854,0,8,85.8965,405.813,111.253,2.3863
pob,854,0,9,86.4305,404.777,36.823,0.2536
pob,854,0,10,86.3335,405.0255,139.0089,0.526
pob,854,0,11,86.0805,405.1585,35.9314,0.1346
pob,854,0,12,86.0475,405.713,87.9271,1.1888
pob,854,0,13,86.135,406.255,141.7659,0.1681
pob,855,0,0,85.089,410.5865,143.4783,0.1966
pob,855,0,1,84.928,410.687,152.879,0.1843
pob,855,0,2,83.4725,409.0115,51.3503,4.3983
pob,855,0,3,82.168,407.2235,134.3827,0.1973
pob,855,0,4,82.3165,407.0945,143.6509,0.1974
pob,855,0,5,83.9045,408.6365,46.695,4.3987
pob,855,0,6,85.3595,410.3125,125.3221,0.1851
pob,855,0,7,85.237,410.458,134.588,0.1966
pob,855,1,0,82.498,407.5585,132.9452,0.138
pob,855,1,1,82.4165,407.6645,121.8643,0.1307
pob,855,1,2,83.565,408.9865,46.9524,3.4661
pob,855,1,3,84.804,410.213,144.4616,0.1376
pob,855,1,4,84.9075,410.123,133.5298,0.1379
pob,855,1,5,83.866,408.7245,51.0768,3.4666
pob,855,1,6,82.7175,407.402,156.4018,0.1299
pob,855,1,7,82.6015,407.468,144.702,0.1385
pob,856,0,0,82.7715,411.7955,150.7656,0.1249
pob,856,0,1,82.719,411.9035,127.6881,0.35
pob,856,0,2,82.627,411.9835,104.3838,0.1208
pob,857,0,0,77.411,411.8645,49.0547,0.47
pob,857,0,1,77.888,411.1385,139.0011,1.6721
pob,857,0,2,79.481,411.198,32.2937,2.2761
pob,857,0,3,80.4045,411.839,139.3996,0.1014
pob,857,0,4,80.2535,411.8655,3.3068,0.2254
pob,857,0,5,79.775,412.697,113.5934,1.8289
pob,857,0,6,79.485,413.6065,43.2535,0.2087
pob,857,0,7,79.6465,413.7315,32.0346,0.2017
pob,857,0,8,80.4745,413.311,147.4466,1.7618
pob,857,0,9,81.2105,412.7635,84.9461,0.1476
pob,857,0,10,81.1845,412.621,74.2187,0.1434
pob,857,0,11,81.436,412.5615,2.009,0.5423
pob,857,0,12,81.721,412.6675,81.745,0.195
pob,857,0,13,80.413,412.3115,18.8953,2.7946
pob,857,0,14,79.2095,411.7675,142.3266,0.2994
pob,857,0,15,78.9395,411.431,32.2371,0.9186
pob,858,0,0,298.331,241.3595,143.477,0.1966
pob,858,0,1,298.17,241.46,152.8832,0.1843
pob,858,0,2,296.714,239.7845,51.34,4.399
pob,858,0,3,295.409,237.9965,134.3858,0.1973
pob,858,0,4,295.558,237.8675,143.8235,0.1982
pob,858,0,5,297.1465,239.4095,46.6952,4.3987
pob,858,0,6,298.6015,241.0855,125.3257,0.185
pob,858,0,7,298.479,241.231,134.5849,0.1966
pob,858,1,0,295.74,238.3315,132.9565,0.138
pob,858,1,1,295.6585,238.437,122.0953,0.1299
pob,858,1,2,296.807,239.759,46.9637,3.4669
pob,858,1,3,298.046,240.986,144.4564,0.1376
pob,858,1,4,298.1495,240.896,133.5386,0.1379
pob,858,1,5,297.108,239.4975,51.0774,3.4666
pob,858,1,6,295.9595,238.1755,155.9925,0.1303
pob,858,1,7,295.8435,238.2415,145.0329,0.1379
pob,859,0,0,292.0815,241.3965,48.9647,0.4706
pob,859,0,1,292.5585,240.6705,139.0239,1.6729
pob,859,0,2,294.152,240.73,32.2939,2.276
pob,859,0,3,295.0755,241.371,139.4062,0.1014
pob,859,0,4,294.9245,241.3975,3.3068,0.2254
pob,859,0,5,294.446,242.229,113.593,1.8289
pob,859,0,6,294.156,243.1385,43.246,0.2087
pob,859,0,7,294.3175,243.2635,32.0431,0.2017
pob,859,0,8,295.1455,242.843,147.4468,1.7618
pob,859,0,9,295.8815,242.2955,84.9461,0.1476
pob,859,0,10,295.8555,242.1525,74.3274,0.1444
pob,859,0,11,296.1065,242.093,2.1161,0.5414
pob,859,0,12,296.391,242.1995,81.7406,0.195
pob,859,0,13,295.083,241.8435,18.8952,2.7946
pob,859,0,14,293.8795,241.2995,142.3289,0.2994
pob,859,0,15,293.6095,240.9625,32.2891,0.9191
pob,860,0,0,293.009,245.9835,143.477,0.1966
pob,860,0,1,292.848,246.084,152.8832,0.1843
pob,860,0,2,291.392,244.4085,51.34,4.399
pob,860,0,3,290.087,242.6205,134.3858,0.1973
pob,860,0,4,290.236,242.4915,143.8235,0.1982
pob,860,0,5,291.824,244.0335,46.7047,4.398
pob,860,0,6,293.2785,245.7095,125.3257,0.185
pob,860,0,7,293.156,245.855,134.5849,0.1966
pob,860,1,0,290.418,242.9555,132.9565,0.138
pob,860,1,1,290.3365,243.0615,121.8678,0.1307
pob,860,1,2,291.485,244.3835,46.9526,3.4661
pob,860,1,3,292.724,245.61,144.4564,0.1376
pob,860,1,4,292.8275,245.52,133.5386,0.1379
pob,860,1,5,291.786,244.1215,51.0774,3.4666
pob,860,1,6,290.6375,242.7995,155.9925,0.1303
pob,860,1,7,290.5215,242.8655,145.0329,0.1379
pob,861,0,0,290.6915,247.1925,150.7673,0.1249
pob,861,0,1,290.639,247.3005,127.6901,0.3501
pob,861,0,2,290.547,247.3805,104.3803,0.1208
pob,862,0,0,285.3305,247.2615,48.9647,0.4706
pob,862,0,1,285.8075,246.5355,139.0239,1.6729
pob,862,0,2,287.401,246.595,32.2939,2.276
pob,862,0,3,288.3245,247.236,139.4062,0.1014
pob,862,0,4,288.1735,247.262,3.5546,0.2254
pob,862,0,5,287.695,248.0935,113.5808,1.8298
pob,862,0,6,287.405,249.0035,43.246,0.2087
pob,862,0,7,287.5665,249.1285,32.0431,0.2017
pob,862,0,8,288.3945,248.708,147.4468,1.7618
pob,862,0,9,289.1305,248.1605,84.9461,0.1476
pob,862,0,10,289.1045,248.0175,74.3274,0.1444
pob,862,0,11,289.356,247.958,2.1121,0.5424
pob,862,0,12,289.641,248.0645,81.7406,0.195
pob,862,0,13,288.333,247.7085,18.8952,2.7946
pob,862,0,14,287.1295,247.1645,142.3289,0.2994
pob,862,0,15,286.8595,246.828,32.236,0.9186
pob,863,0,0,134.8945,321.675,142.1067,1.8919
pob,863,0,1,135.6385,321.4,90.4671,0.612
pob,863,0,2,135.073,322.12,143.6713,1.3977
pob,863,0,3,135.067,322.9705,38.0841,1.4153
pob,863,0,4,135.6215,323.7015,90.4869,0.589
pob,863,0,5,134.8815,323.4265,37.6751,1.8636
pob,863,0,6,133.5485,323.3355,141.2174,1.5279
pob,863,0,7,132.955,323.508,90.3757,0.612
pob,863,0,8,133.372,322.8655,140.9633,1.0686
pob,863,0,9,133.377,322.2145,37.4905,1.0335
pob,863,0,10,132.969,321.602,90.3843,0.596
pob,864,0,0,197.756,309.677,12.7127,2.4357
pob,864,0,1,196.42,309.363,17.2628,0.31
pob,864,0,2,195.958,308.1035,75.4925,2.5069
pob,864,0,3,195.759,306.8085,144.6754,0.2819
pob,864,0,4,195.9985,306.673,156.5523,0.2714
pob,864,0,5,196.8455,307.737,57.1278,2.6623
pob,864,0,6,197.4815,308.9185,143.7192,0.2146
pob,864,0,7,197.299,309.022,157.3759,0.208
pob,864,0,8,197.2025,309.07,93.6036,0.016
pob,864,0,9,198.12,309.273,11.9929,1.877
pob,864,0,10,198.991,309.7065,101.1477,0.4862
pob,864,1,0,197.1845,308.5525,133.0392,0.1656
pob,864,1,1,197.2855,308.42,121.7229,0.1693
pob,864,1,2,196.7025,307.756,43.333,1.7254
pob,864,1,3,195.9985,307.2175,145.0344,0.1867
pob,864,1,4,195.8645,307.3345,132.1556,0.1713
pob,864,1,5,196.3035,308.098,54.6525,1.7164
pob,864,1,6,196.8845,308.7615,156.6374,0.1841
pob,864,1,7,197.0485,308.669,144.8412,0.1945
pob,865,0,0,192.295,310.306,49.1338,0.4707
pob,865,0,1,192.7735,309.581,139.1454,1.6725
pob,865,0,2,194.3665,309.6435,32.3982,2.2751
pob,865,0,3,195.2885,310.286,139.4118,0.1014
pob,865,0,4,195.138,310.312,3.5705,0.2244
pob,865,0,5,194.658,311.1425,113.7208,1.8296
pob,865,0,6,194.366,312.0515,43.255,0.2087
pob,865,0,7,194.5275,312.177,32.2753,0.2023
pob,865,0,8,195.356,311.7585,147.5459,1.761
pob,865,0,9,196.0925,311.2125,84.9461,0.1476
pob,865,0,10,196.067,311.0695,74.713,0.1441
pob,865,0,11,196.3185,311.0105,2.2225,0.5414
pob,865,0,12,196.603,311.117,81.7036,0.194
pob,865,0,13,195.296,310.7585,18.9861,2.794
pob,865,0,14,194.0935,310.2125,142.3242,0.2994
pob,865,0,15,193.824,309.875,32.3757,0.9188
pob,866,0,0,193.214,314.8935,143.4796,0.1966
pob,866,0,1,193.053,314.994,152.8832,0.1843
pob,866,0,2,191.6005,313.3155,51.4601,4.3993
pob,866,0,3,190.299,311.525,134.5849,0.1966
pob,866,0,4,190.448,311.3965,143.8235,0.1982
pob,866,0,5,192.0335,312.9415,46.8054,4.399
pob,866,0,6,193.485,314.62,125.7554,0.1848
pob,866,0,7,193.362,314.765,134.5849,0.1966
pob,866,1,0,190.6285,311.861,133.5386,0.1379
pob,866,1,1,190.5465,311.966,122.0953,0.1299
pob,866,1,2,191.6925,313.29,47.069,3.4664
pob,866,1,3,192.929,314.5195,144.799,0.1371
pob,866,1,4,193.033,314.43,133.8358,0.1386
pob,866,1,5,191.9945,313.029,51.1935,3.4674
pob,866,1,6,190.8485,311.704,156.3957,0.1299
pob,866,1,7,190.7325,311.77,144.6987,0.1385
pob,867,0,0,189.4925,315.5315,49.1361,3.7645
pob,867,0,1,190.5465,317.109,139.0533,0.47
pob,867,0,2,188.983,315.6615,49.1258,4.2359
pob,867,0,3,187.944,313.76,139.1546,0.9174
pob,867,0,4,188.556,313.542,17.194,0.5548
pob,868,0,0,186.8255,319.347,10.793,1.8904
pob,868,0,1,187.523,319.7245,139.0425,0.6117
pob,868,0,2,186.6095,319.7755,12.3558,1.3974
pob,868,0,3,185.9665,320.332,86.7979,1.4142
pob,868,0,4,185.783,321.2305,139.1998,0.5892
pob,868,0,5,185.5015,320.493,86.401,1.8637
pob,868,0,6,184.6905,319.4315,9.9124,1.5278
pob,868,0,7,184.1695,319.1,139.1755,0.6119
pob,868,0,8,184.9275,318.9895,9.6467,1.0681
pob,868,0,9,185.42,318.5635,86.2261,1.0332
pob,868,0,10,185.611,317.853,139.0866,0.5955
pob,869,0,0,181.6785,322.2925,49.1361,3.7645
pob,869,0,1,182.7325,323.87,139.0533,0.47
pob,869,0,2,181.1695,322.4225,49.1361,4.2353
pob,869,0,3,180.1305,320.521,139.1134,0.9166
pob,869,0,4,180.742,320.303,17.194,0.5548
pob,870,0,0,176.485,323.986,49.1338,0.4707
pob,870,0,1,176.9635,323.261,139.1454,1.6725
pob,870,0,2,178.5565,323.3235,32.3982,2.2751
pob,870,0,3,179.4785,323.966,139.4118,0.1014
pob,870,0,4,179.328,323.992,3.5705,0.2244
pob,870,0,5,178.848,324.8225,113.7208,1.8296
pob,870,0,6,178.556,325.7315,43.255,0.2087
pob,870,0,7,178.7175,325.857,32.2753,0.2023
pob,870,0,8,179.546,325.4385,147.5459,1.761
pob,870,0,9,180.2825,324.8925,84.9461,0.1476
pob,870,0,10,180.257,324.7495,74.713,0.1441
pob,870,0,11,180.5085,324.6905,2.2225,0.5414
pob,870,0,12,180.793,324.797,81.7036,0.194
pob,870,0,13,179.486,324.4385,18.9861,2.794
pob,870,0,14,178.2835,323.8925,142.3242,0.2994
pob,870,0,15,178.014,323.555,32.3757,0.9188
pob,871,0,0,177.404,328.5745,143.4796,0.1966
pob,871,0,1,177.243,328.675,152.8832,0.1843
pob,871,0,2,175.7905,326.9965,51.4601,4.3993
pob,871,0,3,174.489,325.206,134.5849,0.1966
pob,871,0,4,174.638,325.0775,143.8235,0.1982
pob,871,0,5,176.2235,326.622,46.7967,4.3983
pob,871,0,6,177.675,328.3005,125.5793,0.1856
pob,871,0,7,177.552,328.446,134.5849,0.1966
pob,871,1,0,174.8185,325.541,133.5298,0.1379
pob,871,1,1,174.7365,325.6465,121.8678,0.1307
pob,871,1,2,175.8825,326.971,47.069,3.4664
pob,871,1,3,177.1195,328.2,144.7053,0.1384
pob,871,1,4,177.2235,328.11,133.5298,0.1379
pob,871,1,5,176.1845,326.7095,51.1831,3.4666
pob,871,1,6,175.0385,325.385,156.3957,0.1299
pob,871,1,7,174.9225,325.451,144.6987,0.1385
pob,872,0,0,184.9265,240.5305,61.9718,0.2277
pob,872,0,1,183.803,241.0455,160.5991,2.4957
pob,872,0,2,182.4095,241.2075,49.3897,0.6652
pob,872,0,3,183.8025,239.5785,139.4618,4.2357
pob,872,0,4,185.5905,238.4105,49.4326,0.5489
pob,872,0,5,185.0835,239.2055,139.4503,1.8043
pob,872,0,6,184.4715,239.878,49.48,0.2263
pob,872,0,7,185.644,239.861,174.6459,2.2076
pob,872,0,8,186.9465,239.9965,49.5271,0.627
pob,872,0,9,186.0115,240.3325,175.105,2.2853
pob,872,1,0,182.955,241.121,49.4905,0.1447
pob,872,1,1,183.5775,240.703,140.583,1.4899
pob,872,1,2,184.0965,240.1635,49.6492,0.1745
pob,872,1,3,183.474,240.5815,139.4365,1.4901
pob,873,0,0,188.9725,243.2085,163.4065,1.201
pob,873,0,1,189.734,243.254,49.3985,0.5716
pob,873,0,2,187.565,244.144,164.0513,4.8985
pob,873,0,3,186.2395,242.5945,114.8542,4.8987
pob,873,0,4,187.4545,240.5895,49.5397,0.5717
pob,873,0,5,187.3815,241.349,115.4985,1.201
pob,873,0,6,187.76,242.6355,49.4497,1.9597
pob,873,1,0,187.4025,242.941,49.4599,1.5185
pob,873,1,1,186.5015,243.2125,115.6528,1.8825
pob,873,1,2,186.995,243.7895,163.2307,1.882
pob,874,0,0,190.9905,246.8645,115.9974,3.2053
pob,874,0,1,190.2915,248.3095,52.1183,0.0114
pob,874,0,2,191.5445,247.5725,149.3134,2.9059
pob,874,0,3,192.972,247.039,49.4429,0.5475
pob,874,0,4,191.166,248.3715,150.4562,4.561
pob,874,0,5,189.9815,247.85,115.907,3.6598
pob,874,0,6,189.031,246.7385,163.0158,3.6596
pob,874,0,7,188.6995,245.4875,128.4658,4.5608
pob,874,0,8,190.296,243.9105,49.5113,0.5483
pob,874,0,9,189.5525,245.234,129.5726,2.893
pob,874,0,10,188.6345,246.353,48.8913,0.0107
pob,875,0,0,192.7065,249.504,49.5381,0.3128
pob,875,0,1,191.809,250.325,144.9044,2.442
pob,875,0,2,190.605,250.7875,49.4381,0.6305
pob,875,0,3,192.009,249.1715,139.4531,4.2349
pob,875,0,4,193.7965,248.0035,49.4326,0.5489
pob,875,0,5,193.29,248.7985,139.4295,1.8036
pob,875,1,0,191.162,250.715,49.4859,0.1447
pob,875,1,1,191.7845,250.2965,140.5531,1.4905
pob,875,1,2,192.3035,249.757,49.4304,0.1738
pob,875,1,3,191.681,250.175,139.4659,1.4894
pob,876,0,0,174.1585,240.131,49.4543,1.0107
pob,876,0,1,174.3085,240.668,139.3983,0.4702
pob,876,0,2,173.2945,239.8445,49.4494,2.5703
pob,876,0,3,172.6375,238.715,139.3983,0.4702
pob,876,0,4,173.1445,238.946,49.4537,1.0107
pob,876,0,5,174.9035,238.1065,139.4595,3.7647
pob,876,0,6,176.5125,237.0915,49.4334,0.549
pob,877,0,0,177.2845,240.8905,61.9718,0.2277
pob,877,0,1,176.161,241.4055,160.5991,2.4957
pob,877,0,2,174.7675,241.5675,49.3897,0.6652
pob,877,0,3,176.1605,239.9385,139.4618,4.2357
pob,877,0,4,177.9485,238.7705,49.4326,0.5489
pob,877,0,5,177.4415,239.5655,139.4503,1.8043
pob,877,0,6,176.8295,240.2375,49.3138,0.2255
pob,877,0,7,178.002,240.2205,174.672,2.2075
pob,877,0,8,179.3045,240.356,49.4673,0.6263
pob,877,0,9,178.3695,240.692,175.0798,2.2854
pob,877,1,0,175.313,241.481,49.4905,0.1447
pob,877,1,1,175.9355,241.063,140.583,1.4899
pob,877,1,2,176.4545,240.5235,49.6492,0.1745
pob,877,1,3,175.832,240.9415,139.4365,1.4901
pob,878,0,0,181.3305,243.5685,163.4065,1.201
pob,878,0,1,182.092,243.614,49.3985,0.5716
pob,878,0,2,179.923,244.504,164.0513,4.8985
pob,878,0,3,178.5975,242.955,114.8592,4.8978
pob,878,0,4,179.8125,240.95,49.4741,0.571
pob,878,0,5,179.7395,241.709,115.4985,1.201
pob,878,0,6,180.118,242.9955,49.4497,1.9597
pob,878,1,0,179.7605,243.301,49.4599,1.5185
pob,878,1,1,178.8595,243.5725,115.6528,1.8825
pob,878,1,2,179.353,244.1495,163.2307,1.882
pob,879,0,0,182.8615,244.5135,49.4326,0.5489
pob,879,0,1,181.8275,245.7595,139.4471,3.1916
pob,879,0,2,182.9135,246.8945,2.4291,4.6011
pob,879,0,3,183.5365,248.4255,139.4512,4.4101
pob,879,0,4,181.6825,249.6505,49.4326,0.5489
pob,879,0,5,182.6785,248.4375,139.461,3.0909
pob,879,0,6,181.5815,247.3115,3.0615,4.5495
pob,880,0,0,184.3235,252.1335,173.6559,0.1721
pob,880,0,1,184.155,252.1415,1.0427,0.166
pob,880,0,2,184.192,251.0015,96.0171,2.2896
pob,880,0,3,184.4035,249.898,20.9263,0.1959
pob,880,0,4,184.5855,249.974,24.3726,0.1987
pob,880,0,5,185.004,249.391,117.7287,1.4099
pob,880,0,6,185.256,248.8005,156.2181,0.1661
pob,880,0,7,185.1095,248.885,144.1108,0.174
pob,880,0,8,184.9045,248.6895,61.3808,0.5616
pob,880,0,9,184.884,248.3825,152.0459,0.2581
pob,880,0,10,185.115,248.2835,161.7861,0.2463
pob,880,0,11,185.513,249.566,77.9912,2.7011
pob,880,0,12,185.6885,250.892,177.2839,0.2112
pob,880,0,13,185.477,250.8845,6.7323,0.2135
pob,880,0,14,185.2645,250.8435,14.9748,0.2205
pob,880,0,15,184.474,250.5725,19.5217,1.4514
pob,880,0,16,183.736,250.349,160.6184,0.1145
pob,880,0,17,183.6315,250.402,146.0391,0.1218
pob,880,0,18,183.656,250.98,82.1497,1.0983
pob,880,0,19,183.8195,251.5675,26.1785,0.1972
pob,880,0,20,184.006,251.627,9.2756,0.1986
pob,880,0,21,184.2135,251.633,174.7768,0.2199
pob,881,0,0,184.8355,253.3365,49.4326,0.5489
pob,881,0,1,186.266,251.7515,139.4527,4.2349
pob,881,0,2,188.0535,250.5835,49.4334,0.549
pob,882,0,0,189.6455,252.444,49.4503,2.3058
pob,882,0,1,190.216,253.473,139.4768,0.4709
pob,882,0,2,189.4665,252.9585,49.4804,1.7562
pob,882,0,3,188.27,252.8265,139.4549,1.6476
pob,882,0,4,188.198,254.01,49.4713,1.7051
pob,882,0,5,188.5735,254.8105,139.4928,0.4695
pob,882,0,6,187.8405,254.3155,49.424,1.7049
pob,882,0,7,186.839,254.0505,139.4467,1.1766
pob,882,0,8,186.963,255.1,49.4345,1.7561
pob,882,0,9,187.355,255.92,139.478,0.471
pob,882,0,10,186.427,255.197,49.469,2.3051
pob,883,0,0,191.1565,254.2105,49.4326,0.5489
pob,883,0,1,190.1225,255.4565,139.4471,3.1916
pob,883,0,2,191.2085,256.592,2.4412,4.6012
pob,883,0,3,191.8315,258.123,139.4609,4.4094
pob,883,0,4,189.9775,259.3475,49.4326,0.5489
pob,883,0,5,190.9735,258.1345,139.461,3.0909
pob,883,0,6,189.8765,257.0085,3.0615,4.5495
pob,884,0,0,192.2615,261.2955,49.4914,1.0114
pob,884,0,1,192.4115,261.8325,139.4916,0.4695
pob,884,0,2,191.3975,261.0085,49.4494,2.5703
pob,884,0,3,190.7405,259.879,139.3983,0.4702
pob,884,0,4,191.2475,260.11,49.4537,1.0107
pob,884,0,5,193.0065,259.2705,139.4595,3.7647
pob,884,0,6,194.6155,258.2555,49.4334,0.549
pob,885,0,0,144.171,279.3175,102.6388,0.2285
pob,885,0,1,142.9825,278.9785,21.1662,2.4953
pob,885,0,2,141.819,278.1955,90.0,0.665
pob,885,0,3,143.9365,277.863,0.0,4.235
pob,885,0,4,146.054,278.1375,90.0,0.549
pob,885,0,5,145.152,278.412,0.0,1.804
pob,885,0,6,144.25,278.525,90.0,0.226
pob,885,0,7,145.152,279.2745,35.2084,2.2079
pob,885,0,8,146.054,280.2245,90.0,0.627
pob,885,0,9,145.125,279.872,35.6367,2.2861
pob,885,1,0,142.289,278.4845,90.0,0.145
pob,885,1,1,143.034,278.5715,1.1147,1.4903
pob,885,1,2,143.779,278.499,90.0,0.174
pob,885,1,3,143.034,278.412,0.0,1.49
pob,886,0,0,145.505,283.9825,23.9187,1.2012
pob,886,0,1,146.054,284.512,90.0,0.572
pob,886,0,2,143.827,283.7785,24.5978,4.8985
pob,886,0,3,143.827,281.7395,155.4022,4.8985
pob,886,0,4,146.054,281.006,90.0,0.572
pob,886,0,5,145.505,281.5355,156.0813,1.2012
pob,886,0,6,144.956,282.759,90.0,1.96
pob,886,1,0,144.486,282.759,90.0,1.518
pob,886,1,1,143.6245,282.3795,156.2258,1.8828
pob,886,1,2,143.6245,283.1385,23.7742,1.8828
pob,887,0,0,144.662,288.073,156.5385,3.205
pob,887,0,1,143.192,288.7165,90.0,0.011
pob,887,0,2,144.623,288.971,9.8712,2.905
pob,887,0,3,146.054,289.4935,90.0,0.547
pob,887,0,4,143.8155,289.332,10.997,4.5607
pob,887,0,5,143.2545,288.166,156.4539,3.6597
pob,887,0,6,143.2545,286.7035,23.5606,3.6601
pob,887,0,7,143.8155,285.5375,169.0154,4.5605
pob,887,0,8,146.054,285.3765,90.0,0.547
pob,887,0,9,144.629,285.8985,170.1077,2.893
pob,887,0,10,143.204,286.153,90.0,0.012
pob,888,0,0,144.25,291.1935,90.0,0.313
pob,888,0,1,143.0345,291.234,5.4513,2.442
pob,888,0,2,141.819,290.803,90.0,0.63
pob,888,0,3,143.9365,290.488,0.0,4.235
pob,888,0,4,146.054,290.7625,90.0,0.549
pob,888,0,5,145.152,291.037,0.0,1.804
pob,888,1,0,142.289,291.1095,90.0,0.145
pob,888,1,1,143.034,291.1965,1.1159,1.4903
pob,888,1,2,143.779,291.124,90.0,0.174
pob,888,1,3,143.034,291.037,0.0,1.49
pob,889,0,0,137.2675,280.081,0.0,0.471
pob,889,0,1,137.503,280.619,90.0,1.076
pob,889,0,2,137.629,281.1375,171.2028,0.255
pob,889,0,3,137.8725,281.072,158.6232,0.2523
pob,889,0,4,137.5165,279.6015,71.6135,3.0023
pob,889,0,5,136.9505,278.181,177.5252,0.1852
pob,889,0,6,136.768,278.1975,172.0951,0.1817
pob,889,0,7,136.1685,279.549,110.8321,2.8653
pob,889,0,8,135.73,280.957,44.182,0.198
pob,889,0,9,135.8795,281.086,37.3911,0.1976
pob,889,0,10,135.771,281.3205,136.9799,0.5115
pob,889,0,11,135.4895,281.4155,40.073,0.247
pob,889,0,12,135.312,281.2465,47.1605,0.2441
pob,889,0,13,136.4595,279.4405,125.6356,4.224
pob,889,0,14,137.789,277.7605,20.238,0.211
pob,889,0,15,137.982,277.8425,25.8294,0.2089
pob,889,0,16,137.7425,279.7925,99.9326,3.867
pob,889,0,17,137.3025,281.7015,177.5797,0.2132
pob,889,0,18,137.114,281.706,0.0,0.164
pob,890,0,0,137.267,283.9835,102.6388,0.2285
pob,890,0,1,136.0785,283.6445,21.1662,2.4953
pob,890,0,2,134.915,282.8615,90.0,0.665
pob,890,0,3,137.0325,282.529,0.0,4.235
pob,890,0,4,139.15,282.8035,90.0,0.549
pob,890,0,5,138.248,283.078,0.0,1.804
pob,890,0,6,137.346,283.191,90.0,0.226
pob,890,0,7,138.248,283.9405,35.2084,2.2079
pob,890,0,8,139.15,284.8905,90.0,0.627
pob,890,0,9,138.221,284.538,35.6367,2.2861
pob,890,1,0,135.385,283.1505,90.0,0.145
pob,890,1,1,136.13,283.2375,1.1147,1.4903
pob,890,1,2,136.875,283.165,90.0,0.174
pob,890,1,3,136.13,283.078,0.0,1.49
pob,891,0,0,138.601,288.6485,23.9187,1.2012
pob,891,0,1,139.15,289.178,90.0,0.572
pob,891,0,2,136.923,288.4445,24.5978,4.8985
pob,891,0,3,136.923,286.4055,155.4022,4.8985
pob,891,0,4,139.15,285.672,90.0,0.572
pob,891,0,5,138.601,286.2015,156.0813,1.2012
pob,891,0,6,138.052,287.425,90.0,1.96
pob,891,1,0,137.582,287.425,90.0,1.518
pob,891,1,1,136.7205,287.0455,156.2258,1.8828
pob,891,1,2,136.7205,287.8045,23.7742,1.8828
pob,892,0,0,138.2105,291.028,0.0,1.879
pob,892,0,1,139.15,291.3025,90.0,0.549
pob,892,0,2,138.2105,291.577,0.0,1.879
pob,892,0,3,136.093,292.2715,149.4786,2.735
pob,892,0,4,134.915,292.6615,90.0,0.609
pob,892,0,5,135.801,291.8295,149.2311,2.0623
pob,892,0,6,135.801,290.775,30.7441,2.0618
pob,892,0,7,134.915,289.944,90.0,0.608
pob,893,0,0,316.8355,157.405,141.605,2.2316
pob,893,0,1,315.37,156.9415,62.9316,2.5975
pob,893,0,2,314.917,155.76,169.7342,0.2805
pob,893,0,3,315.055,156.0005,90.0,0.531
pob,893,0,4,314.975,156.2785,171.111,0.1619
pob,893,0,5,315.3815,156.9165,52.1247,1.5848
pob,893,0,6,317.024,156.61,141.1236,2.9698
pob,893,0,7,318.18,157.0345,90.0,2.713
pob,893,0,8,317.945,158.391,0.0,0.47
pob,894,0,0,316.8355,160.93,141.605,2.2316
pob,894,0,1,315.37,160.4665,62.9316,2.5975
pob,894,0,2,314.917,159.285,169.7342,0.2805
pob,894,0,3,315.055,159.5255,90.0,0.531
pob,894,0,4,314.975,159.8035,171.111,0.1619
pob,894,0,5,315.3815,160.4415,52.1247,1.5848
pob,894,0,6,317.024,160.1355,141.1388,2.9692
pob,894,0,7,318.18,160.56,90.0,2.712
pob,894,0,8,317.945,161.916,0.0,0.47
pob,895,0,0,314.18,165.384,0.0,0.47
pob,895,0,1,313.945,164.548,90.0,1.672
pob,895,0,2,315.0345,163.384,163.2453,2.2756
pob,895,0,3,316.124,163.107,90.0,0.102
pob,895,0,4,316.045,163.2385,134.4629,0.2256
pob,895,0,5,316.3585,164.145,64.5838,1.829
pob,895,0,6,316.855,164.9605,174.2361,0.2091
pob,895,0,7,317.0555,164.9205,162.9954,0.2018
pob,895,0,8,317.281,164.02,98.4246,1.761
pob,895,0,9,317.35,163.1055,35.945,0.1482
pob,895,0,10,317.225,163.031,25.5009,0.144
pob,895,0,11,317.345,162.802,133.0559,0.5419
pob,895,0,12,317.612,162.657,32.873,0.1953
pob,895,0,13,316.486,163.4115,149.8553,2.7938
pob,895,0,14,315.2865,163.9635,93.2537,0.2995
pob,895,0,15,314.855,163.9465,163.2403,0.919
pob,896,0,0,311.779,155.746,90.0,2.306
pob,896,0,1,311.544,156.899,0.0,0.47
pob,896,0,2,311.309,156.0205,90.0,1.757
pob,896,0,3,310.485,155.142,0.0,1.648
pob,896,0,4,309.661,155.9945,90.0,1.705
pob,896,0,5,309.426,156.847,0.0,0.47
pob,896,0,6,309.191,155.9945,90.0,1.705
pob,896,0,7,308.6025,155.142,0.0,1.177
pob,896,0,8,308.014,156.0205,90.0,1.757
pob,896,0,9,307.779,156.899,0.0,0.47
pob,896,0,10,307.544,155.746,90.0,2.306
pob,897,0,0,307.544,158.0715,90.0,0.549
pob,897,0,1,309.6615,157.797,0.0,4.235
pob,897,0,2,311.779,158.718,90.0,1.842
pob,897,0,3,311.544,159.639,0.0,0.47
pob,897,0,4,311.309,158.9925,90.0,1.293
pob,898,0,0,311.779,161.385,90.0,2.306
pob,898,0,1,311.544,162.538,0.0,0.47
pob,898,0,2,311.309,161.6595,90.0,1.757
pob,898,0,3,310.485,160.781,0.0,1.648
pob,898,0,4,309.661,161.6335,90.0,1.705
pob,898,0,5,309.426,162.486,0.0,0.47
pob,898,0,6,309.191,161.6335,90.0,1.705
pob,898,0,7,308.6025,160.781,0.0,1.177
pob,898,0,8,308.014,161.6595,90.0,1.757
pob,898,0,9,307.779,162.538,0.0,0.47
pob,898,0,10,307.544,161.385,90.0,2.306
pob,899,0,0,307.544,163.2545,90.0,0.579
pob,899,0,1,309.7685,163.888,22.5348,4.8168
pob,899,0,2,309.7685,165.731,157.5312,4.8145
pob,899,0,3,307.544,166.361,90.0,0.58
pob,899,0,4,309.1025,165.441,157.9896,3.362
pob,900,0,0,301.378,155.981,0.0,0.47
pob,900,0,1,301.143,154.941,90.0,2.08
pob,900,0,2,303.2605,153.901,0.0,4.235
pob,900,0,3,305.378,154.176,90.0,0.55
pob,900,0,4,304.319,154.451,0.0,2.118
pob,900,0,5,303.26,155.1905,90.0,1.479
pob,900,0,6,303.025,155.93,0.0,0.47
pob,900,0,7,302.79,155.1905,90.0,1.479
pob,900,0,8,302.2015,154.451,0.0,1.177
pob,901,0,0,303.2605,157.3884,0.0,4.235
pob,901,0,1,305.378,157.1137,90.0,0.5494
pob,901,0,2,303.2605,156.839,0.0,4.235
pob,901,0,3,301.143,157.1137,90.0,0.5494
pob,902,0,0,305.378,159.563,90.0,2.306
pob,902,0,1,305.143,160.716,0.0,0.47
pob,902,0,2,304.908,159.8375,90.0,1.757
pob,902,0,3,304.084,158.959,0.0,1.648
pob,902,0,4,303.26,159.8115,90.0,1.705
pob,902,0,5,303.025,160.664,0.0,0.47
pob,902,0,6,302.79,159.8115,90.0,1.705
pob,902,0,7,302.2015,158.959,0.0,1.177
pob,902,0,8,301.613,159.8375,90.0,1.757
pob,902,0,9,301.378,160.716,0.0,0.47
pob,902,0,10,301.143,159.563,90.0,2.306
pob,903,0,0,301.143,161.8885,90.0,0.549
pob,903,0,1,303.2605,161.614,0.0,4.235
pob,903,0,2,305.378,162.535,90.0,1.842
pob,903,0,3,305.143,163.456,0.0,0.47
pob,903,0,4,304.908,162.8095,90.0,1.293
pob,904,0,0,305.378,164.488,90.0,0.88
pob,904,0,1,303.2605,164.9365,179.77,4.235
pob,904,0,2,301.143,164.4965,90.0,0.897
pob,904,0,3,303.2605,164.048,0.0,4.235
pob,904,1,0,301.613,164.6895,90.0,0.185
pob,904,1,1,303.2605,164.782,0.0,3.295
pob,904,1,2,304.908,164.6895,90.0,0.185
pob,904,1,3,303.261,164.597,0.0,3.294
pob,905,0,0,162.084,261.343,111.8014,0.28
pob,905,0,1,163.527,262.752,47.8917,4.1489
pob,905,0,2,164.78,264.3325,163.2612,0.2882
pob,905,0,3,164.4315,264.14,48.0252,0.6295
pob,905,0,4,164.379,263.893,175.2964,0.3171
pob,905,0,5,163.522,262.755,47.9425,3.0304
pob,905,0,6,162.476,261.781,101.6036,0.3083
pob,906,0,0,64.9425,50.1,0.0,3.765
pob,906,0,1,66.825,50.335,90.0,0.47
pob,906,0,2,64.7075,50.5699,0.0,4.235
pob,906,0,3,62.59,50.112,90.0,0.916
pob,906,0,4,62.825,49.507,147.9722,0.5544
pob,907,0,0,65.4795,54.208,141.6051,2.2316
pob,907,0,1,64.014,53.7445,62.9317,2.5975
pob,907,0,2,63.561,52.563,169.7342,0.2805
pob,907,0,3,63.699,52.8035,90.0,0.531
pob,907,0,4,63.619,53.0815,171.1321,0.1619
pob,907,0,5,64.0255,53.7195,52.126,1.5849
pob,907,0,6,65.668,53.413,141.1231,2.9698
pob,907,0,7,66.824,53.8375,90.0,2.713
pob,907,0,8,66.589,55.194,0.0,0.47
pob,908,0,0,64.0495,58.327,0.0,3.355
pob,908,0,1,64.2845,57.041,146.0822,4.6093
pob,908,0,2,66.197,56.806,90.0,2.1021
pob,908,0,3,66.511,57.8571,0.0,0.628
pob,908,0,4,66.825,58.092,90.0,0.47
pob,908,0,5,66.511,58.327,0.0,0.628
pob,908,0,6,66.197,58.57,90.0,0.486
pob,908,0,7,65.962,58.813,0.0,0.47
pob,908,0,8,65.727,58.57,90.0,0.486
pob,908,1,0,65.727,57.2525,90.0,1.209
pob,908,1,1,64.849,57.2465,145.7187,2.1252
pob,908,1,2,63.971,57.851,90.0,0.012
pob,908,1,3,64.849,57.8571,0.0,1.756
pob,909,0,0,66.288,59.987,102.0301,0.1247
pob,909,0,1,66.335,60.0975,78.7869,0.3497
pob,909,0,2,66.335,60.2195,55.5155,0.1201
pob,910,0,0,62.825,64.079,0.0,0.47
pob,910,0,1,62.59,63.243,90.0,1.672
pob,910,0,2,63.6795,62.079,163.2452,2.2756
pob,910,0,3,64.769,61.802,90.0,0.102
pob,910,0,4,64.69,61.9335,134.4601,0.2256
pob,910,0,5,65.0035,62.8395,64.5703,1.8281
pob,910,0,6,65.5,63.655,174.5023,0.209
pob,910,0,7,65.7005,63.6155,163.0126,0.2018
pob,910,0,8,65.926,62.7145,98.4195,1.762
pob,910,0,9,65.9955,61.8,35.8558,0.1468
pob,910,0,10,65.871,61.726,25.479,0.144
pob,910,0,11,65.9905,61.497,132.9748,0.5413
pob,910,0,12,66.257,61.352,32.8805,0.1953
pob,910,0,13,65.131,62.1065,149.8555,2.7938
pob,910,0,14,63.9315,62.658,93.2438,0.3005
pob,910,0,15,63.5,62.6405,163.2438,0.919
pob,911,0,0,62.825,67.604,0.0,0.47
pob,911,0,1,62.59,66.768,90.0,1.672
pob,911,0,2,63.6795,65.604,163.2452,2.2756
pob,911,0,3,64.769,65.327,90.0,0.102
pob,911,0,4,64.69,65.4585,134.4601,0.2256
pob,911,0,5,65.0035,66.3645,64.5703,1.8281
pob,911,0,6,65.5,67.18,174.5023,0.209
pob,911,0,7,65.7005,67.1405,163.0126,0.2018
pob,911,0,8,65.926,66.2395,98.4195,1.762
pob,911,0,9,65.9955,65.325,35.8558,0.1468
pob,911,0,10,65.871,65.251,25.479,0.144
pob,911,0,11,65.9905,65.022,132.9748,0.5413
pob,911,0,12,66.257,64.877,32.8805,0.1953
pob,911,0,13,65.131,65.631,149.8729,2.7933
pob,911,0,14,63.9315,66.1825,93.2544,0.2995
pob,911,0,15,63.5,66.1655,163.2438,0.919
pob,912,0,0,65.4795,73.985,141.6051,2.2316
pob,912,0,1,64.014,73.5215,62.9317,2.5975
pob,912,0,2,63.561,72.34,169.7342,0.2805
pob,912,0,3,63.699,72.5805,90.0,0.531
pob,912,0,4,63.619,72.8585,171.1321,0.1619
pob,912,0,5,64.0255,73.4965,52.126,1.5849
pob,912,0,6,65.668,73.19,141.1231,2.9698
pob,912,0,7,66.824,73.6145,90.0,2.713
pob,912,0,8,66.589,74.971,0.0,0.47
pob,913,0,0,64.8365,76.8495,148.2691,4.1774
pob,913,0,1,66.758,75.9565,54.794,0.503
pob,913,0,2,64.7465,77.486,148.4517,5.061
pob,913,0,3,62.59,77.2805,90.0,3.059
pob,913,0,4,62.825,75.751,0.0,0.47
pob,914,0,0,62.825,81.964,0.0,0.47
pob,914,0,1,62.59,81.128,90.0,1.672
pob,914,0,2,63.6795,79.964,163.2452,2.2756
pob,914,0,3,64.769,79.687,90.0,0.102
pob,914,0,4,64.69,79.8185,134.4601,0.2256
pob,914,0,5,65.0035,80.7245,64.5703,1.8281
pob,914,0,6,65.5,81.54,174.5107,0.209
pob,914,0,7,65.7005,81.5005,162.996,0.2018
pob,914,0,8,65.926,80.6,98.4246,1.761
pob,914,0,9,65.9955,79.6855,36.1826,0.1474
pob,914,0,10,65.871,79.611,25.479,0.144
pob,914,0,11,65.9905,79.382,132.9748,0.5413
pob,914,0,12,66.257,79.237,32.8805,0.1953
pob,914,0,13,65.131,79.9915,149.8555,2.7938
pob,914,0,14,63.9315,80.543,93.2438,0.3005
pob,914,0,15,63.5,80.5255,163.2438,0.919
pob,915,0,0,66.288,83.29,102.0301,0.1247
pob,915,0,1,66.335,83.4005,78.7869,0.3497
pob,915,0,2,66.335,83.5225,55.5155,0.1201
pob,916,0,0,65.786,84.785,5.3817,0.2772
pob,916,0,1,65.3145,85.836,120.4211,2.4074
pob,916,0,2,64.6695,86.8,64.3688,0.1641
pob,916,0,3,64.544,86.845,127.1031,0.2984
pob,916,0,4,64.454,86.062,90.0,1.804
pob,916,0,5,64.544,85.2725,51.3409,0.2881
pob,916,0,6,64.6695,85.3145,116.7235,0.1579
pob,916,0,7,65.094,85.013,149.2982,0.9048
pob,916,0,8,65.5655,84.777,176.5284,0.1653
pob,916,1,0,62.9105,86.139,84.1341,0.1468
pob,916,1,1,62.94,86.281,72.3161,0.1448
pob,916,1,2,63.6685,86.2765,174.0605,1.4206
pob,916,1,3,64.384,86.1345,97.4876,0.1382
pob,916,1,4,64.384,85.9975,82.5124,0.1382
pob,916,1,5,63.6685,85.8555,5.9395,1.4206
pob,916,1,6,62.94,85.851,107.6839,0.1448
pob,916,1,7,62.9105,85.993,95.8659,0.1468
pob,916,2,0,64.8715,86.1455,84.6108,0.1597
pob,916,2,1,64.9015,86.3,73.3008,0.1566
pob,916,2,2,65.6705,86.298,174.1112,1.5009
pob,916,2,3,66.4245,86.1435,95.5274,0.1557
pob,916,2,4,66.4245,85.988,84.5081,0.1567
pob,916,2,5,65.6705,85.833,5.8888,1.5009
pob,916,2,6,64.9015,85.8315,106.594,0.1576
pob,916,2,7,64.8715,85.9865,95.3892,0.1597
pob,917,0,0,56.177,52.0755,63.7073,0.2799
pob,917,0,1,58.19,51.945,179.8618,4.15
pob,917,0,2,60.203,52.0705,115.4135,0.2889
pob,917,0,3,59.8265,52.201,0.0,0.629
pob,917,0,4,59.608,52.0745,127.1958,0.3176
pob,917,0,5,58.1885,51.9505,179.9054,3.031
pob,917,0,6,56.7645,52.077,53.5743,0.3082
pob,918,0,0,56.117,53.3495,90.0,0.549
pob,918,0,1,58.2345,53.075,0.0,4.235
pob,918,0,2,60.352,53.996,90.0,1.842
pob,918,0,3,60.117,54.9171,0.0,0.47
pob,918,0,4,59.882,54.2705,90.0,1.293
pob,919,0,0,60.352,55.7835,90.0,0.549
pob,919,0,1,58.756,56.058,0.0,3.192
pob,919,0,2,58.8435,57.6265,42.9744,4.6019
pob,919,0,3,58.322,59.1949,0.0,4.41
pob,919,0,4,56.117,58.9205,90.0,0.549
pob,919,0,5,57.6625,58.646,0.0,3.091
pob,919,0,6,57.561,57.0775,43.6017,4.5488
pob,920,0,0,56.177,63.1985,63.7073,0.2799
pob,920,0,1,58.19,63.068,179.8618,4.15
pob,920,0,2,60.203,63.1935,115.4135,0.2889
pob,920,0,3,59.8265,63.324,0.0,0.629
pob,920,0,4,59.608,63.1975,127.1958,0.3176
pob,920,0,5,58.1885,63.0735,179.9054,3.031
pob,920,0,6,56.7645,63.2,53.5743,0.3082
pob,921,0,0,60.352,66.53,90.0,0.88
pob,921,0,1,58.2345,66.9785,179.7704,4.235
pob,921,0,2,56.117,66.5385,90.0,0.897
pob,921,0,3,58.2345,66.09,0.0,4.235
pob,921,1,0,56.587,66.7315,90.0,0.185
pob,921,1,1,58.2345,66.824,0.0,3.295
pob,921,1,2,59.882,66.7315,90.0,0.185
pob,921,1,3,58.2345,66.639,0.0,3.295
pob,922,0,0,60.352,71.26,90.0,2.306
pob,922,0,1,60.117,72.413,0.0,0.47
pob,922,0,2,59.882,71.5345,90.0,1.757
pob,922,0,3,59.058,70.656,0.0,1.648
pob,922,0,4,58.234,71.5085,90.0,1.705
pob,922,0,5,57.999,72.361,0.0,0.47
pob,922,0,6,57.764,71.5085,90.0,1.705
pob,922,0,7,57.1755,70.656,0.0,1.177
pob,922,0,8,56.587,71.5345,90.0,1.757
pob,922,0,9,56.352,72.413,0.0,0.47
pob,922,0,10,56.117,71.26,90.0,2.306
pob,923,0,0,56.117,73.5845,90.0,0.549
pob,923,0,1,58.2345,73.31,0.0,4.235
pob,923,0,2,60.352,74.231,90.0,1.842
pob,923,0,3,60.117,75.152,0.0,0.47
pob,923,0,4,59.882,74.5055,90.0,1.293
pob,924,0,0,51.9965,50.1,0.0,3.765
pob,924,0,1,53.879,50.335,90.0,0.47
pob,924,0,2,51.7615,50.5699,0.0,4.235
pob,924,0,3,49.644,50.112,90.0,0.916
pob,924,0,4,49.879,49.507,147.9722,0.5544
pob,925,0,0,52.5345,54.208,141.6051,2.2316
pob,925,0,1,51.069,53.7445,62.9317,2.5975
pob,925,0,2,50.616,52.563,169.7342,0.2805
pob,925,0,3,50.754,52.8035,90.0,0.531
pob,925,0,4,50.674,53.0815,171.1321,0.1619
pob,925,0,5,51.0805,53.7195,52.1259,1.5849
pob,925,0,6,52.7225,53.413,141.1109,2.9691
pob,925,0,7,53.878,53.8375,90.0,2.713
pob,925,0,8,53.6435,55.194,0.0,0.469
pob,926,0,0,51.1035,58.327,0.0,3.355
pob,926,0,1,51.3385,57.041,146.0822,4.6093
pob,926,0,2,53.251,56.806,90.0,2.1021
pob,926,0,3,53.565,57.8571,0.0,0.628
pob,926,0,4,53.879,58.092,90.0,0.47
pob,926,0,5,53.565,58.327,0.0,0.628
pob,926,0,6,53.251,58.57,90.0,0.486
pob,926,0,7,53.016,58.813,0.0,0.47
pob,926,0,8,52.781,58.57,90.0,0.486
pob,926,1,0,52.781,57.2525,90.0,1.209
pob,926,1,1,51.903,57.2465,145.7187,2.1252
pob,926,1,2,51.025,57.851,90.0,0.012
pob,926,1,3,51.903,57.8571,0.0,1.756
pob,927,0,0,53.343,59.987,102.0301,0.1247
pob,927,0,1,53.39,60.0975,78.7869,0.3497
pob,927,0,2,53.39,60.2195,55.5155,0.1201
pob,928,0,0,49.879,64.079,0.0,0.47
pob,928,0,1,49.644,63.243,90.0,1.672
pob,928,0,2,50.7335,62.079,163.2452,2.2756
pob,928,0,3,51.823,61.802,90.0,0.102
pob,928,0,4,51.744,61.9335,134.4594,0.2256
pob,928,0,5,52.0575,62.8395,64.5704,1.8281
pob,928,0,6,52.5535,63.655,174.476,0.208
pob,928,0,7,52.754,63.6155,163.0951,0.2028
pob,928,0,8,52.98,62.7145,98.4196,1.762
pob,928,0,9,53.049,61.8,35.6277,0.1476
pob,928,0,10,52.924,61.726,25.4797,0.144
pob,928,0,11,53.044,61.497,133.0521,0.542
pob,928,0,12,53.311,61.352,32.8811,0.1953
pob,928,0,13,52.185,62.1065,149.8555,2.7938
pob,928,0,14,50.9855,62.658,93.2438,0.3005
pob,928,0,15,50.554,62.6405,163.2438,0.919
pob,929,0,0,49.879,67.604,0.0,0.47
pob,929,0,1,49.644,66.768,90.0,1.672
pob,929,0,2,50.7335,65.604,163.2452,2.2756
pob,929,0,3,51.823,65.327,90.0,0.102
pob,929,0,4,51.744,65.4585,134.4594,0.2256
pob,929,0,5,52.0575,66.3645,64.5704,1.8281
pob,929,0,6,52.5535,67.18,174.476,0.208
pob,929,0,7,52.754,67.1405,163.0951,0.2028
pob,929,0,8,52.98,66.2395,98.4196,1.762
pob,929,0,9,53.049,65.325,35.6277,0.1476
pob,929,0,10,52.924,65.251,25.4797,0.144
pob,929,0,11,53.044,65.022,133.0521,0.542
pob,929,0,12,53.311,64.877,32.8811,0.1953
pob,929,0,13,52.185,65.631,149.8728,2.7933
pob,929,0,14,50.9855,66.1825,93.2544,0.2995
pob,929,0,15,50.554,66.1655,163.2438,0.919
pob,930,0,0,52.5345,73.985,141.6051,2.2316
pob,930,0,1,51.069,73.5215,62.9317,2.5975
pob,930,0,2,50.616,72.34,169.7342,0.2805
pob,930,0,3,50.754,72.5805,90.0,0.531
pob,930,0,4,50.674,72.8585,171.1321,0.1619
pob,930,0,5,51.0805,73.4965,52.1259,1.5849
pob,930,0,6,52.7225,73.19,141.1109,2.9691
pob,930,0,7,53.878,73.6145,90.0,2.713
pob,930,0,8,53.6435,74.971,0.0,0.469
pob,931,0,0,51.8905,76.8495,148.2692,4.1774
pob,931,0,1,53.812,75.9565,54.7943,0.503
pob,931,0,2,51.8005,77.486,148.4517,5.061
pob,931,0,3,49.644,77.2805,90.0,3.059
pob,931,0,4,49.879,75.751,0.0,0.47
pob,932,0,0,49.879,81.964,0.0,0.47
pob,932,0,1,49.644,81.128,90.0,1.672
pob,932,0,2,50.7335,79.964,163.2452,2.2756
pob,932,0,3,51.823,79.687,90.0,0.102
pob,932,0,4,51.744,79.8185,134.4594,0.2256
pob,932,0,5,52.0575,80.7245,64.5704,1.8281
pob,932,0,6,52.5535,81.54,174.4843,0.208
pob,932,0,7,52.754,81.5005,163.0786,0.2028
pob,932,0,8,52.98,80.6,98.4247,1.761
pob,932,0,9,53.049,79.6855,35.9537,0.1482
pob,932,0,10,52.924,79.611,25.4797,0.144
pob,932,0,11,53.044,79.382,133.0521,0.542
pob,932,0,12,53.311,79.237,32.8811,0.1953
pob,932,0,13,52.185,79.9915,149.8555,2.7938
pob,932,0,14,50.9855,80.543,93.2438,0.3005
pob,932,0,15,50.554,80.5255,163.2438,0.919
pob,933,0,0,53.343,83.29,102.0301,0.1247
pob,933,0,1,53.39,83.4005,78.7869,0.3497
pob,933,0,2,53.39,83.5225,55.5155,0.1201
pob,934,0,0,52.841,84.785,5.3817,0.2772
pob,934,0,1,52.3695,85.836,120.4211,2.4074
pob,934,0,2,51.7245,86.8,64.3688,0.1641
pob,934,0,3,51.599,86.845,127.1031,0.2984
pob,934,0,4,51.509,86.062,90.0,1.804
pob,934,0,5,51.599,85.2725,51.3409,0.2881
pob,934,0,6,51.7245,85.3145,116.7235,0.1579
pob,934,0,7,52.149,85.013,149.2982,0.9048
pob,934,0,8,52.6205,84.777,176.5284,0.1653
pob,934,1,0,49.9655,86.139,84.1341,0.1468
pob,934,1,1,49.995,86.281,72.3161,0.1448
pob,934,1,2,50.7235,86.2765,174.0605,1.4206
pob,934,1,3,51.439,86.1345,97.4845,0.1382
pob,934,1,4,51.439,85.9975,82.5155,0.1382
pob,934,1,5,50.7235,85.8555,5.9395,1.4206
pob,934,1,6,49.995,85.851,107.6839,0.1448
pob,934,1,7,49.9655,85.993,95.8659,0.1468
pob,934,2,0,51.927,86.1455,84.254,0.1598
pob,934,2,1,51.957,86.3,73.6503,0.1563
pob,934,2,2,52.725,86.298,174.1073,1.4999
pob,934,2,3,53.479,86.1435,95.8932,0.1558
pob,934,2,4,53.479,85.988,84.1446,0.1568
pob,934,2,5,52.725,85.833,5.8927,1.4999
pob,934,2,6,51.957,85.8315,106.2464,0.1573
pob,934,2,7,51.927,85.9865,95.746,0.1598
pob,935,0,0,45.5245,51.299,0.0,0.471
pob,935,0,1,45.76,51.837,90.0,1.076
pob,935,0,2,45.886,52.3555,171.2022,0.255
pob,935,0,3,46.1295,52.2895,158.4054,0.2527
pob,935,0,4,45.7735,50.819,71.6071,3.0013
pob,935,0,5,45.2075,49.399,177.5253,0.1852
pob,935,0,6,45.025,49.4155,172.0852,0.1817
pob,935,0,7,44.4255,50.7665,110.8393,2.8644
pob,935,0,8,43.987,52.174,44.1686,0.198
pob,935,0,9,44.1365,52.3035,37.6294,0.1982
pob,935,0,10,44.028,52.5385,136.9802,0.5115
pob,935,0,11,43.7465,52.6335,40.0718,0.247
pob,935,0,12,43.569,52.4645,47.1605,0.2441
pob,935,0,13,44.7165,50.6585,125.6356,4.224
pob,935,0,14,46.046,48.9785,20.238,0.211
pob,935,0,15,46.239,49.0605,25.8298,0.2089
pob,935,0,16,45.9995,51.0105,99.9324,3.867
pob,935,0,17,45.5595,52.9195,177.5879,0.2132
pob,935,0,18,45.371,52.924,0.0,0.164
pob,936,0,0,47.406,54.0215,90.0,0.549
pob,936,0,1,45.81,54.296,0.0,3.192
pob,936,0,2,45.8975,55.8645,42.9744,4.6019
pob,936,0,3,45.376,57.433,0.0,4.41
pob,936,0,4,43.171,57.1585,90.0,0.549
pob,936,0,5,44.7165,56.884,0.0,3.091
pob,936,0,6,44.615,55.3155,43.6017,4.5488
pob,937,0,0,47.406,58.881,90.0,0.88
pob,937,0,1,45.2885,59.3295,179.7704,4.235
pob,937,0,2,43.171,58.8895,90.0,0.897
pob,937,0,3,45.2885,58.441,0.0,4.235
pob,937,1,0,43.641,59.0825,90.0,0.185
pob,937,1,1,45.2885,59.175,0.0,3.295
pob,937,1,2,46.936,59.0825,90.0,0.185
pob,937,1,3,45.2885,58.99,0.0,3.295
pob,938,0,0,43.231,67.3445,63.7073,0.2799
pob,938,0,1,45.244,67.214,179.8618,4.15
pob,938,0,2,47.257,67.3395,115.4135,0.2889
pob,938,0,3,46.8805,67.47,0.0,0.629
pob,938,0,4,46.662,67.3435,127.1958,0.3176
pob,938,0,5,45.2425,67.2195,179.9054,3.031
pob,938,0,6,43.8185,67.346,53.5743,0.3082
pob,939,0,0,43.02,70.153,93.0668,0.2243
pob,939,0,1,43.0425,69.931,98.5312,0.2224
pob,939,0,2,45.266,69.9295,2.8142,4.4193
pob,939,0,3,47.4785,70.1515,87.2252,0.2273
pob,939,0,4,47.4785,70.378,92.7868,0.2263
pob,939,0,5,45.266,70.6,177.1731,4.4194
pob,939,0,6,43.0425,70.599,81.4688,0.2224
pob,939,0,7,43.02,70.377,86.9332,0.2243
pob,939,1,0,47.01,70.18,87.3056,0.1702
pob,939,1,1,46.993,70.0125,81.047,0.1671
pob,939,1,2,45.237,70.0065,177.4867,3.4894
pob,939,1,3,43.489,70.174,93.1443,0.1823
pob,939,1,4,43.489,70.3565,86.8724,0.1833
pob,939,1,5,45.237,70.524,2.4973,3.4893
pob,939,1,6,46.993,70.517,98.9012,0.168
pob,939,1,7,47.01,70.3495,92.7099,0.1692
pob,940,0,0,47.406,73.5555,90.0,0.549
pob,940,0,1,45.81,73.83,0.0,3.192
pob,940,0,2,45.8975,75.3985,42.9744,4.6019
pob,940,0,3,45.376,76.967,0.0,4.41
pob,940,0,4,43.171,76.6925,90.0,0.549
pob,940,0,5,44.7165,76.418,0.0,3.091
pob,940,0,6,44.615,74.8495,43.6017,4.5488
pob,941,0,0,39.0515,50.1,0.0,3.765
pob,941,0,1,40.934,50.335,90.0,0.47
pob,941,0,2,38.8165,50.5699,0.0,4.235
pob,941,0,3,36.699,50.112,90.0,0.916
pob,941,0,4,36.934,49.507,147.9722,0.5544
pob,942,0,0,38.8945,53.842,89.6986,0.19
pob,942,0,1,39.456,53.4885,141.3598,1.4365
pob,942,0,2,39.943,53.0235,12.577,0.1516
pob,942,0,3,39.869,52.7505,90.0,0.513
pob,942,0,4,39.993,52.513,8.7032,0.2509
pob,942,0,5,39.4375,53.6095,122.2363,2.5478
pob,942,0,6,38.714,54.618,57.476,0.1637
pob,942,0,7,38.5775,54.655,131.1128,0.2814
pob,942,0,8,37.929,53.7055,62.2209,2.3859
pob,942,0,9,37.497,52.623,167.7125,0.2538
pob,942,0,10,37.621,52.8585,90.0,0.525
pob,942,0,11,37.5555,53.1365,166.684,0.1346
pob,942,0,12,37.9525,53.525,38.8847,1.1883
pob,942,0,13,38.419,53.8145,92.7425,0.1672
pob,943,0,0,36.934,58.662,0.0,0.47
pob,943,0,1,36.699,57.826,90.0,1.672
pob,943,0,2,37.7885,56.662,163.2452,2.2756
pob,943,0,3,38.878,56.385,90.0,0.102
pob,943,0,4,38.799,56.5165,134.4594,0.2256
pob,943,0,5,39.1125,57.4225,64.5704,1.8281
pob,943,0,6,39.609,58.238,174.5023,0.209
pob,943,0,7,39.8095,58.1985,163.0126,0.2018
pob,943,0,8,40.035,57.298,98.4245,1.761
pob,943,0,9,40.1045,56.3835,36.1817,0.1474
pob,943,0,10,39.98,56.309,25.4797,0.144
pob,943,0,11,40.0995,56.08,132.9748,0.5413
pob,943,0,12,40.366,55.935,32.8811,0.1953
pob,943,0,13,39.24,56.6895,149.8555,2.7938
pob,943,0,14,38.0405,57.241,93.2438,0.3005
pob,943,0,15,37.609,57.2235,163.2438,0.919
pob,944,0,0,40.398,59.987,102.0301,0.1247
pob,944,0,1,40.445,60.0975,78.7869,0.3497
pob,944,0,2,40.445,60.2195,55.5155,0.1201
pob,945,0,0,41.0045,62.862,94.3765,0.1966
pob,945,0,1,40.975,63.0495,103.8085,0.1843
pob,945,0,2,38.7555,63.0495,2.3325,4.3986
pob,945,0,3,36.55,62.862,85.332,0.1966
pob,945,0,4,36.55,62.6655,94.6435,0.1977
pob,945,0,5,38.7555,62.4775,177.6683,4.3986
pob,945,0,6,40.975,62.478,76.2636,0.1853
pob,945,0,7,41.0045,62.666,85.6235,0.1966
pob,945,1,0,37.019,62.8325,84.1662,0.1377
pob,945,1,1,37.045,62.9635,73.0899,0.1306
pob,945,1,2,38.7965,62.9635,177.9339,3.4673
pob,945,1,3,40.5355,62.8325,95.4199,0.1376
pob,945,1,4,40.5355,62.695,84.6183,0.1386
pob,945,1,5,38.7965,62.564,2.0499,3.4672
pob,945,1,6,37.045,62.564,107.0356,0.1297
pob,945,1,7,37.019,62.695,95.7928,0.1387
pob,946,0,0,39.5895,66.675,141.6051,2.2316
pob,946,0,1,38.124,66.2115,62.9317,2.5975
pob,946,0,2,37.671,65.03,169.7342,0.2805
pob,946,0,3,37.809,65.2705,90.0,0.531
pob,946,0,4,37.729,65.5485,171.1321,0.1619
pob,946,0,5,38.1355,66.1865,52.1259,1.5849
pob,946,0,6,39.778,65.88,141.1231,2.9698
pob,946,0,7,40.934,66.3045,90.0,2.713
pob,946,0,8,40.699,67.661,0.0,0.47
pob,947,0,0,36.934,71.129,0.0,0.47
pob,947,0,1,36.699,70.293,90.0,1.672
pob,947,0,2,37.7885,69.129,163.2452,2.2756
pob,947,0,3,38.878,68.852,90.0,0.102
pob,947,0,4,38.799,68.9835,134.4594,0.2256
pob,947,0,5,39.1125,69.8895,64.5704,1.8281
pob,947,0,6,39.609,70.705,174.5023,0.209
pob,947,0,7,39.8095,70.6655,163.0126,0.2018
pob,947,0,8,40.035,69.765,98.4245,1.761
pob,947,0,9,40.1045,68.8505,36.1817,0.1474
pob,947,0,10,39.98,68.776,25.4797,0.144
pob,947,0,11,40.0995,68.547,132.9748,0.5413
pob,947,0,12,40.366,68.402,32.8811,0.1953
pob,947,0,13,39.24,69.1565,149.8555,2.7938
pob,947,0,14,38.0405,69.708,93.2438,0.3005
pob,947,0,15,37.609,69.6905,163.2438,0.919
pob,948,0,0,39.5895,77.51,141.6051,2.2316
pob,948,0,1,38.124,77.0465,62.9317,2.5975
pob,948,0,2,37.671,75.865,169.7342,0.2805
pob,948,0,3,37.809,76.1055,90.0,0.531
pob,948,0,4,37.729,76.3835,171.1321,0.1619
pob,948,0,5,38.1355,77.0215,52.1259,1.5849
pob,948,0,6,39.778,76.715,141.1231,2.9698
pob,948,0,7,40.934,77.1395,90.0,2.713
pob,948,0,8,40.699,78.496,0.0,0.47
pob,949,0,0,40.032,80.948,143.5815,2.4357
pob,949,0,1,38.9205,81.753,148.058,0.3099
pob,949,0,2,37.6655,81.278,26.3712,2.508
pob,949,0,3,36.556,80.5805,95.6915,0.2823
pob,949,0,4,36.6105,80.311,107.4265,0.2705
pob,949,0,5,37.969,80.367,7.9913,2.6619
pob,949,0,6,39.2785,80.659,94.5428,0.2147
pob,949,0,7,39.237,80.8645,108.5251,0.2077
pob,949,0,8,39.21,80.969,45.0637,0.017
pob,949,0,9,39.964,80.4085,142.8616,1.8766
pob,949,0,10,40.862,80.0335,51.9285,0.4865
pob,949,1,0,38.8075,80.6445,84.1182,0.1659
pob,949,1,1,38.7735,80.481,72.5244,0.1698
pob,949,1,2,37.8895,80.4875,174.1808,1.7259
pob,949,1,3,37.022,80.668,95.527,0.1869
pob,949,1,4,37.023,80.846,83.2893,0.1712
pob,949,1,5,37.8875,81.0135,5.515,1.7169
pob,949,1,6,38.7695,81.0085,107.4456,0.1835
pob,949,1,7,38.807,80.824,95.887,0.195
pob,950,0,0,39.0515,83.978,0.0,3.765
pob,950,0,1,40.934,84.213,90.0,0.47
pob,950,0,2,38.8165,84.448,0.0,4.235
pob,950,0,3,36.699,83.99,90.0,0.916
pob,950,0,4,36.934,83.385,147.9749,0.5544
pob,951,0,0,40.398,86.815,102.0301,0.1247
pob,951,0,1,40.445,86.9255,78.7869,0.3497
pob,951,0,2,40.445,87.0475,55.5155,0.1201
pob,952,0,0,39.0515,89.395,0.0,3.765
pob,952,0,1,40.934,89.63,90.0,0.47
pob,952,0,2,38.8165,89.865,0.0,4.235
pob,952,0,3,36.699,89.407,90.0,0.916
pob,952,0,4,36.934,88.802,147.9749,0.5544
pob,953,0,0,30.696,50.7625,90.0,1.011
pob,953,0,1,30.461,51.268,0.0,0.47
pob,953,0,2,30.226,49.9825,90.0,2.571
pob,953,0,3,30.461,48.697,0.0,0.47
pob,953,0,4,30.696,49.203,90.0,1.012
pob,953,0,5,32.5785,49.709,0.0,3.765
pob,953,0,6,34.461,49.983,90.0,0.548
pob,954,0,0,30.075,53.726,93.0663,0.2243
pob,954,0,1,30.0975,53.504,98.5321,0.2224
pob,954,0,2,32.3215,53.503,2.8262,4.4204
pob,954,0,3,34.534,53.725,87.466,0.2262
pob,954,0,4,34.534,53.951,92.534,0.2262
pob,954,0,5,32.3215,54.1725,177.1864,4.4203
pob,954,0,6,30.0975,54.1715,81.4304,0.2215
pob,954,0,7,30.075,53.95,86.9337,0.2243
pob,954,1,0,34.065,53.753,87.3056,0.1702
pob,954,1,1,34.048,53.5855,81.047,0.1671
pob,954,1,2,32.292,53.579,177.5027,3.4893
pob,954,1,3,30.544,53.7465,93.1282,0.1833
pob,954,1,4,30.544,53.929,86.8551,0.1823
pob,954,1,5,32.292,54.096,2.4963,3.4893
pob,954,1,6,34.048,54.0895,98.9563,0.167
pob,954,1,7,34.065,53.9225,92.7099,0.1692
pob,955,0,0,30.226,56.6725,90.0,0.577
pob,955,0,1,32.4225,57.2705,21.979,4.7373
pob,955,0,2,33.057,58.76,158.8913,3.3487
pob,955,0,3,33.057,59.967,21.1408,3.3494
pob,955,0,4,32.4225,61.4575,158.021,4.7373
pob,955,0,5,30.226,62.055,90.0,0.578
pob,955,0,6,31.7335,61.1685,158.3789,3.2432
pob,955,0,7,31.655,59.9675,20.8322,3.3939
pob,955,0,8,31.6215,58.7625,158.8216,3.3299
pob,956,0,0,34.461,64.068,90.0,2.306
pob,956,0,1,34.226,65.221,0.0,0.47
pob,956,0,2,33.991,64.3425,90.0,1.757
pob,956,0,3,33.167,63.464,0.0,1.648
pob,956,0,4,32.343,64.3165,90.0,1.705
pob,956,0,5,32.108,65.169,0.0,0.47
pob,956,0,6,31.873,64.3165,90.0,1.705
pob,956,0,7,31.2845,63.464,0.0,1.177
pob,956,0,8,30.696,64.3425,90.0,1.757
pob,956,0,9,30.461,65.221,0.0,0.47
pob,956,0,10,30.226,64.068,90.0,2.306
pob,957,0,0,32.578,67.5725,102.6362,0.2286
pob,957,0,1,31.3895,67.2335,21.1661,2.4953
pob,957,0,2,30.226,66.4505,90.0,0.665
pob,957,0,3,32.3435,66.118,0.0,4.235
pob,957,0,4,34.461,66.3925,90.0,0.549
pob,957,0,5,33.559,66.667,0.0,1.804
pob,957,0,6,32.657,66.78,90.0,0.226
pob,957,0,7,33.559,67.5295,35.2091,2.2079
pob,957,0,8,34.461,68.4795,90.0,0.627
pob,957,0,9,33.532,68.127,35.6361,2.2861
pob,957,1,0,30.696,66.7395,90.0,0.145
pob,957,1,1,31.441,66.8265,1.1147,1.4903
pob,957,1,2,32.186,66.754,90.0,0.174
pob,957,1,3,31.441,66.667,0.0,1.49
pob,958,0,0,27.44,51.8725,23.9189,1.2012
pob,958,0,1,27.989,52.402,90.0,0.572
pob,958,0,2,25.762,51.6685,24.5979,4.8985
pob,958,0,3,25.762,49.6295,155.4021,4.8985
pob,958,0,4,27.989,48.896,90.0,0.572
pob,958,0,5,27.44,49.4255,156.0811,1.2012
pob,958,0,6,26.891,50.649,90.0,1.96
pob,958,1,0,26.421,50.649,90.0,1.518
pob,958,1,1,25.5595,50.2695,156.2251,1.8828
pob,958,1,2,25.5595,51.0285,23.7732,1.8828
pob,959,0,0,24.224,54.9935,90.0,1.011
pob,959,0,1,23.989,55.499,0.0,0.47
pob,959,0,2,23.754,54.2135,90.0,2.571
pob,959,0,3,23.989,52.928,0.0,0.47
pob,959,0,4,24.224,53.434,90.0,1.012
pob,959,0,5,26.1065,53.94,0.0,3.765
pob,959,0,6,27.989,54.214,90.0,0.548
pob,960,0,0,25.8705,56.6973,0.0,4.235
pob,960,0,1,27.988,56.4227,90.0,0.5493
pob,960,0,2,25.8705,56.148,0.0,4.235
pob,960,0,3,23.753,56.4227,90.0,0.5493
pob,961,0,0,24.146,60.0395,34.3327,0.172
pob,961,0,1,24.0125,59.9355,41.611,0.1672
pob,961,0,2,24.7815,59.0935,136.5931,2.2891
pob,961,0,3,25.66,58.393,61.3425,0.196
pob,961,0,4,25.749,58.569,64.9823,0.1986
pob,961,0,5,26.4455,58.398,158.26,1.4092
pob,961,0,6,27.021,58.113,16.9103,0.1651
pob,961,0,7,26.855,58.082,4.5926,0.1746
pob,961,0,8,26.826,57.8005,101.9304,0.5611
pob,961,0,9,27.01,57.5535,12.3103,0.2579
pob,961,0,10,27.25,57.628,22.4043,0.2466
pob,961,0,11,26.719,58.8615,118.5287,2.701
pob,961,0,12,25.99,59.9835,37.525,0.2118
pob,961,0,13,25.834,59.84,47.658,0.2138
pob,961,0,14,25.6995,59.67,55.5102,0.2207
pob,961,0,15,25.275,58.9505,60.0595,1.4506
pob,961,0,16,24.8595,58.3015,20.9733,0.1146
pob,961,0,17,24.7455,58.274,6.5892,0.1218
pob,961,0,18,24.3885,58.729,122.691,1.0979
pob,961,0,19,24.131,59.2815,66.6836,0.1971
pob,961,0,20,24.234,59.448,49.8949,0.1987
pob,961,0,21,24.3875,59.5875,35.3585,0.2195
pob,962,0,0,26.1065,63.924,0.0,3.765
pob,962,0,1,27.989,64.159,90.0,0.47
pob,962,0,2,25.8715,64.394,0.0,4.235
pob,962,0,3,23.754,63.936,90.0,0.916
pob,962,0,4,23.989,63.331,147.9721,0.5544
pob,963,0,0,25.9495,67.665,89.6986,0.19
pob,963,0,1,26.511,67.3115,141.3597,1.4365
pob,963,0,2,26.998,66.8465,12.5773,0.1516
pob,963,0,3,26.924,66.573,90.0,0.514
pob,963,0,4,27.048,66.335,8.7171,0.2509
pob,963,0,5,26.4925,67.4315,122.2362,2.5478
pob,963,0,6,25.769,68.4405,57.2901,0.1628
pob,963,0,7,25.633,68.478,130.9586,0.2807
pob,963,0,8,24.985,67.528,62.2325,2.3869
pob,963,0,9,24.5525,66.4455,167.8942,0.2526
pob,963,0,10,24.676,66.6815,90.0,0.525
pob,963,0,11,24.6105,66.959,167.1143,0.1344
pob,963,0,12,25.0075,67.3475,38.9236,1.189
pob,963,0,13,25.474,67.6375,92.7425,0.1672
pob,964,0,0,26.6435,71.556,141.6051,2.2316
pob,964,0,1,25.178,71.0925,62.9317,2.5975
pob,964,0,2,24.725,69.911,169.7341,0.2805
pob,964,0,3,24.863,70.1515,90.0,0.531
pob,964,0,4,24.783,70.4295,171.1321,0.1619
pob,964,0,5,25.1895,71.0675,52.1259,1.5849
pob,964,0,6,26.832,70.761,141.1231,2.9698
pob,964,0,7,27.988,71.1855,90.0,2.713
pob,964,0,8,27.753,72.542,0.0,0.47
pob,965,0,0,27.452,73.81,102.0293,0.1247
pob,965,0,1,27.499,73.9205,78.7869,0.3497
pob,965,0,2,27.499,74.0425,55.5155,0.1201
pob,966,0,0,25.9495,76.608,89.6986,0.19
pob,966,0,1,26.511,76.2545,141.3597,1.4365
pob,966,0,2,26.998,75.7895,12.5773,0.1516
pob,966,0,3,26.924,75.516,90.0,0.514
pob,966,0,4,27.048,75.278,8.7171,0.2509
pob,966,0,5,26.4925,76.3745,122.2362,2.5478
pob,966,0,6,25.769,77.3835,57.2901,0.1628
pob,966,0,7,25.633,77.4205,131.0896,0.28
pob,966,0,8,24.985,76.4705,62.2216,2.386
pob,966,0,9,24.5525,75.3885,167.8942,0.2526
pob,966,0,10,24.676,75.6245,90.0,0.525
pob,966,0,11,24.6105,75.902,167.1143,0.1344
pob,966,0,12,25.0075,76.2905,38.9236,1.189
pob,966,0,13,25.474,76.5805,92.7425,0.1672
pob,967,0,0,25.9495,83.918,89.6986,0.19
pob,967,0,1,26.511,83.5645,141.3588,1.4365
pob,967,0,2,26.998,83.0995,12.566,0.1516
pob,967,0,3,26.924,82.826,90.0,0.514
pob,967,0,4,27.048,82.588,8.7102,0.2509
pob,967,0,5,26.4925,83.6845,122.2366,2.5477
pob,967,0,6,25.769,84.6935,57.2843,0.1628
pob,967,0,7,25.633,84.7305,131.0896,0.28
pob,967,0,8,24.985,83.7805,62.2212,2.386
pob,967,0,9,24.5525,82.6985,167.8874,0.2526
pob,967,0,10,24.676,82.9345,90.0,0.525
pob,967,0,11,24.6105,83.212,167.1016,0.1344
pob,967,0,12,25.0075,83.6005,38.9236,1.189
pob,967,0,13,25.474,83.8905,92.7425,0.1672
pob,968,0,0,23.989,88.737,0.0,0.47
pob,968,0,1,23.754,87.901,90.0,1.672
pob,968,0,2,24.8435,86.737,163.2451,2.2756
pob,968,0,3,25.933,86.46,90.0,0.102
pob,968,0,4,25.854,86.5915,134.4591,0.2256
pob,968,0,5,26.1675,87.4975,64.5704,1.8281
pob,968,0,6,26.664,88.313,174.5107,0.209
pob,968,0,7,26.8645,88.2735,162.9958,0.2018
pob,968,0,8,27.09,87.373,98.4248,1.761
pob,968,0,9,27.1595,86.4585,36.1717,0.1474
pob,968,0,10,27.035,86.384,25.5019,0.144
pob,968,0,11,27.1545,86.155,132.9789,0.5413
pob,968,0,12,27.421,86.01,32.8733,0.1953
pob,968,0,13,26.295,86.7645,149.8555,2.7938
pob,968,0,14,25.0955,87.316,93.2428,0.3005
pob,968,0,15,24.664,87.2985,163.2402,0.919
pob,969,0,0,25.9495,90.968,89.6986,0.19
pob,969,0,1,26.511,90.6145,141.3588,1.4365
pob,969,0,2,26.998,90.1495,12.566,0.1516
pob,969,0,3,26.924,89.876,90.0,0.514
pob,969,0,4,27.048,89.638,8.7102,0.2509
pob,969,0,5,26.4925,90.7345,122.2366,2.5477
pob,969,0,6,25.769,91.7435,57.2843,0.1628
pob,969,0,7,25.633,91.7805,131.0896,0.28
pob,969,0,8,24.985,90.8305,62.2212,2.386
pob,969,0,9,24.5525,89.748,167.6643,0.2528
pob,969,0,10,24.676,89.9835,90.0,0.525
pob,969,0,11,24.6105,90.2615,166.6838,0.1346
pob,969,0,12,25.0075,90.65,38.8858,1.1883
pob,969,0,13,25.474,90.9395,92.7425,0.1672
pob,970,0,0,27.452,93.588,102.0293,0.1247
pob,970,0,1,27.499,93.6985,78.7869,0.3497
pob,970,0,2,27.499,93.8205,55.5155,0.1201
pob,971,0,0,26.0005,96.0905,148.2695,4.1774
pob,971,0,1,27.922,95.1975,54.792,0.503
pob,971,0,2,25.9105,96.727,148.4517,5.061
pob,971,0,3,23.754,96.5215,90.0,3.059
pob,971,0,4,23.989,94.992,0.0,0.47
pob,972,0,0,26.6435,100.276,141.6051,2.2316
pob,972,0,1,25.178,99.8125,62.9317,2.5975
pob,972,0,2,24.725,98.631,169.7341,0.2805
pob,972,0,3,24.863,98.8715,90.0,0.531
pob,972,0,4,24.783,99.1495,171.1108,0.1619
pob,972,0,5,25.1895,99.7875,52.1245,1.5848
pob,972,0,6,26.832,99.481,141.1235,2.9698
pob,972,0,7,27.988,99.9055,90.0,2.713
pob,972,0,8,27.753,101.262,0.0,0.47
pob,973,0,0,23.989,104.73,0.0,0.47
pob,973,0,1,23.754,103.894,90.0,1.672
pob,973,0,2,24.8435,102.73,163.2451,2.2756
pob,973,0,3,25.933,102.453,90.0,0.102
pob,973,0,4,25.854,102.5845,134.4591,0.2256
pob,973,0,5,26.1675,103.491,64.5839,1.829
pob,973,0,6,26.664,104.3065,174.2359,0.2091
pob,973,0,7,26.8645,104.2665,162.9958,0.2018
pob,973,0,8,27.09,103.366,98.4248,1.761
pob,973,0,9,27.1595,102.4515,36.1717,0.1474
pob,973,0,10,27.035,102.377,25.5019,0.144
pob,973,0,11,27.1545,102.148,132.9789,0.5413
pob,973,0,12,27.421,102.003,32.8733,0.1953
pob,973,0,13,26.295,102.7575,149.8555,2.7938
pob,973,0,14,25.0955,103.309,93.2428,0.3005
pob,973,0,15,24.664,103.2915,163.2402,0.919
pob,974,0,0,131.8895,511.959,89.6963,0.19
pob,974,0,1,132.451,511.6055,141.3586,1.4365
pob,974,0,2,132.938,511.1405,12.5691,0.1516
pob,974,0,3,132.864,510.867,90.0,0.514
pob,974,0,4,132.9885,510.629,8.676,0.2519
pob,974,0,5,132.4335,511.726,122.2244,2.5486
pob,974,0,6,131.71,512.735,57.4715,0.1637
pob,974,0,7,131.5735,512.772,131.1092,0.2814
pob,974,0,8,130.9245,511.8215,62.2226,2.3882
pob,974,0,9,130.492,510.7385,167.9365,0.2536
pob,974,0,10,130.616,510.9745,90.0,0.525
pob,974,0,11,130.5505,511.2525,166.6883,0.1346
pob,974,0,12,130.9475,511.641,38.8857,1.1883
pob,974,0,13,131.414,511.9305,92.7463,0.1672
pob,975,0,0,129.9275,516.781,0.0,0.471
pob,975,0,1,129.692,515.9445,90.0,1.673
pob,975,0,2,130.7825,514.78,163.2596,2.2775
pob,975,0,3,131.873,514.503,90.0,0.102
pob,975,0,4,131.7935,514.6345,134.6448,0.2263
pob,975,0,5,132.107,515.541,64.5552,1.8295
pob,975,0,6,132.604,516.357,174.5084,0.209
pob,975,0,7,132.805,516.3175,163.0848,0.2028
pob,975,0,8,133.031,515.416,98.4149,1.763
pob,975,0,9,133.1,514.501,35.6285,0.1476
pob,975,0,10,132.975,514.427,25.4982,0.144
pob,975,0,11,133.095,514.198,133.0571,0.542
pob,975,0,12,133.362,514.0525,32.6279,0.1947
pob,975,0,13,132.235,514.807,149.8586,2.7961
pob,975,0,14,131.0345,515.359,93.243,0.3005
pob,975,0,15,130.603,515.3415,163.2412,0.919
pob,976,0,0,132.0465,522.582,0.0,3.767
pob,976,0,1,133.93,522.8175,90.0,0.471
pob,976,0,2,131.811,523.053,0.0,4.238
pob,976,0,3,129.692,522.5945,90.0,0.917
pob,976,0,4,129.9275,521.989,148.0272,0.5552
pob,977,0,0,133.9995,526.403,94.3762,0.1966
pob,977,0,1,133.97,526.5905,103.8119,0.1843
pob,977,0,2,131.749,526.591,2.3177,4.4016
pob,977,0,3,129.5425,526.4035,85.6459,0.1976
pob,977,0,4,129.5425,526.2065,94.3541,0.1976
pob,977,0,5,131.749,526.0185,177.6693,4.4016
pob,977,0,6,133.97,526.019,76.2618,0.1853
pob,977,0,7,133.9995,526.207,85.6238,0.1966
pob,977,1,0,130.012,526.3735,84.1684,0.1377
pob,977,1,1,130.0385,526.5045,72.6715,0.1309
pob,977,1,2,131.791,526.5045,177.9345,3.4683
pob,977,1,3,133.5305,526.3735,95.4208,0.1376
pob,977,1,4,133.5305,526.236,84.6183,0.1386
pob,977,1,5,131.791,526.105,2.049,3.4682
pob,977,1,6,130.0385,526.105,107.4597,0.13
pob,977,1,7,130.012,526.236,95.7896,0.1387
pob,978,0,0,130.295,528.7,157.1664,1.6492
pob,978,0,1,131.119,528.543,68.5643,0.3502
pob,978,0,2,130.4445,529.0925,152.3741,1.667
pob,979,0,0,131.8895,533.572,89.6963,0.19
pob,979,0,1,132.451,533.2185,141.3588,1.4365
pob,979,0,2,132.938,532.7535,12.5706,0.1516
pob,979,0,3,132.864,532.48,90.0,0.514
pob,979,0,4,132.9885,532.242,8.6777,0.2519
pob,979,0,5,132.4335,533.339,122.2245,2.5486
pob,979,0,6,131.71,534.348,57.4715,0.1637
pob,979,0,7,131.5735,534.385,131.1087,0.2814
pob,979,0,8,130.9245,533.435,62.2115,2.3873
pob,979,0,9,130.492,532.352,167.7159,0.2538
pob,979,0,10,130.616,532.5875,90.0,0.525
pob,979,0,11,130.5505,532.8655,166.6883,0.1346
pob,979,0,12,130.9475,533.2545,38.9232,1.189
pob,979,0,13,131.414,533.5445,92.7463,0.1672
pob,980,0,0,133.9995,537.176,94.3762,0.1966
pob,980,0,1,133.97,537.3635,103.8119,0.1843
pob,980,0,2,131.749,537.3635,2.3307,4.4016
pob,980,0,3,129.5425,537.176,85.6238,0.1966
pob,980,0,4,129.5425,536.9795,94.3541,0.1976
pob,980,0,5,131.749,536.7915,177.6693,4.4016
pob,980,0,6,133.97,536.792,76.2618,0.1853
pob,980,0,7,133.9995,536.98,85.6238,0.1966
pob,980,1,0,130.012,537.1465,84.1684,0.1377
pob,980,1,1,130.0385,537.2775,72.6715,0.1309
pob,980,1,2,131.791,537.2775,177.9345,3.4683
pob,980,1,3,133.5305,537.1465,95.4208,0.1376
pob,980,1,4,133.5305,537.009,84.6183,0.1386
pob,980,1,5,131.791,536.878,2.049,3.4682
pob,980,1,6,130.0385,536.878,107.4597,0.13
pob,980,1,7,130.012,537.009,95.7896,0.1387
pob,981,0,0,130.6335,539.5175,3.0703,1.8857
pob,981,0,1,131.575,539.7415,90.0,0.347
pob,981,0,2,130.6335,539.966,176.8995,1.8858
pob,982,0,0,130.6335,540.4595,3.0703,1.8857
pob,982,0,1,131.575,540.684,90.0,0.348
pob,982,0,2,130.6335,540.908,176.9601,1.8856
pob,983,0,0,133.929,544.299,90.0,0.55
pob,983,0,1,132.3325,544.574,0.0,3.193
pob,983,0,2,132.42,546.143,42.9754,4.6033
pob,983,0,3,131.898,547.712,0.0,4.412
pob,983,0,4,129.692,547.4375,90.0,0.549
pob,983,0,5,131.238,547.163,0.0,3.092
pob,983,0,6,131.136,545.5935,43.6025,4.5516
pob,984,0,0,341.961,105.2355,58.2721,4.1796
pob,984,0,1,341.0675,103.313,144.7933,0.503
pob,984,0,2,342.598,105.326,58.4504,5.0646
pob,984,0,3,342.3925,107.484,0.0,3.061
pob,984,0,4,340.862,107.2485,90.0,0.471
pob,985,0,0,346.0615,104.1485,53.5769,2.4371
pob,985,0,1,346.867,105.261,58.1515,0.3108
pob,985,0,2,346.3915,106.5165,116.3911,2.5084
pob,985,0,3,345.694,107.626,5.7137,0.2814
pob,985,0,4,345.4245,107.5715,17.3652,0.2714
pob,985,0,5,345.48,106.2125,97.987,2.6628
pob,985,0,6,345.772,104.9025,4.5418,0.2147
pob,985,0,7,345.978,104.9435,18.1723,0.2084
pob,985,0,8,346.0825,104.9705,134.9205,0.0156
pob,985,0,9,345.5215,104.2165,52.8801,1.8774
pob,985,0,10,345.1465,103.318,141.9296,0.4865
pob,985,1,0,345.7575,105.3735,174.1184,0.1659
pob,985,1,1,345.594,105.4075,162.5189,0.1699
pob,985,1,2,345.6005,106.292,84.1831,1.7269
pob,985,1,3,345.781,107.1605,5.8362,0.187
pob,985,1,4,345.959,107.1595,172.9484,0.1713
pob,985,1,5,346.127,106.294,95.5452,1.718
pob,985,1,6,346.122,105.4115,17.3523,0.1844
pob,985,1,7,345.937,105.374,5.8828,0.195
pob,986,0,0,353.174,103.1755,4.3803,0.1966
pob,986,0,1,353.3615,103.205,13.8038,0.1843
pob,986,0,2,353.362,105.426,92.3178,4.4016
pob,986,0,3,353.1745,107.633,175.3591,0.1976
pob,986,0,4,352.9775,107.633,4.6409,0.1976
pob,986,0,5,352.7895,105.426,87.6691,4.4017
pob,986,0,6,352.79,103.205,166.2705,0.1853
pob,986,0,7,352.978,103.1755,175.6197,0.1966
pob,986,1,0,353.1445,107.163,174.1618,0.1377
pob,986,1,1,353.2755,107.1365,162.6715,0.1309
pob,986,1,2,353.2755,105.384,87.9345,3.4683
pob,986,1,3,353.1445,103.6445,5.4211,0.1376
pob,986,1,4,353.007,103.6445,174.6183,0.1386
pob,986,1,5,352.876,105.384,92.0488,3.4682
pob,986,1,6,352.876,107.1365,17.4608,0.13
pob,986,1,7,353.007,107.163,5.7959,0.1387
pob,987,0,0,356.9895,104.591,51.6008,2.233
pob,987,0,1,356.526,106.0575,152.9219,2.5989
pob,987,0,2,355.344,106.511,79.7342,0.2805
pob,987,0,3,355.5845,106.373,0.0,0.531
pob,987,0,4,355.8625,106.453,81.1093,0.1619
pob,987,0,5,356.501,106.046,142.1183,1.5862
pob,987,0,6,356.1945,104.4025,51.1204,2.9712
pob,987,0,7,356.619,103.246,0.0,2.714
pob,987,0,8,357.976,103.481,90.0,0.47
pob,988,0,0,358.997,106.88,67.1657,1.6492
pob,988,0,1,358.84,106.056,158.5611,0.3503
pob,988,0,2,359.3895,106.7305,62.3743,1.6671
pob,989,0,0,362.451,107.483,0.0,0.578
pob,989,0,1,363.049,105.2855,111.9812,4.7395
pob,989,0,2,364.54,104.6505,68.8659,3.3503
pob,989,0,3,365.748,104.6505,111.1346,3.3504
pob,989,0,4,367.239,105.2855,68.0191,4.7395
pob,989,0,5,367.837,107.483,0.0,0.578
pob,989,0,6,366.95,105.975,68.3688,3.2445
pob,989,0,7,365.748,106.0535,110.8425,3.3952
pob,989,0,8,364.5425,106.0865,68.8342,3.3318
pob,990,0,0,342.175,305.0415,58.2721,4.1796
pob,990,0,1,341.2815,303.119,144.7933,0.503
pob,990,0,2,342.812,305.132,58.4504,5.0646
pob,990,0,3,342.6065,307.29,0.0,3.061
pob,990,0,4,341.076,307.0545,90.0,0.471
pob,991,0,0,346.2755,303.9545,53.5769,2.4371
pob,991,0,1,347.081,305.067,58.1515,0.3108
pob,991,0,2,346.6055,306.323,116.3812,2.5093
pob,991,0,3,345.9075,307.433,5.6872,0.2824
pob,991,0,4,345.638,307.378,17.6322,0.2707
pob,991,0,5,345.694,306.0185,97.987,2.6628
pob,991,0,6,345.986,304.7085,4.5418,0.2147
pob,991,0,7,346.192,304.7495,18.1723,0.2084
pob,991,0,8,346.2965,304.7765,134.9205,0.0156
pob,991,0,9,345.7355,304.022,52.8981,1.8782
pob,991,0,10,345.3605,303.1235,142.0202,0.4859
pob,991,1,0,345.9715,305.1795,174.1184,0.1659
pob,991,1,1,345.808,305.2135,162.5189,0.1699
pob,991,1,2,345.8145,306.098,84.1831,1.7269
pob,991,1,3,345.995,306.9665,5.8362,0.187
pob,991,1,4,346.173,306.9655,172.9484,0.1713
pob,991,1,5,346.341,306.1,95.5452,1.718
pob,991,1,6,346.336,305.2175,17.3523,0.1844
pob,991,1,7,346.151,305.1805,5.5972,0.1949
pob,992,0,0,353.388,302.9815,4.3803,0.1966
pob,992,0,1,353.5755,303.011,13.8038,0.1843
pob,992,0,2,353.576,305.232,92.3178,4.4016
pob,992,0,3,353.3885,307.4385,175.6502,0.1976
pob,992,0,4,353.1915,307.4385,4.3498,0.1976
pob,992,0,5,353.004,305.232,87.6822,4.4016
pob,992,0,6,353.0045,303.011,166.1962,0.1843
pob,992,0,7,353.192,302.9815,175.6197,0.1966
pob,992,1,0,353.3585,306.969,174.1618,0.1377
pob,992,1,1,353.4895,306.9425,162.6715,0.1309
pob,992,1,2,353.4895,305.19,87.9345,3.4683
pob,992,1,3,353.3585,303.4505,5.4211,0.1376
pob,992,1,4,353.221,303.4505,174.6183,0.1386
pob,992,1,5,353.09,305.19,92.0488,3.4682
pob,992,1,6,353.09,306.9425,17.4608,0.13
pob,992,1,7,353.221,306.969,5.7959,0.1387
pob,993,0,0,356.621,304.9355,90.0,3.767
pob,993,0,1,356.8565,303.052,0.0,0.471
pob,993,0,2,357.092,305.171,90.0,4.238
pob,993,0,3,356.6335,307.29,0.0,0.917
pob,993,0,4,356.0275,307.0545,57.9419,0.5558
pob,994,0,0,359.211,306.687,67.1657,1.6492
pob,994,0,1,359.054,305.863,158.5611,0.3503
pob,994,0,2,359.6035,306.5375,62.3743,1.6671
pob,995,0,0,362.665,307.29,0.0,0.578
pob,995,0,1,363.263,305.0925,111.9812,4.7395
pob,995,0,2,364.754,304.4575,68.8659,3.3503
pob,995,0,3,365.962,304.4575,111.1346,3.3504
pob,995,0,4,367.453,305.0925,68.0191,4.7395
pob,995,0,5,368.051,307.29,0.0,0.578
pob,995,0,6,367.164,305.782,68.3688,3.2445
pob,995,0,7,365.962,305.8605,110.8425,3.3952
pob,995,0,8,364.7565,305.8935,68.8342,3.3318
pob,996,0,0,341.002,505.5245,58.2722,4.1796
pob,996,0,1,340.1085,503.602,144.794,0.503
pob,996,0,2,341.639,505.615,58.4504,5.0646
pob,996,0,3,341.4335,507.773,0.0,3.061
pob,996,0,4,339.903,507.5375,90.0,0.471
pob,997,0,0,345.1035,504.4375,53.5769,2.4371
pob,997,0,1,345.909,505.55,58.1507,0.3108
pob,997,0,2,345.4335,506.8055,116.3912,2.5084
pob,997,0,3,344.736,507.915,5.7106,0.2814
pob,997,0,4,344.4665,507.8605,17.3667,0.2714
pob,997,0,5,344.522,506.501,97.984,2.6638
pob,997,0,6,344.814,505.1905,4.5418,0.2147
pob,997,0,7,345.02,505.232,18.433,0.2087
pob,997,0,8,345.125,505.259,134.9818,0.017
pob,997,0,9,344.564,504.5045,52.8553,1.878
pob,997,0,10,344.1885,503.6065,142.0209,0.4859
pob,997,1,0,344.7995,505.6625,174.1184,0.1659
pob,997,1,1,344.636,505.6965,162.5262,0.1699
pob,997,1,2,344.6425,506.581,84.1832,1.7269
pob,997,1,3,344.823,507.4495,5.8316,0.187
pob,997,1,4,345.001,507.4485,172.9586,0.1713
pob,997,1,5,345.169,506.5835,95.5484,1.717
pob,997,1,6,345.164,505.701,17.6505,0.1847
pob,997,1,7,344.979,505.6635,5.595,0.1949
pob,998,0,0,352.215,503.4645,4.3759,0.1966
pob,998,0,1,352.4025,503.494,13.8108,0.1843
pob,998,0,2,352.403,505.715,92.3178,4.4016
pob,998,0,3,352.2155,507.9215,175.6458,0.1976
pob,998,0,4,352.0185,507.9215,4.3542,0.1976
pob,998,0,5,351.8305,505.715,87.6691,4.4016
pob,998,0,6,351.831,503.494,166.2636,0.1853
pob,998,0,7,352.019,503.4645,175.6241,0.1966
pob,998,1,0,352.1855,507.452,174.165,0.1377
pob,998,1,1,352.3165,507.426,163.0899,0.1306
pob,998,1,2,352.3165,505.6735,87.9351,3.4692
pob,998,1,3,352.1855,503.9335,5.4211,0.1376
pob,998,1,4,352.048,503.9335,174.6183,0.1386
pob,998,1,5,351.917,505.6735,92.0482,3.4692
pob,998,1,6,351.917,507.426,17.0395,0.1297
pob,998,1,7,352.048,507.452,5.7928,0.1387
pob,999,0,0,355.742,503.4645,4.3759,0.1966
pob,999,0,1,355.9295,503.494,13.8108,0.1843
pob,999,0,2,355.93,505.715,92.3178,4.4016
pob,999,0,3,355.7425,507.9215,175.6458,0.1976
pob,999,0,4,355.5455,507.9215,4.3542,0.1976
pob,999,0,5,355.3575,505.715,87.6691,4.4016
pob,999,0,6,355.358,503.494,166.2636,0.1853
pob,999,0,7,355.546,503.4645,175.6241,0.1966
pob,999,1,0,355.7125,507.452,174.165,0.1377
pob,999,1,1,355.8435,507.426,163.0899,0.1306
pob,999,1,2,355.8435,505.6735,87.9351,3.4692
pob,999,1,3,355.7125,503.9335,5.4211,0.1376
pob,999,1,4,355.575,503.9335,174.6183,0.1386
pob,999,1,5,355.444,505.6735,92.0482,3.4692
pob,999,1,6,355.444,507.426,17.0395,0.1297
pob,999,1,7,355.575,507.452,5.7928,0.1387
pob,1000,0,0,358.038,507.1695,67.1794,1.6502
pob,1000,0,1,357.881,506.3455,158.7169,0.3499
pob,1000,0,2,358.4305,507.0205,62.3741,1.6671
pob,1001,0,0,361.492,507.773,0.0,0.578
pob,1001,0,1,362.09,505.5755,111.9812,4.7395
pob,1001,0,2,363.581,504.9405,68.8659,3.3503
pob,1001,0,3,364.789,504.9405,111.1346,3.3504
pob,1001,0,4,366.28,505.5755,68.0191,4.7395
pob,1001,0,5,366.878,507.773,0.0,0.578
pob,1001,0,6,365.991,506.265,68.3689,3.2445
pob,1001,0,7,364.789,506.3435,110.8426,3.3952
pob,1001,0,8,363.5835,506.3765,68.834,3.3318
pob,1002,0,0,126.6335,329.316,142.1068,1.8919
pob,1002,0,1,127.3775,329.041,90.4685,0.612
pob,1002,0,2,126.812,329.761,143.6711,1.3977
pob,1002,0,3,126.806,330.6115,38.0841,1.4153
pob,1002,0,4,127.3605,331.3425,90.4861,0.589
pob,1002,0,5,126.6205,331.0675,37.6749,1.8636
pob,1002,0,6,125.2875,330.9765,141.2172,1.5279
pob,1002,0,7,124.694,331.149,90.3743,0.612
pob,1002,0,8,125.111,330.5065,140.9633,1.0686
pob,1002,0,9,125.116,329.8555,37.4908,1.0335
pob,1002,0,10,124.708,329.2435,90.385,0.595
pob,1003,0,0,125.807,358.3405,63.7101,0.28
pob,1003,0,1,127.82,358.21,179.862,4.15
pob,1003,0,2,129.833,358.3355,115.4135,0.289
pob,1003,0,3,129.4565,358.466,0.0,0.629
pob,1003,0,4,129.238,358.34,127.3043,0.3168
pob,1003,0,5,127.8185,358.216,179.9244,3.031
pob,1003,0,6,126.3945,358.342,53.5766,0.3082
pob,1004,0,0,179.041,371.8515,63.7115,0.28
pob,1004,0,1,181.054,371.721,179.862,4.15
pob,1004,0,2,183.067,371.8465,115.4135,0.289
pob,1004,0,3,182.6905,371.977,0.0,0.629
pob,1004,0,4,182.472,371.851,127.3043,0.3168
pob,1004,0,5,181.0525,371.727,179.9244,3.031
pob,1004,0,6,179.6285,371.853,53.5766,0.3082
pob,1005,0,0,64.4045,414.935,163.0583,1.2011
pob,1005,0,1,65.166,414.976,49.1163,0.5714
pob,1005,0,2,63.002,415.879,163.7109,4.8986
pob,1005,0,3,61.6675,414.3375,114.5195,4.8988
pob,1005,0,4,62.871,412.325,49.1163,0.5714
pob,1005,0,5,62.8025,413.0845,115.1782,1.2011
pob,1005,0,6,63.1885,414.369,49.1164,1.9602
pob,1005,1,0,62.833,414.677,49.1125,1.5185
pob,1005,1,1,61.9335,414.954,115.3127,1.8828
pob,1005,1,2,62.4305,415.528,162.8838,1.8824
pob,1006,0,0,78.113,391.712,72.5605,1.2012
pob,1006,0,1,78.078,392.474,138.6818,0.5725
pob,1006,0,2,77.157,390.3175,73.2481,4.8989
pob,1006,0,3,78.6875,388.9705,24.0588,4.8985
pob,1006,0,4,80.7095,390.1575,138.6915,0.5711
pob,1006,0,5,79.9495,390.095,24.7085,1.2009
pob,1006,0,6,78.6685,390.4915,138.6409,1.9598
pob,1006,1,0,78.358,390.1385,138.6577,1.5184
pob,1006,1,1,78.074,389.2415,24.8496,1.8823
pob,1006,1,2,77.504,389.743,72.4317,1.8818
pob,1007,0,0,108.402,347.486,5.3499,1.2012
pob,1007,0,1,109.091,347.813,71.4386,0.5717
pob,1007,0,2,106.746,347.8275,6.0108,4.8989
pob,1007,0,3,106.0965,345.895,136.8279,4.8992
pob,1007,0,4,107.974,344.49,71.4381,0.5717
pob,1007,0,5,107.6225,345.1665,137.4983,1.2004
pob,1007,0,6,107.492,346.501,71.4356,1.96
pob,1007,1,0,107.046,346.651,71.4217,1.5192
pob,1007,1,1,106.1085,346.5655,137.6261,1.8829
pob,1007,1,2,106.3505,347.2855,5.2107,1.8828
pob,1008,0,0,125.8945,323.715,72.606,1.2009
pob,1008,0,1,125.8595,324.477,138.6169,0.5718
pob,1008,0,2,124.939,322.3205,73.248,4.8989
pob,1008,0,3,126.4695,320.9735,24.0585,4.8985
pob,1008,0,4,128.4915,322.1605,138.6904,0.5711
pob,1008,0,5,127.7315,322.098,24.7092,1.201
pob,1008,0,6,126.4505,322.4945,138.6405,1.9598
pob,1008,1,0,126.14,322.1415,138.6573,1.5184
pob,1008,1,1,125.856,321.2445,24.8491,1.8823
pob,1008,1,2,125.286,321.746,72.4317,1.8818
pob,1009,0,0,95.299,292.843,138.289,0.9859
pob,1009,0,1,93.9085,292.6025,29.0735,2.3398
pob,1009,0,2,92.936,291.9565,122.8283,0.1845
pob,1009,0,3,92.9825,291.8755,45.0623,0.0099
pob,1009,0,4,92.8595,291.887,172.8457,0.2409
pob,1009,0,5,92.594,290.8065,82.4087,2.2104
pob,1009,0,6,92.6485,289.5325,138.3202,0.5369
pob,1009,0,7,94.258,290.9345,48.2834,4.2348
pob,1009,1,0,92.699,290.1175,138.1329,0.1423
pob,1009,1,1,93.1195,290.688,47.8441,1.411
pob,1009,1,2,93.642,291.1675,138.4008,0.131
pob,1009,1,3,93.2215,290.597,48.3028,1.4116
pob,1009,2,0,93.8335,291.5225,138.3225,0.3173
pob,1009,2,1,94.1865,292.2065,50.8182,1.4926
pob,1009,2,2,94.801,292.657,138.1705,0.3838
pob,1009,2,3,94.448,291.973,48.2644,1.4902
pob,1010,0,0,98.3315,313.0455,138.5346,0.9862
pob,1010,0,1,96.9425,312.799,29.3383,2.339
pob,1010,0,2,95.9725,312.149,122.7364,0.1831
pob,1010,0,3,96.0185,312.068,48.8141,0.0106
pob,1010,0,4,95.896,312.079,172.8162,0.2399
pob,1010,0,5,95.6355,310.9975,82.6468,2.2112
pob,1010,0,6,95.6955,309.723,138.542,0.5377
pob,1010,0,7,97.299,311.132,48.5418,4.2352
pob,1010,1,0,95.743,310.309,138.4362,0.1417
pob,1010,1,1,96.1615,310.8815,48.1001,1.412
pob,1010,1,2,96.682,311.3635,138.4108,0.131
pob,1010,1,3,96.2635,310.791,48.532,1.412
pob,1010,2,0,96.872,311.719,138.5732,0.3174
pob,1010,2,1,97.222,312.404,51.0405,1.4918
pob,1010,2,2,97.8345,312.857,138.4877,0.3833
pob,1010,2,3,97.4845,312.172,48.5101,1.4898
pob,1011,0,0,95.8725,315.2185,138.5346,0.9862
pob,1011,0,1,94.4835,314.972,29.3383,2.339
pob,1011,0,2,93.5135,314.322,122.7364,0.1831
pob,1011,0,3,93.5595,314.241,48.8141,0.0106
pob,1011,0,4,93.437,314.2515,173.055,0.2398
pob,1011,0,5,93.1765,313.17,82.6435,2.2102
pob,1011,0,6,93.2365,311.896,138.542,0.5377
pob,1011,0,7,94.84,313.305,48.5418,4.2352
pob,1011,1,0,93.284,312.482,138.4362,0.1417
pob,1011,1,1,93.7025,313.0545,48.1001,1.412
pob,1011,1,2,94.223,313.5365,138.4108,0.131
pob,1011,1,3,93.8045,312.964,48.532,1.412
pob,1011,2,0,94.413,313.892,138.5732,0.3174
pob,1011,2,1,94.763,314.577,51.0405,1.4918
pob,1011,2,2,95.3755,315.0305,138.6006,0.3826
pob,1011,2,3,95.0255,314.3455,48.5358,1.4906
pob,1012,0,0,253.7445,526.497,89.6963,0.19
pob,1012,0,1,254.306,526.1435,141.3586,1.4365
pob,1012,0,2,254.793,525.6785,12.5691,0.1516
pob,1012,0,3,254.719,525.405,90.0,0.514
pob,1012,0,4,254.8435,525.167,8.676,0.2519
pob,1012,0,5,254.288,526.264,122.2436,2.5491
pob,1012,0,6,253.564,527.273,57.476,0.1637
pob,1012,0,7,253.4275,527.31,131.1092,0.2814
pob,1012,0,8,252.779,526.36,62.2325,2.3869
pob,1012,0,9,252.347,525.277,167.7159,0.2538
pob,1012,0,10,252.471,525.5125,90.0,0.525
pob,1012,0,11,252.405,525.7905,166.7848,0.1356
pob,1012,0,12,252.802,526.1795,38.8932,1.1897
pob,1012,0,13,253.269,526.4695,92.7463,0.1672
pob,1013,0,0,251.7825,531.319,0.0,0.471
pob,1013,0,1,251.547,530.4825,90.0,1.673
pob,1013,0,2,252.6375,529.318,163.2597,2.2775
pob,1013,0,3,253.728,529.041,90.0,0.102
pob,1013,0,4,253.649,529.1725,134.4622,0.2256
pob,1013,0,5,253.963,530.079,64.5556,1.8295
pob,1013,0,6,254.4595,530.895,174.4822,0.208
pob,1013,0,7,254.66,530.8555,163.0837,0.2028
pob,1013,0,8,254.886,529.954,98.4149,1.763
pob,1013,0,9,254.955,529.039,35.6285,0.1476
pob,1013,0,10,254.83,528.965,25.4982,0.144
pob,1013,0,11,254.95,528.736,133.0571,0.542
pob,1013,0,12,255.217,528.5905,32.6279,0.1947
pob,1013,0,13,254.09,529.345,149.8586,2.7961
pob,1013,0,14,252.8895,529.897,93.243,0.3005
pob,1013,0,15,252.458,529.88,163.1815,0.9193
pob,1014,0,0,253.9015,537.12,0.0,3.767
pob,1014,0,1,255.785,537.3555,90.0,0.471
pob,1014,0,2,253.666,537.591,0.0,4.238
pob,1014,0,3,251.547,537.1325,90.0,0.917
pob,1014,0,4,251.7825,536.527,148.0268,0.5552
pob,1015,0,0,255.8545,540.941,94.3762,0.1966
pob,1015,0,1,255.825,541.1285,103.8119,0.1843
pob,1015,0,2,253.6045,541.129,2.3182,4.4006
pob,1015,0,3,251.398,540.9415,85.3548,0.1976
pob,1015,0,4,251.398,540.7445,94.6452,0.1976
pob,1015,0,5,253.6045,540.5565,177.6688,4.4006
pob,1015,0,6,255.825,540.557,76.2618,0.1853
pob,1015,0,7,255.8545,540.745,85.6238,0.1966
pob,1015,1,0,251.867,540.9115,84.1684,0.1377
pob,1015,1,1,251.8935,541.0425,72.6715,0.1309
pob,1015,1,2,253.646,541.0425,177.9345,3.4683
pob,1015,1,3,255.3855,540.9115,95.4208,0.1376
pob,1015,1,4,255.3855,540.774,84.6183,0.1386
pob,1015,1,5,253.646,540.643,2.049,3.4682
pob,1015,1,6,251.8935,540.643,107.4597,0.13
pob,1015,1,7,251.867,540.774,95.7896,0.1387
pob,1016,0,0,252.1505,543.238,157.1798,1.6502
pob,1016,0,1,252.9745,543.081,68.7158,0.3499
pob,1016,0,2,252.2995,543.6305,152.3742,1.667
pob,1017,0,0,255.784,545.255,90.0,0.55
pob,1017,0,1,254.1875,545.53,0.0,3.193
pob,1017,0,2,254.275,547.099,42.9754,4.6033
pob,1017,0,3,253.753,548.668,0.0,4.412
pob,1017,0,4,251.547,548.3935,90.0,0.549
pob,1017,0,5,253.093,548.119,0.0,3.092
pob,1017,0,6,252.991,546.5495,43.6025,4.5516
pob,1018,0,0,64.4465,393.756,142.1064,1.8919
pob,1018,0,1,65.1905,393.481,90.4678,0.612
pob,1018,0,2,64.625,394.201,143.6711,1.3977
pob,1018,0,3,64.619,395.0515,38.0845,1.4153
pob,1018,0,4,65.1735,395.7825,90.4868,0.589
pob,1018,0,5,64.4335,395.5075,37.6757,1.8636
pob,1018,0,6,63.1005,395.4165,141.2171,1.5279
pob,1018,0,7,62.507,395.589,90.3746,0.612
pob,1018,0,8,62.924,394.9465,140.9631,1.0686
pob,1018,0,9,62.929,394.2955,37.4908,1.0335
pob,1018,0,10,62.521,393.6835,90.3853,0.595
pob,1019,0,0,236.897,254.4705,61.9506,0.8804
pob,1019,0,1,235.2385,255.863,151.7112,4.237
pob,1019,0,2,233.162,256.4715,61.9206,0.8965
pob,1019,0,3,234.8205,255.079,151.9292,4.2375
pob,1019,1,0,233.6685,256.4205,61.9114,0.1848
pob,1019,1,1,235.1665,255.7265,151.9343,3.2967
pob,1019,1,2,236.577,254.869,61.7836,0.1861
pob,1019,1,3,235.079,255.563,151.9112,3.2962
pob,1020,0,0,254.566,288.016,60.1745,0.8807
pob,1020,0,1,252.9505,289.4585,149.9684,4.238
pob,1020,0,2,250.8935,290.1295,60.2642,0.8972
pob,1020,0,3,252.509,288.687,150.1915,4.2365
pob,1020,1,0,251.3975,290.063,59.8327,0.1851
pob,1020,1,1,252.874,289.324,150.1991,3.2959
pob,1020,1,2,254.258,288.4245,60.258,0.1854
pob,1020,1,3,252.7815,289.1635,150.1926,3.2972
pob,1021,0,0,88.6085,435.5545,48.863,0.9865
pob,1021,0,1,88.354,436.9425,119.666,2.3397
pob,1021,0,2,87.698,437.9085,33.2582,0.1842
pob,1021,0,3,87.617,437.8615,138.7831,0.0106
pob,1021,0,4,87.627,437.9845,83.318,0.2406
pob,1021,0,5,86.544,438.2385,173.0101,2.2104
pob,1021,0,6,85.2705,438.171,48.8544,0.5365
pob,1021,0,7,86.689,436.576,138.8676,4.2353
pob,1021,1,0,85.8565,438.1265,49.002,0.1418
pob,1021,1,1,86.431,437.7115,138.4171,1.4118
pob,1021,1,2,86.916,437.194,48.727,0.1304
pob,1021,1,3,86.3415,437.609,138.8791,1.4111
pob,1021,2,0,87.2735,437.006,48.9485,0.3182
pob,1021,2,1,87.9605,436.6605,141.3702,1.4913
pob,1021,2,2,88.417,436.0505,48.9112,0.3834
pob,1021,2,3,87.73,436.396,138.8649,1.4897
pob,1022,0,0,112.9905,432.142,138.4915,0.9868
pob,1022,0,1,111.601,431.897,29.2833,2.3389
pob,1022,0,2,110.631,431.2475,122.8283,0.1845
pob,1022,0,3,110.6775,431.166,48.8141,0.0106
pob,1022,0,4,110.5545,431.177,172.8459,0.2409
pob,1022,0,5,110.293,430.096,82.6179,2.2103
pob,1022,0,6,110.352,428.822,138.4726,0.537
pob,1022,0,7,111.9565,430.2295,48.4845,4.2349
pob,1022,1,0,110.3995,429.408,138.7029,0.1424
pob,1022,1,1,110.8185,429.9795,47.9855,1.4119
pob,1022,1,2,111.34,430.4605,138.4058,0.131
pob,1022,1,3,110.921,429.889,48.4475,1.4111
pob,1022,2,0,111.53,430.8165,138.4413,0.3181
pob,1022,2,1,111.8805,431.5015,50.9867,1.4917
pob,1022,2,2,112.4935,431.954,138.4894,0.3833
pob,1022,2,3,112.143,431.2695,48.4557,1.4897
pob,1023,0,0,164.4205,378.6265,138.5353,0.9862
pob,1023,0,1,163.0315,378.3795,29.3591,2.3395
pob,1023,0,2,162.062,377.729,123.0007,0.1836
pob,1023,0,3,162.1085,377.648,48.8373,0.0106
pob,1023,0,4,161.9855,377.6585,173.0799,0.2408
pob,1023,0,5,161.725,376.577,82.6692,2.2101
pob,1023,0,6,161.7855,375.303,138.5432,0.5377
pob,1023,0,7,163.3885,376.7125,48.5609,4.2353
pob,1023,1,0,161.833,375.889,138.4321,0.1417
pob,1023,1,1,162.251,376.4615,48.1303,1.4114
pob,1023,1,2,162.771,376.9435,138.4036,0.131
pob,1023,1,3,162.353,376.371,48.5618,1.4113
pob,1023,2,0,162.961,377.299,138.5744,0.3174
pob,1023,2,1,163.3105,377.9845,51.0943,1.4919
pob,1023,2,2,163.923,378.438,138.5892,0.384
pob,1023,2,3,163.5735,377.7525,48.5358,1.4906
pob,1024,0,0,191.0895,354.9005,138.5353,0.9862
pob,1024,0,1,189.7005,354.654,29.3376,2.339
pob,1024,0,2,188.7305,354.004,122.7338,0.1831
pob,1024,0,3,188.7765,353.923,48.7831,0.0106
pob,1024,0,4,188.654,353.9335,173.0545,0.2398
pob,1024,0,5,188.3935,352.852,82.6433,2.2102
pob,1024,0,6,188.4535,351.578,138.5432,0.5377
pob,1024,0,7,190.057,352.987,48.5417,4.2352
pob,1024,1,0,188.5015,352.1635,138.4025,0.1431
pob,1024,1,1,188.9195,352.736,48.073,1.4113
pob,1024,1,2,189.44,353.2175,138.4036,0.131
pob,1024,1,3,189.022,352.6455,48.5351,1.4105
pob,1024,2,0,189.63,353.5735,138.4404,0.3181
pob,1024,2,1,189.9795,354.259,51.0704,1.4912
pob,1024,2,2,190.592,354.712,138.5892,0.384
pob,1024,2,3,190.2425,354.0265,48.5358,1.4906
pob,1025,0,0,246.8275,306.0635,140.0981,0.9868
pob,1025,0,1,245.4455,305.7785,30.9386,2.3399
pob,1025,0,2,244.494,305.1015,124.5576,0.1834
pob,1025,0,3,244.5425,305.022,48.7831,0.0106
pob,1025,0,4,244.4195,305.0295,174.5006,0.2401
pob,1025,0,5,244.189,303.941,84.2379,2.2112
pob,1025,0,6,244.2845,302.669,140.2092,0.5375
pob,1025,0,7,245.8485,304.122,50.1252,4.2348
pob,1025,1,0,244.3165,303.2555,140.1495,0.142
pob,1025,1,1,244.7185,303.8395,49.7121,1.4119
pob,1025,1,2,245.2255,304.336,140.249,0.1314
pob,1025,1,3,244.8235,303.752,50.1416,1.4121
pob,1025,2,0,245.4055,304.6965,140.1241,0.3166
pob,1025,2,1,245.7365,305.391,52.654,1.4919
pob,1025,2,2,246.336,305.861,140.0785,0.3833
pob,1025,2,3,246.005,305.1665,50.0914,1.4901
pob,1026,0,0,288.0665,436.4435,17.0074,0.4821
pob,1026,0,1,289.115,434.8265,129.5917,4.0137
pob,1026,0,2,290.583,435.277,84.5932,4.0118
pob,1026,0,3,290.541,437.203,17.0849,0.4833
pob,1026,0,4,290.189,435.7365,85.0443,2.8015
pob,1027,0,0,294.2155,435.1175,131.0301,1.0008
pob,1027,0,1,294.7715,434.81,17.1031,0.476
pob,1027,0,2,293.6425,436.4045,131.6627,4.0813
pob,1027,0,3,292.0185,435.9055,82.4697,4.0822
pob,1027,0,4,291.9785,433.952,17.1031,0.476
pob,1027,0,5,292.266,434.519,83.1166,1.0012
pob,1027,0,6,293.1065,435.2555,17.059,1.6328
pob,1027,1,0,292.991,435.63,17.0889,1.2659
pob,1027,1,1,292.478,436.223,83.2638,1.5688
pob,1027,1,2,293.083,436.409,130.8628,1.5682
pob,1028,0,0,295.9865,436.823,29.6672,0.1899
pob,1028,0,1,295.4255,437.687,128.2256,2.08
pob,1028,0,2,294.5175,438.4225,17.1253,0.5535
pob,1028,0,3,294.7705,436.654,107.0538,3.5292
pob,1028,0,4,295.507,435.0345,17.1319,0.4583
pob,1028,0,5,295.5055,435.8205,107.06,1.5031
pob,1028,0,6,295.375,436.5665,16.9893,0.1882
pob,1028,0,7,296.192,436.031,142.2456,1.839
pob,1028,0,8,297.169,435.5445,17.0141,0.5229
pob,1028,0,9,296.6615,436.1985,142.6793,1.9051
pob,1028,1,0,294.863,438.1185,16.7919,0.1212
pob,1028,1,1,295.115,437.546,108.2015,1.2422
pob,1028,1,2,295.2395,436.935,16.8088,0.1452
pob,1028,1,3,294.988,437.5075,107.0477,1.2415
pob,1029,0,0,301.3175,437.6045,70.6365,2.0298
pob,1029,0,1,301.687,438.687,75.2093,0.2586
pob,1029,0,2,301.0015,439.5705,133.4487,2.0896
pob,1029,0,3,300.175,440.2835,22.846,0.2344
pob,1029,0,4,299.9735,440.1745,34.1803,0.2261
pob,1029,0,5,300.35,439.106,115.0636,2.219
pob,1029,0,6,300.903,438.134,21.6833,0.1787
pob,1029,0,7,301.0565,438.217,35.3442,0.1728
pob,1029,0,8,301.1335,438.264,155.2377,0.0143
pob,1029,0,9,300.8715,437.5265,69.9202,1.5641
pob,1029,0,10,300.792,436.7195,159.0123,0.4048
pob,1029,1,0,300.776,438.5055,11.2246,0.1387
pob,1029,1,1,300.6375,438.4925,179.597,0.141
pob,1029,1,2,300.4265,439.1985,101.2632,1.4387
pob,1029,1,3,300.358,439.934,22.6173,0.156
pob,1029,1,4,300.5,439.9765,10.1234,0.1422
pob,1029,1,5,300.845,439.329,112.6207,1.43
pob,1029,1,6,301.057,438.6255,34.6244,0.1531
pob,1029,1,7,300.919,438.5505,22.7844,0.1627
pob,1030,0,0,303.0645,437.822,28.7872,0.1038
pob,1030,0,1,303.164,437.8115,5.7118,0.2915
pob,1030,0,2,303.261,437.841,162.648,0.1006
pob,1031,0,0,304.5835,439.4615,107.0717,3.1372
pob,1031,0,1,305.231,438.0195,17.0896,0.3913
pob,1031,0,2,304.9005,439.764,107.0538,3.5292
pob,1031,0,3,304.018,441.339,17.0583,0.7636
pob,1031,0,4,303.593,441.0035,74.9737,0.4628
pob,1032,0,0,309.552,443.0375,17.0425,0.4811
pob,1032,0,1,310.565,441.434,129.0361,3.9472
pob,1032,0,2,311.907,441.2925,85.9305,2.79
pob,1032,0,3,312.869,441.588,128.2174,2.79
pob,1032,0,4,313.901,442.458,85.0871,3.9465
pob,1032,0,5,313.84,444.3535,17.0407,0.4811
pob,1032,0,6,313.5025,442.936,85.4371,2.7026
pob,1032,0,7,312.5265,442.705,127.891,2.8282
pob,1032,0,8,311.5585,442.437,85.8878,2.7751
pob,1033,0,0,348.61,420.8215,23.919,1.2011
pob,1033,0,1,349.159,421.351,90.0,0.572
pob,1033,0,2,346.932,420.6175,24.598,4.8985
pob,1033,0,3,346.932,418.5785,155.402,4.8985
pob,1033,0,4,349.159,417.845,90.0,0.572
pob,1033,0,5,348.61,418.3745,156.081,1.2011
pob,1033,0,6,348.061,419.598,90.0,1.96
pob,1033,1,0,347.591,419.598,90.0,1.518
pob,1033,1,1,346.7295,419.2185,156.2258,1.8828
pob,1033,1,2,346.7295,419.9775,23.7742,1.8828
pob,1034,0,0,349.159,422.2735,90.0,0.549
pob,1034,0,1,347.5635,422.548,0.0,3.191
pob,1034,0,2,347.651,424.1165,42.9833,4.6012
pob,1034,0,3,347.129,425.685,0.0,4.41
pob,1034,0,4,344.924,425.4105,90.0,0.549
pob,1034,0,5,346.4695,425.136,0.0,3.091
pob,1034,0,6,346.368,423.5675,43.6017,4.5487
pob,1035,0,0,349.159,426.7075,90.0,0.549
pob,1035,0,1,347.5635,426.982,0.0,3.191
pob,1035,0,2,347.651,428.5505,42.9833,4.6012
pob,1035,0,3,347.129,430.119,0.0,4.41
pob,1035,0,4,344.924,429.8445,90.0,0.549
pob,1035,0,5,346.4695,429.57,0.0,3.091
pob,1035,0,6,346.368,428.0015,43.6017,4.5487
pob,1036,0,0,346.2625,430.788,0.0,2.677
pob,1036,0,1,347.601,432.357,90.0,3.138
pob,1036,0,2,346.2625,433.926,0.0,2.677
pob,1036,0,3,344.924,433.651,90.0,0.55
pob,1036,0,4,346.1715,433.376,0.0,2.495
pob,1036,0,5,347.419,432.3565,90.0,2.039
pob,1036,0,6,346.1715,431.337,0.0,2.495
pob,1037,0,0,348.61,437.4365,23.919,1.2011
pob,1037,0,1,349.159,437.966,90.0,0.572
pob,1037,0,2,346.932,437.2325,24.598,4.8985
pob,1037,0,3,346.932,435.1935,155.402,4.8985
pob,1037,0,4,349.159,434.46,90.0,0.572
pob,1037,0,5,348.61,434.9895,156.081,1.2011
pob,1037,0,6,348.061,436.213,90.0,1.96
pob,1037,1,0,347.591,436.213,90.0,1.518
pob,1037,1,1,346.7295,435.8335,156.2258,1.8828
pob,1037,1,2,346.7295,436.5925,23.7742,1.8828
pob,1038,0,0,344.924,438.8895,90.0,0.549
pob,1038,0,1,347.0415,438.615,0.0,4.235
pob,1038,0,2,349.159,439.536,90.0,1.842
pob,1038,0,3,348.924,440.457,0.0,0.47
pob,1038,0,4,348.689,439.8105,90.0,1.293
pob,1039,0,0,347.276,443.8755,102.6342,0.2285
pob,1039,0,1,346.0875,443.5365,21.1659,2.4954
pob,1039,0,2,344.924,442.7535,90.0,0.665
pob,1039,0,3,347.0415,442.421,0.0,4.235
pob,1039,0,4,349.159,442.6955,90.0,0.549
pob,1039,0,5,348.257,442.97,0.0,1.804
pob,1039,0,6,347.355,443.083,90.0,0.226
pob,1039,0,7,348.257,443.8325,35.2085,2.2079
pob,1039,0,8,349.159,444.7825,90.0,0.627
pob,1039,0,9,348.23,444.43,35.6367,2.2861
pob,1039,1,0,345.394,443.0425,90.0,0.145
pob,1039,1,1,346.139,443.1295,1.1153,1.4903
pob,1039,1,2,346.884,443.057,90.0,0.174
pob,1039,1,3,346.139,442.97,0.0,1.49
pob,1040,0,0,348.61,448.2795,23.919,1.2011
pob,1040,0,1,349.159,448.809,90.0,0.572
pob,1040,0,2,346.932,448.0755,24.598,4.8985
pob,1040,0,3,346.932,446.0365,155.402,4.8985
pob,1040,0,4,349.159,445.303,90.0,0.572
pob,1040,0,5,348.61,445.8325,156.081,1.2011
pob,1040,0,6,348.061,447.056,90.0,1.96
pob,1040,1,0,347.591,447.056,90.0,1.518
pob,1040,1,1,346.7295,446.6765,156.2258,1.8828
pob,1040,1,2,346.7295,447.4355,23.7742,1.8828
pob,1041,0,0,345.394,451.1395,90.0,1.011
pob,1041,0,1,345.159,451.645,0.0,0.47
pob,1041,0,2,344.924,450.3595,90.0,2.571
pob,1041,0,3,345.159,449.074,0.0,0.47
pob,1041,0,4,345.394,449.58,90.0,1.012
pob,1041,0,5,347.2765,450.086,0.0,3.765
pob,1041,0,6,349.159,450.36,90.0,0.548
pob,1042,0,0,349.159,453.186,90.0,2.306
pob,1042,0,1,348.924,454.339,0.0,0.47
pob,1042,0,2,348.689,453.4605,90.0,1.757
pob,1042,0,3,347.865,452.582,0.0,1.648
pob,1042,0,4,347.041,453.4345,90.0,1.705
pob,1042,0,5,346.806,454.287,0.0,0.47
pob,1042,0,6,346.571,453.4345,90.0,1.705
pob,1042,0,7,345.9825,452.582,0.0,1.177
pob,1042,0,8,345.394,453.4605,90.0,1.757
pob,1042,0,9,345.159,454.339,0.0,0.47
pob,1042,0,10,344.924,453.186,90.0,2.306
pob,1043,0,0,344.773,458.417,93.0648,0.2243
pob,1043,0,1,344.7955,458.195,98.5358,0.2225
pob,1043,0,2,347.0195,458.194,2.8268,4.4204
pob,1043,0,3,349.232,458.416,87.4639,0.2262
pob,1043,0,4,349.232,458.642,92.5361,0.2262
pob,1043,0,5,347.0195,458.864,177.1732,4.4204
pob,1043,0,6,344.7955,458.863,81.4642,0.2225
pob,1043,0,7,344.773,458.641,86.9352,0.2243
pob,1043,1,0,348.763,458.444,87.3072,0.1702
pob,1043,1,1,348.7455,458.2765,80.7044,0.1672
pob,1043,1,2,346.99,458.2705,177.4855,3.4874
pob,1043,1,3,345.243,458.438,93.1383,0.1823
pob,1043,1,4,345.243,458.6205,86.8786,0.1833
pob,1043,1,5,346.99,458.788,2.4982,3.4873
pob,1043,1,6,348.7455,458.781,99.241,0.1682
pob,1043,1,7,348.763,458.6135,92.7086,0.1692
pob,1044,0,0,345.159,463.364,0.0,0.47
pob,1044,0,1,344.924,462.324,90.0,2.08
pob,1044,0,2,347.0415,461.284,0.0,4.235
pob,1044,0,3,349.159,461.559,90.0,0.55
pob,1044,0,4,348.1,461.834,0.0,2.118
pob,1044,0,5,347.041,462.5735,90.0,1.479
pob,1044,0,6,346.806,463.313,0.0,0.47
pob,1044,0,7,346.571,462.5735,90.0,1.479
pob,1044,0,8,345.9825,461.834,0.0,1.177
pob,1045,0,0,344.984,468.5875,63.7108,0.28
pob,1045,0,1,346.9965,468.457,179.8619,4.149
pob,1045,0,2,349.0095,468.5825,115.2302,0.2885
pob,1045,0,3,348.6335,468.713,0.0,0.629
pob,1045,0,4,348.4145,468.5865,127.0478,0.317
pob,1045,0,5,346.995,468.4625,179.9055,3.03
pob,1045,0,6,345.5715,468.589,53.5743,0.3082
pob,1046,0,0,345.786,469.875,0.0,1.726
pob,1046,0,1,344.923,469.6005,90.0,0.549
pob,1046,0,2,347.0405,469.326,0.0,4.235
pob,1046,0,3,349.158,469.6005,90.0,0.549
pob,1046,0,4,348.1385,469.875,0.0,2.039
pob,1046,0,5,347.119,470.8555,90.0,1.961
pob,1046,0,6,348.1385,471.836,0.0,2.039
pob,1046,0,7,349.158,472.1105,90.0,0.549
pob,1046,0,8,347.0405,472.385,0.0,4.235
pob,1046,0,9,344.923,472.1105,90.0,0.549
pob,1046,0,10,345.786,471.836,0.0,1.726
pob,1047,0,0,348.61,475.9295,23.919,1.2011
pob,1047,0,1,349.159,476.459,90.0,0.572
pob,1047,0,2,346.932,475.7255,24.598,4.8985
pob,1047,0,3,346.932,473.6865,155.4021,4.8985
pob,1047,0,4,349.159,472.953,90.0,0.572
pob,1047,0,5,348.61,473.4825,156.081,1.2011
pob,1047,0,6,348.061,474.706,90.0,1.96
pob,1047,1,0,347.591,474.706,90.0,1.518
pob,1047,1,1,346.7295,474.3265,156.226,1.8828
pob,1047,1,2,346.7295,475.0855,23.7742,1.8828
pob,1048,0,0,349.159,477.3825,90.0,0.549
pob,1048,0,1,347.5635,477.657,0.0,3.191
pob,1048,0,2,347.651,479.2255,42.9832,4.6012
pob,1048,0,3,347.129,480.794,0.0,4.41
pob,1048,0,4,344.924,480.52,90.0,0.548
pob,1048,0,5,346.4695,480.246,0.0,3.091
pob,1048,0,6,346.368,478.677,43.6109,4.5494
pob,1049,0,0,347.2765,483.76,0.0,0.471
pob,1049,0,1,347.512,484.298,90.0,1.076
pob,1049,0,2,347.638,484.8165,171.2034,0.255
pob,1049,0,3,347.8815,484.751,158.6209,0.2524
pob,1049,0,4,347.5255,483.2805,71.6129,3.0023
pob,1049,0,5,346.9595,481.86,177.5252,0.1852
pob,1049,0,6,346.7765,481.8765,172.1355,0.1827
pob,1049,0,7,346.177,483.2275,110.8201,2.864
pob,1049,0,8,345.7385,484.635,44.3858,0.1973
pob,1049,0,9,345.888,484.7645,37.4481,0.199
pob,1049,0,10,345.78,484.999,137.0619,0.5109
pob,1049,0,11,345.4985,485.094,39.8965,0.2463
pob,1049,0,12,345.321,484.9255,47.1554,0.2441
pob,1049,0,13,346.4685,483.1195,125.6354,4.224
pob,1049,0,14,347.798,481.4395,20.2399,0.211
pob,1049,0,15,347.991,481.521,25.5784,0.2084
pob,1049,0,16,347.7515,483.471,99.9298,3.8679
pob,1049,0,17,347.3115,485.3805,177.5799,0.2132
pob,1049,0,18,347.123,485.385,0.0,0.164
pob,1050,0,0,349.159,487.1,90.0,2.306
pob,1050,0,1,348.924,488.253,0.0,0.47
pob,1050,0,2,348.689,487.3745,90.0,1.757
pob,1050,0,3,347.865,486.496,0.0,1.648
pob,1050,0,4,347.041,487.3485,90.0,1.705
pob,1050,0,5,346.806,488.201,0.0,0.47
pob,1050,0,6,346.571,487.3485,90.0,1.705
pob,1050,0,7,345.9825,486.496,0.0,1.177
pob,1050,0,8,345.394,487.3745,90.0,1.757
pob,1050,0,9,345.159,488.253,0.0,0.47
pob,1050,0,10,344.924,487.1,90.0,2.306
pob,1051,0,0,357.4995,445.181,94.3806,0.1966
pob,1051,0,1,357.47,445.3685,103.8027,0.1843
pob,1051,0,2,355.2505,445.369,2.3192,4.3986
pob,1051,0,3,353.045,445.1815,85.3594,0.1977
pob,1051,0,4,353.045,444.9845,94.6406,0.1977
pob,1051,0,5,355.2505,444.797,177.6808,4.3986
pob,1051,0,6,357.47,444.7975,76.1973,0.1843
pob,1051,0,7,357.4995,444.985,85.6194,0.1966
pob,1051,1,0,353.514,445.1515,84.1618,0.1377
pob,1051,1,1,353.5405,445.2825,72.6715,0.1309
pob,1051,1,2,355.292,445.2825,177.9333,3.4662
pob,1051,1,3,357.0305,445.1515,95.4211,0.1376
pob,1051,1,4,357.0305,445.014,84.6183,0.1386
pob,1051,1,5,355.292,444.883,2.05,3.4662
pob,1051,1,6,353.5405,444.883,107.4608,0.13
pob,1051,1,7,353.514,445.014,95.7959,0.1387
pob,1052,0,0,356.894,447.463,102.0316,0.1247
pob,1052,0,1,356.941,447.5735,78.7872,0.3497
pob,1052,0,2,356.941,447.6955,55.5185,0.1201
pob,1053,0,0,357.4995,450.077,94.3806,0.1966
pob,1053,0,1,357.47,450.2645,103.8027,0.1843
pob,1053,0,2,355.2505,450.2645,2.3323,4.3987
pob,1053,0,3,353.045,450.077,85.3357,0.1967
pob,1053,0,4,353.045,449.8805,94.6406,0.1977
pob,1053,0,5,355.2505,449.6925,177.6677,4.3987
pob,1053,0,6,357.47,449.693,76.2716,0.1853
pob,1053,0,7,357.4995,449.881,85.6194,0.1966
pob,1053,1,0,353.514,450.0475,84.1618,0.1377
pob,1053,1,1,353.5405,450.1785,72.6715,0.1309
pob,1053,1,2,355.292,450.1785,177.9333,3.4662
pob,1053,1,3,357.0305,450.0475,95.4211,0.1376
pob,1053,1,4,357.0305,449.91,84.6183,0.1386
pob,1053,1,5,355.292,449.779,2.05,3.4662
pob,1053,1,6,353.5405,449.779,107.4608,0.13
pob,1053,1,7,353.514,449.91,95.7959,0.1387
pob,1054,0,0,353.194,456.7425,90.0,0.577
pob,1054,0,1,355.39,457.3405,21.9833,4.7364
pob,1054,0,2,356.0245,458.83,158.8851,3.3478
pob,1054,0,3,356.0245,460.037,21.1471,3.3485
pob,1054,0,4,355.39,461.5275,158.0167,4.7364
pob,1054,0,5,353.194,462.125,90.0,0.578
pob,1054,0,6,354.7015,461.2385,158.3792,3.2432
pob,1054,0,7,354.623,460.0375,20.8325,3.3939
pob,1054,0,8,354.5895,458.8325,158.8217,3.3299
pob,1055,0,0,337.9975,434.623,0.0,2.689
pob,1055,0,1,339.9005,434.2115,143.6176,1.3875
pob,1055,0,2,340.4065,433.7005,62.1803,0.225
pob,1055,0,3,340.572,433.4685,148.7092,0.5102
pob,1055,0,4,340.829,433.4145,63.5799,0.1753
pob,1055,0,5,340.105,434.3325,132.2669,2.2689
pob,1055,0,6,337.9975,435.172,0.0,2.689
pob,1056,0,0,340.339,438.6755,23.919,1.2011
pob,1056,0,1,340.888,439.205,90.0,0.572
pob,1056,0,2,338.661,438.4715,24.598,4.8985
pob,1056,0,3,338.661,436.4325,155.402,4.8985
pob,1056,0,4,340.888,435.699,90.0,0.572
pob,1056,0,5,340.339,436.2285,156.081,1.2011
pob,1056,0,6,339.79,437.452,90.0,1.96
pob,1056,1,0,339.32,437.452,90.0,1.518
pob,1056,1,1,338.4585,437.0725,156.2258,1.8828
pob,1056,1,2,338.4585,437.8315,23.7742,1.8828
pob,1057,0,0,340.888,440.1275,90.0,0.549
pob,1057,0,1,339.292,440.402,0.0,3.192
pob,1057,0,2,339.3795,441.9705,42.975,4.6019
pob,1057,0,3,338.858,443.539,0.0,4.41
pob,1057,0,4,336.653,443.2645,90.0,0.549
pob,1057,0,5,338.1985,442.99,0.0,3.091
pob,1057,0,6,338.097,441.4215,43.6017,4.5487
pob,1058,0,0,337.9915,444.209,0.0,2.677
pob,1058,0,1,339.33,445.778,90.0,3.138
pob,1058,0,2,337.9915,447.347,0.0,2.677
pob,1058,0,3,336.653,447.072,90.0,0.55
pob,1058,0,4,337.9005,446.797,0.0,2.495
pob,1058,0,5,339.148,445.7775,90.0,2.039
pob,1058,0,6,337.9005,444.758,0.0,2.495
pob,1059,0,0,340.339,450.8575,23.919,1.2011
pob,1059,0,1,340.888,451.387,90.0,0.572
pob,1059,0,2,338.661,450.6535,24.598,4.8985
pob,1059,0,3,338.661,448.6145,155.402,4.8985
pob,1059,0,4,340.888,447.881,90.0,0.572
pob,1059,0,5,340.339,448.4105,156.081,1.2011
pob,1059,0,6,339.79,449.634,90.0,1.96
pob,1059,1,0,339.32,449.634,90.0,1.518
pob,1059,1,1,338.4585,449.2545,156.2258,1.8828
pob,1059,1,2,338.4585,450.0135,23.7742,1.8828
pob,1060,0,0,339.005,453.4905,102.6342,0.2285
pob,1060,0,1,337.8165,453.1515,21.1659,2.4954
pob,1060,0,2,336.653,452.3685,90.0,0.665
pob,1060,0,3,338.7705,452.036,0.0,4.235
pob,1060,0,4,340.888,452.3105,90.0,0.549
pob,1060,0,5,339.986,452.585,0.0,1.804
pob,1060,0,6,339.084,452.698,90.0,0.226
pob,1060,0,7,339.986,453.4475,35.2085,2.2079
pob,1060,0,8,340.888,454.3975,90.0,0.627
pob,1060,0,9,339.959,454.045,35.6367,2.2861
pob,1060,1,0,337.123,452.6575,90.0,0.145
pob,1060,1,1,337.868,452.7445,1.1153,1.4903
pob,1060,1,2,338.613,452.672,90.0,0.174
pob,1060,1,3,337.868,452.585,0.0,1.49
pob,1061,0,0,339.9485,456.044,0.0,1.879
pob,1061,0,1,340.888,456.3185,90.0,0.549
pob,1061,0,2,339.9485,456.593,0.0,1.879
pob,1061,0,3,337.831,457.2875,149.4779,2.735
pob,1061,0,4,336.653,457.677,90.0,0.61
pob,1061,0,5,337.539,456.8455,149.2788,2.0612
pob,1061,0,6,337.539,455.792,30.7449,2.0617
pob,1061,0,7,336.653,454.9605,90.0,0.609
pob,1062,0,0,339.5435,461.572,141.6047,2.2316
pob,1062,0,1,338.078,461.109,62.9216,2.5966
pob,1062,0,2,337.625,459.928,169.7311,0.2805
pob,1062,0,3,337.763,460.168,90.0,0.53
pob,1062,0,4,337.683,460.4455,171.1217,0.1619
pob,1062,0,5,338.0895,461.0835,52.1254,1.5848
pob,1062,0,6,339.732,460.7775,141.1383,2.9692
pob,1062,0,7,340.888,461.2025,90.0,2.713
pob,1062,0,8,340.653,462.559,0.0,0.47
pob,1063,0,0,340.9585,464.548,94.3806,0.1966
pob,1063,0,1,340.929,464.7355,103.8027,0.1843
pob,1063,0,2,338.7095,464.7355,2.3323,4.3987
pob,1063,0,3,336.504,464.548,85.3357,0.1967
pob,1063,0,4,336.504,464.3515,94.6406,0.1977
pob,1063,0,5,338.7095,464.164,177.6808,4.3986
pob,1063,0,6,340.929,464.1645,76.1973,0.1843
pob,1063,0,7,340.9585,464.352,85.6194,0.1966
pob,1063,1,0,336.973,464.5185,84.1618,0.1377
pob,1063,1,1,336.9995,464.6495,72.6715,0.1309
pob,1063,1,2,338.751,464.6495,177.9333,3.4662
pob,1063,1,3,340.4895,464.5185,95.4211,0.1376
pob,1063,1,4,340.4895,464.381,84.6183,0.1386
pob,1063,1,5,338.751,464.25,2.05,3.4662
pob,1063,1,6,336.9995,464.25,107.4608,0.13
pob,1063,1,7,336.973,464.381,95.7959,0.1387
pob,1064,0,0,339.5435,468.101,141.6047,2.2316
pob,1064,0,1,338.078,467.6375,62.9317,2.5975
pob,1064,0,2,337.625,466.456,169.7326,0.2805
pob,1064,0,3,337.763,466.6965,90.0,0.531
pob,1064,0,4,337.683,466.9745,171.119,0.1619
pob,1064,0,5,338.0895,467.6125,52.1252,1.5848
pob,1064,0,6,339.732,467.3065,141.1384,2.9692
pob,1064,0,7,340.888,467.731,90.0,2.712
pob,1064,0,8,340.653,469.087,0.0,0.47
pob,1065,0,0,336.888,472.294,0.0,0.47
pob,1065,0,1,336.653,471.458,90.0,1.672
pob,1065,0,2,337.7425,470.294,163.2453,2.2756
pob,1065,0,3,338.832,470.017,90.0,0.102
pob,1065,0,4,338.753,470.1485,134.4656,0.2256
pob,1065,0,5,339.0665,471.0545,64.5703,1.8281
pob,1065,0,6,339.5625,471.87,174.4822,0.208
pob,1065,0,7,339.763,471.8305,163.0848,0.2028
pob,1065,0,8,339.989,470.9295,98.4197,1.762
pob,1065,0,9,340.0585,470.015,35.8575,0.1468
pob,1065,0,10,339.9335,469.941,25.3268,0.1449
pob,1065,0,11,340.053,469.712,133.0559,0.5419
pob,1065,0,12,340.32,469.567,32.8748,0.1953
pob,1065,0,13,339.194,470.3215,149.8556,2.7938
pob,1065,0,14,337.9945,470.8735,93.2538,0.2995
pob,1065,0,15,337.563,470.856,163.3008,0.9188
pob,1066,0,0,251.0005,119.583,0.0,3.767
pob,1066,0,1,252.884,119.8185,90.0,0.471
pob,1066,0,2,250.765,120.054,0.0,4.238
pob,1066,0,3,248.646,119.5955,90.0,0.917
pob,1066,0,4,248.8815,118.9895,147.9411,0.5557
pob,1067,0,0,251.0005,123.064,0.0,3.767
pob,1067,0,1,252.884,123.2995,90.0,0.471
pob,1067,0,2,250.765,123.535,0.0,4.238
pob,1067,0,3,248.646,123.0765,90.0,0.917
pob,1067,0,4,248.8815,122.4705,147.9411,0.5557
pob,1068,0,0,252.9545,126.84,94.3759,0.1966
pob,1068,0,1,252.925,127.0275,103.8131,0.1843
pob,1068,0,2,250.704,127.028,2.3178,4.4016
pob,1068,0,3,248.4975,126.8405,85.6458,0.1976
pob,1068,0,4,248.4975,126.6435,94.3542,0.1976
pob,1068,0,5,250.704,126.4555,177.6691,4.4016
pob,1068,0,6,252.925,126.456,76.2613,0.1853
pob,1068,0,7,252.9545,126.644,85.6241,0.1966
pob,1068,1,0,248.967,126.8105,84.1681,0.1377
pob,1068,1,1,248.993,126.9415,73.0867,0.1307
pob,1068,1,2,250.745,126.9415,177.9345,3.4683
pob,1068,1,3,252.485,126.8105,95.8319,0.1377
pob,1068,1,4,252.485,126.673,84.2104,0.1387
pob,1068,1,5,250.745,126.542,2.0488,3.4682
pob,1068,1,6,248.993,126.542,107.0428,0.1297
pob,1068,1,7,248.967,126.673,95.7896,0.1387
pob,1069,0,0,249.249,129.092,157.1659,1.6493
pob,1069,0,1,250.073,128.935,68.5657,0.3502
pob,1069,0,2,249.3985,129.4845,152.3738,1.667
pob,1070,0,0,252.334,135.4305,23.9187,1.2012
pob,1070,0,1,252.883,135.9605,90.0,0.573
pob,1070,0,2,250.655,135.227,24.5988,4.9008
pob,1070,0,3,250.655,133.187,155.4015,4.9008
pob,1070,0,4,252.883,132.4525,90.0,0.571
pob,1070,0,5,252.334,132.982,156.0374,1.2016
pob,1070,0,6,251.785,134.2065,90.0,1.961
pob,1070,1,0,251.314,134.2065,90.0,1.519
pob,1070,1,1,250.4525,133.827,156.1988,1.8832
pob,1070,1,2,250.4525,134.5865,23.774,1.8828
pob,1071,0,0,248.646,137.1,90.0,0.55
pob,1071,0,1,250.7645,136.825,0.0,4.237
pob,1071,0,2,252.883,137.747,90.0,1.844
pob,1071,0,3,252.648,138.669,0.0,0.47
pob,1071,0,4,252.413,138.022,90.0,1.294
pob,1072,0,0,251.0005,141.436,0.0,0.471
pob,1072,0,1,251.236,141.9745,90.0,1.077
pob,1072,0,2,251.362,142.4935,171.2028,0.255
pob,1072,0,3,251.6055,142.4275,158.4106,0.2527
pob,1072,0,4,251.2495,140.956,71.6195,3.0032
pob,1072,0,5,250.683,139.535,177.5386,0.1862
pob,1072,0,6,250.5,139.5515,172.0944,0.1817
pob,1072,0,7,249.9005,140.9035,110.8249,2.8663
pob,1072,0,8,249.462,142.312,44.182,0.198
pob,1072,0,9,249.6115,142.4415,37.6224,0.1982
pob,1072,0,10,249.503,142.676,137.0637,0.5109
pob,1072,0,11,249.2215,142.771,39.8937,0.2463
pob,1072,0,12,249.044,142.6025,47.1605,0.2441
pob,1072,0,13,250.1925,140.7955,125.6417,4.2268
pob,1072,0,14,251.5225,139.1145,20.3315,0.2101
pob,1072,0,15,251.7155,139.196,25.463,0.2093
pob,1072,0,16,251.476,141.147,99.9393,3.8701
pob,1072,0,17,251.0355,143.0575,177.5797,0.2132
pob,1072,0,18,250.847,143.062,0.0,0.164
pob,1073,0,0,248.488,146.151,153.5837,0.3417
pob,1073,0,1,251.1415,146.075,0.0,5.001
pob,1073,0,2,253.8015,146.151,25.4784,0.3534
pob,1073,0,3,253.8055,146.436,126.6504,0.521
pob,1073,0,4,253.506,146.5835,23.1234,0.3132
pob,1073,0,5,251.1425,146.522,0.0,4.439
pob,1073,0,6,248.7845,146.5835,156.0586,0.3031
pob,1074,0,0,251.0005,148.574,0.0,3.767
pob,1074,0,1,252.884,148.8095,90.0,0.471
pob,1074,0,2,250.765,149.045,0.0,4.238
pob,1074,0,3,248.646,148.5865,90.0,0.917
pob,1074,0,4,248.8815,147.9805,147.9411,0.5557
pob,1075,0,0,250.1065,153.233,0.0,3.357
pob,1075,0,1,250.342,151.9465,146.0928,4.6124
pob,1075,0,2,252.256,151.711,90.0,2.102
pob,1075,0,3,252.5695,152.762,0.0,0.627
pob,1075,0,4,252.883,152.9975,90.0,0.471
pob,1075,0,5,252.5695,153.233,0.0,0.627
pob,1075,0,6,252.256,153.476,90.0,0.486
pob,1075,0,7,252.0205,153.719,0.0,0.471
pob,1075,0,8,251.785,153.476,90.0,0.486
pob,1075,1,0,251.785,152.1575,90.0,1.209
pob,1075,1,1,250.9065,152.152,145.7122,2.1266
pob,1075,1,2,250.028,152.7565,90.0,0.011
pob,1075,1,3,250.9065,152.762,0.0,1.757
pob,1076,0,0,248.7845,154.4855,23.9414,0.3031
pob,1076,0,1,251.1425,154.547,0.0,4.439
pob,1076,0,2,253.5065,154.4855,156.9476,0.3141
pob,1076,0,3,253.8065,154.633,53.3509,0.521
pob,1076,0,4,253.802,154.918,154.5906,0.3543
pob,1076,0,5,251.142,154.994,0.0,5.0
pob,1076,0,6,248.4885,154.918,26.3414,0.3426
pob,1077,0,0,242.17,120.694,90.0,0.55
pob,1077,0,1,244.2885,120.419,0.0,4.237
pob,1077,0,2,246.407,121.341,90.0,1.844
pob,1077,0,3,246.172,122.263,0.0,0.47
pob,1077,0,4,245.937,121.616,90.0,1.294
pob,1078,0,0,244.2886,123.3607,0.0,4.2372
pob,1078,0,1,246.4072,123.0859,90.0,0.5497
pob,1078,0,2,244.2886,122.811,0.0,4.2372
pob,1078,0,3,242.17,123.0859,90.0,0.5497
pob,1079,0,0,244.5245,126.557,0.0,0.471
pob,1079,0,1,244.76,127.0955,90.0,1.077
pob,1079,0,2,244.886,127.6145,171.2028,0.255
pob,1079,0,3,245.1295,127.5485,158.4106,0.2527
pob,1079,0,4,244.7735,126.077,71.6195,3.0032
pob,1079,0,5,244.207,124.656,177.5386,0.1862
pob,1079,0,6,244.024,124.6725,172.0944,0.1817
pob,1079,0,7,243.4245,126.0245,110.8249,2.8663
pob,1079,0,8,242.986,127.433,44.182,0.198
pob,1079,0,9,243.1355,127.5625,37.6224,0.1982
pob,1079,0,10,243.027,127.797,137.0637,0.5109
pob,1079,0,11,242.7455,127.892,39.8937,0.2463
pob,1079,0,12,242.568,127.7235,47.1605,0.2441
pob,1079,0,13,243.716,125.9165,125.6307,4.2262
pob,1079,0,14,245.046,124.2355,20.238,0.211
pob,1079,0,15,245.2395,124.317,25.463,0.2093
pob,1079,0,16,245.0,126.268,99.9393,3.8701
pob,1079,0,17,244.5595,128.1785,177.5797,0.2132
pob,1079,0,18,244.371,128.183,0.0,0.164
pob,1080,0,0,243.034,129.511,0.0,1.726
pob,1080,0,1,242.171,129.236,90.0,0.55
pob,1080,0,2,244.2895,128.961,0.0,4.237
pob,1080,0,3,246.408,129.236,90.0,0.55
pob,1080,0,4,245.388,129.511,0.0,2.04
pob,1080,0,5,244.368,130.492,90.0,1.962
pob,1080,0,6,245.388,131.473,0.0,2.04
pob,1080,0,7,246.408,131.7475,90.0,0.549
pob,1080,0,8,244.2895,132.022,0.0,4.237
pob,1080,0,9,242.171,131.7475,90.0,0.549
pob,1080,0,10,243.034,131.473,0.0,1.726
pob,1081,0,0,242.641,134.674,90.0,1.012
pob,1081,0,1,242.4055,135.18,0.0,0.471
pob,1081,0,2,242.17,133.894,90.0,2.572
pob,1081,0,3,242.4055,132.608,0.0,0.471
pob,1081,0,4,242.641,133.1135,90.0,1.011
pob,1081,0,5,244.5245,133.619,0.0,3.767
pob,1081,0,6,246.408,133.8935,90.0,0.549
pob,1082,0,0,244.603,138.3385,90.0,0.313
pob,1082,0,1,243.3865,138.379,5.4469,2.444
pob,1082,0,2,242.17,137.9475,90.0,0.631
pob,1082,0,3,244.289,137.632,0.0,4.238
pob,1082,0,4,246.408,137.907,90.0,0.55
pob,1082,0,5,245.5055,138.182,0.0,1.805
pob,1082,1,0,242.641,138.2545,90.0,0.145
pob,1082,1,1,243.3865,138.3415,1.1151,1.4913
pob,1082,1,2,244.132,138.269,90.0,0.174
pob,1082,1,3,243.3865,138.182,0.0,1.491
pob,1083,0,0,242.019,142.4545,93.0511,0.2253
pob,1083,0,1,242.0415,142.2325,98.5706,0.2215
pob,1083,0,2,244.2665,142.2315,2.8127,4.4223
pob,1083,0,3,246.48,142.4535,87.4789,0.2272
pob,1083,0,4,246.48,142.68,92.532,0.2262
pob,1083,0,5,244.2665,142.902,177.1746,4.4224
pob,1083,0,6,242.0415,142.901,81.4681,0.2225
pob,1083,0,7,242.019,142.679,86.9352,0.2243
pob,1083,1,0,246.011,142.482,87.3074,0.1702
pob,1083,1,1,245.9935,142.3145,80.7028,0.1672
pob,1083,1,2,244.2365,142.308,177.5044,3.4903
pob,1083,1,3,242.488,142.4755,93.1259,0.1833
pob,1083,1,4,242.488,142.658,86.8569,0.1823
pob,1083,1,5,244.2365,142.8255,2.5121,3.4904
pob,1083,1,6,245.9935,142.819,99.2418,0.1682
pob,1083,1,7,246.011,142.6515,92.7086,0.1692
pob,1084,0,0,242.17,145.814,90.0,0.55
pob,1084,0,1,244.2885,145.539,0.0,4.237
pob,1084,0,2,246.407,146.461,90.0,1.844
pob,1084,0,3,246.172,147.383,0.0,0.47
pob,1084,0,4,245.937,146.736,90.0,1.294
pob,1085,0,0,246.408,149.0845,90.0,2.307
pob,1085,0,1,246.1725,150.238,0.0,0.471
pob,1085,0,2,245.937,149.3595,90.0,1.757
pob,1085,0,3,245.113,148.481,0.0,1.648
pob,1085,0,4,244.289,149.334,90.0,1.706
pob,1085,0,5,244.054,150.187,0.0,0.47
pob,1085,0,6,243.819,149.334,90.0,1.706
pob,1085,0,7,243.23,148.481,0.0,1.178
pob,1085,0,8,242.641,149.3595,90.0,1.757
pob,1085,0,9,242.406,150.238,0.0,0.47
pob,1085,0,10,242.171,149.0845,90.0,2.307
pob,1086,0,0,242.564,153.4135,34.3331,0.172
pob,1086,0,1,242.4305,153.3095,41.611,0.1672
pob,1086,0,2,243.2,152.467,136.5921,2.2905
pob,1086,0,3,244.079,151.766,61.3483,0.196
pob,1086,0,4,244.168,151.9425,65.1046,0.1995
pob,1086,0,5,244.865,151.7715,158.2359,1.4105
pob,1086,0,6,245.4405,151.486,16.8001,0.1661
pob,1086,0,7,245.2745,151.455,4.629,0.1736
pob,1086,0,8,245.246,151.173,101.9112,0.5621
pob,1086,0,9,245.4295,150.926,12.5775,0.2572
pob,1086,0,10,245.6695,151.001,22.3156,0.2475
pob,1086,0,11,245.138,152.235,118.5565,2.7028
pob,1086,0,12,244.4085,153.3575,37.6853,0.211
pob,1086,0,13,244.253,153.214,47.6529,0.2138
pob,1086,0,14,244.118,153.044,55.3043,0.2214
pob,1086,0,15,243.693,152.324,60.0788,1.4515
pob,1086,0,16,243.2775,151.6745,20.974,0.1146
pob,1086,0,17,243.1635,151.647,6.5891,0.1218
pob,1086,0,18,242.8065,152.1025,122.6636,1.0988
pob,1086,0,19,242.549,152.6555,66.6861,0.1971
pob,1086,0,20,242.652,152.8215,49.7149,0.1979
pob,1086,0,21,242.8055,152.961,35.5659,0.2201
pob,1087,0,0,132.7475,186.418,0.0,3.767
pob,1087,0,1,134.631,186.6535,90.0,0.471
pob,1087,0,2,132.512,186.889,0.0,4.238
pob,1087,0,3,130.393,186.4305,90.0,0.917
pob,1087,0,4,130.6285,185.8245,147.9411,0.5557
pob,1088,0,0,132.7475,189.9,0.0,3.767
pob,1088,0,1,134.631,190.1355,90.0,0.471
pob,1088,0,2,132.512,190.371,0.0,4.238
pob,1088,0,3,130.393,189.9125,90.0,0.917
pob,1088,0,4,130.6285,189.3065,147.9411,0.5557
pob,1089,0,0,134.7005,193.676,94.3759,0.1966
pob,1089,0,1,134.671,193.8635,103.8131,0.1843
pob,1089,0,2,132.45,193.864,2.3178,4.4016
pob,1089,0,3,130.2435,193.6765,85.6458,0.1976
pob,1089,0,4,130.2435,193.4795,94.3542,0.1976
pob,1089,0,5,132.45,193.2915,177.6691,4.4016
pob,1089,0,6,134.671,193.292,76.2613,0.1853
pob,1089,0,7,134.7005,193.48,85.6241,0.1966
pob,1089,1,0,130.713,193.6465,84.1681,0.1377
pob,1089,1,1,130.7395,193.7775,72.6715,0.1309
pob,1089,1,2,132.492,193.7775,177.9345,3.4683
pob,1089,1,3,134.2315,193.6465,95.4211,0.1376
pob,1089,1,4,134.2315,193.509,84.6183,0.1386
pob,1089,1,5,132.492,193.378,2.0488,3.4682
pob,1089,1,6,130.7395,193.378,107.4608,0.13
pob,1089,1,7,130.713,193.509,95.7896,0.1387
pob,1090,0,0,130.996,195.927,157.1659,1.6493
pob,1090,0,1,131.82,195.77,68.5657,0.3502
pob,1090,0,2,131.1455,196.3195,152.3738,1.667
pob,1091,0,0,134.081,202.2655,23.9187,1.2012
pob,1091,0,1,134.63,202.7955,90.0,0.573
pob,1091,0,2,132.402,202.062,24.5988,4.9008
pob,1091,0,3,132.402,200.022,155.4015,4.9008
pob,1091,0,4,134.63,199.2875,90.0,0.571
pob,1091,0,5,134.081,199.817,156.0374,1.2016
pob,1091,0,6,133.532,201.0415,90.0,1.961
pob,1091,1,0,133.061,201.0415,90.0,1.519
pob,1091,1,1,132.1995,200.662,156.1988,1.8832
pob,1091,1,2,132.1995,201.4215,23.774,1.8828
pob,1092,0,0,130.393,203.935,90.0,0.55
pob,1092,0,1,132.5115,203.66,0.0,4.237
pob,1092,0,2,134.63,204.582,90.0,1.844
pob,1092,0,3,134.395,205.504,0.0,0.47
pob,1092,0,4,134.16,204.857,90.0,1.294
pob,1093,0,0,132.7475,208.271,0.0,0.471
pob,1093,0,1,132.983,208.8095,90.0,1.077
pob,1093,0,2,133.109,209.3285,171.2028,0.255
pob,1093,0,3,133.3525,209.2625,158.4106,0.2527
pob,1093,0,4,132.9965,207.791,71.6195,3.0032
pob,1093,0,5,132.43,206.37,177.5386,0.1862
pob,1093,0,6,132.247,206.3865,172.0944,0.1817
pob,1093,0,7,131.6475,207.738,110.8321,2.8653
pob,1093,0,8,131.209,209.1465,44.3902,0.1987
pob,1093,0,9,131.359,209.276,37.2172,0.1984
pob,1093,0,10,131.2505,209.5105,137.0568,0.5123
pob,1093,0,11,130.9685,209.6055,40.073,0.247
pob,1093,0,12,130.791,209.4365,47.1605,0.2441
pob,1093,0,13,131.9395,207.63,125.6496,4.2259
pob,1093,0,14,133.2695,205.949,20.0736,0.2097
pob,1093,0,15,133.4625,206.0305,25.7113,0.2098
pob,1093,0,16,133.223,207.982,99.9393,3.8701
pob,1093,0,17,132.7825,209.8925,177.5797,0.2132
pob,1093,0,18,132.594,209.897,0.0,0.164
pob,1094,0,0,130.235,212.986,153.5837,0.3417
pob,1094,0,1,132.8885,212.91,0.0,5.001
pob,1094,0,2,135.5485,212.986,25.4784,0.3534
pob,1094,0,3,135.5525,213.271,126.6504,0.521
pob,1094,0,4,135.253,213.4185,23.1234,0.3132
pob,1094,0,5,132.8895,213.357,0.0,4.439
pob,1094,0,6,130.5315,213.4185,156.0586,0.3031
pob,1095,0,0,133.285,215.9925,141.6008,2.233
pob,1095,0,1,131.8185,215.529,62.9222,2.5989
pob,1095,0,2,131.365,214.347,169.7342,0.2805
pob,1095,0,3,131.503,214.5875,90.0,0.531
pob,1095,0,4,131.423,214.8655,171.111,0.1619
pob,1095,0,5,131.83,215.504,52.1183,1.5862
pob,1095,0,6,133.4735,215.1975,141.1205,2.9712
pob,1095,0,7,134.63,215.622,90.0,2.714
pob,1095,0,8,134.395,216.979,0.0,0.47
pob,1096,0,0,134.7005,219.185,94.3759,0.1966
pob,1096,0,1,134.671,219.3725,103.8131,0.1843
pob,1096,0,2,132.45,219.3725,2.3305,4.4016
pob,1096,0,3,130.2435,219.185,85.6241,0.1966
pob,1096,0,4,130.2435,218.9885,94.3542,0.1976
pob,1096,0,5,132.45,218.8005,177.6691,4.4016
pob,1096,0,6,134.671,218.801,76.2613,0.1853
pob,1096,0,7,134.7005,218.989,85.6241,0.1966
pob,1096,1,0,130.713,219.1555,84.1681,0.1377
pob,1096,1,1,130.7395,219.2865,72.6715,0.1309
pob,1096,1,2,132.492,219.2865,177.9345,3.4683
pob,1096,1,3,134.2315,219.1555,95.4211,0.1376
pob,1096,1,4,134.2315,219.018,84.6183,0.1386
pob,1096,1,5,132.492,218.887,2.0488,3.4682
pob,1096,1,6,130.7395,218.887,107.4608,0.13
pob,1096,1,7,130.713,219.018,95.7896,0.1387
pob,1097,0,0,130.5315,221.3215,23.9414,0.3031
pob,1097,0,1,132.8895,221.383,0.0,4.439
pob,1097,0,2,135.2535,221.3215,156.9476,0.3141
pob,1097,0,3,135.5535,221.469,53.3509,0.521
pob,1097,0,4,135.549,221.754,154.5906,0.3543
pob,1097,0,5,132.889,221.83,0.0,5.0
pob,1097,0,6,130.2355,221.754,26.3414,0.3426
pob,1098,0,0,123.917,187.53,90.0,0.55
pob,1098,0,1,126.0355,187.255,0.0,4.237
pob,1098,0,2,128.154,188.177,90.0,1.844
pob,1098,0,3,127.919,189.099,0.0,0.47
pob,1098,0,4,127.684,188.452,90.0,1.294
pob,1099,0,0,126.0356,190.1957,0.0,4.2372
pob,1099,0,1,128.1542,189.9209,90.0,0.5497
pob,1099,0,2,126.0356,189.646,0.0,4.2372
pob,1099,0,3,123.917,189.9209,90.0,0.5497
pob,1100,0,0,126.2715,193.392,0.0,0.471
pob,1100,0,1,126.507,193.9305,90.0,1.077
pob,1100,0,2,126.633,194.4495,171.2022,0.255
pob,1100,0,3,126.8765,194.3835,158.4119,0.2527
pob,1100,0,4,126.5205,192.912,71.6194,3.0032
pob,1100,0,5,125.954,191.491,177.5386,0.1862
pob,1100,0,6,125.771,191.5075,172.0948,0.1817
pob,1100,0,7,125.1715,192.8595,110.8249,2.8663
pob,1100,0,8,124.733,194.268,44.182,0.198
pob,1100,0,9,124.8825,194.397,37.3897,0.1976
pob,1100,0,10,124.774,194.6315,136.9805,0.5115
pob,1100,0,11,124.4925,194.727,39.8926,0.2463
pob,1100,0,12,124.315,194.558,47.3207,0.2449
pob,1100,0,13,125.4635,192.751,125.6496,4.2259
pob,1100,0,14,126.7935,191.07,20.0736,0.2097
pob,1100,0,15,126.9865,191.1515,25.7113,0.2098
pob,1100,0,16,126.747,193.103,99.9393,3.8701
pob,1100,0,17,126.307,195.0135,177.5683,0.2122
pob,1100,0,18,126.1185,195.018,0.0,0.165
pob,1101,0,0,124.7805,196.346,0.0,1.727
pob,1101,0,1,123.917,196.071,90.0,0.55
pob,1101,0,2,126.036,195.796,0.0,4.238
pob,1101,0,3,128.155,196.071,90.0,0.55
pob,1101,0,4,127.135,196.346,0.0,2.04
pob,1101,0,5,126.115,197.327,90.0,1.962
pob,1101,0,6,127.135,198.308,0.0,2.04
pob,1101,0,7,128.155,198.5825,90.0,0.549
pob,1101,0,8,126.036,198.857,0.0,4.238
pob,1101,0,9,123.917,198.5825,90.0,0.549
pob,1101,0,10,124.7805,198.308,0.0,1.727
pob,1102,0,0,124.388,201.509,90.0,1.012
pob,1102,0,1,124.1525,202.015,0.0,0.471
pob,1102,0,2,123.917,200.7285,90.0,2.573
pob,1102,0,3,124.1525,199.442,0.0,0.471
pob,1102,0,4,124.388,199.948,90.0,1.012
pob,1102,0,5,126.2715,200.454,0.0,3.767
pob,1102,0,6,128.155,200.7285,90.0,0.549
pob,1103,0,0,126.35,205.1735,90.0,0.313
pob,1103,0,1,125.1335,205.214,5.4469,2.444
pob,1103,0,2,123.917,204.783,90.0,0.63
pob,1103,0,3,126.036,204.468,0.0,4.238
pob,1103,0,4,128.155,204.7425,90.0,0.549
pob,1103,0,5,127.2525,205.017,0.0,1.805
pob,1103,1,0,124.388,205.0895,90.0,0.145
pob,1103,1,1,125.1335,205.1765,1.1151,1.4913
pob,1103,1,2,125.879,205.104,90.0,0.174
pob,1103,1,3,125.1335,205.017,0.0,1.491
pob,1104,0,0,123.766,209.2905,93.0531,0.2253
pob,1104,0,1,123.7885,209.0685,98.5686,0.2215
pob,1104,0,2,126.0135,209.0675,2.8127,4.4223
pob,1104,0,3,128.227,209.2895,87.4789,0.2272
pob,1104,0,4,128.227,209.516,92.532,0.2262
pob,1104,0,5,126.0135,209.738,177.1746,4.4224
pob,1104,0,6,123.7885,209.737,81.47,0.2225
pob,1104,0,7,123.766,209.515,86.9332,0.2243
pob,1104,1,0,127.758,209.318,87.3074,0.1702
pob,1104,1,1,127.741,209.1505,81.0437,0.167
pob,1104,1,2,125.9845,209.144,177.5044,3.4903
pob,1104,1,3,124.236,209.3115,93.1282,0.1833
pob,1104,1,4,124.236,209.494,86.8545,0.1823
pob,1104,1,5,125.9845,209.661,2.4961,3.4903
pob,1104,1,6,127.741,209.6545,98.9547,0.167
pob,1104,1,7,127.758,209.4875,92.7086,0.1692
pob,1105,0,0,123.917,212.649,90.0,0.55
pob,1105,0,1,126.0355,212.374,0.0,4.237
pob,1105,0,2,128.154,213.296,90.0,1.844
pob,1105,0,3,127.919,214.218,0.0,0.47
pob,1105,0,4,127.684,213.571,90.0,1.294
pob,1106,0,0,128.154,215.9195,90.0,2.307
pob,1106,0,1,127.9185,217.073,0.0,0.471
pob,1106,0,2,127.683,216.1945,90.0,1.757
pob,1106,0,3,126.859,215.316,0.0,1.648
pob,1106,0,4,126.035,216.169,90.0,1.706
pob,1106,0,5,125.8,217.022,0.0,0.47
pob,1106,0,6,125.565,216.169,90.0,1.706
pob,1106,0,7,124.976,215.316,0.0,1.178
pob,1106,0,8,124.387,216.1945,90.0,1.757
pob,1106,0,9,124.152,217.073,0.0,0.47
pob,1106,0,10,123.917,215.9195,90.0,2.307
pob,1107,0,0,124.31,220.2485,34.3331,0.172
pob,1107,0,1,124.1765,220.1445,41.611,0.1672
pob,1107,0,2,124.946,219.302,136.5921,2.2905
pob,1107,0,3,125.8245,218.6015,61.7407,0.1964
pob,1107,0,4,125.9135,218.778,64.7254,0.1991
pob,1107,0,5,126.611,218.6065,158.236,1.4106
pob,1107,0,6,127.1865,218.321,16.7993,0.1661
pob,1107,0,7,127.0205,218.29,4.6292,0.1736
pob,1107,0,8,126.992,218.0085,101.9309,0.5611
pob,1107,0,9,127.176,217.7615,12.3104,0.2579
pob,1107,0,10,127.416,217.836,22.4038,0.2466
pob,1107,0,11,126.884,219.07,118.5564,2.7028
pob,1107,0,12,126.1545,220.1925,37.684,0.211
pob,1107,0,13,125.999,220.049,47.6513,0.2138
pob,1107,0,14,125.8645,219.879,55.5192,0.2208
pob,1107,0,15,125.4395,219.159,60.0446,1.452
pob,1107,0,16,125.0235,218.5095,20.9726,0.1146
pob,1107,0,17,124.91,218.482,6.6439,0.1208
pob,1107,0,18,124.553,218.9375,122.7075,1.0993
pob,1107,0,19,124.295,219.4905,66.6861,0.1971
pob,1107,0,20,124.3985,219.6565,49.4932,0.1986
pob,1107,0,21,124.552,219.796,35.7178,0.2192
pob,1108,0,0,322.993,318.272,5.3817,0.2772
pob,1108,0,1,322.5215,319.3235,120.4088,2.4083
pob,1108,0,2,321.8765,320.288,64.3686,0.1642
pob,1108,0,3,321.751,320.333,127.0984,0.2984
pob,1108,0,4,321.661,319.5495,90.0,1.805
pob,1108,0,5,321.751,318.76,51.4668,0.2889
pob,1108,0,6,321.8765,318.8025,116.7285,0.1579
pob,1108,0,7,322.301,318.5005,149.2429,0.9053
pob,1108,0,8,322.7725,318.264,176.5286,0.1653
pob,1108,1,0,320.116,319.6265,83.6942,0.1459
pob,1108,1,1,320.1455,319.768,72.6936,0.1445
pob,1108,1,2,320.8745,319.764,174.1091,1.4225
pob,1108,1,3,321.5905,319.6225,97.0732,0.138
pob,1108,1,4,321.5905,319.485,82.9779,0.139
pob,1108,1,5,320.8745,319.343,5.8921,1.4225
pob,1108,1,6,320.1455,319.339,107.3064,0.1445
pob,1108,1,7,320.116,319.481,96.2613,0.1469
pob,1108,2,0,322.078,319.6335,84.2567,0.1598
pob,1108,2,1,322.1085,319.788,73.2954,0.1566
pob,1108,2,2,322.8775,319.786,174.1112,1.5009
pob,1108,2,3,323.632,319.6315,95.8904,0.1558
pob,1108,2,4,323.632,319.476,84.1474,0.1568
pob,1108,2,5,322.8775,319.321,5.8899,1.5009
pob,1108,2,6,322.1085,319.3195,106.5993,0.1576
pob,1108,2,7,322.078,319.4745,95.7422,0.1598
pob,1109,0,0,320.0295,324.352,0.0,0.471
pob,1109,0,1,319.794,323.5155,90.0,1.673
pob,1109,0,2,320.8845,322.351,163.2596,2.2775
pob,1109,0,3,321.975,322.074,90.0,0.102
pob,1109,0,4,321.8955,322.2055,134.6448,0.2263
pob,1109,0,5,322.209,323.112,64.5553,1.8295
pob,1109,0,6,322.706,323.928,174.5109,0.209
pob,1109,0,7,322.9065,323.8885,162.9954,0.2018
pob,1109,0,8,323.1325,322.987,98.4474,1.7631
pob,1109,0,9,323.202,322.072,35.6285,0.1476
pob,1109,0,10,323.077,321.998,25.5009,0.144
pob,1109,0,11,323.197,321.769,133.0559,0.5419
pob,1109,0,12,323.464,321.6235,32.6316,0.1947
pob,1109,0,13,322.337,322.378,149.8588,2.7961
pob,1109,0,14,321.1365,322.9305,93.2537,0.2995
pob,1109,0,15,320.705,322.9135,163.2403,0.919
pob,1110,0,0,320.398,325.385,157.1657,1.6492
pob,1110,0,1,321.222,325.228,68.5611,0.3503
pob,1110,0,2,320.5475,325.7775,152.3743,1.6671
pob,1111,0,0,323.483,331.725,23.9629,1.2016
pob,1111,0,1,324.032,332.255,90.0,0.572
pob,1111,0,2,321.804,331.521,24.5989,4.9008
pob,1111,0,3,321.804,329.481,155.4014,4.9008
pob,1111,0,4,324.032,328.747,90.0,0.572
pob,1111,0,5,323.483,329.2765,156.081,1.2011
pob,1111,0,6,322.934,330.5005,90.0,1.961
pob,1111,1,0,322.463,330.5005,90.0,1.519
pob,1111,1,1,321.6015,330.121,156.1986,1.8832
pob,1111,1,2,321.6015,330.8805,23.7742,1.8828
pob,1112,0,0,319.795,333.394,90.0,0.55
pob,1112,0,1,321.9135,333.119,0.0,4.237
pob,1112,0,2,324.032,334.041,90.0,1.844
pob,1112,0,3,323.797,334.963,0.0,0.47
pob,1112,0,4,323.562,334.316,90.0,1.294
pob,1113,0,0,322.1495,337.73,0.0,0.471
pob,1113,0,1,322.385,338.2685,90.0,1.077
pob,1113,0,2,322.511,338.7875,171.2017,0.255
pob,1113,0,3,322.7545,338.7215,158.4131,0.2527
pob,1113,0,4,322.3985,337.25,71.619,3.0032
pob,1113,0,5,321.8325,335.829,177.5252,0.1852
pob,1113,0,6,321.6495,335.8455,172.1379,0.1827
pob,1113,0,7,321.0495,337.1975,110.8247,2.8663
pob,1113,0,8,320.611,338.606,44.182,0.198
pob,1113,0,9,320.761,338.735,37.2172,0.1984
pob,1113,0,10,320.6525,338.9695,137.0568,0.5123
pob,1113,0,11,320.3705,339.065,39.8965,0.2463
pob,1113,0,12,320.193,338.896,47.3185,0.2448
pob,1113,0,13,321.3415,337.089,125.6493,4.226
pob,1113,0,14,322.6715,335.4085,20.333,0.2101
pob,1113,0,15,322.8645,335.49,25.4594,0.2094
pob,1113,0,16,322.6255,337.441,99.9251,3.8699
pob,1113,0,17,322.1855,339.3515,177.5796,0.2132
pob,1113,0,18,321.9965,339.356,0.0,0.165
pob,1114,0,0,319.637,342.445,153.586,0.3417
pob,1114,0,1,322.2905,342.369,0.0,5.001
pob,1114,0,2,324.9505,342.445,25.4762,0.3534
pob,1114,0,3,324.9545,342.73,126.6504,0.521
pob,1114,0,4,324.655,342.8775,23.1271,0.3132
pob,1114,0,5,322.2915,342.816,0.0,4.439
pob,1114,0,6,319.9335,342.8775,156.0571,0.3031
pob,1115,0,0,322.0425,344.79,148.2721,4.1796
pob,1115,0,1,323.965,343.8965,54.7923,0.503
pob,1115,0,2,321.952,345.427,148.4503,5.0646
pob,1115,0,3,319.794,345.2215,90.0,3.061
pob,1115,0,4,320.0295,343.691,0.0,0.471
pob,1116,0,0,319.9335,347.2975,23.9429,0.3031
pob,1116,0,1,322.292,347.359,0.0,4.44
pob,1116,0,2,324.656,347.2975,156.8729,0.3132
pob,1116,0,3,324.9555,347.445,53.3496,0.521
pob,1116,0,4,324.951,347.73,154.5916,0.3543
pob,1116,0,5,322.291,347.806,0.0,5.0
pob,1116,0,6,319.6375,347.73,26.3414,0.3426
pob,1117,0,0,313.319,316.988,90.0,0.55
pob,1117,0,1,315.4375,316.713,0.0,4.237
pob,1117,0,2,317.556,317.635,90.0,1.844
pob,1117,0,3,317.321,318.557,0.0,0.47
pob,1117,0,4,317.086,317.91,90.0,1.294
pob,1118,0,0,315.4376,319.6547,0.0,4.2372
pob,1118,0,1,317.5562,319.3799,90.0,0.5497
pob,1118,0,2,315.4376,319.105,0.0,4.2372
pob,1118,0,3,313.319,319.3799,90.0,0.5497
pob,1119,0,0,315.6725,322.851,0.0,0.471
pob,1119,0,1,315.908,323.3895,90.0,1.077
pob,1119,0,2,316.034,323.9085,171.2017,0.255
pob,1119,0,3,316.2775,323.8425,158.4131,0.2527
pob,1119,0,4,315.9215,322.371,71.619,3.0032
pob,1119,0,5,315.3555,320.95,177.5252,0.1852
pob,1119,0,6,315.1725,320.9665,172.1379,0.1827
pob,1119,0,7,314.5725,322.3185,110.8247,2.8663
pob,1119,0,8,314.134,323.727,44.182,0.198
pob,1119,0,9,314.284,323.856,37.2172,0.1984
pob,1119,0,10,314.1755,324.0905,137.0568,0.5123
pob,1119,0,11,313.8935,324.186,39.8937,0.2463
pob,1119,0,12,313.716,324.017,47.3233,0.2449
pob,1119,0,13,314.8645,322.21,125.6495,4.2259
pob,1119,0,14,316.1945,320.5295,20.333,0.2101
pob,1119,0,15,316.3875,320.611,25.4594,0.2094
pob,1119,0,16,316.148,322.562,99.9393,3.8701
pob,1119,0,17,315.7075,324.4725,177.5799,0.2132
pob,1119,0,18,315.519,324.477,0.0,0.164
pob,1120,0,0,314.182,325.804,0.0,1.726
pob,1120,0,1,313.319,325.529,90.0,0.55
pob,1120,0,2,315.4375,325.254,0.0,4.237
pob,1120,0,3,317.556,325.529,90.0,0.55
pob,1120,0,4,316.536,325.804,0.0,2.04
pob,1120,0,5,315.516,326.785,90.0,1.962
pob,1120,0,6,316.536,327.766,0.0,2.04
pob,1120,0,7,317.556,328.0405,90.0,0.549
pob,1120,0,8,315.4375,328.315,0.0,4.237
pob,1120,0,9,313.319,328.0405,90.0,0.549
pob,1120,0,10,314.182,327.766,0.0,1.726
pob,1121,0,0,313.79,330.967,90.0,1.012
pob,1121,0,1,313.5545,331.473,0.0,0.471
pob,1121,0,2,313.319,330.1865,90.0,2.573
pob,1121,0,3,313.5545,328.9,0.0,0.471
pob,1121,0,4,313.79,329.406,90.0,1.012
pob,1121,0,5,315.6735,329.912,0.0,3.767
pob,1121,0,6,317.557,330.1865,90.0,0.549
pob,1122,0,0,315.752,334.6315,90.0,0.313
pob,1122,0,1,314.5355,334.672,5.4468,2.444
pob,1122,0,2,313.319,334.2405,90.0,0.631
pob,1122,0,3,315.438,333.925,0.0,4.238
pob,1122,0,4,317.557,334.2,90.0,0.55
pob,1122,0,5,316.6545,334.475,0.0,1.805
pob,1122,1,0,313.79,334.5475,90.0,0.145
pob,1122,1,1,314.5355,334.6345,1.1151,1.4913
pob,1122,1,2,315.281,334.562,90.0,0.174
pob,1122,1,3,314.5355,334.475,0.0,1.491
pob,1123,0,0,313.168,338.7485,93.0511,0.2253
pob,1123,0,1,313.1905,338.5265,98.5745,0.2215
pob,1123,0,2,315.4155,338.5255,2.8125,4.4223
pob,1123,0,3,317.629,338.7475,87.4829,0.2272
pob,1123,0,4,317.629,338.974,92.5283,0.2262
pob,1123,0,5,315.4155,339.196,177.1744,4.4224
pob,1123,0,6,313.1905,339.195,81.4642,0.2225
pob,1123,0,7,313.168,338.973,86.9352,0.2243
pob,1123,1,0,317.16,338.776,87.2969,0.1702
pob,1123,1,1,317.1425,338.6085,80.7148,0.1672
pob,1123,1,2,315.386,338.602,177.5032,3.4893
pob,1123,1,3,313.638,338.7695,93.1214,0.1833
pob,1123,1,4,313.638,338.9525,86.8786,0.1833
pob,1123,1,5,315.386,339.12,2.4968,3.4893
pob,1123,1,6,317.1425,339.1135,99.2852,0.1672
pob,1123,1,7,317.16,338.946,92.7031,0.1702
pob,1124,0,0,313.319,342.108,90.0,0.55
pob,1124,0,1,315.4375,341.833,0.0,4.237
pob,1124,0,2,317.556,342.755,90.0,1.844
pob,1124,0,3,317.321,343.677,0.0,0.47
pob,1124,0,4,317.086,343.03,90.0,1.294
pob,1125,0,0,317.556,345.3775,90.0,2.307
pob,1125,0,1,317.3205,346.531,0.0,0.471
pob,1125,0,2,317.085,345.6525,90.0,1.757
pob,1125,0,3,316.261,344.774,0.0,1.648
pob,1125,0,4,315.437,345.627,90.0,1.706
pob,1125,0,5,315.202,346.48,0.0,0.47
pob,1125,0,6,314.967,345.627,90.0,1.706
pob,1125,0,7,314.378,344.774,0.0,1.178
pob,1125,0,8,313.789,345.6525,90.0,1.757
pob,1125,0,9,313.554,346.531,0.0,0.47
pob,1125,0,10,313.319,345.3775,90.0,2.307
pob,1126,0,0,313.712,349.7065,34.3373,0.172
pob,1126,0,1,313.5785,349.6025,41.6031,0.1672
pob,1126,0,2,314.348,348.76,136.5921,2.2905
pob,1126,0,3,315.227,348.059,61.344,0.196
pob,1126,0,4,315.316,348.2355,65.1006,0.1995
pob,1126,0,5,316.013,348.0645,158.2365,1.4105
pob,1126,0,6,316.5885,347.779,16.8001,0.1661
pob,1126,0,7,316.4225,347.748,4.629,0.1736
pob,1126,0,8,316.394,347.4665,101.9305,0.5611
pob,1126,0,9,316.578,347.2195,12.3145,0.2579
pob,1126,0,10,316.818,347.294,22.4044,0.2466
pob,1126,0,11,316.2865,348.528,118.5373,2.7023
pob,1126,0,12,315.5575,349.6505,37.6886,0.211
pob,1126,0,13,315.4015,349.507,47.451,0.2145
pob,1126,0,14,315.2665,349.337,55.5192,0.2208
pob,1126,0,15,314.8415,348.617,60.0454,1.4519
pob,1126,0,16,314.426,347.9675,21.143,0.1137
pob,1126,0,17,314.3125,347.94,6.6033,0.1218
pob,1126,0,18,313.9555,348.3955,122.6625,1.0988
pob,1126,0,19,313.6975,348.9485,66.9555,0.1967
pob,1126,0,20,313.8005,349.115,49.6812,0.1994
pob,1126,0,21,313.954,349.2545,35.5056,0.2187
pob,1127,0,0,74.652,51.5725,90.0,0.935
pob,1127,0,1,72.403,52.049,179.7706,4.498
pob,1127,0,2,70.154,51.5815,90.0,0.953
pob,1127,0,3,72.403,51.105,0.0,4.498
pob,1127,1,0,70.654,51.7865,90.0,0.197
pob,1127,1,1,72.4035,51.885,0.0,3.499
pob,1127,1,2,74.153,51.7865,90.0,0.197
pob,1127,1,3,72.4035,51.688,0.0,3.499
pob,1128,0,0,30.755,479.129,23.9625,1.2016
pob,1128,0,1,31.304,479.659,90.0,0.572
pob,1128,0,2,29.076,478.925,24.5988,4.9008
pob,1128,0,3,29.076,476.885,155.4013,4.9008
pob,1128,0,4,31.304,476.151,90.0,0.572
pob,1128,0,5,30.755,476.6805,156.0811,1.2012
pob,1128,0,6,30.206,477.9045,90.0,1.961
pob,1128,1,0,29.735,477.9045,90.0,1.519
pob,1128,1,1,28.8735,477.525,156.1983,1.8832
pob,1128,1,2,28.8735,478.2845,23.7741,1.8828
pob,1129,0,0,31.1525,482.055,0.0,3.767
pob,1129,0,1,33.036,482.2905,90.0,0.471
pob,1129,0,2,30.917,482.526,0.0,4.238
pob,1129,0,3,28.798,482.067,90.0,0.918
pob,1129,0,4,29.0335,481.461,148.0276,0.5552
pob,1130,0,0,243.0325,285.308,53.477,0.1966
pob,1130,0,1,243.133,285.469,62.879,0.1843
pob,1130,0,2,241.454,286.9225,141.4478,4.4013
pob,1130,0,3,239.6625,288.225,44.3827,0.1973
pob,1130,0,4,239.5335,288.076,53.827,0.1982
pob,1130,0,5,241.0795,286.49,136.8138,4.4011
pob,1130,0,6,242.759,285.0375,35.5013,0.1842
pob,1130,0,7,242.904,285.16,44.588,0.1966
pob,1130,1,0,239.998,287.895,43.2343,0.1373
pob,1130,1,1,240.1035,287.9765,31.8678,0.1307
pob,1130,1,2,241.4285,286.83,137.0684,3.4678
pob,1130,1,3,242.658,285.593,54.4616,0.1376
pob,1130,1,4,242.5685,285.489,44.1214,0.1379
pob,1130,1,5,241.1675,286.528,141.1909,3.4688
pob,1130,1,6,239.842,287.675,66.575,0.1308
pob,1130,1,7,239.908,287.7915,54.6965,0.1384
pob,1131,0,0,243.056,291.559,139.1336,0.4708
pob,1131,0,1,242.331,291.0805,49.1465,1.6724
pob,1131,0,2,242.394,289.487,122.4056,2.2765
pob,1131,0,3,243.037,288.5645,49.3996,0.1014
pob,1131,0,4,243.063,288.7155,93.5584,0.2254
pob,1131,0,5,243.8935,289.1955,23.6919,1.8291
pob,1131,0,6,244.8025,289.4875,133.4422,0.208
pob,1131,0,7,244.928,289.326,122.1258,0.2031
pob,1131,0,8,244.5095,288.497,57.5459,1.761
pob,1131,0,9,243.9635,287.7605,174.9456,0.1476
pob,1131,0,10,243.8205,287.786,164.713,0.1441
pob,1131,0,11,243.7615,287.5345,92.2226,0.5414
pob,1131,0,12,243.8685,287.25,171.7412,0.195
pob,1131,0,13,243.51,288.5575,108.9989,2.7953
pob,1131,0,14,242.9635,289.76,52.444,0.3002
pob,1131,0,15,242.6255,290.0295,122.3943,0.9202
pob,1132,0,0,246.26,292.0245,61.7486,0.2282
pob,1132,0,1,245.1385,292.546,160.295,2.4972
pob,1132,0,2,243.7455,292.7155,49.146,0.665
pob,1132,0,3,245.13,291.078,139.1346,4.2367
pob,1132,0,4,246.912,289.8995,49.0599,0.5494
pob,1132,0,5,246.4095,290.6975,139.1337,1.805
pob,1132,0,6,245.801,291.3735,49.1203,0.2262
pob,1132,0,7,246.974,291.3495,174.3102,2.2089
pob,1132,0,8,248.278,291.477,49.1416,0.6267
pob,1132,0,9,247.3445,291.819,174.7309,2.2867
pob,1132,1,0,244.2915,292.627,49.1808,0.1453
pob,1132,1,1,244.912,292.205,140.2239,1.4911
pob,1132,1,2,245.428,291.6625,48.9618,0.1737
pob,1132,1,3,244.8075,292.0845,139.1358,1.4902
pob,1133,0,0,148.8715,376.8725,100.7157,2.2319
pob,1133,0,1,150.283,376.264,22.0634,2.5983
pob,1133,0,2,151.399,376.861,128.9142,0.2802
pob,1133,0,3,151.1375,376.7695,49.1292,0.5303
pob,1133,0,4,151.016,376.507,129.9861,0.1618
pob,1133,0,5,150.291,376.2905,11.2458,1.5844
pob,1133,0,6,149.2495,377.597,100.2618,2.9695
pob,1133,0,7,148.0975,378.0325,49.1263,2.7124
pob,1133,0,8,147.388,376.853,139.1338,0.4707
pob,1134,0,0,147.3295,374.0295,48.8435,0.1899
pob,1134,0,1,147.136,374.6645,100.5042,1.4371
pob,1134,0,2,147.072,375.335,151.746,0.1521
pob,1134,0,3,147.307,375.493,49.1083,0.5133
pob,1134,0,4,147.3685,375.754,147.8248,0.2516
pob,1134,0,5,147.071,374.562,81.3738,2.5468
pob,1134,0,6,146.958,373.326,16.432,0.1626
pob,1134,0,7,147.037,373.2085,90.4076,0.281
pob,1134,0,8,148.149,373.5025,21.36,2.3859
pob,1134,0,9,149.184,374.0385,126.823,0.2536
pob,1134,0,10,148.936,373.941,49.1613,0.5261
pob,1134,0,11,148.8035,373.6875,125.9348,0.1346
pob,1134,0,12,148.249,373.6535,178.0234,1.1887
pob,1134,0,13,147.7065,373.74,52.0366,0.1674
pob,1135,0,0,147.314,370.6535,49.0588,0.5494
pob,1135,0,1,145.8925,372.247,139.1258,4.2359
pob,1135,0,2,143.688,372.936,49.1358,1.8433
pob,1135,0,3,143.263,372.0855,139.2264,0.4701
pob,1135,0,4,143.864,372.421,49.1398,1.2931
pob,1136,0,0,219.1175,324.1865,72.501,1.2005
pob,1136,0,1,219.0835,324.9485,138.5402,0.5724
pob,1136,0,2,218.1595,322.7935,73.1629,4.899
pob,1136,0,3,219.6885,321.444,23.9651,4.8994
pob,1136,0,4,221.7125,322.6285,138.5412,0.5724
pob,1136,0,5,220.952,322.5675,24.6453,1.2015
pob,1136,0,6,219.6715,322.9655,138.5582,1.9596
pob,1136,1,0,219.3605,322.6125,138.576,1.519
pob,1136,1,1,219.075,321.716,24.7411,1.8828
pob,1136,1,2,218.5055,322.2185,72.3354,1.8817
pob,1137,0,0,214.1195,324.2055,82.9996,0.1723
pob,1137,0,1,214.109,324.037,90.0,0.166
pob,1137,0,2,215.249,324.057,5.1626,2.2893
pob,1137,0,3,216.3555,324.252,110.0064,0.1958
pob,1137,0,4,216.282,324.435,113.7316,0.1988
pob,1137,0,5,216.8715,324.844,26.8018,1.4105
pob,1137,0,6,217.466,325.0865,65.1265,0.1664
pob,1137,0,7,217.3795,324.9415,53.4636,0.173
pob,1137,0,8,217.572,324.7335,150.4194,0.5611
pob,1137,0,9,217.8785,324.708,61.0546,0.2583
pob,1137,0,10,217.981,324.9375,71.0499,0.2464
pob,1137,0,11,216.7045,325.3555,167.1009,2.7012
pob,1137,0,12,215.3815,325.5515,86.4742,0.2114
pob,1137,0,13,215.386,325.34,95.9253,0.2131
pob,1137,0,14,215.4235,325.127,103.9131,0.2205
pob,1137,0,15,215.682,324.332,108.6341,1.4521
pob,1137,0,16,215.894,323.591,69.3265,0.1133
pob,1137,0,17,215.8395,323.488,55.3959,0.1215
pob,1137,0,18,215.262,323.5215,171.2582,1.0988
pob,1137,0,19,214.677,323.694,115.2619,0.1968
pob,1137,0,20,214.621,323.8815,98.0897,0.199
pob,1137,0,21,214.618,324.089,84.241,0.2191
pob,1138,0,0,211.6505,326.3845,82.9996,0.1723
pob,1138,0,1,211.64,326.216,90.0,0.166
pob,1138,0,2,212.78,326.236,5.1626,2.2893
pob,1138,0,3,213.8865,326.431,110.0064,0.1958
pob,1138,0,4,213.8135,326.614,113.4654,0.1984
pob,1138,0,5,214.403,327.023,26.8202,1.4096
pob,1138,0,6,214.9975,327.2655,65.4419,0.166
pob,1138,0,7,214.911,327.1205,53.1966,0.1736
pob,1138,0,8,215.103,326.9125,150.4194,0.5611
pob,1138,0,9,215.4095,326.887,61.0546,0.2583
pob,1138,0,10,215.5125,327.1165,70.8321,0.2467
pob,1138,0,11,214.236,327.5345,167.1056,2.7021
pob,1138,0,12,212.9125,327.7305,86.4742,0.2114
pob,1138,0,13,212.917,327.519,95.9253,0.2131
pob,1138,0,14,212.955,327.306,104.1631,0.2207
pob,1138,0,15,213.2135,326.511,108.597,1.4518
pob,1138,0,16,213.425,325.77,69.3265,0.1133
pob,1138,0,17,213.3705,325.667,55.3959,0.1215
pob,1138,0,18,212.7935,325.7005,171.2503,1.0978
pob,1138,0,19,212.2085,325.873,115.5224,0.1973
pob,1138,0,20,212.152,326.06,98.1307,0.198
pob,1138,0,21,212.149,326.2675,84.2673,0.2201
pob,1139,0,0,211.0075,331.3445,72.501,1.2005
pob,1139,0,1,210.9735,332.1065,138.5402,0.5724
pob,1139,0,2,210.0495,329.9515,73.1629,4.899
pob,1139,0,3,211.5785,328.602,23.9651,4.8994
pob,1139,0,4,213.6025,329.7865,138.5412,0.5724
pob,1139,0,5,212.842,329.7255,24.6453,1.2015
pob,1139,0,6,211.5615,330.1235,138.5582,1.9596
pob,1139,1,0,211.2505,329.7705,138.576,1.519
pob,1139,1,1,210.965,328.874,24.7411,1.8828
pob,1139,1,2,210.3955,329.3765,72.3354,1.8817
pob,1140,0,0,208.4345,330.4845,48.5743,2.6766
pob,1140,0,1,208.144,332.526,138.5663,3.1372
pob,1140,0,2,206.0825,332.5605,48.5745,2.6767
pob,1140,0,3,205.4025,331.3755,138.5513,0.5483
pob,1140,0,4,206.434,332.129,48.5419,2.4952
pob,1140,0,5,208.0245,332.3895,138.579,2.039
pob,1140,0,6,207.9635,330.7795,48.5743,2.4953
pob,1141,0,0,204.256,332.388,138.5387,0.5498
pob,1141,0,1,205.863,333.7935,48.5711,4.2346
pob,1141,0,2,206.5735,335.991,138.5423,1.8427
pob,1141,0,3,205.7275,336.4245,48.62,0.4704
pob,1141,0,4,206.0565,335.8205,138.5758,1.2923
pob,1142,0,0,201.686,335.2825,138.5684,1.011
pob,1142,0,1,201.151,335.441,48.448,0.4704
pob,1142,0,2,201.959,334.414,138.5628,2.5718
pob,1142,0,3,203.0785,333.7395,48.6186,0.4705
pob,1142,0,4,202.855,334.2505,138.569,1.011
pob,1142,0,5,203.7215,335.9965,48.5752,3.7649
pob,1142,0,6,204.7615,337.5895,138.549,0.5483
pob,1143,0,0,197.6105,338.7775,83.0002,0.1723
pob,1143,0,1,197.6,338.609,90.0,0.166
pob,1143,0,2,198.74,338.6285,5.1378,2.2892
pob,1143,0,3,199.8465,338.823,110.0079,0.1958
pob,1143,0,4,199.7735,339.0065,113.3483,0.1993
pob,1143,0,5,200.363,339.416,26.8197,1.4096
pob,1143,0,6,200.957,339.659,64.9821,0.1655
pob,1143,0,7,200.8705,339.514,53.6583,0.1738
pob,1143,0,8,201.063,339.306,150.5089,0.5606
pob,1143,0,9,201.3695,339.2805,60.9461,0.2574
pob,1143,0,10,201.4725,339.5095,70.8321,0.2467
pob,1143,0,11,200.196,339.928,167.0848,2.7024
pob,1143,0,12,198.8725,340.1245,86.4742,0.2114
pob,1143,0,13,198.877,339.9125,95.8975,0.2141
pob,1143,0,14,198.915,339.699,104.1631,0.2207
pob,1143,0,15,199.1735,338.9045,108.6097,1.4509
pob,1143,0,16,199.385,338.1635,69.5076,0.1142
pob,1143,0,17,199.3305,338.06,55.3918,0.1215
pob,1143,0,18,198.7535,338.0935,171.2503,1.0978
pob,1143,0,19,198.1685,338.266,115.5224,0.1973
pob,1143,0,20,198.112,338.4535,98.0897,0.199
pob,1143,0,21,198.109,338.661,84.2406,0.2191
pob,1144,0,0,195.672,340.5915,138.5684,1.011
pob,1144,0,1,195.137,340.75,48.4467,0.4704
pob,1144,0,2,195.945,339.723,138.5628,2.5718
pob,1144,0,3,197.0645,339.0485,48.6186,0.4705
pob,1144,0,4,196.841,339.5595,138.5696,1.011
pob,1144,0,5,197.7075,341.3055,48.5752,3.7649
pob,1144,0,6,198.7475,342.8985,138.549,0.5483
pob,1145,0,0,194.962,343.729,151.1887,0.2283
pob,1145,0,1,194.43,342.6135,69.7423,2.4954
pob,1145,0,2,194.247,341.223,138.5382,0.6645
pob,1145,0,3,195.8975,342.5905,48.5609,4.2353
pob,1145,0,4,197.093,344.3595,138.6174,0.5491
pob,1145,0,5,196.29,343.865,48.5512,1.8038
pob,1145,0,6,195.6085,343.264,138.4082,0.226
pob,1145,0,7,195.6435,344.436,83.7831,2.207
pob,1145,0,8,195.528,345.7405,138.5557,0.627
pob,1145,0,9,195.1775,344.811,84.1995,2.2857
pob,1145,1,0,194.341,341.767,138.3604,0.1445
pob,1145,1,1,194.769,342.383,49.6823,1.4899
pob,1145,1,2,195.316,342.8935,138.507,0.1736
pob,1145,1,3,194.888,342.2775,48.5644,1.4899
pob,1146,0,0,191.795,343.386,138.5399,0.5498
pob,1146,0,1,193.402,344.792,48.5798,4.2353
pob,1146,0,2,194.597,346.5615,138.6174,0.5491
pob,1147,0,0,191.9025,346.5335,138.6247,0.3132
pob,1147,0,1,191.0675,345.649,54.0123,2.4421
pob,1147,0,2,190.5865,344.452,138.5319,0.6312
pob,1147,0,3,192.224,345.831,48.5798,4.2353
pob,1147,0,4,193.419,347.6005,138.6174,0.5491
pob,1147,0,5,192.6165,347.106,48.5752,1.8031
pob,1147,1,0,190.668,345.008,138.3645,0.1445
pob,1147,1,1,191.096,345.624,49.6819,1.4899
pob,1147,1,2,191.6435,346.1345,138.723,0.1743
pob,1147,1,3,191.216,345.5185,48.5648,1.4899
pob,1148,0,0,179.5075,360.659,143.0722,0.1964
pob,1148,0,1,179.347,360.7605,152.601,0.1847
pob,1148,0,2,177.882,359.093,51.035,4.3985
pob,1148,0,3,176.5675,357.312,133.9755,0.1973
pob,1148,0,4,176.7155,357.182,143.4162,0.198
pob,1148,0,5,178.312,358.7155,46.3909,4.3988
pob,1148,0,6,179.776,360.3835,125.0689,0.1845
pob,1148,0,7,179.6545,360.5295,134.173,0.1966
pob,1148,1,0,176.9,357.645,133.225,0.1372
pob,1148,1,1,176.819,357.751,121.2613,0.131
pob,1148,1,2,177.975,359.067,46.6368,3.4662
pob,1148,1,3,179.2205,360.287,144.2202,0.1368
pob,1148,1,4,179.3235,360.1965,133.2476,0.1387
pob,1148,1,5,178.275,358.8035,50.7724,3.4661
pob,1148,1,6,177.1195,357.4875,155.9898,0.1303
pob,1148,1,7,177.0035,357.5545,144.3702,0.139
pob,1149,0,0,177.1975,361.8805,150.7639,0.1249
pob,1149,0,1,177.1455,361.989,127.4585,0.3502
pob,1149,0,2,177.054,362.0695,104.3821,0.1208
pob,1150,0,0,171.837,361.9785,48.7108,0.4698
pob,1150,0,1,172.31,361.25,138.685,1.6722
pob,1150,0,2,173.9035,361.3005,31.9654,2.2761
pob,1150,0,3,174.8305,361.9365,138.9704,0.1021
pob,1150,0,4,174.6795,361.9635,3.3068,0.2254
pob,1150,0,5,174.2055,362.7975,113.2724,1.8299
pob,1150,0,6,173.92,363.709,43.0529,0.208
pob,1150,0,7,174.082,363.833,31.6458,0.202
pob,1150,0,8,174.908,363.408,147.1397,1.7619
pob,1150,0,9,175.641,362.8565,84.5563,0.1477
pob,1150,0,10,175.6145,362.714,74.2187,0.1434
pob,1150,0,11,175.8655,362.653,1.6931,0.5412
pob,1150,0,12,176.1505,362.7575,81.4531,0.1952
pob,1150,0,13,174.841,362.409,18.5776,2.7936
pob,1150,0,14,173.635,361.872,142.0579,0.2993
pob,1150,0,15,173.363,361.5365,31.979,0.9195
pob,1151,0,0,170.411,362.7205,144.1618,0.1998
pob,1151,0,1,170.5785,362.621,154.6399,0.1915
pob,1151,0,2,171.1865,363.315,54.6434,1.8024
pob,1151,0,3,171.64,364.122,133.3643,0.1981
pob,1151,0,4,171.492,364.252,144.0556,0.1976
pob,1151,0,5,170.7505,363.698,42.7741,1.8024
pob,1151,0,6,170.141,363.005,122.7,0.1925
pob,1151,0,7,170.2615,362.8515,133.3728,0.1995
pob,1151,1,0,170.492,363.063,133.1488,0.1316
pob,1151,1,1,170.413,363.1655,121.9628,0.1285
pob,1151,1,2,170.8185,363.6275,42.8365,1.1987
pob,1151,1,3,171.3115,363.9965,144.2642,0.1318
pob,1151,1,4,171.41,363.91,133.1488,0.1316
pob,1151,1,5,171.108,363.373,54.64,1.1992
pob,1151,1,6,170.7025,362.911,155.2253,0.1289
pob,1151,1,7,170.5905,362.9765,144.2603,0.1318
pob,1152,0,0,171.104,364.9525,18.4753,4.9449
pob,1152,0,1,173.398,365.875,110.1493,0.2961
pob,1152,0,2,171.006,365.2305,18.5047,4.9373
pob,1153,0,0,170.686,365.82,143.8938,0.2104
pob,1153,0,1,170.8615,365.7145,154.3267,0.2008
pob,1153,0,2,171.495,366.437,54.668,1.8779
pob,1153,0,3,171.966,367.279,133.4498,0.2094
pob,1153,0,4,171.81,367.4165,143.7936,0.2082
pob,1153,0,5,171.036,366.8405,42.735,1.8788
pob,1153,0,6,170.401,366.119,123.2155,0.2008
pob,1153,0,7,170.5285,365.9585,133.4631,0.2108
pob,1153,1,0,170.7605,366.169,132.9639,0.1394
pob,1153,1,1,170.677,366.2775,122.0511,0.1357
pob,1153,1,2,171.108,366.768,42.8363,1.2737
pob,1153,1,3,171.6315,367.1605,144.3702,0.139
pob,1153,1,4,171.7355,367.069,132.9639,0.1394
pob,1153,1,5,171.4145,366.499,54.6244,1.273
pob,1153,1,6,170.9835,366.0085,155.4902,0.1374
pob,1153,1,7,170.8645,366.0775,144.3702,0.139
pob,1154,0,0,167.254,367.4705,48.7113,2.6764
pob,1154,0,1,166.958,369.5115,138.7076,3.1383
pob,1154,0,2,164.896,369.5415,48.7113,2.6764
pob,1154,0,3,164.2195,368.3545,138.6857,0.5499
pob,1154,0,4,165.249,369.1105,48.721,2.495
pob,1154,0,5,166.8385,369.375,138.7163,2.04
pob,1154,0,6,166.7815,367.765,48.6889,2.4949
pob,1155,0,0,164.3505,371.474,138.7633,0.3125
pob,1155,0,1,163.518,370.5875,54.1486,2.4416
pob,1155,0,2,163.0395,369.39,138.6681,0.6299
pob,1155,0,3,164.6735,370.773,48.7046,4.2352
pob,1155,0,4,165.8645,372.545,138.7647,0.5492
pob,1155,0,5,165.063,372.0485,48.7093,1.8034
pob,1155,1,0,163.1195,369.945,138.6289,0.1452
pob,1155,1,1,163.546,370.5625,49.8156,1.4909
pob,1155,1,2,164.092,371.0745,138.4999,0.1736
pob,1155,1,3,163.6655,370.457,48.7271,1.4902
pob,1156,0,0,171.7225,358.1975,10.454,2.2321
pob,1156,0,1,171.107,356.789,111.7851,2.5975
pob,1156,0,2,171.6985,355.6705,38.6272,0.2803
pob,1156,0,3,171.6085,355.9325,138.8245,0.5301
pob,1156,0,4,171.347,356.055,39.9861,0.1618
pob,1156,0,5,171.134,356.781,100.9839,1.585
pob,1156,0,6,172.445,357.8165,9.9889,2.969
pob,1156,0,7,172.8855,358.9665,138.8557,2.7129
pob,1156,0,8,171.7095,359.682,48.8827,0.4699
pob,1157,0,0,168.887,359.753,138.4146,0.1898
pob,1157,0,1,169.523,359.9435,10.2224,1.4368
pob,1157,0,2,170.1935,360.004,61.4206,0.1526
pob,1157,0,3,170.3505,359.768,138.8663,0.5138
pob,1157,0,4,170.6115,359.7055,57.6341,0.2522
pob,1157,0,5,169.4205,360.009,171.1031,2.5477
pob,1157,0,6,168.185,360.1275,106.3307,0.1636
pob,1157,0,7,168.0675,360.049,0.0,0.281
pob,1157,0,8,168.356,358.9355,111.0704,2.3866
pob,1157,0,9,168.8865,357.8975,36.6432,0.253
pob,1157,0,10,168.7905,358.146,138.7842,0.5251
pob,1157,0,11,168.5385,358.2795,35.9333,0.1346
pob,1157,0,12,168.507,358.834,87.7823,1.1889
pob,1157,0,13,168.5955,359.376,141.5524,0.1673
pob,1158,0,0,167.561,363.7105,143.4796,0.1966
pob,1158,0,1,167.4005,363.8115,152.4608,0.1838
pob,1158,0,2,165.9405,362.1405,51.1835,4.3983
pob,1158,0,3,164.6305,360.3565,134.1793,0.1966
pob,1158,0,4,164.7785,360.227,143.4198,0.198
pob,1158,0,5,166.371,361.7645,46.5381,4.3991
pob,1158,0,6,167.831,363.4365,125.0689,0.1845
pob,1158,0,7,167.709,363.582,134.588,0.1966
pob,1158,1,0,164.962,360.69,133.234,0.1372
pob,1158,1,1,164.8805,360.7955,121.8643,0.1307
pob,1158,1,2,166.0325,362.115,46.8114,3.4673
pob,1158,1,3,167.275,363.339,144.4616,0.1376
pob,1158,1,4,167.3785,363.2485,133.2476,0.1387
pob,1158,1,5,166.3335,361.8525,50.9247,3.4664
pob,1158,1,6,165.1815,360.5335,155.9898,0.1303
pob,1158,1,7,165.0655,360.6,144.7002,0.1384
pob,1159,0,0,165.2475,364.9265,150.7639,0.1249
pob,1159,0,1,165.195,365.035,127.5871,0.3508
pob,1159,0,2,165.103,365.1155,104.3821,0.1208
pob,1160,0,0,161.434,364.446,12.6151,2.445
pob,1160,0,1,162.7735,364.7555,16.1788,0.3051
pob,1160,0,2,163.2375,366.0085,75.3031,2.5029
pob,1160,0,3,163.4405,367.3005,144.5542,0.2811
pob,1160,0,4,163.202,367.437,156.0804,0.2713
pob,1160,0,5,162.3485,366.3795,56.746,2.6607
pob,1160,0,6,161.7105,365.205,145.8799,0.221
pob,1160,0,7,161.9005,365.1055,159.1575,0.2108
pob,1160,0,8,161.9995,365.0605,93.8373,0.015
pob,1160,0,9,161.052,364.8285,13.3228,1.9484
pob,1160,0,10,160.1725,364.3915,107.866,0.4465
pob,1160,1,0,163.312,366.796,133.1828,0.1783
pob,1160,1,1,163.4185,366.6555,121.076,0.1763
pob,1160,1,2,162.835,365.9925,43.046,1.7214
pob,1160,1,3,162.135,365.454,145.3866,0.1725
pob,1160,1,4,162.0065,365.565,132.8464,0.1691
pob,1160,1,5,162.4485,366.3305,54.6242,1.7256
pob,1160,1,6,163.028,366.9985,156.0715,0.175
pob,1160,1,7,163.1795,366.9125,144.7654,0.1751
pob,1161,0,0,95.135,420.771,47.3318,0.3128
pob,1161,0,1,96.003,419.918,142.8488,2.444
pob,1161,0,2,97.1905,419.412,47.3771,0.6306
pob,1161,0,3,95.8445,421.0785,137.3907,4.2378
pob,1161,0,4,94.099,422.3105,47.4317,0.5499
pob,1161,0,5,94.577,421.497,137.3804,1.8047
pob,1161,1,0,96.636,419.5045,47.5125,0.1451
pob,1161,1,1,96.0285,419.945,138.5072,1.4912
pob,1161,1,2,95.5285,420.503,47.571,0.1734
pob,1161,1,3,96.136,420.062,137.3906,1.4919
pob,1162,0,0,275.6595,236.1575,45.0,0.4823
pob,1162,0,1,277.3435,235.22,157.5307,4.0137
pob,1162,0,2,278.4295,236.306,112.5257,4.0121
pob,1162,0,3,277.49,237.988,45.0,0.4836
pob,1162,0,4,277.866,236.5275,112.9862,2.8014
pob,1163,0,0,220.293,437.0125,102.6379,0.2285
pob,1163,0,1,219.104,436.673,21.1794,2.4966
pob,1163,0,2,217.94,435.8895,90.0,0.665
pob,1163,0,3,220.0585,435.557,0.0,4.237
pob,1163,0,4,222.177,435.832,90.0,0.55
pob,1163,0,5,221.2745,436.107,0.0,1.805
pob,1163,0,6,220.372,436.22,90.0,0.226
pob,1163,0,7,221.2745,436.9695,35.1939,2.2087
pob,1163,0,8,222.177,437.9195,90.0,0.627
pob,1163,0,9,221.2475,437.567,35.6222,2.2869
pob,1163,1,0,218.41,436.1795,90.0,0.145
pob,1163,1,1,219.1555,436.2665,1.1145,1.4913
pob,1163,1,2,219.901,436.194,90.0,0.174
pob,1163,1,3,219.1555,436.107,0.0,1.491
pob,1164,0,0,222.177,439.9945,90.0,2.307
pob,1164,0,1,221.9415,441.148,0.0,0.471
pob,1164,0,2,221.706,440.2695,90.0,1.757
pob,1164,0,3,220.882,439.391,0.0,1.648
pob,1164,0,4,220.058,440.244,90.0,1.706
pob,1164,0,5,219.823,441.097,0.0,0.47
pob,1164,0,6,219.588,440.244,90.0,1.706
pob,1164,0,7,218.999,439.391,0.0,1.178
pob,1164,0,8,218.41,440.2695,90.0,1.757
pob,1164,0,9,218.175,441.148,0.0,0.47
pob,1164,0,10,217.94,439.9945,90.0,2.307
pob,1165,0,0,220.0576,442.5507,0.0,4.2372
pob,1165,0,1,222.1762,442.2759,90.0,0.5497
pob,1165,0,2,220.0576,442.001,0.0,4.2372
pob,1165,0,3,217.939,442.2759,90.0,0.5497
pob,1166,0,0,217.939,443.802,90.0,0.55
pob,1166,0,1,220.0575,443.527,0.0,4.237
pob,1166,0,2,222.176,444.449,90.0,1.844
pob,1166,0,3,221.941,445.371,0.0,0.47
pob,1166,0,4,221.706,444.724,90.0,1.294
pob,1167,0,0,220.293,449.2225,102.6379,0.2285
pob,1167,0,1,219.104,448.883,21.1794,2.4966
pob,1167,0,2,217.94,448.0995,90.0,0.665
pob,1167,0,3,220.0585,447.767,0.0,4.237
pob,1167,0,4,222.177,448.042,90.0,0.55
pob,1167,0,5,221.2745,448.317,0.0,1.805
pob,1167,0,6,220.372,448.43,90.0,0.226
pob,1167,0,7,221.2745,449.1795,35.1939,2.2087
pob,1167,0,8,222.177,450.1295,90.0,0.627
pob,1167,0,9,221.2475,449.777,35.6222,2.2869
pob,1167,1,0,218.41,448.3895,90.0,0.145
pob,1167,1,1,219.1555,448.4765,1.1145,1.4913
pob,1167,1,2,219.901,448.404,90.0,0.174
pob,1167,1,3,219.1555,448.317,0.0,1.491
pob,1168,0,0,219.509,450.8685,90.0,0.575
pob,1168,0,1,220.882,451.2525,26.0621,3.0568
pob,1168,0,2,221.349,452.313,156.7632,1.972
pob,1168,0,3,221.349,453.0885,23.103,1.97
pob,1168,0,4,220.882,454.1465,153.9379,3.0568
pob,1168,0,5,219.509,454.5305,90.0,0.575
pob,1168,0,6,220.336,453.859,155.0931,1.8236
pob,1168,0,7,220.2625,453.0885,23.229,1.9599
pob,1168,0,8,220.2625,452.313,156.6366,1.9619
pob,1169,0,0,222.6655,455.546,152.4256,2.2597
pob,1169,0,1,223.667,455.313,90.0,0.58
pob,1169,0,2,221.588,456.6795,152.625,4.6824
pob,1169,0,3,219.509,457.469,90.0,0.574
pob,1169,0,4,220.33,456.7645,153.0453,1.8421
pob,1169,0,5,220.33,455.8985,28.6472,1.871
pob,1169,0,6,219.509,455.1515,90.0,0.597
pob,1170,0,0,222.2475,461.438,94.3762,0.1966
pob,1170,0,1,222.218,461.6255,103.8119,0.1843
pob,1170,0,2,219.9975,461.6255,2.3312,4.4006
pob,1170,0,3,217.791,461.438,85.3312,0.1967
pob,1170,0,4,217.791,461.2415,94.645,0.1977
pob,1170,0,5,219.9975,461.0535,177.6688,4.4006
pob,1170,0,6,222.218,461.054,76.2624,0.1853
pob,1170,0,7,222.2475,461.242,85.6238,0.1966
pob,1170,1,0,218.26,461.4085,84.1681,0.1377
pob,1170,1,1,218.2865,461.5395,72.6715,0.1309
pob,1170,1,2,220.039,461.5395,177.9345,3.4683
pob,1170,1,3,221.7785,461.4085,95.4211,0.1376
pob,1170,1,4,221.7785,461.271,84.6183,0.1386
pob,1170,1,5,220.039,461.14,2.0488,3.4682
pob,1170,1,6,218.2865,461.14,107.4608,0.13
pob,1170,1,7,218.26,461.271,95.7896,0.1387
pob,1171,0,0,218.1745,466.137,0.0,0.471
pob,1171,0,1,217.939,465.3005,90.0,1.673
pob,1171,0,2,219.0295,464.136,163.26,2.2775
pob,1171,0,3,220.12,463.859,90.0,0.102
pob,1171,0,4,220.0405,463.9905,134.6421,0.2263
pob,1171,0,5,220.354,464.897,64.5551,1.8295
pob,1171,0,6,220.851,465.713,174.5084,0.209
pob,1171,0,7,221.0515,465.6735,163.0028,0.2018
pob,1171,0,8,221.2775,464.772,98.4468,1.7631
pob,1171,0,9,221.347,463.857,35.6285,0.1476
pob,1171,0,10,221.222,463.783,25.4954,0.144
pob,1171,0,11,221.342,463.554,133.056,0.542
pob,1171,0,12,221.609,463.4085,32.6316,0.1947
pob,1171,0,13,220.482,464.163,149.8588,2.7961
pob,1171,0,14,219.2815,464.715,93.2429,0.3005
pob,1171,0,15,218.85,464.6975,163.2412,0.919
pob,1172,0,0,212.131,435.832,90.0,0.55
pob,1172,0,1,214.2495,435.557,0.0,4.237
pob,1172,0,2,216.368,436.479,90.0,1.844
pob,1172,0,3,216.133,437.401,0.0,0.47
pob,1172,0,4,215.898,436.754,90.0,1.294
pob,1173,0,0,214.2496,438.4977,0.0,4.2372
pob,1173,0,1,216.3682,438.2229,90.0,0.5497
pob,1173,0,2,214.2496,437.948,0.0,4.2372
pob,1173,0,3,212.131,438.2229,90.0,0.5497
pob,1174,0,0,214.485,440.9305,102.6379,0.2285
pob,1174,0,1,213.2955,440.591,21.1711,2.4976
pob,1174,0,2,212.131,439.8075,90.0,0.665
pob,1174,0,3,214.25,439.475,0.0,4.238
pob,1174,0,4,216.369,439.75,90.0,0.55
pob,1174,0,5,215.4665,440.025,0.0,1.805
pob,1174,0,6,214.564,440.138,90.0,0.226
pob,1174,0,7,215.4665,440.8875,35.1939,2.2087
pob,1174,0,8,216.369,441.8375,90.0,0.627
pob,1174,0,9,215.4395,441.485,35.6222,2.2869
pob,1174,1,0,212.602,440.0975,90.0,0.145
pob,1174,1,1,213.3475,440.1845,1.1145,1.4913
pob,1174,1,2,214.093,440.112,90.0,0.174
pob,1174,1,3,213.3475,440.025,0.0,1.491
pob,1175,0,0,212.131,443.034,90.0,0.55
pob,1175,0,1,214.2495,442.759,0.0,4.237
pob,1175,0,2,216.368,443.681,90.0,1.844
pob,1175,0,3,216.133,444.603,0.0,0.47
pob,1175,0,4,215.898,443.956,90.0,1.294
pob,1176,0,0,214.485,448.4545,102.6379,0.2285
pob,1176,0,1,213.2955,448.115,21.1711,2.4976
pob,1176,0,2,212.131,447.3315,90.0,0.665
pob,1176,0,3,214.25,446.999,0.0,4.238
pob,1176,0,4,216.369,447.274,90.0,0.55
pob,1176,0,5,215.4665,447.549,0.0,1.805
pob,1176,0,6,214.564,447.662,90.0,0.226
pob,1176,0,7,215.4665,448.4115,35.1939,2.2087
pob,1176,0,8,216.369,449.362,90.0,0.628
pob,1176,0,9,215.4395,449.0095,35.6424,2.2875
pob,1176,1,0,212.602,447.6215,90.0,0.145
pob,1176,1,1,213.3475,447.7085,1.1145,1.4913
pob,1176,1,2,214.093,447.636,90.0,0.174
pob,1176,1,3,213.3475,447.549,0.0,1.491
pob,1177,0,0,213.701,450.0995,90.0,0.575
pob,1177,0,1,215.074,450.4835,26.0621,3.0568
pob,1177,0,2,215.541,451.544,156.7632,1.972
pob,1177,0,3,215.541,452.3195,23.103,1.97
pob,1177,0,4,215.074,453.3775,153.9379,3.0568
pob,1177,0,5,213.701,453.7615,90.0,0.575
pob,1177,0,6,214.528,453.09,155.0931,1.8236
pob,1177,0,7,214.4545,452.3195,23.229,1.9599
pob,1177,0,8,214.4545,451.544,156.6366,1.9619
pob,1178,0,0,216.8575,454.778,152.4256,2.2597
pob,1178,0,1,217.859,454.545,90.0,0.58
pob,1178,0,2,215.78,455.9115,152.625,4.6824
pob,1178,0,3,213.701,456.701,90.0,0.574
pob,1178,0,4,214.522,455.9965,153.0453,1.8421
pob,1178,0,5,214.522,455.1305,28.6472,1.871
pob,1178,0,6,213.701,454.3835,90.0,0.597
pob,1179,0,0,216.4385,460.669,94.3762,0.1966
pob,1179,0,1,216.409,460.8565,103.8119,0.1843
pob,1179,0,2,214.188,460.8565,2.3307,4.4016
pob,1179,0,3,211.9815,460.669,85.6238,0.1966
pob,1179,0,4,211.9815,460.4725,94.3539,0.1976
pob,1179,0,5,214.188,460.2845,177.6693,4.4016
pob,1179,0,6,216.409,460.285,76.2624,0.1853
pob,1179,0,7,216.4385,460.473,85.6238,0.1966
pob,1179,1,0,212.451,460.6395,84.1681,0.1377
pob,1179,1,1,212.4775,460.7705,72.6715,0.1309
pob,1179,1,2,214.23,460.7705,177.9345,3.4683
pob,1179,1,3,215.9695,460.6395,95.4211,0.1376
pob,1179,1,4,215.9695,460.502,84.6183,0.1386
pob,1179,1,5,214.23,460.371,2.0488,3.4682
pob,1179,1,6,212.4775,460.371,107.4608,0.13
pob,1179,1,7,212.451,460.502,95.7896,0.1387
pob,1180,0,0,212.3665,465.369,0.0,0.471
pob,1180,0,1,212.131,464.5325,90.0,1.673
pob,1180,0,2,213.2215,463.368,163.26,2.2775
pob,1180,0,3,214.312,463.091,90.0,0.102
pob,1180,0,4,214.233,463.2225,134.4601,0.2256
pob,1180,0,5,214.547,464.129,64.5555,1.8294
pob,1180,0,6,215.0435,464.945,174.4802,0.208
pob,1180,0,7,215.244,464.9055,163.0868,0.2028
pob,1180,0,8,215.47,464.004,98.4149,1.763
pob,1180,0,9,215.539,463.089,35.6285,0.1476
pob,1180,0,10,215.414,463.015,25.4954,0.144
pob,1180,0,11,215.534,462.786,133.056,0.542
pob,1180,0,12,215.801,462.6405,32.6316,0.1947
pob,1180,0,13,214.674,463.395,149.8588,2.7961
pob,1180,0,14,213.4735,463.9475,93.2538,0.2995
pob,1180,0,15,213.042,463.9305,163.2412,0.919
pob,1181,0,0,214.485,467.7745,102.6383,0.2285
pob,1181,0,1,213.2955,467.435,21.171,2.4976
pob,1181,0,2,212.131,466.6515,90.0,0.665
pob,1181,0,3,214.25,466.319,0.0,4.238
pob,1181,0,4,216.369,466.594,90.0,0.55
pob,1181,0,5,215.4665,466.869,0.0,1.805
pob,1181,0,6,214.564,466.982,90.0,0.226
pob,1181,0,7,215.4665,467.7315,35.1941,2.2087
pob,1181,0,8,216.369,468.6815,90.0,0.627
pob,1181,0,9,215.4395,468.329,35.6222,2.2869
pob,1181,1,0,212.602,466.9415,90.0,0.145
pob,1181,1,1,213.3475,467.0285,1.1142,1.4913
pob,1181,1,2,214.093,466.956,90.0,0.174
pob,1181,1,3,213.3475,466.869,0.0,1.491
pob,1182,0,0,214.5243,470.7793,0.0,0.3926
pob,1182,0,1,214.7206,470.1516,90.0,1.2553
pob,1182,0,2,214.5243,469.524,0.0,0.3926
pob,1182,0,3,214.328,470.1516,90.0,1.2553
pob,1183,0,0,215.023,473.2975,141.6006,2.233
pob,1183,0,1,213.5565,472.834,62.9223,2.5989
pob,1183,0,2,213.103,471.652,169.7326,0.2805
pob,1183,0,3,213.241,471.892,90.0,0.53
pob,1183,0,4,213.161,472.17,170.77,0.1621
pob,1183,0,5,213.568,472.8085,52.0965,1.5855
pob,1183,0,6,215.2115,472.5015,141.1203,2.9712
pob,1183,0,7,216.368,472.9265,90.0,2.715
pob,1183,0,8,216.133,474.284,0.0,0.47
pob,1184,0,0,214.3285,476.413,89.6963,0.19
pob,1184,0,1,214.8905,476.0595,141.3833,1.4373
pob,1184,0,2,215.378,475.5945,12.5691,0.1516
pob,1184,0,3,215.304,475.321,90.0,0.514
pob,1184,0,4,215.428,475.083,8.7101,0.2509
pob,1184,0,5,214.8725,476.18,122.2244,2.5486
pob,1184,0,6,214.149,477.189,57.4715,0.1637
pob,1184,0,7,214.0125,477.226,131.1092,0.2814
pob,1184,0,8,213.3635,476.276,62.2115,2.3873
pob,1184,0,9,212.931,475.193,167.7159,0.2538
pob,1184,0,10,213.055,475.4285,90.0,0.525
pob,1184,0,11,212.989,475.7065,166.7848,0.1356
pob,1184,0,12,213.386,476.0955,38.8932,1.1897
pob,1184,0,13,213.853,476.3855,92.7463,0.1672
pob,1185,0,0,212.131,478.932,90.0,0.55
pob,1185,0,1,214.2495,478.657,0.0,4.237
pob,1185,0,2,216.368,479.579,90.0,1.844
pob,1185,0,3,216.133,480.501,0.0,0.47
pob,1185,0,4,215.898,479.854,90.0,1.294
pob,1186,0,0,207.186,436.107,0.0,1.726
pob,1186,0,1,206.323,435.832,90.0,0.55
pob,1186,0,2,208.4415,435.557,0.0,4.237
pob,1186,0,3,210.56,435.832,90.0,0.55
pob,1186,0,4,209.54,436.107,0.0,2.04
pob,1186,0,5,208.52,437.088,90.0,1.962
pob,1186,0,6,209.54,438.069,0.0,2.04
pob,1186,0,7,210.56,438.3435,90.0,0.549
pob,1186,0,8,208.4415,438.618,0.0,4.237
pob,1186,0,9,206.323,438.3435,90.0,0.549
pob,1186,0,10,207.186,438.069,0.0,1.726
pob,1187,0,0,208.4416,440.1367,0.0,4.2372
pob,1187,0,1,210.5602,439.8619,90.0,0.5497
pob,1187,0,2,208.4416,439.587,0.0,4.2372
pob,1187,0,3,206.323,439.8619,90.0,0.5497
pob,1188,0,0,208.676,442.5685,102.6379,0.2285
pob,1188,0,1,207.4865,442.229,21.1711,2.4976
pob,1188,0,2,206.322,441.4455,90.0,0.665
pob,1188,0,3,208.441,441.113,0.0,4.238
pob,1188,0,4,210.56,441.388,90.0,0.55
pob,1188,0,5,209.6575,441.663,0.0,1.805
pob,1188,0,6,208.755,441.776,90.0,0.226
pob,1188,0,7,209.6575,442.5255,35.1939,2.2087
pob,1188,0,8,210.56,443.4755,90.0,0.627
pob,1188,0,9,209.6305,443.123,35.6222,2.2869
pob,1188,1,0,206.793,441.7355,90.0,0.145
pob,1188,1,1,207.5385,441.822,1.0758,1.4913
pob,1188,1,2,208.284,441.7495,90.0,0.173
pob,1188,1,3,207.5385,441.663,0.0,1.491
pob,1189,0,0,206.323,444.672,90.0,0.55
pob,1189,0,1,208.4415,444.397,0.0,4.237
pob,1189,0,2,210.56,445.319,90.0,1.844
pob,1189,0,3,210.325,446.241,0.0,0.47
pob,1189,0,4,210.09,445.594,90.0,1.294
pob,1190,0,0,208.676,450.0925,102.6379,0.2285
pob,1190,0,1,207.4865,449.753,21.1711,2.4976
pob,1190,0,2,206.322,448.9695,90.0,0.665
pob,1190,0,3,208.441,448.637,0.0,4.238
pob,1190,0,4,210.56,448.912,90.0,0.55
pob,1190,0,5,209.6575,449.187,0.0,1.805
pob,1190,0,6,208.755,449.3,90.0,0.226
pob,1190,0,7,209.6575,450.0495,35.1939,2.2087
pob,1190,0,8,210.56,451.0,90.0,0.628
pob,1190,0,9,209.6305,450.6475,35.6424,2.2875
pob,1190,1,0,206.793,449.2595,90.0,0.145
pob,1190,1,1,207.5385,449.3465,1.1145,1.4913
pob,1190,1,2,208.284,449.274,90.0,0.174
pob,1190,1,3,207.5385,449.187,0.0,1.491
pob,1191,0,0,207.892,451.7385,90.0,0.575
pob,1191,0,1,209.265,452.1225,26.0621,3.0568
pob,1191,0,2,209.732,453.183,156.7632,1.972
pob,1191,0,3,209.732,453.9585,23.103,1.97
pob,1191,0,4,209.265,455.0165,153.9379,3.0568
pob,1191,0,5,207.892,455.4005,90.0,0.575
pob,1191,0,6,208.719,454.729,155.0931,1.8236
pob,1191,0,7,208.6455,453.9585,23.229,1.9599
pob,1191,0,8,208.6455,453.183,156.6366,1.9619
pob,1192,0,0,211.0495,456.417,152.4256,2.2597
pob,1192,0,1,212.051,456.184,90.0,0.58
pob,1192,0,2,209.972,457.5505,152.625,4.6824
pob,1192,0,3,207.893,458.34,90.0,0.574
pob,1192,0,4,208.714,457.6355,153.0453,1.8421
pob,1192,0,5,208.714,456.7695,28.6472,1.871
pob,1192,0,6,207.893,456.0225,90.0,0.597
pob,1193,0,0,210.6305,462.308,94.3762,0.1966
pob,1193,0,1,210.601,462.4955,103.8119,0.1843
pob,1193,0,2,208.3805,462.4955,2.3312,4.4006
pob,1193,0,3,206.174,462.308,85.3312,0.1967
pob,1193,0,4,206.174,462.1115,94.645,0.1977
pob,1193,0,5,208.3805,461.9235,177.6688,4.4006
pob,1193,0,6,210.601,461.924,76.2624,0.1853
pob,1193,0,7,210.6305,462.112,85.6238,0.1966
pob,1193,1,0,206.643,462.2785,84.1681,0.1377
pob,1193,1,1,206.6695,462.4095,72.6715,0.1309
pob,1193,1,2,208.422,462.4095,177.9345,3.4683
pob,1193,1,3,210.1615,462.2785,95.4211,0.1376
pob,1193,1,4,210.1615,462.141,84.6183,0.1386
pob,1193,1,5,208.422,462.01,2.0488,3.4682
pob,1193,1,6,206.6695,462.01,107.4608,0.13
pob,1193,1,7,206.643,462.141,95.7896,0.1387
pob,1194,0,0,206.5575,467.007,0.0,0.471
pob,1194,0,1,206.322,466.1705,90.0,1.673
pob,1194,0,2,207.4125,465.006,163.2598,2.2775
pob,1194,0,3,208.503,464.729,90.0,0.102
pob,1194,0,4,208.4235,464.8605,134.6421,0.2263
pob,1194,0,5,208.737,465.767,64.5551,1.8295
pob,1194,0,6,209.234,466.583,174.5084,0.209
pob,1194,0,7,209.435,466.5435,163.0848,0.2028
pob,1194,0,8,209.661,465.642,98.4149,1.763
pob,1194,0,9,209.73,464.727,35.6285,0.1476
pob,1194,0,10,209.605,464.653,25.4954,0.144
pob,1194,0,11,209.725,464.424,133.056,0.542
pob,1194,0,12,209.992,464.279,32.8767,0.1953
pob,1194,0,13,208.865,465.0335,149.8763,2.7956
pob,1194,0,14,207.6645,465.5855,93.2538,0.2995
pob,1194,0,15,207.233,465.5685,163.2412,0.919
pob,1195,0,0,208.7163,469.1343,0.0,0.3927
pob,1195,0,1,208.9127,468.5067,90.0,1.2553
pob,1195,0,2,208.7163,467.879,0.0,0.3927
pob,1195,0,3,208.52,468.5067,90.0,1.2553
pob,1196,0,0,209.215,471.6515,141.6006,2.233
pob,1196,0,1,207.7485,471.188,62.9223,2.5989
pob,1196,0,2,207.295,470.006,169.7326,0.2805
pob,1196,0,3,207.433,470.2465,90.0,0.531
pob,1196,0,4,207.353,470.5245,171.119,0.1619
pob,1196,0,5,207.76,471.163,52.1187,1.5862
pob,1196,0,6,209.4035,470.8565,141.1204,2.9712
pob,1196,0,7,210.56,471.281,90.0,2.714
pob,1196,0,8,210.325,472.638,0.0,0.47
pob,1197,0,0,208.5205,474.767,89.6963,0.19
pob,1197,0,1,209.0825,474.4135,141.3833,1.4373
pob,1197,0,2,209.5695,473.9485,12.4881,0.1526
pob,1197,0,3,209.495,473.675,90.0,0.514
pob,1197,0,4,209.6195,473.437,8.676,0.2519
pob,1197,0,5,209.064,474.5335,122.2556,2.5483
pob,1197,0,6,208.34,475.5425,57.2869,0.1628
pob,1197,0,7,208.2035,475.58,131.1092,0.2814
pob,1197,0,8,207.555,474.6295,62.2437,2.3877
pob,1197,0,9,207.123,473.546,167.7159,0.2538
pob,1197,0,10,207.247,473.782,90.0,0.526
pob,1197,0,11,207.181,474.06,167.1966,0.1354
pob,1197,0,12,207.578,474.4485,38.8932,1.1897
pob,1197,0,13,208.045,474.7385,92.7463,0.1672
pob,1198,0,0,282.731,211.65,33.3595,2.3059
pob,1198,0,1,283.5645,212.48,123.4537,0.4698
pob,1198,0,2,282.7015,212.1935,33.3374,1.7559
pob,1198,0,3,281.5155,212.399,123.3329,1.6469
pob,1198,0,4,281.775,213.5555,33.345,1.7046
pob,1198,0,5,282.3575,214.2205,123.3861,0.4707
pob,1198,0,6,281.516,213.9485,33.3458,1.7046
pob,1198,0,7,280.4805,213.9715,123.3526,1.1768
pob,1198,0,8,280.8905,214.9455,33.3374,1.7559
pob,1198,0,9,281.495,215.6245,123.2836,0.4701
pob,1198,0,10,280.403,215.1875,33.3386,2.3054
pob,1199,0,0,313.4865,242.146,48.9214,2.3056
pob,1199,0,1,314.067,243.1695,138.8841,0.4699
pob,1199,0,2,313.313,242.662,48.9241,1.7563
pob,1199,0,3,312.115,242.5415,138.9114,1.6478
pob,1199,0,4,312.0545,243.7255,48.9002,1.7052
pob,1199,0,5,312.438,244.5225,138.8816,0.4699
pob,1199,0,6,311.7005,244.0345,48.8994,1.7053
pob,1199,0,7,310.6965,243.7785,138.929,1.1766
pob,1199,0,8,310.83,244.827,48.9241,1.7563
pob,1199,0,9,311.23,245.6435,138.8841,0.4699
pob,1199,0,10,310.295,244.929,48.9032,2.3063
pob,1200,0,0,343.484,227.4835,178.1703,0.4702
pob,1200,0,1,343.215,226.452,88.1259,2.0791
pob,1200,0,2,345.2985,225.344,178.1336,4.2372
pob,1200,0,3,347.425,225.5495,88.1215,0.5493
pob,1200,0,4,346.375,225.8585,178.1341,2.1191
pob,1200,0,5,345.34,226.632,88.1397,1.4788
pob,1200,0,6,345.129,227.379,178.0476,0.4703
pob,1200,0,7,344.87,226.6475,88.1422,1.4798
pob,1200,0,8,344.2575,225.9275,178.1021,1.1776
pob,1201,0,0,250.9815,308.927,79.413,1.7254
pob,1201,0,1,251.093,308.0285,169.4079,0.5494
pob,1201,0,2,251.752,310.0595,79.4144,4.2351
pob,1201,0,3,251.871,312.1915,169.4048,0.5494
pob,1201,0,4,251.4135,311.2395,79.4063,2.0398
pob,1201,0,5,250.2625,310.4175,169.3895,1.9605
pob,1201,0,6,249.4865,311.6,79.401,2.0388
pob,1201,0,7,249.404,312.6525,169.4045,0.5494
pob,1201,0,8,248.745,310.6215,79.4144,4.2351
pob,1201,0,9,248.626,308.4895,169.4045,0.5494
pob,1201,0,10,249.0545,309.287,79.4128,1.7254
pob,1202,0,0,226.614,327.947,165.4902,0.471
pob,1202,0,1,226.977,328.4085,75.4598,1.0755
pob,1202,0,2,227.229,328.8785,156.6519,0.2549
pob,1202,0,3,227.448,328.7535,143.8576,0.2526
pob,1202,0,4,226.734,327.4195,57.0618,3.0015
pob,1202,0,5,225.8295,326.1875,162.7315,0.1854
pob,1202,0,6,225.6565,326.2495,157.7895,0.1825
pob,1202,0,7,225.416,327.708,96.2521,2.865
pob,1202,0,8,225.346,329.181,29.6693,0.198
pob,1202,0,9,225.5235,329.2685,22.8187,0.1985
pob,1202,0,10,225.4775,329.5225,122.5408,0.5113
pob,1202,0,11,225.2285,329.685,25.4216,0.2469
pob,1202,0,12,225.0145,329.5665,32.5817,0.2433
pob,1202,0,13,225.6715,327.53,111.0736,4.2245
pob,1202,0,14,226.5355,325.5695,5.7367,0.2101
pob,1202,0,15,226.743,325.6,10.9905,0.2099
pob,1202,0,16,227.002,327.5475,85.3729,3.8676
pob,1202,0,17,227.056,329.506,163.0926,0.2132
pob,1202,0,18,226.8745,329.5575,165.5453,0.1642
pob,1203,0,0,8.85,357.1787,0.0,7.7
pob,1203,0,1,8.85,357.1787,0.0,7.7
pob,1204,0,0,5.0,297.8394,90.0,118.6787
pob,1204,0,1,8.85,238.5,0.0,7.7
pob,1204,0,2,12.7,297.8394,90.0,118.6787
pob,1204,0,3,8.85,357.1787,0.0,7.7
pob,1205,0,0,377.85,238.5,0.0,7.7
pob,1205,0,1,377.85,238.5,0.0,7.7
pob,1206,0,0,381.7,297.8394,90.0,118.6787
pob,1206,0,1,378.2,357.1787,0.0,7.0
pob,1206,0,2,374.7,297.8394,90.0,118.6787
pob,1206,0,3,378.2,238.5,0.0,7.0
