airport,object_id,subpath_index,edge_index,mid_x,mid_y,angle,length
hif,0,0,0,256.231,356.4185,40.9078,32.8277
hif,0,0,1,269.612,366.04,130.8931,2.9817
hif,0,0,2,258.183,354.1645,40.9078,32.8277
hif,1,0,0,264.602,359.7255,40.9076,15.8435
hif,1,0,1,267.229,344.597,130.9093,26.3077
hif,1,0,2,281.8295,339.8435,40.91,15.8428
hif,2,0,0,198.8475,409.1215,117.2949,36.5461
hif,2,0,1,212.8705,393.261,3.8319,11.3123
hif,2,0,2,219.0295,395.436,73.9937,3.739
hif,2,0,3,214.2285,398.691,164.6642,11.0256
hif,2,0,4,209.113,400.212,17.4039,0.4213
hif,2,0,5,211.2125,402.084,43.617,5.2447
hif,2,0,6,213.639,405.6275,73.0692,3.6262
hif,2,0,7,208.7625,408.8075,165.026,11.1889
hif,2,0,8,203.8105,410.3785,15.5008,0.9392
hif,2,0,9,205.8715,411.861,40.1525,4.2089
hif,2,0,10,207.581,413.4065,61.8158,0.4277
hif,2,0,11,210.168,413.127,169.3386,5.0593
hif,2,0,12,213.1565,414.419,74.0655,3.6607
hif,2,0,13,205.706,418.394,164.4369,16.5114
hif,2,0,14,197.0115,422.0795,116.7595,3.2938
hif,2,0,15,196.308,423.626,63.4326,0.1699
hif,2,0,16,196.409,423.8775,70.2542,0.3729
hif,2,0,17,196.585,424.1785,48.0012,0.3378
hif,2,0,18,196.7865,424.405,48.773,0.2686
hif,2,0,19,196.9885,424.5815,33.6314,0.2726
hif,2,0,20,197.227,424.7075,21.9983,0.2696
hif,2,0,21,202.0735,423.492,164.9901,9.7766
hif,2,0,22,207.172,423.5955,74.6087,2.8409
hif,2,0,23,200.5705,426.89,164.5786,14.4783
hif,2,0,24,193.576,428.819,165.9702,0.033
hif,2,0,25,192.7305,430.4445,117.0926,3.6427
hif,2,0,26,191.926,432.2165,80.5683,0.3051
hif,2,0,27,192.0765,432.593,60.9567,0.517
hif,2,0,28,192.34,432.957,45.0,0.3903
hif,2,0,29,192.6285,433.1705,26.6405,0.3368
hif,2,0,30,192.8545,433.2965,33.7768,0.1817
hif,2,0,31,197.5035,432.125,165.0405,9.4679
hif,2,0,32,202.441,432.2725,75.1152,2.8341
hif,2,0,33,195.9945,435.4925,164.799,14.1149
hif,2,0,34,188.556,438.5245,117.9919,2.6761
hif,2,0,35,188.4685,440.398,52.0079,1.7561
hif,2,0,36,192.3215,440.191,164.816,6.8646
hif,2,0,37,196.01,440.675,74.7904,2.8664
hif,2,0,38,190.825,443.5845,164.6503,11.5334
hif,2,0,39,184.56,446.4305,118.0817,2.9911
hif,2,0,40,183.8435,447.913,94.3841,0.327
hif,2,0,41,183.9315,448.302,66.0267,0.4947
hif,2,0,42,184.1575,448.679,50.2685,0.3927
hif,2,0,43,184.421,448.9305,36.0648,0.3414
hif,2,0,44,184.6725,449.094,29.0327,0.2596
hif,2,0,45,188.168,448.2345,164.7427,7.0111
hif,2,0,46,191.9265,448.695,74.7711,2.8667
hif,2,0,47,186.7095,451.5905,164.8689,11.5888
hif,2,0,48,180.5505,454.2465,116.3139,2.5514
hif,2,0,49,180.048,455.616,74.4226,0.4692
hif,2,0,50,180.274,456.043,50.9614,0.5176
hif,2,0,51,180.613,456.395,40.6279,0.4638
hif,2,0,52,184.3045,455.598,164.9085,7.2822
hif,2,0,53,188.196,456.033,74.7904,2.8664
hif,2,0,54,184.9755,458.354,165.3823,7.4336
hif,2,0,55,178.4065,460.6835,154.9146,6.5641
hif,2,0,56,158.5425,476.8555,138.8132,44.8904
hif,2,0,57,139.6275,493.371,139.3893,5.331
hif,2,0,58,136.1085,495.6835,158.8855,3.2063
hif,2,0,59,132.8565,495.5455,22.1632,3.7933
hif,2,0,60,128.1885,493.357,26.8359,6.5258
hif,2,0,61,126.6715,488.818,114.4574,6.7365
hif,2,0,62,128.047,486.0665,93.4581,0.6301
hif,2,0,63,128.047,486.5385,83.1197,0.3173
hif,2,0,64,131.082,489.197,39.667,7.8361
hif,2,0,65,134.2175,491.7485,22.9099,0.2595
hif,2,0,66,134.4875,491.843,16.2966,0.3136
hif,2,0,67,134.7885,491.912,9.4322,0.3051
hif,2,0,68,135.0835,491.9685,12.2969,0.2958
hif,2,0,69,135.492,491.987,177.1808,0.5286
hif,2,0,70,135.9135,491.949,170.9816,0.3189
hif,2,0,71,136.2405,491.893,169.6351,0.3446
hif,2,0,72,136.611,491.799,162.5977,0.4213
hif,2,0,73,136.95,491.6795,157.734,0.2982
hif,2,0,74,137.258,491.5285,150.9315,0.389
hif,2,0,75,137.5725,491.3335,145.1819,0.352
hif,2,0,76,137.8675,491.1135,141.5494,0.3843
hif,2,0,77,154.5585,476.566,138.9023,43.8978
hif,2,0,78,171.363,461.899,137.8455,0.7122
hif,2,0,79,171.828,461.434,131.6491,0.6049
hif,3,0,0,205.411,424.1225,116.1835,15.1117
hif,3,0,1,210.516,416.9565,167.7199,3.6249
hif,3,0,2,210.407,421.0225,112.8958,9.6644
hif,3,0,3,205.666,429.559,125.0061,9.9745
hif,4,0,0,208.1645,407.0575,135.0,2.8016
hif,4,0,1,206.1835,407.0575,45.0,2.8016
hif,4,0,2,206.1835,405.0765,135.0,2.8016
hif,4,0,3,208.1645,405.0765,45.0,2.8016
hif,5,0,0,213.3935,396.8695,135.0,2.8016
hif,5,0,1,211.4125,396.8695,45.0,2.8016
hif,5,0,2,211.4125,394.8885,135.0,2.8016
hif,5,0,3,213.3935,394.8885,45.0,2.8016
hif,6,0,0,218.8505,386.7295,135.0,2.8016
hif,6,0,1,216.8695,386.7295,45.0,2.8016
hif,6,0,2,216.8695,384.7485,135.0,2.8016
hif,6,0,3,218.8505,384.7485,45.0,2.8016
hif,7,0,0,256.052,220.642,95.2355,1.7533
hif,7,0,1,255.7945,218.991,66.549,1.6961
hif,7,0,2,250.921,214.181,41.6335,12.1379
hif,7,0,3,245.6805,209.9185,18.1172,1.4825
hif,7,0,4,244.3055,210.0035,154.8016,1.482
hif,7,0,5,224.4665,247.757,117.1127,84.1198
hif,7,0,6,205.271,286.4425,91.2399,2.4956
hif,7,0,7,206.1975,288.4945,40.1556,2.4951
hif,7,0,8,212.062,289.3065,0.0876,9.822
hif,7,0,9,217.723,289.327,0.9931,1.5002
hif,7,0,10,219.492,289.1495,169.4106,2.0733
hif,7,0,11,221.342,288.3395,143.2964,2.073
hif,7,0,12,220.254,291.424,117.3883,8.3432
hif,7,0,13,218.089,294.171,75.5844,1.9762
hif,7,0,14,216.9755,292.741,28.6016,1.9762
hif,7,0,15,215.8375,292.2455,4.7531,0.5429
hif,7,0,16,209.7255,292.208,0.1471,11.683
hif,7,0,17,203.0755,292.379,167.045,1.6592
hif,7,0,18,201.645,293.114,138.5667,1.6593
hif,7,0,19,197.7,300.1225,117.2229,14.5282
hif,7,0,20,194.2805,307.524,95.8489,1.8938
hif,7,0,21,194.468,308.8915,56.2796,1.0232
hif,7,0,22,195.1485,309.5495,30.3864,0.9193
hif,7,0,23,191.2735,309.7515,0.4091,8.5432
hif,7,0,24,187.577,309.4085,151.4771,1.3089
hif,7,0,25,188.562,308.6345,131.6177,1.2346
hif,7,0,26,192.187,301.9115,117.1785,14.0773
hif,7,0,27,195.106,294.549,74.952,2.2802
hif,7,0,28,193.8,292.9205,27.577,2.2789
hif,7,0,29,191.7175,292.78,160.1583,2.2804
hif,7,0,30,190.3045,293.6705,124.0695,1.2156
hif,7,0,31,189.8635,294.7215,100.4009,1.1133
hif,7,0,32,179.136,295.294,179.8652,21.2541
hif,7,0,33,167.643,295.8905,146.5785,2.0751
hif,7,0,34,166.813,297.499,88.012,2.0753
hif,7,0,35,171.2485,302.344,40.8779,11.6373
hif,7,0,36,176.204,306.611,39.541,1.442
hif,7,0,37,179.3975,308.4085,26.9073,5.9154
hif,7,0,38,177.039,309.736,0.1262,9.992
hif,7,0,39,172.0805,309.6005,106.7656,0.26
hif,7,0,40,172.139,309.3465,99.2092,0.2624
hif,7,0,41,171.865,308.418,69.7353,1.7034
hif,7,0,42,156.3515,294.486,40.793,40.2034
hif,7,0,43,140.1915,280.516,41.6376,2.5195
hif,7,0,44,138.485,279.251,29.2265,1.7532
hif,7,0,45,136.854,278.688,8.8601,1.7529
hif,7,0,46,135.249,278.5375,1.2018,1.4783
hif,7,0,47,133.719,278.8005,160.6033,1.6772
hif,7,0,48,132.5245,279.8145,118.7495,1.6778
hif,7,0,49,132.132,293.1485,89.95,25.197
hif,7,0,50,132.5365,306.981,72.3139,2.5905
hif,7,0,51,133.9495,309.013,38.0512,2.5893
hif,7,0,52,129.444,309.766,0.4666,11.0504
hif,7,0,53,125.307,309.141,157.3215,3.0086
hif,7,0,54,127.26,307.7855,126.0755,1.919
hif,7,0,55,128.0225,306.1505,102.9412,1.7638
hif,7,0,56,128.2165,294.246,89.9818,22.09
hif,7,0,57,126.336,280.8795,51.0435,5.9708
hif,7,0,58,106.771,278.5355,0.0729,35.376
hif,7,0,59,89.082,271.576,89.9917,13.874
hif,7,0,60,87.3945,262.943,45.1609,4.7836
hif,7,0,61,84.497,261.6815,160.2619,2.5732
hif,7,0,62,82.702,263.2625,116.9932,2.5733
hif,7,0,63,82.1235,272.1635,89.9594,15.509
hif,7,0,64,82.3215,280.9545,79.4786,2.1084
hif,7,0,65,83.0945,282.872,56.6187,2.1101
hif,7,0,66,98.1235,295.82,39.8677,37.6495
hif,7,0,67,113.4655,308.542,36.2442,2.2157
hif,7,0,68,115.433,309.4705,14.2869,2.2166
hif,7,0,69,111.3385,309.8315,179.0302,10.3385
hif,7,0,70,106.536,309.81,163.4165,0.7638
hif,7,0,71,107.158,309.417,132.0311,0.7647
hif,7,0,72,107.487,308.758,101.0155,0.7641
hif,7,0,73,107.428,308.024,69.8123,0.765
hif,7,0,74,92.3175,295.1205,39.9462,39.0753
hif,7,0,75,75.9395,282.033,21.2059,3.0023
hif,7,0,76,72.887,281.485,0.1735,3.306
hif,7,0,77,71.234,263.9265,90.0,35.107
hif,7,0,78,108.966,246.373,0.0,75.464
hif,7,0,79,146.698,248.346,90.0,3.946
hif,7,0,80,153.4075,250.319,0.0,13.419
hif,7,0,81,160.117,261.7895,90.0,22.941
hif,7,0,82,171.927,273.26,0.0,23.62
hif,7,0,83,183.737,266.212,90.0,14.096
hif,7,0,84,191.702,248.9965,128.0744,25.8317
hif,7,0,85,191.4585,238.829,0.0,16.417
hif,7,0,86,183.25,235.43,90.0,6.798
hif,7,0,87,195.086,232.0265,179.9782,23.672
hif,7,0,88,206.922,220.4935,90.0,23.057
hif,7,0,89,195.086,208.965,0.0,23.672
hif,7,0,90,183.25,206.5375,90.0,4.855
hif,7,0,91,200.347,204.11,0.0,34.194
hif,7,0,92,221.565,207.3405,38.0933,10.4726
hif,7,0,93,234.141,199.7835,128.0885,27.4122
hif,7,0,94,245.0685,191.36,43.7148,6.8416
hif,7,0,95,255.9435,177.406,117.245,36.7085
hif,7,0,96,263.777,158.7745,76.1825,4.7649
hif,7,0,97,262.7275,156.119,35.4414,1.1796
hif,7,0,98,254.6955,151.908,27.1283,16.9699
hif,7,0,99,254.7285,133.221,117.1053,33.2925
hif,7,0,100,272.318,123.6385,27.6225,22.5841
hif,7,0,101,283.2995,128.295,149.3345,2.2705
hif,7,0,102,285.4785,127.3505,163.0936,2.5136
hif,7,0,103,289.3965,127.2795,6.1895,5.4628
hif,7,0,104,294.267,129.253,37.9228,5.4637
hif,7,0,105,297.031,132.031,61.007,2.5129
hif,7,0,106,297.938,134.2255,74.7831,2.2706
hif,7,0,107,298.891,135.695,29.7266,1.5085
hif,7,0,108,298.197,139.139,113.7214,6.7066
hif,7,0,109,296.4285,140.991,70.9957,2.5764
hif,7,0,110,295.6135,139.494,35.1992,0.968
hif,7,0,111,290.4695,136.7815,27.1342,10.6715
hif,7,0,112,284.716,134.2525,5.4285,2.0191
hif,7,0,113,282.885,134.737,144.9243,2.0186
hif,7,0,114,264.932,168.7535,117.1226,75.1354
hif,7,0,115,247.5795,203.497,99.7887,2.6526
hif,7,0,116,247.925,206.001,64.4978,2.6524
hif,7,0,117,252.1855,210.468,41.5505,9.8601
hif,7,0,118,257.0405,214.054,15.1703,2.4152
hif,7,0,119,258.809,214.1465,159.6619,1.2862
hif,7,0,120,259.839,213.515,136.3044,1.1812
hif,7,0,121,258.1165,217.3115,117.0778,9.4442
hif,7,1,0,159.8935,292.296,21.9186,1.4627
hif,7,1,1,161.4065,292.4545,172.1872,1.6846
hif,7,1,2,162.889,291.802,140.2986,1.6845
hif,7,1,3,163.7935,290.5785,110.5148,1.4638
hif,7,1,4,164.03,285.696,89.727,8.3941
hif,7,1,5,163.662,280.6395,67.9572,1.8546
hif,7,1,6,162.903,279.5095,33.352,0.9841
hif,7,1,7,162.0455,279.1555,10.592,0.9085
hif,7,1,8,154.1085,279.072,0.0,14.981
hif,7,1,9,146.222,279.3085,149.1546,0.9225
hif,7,1,10,145.773,279.7775,102.8402,0.4769
hif,7,1,11,145.793,280.2375,72.2107,0.4779
hif,7,1,12,152.5405,286.245,40.892,17.6587
hif,7,2,0,229.487,229.011,117.1143,43.667
hif,7,2,1,238.449,209.0805,26.658,2.2133
hif,7,2,2,223.5955,226.2815,128.0757,44.9634
hif,7,2,3,209.7445,244.2855,87.4787,0.6136
hif,7,2,4,209.96,244.823,48.8315,0.6137
hif,7,2,5,214.041,247.0315,27.0123,8.708
hif,7,2,6,218.381,249.03,2.6096,0.923
hif,7,2,7,219.189,248.748,138.8717,0.9214
hif,7,3,0,201.067,284.4995,117.2243,4.9358
hif,7,3,1,201.878,281.243,73.3304,2.2172
hif,7,3,2,200.9765,280.0735,10.4401,1.1866
hif,7,3,3,199.887,280.276,148.5068,1.1868
hif,7,3,4,197.7375,282.5705,129.6303,5.1534
hif,7,3,5,195.99,285.396,97.0494,1.6948
hif,7,3,6,196.411,286.903,51.7523,1.6961
hif,7,3,7,197.778,287.664,6.4374,1.6947
hif,7,3,8,199.017,287.5475,151.952,0.8997
hif,7,3,9,199.6765,287.015,129.2759,0.8293
hif,8,0,0,255.7715,221.907,117.089,0.8806
hif,8,0,1,255.7715,221.907,117.089,0.8806
hif,9,0,0,186.389,309.814,171.2964,1.2423
hif,9,0,1,185.198,309.8055,10.0724,1.1721
hif,9,0,2,185.812,309.7115,0.4089,2.3821
hif,10,0,0,171.974,309.8745,115.4027,0.331
hif,10,0,1,171.812,310.1545,124.8912,0.3182
hif,10,0,2,171.5015,310.4815,138.1639,0.5892
hif,10,0,3,170.437,310.789,172.5169,1.7045
hif,10,0,4,169.201,310.658,31.7534,0.9196
hif,10,0,5,168.5865,310.067,57.364,0.8289
hif,10,0,6,170.204,309.722,0.1244,3.682
hif,11,0,0,123.603,309.7175,0.4467,0.642
hif,11,0,1,123.603,309.7175,0.4467,0.642
hif,12,0,0,208.4975,329.828,94.5445,2.865
hif,12,0,1,209.1385,332.432,57.3167,2.7945
hif,12,0,2,227.333,348.7195,40.9084,46.1524
hif,12,0,3,242.562,366.3925,130.7996,6.7675
hif,12,0,4,223.75,354.601,40.8462,43.8909
hif,12,0,5,205.945,339.9345,14.5948,2.4883
hif,12,0,6,203.552,339.9865,162.9125,2.4878
hif,12,0,7,205.487,334.376,117.5987,13.4866
hif,13,0,0,208.682,328.251,115.4777,0.3301
hif,13,0,1,208.8325,327.963,119.7679,0.3202
hif,13,0,2,208.7615,328.112,117.5903,0.6499
hif,14,0,0,197.9,335.102,117.7513,0.6915
hif,14,0,1,197.8245,335.26,120.0167,0.3418
hif,14,0,2,197.9855,334.954,115.5402,0.3502
hif,15,0,0,200.6175,329.937,117.7506,10.981
hif,15,0,1,202.106,325.7345,148.4212,2.5073
hif,15,0,2,199.8055,326.1605,10.5929,2.5077
hif,15,0,3,194.872,322.7545,40.6301,9.7532
hif,15,0,4,190.922,319.3565,41.7816,0.6678
hif,15,0,5,190.152,318.3825,55.2678,1.8289
hif,15,0,6,189.657,316.718,91.6308,1.8267
hif,15,0,7,189.892,315.3865,116.5375,0.9356
hif,15,0,8,190.623,314.34,129.7336,1.6333
hif,15,0,9,191.8195,313.251,145.6487,1.634
hif,15,0,10,186.5235,312.651,1.3336,11.9442
hif,15,0,11,181.384,312.768,17.1219,1.7391
hif,15,0,12,182.918,313.695,43.6663,1.9437
hif,15,0,13,183.927,315.288,71.6396,1.9429
hif,15,0,14,184.216,316.665,92.1395,0.9106
hif,15,0,15,184.0925,317.526,104.6986,0.8395
hif,15,0,16,171.2185,342.8435,117.1358,55.9854
hif,15,0,17,157.425,367.934,170.1035,2.083
hif,15,0,18,155.9955,367.7455,42.327,1.0915
hif,15,0,19,155.47,366.8465,77.0722,1.0906
hif,15,0,20,154.2725,368.3795,117.5173,4.6557
hif,15,0,21,154.3315,370.0795,162.1887,2.3832
hif,15,0,22,155.904,370.1825,46.8657,1.2813
hif,15,0,23,156.3425,371.2905,89.9556,1.281
hif,15,0,24,153.0255,378.4105,117.1124,14.5588
hif,15,0,25,149.1175,385.575,130.7626,1.8088
hif,15,0,26,147.7555,386.732,148.5419,1.8089
hif,15,0,27,146.222,388.1265,129.5575,2.393
hif,15,0,28,145.6625,390.5825,82.4776,3.0936
hif,15,0,29,145.802,392.371,103.8768,0.5253
hif,15,0,30,137.857,408.0545,117.0613,34.6505
hif,15,0,31,127.2165,424.5025,159.7164,5.8817
hif,15,0,32,117.4555,421.9285,27.1657,15.7414
hif,15,0,33,109.638,419.927,117.1095,3.577
hif,15,0,34,115.1955,424.7865,27.1465,14.3228
hif,15,0,35,121.651,428.073,12.8924,0.1703
hif,15,0,36,122.9565,431.363,69.5074,6.984
hif,15,0,37,124.0975,434.8565,110.1171,0.4739
hif,15,0,38,113.0665,456.442,117.1372,48.0112
hif,15,0,39,99.913,478.4795,162.9841,4.6098
hif,15,0,40,92.98,476.633,28.0618,10.718
hif,15,0,41,87.5295,475.524,117.066,3.1713
hif,15,0,42,97.2215,482.275,27.1442,23.4048
hif,15,0,43,112.323,487.689,0.9166,9.3772
hif,15,0,44,118.034,488.236,24.768,2.2533
hif,15,0,45,120.954,485.1865,118.3109,7.9999
hif,15,0,46,121.267,482.508,151.9784,3.5887
hif,15,0,47,117.9005,483.1475,6.513,3.5882
hif,15,0,48,112.7395,481.213,27.1286,7.5923
hif,15,0,49,108.644,478.599,50.9232,2.2749
hif,15,0,50,107.928,476.5785,90.0503,2.275
hif,15,0,51,128.6235,435.02,117.1113,90.8211
hif,15,0,52,150.046,393.9345,137.6106,1.9713
hif,15,0,53,151.752,393.1475,172.8607,1.9713
hif,15,0,54,153.006,391.7055,101.8142,2.6961
hif,15,0,55,153.2025,388.853,87.0311,3.0701
hif,15,0,56,153.204,387.1005,110.2549,0.4679
hif,15,0,57,168.8845,356.4315,117.1264,68.4256
hif,15,0,58,185.6945,324.8995,138.1948,3.2478
hif,15,0,59,188.5265,323.732,176.9996,3.2475
hif,15,0,60,193.484,326.5285,40.8191,8.8163
hif,15,0,61,197.4395,332.104,77.0497,5.5286
hif,16,0,0,126.1855,315.945,56.3633,7.4396
hif,16,0,1,128.2385,339.743,90.0208,41.402
hif,16,0,2,116.263,360.444,0.0,23.936
hif,16,0,3,103.7495,361.339,121.3622,2.0963
hif,16,0,4,115.7175,362.234,0.0,25.027
hif,16,0,5,128.231,384.19,90.0,43.912
hif,16,0,6,130.1945,406.146,0.0,3.927
hif,16,0,7,132.1635,396.484,90.0326,19.324
hif,16,0,8,132.738,385.791,118.894,2.3552
hif,16,0,9,133.9235,384.566,162.5321,1.2926
hif,16,0,10,135.098,384.479,10.8552,1.1363
hif,16,0,11,148.2965,391.059,27.1162,28.4029
hif,16,0,12,161.9285,398.5065,44.5046,2.7805
hif,16,0,13,163.194,400.8435,78.6294,2.7796
hif,16,0,14,165.8105,397.719,117.5674,10.1233
hif,16,0,15,166.9735,394.1165,143.134,2.9486
hif,16,0,16,164.3205,394.9815,0.7582,2.9473
hif,16,0,17,149.401,388.086,27.0842,30.2043
hif,16,0,18,134.6625,380.117,40.2194,3.3854
hif,16,0,19,132.773,377.441,69.3369,3.3837
hif,16,0,20,132.1685,347.2905,89.985,57.135
hif,16,0,21,132.7355,316.9755,108.1986,3.679
hif,16,0,22,134.7595,314.0955,141.9992,3.6789
hif,16,0,23,130.167,312.906,0.5404,12.0845
hif,17,0,0,193.931,550.789,0.0,352.796
hif,17,0,1,370.329,296.9895,90.0,507.599
hif,17,0,2,193.931,43.19,0.0,352.796
hif,17,0,3,17.533,296.9895,90.0,507.599
hif,18,0,0,110.2665,419.6265,112.498,3.4365
hif,18,0,1,108.0215,421.8715,157.5019,3.4365
hif,18,0,2,104.846,421.8715,22.4917,3.4375
hif,18,0,3,102.6005,419.6265,67.502,3.4365
hif,18,0,4,102.6005,416.4515,112.498,3.4365
hif,18,0,5,104.846,414.2065,157.5083,3.4375
hif,18,0,6,108.0215,414.2065,22.4981,3.4365
hif,18,0,7,110.2665,416.4515,67.502,3.4365
hif,19,0,0,146.4345,313.159,0.0,106.843
hif,19,0,1,199.856,313.939,90.0,1.56
hif,19,0,2,216.3985,314.719,0.0,33.085
hif,19,0,3,232.941,311.4015,90.0,6.635
hif,19,0,4,216.3985,308.084,0.0,33.085
hif,19,0,5,199.856,308.864,90.0,1.56
hif,19,0,6,146.4345,309.644,0.0,106.843
hif,20,0,0,139.4092,246.374,0.0,1.7904
hif,20,0,1,140.3044,244.982,90.0,2.784
hif,20,0,2,139.4092,243.59,0.0,1.7904
hif,20,0,3,138.514,244.982,90.0,2.784
hif,21,0,0,139.5046,243.5972,0.0,5.4492
hif,21,0,1,142.2292,241.1486,90.0,4.8972
hif,21,0,2,139.5046,238.7,0.0,5.4492
hif,21,0,3,136.78,241.1486,90.0,4.8972
hif,22,0,0,131.4462,246.378,0.0,1.7904
hif,22,0,1,132.3414,244.986,90.0,2.784
hif,22,0,2,131.4462,243.594,0.0,1.7904
hif,22,0,3,130.551,244.986,90.0,2.784
hif,23,0,0,131.5426,243.6012,0.0,5.4492
hif,23,0,1,134.2672,241.1526,90.0,4.8972
hif,23,0,2,131.5426,238.704,0.0,5.4492
hif,23,0,3,128.818,241.1526,90.0,4.8972
hif,24,0,0,123.3382,246.371,0.0,1.7904
hif,24,0,1,124.2334,244.979,90.0,2.784
hif,24,0,2,123.3382,243.587,0.0,1.7904
hif,24,0,3,122.443,244.979,90.0,2.784
hif,25,0,0,123.4336,243.5942,0.0,5.4492
hif,25,0,1,126.1582,241.1456,90.0,4.8972
hif,25,0,2,123.4336,238.697,0.0,5.4492
hif,25,0,3,120.709,241.1456,90.0,4.8972
hif,26,0,0,115.1752,246.376,0.0,1.7904
hif,26,0,1,116.0704,244.984,90.0,2.784
hif,26,0,2,115.1752,243.592,0.0,1.7904
hif,26,0,3,114.28,244.984,90.0,2.784
hif,27,0,0,115.2726,243.5992,0.0,5.4492
hif,27,0,1,117.9972,241.1506,90.0,4.8972
hif,27,0,2,115.2726,238.702,0.0,5.4492
hif,27,0,3,112.548,241.1506,90.0,4.8972
hif,28,0,0,106.6602,246.403,0.0,1.7904
hif,28,0,1,107.5554,245.011,90.0,2.784
hif,28,0,2,106.6602,243.619,0.0,1.7904
hif,28,0,3,105.765,245.011,90.0,2.784
hif,29,0,0,106.7566,243.6262,0.0,5.4492
hif,29,0,1,109.4812,241.1776,90.0,4.8972
hif,29,0,2,106.7566,238.729,0.0,5.4492
hif,29,0,3,104.032,241.1776,90.0,4.8972
hif,30,0,0,98.0372,246.377,0.0,1.7904
hif,30,0,1,98.9324,244.985,90.0,2.784
hif,30,0,2,98.0372,243.593,0.0,1.7904
hif,30,0,3,97.142,244.985,90.0,2.784
hif,31,0,0,98.1336,243.6002,0.0,5.4492
hif,31,0,1,100.8582,241.1516,90.0,4.8972
hif,31,0,2,98.1336,238.703,0.0,5.4492
hif,31,0,3,95.409,241.1516,90.0,4.8972
hif,32,0,0,89.7462,246.374,0.0,1.7904
hif,32,0,1,90.6414,244.982,90.0,2.784
hif,32,0,2,89.7462,243.59,0.0,1.7904
hif,32,0,3,88.851,244.982,90.0,2.784
hif,33,0,0,89.8416,243.5972,0.0,5.4492
hif,33,0,1,92.5662,241.1486,90.0,4.8972
hif,33,0,2,89.8416,238.7,0.0,5.4492
hif,33,0,3,87.117,241.1486,90.0,4.8972
hif,34,0,0,148.402,250.3216,0.0,3.402
hif,34,0,1,150.103,248.3488,90.0,3.9456
hif,34,0,2,148.402,246.376,0.0,3.402
hif,34,0,3,146.701,248.3488,90.0,3.9456
hif,35,0,0,153.436,250.3236,0.0,3.402
hif,35,0,1,155.137,248.3508,90.0,3.9456
hif,35,0,2,153.436,246.378,0.0,3.402
hif,35,0,3,151.735,248.3508,90.0,3.9456
hif,36,0,0,158.421,250.3216,0.0,3.402
hif,36,0,1,160.122,248.3488,90.0,3.9456
hif,36,0,2,158.421,246.376,0.0,3.402
hif,36,0,3,156.72,248.3488,90.0,3.9456
hif,37,0,0,183.253,228.772,90.0,6.522
hif,37,0,1,182.815,225.511,0.0,0.876
hif,37,0,2,182.377,220.6125,90.0,9.797
hif,37,0,3,182.815,215.714,0.0,0.876
hif,37,0,4,183.253,212.341,90.0,6.746
hif,37,0,5,191.889,208.968,0.0,17.272
hif,37,0,6,200.525,212.341,90.0,6.746
hif,37,0,7,200.9645,215.714,0.0,0.879
hif,37,0,8,201.404,220.6125,90.0,9.797
hif,37,0,9,200.9645,225.511,0.0,0.879
hif,37,0,10,200.525,228.772,90.0,6.522
hif,38,0,0,205.201,228.408,0.2755,3.326
hif,38,0,1,203.5485,226.1465,90.2671,4.5071
hif,38,0,2,205.2225,223.901,0.2759,3.327
hif,39,0,0,205.225,222.216,0.2755,3.326
hif,39,0,1,203.5725,219.9545,90.2671,4.5071
hif,39,0,2,205.2465,217.709,0.2759,3.327
hif,40,0,0,205.257,216.066,0.275,3.332
hif,40,0,1,203.604,213.2405,90.2644,5.6351
hif,40,0,2,205.283,210.431,0.275,3.332
hif,41,0,0,175.3308,271.7758,0.0,9.5556
hif,41,0,1,180.1086,268.7494,90.0,6.0528
hif,41,0,2,175.3308,265.723,0.0,9.5556
hif,41,0,3,170.553,268.7494,90.0,6.0528
hif,42,0,0,165.118,247.4615,90.0,20.717
hif,42,0,1,172.554,257.82,0.0,14.872
hif,42,0,2,179.99,247.4615,90.0,20.717
hif,42,0,3,176.4635,237.103,0.0,7.053
hif,42,0,4,172.937,246.022,90.0,17.838
hif,42,0,5,172.5465,254.941,0.0,0.781
hif,42,0,6,172.156,246.022,90.0,17.838
hif,43,0,0,221.5695,207.3425,38.0899,10.4734
hif,43,0,1,229.3715,205.8775,128.0907,11.9321
hif,43,0,2,228.9305,197.9515,38.0899,10.4734
hif,44,0,0,240.795,188.45,38.0164,17.133
hif,44,0,1,251.044,186.8875,117.1037,15.3643
hif,44,0,2,248.9475,175.6755,38.0066,14.2054
hif,45,0,0,243.38,177.152,38.0882,7.2625
hif,45,0,1,247.6525,177.587,128.0841,4.5864
hif,45,0,2,246.2095,173.5415,38.0991,7.2623
hif,46,0,0,239.89,181.6095,38.0942,7.2631
hif,46,0,1,244.1625,182.045,128.0843,4.5864
hif,46,0,2,242.7195,177.9995,38.0991,7.2623
hif,47,0,0,188.614,242.9996,0.0,10.658
hif,47,0,1,193.943,240.9158,90.0,4.1676
hif,47,0,2,188.614,238.832,0.0,10.658
hif,47,0,3,183.285,240.9158,90.0,4.1676
hif,48,0,0,202.7385,248.178,128.0546,14.2973
hif,48,0,1,204.772,240.6895,38.0824,6.0295
hif,48,0,2,201.6305,239.811,128.075,2.4923
hif,48,0,3,200.0085,240.1235,38.0691,2.1683
hif,48,0,4,196.517,242.823,128.07,8.5563
hif,48,0,5,194.732,246.859,38.065,2.1669
hif,48,0,6,194.5855,248.807,127.985,3.248
hif,49,0,0,192.2215,255.263,128.0702,4.1435
hif,49,0,1,191.823,252.3195,38.0651,4.2575
hif,49,0,2,188.8695,252.6375,128.079,4.1427
hif,50,0,0,186.3036,263.4308,0.0,5.1252
hif,50,0,1,188.8662,261.2984,90.0,4.2648
hif,50,0,2,186.3036,259.166,0.0,5.1252
hif,50,0,3,183.741,261.2984,90.0,4.2648
hif,51,0,0,208.7345,239.5695,38.0788,7.0062
hif,51,0,1,209.988,232.289,128.0751,13.0081
hif,51,0,2,216.7565,229.3295,38.0788,7.0062
hif,52,0,0,302.659,137.66,27.1007,6.9849
hif,52,0,1,312.202,126.6805,117.1049,28.2428
hif,52,0,2,315.527,112.519,27.1005,6.9849
hif,53,0,0,249.072,126.1535,27.1009,8.1285
hif,53,0,1,255.076,123.3425,117.1007,10.4751
hif,53,0,2,253.844,116.8285,27.1009,8.1285
hif,54,0,0,143.932,287.455,130.7961,5.614
hif,54,0,1,140.582,289.225,13.1793,3.114
hif,54,0,2,137.4295,288.8965,179.0727,3.2734
hif,54,0,3,135.9615,289.74,78.3464,1.6684
hif,54,0,4,136.7875,290.4225,168.4397,1.3422
hif,54,0,5,139.6095,290.796,13.208,4.4466
hif,54,0,6,142.8035,292.653,52.6506,3.3939
hif,54,0,7,145.4265,294.376,13.2087,3.2736
hif,54,0,8,147.408,294.32,132.0603,1.1584
hif,54,0,9,145.809,292.4095,36.6895,4.9558
hif,54,0,10,145.6215,288.8445,130.8032,5.5076
hif,55,0,0,154.9145,296.27,130.8022,4.6079
hif,55,0,1,152.58,297.2985,40.797,2.1901
hif,55,0,2,153.2565,294.8385,130.794,4.6086
hif,56,0,0,148.436,301.407,131.0647,3.6474
hif,56,0,1,149.935,300.294,41.0364,0.7981
hif,56,0,2,149.0375,301.931,131.0766,3.648
hif,57,0,0,150.0275,297.7105,131.0638,4.0173
hif,57,0,1,152.581,297.2715,41.074,3.2738
hif,57,0,2,152.4955,299.861,131.0733,4.0166
hif,58,0,0,143.6975,299.97,103.1981,3.6484
hif,58,0,1,144.502,298.285,13.1998,0.7971
hif,58,0,2,144.4735,300.152,103.1981,3.6484
hif,59,0,0,143.3755,295.9575,103.1957,4.0171
hif,59,0,1,145.4275,294.376,13.2087,3.2736
hif,59,0,2,146.5625,296.7055,103.1958,4.017
hif,60,0,0,137.3085,296.256,103.1981,3.6484
hif,60,0,1,138.113,294.571,13.1998,0.7971
hif,60,0,2,138.0845,296.438,103.1981,3.6484
hif,61,0,0,136.9885,292.2445,103.1957,4.0171
hif,61,0,1,139.0405,290.663,13.2087,3.2736
hif,61,0,2,140.1755,292.9925,103.1958,4.017
hif,62,0,0,137.744,283.05,89.0578,3.6485
hif,62,0,1,137.3755,284.8805,179.0655,0.7971
hif,62,0,2,136.9475,283.063,89.0733,3.6485
hif,63,0,0,139.0345,286.862,89.0727,4.0165
hif,63,0,1,137.43,288.8965,179.0724,3.2744
hif,63,0,2,135.7605,286.915,89.0727,4.0165
hif,64,0,0,179.29,304.5605,179.8642,2.948
hif,64,0,1,180.76,302.767,89.872,3.58
hif,64,0,2,179.282,300.9805,179.8636,2.948
hif,65,0,0,101.6444,364.521,0.0,6.7848
hif,65,0,1,105.0368,355.3825,90.0,18.277
hif,65,0,2,101.6444,346.244,0.0,6.7848
hif,65,0,3,98.252,355.3825,90.0,18.277
hif,66,0,0,132.589,363.1095,124.143,1.7532
hif,66,0,1,138.19,358.4445,142.3645,12.903
hif,66,0,2,144.529,346.88,99.1636,15.4471
hif,66,0,3,139.7535,334.109,40.5927,15.8174
hif,66,0,4,133.198,328.3305,48.9904,1.6764
hif,66,0,5,132.351,326.9145,69.2403,1.6758
hif,66,0,6,132.0345,330.147,90.2782,8.0321
hif,66,0,7,132.441,333.6265,128.451,1.3701
hif,66,0,8,133.229,333.0125,167.9161,0.7404
hif,66,0,9,133.763,332.959,7.9443,0.3473
hif,66,0,10,134.014,333.0075,17.2232,0.1654
hif,66,0,11,134.13,333.047,22.0657,0.0799
hif,66,0,12,134.185,333.07,23.994,0.0394
hif,66,0,13,134.2115,333.0815,22.3491,0.0184
hif,66,0,14,134.224,333.087,26.5651,0.0089
hif,66,0,15,134.2325,333.091,23.9445,0.0099
hif,66,0,16,139.3145,337.456,40.6718,13.3891
hif,66,0,17,141.43,347.566,117.2665,12.9308
hif,66,0,18,135.987,355.224,142.3946,6.2633
hif,66,0,19,133.099,357.267,162.0313,0.8557
hif,66,0,20,132.4775,357.315,21.3856,0.4607
hif,66,0,21,132.122,357.079,47.1503,0.4147
hif,66,0,22,132.0395,360.3815,89.0298,6.91
hif,67,0,0,132.044,364.251,97.2608,0.8387
hif,67,0,1,132.058,365.061,80.3489,0.7993
hif,67,0,2,132.111,364.645,89.0098,1.6202
hif,68,0,0,138.062,356.1765,34.9713,6.7851
hif,68,0,1,146.08,350.6325,124.9717,18.2772
hif,68,0,2,148.538,341.1995,34.9713,6.7851
hif,69,0,0,177.0975,312.853,24.6474,1.7505
hif,69,0,1,179.615,314.868,43.7767,4.7698
hif,69,0,2,182.0545,318.5265,70.3417,4.2656
hif,69,0,3,184.9225,316.3305,117.0886,9.4451
hif,69,0,4,181.688,312.307,178.0749,10.7761
hif,70,0,0,174.393,312.212,8.2268,3.8577
hif,70,0,1,170.798,312.3325,166.7662,3.464
hif,70,0,2,172.707,312.608,178.0722,7.1941
hif,71,0,0,87.8935,475.3765,112.4944,3.5469
hif,71,0,1,85.5765,477.6935,157.5056,3.5469
hif,71,0,2,82.299,477.6935,22.4882,3.5478
hif,71,0,3,79.9815,475.3765,67.5057,3.5469
hif,71,0,4,79.9815,472.0995,112.4943,3.5469
hif,71,0,5,82.299,469.7825,157.5118,3.5478
hif,71,0,6,85.5765,469.7825,22.4944,3.5469
hif,71,0,7,87.8935,472.0995,67.5056,3.5469
hif,72,0,0,147.2235,374.99,27.1655,6.7855
hif,72,0,1,154.415,368.409,117.1707,18.2769
hif,72,0,2,155.57,358.73,27.1693,6.7846
hif,73,0,0,247.22,149.428,117.1189,2.4043
hif,73,0,1,248.5105,151.44,27.1292,4.1315
hif,73,0,2,250.897,151.312,117.1196,2.4043
hif,74,0,0,253.124,152.477,117.1303,2.4473
hif,74,0,1,254.8855,152.004,27.1051,2.704
hif,74,0,2,255.531,153.709,117.1303,2.4473
hif,75,0,0,109.299,515.438,27.1006,6.9849
hif,75,0,1,118.842,504.4585,117.1049,28.2428
hif,75,0,2,122.167,490.297,27.1006,6.9849
hif,76,0,0,187.386,204.113,0.0,8.256
hif,76,0,1,191.514,201.977,90.0,4.272
hif,76,0,2,187.386,199.841,0.0,8.256
hif,76,0,3,183.258,201.977,90.0,4.272
hif,77,0,0,196.576,204.113,0.0,8.256
hif,77,0,1,200.704,201.977,90.0,4.272
hif,77,0,2,196.576,199.841,0.0,8.256
hif,77,0,3,192.448,201.977,90.0,4.272
hif,78,0,0,175.1965,284.611,0.0,11.987
hif,78,0,1,181.19,278.9115,90.0,11.399
hif,78,0,2,175.1965,273.212,0.0,11.987
hif,78,0,3,169.203,278.9115,90.0,11.399
hif,79,0,0,215.522,315.5715,117.105,396.1442
hif,79,0,1,302.659,137.662,27.1006,6.9849
hif,79,0,2,209.304,312.3895,117.105,396.1442
hif,80,0,0,21.934,417.408,0.0,0.36
hif,80,0,1,22.114,415.968,90.0,2.88
hif,80,0,2,21.934,414.528,0.0,0.36
hif,80,0,3,21.754,415.968,90.0,2.88
hif,81,0,0,35.404,417.408,0.0,0.36
hif,81,0,1,35.584,415.968,90.0,2.88
hif,81,0,2,35.404,414.528,0.0,0.36
hif,81,0,3,35.224,415.968,90.0,2.88
hif,82,0,0,48.874,417.408,0.0,0.36
hif,82,0,1,49.054,415.968,90.0,2.88
hif,82,0,2,48.874,414.528,0.0,0.36
hif,82,0,3,48.694,415.968,90.0,2.88
hif,83,0,0,75.813,417.407,0.0,0.36
hif,83,0,1,75.993,415.967,90.0,2.88
hif,83,0,2,75.813,414.527,0.0,0.36
hif,83,0,3,75.633,415.967,90.0,2.88
hif,84,0,0,89.283,417.407,0.0,0.36
hif,84,0,1,89.463,415.967,90.0,2.88
hif,84,0,2,89.283,414.527,0.0,0.36
hif,84,0,3,89.103,415.967,90.0,2.88
hif,85,0,0,102.753,417.407,0.0,0.36
hif,85,0,1,102.933,415.967,90.0,2.88
hif,85,0,2,102.753,414.527,0.0,0.36
hif,85,0,3,102.573,415.967,90.0,2.88
hif,86,0,0,116.223,417.406,0.0,0.36
hif,86,0,1,116.403,415.966,90.0,2.88
hif,86,0,2,116.223,414.526,0.0,0.36
hif,86,0,3,116.043,415.966,90.0,2.88
hif,87,0,0,143.163,417.406,0.0,0.36
hif,87,0,1,143.343,415.966,90.0,2.88
hif,87,0,2,143.163,414.526,0.0,0.36
hif,87,0,3,142.983,415.966,90.0,2.88
hif,88,0,0,156.633,417.404,0.0,0.36
hif,88,0,1,156.813,415.964,90.0,2.88
hif,88,0,2,156.633,414.524,0.0,0.36
hif,88,0,3,156.453,415.964,90.0,2.88
hif,89,0,0,170.102,417.404,0.0,0.36
hif,89,0,1,170.282,415.964,90.0,2.88
hif,89,0,2,170.102,414.524,0.0,0.36
hif,89,0,3,169.922,415.964,90.0,2.88
hif,90,0,0,183.572,417.404,0.0,0.36
hif,90,0,1,183.752,415.964,90.0,2.88
hif,90,0,2,183.572,414.524,0.0,0.36
hif,90,0,3,183.392,415.964,90.0,2.88
hif,91,0,0,210.512,417.403,0.0,0.36
hif,91,0,1,210.692,415.963,90.0,2.88
hif,91,0,2,210.512,414.523,0.0,0.36
hif,91,0,3,210.332,415.963,90.0,2.88
hif,92,0,0,223.982,417.403,0.0,0.36
hif,92,0,1,224.162,415.963,90.0,2.88
hif,92,0,2,223.982,414.523,0.0,0.36
hif,92,0,3,223.802,415.963,90.0,2.88
hif,93,0,0,237.452,417.403,0.0,0.36
hif,93,0,1,237.632,415.963,90.0,2.88
hif,93,0,2,237.452,414.523,0.0,0.36
hif,93,0,3,237.272,415.963,90.0,2.88
hif,94,0,0,250.922,417.403,0.0,0.36
hif,94,0,1,251.102,415.963,90.0,2.88
hif,94,0,2,250.922,414.523,0.0,0.36
hif,94,0,3,250.742,415.963,90.0,2.88
hif,95,0,0,277.861,417.402,0.0,0.36
hif,95,0,1,278.041,415.962,90.0,2.88
hif,95,0,2,277.861,414.522,0.0,0.36
hif,95,0,3,277.681,415.962,90.0,2.88
hif,96,0,0,291.331,417.402,0.0,0.36
hif,96,0,1,291.511,415.962,90.0,2.88
hif,96,0,2,291.331,414.522,0.0,0.36
hif,96,0,3,291.151,415.962,90.0,2.88
hif,97,0,0,304.801,417.402,0.0,0.36
hif,97,0,1,304.981,415.962,90.0,2.88
hif,97,0,2,304.801,414.522,0.0,0.36
hif,97,0,3,304.621,415.962,90.0,2.88
hif,98,0,0,318.271,417.401,0.0,0.36
hif,98,0,1,318.451,415.961,90.0,2.88
hif,98,0,2,318.271,414.521,0.0,0.36
hif,98,0,3,318.091,415.961,90.0,2.88
hif,99,0,0,345.211,417.401,0.0,0.36
hif,99,0,1,345.391,415.961,90.0,2.88
hif,99,0,2,345.211,414.521,0.0,0.36
hif,99,0,3,345.031,415.961,90.0,2.88
hif,100,0,0,358.681,417.401,0.0,0.36
hif,100,0,1,358.861,415.961,90.0,2.88
hif,100,0,2,358.681,414.521,0.0,0.36
hif,100,0,3,358.501,415.961,90.0,2.88
hif,101,0,0,358.718,239.242,0.0,0.36
hif,101,0,1,358.898,237.802,90.0,2.88
hif,101,0,2,358.718,236.362,0.0,0.36
hif,101,0,3,358.538,237.802,90.0,2.88
hif,102,0,0,345.244,239.242,0.0,0.36
hif,102,0,1,345.424,237.802,90.0,2.88
hif,102,0,2,345.244,236.362,0.0,0.36
hif,102,0,3,345.064,237.802,90.0,2.88
hif,103,0,0,318.298,239.243,0.0,0.36
hif,103,0,1,318.478,237.803,90.0,2.88
hif,103,0,2,318.298,236.363,0.0,0.36
hif,103,0,3,318.118,237.803,90.0,2.88
hif,104,0,0,304.825,239.243,0.0,0.36
hif,104,0,1,305.005,237.803,90.0,2.88
hif,104,0,2,304.825,236.363,0.0,0.36
hif,104,0,3,304.645,237.803,90.0,2.88
hif,105,0,0,291.351,239.243,0.0,0.36
hif,105,0,1,291.531,237.803,90.0,2.88
hif,105,0,2,291.351,236.363,0.0,0.36
hif,105,0,3,291.171,237.803,90.0,2.88
hif,106,0,0,277.878,239.244,0.0,0.36
hif,106,0,1,278.058,237.804,90.0,2.88
hif,106,0,2,277.878,236.364,0.0,0.36
hif,106,0,3,277.698,237.804,90.0,2.88
hif,107,0,0,250.932,239.244,0.0,0.36
hif,107,0,1,251.112,237.804,90.0,2.88
hif,107,0,2,250.932,236.364,0.0,0.36
hif,107,0,3,250.752,237.804,90.0,2.88
hif,108,0,0,237.458,239.244,0.0,0.36
hif,108,0,1,237.638,237.804,90.0,2.88
hif,108,0,2,237.458,236.364,0.0,0.36
hif,108,0,3,237.278,237.804,90.0,2.88
hif,109,0,0,223.984,239.245,0.0,0.36
hif,109,0,1,224.164,237.805,90.0,2.88
hif,109,0,2,223.984,236.365,0.0,0.36
hif,109,0,3,223.804,237.805,90.0,2.88
hif,110,0,0,210.512,239.245,0.0,0.36
hif,110,0,1,210.692,237.805,90.0,2.88
hif,110,0,2,210.512,236.365,0.0,0.36
hif,110,0,3,210.332,237.805,90.0,2.88
hif,111,0,0,183.565,239.245,0.0,0.36
hif,111,0,1,183.745,237.805,90.0,2.88
hif,111,0,2,183.565,236.365,0.0,0.36
hif,111,0,3,183.385,237.805,90.0,2.88
hif,112,0,0,170.091,239.246,0.0,0.36
hif,112,0,1,170.271,237.806,90.0,2.88
hif,112,0,2,170.091,236.366,0.0,0.36
hif,112,0,3,169.911,237.806,90.0,2.88
hif,113,0,0,156.618,239.246,0.0,0.36
hif,113,0,1,156.798,237.806,90.0,2.88
hif,113,0,2,156.618,236.366,0.0,0.36
hif,113,0,3,156.438,237.806,90.0,2.88
hif,114,0,0,143.145,239.246,0.0,0.36
hif,114,0,1,143.325,237.806,90.0,2.88
hif,114,0,2,143.145,236.366,0.0,0.36
hif,114,0,3,142.965,237.806,90.0,2.88
hif,115,0,0,116.198,239.248,0.0,0.36
hif,115,0,1,116.378,237.808,90.0,2.88
hif,115,0,2,116.198,236.368,0.0,0.36
hif,115,0,3,116.018,237.808,90.0,2.88
hif,116,0,0,102.724,239.248,0.0,0.36
hif,116,0,1,102.904,237.808,90.0,2.88
hif,116,0,2,102.724,236.368,0.0,0.36
hif,116,0,3,102.544,237.808,90.0,2.88
hif,117,0,0,89.252,239.248,0.0,0.36
hif,117,0,1,89.432,237.808,90.0,2.88
hif,117,0,2,89.252,236.368,0.0,0.36
hif,117,0,3,89.072,237.808,90.0,2.88
hif,118,0,0,75.778,239.249,0.0,0.36
hif,118,0,1,75.958,237.809,90.0,2.88
hif,118,0,2,75.778,236.369,0.0,0.36
hif,118,0,3,75.598,237.809,90.0,2.88
hif,119,0,0,48.831,239.249,0.0,0.36
hif,119,0,1,49.011,237.809,90.0,2.88
hif,119,0,2,48.831,236.369,0.0,0.36
hif,119,0,3,48.651,237.809,90.0,2.88
hif,120,0,0,35.358,239.249,0.0,0.36
hif,120,0,1,35.538,237.809,90.0,2.88
hif,120,0,2,35.358,236.369,0.0,0.36
hif,120,0,3,35.178,237.809,90.0,2.88
hif,121,0,0,21.885,239.25,0.0,0.36
hif,121,0,1,22.065,237.81,90.0,2.88
hif,121,0,2,21.885,236.37,0.0,0.36
hif,121,0,3,21.705,237.81,90.0,2.88
hif,122,0,0,21.836,61.091,0.0,0.36
hif,122,0,1,22.016,59.651,90.0,2.88
hif,122,0,2,21.836,58.211,0.0,0.36
hif,122,0,3,21.656,59.651,90.0,2.88
hif,123,0,0,35.312,61.091,0.0,0.36
hif,123,0,1,35.492,59.651,90.0,2.88
hif,123,0,2,35.312,58.211,0.0,0.36
hif,123,0,3,35.132,59.651,90.0,2.88
hif,124,0,0,48.789,61.09,0.0,0.36
hif,124,0,1,48.969,59.65,90.0,2.88
hif,124,0,2,48.789,58.21,0.0,0.36
hif,124,0,3,48.609,59.65,90.0,2.88
hif,125,0,0,75.742,61.09,0.0,0.36
hif,125,0,1,75.922,59.65,90.0,2.88
hif,125,0,2,75.742,58.21,0.0,0.36
hif,125,0,3,75.562,59.65,90.0,2.88
hif,126,0,0,89.22,61.09,0.0,0.36
hif,126,0,1,89.4,59.65,90.0,2.88
hif,126,0,2,89.22,58.21,0.0,0.36
hif,126,0,3,89.04,59.65,90.0,2.88
hif,127,0,0,102.697,61.088,0.0,0.36
hif,127,0,1,102.877,59.648,90.0,2.88
hif,127,0,2,102.697,58.208,0.0,0.36
hif,127,0,3,102.517,59.648,90.0,2.88
hif,128,0,0,116.173,61.088,0.0,0.36
hif,128,0,1,116.353,59.648,90.0,2.88
hif,128,0,2,116.173,58.208,0.0,0.36
hif,128,0,3,115.993,59.648,90.0,2.88
hif,129,0,0,143.127,61.087,0.0,0.36
hif,129,0,1,143.307,59.647,90.0,2.8799
hif,129,0,2,143.127,58.207,0.0,0.36
hif,129,0,3,142.947,59.647,90.0,2.8799
hif,130,0,0,156.603,61.087,0.0,0.36
hif,130,0,1,156.783,59.647,90.0,2.8799
hif,130,0,2,156.603,58.207,0.0,0.36
hif,130,0,3,156.423,59.647,90.0,2.8799
hif,131,0,0,170.08,61.087,0.0,0.36
hif,131,0,1,170.26,59.647,90.0,2.8799
hif,131,0,2,170.08,58.207,0.0,0.36
hif,131,0,3,169.9,59.647,90.0,2.8799
hif,132,0,0,183.558,61.087,0.0,0.36
hif,132,0,1,183.738,59.647,90.0,2.8799
hif,132,0,2,183.558,58.207,0.0,0.36
hif,132,0,3,183.378,59.647,90.0,2.8799
hif,133,0,0,210.511,61.086,0.0,0.36
hif,133,0,1,210.691,59.646,90.0,2.88
hif,133,0,2,210.511,58.206,0.0,0.36
hif,133,0,3,210.331,59.646,90.0,2.88
hif,134,0,0,223.988,61.086,0.0,0.36
hif,134,0,1,224.168,59.646,90.0,2.88
hif,134,0,2,223.988,58.206,0.0,0.36
hif,134,0,3,223.808,59.646,90.0,2.88
hif,135,0,0,237.464,61.086,0.0,0.36
hif,135,0,1,237.644,59.646,90.0,2.88
hif,135,0,2,237.464,58.206,0.0,0.36
hif,135,0,3,237.284,59.646,90.0,2.88
hif,136,0,0,250.941,61.085,0.0,0.36
hif,136,0,1,251.121,59.645,90.0,2.88
hif,136,0,2,250.941,58.205,0.0,0.36
hif,136,0,3,250.761,59.645,90.0,2.88
hif,137,0,0,277.894,61.085,0.0,0.36
hif,137,0,1,278.074,59.645,90.0,2.88
hif,137,0,2,277.894,58.205,0.0,0.36
hif,137,0,3,277.714,59.645,90.0,2.88
hif,138,0,0,291.372,61.085,0.0,0.36
hif,138,0,1,291.552,59.645,90.0,2.88
hif,138,0,2,291.372,58.205,0.0,0.36
hif,138,0,3,291.192,59.645,90.0,2.88
hif,139,0,0,304.849,61.084,0.0,0.36
hif,139,0,1,305.029,59.644,90.0,2.88
hif,139,0,2,304.849,58.204,0.0,0.36
hif,139,0,3,304.669,59.644,90.0,2.88
hif,140,0,0,318.325,61.084,0.0,0.36
hif,140,0,1,318.505,59.644,90.0,2.88
hif,140,0,2,318.325,58.204,0.0,0.36
hif,140,0,3,318.145,59.644,90.0,2.88
hif,141,0,0,345.279,61.084,0.0,0.36
hif,141,0,1,345.459,59.644,90.0,2.88
hif,141,0,2,345.279,58.204,0.0,0.36
hif,141,0,3,345.099,59.644,90.0,2.88
hif,142,0,0,358.755,61.082,0.0,0.36
hif,142,0,1,358.935,59.642,90.0,2.88
hif,142,0,2,358.755,58.202,0.0,0.36
hif,142,0,3,358.575,59.642,90.0,2.88
hif,143,0,0,62.343,418.127,0.0,0.36
hif,143,0,1,62.523,414.527,90.0,7.2
hif,143,0,2,62.343,410.927,0.0,0.36
hif,143,0,3,62.163,414.527,90.0,7.2
hif,144,0,0,197.042,418.124,0.0,0.36
hif,144,0,1,197.222,414.524,90.0,7.2
hif,144,0,2,197.042,410.924,0.0,0.36
hif,144,0,3,196.862,414.524,90.0,7.2
hif,145,0,0,331.741,418.121,0.0,0.36
hif,145,0,1,331.921,414.521,90.0,7.2
hif,145,0,2,331.741,410.921,0.0,0.36
hif,145,0,3,331.561,414.521,90.0,7.2
hif,146,0,0,62.305,239.969,0.0,0.36
hif,146,0,1,62.485,236.369,90.0,7.2
hif,146,0,2,62.305,232.769,0.0,0.36
hif,146,0,3,62.125,236.369,90.0,7.2
hif,147,0,0,197.038,239.965,0.0,0.36
hif,147,0,1,197.218,236.365,90.0,7.2
hif,147,0,2,197.038,232.765,0.0,0.36
hif,147,0,3,196.858,236.365,90.0,7.2
hif,148,0,0,331.771,239.963,0.0,0.36
hif,148,0,1,331.951,236.363,90.0,7.2
hif,148,0,2,331.771,232.763,0.0,0.36
hif,148,0,3,331.591,236.363,90.0,7.2
hif,149,0,0,331.802,61.804,0.0,0.36
hif,149,0,1,331.982,58.204,90.0,7.2
hif,149,0,2,331.802,54.604,0.0,0.36
hif,149,0,3,331.622,58.204,90.0,7.2
hif,150,0,0,197.034,61.806,0.0,0.36
hif,150,0,1,197.214,58.206,90.0,7.2
hif,150,0,2,197.034,54.606,0.0,0.36
hif,150,0,3,196.854,58.206,90.0,7.2
hif,151,0,0,62.266,61.81,0.0,0.36
hif,151,0,1,62.446,58.21,90.0,7.2
hif,151,0,2,62.266,54.61,0.0,0.36
hif,151,0,3,62.086,58.21,90.0,7.2
hif,152,0,0,128.268,539.3381,0.0,2.88
hif,152,0,1,129.708,539.1581,90.0,0.36
hif,152,0,2,128.268,538.978,0.0,2.88
hif,152,0,3,126.828,539.1581,90.0,0.36
hif,153,0,0,128.266,521.521,0.0,2.88
hif,153,0,1,129.706,521.341,90.0,0.36
hif,153,0,2,128.266,521.161,0.0,2.88
hif,153,0,3,126.826,521.341,90.0,0.36
hif,154,0,0,128.262,485.89,0.0,2.88
hif,154,0,1,129.702,485.71,90.0,0.36
hif,154,0,2,128.262,485.53,0.0,2.88
hif,154,0,3,126.822,485.71,90.0,0.36
hif,155,0,0,128.259,468.074,0.0,2.88
hif,155,0,1,129.699,467.894,90.0,0.36
hif,155,0,2,128.259,467.714,0.0,2.88
hif,155,0,3,126.819,467.894,90.0,0.36
hif,156,0,0,128.257,450.258,0.0,2.88
hif,156,0,1,129.697,450.078,90.0,0.36
hif,156,0,2,128.257,449.898,0.0,2.88
hif,156,0,3,126.817,450.078,90.0,0.36
hif,157,0,0,128.256,432.443,0.0,2.88
hif,157,0,1,129.696,432.263,90.0,0.36
hif,157,0,2,128.256,432.083,0.0,2.88
hif,157,0,3,126.816,432.263,90.0,0.36
hif,158,0,0,128.251,396.811,0.0,2.88
hif,158,0,1,129.691,396.631,90.0,0.36
hif,158,0,2,128.251,396.451,0.0,2.88
hif,158,0,3,126.811,396.631,90.0,0.36
hif,159,0,0,128.248,378.995,0.0,2.88
hif,159,0,1,129.688,378.815,90.0,0.36
hif,159,0,2,128.248,378.635,0.0,2.88
hif,159,0,3,126.808,378.815,90.0,0.36
hif,160,0,0,128.246,361.178,0.0,2.88
hif,160,0,1,129.686,360.998,90.0,0.36
hif,160,0,2,128.246,360.818,0.0,2.88
hif,160,0,3,126.806,360.998,90.0,0.36
hif,161,0,0,128.245,343.363,0.0,2.88
hif,161,0,1,129.685,343.183,90.0,0.36
hif,161,0,2,128.245,343.003,0.0,2.88
hif,161,0,3,126.805,343.183,90.0,0.36
hif,162,0,0,128.24,307.732,0.0,2.88
hif,162,0,1,129.68,307.552,90.0,0.36
hif,162,0,2,128.24,307.372,0.0,2.88
hif,162,0,3,126.8,307.552,90.0,0.36
hif,163,0,0,128.238,289.915,0.0,2.88
hif,163,0,1,129.678,289.735,90.0,0.36
hif,163,0,2,128.238,289.555,0.0,2.88
hif,163,0,3,126.798,289.735,90.0,0.36
hif,164,0,0,128.235,272.1,0.0,2.88
hif,164,0,1,129.675,271.92,90.0,0.36
hif,164,0,2,128.235,271.74,0.0,2.88
hif,164,0,3,126.795,271.92,90.0,0.36
hif,165,0,0,128.234,254.284,0.0,2.88
hif,165,0,1,129.674,254.104,90.0,0.36
hif,165,0,2,128.234,253.924,0.0,2.88
hif,165,0,3,126.794,254.104,90.0,0.36
hif,166,0,0,128.229,218.652,0.0,2.88
hif,166,0,1,129.669,218.472,90.0,0.36
hif,166,0,2,128.229,218.292,0.0,2.88
hif,166,0,3,126.789,218.472,90.0,0.36
hif,167,0,0,128.227,200.836,0.0,2.88
hif,167,0,1,129.667,200.656,90.0,0.36
hif,167,0,2,128.227,200.476,0.0,2.88
hif,167,0,3,126.787,200.656,90.0,0.36
hif,168,0,0,128.226,183.02,0.0,2.88
hif,168,0,1,129.666,182.84,90.0,0.36
hif,168,0,2,128.226,182.66,0.0,2.88
hif,168,0,3,126.786,182.84,90.0,0.36
hif,169,0,0,128.223,165.204,0.0,2.88
hif,169,0,1,129.663,165.024,90.0,0.36
hif,169,0,2,128.223,164.844,0.0,2.88
hif,169,0,3,126.783,165.024,90.0,0.36
hif,170,0,0,128.218,129.572,0.0,2.88
hif,170,0,1,129.658,129.392,90.0,0.36
hif,170,0,2,128.218,129.212,0.0,2.88
hif,170,0,3,126.778,129.392,90.0,0.36
hif,171,0,0,128.216,111.756,0.0,2.88
hif,171,0,1,129.656,111.576,90.0,0.36
hif,171,0,2,128.216,111.396,0.0,2.88
hif,171,0,3,126.776,111.576,90.0,0.36
hif,172,0,0,128.215,93.941,0.0,2.88
hif,172,0,1,129.655,93.761,90.0,0.36
hif,172,0,2,128.215,93.581,0.0,2.88
hif,172,0,3,126.775,93.761,90.0,0.36
hif,173,0,0,128.212,76.124,0.0,2.88
hif,173,0,1,129.652,75.944,90.0,0.36
hif,173,0,2,128.212,75.764,0.0,2.88
hif,173,0,3,126.772,75.944,90.0,0.36
hif,174,0,0,262.942,539.334,0.0,2.88
hif,174,0,1,264.382,539.154,90.0,0.36
hif,174,0,2,262.942,538.974,0.0,2.88
hif,174,0,3,261.502,539.154,90.0,0.36
hif,175,0,0,262.944,521.519,0.0,2.88
hif,175,0,1,264.384,521.339,90.0,0.36
hif,175,0,2,262.944,521.159,0.0,2.88
hif,175,0,3,261.504,521.339,90.0,0.36
hif,176,0,0,262.946,485.887,0.0,2.88
hif,176,0,1,264.386,485.707,90.0,0.36
hif,176,0,2,262.946,485.527,0.0,2.88
hif,176,0,3,261.506,485.707,90.0,0.36
hif,177,0,0,262.947,468.071,0.0,2.88
hif,177,0,1,264.387,467.891,90.0,0.36
hif,177,0,2,262.947,467.711,0.0,2.88
hif,177,0,3,261.507,467.891,90.0,0.36
hif,178,0,0,262.948,450.256,0.0,2.88
hif,178,0,1,264.388,450.076,90.0,0.36
hif,178,0,2,262.948,449.896,0.0,2.88
hif,178,0,3,261.508,450.076,90.0,0.36
hif,179,0,0,262.951,432.439,0.0,2.88
hif,179,0,1,264.391,432.259,90.0,0.36
hif,179,0,2,262.951,432.079,0.0,2.88
hif,179,0,3,261.511,432.259,90.0,0.36
hif,180,0,0,262.953,396.808,0.0,2.88
hif,180,0,1,264.393,396.628,90.0,0.36
hif,180,0,2,262.953,396.448,0.0,2.88
hif,180,0,3,261.513,396.628,90.0,0.36
hif,181,0,0,262.954,378.991,0.0,2.88
hif,181,0,1,264.394,378.811,90.0,0.36
hif,181,0,2,262.954,378.631,0.0,2.88
hif,181,0,3,261.514,378.811,90.0,0.36
hif,182,0,0,262.956,361.176,0.0,2.88
hif,182,0,1,264.396,360.996,90.0,0.36
hif,182,0,2,262.956,360.816,0.0,2.88
hif,182,0,3,261.516,360.996,90.0,0.36
hif,183,0,0,262.957,343.36,0.0,2.88
hif,183,0,1,264.397,343.18,90.0,0.36
hif,183,0,2,262.957,343.0,0.0,2.88
hif,183,0,3,261.517,343.18,90.0,0.36
hif,184,0,0,262.959,307.728,0.0,2.88
hif,184,0,1,264.399,307.548,90.0,0.36
hif,184,0,2,262.959,307.368,0.0,2.88
hif,184,0,3,261.519,307.548,90.0,0.36
hif,185,0,0,262.96,289.913,0.0,2.88
hif,185,0,1,264.4,289.733,90.0,0.36
hif,185,0,2,262.96,289.553,0.0,2.88
hif,185,0,3,261.52,289.733,90.0,0.36
hif,186,0,0,262.962,272.096,0.0,2.88
hif,186,0,1,264.402,271.916,90.0,0.36
hif,186,0,2,262.962,271.736,0.0,2.88
hif,186,0,3,261.522,271.916,90.0,0.36
hif,187,0,0,262.964,254.28,0.0,2.88
hif,187,0,1,264.404,254.1,90.0,0.36
hif,187,0,2,262.964,253.92,0.0,2.88
hif,187,0,3,261.524,254.1,90.0,0.36
hif,188,0,0,262.966,218.648,0.0,2.88
hif,188,0,1,264.406,218.468,90.0,0.36
hif,188,0,2,262.966,218.288,0.0,2.88
hif,188,0,3,261.526,218.468,90.0,0.36
hif,189,0,0,262.969,183.017,0.0,2.88
hif,189,0,1,264.409,182.837,90.0,0.36
hif,189,0,2,262.969,182.657,0.0,2.88
hif,189,0,3,261.529,182.837,90.0,0.36
hif,190,0,0,262.97,165.202,0.0,2.88
hif,190,0,1,264.41,165.022,90.0,0.36
hif,190,0,2,262.97,164.842,0.0,2.88
hif,190,0,3,261.53,165.022,90.0,0.36
hif,191,0,0,262.972,129.569,0.0,2.88
hif,191,0,1,264.412,129.389,90.0,0.36
hif,191,0,2,262.972,129.209,0.0,2.88
hif,191,0,3,261.532,129.389,90.0,0.36
hif,192,0,0,262.974,111.754,0.0,2.88
hif,192,0,1,264.414,111.574,90.0,0.36
hif,192,0,2,262.974,111.394,0.0,2.88
hif,192,0,3,261.534,111.574,90.0,0.36
hif,193,0,0,262.975,93.937,0.0,2.88
hif,193,0,1,264.415,93.757,90.0,0.36
hif,193,0,2,262.975,93.577,0.0,2.88
hif,193,0,3,261.535,93.757,90.0,0.36
hif,194,0,0,262.977,76.122,0.0,2.88
hif,194,0,1,264.417,75.942,90.0,0.36
hif,194,0,2,262.977,75.762,0.0,2.88
hif,194,0,3,261.537,75.942,90.0,0.36
hif,195,0,0,264.385,503.702,0.0,7.2
hif,195,0,1,267.985,503.522,90.0,0.36
hif,195,0,2,264.385,503.342,0.0,7.2
hif,195,0,3,260.785,503.522,90.0,0.36
hif,196,0,0,264.398,325.544,0.0,7.2
hif,196,0,1,267.998,325.364,90.0,0.36
hif,196,0,2,264.398,325.184,0.0,7.2
hif,196,0,3,260.798,325.364,90.0,0.36
hif,197,0,0,264.411,147.385,0.0,7.2
hif,197,0,1,268.011,147.205,90.0,0.36
hif,197,0,2,264.411,147.025,0.0,7.2
hif,197,0,3,260.811,147.205,90.0,0.36
hif,198,0,0,129.704,503.706,0.0,7.2
hif,198,0,1,133.304,503.526,90.0,0.36
hif,198,0,2,129.704,503.346,0.0,7.2
hif,198,0,3,126.104,503.526,90.0,0.36
hif,199,0,0,129.682,325.547,0.0,7.2
hif,199,0,1,133.282,325.367,90.0,0.36
hif,199,0,2,129.682,325.187,0.0,7.2
hif,199,0,3,126.082,325.367,90.0,0.36
hif,200,0,0,129.661,147.389,0.0,7.2
hif,200,0,1,133.261,147.209,90.0,0.36
hif,200,0,2,129.661,147.029,0.0,7.2
hif,200,0,3,126.061,147.209,90.0,0.36
hif,201,0,0,193.931,236.366,179.9987,352.796
hif,202,0,0,193.931,58.207,179.9987,352.796
hif,203,0,0,162.5102,257.543,0.0,2.6244
hif,203,0,1,163.8224,256.451,90.0,2.184
hif,203,0,2,162.5102,255.359,0.0,2.6244
hif,203,0,3,161.198,256.451,90.0,2.184
hif,204,0,0,306.518,497.137,90.0,69.804
hif,205,0,0,316.5565,494.942,72.9376,68.4257
hif,206,0,0,325.1915,523.0805,72.9259,9.5604
hif,206,0,1,324.076,518.655,26.5644,0.644
hif,206,0,2,324.616,518.871,15.9452,0.5242
hif,206,0,3,325.12,518.943,0.0,0.504
hif,206,0,4,325.48,518.907,161.5657,0.2277
hif,206,0,5,325.804,518.763,153.4333,0.483
hif,206,0,6,325.984,519.7705,91.8482,2.2322
hif,206,0,7,325.984,522.001,88.151,2.2312
hif,206,0,8,326.128,523.9075,82.2299,1.5977
hif,207,0,0,307.7415,524.3755,47.4206,3.6165
hif,207,0,1,308.2455,527.4345,112.6116,3.7427
hif,207,0,2,307.022,531.4285,102.5368,4.6437
hif,207,0,3,306.05,531.4285,78.3331,4.6286
hif,207,0,4,304.8265,527.4345,66.3786,3.771
hif,208,0,0,197.106,213.7105,58.2232,1.7774
hif,208,0,1,195.7745,212.811,9.4686,1.7508
hif,208,0,2,195.5225,212.0195,133.3623,1.7812
hif,208,0,3,196.062,210.473,85.4211,1.8038
hif,208,0,4,196.7815,209.934,24.4577,1.739
hif,208,0,5,198.3645,209.97,157.7381,1.7105
hif,208,0,6,199.084,210.509,94.769,1.732
hif,208,0,7,199.588,212.0195,48.3443,1.7332
hif,208,0,8,199.3005,212.811,170.5314,1.7508
hif,209,0,0,198.058,212.288,135.0005,1.369
hif,209,0,1,197.0895,212.288,44.9702,1.3697
hif,209,0,2,197.0895,211.32,135.0298,1.3697
hif,209,0,3,198.058,211.32,44.9995,1.369
hif,210,0,0,197.979,212.163,135.0005,1.1738
hif,210,0,1,197.1485,212.163,44.9653,1.1745
hif,210,0,2,197.1485,211.333,135.0347,1.1745
hif,210,0,3,197.979,211.333,44.9995,1.1738
hif,211,0,0,242.7435,321.049,0.0,22.261
hif,211,0,1,253.874,310.399,90.0,21.3
hif,211,0,2,242.7435,299.749,0.0,22.261
hif,211,0,3,231.613,310.399,90.0,21.3
hif,212,0,0,214.429,312.607,135.0003,2.4664
hif,212,0,1,212.6855,312.607,45.0163,2.4657
hif,212,0,2,212.6855,310.863,134.9837,2.4657
hif,212,0,3,214.429,310.863,44.9997,2.4664
hif,213,0,0,193.931,414.524,179.9987,352.796
hif,214,0,0,289.5635,176.72,117.616,3.1691
hif,214,0,1,284.8225,172.451,27.6203,12.3595
hif,214,0,2,280.083,168.179,117.6138,3.1757
hif,215,0,0,287.3125,180.013,107.3852,5.2645
hif,215,0,1,288.4635,177.8135,40.6076,0.9602
hif,215,0,2,289.292,178.247,14.6142,0.959
hif,216,0,0,282.3355,164.885,107.3852,5.2645
hif,216,0,1,281.1845,167.0845,40.6076,0.9602
hif,216,0,2,280.356,166.651,14.6142,0.959
hif,217,0,0,271.6545,211.03,117.616,3.1691
hif,217,0,1,266.9135,206.761,27.6203,12.3595
hif,217,0,2,262.174,202.489,117.6138,3.1757
hif,218,0,0,269.4045,214.321,107.3852,5.2645
hif,218,0,1,270.5555,212.1215,40.6076,0.9602
hif,218,0,2,271.384,212.555,14.6142,0.959
hif,219,0,0,264.4265,199.193,107.3852,5.2645
hif,219,0,1,263.2755,201.3925,40.6076,0.9602
hif,219,0,2,262.447,200.959,14.6142,0.959
hif,220,0,0,264.3935,378.6165,90.0042,344.345
hif,221,0,0,264.4125,118.7215,90.0042,151.063
hif,222,0,0,141.0715,466.674,117.6161,3.169
hif,222,0,1,136.3305,462.405,27.6204,12.3595
hif,222,0,2,131.591,458.133,117.6139,3.1758
hif,223,0,0,138.8225,469.965,107.3852,5.2645
hif,223,0,1,139.9735,467.7655,40.6076,0.9602
hif,223,0,2,140.802,468.199,14.6162,0.959
hif,224,0,0,133.8435,454.838,107.3852,5.2645
hif,224,0,1,132.6925,457.0375,40.6076,0.9602
hif,224,0,2,131.864,456.604,14.6162,0.959
hif,225,0,0,159.9875,429.991,117.6161,3.169
hif,225,0,1,155.2465,425.722,27.6204,12.3595
hif,225,0,2,150.507,421.45,117.6139,3.1758
hif,226,0,0,157.7375,433.282,107.3852,5.2645
hif,226,0,1,158.8885,431.0825,40.6076,0.9602
hif,226,0,2,159.717,431.516,14.6162,0.959
hif,227,0,0,152.7595,418.156,107.3852,5.2645
hif,227,0,1,151.6085,420.3555,40.6076,0.9602
hif,227,0,2,150.78,419.922,14.6162,0.959
hif,228,0,0,129.664,168.59,89.9931,250.796
hif,229,0,0,129.683,323.4425,89.9926,46.285
hif,230,0,0,129.698,451.7,89.9931,198.18
hif,231,0,0,182.8255,389.954,117.1278,8.1956
hif,232,0,0,180.308,397.564,135.0,1.2247
hif,232,0,1,179.4415,397.564,44.9667,1.2254
hif,232,0,2,179.4415,396.698,135.0333,1.2254
hif,232,0,3,180.308,396.698,45.0,1.2247
hif,233,0,0,186.184,384.463,106.2806,5.1651
hif,233,0,1,185.0765,386.625,39.5772,0.9951
hif,233,0,2,184.211,386.1825,14.5946,0.9961
hif,234,0,0,70.5955,258.051,168.2285,12.1465
hif,235,0,0,78.9105,256.814,157.3913,5.166
hif,235,0,1,76.5325,257.3095,90.7486,0.9951
hif,235,0,2,76.3345,256.3585,65.727,0.9949
hif,236,0,0,162.016,239.86,82.3914,15.1655
hif,237,0,0,162.4265,249.6725,81.8417,5.1653
hif,237,0,1,162.54,247.2465,15.2105,0.9949
hif,237,0,2,163.51,247.292,170.1581,0.9946
hif,238,0,0,188.0955,275.087,128.0996,6.6917
hif,239,0,0,184.217,279.246,117.2594,5.1657
hif,239,0,1,185.716,277.3345,50.5853,0.9954
hif,239,0,2,186.4805,277.9335,25.5591,0.9943
hif,240,0,0,247.383,142.16,169.2452,13.2793
hif,241,0,0,256.277,140.9655,158.4107,5.1665
hif,241,0,1,253.891,141.4185,91.8419,0.9955
hif,241,0,2,253.71,140.464,66.6807,0.9953
hif,242,0,0,171.334,313.8425,129.6712,10.865
hif,243,0,0,176.6575,308.1845,118.8327,5.1653
hif,243,0,1,175.107,310.054,52.1849,0.9949
hif,243,0,2,174.3595,309.4345,27.1062,0.9942
hif,244,0,0,227.36,318.84,27.4473,9.5849
hif,245,0,0,221.272,315.1305,16.6142,5.1657
hif,245,0,1,223.427,316.25,130.0258,0.9951
hif,245,0,2,222.979,317.1115,104.9164,0.9945
hif,246,0,0,102.2205,364.601,85.7201,13.279
hif,247,0,0,132.1945,371.918,166.8056,26.4616
hif,248,0,0,102.036,355.6305,74.8743,5.166
hif,248,0,1,102.217,358.0525,8.2524,0.9963
hif,248,0,2,101.248,358.125,163.1677,0.9946
hif,249,0,0,147.4465,368.844,155.9609,5.165
hif,249,0,1,145.082,369.3985,89.3085,0.9951
hif,249,0,2,144.86,368.4525,64.2844,0.9956
hif,250,0,0,311.112,142.981,135.0,1.2247
hif,250,0,1,310.2455,142.981,44.9667,1.2254
hif,250,0,2,310.2455,142.115,135.0333,1.2254
hif,250,0,3,311.112,142.115,45.0,1.2247
hif,251,0,0,298.141,163.893,117.1287,9.5485
hif,252,0,0,294.473,169.989,106.2806,5.1651
hif,252,0,1,295.5805,167.827,39.5772,0.9951
hif,252,0,2,296.446,168.2695,14.5948,0.9961
hif,253,0,0,294.158,124.6695,65.0457,11.8845
hif,254,0,0,297.202,132.366,54.1993,5.1661
hif,254,0,1,296.177,130.164,167.5844,0.9953
hif,254,0,2,297.058,129.754,142.507,0.9957
hif,255,0,0,173.605,220.6595,87.9974,15.3384
hif,255,0,1,175.213,228.324,0.0,2.68
hif,256,0,0,174.945,212.8695,175.5371,3.2258
hif,257,0,0,178.874,228.81,169.1557,5.1663
hif,257,0,1,176.445,228.81,102.5292,0.9957
hif,257,0,2,176.445,227.838,77.4708,0.9957
hif,258,0,0,178.904,213.047,164.6883,5.1653
hif,258,0,1,176.4825,213.2365,98.0318,0.9948
hif,258,0,2,176.4065,212.2685,72.986,0.9945
hif,259,0,0,162.4855,275.4905,9.6858,2.9896
hif,260,0,0,166.1645,276.61,178.8464,5.166
hif,260,0,1,163.77,276.2015,112.2076,0.9948
hif,260,0,2,163.9335,275.244,87.1781,0.9952
hif,261,0,0,119.7348,275.212,0.0,1.3956
hif,261,0,1,120.4326,262.636,90.0,25.152
hif,261,0,2,119.7348,250.06,0.0,1.3956
hif,261,0,3,119.037,262.636,90.0,25.152
hif,262,0,0,115.8508,275.212,0.0,1.3956
hif,262,0,1,116.5486,262.636,90.0,25.152
hif,262,0,2,115.8508,250.06,0.0,1.3956
hif,262,0,3,115.153,262.636,90.0,25.152
hif,263,0,0,111.9648,275.212,0.0,1.3956
hif,263,0,1,112.6626,262.636,90.0,25.152
hif,263,0,2,111.9648,250.06,0.0,1.3956
hif,263,0,3,111.267,262.636,90.0,25.152
hif,264,0,0,108.0798,275.212,0.0,1.3956
hif,264,0,1,108.7776,262.636,90.0,25.152
hif,264,0,2,108.0798,250.06,0.0,1.3956
hif,264,0,3,107.382,262.636,90.0,25.152
hif,265,0,0,104.1948,275.212,0.0,1.3956
hif,265,0,1,104.8926,262.636,90.0,25.152
hif,265,0,2,104.1948,250.06,0.0,1.3956
hif,265,0,3,103.497,262.636,90.0,25.152
hif,266,0,0,100.3098,275.212,0.0,1.3956
hif,266,0,1,101.0076,262.636,90.0,25.152
hif,266,0,2,100.3098,250.06,0.0,1.3956
hif,266,0,3,99.612,262.636,90.0,25.152
hif,267,0,0,96.4238,275.212,0.0,1.3956
hif,267,0,1,97.1216,262.636,90.0,25.152
hif,267,0,2,96.4238,250.06,0.0,1.3956
hif,267,0,3,95.726,262.636,90.0,25.152
hif,268,0,0,86.3665,285.274,146.8915,17.436
hif,269,0,0,95.8785,279.652,136.0431,5.1663
hif,269,0,1,93.844,280.979,69.4172,0.9956
hif,269,0,2,93.313,280.165,44.3484,0.9957
hif,270,0,0,140.859,384.077,27.179,3.7568
hif,270,0,1,145.039,380.047,117.1714,10.9887
hif,270,0,2,145.877,374.301,27.179,3.7568
hif,271,0,0,260.6345,120.4275,74.6152,1.6999
hif,271,0,1,259.32,119.0475,27.2345,2.4496
hif,271,0,2,257.868,118.5225,174.4134,0.7295
hif,271,0,3,255.097,123.2815,117.0121,10.6037
hif,271,0,4,252.6485,128.162,104.4639,0.3243
hif,271,0,5,252.676,128.465,65.0275,0.3221
hif,271,0,6,253.9305,129.2135,26.921,2.6614
hif,271,0,7,255.8855,129.62,165.6923,1.5862
hif,271,0,8,258.664,125.518,117.2299,8.7857
hif,271,0,9,257.9135,127.006,117.102,12.1187
hif,271,0,10,250.9145,130.226,27.1542,9.5271
hif,271,0,11,246.021,127.3055,48.7351,1.9862
hif,271,0,12,245.3405,125.566,88.5291,1.9867
hif,271,0,13,247.597,120.0955,117.0061,10.051
hif,271,0,14,251.938,114.8715,160.0715,4.3803
hif,271,0,15,258.157,116.2645,27.217,9.3559
hif,271,0,16,261.589,119.8255,117.1186,3.1941
hif,272,0,0,321.445,500.192,135.0,1.2247
hif,272,0,1,320.5785,500.192,44.9667,1.2254
hif,272,0,2,320.5785,499.326,135.0333,1.2254
hif,272,0,3,321.445,499.326,45.0,1.2247
hif,273,0,0,310.263,431.263,135.0,1.2247
hif,273,0,1,309.3965,431.263,44.9667,1.2254
hif,273,0,2,309.3965,430.397,135.0333,1.2254
hif,273,0,3,310.263,430.397,45.0,1.2247
hif,274,0,0,269.414,81.134,135.0,1.2247
hif,274,0,1,268.5475,81.134,44.9667,1.2254
hif,274,0,2,268.5475,80.268,135.0323,1.2254
hif,274,0,3,269.414,80.268,45.001,1.2247
hif,275,0,0,134.802,100.016,135.0,1.2247
hif,275,0,1,133.9355,100.016,44.9667,1.2254
hif,275,0,2,133.9355,99.15,135.0333,1.2254
hif,275,0,3,134.802,99.15,45.0,1.2247
hif,276,0,0,294.119,233.563,135.0,1.2247
hif,276,0,1,293.2525,233.563,44.9667,1.2254
hif,276,0,2,293.2525,232.697,135.0333,1.2254
hif,276,0,3,294.119,232.697,45.0,1.2247
hif,277,0,0,292.939,411.597,135.0,1.2247
hif,277,0,1,292.0725,411.597,44.9667,1.2254
hif,277,0,2,292.0725,410.731,135.0333,1.2254
hif,277,0,3,292.939,410.731,45.0,1.2247
hif,278,0,0,93.2065,476.743,27.9605,8.9067
hif,278,0,1,94.7095,463.341,115.6648,25.1047
hif,278,0,2,108.626,450.294,168.4499,17.3105
hif,278,0,3,109.612,463.182,117.1374,32.8593
hif,278,0,4,99.6285,478.3165,168.3452,5.0838
hif,279,0,0,236.6485,356.791,40.909,3.7168
hif,279,0,1,242.3445,353.0555,130.91,13.1064
hif,279,0,2,245.231,346.886,40.8989,3.7176
hif,280,0,0,281.7605,361.7735,60.2106,2.3932
hif,281,0,0,280.436,358.479,49.3649,5.1656
hif,281,0,1,281.6425,360.587,162.7112,0.996
hif,281,0,2,280.7995,361.0695,137.6912,0.9939
hif,282,0,0,293.618,53.606,134.999,1.2247
hif,282,0,1,292.7515,53.606,44.9677,1.2254
hif,282,0,2,292.7515,52.74,135.0323,1.2254
hif,282,0,3,293.618,52.74,45.001,1.2247
hif,283,0,0,97.6938,316.7998,0.0,9.5076
hif,283,0,1,102.4476,314.8714,90.0,3.8568
hif,283,0,2,97.6938,312.943,0.0,9.5076
hif,283,0,3,92.94,314.8714,90.0,3.8568
hif,284,0,0,74.7085,244.5098,0.0,11.357
hif,284,0,1,80.387,241.4954,90.0,6.0288
hif,284,0,2,74.7085,238.481,0.0,11.357
hif,284,0,3,69.03,241.4954,90.0,6.0288
hif,285,0,0,67.292,227.93,62.7562,8.6068
hif,286,0,0,69.892,234.042,51.9189,5.1656
hif,286,0,1,68.78,231.8825,165.2657,0.9947
hif,286,0,2,69.6435,231.4375,140.2168,0.9955
hif,287,0,0,230.691,190.828,69.1881,17.6132
hif,288,0,0,234.1895,201.4015,58.3438,5.1656
hif,288,0,1,233.3265,199.1315,171.7393,0.9953
hif,288,0,2,234.235,198.7865,146.6772,0.9957
hif,289,0,0,24.846,554.513,113.9456,2.7595
hif,289,0,1,26.063,553.252,0.0,1.314
hif,289,0,2,24.3775,558.368,114.602,11.2536
hif,289,0,3,19.6925,558.368,65.398,11.2536
hif,289,0,4,18.0065,553.252,0.0,1.313
hif,289,0,5,19.2225,554.513,66.0733,2.7591
hif,289,0,6,22.0335,555.774,0.0,4.503
hif,289,1,0,22.0355,556.854,0.0,3.489
hif,289,1,1,21.1635,558.833,66.2083,4.3256
hif,289,1,2,22.908,558.833,113.7796,4.3252
hif,290,0,0,28.4442,562.9816,0.0,1.2624
hif,290,0,1,29.0754,558.1168,90.0,9.7296
hif,290,0,2,28.4442,553.252,0.0,1.2624
hif,290,0,3,27.813,558.1168,90.0,9.7296
hif,291,0,0,34.426,557.577,12.5523,0.5245
hif,291,0,1,33.6455,560.307,111.1946,5.7339
hif,291,0,2,31.845,562.98,0.0,1.528
hif,291,0,3,31.081,558.115,90.0,9.73
hif,291,0,4,31.7125,553.25,0.0,1.263
hif,291,0,5,32.344,555.322,90.0,4.144
hif,291,0,6,32.6035,557.394,0.0,0.519
hif,291,0,7,34.3245,555.322,125.1975,5.0712
hif,291,0,8,36.506,553.25,0.0,1.44
hif,291,0,9,35.697,555.3845,125.615,5.2513
hif,291,1,0,32.5135,561.9,0.0,0.333
hif,291,1,1,32.7135,560.189,91.1217,3.4227
hif,291,1,2,32.547,558.478,0.0,0.4
hif,291,1,3,32.347,560.1895,90.0,3.423
hif,292,0,0,40.0115,557.395,0.0,0.719
hif,292,0,1,40.1045,560.1875,95.4515,5.6104
hif,292,0,2,39.114,562.98,0.0,1.448
hif,292,0,3,38.39,558.115,90.0,9.73
hif,292,0,4,39.021,553.25,0.0,1.262
hif,292,0,5,39.652,555.322,90.0,4.144
hif,292,1,0,39.818,561.9,0.0,0.332
hif,292,1,1,40.018,560.188,91.1377,3.4247
hif,292,1,2,39.852,558.476,0.0,0.4
hif,292,1,3,39.652,560.188,90.0,3.424
hif,293,0,0,49.23,563.328,2.8845,0.5167
hif,293,0,1,48.72,563.2765,8.6865,0.5098
hif,293,0,2,48.7175,558.1685,92.8176,10.1513
hif,293,0,3,49.2275,553.087,177.3627,0.5216
hif,293,0,4,49.748,553.087,2.6424,0.5206
hif,293,0,5,50.258,558.1685,87.1768,10.1513
hif,293,0,6,50.256,563.2765,171.3135,0.5098
hif,293,0,7,49.746,563.328,177.1155,0.5167
hif,293,1,0,49.293,554.1625,177.2107,0.3905
hif,293,1,1,48.908,554.202,171.0278,0.3847
hif,293,1,2,48.893,558.2365,87.4977,8.0166
hif,293,1,3,49.278,562.252,2.9987,0.4206
hif,293,1,4,49.6975,562.252,176.9942,0.4196
hif,293,1,5,50.082,558.2365,92.5023,8.0166
hif,293,1,6,50.067,554.202,8.9722,0.3847
hif,293,1,7,49.6825,554.1625,2.7964,0.3895
hif,294,0,0,59.419,557.577,12.5523,0.5245
hif,294,0,1,58.6385,560.307,111.1946,5.7339
hif,294,0,2,56.838,562.98,0.0,1.528
hif,294,0,3,56.074,558.115,90.0,9.73
hif,294,0,4,56.7055,553.25,0.0,1.263
hif,294,0,5,57.337,555.322,90.0,4.144
hif,294,0,6,57.5965,557.394,0.0,0.519
hif,294,0,7,59.3175,555.322,125.1975,5.0712
hif,294,0,8,61.499,553.25,0.0,1.44
hif,294,0,9,60.69,555.3845,125.615,5.2513
hif,294,1,0,57.505,561.9,0.0,0.332
hif,294,1,1,57.705,560.189,91.1384,3.4227
hif,294,1,2,57.539,558.478,0.0,0.4
hif,294,1,3,57.339,560.1895,90.0,3.423
hif,295,0,0,67.2465,561.9,0.0,2.323
hif,295,0,1,68.408,562.4405,90.0,1.081
hif,295,0,2,65.455,562.981,0.0,5.906
hif,295,0,3,62.502,562.4405,90.0,1.081
hif,295,0,4,63.6635,561.9,0.0,2.323
hif,295,0,5,64.825,557.576,90.0,8.648
hif,295,0,6,65.455,553.252,0.0,1.26
hif,296,0,0,74.58,553.252,0.0,2.022
hif,296,0,1,75.611,558.116,89.7644,9.7281
hif,296,0,2,74.6005,562.98,0.0,2.061
hif,296,0,3,73.57,558.1155,90.0,9.729
hif,296,1,0,75.043,561.9,0.0,0.426
hif,296,1,1,75.256,558.116,90.0,7.568
hif,296,1,2,75.043,554.332,0.0,0.426
hif,296,1,3,74.83,558.117,90.0,7.57
hif,297,0,0,83.0902,562.9816,0.0,1.2624
hif,297,0,1,83.7214,558.1168,90.0,9.7296
hif,297,0,2,83.0902,553.252,0.0,1.2624
hif,297,0,3,82.459,558.1168,90.0,9.7296
hif,298,0,0,92.144,554.513,113.9457,2.7595
hif,298,0,1,93.361,553.252,0.0,1.314
hif,298,0,2,91.6755,558.368,114.602,11.2536
hif,298,0,3,86.9905,558.368,65.398,11.2536
hif,298,0,4,85.3045,553.252,0.0,1.313
hif,298,0,5,86.5205,554.513,66.0733,2.7591
hif,298,0,6,89.3315,555.774,0.0,4.503
hif,298,1,0,89.332,556.854,0.0,3.488
hif,298,1,1,88.4605,558.833,66.2083,4.3256
hif,298,1,2,90.2045,558.833,113.7674,4.3248
hif,299,0,0,100.206,557.575,90.0,1.082
hif,299,0,1,101.442,557.034,0.0,2.472
hif,299,0,2,102.633,556.7445,81.1642,0.586
hif,299,0,3,102.482,556.185,68.5656,0.5801
hif,299,0,4,99.104,557.0035,161.5992,6.8966
hif,299,0,5,95.8415,558.305,87.4466,0.4264
hif,299,0,6,95.8795,558.725,82.1598,0.4179
hif,299,0,7,98.984,560.1025,20.8332,6.5823
hif,299,0,8,102.2185,561.1105,134.2863,0.454
hif,299,0,9,102.5155,560.767,127.4231,0.4558
hif,299,0,10,103.055,561.0155,46.9653,1.1752
hif,299,0,11,103.2735,561.662,130.0641,0.5671
hif,299,0,12,102.885,562.07,137.164,0.5618
hif,299,0,13,98.7365,559.433,35.6523,9.7038
hif,299,0,14,94.8775,556.3785,110.2366,0.4828
hif,299,0,15,95.0645,555.935,115.4994,0.4808
hif,299,0,16,99.543,556.484,9.931,8.8831
hif,299,0,17,103.928,557.494,87.6526,0.4884
hif,299,0,18,103.938,557.927,90.0,0.378
hif,300,0,0,108.833,557.577,12.5523,0.5245
hif,300,0,1,108.0525,560.307,111.1946,5.7339
hif,300,0,2,106.252,562.98,0.0,1.528
hif,300,0,3,105.488,558.115,90.0,9.73
hif,300,0,4,106.1195,553.25,0.0,1.263
hif,300,0,5,106.751,555.322,90.0,4.144
hif,300,0,6,107.0105,557.394,0.0,0.519
hif,300,0,7,108.7315,555.322,125.1975,5.0712
hif,300,0,8,110.913,553.25,0.0,1.44
hif,300,0,9,110.104,555.3845,125.615,5.2513
hif,300,1,0,106.919,561.9,0.0,0.332
hif,300,1,1,107.119,560.189,91.1383,3.4227
hif,300,1,2,106.953,558.478,0.0,0.4
hif,300,1,3,106.753,560.1895,90.0,3.423
hif,301,0,0,119.212,554.513,113.9457,2.7595
hif,301,0,1,120.429,553.252,0.0,1.314
hif,301,0,2,118.7435,558.368,114.602,11.2536
hif,301,0,3,114.0585,558.368,65.398,11.2536
hif,301,0,4,112.3725,553.252,0.0,1.313
hif,301,0,5,113.5885,554.513,66.0733,2.7591
hif,301,0,6,116.3995,555.774,0.0,4.503
hif,301,1,0,116.4,556.854,0.0,3.488
hif,301,1,1,115.5285,558.833,66.2083,4.3256
hif,301,1,2,117.2725,558.833,113.7674,4.3248
hif,302,0,0,128.271,556.4505,66.5368,7.3639
hif,302,0,1,129.7495,559.828,0.0,0.025
hif,302,0,2,130.333,556.54,99.8519,6.6744
hif,302,0,3,131.5335,553.252,0.0,1.259
hif,302,0,4,131.1635,558.394,100.9999,10.4765
hif,302,0,5,128.4845,559.682,66.4533,8.4081
hif,302,0,6,125.125,559.682,113.5529,8.4085
hif,302,0,7,122.446,558.394,79.0054,10.4763
hif,302,0,8,122.0765,553.252,0.0,1.259
hif,302,0,9,123.2765,556.5255,80.1139,6.6457
hif,302,0,10,123.86,559.799,0.0,0.026
hif,303,0,0,24.846,32.076,113.9459,2.7595
hif,303,0,1,26.063,30.815,0.0,1.314
hif,303,0,2,24.3775,35.931,114.602,11.2536
hif,303,0,3,19.6925,35.931,65.398,11.2536
hif,303,0,4,18.0065,30.815,0.0,1.313
hif,303,0,5,19.2225,32.076,66.0731,2.7591
hif,303,0,6,22.0335,33.337,0.0,4.503
hif,303,1,0,22.0355,34.418,0.0,3.489
hif,303,1,1,21.1635,36.3965,66.2031,4.3247
hif,303,1,2,22.908,36.3965,113.7847,4.3243
hif,304,0,0,28.4442,40.5446,0.0,1.2624
hif,304,0,1,29.0754,35.6798,90.0,9.7296
hif,304,0,2,28.4442,30.815,0.0,1.2624
hif,304,0,3,27.813,35.6798,90.0,9.7296
hif,305,0,0,34.426,35.14,12.5539,0.5245
hif,305,0,1,33.6455,37.87,111.1946,5.7339
hif,305,0,2,31.845,40.543,0.0,1.528
hif,305,0,3,31.081,35.678,90.0,9.73
hif,305,0,4,31.7125,30.813,0.0,1.263
hif,305,0,5,32.344,32.885,90.0,4.144
hif,305,0,6,32.6035,34.957,0.0,0.519
hif,305,0,7,34.3245,32.885,125.1972,5.0712
hif,305,0,8,36.506,30.813,0.0,1.44
hif,305,0,9,35.697,32.9475,125.6148,5.2513
hif,305,1,0,32.5135,39.464,0.0,0.333
hif,305,1,1,32.7135,37.7515,91.1207,3.4256
hif,305,1,2,32.547,36.039,0.0,0.4
hif,305,1,3,32.347,37.751,90.0,3.424
hif,306,0,0,40.0115,34.958,0.0,0.719
hif,306,0,1,40.1045,37.7505,95.4515,5.6104
hif,306,0,2,39.114,40.543,0.0,1.448
hif,306,0,3,38.39,35.678,90.0,9.73
hif,306,0,4,39.021,30.813,0.0,1.262
hif,306,0,5,39.652,32.885,90.0,4.144
hif,306,1,0,39.818,39.464,0.0,0.332
hif,306,1,1,40.018,37.753,91.1384,3.4227
hif,306,1,2,39.852,36.042,0.0,0.4
hif,306,1,3,39.652,37.7535,90.0,3.423
hif,307,0,0,49.23,40.893,2.8847,0.5167
hif,307,0,1,48.72,40.8415,8.6893,0.5099
hif,307,0,2,48.7175,35.7325,92.817,10.1533
hif,307,0,3,49.2275,30.65,177.364,0.5216
hif,307,0,4,49.748,30.65,2.6411,0.5206
hif,307,0,5,50.258,35.7325,87.1773,10.1533
hif,307,0,6,50.256,40.8415,171.3107,0.5099
hif,307,0,7,49.746,40.893,177.1153,0.5167
hif,307,1,0,49.293,31.726,177.0615,0.3905
hif,307,1,1,48.908,31.766,171.0278,0.3847
hif,307,1,2,48.893,35.8,87.4974,8.0156
hif,307,1,3,49.278,39.8155,3.1359,0.4206
hif,307,1,4,49.6975,39.8155,176.8566,0.4196
hif,307,1,5,50.082,35.8,92.5026,8.0156
hif,307,1,6,50.067,31.766,8.9722,0.3847
hif,307,1,7,49.6825,31.726,2.9461,0.3895
hif,308,0,0,59.419,35.14,12.5539,0.5245
hif,308,0,1,58.6385,37.87,111.1946,5.7339
hif,308,0,2,56.838,40.543,0.0,1.528
hif,308,0,3,56.074,35.678,90.0,9.73
hif,308,0,4,56.7055,30.813,0.0,1.263
hif,308,0,5,57.337,32.885,90.0,4.144
hif,308,0,6,57.5965,34.957,0.0,0.519
hif,308,0,7,59.3175,32.885,125.1972,5.0712
hif,308,0,8,61.499,30.813,0.0,1.44
hif,308,0,9,60.69,32.9475,125.6148,5.2513
hif,308,1,0,57.505,39.464,0.0,0.332
hif,308,1,1,57.705,37.7515,91.1374,3.4257
hif,308,1,2,57.539,36.039,0.0,0.4
hif,308,1,3,57.339,37.751,90.0,3.424
hif,309,0,0,67.2465,39.464,0.0,2.323
hif,309,0,1,68.408,40.0045,90.0,1.081
hif,309,0,2,65.455,40.545,0.0,5.906
hif,309,0,3,62.502,40.0045,90.0,1.081
hif,309,0,4,63.6635,39.464,0.0,2.323
hif,309,0,5,64.825,35.14,90.0,8.648
hif,309,0,6,65.455,30.816,0.0,1.26
hif,310,0,0,74.58,30.816,0.0,2.022
hif,310,0,1,75.611,35.68,89.7645,9.7281
hif,310,0,2,74.6005,40.544,0.0,2.061
hif,310,0,3,73.57,35.6795,90.0,9.729
hif,310,1,0,75.043,39.464,0.0,0.426
hif,310,1,1,75.256,35.68,90.0,7.568
hif,310,1,2,75.043,31.896,0.0,0.426
hif,310,1,3,74.83,35.681,90.0,7.57
hif,311,0,0,83.0902,40.5446,0.0,1.2624
hif,311,0,1,83.7214,35.6798,90.0,9.7296
hif,311,0,2,83.0902,30.815,0.0,1.2624
hif,311,0,3,82.459,35.6798,90.0,9.7296
hif,312,0,0,92.144,32.076,113.9459,2.7595
hif,312,0,1,93.361,30.815,0.0,1.314
hif,312,0,2,91.6755,35.931,114.602,11.2536
hif,312,0,3,86.9905,35.931,65.398,11.2536
hif,312,0,4,85.3045,30.815,0.0,1.313
hif,312,0,5,86.5205,32.076,66.0731,2.7591
hif,312,0,6,89.3315,33.337,0.0,4.503
hif,312,1,0,89.332,34.418,0.0,3.488
hif,312,1,1,88.4605,36.3965,66.2031,4.3247
hif,312,1,2,90.2045,36.3965,113.7726,4.3239
hif,313,0,0,100.206,35.139,90.0,1.082
hif,313,0,1,101.442,34.598,0.0,2.472
hif,313,0,2,102.633,34.3085,81.1649,0.586
hif,313,0,3,102.482,33.749,68.5648,0.5801
hif,313,0,4,99.104,34.567,161.6074,6.8963
hif,313,0,5,95.8415,35.868,87.4468,0.4264
hif,313,0,6,95.8795,36.288,82.1598,0.4179
hif,313,0,7,98.984,37.6655,20.8332,6.5823
hif,313,0,8,102.2185,38.6735,134.2851,0.454
hif,313,0,9,102.5155,38.3295,127.3486,0.4566
hif,313,0,10,103.055,38.578,46.9981,1.1759
hif,313,0,11,103.2735,39.225,130.0628,0.5671
hif,313,0,12,102.885,39.633,137.1671,0.5618
hif,313,0,13,98.7365,36.996,35.6523,9.7038
hif,313,0,14,94.8775,33.941,110.1964,0.4837
hif,313,0,15,95.0645,33.4975,115.5515,0.4799
hif,313,0,16,99.543,34.048,9.9437,8.8834
hif,313,0,17,103.928,35.059,87.6525,0.4884
hif,313,0,18,103.938,35.492,90.0,0.378
hif,314,0,0,108.833,35.14,12.5539,0.5245
hif,314,0,1,108.0525,37.87,111.1946,5.7339
hif,314,0,2,106.252,40.543,0.0,1.528
hif,314,0,3,105.488,35.678,90.0,9.73
hif,314,0,4,106.1195,30.813,0.0,1.263
hif,314,0,5,106.751,32.885,90.0,4.144
hif,314,0,6,107.0105,34.957,0.0,0.519
hif,314,0,7,108.7315,32.885,125.1972,5.0712
hif,314,0,8,110.913,30.813,0.0,1.44
hif,314,0,9,110.104,32.9475,125.6148,5.2513
hif,314,1,0,106.919,39.464,0.0,0.332
hif,314,1,1,107.119,37.7515,91.1373,3.4257
hif,314,1,2,106.953,36.039,0.0,0.4
hif,314,1,3,106.753,37.751,90.0,3.424
hif,315,0,0,119.212,32.076,113.9459,2.7595
hif,315,0,1,120.429,30.815,0.0,1.314
hif,315,0,2,118.7435,35.931,114.602,11.2536
hif,315,0,3,114.0585,35.931,65.398,11.2536
hif,315,0,4,112.3725,30.815,0.0,1.313
hif,315,0,5,113.5885,32.076,66.0731,2.7591
hif,315,0,6,116.3995,33.337,0.0,4.503
hif,315,1,0,116.4,34.418,0.0,3.488
hif,315,1,1,115.5285,36.3965,66.2031,4.3247
hif,315,1,2,117.2725,36.3965,113.7726,4.3239
hif,316,0,0,128.271,34.0135,66.5368,7.3639
hif,316,0,1,129.7495,37.391,0.0,0.025
hif,316,0,2,130.333,34.103,99.852,6.6744
hif,316,0,3,131.5335,30.815,0.0,1.259
hif,316,0,4,131.1635,35.957,100.9999,10.4765
hif,316,0,5,128.4845,37.245,66.4534,8.4081
hif,316,0,6,125.125,37.245,113.5529,8.4085
hif,316,0,7,122.446,35.957,79.0054,10.4763
hif,316,0,8,122.0765,30.815,0.0,1.259
hif,316,0,9,123.2765,34.0885,80.1139,6.6457
hif,316,0,10,123.86,37.362,0.0,0.026
hif,317,0,0,18.945,568.3045,90.0,3.767
hif,317,0,1,19.18,566.421,0.0,0.47
hif,317,0,2,19.415,568.5395,90.0,4.237
hif,317,0,3,18.957,570.658,0.0,0.916
hif,317,0,4,18.352,570.423,57.9726,0.5544
hif,318,0,0,22.394,568.41,58.2794,4.1805
hif,318,0,1,21.5005,566.487,144.7932,0.503
hif,318,0,2,23.031,568.4995,58.4444,5.0638
hif,318,0,3,22.8255,570.657,0.0,3.061
hif,318,0,4,21.295,570.422,90.0,0.47
hif,319,0,0,25.999,568.3045,90.0,3.767
hif,319,0,1,26.234,566.421,0.0,0.47
hif,319,0,2,26.469,568.5395,90.0,4.237
hif,319,0,3,26.011,570.658,0.0,0.916
hif,319,0,4,25.406,570.423,57.9726,0.5544
hif,320,0,0,29.527,568.3045,90.0,3.767
hif,320,0,1,29.762,566.421,0.0,0.47
hif,320,0,2,29.997,568.5395,90.0,4.237
hif,320,0,3,29.539,570.658,0.0,0.916
hif,320,0,4,28.934,570.423,57.9726,0.5544
hif,321,0,0,32.976,568.41,58.2794,4.1805
hif,321,0,1,32.0825,566.487,144.7933,0.503
hif,321,0,2,33.613,568.4995,58.4444,5.0638
hif,321,0,3,33.4075,570.657,0.0,3.061
hif,321,0,4,31.877,570.422,90.0,0.47
hif,322,0,0,330.672,40.799,3.0726,0.2243
hif,322,0,1,330.45,40.776,8.7844,0.2226
hif,322,0,2,330.448,38.551,92.8004,4.4212
hif,322,0,3,330.6695,36.338,177.475,0.2272
hif,322,0,4,330.8955,36.338,2.5472,0.2252
hif,322,0,5,331.117,38.551,87.174,4.4213
hif,322,0,6,331.116,40.776,171.2156,0.2226
hif,322,0,7,330.894,40.799,176.9274,0.2243
hif,322,1,0,330.6995,36.807,177.2914,0.1692
hif,322,1,1,330.532,36.8245,170.7479,0.1682
hif,322,1,2,330.524,38.581,87.5362,3.4892
hif,322,1,3,330.6905,40.3285,2.8262,0.1832
hif,322,1,4,330.873,40.3285,177.1587,0.1822
hif,322,1,5,331.0385,38.581,92.4478,3.4891
hif,322,1,6,331.03,36.8245,9.2504,0.1682
hif,322,1,7,330.8625,36.807,2.7086,0.1692
hif,323,0,0,336.021,38.294,90.0,0.472
hif,323,0,1,336.559,38.058,0.0,1.076
hif,323,0,2,337.0775,37.932,81.2028,0.255
hif,323,0,3,337.0115,37.6885,68.4106,0.2527
hif,323,0,4,335.54,38.0445,161.6201,3.0032
hif,323,0,5,334.1195,38.611,87.2295,0.1863
hif,323,0,6,334.1365,38.794,82.0944,0.1817
hif,323,0,7,335.489,39.3935,20.8175,2.8672
hif,323,0,8,336.898,39.832,134.1881,0.198
hif,323,0,9,337.0275,39.6825,127.6073,0.1982
hif,323,0,10,337.2625,39.791,46.9823,0.5116
hif,323,0,11,337.358,40.073,129.744,0.2471
hif,323,0,12,337.1895,40.251,137.153,0.2441
hif,323,0,13,335.382,39.1015,35.6561,4.2288
hif,323,0,14,333.7005,37.77,110.238,0.211
hif,323,0,15,333.783,37.5765,115.9623,0.2102
hif,323,0,16,335.7355,37.815,9.907,3.8707
hif,323,0,17,337.6465,38.2545,87.5799,0.2132
hif,323,0,18,337.651,38.443,90.0,0.164
hif,324,0,0,338.9105,36.41,0.0,0.881
hif,324,0,1,339.3585,38.53,89.7975,4.24
hif,324,0,2,338.9175,40.65,0.0,0.897
hif,324,0,3,338.469,38.531,90.0,4.238
hif,324,1,0,339.113,40.177,0.0,0.186
hif,324,1,1,339.206,38.528,90.0,3.298
hif,324,1,2,339.113,36.879,0.0,0.186
hif,324,1,3,339.02,38.5275,90.0,3.297
hif,325,0,0,343.643,36.41,0.0,2.308
hif,325,0,1,344.797,36.645,90.0,0.47
hif,325,0,2,343.9185,36.8799,0.0,1.757
hif,325,0,3,343.04,37.7039,90.0,1.648
hif,325,0,4,343.893,38.528,0.0,1.706
hif,325,0,5,344.746,38.763,90.0,0.47
hif,325,0,6,343.893,38.998,0.0,1.706
hif,325,0,7,343.04,39.587,90.0,1.178
hif,325,0,8,343.9185,40.176,0.0,1.757
hif,325,0,9,344.797,40.411,90.0,0.47
hif,325,0,10,343.643,40.646,0.0,2.308
hif,326,0,0,345.969,36.41,0.0,0.55
hif,326,0,1,346.244,38.0065,90.0,3.193
hif,326,0,2,347.8135,37.919,132.9847,4.604
hif,326,0,3,349.383,38.441,90.0,4.412
hif,326,0,4,349.108,40.647,0.0,0.55
hif,326,0,5,348.833,39.101,90.0,3.092
hif,326,0,6,347.2635,39.203,133.6028,4.5516
hif,327,0,0,350.6345,36.278,67.0705,1.6504
hif,327,0,1,350.4735,35.454,158.2625,0.3456
hif,327,0,2,351.023,36.129,62.2392,1.6703
hif,328,0,0,354.1,39.31,90.0,2.678
hif,328,0,1,355.6725,37.971,0.0,3.145
hif,328,0,2,357.245,39.31,90.0,2.678
hif,328,0,3,356.9705,40.649,0.0,0.549
hif,328,0,4,356.696,39.4005,90.0,2.497
hif,328,0,5,355.675,38.152,0.0,2.042
hif,328,0,6,354.654,39.4005,90.0,2.497
hif,329,0,0,359.903,40.177,0.0,1.012
hif,329,0,1,360.409,40.412,90.0,0.47
hif,329,0,2,359.1225,40.647,0.0,2.573
hif,329,0,3,357.836,40.412,90.0,0.47
hif,329,0,4,358.3415,40.177,0.0,1.011
hif,329,0,5,358.847,38.2935,90.0,3.767
hif,329,0,6,359.1215,36.41,0.0,0.549
hif,330,0,0,363.8515,36.961,113.9184,1.2012
hif,330,0,1,364.3815,36.412,0.0,0.573
hif,330,0,2,363.648,38.6405,114.5938,4.9017
hif,330,0,3,361.608,38.6405,65.4065,4.9017
hif,330,0,4,360.874,36.412,0.0,0.572
hif,330,0,5,361.4035,36.961,66.0816,1.2012
hif,330,0,6,362.6275,37.51,0.0,1.961
hif,330,1,0,362.6275,37.98,0.0,1.519
hif,330,1,1,362.248,38.842,66.211,1.8841
hif,330,1,2,363.0075,38.842,113.7618,1.8837
hif,331,0,0,365.841,39.7855,90.0,1.727
hif,331,0,1,365.566,40.649,0.0,0.55
hif,331,0,2,365.291,38.5305,90.0,4.237
hif,331,0,3,365.566,36.412,0.0,0.55
hif,331,0,4,365.841,37.432,90.0,2.04
hif,331,0,5,366.822,38.452,0.0,1.962
hif,331,0,6,367.803,37.432,90.0,2.04
hif,331,0,7,368.078,36.412,0.0,0.55
hif,331,0,8,368.353,38.5305,90.0,4.237
hif,331,0,9,368.078,40.649,0.0,0.55
hif,331,0,10,367.803,39.7855,90.0,1.727
hif,332,0,0,330.672,557.641,3.0668,0.2243
hif,332,0,1,330.45,557.618,8.7854,0.2226
hif,332,0,2,330.448,555.393,92.8003,4.4213
hif,332,0,3,330.6695,553.18,177.4769,0.2272
hif,332,0,4,330.8955,553.18,2.5453,0.2252
hif,332,0,5,331.117,555.393,87.174,4.4214
hif,332,0,6,331.116,557.618,171.2146,0.2226
hif,332,0,7,330.894,557.641,176.9332,0.2243
hif,332,1,0,330.6995,553.648,177.2901,0.1692
hif,332,1,1,330.532,553.6655,170.7607,0.1682
hif,332,1,2,330.524,555.423,87.5376,3.4912
hif,332,1,3,330.6905,557.172,3.1276,0.1833
hif,332,1,4,330.873,557.172,176.8557,0.1823
hif,332,1,5,331.0385,555.423,92.4464,3.4912
hif,332,1,6,331.03,553.6655,9.2376,0.1682
hif,332,1,7,330.8625,553.648,2.7099,0.1692
hif,333,0,0,336.021,555.135,90.0,0.472
hif,333,0,1,336.559,554.899,0.0,1.076
hif,333,0,2,337.0775,554.773,81.2022,0.255
hif,333,0,3,337.0115,554.5295,68.4119,0.2527
hif,333,0,4,335.54,554.8855,161.6194,3.0032
hif,333,0,5,334.1195,555.452,87.229,0.1862
hif,333,0,6,334.1365,555.635,82.0948,0.1817
hif,333,0,7,335.489,556.2345,20.8179,2.8672
hif,333,0,8,336.898,556.673,134.1812,0.198
hif,333,0,9,337.0275,556.5235,127.6154,0.1982
hif,333,0,10,337.2625,556.632,46.9802,0.5115
hif,333,0,11,337.358,556.914,129.744,0.2471
hif,333,0,12,337.1895,557.092,137.1556,0.2441
hif,333,0,13,335.382,555.9425,35.6558,4.2288
hif,333,0,14,333.7005,554.611,110.2376,0.211
hif,333,0,15,333.783,554.4175,115.9582,0.2102
hif,333,0,16,335.7355,554.656,9.9077,3.8707
hif,333,0,17,337.6465,555.0955,87.5798,0.2132
hif,333,0,18,337.651,555.284,90.0,0.164
hif,334,0,0,338.9105,553.252,0.0,0.881
hif,334,0,1,339.3585,555.372,89.7975,4.24
hif,334,0,2,338.9175,557.492,0.0,0.897
hif,334,0,3,338.469,555.373,90.0,4.238
hif,334,1,0,339.113,557.02,0.0,0.186
hif,334,1,1,339.206,555.371,90.0,3.298
hif,334,1,2,339.113,553.722,0.0,0.186
hif,334,1,3,339.02,555.3705,90.0,3.297
hif,335,0,0,343.643,553.252,0.0,2.308
hif,335,0,1,344.797,553.487,90.0,0.47
hif,335,0,2,343.9185,553.722,0.0,1.757
hif,335,0,3,343.04,554.546,90.0,1.648
hif,335,0,4,343.893,555.37,0.0,1.706
hif,335,0,5,344.746,555.605,90.0,0.47
hif,335,0,6,343.893,555.84,0.0,1.706
hif,335,0,7,343.04,556.429,90.0,1.178
hif,335,0,8,343.9185,557.018,0.0,1.757
hif,335,0,9,344.797,557.253,90.0,0.47
hif,335,0,10,343.643,557.488,0.0,2.308
hif,336,0,0,345.969,553.252,0.0,0.55
hif,336,0,1,346.244,554.8485,90.0,3.193
hif,336,0,2,347.8135,554.761,132.9845,4.604
hif,336,0,3,349.383,555.283,90.0,4.412
hif,336,0,4,349.108,557.489,0.0,0.55
hif,336,0,5,348.833,555.943,90.0,3.092
hif,336,0,6,347.2635,556.045,133.6024,4.5516
hif,337,0,0,350.6345,553.119,67.0702,1.6504
hif,337,0,1,350.4735,552.295,158.2613,0.3456
hif,337,0,2,351.023,552.97,62.2387,1.6703
hif,338,0,0,354.1,556.151,90.0,2.678
hif,338,0,1,355.6725,554.812,0.0,3.145
hif,338,0,2,357.245,556.151,90.0,2.678
hif,338,0,3,356.9705,557.49,0.0,0.549
hif,338,0,4,356.696,556.2415,90.0,2.497
hif,338,0,5,355.675,554.993,0.0,2.042
hif,338,0,6,354.654,556.2415,90.0,2.497
hif,339,0,0,359.903,557.02,0.0,1.012
hif,339,0,1,360.409,557.255,90.0,0.47
hif,339,0,2,359.1225,557.49,0.0,2.573
hif,339,0,3,357.836,557.255,90.0,0.47
hif,339,0,4,358.3415,557.02,0.0,1.011
hif,339,0,5,358.847,555.1365,90.0,3.767
hif,339,0,6,359.1215,553.253,0.0,0.549
hif,340,0,0,363.8515,553.802,113.9189,1.2012
hif,340,0,1,364.3815,553.253,0.0,0.573
hif,340,0,2,363.648,555.4815,114.594,4.9017
hif,340,0,3,361.608,555.4815,65.4063,4.9017
hif,340,0,4,360.874,553.253,0.0,0.572
hif,340,0,5,361.4035,553.802,66.0811,1.2012
hif,340,0,6,362.6275,554.351,0.0,1.961
hif,340,1,0,362.6275,554.821,0.0,1.519
hif,340,1,1,362.248,555.683,66.211,1.8841
hif,340,1,2,363.0075,555.683,113.7618,1.8837
hif,341,0,0,365.841,556.6265,90.0,1.727
hif,341,0,1,365.566,557.49,0.0,0.55
hif,341,0,2,365.291,555.3715,90.0,4.237
hif,341,0,3,365.566,553.253,0.0,0.55
hif,341,0,4,365.841,554.273,90.0,2.04
hif,341,0,5,366.822,555.293,0.0,1.962
hif,341,0,6,367.803,554.273,90.0,2.04
hif,341,0,7,368.078,553.253,0.0,0.55
hif,341,0,8,368.353,555.3715,90.0,4.237
hif,341,0,9,368.078,557.49,0.0,0.55
hif,341,0,10,367.803,556.6265,90.0,1.727
hif,342,0,0,348.6475,562.169,0.0,0.491
hif,342,0,1,348.6565,562.573,120.3441,0.9363
hif,342,0,2,348.3665,565.3115,91.3128,4.6702
hif,342,0,3,348.6015,568.147,60.0647,1.1563
hif,342,0,4,348.645,568.648,0.0,0.49
hif,342,0,5,348.1285,568.2235,57.398,1.0078
hif,342,0,6,347.71,565.7255,85.9452,4.1574
hif,342,0,7,347.7525,563.2545,115.4884,0.8807
hif,343,0,0,350.379,563.543,0.0,0.688
hif,343,0,1,350.723,564.426,90.0,1.766
hif,343,0,2,351.1025,565.678,44.1962,1.0586
hif,343,0,3,352.4485,564.795,127.6671,3.1633
hif,343,0,4,353.836,563.543,0.0,0.842
hif,343,0,5,353.1095,565.0285,127.6851,3.7542
hif,343,0,6,353.06,567.581,44.1798,3.0621
hif,343,0,7,353.686,568.648,0.0,0.944
hif,343,0,8,351.9685,567.437,44.1954,3.4744
hif,343,0,9,350.723,567.437,90.0,2.422
hif,343,0,10,350.379,568.648,0.0,0.688
hif,344,0,0,355.353,563.543,0.0,0.688
hif,344,0,1,355.697,564.77,90.0,2.454
hif,344,0,2,356.973,565.997,0.0,2.552
hif,344,0,3,358.249,564.77,90.0,2.454
hif,344,0,4,358.593,563.543,0.0,0.688
hif,344,0,5,358.937,566.095,90.0,5.104
hif,344,0,6,358.593,568.647,0.0,0.688
hif,344,0,7,358.249,567.616,90.0,2.062
hif,344,0,8,356.973,566.585,0.0,2.552
hif,344,0,9,355.697,567.616,90.0,2.062
hif,344,0,10,355.353,568.647,0.0,0.688
hif,345,0,0,360.7168,568.6466,0.0,0.6876
hif,345,0,1,361.0605,566.0948,90.0,5.1036
hif,345,0,2,360.7168,563.543,0.0,0.6876
hif,345,0,3,360.373,566.0948,90.0,5.1036
hif,346,0,0,362.942,563.543,0.0,0.688
hif,346,0,1,363.286,564.721,90.0,2.356
hif,346,0,2,364.415,565.899,0.0,2.258
hif,346,0,3,365.544,566.1935,90.0,0.589
hif,346,0,4,364.415,566.488,0.0,2.258
hif,346,0,5,363.286,567.2735,90.0,1.571
hif,346,0,6,364.611,568.059,0.0,2.65
hif,346,0,7,365.936,568.3535,90.0,0.589
hif,346,0,8,364.2675,568.648,0.0,3.337
hif,347,0,0,367.403,562.513,56.5792,0.8243
hif,347,0,1,367.6735,565.328,88.9917,4.9428
hif,347,0,2,367.4465,568.2235,122.5054,1.0067
hif,347,0,3,366.9305,568.648,0.0,0.491
hif,347,0,4,366.976,568.1425,119.9277,1.1666
hif,347,0,5,367.212,565.307,88.6476,4.6613
hif,347,0,6,366.9205,562.573,59.6559,0.9363
hif,348,0,0,348.6475,24.775,0.0,0.491
hif,348,0,1,348.6565,25.179,120.3446,0.9362
hif,348,0,2,348.3665,27.9175,91.3128,4.6702
hif,348,0,3,348.6015,30.753,60.0651,1.1563
hif,348,0,4,348.645,31.254,0.0,0.49
hif,348,0,5,348.1285,30.8295,57.398,1.0078
hif,348,0,6,347.71,28.3315,85.9452,4.1574
hif,348,0,7,347.7525,25.8605,115.4889,0.8807
hif,349,0,0,350.379,26.149,0.0,0.688
hif,349,0,1,350.723,27.032,90.0,1.766
hif,349,0,2,351.1025,28.284,44.1976,1.0587
hif,349,0,3,352.4485,27.401,127.6668,3.1633
hif,349,0,4,353.836,26.149,0.0,0.842
hif,349,0,5,353.1095,27.6345,127.685,3.7542
hif,349,0,6,353.06,30.187,44.1795,3.0621
hif,349,0,7,353.686,31.254,0.0,0.944
hif,349,0,8,351.9685,30.043,44.1954,3.4744
hif,349,0,9,350.723,30.043,90.0,2.422
hif,349,0,10,350.379,31.254,0.0,0.688
hif,350,0,0,355.353,26.149,0.0,0.688
hif,350,0,1,355.697,27.376,90.0,2.454
hif,350,0,2,356.973,28.603,0.0,2.552
hif,350,0,3,358.249,27.376,90.0,2.454
hif,350,0,4,358.593,26.149,0.0,0.688
hif,350,0,5,358.937,28.701,90.0,5.104
hif,350,0,6,358.593,31.253,0.0,0.688
hif,350,0,7,358.249,30.222,90.0,2.062
hif,350,0,8,356.973,29.191,0.0,2.552
hif,350,0,9,355.697,30.222,90.0,2.062
hif,350,0,10,355.353,31.253,0.0,0.688
hif,351,0,0,360.7168,31.2526,0.0,0.6876
hif,351,0,1,361.0605,28.7008,90.0,5.1036
hif,351,0,2,360.7168,26.149,0.0,0.6876
hif,351,0,3,360.373,28.7008,90.0,5.1036
hif,352,0,0,362.942,26.149,0.0,0.688
hif,352,0,1,363.286,27.327,90.0,2.356
hif,352,0,2,364.415,28.505,0.0,2.258
hif,352,0,3,365.544,28.7995,90.0,0.589
hif,352,0,4,364.415,29.094,0.0,2.258
hif,352,0,5,363.286,29.8795,90.0,1.571
hif,352,0,6,364.611,30.665,0.0,2.65
hif,352,0,7,365.936,30.9595,90.0,0.589
hif,352,0,8,364.2675,31.254,0.0,3.337
hif,353,0,0,367.403,25.119,56.5788,0.8243
hif,353,0,1,367.6735,27.934,88.9917,4.9428
hif,353,0,2,367.4465,30.8295,122.5054,1.0067
hif,353,0,3,366.9305,31.254,0.0,0.491
hif,353,0,4,366.976,30.7485,119.928,1.1665
hif,353,0,5,367.212,27.913,88.6476,4.6613
hif,353,0,6,366.9205,25.179,59.6554,0.9362
hif,354,0,0,312.908,30.4455,90.0,2.015
hif,354,0,1,312.5875,31.453,0.0,0.641
hif,354,0,2,312.267,28.981,90.0,4.944
hif,354,0,3,312.5875,26.509,0.0,0.641
hif,354,0,4,312.908,27.6995,90.0,2.381
hif,354,0,5,314.052,28.89,0.0,2.288
hif,354,0,6,315.196,27.6995,90.0,2.381
hif,354,0,7,315.5165,26.509,0.0,0.641
hif,354,0,8,315.837,28.981,90.0,4.944
hif,354,0,9,315.5165,31.453,0.0,0.641
hif,354,0,10,315.196,30.4455,90.0,2.015
hif,355,0,0,317.2984,31.453,0.0,0.6408
hif,355,0,1,317.6188,28.981,90.0,4.944
hif,355,0,2,317.2984,26.509,0.0,0.6408
hif,355,0,3,316.978,28.981,90.0,4.944
hif,356,0,0,319.0895,31.453,0.0,0.641
hif,356,0,1,318.769,28.981,90.0,4.944
hif,356,0,2,319.845,26.509,0.0,2.152
hif,356,0,3,320.921,26.783,90.0,0.548
hif,356,0,4,320.166,27.057,0.0,1.51
hif,357,0,0,321.8885,31.453,0.0,0.641
hif,357,0,1,321.568,28.981,90.0,4.944
hif,357,0,2,322.644,26.509,0.0,2.152
hif,357,0,3,323.72,26.783,90.0,0.548
hif,357,0,4,322.965,27.057,0.0,1.51
hif,358,0,0,329.7925,27.149,113.9338,1.4026
hif,358,0,1,330.411,26.508,0.0,0.668
hif,358,0,2,329.5545,29.108,114.6024,5.7192
hif,358,0,3,327.174,29.108,65.4071,5.7188
hif,358,0,4,326.3175,26.508,0.0,0.667
hif,358,0,5,326.9355,27.149,66.0662,1.4026
hif,358,0,6,328.364,27.79,0.0,2.288
hif,358,1,0,328.365,28.34,0.0,1.772
hif,358,1,1,327.9225,29.3455,66.199,2.1979
hif,358,1,2,328.8085,29.3455,113.7537,2.1971
hif,359,0,0,333.856,31.179,90.0,0.55
hif,359,0,1,332.642,31.454,0.0,2.428
hif,359,0,2,331.428,28.982,90.0,4.944
hif,359,0,3,331.7485,26.51,0.0,0.641
hif,359,0,4,332.069,27.746,90.0,2.472
hif,359,0,5,332.9325,28.982,0.0,1.727
hif,359,0,6,333.796,29.2565,90.0,0.549
hif,359,0,7,332.9325,29.531,0.0,1.727
hif,359,0,8,332.069,30.218,90.0,1.374
hif,360,0,0,335.39,26.509,0.0,1.152
hif,360,0,1,336.415,27.7985,70.8023,2.7308
hif,360,0,2,336.7605,29.1165,164.6027,0.2147
hif,360,0,3,336.657,29.151,90.0,0.012
hif,360,0,4,336.773,29.2365,34.4211,0.2813
hif,360,0,5,336.1645,30.3845,124.1399,2.5819
hif,360,0,6,335.1265,31.4529,0.0,0.627
hif,360,0,7,334.813,28.981,90.0,4.944
hif,360,1,0,335.539,30.903,0.0,0.166
hif,360,1,1,335.615,30.08,89.5124,1.6461
hif,360,1,2,335.5315,29.257,0.0,0.153
hif,360,1,3,335.455,30.081,90.0,1.648
hif,360,2,0,335.6415,28.797,0.0,0.371
hif,360,2,1,335.8665,27.9265,92.5984,1.7428
hif,360,2,2,335.682,27.056,0.0,0.448
hif,360,2,3,335.458,27.926,90.0,1.74
hif,361,0,0,312.908,567.4795,90.0,2.015
hif,361,0,1,312.5875,568.487,0.0,0.641
hif,361,0,2,312.267,566.015,90.0,4.944
hif,361,0,3,312.5875,563.543,0.0,0.641
hif,361,0,4,312.908,564.7335,90.0,2.381
hif,361,0,5,314.052,565.924,0.0,2.288
hif,361,0,6,315.196,564.7335,90.0,2.381
hif,361,0,7,315.5165,563.543,0.0,0.641
hif,361,0,8,315.837,566.015,90.0,4.944
hif,361,0,9,315.5165,568.487,0.0,0.641
hif,361,0,10,315.196,567.4795,90.0,2.015
hif,362,0,0,317.2984,568.487,0.0,0.6408
hif,362,0,1,317.6188,566.015,90.0,4.944
hif,362,0,2,317.2984,563.543,0.0,0.6408
hif,362,0,3,316.978,566.015,90.0,4.944
hif,363,0,0,319.0895,568.487,0.0,0.641
hif,363,0,1,318.769,566.015,90.0,4.944
hif,363,0,2,319.845,563.543,0.0,2.152
hif,363,0,3,320.921,563.817,90.0,0.548
hif,363,0,4,320.166,564.091,0.0,1.51
hif,364,0,0,321.8885,568.487,0.0,0.641
hif,364,0,1,321.568,566.015,90.0,4.944
hif,364,0,2,322.644,563.543,0.0,2.152
hif,364,0,3,323.72,563.817,90.0,0.548
hif,364,0,4,322.965,564.091,0.0,1.51
hif,365,0,0,329.7925,564.183,113.9335,1.4026
hif,365,0,1,330.411,563.542,0.0,0.668
hif,365,0,2,329.5545,566.142,114.6024,5.7192
hif,365,0,3,327.174,566.142,65.407,5.7188
hif,365,0,4,326.3175,563.542,0.0,0.667
hif,365,0,5,326.9355,564.183,66.0665,1.4026
hif,365,0,6,328.364,564.824,0.0,2.288
hif,365,1,0,328.365,565.374,0.0,1.772
hif,365,1,1,327.9225,566.3795,66.1991,2.1979
hif,365,1,2,328.8085,566.3795,113.7535,2.1971
hif,366,0,0,333.856,568.212,90.0,0.55
hif,366,0,1,332.642,568.487,0.0,2.428
hif,366,0,2,331.428,566.015,90.0,4.944
hif,366,0,3,331.7485,563.543,0.0,0.641
hif,366,0,4,332.069,564.779,90.0,2.472
hif,366,0,5,332.9325,566.015,0.0,1.727
hif,366,0,6,333.796,566.2895,90.0,0.549
hif,366,0,7,332.9325,566.564,0.0,1.727
hif,366,0,8,332.069,567.251,90.0,1.374
hif,367,0,0,335.39,563.543,0.0,1.152
hif,367,0,1,336.415,564.8325,70.8024,2.7309
hif,367,0,2,336.7605,566.1505,164.6047,0.2147
hif,367,0,3,336.657,566.185,90.0,0.012
hif,367,0,4,336.773,566.2705,34.4214,0.2813
hif,367,0,5,336.1645,567.4185,124.1394,2.5819
hif,367,0,6,335.1265,568.487,0.0,0.627
hif,367,0,7,334.813,566.015,90.0,4.944
hif,367,1,0,335.539,567.937,0.0,0.166
hif,367,1,1,335.615,567.114,89.5124,1.6461
hif,367,1,2,335.5315,566.291,0.0,0.153
hif,367,1,3,335.455,567.115,90.0,1.648
hif,367,2,0,335.6415,565.831,0.0,0.371
hif,367,2,1,335.8665,564.9605,92.5984,1.7428
hif,367,2,2,335.682,564.09,0.0,0.448
hif,367,2,3,335.458,564.96,90.0,1.74
hif,368,0,0,23.8475,544.327,113.9189,1.2012
hif,368,0,1,24.3775,543.778,0.0,0.573
hif,368,0,2,23.644,546.0065,114.5939,4.9017
hif,368,0,3,21.604,546.0065,65.4061,4.9017
hif,368,0,4,20.87,543.778,0.0,0.572
hif,368,0,5,21.3995,544.327,66.0811,1.2012
hif,368,0,6,22.6235,544.876,0.0,1.961
hif,368,1,0,22.6235,545.346,0.0,1.519
hif,368,1,1,22.244,546.208,66.2104,1.8841
hif,368,1,2,23.0035,546.208,113.7617,1.8837
hif,369,0,0,26.97,547.544,0.0,1.012
hif,369,0,1,27.476,547.779,90.0,0.47
hif,369,0,2,26.1895,548.014,0.0,2.573
hif,369,0,3,24.903,547.779,90.0,0.47
hif,369,0,4,25.4085,547.544,0.0,1.011
hif,369,0,5,25.914,545.6605,90.0,3.767
hif,369,0,6,26.1885,543.777,0.0,0.549
hif,370,0,0,28.3998,548.0152,0.0,0.5496
hif,370,0,1,28.6746,545.8966,90.0,4.2372
hif,370,0,2,28.3998,543.778,0.0,0.5496
hif,370,0,3,28.125,545.8966,90.0,4.2372
hif,371,0,0,32.0195,547.6215,124.1496,0.1728
hif,371,0,1,31.9155,547.7555,131.6051,0.1672
hif,371,0,2,31.0735,546.9875,46.5587,2.2876
hif,371,0,3,30.3735,546.11,151.483,0.1969
hif,371,0,4,30.55,546.021,154.9832,0.1986
hif,371,0,5,30.378,545.3245,68.1835,1.41
hif,371,0,6,30.092,544.749,106.8987,0.1651
hif,371,0,7,30.0605,544.915,94.9269,0.1746
hif,371,0,8,29.7785,544.944,11.9308,0.5611
hif,371,0,9,29.5315,544.76,102.3117,0.2579
hif,371,0,10,29.6055,544.52,112.1903,0.2462
hif,371,0,11,30.8395,545.0515,28.5276,2.7032
hif,371,0,12,31.9625,545.7805,127.6844,0.211
hif,371,0,13,31.819,545.936,137.6538,0.2138
hif,371,0,14,31.649,546.071,145.3051,0.2214
hif,371,0,15,30.9285,546.496,150.0986,1.4523
hif,371,0,16,30.2785,546.911,111.1449,0.1137
hif,371,0,17,30.251,547.025,96.5464,0.1228
hif,371,0,18,30.707,547.383,32.679,1.1001
hif,371,0,19,31.261,547.641,156.8008,0.198
hif,371,0,20,31.4275,547.5375,139.4929,0.1986
hif,371,0,21,31.5665,547.3835,125.3556,0.2195
hif,372,0,0,39.694,545.6605,90.0,3.767
hif,372,0,1,39.929,543.777,0.0,0.47
hif,372,0,2,40.164,545.8955,90.0,4.237
hif,372,0,3,39.706,548.014,0.0,0.916
hif,372,0,4,39.101,547.779,57.9726,0.5544
hif,373,0,0,43.437,545.8175,179.6986,0.19
hif,373,0,1,43.084,545.2555,51.415,1.4366
hif,373,0,2,42.6195,544.7675,102.6515,0.1507
hif,373,0,3,42.346,544.841,0.0,0.514
hif,373,0,4,42.1085,544.717,98.9366,0.251
hif,373,0,5,43.207,545.2725,32.2006,2.5503
hif,373,0,6,44.217,545.996,147.4748,0.1637
hif,373,0,7,44.2545,546.1325,40.9758,0.2821
hif,373,0,8,43.3045,546.781,152.2437,2.3877
hif,373,0,9,42.221,547.2135,77.6686,0.2528
hif,373,0,10,42.4565,547.09,0.0,0.525
hif,373,0,11,42.734,547.1555,77.1002,0.1344
hif,373,0,12,43.123,546.757,128.8699,1.1919
hif,373,0,13,43.4135,546.289,2.7424,0.1672
hif,374,0,0,47.925,546.554,90.0,3.356
hif,374,0,1,46.6385,546.318,56.0929,4.6124
hif,374,0,2,46.4035,544.404,0.0,2.103
hif,374,0,3,47.455,544.0905,90.0,0.627
hif,374,0,4,47.69,543.777,0.0,0.47
hif,374,0,5,47.925,544.0905,90.0,0.627
hif,374,0,6,48.168,544.404,0.0,0.486
hif,374,0,7,48.411,544.6395,90.0,0.471
hif,374,0,8,48.168,544.875,0.0,0.486
hif,374,1,0,46.85,544.876,0.0,1.21
hif,374,1,1,46.844,545.7545,55.7121,2.1266
hif,374,1,2,47.449,546.633,0.0,0.012
hif,374,1,3,47.455,545.7545,90.0,1.757
hif,375,0,0,49.586,544.313,12.0309,0.1247
hif,375,0,1,49.6965,544.2655,168.6259,0.3499
hif,375,0,2,49.818,544.2655,145.3948,0.1215
hif,376,0,0,52.6655,544.6785,53.5768,2.4371
hif,376,0,1,53.4715,545.791,57.9945,0.3113
hif,376,0,2,52.997,547.048,116.3405,2.5107
hif,376,0,3,52.2995,548.159,5.6903,0.2824
hif,376,0,4,52.0295,548.1045,17.3662,0.2714
hif,376,0,5,52.0855,546.747,98.0174,2.66
hif,376,0,6,52.3775,545.438,4.2965,0.2136
hif,376,0,7,52.583,545.479,18.4343,0.2087
hif,376,0,8,52.688,545.506,135.0,0.017
hif,376,0,9,52.127,544.7515,52.8556,1.878
hif,376,0,10,51.7515,543.8535,142.0216,0.4859
hif,376,1,0,52.361,545.904,173.8109,0.167
hif,376,1,1,52.1975,545.939,162.101,0.1692
hif,376,1,2,52.2035,546.824,84.2498,1.7267
hif,376,1,3,52.383,547.6925,5.8328,0.187
hif,376,1,4,52.561,547.692,173.2899,0.1712
hif,376,1,5,52.729,546.8275,95.5479,1.717
hif,376,1,6,52.7245,545.9455,17.4474,0.1834
hif,376,1,7,52.5395,545.9085,5.5654,0.1959
hif,377,0,0,56.2795,545.122,51.6006,2.233
hif,377,0,1,55.8165,546.5895,152.8729,2.5989
hif,377,0,2,54.6345,547.044,79.5304,0.2807
hif,377,0,3,54.8745,546.906,0.0,0.531
hif,377,0,4,55.1525,546.986,81.1201,0.1619
hif,377,0,5,55.79,546.578,142.0172,1.5859
hif,377,0,6,55.4825,544.934,51.1083,2.9704
hif,377,0,7,55.9075,543.778,0.0,2.715
hif,377,0,8,57.265,544.013,90.0,0.47
hif,378,0,0,60.735,547.779,90.0,0.47
hif,378,0,1,59.898,548.014,0.0,1.674
hif,378,0,2,58.7335,546.924,73.2767,2.2763
hif,378,0,3,58.457,545.834,0.0,0.102
hif,378,0,4,58.5885,545.913,44.4608,0.2256
hif,378,0,5,59.497,545.599,154.6093,1.8331
hif,378,0,6,60.3145,545.1025,84.2071,0.2081
hif,378,0,7,60.2745,544.9025,73.0012,0.2018
hif,378,0,8,59.373,544.6755,8.5115,1.7634
hif,378,0,9,58.4575,544.605,125.9417,0.1482
hif,378,0,10,58.383,544.73,115.4975,0.144
hif,378,0,11,58.154,544.61,43.0559,0.542
hif,378,0,12,58.0085,544.343,122.6288,0.1947
hif,378,0,13,58.7625,545.4685,59.8455,2.793
hif,378,0,14,59.3145,546.668,3.0629,0.2994
hif,378,0,15,59.298,547.0995,73.1633,0.9184
hif,379,0,0,66.755,545.8175,179.6986,0.19
hif,379,0,1,66.402,545.2555,51.4148,1.4366
hif,379,0,2,65.9375,544.7675,102.6515,0.1507
hif,379,0,3,65.664,544.841,0.0,0.514
hif,379,0,4,65.4265,544.717,98.9375,0.251
hif,379,0,5,66.525,545.2725,32.2006,2.5503
hif,379,0,6,67.535,545.996,147.4748,0.1637
hif,379,0,7,67.5725,546.1325,40.9763,0.2821
hif,379,0,8,66.6225,546.781,152.2437,2.3877
hif,379,0,9,65.539,547.2135,77.6677,0.2528
hif,379,0,10,65.7745,547.09,0.0,0.525
hif,379,0,11,66.052,547.1555,77.1018,0.1344
hif,379,0,12,66.441,546.757,128.87,1.1919
hif,379,0,13,66.7315,546.289,2.7424,0.1672
hif,380,0,0,70.5605,544.6785,53.5768,2.4371
hif,380,0,1,71.3665,545.791,57.9945,0.3113
hif,380,0,2,70.892,547.048,116.3405,2.5107
hif,380,0,3,70.1945,548.159,5.6904,0.2824
hif,380,0,4,69.9245,548.1045,17.3659,0.2714
hif,380,0,5,69.9805,546.747,98.0174,2.66
hif,380,0,6,70.2725,545.438,4.2966,0.2136
hif,380,0,7,70.478,545.479,18.4346,0.2087
hif,380,0,8,70.583,545.506,135.0091,0.017
hif,380,0,9,70.022,544.7515,52.8555,1.878
hif,380,0,10,69.6465,543.8535,142.0218,0.4859
hif,380,1,0,70.257,545.904,173.8109,0.167
hif,380,1,1,70.0935,545.939,162.1006,0.1692
hif,380,1,2,70.0995,546.824,84.2499,1.7267
hif,380,1,3,70.279,547.6925,5.8327,0.187
hif,380,1,4,70.4575,547.692,173.3288,0.1722
hif,380,1,5,70.6255,546.8275,95.5147,1.7169
hif,380,1,6,70.6205,545.9455,17.447,0.1834
hif,380,1,7,70.436,545.9085,5.5939,0.1949
hif,381,0,0,73.514,545.766,58.2794,4.1805
hif,381,0,1,72.6205,543.843,144.793,0.503
hif,381,0,2,74.151,545.8555,58.4444,5.0638
hif,381,0,3,73.9455,548.013,0.0,3.061
hif,381,0,4,72.415,547.778,90.0,0.47
hif,382,0,0,76.431,544.313,12.0309,0.1247
hif,382,0,1,76.5415,544.2655,168.6259,0.3499
hif,382,0,2,76.663,544.2655,145.3938,0.1215
hif,383,0,0,79.5095,544.6785,53.5768,2.4371
hif,383,0,1,80.3155,545.791,57.9945,0.3113
hif,383,0,2,79.841,547.048,116.3405,2.5107
hif,383,0,3,79.1435,548.159,5.6904,0.2824
hif,383,0,4,78.8735,548.1045,17.3659,0.2714
hif,383,0,5,78.9295,546.747,98.0174,2.66
hif,383,0,6,79.2215,545.438,4.2966,0.2136
hif,383,0,7,79.427,545.479,18.4346,0.2087
hif,383,0,8,79.532,545.506,135.0091,0.017
hif,383,0,9,78.971,544.7515,52.8555,1.878
hif,383,0,10,78.5955,543.8535,142.0218,0.4859
hif,383,1,0,79.206,545.904,173.8109,0.167
hif,383,1,1,79.0425,545.939,162.1006,0.1692
hif,383,1,2,79.0485,546.824,84.2499,1.7267
hif,383,1,3,79.228,547.6925,5.8327,0.187
hif,383,1,4,79.4065,547.692,173.3288,0.1722
hif,383,1,5,79.5745,546.8275,95.5147,1.7169
hif,383,1,6,79.5695,545.9455,17.447,0.1834
hif,383,1,7,79.385,545.9085,5.5939,0.1949
hif,384,0,0,21.604,540.7475,90.0,1.727
hif,384,0,1,21.329,541.611,0.0,0.55
hif,384,0,2,21.054,539.4925,90.0,4.237
hif,384,0,3,21.329,537.374,0.0,0.55
hif,384,0,4,21.604,538.394,90.0,2.04
hif,384,0,5,22.585,539.414,0.0,1.962
hif,384,0,6,23.566,538.394,90.0,2.04
hif,384,0,7,23.841,537.374,0.0,0.55
hif,384,0,8,24.116,539.4925,90.0,4.237
hif,384,0,9,23.841,541.611,0.0,0.55
hif,384,0,10,23.566,540.7475,90.0,1.727
hif,385,0,0,25.4048,541.6092,0.0,0.5496
hif,385,0,1,25.6796,539.4906,90.0,4.2372
hif,385,0,2,25.4048,537.372,0.0,0.5496
hif,385,0,3,25.13,539.4906,90.0,4.2372
hif,386,0,0,26.975,541.609,0.0,0.55
hif,386,0,1,26.7,539.4905,90.0,4.237
hif,386,0,2,27.622,537.372,0.0,1.844
hif,386,0,3,28.544,537.607,90.0,0.47
hif,386,0,4,27.897,537.842,0.0,1.294
hif,387,0,0,29.413,541.609,0.0,0.55
hif,387,0,1,29.138,539.4905,90.0,4.237
hif,387,0,2,30.06,537.372,0.0,1.844
hif,387,0,3,30.982,537.607,90.0,0.47
hif,387,0,4,30.335,537.842,0.0,1.294
hif,388,0,0,35.151,541.139,0.0,1.012
hif,388,0,1,35.657,541.374,90.0,0.47
hif,388,0,2,34.3705,541.609,0.0,2.573
hif,388,0,3,33.084,541.374,90.0,0.47
hif,388,0,4,33.5895,541.139,0.0,1.011
hif,388,0,5,34.095,539.2555,90.0,3.767
hif,388,0,6,34.3695,537.372,0.0,0.549
hif,389,0,0,38.117,541.76,3.0668,0.2243
hif,389,0,1,37.895,541.737,8.7854,0.2226
hif,389,0,2,37.893,539.5115,92.7996,4.4223
hif,389,0,3,38.1145,537.2975,177.2263,0.2273
hif,389,0,4,38.3405,537.2975,2.7984,0.2253
hif,389,0,5,38.562,539.5115,87.1744,4.4224
hif,389,0,6,38.561,541.737,171.2146,0.2226
hif,389,0,7,38.339,541.76,176.9332,0.2243
hif,389,1,0,38.1445,537.768,177.29,0.1692
hif,389,1,1,37.977,537.7855,170.7616,0.1682
hif,389,1,2,37.9705,539.543,87.4884,3.4914
hif,389,1,3,38.138,541.292,3.1444,0.1823
hif,389,1,4,38.32,541.292,176.8556,0.1823
hif,389,1,5,38.486,539.543,92.4625,3.4912
hif,389,1,6,38.4785,537.7855,9.2934,0.1672
hif,389,1,7,38.3115,537.768,2.71,0.1692
hif,390,0,0,41.0655,541.609,0.0,0.577
hif,390,0,1,41.6635,539.411,111.9653,4.7401
hif,390,0,2,43.154,538.7755,68.8655,3.3504
hif,390,0,3,44.362,538.7755,111.1345,3.3504
hif,390,0,4,45.8535,539.411,68.0123,4.7408
hif,390,0,5,46.4515,541.609,0.0,0.579
hif,390,0,6,45.564,540.1005,68.3756,3.2454
hif,390,0,7,44.3625,540.179,110.8207,3.3958
hif,390,0,8,43.157,540.2125,68.8181,3.3321
hif,391,0,0,48.465,537.372,0.0,2.308
hif,391,0,1,49.619,537.607,90.0,0.47
hif,391,0,2,48.7405,537.842,0.0,1.757
hif,391,0,3,47.862,538.666,90.0,1.648
hif,391,0,4,48.715,539.49,0.0,1.706
hif,391,0,5,49.568,539.725,90.0,0.47
hif,391,0,6,48.715,539.96,0.0,1.706
hif,391,0,7,47.862,540.549,90.0,1.178
hif,391,0,8,48.7405,541.138,0.0,1.757
hif,391,0,9,49.619,541.373,90.0,0.47
hif,391,0,10,48.465,541.608,0.0,2.308
hif,392,0,0,51.9715,539.2555,12.3927,0.2283
hif,392,0,1,51.6325,540.4435,111.1661,2.4953
hif,392,0,2,50.8495,541.607,0.0,0.665
hif,392,0,3,50.517,539.4885,90.0,4.237
hif,392,0,4,50.792,537.37,0.0,0.55
hif,392,0,5,51.067,538.2725,90.0,1.805
hif,392,0,6,51.1795,539.175,0.0,0.225
hif,392,0,7,51.929,538.2725,125.2151,2.2093
hif,392,0,8,52.8795,537.37,0.0,0.627
hif,392,0,9,52.527,538.2995,125.6221,2.2869
hif,392,1,0,51.1385,541.139,0.0,0.145
hif,392,1,1,51.226,540.394,91.1534,1.4903
hif,392,1,2,51.154,539.649,0.0,0.174
hif,392,1,3,51.067,540.3945,90.0,1.491
hif,393,0,0,22.075,532.8505,90.0,3.767
hif,393,0,1,22.31,530.967,0.0,0.47
hif,393,0,2,22.545,533.0855,90.0,4.237
hif,393,0,3,22.087,535.204,0.0,0.916
hif,393,0,4,21.482,534.969,57.9727,0.5544
hif,394,0,0,26.1845,532.313,51.6007,2.233
hif,394,0,1,25.7215,533.7805,152.8729,2.5989
hif,394,0,2,24.5395,534.235,79.5311,0.2807
hif,394,0,3,24.7795,534.097,0.0,0.531
hif,394,0,4,25.0575,534.177,81.1195,0.1619
hif,394,0,5,25.695,533.7685,141.9888,1.5865
hif,394,0,6,25.3875,532.124,51.1082,2.9704
hif,394,0,7,25.8125,530.968,0.0,2.715
hif,394,0,8,27.17,531.203,90.0,0.47
hif,395,0,0,29.051,532.956,58.2794,4.1805
hif,395,0,1,28.1575,531.033,144.7932,0.503
hif,395,0,2,29.688,533.0455,58.4444,5.0638
hif,395,0,3,29.4825,535.203,0.0,3.061
hif,395,0,4,27.952,534.968,90.0,0.47
hif,396,0,0,31.968,531.5035,11.5813,0.1245
hif,396,0,1,32.0785,531.4565,168.6258,0.3499
hif,396,0,2,32.2,531.4565,145.3948,0.1215
hif,397,0,0,34.55,532.8505,90.0,3.767
hif,397,0,1,34.785,530.967,0.0,0.47
hif,397,0,2,35.02,533.0855,90.0,4.237
hif,397,0,3,34.562,535.204,0.0,0.916
hif,397,0,4,33.957,534.969,57.9726,0.5544
hif,398,0,0,39.589,534.969,90.0,0.47
hif,398,0,1,38.752,535.204,0.0,1.674
hif,398,0,2,37.5875,534.114,73.2767,2.2763
hif,398,0,3,37.311,533.024,0.0,0.102
hif,398,0,4,37.4425,533.103,44.4601,0.2256
hif,398,0,5,38.351,532.789,154.6092,1.8331
hif,398,0,6,39.1685,532.2925,84.2071,0.2081
hif,398,0,7,39.1285,532.0925,73.0012,0.2018
hif,398,0,8,38.227,531.8655,8.5115,1.7634
hif,398,0,9,37.3115,531.795,125.9417,0.1482
hif,398,0,10,37.237,531.92,115.4975,0.144
hif,398,0,11,37.008,531.8,43.0559,0.542
hif,398,0,12,36.8625,531.533,122.6288,0.1947
hif,398,0,13,37.6165,532.6585,59.8455,2.793
hif,398,0,14,38.1685,533.858,3.0629,0.2994
hif,398,0,15,38.152,534.29,73.1814,0.9193
hif,399,0,0,45.9735,532.313,51.6006,2.233
hif,399,0,1,45.5105,533.7805,152.8729,2.5989
hif,399,0,2,44.3285,534.235,79.5304,0.2807
hif,399,0,3,44.5685,534.097,0.0,0.531
hif,399,0,4,44.8465,534.177,81.1201,0.1619
hif,399,0,5,45.484,533.7685,141.9888,1.5865
hif,399,0,6,45.1765,532.124,51.1083,2.9704
hif,399,0,7,45.6015,530.968,0.0,2.715
hif,399,0,8,46.959,531.203,90.0,0.47
hif,400,0,0,48.8935,534.3755,53.7437,2.4467
hif,400,0,1,48.0875,533.2615,57.0947,0.3037
hif,400,0,2,48.5625,532.012,116.4219,2.5057
hif,400,0,3,49.2605,530.9035,5.4885,0.2823
hif,400,0,4,49.5305,530.9575,17.3669,0.2714
hif,400,0,5,49.4775,532.316,97.8834,2.6611
hif,400,0,6,49.1855,533.62,7.2859,0.2208
hif,400,0,7,48.977,533.5695,20.238,0.211
hif,400,0,8,48.872,533.5385,137.4978,0.0163
hif,400,0,9,49.433,534.337,54.4351,1.9497
hif,400,0,10,49.8085,535.2455,148.9045,0.4473
hif,400,1,0,49.0255,531.369,174.1941,0.1779
hif,400,1,1,48.853,531.405,162.1808,0.1765
hif,400,1,2,48.855,532.289,84.2695,1.7226
hif,400,1,3,49.027,533.1555,6.3041,0.173
hif,400,1,4,49.197,533.156,173.8841,0.169
hif,400,1,5,49.3675,532.2875,95.7469,1.7277
hif,400,1,6,49.3705,531.4025,16.9825,0.1746
hif,400,1,7,49.2,531.368,5.9054,0.1749
hif,401,0,0,52.663,533.0075,179.6986,0.19
hif,401,0,1,52.31,532.4455,51.415,1.4366
hif,401,0,2,51.8455,531.9575,102.6515,0.1507
hif,401,0,3,51.572,532.031,0.0,0.514
hif,401,0,4,51.3345,531.907,98.9366,0.251
hif,401,0,5,52.433,532.4625,32.2006,2.5503
hif,401,0,6,53.443,533.186,147.4748,0.1637
hif,401,0,7,53.4805,533.3225,40.9758,0.2821
hif,401,0,8,52.5305,533.9715,152.2225,2.3882
hif,401,0,9,51.447,534.4045,77.6686,0.2528
hif,401,0,10,51.6825,534.281,0.0,0.525
hif,401,0,11,51.96,534.3465,77.1002,0.1344
hif,401,0,12,52.349,533.948,128.87,1.1919
hif,401,0,13,52.6395,533.48,2.7437,0.1672
hif,402,0,0,55.284,531.5035,11.5812,0.1245
hif,402,0,1,55.3945,531.4565,168.6259,0.3499
hif,402,0,2,55.516,531.4565,145.3948,0.1215
hif,403,0,0,57.867,532.8505,90.0,3.767
hif,403,0,1,58.102,530.967,0.0,0.47
hif,403,0,2,58.337,533.0855,90.0,4.237
hif,403,0,3,57.879,535.204,0.0,0.916
hif,403,0,4,57.274,534.969,57.9726,0.5544
hif,404,0,0,62.906,534.969,90.0,0.47
hif,404,0,1,62.069,535.204,0.0,1.674
hif,404,0,2,60.9045,534.114,73.2767,2.2763
hif,404,0,3,60.628,533.024,0.0,0.102
hif,404,0,4,60.7595,533.103,44.4608,0.2256
hif,404,0,5,61.668,532.789,154.6093,1.8331
hif,404,0,6,62.4855,532.2925,84.2071,0.2081
hif,404,0,7,62.4455,532.0925,73.0012,0.2018
hif,404,0,8,61.544,531.8655,8.5115,1.7634
hif,404,0,9,60.6285,531.795,125.9417,0.1482
hif,404,0,10,60.554,531.92,115.4975,0.144
hif,404,0,11,60.325,531.8,43.0559,0.542
hif,404,0,12,60.1795,531.533,122.6288,0.1947
hif,404,0,13,60.9335,532.6585,59.8455,2.793
hif,404,0,14,61.4855,533.858,3.0629,0.2994
hif,404,0,15,61.469,534.29,73.1814,0.9193
hif,405,0,0,23.274,526.445,90.0,0.472
hif,405,0,1,23.812,526.209,0.0,1.076
hif,405,0,2,24.3305,526.083,81.2026,0.255
hif,405,0,3,24.2645,525.8395,68.409,0.2527
hif,405,0,4,22.793,526.1955,161.6194,3.0032
hif,405,0,5,21.3725,526.762,87.2296,0.1862
hif,405,0,6,21.3895,526.945,82.0926,0.1817
hif,405,0,7,22.742,527.545,20.8368,2.8675
hif,405,0,8,24.151,527.984,134.1816,0.198
hif,405,0,9,24.2805,527.8345,127.6206,0.1982
hif,405,0,10,24.5155,527.9435,47.0566,0.5123
hif,405,0,11,24.611,528.2255,129.8946,0.2463
hif,405,0,12,24.4425,528.403,137.1577,0.2441
hif,405,0,13,22.635,527.2535,35.6558,4.2288
hif,405,0,14,20.9535,525.922,110.2384,0.211
hif,405,0,15,21.036,525.729,116.0761,0.2093
hif,405,0,16,22.988,525.968,9.9102,3.8697
hif,405,0,17,24.898,526.407,87.8391,0.2121
hif,405,0,18,24.902,526.595,90.0,0.164
hif,406,0,0,25.998,524.562,0.0,0.55
hif,406,0,1,26.273,526.1585,90.0,3.193
hif,406,0,2,27.8425,526.071,132.9844,4.604
hif,406,0,3,29.412,526.593,90.0,4.412
hif,406,0,4,29.137,528.799,0.0,0.55
hif,406,0,5,28.862,527.253,90.0,3.092
hif,406,0,6,27.2925,527.355,133.6023,4.5516
hif,407,0,0,30.8615,524.562,0.0,0.881
hif,407,0,1,31.3095,526.682,89.7973,4.24
hif,407,0,2,30.8685,528.802,0.0,0.897
hif,407,0,3,30.42,526.683,90.0,4.238
hif,407,1,0,31.062,528.33,0.0,0.186
hif,407,1,1,31.155,526.681,90.0,3.298
hif,407,1,2,31.062,525.032,0.0,0.186
hif,407,1,3,30.969,526.6805,90.0,3.297
hif,408,0,0,39.33,528.7405,153.617,0.2813
hif,408,0,1,39.1985,526.727,89.8482,4.152
hif,408,0,2,39.3235,524.7125,25.2329,0.2885
hif,408,0,3,39.454,525.0885,90.0,0.629
hif,408,0,4,39.328,525.307,37.3038,0.3168
hif,408,0,5,39.204,526.728,89.9244,3.034
hif,408,0,6,39.3305,528.1535,143.6866,0.309
hif,409,0,0,42.14,528.952,3.0668,0.2243
hif,409,0,1,41.918,528.929,8.7844,0.2226
hif,409,0,2,41.916,526.704,92.8003,4.4213
hif,409,0,3,42.1375,524.491,177.4771,0.2272
hif,409,0,4,42.3635,524.491,2.5454,0.2252
hif,409,0,5,42.585,526.704,87.1738,4.4214
hif,409,0,6,42.584,528.929,171.2156,0.2226
hif,409,0,7,42.362,528.952,176.9332,0.2243
hif,409,1,0,42.1675,524.959,177.2913,0.1692
hif,409,1,1,42.0,524.9765,170.7616,0.1682
hif,409,1,2,41.994,526.7335,87.4712,3.4904
hif,409,1,3,42.162,528.4815,2.8319,0.1822
hif,409,1,4,42.3445,528.4815,177.1836,0.1832
hif,409,1,5,42.511,526.7335,92.4632,3.4902
hif,409,1,6,42.503,524.9765,9.2384,0.1682
hif,409,1,7,42.3355,524.959,2.7087,0.1692
hif,410,0,0,45.545,524.562,0.0,0.55
hif,410,0,1,45.82,526.1585,90.0,3.193
hif,410,0,2,47.3895,526.071,132.9844,4.604
hif,410,0,3,48.959,526.593,90.0,4.412
hif,410,0,4,48.684,528.799,0.0,0.55
hif,410,0,5,48.409,527.253,90.0,3.092
hif,410,0,6,46.8395,527.355,133.6023,4.5516
hif,411,0,0,22.075,520.0405,90.0,3.767
hif,411,0,1,22.31,518.157,0.0,0.47
hif,411,0,2,22.545,520.2755,90.0,4.237
hif,411,0,3,22.087,522.394,0.0,0.916
hif,411,0,4,21.482,522.159,57.9727,0.5544
hif,412,0,0,26.1845,519.503,51.6007,2.233
hif,412,0,1,25.7215,520.971,152.8534,2.5993
hif,412,0,2,24.5395,521.426,79.5308,0.2807
hif,412,0,3,24.7795,521.288,0.0,0.531
hif,412,0,4,25.0575,521.368,81.1193,0.1619
hif,412,0,5,25.695,520.96,142.0173,1.5859
hif,412,0,6,25.3875,519.316,51.1083,2.9705
hif,412,0,7,25.8125,518.16,0.0,2.715
hif,412,0,8,27.17,518.395,90.0,0.47
hif,413,0,0,29.128,520.0405,90.0,3.767
hif,413,0,1,29.363,518.157,0.0,0.47
hif,413,0,2,29.598,520.2755,90.0,4.237
hif,413,0,3,29.14,522.394,0.0,0.916
hif,413,0,4,28.535,522.159,57.9727,0.5544
hif,414,0,0,31.968,518.694,12.0311,0.1247
hif,414,0,1,32.0785,518.6465,168.6258,0.3499
hif,414,0,2,32.2,518.6465,145.3948,0.1215
hif,415,0,0,34.5245,521.5655,53.7437,2.4467
hif,415,0,1,33.7185,520.4515,57.0943,0.3037
hif,415,0,2,34.1935,519.202,116.4218,2.5057
hif,415,0,3,34.8915,518.0935,5.4885,0.2823
hif,415,0,4,35.1615,518.1475,17.3669,0.2714
hif,415,0,5,35.108,519.506,97.9048,2.6613
hif,415,0,6,34.8155,520.81,7.286,0.2208
hif,415,0,7,34.607,520.7595,20.2395,0.211
hif,415,0,8,34.502,520.7285,137.4788,0.0163
hif,415,0,9,35.063,521.527,54.435,1.9497
hif,415,0,10,35.4385,522.4355,148.9041,0.4473
hif,415,1,0,34.6565,518.559,174.1941,0.1779
hif,415,1,1,34.484,518.595,162.1808,0.1765
hif,415,1,2,34.486,519.479,84.2695,1.7226
hif,415,1,3,34.658,520.3455,6.3053,0.173
hif,415,1,4,34.828,520.346,173.8854,0.169
hif,415,1,5,34.9985,519.4785,95.7535,1.7257
hif,415,1,6,35.0015,518.594,17.2957,0.1749
hif,415,1,7,34.831,518.559,5.9054,0.1749
hif,416,0,0,42.4475,519.503,51.6006,2.233
hif,416,0,1,41.9845,520.971,152.8534,2.5993
hif,416,0,2,40.8025,521.426,79.5301,0.2807
hif,416,0,3,41.0425,521.288,0.0,0.531
hif,416,0,4,41.3205,521.368,81.1199,0.1619
hif,416,0,5,41.958,520.96,142.0173,1.5859
hif,416,0,6,41.6505,519.316,51.1083,2.9705
hif,416,0,7,42.0755,518.16,0.0,2.715
hif,416,0,8,43.433,518.395,90.0,0.47
hif,417,0,0,45.313,520.146,58.2793,4.1805
hif,417,0,1,44.4195,518.223,144.7935,0.503
hif,417,0,2,45.95,520.2355,58.4444,5.0638
hif,417,0,3,45.7445,522.393,0.0,3.061
hif,417,0,4,44.214,522.158,90.0,0.47
hif,418,0,0,50.431,522.159,90.0,0.47
hif,418,0,1,49.594,522.394,0.0,1.674
hif,418,0,2,48.4295,521.304,73.2767,2.2763
hif,418,0,3,48.153,520.214,0.0,0.102
hif,418,0,4,48.2845,520.293,44.4608,0.2256
hif,418,0,5,49.192,519.979,154.5826,1.8313
hif,418,0,6,50.009,519.4825,84.4812,0.208
hif,418,0,7,49.9695,519.2825,73.0012,0.2018
hif,418,0,8,49.0675,519.0555,8.5067,1.7644
hif,418,0,9,48.152,518.985,125.6268,0.1476
hif,418,0,10,48.078,519.11,115.4981,0.144
hif,418,0,11,47.849,518.99,43.0562,0.542
hif,418,0,12,47.7035,518.723,122.63,0.1947
hif,418,0,13,48.4575,519.8485,59.8455,2.793
hif,418,0,14,49.0095,521.048,3.0643,0.2994
hif,418,0,15,48.9925,521.4795,73.2232,0.9181
hif,419,0,0,51.757,518.694,12.0309,0.1247
hif,419,0,1,51.8675,518.6465,168.6259,0.3499
hif,419,0,2,51.989,518.6465,145.3948,0.1215
hif,420,0,0,53.254,519.197,95.3817,0.2772
hif,420,0,1,54.306,519.6685,30.3969,2.4092
hif,420,0,2,55.271,520.3135,154.3717,0.1641
hif,420,0,3,55.316,520.439,37.1005,0.2984
hif,420,0,4,54.5325,520.529,0.0,1.805
hif,420,0,5,53.7425,520.439,141.34,0.2881
hif,420,0,6,53.7845,520.3135,26.7273,0.1579
hif,420,0,7,53.483,519.8895,59.2646,0.904
hif,420,0,8,53.247,519.418,86.5519,0.1663
hif,420,1,0,54.6085,522.074,173.7037,0.1459
hif,420,1,1,54.75,522.0445,162.6936,0.1445
hif,420,1,2,54.7465,521.3155,84.1491,1.4224
hif,420,1,3,54.6055,520.5995,7.0761,0.138
hif,420,1,4,54.468,520.5995,172.9748,0.139
hif,420,1,5,54.325,521.3155,95.9712,1.4227
hif,420,1,6,54.32,522.0445,17.3064,0.1445
hif,420,1,7,54.4625,522.074,6.2114,0.1479
hif,420,2,0,54.615,520.112,174.2153,0.1588
hif,420,2,1,54.7695,520.082,163.7549,0.1573
hif,420,2,2,54.768,519.3135,84.1109,1.5009
hif,420,2,3,54.6135,518.559,5.893,0.1558
hif,420,2,4,54.458,518.559,174.1443,0.1568
hif,420,2,5,54.3035,519.3135,95.8512,1.5008
hif,420,2,6,54.303,520.082,16.1438,0.1582
hif,420,2,7,54.458,520.112,5.7847,0.1588
hif,421,0,0,165.315,423.072,0.0,0.988
hif,421,0,1,166.192,424.177,70.8836,2.339
hif,421,0,2,166.4865,425.307,164.2296,0.1839
hif,421,0,3,166.398,425.337,90.0,0.01
hif,421,0,4,166.4975,425.41,34.349,0.241
hif,421,0,5,165.976,426.3935,124.1499,2.2125
hif,421,0,6,165.086,427.309,0.0,0.538
hif,421,0,7,164.817,425.1905,90.0,4.237
hif,421,1,0,165.442,426.839,0.0,0.142
hif,421,1,1,165.508,426.1325,89.5947,1.413
hif,421,1,2,165.4375,425.426,0.0,0.131
hif,421,1,3,165.372,426.1325,90.0,1.413
hif,421,2,0,165.53,425.033,0.0,0.318
hif,421,2,1,165.7225,424.2875,92.573,1.4925
hif,421,2,2,165.564,423.542,0.0,0.384
hif,421,2,3,165.372,424.288,90.0,1.492
hif,422,0,0,170.8985,423.621,113.9187,1.2012
hif,422,0,1,171.4285,423.072,0.0,0.573
hif,422,0,2,170.695,425.3005,114.5938,4.9017
hif,422,0,3,168.655,425.3005,65.406,4.9017
hif,422,0,4,167.921,423.072,0.0,0.572
hif,422,0,5,168.4505,423.621,66.0813,1.2012
hif,422,0,6,169.6745,424.17,0.0,1.961
hif,422,1,0,169.6745,424.64,0.0,1.519
hif,422,1,1,169.295,425.502,66.2101,1.8841
hif,422,1,2,170.0545,425.502,113.7618,1.8837
hif,423,0,0,172.888,426.4085,90.0,1.801
hif,423,0,1,172.613,427.309,0.0,0.55
hif,423,0,2,172.338,425.1905,90.0,4.237
hif,423,0,3,172.613,423.072,0.0,0.55
hif,423,0,4,172.888,423.9755,90.0,1.807
hif,423,0,5,172.9955,424.98,43.2143,0.295
hif,423,0,6,173.905,424.0765,128.6041,2.5708
hif,423,0,7,175.066,423.072,0.0,0.718
hif,423,0,8,174.45,424.2565,129.4588,3.0683
hif,423,0,9,174.433,426.375,44.2732,2.6759
hif,423,0,10,175.0435,427.309,0.0,0.695
hif,424,0,0,176.5386,425.1124,0.0,1.2552
hif,424,0,1,177.1662,424.9162,90.0,0.3924
hif,424,0,2,176.5386,424.72,0.0,1.2552
hif,424,0,3,175.911,424.9162,90.0,0.3924
hif,425,0,0,179.148,424.9555,90.0,3.767
hif,425,0,1,179.383,423.072,0.0,0.47
hif,425,0,2,179.618,425.1905,90.0,4.237
hif,425,0,3,179.16,427.309,0.0,0.916
hif,425,0,4,178.555,427.074,57.9722,0.5544
hif,426,0,0,183.2575,424.416,51.6008,2.233
hif,426,0,1,182.7945,425.8835,152.8729,2.5989
hif,426,0,2,181.6125,426.338,79.5288,0.2807
hif,426,0,3,181.8525,426.2,0.0,0.531
hif,426,0,4,182.1305,426.28,81.1217,0.1619
hif,426,0,5,182.768,425.872,142.0173,1.5859
hif,426,0,6,182.4605,424.228,51.1083,2.9704
hif,426,0,7,182.8855,423.072,0.0,2.715
hif,426,0,8,184.243,423.307,90.0,0.47
hif,427,0,0,290.672,185.473,0.0,0.988
hif,427,0,1,291.549,186.578,70.8835,2.339
hif,427,0,2,291.8435,187.708,164.2204,0.1839
hif,427,0,3,291.755,187.738,90.0,0.01
hif,427,0,4,291.8545,187.811,34.352,0.241
hif,427,0,5,291.3335,188.7945,124.1283,2.2119
hif,427,0,6,290.4445,189.71,0.0,0.537
hif,427,0,7,290.176,187.5915,90.0,4.237
hif,427,1,0,290.799,189.24,0.0,0.142
hif,427,1,1,290.865,188.5345,89.5948,1.411
hif,427,1,2,290.7945,187.829,0.0,0.131
hif,427,1,3,290.729,188.535,90.0,1.412
hif,427,2,0,290.887,187.435,0.0,0.318
hif,427,2,1,291.0795,186.69,92.5741,1.4915
hif,427,2,2,290.921,185.945,0.0,0.384
hif,427,2,3,290.729,186.6905,90.0,1.491
hif,428,0,0,296.2555,186.022,113.919,1.2011
hif,428,0,1,296.7855,185.473,0.0,0.573
hif,428,0,2,296.052,187.7015,114.594,4.9017
hif,428,0,3,294.012,187.7015,65.4063,4.9017
hif,428,0,4,293.278,185.473,0.0,0.572
hif,428,0,5,293.8075,186.022,66.081,1.2011
hif,428,0,6,295.0315,186.571,0.0,1.961
hif,428,1,0,295.0305,187.043,0.0,1.519
hif,428,1,1,294.6505,187.9045,66.2262,1.8828
hif,428,1,2,295.41,187.9045,113.8018,1.8832
hif,429,0,0,298.245,188.8095,90.0,1.801
hif,429,0,1,297.97,189.71,0.0,0.55
hif,429,0,2,297.695,187.5915,90.0,4.237
hif,429,0,3,297.97,185.473,0.0,0.55
hif,429,0,4,298.245,186.3765,90.0,1.807
hif,429,0,5,298.3525,187.381,43.2143,0.295
hif,429,0,6,299.262,186.4775,128.6041,2.5708
hif,429,0,7,300.423,185.473,0.0,0.718
hif,429,0,8,299.807,186.6575,129.4584,3.0683
hif,429,0,9,299.79,188.7765,44.2886,2.6766
hif,429,0,10,300.4005,189.711,0.0,0.695
hif,430,0,0,301.8956,187.5134,0.0,1.2552
hif,430,0,1,302.5232,187.3172,90.0,0.3924
hif,430,0,2,301.8956,187.121,0.0,1.2552
hif,430,0,3,301.268,187.3172,90.0,0.3924
hif,431,0,0,304.503,187.3565,90.0,3.767
hif,431,0,1,304.738,185.473,0.0,0.47
hif,431,0,2,304.973,187.5915,90.0,4.237
hif,431,0,3,304.515,189.71,0.0,0.916
hif,431,0,4,303.91,189.475,57.9749,0.5544
hif,432,0,0,308.6135,186.819,51.6008,2.233
hif,432,0,1,308.1505,188.2865,152.8729,2.5989
hif,432,0,2,306.9685,188.741,79.5319,0.2807
hif,432,0,3,307.2085,188.603,0.0,0.531
hif,432,0,4,307.4865,188.683,81.111,0.1619
hif,432,0,5,308.124,188.275,142.0169,1.5859
hif,432,0,6,307.8165,186.631,51.1077,2.9704
hif,432,0,7,308.2415,185.475,0.0,2.715
hif,432,0,8,309.599,185.71,90.0,0.47
hif,433,0,0,311.4735,187.6385,66.5662,5.8865
hif,433,0,1,310.5025,184.848,155.7203,0.4377
hif,433,0,2,311.876,187.4755,66.635,5.9205
hif,434,0,0,314.932,187.3565,90.0,3.767
hif,434,0,1,315.167,185.473,0.0,0.47
hif,434,0,2,315.402,187.5915,90.0,4.237
hif,434,0,3,314.944,189.71,0.0,0.916
hif,434,0,4,314.339,189.475,57.9749,0.5544
hif,435,0,0,319.636,188.249,90.0,3.356
hif,435,0,1,318.3495,188.013,56.0927,4.6123
hif,435,0,2,318.1145,186.099,0.0,2.103
hif,435,0,3,319.166,185.7855,90.0,0.627
hif,435,0,4,319.401,185.472,0.0,0.47
hif,435,0,5,319.636,185.7855,90.0,0.627
hif,435,0,6,319.879,186.099,0.0,0.486
hif,435,0,7,320.122,186.3345,90.0,0.471
hif,435,0,8,319.879,186.57,0.0,0.486
hif,435,1,0,318.561,186.571,0.0,1.21
hif,435,1,1,318.555,187.4495,55.712,2.1265
hif,435,1,2,319.16,188.328,0.0,0.012
hif,435,1,3,319.166,187.4495,90.0,1.757
hif,436,0,0,288.318,232.56,90.0,3.356
hif,436,0,1,287.0315,232.324,56.0927,4.6123
hif,436,0,2,286.7965,230.41,0.0,2.103
hif,436,0,3,287.848,230.0965,90.0,0.627
hif,436,0,4,288.083,229.783,0.0,0.47
hif,436,0,5,288.318,230.0965,90.0,0.627
hif,436,0,6,288.561,230.41,0.0,0.486
hif,436,0,7,288.804,230.6455,90.0,0.471
hif,436,0,8,288.561,230.881,0.0,0.486
hif,436,1,0,287.243,230.882,0.0,1.21
hif,436,1,1,287.237,231.7605,55.712,2.1265
hif,436,1,2,287.842,232.639,0.0,0.012
hif,436,1,3,287.848,231.7605,90.0,1.757
hif,437,0,0,290.668,231.6675,90.0,3.767
hif,437,0,1,290.903,229.784,0.0,0.47
hif,437,0,2,291.138,231.9025,90.0,4.237
hif,437,0,3,290.68,234.021,0.0,0.916
hif,437,0,4,290.075,233.786,57.9749,0.5544
hif,438,0,0,298.277,229.714,4.664,0.1967
hif,438,0,1,298.464,229.7435,13.5823,0.1831
hif,438,0,2,298.463,231.965,92.3425,4.4037
hif,438,0,3,298.275,234.173,175.336,0.1967
hif,438,0,4,298.0785,234.173,4.6409,0.1976
hif,438,0,5,297.8905,231.965,87.6706,4.4037
hif,438,0,6,297.891,229.7435,166.5642,0.1851
hif,438,0,7,298.079,229.714,175.3353,0.1966
hif,438,1,0,298.2475,233.7015,174.5789,0.1376
hif,438,1,1,298.3785,233.6755,162.6715,0.1309
hif,438,1,2,298.3785,231.923,87.9345,3.4683
hif,438,1,3,298.2475,230.183,5.8382,0.1377
hif,438,1,4,298.11,230.183,174.2041,0.1387
hif,438,1,5,297.9785,231.923,92.0655,3.4683
hif,438,1,6,297.9785,233.6755,17.3285,0.1309
hif,438,1,7,298.11,233.7015,5.3817,0.1386
hif,439,0,0,301.431,231.773,58.2794,4.1805
hif,439,0,1,300.5375,229.85,144.7933,0.503
hif,439,0,2,302.068,231.8625,58.4445,5.0638
hif,439,0,3,301.8625,234.02,0.0,3.061
hif,439,0,4,300.332,233.785,90.0,0.47
hif,440,0,0,304.1,233.419,67.1657,1.6492
hif,440,0,1,303.943,232.595,158.5611,0.3503
hif,440,0,2,304.492,233.27,62.4206,1.6675
hif,441,0,0,306.117,229.784,0.0,0.55
hif,441,0,1,306.392,231.3805,90.0,3.193
hif,441,0,2,307.9615,231.293,132.9847,4.604
hif,441,0,3,309.531,231.815,90.0,4.412
hif,441,0,4,309.256,234.021,0.0,0.55
hif,441,0,5,308.981,232.475,90.0,3.092
hif,441,0,6,307.4115,232.577,133.6023,4.5516
hif,442,0,0,287.646,52.607,90.0,3.356
hif,442,0,1,286.3595,52.371,56.0929,4.6124
hif,442,0,2,286.1245,50.457,0.0,2.103
hif,442,0,3,287.176,50.1435,90.0,0.627
hif,442,0,4,287.411,49.83,0.0,0.47
hif,442,0,5,287.646,50.1435,90.0,0.627
hif,442,0,6,287.889,50.457,0.0,0.486
hif,442,0,7,288.132,50.6925,90.0,0.471
hif,442,0,8,287.889,50.928,0.0,0.486
hif,442,1,0,286.5695,50.929,0.0,1.209
hif,442,1,1,286.5635,51.8075,55.7349,2.126
hif,442,1,2,287.168,52.686,0.0,0.012
hif,442,1,3,287.174,51.8075,90.0,1.757
hif,443,0,0,289.995,51.7145,90.0,3.767
hif,443,0,1,290.23,49.831,0.0,0.47
hif,443,0,2,290.465,51.9495,90.0,4.237
hif,443,0,3,290.007,54.068,0.0,0.916
hif,443,0,4,289.402,53.833,57.9732,0.5543
hif,444,0,0,297.604,49.761,4.664,0.1967
hif,444,0,1,297.791,49.7905,13.5916,0.1831
hif,444,0,2,297.79,52.012,92.3425,4.4036
hif,444,0,3,297.602,54.22,175.336,0.1967
hif,444,0,4,297.4055,54.22,4.6409,0.1976
hif,444,0,5,297.2175,52.012,87.6706,4.4036
hif,444,0,6,297.218,49.7905,166.555,0.1851
hif,444,0,7,297.406,49.761,175.3353,0.1966
hif,444,1,0,297.5745,53.7485,174.5789,0.1376
hif,444,1,1,297.7055,53.7225,162.6715,0.1309
hif,444,1,2,297.7055,51.97,87.9345,3.4683
hif,444,1,3,297.5745,50.23,5.8508,0.1377
hif,444,1,4,297.437,50.23,174.1916,0.1387
hif,444,1,5,297.3055,51.97,92.0655,3.4683
hif,444,1,6,297.3055,53.7225,17.3285,0.1309
hif,444,1,7,297.437,53.7485,5.3817,0.1386
hif,445,0,0,300.8125,53.2395,53.7441,2.4468
hif,445,0,1,300.0065,52.1255,57.0939,0.3037
hif,445,0,2,300.4815,50.876,116.4221,2.5057
hif,445,0,3,301.1795,49.7675,5.4838,0.2823
hif,445,0,4,301.4495,49.8215,17.3652,0.2714
hif,445,0,5,301.3965,51.18,97.8833,2.6611
hif,445,0,6,301.1045,52.484,7.2743,0.2208
hif,445,0,7,300.896,52.4335,20.2351,0.2111
hif,445,0,8,300.791,52.4025,137.5094,0.0163
hif,445,0,9,301.352,53.201,54.4349,1.9497
hif,445,0,10,301.7275,54.1095,148.9022,0.4473
hif,445,1,0,300.9445,50.232,174.1916,0.1779
hif,445,1,1,300.772,50.268,162.1949,0.1765
hif,445,1,2,300.774,51.151,84.2631,1.7207
hif,445,1,3,300.946,52.0165,6.2978,0.173
hif,445,1,4,301.116,52.017,173.8827,0.169
hif,445,1,5,301.2865,51.1495,95.7537,1.7257
hif,445,1,6,301.2895,50.2655,16.9908,0.1746
hif,445,1,7,301.119,50.231,5.9075,0.1749
hif,446,0,0,303.428,53.466,67.1661,1.6493
hif,446,0,1,303.271,52.642,158.5657,0.3502
hif,446,0,2,303.82,53.317,62.421,1.6675
hif,447,0,0,305.445,49.831,0.0,0.55
hif,447,0,1,305.72,51.4275,90.0,3.193
hif,447,0,2,307.2895,51.34,132.9847,4.604
hif,447,0,3,308.859,51.862,90.0,4.412
hif,447,0,4,308.584,54.068,0.0,0.55
hif,447,0,5,308.309,52.522,90.0,3.092
hif,447,0,6,306.7395,52.624,133.6028,4.5516
hif,448,0,0,277.68,212.368,0.0,0.988
hif,448,0,1,278.557,213.473,70.8835,2.339
hif,448,0,2,278.8515,214.603,164.2204,0.1839
hif,448,0,3,278.763,214.633,90.0,0.01
hif,448,0,4,278.8625,214.706,34.352,0.241
hif,448,0,5,278.341,215.6895,124.1499,2.2125
hif,448,0,6,277.451,216.605,0.0,0.538
hif,448,0,7,277.182,214.4865,90.0,4.237
hif,448,1,0,277.807,216.135,0.0,0.142
hif,448,1,1,277.873,215.4295,89.5948,1.411
hif,448,1,2,277.8025,214.724,0.0,0.131
hif,448,1,3,277.737,215.43,90.0,1.412
hif,448,2,0,277.895,214.33,0.0,0.318
hif,448,2,1,278.088,213.584,92.6093,1.4936
hif,448,2,2,277.93,212.838,0.0,0.384
hif,448,2,3,277.738,213.584,90.0,1.492
hif,449,0,0,283.2635,212.917,113.919,1.2011
hif,449,0,1,283.7935,212.368,0.0,0.573
hif,449,0,2,283.06,214.5965,114.594,4.9017
hif,449,0,3,281.02,214.5965,65.4063,4.9017
hif,449,0,4,280.286,212.368,0.0,0.572
hif,449,0,5,280.8155,212.917,66.081,1.2011
hif,449,0,6,282.0395,213.466,0.0,1.961
hif,449,1,0,282.0395,213.936,0.0,1.519
hif,449,1,1,281.66,214.798,66.211,1.8841
hif,449,1,2,282.4195,214.798,113.7618,1.8837
hif,450,0,0,285.253,215.7045,90.0,1.801
hif,450,0,1,284.978,216.605,0.0,0.55
hif,450,0,2,284.703,214.4865,90.0,4.237
hif,450,0,3,284.978,212.368,0.0,0.55
hif,450,0,4,285.253,213.2715,90.0,1.807
hif,450,0,5,285.3605,214.276,43.2143,0.295
hif,450,0,6,286.27,213.3725,128.6041,2.5708
hif,450,0,7,287.431,212.368,0.0,0.718
hif,450,0,8,286.815,213.5525,129.4584,3.0683
hif,450,0,9,286.798,215.6715,44.2886,2.6766
hif,450,0,10,287.4085,216.606,0.0,0.695
hif,451,0,0,288.9046,214.4074,0.0,1.2552
hif,451,0,1,289.5322,214.2112,90.0,0.3924
hif,451,0,2,288.9046,214.015,0.0,1.2552
hif,451,0,3,288.277,214.2112,90.0,0.3924
hif,452,0,0,291.512,214.2505,90.0,3.767
hif,452,0,1,291.747,212.367,0.0,0.47
hif,452,0,2,291.982,214.4855,90.0,4.237
hif,452,0,3,291.524,216.604,0.0,0.916
hif,452,0,4,290.919,216.369,57.9749,0.5544
hif,453,0,0,295.6215,213.713,51.6008,2.233
hif,453,0,1,295.1585,215.1805,152.8729,2.5989
hif,453,0,2,293.9765,215.635,79.5319,0.2807
hif,453,0,3,294.2165,215.497,0.0,0.531
hif,453,0,4,294.4945,215.577,81.111,0.1619
hif,453,0,5,295.132,215.1685,141.9891,1.5865
hif,453,0,6,294.8245,213.524,51.1081,2.9705
hif,453,0,7,295.2495,212.368,0.0,2.715
hif,453,0,8,296.607,212.603,90.0,0.47
hif,454,0,0,118.748,309.209,0.0,2.308
hif,454,0,1,119.902,309.444,90.0,0.47
hif,454,0,2,119.0235,309.679,0.0,1.757
hif,454,0,3,118.145,310.503,90.0,1.648
hif,454,0,4,118.998,311.327,0.0,1.706
hif,454,0,5,119.851,311.562,90.0,0.47
hif,454,0,6,118.998,311.797,0.0,1.706
hif,454,0,7,118.145,312.386,90.0,1.178
hif,454,0,8,119.0235,312.975,0.0,1.757
hif,454,0,9,119.902,313.21,90.0,0.47
hif,454,0,10,118.748,313.445,0.0,2.308
hif,455,0,0,144.903,459.192,0.0,0.988
hif,455,0,1,145.78,460.297,70.8836,2.339
hif,455,0,2,146.0745,461.427,164.2296,0.1839
hif,455,0,3,145.986,461.457,90.0,0.01
hif,455,0,4,146.0855,461.53,34.349,0.241
hif,455,0,5,145.564,462.5135,124.1499,2.2125
hif,455,0,6,144.674,463.429,0.0,0.538
hif,455,0,7,144.405,461.3105,90.0,4.237
hif,455,1,0,145.03,462.959,0.0,0.142
hif,455,1,1,145.096,462.2535,89.5942,1.411
hif,455,1,2,145.0255,461.548,0.0,0.131
hif,455,1,3,144.96,462.254,90.0,1.412
hif,455,2,0,145.118,461.153,0.0,0.318
hif,455,2,1,145.3105,460.407,92.5713,1.4935
hif,455,2,2,145.152,459.661,0.0,0.384
hif,455,2,3,144.96,460.407,90.0,1.492
hif,456,0,0,150.4865,459.741,113.9187,1.2012
hif,456,0,1,151.0165,459.192,0.0,0.573
hif,456,0,2,150.283,461.4205,114.5938,4.9017
hif,456,0,3,148.243,461.4205,65.406,4.9017
hif,456,0,4,147.509,459.192,0.0,0.572
hif,456,0,5,148.0385,459.741,66.0813,1.2012
hif,456,0,6,149.2625,460.29,0.0,1.961
hif,456,1,0,149.2625,460.76,0.0,1.519
hif,456,1,1,148.883,461.622,66.2101,1.8841
hif,456,1,2,149.6425,461.622,113.7618,1.8837
hif,457,0,0,152.476,462.5285,90.0,1.801
hif,457,0,1,152.201,463.429,0.0,0.55
hif,457,0,2,151.926,461.3105,90.0,4.237
hif,457,0,3,152.201,459.192,0.0,0.55
hif,457,0,4,152.476,460.0955,90.0,1.807
hif,457,0,5,152.5835,461.1,43.2143,0.295
hif,457,0,6,153.493,460.1965,128.6041,2.5708
hif,457,0,7,154.654,459.192,0.0,0.718
hif,457,0,8,154.038,460.3765,129.4588,3.0683
hif,457,0,9,154.021,462.4955,44.2886,2.6766
hif,457,0,10,154.6315,463.43,0.0,0.695
hif,458,0,0,156.1266,461.2324,0.0,1.2552
hif,458,0,1,156.7542,461.0362,90.0,0.3924
hif,458,0,2,156.1266,460.84,0.0,1.2552
hif,458,0,3,155.499,461.0362,90.0,0.3924
hif,459,0,0,158.736,461.0755,90.0,3.767
hif,459,0,1,158.971,459.192,0.0,0.47
hif,459,0,2,159.206,461.3105,90.0,4.237
hif,459,0,3,158.748,463.429,0.0,0.916
hif,459,0,4,158.143,463.194,57.9722,0.5544
hif,460,0,0,162.8455,460.536,51.6008,2.233
hif,460,0,1,162.3825,462.0035,152.8729,2.5989
hif,460,0,2,161.2005,462.458,79.5288,0.2807
hif,460,0,3,161.4405,462.32,0.0,0.531
hif,460,0,4,161.7185,462.4,81.1217,0.1619
hif,460,0,5,162.356,461.9915,141.9887,1.5865
hif,460,0,6,162.0485,460.347,51.1083,2.9704
hif,460,0,7,162.4735,459.191,0.0,2.715
hif,460,0,8,163.831,459.426,90.0,0.47
hif,461,0,0,165.7045,461.3575,66.5662,5.8865
hif,461,0,1,164.7335,458.567,155.7195,0.4377
hif,461,0,2,166.107,461.1945,66.6349,5.9205
hif,462,0,0,169.165,461.0755,90.0,3.767
hif,462,0,1,169.4,459.192,0.0,0.47
hif,462,0,2,169.635,461.3105,90.0,4.237
hif,462,0,3,169.177,463.429,0.0,0.916
hif,462,0,4,168.572,463.194,57.9722,0.5544
hif,463,0,0,173.869,461.968,90.0,3.356
hif,463,0,1,172.5825,461.732,56.0929,4.6124
hif,463,0,2,172.3475,459.818,0.0,2.103
hif,463,0,3,173.399,459.5045,90.0,0.627
hif,463,0,4,173.634,459.191,0.0,0.47
hif,463,0,5,173.869,459.5045,90.0,0.627
hif,463,0,6,174.112,459.818,0.0,0.486
hif,463,0,7,174.355,460.0535,90.0,0.471
hif,463,0,8,174.112,460.289,0.0,0.486
hif,463,1,0,172.794,460.29,0.0,1.21
hif,463,1,1,172.788,461.1685,55.7122,2.1266
hif,463,1,2,173.393,462.047,0.0,0.012
hif,463,1,3,173.399,461.1685,90.0,1.757
hif,464,0,0,286.972,410.58,90.0,3.356
hif,464,0,1,285.6855,410.344,56.0929,4.6124
hif,464,0,2,285.4505,408.43,0.0,2.103
hif,464,0,3,286.502,408.1165,90.0,0.627
hif,464,0,4,286.737,407.803,0.0,0.47
hif,464,0,5,286.972,408.1165,90.0,0.627
hif,464,0,6,287.215,408.43,0.0,0.486
hif,464,0,7,287.458,408.6655,90.0,0.471
hif,464,0,8,287.215,408.901,0.0,0.486
hif,464,1,0,285.897,408.902,0.0,1.21
hif,464,1,1,285.891,409.7805,55.7122,2.1266
hif,464,1,2,286.496,410.659,0.0,0.012
hif,464,1,3,286.502,409.7805,90.0,1.757
hif,465,0,0,289.323,409.6875,90.0,3.767
hif,465,0,1,289.558,407.804,0.0,0.47
hif,465,0,2,289.793,409.9225,90.0,4.237
hif,465,0,3,289.335,412.041,0.0,0.916
hif,465,0,4,288.73,411.806,57.9749,0.5544
hif,466,0,0,296.932,407.734,4.6684,0.1967
hif,466,0,1,297.119,407.7635,13.5823,0.1831
hif,466,0,2,297.118,409.9845,92.343,4.4027
hif,466,0,3,296.93,412.192,175.336,0.1967
hif,466,0,4,296.7335,412.192,4.6409,0.1976
hif,466,0,5,296.5455,409.9845,87.67,4.4026
hif,466,0,6,296.546,407.7635,166.5642,0.1851
hif,466,0,7,296.734,407.734,175.3309,0.1966
hif,466,1,0,296.9025,411.7215,174.5789,0.1376
hif,466,1,1,297.0335,411.6955,162.6715,0.1309
hif,466,1,2,297.0335,409.943,87.9345,3.4683
hif,466,1,3,296.9025,408.203,5.8319,0.1377
hif,466,1,4,296.765,408.203,174.2104,0.1387
hif,466,1,5,296.6335,409.943,92.0655,3.4683
hif,466,1,6,296.6335,411.6955,17.3285,0.1309
hif,466,1,7,296.765,411.7215,5.3817,0.1386
hif,467,0,0,299.079,408.842,95.3817,0.2772
hif,467,0,1,300.131,409.3135,30.3967,2.4092
hif,467,0,2,301.096,409.9585,154.3686,0.1642
hif,467,0,3,301.141,410.084,37.0984,0.2984
hif,467,0,4,300.357,410.174,0.0,1.806
hif,467,0,5,299.5665,410.084,141.3421,0.2881
hif,467,0,6,299.6085,409.9585,26.7285,0.1579
hif,467,0,7,299.307,409.5345,59.2656,0.904
hif,467,0,8,299.071,409.063,86.5493,0.1663
hif,467,1,0,300.4335,411.72,173.7002,0.1459
hif,467,1,1,300.575,411.6905,162.6936,0.1445
hif,467,1,2,300.571,410.9615,84.1092,1.4225
hif,467,1,3,300.4295,410.245,7.4876,0.1382
hif,467,1,4,300.292,410.245,172.5664,0.1392
hif,467,1,5,300.149,410.9615,95.9715,1.4227
hif,467,1,6,300.144,411.6905,17.3064,0.1445
hif,467,1,7,300.2865,411.72,6.2142,0.1479
hif,467,2,0,300.44,409.757,174.2149,0.1588
hif,467,2,1,300.5945,409.727,163.7576,0.1573
hif,467,2,2,300.593,408.959,84.1073,1.4999
hif,467,2,3,300.4385,408.2055,5.5274,0.1557
hif,467,2,4,300.283,408.2055,174.5081,0.1567
hif,467,2,5,300.1285,408.959,95.8556,1.4998
hif,467,2,6,300.128,409.727,16.1404,0.1582
hif,467,2,7,300.283,409.757,5.7851,0.1588
hif,468,0,0,302.755,411.439,67.1659,1.6493
hif,468,0,1,302.598,410.615,158.5657,0.3502
hif,468,0,2,303.147,411.29,62.4206,1.6675
hif,469,0,0,304.772,407.804,0.0,0.55
hif,469,0,1,305.047,409.4005,90.0,3.193
hif,469,0,2,306.6165,409.313,132.9845,4.604
hif,469,0,3,308.186,409.835,90.0,4.412
hif,469,0,4,307.911,412.041,0.0,0.55
hif,469,0,5,307.636,410.495,90.0,3.092
hif,469,0,6,306.0665,410.597,133.6025,4.5516
hif,470,0,0,51.4055,268.473,113.919,1.2011
hif,470,0,1,51.9355,267.924,0.0,0.573
hif,470,0,2,51.202,270.1525,114.5939,4.9017
hif,470,0,3,49.162,270.1525,65.4061,4.9017
hif,470,0,4,48.428,267.924,0.0,0.572
hif,470,0,5,48.9575,268.473,66.0808,1.2011
hif,470,0,6,50.1815,269.022,0.0,1.961
hif,470,1,0,50.1805,269.492,0.0,1.519
hif,470,1,1,49.8005,270.354,66.2382,1.8837
hif,470,1,2,50.56,270.354,113.7895,1.8841
hif,471,0,0,53.1198,272.1612,0.0,0.5496
hif,471,0,1,53.3946,270.0426,90.0,4.2372
hif,471,0,2,53.1198,267.924,0.0,0.5496
hif,471,0,3,52.845,270.0426,90.0,4.2372
hif,472,0,0,55.8715,269.8075,12.3955,0.2283
hif,472,0,1,55.5325,270.996,111.1578,2.4963
hif,472,0,2,54.7495,272.16,0.0,0.665
hif,472,0,3,54.417,270.0415,90.0,4.237
hif,472,0,4,54.692,267.923,0.0,0.55
hif,472,0,5,54.967,268.8255,90.0,1.805
hif,472,0,6,55.0795,269.728,0.0,0.225
hif,472,0,7,55.829,268.8255,125.2153,2.2093
hif,472,0,8,56.7795,267.923,0.0,0.627
hif,472,0,9,56.427,268.8525,125.6225,2.2869
hif,472,1,0,55.0385,271.691,0.0,0.145
hif,472,1,1,55.126,270.946,91.1534,1.4903
hif,472,1,2,55.054,270.201,0.0,0.174
hif,472,1,3,54.967,270.9465,90.0,1.491
hif,473,0,0,45.069,265.805,90.0,0.47
hif,473,0,1,44.0285,266.04,0.0,2.081
hif,473,0,2,42.988,263.9215,90.0,4.237
hif,473,0,3,43.263,261.803,0.0,0.55
hif,473,0,4,43.538,262.8625,90.0,2.119
hif,473,0,5,44.2775,263.922,0.0,1.479
hif,473,0,6,45.017,264.1575,90.0,0.471
hif,473,0,7,44.2775,264.393,0.0,1.479
hif,473,0,8,43.538,264.9815,90.0,1.177
hif,474,0,0,47.3825,263.6865,12.3955,0.2283
hif,474,0,1,47.0435,264.875,111.1578,2.4963
hif,474,0,2,46.2605,266.039,0.0,0.665
hif,474,0,3,45.928,263.9205,90.0,4.237
hif,474,0,4,46.203,261.802,0.0,0.55
hif,474,0,5,46.478,262.7045,90.0,1.805
hif,474,0,6,46.5905,263.607,0.0,0.225
hif,474,0,7,47.34,262.7045,125.2153,2.2093
hif,474,0,8,48.2905,261.802,0.0,0.627
hif,474,0,9,47.938,262.7315,125.6225,2.2869
hif,474,1,0,46.5495,265.57,0.0,0.145
hif,474,1,1,46.637,264.825,91.1534,1.4903
hif,474,1,2,46.565,264.08,0.0,0.174
hif,474,1,3,46.478,264.8255,90.0,1.491
hif,475,0,0,50.411,261.803,0.0,2.308
hif,475,0,1,51.565,262.038,90.0,0.47
hif,475,0,2,50.6865,262.273,0.0,1.757
hif,475,0,3,49.808,263.097,90.0,1.648
hif,475,0,4,50.661,263.921,0.0,1.706
hif,475,0,5,51.514,264.156,90.0,0.47
hif,475,0,6,50.661,264.391,0.0,1.706
hif,475,0,7,49.808,264.98,90.0,1.178
hif,475,0,8,50.6865,265.569,0.0,1.757
hif,475,0,9,51.565,265.804,90.0,0.47
hif,475,0,10,50.411,266.039,0.0,2.308
hif,476,0,0,52.7368,266.0412,0.0,0.5496
hif,476,0,1,53.0116,263.9226,90.0,4.2372
hif,476,0,2,52.7368,261.804,0.0,0.5496
hif,476,0,3,52.462,263.9226,90.0,4.2372
hif,477,0,0,56.253,263.686,90.0,0.472
hif,477,0,1,56.791,263.45,0.0,1.076
hif,477,0,2,57.3095,263.324,81.2028,0.255
hif,477,0,3,57.2435,263.0805,68.4107,0.2527
hif,477,0,4,55.772,263.4365,161.619,3.0032
hif,477,0,5,54.3515,264.003,87.2302,0.1862
hif,477,0,6,54.3685,264.186,82.0932,0.1817
hif,477,0,7,55.721,264.786,20.8365,2.8675
hif,477,0,8,57.13,265.225,134.182,0.198
hif,477,0,9,57.2595,265.0755,127.6251,0.1982
hif,477,0,10,57.4945,265.1845,47.0568,0.5123
hif,477,0,11,57.59,265.4665,129.8958,0.2463
hif,477,0,12,57.4215,265.644,137.1606,0.2441
hif,477,0,13,55.614,264.4945,35.6558,4.2287
hif,477,0,14,53.9325,263.163,110.238,0.211
hif,477,0,15,54.015,262.97,116.0765,0.2093
hif,477,0,16,55.967,263.209,9.91,3.8697
hif,477,0,17,57.877,263.648,87.8391,0.2122
hif,477,0,18,57.881,263.836,90.0,0.164
hif,478,0,0,59.252,265.1775,90.0,1.727
hif,478,0,1,58.977,266.041,0.0,0.55
hif,478,0,2,58.702,263.9225,90.0,4.237
hif,478,0,3,58.977,261.804,0.0,0.55
hif,478,0,4,59.252,262.824,90.0,2.04
hif,478,0,5,60.233,263.844,0.0,1.962
hif,478,0,6,61.214,262.824,90.0,2.04
hif,478,0,7,61.489,261.804,0.0,0.55
hif,478,0,8,61.764,263.9225,90.0,4.237
hif,478,0,9,61.489,266.041,0.0,0.55
hif,478,0,10,61.214,265.1775,90.0,1.727
hif,479,0,0,64.461,265.57,0.0,1.012
hif,479,0,1,64.967,265.805,90.0,0.47
hif,479,0,2,63.6805,266.04,0.0,2.573
hif,479,0,3,62.394,265.805,90.0,0.47
hif,479,0,4,62.8995,265.57,0.0,1.011
hif,479,0,5,63.405,263.6865,90.0,3.767
hif,479,0,6,63.6795,261.803,0.0,0.549
hif,480,0,0,47.4005,257.4295,12.3955,0.2283
hif,480,0,1,47.0615,258.618,111.1578,2.4963
hif,480,0,2,46.2785,259.782,0.0,0.665
hif,480,0,3,45.946,257.6635,90.0,4.237
hif,480,0,4,46.221,255.545,0.0,0.55
hif,480,0,5,46.496,256.4475,90.0,1.805
hif,480,0,6,46.6085,257.35,0.0,0.225
hif,480,0,7,47.358,256.4475,125.2153,2.2093
hif,480,0,8,48.3085,255.545,0.0,0.627
hif,480,0,9,47.956,256.4745,125.6225,2.2869
hif,480,1,0,46.5675,259.313,0.0,0.145
hif,480,1,1,46.655,258.568,91.1534,1.4903
hif,480,1,2,46.583,257.823,0.0,0.174
hif,480,1,3,46.496,258.5685,90.0,1.491
hif,481,0,0,52.0675,256.095,113.919,1.2011
hif,481,0,1,52.5975,255.546,0.0,0.573
hif,481,0,2,51.864,257.7745,114.5939,4.9017
hif,481,0,3,49.824,257.7745,65.4061,4.9017
hif,481,0,4,49.09,255.546,0.0,0.572
hif,481,0,5,49.6195,256.095,66.0808,1.2011
hif,481,0,6,50.8435,256.644,0.0,1.961
hif,481,1,0,50.8435,257.114,0.0,1.519
hif,481,1,1,50.464,257.976,66.2104,1.8841
hif,481,1,2,51.2235,257.976,113.7617,1.8837
hif,482,0,0,56.1605,256.939,66.5362,3.2072
hif,482,0,1,56.8045,258.41,0.0,0.011
hif,482,0,2,57.059,256.978,99.8642,2.907
hif,482,0,3,57.582,255.546,0.0,0.548
hif,482,0,4,57.4205,257.786,101.0021,4.5639
hif,482,0,5,56.2535,258.3475,66.4523,3.662
hif,482,0,6,54.79,258.3475,113.562,3.6624
hif,482,0,7,53.623,257.786,79.0102,4.5637
hif,482,0,8,53.462,255.546,0.0,0.548
hif,482,0,9,53.9845,256.972,80.1147,2.895
hif,482,0,10,54.239,258.398,0.0,0.012
hif,483,0,0,59.2835,257.351,0.0,0.313
hif,483,0,1,59.323,258.5685,95.4892,2.4462
hif,483,0,2,58.8905,259.786,0.0,0.631
hif,483,0,3,58.575,257.6675,90.0,4.237
hif,483,0,4,58.85,255.549,0.0,0.55
hif,483,0,5,59.125,256.451,90.0,1.804
hif,483,1,0,59.1995,259.313,0.0,0.145
hif,483,1,1,59.2875,258.568,91.1918,1.4903
hif,483,1,2,59.216,257.823,0.0,0.174
hif,483,1,3,59.129,258.5685,90.0,1.491
hif,484,0,0,30.3395,159.5995,12.3955,0.2283
hif,484,0,1,30.0005,160.788,111.1578,2.4963
hif,484,0,2,29.2175,161.952,0.0,0.665
hif,484,0,3,28.885,159.8335,90.0,4.237
hif,484,0,4,29.16,157.715,0.0,0.55
hif,484,0,5,29.435,158.6175,90.0,1.805
hif,484,0,6,29.5475,159.52,0.0,0.225
hif,484,0,7,30.297,158.6175,125.2152,2.2093
hif,484,0,8,31.2475,157.715,0.0,0.627
hif,484,0,9,30.895,158.6445,125.6225,2.2869
hif,484,1,0,29.5065,161.483,0.0,0.145
hif,484,1,1,29.594,160.737,91.1519,1.4923
hif,484,1,2,29.522,159.991,0.0,0.174
hif,484,1,3,29.435,160.737,90.0,1.492
hif,485,0,0,32.0335,161.953,0.0,0.577
hif,485,0,1,32.6315,159.755,111.9653,4.7401
hif,485,0,2,34.122,159.1195,68.8655,3.3504
hif,485,0,3,35.33,159.1195,111.1345,3.3504
hif,485,0,4,36.8215,159.755,68.0123,4.7408
hif,485,0,5,37.4195,161.953,0.0,0.579
hif,485,0,6,36.532,160.4445,68.3756,3.2454
hif,485,0,7,35.3305,160.523,110.8206,3.3958
hif,485,0,8,34.125,160.5565,68.8182,3.3321
hif,486,0,0,39.22,158.655,90.0,1.88
hif,486,0,1,39.495,157.715,0.0,0.55
hif,486,0,2,39.77,158.655,90.0,1.88
hif,486,0,3,40.465,160.774,59.4814,2.7372
hif,486,0,4,40.855,161.953,0.0,0.61
hif,486,0,5,40.0225,161.066,59.2598,2.064
hif,486,0,6,38.9675,161.066,120.7402,2.064
hif,486,0,7,38.135,161.953,0.0,0.61
hif,487,0,0,44.691,159.5995,90.0,3.767
hif,487,0,1,44.926,157.716,0.0,0.47
hif,487,0,2,45.161,159.8345,90.0,4.237
hif,487,0,3,44.703,161.953,0.0,0.916
hif,487,0,4,44.098,161.718,57.9726,0.5544
hif,488,0,0,49.395,160.492,90.0,3.356
hif,488,0,1,48.1085,160.256,56.0927,4.6123
hif,488,0,2,47.8735,158.342,0.0,2.103
hif,488,0,3,48.925,158.0285,90.0,0.627
hif,488,0,4,49.16,157.715,0.0,0.47
hif,488,0,5,49.395,158.0285,90.0,0.627
hif,488,0,6,49.638,158.342,0.0,0.486
hif,488,0,7,49.881,158.5775,90.0,0.471
hif,488,0,8,49.638,158.813,0.0,0.486
hif,488,1,0,48.32,158.814,0.0,1.21
hif,488,1,1,48.314,159.6925,55.7119,2.1266
hif,488,1,2,48.919,160.571,0.0,0.012
hif,488,1,3,48.925,159.6925,90.0,1.757
hif,489,0,0,51.2746,159.7564,0.0,1.2552
hif,489,0,1,51.9022,159.5602,90.0,0.3924
hif,489,0,2,51.2746,159.364,0.0,1.2552
hif,489,0,3,50.647,159.5602,90.0,0.3924
hif,490,0,0,54.098,159.7555,179.6963,0.19
hif,490,0,1,53.745,159.1935,51.4146,1.4366
hif,490,0,2,53.2805,158.7055,102.6512,0.1507
hif,490,0,3,53.007,158.779,0.0,0.514
hif,490,0,4,52.7695,158.655,98.9359,0.2511
hif,490,0,5,53.868,159.2115,32.2385,2.5513
hif,490,0,6,54.878,159.9355,147.7697,0.1631
hif,490,0,7,54.9155,160.0715,40.9752,0.2821
hif,490,0,8,53.9655,160.721,152.201,2.3887
hif,490,0,9,52.882,161.154,77.7175,0.2538
hif,490,0,10,53.1175,161.03,0.0,0.525
hif,490,0,11,53.395,161.0955,77.1013,0.1344
hif,490,0,12,53.784,160.6975,128.9,1.1911
hif,490,0,13,54.0745,160.2295,3.0857,0.1672
hif,491,0,0,57.9915,159.06,51.6006,2.233
hif,491,0,1,57.5285,160.5275,152.873,2.5989
hif,491,0,2,56.3465,160.982,79.5304,0.2807
hif,491,0,3,56.5865,160.844,0.0,0.531
hif,491,0,4,56.8645,160.924,81.1203,0.1619
hif,491,0,5,57.502,160.5155,141.9891,1.5865
hif,491,0,6,57.1945,158.871,51.1084,2.9705
hif,491,0,7,57.6195,157.715,0.0,2.715
hif,491,0,8,58.977,157.95,90.0,0.47
hif,492,0,0,40.1555,151.998,0.0,0.313
hif,492,0,1,40.195,153.2155,95.4892,2.4462
hif,492,0,2,39.7625,154.433,0.0,0.631
hif,492,0,3,39.447,152.3145,90.0,4.237
hif,492,0,4,39.722,150.196,0.0,0.55
hif,492,0,5,39.997,151.098,90.0,1.804
hif,492,1,0,40.0715,153.96,0.0,0.145
hif,492,1,1,40.1595,153.215,91.1918,1.4903
hif,492,1,2,40.088,152.47,0.0,0.174
hif,492,1,3,40.001,153.2155,90.0,1.491
hif,493,0,0,45.505,154.3705,153.617,0.2813
hif,493,0,1,45.374,152.3575,89.8619,4.151
hif,493,0,2,45.4995,150.344,25.4108,0.289
hif,493,0,3,45.63,150.72,90.0,0.628
hif,493,0,4,45.504,150.938,37.3065,0.3168
hif,493,0,5,45.3805,152.359,89.9056,3.034
hif,493,0,6,45.507,153.785,143.7252,0.3076
hif,494,0,0,46.779,150.193,0.0,0.55
hif,494,0,1,47.054,151.7895,90.0,3.193
hif,494,0,2,48.6235,151.702,132.9846,4.604
hif,494,0,3,50.193,152.224,90.0,4.412
hif,494,0,4,49.918,154.43,0.0,0.55
hif,494,0,5,49.643,152.884,90.0,3.092
hif,494,0,6,48.0735,152.986,133.6022,4.5516
hif,495,0,0,55.628,154.195,90.0,0.47
hif,495,0,1,54.791,154.43,0.0,1.674
hif,495,0,2,53.6265,153.34,73.2766,2.2763
hif,495,0,3,53.35,152.25,0.0,0.102
hif,495,0,4,53.4815,152.329,44.4594,0.2256
hif,495,0,5,54.39,152.015,154.6089,1.8331
hif,495,0,6,55.2075,151.5185,84.2072,0.2081
hif,495,0,7,55.1675,151.3185,73.0005,0.2018
hif,495,0,8,54.266,151.0915,8.511,1.7634
hif,495,0,9,53.3505,151.021,125.9426,0.1482
hif,495,0,10,53.276,151.146,115.4968,0.144
hif,495,0,11,53.047,151.026,43.0556,0.542
hif,495,0,12,52.9015,150.759,122.6288,0.1947
hif,495,0,13,53.6555,151.8845,59.8452,2.7929
hif,495,0,14,54.2075,153.084,3.0614,0.2994
hif,495,0,15,54.191,153.516,73.1815,0.9193
hif,496,0,0,59.155,154.195,90.0,0.47
hif,496,0,1,58.318,154.43,0.0,1.674
hif,496,0,2,57.1535,153.34,73.2766,2.2763
hif,496,0,3,56.877,152.25,0.0,0.102
hif,496,0,4,57.0085,152.329,44.4594,0.2256
hif,496,0,5,57.917,152.015,154.6089,1.8331
hif,496,0,6,58.7345,151.5185,84.2072,0.2081
hif,496,0,7,58.6945,151.3185,73.0005,0.2018
hif,496,0,8,57.793,151.0915,8.511,1.7634
hif,496,0,9,56.8775,151.021,125.9426,0.1482
hif,496,0,10,56.803,151.146,115.4968,0.144
hif,496,0,11,56.574,151.026,43.0556,0.542
hif,496,0,12,56.4285,150.759,122.6288,0.1947
hif,496,0,13,57.1825,151.8845,59.8452,2.7929
hif,496,0,14,57.7345,153.084,3.0614,0.2994
hif,496,0,15,57.718,153.516,73.1815,0.9193
hif,497,0,0,63.4985,152.0765,12.3955,0.2283
hif,497,0,1,63.1595,153.265,111.1578,2.4963
hif,497,0,2,62.3765,154.429,0.0,0.665
hif,497,0,3,62.044,152.3105,90.0,4.237
hif,497,0,4,62.319,150.192,0.0,0.55
hif,497,0,5,62.594,151.0945,90.0,1.805
hif,497,0,6,62.7065,151.997,0.0,0.225
hif,497,0,7,63.456,151.0945,125.2153,2.2093
hif,497,0,8,64.4065,150.192,0.0,0.627
hif,497,0,9,64.054,151.1215,125.6225,2.2869
hif,497,1,0,62.6655,153.96,0.0,0.145
hif,497,1,1,62.753,153.214,91.1519,1.4923
hif,497,1,2,62.681,152.468,0.0,0.174
hif,497,1,3,62.594,153.214,90.0,1.492
hif,498,0,0,66.3085,152.3585,66.5662,5.8865
hif,498,0,1,65.3375,149.568,155.7195,0.4377
hif,498,0,2,66.711,152.1955,66.6349,5.9205
hif,499,0,0,69.242,150.193,0.0,0.988
hif,499,0,1,70.119,151.298,70.8833,2.339
hif,499,0,2,70.4135,152.428,164.2198,0.1839
hif,499,0,3,70.325,152.458,90.0,0.01
hif,499,0,4,70.4245,152.531,34.353,0.241
hif,499,0,5,69.9035,153.5145,124.1283,2.2119
hif,499,0,6,69.0145,154.43,0.0,0.537
hif,499,0,7,68.746,152.3115,90.0,4.237
hif,499,1,0,69.369,153.96,0.0,0.142
hif,499,1,1,69.435,153.2535,89.5944,1.413
hif,499,1,2,69.3645,152.547,0.0,0.131
hif,499,1,3,69.299,153.2535,90.0,1.413
hif,499,2,0,69.457,152.154,0.0,0.318
hif,499,2,1,69.6495,151.408,92.5713,1.4935
hif,499,2,2,69.491,150.662,0.0,0.384
hif,499,2,3,69.299,151.408,90.0,1.492
hif,500,0,0,72.9675,152.3585,66.5662,5.8865
hif,500,0,1,71.9965,149.568,155.7195,0.4377
hif,500,0,2,73.37,152.1955,66.6349,5.9205
hif,501,0,0,75.2255,154.43,0.0,0.577
hif,501,0,1,75.8235,152.232,111.9653,4.7401
hif,501,0,2,77.314,151.5965,68.8655,3.3504
hif,501,0,3,78.522,151.5965,111.1345,3.3504
hif,501,0,4,80.0135,152.232,68.0123,4.7408
hif,501,0,5,80.6115,154.43,0.0,0.579
hif,501,0,6,79.724,152.9215,68.3756,3.2454
hif,501,0,7,78.5225,153.0,110.8206,3.3958
hif,501,0,8,77.317,153.0335,68.8182,3.3322
hif,502,0,0,82.4065,152.3585,66.5662,5.8865
hif,502,0,1,81.4355,149.568,155.7195,0.4377
hif,502,0,2,82.809,152.1955,66.6349,5.9205
hif,503,0,0,86.529,153.96,0.0,1.012
hif,503,0,1,87.035,154.195,90.0,0.47
hif,503,0,2,85.7485,154.43,0.0,2.573
hif,503,0,3,84.462,154.195,90.0,0.47
hif,503,0,4,84.9675,153.96,0.0,1.011
hif,503,0,5,85.473,152.0765,90.0,3.767
hif,503,0,6,85.7475,150.193,0.0,0.549
hif,504,0,0,226.247,146.477,0.0,2.308
hif,504,0,1,227.401,146.712,90.0,0.47
hif,504,0,2,226.5225,146.947,0.0,1.757
hif,504,0,3,225.644,147.771,90.0,1.648
hif,504,0,4,226.497,148.595,0.0,1.706
hif,504,0,5,227.35,148.83,90.0,0.47
hif,504,0,6,226.497,149.065,0.0,1.706
hif,504,0,7,225.644,149.654,90.0,1.178
hif,504,0,8,226.5225,150.243,0.0,1.757
hif,504,0,9,227.401,150.478,90.0,0.47
hif,504,0,10,226.247,150.713,0.0,2.308
hif,505,0,0,228.573,150.715,0.0,0.55
hif,505,0,1,228.298,148.5965,90.0,4.237
hif,505,0,2,229.22,146.478,0.0,1.844
hif,505,0,3,230.142,146.713,90.0,0.47
hif,505,0,4,229.495,146.948,0.0,1.294
hif,506,0,0,231.888,146.477,0.0,2.308
hif,506,0,1,233.042,146.712,90.0,0.47
hif,506,0,2,232.1635,146.947,0.0,1.757
hif,506,0,3,231.285,147.771,90.0,1.648
hif,506,0,4,232.138,148.595,0.0,1.706
hif,506,0,5,232.991,148.83,90.0,0.47
hif,506,0,6,232.138,149.065,0.0,1.706
hif,506,0,7,231.285,149.654,90.0,1.178
hif,506,0,8,232.1635,150.243,0.0,1.757
hif,506,0,9,233.042,150.478,90.0,0.47
hif,506,0,10,231.888,150.713,0.0,2.308
hif,507,0,0,233.759,150.715,0.0,0.58
hif,507,0,1,234.3925,148.489,112.5321,4.8199
hif,507,0,2,236.2365,148.489,67.5338,4.8176
hif,507,0,3,236.867,150.715,0.0,0.58
hif,507,0,4,235.9465,149.1555,67.9866,3.3643
hif,508,0,0,225.948,143.021,90.0,3.356
hif,508,0,1,224.6615,142.785,56.0927,4.6123
hif,508,0,2,224.4265,140.871,0.0,2.103
hif,508,0,3,225.478,140.5575,90.0,0.627
hif,508,0,4,225.713,140.244,0.0,0.47
hif,508,0,5,225.948,140.5575,90.0,0.627
hif,508,0,6,226.191,140.871,0.0,0.486
hif,508,0,7,226.434,141.1065,90.0,0.471
hif,508,0,8,226.191,141.342,0.0,0.486
hif,508,1,0,224.873,141.343,0.0,1.21
hif,508,1,1,224.867,142.2215,55.712,2.1265
hif,508,1,2,225.472,143.1,0.0,0.012
hif,508,1,3,225.478,142.2215,90.0,1.757
hif,509,0,0,228.219,142.234,58.2794,4.1805
hif,509,0,1,227.3255,140.311,144.7923,0.503
hif,509,0,2,228.856,142.3235,58.4443,5.0638
hif,509,0,3,228.6505,144.481,0.0,3.061
hif,509,0,4,227.12,144.246,90.0,0.47
hif,510,0,0,231.747,142.234,58.2794,4.1805
hif,510,0,1,230.8535,140.311,144.7923,0.503
hif,510,0,2,232.384,142.3235,58.4443,5.0638
hif,510,0,3,232.1785,144.481,0.0,3.061
hif,510,0,4,230.648,144.246,90.0,0.47
hif,511,0,0,236.864,144.247,90.0,0.47
hif,511,0,1,236.027,144.482,0.0,1.674
hif,511,0,2,234.8625,143.392,73.2766,2.2763
hif,511,0,3,234.586,142.302,0.0,0.102
hif,511,0,4,234.7175,142.381,44.4574,0.2256
hif,511,0,5,235.625,142.067,154.582,1.8313
hif,511,0,6,236.442,141.5705,84.4802,0.208
hif,511,0,7,236.4025,141.3705,73.0037,0.2018
hif,511,0,8,235.5015,141.1435,8.5159,1.7624
hif,511,0,9,234.5865,141.073,125.945,0.1482
hif,511,0,10,234.512,141.198,115.4954,0.144
hif,511,0,11,234.283,141.078,43.0548,0.542
hif,511,0,12,234.1375,140.811,122.6316,0.1947
hif,511,0,13,234.8915,141.9365,59.8452,2.7929
hif,511,0,14,235.4435,143.136,3.0613,0.2994
hif,511,0,15,235.427,143.568,73.1811,0.9193
hif,512,0,0,283.78,112.874,0.0,2.308
hif,512,0,1,284.934,113.109,90.0,0.47
hif,512,0,2,284.0555,113.344,0.0,1.757
hif,512,0,3,283.177,114.168,90.0,1.648
hif,512,0,4,284.03,114.992,0.0,1.706
hif,512,0,5,284.883,115.227,90.0,0.47
hif,512,0,6,284.03,115.462,0.0,1.706
hif,512,0,7,283.177,116.051,90.0,1.178
hif,512,0,8,284.0555,116.64,0.0,1.757
hif,512,0,9,284.934,116.875,90.0,0.47
hif,512,0,10,283.78,117.11,0.0,2.308
hif,513,0,0,286.106,117.112,0.0,0.55
hif,513,0,1,285.831,114.9935,90.0,4.237
hif,513,0,2,286.753,112.875,0.0,1.844
hif,513,0,3,287.675,113.11,90.0,0.47
hif,513,0,4,287.028,113.345,0.0,1.294
hif,514,0,0,289.421,112.874,0.0,2.308
hif,514,0,1,290.575,113.109,90.0,0.47
hif,514,0,2,289.6965,113.344,0.0,1.757
hif,514,0,3,288.818,114.168,90.0,1.648
hif,514,0,4,289.671,114.992,0.0,1.706
hif,514,0,5,290.524,115.227,90.0,0.47
hif,514,0,6,289.671,115.462,0.0,1.706
hif,514,0,7,288.818,116.051,90.0,1.178
hif,514,0,8,289.6965,116.64,0.0,1.757
hif,514,0,9,290.575,116.875,90.0,0.47
hif,514,0,10,289.421,117.11,0.0,2.308
hif,515,0,0,291.292,117.112,0.0,0.58
hif,515,0,1,291.9255,114.886,112.5319,4.8199
hif,515,0,2,293.7695,114.886,67.5338,4.8176
hif,515,0,3,294.4,117.112,0.0,0.58
hif,515,0,4,293.4795,115.5525,67.9864,3.3643
hif,516,0,0,284.15,109.251,90.0,3.356
hif,516,0,1,282.8635,109.015,56.0927,4.6123
hif,516,0,2,282.6285,107.101,0.0,2.103
hif,516,0,3,283.68,106.7875,90.0,0.627
hif,516,0,4,283.915,106.474,0.0,0.47
hif,516,0,5,284.15,106.7875,90.0,0.627
hif,516,0,6,284.393,107.101,0.0,0.486
hif,516,0,7,284.636,107.3365,90.0,0.471
hif,516,0,8,284.393,107.572,0.0,0.486
hif,516,1,0,283.075,107.573,0.0,1.21
hif,516,1,1,283.069,108.4515,55.712,2.1265
hif,516,1,2,283.674,109.33,0.0,0.012
hif,516,1,3,283.68,108.4515,90.0,1.757
hif,517,0,0,286.423,108.464,58.2794,4.1805
hif,517,0,1,285.5295,106.541,144.7933,0.503
hif,517,0,2,287.06,108.5535,58.4445,5.0638
hif,517,0,3,286.8545,110.711,0.0,3.061
hif,517,0,4,285.324,110.476,90.0,0.47
hif,518,0,0,288.941,107.513,95.3817,0.2772
hif,518,0,1,289.993,107.9845,30.3967,2.4092
hif,518,0,2,290.958,108.6295,154.3686,0.1642
hif,518,0,3,291.003,108.755,37.0984,0.2984
hif,518,0,4,290.2195,108.845,0.0,1.805
hif,518,0,5,289.4295,108.755,141.3421,0.2881
hif,518,0,6,289.4715,108.6295,26.7285,0.1579
hif,518,0,7,289.17,108.2055,59.2645,0.904
hif,518,0,8,288.934,107.734,86.5594,0.1663
hif,518,1,0,290.2955,110.391,173.7061,0.1459
hif,518,1,1,290.437,110.3615,162.6936,0.1445
hif,518,1,2,290.433,109.6325,84.1092,1.4225
hif,518,1,3,290.2915,108.916,7.4751,0.1382
hif,518,1,4,290.154,108.916,172.5789,0.1392
hif,518,1,5,290.011,109.6325,95.9714,1.4227
hif,518,1,6,290.006,110.3615,17.3064,0.1445
hif,518,1,7,290.1485,110.391,6.2083,0.1479
hif,518,2,0,290.302,108.428,174.2204,0.1588
hif,518,2,1,290.4565,108.398,163.7522,0.1573
hif,518,2,2,290.455,107.6295,84.1112,1.5009
hif,518,2,3,290.3005,106.875,5.8904,0.1558
hif,518,2,4,290.145,106.875,174.1474,0.1568
hif,518,2,5,289.9905,107.6295,95.8517,1.5008
hif,518,2,6,289.99,108.398,16.1457,0.1582
hif,518,2,7,290.145,108.428,5.7796,0.1588
hif,519,0,0,293.554,108.3585,90.0,3.767
hif,519,0,1,293.789,106.475,0.0,0.47
hif,519,0,2,294.024,108.5935,90.0,4.237
hif,519,0,3,293.566,110.712,0.0,0.916
hif,519,0,4,292.961,110.477,57.9749,0.5544
hif,520,0,0,95.9585,293.139,39.8468,2.3067
hif,520,0,1,96.6935,294.059,129.7435,0.4708
hif,520,0,2,95.8685,293.6765,39.8761,1.7578
hif,520,0,3,94.666,293.7455,129.8549,1.6478
hif,520,0,4,94.7925,294.9245,39.862,1.7053
hif,520,0,5,95.2965,295.6515,129.822,0.47
hif,520,0,6,94.4915,295.2855,39.862,1.7053
hif,520,0,7,93.4595,295.1905,129.8985,1.1771
hif,520,0,8,93.7565,296.2055,39.8761,1.7578
hif,520,0,9,94.2805,296.9495,129.8196,0.47
hif,520,0,10,93.2445,296.391,39.8469,2.3067
hif,521,0,0,192.872,274.295,0.0,0.988
hif,521,0,1,193.749,275.4,70.8835,2.339
hif,521,0,2,194.0435,276.53,164.2204,0.1839
hif,521,0,3,193.955,276.56,90.0,0.01
hif,521,0,4,194.0545,276.633,34.352,0.241
hif,521,0,5,193.533,277.6165,124.1499,2.2125
hif,521,0,6,192.643,278.532,0.0,0.538
hif,521,0,7,192.374,276.4135,90.0,4.237
hif,521,1,0,192.999,278.062,0.0,0.142
hif,521,1,1,193.065,277.3555,89.5947,1.413
hif,521,1,2,192.9945,276.649,0.0,0.131
hif,521,1,3,192.929,277.3555,90.0,1.413
hif,521,2,0,193.087,276.256,0.0,0.318
hif,521,2,1,193.2795,275.5105,92.573,1.4925
hif,521,2,2,193.121,274.765,0.0,0.384
hif,521,2,3,192.929,275.511,90.0,1.492
hif,522,0,0,198.4555,274.844,113.919,1.2011
hif,522,0,1,198.9855,274.295,0.0,0.573
hif,522,0,2,198.252,276.5235,114.5938,4.9017
hif,522,0,3,196.212,276.5235,65.406,4.9017
hif,522,0,4,195.478,274.295,0.0,0.572
hif,522,0,5,196.0075,274.844,66.081,1.2011
hif,522,0,6,197.2315,275.393,0.0,1.961
hif,522,1,0,197.2315,275.863,0.0,1.519
hif,522,1,1,196.852,276.725,66.2101,1.8841
hif,522,1,2,197.6115,276.725,113.7618,1.8837
hif,523,0,0,202.2185,278.1395,124.1489,0.1728
hif,523,0,1,202.1145,278.2735,131.6031,0.1672
hif,523,0,2,201.2725,277.5055,46.5586,2.2876
hif,523,0,3,200.5725,276.628,151.4845,0.1969
hif,523,0,4,200.749,276.539,154.9802,0.1986
hif,523,0,5,200.577,275.842,68.1985,1.4109
hif,523,0,6,200.291,275.266,106.898,0.1652
hif,523,0,7,200.2595,275.432,94.9275,0.1746
hif,523,0,8,199.9775,275.461,11.9305,0.5611
hif,523,0,9,199.7305,275.277,102.3111,0.2579
hif,523,0,10,199.8045,275.037,112.1911,0.2462
hif,523,0,11,201.0385,275.5685,28.5273,2.7032
hif,523,0,12,202.1615,276.2975,127.6853,0.211
hif,523,0,13,202.018,276.453,137.6526,0.2138
hif,523,0,14,201.848,276.588,145.3021,0.2214
hif,523,0,15,201.1275,277.0125,150.1331,1.4518
hif,523,0,16,200.4775,277.4275,110.9668,0.1146
hif,523,0,17,200.45,277.5415,96.6033,0.1218
hif,523,0,18,200.906,277.899,32.6784,1.1001
hif,523,0,19,201.46,278.157,156.7997,0.198
hif,523,0,20,201.6265,278.054,139.7149,0.1979
hif,523,0,21,201.7655,277.9005,125.3575,0.2195
hif,524,0,0,204.344,274.295,0.0,2.306
hif,524,0,1,205.497,274.53,90.0,0.47
hif,524,0,2,204.619,274.765,0.0,1.756
hif,524,0,3,203.741,275.589,90.0,1.648
hif,524,0,4,204.594,276.413,0.0,1.706
hif,524,0,5,205.447,276.648,90.0,0.47
hif,524,0,6,204.594,276.883,0.0,1.706
hif,524,0,7,203.741,277.472,90.0,1.178
hif,524,0,8,204.619,278.061,0.0,1.756
hif,524,0,9,205.497,278.296,90.0,0.47
hif,524,0,10,204.344,278.531,0.0,2.306
hif,525,0,0,195.518,273.035,3.0648,0.2243
hif,525,0,1,195.296,273.012,8.7844,0.2226
hif,525,0,2,195.294,270.787,92.8003,4.4213
hif,525,0,3,195.5155,268.574,177.475,0.2272
hif,525,0,4,195.7415,268.574,2.5472,0.2252
hif,525,0,5,195.963,270.787,87.1738,4.4214
hif,525,0,6,195.962,273.012,171.2156,0.2226
hif,525,0,7,195.74,273.035,176.9352,0.2243
hif,525,1,0,195.5455,269.043,177.2811,0.1692
hif,525,1,1,195.378,269.0605,170.7693,0.1682
hif,525,1,2,195.3715,270.817,87.4869,3.4894
hif,525,1,3,195.539,272.5645,2.8317,0.1822
hif,525,1,4,195.721,272.5645,177.1683,0.1822
hif,525,1,5,195.887,270.817,92.4638,3.4892
hif,525,1,6,195.8795,269.0605,9.2861,0.1672
hif,525,1,7,195.7125,269.043,2.7189,0.1692
hif,526,0,0,199.3535,270.451,0.0,0.313
hif,526,0,1,199.393,271.6685,95.4894,2.4462
hif,526,0,2,198.9605,272.886,0.0,0.631
hif,526,0,3,198.645,270.7675,90.0,4.237
hif,526,0,4,198.92,268.649,0.0,0.55
hif,526,0,5,199.195,269.551,90.0,1.804
hif,526,1,0,199.2695,272.413,0.0,0.145
hif,526,1,1,199.3575,271.668,91.1915,1.4903
hif,526,1,2,199.286,270.923,0.0,0.174
hif,526,1,3,199.199,271.6685,90.0,1.491
hif,527,0,0,204.0275,272.4905,124.1489,0.1728
hif,527,0,1,203.9235,272.6245,131.6031,0.1672
hif,527,0,2,203.0815,271.8565,46.5586,2.2876
hif,527,0,3,202.3815,270.979,151.4845,0.1969
hif,527,0,4,202.558,270.89,154.9802,0.1986
hif,527,0,5,202.386,270.193,68.1985,1.4109
hif,527,0,6,202.1,269.617,106.898,0.1652
hif,527,0,7,202.0685,269.783,94.9275,0.1746
hif,527,0,8,201.7865,269.812,11.9305,0.5611
hif,527,0,9,201.5395,269.628,102.3111,0.2579
hif,527,0,10,201.6135,269.388,112.1911,0.2462
hif,527,0,11,202.8475,269.9195,28.5273,2.7032
hif,527,0,12,203.9705,270.6485,127.6853,0.211
hif,527,0,13,203.827,270.804,137.6526,0.2138
hif,527,0,14,203.657,270.939,145.3021,0.2214
hif,527,0,15,202.9365,271.3635,150.1331,1.4518
hif,527,0,16,202.2865,271.7785,110.9668,0.1146
hif,527,0,17,202.259,271.8925,96.6033,0.1218
hif,527,0,18,202.715,272.25,32.6784,1.1001
hif,527,0,19,203.269,272.508,156.7997,0.198
hif,527,0,20,203.4355,272.405,139.7149,0.1979
hif,527,0,21,203.5745,272.2515,125.3575,0.2195
hif,528,0,0,238.47,318.246,90.0,0.47
hif,528,0,1,237.4295,318.481,0.0,2.081
hif,528,0,2,236.389,316.3625,90.0,4.237
hif,528,0,3,236.664,314.244,0.0,0.55
hif,528,0,4,236.939,315.3035,90.0,2.119
hif,528,0,5,237.6785,316.363,0.0,1.479
hif,528,0,6,238.418,316.5985,90.0,0.471
hif,528,0,7,237.6785,316.834,0.0,1.479
hif,528,0,8,236.939,317.4225,90.0,1.177
hif,529,0,0,239.6038,318.4812,0.0,0.5496
hif,529,0,1,239.8786,316.3626,90.0,4.2372
hif,529,0,2,239.6038,314.244,0.0,0.5496
hif,529,0,3,239.329,316.3626,90.0,4.2372
hif,530,0,0,242.054,314.244,0.0,2.308
hif,530,0,1,243.208,314.479,90.0,0.47
hif,530,0,2,242.3295,314.714,0.0,1.757
hif,530,0,3,241.451,315.538,90.0,1.648
hif,530,0,4,242.304,316.362,0.0,1.706
hif,530,0,5,243.157,316.597,90.0,0.47
hif,530,0,6,242.304,316.832,0.0,1.706
hif,530,0,7,241.451,317.421,90.0,1.178
hif,530,0,8,242.3295,318.01,0.0,1.757
hif,530,0,9,243.208,318.245,90.0,0.47
hif,530,0,10,242.054,318.48,0.0,2.308
hif,531,0,0,244.379,318.481,0.0,0.55
hif,531,0,1,244.104,316.3625,90.0,4.237
hif,531,0,2,245.026,314.244,0.0,1.844
hif,531,0,3,245.948,314.479,90.0,0.47
hif,531,0,4,245.301,314.714,0.0,1.294
hif,532,0,0,246.9825,314.244,0.0,0.881
hif,532,0,1,247.4305,316.364,89.7973,4.24
hif,532,0,2,246.9895,318.484,0.0,0.897
hif,532,0,3,246.541,316.365,90.0,4.238
hif,532,1,0,247.185,318.011,0.0,0.186
hif,532,1,1,247.278,316.362,90.0,3.298
hif,532,1,2,247.185,314.713,0.0,0.186
hif,532,1,3,247.092,316.3615,90.0,3.297
hif,533,0,0,238.016,308.263,0.0,2.306
hif,533,0,1,239.169,308.498,90.0,0.47
hif,533,0,2,238.291,308.733,0.0,1.756
hif,533,0,3,237.413,309.557,90.0,1.648
hif,533,0,4,238.266,310.381,0.0,1.706
hif,533,0,5,239.119,310.616,90.0,0.47
hif,533,0,6,238.266,310.851,0.0,1.706
hif,533,0,7,237.413,311.44,90.0,1.178
hif,533,0,8,238.291,312.029,0.0,1.756
hif,533,0,9,239.169,312.264,90.0,0.47
hif,533,0,10,238.016,312.499,0.0,2.306
hif,534,0,0,240.343,312.5,0.0,0.55
hif,534,0,1,240.068,310.3815,90.0,4.237
hif,534,0,2,240.99,308.263,0.0,1.844
hif,534,0,3,241.912,308.498,90.0,0.47
hif,534,0,4,241.265,308.733,0.0,1.294
hif,535,0,0,243.659,308.263,0.0,2.308
hif,535,0,1,244.813,308.498,90.0,0.47
hif,535,0,2,243.9345,308.733,0.0,1.757
hif,535,0,3,243.056,309.557,90.0,1.648
hif,535,0,4,243.909,310.381,0.0,1.706
hif,535,0,5,244.762,310.616,90.0,0.47
hif,535,0,6,243.909,310.851,0.0,1.706
hif,535,0,7,243.056,311.44,90.0,1.178
hif,535,0,8,243.9345,312.029,0.0,1.757
hif,535,0,9,244.813,312.264,90.0,0.47
hif,535,0,10,243.659,312.499,0.0,2.308
hif,536,0,0,245.53,312.5,0.0,0.58
hif,536,0,1,246.1635,310.274,112.5321,4.8199
hif,536,0,2,248.0075,310.274,67.5338,4.8176
hif,536,0,3,248.638,312.5,0.0,0.58
hif,536,0,4,247.7175,310.9405,67.9866,3.3643
hif,537,0,0,238.813,305.037,90.0,3.356
hif,537,0,1,237.5265,304.801,56.0927,4.6123
hif,537,0,2,237.2915,302.887,0.0,2.103
hif,537,0,3,238.343,302.5735,90.0,0.627
hif,537,0,4,238.578,302.26,0.0,0.47
hif,537,0,5,238.813,302.5735,90.0,0.627
hif,537,0,6,239.056,302.887,0.0,0.486
hif,537,0,7,239.299,303.1225,90.0,0.471
hif,537,0,8,239.056,303.358,0.0,0.486
hif,537,1,0,237.7365,303.359,0.0,1.209
hif,537,1,1,237.7305,304.2375,55.7341,2.126
hif,537,1,2,238.335,305.116,0.0,0.012
hif,537,1,3,238.341,304.2375,90.0,1.757
hif,538,0,0,241.085,304.25,58.2794,4.1805
hif,538,0,1,240.1915,302.327,144.7923,0.503
hif,538,0,2,241.722,304.3395,58.4443,5.0638
hif,538,0,3,241.5165,306.497,0.0,3.061
hif,538,0,4,239.986,306.262,90.0,0.47
hif,539,0,0,243.604,303.3,95.3817,0.2772
hif,539,0,1,244.656,303.7715,30.3967,2.4092
hif,539,0,2,245.621,304.4165,154.3686,0.1642
hif,539,0,3,245.666,304.542,37.0984,0.2984
hif,539,0,4,244.8825,304.632,0.0,1.805
hif,539,0,5,244.0925,304.542,141.3402,0.2881
hif,539,0,6,244.1345,304.4165,26.7335,0.1579
hif,539,0,7,243.833,303.9925,59.2645,0.904
hif,539,0,8,243.597,303.521,86.5542,0.1663
hif,539,1,0,244.9585,306.177,173.6949,0.1459
hif,539,1,1,245.1,306.1475,162.6936,0.1445
hif,539,1,2,245.096,305.419,84.1051,1.4215
hif,539,1,3,244.9545,304.703,7.4742,0.1382
hif,539,1,4,244.817,304.703,172.5789,0.1392
hif,539,1,5,244.674,305.419,95.975,1.4217
hif,539,1,6,244.669,306.1475,17.3064,0.1445
hif,539,1,7,244.8115,306.177,6.2201,0.1479
hif,539,2,0,244.965,304.215,174.2209,0.1588
hif,539,2,1,245.1195,304.185,163.7522,0.1573
hif,539,2,2,245.118,303.4165,84.1107,1.5009
hif,539,2,3,244.9635,302.662,5.8904,0.1558
hif,539,2,4,244.808,302.662,174.1468,0.1568
hif,539,2,5,244.6535,303.4165,95.8517,1.5008
hif,539,2,6,244.653,304.185,16.1457,0.1582
hif,539,2,7,244.808,304.215,5.7791,0.1588
hif,540,0,0,248.7125,303.1635,53.5767,2.4371
hif,540,0,1,249.5185,304.276,57.9964,0.3113
hif,540,0,2,249.044,305.533,116.3405,2.5107
hif,540,0,3,248.3465,306.644,5.6933,0.2824
hif,540,0,4,248.0765,306.5895,17.3652,0.2714
hif,540,0,5,248.1325,305.232,98.0174,2.66
hif,540,0,6,248.4245,303.923,4.2932,0.2136
hif,540,0,7,248.63,303.964,18.4376,0.2087
hif,540,0,8,248.735,303.991,135.0,0.017
hif,540,0,9,248.174,303.2365,52.8556,1.878
hif,540,0,10,247.7985,302.3385,142.0242,0.4859
hif,540,1,0,248.408,304.389,173.8096,0.167
hif,540,1,1,248.2445,304.424,162.0994,0.1692
hif,540,1,2,248.2505,305.309,84.2496,1.7267
hif,540,1,3,248.43,306.1775,5.8367,0.187
hif,540,1,4,248.608,306.177,173.2937,0.1712
hif,540,1,5,248.776,305.3125,95.5479,1.7171
hif,540,1,6,248.7715,304.4305,17.4461,0.1834
hif,540,1,7,248.5865,304.3935,5.5685,0.1959
hif,541,0,0,155.986,230.193,90.0,0.47
hif,541,0,1,154.9455,230.428,0.0,2.081
hif,541,0,2,153.905,228.3095,90.0,4.237
hif,541,0,3,154.18,226.191,0.0,0.55
hif,541,0,4,154.455,227.2505,90.0,2.119
hif,541,0,5,155.1945,228.31,0.0,1.479
hif,541,0,6,155.934,228.5455,90.0,0.471
hif,541,0,7,155.1945,228.781,0.0,1.479
hif,541,0,8,154.455,229.3695,90.0,1.177
hif,542,0,0,157.1208,230.4302,0.0,0.5496
hif,542,0,1,157.3956,228.3116,90.0,4.2372
hif,542,0,2,157.1208,226.193,0.0,0.5496
hif,542,0,3,156.846,228.3116,90.0,4.2372
hif,543,0,0,159.8715,228.0745,12.3951,0.2283
hif,543,0,1,159.533,229.263,111.1366,2.4959
hif,543,0,2,158.7505,230.427,0.0,0.665
hif,543,0,3,158.418,228.3085,90.0,4.237
hif,543,0,4,158.693,226.19,0.0,0.55
hif,543,0,5,158.968,227.0925,90.0,1.805
hif,543,0,6,159.081,227.995,0.0,0.226
hif,543,0,7,159.8305,227.0925,125.1939,2.2087
hif,543,0,8,160.7805,226.19,0.0,0.627
hif,543,0,9,160.428,227.1195,125.6225,2.2869
hif,543,1,0,159.0385,229.958,0.0,0.145
hif,543,1,1,159.126,229.212,91.1519,1.4923
hif,543,1,2,159.054,228.466,0.0,0.174
hif,543,1,3,158.967,229.212,90.0,1.492
hif,544,0,0,162.899,226.192,0.0,2.306
hif,544,0,1,164.052,226.427,90.0,0.47
hif,544,0,2,163.174,226.662,0.0,1.756
hif,544,0,3,162.296,227.486,90.0,1.648
hif,544,0,4,163.149,228.31,0.0,1.706
hif,544,0,5,164.002,228.545,90.0,0.47
hif,544,0,6,163.149,228.78,0.0,1.706
hif,544,0,7,162.296,229.369,90.0,1.178
hif,544,0,8,163.174,229.958,0.0,1.756
hif,544,0,9,164.052,230.193,90.0,0.47
hif,544,0,10,162.899,230.428,0.0,2.306
hif,545,0,0,150.2615,224.2695,124.1489,0.1728
hif,545,0,1,150.1575,224.4035,131.6031,0.1672
hif,545,0,2,149.3155,223.6355,46.5586,2.2876
hif,545,0,3,148.6155,222.758,151.4845,0.1969
hif,545,0,4,148.792,222.669,154.9802,0.1986
hif,545,0,5,148.62,221.972,68.1985,1.4109
hif,545,0,6,148.334,221.396,106.898,0.1652
hif,545,0,7,148.3025,221.562,94.9275,0.1746
hif,545,0,8,148.0205,221.591,11.9305,0.5611
hif,545,0,9,147.7735,221.407,102.3111,0.2579
hif,545,0,10,147.8475,221.167,112.1911,0.2462
hif,545,0,11,149.0815,221.6985,28.5273,2.7032
hif,545,0,12,150.2045,222.4275,127.6853,0.211
hif,545,0,13,150.061,222.583,137.6526,0.2138
hif,545,0,14,149.891,222.718,145.3021,0.2214
hif,545,0,15,149.1705,223.1425,150.1331,1.4518
hif,545,0,16,148.5205,223.5575,110.9668,0.1146
hif,545,0,17,148.493,223.6715,96.6033,0.1218
hif,545,0,18,148.949,224.029,32.6784,1.1001
hif,545,0,19,149.503,224.287,156.7997,0.198
hif,545,0,20,149.6695,224.184,139.7149,0.1979
hif,545,0,21,149.8085,224.0305,125.3575,0.2195
hif,546,0,0,152.916,224.191,0.0,1.012
hif,546,0,1,153.422,224.426,90.0,0.47
hif,546,0,2,152.1355,224.661,0.0,2.573
hif,546,0,3,150.849,224.426,90.0,0.47
hif,546,0,4,151.3545,224.191,0.0,1.011
hif,546,0,5,151.86,222.3075,90.0,3.767
hif,546,0,6,152.1345,220.424,0.0,0.549
hif,547,0,0,156.8645,220.975,113.919,1.2011
hif,547,0,1,157.3945,220.426,0.0,0.573
hif,547,0,2,156.661,222.6545,114.5938,4.9017
hif,547,0,3,154.621,222.6545,65.406,4.9017
hif,547,0,4,153.887,220.426,0.0,0.572
hif,547,0,5,154.4165,220.975,66.081,1.2011
hif,547,0,6,155.6405,221.524,0.0,1.961
hif,547,1,0,155.6405,221.994,0.0,1.519
hif,547,1,1,155.261,222.856,66.2101,1.8841
hif,547,1,2,156.0205,222.856,113.7618,1.8837
hif,548,0,0,159.988,224.191,0.0,1.012
hif,548,0,1,160.494,224.426,90.0,0.47
hif,548,0,2,159.2075,224.661,0.0,2.573
hif,548,0,3,157.921,224.426,90.0,0.47
hif,548,0,4,158.4265,224.191,0.0,1.011
hif,548,0,5,158.932,222.3075,90.0,3.767
hif,548,0,6,159.2065,220.424,0.0,0.549
hif,549,0,0,161.4178,224.6632,0.0,0.5496
hif,549,0,1,161.6926,222.5446,90.0,4.2372
hif,549,0,2,161.4178,220.426,0.0,0.5496
hif,549,0,3,161.143,222.5446,90.0,4.2372
hif,550,0,0,164.525,224.813,3.0648,0.2243
hif,550,0,1,164.303,224.79,8.7844,0.2226
hif,550,0,2,164.301,222.565,92.8003,4.4213
hif,550,0,3,164.5225,220.352,177.475,0.2272
hif,550,0,4,164.7485,220.352,2.5472,0.2252
hif,550,0,5,164.97,222.565,87.1738,4.4214
hif,550,0,6,164.969,224.79,171.2156,0.2226
hif,550,0,7,164.747,224.813,176.9352,0.2243
hif,550,1,0,164.5525,220.821,177.2811,0.1692
hif,550,1,1,164.385,220.8385,170.7693,0.1682
hif,550,1,2,164.3785,222.595,87.4869,3.4894
hif,550,1,3,164.546,224.3425,2.8317,0.1822
hif,550,1,4,164.728,224.3425,177.1683,0.1822
hif,550,1,5,164.894,222.595,92.4638,3.4892
hif,550,1,6,164.8865,220.8385,9.2861,0.1672
hif,550,1,7,164.7195,220.821,2.7189,0.1692
hif,551,0,0,167.93,220.424,0.0,0.55
hif,551,0,1,168.205,222.0205,90.0,3.193
hif,551,0,2,169.7745,221.933,132.9845,4.604
hif,551,0,3,171.344,222.455,90.0,4.412
hif,551,0,4,171.069,224.661,0.0,0.55
hif,551,0,5,170.794,223.115,90.0,3.092
hif,551,0,6,169.2245,223.217,133.6023,4.5516
hif,552,0,0,147.813,332.2785,153.617,0.2813
hif,552,0,1,147.682,330.2655,89.862,4.151
hif,552,0,2,147.8075,328.252,25.4121,0.2889
hif,552,0,3,147.938,328.628,90.0,0.628
hif,552,0,4,147.812,328.846,37.3065,0.3168
hif,552,0,5,147.6885,330.267,89.9055,3.034
hif,552,0,6,147.815,331.693,143.7252,0.3076
hif,553,0,0,150.623,332.49,3.0648,0.2243
hif,553,0,1,150.401,332.467,8.7844,0.2226
hif,553,0,2,150.399,330.242,92.8003,4.4213
hif,553,0,3,150.6205,328.029,177.475,0.2272
hif,553,0,4,150.8465,328.029,2.5472,0.2252
hif,553,0,5,151.068,330.242,87.1738,4.4214
hif,553,0,6,151.067,332.467,171.2156,0.2226
hif,553,0,7,150.845,332.49,176.9352,0.2243
hif,553,1,0,150.6505,328.497,177.2914,0.1692
hif,553,1,1,150.483,328.5145,170.759,0.1682
hif,553,1,2,150.4765,330.271,87.4869,3.4893
hif,553,1,3,150.644,332.0185,2.8317,0.1822
hif,553,1,4,150.826,332.0185,177.1683,0.1822
hif,553,1,5,150.992,330.271,92.4638,3.4892
hif,553,1,6,150.9845,328.5145,9.2964,0.1672
hif,553,1,7,150.8175,328.497,2.7086,0.1692
hif,554,0,0,154.028,328.102,0.0,0.55
hif,554,0,1,154.303,329.6985,90.0,3.193
hif,554,0,2,155.8725,329.611,132.9845,4.604
hif,554,0,3,157.442,330.133,90.0,4.412
hif,554,0,4,157.167,332.339,0.0,0.55
hif,554,0,5,156.892,330.793,90.0,3.092
hif,554,0,6,155.3225,330.895,133.6021,4.5516
hif,555,0,0,160.133,331.868,0.0,1.012
hif,555,0,1,160.639,332.103,90.0,0.47
hif,555,0,2,159.3525,332.338,0.0,2.573
hif,555,0,3,158.066,332.103,90.0,0.47
hif,555,0,4,158.5715,331.868,0.0,1.011
hif,555,0,5,159.077,329.9845,90.0,3.767
hif,555,0,6,159.3515,328.101,0.0,0.549
hif,556,0,0,162.7435,329.9845,12.3951,0.2283
hif,556,0,1,162.4045,331.173,111.1578,2.4963
hif,556,0,2,161.6215,332.337,0.0,0.665
hif,556,0,3,161.289,330.2185,90.0,4.237
hif,556,0,4,161.564,328.1,0.0,0.55
hif,556,0,5,161.839,329.0025,90.0,1.805
hif,556,0,6,161.9515,329.905,0.0,0.225
hif,556,0,7,162.701,329.0025,125.2149,2.2093
hif,556,0,8,163.6515,328.1,0.0,0.627
hif,556,0,9,163.299,329.0295,125.6222,2.2869
hif,556,1,0,161.9105,331.868,0.0,0.145
hif,556,1,1,161.998,331.123,91.1534,1.4903
hif,556,1,2,161.926,330.378,0.0,0.174
hif,556,1,3,161.839,331.1235,90.0,1.491
hif,557,0,0,166.428,332.49,3.0648,0.2243
hif,557,0,1,166.206,332.467,8.7844,0.2226
hif,557,0,2,166.204,330.242,92.8003,4.4213
hif,557,0,3,166.4255,328.029,177.475,0.2272
hif,557,0,4,166.6515,328.029,2.5472,0.2252
hif,557,0,5,166.873,330.242,87.1738,4.4214
hif,557,0,6,166.872,332.467,171.2156,0.2226
hif,557,0,7,166.65,332.49,176.9352,0.2243
hif,557,1,0,166.4555,328.497,177.2914,0.1692
hif,557,1,1,166.288,328.5145,170.759,0.1682
hif,557,1,2,166.2815,330.271,87.4869,3.4893
hif,557,1,3,166.449,332.0185,2.8317,0.1822
hif,557,1,4,166.631,332.0185,177.1683,0.1822
hif,557,1,5,166.797,330.271,92.4638,3.4892
hif,557,1,6,166.7895,328.5145,9.2964,0.1672
hif,557,1,7,166.6225,328.497,2.7086,0.1692
hif,558,0,0,169.832,332.339,0.0,0.55
hif,558,0,1,169.557,330.2205,90.0,4.237
hif,558,0,2,170.479,328.102,0.0,1.844
hif,558,0,3,171.401,328.337,90.0,0.47
hif,558,0,4,170.754,328.572,0.0,1.294
hif,559,0,0,149.759,326.136,0.0,1.012
hif,559,0,1,150.265,326.371,90.0,0.47
hif,559,0,2,148.9785,326.606,0.0,2.573
hif,559,0,3,147.692,326.371,90.0,0.47
hif,559,0,4,148.1975,326.136,0.0,1.011
hif,559,0,5,148.703,324.2525,90.0,3.767
hif,559,0,6,148.9775,322.369,0.0,0.549
hif,560,0,0,152.724,326.758,3.0648,0.2243
hif,560,0,1,152.502,326.735,8.7844,0.2226
hif,560,0,2,152.5,324.51,92.8003,4.4213
hif,560,0,3,152.7215,322.297,177.475,0.2272
hif,560,0,4,152.9475,322.297,2.5472,0.2252
hif,560,0,5,153.168,324.51,87.1997,4.4213
hif,560,0,6,153.1665,326.735,171.1765,0.2216
hif,560,0,7,152.9445,326.758,176.9487,0.2253
hif,560,1,0,152.7515,322.766,177.2811,0.1692
hif,560,1,1,152.584,322.7835,170.7693,0.1682
hif,560,1,2,152.5775,324.5405,87.4876,3.4904
hif,560,1,3,152.745,326.289,3.1479,0.1823
hif,560,1,4,152.927,326.289,176.8521,0.1823
hif,560,1,5,153.0925,324.5405,92.4466,3.4902
hif,560,1,6,153.0845,322.7835,9.2861,0.1672
hif,560,1,7,152.917,322.766,2.7031,0.1702
hif,561,0,0,155.6735,326.606,0.0,0.577
hif,561,0,1,156.2715,324.408,111.9652,4.7401
hif,561,0,2,157.762,323.7725,68.8654,3.3504
hif,561,0,3,158.97,323.7725,111.1344,3.3504
hif,561,0,4,160.4615,324.408,68.0124,4.7408
hif,561,0,5,161.0595,326.606,0.0,0.579
hif,561,0,6,160.172,325.0975,68.3756,3.2454
hif,561,0,7,158.9705,325.176,110.8206,3.3958
hif,561,0,8,157.765,325.2095,68.8183,3.3321
hif,562,0,0,163.073,322.369,0.0,2.308
hif,562,0,1,164.227,322.604,90.0,0.47
hif,562,0,2,163.3485,322.839,0.0,1.757
hif,562,0,3,162.47,323.663,90.0,1.648
hif,562,0,4,163.323,324.487,0.0,1.706
hif,562,0,5,164.176,324.722,90.0,0.47
hif,562,0,6,163.323,324.957,0.0,1.706
hif,562,0,7,162.47,325.546,90.0,1.178
hif,562,0,8,163.3485,326.135,0.0,1.757
hif,562,0,9,164.227,326.37,90.0,0.47
hif,562,0,10,163.073,326.605,0.0,2.308
hif,563,0,0,166.5795,324.2525,12.3951,0.2283
hif,563,0,1,166.241,325.441,111.1366,2.4959
hif,563,0,2,165.4585,326.605,0.0,0.665
hif,563,0,3,165.126,324.4865,90.0,4.237
hif,563,0,4,165.401,322.368,0.0,0.55
hif,563,0,5,165.676,323.2705,90.0,1.805
hif,563,0,6,165.789,324.173,0.0,0.226
hif,563,0,7,166.5385,323.2705,125.1939,2.2087
hif,563,0,8,167.4885,322.368,0.0,0.627
hif,563,0,9,167.136,323.2975,125.6225,2.2869
hif,563,1,0,165.7465,326.136,0.0,0.145
hif,563,1,1,165.834,325.391,91.1534,1.4903
hif,563,1,2,165.762,324.646,0.0,0.174
hif,563,1,3,165.675,325.3915,90.0,1.491
hif,564,0,0,153.327,319.436,90.0,3.356
hif,564,0,1,152.0405,319.2,56.0927,4.6123
hif,564,0,2,151.8055,317.286,0.0,2.103
hif,564,0,3,152.857,316.9725,90.0,0.627
hif,564,0,4,153.092,316.659,0.0,0.47
hif,564,0,5,153.327,316.9725,90.0,0.627
hif,564,0,6,153.57,317.286,0.0,0.486
hif,564,0,7,153.813,317.5215,90.0,0.471
hif,564,0,8,153.57,317.757,0.0,0.486
hif,564,1,0,152.2505,317.758,0.0,1.209
hif,564,1,1,152.2445,318.6365,55.7341,2.126
hif,564,1,2,152.849,319.515,0.0,0.012
hif,564,1,3,152.855,318.6365,90.0,1.757
hif,565,0,0,156.1725,317.5625,53.5767,2.4371
hif,565,0,1,156.9785,318.675,57.9964,0.3113
hif,565,0,2,156.504,319.932,116.3405,2.5107
hif,565,0,3,155.8065,321.043,5.6933,0.2824
hif,565,0,4,155.5365,320.9885,17.3652,0.2714
hif,565,0,5,155.5925,319.631,98.0174,2.66
hif,565,0,6,155.8845,318.322,4.2932,0.2136
hif,565,0,7,156.09,318.363,18.4376,0.2087
hif,565,0,8,156.195,318.39,135.0,0.017
hif,565,0,9,155.634,317.6355,52.8556,1.878
hif,565,0,10,155.2585,316.7375,142.0242,0.4859
hif,565,1,0,155.869,318.788,173.8096,0.167
hif,565,1,1,155.7055,318.823,162.101,0.1692
hif,565,1,2,155.7115,319.708,84.2496,1.7267
hif,565,1,3,155.891,320.5765,5.8362,0.187
hif,565,1,4,156.0695,320.576,173.3323,0.1722
hif,565,1,5,156.2375,319.711,95.5117,1.718
hif,565,1,6,156.2325,318.8285,17.4447,0.1834
hif,565,1,7,156.048,318.7915,5.5883,0.1949
hif,566,0,0,159.204,318.5425,90.0,3.767
hif,566,0,1,159.439,316.659,0.0,0.47
hif,566,0,2,159.674,318.7775,90.0,4.237
hif,566,0,3,159.216,320.896,0.0,0.916
hif,566,0,4,158.611,320.661,57.9722,0.5544
hif,567,0,0,161.645,317.699,95.3817,0.2772
hif,567,0,1,162.697,318.1705,30.3967,2.4092
hif,567,0,2,163.662,318.8155,154.3686,0.1642
hif,567,0,3,163.707,318.941,37.0984,0.2984
hif,567,0,4,162.9235,319.031,0.0,1.805
hif,567,0,5,162.1335,318.941,141.3402,0.2881
hif,567,0,6,162.1755,318.8155,26.7335,0.1579
hif,567,0,7,161.874,318.3915,59.2645,0.904
hif,567,0,8,161.638,317.92,86.5542,0.1663
hif,567,1,0,162.9995,320.576,173.6949,0.1459
hif,567,1,1,163.141,320.5465,162.6936,0.1445
hif,567,1,2,163.137,319.818,84.1051,1.4215
hif,567,1,3,162.9955,319.103,6.6573,0.1379
hif,567,1,4,162.858,319.103,173.3902,0.1389
hif,567,1,5,162.715,319.818,95.975,1.4217
hif,567,1,6,162.71,320.5465,17.3064,0.1445
hif,567,1,7,162.8525,320.576,6.2201,0.1479
hif,567,2,0,163.006,318.614,174.2209,0.1588
hif,567,2,1,163.1605,318.584,163.7522,0.1573
hif,567,2,2,163.159,317.8155,84.1107,1.5009
hif,567,2,3,163.0045,317.061,5.8904,0.1558
hif,567,2,4,162.849,317.061,174.1468,0.1568
hif,567,2,5,162.6945,317.8155,95.8517,1.5008
hif,567,2,6,162.694,318.584,16.1457,0.1582
hif,567,2,7,162.849,318.614,5.7791,0.1588
hif,568,0,0,137.907,504.192,0.0,2.308
hif,568,0,1,139.061,504.427,90.0,0.47
hif,568,0,2,138.1825,504.662,0.0,1.757
hif,568,0,3,137.304,505.486,90.0,1.648
hif,568,0,4,138.157,506.31,0.0,1.706
hif,568,0,5,139.01,506.545,90.0,0.47
hif,568,0,6,138.157,506.78,0.0,1.706
hif,568,0,7,137.304,507.369,90.0,1.178
hif,568,0,8,138.1825,507.958,0.0,1.757
hif,568,0,9,139.061,508.193,90.0,0.47
hif,568,0,10,137.907,508.428,0.0,2.308
hif,569,0,0,140.233,508.429,0.0,0.55
hif,569,0,1,139.958,506.3105,90.0,4.237
hif,569,0,2,140.88,504.192,0.0,1.844
hif,569,0,3,141.802,504.427,90.0,0.47
hif,569,0,4,141.155,504.662,0.0,1.294
hif,570,0,0,143.548,504.192,0.0,2.308
hif,570,0,1,144.702,504.427,90.0,0.47
hif,570,0,2,143.8235,504.662,0.0,1.757
hif,570,0,3,142.945,505.486,90.0,1.648
hif,570,0,4,143.798,506.31,0.0,1.706
hif,570,0,5,144.651,506.545,90.0,0.47
hif,570,0,6,143.798,506.78,0.0,1.706
hif,570,0,7,142.945,507.369,90.0,1.178
hif,570,0,8,143.8235,507.958,0.0,1.757
hif,570,0,9,144.702,508.193,90.0,0.47
hif,570,0,10,143.548,508.428,0.0,2.308
hif,571,0,0,145.418,508.429,0.0,0.58
hif,571,0,1,146.0515,506.203,112.5321,4.8199
hif,571,0,2,147.8955,506.203,67.5338,4.8176
hif,571,0,3,148.526,508.429,0.0,0.58
hif,571,0,4,147.6055,506.8695,67.9867,3.3643
hif,572,0,0,138.118,500.801,90.0,3.356
hif,572,0,1,136.8315,500.565,56.0929,4.6124
hif,572,0,2,136.5965,498.651,0.0,2.103
hif,572,0,3,137.648,498.3375,90.0,0.627
hif,572,0,4,137.883,498.024,0.0,0.47
hif,572,0,5,138.118,498.3375,90.0,0.627
hif,572,0,6,138.361,498.651,0.0,0.486
hif,572,0,7,138.604,498.8865,90.0,0.471
hif,572,0,8,138.361,499.122,0.0,0.486
hif,572,1,0,137.0415,499.123,0.0,1.209
hif,572,1,1,137.0355,500.0015,55.7343,2.126
hif,572,1,2,137.64,500.88,0.0,0.012
hif,572,1,3,137.646,500.0015,90.0,1.757
hif,573,0,0,140.39,500.014,58.2794,4.1805
hif,573,0,1,139.4965,498.091,144.793,0.503
hif,573,0,2,141.027,500.1035,58.4443,5.0638
hif,573,0,3,140.8215,502.261,0.0,3.061
hif,573,0,4,139.291,502.026,90.0,0.47
hif,574,0,0,142.91,499.064,95.3817,0.2772
hif,574,0,1,143.962,499.5355,30.3968,2.4092
hif,574,0,2,144.927,500.1805,154.3734,0.1642
hif,574,0,3,144.972,500.306,37.0996,0.2984
hif,574,0,4,144.1885,500.396,0.0,1.805
hif,574,0,5,143.3985,500.306,141.339,0.2881
hif,574,0,6,143.4405,500.1805,26.7285,0.1579
hif,574,0,7,143.139,499.7565,59.2642,0.904
hif,574,0,8,142.903,499.285,86.5545,0.1663
hif,574,1,0,144.2645,501.941,173.7038,0.1459
hif,574,1,1,144.406,501.9115,162.6936,0.1445
hif,574,1,2,144.4025,501.1825,84.149,1.4224
hif,574,1,3,144.2615,500.466,7.4876,0.1382
hif,574,1,4,144.124,500.466,172.5664,0.1392
hif,574,1,5,143.981,501.1825,95.9715,1.4227
hif,574,1,6,143.976,501.9115,17.3064,0.1445
hif,574,1,7,144.1185,501.941,6.2112,0.1479
hif,574,2,0,144.271,499.979,174.2155,0.1588
hif,574,2,1,144.4255,499.949,163.7549,0.1573
hif,574,2,2,144.424,499.1805,84.1106,1.5009
hif,574,2,3,144.2695,498.426,5.8932,0.1558
hif,574,2,4,144.114,498.426,174.1441,0.1568
hif,574,2,5,143.9595,499.1805,95.8517,1.5008
hif,574,2,6,143.959,499.949,16.1431,0.1582
hif,574,2,7,144.114,499.979,5.7845,0.1588
hif,575,0,0,147.739,500.0645,179.6986,0.19
hif,575,0,1,147.386,499.5025,51.4151,1.4366
hif,575,0,2,146.9215,499.0145,102.6541,0.1507
hif,575,0,3,146.648,499.088,0.0,0.514
hif,575,0,4,146.4105,498.964,98.9373,0.251
hif,575,0,5,147.509,499.5195,32.2006,2.5503
hif,575,0,6,148.519,500.243,147.476,0.1637
hif,575,0,7,148.5565,500.3795,40.9757,0.2821
hif,575,0,8,147.6065,501.028,152.2436,2.3877
hif,575,0,9,146.523,501.4605,77.6674,0.2528
hif,575,0,10,146.7585,501.337,0.0,0.525
hif,575,0,11,147.036,501.4025,77.1014,0.1344
hif,575,0,12,147.425,501.004,128.87,1.1919
hif,575,0,13,147.7155,500.536,2.7412,0.1672
hif,576,0,0,104.0375,382.9355,53.7438,2.4467
hif,576,0,1,103.2315,381.8215,57.0935,0.3037
hif,576,0,2,103.7065,380.572,116.4218,2.5057
hif,576,0,3,104.4045,379.4635,5.487,0.2823
hif,576,0,4,104.6745,379.5175,17.3682,0.2714
hif,576,0,5,104.621,380.876,97.9047,2.6613
hif,576,0,6,104.3285,382.18,7.2859,0.2208
hif,576,0,7,104.12,382.1295,20.238,0.211
hif,576,0,8,104.015,382.0985,137.4879,0.0163
hif,576,0,9,104.576,382.897,54.4349,1.9497
hif,576,0,10,104.9515,383.8055,148.906,0.4473
hif,576,1,0,104.1695,379.928,174.1916,0.1779
hif,576,1,1,103.997,379.964,162.1808,0.1765
hif,576,1,2,103.999,380.847,84.263,1.7206
hif,576,1,3,104.171,381.7125,6.3025,0.1731
hif,576,1,4,104.341,381.713,173.8827,0.169
hif,576,1,5,104.5115,380.845,95.7501,1.7267
hif,576,1,6,104.5145,379.96,17.296,0.1749
hif,576,1,7,104.344,379.925,5.9031,0.1749
hif,577,0,0,107.884,379.458,4.6688,0.1967
hif,577,0,1,108.071,379.4875,13.5806,0.1831
hif,577,0,2,108.07,381.7085,92.3431,4.4027
hif,577,0,3,107.882,383.916,175.3357,0.1967
hif,577,0,4,107.6855,383.916,4.6408,0.1976
hif,577,0,5,107.4975,381.7085,87.6698,4.4026
hif,577,0,6,107.498,379.4875,166.5647,0.1851
hif,577,0,7,107.686,379.458,175.3312,0.1967
hif,577,1,0,107.8545,383.4455,174.5792,0.1376
hif,577,1,1,107.9855,383.4195,162.6715,0.1309
hif,577,1,2,107.9855,381.667,87.9345,3.4683
hif,577,1,3,107.8545,379.927,5.8316,0.1377
hif,577,1,4,107.717,379.927,174.2104,0.1387
hif,577,1,5,107.5855,381.667,92.0655,3.4683
hif,577,1,6,107.5855,383.4195,17.3285,0.1309
hif,577,1,7,107.717,383.4455,5.3817,0.1386
hif,578,0,0,111.411,379.458,4.6688,0.1967
hif,578,0,1,111.598,379.4875,13.5806,0.1831
hif,578,0,2,111.597,381.7085,92.3431,4.4027
hif,578,0,3,111.409,383.916,175.3357,0.1967
hif,578,0,4,111.2125,383.916,4.6408,0.1976
hif,578,0,5,111.0245,381.7085,87.6698,4.4026
hif,578,0,6,111.025,379.4875,166.5647,0.1851
hif,578,0,7,111.213,379.458,175.3312,0.1967
hif,578,1,0,111.3815,383.4455,174.5792,0.1376
hif,578,1,1,111.5125,383.4195,162.6715,0.1309
hif,578,1,2,111.5125,381.667,87.9345,3.4683
hif,578,1,3,111.3815,379.927,5.8316,0.1377
hif,578,1,4,111.244,379.927,174.2104,0.1387
hif,578,1,5,111.1125,381.667,92.0655,3.4683
hif,578,1,6,111.1125,383.4195,17.3285,0.1309
hif,578,1,7,111.244,383.4455,5.3817,0.1386
hif,579,0,0,115.633,380.269,51.6521,1.8922
hif,579,0,1,115.352,379.527,0.0,0.612
hif,579,0,2,116.0765,380.0865,53.2037,1.3974
hif,579,0,3,116.9275,380.0865,127.7047,1.4143
hif,579,0,4,117.6545,379.527,0.0,0.589
hif,579,0,5,117.3845,380.269,127.2633,1.8646
hif,579,0,6,117.303,381.6025,50.7659,1.5273
hif,579,0,7,117.48,382.194,0.0,0.612
hif,579,0,8,116.834,381.782,50.4693,1.0684
hif,579,0,9,116.182,381.782,127.1358,1.0336
hif,579,0,10,115.572,382.194,0.0,0.596
hif,580,0,0,106.7935,374.836,51.6006,2.233
hif,580,0,1,106.3305,376.3035,152.873,2.5989
hif,580,0,2,105.1485,376.758,79.5319,0.2807
hif,580,0,3,105.3885,376.62,0.0,0.531
hif,580,0,4,105.6665,376.7,81.119,0.1619
hif,580,0,5,106.304,376.2915,141.9887,1.5865
hif,580,0,6,105.9965,374.647,51.1081,2.9704
hif,580,0,7,106.4215,373.491,0.0,2.715
hif,580,0,8,107.779,373.726,90.0,0.47
hif,581,0,0,110.032,373.42,4.6688,0.1967
hif,581,0,1,110.219,373.4495,13.5806,0.1831
hif,581,0,2,110.218,375.6705,92.3431,4.4027
hif,581,0,3,110.03,377.878,175.3357,0.1967
hif,581,0,4,109.8335,377.878,4.6408,0.1976
hif,581,0,5,109.6455,375.6705,87.6698,4.4026
hif,581,0,6,109.646,373.4495,166.5647,0.1851
hif,581,0,7,109.834,373.42,175.3312,0.1967
hif,581,1,0,110.0025,377.4075,174.5792,0.1376
hif,581,1,1,110.1335,377.3815,162.6715,0.1309
hif,581,1,2,110.1335,375.629,87.9345,3.4683
hif,581,1,3,110.0025,373.889,5.8316,0.1377
hif,581,1,4,109.865,373.889,174.2104,0.1387
hif,581,1,5,109.7335,375.629,92.0655,3.4683
hif,581,1,6,109.7335,377.3815,17.3285,0.1309
hif,581,1,7,109.865,377.4075,5.3817,0.1386
hif,582,0,0,113.559,373.42,4.6688,0.1967
hif,582,0,1,113.746,373.4495,13.5806,0.1831
hif,582,0,2,113.745,375.6705,92.3431,4.4027
hif,582,0,3,113.557,377.878,175.3357,0.1967
hif,582,0,4,113.3605,377.878,4.6408,0.1976
hif,582,0,5,113.1725,375.6705,87.6698,4.4026
hif,582,0,6,113.173,373.4495,166.5647,0.1851
hif,582,0,7,113.361,373.42,175.3312,0.1967
hif,582,1,0,113.5295,377.4075,174.5792,0.1376
hif,582,1,1,113.6605,377.3815,162.6715,0.1309
hif,582,1,2,113.6605,375.629,87.9345,3.4683
hif,582,1,3,113.5295,373.889,5.8316,0.1377
hif,582,1,4,113.392,373.889,174.2104,0.1387
hif,582,1,5,113.2605,375.629,92.0655,3.4683
hif,582,1,6,113.2605,377.3815,17.3285,0.1309
hif,582,1,7,113.392,377.4075,5.3817,0.1386
hif,583,0,0,270.4475,70.973,0.0,3.767
hif,583,0,1,272.331,71.208,90.0,0.47
hif,583,0,2,270.2125,71.443,0.0,4.237
hif,583,0,3,268.094,70.985,90.0,0.916
hif,583,0,4,268.329,70.38,147.9722,0.5544
hif,584,0,0,270.4465,74.5,0.0,3.767
hif,584,0,1,272.33,74.735,90.0,0.47
hif,584,0,2,270.2115,74.97,0.0,4.237
hif,584,0,3,268.093,74.512,90.0,0.916
hif,584,0,4,268.328,73.907,147.9722,0.5544
hif,585,0,0,270.4465,78.026,0.0,3.767
hif,585,0,1,272.33,78.261,90.0,0.47
hif,585,0,2,270.2115,78.496,0.0,4.237
hif,585,0,3,268.093,78.038,90.0,0.916
hif,585,0,4,268.328,77.433,147.9722,0.5544
hif,586,0,0,268.328,86.854,0.0,0.47
hif,586,0,1,268.093,86.017,90.0,1.674
hif,586,0,2,269.183,84.8525,163.2766,2.2763
hif,586,0,3,270.273,84.576,90.0,0.102
hif,586,0,4,270.194,84.7075,134.4628,0.2256
hif,586,0,5,270.508,85.616,64.609,1.8331
hif,586,0,6,271.0045,86.4335,174.2083,0.2081
hif,586,0,7,271.2045,86.3935,163.0037,0.2018
hif,586,0,8,271.4315,85.4925,98.5158,1.7624
hif,586,0,9,271.502,84.5775,35.945,0.1482
hif,586,0,10,271.377,84.503,25.49,0.144
hif,586,0,11,271.497,84.274,133.0537,0.542
hif,586,0,12,271.764,84.129,32.8805,0.1953
hif,586,0,13,270.6385,84.883,149.8628,2.7924
hif,586,0,14,269.439,85.435,93.0716,0.2984
hif,586,0,15,269.007,85.4185,163.2421,0.919
hif,587,0,0,271.291,87.782,5.3817,0.2772
hif,587,0,1,270.8195,88.834,120.3967,2.4092
hif,587,0,2,270.1745,89.799,64.3686,0.1642
hif,587,0,3,270.049,89.844,127.0984,0.2984
hif,587,0,4,269.9595,89.0605,90.032,1.805
hif,587,0,5,270.05,88.2705,51.3421,0.2881
hif,587,0,6,270.1755,88.3125,116.7285,0.1579
hif,587,0,7,270.6,88.011,149.2961,0.9048
hif,587,0,8,271.0715,87.775,176.5391,0.1653
hif,587,1,0,268.414,89.1365,83.6942,0.1459
hif,587,1,1,268.4435,89.278,72.6936,0.1445
hif,587,1,2,269.172,89.2745,174.1455,1.4214
hif,587,1,3,269.888,89.1335,97.4734,0.1382
hif,587,1,4,269.8885,88.996,82.9779,0.139
hif,587,1,5,269.173,88.853,5.9744,1.4217
hif,587,1,6,268.4445,88.848,107.3064,0.1445
hif,587,1,7,268.415,88.9905,96.2083,0.1479
hif,587,2,0,270.376,89.144,84.2215,0.1588
hif,587,2,1,270.406,89.299,73.8512,0.1582
hif,587,2,2,271.1745,89.2975,174.073,1.501
hif,587,2,3,271.929,89.1425,95.8904,0.1558
hif,587,2,4,271.929,88.987,84.1463,0.1568
hif,587,2,5,271.175,88.833,5.8173,1.4997
hif,587,2,6,270.407,88.8325,106.2478,0.1573
hif,587,2,7,270.377,88.987,95.7796,0.1588
hif,588,0,0,268.694,91.46,157.1657,1.6492
hif,588,0,1,269.518,91.303,68.5611,0.3503
hif,588,0,2,268.843,91.852,152.4206,1.6675
hif,589,0,0,268.092,93.0215,90.0,0.577
hif,589,0,1,270.29,93.6205,21.9876,4.7408
hif,589,0,2,270.9255,95.1115,158.8814,3.35
hif,589,0,3,270.9255,96.319,21.1346,3.3504
hif,589,0,4,270.29,97.8105,158.0124,4.7408
hif,589,0,5,268.092,98.409,90.0,0.578
hif,589,0,6,269.6005,97.522,158.3759,3.2454
hif,589,0,7,269.522,96.3205,20.8206,3.3958
hif,589,0,8,269.4885,95.1155,158.8342,3.3318
hif,590,0,0,135.6815,89.694,0.0,3.769
hif,590,0,1,137.566,89.929,90.0,0.47
hif,590,0,2,135.4465,90.164,0.0,4.239
hif,590,0,3,133.327,89.706,90.0,0.916
hif,590,0,4,133.562,89.101,147.9749,0.5544
hif,591,0,0,135.6815,93.222,0.0,3.769
hif,591,0,1,137.566,93.457,90.0,0.47
hif,591,0,2,135.4465,93.692,0.0,4.239
hif,591,0,3,133.327,93.234,90.0,0.916
hif,591,0,4,133.562,92.629,147.9749,0.5544
hif,592,0,0,135.6815,96.749,0.0,3.769
hif,592,0,1,137.566,96.984,90.0,0.47
hif,592,0,2,135.4465,97.219,0.0,4.239
hif,592,0,3,133.327,96.761,90.0,0.916
hif,592,0,4,133.562,96.156,147.9749,0.5544
hif,593,0,0,133.563,105.576,0.0,0.47
hif,593,0,1,133.328,104.739,90.0,1.674
hif,593,0,2,134.4185,103.574,163.2604,2.2775
hif,593,0,3,135.509,103.297,90.0,0.102
hif,593,0,4,135.43,103.428,134.6399,0.2249
hif,593,0,5,135.7445,104.335,64.554,1.8317
hif,593,0,6,136.242,105.152,174.5109,0.209
hif,593,0,7,136.4425,105.1125,162.9954,0.2018
hif,593,0,8,136.669,104.2105,98.4749,1.7643
hif,593,0,9,136.739,103.295,35.6251,0.1476
hif,593,0,10,136.6135,103.2205,25.68,0.1454
hif,593,0,11,136.733,102.991,133.0559,0.5419
hif,593,0,12,137.0,102.846,32.873,0.1953
hif,593,0,13,135.8725,103.6005,149.8863,2.7964
hif,593,0,14,134.6715,104.1525,93.2537,0.2995
hif,593,0,15,134.2395,104.1355,163.2599,0.92
hif,594,0,0,136.665,108.0865,143.591,2.4379
hif,594,0,1,135.552,108.8925,147.9925,0.3113
hif,594,0,2,134.295,108.418,26.3408,2.5107
hif,594,0,3,133.184,107.7205,95.6909,0.2824
hif,594,0,4,133.2385,107.4505,107.3652,0.2714
hif,594,0,5,134.598,107.5065,8.0054,2.664
hif,594,0,6,135.9085,107.7985,94.5632,0.2137
hif,594,0,7,135.867,108.004,108.4336,0.2087
hif,594,0,8,135.84,108.109,45.0728,0.017
hif,594,0,9,136.595,107.548,142.8739,1.8788
hif,594,0,10,137.494,107.1725,51.9282,0.4865
hif,594,1,0,135.44,107.783,83.8142,0.167
hif,594,1,1,135.405,107.6195,72.101,0.1692
hif,594,1,2,134.5195,107.6255,174.253,1.7277
hif,594,1,3,133.65,107.805,96.1384,0.1871
hif,594,1,4,133.6505,107.9835,82.9996,0.1723
hif,594,1,5,134.516,108.1515,5.5117,1.7179
hif,594,1,6,135.3985,108.1465,107.4461,0.1834
hif,594,1,7,135.4355,107.962,95.5928,0.1949
hif,595,0,0,133.932,110.182,157.1929,1.6511
hif,595,0,1,134.7565,110.025,68.7169,0.3499
hif,595,0,2,134.0815,110.575,152.3444,1.6675
hif,596,0,0,133.328,111.7425,90.0,0.577
hif,596,0,1,135.527,112.3405,21.9564,4.7419
hif,596,0,2,136.163,113.8315,158.8559,3.3516
hif,596,0,3,136.1635,115.0395,21.1063,3.3519
hif,596,0,4,135.5285,116.5305,158.0169,4.7418
hif,596,0,5,133.33,117.1285,90.0,0.579
hif,596,0,6,134.839,116.241,158.3819,3.2464
hif,596,0,7,134.7605,115.0395,20.8147,3.3967
hif,596,0,8,134.727,113.8335,158.8085,3.3334
hif,597,0,0,312.0035,137.024,27.1025,3.7666
hif,597,0,1,310.4345,135.9565,117.1628,0.4709
hif,597,0,2,312.4285,136.7125,27.103,4.2384
hif,597,0,3,314.106,138.086,117.1237,0.9168
hif,597,0,4,313.6205,138.5175,175.1424,0.555
hif,598,0,0,312.0055,132.732,121.5116,0.1971
hif,598,0,1,312.117,132.5785,130.8017,0.1836
hif,598,0,2,314.0945,133.5915,29.4463,4.4039
hif,598,0,3,315.9745,134.765,112.3985,0.1969
hif,598,0,4,315.8845,134.94,122.0082,0.1981
hif,598,0,5,313.8335,134.103,24.7426,4.401
hif,598,0,6,311.8565,133.092,103.4358,0.1851
hif,598,0,7,311.916,132.9115,112.774,0.1963
hif,598,1,0,315.541,134.576,111.3335,0.1374
hif,598,1,1,315.5775,134.4475,100.1115,0.1311
hif,598,1,2,314.017,133.6485,25.0436,3.4703
hif,598,1,3,312.4075,132.9725,122.6642,0.139
hif,598,1,4,312.345,133.095,111.3335,0.1374
hif,598,1,5,313.835,134.005,29.1799,3.4704
hif,598,1,6,315.3955,134.8045,134.3729,0.1301
hif,598,1,7,315.4785,134.6995,122.671,0.139
hif,599,0,0,313.6125,129.593,121.5116,0.1971
hif,599,0,1,313.724,129.4395,130.8017,0.1836
hif,599,0,2,315.7015,130.4525,29.4463,4.4039
hif,599,0,3,317.5815,131.626,112.3985,0.1969
hif,599,0,4,317.4915,131.801,122.0082,0.1981
hif,599,0,5,315.4405,130.964,24.7426,4.401
hif,599,0,6,313.4635,129.953,103.4358,0.1851
hif,599,0,7,313.523,129.7725,112.774,0.1963
hif,599,1,0,317.149,131.4355,111.1936,0.1384
hif,599,1,1,317.1855,131.307,100.1786,0.13
hif,599,1,2,315.625,130.5085,25.0443,3.4703
hif,599,1,3,314.016,129.8325,122.3133,0.1384
hif,599,1,4,313.9535,129.955,111.7189,0.1378
hif,599,1,5,315.4425,130.865,29.1876,3.4695
hif,599,1,6,317.0025,131.664,134.0738,0.1308
hif,599,1,7,317.0855,131.559,122.8896,0.1381
hif,600,0,0,315.2195,126.452,121.5116,0.1971
hif,600,0,1,315.331,126.2985,130.8017,0.1836
hif,600,0,2,317.3085,127.3115,29.4463,4.4039
hif,600,0,3,319.1885,128.485,112.3985,0.1969
hif,600,0,4,319.0985,128.66,122.0082,0.1981
hif,600,0,5,317.0475,127.823,24.7426,4.401
hif,600,0,6,315.0705,126.812,103.4358,0.1851
hif,600,0,7,315.13,126.6315,112.774,0.1963
hif,600,1,0,318.756,128.296,111.3454,0.1374
hif,600,1,1,318.7925,128.1675,100.0984,0.1311
hif,600,1,2,317.232,127.3685,25.0439,3.4702
hif,600,1,3,315.623,126.6925,122.3133,0.1384
hif,600,1,4,315.5605,126.815,111.7236,0.1378
hif,600,1,5,317.0495,127.725,29.188,3.4695
hif,600,1,6,318.6095,128.5245,134.3729,0.1301
hif,600,1,7,318.6925,128.4195,122.671,0.139
hif,601,0,0,317.866,123.064,168.7847,1.8921
hif,601,0,1,317.077,122.976,117.0668,0.6109
hif,601,0,2,317.9055,122.586,170.2889,1.399
hif,601,0,3,318.2935,121.828,64.7753,1.4149
hif,601,0,4,318.1265,120.925,117.0865,0.5908
hif,601,0,5,318.6645,121.503,64.3693,1.8655
hif,601,0,6,319.815,122.1835,167.8746,1.5281
hif,601,0,7,320.4225,122.2955,117.1092,0.6122
hif,601,0,8,319.761,122.6825,167.6281,1.0688
hif,601,0,9,319.464,123.2625,64.204,1.034
hif,601,0,10,319.5535,123.9935,117.0373,0.5962
hif,602,0,0,321.322,117.637,168.6904,2.2334
hif,602,0,1,322.4165,118.7175,90.0222,2.599
hif,602,0,2,322.2815,119.9765,16.7636,0.2809
hif,602,0,3,322.268,119.6995,117.0934,0.5313
hif,602,0,4,322.466,119.488,17.9911,0.1619
hif,602,0,5,322.395,118.7335,79.2489,1.5869
hif,602,0,6,320.7925,118.257,168.2321,2.9715
hif,602,0,7,319.9565,117.352,117.1124,2.7143
hif,602,0,8,320.7845,116.251,27.057,0.4705
hif,603,0,0,321.5375,114.109,121.5116,0.1971
hif,603,0,1,321.649,113.9555,130.8017,0.1836
hif,603,0,2,323.6265,114.9685,29.4463,4.4039
hif,603,0,3,325.5065,116.142,112.3985,0.1969
hif,603,0,4,325.4165,116.317,122.0082,0.1981
hif,603,0,5,323.3655,115.48,24.7426,4.401
hif,603,0,6,321.3885,114.469,103.4358,0.1851
hif,603,0,7,321.448,114.2885,112.774,0.1963
hif,603,1,0,325.074,115.953,111.3454,0.1374
hif,603,1,1,325.1105,115.8245,100.0984,0.1311
hif,603,1,2,323.55,115.0255,25.0439,3.4702
hif,603,1,3,321.941,114.3495,122.3133,0.1384
hif,603,1,4,321.8785,114.472,111.7236,0.1378
hif,603,1,5,323.368,115.382,29.1799,3.4704
hif,603,1,6,324.9285,116.1815,134.3729,0.1301
hif,603,1,7,325.0115,116.0765,122.6604,0.1389
hif,604,0,0,323.1435,110.97,121.5116,0.1971
hif,604,0,1,323.255,110.8165,130.8017,0.1836
hif,604,0,2,325.2325,111.8295,29.4463,4.4039
hif,604,0,3,327.1125,113.003,112.3985,0.1969
hif,604,0,4,327.0225,113.178,122.0082,0.1981
hif,604,0,5,324.9715,112.341,24.7426,4.401
hif,604,0,6,322.9945,111.33,103.4358,0.1851
hif,604,0,7,323.054,111.1495,112.774,0.1963
hif,604,1,0,326.68,112.8125,111.1936,0.1384
hif,604,1,1,326.7165,112.684,100.1786,0.13
hif,604,1,2,325.156,111.8855,25.0443,3.4703
hif,604,1,3,323.547,111.2095,122.3133,0.1384
hif,604,1,4,323.4845,111.332,111.7189,0.1378
hif,604,1,5,324.974,112.242,29.1795,3.4704
hif,604,1,6,326.5345,113.041,134.0738,0.1308
hif,604,1,7,326.6175,112.936,122.879,0.1381
hif,605,0,0,303.2145,132.5905,26.6973,0.1892
hif,605,0,1,303.157,131.9305,78.5726,1.4334
hif,605,0,2,302.9665,131.286,129.9077,0.1512
hif,605,0,3,302.689,131.227,27.0607,0.5143
hif,605,0,4,302.534,131.008,125.9611,0.252
hif,605,0,5,303.258,132.002,59.3288,2.5485
hif,605,0,6,303.827,133.1055,174.7054,0.1627
hif,605,0,7,303.798,133.244,68.3483,0.2819
hif,605,0,8,302.658,133.3895,179.3033,2.3842
hif,605,0,9,301.498,133.2815,104.6392,0.2532
hif,605,0,10,301.764,133.279,27.1508,0.526
hif,605,0,11,301.982,133.4645,103.7343,0.1348
hif,605,0,12,302.5095,133.288,155.9981,1.1899
hif,605,0,13,302.9805,133.004,30.0814,0.1676
hif,606,0,0,306.997,133.747,78.6904,2.2334
hif,606,0,1,305.9165,134.8415,0.0222,2.599
hif,606,0,2,304.6575,134.7065,106.7636,0.2809
hif,606,0,3,304.9345,134.693,27.0934,0.5313
hif,606,0,4,305.146,134.891,107.9911,0.1619
hif,606,0,5,305.9005,134.82,169.2489,1.5869
hif,606,0,6,306.377,133.2175,78.2321,2.9715
hif,606,0,7,307.282,132.3815,27.1124,2.7143
hif,606,0,8,308.383,133.2095,117.057,0.4705
hif,607,0,0,98.3645,518.939,27.1025,3.7666
hif,607,0,1,96.7955,517.8715,117.1632,0.4709
hif,607,0,2,98.7895,518.6275,27.1031,4.2384
hif,607,0,3,100.467,520.001,117.1239,0.9168
hif,607,0,4,99.9815,520.4325,175.1424,0.555
hif,608,0,0,98.3675,514.646,121.5116,0.1971
hif,608,0,1,98.479,514.4925,130.805,0.1836
hif,608,0,2,100.4565,515.5055,29.4464,4.4039
hif,608,0,3,102.3365,516.679,112.3952,0.1968
hif,608,0,4,102.2465,516.854,122.0063,0.1981
hif,608,0,5,100.1955,516.017,24.7424,4.401
hif,608,0,6,98.2185,515.006,103.4376,0.1851
hif,608,0,7,98.278,514.8255,112.7761,0.1963
hif,608,1,0,101.903,516.49,111.3383,0.1374
hif,608,1,1,101.9395,516.3615,100.1106,0.131
hif,608,1,2,100.379,515.5625,25.0438,3.4703
hif,608,1,3,98.7695,514.8865,122.6606,0.139
hif,608,1,4,98.707,515.009,111.3371,0.1374
hif,608,1,5,100.197,515.919,29.1797,3.4704
hif,608,1,6,101.7575,516.7185,134.3752,0.1301
hif,608,1,7,101.8405,516.6135,122.6589,0.139
hif,609,0,0,99.9735,511.507,121.5116,0.1971
hif,609,0,1,100.0855,511.3535,131.0402,0.1843
hif,609,0,2,102.064,512.3665,29.44,4.4048
hif,609,0,3,103.944,513.54,112.6637,0.1972
hif,609,0,4,103.854,513.715,121.7606,0.1976
hif,609,0,5,101.803,512.878,24.737,4.4019
hif,609,0,6,99.826,511.867,103.7359,0.1853
hif,609,0,7,99.8855,511.6865,112.5066,0.1959
hif,609,1,0,103.51,513.3495,111.1847,0.1383
hif,609,1,1,103.5465,513.221,100.1879,0.13
hif,609,1,2,101.986,512.4225,25.0438,3.4703
hif,609,1,3,100.377,511.7465,122.3123,0.1384
hif,609,1,4,100.3145,511.869,111.7242,0.1378
hif,609,1,5,101.8035,512.7795,29.2022,3.47
hif,609,1,6,103.3635,513.5795,134.3776,0.1301
hif,609,1,7,103.4465,513.4745,122.6589,0.139
hif,610,0,0,101.5805,508.367,121.5116,0.1971
hif,610,0,1,101.692,508.2135,130.805,0.1836
hif,610,0,2,103.6695,509.2265,29.4464,4.4039
hif,610,0,3,105.5495,510.4,112.3952,0.1968
hif,610,0,4,105.4595,510.575,122.0063,0.1981
hif,610,0,5,103.4085,509.738,24.7424,4.401
hif,610,0,6,101.4315,508.727,103.4376,0.1851
hif,610,0,7,101.491,508.5465,112.7761,0.1963
hif,610,1,0,105.117,510.211,111.3353,0.1374
hif,610,1,1,105.1535,510.0825,100.1106,0.131
hif,610,1,2,103.593,509.2835,25.0438,3.4703
hif,610,1,3,101.984,508.6075,122.3123,0.1384
hif,610,1,4,101.9215,508.73,111.7242,0.1378
hif,610,1,5,103.411,509.64,29.1797,3.4704
hif,610,1,6,104.9715,510.4395,134.3752,0.1301
hif,610,1,7,105.0545,510.3345,122.6615,0.139
hif,611,0,0,104.228,504.978,168.7852,1.8921
hif,611,0,1,103.439,504.89,117.0684,0.6109
hif,611,0,2,104.2675,504.5,170.2886,1.3991
hif,611,0,3,104.6555,503.742,64.775,1.4149
hif,611,0,4,104.4885,502.839,117.0859,0.5908
hif,611,0,5,105.0265,503.417,64.369,1.8656
hif,611,0,6,106.177,504.0975,167.8738,1.5281
hif,611,0,7,106.7845,504.2095,117.1088,0.6123
hif,611,0,8,106.123,504.5965,167.6284,1.0688
hif,611,0,9,105.826,505.1765,64.2033,1.034
hif,611,0,10,105.9155,505.9075,117.0376,0.5962
hif,612,0,0,107.683,499.551,168.69,2.2334
hif,612,0,1,108.7775,500.6315,90.022,2.599
hif,612,0,2,108.6425,501.8905,16.7578,0.2809
hif,612,0,3,108.629,501.6135,117.096,0.5313
hif,612,0,4,108.827,501.402,17.9859,0.1619
hif,612,0,5,108.756,500.6475,79.2493,1.5869
hif,612,0,6,107.1535,500.171,168.2324,2.9714
hif,612,0,7,106.3175,499.266,117.1126,2.7143
hif,612,0,8,107.1455,498.165,27.0549,0.4705
hif,613,0,0,107.8985,496.024,121.5116,0.1971
hif,613,0,1,108.0105,495.8705,131.0402,0.1843
hif,613,0,2,109.989,496.8835,29.44,4.4048
hif,613,0,3,111.869,498.057,112.6637,0.1972
hif,613,0,4,111.779,498.232,121.7606,0.1976
hif,613,0,5,109.728,497.395,24.737,4.4019
hif,613,0,6,107.751,496.384,103.7359,0.1853
hif,613,0,7,107.8105,496.2035,112.5066,0.1959
hif,613,1,0,111.434,497.868,111.3383,0.1374
hif,613,1,1,111.4705,497.7395,100.1106,0.131
hif,613,1,2,109.91,496.94,25.0588,3.4707
hif,613,1,3,108.3005,496.2635,122.6606,0.139
hif,613,1,4,108.238,496.386,111.3371,0.1374
hif,613,1,5,109.728,497.2965,29.1941,3.4709
hif,613,1,6,111.2885,498.0965,134.3776,0.1301
hif,613,1,7,111.3715,497.9915,122.6589,0.139
hif,614,0,0,109.5055,492.884,121.5116,0.1971
hif,614,0,1,109.617,492.7305,130.805,0.1836
hif,614,0,2,111.5945,493.7435,29.4464,4.4039
hif,614,0,3,113.4745,494.917,112.3952,0.1968
hif,614,0,4,113.3845,495.092,122.0063,0.1981
hif,614,0,5,111.3335,494.255,24.7424,4.401
hif,614,0,6,109.3565,493.244,103.4376,0.1851
hif,614,0,7,109.416,493.0635,112.7761,0.1963
hif,614,1,0,113.042,494.7265,111.1847,0.1383
hif,614,1,1,113.0785,494.598,100.1879,0.13
hif,614,1,2,111.518,493.7995,25.0438,3.4703
hif,614,1,3,109.909,493.1235,122.3123,0.1384
hif,614,1,4,109.8465,493.246,111.7242,0.1378
hif,614,1,5,111.336,494.156,29.1795,3.4704
hif,614,1,6,112.8965,494.955,134.0714,0.1308
hif,614,1,7,112.9795,494.85,122.8852,0.1381
hif,615,0,0,121.892,495.8165,117.1025,3.7666
hif,615,0,1,120.8245,497.3855,27.1632,0.4709
hif,615,0,2,121.5805,495.3915,117.1031,4.2384
hif,615,0,3,122.954,493.714,27.1239,0.9168
hif,615,0,4,123.3855,494.1995,85.1424,0.555
hif,616,0,0,118.111,492.877,117.1146,3.3569
hif,616,0,1,119.1495,493.6725,83.1878,4.6116
hif,616,0,2,118.487,495.4835,27.0769,2.1024
hif,616,0,3,117.4085,495.2845,117.0146,0.6275
hif,616,0,4,117.0565,495.4565,27.1641,0.4709
hif,616,0,5,116.9895,495.0695,117.0146,0.6275
hif,616,0,6,116.916,494.679,27.1978,0.4857
hif,616,0,7,116.8075,494.3585,117.1641,0.4709
hif,616,0,8,117.131,494.26,27.1982,0.4857
hif,616,1,0,118.303,494.8615,27.1162,1.2089
hif,616,1,1,118.7085,494.082,82.8416,2.1266
hif,616,1,2,118.5705,493.0245,24.429,0.0121
hif,616,1,3,118.165,493.8045,117.0754,1.7576
hif,617,0,0,114.5205,454.6635,51.0796,1.2018
hif,617,0,1,114.274,453.9415,117.2364,0.5725
hif,617,0,2,115.923,455.6115,51.7345,4.9023
hif,617,0,3,114.9925,457.4275,2.5372,4.9018
hif,617,0,4,112.674,457.0645,117.0576,0.5716
hif,617,0,5,113.404,456.8435,3.1957,1.2019
hif,617,0,6,114.451,456.0045,117.127,1.9607
hif,617,1,0,114.869,456.219,117.172,1.5197
hif,617,1,1,115.4625,456.9495,3.3163,1.8842
hif,617,1,2,115.8095,456.2735,50.9077,1.8824
hif,618,0,0,170.4725,345.4885,51.0793,1.2018
hif,618,0,1,170.226,344.7665,117.2371,0.5725
hif,618,0,2,171.875,346.4365,51.7345,4.9023
hif,618,0,3,170.9445,348.2525,2.5372,4.9018
hif,618,0,4,168.626,347.8895,117.0589,0.5716
hif,618,0,5,169.356,347.6685,3.1958,1.2019
hif,618,0,6,170.403,346.8295,117.127,1.9607
hif,618,1,0,170.821,347.044,117.172,1.5197
hif,618,1,1,171.4145,347.7745,3.3162,1.8842
hif,618,1,2,171.761,347.0985,50.8839,1.883
hif,619,0,0,212.509,262.2705,51.0426,1.2024
hif,619,0,1,212.261,261.548,117.0117,0.5725
hif,619,0,2,213.91,263.2165,51.7017,4.9019
hif,619,0,3,212.98,265.033,2.502,4.9027
hif,619,0,4,210.6615,264.6715,117.1474,0.572
hif,619,0,5,211.392,264.4505,3.1965,1.2019
hif,619,0,6,212.439,263.611,117.1136,1.9616
hif,619,1,0,212.859,263.826,117.1041,1.5188
hif,619,1,1,213.453,264.5565,3.3176,1.8831
hif,619,1,2,213.799,263.8805,50.8839,1.883
hif,620,0,0,250.578,186.4185,51.0426,1.2024
hif,620,0,1,250.33,185.696,117.0117,0.5725
hif,620,0,2,251.9795,187.3655,51.7069,4.9041
hif,620,0,3,251.049,189.181,2.5472,4.9048
hif,620,0,4,248.7295,188.818,117.1935,0.5711
hif,620,0,5,249.46,188.5975,3.195,1.2019
hif,620,0,6,250.507,187.758,117.1136,1.9616
hif,620,1,0,250.928,187.974,117.1041,1.5188
hif,620,1,1,251.5225,188.7045,3.3158,1.8842
hif,620,1,2,251.869,188.0285,50.8839,1.883
hif,621,0,0,132.2515,348.224,63.617,0.2813
hif,621,0,1,130.2385,348.355,179.862,4.151
hif,621,0,2,128.225,348.2295,115.4148,0.2889
hif,621,0,3,128.601,348.099,0.0,0.628
hif,621,0,4,128.819,348.225,127.3043,0.3168
hif,621,0,5,130.239,348.3485,179.9054,3.032
hif,621,0,6,131.6635,348.222,53.5766,0.3082
hif,622,0,0,132.2555,295.529,63.6184,0.2813
hif,622,0,1,130.2425,295.6585,179.9035,4.151
hif,622,0,2,128.229,295.532,115.4982,0.2881
hif,622,0,3,128.605,295.402,0.0,0.628
hif,622,0,4,128.823,295.528,127.3026,0.3168
hif,622,0,5,130.243,295.6515,179.9054,3.032
hif,622,0,6,131.6675,295.525,53.5783,0.3082
hif,623,0,0,154.142,309.338,0.0,2.306
hif,623,0,1,155.295,309.573,90.0,0.47
hif,623,0,2,154.417,309.808,0.0,1.756
hif,623,0,3,153.539,310.632,90.0,1.648
hif,623,0,4,154.392,311.456,0.0,1.706
hif,623,0,5,155.245,311.691,90.0,0.47
hif,623,0,6,154.392,311.926,0.0,1.706
hif,623,0,7,153.539,312.515,90.0,1.178
hif,623,0,8,154.417,313.104,0.0,1.756
hif,623,0,9,155.295,313.339,90.0,0.47
hif,623,0,10,154.142,313.574,0.0,2.306
hif,624,0,0,197.632,309.209,0.0,2.306
hif,624,0,1,198.785,309.444,90.0,0.47
hif,624,0,2,197.907,309.679,0.0,1.756
hif,624,0,3,197.029,310.503,90.0,1.648
hif,624,0,4,197.882,311.327,0.0,1.706
hif,624,0,5,198.735,311.562,90.0,0.47
hif,624,0,6,197.882,311.797,0.0,1.706
hif,624,0,7,197.029,312.386,90.0,1.178
hif,624,0,8,197.907,312.975,0.0,1.756
hif,624,0,9,198.785,313.21,90.0,0.47
hif,624,0,10,197.632,313.445,0.0,2.306
hif,625,0,0,168.204,299.311,40.8548,0.8805
hif,625,0,1,167.1565,301.205,130.682,4.2356
hif,625,0,2,165.4365,302.517,40.891,0.8982
hif,625,0,3,166.4835,300.621,130.8754,4.2374
hif,625,1,0,165.8915,302.2915,40.634,0.1858
hif,625,1,1,167.0405,301.105,130.8555,3.2974
hif,625,1,2,168.049,299.7975,40.837,0.185
hif,625,1,3,166.9,300.983,130.8916,3.2965
hif,626,0,0,194.742,322.342,40.6721,0.8807
hif,626,0,1,193.701,324.2435,130.4196,4.2413
hif,626,0,2,191.985,325.5655,40.6235,0.8985
hif,626,0,3,193.0235,323.665,130.6263,4.2373
hif,626,1,0,192.442,325.3325,40.837,0.185
hif,626,1,1,193.5855,324.141,130.6108,3.2984
hif,626,1,2,194.5885,322.8285,40.634,0.1858
hif,626,1,3,193.445,324.019,130.6203,3.2962
hif,627,0,0,211.8815,292.461,90.1228,0.47
hif,627,0,1,210.8405,292.695,0.0555,2.081
hif,627,0,2,209.803,290.5755,90.0811,4.237
hif,627,0,3,210.081,288.4575,0.1049,0.55
hif,627,0,4,210.354,289.5175,90.1081,2.119
hif,627,0,5,211.092,290.5785,0.1158,1.48
hif,627,0,6,211.831,290.815,90.2437,0.47
hif,627,0,7,211.0905,291.049,0.078,1.479
hif,627,0,8,210.3505,291.6365,90.0483,1.177
hif,628,0,0,251.868,211.9705,131.4719,0.4711
hif,628,0,1,252.427,212.151,41.5359,1.0768
hif,628,0,2,252.899,212.4005,122.6953,0.2555
hif,628,0,3,253.0115,212.1745,110.1588,0.2525
hif,628,0,4,251.6745,211.4655,23.1585,3.003
hif,628,0,5,250.2355,210.947,129.0925,0.1856
hif,628,0,6,250.1265,211.0945,123.7768,0.1817
hif,628,0,7,250.7405,212.441,62.3987,2.8684
hif,628,0,8,251.5035,213.7045,175.6417,0.1976
hif,628,0,9,251.699,213.678,168.919,0.1977
hif,628,0,10,251.8025,213.9145,88.5427,0.5112
hif,628,0,11,251.6865,214.188,171.6452,0.2476
hif,628,0,12,251.442,214.2085,178.8249,0.2441
hif,628,0,13,250.852,212.1505,77.2035,4.226
hif,628,0,14,250.477,210.0405,151.9763,0.2107
hif,628,0,15,250.6665,209.95,156.9799,0.2097
hif,628,0,16,251.967,211.425,51.5436,3.8719
hif,628,0,17,253.104,213.024,128.9145,0.2133
hif,628,0,18,252.9825,213.169,131.3095,0.1651
hif,629,0,0,171.4845,410.845,27.1025,3.7666
hif,629,0,1,169.9155,409.7775,117.1637,0.4709
hif,629,0,2,171.9095,410.5335,27.1031,4.2384
hif,629,0,3,173.587,411.907,117.1241,0.9168
hif,629,0,4,173.1015,412.3385,175.1423,0.555
hif,630,0,0,174.423,407.065,27.1146,3.3569
hif,630,0,1,173.6275,408.1035,173.1879,4.6116
hif,630,0,2,171.8165,407.441,117.077,2.1024
hif,630,0,3,172.0155,406.3625,27.015,0.6275
hif,630,0,4,171.8435,406.0105,117.1637,0.4709
hif,630,0,5,172.2305,405.9435,27.0137,0.6274
hif,630,0,6,172.621,405.87,117.1986,0.4857
hif,630,0,7,172.9415,405.7615,27.1628,0.4709
hif,630,0,8,173.04,406.085,117.1978,0.4857
hif,630,1,0,172.4385,407.257,117.1168,1.2089
hif,630,1,1,173.218,407.6625,172.8416,2.1266
hif,630,1,2,174.2755,407.5245,114.4619,0.0121
hif,630,1,3,173.4955,407.119,27.0749,1.7576
hif,631,0,0,174.6995,404.566,27.1025,3.7666
hif,631,0,1,173.1305,403.4985,117.1637,0.4709
hif,631,0,2,175.1245,404.2545,27.1031,4.2384
hif,631,0,3,176.802,405.628,117.1241,0.9168
hif,631,0,4,176.3165,406.0595,175.1423,0.555
hif,632,0,0,174.7925,401.4245,129.1586,0.1251
hif,632,0,1,174.8005,401.305,105.7879,0.3492
hif,632,0,2,174.8555,401.197,82.875,0.1209
hif,633,0,0,177.4055,399.6185,116.7015,0.1892
hif,633,0,1,176.7455,399.676,168.5721,1.4334
hif,633,0,2,176.101,399.8665,39.8996,0.1512
hif,633,0,3,176.042,400.144,117.0645,0.5143
hif,633,0,4,175.823,400.299,35.9603,0.252
hif,633,0,5,176.817,399.575,149.3292,2.5485
hif,633,0,6,177.9205,399.006,84.7102,0.1627
hif,633,0,7,178.059,399.035,158.3483,0.2819
hif,633,0,8,178.2045,400.175,89.3029,2.3842
hif,633,0,9,178.0965,401.335,14.6383,0.2532
hif,633,0,10,178.094,401.069,117.1501,0.526
hif,633,0,11,178.2795,400.851,13.7265,0.1348
hif,633,0,12,178.103,400.324,65.9791,1.189
hif,633,0,13,177.819,399.8535,120.0833,0.1676
hif,634,0,0,213.064,217.48,0.0,2.308
hif,634,0,1,214.218,217.715,90.0,0.47
hif,634,0,2,213.3395,217.95,0.0,1.757
hif,634,0,3,212.461,218.774,90.0,1.648
hif,634,0,4,213.314,219.598,0.0,1.706
hif,634,0,5,214.167,219.833,90.0,0.47
hif,634,0,6,213.314,220.068,0.0,1.706
hif,634,0,7,212.461,220.657,90.0,1.178
hif,634,0,8,213.3395,221.246,0.0,1.757
hif,634,0,9,214.218,221.481,90.0,0.47
hif,634,0,10,213.064,221.716,0.0,2.308
hif,635,0,0,215.39,221.717,0.0,0.55
hif,635,0,1,215.115,219.5985,90.0,4.237
hif,635,0,2,216.037,217.48,0.0,1.844
hif,635,0,3,216.959,217.715,90.0,0.47
hif,635,0,4,216.312,217.95,0.0,1.294
hif,636,0,0,218.704,217.48,0.0,2.306
hif,636,0,1,219.857,217.715,90.0,0.47
hif,636,0,2,218.979,217.95,0.0,1.756
hif,636,0,3,218.101,218.774,90.0,1.648
hif,636,0,4,218.954,219.598,0.0,1.706
hif,636,0,5,219.807,219.833,90.0,0.47
hif,636,0,6,218.954,220.068,0.0,1.706
hif,636,0,7,218.101,220.657,90.0,1.178
hif,636,0,8,218.979,221.246,0.0,1.756
hif,636,0,9,219.857,221.481,90.0,0.47
hif,636,0,10,218.704,221.716,0.0,2.306
hif,637,0,0,220.576,221.717,0.0,0.58
hif,637,0,1,221.2095,219.491,112.5321,4.8199
hif,637,0,2,223.0535,219.491,67.5338,4.8176
hif,637,0,3,223.684,221.717,0.0,0.58
hif,637,0,4,222.7635,220.1575,67.9866,3.3643
hif,638,0,0,213.434,213.856,90.0,3.356
hif,638,0,1,212.1475,213.62,56.0927,4.6123
hif,638,0,2,211.9125,211.706,0.0,2.103
hif,638,0,3,212.964,211.3925,90.0,0.627
hif,638,0,4,213.199,211.079,0.0,0.47
hif,638,0,5,213.434,211.3925,90.0,0.627
hif,638,0,6,213.677,211.706,0.0,0.486
hif,638,0,7,213.92,211.9415,90.0,0.471
hif,638,0,8,213.677,212.177,0.0,0.486
hif,638,1,0,212.359,212.178,0.0,1.21
hif,638,1,1,212.353,213.0565,55.712,2.1265
hif,638,1,2,212.958,213.935,0.0,0.012
hif,638,1,3,212.964,213.0565,90.0,1.757
hif,639,0,0,215.707,213.069,58.2794,4.1805
hif,639,0,1,214.8135,211.146,144.7923,0.503
hif,639,0,2,216.344,213.1585,58.4443,5.0638
hif,639,0,3,216.1385,215.316,0.0,3.061
hif,639,0,4,214.608,215.081,90.0,0.47
hif,640,0,0,218.225,212.118,95.3817,0.2772
hif,640,0,1,219.277,212.5895,30.3967,2.4092
hif,640,0,2,220.242,213.2345,154.3686,0.1642
hif,640,0,3,220.287,213.36,37.0984,0.2984
hif,640,0,4,219.5035,213.45,0.0,1.805
hif,640,0,5,218.7135,213.36,141.3402,0.2881
hif,640,0,6,218.7555,213.2345,26.7335,0.1579
hif,640,0,7,218.454,212.8105,59.2645,0.904
hif,640,0,8,218.218,212.339,86.5542,0.1663
hif,640,1,0,219.5805,214.996,173.7061,0.1459
hif,640,1,1,219.722,214.9665,162.6936,0.1445
hif,640,1,2,219.7185,214.2375,84.1496,1.4224
hif,640,1,3,219.5775,213.521,7.4742,0.1382
hif,640,1,4,219.44,213.521,172.5789,0.1392
hif,640,1,5,219.2975,214.2375,95.9311,1.4226
hif,640,1,6,219.293,214.9665,17.3064,0.1445
hif,640,1,7,219.435,214.996,6.2501,0.1469
hif,640,2,0,219.587,213.033,174.2204,0.1588
hif,640,2,1,219.742,213.003,163.8543,0.1582
hif,640,2,2,219.7405,212.2345,84.073,1.501
hif,640,2,3,219.5855,211.48,5.8904,0.1558
hif,640,2,4,219.43,211.48,174.1474,0.1568
hif,640,2,5,219.276,212.2345,95.8128,1.5007
hif,640,2,6,219.2755,213.003,16.2478,0.1573
hif,640,2,7,219.43,213.033,5.7796,0.1588
hif,641,0,0,223.133,211.009,4.6643,0.1967
hif,641,0,1,223.32,211.0385,13.5812,0.1831
hif,641,0,2,223.319,213.2595,92.343,4.4027
hif,641,0,3,223.131,215.467,175.3357,0.1967
hif,641,0,4,222.9345,215.467,4.6406,0.1977
hif,641,0,5,222.7465,213.2595,87.6699,4.4027
hif,641,0,6,222.747,211.0385,166.5653,0.1851
hif,641,0,7,222.935,211.009,175.3357,0.1967
hif,641,1,0,223.1035,214.9975,174.5789,0.1376
hif,641,1,1,223.2345,214.972,163.0931,0.1306
hif,641,1,2,223.2345,213.2195,87.9351,3.4693
hif,641,1,3,223.1035,211.4795,5.4211,0.1376
hif,641,1,4,222.966,211.4795,174.6183,0.1386
hif,641,1,5,222.8345,213.2195,92.0649,3.4693
hif,641,1,6,222.8345,214.972,16.9069,0.1306
hif,641,1,7,222.966,214.9975,5.3817,0.1386
hif,642,0,0,301.9875,156.4325,116.6973,0.1892
hif,642,0,1,301.3275,156.49,168.5726,1.4334
hif,642,0,2,300.683,156.6805,39.9077,0.1512
hif,642,0,3,300.624,156.958,117.0607,0.5143
hif,642,0,4,300.405,157.113,35.9611,0.252
hif,642,0,5,301.3995,156.389,149.3403,2.5494
hif,642,0,6,302.5035,155.82,84.7054,0.1627
hif,642,0,7,302.642,155.849,158.3483,0.2819
hif,642,0,8,302.7875,156.989,89.3033,2.3842
hif,642,0,9,302.6795,158.149,14.6392,0.2532
hif,642,0,10,302.677,157.883,117.1479,0.526
hif,642,0,11,302.8625,157.665,13.7312,0.1349
hif,642,0,12,302.686,157.138,65.9784,1.189
hif,642,0,13,302.402,156.6675,120.0814,0.1676
hif,643,0,0,303.143,152.65,168.6904,2.2334
hif,643,0,1,304.2375,153.7305,90.0222,2.599
hif,643,0,2,304.1025,154.9895,16.7636,0.2809
hif,643,0,3,304.089,154.7125,117.0934,0.5313
hif,643,0,4,304.287,154.501,17.9911,0.1619
hif,643,0,5,304.216,153.7465,79.2489,1.5869
hif,643,0,6,302.6135,153.27,168.2321,2.9715
hif,643,0,7,301.7775,152.365,117.1124,2.7143
hif,643,0,8,302.6055,151.264,27.057,0.4705
hif,644,0,0,304.9635,150.275,27.1025,3.7666
hif,644,0,1,303.3945,149.2075,117.1628,0.4709
hif,644,0,2,305.3885,149.9635,27.103,4.2384
hif,644,0,3,307.066,151.337,117.1237,0.9168
hif,644,0,4,306.5805,151.7685,175.1424,0.555
hif,645,0,0,305.0575,147.1345,129.1684,0.1251
hif,645,0,1,305.0655,147.015,105.7879,0.3492
hif,645,0,2,305.1205,146.907,82.8696,0.121
hif,646,0,0,307.6715,145.3275,116.6973,0.1892
hif,646,0,1,307.0115,145.385,168.5726,1.4334
hif,646,0,2,306.367,145.5755,39.9077,0.1512
hif,646,0,3,306.308,145.853,117.0607,0.5143
hif,646,0,4,306.089,146.008,35.9611,0.252
hif,646,0,5,307.0835,145.284,149.3403,2.5494
hif,646,0,6,308.1875,144.715,84.7054,0.1627
hif,646,0,7,308.326,144.744,158.3483,0.2819
hif,646,0,8,308.4715,145.884,89.3033,2.3842
hif,646,0,9,308.3635,147.044,14.6392,0.2532
hif,646,0,10,308.361,146.778,117.1479,0.526
hif,646,0,11,308.5465,146.56,13.7312,0.1349
hif,646,0,12,308.37,146.033,65.9784,1.189
hif,646,0,13,308.086,145.5625,120.0814,0.1676
hif,647,0,0,218.895,119.1335,90.0,1.727
hif,647,0,1,218.62,119.997,0.0,0.55
hif,647,0,2,218.345,117.8785,90.0,4.237
hif,647,0,3,218.62,115.76,0.0,0.55
hif,647,0,4,218.895,116.78,90.0,2.04
hif,647,0,5,219.876,117.8,0.0,1.962
hif,647,0,6,220.857,116.78,90.0,2.04
hif,647,0,7,221.132,115.76,0.0,0.55
hif,647,0,8,221.407,117.8785,90.0,4.237
hif,647,0,9,221.132,119.997,0.0,0.55
hif,647,0,10,220.857,119.1335,90.0,1.727
hif,648,0,0,225.2145,116.308,113.919,1.2011
hif,648,0,1,225.7445,115.759,0.0,0.573
hif,648,0,2,225.011,117.9875,114.5938,4.9017
hif,648,0,3,222.971,117.9875,65.406,4.9017
hif,648,0,4,222.237,115.759,0.0,0.572
hif,648,0,5,222.7665,116.308,66.081,1.2011
hif,648,0,6,223.9905,116.857,0.0,1.961
hif,648,1,0,223.9905,117.327,0.0,1.519
hif,648,1,1,223.611,118.189,66.2101,1.8841
hif,648,1,2,224.3705,118.189,113.7618,1.8837
hif,649,0,0,226.929,115.758,0.0,0.55
hif,649,0,1,227.204,117.3545,90.0,3.193
hif,649,0,2,228.7735,117.267,132.9845,4.604
hif,649,0,3,230.343,117.789,90.0,4.412
hif,649,0,4,230.068,119.995,0.0,0.55
hif,649,0,5,229.793,118.449,90.0,3.092
hif,649,0,6,228.2235,118.551,133.6021,4.5516
hif,650,0,0,233.571,117.641,90.0,0.472
hif,650,0,1,234.109,117.405,0.0,1.076
hif,650,0,2,234.628,117.279,81.4231,0.2549
hif,650,0,3,234.563,117.0355,68.6225,0.2524
hif,650,0,4,233.092,117.3915,161.619,3.0032
hif,650,0,5,231.671,117.958,87.5339,0.1862
hif,650,0,6,231.6875,118.141,82.0944,0.1817
hif,650,0,7,233.04,118.7405,20.8176,2.8672
hif,650,0,8,234.449,119.179,134.182,0.198
hif,650,0,9,234.5785,119.0295,127.6216,0.1982
hif,650,0,10,234.8135,119.138,46.9787,0.5115
hif,650,0,11,234.909,119.42,129.7467,0.2471
hif,650,0,12,234.7405,119.598,137.1606,0.2441
hif,650,0,13,232.933,118.4485,35.6557,4.2288
hif,650,0,14,231.252,117.117,110.4941,0.2114
hif,650,0,15,231.3345,116.9235,115.7113,0.2098
hif,650,0,16,233.286,117.162,9.9104,3.8697
hif,650,0,17,235.1965,117.6015,87.5796,0.2132
hif,650,0,18,235.201,117.79,90.0,0.164
hif,651,0,0,238.8135,116.308,113.919,1.2011
hif,651,0,1,239.3435,115.759,0.0,0.573
hif,651,0,2,238.61,117.9875,114.5938,4.9017
hif,651,0,3,236.57,117.9875,65.406,4.9017
hif,651,0,4,235.836,115.759,0.0,0.572
hif,651,0,5,236.3655,116.308,66.081,1.2011
hif,651,0,6,237.5895,116.857,0.0,1.961
hif,651,1,0,237.5895,117.327,0.0,1.519
hif,651,1,1,237.21,118.189,66.2101,1.8841
hif,651,1,2,237.9695,118.189,113.7618,1.8837
hif,652,0,0,241.7095,117.6415,12.3951,0.2283
hif,652,0,1,241.3705,118.83,111.1578,2.4963
hif,652,0,2,240.5875,119.994,0.0,0.665
hif,652,0,3,240.255,117.8755,90.0,4.237
hif,652,0,4,240.53,115.757,0.0,0.55
hif,652,0,5,240.805,116.6595,90.0,1.805
hif,652,0,6,240.9175,117.562,0.0,0.225
hif,652,0,7,241.667,116.6595,125.2149,2.2093
hif,652,0,8,242.6175,115.757,0.0,0.627
hif,652,0,9,242.265,116.6865,125.6222,2.2869
hif,652,1,0,240.8765,119.525,0.0,0.145
hif,652,1,1,240.964,118.779,91.1519,1.4923
hif,652,1,2,240.892,118.033,0.0,0.174
hif,652,1,3,240.805,118.779,90.0,1.492
hif,653,0,0,217.006,168.3475,90.0,1.727
hif,653,0,1,216.731,169.211,0.0,0.55
hif,653,0,2,216.456,167.0925,90.0,4.237
hif,653,0,3,216.731,164.974,0.0,0.55
hif,653,0,4,217.006,165.994,90.0,2.04
hif,653,0,5,217.987,167.014,0.0,1.962
hif,653,0,6,218.968,165.994,90.0,2.04
hif,653,0,7,219.243,164.974,0.0,0.55
hif,653,0,8,219.518,167.0925,90.0,4.237
hif,653,0,9,219.243,169.211,0.0,0.55
hif,653,0,10,218.968,168.3475,90.0,1.727
hif,654,0,0,223.3255,165.523,113.919,1.2011
hif,654,0,1,223.8555,164.974,0.0,0.573
hif,654,0,2,223.122,167.2025,114.5938,4.9017
hif,654,0,3,221.082,167.2025,65.406,4.9017
hif,654,0,4,220.348,164.974,0.0,0.572
hif,654,0,5,220.8775,165.523,66.081,1.2011
hif,654,0,6,222.1015,166.072,0.0,1.961
hif,654,1,0,222.1015,166.542,0.0,1.519
hif,654,1,1,221.722,167.404,66.2101,1.8841
hif,654,1,2,222.4815,167.404,113.7618,1.8837
hif,655,0,0,225.041,164.972,0.0,0.55
hif,655,0,1,225.316,166.5685,90.0,3.193
hif,655,0,2,226.8855,166.481,132.9845,4.604
hif,655,0,3,228.455,167.003,90.0,4.412
hif,655,0,4,228.18,169.209,0.0,0.55
hif,655,0,5,227.905,167.663,90.0,3.092
hif,655,0,6,226.3355,167.765,133.6021,4.5516
hif,656,0,0,231.682,166.856,90.0,0.472
hif,656,0,1,232.22,166.62,0.0,1.076
hif,656,0,2,232.739,166.494,81.4231,0.2549
hif,656,0,3,232.674,166.2505,68.6225,0.2524
hif,656,0,4,231.203,166.6065,161.619,3.0032
hif,656,0,5,229.782,167.173,87.5339,0.1862
hif,656,0,6,229.7985,167.356,82.0944,0.1817
hif,656,0,7,231.151,167.9555,20.8176,2.8672
hif,656,0,8,232.56,168.394,134.182,0.198
hif,656,0,9,232.6895,168.2445,127.6216,0.1982
hif,656,0,10,232.9245,168.353,46.9787,0.5115
hif,656,0,11,233.02,168.635,129.7467,0.2471
hif,656,0,12,232.8515,168.813,137.1606,0.2441
hif,656,0,13,231.044,167.6635,35.6557,4.2288
hif,656,0,14,229.363,166.332,110.4941,0.2114
hif,656,0,15,229.4455,166.1385,115.7113,0.2098
hif,656,0,16,231.3975,166.377,9.9079,3.8707
hif,656,0,17,233.3085,166.8165,87.5796,0.2132
hif,656,0,18,233.313,167.005,90.0,0.164
hif,657,0,0,236.9255,165.523,113.919,1.2011
hif,657,0,1,237.4555,164.974,0.0,0.573
hif,657,0,2,236.722,167.2025,114.5938,4.9017
hif,657,0,3,234.682,167.2025,65.406,4.9017
hif,657,0,4,233.948,164.974,0.0,0.572
hif,657,0,5,234.4775,165.523,66.081,1.2011
hif,657,0,6,235.7015,166.072,0.0,1.961
hif,657,1,0,235.7015,166.542,0.0,1.519
hif,657,1,1,235.322,167.404,66.2101,1.8841
hif,657,1,2,236.0815,167.404,113.7618,1.8837
hif,658,0,0,239.8205,166.8555,12.3951,0.2283
hif,658,0,1,239.482,168.044,111.1366,2.4959
hif,658,0,2,238.6995,169.208,0.0,0.665
hif,658,0,3,238.367,167.0895,90.0,4.237
hif,658,0,4,238.642,164.971,0.0,0.55
hif,658,0,5,238.917,165.8735,90.0,1.805
hif,658,0,6,239.03,166.776,0.0,0.226
hif,658,0,7,239.7795,165.8735,125.1939,2.2087
hif,658,0,8,240.7295,164.971,0.0,0.627
hif,658,0,9,240.377,165.9005,125.6225,2.2869
hif,658,1,0,238.9875,168.739,0.0,0.145
hif,658,1,1,239.075,167.993,91.1519,1.4923
hif,658,1,2,239.003,167.247,0.0,0.174
hif,658,1,3,238.916,167.993,90.0,1.492
hif,659,0,0,244.0175,168.8175,124.1489,0.1728
hif,659,0,1,243.9135,168.9515,131.6031,0.1672
hif,659,0,2,243.0715,168.1835,46.5586,2.2876
hif,659,0,3,242.3715,167.306,151.4845,0.1969
hif,659,0,4,242.548,167.217,154.9802,0.1986
hif,659,0,5,242.376,166.52,68.1985,1.4109
hif,659,0,6,242.09,165.944,106.898,0.1652
hif,659,0,7,242.0585,166.1095,94.9551,0.1737
hif,659,0,8,241.7765,166.138,11.9305,0.5611
hif,659,0,9,241.5295,165.954,102.3097,0.2579
hif,659,0,10,241.6035,165.714,112.1911,0.2462
hif,659,0,11,242.837,166.2455,28.5375,2.7023
hif,659,0,12,243.959,166.9745,127.8927,0.2116
hif,659,0,13,243.8155,167.1295,137.6765,0.2123
hif,659,0,14,243.646,167.264,145.3043,0.2214
hif,659,0,15,242.9255,167.689,150.0986,1.4523
hif,659,0,16,242.2755,168.1045,110.9668,0.1146
hif,659,0,17,242.248,168.2185,96.5962,0.1218
hif,659,0,18,242.704,168.576,32.6801,1.1002
hif,659,0,19,243.2575,168.834,156.6861,0.1971
hif,659,0,20,243.424,168.731,139.8959,0.1987
hif,659,0,21,243.5635,168.5775,125.3575,0.2195
hif,660,0,0,143.643,212.9925,90.0,1.727
hif,660,0,1,143.368,213.856,0.0,0.55
hif,660,0,2,143.093,211.7375,90.0,4.237
hif,660,0,3,143.368,209.619,0.0,0.55
hif,660,0,4,143.643,210.639,90.0,2.04
hif,660,0,5,144.624,211.659,0.0,1.962
hif,660,0,6,145.605,210.639,90.0,2.04
hif,660,0,7,145.88,209.619,0.0,0.55
hif,660,0,8,146.155,211.7375,90.0,4.237
hif,660,0,9,145.88,213.856,0.0,0.55
hif,660,0,10,145.605,212.9925,90.0,1.727
hif,661,0,0,149.9625,210.167,113.919,1.2011
hif,661,0,1,150.4925,209.618,0.0,0.573
hif,661,0,2,149.759,211.8465,114.5938,4.9017
hif,661,0,3,147.719,211.8465,65.406,4.9017
hif,661,0,4,146.985,209.618,0.0,0.572
hif,661,0,5,147.5145,210.167,66.081,1.2011
hif,661,0,6,148.7385,210.716,0.0,1.961
hif,661,1,0,148.7385,211.186,0.0,1.519
hif,661,1,1,148.359,212.048,66.2101,1.8841
hif,661,1,2,149.1185,212.048,113.7618,1.8837
hif,662,0,0,151.677,209.617,0.0,0.55
hif,662,0,1,151.952,211.2135,90.0,3.193
hif,662,0,2,153.5215,211.126,132.9845,4.604
hif,662,0,3,155.091,211.648,90.0,4.412
hif,662,0,4,154.816,213.854,0.0,0.55
hif,662,0,5,154.541,212.308,90.0,3.092
hif,662,0,6,152.9715,212.41,133.6021,4.5516
hif,663,0,0,158.319,211.5,90.0,0.472
hif,663,0,1,158.857,211.264,0.0,1.076
hif,663,0,2,159.376,211.138,81.4231,0.2549
hif,663,0,3,159.311,210.8945,68.6225,0.2524
hif,663,0,4,157.84,211.2505,161.619,3.0032
hif,663,0,5,156.419,211.817,87.5339,0.1862
hif,663,0,6,156.4355,212.0,82.0944,0.1817
hif,663,0,7,157.788,212.5995,20.8176,2.8672
hif,663,0,8,159.197,213.038,134.182,0.198
hif,663,0,9,159.3265,212.8885,127.6216,0.1982
hif,663,0,10,159.5615,212.997,46.9787,0.5115
hif,663,0,11,159.657,213.279,129.7467,0.2471
hif,663,0,12,159.4885,213.457,137.1606,0.2441
hif,663,0,13,157.681,212.3075,35.6557,4.2288
hif,663,0,14,156.0,210.976,110.4941,0.2114
hif,663,0,15,156.0825,210.7825,115.7113,0.2098
hif,663,0,16,158.0345,211.021,9.9079,3.8707
hif,663,0,17,159.9455,211.4605,87.5796,0.2132
hif,663,0,18,159.95,211.649,90.0,0.164
hif,664,0,0,163.5615,210.167,113.919,1.2011
hif,664,0,1,164.0915,209.618,0.0,0.573
hif,664,0,2,163.358,211.8465,114.5938,4.9017
hif,664,0,3,161.318,211.8465,65.406,4.9017
hif,664,0,4,160.584,209.618,0.0,0.572
hif,664,0,5,161.1135,210.167,66.081,1.2011
hif,664,0,6,162.3375,210.716,0.0,1.961
hif,664,1,0,162.3375,211.186,0.0,1.519
hif,664,1,1,161.958,212.048,66.2101,1.8841
hif,664,1,2,162.7175,212.048,113.7618,1.8837
hif,665,0,0,166.4575,211.5005,12.3951,0.2283
hif,665,0,1,166.1185,212.689,111.1578,2.4963
hif,665,0,2,165.3355,213.853,0.0,0.665
hif,665,0,3,165.003,211.7345,90.0,4.237
hif,665,0,4,165.278,209.616,0.0,0.55
hif,665,0,5,165.553,210.5185,90.0,1.805
hif,665,0,6,165.6655,211.421,0.0,0.225
hif,665,0,7,166.415,210.5185,125.2149,2.2093
hif,665,0,8,167.3655,209.616,0.0,0.627
hif,665,0,9,167.013,210.5455,125.6222,2.2869
hif,665,1,0,165.6245,213.384,0.0,0.145
hif,665,1,1,165.712,212.638,91.1519,1.4923
hif,665,1,2,165.64,211.892,0.0,0.174
hif,665,1,3,165.553,212.638,90.0,1.492
hif,666,0,0,170.6545,213.4625,124.1489,0.1728
hif,666,0,1,170.5505,213.5965,131.6031,0.1672
hif,666,0,2,169.7085,212.8285,46.5586,2.2876
hif,666,0,3,169.0085,211.951,151.4845,0.1969
hif,666,0,4,169.185,211.862,154.9802,0.1986
hif,666,0,5,169.013,211.165,68.1985,1.4109
hif,666,0,6,168.727,210.589,106.898,0.1652
hif,666,0,7,168.6955,210.755,94.9275,0.1746
hif,666,0,8,168.4135,210.784,11.9305,0.5611
hif,666,0,9,168.1665,210.6,102.3111,0.2579
hif,666,0,10,168.2405,210.36,112.1911,0.2462
hif,666,0,11,169.4745,210.8915,28.5273,2.7032
hif,666,0,12,170.5975,211.6205,127.6853,0.211
hif,666,0,13,170.454,211.776,137.6526,0.2138
hif,666,0,14,170.284,211.911,145.3021,0.2214
hif,666,0,15,169.5635,212.3355,150.1331,1.4518
hif,666,0,16,168.9135,212.7505,110.9668,0.1146
hif,666,0,17,168.886,212.8645,96.6033,0.1218
hif,666,0,18,169.342,213.222,32.6784,1.1001
hif,666,0,19,169.896,213.48,156.7997,0.198
hif,666,0,20,170.0625,213.377,139.7149,0.1979
hif,666,0,21,170.2015,213.2235,125.3575,0.2195
hif,667,0,0,134.757,276.6895,90.0,1.727
hif,667,0,1,134.482,277.553,0.0,0.55
hif,667,0,2,134.207,275.4345,90.0,4.237
hif,667,0,3,134.482,273.316,0.0,0.55
hif,667,0,4,134.757,274.336,90.0,2.04
hif,667,0,5,135.738,275.356,0.0,1.962
hif,667,0,6,136.719,274.336,90.0,2.04
hif,667,0,7,136.994,273.316,0.0,0.55
hif,667,0,8,137.269,275.4345,90.0,4.237
hif,667,0,9,136.994,277.553,0.0,0.55
hif,667,0,10,136.719,276.6895,90.0,1.727
hif,668,0,0,141.0765,273.865,113.919,1.2011
hif,668,0,1,141.6065,273.316,0.0,0.573
hif,668,0,2,140.873,275.5445,114.5938,4.9017
hif,668,0,3,138.833,275.5445,65.406,4.9017
hif,668,0,4,138.099,273.316,0.0,0.572
hif,668,0,5,138.6285,273.865,66.081,1.2011
hif,668,0,6,139.8525,274.414,0.0,1.961
hif,668,1,0,139.8525,274.884,0.0,1.519
hif,668,1,1,139.473,275.746,66.2101,1.8841
hif,668,1,2,140.2325,275.746,113.7618,1.8837
hif,669,0,0,142.791,273.314,0.0,0.55
hif,669,0,1,143.066,274.9105,90.0,3.193
hif,669,0,2,144.6355,274.823,132.9845,4.604
hif,669,0,3,146.205,275.345,90.0,4.412
hif,669,0,4,145.93,277.551,0.0,0.55
hif,669,0,5,145.655,276.005,90.0,3.092
hif,669,0,6,144.0855,276.107,133.6021,4.5516
hif,670,0,0,149.433,275.198,90.0,0.472
hif,670,0,1,149.971,274.962,0.0,1.076
hif,670,0,2,150.4895,274.836,81.2028,0.255
hif,670,0,3,150.4235,274.5925,68.4099,0.2527
hif,670,0,4,148.952,274.9485,161.619,3.0032
hif,670,0,5,147.5315,275.515,87.229,0.1862
hif,670,0,6,147.5485,275.698,82.0897,0.1817
hif,670,0,7,148.901,276.298,20.8365,2.8675
hif,670,0,8,150.31,276.737,134.182,0.198
hif,670,0,9,150.4395,276.5875,127.6251,0.1982
hif,670,0,10,150.6745,276.6965,47.0568,0.5123
hif,670,0,11,150.77,276.9785,129.8965,0.2463
hif,670,0,12,150.6015,277.156,137.1606,0.2441
hif,670,0,13,148.794,276.0065,35.6559,4.2287
hif,670,0,14,147.1125,274.675,110.238,0.211
hif,670,0,15,147.195,274.482,116.0756,0.2093
hif,670,0,16,149.1475,274.721,9.9074,3.8707
hif,670,0,17,151.0585,275.16,87.5684,0.2122
hif,670,0,18,151.063,275.348,90.0,0.164
hif,671,0,0,154.6755,273.865,113.919,1.2011
hif,671,0,1,155.2055,273.316,0.0,0.573
hif,671,0,2,154.472,275.5445,114.5938,4.9017
hif,671,0,3,152.432,275.5445,65.406,4.9017
hif,671,0,4,151.698,273.316,0.0,0.572
hif,671,0,5,152.2275,273.865,66.081,1.2011
hif,671,0,6,153.4515,274.414,0.0,1.961
hif,671,1,0,153.4515,274.884,0.0,1.519
hif,671,1,1,153.072,275.746,66.2101,1.8841
hif,671,1,2,153.8315,275.746,113.7618,1.8837
hif,672,0,0,157.5715,275.1985,12.3951,0.2283
hif,672,0,1,157.2325,276.387,111.1578,2.4963
hif,672,0,2,156.4495,277.551,0.0,0.665
hif,672,0,3,156.117,275.4325,90.0,4.237
hif,672,0,4,156.392,273.314,0.0,0.55
hif,672,0,5,156.667,274.2165,90.0,1.805
hif,672,0,6,156.7795,275.119,0.0,0.225
hif,672,0,7,157.529,274.2165,125.2149,2.2093
hif,672,0,8,158.4795,273.314,0.0,0.627
hif,672,0,9,158.127,274.2435,125.6222,2.2869
hif,672,1,0,156.7385,277.082,0.0,0.145
hif,672,1,1,156.826,276.337,91.1534,1.4903
hif,672,1,2,156.754,275.592,0.0,0.174
hif,672,1,3,156.667,276.3375,90.0,1.491
hif,673,0,0,174.2205,553.802,113.9189,1.2012
hif,673,0,1,174.7505,553.253,0.0,0.573
hif,673,0,2,174.017,555.4815,114.5938,4.9017
hif,673,0,3,171.977,555.4815,65.406,4.9017
hif,673,0,4,171.243,553.253,0.0,0.572
hif,673,0,5,171.7725,553.802,66.0811,1.2012
hif,673,0,6,172.9965,554.351,0.0,1.961
hif,673,1,0,172.9965,554.821,0.0,1.519
hif,673,1,1,172.617,555.683,66.2101,1.8841
hif,673,1,2,173.3765,555.683,113.7618,1.8837
hif,674,0,0,177.741,557.255,90.0,0.47
hif,674,0,1,176.7005,557.49,0.0,2.081
hif,674,0,2,175.66,555.3715,90.0,4.237
hif,674,0,3,175.935,553.253,0.0,0.55
hif,674,0,4,176.21,554.3125,90.0,2.119
hif,674,0,5,176.9495,555.372,0.0,1.479
hif,674,0,6,177.689,555.6075,90.0,0.471
hif,674,0,7,176.9495,555.843,0.0,1.479
hif,674,0,8,176.21,556.4315,90.0,1.177
hif,675,0,0,179.0395,553.252,0.0,0.881
hif,675,0,1,179.4875,555.372,89.7973,4.24
hif,675,0,2,179.0465,557.492,0.0,0.897
hif,675,0,3,178.598,555.373,90.0,4.238
hif,675,1,0,179.242,557.02,0.0,0.186
hif,675,1,1,179.335,555.371,90.0,3.298
hif,675,1,2,179.242,553.722,0.0,0.186
hif,675,1,3,179.149,555.3705,90.0,3.297
hif,676,0,0,183.1676,555.2924,0.0,1.2552
hif,676,0,1,183.7952,555.0962,90.0,0.3923
hif,676,0,2,183.1676,554.9,0.0,1.2552
hif,676,0,3,182.54,555.0962,90.0,0.3923
hif,677,0,0,186.3585,554.597,51.6008,2.233
hif,677,0,1,185.8955,556.0645,152.8728,2.5989
hif,677,0,2,184.7135,556.519,79.5288,0.2807
hif,677,0,3,184.9535,556.381,0.0,0.531
hif,677,0,4,185.2315,556.461,81.1215,0.1619
hif,677,0,5,185.869,556.053,142.0172,1.5859
hif,677,0,6,185.5615,554.409,51.1084,2.9704
hif,677,0,7,185.9865,553.253,0.0,2.715
hif,677,0,8,187.344,553.488,90.0,0.47
hif,678,0,0,189.7985,554.1545,53.5767,2.4371
hif,678,0,1,190.6045,555.267,57.9957,0.3113
hif,678,0,2,190.13,556.524,116.3405,2.5107
hif,678,0,3,189.4325,557.635,5.6903,0.2824
hif,678,0,4,189.1625,557.5805,17.3659,0.2714
hif,678,0,5,189.2185,556.223,98.0174,2.66
hif,678,0,6,189.5105,554.914,4.2963,0.2136
hif,678,0,7,189.716,554.955,18.4346,0.2087
hif,678,0,8,189.821,554.982,134.9909,0.017
hif,678,0,9,189.26,554.2275,52.8555,1.878
hif,678,0,10,188.8845,553.3295,142.0224,0.4859
hif,678,1,0,189.495,555.38,173.8109,0.167
hif,678,1,1,189.3315,555.415,162.1022,0.1692
hif,678,1,2,189.3375,556.3,84.2497,1.7267
hif,678,1,3,189.517,557.1685,5.8327,0.187
hif,678,1,4,189.6955,557.168,173.3285,0.1722
hif,678,1,5,189.8635,556.3035,95.515,1.7169
hif,678,1,6,189.8585,555.4215,17.447,0.1834
hif,678,1,7,189.674,555.3845,5.5939,0.1949
hif,679,0,0,192.8045,556.6605,53.7435,2.4467
hif,679,0,1,191.9985,555.5465,57.0959,0.3037
hif,679,0,2,192.4735,554.297,116.422,2.5057
hif,679,0,3,193.1715,553.1885,5.4887,0.2823
hif,679,0,4,193.4415,553.2425,17.3667,0.2714
hif,679,0,5,193.388,554.601,97.9047,2.6613
hif,679,0,6,193.0955,555.905,7.2856,0.2208
hif,679,0,7,192.887,555.8545,20.238,0.211
hif,679,0,8,192.782,555.8235,137.4797,0.0163
hif,679,0,9,193.343,556.622,54.435,1.9497
hif,679,0,10,193.7185,557.5305,148.9053,0.4473
hif,679,1,0,192.9365,553.653,174.1936,0.1779
hif,679,1,1,192.764,553.689,162.1823,0.1765
hif,679,1,2,192.766,554.5725,84.2658,1.7216
hif,679,1,3,192.938,555.439,6.6328,0.1732
hif,679,1,4,193.108,555.44,173.8839,0.169
hif,679,1,5,193.2785,554.5715,95.747,1.7277
hif,679,1,6,193.2815,553.6865,16.981,0.1746
hif,679,1,7,193.111,553.652,5.9068,0.1749
hif,680,0,0,197.9785,557.333,0.0,0.553
hif,680,0,1,198.255,557.569,90.0,0.472
hif,680,0,2,197.7035,557.805,0.0,1.103
hif,680,0,3,197.152,554.9795,90.0,5.651
hif,680,0,4,197.7035,552.154,0.0,1.103
hif,680,0,5,198.255,552.3895,90.0,0.471
hif,680,0,6,197.9785,552.625,0.0,0.553
hif,681,0,0,199.17,556.151,90.0,2.678
hif,681,0,1,200.7425,554.812,0.0,3.145
hif,681,0,2,202.315,556.151,90.0,2.678
hif,681,0,3,202.0405,557.49,0.0,0.549
hif,681,0,4,201.766,556.2415,90.0,2.497
hif,681,0,5,200.745,554.993,0.0,2.042
hif,681,0,6,199.724,556.2415,90.0,2.497
hif,682,0,0,205.6135,557.0975,124.1496,0.1728
hif,682,0,1,205.5095,557.2315,131.6031,0.1672
hif,682,0,2,204.6675,556.4635,46.5585,2.2876
hif,682,0,3,203.9675,555.586,151.4835,0.1969
hif,682,0,4,204.144,555.497,154.9842,0.1986
hif,682,0,5,203.972,554.8,68.1985,1.4109
hif,682,0,6,203.686,554.224,106.8999,0.1651
hif,682,0,7,203.6545,554.39,94.9269,0.1746
hif,682,0,8,203.3725,554.419,11.9309,0.5611
hif,682,0,9,203.1255,554.235,102.3104,0.2579
hif,682,0,10,203.1995,553.995,112.1907,0.2462
hif,682,0,11,204.4335,554.5265,28.5276,2.7032
hif,682,0,12,205.5565,555.2555,127.684,0.211
hif,682,0,13,205.413,555.411,137.6549,0.2138
hif,682,0,14,205.243,555.546,145.3037,0.2214
hif,682,0,15,204.5225,555.9705,150.1328,1.4518
hif,682,0,16,203.8725,556.3855,110.9662,0.1146
hif,682,0,17,203.845,556.4995,96.6033,0.1218
hif,682,0,18,204.301,556.857,32.6785,1.1001
hif,682,0,19,204.855,557.115,156.8007,0.198
hif,682,0,20,205.0215,557.012,139.7132,0.198
hif,682,0,21,205.1605,556.8585,125.3552,0.2195
hif,683,0,0,209.3795,553.802,113.9189,1.2012
hif,683,0,1,209.9095,553.253,0.0,0.573
hif,683,0,2,209.176,555.4815,114.5938,4.9017
hif,683,0,3,207.136,555.4815,65.406,4.9017
hif,683,0,4,206.402,553.253,0.0,0.572
hif,683,0,5,206.9315,553.802,66.0811,1.2012
hif,683,0,6,208.1555,554.351,0.0,1.961
hif,683,1,0,208.1555,554.821,0.0,1.519
hif,683,1,1,207.776,555.683,66.2101,1.8841
hif,683,1,2,208.5355,555.683,113.7618,1.8837
hif,684,0,0,212.9,557.255,90.0,0.47
hif,684,0,1,211.8595,557.49,0.0,2.081
hif,684,0,2,210.819,555.3715,90.0,4.237
hif,684,0,3,211.094,553.253,0.0,0.55
hif,684,0,4,211.369,554.3125,90.0,2.119
hif,684,0,5,212.1085,555.372,0.0,1.479
hif,684,0,6,212.848,555.6075,90.0,0.471
hif,684,0,7,212.1085,555.843,0.0,1.479
hif,684,0,8,211.369,556.4315,90.0,1.177
hif,685,0,0,213.953,552.625,0.0,0.554
hif,685,0,1,213.676,552.389,90.0,0.472
hif,685,0,2,214.227,552.153,0.0,1.102
hif,685,0,3,214.778,554.9785,90.0,5.651
hif,685,0,4,214.227,557.804,0.0,1.102
hif,685,0,5,213.676,557.5685,90.0,0.471
hif,685,0,6,213.953,557.333,0.0,0.554
hif,686,0,0,24.573,516.0815,153.6172,0.2813
hif,686,0,1,24.4415,514.0685,89.8482,4.151
hif,686,0,2,24.5665,512.055,25.4123,0.289
hif,686,0,3,24.697,512.431,90.0,0.628
hif,686,0,4,24.571,512.649,37.3043,0.3168
hif,686,0,5,24.447,514.0695,89.9244,3.033
hif,686,0,6,24.5735,515.4945,143.6866,0.309
hif,687,0,0,25.849,516.142,0.0,0.55
hif,687,0,1,25.574,514.0235,90.0,4.237
hif,687,0,2,26.496,511.905,0.0,1.844
hif,687,0,3,27.418,512.14,90.0,0.47
hif,687,0,4,26.771,512.375,0.0,1.294
hif,688,0,0,28.285,511.904,0.0,0.55
hif,688,0,1,28.56,513.5005,90.0,3.193
hif,688,0,2,30.1295,513.413,132.9844,4.604
hif,688,0,3,31.699,513.935,90.0,4.412
hif,688,0,4,31.424,516.141,0.0,0.55
hif,688,0,5,31.149,514.595,90.0,3.092
hif,688,0,6,29.5795,514.697,133.6023,4.5516
hif,689,0,0,35.703,516.0815,153.617,0.2813
hif,689,0,1,35.5715,514.0685,89.8481,4.151
hif,689,0,2,35.6965,512.055,25.4122,0.289
hif,689,0,3,35.827,512.431,90.0,0.628
hif,689,0,4,35.701,512.649,37.3038,0.3168
hif,689,0,5,35.577,514.0695,89.9244,3.033
hif,689,0,6,35.7035,515.4945,143.6866,0.309
hif,690,0,0,39.0385,511.904,0.0,0.881
hif,690,0,1,39.4865,514.024,89.7973,4.24
hif,690,0,2,39.0455,516.144,0.0,0.897
hif,690,0,3,38.597,514.025,90.0,4.238
hif,690,1,0,39.239,515.671,0.0,0.186
hif,690,1,1,39.332,514.0225,90.0,3.297
hif,690,1,2,39.239,512.374,0.0,0.186
hif,690,1,3,39.146,514.0225,90.0,3.297
hif,691,0,0,43.77,511.904,0.0,2.308
hif,691,0,1,44.924,512.139,90.0,0.47
hif,691,0,2,44.0455,512.374,0.0,1.757
hif,691,0,3,43.167,513.198,90.0,1.648
hif,691,0,4,44.02,514.022,0.0,1.706
hif,691,0,5,44.873,514.257,90.0,0.47
hif,691,0,6,44.02,514.492,0.0,1.706
hif,691,0,7,43.167,515.081,90.0,1.178
hif,691,0,8,44.0455,515.67,0.0,1.757
hif,691,0,9,44.924,515.905,90.0,0.47
hif,691,0,10,43.77,516.14,0.0,2.308
hif,692,0,0,46.096,516.142,0.0,0.55
hif,692,0,1,45.821,514.0235,90.0,4.237
hif,692,0,2,46.743,511.905,0.0,1.844
hif,692,0,3,47.665,512.14,90.0,0.47
hif,692,0,4,47.018,512.375,0.0,1.294
hif,693,0,0,22.61,507.1065,90.0,3.767
hif,693,0,1,22.845,505.223,0.0,0.47
hif,693,0,2,23.08,507.3415,90.0,4.237
hif,693,0,3,22.622,509.46,0.0,0.916
hif,693,0,4,22.017,509.225,57.9727,0.5544
hif,694,0,0,26.7195,506.568,51.6007,2.233
hif,694,0,1,26.2565,508.036,152.8534,2.5993
hif,694,0,2,25.0745,508.491,79.5308,0.2807
hif,694,0,3,25.3145,508.353,0.0,0.531
hif,694,0,4,25.5925,508.433,81.1193,0.1619
hif,694,0,5,26.23,508.025,142.0173,1.5859
hif,694,0,6,25.9225,506.381,51.1083,2.9705
hif,694,0,7,26.3475,505.225,0.0,2.715
hif,694,0,8,27.705,505.46,90.0,0.47
hif,695,0,0,30.841,507.999,90.0,3.356
hif,695,0,1,29.5545,507.763,56.0929,4.6124
hif,695,0,2,29.3195,505.849,0.0,2.103
hif,695,0,3,30.371,505.5355,90.0,0.627
hif,695,0,4,30.606,505.222,0.0,0.47
hif,695,0,5,30.841,505.5355,90.0,0.627
hif,695,0,6,31.084,505.849,0.0,0.486
hif,695,0,7,31.327,506.0845,90.0,0.471
hif,695,0,8,31.084,506.32,0.0,0.486
hif,695,1,0,29.766,506.321,0.0,1.21
hif,695,1,1,29.76,507.1995,55.7122,2.1266
hif,695,1,2,30.365,508.078,0.0,0.012
hif,695,1,3,30.371,507.1995,90.0,1.757
hif,696,0,0,32.503,505.758,12.0309,0.1247
hif,696,0,1,32.6135,505.7105,168.6259,0.3499
hif,696,0,2,32.735,505.7105,145.3948,0.1215
hif,697,0,0,35.085,507.1065,90.0,3.767
hif,697,0,1,35.32,505.223,0.0,0.47
hif,697,0,2,35.555,507.3415,90.0,4.237
hif,697,0,3,35.097,509.46,0.0,0.916
hif,697,0,4,34.492,509.225,57.9726,0.5544
hif,698,0,0,42.617,507.2625,179.6986,0.19
hif,698,0,1,42.264,506.7005,51.415,1.4366
hif,698,0,2,41.7995,506.2125,102.6512,0.1507
hif,698,0,3,41.526,506.286,0.0,0.514
hif,698,0,4,41.2885,506.162,98.9365,0.251
hif,698,0,5,42.387,506.7185,32.2387,2.5513
hif,698,0,6,43.397,507.4425,147.7719,0.1631
hif,698,0,7,43.4345,507.5785,40.9752,0.2821
hif,698,0,8,42.4845,508.228,152.2011,2.3887
hif,698,0,9,41.401,508.661,77.7168,0.2538
hif,698,0,10,41.6365,508.537,0.0,0.525
hif,698,0,11,41.914,508.6025,77.0999,0.1344
hif,698,0,12,42.303,508.205,128.9302,1.1904
hif,698,0,13,42.5935,507.7375,3.0831,0.1672
hif,699,0,0,46.143,507.2625,179.6986,0.19
hif,699,0,1,45.79,506.7005,51.415,1.4366
hif,699,0,2,45.3255,506.2125,102.6512,0.1507
hif,699,0,3,45.052,506.286,0.0,0.514
hif,699,0,4,44.8145,506.162,98.9365,0.251
hif,699,0,5,45.913,506.7185,32.2387,2.5513
hif,699,0,6,46.923,507.4425,147.7719,0.1631
hif,699,0,7,46.9605,507.5785,40.9752,0.2821
hif,699,0,8,46.0105,508.228,152.2011,2.3887
hif,699,0,9,44.927,508.661,77.7168,0.2538
hif,699,0,10,45.1625,508.537,0.0,0.525
hif,699,0,11,45.44,508.6025,77.0999,0.1344
hif,699,0,12,45.829,508.205,128.9302,1.1904
hif,699,0,13,46.1195,507.7375,3.0831,0.1672
hif,700,0,0,50.966,509.225,90.0,0.47
hif,700,0,1,50.129,509.46,0.0,1.674
hif,700,0,2,48.9645,508.37,73.2767,2.2763
hif,700,0,3,48.688,507.28,0.0,0.102
hif,700,0,4,48.8195,507.359,44.4601,0.2256
hif,700,0,5,49.728,507.0445,154.5811,1.8335
hif,700,0,6,50.5455,506.5475,84.2072,0.2081
hif,700,0,7,50.5055,506.347,73.0837,0.2028
hif,700,0,8,49.604,506.12,8.4794,1.7633
hif,700,0,9,48.6885,506.05,125.9409,0.1482
hif,700,0,10,48.614,506.175,115.4981,0.144
hif,700,0,11,48.385,506.055,43.0562,0.542
hif,700,0,12,48.2395,505.788,122.63,0.1947
hif,700,0,13,48.9935,506.9135,59.8454,2.793
hif,700,0,14,49.5455,508.1125,3.2538,0.2995
hif,700,0,15,49.529,508.5445,73.1995,0.9203
hif,701,0,0,52.292,505.758,12.0309,0.1247
hif,701,0,1,52.4025,505.7105,168.6259,0.3499
hif,701,0,2,52.524,505.7105,145.3948,0.1215
hif,702,0,0,53.789,506.262,95.3817,0.2772
hif,702,0,1,54.841,506.7335,30.3969,2.4092
hif,702,0,2,55.806,507.3785,154.3717,0.1641
hif,702,0,3,55.851,507.504,37.1005,0.2984
hif,702,0,4,55.0675,507.594,0.0,1.805
hif,702,0,5,54.2775,507.504,141.34,0.2881
hif,702,0,6,54.3195,507.3785,26.7273,0.1579
hif,702,0,7,54.018,506.9545,59.2646,0.904
hif,702,0,8,53.782,506.483,86.5519,0.1663
hif,702,1,0,55.1435,509.139,173.7037,0.1459
hif,702,1,1,55.285,509.1095,162.6936,0.1445
hif,702,1,2,55.2815,508.3805,84.1491,1.4224
hif,702,1,3,55.1405,507.664,7.4874,0.1382
hif,702,1,4,55.003,507.664,172.5664,0.1392
hif,702,1,5,54.86,508.3805,95.9712,1.4227
hif,702,1,6,54.855,509.1095,17.3064,0.1445
hif,702,1,7,54.9975,509.139,6.2114,0.1479
hif,702,2,0,55.15,507.177,174.2153,0.1588
hif,702,2,1,55.3045,507.147,163.7549,0.1573
hif,702,2,2,55.303,506.3785,84.1109,1.5009
hif,702,2,3,55.1485,505.624,5.893,0.1558
hif,702,2,4,54.993,505.624,174.1443,0.1568
hif,702,2,5,54.8385,506.3785,95.8512,1.5008
hif,702,2,6,54.838,507.147,16.1438,0.1582
hif,702,2,7,54.993,507.177,5.7847,0.1588
hif,703,0,0,73.291,294.713,90.0,3.356
hif,703,0,1,72.0045,294.477,56.0927,4.6123
hif,703,0,2,71.7695,292.563,0.0,2.103
hif,703,0,3,72.821,292.2495,90.0,0.627
hif,703,0,4,73.056,291.936,0.0,0.47
hif,703,0,5,73.291,292.2495,90.0,0.627
hif,703,0,6,73.534,292.563,0.0,0.486
hif,703,0,7,73.777,292.7985,90.0,0.471
hif,703,0,8,73.534,293.034,0.0,0.486
hif,703,1,0,72.216,293.035,0.0,1.21
hif,703,1,1,72.21,293.9135,55.712,2.1265
hif,703,1,2,72.815,294.792,0.0,0.012
hif,703,1,3,72.821,293.9135,90.0,1.757
hif,704,0,0,75.563,293.926,58.2794,4.1805
hif,704,0,1,74.6695,292.003,144.7923,0.503
hif,704,0,2,76.2,294.0155,58.4444,5.0638
hif,704,0,3,75.9945,296.173,0.0,3.061
hif,704,0,4,74.464,295.938,90.0,0.47
hif,705,0,0,79.091,293.926,58.2794,4.1805
hif,705,0,1,78.1975,292.003,144.7923,0.503
hif,705,0,2,79.728,294.0155,58.4444,5.0638
hif,705,0,3,79.5225,296.173,0.0,3.061
hif,705,0,4,77.992,295.938,90.0,0.47
hif,706,0,0,84.207,295.939,90.0,0.47
hif,706,0,1,83.37,296.174,0.0,1.674
hif,706,0,2,82.2055,295.084,73.2766,2.2763
hif,706,0,3,81.929,293.994,0.0,0.102
hif,706,0,4,82.0605,294.073,44.4601,0.2256
hif,706,0,5,82.968,293.759,154.5821,1.8313
hif,706,0,6,83.785,293.2625,84.4822,0.208
hif,706,0,7,83.7455,293.0625,73.0016,0.2018
hif,706,0,8,82.8435,292.8355,8.5062,1.7644
hif,706,0,9,81.928,292.765,125.6285,0.1476
hif,706,0,10,81.854,292.89,115.4982,0.144
hif,706,0,11,81.625,292.77,43.0559,0.5419
hif,706,0,12,81.4795,292.503,122.6279,0.1947
hif,706,0,13,82.2335,293.6285,59.8452,2.7929
hif,706,0,14,82.7855,294.828,3.0614,0.2994
hif,706,0,15,82.7685,295.2595,73.223,0.9181
hif,707,0,0,72.801,299.384,0.0,2.308
hif,707,0,1,73.955,299.619,90.0,0.47
hif,707,0,2,73.0765,299.854,0.0,1.757
hif,707,0,3,72.198,300.678,90.0,1.648
hif,707,0,4,73.051,301.502,0.0,1.706
hif,707,0,5,73.904,301.737,90.0,0.47
hif,707,0,6,73.051,301.972,0.0,1.706
hif,707,0,7,72.198,302.561,90.0,1.178
hif,707,0,8,73.0765,303.15,0.0,1.757
hif,707,0,9,73.955,303.385,90.0,0.47
hif,707,0,10,72.801,303.62,0.0,2.308
hif,708,0,0,75.127,303.623,0.0,0.55
hif,708,0,1,74.852,301.5045,90.0,4.237
hif,708,0,2,75.774,299.386,0.0,1.844
hif,708,0,3,76.696,299.621,90.0,0.47
hif,708,0,4,76.049,299.856,0.0,1.294
hif,709,0,0,78.443,299.384,0.0,2.308
hif,709,0,1,79.597,299.619,90.0,0.47
hif,709,0,2,78.7185,299.854,0.0,1.757
hif,709,0,3,77.84,300.678,90.0,1.648
hif,709,0,4,78.693,301.502,0.0,1.706
hif,709,0,5,79.546,301.737,90.0,0.47
hif,709,0,6,78.693,301.972,0.0,1.706
hif,709,0,7,77.84,302.561,90.0,1.178
hif,709,0,8,78.7185,303.15,0.0,1.757
hif,709,0,9,79.597,303.385,90.0,0.47
hif,709,0,10,78.443,303.62,0.0,2.308
hif,710,0,0,80.312,303.623,0.0,0.58
hif,710,0,1,80.9455,301.397,112.5321,4.8199
hif,710,0,2,82.7895,301.397,67.5338,4.8176
hif,710,0,3,83.42,303.623,0.0,0.58
hif,710,0,4,82.4995,302.0635,67.9866,3.3643
hif,711,0,0,101.2895,285.9845,124.1489,0.1728
hif,711,0,1,101.1855,286.1185,131.6051,0.1672
hif,711,0,2,100.3435,285.3505,46.5589,2.2876
hif,711,0,3,99.6435,284.473,151.4835,0.1969
hif,711,0,4,99.82,284.384,154.9793,0.1986
hif,711,0,5,99.648,283.687,68.1985,1.4109
hif,711,0,6,99.362,283.111,106.8955,0.1651
hif,711,0,7,99.3305,283.277,94.9275,0.1746
hif,711,0,8,99.0485,283.306,11.9304,0.5611
hif,711,0,9,98.8015,283.122,102.3128,0.2579
hif,711,0,10,98.8755,282.882,112.1911,0.2462
hif,711,0,11,100.1095,283.4135,28.5273,2.7032
hif,711,0,12,101.2325,284.1425,127.6853,0.211
hif,711,0,13,101.089,284.298,137.6526,0.2138
hif,711,0,14,100.919,284.433,145.3032,0.2214
hif,711,0,15,100.1985,284.8585,150.064,1.4528
hif,711,0,16,99.5485,285.274,111.1485,0.1136
hif,711,0,17,99.521,285.388,96.5458,0.1228
hif,711,0,18,99.977,285.746,32.6788,1.1001
hif,711,0,19,100.531,286.004,156.8005,0.198
hif,711,0,20,100.6975,285.9005,139.4932,0.1986
hif,711,0,21,100.8365,285.7465,125.3529,0.2195
hif,712,0,0,102.812,285.5145,90.0,1.727
hif,712,0,1,102.537,286.378,0.0,0.55
hif,712,0,2,102.262,284.2595,90.0,4.237
hif,712,0,3,102.537,282.141,0.0,0.55
hif,712,0,4,102.812,283.161,90.0,2.04
hif,712,0,5,103.793,284.181,0.0,1.962
hif,712,0,6,104.774,283.161,90.0,2.04
hif,712,0,7,105.049,282.141,0.0,0.55
hif,712,0,8,105.324,284.2595,90.0,4.237
hif,712,0,9,105.049,286.378,0.0,0.55
hif,712,0,10,104.774,285.5145,90.0,1.727
hif,713,0,0,109.1315,282.688,113.919,1.2011
hif,713,0,1,109.6615,282.139,0.0,0.573
hif,713,0,2,108.928,284.3675,114.5939,4.9017
hif,713,0,3,106.888,284.3675,65.4062,4.9017
hif,713,0,4,106.154,282.139,0.0,0.572
hif,713,0,5,106.6835,282.688,66.081,1.2011
hif,713,0,6,107.9075,283.237,0.0,1.961
hif,713,1,0,107.9075,283.709,0.0,1.519
hif,713,1,1,107.528,284.5705,66.1986,1.8832
hif,713,1,2,108.2875,284.5705,113.7738,1.8828
hif,714,0,0,111.0115,282.139,0.0,0.881
hif,714,0,1,111.4595,284.259,89.7972,4.24
hif,714,0,2,111.0185,286.379,0.0,0.897
hif,714,0,3,110.57,284.26,90.0,4.238
hif,714,1,0,111.214,285.906,0.0,0.186
hif,714,1,1,111.307,284.257,90.0,3.298
hif,714,1,2,111.214,282.608,0.0,0.186
hif,714,1,3,111.121,284.2565,90.0,3.297
hif,715,0,0,115.744,282.139,0.0,2.308
hif,715,0,1,116.898,282.374,90.0,0.47
hif,715,0,2,116.0195,282.609,0.0,1.757
hif,715,0,3,115.141,283.433,90.0,1.648
hif,715,0,4,115.994,284.257,0.0,1.706
hif,715,0,5,116.847,284.492,90.0,0.47
hif,715,0,6,115.994,284.727,0.0,1.706
hif,715,0,7,115.141,285.316,90.0,1.178
hif,715,0,8,116.0195,285.905,0.0,1.757
hif,715,0,9,116.898,286.14,90.0,0.47
hif,715,0,10,115.744,286.375,0.0,2.308
hif,716,0,0,120.1175,285.9845,124.1489,0.1728
hif,716,0,1,120.0135,286.1185,131.6051,0.1672
hif,716,0,2,119.1715,285.3505,46.5589,2.2876
hif,716,0,3,118.4715,284.473,151.4835,0.1969
hif,716,0,4,118.648,284.384,154.9793,0.1986
hif,716,0,5,118.476,283.687,68.1985,1.4109
hif,716,0,6,118.19,283.111,106.8955,0.1651
hif,716,0,7,118.1585,283.277,94.9275,0.1746
hif,716,0,8,117.8765,283.306,11.9304,0.5611
hif,716,0,9,117.6295,283.122,102.3128,0.2579
hif,716,0,10,117.7035,282.882,112.1911,0.2462
hif,716,0,11,118.9375,283.4135,28.5273,2.7032
hif,716,0,12,120.0605,284.1425,127.6853,0.211
hif,716,0,13,119.917,284.298,137.6526,0.2138
hif,716,0,14,119.747,284.433,145.3032,0.2214
hif,716,0,15,119.0265,284.8585,150.064,1.4528
hif,716,0,16,118.3765,285.274,111.1485,0.1136
hif,716,0,17,118.349,285.388,96.5458,0.1228
hif,716,0,18,118.805,285.746,32.6788,1.1001
hif,716,0,19,119.359,286.004,156.8005,0.198
hif,716,0,20,119.5255,285.9005,139.4932,0.1986
hif,716,0,21,119.6645,285.7465,125.3529,0.2195
hif,717,0,0,106.4475,293.4315,124.1489,0.1728
hif,717,0,1,106.3435,293.5655,131.6051,0.1672
hif,717,0,2,105.5015,292.7975,46.5589,2.2876
hif,717,0,3,104.8015,291.92,151.4835,0.1969
hif,717,0,4,104.978,291.831,154.9793,0.1986
hif,717,0,5,104.806,291.134,68.1985,1.4109
hif,717,0,6,104.52,290.558,106.8955,0.1651
hif,717,0,7,104.4885,290.724,94.9275,0.1746
hif,717,0,8,104.2065,290.753,11.9304,0.5611
hif,717,0,9,103.9595,290.569,102.3128,0.2579
hif,717,0,10,104.0335,290.329,112.1911,0.2462
hif,717,0,11,105.2675,290.8605,28.5273,2.7032
hif,717,0,12,106.3905,291.5895,127.6853,0.211
hif,717,0,13,106.247,291.745,137.6526,0.2138
hif,717,0,14,106.077,291.88,145.3032,0.2214
hif,717,0,15,105.3565,292.3055,150.064,1.4528
hif,717,0,16,104.7065,292.721,111.1485,0.1136
hif,717,0,17,104.679,292.835,96.5458,0.1228
hif,717,0,18,105.135,293.193,32.6788,1.1001
hif,717,0,19,105.689,293.451,156.8005,0.198
hif,717,0,20,105.8555,293.3475,139.4932,0.1986
hif,717,0,21,105.9945,293.1935,125.3529,0.2195
hif,718,0,0,107.341,292.486,90.0,2.678
hif,718,0,1,108.9135,291.147,0.0,3.145
hif,718,0,2,110.486,292.486,90.0,2.678
hif,718,0,3,110.2115,293.825,0.0,0.549
hif,718,0,4,109.937,292.5765,90.0,2.497
hif,718,0,5,108.916,291.328,0.0,2.042
hif,718,0,6,107.895,292.5765,90.0,2.497
hif,719,0,0,111.737,289.588,0.0,0.55
hif,719,0,1,112.012,291.1845,90.0,3.193
hif,719,0,2,113.5815,291.097,132.9846,4.604
hif,719,0,3,115.151,291.619,90.0,4.412
hif,719,0,4,114.876,293.825,0.0,0.55
hif,719,0,5,114.601,292.279,90.0,3.092
hif,719,0,6,113.0315,292.381,133.6022,4.5516
hif,720,0,0,313.621,478.9,72.9148,0.4833
hif,720,0,1,315.5495,478.8605,5.4707,4.0173
hif,720,0,2,316.001,480.3295,140.4686,4.0141
hif,720,0,3,314.382,481.376,72.9148,0.4833
hif,720,0,4,315.399,480.261,140.9065,2.8037
hif,721,0,0,318.1715,483.25,6.877,1.0022
hif,721,0,1,318.739,483.538,72.9307,0.477
hif,721,0,2,316.7845,483.4985,7.5269,4.0842
hif,721,0,3,316.286,481.873,138.3338,4.0855
hif,721,0,4,317.882,480.743,72.931,0.477
hif,721,0,5,317.574,481.2995,139.008,1.0016
hif,721,0,6,317.436,482.409,72.9175,1.6341
hif,721,1,0,317.058,482.5235,72.9236,1.2669
hif,721,1,1,316.279,482.4315,139.1096,1.5689
hif,721,1,2,316.465,483.037,6.7356,1.5688
hif,722,0,0,317.752,485.674,85.1891,0.1907
hif,722,0,1,316.7205,485.6945,4.0994,2.0843
hif,722,0,2,315.5995,485.3545,72.9327,0.5555
hif,722,0,3,317.206,484.5715,162.9557,3.5311
hif,722,0,4,318.961,484.273,72.989,0.458
hif,722,0,5,318.309,484.7125,162.9506,1.5041
hif,722,0,6,317.618,485.023,72.7186,0.1885
hif,722,0,7,318.5205,485.4,18.1694,1.8408
hif,722,0,8,319.472,485.9365,72.8498,0.5222
hif,722,0,9,318.6455,485.8825,18.568,1.9062
hif,722,1,0,316.048,485.471,72.7671,0.1214
hif,722,1,1,316.664,485.358,164.0423,1.2439
hif,722,1,2,317.241,485.118,73.0755,0.1442
hif,722,1,3,316.626,485.231,162.9654,1.2425
hif,723,0,0,319.1955,490.373,162.9215,3.1394
hif,723,0,1,320.7535,490.0995,72.9523,0.3922
hif,723,0,2,319.1235,490.8045,162.951,3.5301
hif,723,0,3,317.3235,490.957,72.8692,0.7639
hif,723,0,4,317.363,490.417,130.9777,0.4636
hif,724,0,0,319.9935,492.975,162.9215,3.1394
hif,724,0,1,321.5515,492.7015,72.9523,0.3922
hif,724,0,2,319.9215,493.4065,162.951,3.5301
hif,724,0,3,318.1215,493.559,72.8692,0.7639
hif,724,0,4,318.161,493.019,130.9777,0.4636
hif,725,0,0,321.697,494.7005,84.4491,0.1035
hif,725,0,1,321.7625,494.778,61.3388,0.294
hif,725,0,2,321.7935,494.8755,38.5659,0.101
hif,726,0,0,319.971,497.231,126.6673,2.0396
hif,726,0,1,320.662,496.3165,130.3561,0.2533
hif,726,0,2,321.774,496.391,9.4263,2.0882
hif,726,0,3,322.827,496.6775,78.733,0.2355
hif,726,0,4,322.85,496.9055,90.0,0.225
hif,726,0,5,321.7545,497.195,170.8222,2.2194
hif,726,0,6,320.6435,497.2815,80.2794,0.1836
hif,726,0,7,320.633,497.1035,93.2738,0.1753
hif,726,0,8,320.632,497.013,26.5942,0.0134
hif,726,0,9,320.1325,497.6555,127.3987,1.6251
hif,726,0,10,319.5005,498.177,41.8376,0.3718
hif,726,1,0,322.399,496.601,67.1986,0.1497
hif,726,1,1,322.328,496.472,55.0136,0.1465
hif,726,1,2,321.625,496.6905,157.1531,1.4346
hif,726,1,3,320.977,497.04,79.6237,0.1444
hif,726,1,4,321.018,497.1755,66.5349,0.1406
hif,726,1,5,321.752,497.0985,168.6666,1.4401
hif,726,1,6,322.458,496.8845,90.0,0.145
hif,726,1,7,322.4435,496.7405,78.5273,0.1459
hif,727,0,0,324.721,503.028,72.9412,1.9226
hif,727,0,1,324.816,504.005,162.7672,0.3916
hif,727,0,2,324.414,503.3625,72.9378,1.4655
hif,727,0,3,323.5425,502.8635,162.9374,1.3735
hif,727,0,4,323.095,503.745,72.9151,1.4228
hif,727,0,5,323.1165,504.4825,162.9513,0.3922
hif,727,0,6,322.7205,503.8605,72.942,1.4215
hif,727,0,7,322.0425,503.325,162.9485,0.9822
hif,727,0,8,321.788,504.169,72.9263,1.4645
hif,727,0,9,321.816,504.9265,162.908,0.3913
hif,727,0,10,321.347,504.0655,72.9325,1.9216
hif,728,0,0,140.5065,387.51,0.8151,0.281
hif,728,0,1,141.3075,385.659,116.9851,4.1498
hif,728,0,2,142.337,383.9245,52.455,0.2888
hif,728,0,3,142.282,384.3195,117.0121,0.6297
hif,728,0,4,142.07,384.457,64.2414,0.3175
hif,728,0,5,141.312,385.6635,117.0471,3.0304
hif,728,0,6,140.7755,386.9875,170.5056,0.3092
hif,729,0,0,157.5255,396.125,0.8151,0.281
hif,729,0,1,158.3265,394.274,116.9851,4.1498
hif,729,0,2,159.356,392.5395,52.455,0.2888
hif,729,0,3,159.301,392.9345,117.0121,0.6297
hif,729,0,4,159.089,393.072,64.2414,0.3175
hif,729,0,5,158.331,394.2785,117.0471,3.0304
hif,729,0,6,157.7945,395.6025,170.5056,0.3092
hif,730,0,0,288.0125,371.345,113.9187,1.2012
hif,730,0,1,288.5425,370.796,0.0,0.573
hif,730,0,2,287.809,373.0245,114.594,4.9017
hif,730,0,3,285.769,373.0245,65.4063,4.9017
hif,730,0,4,285.035,370.796,0.0,0.572
hif,730,0,5,285.5645,371.345,66.0813,1.2012
hif,730,0,6,286.7885,371.894,0.0,1.961
hif,730,1,0,286.7885,372.364,0.0,1.519
hif,730,1,1,286.409,373.226,66.211,1.8841
hif,730,1,2,287.1685,373.226,113.7618,1.8837
hif,731,0,0,289.727,375.034,0.0,0.55
hif,731,0,1,289.452,372.9155,90.0,4.237
hif,731,0,2,290.374,370.797,0.0,1.844
hif,731,0,3,291.296,371.032,90.0,0.47
hif,731,0,4,290.649,371.267,0.0,1.294
hif,732,0,0,294.885,374.9735,153.6184,0.2813
hif,732,0,1,294.754,372.9605,89.8623,4.151
hif,732,0,2,294.8795,370.947,25.4148,0.2889
hif,732,0,3,295.01,371.323,90.0,0.628
hif,732,0,4,294.884,371.541,37.3059,0.3168
hif,732,0,5,294.7605,372.962,89.9055,3.034
hif,732,0,6,294.887,374.388,143.7258,0.3076
hif,733,0,0,284.2875,366.3765,12.3922,0.2283
hif,733,0,1,283.9485,367.565,111.1578,2.4963
hif,733,0,2,283.1655,368.729,0.0,0.665
hif,733,0,3,282.833,366.6105,90.0,4.237
hif,733,0,4,283.108,364.492,0.0,0.55
hif,733,0,5,283.383,365.3945,90.0,1.805
hif,733,0,6,283.4955,366.297,0.0,0.225
hif,733,0,7,284.245,365.3945,125.2147,2.2093
hif,733,0,8,285.1955,364.492,0.0,0.627
hif,733,0,9,284.843,365.4215,125.6222,2.2869
hif,733,1,0,283.4545,368.26,0.0,0.145
hif,733,1,1,283.542,367.515,91.1534,1.4903
hif,733,1,2,283.47,366.77,0.0,0.174
hif,733,1,3,283.383,367.5155,90.0,1.491
hif,734,0,0,288.9545,365.042,113.9187,1.2012
hif,734,0,1,289.4845,364.493,0.0,0.573
hif,734,0,2,288.751,366.7215,114.594,4.9017
hif,734,0,3,286.711,366.7215,65.4063,4.9017
hif,734,0,4,285.977,364.493,0.0,0.572
hif,734,0,5,286.5065,365.042,66.0813,1.2012
hif,734,0,6,287.7305,365.591,0.0,1.961
hif,734,1,0,287.7305,366.061,0.0,1.519
hif,734,1,1,287.351,366.923,66.211,1.8841
hif,734,1,2,288.1105,366.923,113.7618,1.8837
hif,735,0,0,293.0485,365.886,66.5362,3.2072
hif,735,0,1,293.6925,367.357,0.0,0.011
hif,735,0,2,293.947,365.925,99.8644,2.907
hif,735,0,3,294.47,364.493,0.0,0.548
hif,735,0,4,294.3085,366.733,101.0022,4.5639
hif,735,0,5,293.1415,367.2945,66.4519,3.6619
hif,735,0,6,291.678,367.2945,113.5621,3.6623
hif,735,0,7,290.511,366.733,79.0098,4.5637
hif,735,0,8,290.35,364.493,0.0,0.548
hif,735,0,9,290.8725,365.919,80.1145,2.895
hif,735,0,10,291.127,367.345,0.0,0.012
hif,736,0,0,296.1705,366.298,0.0,0.313
hif,736,0,1,296.21,367.5155,95.4887,2.4462
hif,736,0,2,295.7775,368.733,0.0,0.631
hif,736,0,3,295.462,366.6145,90.0,4.237
hif,736,0,4,295.737,364.496,0.0,0.55
hif,736,0,5,296.012,365.398,90.0,1.804
hif,736,1,0,296.0865,368.26,0.0,0.145
hif,736,1,1,296.1745,367.515,91.1921,1.4903
hif,736,1,2,296.103,366.77,0.0,0.174
hif,736,1,3,296.016,367.5155,90.0,1.491
hif,737,0,0,221.024,349.0945,130.9153,2.6903
hif,737,0,1,221.9595,347.3855,94.5003,1.3893
hif,737,0,2,221.904,346.668,12.805,0.2256
hif,737,0,3,221.8365,346.391,99.572,0.5111
hif,737,0,4,221.964,346.161,14.512,0.1756
hif,737,0,5,222.184,347.3105,83.1725,2.2711
hif,737,0,6,221.438,349.4545,130.9153,2.6903
hif,738,0,0,239.2765,350.507,130.9349,0.9875
hif,738,0,1,240.687,350.567,21.7195,2.3401
hif,738,0,2,241.735,351.0835,115.0355,0.1843
hif,738,0,3,241.7005,351.1705,37.8817,0.0114
hif,738,0,4,241.821,351.1435,165.2672,0.2399
hif,738,0,5,242.2235,352.1815,74.9898,2.2125
hif,738,0,6,242.334,353.4535,130.8559,0.5381
hif,738,0,7,240.5565,352.269,40.9149,4.2386
hif,738,1,0,242.2075,352.877,130.7324,0.1425
hif,738,1,1,241.716,352.364,40.4698,1.4144
hif,738,1,2,241.1345,351.9545,131.3107,0.1318
hif,738,1,3,241.625,352.467,40.9271,1.4135
hif,738,2,0,240.9,351.629,130.9127,0.3176
hif,738,2,1,240.4615,350.996,43.3993,1.4933
hif,738,2,2,239.7935,350.628,130.8767,0.3835
hif,738,2,3,240.2315,351.2615,40.9219,1.4915
hif,739,0,0,250.414,350.869,130.9046,1.8021
hif,739,0,1,249.6165,351.37,40.9401,0.5494
hif,739,0,2,250.797,349.5885,130.915,4.2386
hif,739,0,3,252.3925,348.167,40.9412,0.5494
hif,739,0,4,252.0085,349.03,130.8936,1.8071
hif,739,0,5,251.432,349.8595,84.1541,0.2945
hif,739,0,6,252.711,349.772,169.5121,2.571
hif,739,0,7,254.2465,349.7725,40.8167,0.7175
hif,739,0,8,253.006,350.2635,170.3718,3.0672
hif,739,0,9,251.606,351.854,85.2008,2.6774
hif,739,0,10,251.455,352.9605,40.8605,0.6955
hif,740,0,0,189.7515,377.222,27.1025,3.7666
hif,740,0,1,188.1825,376.1545,117.1637,0.4709
hif,740,0,2,190.1765,376.9105,27.1031,4.2384
hif,740,0,3,191.854,378.284,117.1241,0.9168
hif,740,0,4,191.3685,378.7155,175.1423,0.555
hif,741,0,0,191.5965,373.9615,116.7015,0.1892
hif,741,0,1,190.9365,374.019,168.5721,1.4334
hif,741,0,2,190.292,374.2095,39.8996,0.1512
hif,741,0,3,190.233,374.487,117.0645,0.5143
hif,741,0,4,190.014,374.642,35.9603,0.252
hif,741,0,5,191.008,373.918,149.3292,2.5485
hif,741,0,6,192.1115,373.349,84.7102,0.1627
hif,741,0,7,192.25,373.378,158.3483,0.2819
hif,741,0,8,192.3955,374.518,89.3029,2.3842
hif,741,0,9,192.2875,375.678,14.6383,0.2532
hif,741,0,10,192.285,375.412,117.1501,0.526
hif,741,0,11,192.4705,375.194,13.7265,0.1348
hif,741,0,12,192.294,374.6665,65.9988,1.1899
hif,741,0,13,192.01,374.1955,120.0833,0.1676
hif,742,0,0,190.818,370.716,4.1696,1.6504
hif,742,0,1,190.011,370.484,95.314,0.3455
hif,742,0,2,190.8615,370.302,179.3138,1.6691
hif,743,0,0,196.4045,368.8755,27.1628,0.4709
hif,743,0,1,196.233,369.7275,117.1015,1.6727
hif,743,0,2,194.7325,370.267,10.3766,2.2762
hif,743,0,3,193.636,370.017,117.0717,0.1011
hif,743,0,4,193.766,369.9365,161.6448,0.2255
hif,743,0,5,193.9005,368.987,91.7236,1.8288
hif,743,0,6,193.831,368.0345,21.6474,0.2087
hif,743,0,7,193.6345,367.978,10.2526,0.2022
hif,743,0,8,193.0225,368.678,125.5186,1.7643
hif,743,0,9,192.5435,369.462,63.0863,0.148
hif,743,0,10,192.621,369.5855,52.5783,0.1448
hif,743,0,11,192.41,369.7345,160.2608,0.5418
hif,743,0,12,192.1055,369.742,59.486,0.195
hif,743,0,13,193.4525,369.5845,176.9872,2.7969
hif,743,0,14,194.773,369.6405,120.4086,0.3003
hif,743,0,15,195.1495,369.853,10.394,0.9201
hif,744,0,0,193.8305,364.964,121.5116,0.1971
hif,744,0,1,193.942,364.8105,130.8053,0.1836
hif,744,0,2,195.9195,365.8235,29.4465,4.4039
hif,744,0,3,197.7995,366.997,112.3961,0.1968
hif,744,0,4,197.7095,367.172,122.0044,0.1981
hif,744,0,5,195.6585,366.335,24.7423,4.401
hif,744,0,6,193.6815,365.324,103.4358,0.1851
hif,744,0,7,193.741,365.1435,112.7781,0.1963
hif,744,1,0,197.367,366.808,111.3371,0.1374
hif,744,1,1,197.4035,366.6795,100.1073,0.131
hif,744,1,2,195.843,365.8805,25.0438,3.4703
hif,744,1,3,194.234,365.2045,122.3167,0.1384
hif,744,1,4,194.1715,365.327,111.7213,0.1378
hif,744,1,5,195.661,366.237,29.1797,3.4704
hif,744,1,6,197.2215,367.0365,134.3776,0.1301
hif,744,1,7,197.3045,366.9315,122.6589,0.139
hif,745,0,0,195.4375,361.825,121.5116,0.1971
hif,745,0,1,195.549,361.6715,130.8053,0.1836
hif,745,0,2,197.5265,362.6845,29.4465,4.4039
hif,745,0,3,199.4065,363.858,112.3961,0.1968
hif,745,0,4,199.3165,364.033,122.0044,0.1981
hif,745,0,5,197.2655,363.1965,24.7304,4.4006
hif,745,0,6,195.2885,362.186,103.4347,0.1851
hif,745,0,7,195.348,362.0055,112.7781,0.1963
hif,745,1,0,198.974,363.6675,111.1877,0.1384
hif,745,1,1,199.0105,363.539,100.184,0.1301
hif,745,1,2,197.45,362.7405,25.0438,3.4703
hif,745,1,3,195.841,362.0645,122.3133,0.1384
hif,745,1,4,195.7785,362.187,111.7236,0.1378
hif,745,1,5,197.268,363.097,29.1797,3.4704
hif,745,1,6,198.8285,363.896,134.0738,0.1308
hif,745,1,7,198.9115,363.791,122.8843,0.1381
hif,746,0,0,198.0845,358.437,168.7793,1.8911
hif,746,0,1,197.296,358.349,117.0687,0.6109
hif,746,0,2,198.1245,357.959,170.2882,1.399
hif,746,0,3,198.513,357.201,64.8116,1.4145
hif,746,0,4,198.346,356.298,116.9995,0.5903
hif,746,0,5,198.8835,356.876,64.3693,1.8656
hif,746,0,6,200.034,357.5565,167.8739,1.5281
hif,746,0,7,200.6415,357.6685,117.1085,0.6123
hif,746,0,8,199.98,358.0555,167.6281,1.0688
hif,746,0,9,199.683,358.6355,64.2033,1.034
hif,746,0,10,199.7725,359.3665,117.0379,0.5961
hif,747,0,0,201.54,353.009,168.69,2.2334
hif,747,0,1,202.6345,354.0895,90.0222,2.599
hif,747,0,2,202.4995,355.3485,16.7568,0.2809
hif,747,0,3,202.486,355.0715,117.0956,0.5313
hif,747,0,4,202.684,354.86,17.9893,0.1619
hif,747,0,5,202.613,354.1055,79.2498,1.5868
hif,747,0,6,201.0105,353.629,168.2328,2.9715
hif,747,0,7,200.1745,352.724,117.1129,2.7143
hif,747,0,8,201.0025,351.6225,26.9485,0.47
hif,748,0,0,201.7555,349.482,121.5116,0.1971
hif,748,0,1,201.867,349.3285,130.8053,0.1836
hif,748,0,2,203.8445,350.3415,29.4465,4.4039
hif,748,0,3,205.7245,351.515,112.3961,0.1968
hif,748,0,4,205.6345,351.69,122.0044,0.1981
hif,748,0,5,203.5835,350.853,24.7423,4.401
hif,748,0,6,201.6065,349.842,103.4358,0.1851
hif,748,0,7,201.666,349.6615,112.7781,0.1963
hif,748,1,0,205.292,351.3245,111.1877,0.1384
hif,748,1,1,205.3285,351.196,100.184,0.1301
hif,748,1,2,203.768,350.3975,25.0438,3.4703
hif,748,1,3,202.159,349.7215,122.3133,0.1384
hif,748,1,4,202.0965,349.844,111.7236,0.1378
hif,748,1,5,203.586,350.754,29.1797,3.4704
hif,748,1,6,205.1465,351.553,134.0738,0.1308
hif,748,1,7,205.2295,351.448,122.8843,0.1381
hif,749,0,0,203.3625,346.342,121.5116,0.1971
hif,749,0,1,203.474,346.1885,130.8053,0.1836
hif,749,0,2,205.4515,347.2015,29.4465,4.4039
hif,749,0,3,207.3315,348.375,112.3961,0.1968
hif,749,0,4,207.2415,348.55,122.0044,0.1981
hif,749,0,5,205.1905,347.713,24.7423,4.401
hif,749,0,6,203.2135,346.702,103.4358,0.1851
hif,749,0,7,203.273,346.5215,112.7781,0.1963
hif,749,1,0,206.899,348.186,111.3371,0.1374
hif,749,1,1,206.9355,348.0575,100.1073,0.131
hif,749,1,2,205.375,347.2585,25.0438,3.4703
hif,749,1,3,203.766,346.5825,122.3167,0.1384
hif,749,1,4,203.7035,346.705,111.7213,0.1378
hif,749,1,5,205.193,347.615,29.1797,3.4704
hif,749,1,6,206.7535,348.4145,134.3776,0.1301
hif,749,1,7,206.8365,348.3095,122.6589,0.139
hif,750,0,0,38.458,225.426,0.0,1.012
hif,750,0,1,38.964,225.661,90.0,0.47
hif,750,0,2,37.6775,225.896,0.0,2.573
hif,750,0,3,36.391,225.661,90.0,0.47
hif,750,0,4,36.8965,225.426,0.0,1.011
hif,750,0,5,37.402,223.5425,90.0,3.767
hif,750,0,6,37.6765,221.659,0.0,0.549
hif,751,0,0,40.767,221.658,0.0,2.308
hif,751,0,1,41.921,221.893,90.0,0.47
hif,751,0,2,41.0425,222.128,0.0,1.757
hif,751,0,3,40.164,222.952,90.0,1.648
hif,751,0,4,41.017,223.776,0.0,1.706
hif,751,0,5,41.87,224.011,90.0,0.47
hif,751,0,6,41.017,224.246,0.0,1.706
hif,751,0,7,40.164,224.835,90.0,1.178
hif,751,0,8,41.0425,225.424,0.0,1.757
hif,751,0,9,41.921,225.659,90.0,0.47
hif,751,0,10,40.767,225.894,0.0,2.308
hif,752,0,0,44.2735,223.5425,12.3955,0.2283
hif,752,0,1,43.9345,224.731,111.1578,2.4963
hif,752,0,2,43.1515,225.895,0.0,0.665
hif,752,0,3,42.819,223.7765,90.0,4.237
hif,752,0,4,43.094,221.658,0.0,0.55
hif,752,0,5,43.369,222.5605,90.0,1.805
hif,752,0,6,43.4815,223.463,0.0,0.225
hif,752,0,7,44.231,222.5605,125.2153,2.2093
hif,752,0,8,45.1815,221.658,0.0,0.627
hif,752,0,9,44.829,222.5875,125.6225,2.2869
hif,752,1,0,43.4405,225.426,0.0,0.145
hif,752,1,1,43.528,224.681,91.1534,1.4903
hif,752,1,2,43.456,223.936,0.0,0.174
hif,752,1,3,43.369,224.6815,90.0,1.491
hif,753,0,0,48.8005,223.051,66.5362,3.2072
hif,753,0,1,49.4445,224.522,0.0,0.011
hif,753,0,2,49.699,223.09,99.8642,2.907
hif,753,0,3,50.222,221.658,0.0,0.548
hif,753,0,4,50.0605,223.898,101.0021,4.5639
hif,753,0,5,48.8935,224.4595,66.4523,3.662
hif,753,0,6,47.43,224.4595,113.562,3.6624
hif,753,0,7,46.263,223.898,79.0102,4.5637
hif,753,0,8,46.102,221.658,0.0,0.548
hif,753,0,9,46.6245,223.084,80.1147,2.895
hif,753,0,10,46.879,224.51,0.0,0.012
hif,754,0,0,51.4918,225.8962,0.0,0.5496
hif,754,0,1,51.7666,223.7776,90.0,4.2372
hif,754,0,2,51.4918,221.659,0.0,0.5496
hif,754,0,3,51.217,223.7776,90.0,4.2372
hif,755,0,0,53.064,221.658,0.0,0.55
hif,755,0,1,53.339,223.2545,90.0,3.193
hif,755,0,2,54.9085,223.167,132.9846,4.604
hif,755,0,3,56.478,223.689,90.0,4.412
hif,755,0,4,56.203,225.895,0.0,0.55
hif,755,0,5,55.928,224.349,90.0,3.092
hif,755,0,6,54.3585,224.451,133.6022,4.5516
hif,756,0,0,60.2795,222.208,113.919,1.2011
hif,756,0,1,60.8095,221.659,0.0,0.573
hif,756,0,2,60.076,223.8875,114.5939,4.9017
hif,756,0,3,58.036,223.8875,65.4061,4.9017
hif,756,0,4,57.302,221.659,0.0,0.572
hif,756,0,5,57.8315,222.208,66.0808,1.2011
hif,756,0,6,59.0555,222.757,0.0,1.961
hif,756,1,0,59.0555,223.227,0.0,1.519
hif,756,1,1,58.676,224.089,66.2104,1.8841
hif,756,1,2,59.4355,224.089,113.7617,1.8837
hif,757,0,0,61.994,225.896,0.0,0.55
hif,757,0,1,61.719,223.7775,90.0,4.237
hif,757,0,2,62.641,221.659,0.0,1.844
hif,757,0,3,63.563,221.894,90.0,0.47
hif,757,0,4,62.916,222.129,0.0,1.294
hif,758,0,0,205.3565,174.3435,12.3951,0.2283
hif,758,0,1,205.0175,175.532,111.1578,2.4963
hif,758,0,2,204.2345,176.696,0.0,0.665
hif,758,0,3,203.902,174.5775,90.0,4.237
hif,758,0,4,204.177,172.459,0.0,0.55
hif,758,0,5,204.452,173.3615,90.0,1.805
hif,758,0,6,204.5645,174.264,0.0,0.225
hif,758,0,7,205.314,173.3615,125.2149,2.2093
hif,758,0,8,206.2645,172.459,0.0,0.627
hif,758,0,9,205.912,173.3885,125.6222,2.2869
hif,758,1,0,204.5235,176.227,0.0,0.145
hif,758,1,1,204.611,175.481,91.1519,1.4923
hif,758,1,2,204.539,174.735,0.0,0.174
hif,758,1,3,204.452,175.481,90.0,1.492
hif,759,0,0,210.0245,173.011,113.919,1.2011
hif,759,0,1,210.5545,172.462,0.0,0.573
hif,759,0,2,209.821,174.6905,114.5938,4.9017
hif,759,0,3,207.781,174.6905,65.406,4.9017
hif,759,0,4,207.047,172.462,0.0,0.572
hif,759,0,5,207.5765,173.011,66.081,1.2011
hif,759,0,6,208.8005,173.56,0.0,1.961
hif,759,1,0,208.7995,174.03,0.0,1.519
hif,759,1,1,208.4195,174.892,66.2382,1.8837
hif,759,1,2,209.179,174.892,113.7894,1.8841
hif,760,0,0,214.1185,173.853,66.5364,3.2072
hif,760,0,1,214.7625,175.324,0.0,0.011
hif,760,0,2,215.017,173.892,99.8642,2.907
hif,760,0,3,215.54,172.46,0.0,0.548
hif,760,0,4,215.3785,174.7,101.0022,4.5639
hif,760,0,5,214.2115,175.2615,66.4523,3.662
hif,760,0,6,212.748,175.2615,113.5621,3.6624
hif,760,0,7,211.581,174.7,79.0102,4.5637
hif,760,0,8,211.42,172.46,0.0,0.548
hif,760,0,9,211.9425,173.886,80.1148,2.895
hif,760,0,10,212.197,175.312,0.0,0.012
hif,761,0,0,217.2395,174.265,0.0,0.313
hif,761,0,1,217.279,175.4825,95.4894,2.4462
hif,761,0,2,216.8465,176.7,0.0,0.631
hif,761,0,3,216.531,174.5815,90.0,4.237
hif,761,0,4,216.806,172.463,0.0,0.55
hif,761,0,5,217.081,173.365,90.0,1.804
hif,761,1,0,217.1555,176.227,0.0,0.145
hif,761,1,1,217.2435,175.482,91.1915,1.4903
hif,761,1,2,217.172,174.737,0.0,0.174
hif,761,1,3,217.085,175.4825,90.0,1.491
hif,762,0,0,196.5918,182.5922,0.0,0.5496
hif,762,0,1,196.8666,180.4736,90.0,4.2372
hif,762,0,2,196.5918,178.355,0.0,0.5496
hif,762,0,3,196.317,180.4736,90.0,4.2372
hif,763,0,0,198.164,178.355,0.0,0.55
hif,763,0,1,198.439,179.9515,90.0,3.193
hif,763,0,2,200.0085,179.864,132.9845,4.604
hif,763,0,3,201.578,180.386,90.0,4.412
hif,763,0,4,201.303,182.592,0.0,0.55
hif,763,0,5,201.028,181.046,90.0,3.092
hif,763,0,6,199.4585,181.148,133.6023,4.5516
hif,764,0,0,205.582,182.5325,153.617,0.2813
hif,764,0,1,205.451,180.5195,89.862,4.151
hif,764,0,2,205.5765,178.506,25.4121,0.2889
hif,764,0,3,205.707,178.882,90.0,0.628
hif,764,0,4,205.581,179.1,37.3065,0.3168
hif,764,0,5,205.4575,180.521,89.9055,3.034
hif,764,0,6,205.584,181.947,143.7252,0.3076
hif,765,0,0,208.394,182.743,3.0648,0.2243
hif,765,0,1,208.172,182.72,8.7844,0.2226
hif,765,0,2,208.17,180.495,92.8003,4.4213
hif,765,0,3,208.3915,178.282,177.475,0.2272
hif,765,0,4,208.6175,178.282,2.5472,0.2252
hif,765,0,5,208.839,180.495,87.1738,4.4214
hif,765,0,6,208.838,182.72,171.2156,0.2226
hif,765,0,7,208.616,182.743,176.9352,0.2243
hif,765,1,0,208.4215,178.75,177.2914,0.1692
hif,765,1,1,208.254,178.7675,170.759,0.1682
hif,765,1,2,208.2475,180.524,87.4869,3.4893
hif,765,1,3,208.415,182.2715,2.8317,0.1822
hif,765,1,4,208.597,182.2715,177.1683,0.1822
hif,765,1,5,208.763,180.524,92.4638,3.4892
hif,765,1,6,208.7555,178.7675,9.2964,0.1672
hif,765,1,7,208.5885,178.75,2.7086,0.1692
hif,766,0,0,214.1765,179.748,66.5364,3.2072
hif,766,0,1,214.8205,181.219,0.0,0.011
hif,766,0,2,215.075,179.787,99.8642,2.907
hif,766,0,3,215.598,178.355,0.0,0.548
hif,766,0,4,215.4365,180.595,101.0022,4.5639
hif,766,0,5,214.2695,181.1565,66.4523,3.662
hif,766,0,6,212.806,181.1565,113.5621,3.6624
hif,766,0,7,211.639,180.595,79.0102,4.5637
hif,766,0,8,211.478,178.355,0.0,0.548
hif,766,0,9,212.0005,179.781,80.1148,2.895
hif,766,0,10,212.255,181.207,0.0,0.012
hif,767,0,0,216.8688,182.5922,0.0,0.5496
hif,767,0,1,217.1436,180.4736,90.0,4.2372
hif,767,0,2,216.8688,178.355,0.0,0.5496
hif,767,0,3,216.594,180.4736,90.0,4.2372
hif,768,0,0,218.439,178.355,0.0,0.55
hif,768,0,1,218.714,179.9515,90.0,3.193
hif,768,0,2,220.2835,179.864,132.9845,4.604
hif,768,0,3,221.853,180.386,90.0,4.412
hif,768,0,4,221.578,182.592,0.0,0.55
hif,768,0,5,221.303,181.046,90.0,3.092
hif,768,0,6,219.7335,181.148,133.6023,4.5516
hif,769,0,0,225.081,180.237,90.0,0.472
hif,769,0,1,225.619,180.001,0.0,1.076
hif,769,0,2,226.138,179.875,81.4231,0.2549
hif,769,0,3,226.073,179.6315,68.6225,0.2524
hif,769,0,4,224.602,179.9875,161.619,3.0032
hif,769,0,5,223.181,180.554,87.5339,0.1862
hif,769,0,6,223.1975,180.737,82.0944,0.1817
hif,769,0,7,224.55,181.3365,20.8176,2.8672
hif,769,0,8,225.959,181.775,134.182,0.198
hif,769,0,9,226.0885,181.6255,127.6216,0.1982
hif,769,0,10,226.3235,181.734,46.9787,0.5115
hif,769,0,11,226.419,182.016,129.7467,0.2471
hif,769,0,12,226.2505,182.194,137.1606,0.2441
hif,769,0,13,224.443,181.0445,35.6557,4.2288
hif,769,0,14,222.762,179.713,110.4941,0.2114
hif,769,0,15,222.8445,179.5195,115.7113,0.2098
hif,769,0,16,224.7965,179.758,9.9079,3.8707
hif,769,0,17,226.7075,180.1975,87.5796,0.2132
hif,769,0,18,226.712,180.386,90.0,0.164
hif,770,0,0,204.8895,186.053,0.0,0.313
hif,770,0,1,204.929,187.2705,95.4894,2.4462
hif,770,0,2,204.4965,188.488,0.0,0.631
hif,770,0,3,204.181,186.3695,90.0,4.237
hif,770,0,4,204.456,184.251,0.0,0.55
hif,770,0,5,204.731,185.153,90.0,1.804
hif,770,1,0,204.8055,188.015,0.0,0.145
hif,770,1,1,204.8935,187.27,91.1915,1.4903
hif,770,1,2,204.822,186.525,0.0,0.174
hif,770,1,3,204.735,187.2705,90.0,1.491
hif,771,0,0,207.6825,184.248,0.0,0.881
hif,771,0,1,208.1305,186.368,89.7973,4.24
hif,771,0,2,207.6895,188.488,0.0,0.897
hif,771,0,3,207.241,186.369,90.0,4.238
hif,771,1,0,207.883,188.015,0.0,0.186
hif,771,1,1,207.976,186.366,90.0,3.298
hif,771,1,2,207.883,184.717,0.0,0.186
hif,771,1,3,207.79,186.3655,90.0,3.297
hif,772,0,0,213.9145,185.641,66.5364,3.2072
hif,772,0,1,214.5585,187.112,0.0,0.011
hif,772,0,2,214.813,185.68,99.8642,2.907
hif,772,0,3,215.336,184.248,0.0,0.548
hif,772,0,4,215.1745,186.488,101.0022,4.5639
hif,772,0,5,214.0075,187.0495,66.4523,3.662
hif,772,0,6,212.544,187.0495,113.5621,3.6624
hif,772,0,7,211.377,186.488,79.0102,4.5637
hif,772,0,8,211.216,184.248,0.0,0.548
hif,772,0,9,211.7385,185.674,80.1148,2.895
hif,772,0,10,211.993,187.1,0.0,0.012
hif,773,0,0,217.2665,186.4135,66.5662,5.8865
hif,773,0,1,216.2955,183.623,155.7195,0.4377
hif,773,0,2,217.669,186.2505,66.6349,5.9205
hif,774,0,0,221.071,311.138,51.6526,1.8922
hif,774,0,1,220.79,310.396,0.0,0.612
hif,774,0,2,221.5145,310.9555,53.2047,1.3974
hif,774,0,3,222.3655,310.9555,127.7042,1.4144
hif,774,0,4,223.0925,310.396,0.0,0.589
hif,774,0,5,222.8225,311.138,127.263,1.8646
hif,774,0,6,222.741,312.4715,50.7667,1.5273
hif,774,0,7,222.918,313.063,0.0,0.612
hif,774,0,8,222.272,312.651,50.4696,1.0684
hif,774,0,9,221.62,312.651,127.1362,1.0336
hif,774,0,10,221.01,313.063,0.0,0.596
hif,775,0,0,226.679,311.054,51.6526,1.8922
hif,775,0,1,226.398,310.312,0.0,0.612
hif,775,0,2,227.123,310.8715,53.1716,1.398
hif,775,0,3,227.9745,310.8715,127.7042,1.4144
hif,775,0,4,228.7025,310.312,0.0,0.591
hif,775,0,5,228.433,311.054,127.2872,1.8653
hif,775,0,6,228.351,312.3875,50.7667,1.5273
hif,775,0,7,228.528,312.979,0.0,0.612
hif,775,0,8,227.882,312.567,50.4696,1.0684
hif,775,0,9,227.23,312.567,127.1362,1.0336
hif,775,0,10,226.6205,312.979,0.0,0.595
hif,776,0,0,301.282,427.5,4.6684,0.1967
hif,776,0,1,301.469,427.5295,13.5823,0.1831
hif,776,0,2,301.468,429.7505,92.343,4.4027
hif,776,0,3,301.28,431.958,175.336,0.1967
hif,776,0,4,301.0835,431.958,4.6409,0.1976
hif,776,0,5,300.8955,429.7505,87.67,4.4026
hif,776,0,6,300.896,427.5295,166.5642,0.1851
hif,776,0,7,301.084,427.5,175.3309,0.1966
hif,776,1,0,301.2525,431.4875,174.5789,0.1376
hif,776,1,1,301.3835,431.4615,162.6715,0.1309
hif,776,1,2,301.3835,429.709,87.9345,3.4683
hif,776,1,3,301.2525,427.969,5.8319,0.1377
hif,776,1,4,301.115,427.969,174.2104,0.1387
hif,776,1,5,300.9835,429.709,92.0655,3.4683
hif,776,1,6,300.9835,431.4615,17.3285,0.1309
hif,776,1,7,301.115,431.4875,5.3817,0.1386
hif,777,0,0,303.825,428.106,12.0301,0.1247
hif,777,0,1,303.9355,428.0585,168.6264,0.3499
hif,777,0,2,304.057,428.0585,145.3959,0.1215
hif,778,0,0,306.409,429.4525,90.0,3.767
hif,778,0,1,306.644,427.569,0.0,0.47
hif,778,0,2,306.879,429.6875,90.0,4.237
hif,778,0,3,306.421,431.806,0.0,0.916
hif,778,0,4,305.816,431.571,57.9749,0.5544
hif,779,0,0,314.4145,431.808,0.0,0.577
hif,779,0,1,315.0125,429.61,111.9654,4.7401
hif,779,0,2,316.503,428.9745,68.8659,3.3503
hif,779,0,3,317.711,428.9745,111.1346,3.3504
hif,779,0,4,319.2025,429.61,68.0124,4.7408
hif,779,0,5,319.8005,431.808,0.0,0.579
hif,779,0,6,318.913,430.2995,68.3754,3.2454
hif,779,0,7,317.7115,430.378,110.8207,3.3957
hif,779,0,8,316.506,430.4115,68.8179,3.3321
hif,780,0,0,274.8455,438.698,113.9187,1.2012
hif,780,0,1,275.3755,438.149,0.0,0.573
hif,780,0,2,274.642,440.3775,114.594,4.9017
hif,780,0,3,272.602,440.3775,65.4063,4.9017
hif,780,0,4,271.868,438.149,0.0,0.572
hif,780,0,5,272.3975,438.698,66.0813,1.2012
hif,780,0,6,273.6215,439.247,0.0,1.961
hif,780,1,0,273.6215,439.717,0.0,1.519
hif,780,1,1,273.242,440.579,66.211,1.8841
hif,780,1,2,274.0015,440.579,113.7618,1.8837
hif,781,0,0,276.56,438.149,0.0,0.55
hif,781,0,1,276.835,439.7455,90.0,3.193
hif,781,0,2,278.4045,439.658,132.9845,4.604
hif,781,0,3,279.974,440.18,90.0,4.412
hif,781,0,4,279.699,442.386,0.0,0.55
hif,781,0,5,279.424,440.84,90.0,3.092
hif,781,0,6,277.8545,440.942,133.6025,4.5516
hif,782,0,0,281.257,438.149,0.0,0.55
hif,782,0,1,281.532,439.7455,90.0,3.193
hif,782,0,2,283.1015,439.658,132.9845,4.604
hif,782,0,3,284.671,440.18,90.0,4.412
hif,782,0,4,284.396,442.386,0.0,0.55
hif,782,0,5,284.121,440.84,90.0,3.092
hif,782,0,6,282.5515,440.942,133.6025,4.5516
hif,783,0,0,285.601,441.047,90.0,2.678
hif,783,0,1,287.1735,439.708,0.0,3.145
hif,783,0,2,288.746,441.047,90.0,2.678
hif,783,0,3,288.4715,442.386,0.0,0.549
hif,783,0,4,288.197,441.1375,90.0,2.497
hif,783,0,5,287.176,439.889,0.0,2.042
hif,783,0,6,286.155,441.1375,90.0,2.497
hif,784,0,0,292.5155,438.698,113.9187,1.2012
hif,784,0,1,293.0455,438.149,0.0,0.573
hif,784,0,2,292.312,440.3775,114.594,4.9017
hif,784,0,3,290.272,440.3775,65.4063,4.9017
hif,784,0,4,289.538,438.149,0.0,0.572
hif,784,0,5,290.0675,438.698,66.0813,1.2012
hif,784,0,6,291.2915,439.247,0.0,1.961
hif,784,1,0,291.2905,439.717,0.0,1.519
hif,784,1,1,290.9105,440.579,66.2382,1.8837
hif,784,1,2,291.67,440.579,113.7899,1.8841
hif,785,0,0,294.229,442.386,0.0,0.55
hif,785,0,1,293.954,440.2675,90.0,4.237
hif,785,0,2,294.876,438.149,0.0,1.844
hif,785,0,3,295.798,438.384,90.0,0.47
hif,785,0,4,295.151,438.619,0.0,1.294
hif,786,0,0,299.7405,440.0325,12.3922,0.2283
hif,786,0,1,299.402,441.221,111.1362,2.4959
hif,786,0,2,298.6195,442.385,0.0,0.665
hif,786,0,3,298.287,440.2665,90.0,4.237
hif,786,0,4,298.562,438.148,0.0,0.55
hif,786,0,5,298.837,439.0505,90.0,1.805
hif,786,0,6,298.95,439.953,0.0,0.226
hif,786,0,7,299.6995,439.0505,125.194,2.2088
hif,786,0,8,300.6495,438.148,0.0,0.627
hif,786,0,9,300.297,439.0775,125.6222,2.2869
hif,786,1,0,298.9075,441.916,0.0,0.145
hif,786,1,1,298.995,441.17,91.1519,1.4923
hif,786,1,2,298.923,440.424,0.0,0.174
hif,786,1,3,298.836,441.17,90.0,1.492
hif,787,0,0,304.4085,438.698,113.9187,1.2012
hif,787,0,1,304.9385,438.149,0.0,0.573
hif,787,0,2,304.205,440.3775,114.594,4.9017
hif,787,0,3,302.165,440.3775,65.4063,4.9017
hif,787,0,4,301.431,438.149,0.0,0.572
hif,787,0,5,301.9605,438.698,66.0813,1.2012
hif,787,0,6,303.1845,439.247,0.0,1.961
hif,787,1,0,303.1845,439.717,0.0,1.519
hif,787,1,1,302.805,440.579,66.211,1.8841
hif,787,1,2,303.5645,440.579,113.7618,1.8837
hif,788,0,0,307.53,441.916,0.0,1.012
hif,788,0,1,308.036,442.151,90.0,0.47
hif,788,0,2,306.7495,442.386,0.0,2.573
hif,788,0,3,305.463,442.151,90.0,0.47
hif,788,0,4,305.9685,441.916,0.0,1.011
hif,788,0,5,306.474,440.0325,90.0,3.767
hif,788,0,6,306.7485,438.149,0.0,0.549
hif,789,0,0,309.839,438.149,0.0,2.308
hif,789,0,1,310.993,438.384,90.0,0.47
hif,789,0,2,310.1145,438.619,0.0,1.757
hif,789,0,3,309.236,439.443,90.0,1.648
hif,789,0,4,310.089,440.267,0.0,1.706
hif,789,0,5,310.942,440.502,90.0,0.47
hif,789,0,6,310.089,440.737,0.0,1.706
hif,789,0,7,309.236,441.326,90.0,1.178
hif,789,0,8,310.1145,441.915,0.0,1.757
hif,789,0,9,310.993,442.15,90.0,0.47
hif,789,0,10,309.839,442.385,0.0,2.308
hif,790,0,0,315.596,442.537,3.0648,0.2243
hif,790,0,1,315.374,442.514,8.7883,0.2226
hif,790,0,2,315.372,440.289,92.8003,4.4213
hif,790,0,3,315.5935,438.076,177.4789,0.2272
hif,790,0,4,315.8195,438.076,2.5433,0.2252
hif,790,0,5,316.041,440.289,87.174,4.4214
hif,790,0,6,316.04,442.514,171.2117,0.2226
hif,790,0,7,315.818,442.537,176.9352,0.2243
hif,790,1,0,315.6235,438.545,177.2914,0.1692
hif,790,1,1,315.456,438.5625,170.7582,0.1682
hif,790,1,2,315.4485,440.319,87.5197,3.4893
hif,790,1,3,315.6155,442.0665,2.8167,0.1832
hif,790,1,4,315.798,442.0665,177.1683,0.1822
hif,790,1,5,315.9635,440.319,92.4473,3.4892
hif,790,1,6,315.955,438.5625,9.2418,0.1682
hif,790,1,7,315.7875,438.545,2.7086,0.1692
hif,791,0,0,320.805,442.151,90.0,0.47
hif,791,0,1,319.7645,442.386,0.0,2.081
hif,791,0,2,318.724,440.2675,90.0,4.237
hif,791,0,3,318.999,438.149,0.0,0.55
hif,791,0,4,319.274,439.2085,90.0,2.119
hif,791,0,5,320.0135,440.268,0.0,1.479
hif,791,0,6,320.753,440.5035,90.0,0.471
hif,791,0,7,320.0135,440.739,0.0,1.479
hif,791,0,8,319.274,441.3275,90.0,1.177
hif,792,0,0,326.5545,442.3265,153.527,0.2804
hif,792,0,1,326.4245,440.3135,89.8757,4.151
hif,792,0,2,326.55,438.3,25.4982,0.2881
hif,792,0,3,326.68,438.676,90.0,0.628
hif,792,0,4,326.554,438.894,37.3026,0.3168
hif,792,0,5,326.4305,440.315,89.9055,3.034
hif,792,0,6,326.557,441.741,143.7292,0.3076
hif,793,0,0,328.104,441.5225,90.0,1.727
hif,793,0,1,327.829,442.386,0.0,0.55
hif,793,0,2,327.554,440.2675,90.0,4.237
hif,793,0,3,327.829,438.149,0.0,0.55
hif,793,0,4,328.104,439.169,90.0,2.04
hif,793,0,5,329.085,440.189,0.0,1.962
hif,793,0,6,330.066,439.169,90.0,2.04
hif,793,0,7,330.341,438.149,0.0,0.55
hif,793,0,8,330.616,440.2675,90.0,4.237
hif,793,0,9,330.341,442.386,0.0,0.55
hif,793,0,10,330.066,441.5225,90.0,1.727
hif,794,0,0,334.4225,438.698,113.9187,1.2012
hif,794,0,1,334.9525,438.149,0.0,0.573
hif,794,0,2,334.219,440.3775,114.594,4.9017
hif,794,0,3,332.179,440.3775,65.4063,4.9017
hif,794,0,4,331.445,438.149,0.0,0.572
hif,794,0,5,331.9745,438.698,66.0813,1.2012
hif,794,0,6,333.1985,439.247,0.0,1.961
hif,794,1,0,333.1985,439.717,0.0,1.519
hif,794,1,1,332.819,440.579,66.211,1.8841
hif,794,1,2,333.5785,440.579,113.7618,1.8837
hif,795,0,0,336.138,438.149,0.0,0.55
hif,795,0,1,336.413,439.7455,90.0,3.193
hif,795,0,2,337.9825,439.658,132.9845,4.604
hif,795,0,3,339.552,440.18,90.0,4.412
hif,795,0,4,339.277,442.386,0.0,0.55
hif,795,0,5,339.002,440.84,90.0,3.092
hif,795,0,6,337.4325,440.942,133.6025,4.5516
hif,796,0,0,342.78,440.031,90.0,0.472
hif,796,0,1,343.318,439.795,0.0,1.076
hif,796,0,2,343.837,439.669,81.426,0.2548
hif,796,0,3,343.772,439.4255,68.6245,0.2524
hif,796,0,4,342.301,439.7815,161.6193,3.0032
hif,796,0,5,340.88,440.348,87.5384,0.1862
hif,796,0,6,340.8965,440.531,82.0951,0.1817
hif,796,0,7,342.249,441.1305,20.818,2.8672
hif,796,0,8,343.658,441.569,134.182,0.198
hif,796,0,9,343.7875,441.4195,127.6224,0.1982
hif,796,0,10,344.0225,441.528,46.9799,0.5115
hif,796,0,11,344.118,441.81,129.744,0.2471
hif,796,0,12,343.9495,441.988,137.1605,0.2441
hif,796,0,13,342.142,440.8385,35.656,4.2287
hif,796,0,14,340.461,439.507,110.4863,0.2114
hif,796,0,15,340.5435,439.3135,115.7095,0.2098
hif,796,0,16,342.495,439.552,9.9102,3.8698
hif,796,0,17,344.4055,439.9915,87.5797,0.2132
hif,796,0,18,344.41,440.18,90.0,0.164
hif,797,0,0,346.383,438.149,0.0,2.308
hif,797,0,1,347.537,438.384,90.0,0.47
hif,797,0,2,346.6585,438.619,0.0,1.757
hif,797,0,3,345.78,439.443,90.0,1.648
hif,797,0,4,346.633,440.267,0.0,1.706
hif,797,0,5,347.486,440.502,90.0,0.47
hif,797,0,6,346.633,440.737,0.0,1.706
hif,797,0,7,345.78,441.326,90.0,1.178
hif,797,0,8,346.6585,441.915,0.0,1.757
hif,797,0,9,347.537,442.15,90.0,0.47
hif,797,0,10,346.383,442.385,0.0,2.308
hif,798,0,0,297.6615,449.277,113.9187,1.2012
hif,798,0,1,298.1915,448.728,0.0,0.573
hif,798,0,2,297.458,450.9565,114.594,4.9017
hif,798,0,3,295.418,450.9565,65.4063,4.9017
hif,798,0,4,294.684,448.728,0.0,0.572
hif,798,0,5,295.2135,449.277,66.0813,1.2012
hif,798,0,6,296.4375,449.826,0.0,1.961
hif,798,1,0,296.4365,450.296,0.0,1.519
hif,798,1,1,296.0565,451.158,66.2382,1.8837
hif,798,1,2,296.816,451.158,113.7899,1.8841
hif,799,0,0,299.8085,450.532,0.0,0.313
hif,799,0,1,299.848,451.7495,95.4887,2.4462
hif,799,0,2,299.4155,452.967,0.0,0.631
hif,799,0,3,299.1,450.8485,90.0,4.237
hif,799,0,4,299.375,448.73,0.0,0.55
hif,799,0,5,299.65,449.632,90.0,1.804
hif,799,1,0,299.7245,452.494,0.0,0.145
hif,799,1,1,299.8125,451.749,91.1921,1.4903
hif,799,1,2,299.741,451.004,0.0,0.174
hif,799,1,3,299.654,451.7495,90.0,1.491
hif,800,0,0,303.6155,450.6105,12.3922,0.2283
hif,800,0,1,303.277,451.799,111.1362,2.4959
hif,800,0,2,302.4945,452.963,0.0,0.665
hif,800,0,3,302.162,450.8445,90.0,4.237
hif,800,0,4,302.437,448.726,0.0,0.55
hif,800,0,5,302.712,449.6285,90.0,1.805
hif,800,0,6,302.825,450.531,0.0,0.226
hif,800,0,7,303.5745,449.6285,125.194,2.2088
hif,800,0,8,304.5245,448.726,0.0,0.627
hif,800,0,9,304.172,449.6555,125.6222,2.2869
hif,800,1,0,302.7825,452.494,0.0,0.145
hif,800,1,1,302.87,451.749,91.1534,1.4903
hif,800,1,2,302.798,451.004,0.0,0.174
hif,800,1,3,302.711,451.7495,90.0,1.491
hif,801,0,0,305.7628,452.9652,0.0,0.5496
hif,801,0,1,306.0376,450.8466,90.0,4.2372
hif,801,0,2,305.7628,448.728,0.0,0.5496
hif,801,0,3,305.488,450.8466,90.0,4.2372
hif,802,0,0,307.335,452.965,0.0,0.55
hif,802,0,1,307.06,450.8465,90.0,4.237
hif,802,0,2,307.982,448.728,0.0,1.844
hif,802,0,3,308.904,448.963,90.0,0.47
hif,802,0,4,308.257,449.198,0.0,1.294
hif,803,0,0,312.9945,450.072,51.6008,2.233
hif,803,0,1,312.5315,451.5395,152.8729,2.5989
hif,803,0,2,311.3495,451.994,79.5319,0.2807
hif,803,0,3,311.5895,451.856,0.0,0.531
hif,803,0,4,311.8675,451.936,81.111,0.1619
hif,803,0,5,312.505,451.5275,141.9887,1.5865
hif,803,0,6,312.1975,449.883,51.1079,2.9705
hif,803,0,7,312.6225,448.727,0.0,2.715
hif,803,0,8,313.98,448.962,90.0,0.47
hif,804,0,0,316.233,448.657,4.6684,0.1967
hif,804,0,1,316.42,448.6865,13.5823,0.1831
hif,804,0,2,316.419,450.9075,92.343,4.4027
hif,804,0,3,316.231,453.115,175.336,0.1967
hif,804,0,4,316.0345,453.115,4.6409,0.1976
hif,804,0,5,315.8465,450.9075,87.67,4.4026
hif,804,0,6,315.847,448.6865,166.5642,0.1851
hif,804,0,7,316.035,448.657,175.3309,0.1966
hif,804,1,0,316.2035,452.6445,174.5789,0.1376
hif,804,1,1,316.3345,452.6185,162.6715,0.1309
hif,804,1,2,316.3345,450.866,87.9345,3.4683
hif,804,1,3,316.2035,449.126,5.8319,0.1377
hif,804,1,4,316.066,449.126,174.2104,0.1387
hif,804,1,5,315.9345,450.866,92.0655,3.4683
hif,804,1,6,315.9345,452.6185,17.3285,0.1309
hif,804,1,7,316.066,452.6445,5.3817,0.1386
hif,805,0,0,319.466,450.6105,90.0,3.767
hif,805,0,1,319.701,448.727,0.0,0.47
hif,805,0,2,319.936,450.8455,90.0,4.237
hif,805,0,3,319.478,452.964,0.0,0.916
hif,805,0,4,318.873,452.729,57.9749,0.5544
hif,806,0,0,322.915,450.716,58.2794,4.1805
hif,806,0,1,322.0215,448.793,144.7947,0.503
hif,806,0,2,323.552,450.8055,58.4444,5.0638
hif,806,0,3,323.3465,452.963,0.0,3.061
hif,806,0,4,321.816,452.728,90.0,0.47
hif,807,0,0,8.85,359.1167,0.0,7.7
hif,807,0,1,8.85,359.1167,0.0,7.7
hif,808,0,0,5.0,298.8083,90.0,120.6167
hif,808,0,1,8.85,238.5,0.0,7.7
hif,808,0,2,12.7,298.8083,90.0,120.6167
hif,808,0,3,8.85,359.1167,0.0,7.7
hif,809,0,0,377.85,238.5,0.0,7.7
hif,809,0,1,377.85,238.5,0.0,7.7
hif,810,0,0,381.7,298.8083,90.0,120.6167
hif,810,0,1,378.2,359.1167,0.0,7.0
hif,810,0,2,374.7,298.8083,90.0,120.6167
hif,810,0,3,378.2,238.5,0.0,7.0
